endpoint_id,score_focal_hla__logmeanexp,score_focal_hla__logsumexp,score_focal_hla__max,score_focal_hla__mean,score_focal_hla__median,score_focal_hla__top_frac_mean_frac0p01,score_focal_hla__top_frac_mean_frac0p02,score_focal_hla__top_frac_mean_frac0p05,score_focal_hla__top_k_logsumexp_k10,score_focal_hla__top_k_logsumexp_k2,score_focal_hla__top_k_mean_k2,score_focal_hla__top_k_mean_k3,score_full_hla__logmeanexp,score_full_hla__logsumexp,score_full_hla__max,score_full_hla__mean,score_full_hla__median,score_full_hla__top_frac_mean_frac0p01,score_full_hla__top_frac_mean_frac0p02,score_full_hla__top_frac_mean_frac0p05,score_full_hla__top_k_logsumexp_k10,score_full_hla__top_k_logsumexp_k2,score_full_hla__top_k_mean_k2,score_full_hla__top_k_mean_k3,score_full_q_mono_pn__logmeanexp,score_full_q_mono_pn__logsumexp,score_full_q_mono_pn__max,score_full_q_mono_pn__mean,score_full_q_mono_pn__median,score_full_q_mono_pn__top_frac_mean_frac0p01,score_full_q_mono_pn__top_frac_mean_frac0p02,score_full_q_mono_pn__top_frac_mean_frac0p05,score_full_q_mono_pn__top_k_logsumexp_k10,score_full_q_mono_pn__top_k_logsumexp_k2,score_full_q_mono_pn__top_k_mean_k2,score_full_q_mono_pn__top_k_mean_k3,score_mono_q_full_pn__logmeanexp,score_mono_q_full_pn__logsumexp,score_mono_q_full_pn__max,score_mono_q_full_pn__mean,score_mono_q_full_pn__median,score_mono_q_full_pn__top_frac_mean_frac0p01,score_mono_q_full_pn__top_frac_mean_frac0p02,score_mono_q_full_pn__top_frac_mean_frac0p05,score_mono_q_full_pn__top_k_logsumexp_k10,score_mono_q_full_pn__top_k_logsumexp_k2,score_mono_q_full_pn__top_k_mean_k2,score_mono_q_full_pn__top_k_mean_k3,score_old_monoallelic__logmeanexp,score_old_monoallelic__logsumexp,score_old_monoallelic__max,score_old_monoallelic__mean,score_old_monoallelic__median,score_old_monoallelic__top_frac_mean_frac0p01,score_old_monoallelic__top_frac_mean_frac0p02,score_old_monoallelic__top_frac_mean_frac0p05,score_old_monoallelic__top_k_logsumexp_k10,score_old_monoallelic__top_k_logsumexp_k2,score_old_monoallelic__top_k_mean_k2,score_old_monoallelic__top_k_mean_k3,score_full_hla__self_gated_hillq_pdac_selected,score_focal_hla__self_gated_hillq_pdac_selected,score_old_monoallelic__self_gated_hillq_pdac_selected,score_mono_q_full_pn__self_gated_hillq_pdac_selected,score_full_q_mono_pn__self_gated_hillq_pdac_selected,score_full_hla__self_gated_hillq_all_contexts_selected,score_focal_hla__self_gated_hillq_all_contexts_selected,score_old_monoallelic__self_gated_hillq_all_contexts_selected,score_mono_q_full_pn__self_gated_hillq_all_contexts_selected,score_full_q_mono_pn__self_gated_hillq_all_contexts_selected
pdac.02526ff00ce7913d5e46a73b1908fcba417a725286f686d34ef7616a43d6bf70,-4.1886144,-0.094269775,-0.6712624,-20.788527,-27.631021,-0.6712624,-1.2443702,-1.6984799,-0.11216285,-0.39527038,-1.2443702,-1.6984799,-4.0028462,0.09149816,-0.6702521,-20.520334,-27.631021,-0.6702521,-1.2432071,-1.5861982,0.052451354,-0.39418638,-1.2432071,-1.5861982,-4.101663,-0.0073187165,-0.67123234,-20.587637,-27.631021,-0.67123234,-1.2443452,-1.6984532,-0.046457794,-0.39524275,-1.2443452,-1.6984532,-2.9794376,1.114907,-0.20845987,-20.043283,-27.631021,-0.20845987,-0.51213527,-0.7263909,1.0114362,0.22642954,-0.51213527,-0.7263909,-3.0905504,1.0037943,-0.20312908,-20.110128,-27.631021,-0.20312908,-0.50665486,-0.799079,0.91505355,0.2318659,-0.50665486,-0.799079,-0.6702520999672019,-0.6712623999739102,-0.20312907995076135,-0.2084598699717391,-0.6712323399709766,-0.6495272314046932,-0.6490045981642503,-0.14935031778058294,-0.1449256890007322,-0.6712323399619993
pdac.043d435fab18ab0663607571cded83fa3fedb7f18cf08337ccfd992e13a908d5,-4.0647173,1.094338,-0.69327545,-21.80471,-27.631021,-0.82607013,-0.99380636,-1.3508679,0.9803673,-0.12413153,-0.82607013,-0.93637687,-3.9963555,1.1626997,-0.6892839,-21.396257,-27.631021,-0.8199338,-0.99089825,-1.3284183,1.0018597,-0.11827607,-0.8199338,-0.932486,-3.895842,1.2632132,-0.6395137,-21.463503,-27.631021,-0.765098,-0.89904857,-1.2324347,1.0864604,-0.06408573,-0.765098,-0.8130513,-3.050792,2.1082633,-0.25053203,-20.889814,-27.631021,-0.2862224,-0.3130311,-0.5238603,1.7605159,0.40756154,-0.2862224,-0.29917577,-2.9708211,2.188234,-0.20072185,-20.956408,-27.631021,-0.2553144,-0.28620324,-0.43795377,1.8436438,0.4393222,-0.2553144,-0.2745201,-0.6892838999508735,-0.6932754499520649,-0.20072184996842485,-0.2505320299689199,-0.639513699974483,-0.649493579707141,-0.6488596718087252,-0.14918811851573502,-0.144783102372949,-0.6395136999724708
pdac.04bb5719ad19c5e17e37f696df2388a57067fd69f7ac215cc3837be95302abf5,-4.457367,-0.8738478,-1.0567502,-23.068192,-27.631021,-1.0567502,-1.0567502,-2.4418159,-0.8738478,-0.99598086,-2.4418159,-2.9517393,-4.1353464,-0.55182725,-1.0501915,-22.986073,-27.631021,-1.0501915,-1.0501915,-1.4251173,-0.55182725,-0.6632728,-1.4251173,-2.1452157,-4.349269,-0.7657498,-1.1382662,-23.006165,-27.631021,-1.1382662,-1.1382662,-1.8126147,-0.7657498,-0.90748924,-1.8126147,-2.3999803,-3.0310955,0.5524234,-0.2926341,-22.685198,-27.631021,-0.2926341,-0.2926341,-0.46243757,0.5524234,0.24505745,-0.46243757,-0.7243369,-3.1897984,0.39372057,-0.29366195,-22.701822,-27.631021,-0.29366195,-0.29366195,-0.7598156,0.39372057,0.038260255,-0.7598156,-0.9462608,-1.0501914999683721,-1.0567501999563422,-0.29224664483515106,-0.2926340999719394,-1.0992098006733113,-0.6502064387063706,-0.8789284154354,-0.14972442245295098,-0.14737162982762908,-0.950133098660134
pdac.054d7893a10c38a5509acb681e77504fe3009c307ddfb869c976c200a0c3b793,-4.349483,-0.478282,-1.6080143,-22.619314,-27.631021,-1.6080143,-1.6080143,-2.0053208,-0.478282,-0.9364412,-1.6298263,-2.0053208,-4.340774,-0.46957305,-1.5868717,-22.618946,-27.631021,-1.5868717,-1.5868717,-1.9968908,-0.46957305,-0.9235942,-1.6172012,-1.9968908,-4.528187,-0.65698564,-1.6084297,-22.663101,-27.631021,-1.6084297,-1.6084297,-2.118766,-0.65698564,-1.086166,-1.7969856,-2.118766,-3.1365242,0.7346768,-0.5222616,-22.320408,-27.631021,-0.5222616,-0.5222616,-0.8006416,0.7346768,0.14761135,-0.54581314,-0.8006416,-3.1011844,0.7700167,-0.50680465,-22.312756,-27.631021,-0.50680465,-0.50680465,-0.75804484,0.7700167,0.17794646,-0.51523626,-0.75804484,-1.1998915429704389,-1.2484927192229769,-0.29826314164515405,-0.3928593423347832,-1.1004306446998662,-0.6502368992692755,-0.650579478728232,-0.14980450566700243,-0.14858147664455937,-0.9514900440712973
pdac.076594af48300bc1dde37a255ef0df93fd3839702e75c13a6bfcf8ca8b082cee,-3.8681588,-0.46696132,-0.6198911,-23.62917,-27.631021,-0.6198911,-0.6198911,-1.8242686,-0.46696132,-0.5337802,-1.8242686,-2.3641522,-3.8675168,-0.46631938,-0.62009656,-23.621696,-27.631021,-0.62009656,-0.62009656,-1.8270738,-0.46631938,-0.53441364,-1.8270738,-2.365841,-4.193646,-0.7924486,-0.9275504,-23.663229,-27.631021,-0.9275504,-0.9275504,-2.1461158,-0.7924486,-0.8437505,-2.1461158,-2.9247146,-3.277061,0.12413646,-0.20924522,-23.431784,-27.631021,-0.20924522,-0.20924522,-0.9960538,0.12413646,-0.02086373,-0.9960538,-1.3822359,-3.2699358,0.13126156,-0.20430428,-23.418488,-27.631021,-0.20430428,-0.20430428,-0.98804533,0.13126156,-0.014866724,-0.98804533,-1.3937535,-0.6200965599633135,-0.6198910999699494,-0.2043042799554555,-0.2092452199559881,-0.9275503999638928,-0.6200965599653894,-0.6198910999655802,-0.14965966038412432,-0.14753854021896162,-0.9275501427845352
pdac.096519334e5a25772e08825ec3231dd0dcd769334fc61db3df846c9ea00863c0,-4.2061334,-0.3349322,-0.9838262,-21.075294,-27.631021,-0.9838262,-0.9838262,-1.9276088,-0.33764812,-0.7650293,-1.6879356,-1.9276088,-4.094797,-0.2235959,-0.9841074,-20.783777,-27.631021,-0.9841074,-0.9841074,-1.8093119,-0.23789169,-0.7019328,-1.5445206,-1.8093119,-4.4282403,-0.5570392,-1.800863,-20.934755,-27.631021,-1.800863,-1.800863,-2.0364683,-0.56708705,-1.198978,-1.8967116,-2.0364683,-2.938888,0.93231297,-0.25275427,-20.29304,-27.631021,-0.25275427,-0.25275427,-0.71555334,0.90143925,0.18825884,-0.54779595,-0.71555334,-3.139067,0.7321341,-0.7533273,-20.419205,-27.631021,-0.7533273,-0.7533273,-0.8328429,0.70868856,-0.08643118,-0.77993226,-0.8328429,-0.9841073999677856,-0.9838261999704215,-0.29939712991601014,-0.2527542699521089,-1.1004404673455292,-0.6499726504799266,-0.6500315858374119,-0.1499266784264904,-0.14608621734165256,-0.9514271999894974
pdac.0adeb4ed1da7f796ec306c6d29a44f1211598d012a8de5d546d57b0e4e1753ff,-5.749237,-3.2643304,-3.5464191,-20.779623,-27.631021,-3.5464191,-3.5464191,-3.5464191,-3.2643304,-3.2902865,-4.16205,-5.0849743,-5.485478,-3.0005713,-3.3567955,-20.131514,-27.631021,-3.3567955,-3.3567955,-3.3567955,-3.0005713,-3.1101005,-3.9936557,-4.475791,-5.173283,-2.6883764,-3.0360603,-20.342793,-27.631021,-3.0360603,-3.0360603,-3.0360603,-2.6883764,-2.7584536,-3.6058292,-4.199745,-4.116185,-1.6312784,-2.1011903,-19.552956,-27.631021,-2.1011903,-2.1011903,-2.1011903,-1.6312784,-1.8322362,-2.6890528,-3.0286577,-3.8541436,-1.3692371,-1.7803549,-19.764227,-27.631021,-1.7803549,-1.7803549,-1.7803549,-1.3692371,-1.4781232,-2.301176,-2.752579,-3.191761315866806,-3.4130385104380085,-1.6417707228784493,-1.9250002401715143,-2.8678679616523755,-3.0302565431354793,-3.287837750550045,-1.4034969173864122,-1.6704376715325375,-2.7173500570713536
pdac.133402df608bd3b31be59fe1dc9a322c75e0fbf5a35342361c09d838c830c494,-4.043264,-0.17206265,-0.46820092,-22.77694,-27.631021,-0.46820092,-0.46820092,-2.0337782,-0.17206265,-0.28181773,-1.2608569,-2.0337782,-4.0306015,-0.15940028,-0.46902007,-22.720451,-27.631021,-0.46902007,-0.46902007,-2.034058,-0.15940028,-0.28249583,-1.2612615,-2.034058,-4.051668,-0.18046694,-0.49351993,-22.722748,-27.631021,-0.49351993,-0.49351993,-2.0445225,-0.18046694,-0.3044371,-1.2782897,-2.0445225,-3.220759,0.6504422,-0.1679186,-22.367968,-27.631021,-0.1679186,-0.1679186,-0.8107647,0.6504422,0.19618307,-0.5792954,-0.8107647,-3.1885955,0.68260545,-0.110893205,-22.364666,-27.631021,-0.110893205,-0.110893205,-0.786519,0.68260545,0.23705003,-0.5492457,-0.786519,-0.4690200699685452,-0.4682009199586994,-0.11089320497470113,-0.16791859997337943,-0.4935199299630083,-0.46902006996470647,-0.46820091996624325,-0.11089320495477453,-0.14404761582649284,-0.49351992996431504
pdac.162eb74d1e59c2ab6abf238bf941550d55ba74aad47a1c403208edc49640549d,-4.5700574,-0.38040257,-1.3602686,-22.944597,-27.631021,-1.3602686,-1.3925542,-2.1158547,-0.3828793,-0.6988859,-1.3925542,-1.6414062,-4.437157,-0.2475021,-1.2937685,-22.726625,-27.631021,-1.2937685,-1.3189704,-1.8523798,-0.25783563,-0.62550575,-1.3189704,-1.5870559,-4.3532186,-0.1635635,-0.9582013,-22.767233,-27.631021,-0.9582013,-1.348588,-1.7568537,-0.17007579,-0.5811002,-1.348588,-1.6022809,-3.3745804,0.8150745,-0.41088358,-22.36798,-27.631021,-0.41088358,-0.5407982,-0.75066906,0.78854996,0.16076428,-0.5407982,-0.66066617,-3.2057776,0.98387706,-0.33367437,-22.39609,-27.631021,-0.33367437,-0.37065116,-0.5526913,0.9668509,0.3231795,-0.37065116,-0.40460166,-1.1989252606075826,-1.244391680634688,-0.29549002856757806,-0.3859165421321167,-0.9582012999655768,-0.6500676795327363,-0.6503185904584219,-0.1496162922593573,-0.14781605187204236,-0.9432677193823868
pdac.165f0d5575dd788688c3dde762f3c6e7afc7e28ac6a26dbb1c6d6e4e49d9554c,-6.9870496,-3.8089957,-4.4379697,-23.991455,-27.631021,-4.4379697,-4.4379697,-4.834159,-3.8089957,-4.0645,-4.834159,-5.008827,-5.8212633,-2.6432095,-3.0804656,-23.773817,-27.631021,-3.0804656,-3.0804656,-3.6313424,-2.6432095,-2.793568,-3.6313424,-4.1087,-6.0162354,-2.8381815,-3.6568244,-23.803371,-27.631021,-3.6568244,-3.6568244,-3.742699,-2.8381815,-3.045869,-3.742699,-4.0472326,-4.383982,-1.2059284,-1.6259415,-23.528746,-27.631021,-1.6259415,-1.6259415,-2.2414804,-1.2059284,-1.3697673,-2.2414804,-2.7270977,-4.6137295,-1.4356754,-2.2023003,-23.558292,-27.631021,-2.2023003,-2.2023003,-2.3528018,-1.4356754,-1.6483718,-2.3528018,-2.6655836,-2.8502895654940557,-4.0260093679500475,-1.7918327134580767,-1.4818930729406432,-3.1218614747221,-2.6614285420792614,-3.835203039424661,-1.4676180243311334,-1.2234289713233588,-2.8722916959385625
pdac.16b3a359acc4b22f8ac570af8c3a5a3e81433f48ad36edf8a2d815ae14220757,-3.8724256,-0.6943716,-1.2217075,-21.918396,-27.631021,-1.2217075,-1.2217075,-1.4238763,-0.6943716,-0.7104307,-1.4238763,-2.8280153,-3.788078,-0.6100243,-1.1749526,-21.73503,-27.631021,-1.1749526,-1.1749526,-1.3694372,-0.6100243,-0.6574959,-1.3694372,-2.303508,-3.6576788,-0.47962502,-1.0908622,-21.686636,-27.631021,-1.0908622,-1.0908622,-1.2298565,-0.47962502,-0.5270805,-1.2298565,-2.2006266,-2.9397795,0.23827428,-0.48193818,-21.356094,-27.631021,-0.48193818,-0.48193818,-0.6136024,0.23827428,0.08818761,-0.6136024,-1.1511298,-2.8082576,0.3697962,-0.39127964,-21.307186,-27.631021,-0.39127964,-0.39127964,-0.46926773,0.3697962,0.22691745,-0.46926773,-1.0446254,-1.1749525999653025,-1.2216532638896154,-0.2982857153403923,-0.39526148240892195,-1.0908621799973366,-0.6504563116728419,-0.7163439108534477,-0.14985001545312016,-0.14987085495320113,-0.9480654779595146
pdac.16fadfdf13061705e17cb1fb1d8e2e1576e0471d8214c843256e1eacb22aa3e7,-3.3622494,-0.65419906,-1.3107154,-16.938599,-27.631021,-1.3107154,-1.3107154,-1.3107154,-0.65419906,-0.73814934,-1.4395761,-2.1106687,-3.3185928,-0.61054254,-1.3104209,-16.5403,-27.631021,-1.3104209,-1.3104209,-1.3104209,-0.61054254,-0.73554426,-1.4366355,-2.1084952,-3.289916,-0.5818657,-1.3093594,-16.524347,-27.631021,-1.3093594,-1.3093594,-1.3093594,-0.5818657,-0.718803,-1.4178206,-2.0957468,-1.9799595,0.7280908,-0.25365967,-15.713711,-27.631021,-0.25365967,-0.25365967,-0.25365967,0.7280908,0.36339054,-0.33289224,-0.5283675,-1.9831021,0.7249482,-0.2266506,-15.693898,-27.631021,-0.2266506,-0.2266506,-0.2266506,0.7249482,0.3968886,-0.29886365,-0.6249696,-1.199438529843789,-1.2445491136152667,-0.22665059996599718,-0.25365966996426437,-1.0998962374769214,-0.6572010837673543,-0.6979668183716023,-0.14949852667979185,-0.1465445674087122,-0.9501981759747562
pdac.179c3f1125e6ba3067c76ec44c01077987962c1f0b6f0133051e91de89f49e54,-5.67327,-1.9356004,-2.7552922,-21.934872,-27.631021,-2.7552922,-2.7552922,-3.3659782,-1.9359478,-2.1309745,-2.8266666,-3.3659782,-5.1133037,-1.3756338,-2.1572378,-21.642807,-27.631021,-2.1572378,-2.1572378,-2.781555,-1.3876765,-1.6443338,-2.3573766,-2.781555,-4.682193,-0.9445232,-1.7363185,-21.625786,-27.631021,-1.7363185,-1.7363185,-2.365491,-0.9461562,-1.1418048,-1.840354,-2.365491,-3.7510908,-0.013421152,-0.9558612,-21.173168,-27.631021,-0.9558612,-0.9558612,-1.5618025,-0.034098513,-0.45567408,-1.1719995,-1.5618025,-3.3864315,0.3512383,-0.56646085,-21.156061,-27.631021,-0.56646085,-0.56646085,-1.1453884,0.34523097,0.042557154,-0.6544567,-1.1453884,-1.6232265933423196,-2.1516278968738796,-0.2999074407062132,-0.4114963654071939,-1.1963431878337871,-1.394243436656554,-1.9551168568698045,-0.14997003222692706,-0.15328439838764027,-0.9636394555682078
pdac.1877b0dee8892e81420c2e70e1550de39bf7e7d193b2659b6ef6720582dc9358,-6.6877933,-4.896034,-5.409476,-20.290329,-27.631021,-5.409476,-5.409476,-5.409476,-4.896034,-4.896034,-5.608944,-12.949636,-4.9927626,-3.2010033,-3.6918855,-19.727325,-27.631021,-3.6918855,-3.6918855,-3.6918855,-3.2010033,-3.2010033,-3.9199305,-11.823627,-5.0857534,-3.293994,-3.830464,-19.754593,-27.631021,-3.830464,-3.830464,-3.830464,-3.293994,-3.293994,-4.0017376,-11.878165,-3.1565855,-1.364826,-1.8065773,-19.120876,-27.631021,-1.8065773,-1.8065773,-1.8065773,-1.364826,-1.364826,-2.1005847,-10.61073,-3.0577374,-1.2659777,-1.4890457,-19.148142,-27.631021,-1.4890457,-1.4890457,-1.4890457,-1.2659777,-1.2659777,-2.1823816,-10.665261,-3.4587786200152415,-5.157811401399446,-1.4444455622201637,-1.6488320996113726,-3.568058819644987,-3.282817012673004,-4.981607546439397,-1.3031556542479796,-1.4384512024115454,-3.383405806174332
pdac.18f154bb8e180df9f3fc17ae67f2f9a724414d2dbe4ad1494929bfc852ea2f35,-5.756077,-2.1725576,-3.3928719,-18.93472,-27.631021,-3.3928719,-3.3928719,-3.394113,-2.1816626,-2.7009652,-3.394113,-3.4651797,-4.661095,-1.077576,-2.2952368,-18.273535,-27.631021,-2.2952368,-2.2952368,-2.4355075,-1.0968009,-1.7325546,-2.4355075,-2.5564306,-4.3031716,-0.7196525,-1.9695957,-18.257591,-27.631021,-1.9695957,-1.9695957,-2.0020425,-0.73360425,-1.308369,-2.0020425,-2.0882843,-3.0960178,0.48750117,-0.9872123,-17.430298,-27.631021,-0.9872123,-0.9872123,-1.0385268,0.4497893,-0.34406352,-1.0385268,-1.0727874,-2.7192512,0.8642679,-0.26104012,-17.414331,-27.631021,-0.26104012,-0.26104012,-0.49568886,0.83625454,0.22473936,-0.49568886,-0.6480304,-1.3221097516803626,-2.4105772994028554,-0.26104011995575715,-0.4002583417276313,-1.1010580080867907,-1.1114000039037122,-2.206455332186351,-0.14953613169045316,-0.15057635237028913,-0.9527922651230306
pdac.1b2d057748c599042dde851bc1745b117a462d66f81a402feffb7064c7bd60e4,-4.8427153,-1.1050454,-1.3287904,-23.891905,-27.631021,-1.3287904,-1.3287904,-3.1113489,-1.1050454,-1.1572074,-2.1666253,-3.1113489,-4.774805,-1.0371354,-1.3288004,-23.742004,-27.631021,-1.3288004,-1.3288004,-2.7497938,-1.0371354,-1.1572157,-2.1666303,-2.7497938,-4.7668686,-1.029199,-1.3287904,-23.760311,-27.631021,-1.3287904,-1.3287904,-2.7175026,-1.029199,-1.1572074,-2.1666253,-2.7175026,-3.6153603,0.122309364,-0.5181388,-23.469397,-27.631021,-0.5181388,-0.5181388,-1.2754887,0.122309364,-0.21616395,-1.0394524,-1.2754887,-3.5913103,0.14635943,-0.5181188,-23.487692,-27.631021,-0.5181188,-0.5181188,-1.2430542,0.14635943,-0.18986997,-0.9908055,-1.2430542,-1.2068174550596662,-1.2526627784485758,-0.3010208402066721,-0.3983034730895883,-1.1815366387465118,-1.0440797460970077,-1.110372617497819,-0.15005783872903908,-0.15060686841267118,-1.036332145885344
pdac.24aa0f27dfd195b62cb9bd876a0ee6262827a6c15627cc0d0f1d50eeafa6b720,-4.0557866,-0.31811702,-1.2439082,-19.308104,-27.631021,-1.2439082,-1.2439082,-1.7627909,-0.31947833,-0.6312834,-1.3279586,-1.7627909,-3.8715687,-0.13389902,-1.1052356,-18.849741,-27.631021,-1.1052356,-1.1052356,-1.6125536,-0.14410111,-0.47410542,-1.1693035,-1.6125536,-3.7833526,-0.045682844,-1.0498965,-18.913105,-27.631021,-1.0498965,-1.0498965,-1.5594639,-0.051590826,-0.41872156,-1.1139166,-1.5594639,-2.8250723,0.91259754,-0.27404132,-18.229778,-27.631021,-0.27404132,-0.27404132,-0.63586164,0.87926,0.4062068,-0.28702468,-0.63586164,-2.7282906,1.009379,-0.21385556,-18.292347,-27.631021,-0.21385556,-0.21385556,-0.5364938,0.9937029,0.46633336,-0.2268989,-0.5364938,-1.105235599958803,-1.235330500297574,-0.21385555997487568,-0.2740413199520123,-1.049896499955064,-0.6499894278603517,-0.6502021966053111,-0.14938959389136305,-0.14643015594508993,-0.9463496236338063
pdac.24b8a24aeb6d98af506b0b12920242812f5e79e30cef5d068a2e661522a95a82,-4.0976195,-0.10863538,-0.38502222,-23.265432,-27.631021,-0.38502222,-1.349154,-1.9300085,-0.10863538,-0.24926792,-1.349154,-1.9300085,-3.8854365,0.103547625,-0.38537428,-23.125284,-27.631021,-0.38537428,-0.91855884,-1.602185,0.103547625,-0.08953341,-0.91855884,-1.602185,-3.8368816,0.15210244,-0.40640008,-23.112234,-27.631021,-0.40640008,-0.9259464,-1.3440812,0.15210244,-0.103502706,-0.9259464,-1.3440812,-3.048984,0.93999994,-0.111215696,-22.865181,-27.631021,-0.111215696,-0.28262615,-0.55992204,0.93999994,0.4251404,-0.28262615,-0.55992204,-2.972994,1.01599,-0.10670844,-22.850164,-27.631021,-0.10670844,-0.27716726,-0.47196677,1.01599,0.43043822,-0.27716726,-0.47196677,-0.385374279967329,-0.3850222199607587,-0.10670843995591517,-0.11121569596019745,-0.40640007995639627,-0.3853742799720681,-0.38502221996842023,-0.10670843996793025,-0.11121569584986082,-0.4064000799680929
pdac.252fdced64e6d5e8a785fec6915a1f7f4e351d2ed5a577b461e61293c9b860d4,-7.019521,-3.8414674,-4.2906513,-21.00439,-27.631021,-4.2906513,-4.2906513,-4.7618904,-3.8414674,-3.9615915,-4.7618904,-5.50608,-6.7061944,-3.5281405,-4.2906513,-20.544958,-27.631021,-4.2906513,-4.2906513,-4.73969,-3.5281405,-3.948941,-4.73969,-4.9251432,-6.6469884,-3.4689345,-4.2906513,-20.55339,-27.631021,-4.2906513,-4.2906513,-4.73969,-3.4689345,-3.948941,-4.73969,-4.9946384,-5.1245227,-1.9464688,-2.934656,-19.928556,-27.631021,-2.934656,-2.934656,-3.2530947,-1.9464688,-2.51008,-3.2530947,-3.4356315,-4.9955673,-1.8175136,-2.934656,-19.936987,-27.631021,-2.934656,-2.934656,-3.1365128,-1.8175136,-2.4231296,-3.1365128,-3.353879,-3.7520798426865625,-4.000212881940467,-2.183057738768121,-2.314322474313843,-3.660590283444674,-3.559911782674189,-3.860183314163489,-1.8640612537441195,-1.9876433663212472,-3.5031728653037133
pdac.25fe299b43a8fa1e9497003ed61b13fd6b904ac756a00dcaf6057b080e9be611,-4.551368,-0.36171344,-1.0943097,-22.071285,-27.631021,-1.0943097,-1.74091,-2.2630332,-0.3761246,-0.8518412,-1.74091,-2.0254447,-4.466135,-0.2764802,-1.2423325,-21.971664,-27.631021,-1.2423325,-1.7327448,-2.084812,-0.29496437,-0.9238775,-1.7327448,-1.9438642,-4.6827188,-0.49306393,-2.009133,-22.000977,-27.631021,-2.009133,-2.073945,-2.2040808,-0.51092273,-1.378699,-2.073945,-2.0970738,-2.9821446,1.2075102,-0.46573958,-21.496517,-27.631021,-0.46573958,-0.4938439,-0.72501963,1.1688561,0.19969814,-0.4938439,-0.6148263,-2.919584,1.2700708,-0.4068152,-21.489313,-27.631021,-0.4068152,-0.41514158,-0.6277772,1.2324504,0.27804026,-0.41514158,-0.5527223,-1.1984600628678646,-1.094309699964855,-0.2965625758769911,-0.3887382111743485,-1.1004622026149384,-0.6500665127330139,-0.6501465794584633,-0.14963966555586478,-0.1475562404510709,-0.9515162657044616
pdac.264e8c1796c30faf450dc04c448542ca27b0cc5994c170153ac8efaa0dd4a1b3,-4.824133,-1.0864633,-2.0944831,-19.678558,-27.631021,-2.0944831,-2.0944831,-2.5040715,-1.1017125,-1.5378299,-2.2417874,-2.5040715,-4.389069,-0.6513993,-1.8292735,-19.380352,-27.631021,-1.8292735,-1.8292735,-2.0552866,-0.67948693,-1.2847065,-1.9908509,-2.0552866,-4.478409,-0.7407393,-1.9362295,-19.374065,-27.631021,-1.9362295,-1.9362295,-2.1579475,-0.7743147,-1.3777064,-2.0813463,-2.1579475,-2.6638865,1.073783,-0.4117117,-18.67925,-27.631021,-0.4117117,-0.4117117,-0.475361,1.0364738,0.24128821,-0.4526987,-0.475361,-2.5203867,1.2172829,-0.24412842,-18.629831,-27.631021,-0.24412842,-0.24412842,-0.32216072,1.1770842,0.4096918,-0.28426042,-0.32216072,-1.2003993608677517,-1.2816241480363972,-0.24412841996733103,-0.385027703006243,-1.1009787012650993,-0.6794439525087611,-1.1104638240064308,-0.14943644147849464,-0.1474347014412529,-0.9528671678056885
pdac.27218b74e0934e6bd6389ac32eddc7ab85327bec201a814848adff3ab20f9d2e,-7.4919915,-4.3139377,-5.551342,-22.413717,-27.631021,-5.551342,-5.551342,-5.646042,-4.3139377,-4.9484177,-5.646042,-5.7389345,-6.547374,-3.3693197,-4.5297074,-22.06533,-27.631021,-4.5297074,-4.5297074,-4.7396317,-3.3693197,-4.02461,-4.7396317,-4.8707304,-6.5686436,-3.3905897,-4.5701723,-22.115196,-27.631021,-4.5701723,-4.5701723,-4.7311077,-3.3905897,-4.025066,-4.7311077,-4.8517194,-4.9614973,-1.7834435,-3.1672487,-21.637756,-27.631021,-3.1672487,-3.1672487,-3.2396564,-1.7834435,-2.54389,-3.2396564,-3.302951,-5.0345078,-1.856454,-3.2074337,-21.687595,-27.631021,-3.2074337,-3.2074337,-3.2847435,-1.856454,-2.588611,-3.2847435,-3.3625958,-3.6146372202894677,-4.573560178948968,-2.206339334440689,-2.1302569099144817,-3.638372862793412,-3.417669294121846,-4.365496063100361,-1.9127447818040189,-1.8411019702426559,-3.4397388678447447
pdac.27594feac8648de107f3b0293e666c14cb397843a878c10e4c146b7e13b6744a,-3.4960785,0.78058755,-0.38265753,-20.669529,-27.631021,-0.38265753,-0.3989331,-0.8643224,0.76463825,0.2943465,-0.3989331,-0.6076404,-3.436439,0.8402271,-0.38274828,-20.436804,-27.631021,-0.38274828,-0.39873862,-0.85005724,0.817872,0.2945364,-0.39873862,-0.58758813,-3.4774253,0.79924077,-0.42399997,-20.507034,-27.631021,-0.42399997,-0.46255562,-0.8893426,0.7795304,0.23133464,-0.46255562,-0.6228535,-2.6143465,1.6623198,-0.112349615,-19.870964,-27.631021,-0.112349615,-0.12228462,-0.27598444,1.5519817,0.5709119,-0.12228462,-0.16676751,-2.6273189,1.6493474,-0.10488602,-19.92422,-27.631021,-0.10488602,-0.11306059,-0.26232764,1.5524209,0.58012,-0.11306059,-0.15331554,-0.3827482799718579,-0.3826575299720475,-0.10488601995777962,-0.11234961495710699,-0.42399996997108996,-0.38274827996490113,-0.38265752996661534,-0.10488601997482709,-0.11234961451614295,-0.4239999699648935
pdac.28277ae2e765ae3538834d762c6272db8cc700507f73665fb09e959c7d5b286f,-3.4989715,1.6249924,-0.52234423,-21.915058,-27.631021,-0.5803592,-0.6234392,-0.898427,1.384873,0.114469916,-0.5803592,-0.601961,-3.422974,1.7009898,-0.52233434,-21.725489,-27.631021,-0.58013415,-0.6231715,-0.85937554,1.4330143,0.11468248,-0.58013415,-0.601811,-3.3594036,1.7645603,-0.52234423,-21.785145,-27.631021,-0.5804997,-0.62335694,-0.8350934,1.4535797,0.11433755,-0.5804997,-0.6020547,-2.6156764,2.5082874,-0.14310041,-21.370777,-27.631021,-0.1505499,-0.16619992,-0.22648558,2.064927,0.542625,-0.1505499,-0.15362172,-2.5611534,2.5628104,-0.14199993,-21.43003,-27.631021,-0.14870396,-0.16419268,-0.22311972,2.069405,0.54446566,-0.14870396,-0.15138899,-0.5223343399698261,-0.5223442299705954,-0.14199992996327235,-0.14310040996413936,-0.5223442299687129,-0.522334339967839,-0.522344229968938,-0.14199992996087413,-0.1389673999318412,-0.5223442299669192
pdac.284a3118a874b2474687541b6ffb63774185c6df1ae0431a0356d23309a008a1,-5.3582764,-0.85846645,-1.825498,-22.61036,-27.631021,-1.825498,-2.1174364,-2.9371738,-0.91951656,-1.3822671,-2.1174364,-2.370326,-5.2428026,-0.7429927,-1.8224022,-22.520395,-27.631021,-1.8224022,-2.1098685,-2.8656328,-0.8273585,-1.3759596,-2.1098685,-2.288067,-5.1897364,-0.68992645,-1.6750171,-22.522945,-27.631021,-1.6750171,-2.0208225,-2.8422353,-0.766469,-1.2690396,-2.0208225,-2.2443955,-3.6977158,0.80209386,-0.66901255,-22.123945,-27.631021,-0.66901255,-0.68787444,-1.3113768,0.6825999,0.0054506483,-0.68787444,-0.7945576,-3.646225,0.85358477,-0.5390782,-22.122396,-27.631021,-0.5390782,-0.6016364,-1.2619572,0.7463529,0.09346629,-0.6016364,-0.71890664,-1.2004818835890452,-1.2526077148794559,-0.29829152527271185,-0.39541589583471093,-1.1004670185164862,-0.7549861542065363,-0.8692112429837636,-0.14980147751878764,-0.1489979209102621,-0.9518087721612394
pdac.29978afff8304eaf78b47215c5d4907181ea739e4584f201b0348a015532d0ce,-4.525379,-0.33572432,-0.8527224,-21.638931,-27.631021,-0.8527224,-1.5471338,-2.301168,-0.34690252,-0.63008404,-1.5471338,-1.87702,-4.396016,-0.20636132,-0.85296094,-21.37068,-27.631021,-0.85296094,-1.5157065,-2.177434,-0.23256594,-0.6173574,-1.5157065,-1.7577046,-4.3317046,-0.14204991,-0.8597154,-21.347631,-27.631021,-0.8597154,-1.5118958,-2.0821989,-0.16397715,-0.6196392,-1.5118958,-1.7575837,-3.3919551,0.79769963,-0.2940766,-20.93527,-27.631021,-0.2940766,-0.64859235,-1.1343745,0.7361057,0.106121704,-0.64859235,-0.7801342,-3.2989686,0.8906863,-0.27770433,-20.910667,-27.631021,-0.27770433,-0.63316333,-1.0521815,0.8399398,0.12187221,-0.63316333,-0.7645486,-0.8529609399742695,-0.8527223999546483,-0.27770421540908113,-0.29407659995777885,-0.8597153999677758,-0.6498991965279939,-0.6498717304323637,-0.14955728184547007,-0.1468539075720261,-0.8597153999588594
pdac.2b00228b3f8af8181973e9be2f224d7d14327dbdb7486c2e0411e7b2c9856d49,-9.378939,-8.280326,-8.280326,-21.18079,-27.631021,-8.280326,-8.280326,-8.280326,-8.280326,-8.280326,-17.955673,-21.18079,-9.373566,-8.274953,-8.274953,-21.178999,-27.631021,-8.274953,-8.274953,-8.274953,-8.274953,-8.274953,-17.952988,-21.178999,-8.068471,-6.9698586,-6.9698586,-20.743967,-27.631021,-6.9698586,-6.9698586,-6.9698586,-6.9698586,-6.9698586,-17.30044,-20.743967,-7.9931135,-6.894501,-6.894501,-20.718847,-27.631021,-6.894501,-6.894501,-6.894501,-6.894501,-6.894501,-17.262762,-20.718847,-6.6880198,-5.5894074,-5.5894074,-20.283817,-27.631021,-5.5894074,-5.5894074,-5.5894074,-5.5894074,-5.5894074,-16.610214,-20.283817,-8.274953,-8.280325999999999,-5.5894074,-6.894501,-6.9698586,-8.274952994808427,-8.280325994780458,-5.589407399687827,-6.8945009987253405,-6.969858598625574
pdac.2b0fee8a3e2a842875a3e6099a4f4d477dae44637ea10d12c3f49c9cb02359ee,-10.532543,-9.433931,-9.433931,-21.565325,-27.631021,-9.433931,-9.433931,-9.433931,-9.433931,-9.433931,-18.532476,-21.565325,-10.077412,-8.978799,-8.978799,-21.413614,-27.631021,-8.978799,-8.978799,-8.978799,-8.978799,-8.978799,-18.30491,-21.413614,-9.166931,-8.068318,-8.068318,-21.11012,-27.631021,-8.068318,-8.068318,-8.068318,-8.068318,-8.068318,-17.84967,-21.11012,-8.699465,-7.600852,-7.600852,-20.954298,-27.631021,-7.600852,-7.600852,-7.600852,-7.600852,-7.600852,-17.615936,-20.954298,-7.788984,-6.6903715,-6.6903715,-20.650805,-27.631021,-6.6903715,-6.6903715,-6.6903715,-6.6903715,-6.6903715,-17.160696,-20.650805,-8.978799,-9.433930999999994,-6.6903715,-7.600852,-8.068318,-8.978798989463854,-9.433930983358447,-6.690371498960698,-7.600851997375132,-8.068317995777608
pdac.2bf67023059af2135fe4444e0b8b96e4daaeae0fb51f4a562a5553fa731620d9,-4.3958673,-1.2178134,-1.3156998,-22.270445,-27.631021,-1.3156998,-1.3156998,-2.7093415,-1.2178134,-1.2559336,-2.7093415,-3.479815,-4.386177,-1.2081234,-1.3157299,-21.931707,-27.631021,-1.3157299,-1.3157299,-2.7093716,-1.2081234,-1.2559637,-2.7093716,-3.4798617,-4.398161,-1.220107,-1.3198732,-22.06308,-27.631021,-1.3198732,-1.3198732,-2.713515,-1.220107,-1.260107,-2.713515,-3.487752,-3.4699597,-0.291906,-0.5175685,-21.499287,-27.631021,-0.5175685,-0.5175685,-1.6384078,-0.291906,-0.41656554,-1.6384078,-2.3083093,-3.5161524,-0.33809862,-0.51658785,-21.629284,-27.631021,-0.51658785,-0.51658785,-1.6374271,-0.33809862,-0.41558486,-1.6374271,-2.3062391,-1.2953049373439722,-1.2834917141312348,-0.4874107531924776,-0.4719818206179822,-1.297254555404203,-1.2126070491525023,-1.2218919597132436,-0.3455356415502877,-0.3013085877444319,-1.224263891346955
pdac.2cb400fd9d05db31218d6842dedaaa234ee697db84bb6c7346fdcd8c3ab9cd16,-7.3366575,-5.544898,-6.529682,-17.142513,-17.246113,-6.529682,-6.529682,-6.529682,-5.544898,-5.857043,-6.5504045,-6.654004,-5.3637247,-3.5719652,-4.23665,-16.327679,-17.022524,-4.23665,-4.23665,-4.23665,-3.5719652,-3.6320393,-4.3294897,-5.024336,-5.5922194,-3.8004599,-4.618392,-16.277405,-16.371937,-4.618392,-4.618392,-4.618392,-3.8004599,-4.114042,-4.8292584,-4.9237895,-3.2009063,-1.4091467,-1.7875967,-15.34529,-16.16625,-1.7875967,-1.7875967,-1.7875967,-1.4091467,-1.4470221,-2.2385993,-3.0595593,-3.483295,-1.6915355,-2.1693184,-15.294982,-15.515582,-2.1693184,-2.1693184,-2.1693184,-1.6915355,-1.8913505,-2.7383428,-2.9589427,-3.871468096323495,-5.876487460797385,-1.9878357570957932,-1.668355518014371,-4.083837677035346,-3.6827460175250724,-5.7090287178698365,-1.7711659019092156,-1.4722217076173982,-3.9367819055411717
pdac.2cd9a0b70388149c46c546a2b3afd02692abe686a0665015ba2048df7f005ff6,-4.870533,-1.1328632,-2.2229128,-21.655851,-27.631021,-2.2229128,-2.2229128,-2.510481,-1.133529,-1.6088221,-2.3053646,-2.510481,-4.423587,-0.6859174,-1.7700006,-21.494572,-27.631021,-1.7700006,-1.7700006,-2.043724,-0.68876386,-1.1262333,-1.8206632,-2.043724,-4.416174,-0.6785041,-1.7686771,-21.494516,-27.631021,-1.7686771,-1.7686771,-2.045905,-0.68132484,-1.1263297,-1.8208365,-2.045905,-2.7962823,0.94138736,-0.27612448,-20.985989,-27.631021,-0.27612448,-0.27612448,-0.52034956,0.9340028,0.38275534,-0.31099987,-0.52034956,-2.7894573,0.94821244,-0.27291915,-20.985313,-27.631021,-0.27291915,-0.27291915,-0.5159432,0.94084823,0.38758057,-0.3061176,-0.5159432,-1.2004561945393317,-1.3380113231265494,-0.2729191458652471,-0.27612447995010614,-1.1007207562343693,-0.7117289023748252,-1.1588167198617092,-0.1495397923667185,-0.14641220394556526,-0.9520394117775759
pdac.2cfce31fc34bc6a765b001019c497ae8419584c5d2295f9ecc36aec225088139,-5.0067835,-1.1355827,-1.961357,-23.706232,-27.631021,-1.961357,-1.961357,-2.476093,-1.1355827,-1.4364864,-2.146715,-2.476093,-4.9542856,-1.0830845,-1.8786836,-23.680628,-27.631021,-1.8786836,-1.8786836,-2.4437804,-1.0830845,-1.3812649,-2.0983465,-2.4437804,-4.8283896,-0.9571886,-1.6583252,-23.67212,-27.631021,-1.6583252,-1.6583252,-2.3630393,-0.9571886,-1.2340058,-1.9771343,-2.3630393,-3.853922,0.017279211,-0.9422593,-23.46943,-27.631021,-0.9422593,-0.9422593,-1.3336679,0.017279211,-0.36648163,-1.0674441,-1.3336679,-3.7384844,0.13271673,-0.7214109,-23.460812,-27.631021,-0.7214109,-0.7214109,-1.2518493,0.13271673,-0.22750808,-0.94557166,-1.2518493,-1.3287310299264776,-1.3327788173229305,-0.30249730222149007,-0.40884630542753475,-1.1656383029904303,-1.0996594429092768,-1.1527863495561395,-0.15016366222786937,-0.15283634439840832,-0.971797601227781
pdac.2d00147f7452ccd89699c8813ba9bd94f9014312b530b0bbe405335134bbc46f,-8.0682,-5.8709755,-6.8364496,-20.751513,-27.631021,-6.8364496,-6.8364496,-6.8364496,-5.8709755,-6.1434884,-6.8366356,-6.9924936,-7.917424,-5.7201996,-6.6015334,-20.705908,-27.631021,-6.6015334,-6.6015334,-6.6015334,-5.7201996,-5.9650493,-6.6598988,-6.8556786,-6.7699633,-4.5727386,-5.49598,-20.317442,-27.631021,-5.49598,-5.49598,-5.49598,-4.5727386,-4.8591175,-5.5539436,-5.69028,-6.5654736,-4.368249,-5.230091,-20.25554,-27.631021,-5.230091,-5.230091,-5.230091,-4.368249,-4.613325,-5.3096323,-5.5045786,-5.419816,-3.2225916,-4.16688,-19.867071,-27.631021,-4.16688,-4.16688,-4.16688,-3.2225916,-3.509844,-4.2036676,-4.3391705,-6.032731928027804,-6.199767841294831,-3.5898783189988626,-4.732276541997642,-4.8887207122959335,-5.818125557680826,-5.978250572228969,-3.3275123884399216,-4.4640090746158805,-4.675321118092221
pdac.2d0635a5cfa725ae5d5bfd02a599c657321a8febbdd5f67423d573c25a33e737,-6.5876813,-5.489069,-5.489069,-20.25037,-27.631021,-5.489069,-5.489069,-5.489069,-5.489069,-5.489069,-16.560045,-20.25037,-6.304654,-5.206042,-5.206042,-20.156029,-27.631021,-5.206042,-5.206042,-5.206042,-5.206042,-5.206042,-16.418531,-20.156029,-5.1715965,-4.072984,-4.072984,-19.778343,-27.631021,-4.072984,-4.072984,-4.072984,-4.072984,-4.072984,-15.852003,-19.778343,-4.6550026,-3.55639,-3.55639,-19.606144,-27.631021,-3.55639,-3.55639,-3.55639,-3.55639,-3.55639,-15.593706,-19.606144,-3.5219047,-2.4232924,-2.4232924,-19.228445,-27.631021,-2.4232924,-2.4232924,-2.4232924,-2.4232924,-2.4232924,-15.027157,-19.228445,-5.206042,-5.489069,-2.4232924,-3.55639,-4.072984,-5.206041999787233,-5.489068999717629,-2.423292399992478,-3.556389999976642,-4.0729839999608455
pdac.2d87f214b025fbfe9711d8c0dbc826947a556e64500e9d60481f37fb917bfe46,-6.1718955,-2.1829114,-3.10564,-23.659815,-27.631021,-3.10564,-3.3206391,-3.5147748,-2.1829114,-2.6045554,-3.3206391,-3.5147748,-5.931838,-1.942854,-3.0623837,-23.471708,-27.631021,-3.0623837,-3.0839314,-3.3569064,-1.942854,-2.390552,-3.0839314,-3.3569064,-5.953675,-1.9646907,-3.0621238,-23.504742,-27.631021,-3.0621238,-3.0838768,-3.3603587,-1.9646907,-2.3904932,-3.0838768,-3.3603587,-4.1892548,-0.20027074,-0.9165173,-23.15002,-27.631021,-0.9165173,-1.3791523,-1.7629611,-0.20027074,-0.5826024,-1.3791523,-1.7629611,-4.205709,-0.21672492,-0.91493666,-23.182367,-27.631021,-0.91493666,-1.3746545,-1.7593623,-0.21672492,-0.579362,-1.3746545,-1.7593623,-2.208170118762766,-2.390280031022547,-0.5640671876160912,-0.5502163874192687,-2.2121805556252117,-1.963586102933272,-2.1999989309415735,-0.2296547616632667,-0.21353454289212642,-1.985013543745243
pdac.2dea592d1612fe5af93000c94be57258e2efcc3c418115abd075714be05dfc3b,-7.7715254,-5.979766,-6.1265087,-20.770319,-27.631021,-6.1265087,-6.1265087,-6.1265087,-5.979766,-5.979766,-7.0489116,-13.909615,-7.0334573,-5.241698,-5.782704,-20.403524,-27.631021,-5.782704,-5.782704,-5.782704,-5.241698,-5.241698,-5.9485316,-13.176028,-6.9889245,-5.197165,-5.669908,-20.394573,-27.631021,-5.669908,-5.669908,-5.669908,-5.197165,-5.197165,-5.9216766,-13.158125,-4.8614044,-3.0696447,-3.543111,-19.685322,-27.631021,-3.543111,-3.543111,-3.543111,-3.0696447,-3.0696447,-3.79392,-11.73962,-4.850978,-3.0592182,-3.6009767,-19.675983,-27.631021,-3.6009767,-3.6009767,-3.6009767,-3.0592182,-3.0592182,-3.765905,-11.720943,-5.51950507850065,-6.078275342305934,-3.374372329924691,-3.364538160271861,-5.4444810261089005,-5.331865385712314,-6.004223064071997,-3.1495112798625904,-3.148555640850602,-5.27595564218981
pdac.2ee3b0baf6e555d94c6f7f463efc407dabc56079963a49ea26b2796ea77f8e60,-4.426029,-0.23637415,-1.4617828,-20.902231,-27.631021,-1.4617828,-1.5270687,-2.0217657,-0.26699468,-0.83179194,-1.5270687,-1.5969536,-4.3393745,-0.14971955,-1.4762548,-20.573391,-27.631021,-1.4762548,-1.527298,-1.8596663,-0.20201355,-0.8328486,-1.527298,-1.5971063,-4.340783,-0.15112808,-1.4681115,-20.65767,-27.631021,-1.4681115,-1.5201635,-1.872227,-0.19436093,-0.8256623,-1.5201635,-1.5923735,-2.9890099,1.200645,-0.46166933,-20.011051,-27.631021,-0.46166933,-0.46508273,-0.561342,1.0839672,0.22807027,-0.46508273,-0.49244934,-3.0109632,1.1786916,-0.4471281,-20.093529,-27.631021,-0.4471281,-0.44755328,-0.5648358,1.0930694,0.24559401,-0.44755328,-0.4971144,-1.199411469938938,-1.2455794515981715,-0.2971122972716469,-0.38855708225415053,-1.0996226546305137,-0.6500720561282467,-0.6502238830678346,-0.14968498885136589,-0.1475429606638544,-0.9493070960587042
pdac.2fdfa0fc51b8a91512ef15c7bd83f62590f6efe65e55e8941597c634358e83c9,-4.281657,0.07505183,-0.9835949,-20.808153,-27.631021,-0.9835949,-1.0134175,-1.5522455,0.06751907,-0.31982562,-1.0134175,-1.2301731,-4.193327,0.16338219,-1.0148349,-20.404829,-27.631021,-1.0148349,-1.0693947,-1.4825536,0.13560542,-0.37475988,-1.0693947,-1.2770014,-3.9897413,0.3669678,-0.9834795,-20.415869,-27.631021,-0.9834795,-1.0133749,-1.3811014,0.34715882,-0.31978095,-1.0133749,-1.2301025,-3.0364094,1.3202995,-0.24864419,-19.804813,-27.631021,-0.24864419,-0.2664736,-0.33858353,1.2506143,0.42683253,-0.2664736,-0.31349903,-2.8056257,1.5510833,-0.16137949,-19.812128,-27.631021,-0.16137949,-0.17565453,-0.24886952,1.4952133,0.5175945,-0.17565453,-0.22329237,-1.0148348999729837,-0.983594899951278,-0.1613794899591528,-0.24864418996384757,-0.9834794999670451,-0.6498960542428232,-0.6497645929693177,-0.14895427442819004,-0.1454885756855517,-0.9440356013177961
pdac.310d82f869702400acfd47fcca966f5c19ab4dc93279952e53216439736bf2e7,-3.5776424,0.61201245,-0.6015304,-22.84825,-27.631021,-0.6015304,-0.7286689,-1.0930675,0.6069674,-0.027461322,-0.7286689,-0.8151609,-3.5816405,0.6080143,-0.6004222,-22.835268,-27.631021,-0.6004222,-0.72847855,-1.0933391,0.60107446,-0.027154442,-0.72847855,-0.81528425,-3.7073872,0.48226768,-0.62930113,-22.852005,-27.631021,-0.62930113,-0.822556,-1.2134712,0.47444054,-0.11085018,-0.822556,-0.9602499,-2.8375032,1.3521516,-0.18838666,-22.588303,-27.631021,-0.18838666,-0.25875786,-0.39868653,1.3343722,0.43686333,-0.25875786,-0.29016018,-2.8176203,1.3720345,-0.18332677,-22.582413,-27.631021,-0.18332677,-0.25516975,-0.38655415,1.3540524,0.44055593,-0.25516975,-0.28547192,-0.6004221999719153,-0.6015303999705386,-0.18332676996428948,-0.18838665996477116,-0.6293011299738296,-0.6004221999653627,-0.6015303999652164,-0.1491939326782169,-0.1440151540707595,-0.6293011299681393
pdac.32445f80521cd448ead111e8863dc2ecc3c88bad87b6bce1d3c03b582dd31a48,-6.8078394,-4.3229327,-5.0069494,-22.093864,-27.631021,-5.0069494,-5.0069494,-5.0069494,-4.3229327,-4.588709,-5.3345995,-5.482393,-6.5641127,-4.079206,-4.978443,-22.032784,-27.631021,-4.978443,-4.978443,-4.978443,-4.079206,-4.2863994,-4.9795475,-5.23807,-6.5445223,-4.0596156,-4.955833,-22.027864,-27.631021,-4.955833,-4.955833,-4.955833,-4.0596156,-4.266931,-4.9600873,-5.218391,-4.8403635,-2.3554566,-3.2572281,-21.601366,-27.631021,-3.2572281,-3.2572281,-3.2572281,-2.3554566,-2.5651438,-3.2582915,-3.512397,-4.8192444,-2.334338,-3.2326045,-21.596045,-27.631021,-3.2326045,-3.2326045,-3.2326045,-2.334338,-2.544252,-3.2374105,-3.4911127,-4.407781168324475,-4.565750145489737,-2.700179450828557,-2.721440682970156,-4.38133336401334,-4.154142209256632,-4.379933912659581,-2.4091934542966396,-2.4306042883586723,-4.134300538843215
pdac.331ab281b6c4b9562371d4b77a7fe077dff6095d6adb87be723532e00f3dcfc0,-4.271472,-0.8702746,-1.0025806,-22.260832,-27.631021,-1.0025806,-1.0025806,-2.5668123,-0.8702746,-0.9597271,-2.5668123,-3.1612751,-4.2376366,-0.8364389,-1.0011324,-22.148281,-27.631021,-1.0011324,-1.0011324,-2.5100398,-0.8364389,-0.9533828,-2.5100398,-3.0507495,-4.2944293,-0.8932319,-1.0598106,-22.179827,-27.631021,-1.0598106,-1.0598106,-2.5425272,-0.8932319,-1.0095567,-2.5425272,-3.0969846,-3.1189291,0.28226823,-0.31627354,-21.752598,-27.631021,-0.31627354,-0.31627354,-0.74405116,0.28226823,0.03793136,-0.74405116,-1.1496242,-3.1186175,0.28257987,-0.30758685,-21.778513,-27.631021,-0.30758685,-0.30758685,-0.7348237,0.28257987,0.046940725,-0.7348237,-1.1429889,-1.0011323999576693,-1.002580599973244,-0.2956871558302123,-0.3162735397803208,-1.0598105999728222,-0.8419286906205508,-0.8746847915559105,-0.1497950510338415,-0.1484701307227445,-0.951242911535215
pdac.33d55d513560d3a4d2a0a2e33473316271877656187181cdba6e09f652728359,-4.1054077,0.32540873,-0.62798154,-22.190357,-27.631021,-0.62798154,-0.8083231,-1.76756,0.30209303,-0.09900176,-0.8083231,-1.0795798,-3.879768,0.5510487,-0.6276128,-21.937815,-27.631021,-0.6276128,-0.80745465,-1.4433998,0.509138,-0.09822235,-0.80745465,-1.0004228,-3.8638396,0.566977,-0.61094147,-21.977608,-27.631021,-0.61094147,-0.79958874,-1.4137934,0.53386027,-0.08875221,-0.79958874,-0.971442,-2.7328224,1.6979944,-0.20543468,-21.524162,-27.631021,-0.20543468,-0.22091234,-0.44290018,1.6140958,0.47235462,-0.22091234,-0.26251686,-2.751311,1.6795056,-0.16116343,-21.5632,-27.631021,-0.16116343,-0.17128474,-0.4135427,1.6064868,0.52191365,-0.17128474,-0.22704393,-0.627612799971901,-0.6279815399542648,-0.16116342995493171,-0.20543467995286024,-0.6109414699712483,-0.6276127999661048,-0.627981539972583,-0.1489351467637121,-0.14420422840017583,-0.6109414699661262
pdac.34aa8ed455f3e5e68ade18e0bc6051d56e9de8fbe213a5592331f3daf21928ba,-4.391262,-1.5008904,-1.5154005,-23.824951,-27.631021,-1.5154005,-1.5154005,-1.5154005,-1.5008904,-1.508105,-3.9738286,-4.794597,-4.388231,-1.4978589,-1.5152423,-23.8047,-27.631021,-1.5152423,-1.5152423,-1.5152423,-1.4978589,-1.5063841,-3.8762307,-4.6731014,-4.3986816,-1.50831,-1.5412421,-23.737167,-27.631021,-1.5412421,-1.5412421,-1.5412421,-1.50831,-1.5245044,-3.582099,-4.2678914,-3.4823651,-0.5919934,-0.6322277,-23.56301,-27.631021,-0.6322277,-0.6322277,-0.6322277,-0.5919934,-0.6116534,-2.5689306,-3.2229457,-3.4416718,-0.5512999,-0.6244471,-23.493446,-27.631021,-0.6244471,-0.6244471,-0.6244471,-0.5512999,-0.5868249,-2.2550921,-2.8055716,-1.5146508984968856,-1.5142132149904102,-0.6192875949539358,-0.6306410309094821,-1.5384031078352853,-1.4988245965309122,-1.5016965137931986,-0.5553636715861834,-0.5942285969791521,-1.5101394670534423
pdac.3554937c5dfbc16653dea671320f9deeb86e506fa11f7bda14865426783a748f,-6.4139495,-3.9290428,-4.438945,-23.799656,-27.631021,-4.438945,-4.438945,-4.438945,-3.9290428,-3.9290428,-4.6428328,-12.305562,-6.4137487,-3.928842,-4.438524,-23.799633,-27.631021,-4.438524,-4.438524,-4.438524,-3.928842,-3.928842,-4.6426873,-12.305466,-6.413294,-3.928387,-4.4375734,-23.799578,-27.631021,-4.4375734,-4.4375734,-4.4375734,-3.928387,-3.928387,-4.6423573,-12.305245,-4.688979,-2.2040722,-2.7062023,-23.512497,-27.631021,-2.7062023,-2.7062023,-2.7062023,-2.2040722,-2.2040722,-2.919876,-11.156924,-4.68762,-2.2027137,-2.7045515,-23.512283,-27.631021,-2.7045515,-2.7045515,-2.7045515,-2.2027137,-2.2027137,-2.9185953,-11.156071,-4.194017182958481,-4.189238235318873,-2.5065348163677736,-2.5079814660741886,-4.190849004481992,-3.9713156373613288,-3.9715348076212607,-2.244533490832234,-2.2459163911283744,-3.9708190836912403
pdac.3668add4253b2a2f4df4b2d1fefa5056d10dc7780c4d5659c6dbdd7256d3969c,-4.8414803,-1.1038105,-1.6624656,-23.634577,-27.631021,-1.6624656,-1.6624656,-2.7113085,-1.1038105,-1.3615888,-2.1858892,-2.7113085,-4.7881365,-1.0504669,-1.6460409,-23.622534,-27.631021,-1.6460409,-1.6460409,-2.6259837,-1.0504669,-1.3172166,-2.1177,-2.6259837,-4.7242537,-0.9865841,-1.5224308,-23.620026,-27.631021,-1.5224308,-1.5224308,-2.6035724,-0.9865841,-1.2341517,-2.070544,-2.6035724,-3.7193549,0.018314825,-0.7758765,-23.413643,-27.631021,-0.7758765,-0.7758765,-1.501752,0.018314825,-0.34780192,-1.0892749,-1.501752,-3.645742,0.09192788,-0.6260835,-23.407581,-27.631021,-0.6260835,-0.6260835,-1.4557605,0.09192788,-0.2499198,-1.0179636,-1.4557605,-1.2661547488749996,-1.2619251791002908,-0.30280310734181487,-0.40687593509489184,-1.167946787795933,-1.0646472768061404,-1.117111909585264,-0.1501597026146069,-0.15241386524217393,-0.9993424126988498
pdac.3976a8b759ba47b2d8345696006198343a079dac7efb2bffb40ab065a5e620f1,-3.916696,0.27295873,-0.75629926,-22.682571,-27.631021,-0.75629926,-0.86115783,-1.4846661,0.26538533,-0.16252303,-0.86115783,-1.0209894,-3.7921646,0.39749035,-0.7568966,-22.503725,-27.631021,-0.7568966,-0.8614615,-1.3044838,0.38851622,-0.16285737,-0.8614615,-1.0214093,-3.8876288,0.30202612,-0.95633024,-22.550648,-27.631021,-0.95633024,-0.9620551,-1.4328634,0.29457727,-0.26889148,-0.9620551,-1.1341984,-2.8717902,1.3178647,-0.24168186,-22.199753,-27.631021,-0.24168186,-0.29083586,-0.3925721,1.2921927,0.40351892,-0.29083586,-0.34093618,-2.8866498,1.303005,-0.22299372,-22.235176,-27.631021,-0.22299372,-0.28096652,-0.42557266,1.2855781,0.41386014,-0.28096652,-0.36242795,-0.7568965999733681,-0.7562992599518634,-0.22299371996524303,-0.24168185996415337,-0.9563302399700271,-0.649699510162133,-0.6493348093611071,-0.14936776817334627,-0.14537830113531353,-0.9423553020156621
pdac.3bbd0b74289860bebb43c2b42c04fa31c6b6e4c38cbab706ee0586adc016b241,-5.1577806,-0.59343255,-1.8466988,-23.368244,-27.631021,-1.8466988,-1.892854,-2.625186,-0.6256967,-1.1986421,-1.892854,-1.9227926,-5.0249953,-0.46064702,-1.8468751,-23.280088,-27.631021,-1.8468751,-1.8610433,-2.4222653,-0.51152134,-1.1677958,-1.8610433,-1.887032,-5.0798297,-0.51548153,-1.8759221,-23.266384,-27.631021,-1.8759221,-1.9106615,-2.463992,-0.57685786,-1.2169111,-1.9106615,-1.9960625,-3.687602,0.8767463,-0.6521767,-22.964445,-27.631021,-0.6521767,-0.76456475,-1.0225992,0.7949163,-0.06511526,-0.76456475,-0.8118993,-3.6526432,0.9117049,-0.65174663,-22.942327,-27.631021,-0.65174663,-0.7782868,-1.0136062,0.8201991,-0.0771547,-0.7782868,-0.8365095,-1.2001615710575602,-1.2508778246769965,-0.2987035362319943,-0.39481258119315304,-1.1004013563397095,-0.6502552183108188,-0.6510239866143992,-0.14984361766568424,-0.1488106280228863,-0.9513415427899172
pdac.3c62a68d3f1f71c7908d2f4630f5373ad9da4bfeb192be7fde348d2214ee360a,-3.8681588,-0.46696132,-0.6198911,-23.62917,-27.631021,-0.6198911,-0.6198911,-1.8242686,-0.46696132,-0.5337802,-1.8242686,-2.3641522,-3.8675168,-0.46631938,-0.62009656,-23.621696,-27.631021,-0.62009656,-0.62009656,-1.8270738,-0.46631938,-0.53441364,-1.8270738,-2.365841,-4.193646,-0.7924486,-0.9275504,-23.663229,-27.631021,-0.9275504,-0.9275504,-2.1461158,-0.7924486,-0.8437505,-2.1461158,-2.9247146,-3.277061,0.12413646,-0.20924522,-23.431784,-27.631021,-0.20924522,-0.20924522,-0.9960538,0.12413646,-0.02086373,-0.9960538,-1.3822359,-3.2699358,0.13126156,-0.20430428,-23.418488,-27.631021,-0.20430428,-0.20430428,-0.98804533,0.13126156,-0.014866724,-0.98804533,-1.3937535,-0.6200965599633135,-0.6198910999699494,-0.2043042799554555,-0.2092452199559881,-0.9275503999638928,-0.6200965599653894,-0.6198910999655802,-0.14965966038412432,-0.14753854021896162,-0.9275501427845352
pdac.3cdeec0df917b416e1d817be1681c380e4d34a4ec8035cf79530f5e81daa658c,-3.660009,0.3289752,-0.9909004,-23.038195,-27.631021,-0.9909004,-1.065695,-1.1084137,0.3289752,-0.36975342,-1.065695,-1.1084137,-3.641334,0.3476501,-1.0264723,-23.032318,-27.631021,-1.0264723,-1.0351878,-1.0880655,0.3476501,-0.3420027,-1.0351878,-1.0880655,-3.6735554,0.3154288,-1.0135876,-23.036753,-27.631021,-1.0135876,-1.0991371,-1.133389,0.3154288,-0.402335,-1.0991371,-1.133389,-2.7146263,1.2743578,-0.32653457,-22.796726,-27.631021,-0.32653457,-0.35072953,-0.3714606,1.2743578,0.34271032,-0.35072953,-0.3714606,-2.6989036,1.2900804,-0.32541394,-22.794867,-27.631021,-0.32541394,-0.33781576,-0.34583044,1.2900804,0.3554083,-0.33781576,-0.34583044,-1.0264722999678002,-0.9909003999680217,-0.294741374352527,-0.32653455627552197,-1.0135875999683481,-0.6498740508034967,-0.6496799467735528,-0.14955630035851228,-0.14650578802455202,-0.9450576608420944
pdac.3d10b14dc2dfbc2e6372e46b2cf781170d5eeefa945175e6d257bae958452428,-5.910721,-2.173051,-3.0622153,-21.58823,-27.631021,-3.0622153,-3.0622153,-3.5520568,-2.1747565,-2.4808557,-3.181047,-3.5520568,-5.5010056,-1.7633358,-2.8598967,-21.236399,-27.631021,-2.8598967,-2.8598967,-3.1671484,-1.7707243,-2.2628593,-2.961121,-3.1671484,-5.389089,-1.6514193,-2.5368423,-21.256092,-27.631021,-2.5368423,-2.5368423,-3.0594,-1.6564277,-2.0722692,-2.7995288,-3.0594,-3.9217272,-0.18405747,-1.3072091,-20.744078,-27.631021,-1.3072091,-1.3072091,-1.6804062,-0.19513379,-0.83055294,-1.5538006,-1.6804062,-3.8266761,-0.08900643,-0.98411465,-20.763725,-27.631021,-0.98411465,-0.98411465,-1.5724779,-0.096311085,-0.61785424,-1.3919632,-1.5724779,-2.0099315147917816,-2.378339317274469,-0.4547148586579146,-0.5493660016362159,-1.8568474016862937,-1.7894443993256992,-2.194221608025456,-0.15064558984423093,-0.2107991585946755,-1.6725007585654776
pdac.3de8ef8ae466b90caf01d389fbebbd24c9b94a9d5627bdc47ebc3e2444c687bb,-4.9626536,-1.0914525,-1.5154005,-23.792912,-27.631021,-1.5154005,-1.5154005,-2.7638798,-1.0914525,-1.1960453,-2.0041645,-2.7638798,-4.790578,-0.91937697,-1.5152423,-23.764345,-27.631021,-1.5152423,-1.5152423,-2.5844393,-0.91937697,-1.0180112,-1.7351445,-2.5844393,-4.797703,-0.9265015,-1.5412421,-23.740086,-27.631021,-1.5412421,-1.5412421,-2.6019912,-0.9265015,-1.0339193,-1.7483648,-2.6019912,-3.4945626,0.37663832,-0.37375054,-23.496313,-27.631021,-0.37375054,-0.37375054,-1.0666534,0.37663832,0.19848621,-0.5029891,-1.0666534,-3.4770575,0.39414367,-0.37178954,-23.469742,-27.631021,-0.37178954,-0.37178954,-1.060801,0.39414367,0.2029872,-0.49811834,-1.060801,-1.2013958971270409,-1.2598219788853946,-0.2978592311966084,-0.37325367315174623,-1.1673545805835845,-0.9317908339873375,-1.1002847404764506,-0.14981528314773385,-0.14860408183442353,-0.9560710137056339
pdac.3e7b60594d00801da9b1525467fd57aff6458bc5a93eaf7a53cfec0c4381ab16,-4.2988915,0.38323957,-1.2184191,-21.716991,-27.631021,-1.3445979,-1.4424497,-1.7181814,0.26090574,-0.64351124,-1.3445979,-1.4424497,-4.319738,0.3623936,-1.2294749,-21.696842,-27.631021,-1.35829,-1.4522215,-1.7568898,0.22470768,-0.65686893,-1.35829,-1.4522215,-4.4739923,0.20813893,-1.3472708,-21.7209,-27.631021,-1.4759464,-1.5471079,-1.971195,0.059653196,-0.77454334,-1.4759464,-1.5471079,-2.997089,1.6850423,-0.36431673,-21.270756,-27.631021,-0.44477898,-0.5083592,-0.66950375,1.4185411,0.25160182,-0.44477898,-0.5083592,-2.9145594,1.7675719,-0.31076127,-21.248999,-27.631021,-0.3277948,-0.41676253,-0.6194294,1.5013753,0.36549747,-0.3277948,-0.41676253,-1.1979255026014057,-1.2183158043711817,-0.2934328088641548,-0.36408937688048,-1.0991574645142765,-0.6499278661353852,-0.6498186660896637,-0.14947448795275453,-0.146380340342455,-0.9482034322815245
pdac.3eba81df173d3a47cd9abb1d4cb966d26b1156f09ed6d0f2c047928a8c3b58a5,-3.9562726,0.4004365,-1.0795103,-22.758688,-27.631021,-1.0795103,-1.0977051,-1.2499834,0.38617665,-0.40439242,-1.0977051,-1.1315234,-3.8839178,0.47279125,-1.0770562,-22.665775,-27.631021,-1.0770562,-1.0954313,-1.215771,0.44984403,-0.4021153,-1.0954313,-1.1292825,-3.811203,0.54550606,-1.0766462,-22.643145,-27.631021,-1.0766462,-1.0802838,-1.117417,0.5193885,-0.38712996,-1.0802838,-1.0913212,-2.9709516,1.3857574,-0.39133197,-22.387156,-27.631021,-0.39133197,-0.39914876,-0.4766172,1.334404,0.29402897,-0.39914876,-0.41292676,-2.8993015,1.4574075,-0.2763334,-22.364494,-27.631021,-0.2763334,-0.33360767,-0.37815315,1.4001911,0.3611788,-0.33360767,-0.35781357,-1.0770561999620103,-1.07951029996335,-0.2763333229314321,-0.3803902773005975,-1.076646199959729,-0.6498740326892551,-0.6497276169951888,-0.14946176831679558,-0.1468886088607051,-0.9458648741065814
pdac.418d86644254cb8e9ead39f23fbccba1e47a792738737260c5e3b8f43bb70e3a,-6.375918,-4.5841584,-4.5841584,-23.789877,-27.631021,-4.5841584,-4.5841584,-4.5841584,-4.5841584,-4.5841584,-16.10759,-19.948734,-6.116642,-4.3248825,-4.3248825,-23.746666,-27.631021,-4.3248825,-4.3248825,-4.3248825,-4.3248825,-4.3248825,-15.977952,-19.862309,-5.5289664,-3.737207,-3.737207,-23.64872,-27.631021,-3.737207,-3.737207,-3.737207,-3.737207,-3.737207,-15.684114,-19.666416,-4.799466,-3.0077066,-3.0077066,-23.527136,-27.631021,-3.0077066,-3.0077066,-3.0077066,-3.0077066,-3.0077066,-15.319365,-19.42325,-4.2117906,-2.420031,-2.420031,-23.42919,-27.631021,-2.420031,-2.420031,-2.420031,-2.420031,-2.420031,-15.025526,-19.227358,-4.3248825,-4.5841584,-2.420031,-3.0077066,-3.737207,-4.324882499724533,-4.584158399617497,-2.4200309999765706,-3.0077065999578316,-3.7372069998688113
pdac.41948ef81b29c2e9a1e1dbec45cbd0fd716d2f677c0d5c019aa7bee7454f0154,-3.8288112,-0.9384394,-1.1109189,-23.501253,-27.631021,-1.1109189,-1.1109189,-1.1109189,-0.9384394,-0.9684798,-2.049307,-2.852416,-3.7401984,-0.8498265,-1.0123624,-23.493061,-27.631021,-1.0123624,-1.0123624,-1.0123624,-0.8498265,-0.877542,-1.9801848,-2.8032615,-3.4629953,-0.5726235,-0.7003598,-23.47128,-27.631021,-0.7003598,-0.7003598,-0.7003598,-0.5726235,-0.5939736,-1.7938671,-2.6725705,-3.1023467,-0.21197484,-0.54124635,-23.322483,-27.631021,-0.54124635,-0.54124635,-0.54124635,-0.21197484,-0.26975253,-1.1237463,-1.7797898,-2.856597,0.033774737,-0.22923383,-23.300697,-27.631021,-0.22923383,-0.22923383,-0.22923383,0.033774737,-0.012029483,-0.9374086,-1.6490787,-1.0123623999603817,-1.1109188999677522,-0.22923382997167635,-0.4488689219088131,-0.7003597999689716,-0.8588562871315606,-0.9480216430519552,-0.14983895764861005,-0.23026770967479956,-0.7003597999719113
pdac.42ae4444df49d21f04e742a64847a457668b4c54a598fd5380099d724bd9099f,-3.8228827,-0.0852129,-0.22317903,-23.300081,-27.631021,-0.22317903,-0.22317903,-2.361492,-0.0852129,-0.11403688,-1.3031975,-2.361492,-3.7656682,-0.027998526,-0.22320929,-23.120394,-27.631021,-0.22320929,-0.22320929,-1.8711424,-0.027998526,-0.11406924,-1.3032379,-1.8711424,-3.8539584,-0.11628867,-0.28537667,-23.163952,-27.631021,-0.28537667,-0.28537667,-2.1384468,-0.11628867,-0.17723982,-1.3702776,-2.1384468,-3.1595988,0.5780708,-0.06541105,-22.845772,-27.631021,-0.06541105,-0.06541105,-0.7321922,0.5780708,0.29779562,-0.4782557,-0.7321922,-3.288411,0.44925874,-0.06068887,-22.881018,-27.631021,-0.06068887,-0.06068887,-0.9546659,0.44925874,0.20639127,-0.65253687,-0.9546659,-0.2232092899716931,-0.2231790299500565,-0.06068886995257,-0.06541104996445163,-0.2853766699733584,-0.22320928995563113,-0.22317902996864208,-0.06068886997102388,-0.06541104996343622,-0.2853766699615685
pdac.43eff9c9b94de17893f4e9038606c566e5f7049fbd2440cc0b343e3c5f39d5b1,-3.985471,0.20418382,-0.69079655,-23.347858,-27.631021,-0.69079655,-0.7162659,-1.6176878,0.20163377,-0.022794455,-0.7162659,-1.173407,-3.9805555,0.2090992,-0.69140047,-23.316837,-27.631021,-0.69140047,-0.7168759,-1.6154822,0.20498928,-0.023404267,-0.7168759,-1.1702129,-4.068433,0.12122178,-0.809101,-23.323702,-27.631021,-0.809101,-0.8263562,-1.6725008,0.11694024,-0.13306013,-0.8263562,-1.2464911,-3.310583,0.87907165,-0.32410234,-23.080704,-27.631021,-0.32410234,-0.33446968,-0.7685679,0.86426,0.35873124,-0.33446968,-0.488436,-3.3414793,0.8481756,-0.37562883,-23.084564,-27.631021,-0.37562883,-0.38587552,-0.79305923,0.83368695,0.30732414,-0.38587552,-0.52246594,-0.691400469964756,-0.6907965499613388,-0.2967504637574784,-0.3241023350502958,-0.8091009999615435,-0.6496006696480259,-0.6490657597915682,-0.14968737392839662,-0.14702832771782554,-0.8091009999733343
pdac.459de03dc16cea8d8e740014fa1d9fa7d74ec3328ea780fe31024a19251687c8,-6.2901206,-2.4189196,-3.6641016,-22.040085,-27.631021,-3.6641016,-3.6641016,-4.0853333,-2.463602,-3.1635532,-3.879781,-4.0853333,-5.7736006,-1.9023997,-3.1603963,-21.90484,-27.631021,-3.1603963,-3.1603963,-3.6350224,-1.9468777,-2.6852405,-3.4089687,-3.6350224,-5.7426386,-1.8714374,-3.160032,-21.895983,-27.631021,-3.160032,-3.160032,-3.5649312,-1.9143234,-2.6728375,-3.3928442,-3.5649312,-4.057335,-0.18613398,-1.5707253,-21.476461,-27.631021,-1.5707253,-1.5707253,-1.8454453,-0.23152682,-0.91064966,-1.6043625,-1.8454453,-4.043765,-0.1725641,-1.5691904,-21.467035,-27.631021,-1.5691904,-1.5691904,-1.8628833,-0.21759208,-0.9503461,-1.646477,-1.8628833,-2.092159321182103,-2.5674164024273143,-0.5181318056886589,-0.5328718116937804,-2.0419535840847445,-1.9286079146694104,-2.4448609377441937,-0.20166050181271464,-0.21497962844498525,-1.8982832150377416
pdac.45a67f8d9f62cd8c87a5bfb2af784ad7413e95ddc5904210d4728dd04d24b1ae,-3.660996,0.43334875,-0.7531856,-22.766605,-27.631021,-0.7531856,-0.8556167,-1.0959167,0.42821828,-0.15723258,-0.8556167,-1.0959167,-3.6297693,0.46457526,-0.7527017,-22.737225,-27.631021,-0.7527017,-0.8551578,-1.0963117,0.45957667,-0.15677114,-0.8551578,-1.0963117,-3.6804466,0.41389787,-0.79663336,-22.7484,-27.631021,-0.79663336,-0.8987558,-1.1721114,0.40935937,-0.20040315,-0.8987558,-1.1721114,-2.697029,1.3973154,-0.26816928,-22.461733,-27.631021,-0.26816928,-0.3131958,-0.3797847,1.3852698,0.38096473,-0.3131958,-0.3797847,-2.6658688,1.4284759,-0.24072877,-22.455032,-27.631021,-0.24072877,-0.2854271,-0.3512348,1.4164987,0.40871873,-0.2854271,-0.3512348,-0.7527016999713375,-0.7531855999712651,-0.24072876996057213,-0.26816927996069406,-0.796633359970974,-0.6496861829166207,-0.6492763368584787,-0.14939641131093478,-0.145701490939907,-0.7966333599653561
pdac.471cea0afadf40ad9bb08c51cfe53b579b763fb4891b0bcde837c05b30b236dd,-3.4478688,0.9088402,-0.43766263,-20.304815,-27.631021,-0.43766263,-0.50914717,-0.83800197,0.84997046,0.18655287,-0.50914717,-0.690043,-3.4901762,0.86653274,-0.4399445,-20.311697,-27.631021,-0.4399445,-0.5239268,-0.8475505,0.8090021,0.17274275,-0.5239268,-0.7002242,-3.5055532,0.85115576,-0.69882697,-20.21933,-27.631021,-0.69882697,-0.7986265,-0.8957036,0.7723049,-0.10050757,-0.7986265,-0.84477115,-2.8340669,1.522642,-0.1531047,-19.881021,-27.631021,-0.1531047,-0.19065806,-0.46780664,1.3610886,0.5031941,-0.19065806,-0.35259593,-2.6057737,1.7509353,-0.19884592,-19.76664,-27.631021,-0.19884592,-0.22390506,-0.3039363,1.5708026,0.46955606,-0.22390506,-0.26378587,-0.4399444999684502,-0.43766262996543204,-0.19884591995132916,-0.1531046999603577,-0.6988269699604335,-0.439944499962464,-0.437662629961314,-0.14922576837019905,-0.14153206531674822,-0.6988269699554679
pdac.479edba51883161758b5e95658d4281ad002742540d55683297c796f743e26c8,-3.9810302,0.3756787,-0.57002586,-23.64255,-27.631021,-0.57002586,-0.89400876,-1.222485,0.3685746,-0.14927232,-0.89400876,-1.0123259,-3.9753153,0.3813936,-0.569946,-23.632406,-27.631021,-0.569946,-0.8882749,-1.219566,0.37367815,-0.14529437,-0.8882749,-1.0085866,-3.8393297,0.5173793,-0.5745041,-23.603624,-27.631021,-0.5745041,-0.67729753,-1.1173353,0.5090892,0.021123618,-0.67729753,-0.86952907,-3.247818,1.108891,-0.17582692,-23.416231,-27.631021,-0.17582692,-0.32944897,-0.548442,1.0906942,0.37545198,-0.32944897,-0.4480934,-3.094646,1.262063,-0.17254223,-23.386927,-27.631021,-0.17254223,-0.21570584,-0.40968415,1.2423081,0.4783726,-0.21570584,-0.303646,-0.5699459999581902,-0.5700258599556494,-0.1725422299681933,-0.17582691997295674,-0.5745040999500955,-0.5699459999726673,-0.5700258599728292,-0.14912905106383048,-0.14375951434495066,-0.5745040999686294
pdac.48657f7ed006811c6e16d49df92f38505bea87ac8a995cdf4d0f86940b73e607,-6.3800507,-2.6423807,-3.5893426,-23.535343,-27.631021,-3.5893426,-3.5893426,-3.995988,-2.6423807,-3.055884,-3.7642498,-3.995988,-6.3400254,-2.6023557,-3.589403,-23.381435,-27.631021,-3.589403,-3.589403,-3.9963002,-2.6023557,-3.0559192,-3.76428,-3.9963002,-6.410081,-2.6724112,-3.676882,-23.407042,-27.631021,-3.676882,-3.676882,-4.0555434,-2.6724112,-3.1063247,-3.8080497,-4.0555434,-4.8899517,-1.1522821,-2.277795,-23.03637,-27.631021,-2.277795,-2.277795,-2.6595557,-1.1522821,-1.731987,-2.437896,-2.6595557,-4.9136553,-1.1759857,-2.2723942,-23.052423,-27.631021,-2.2723942,-2.2723942,-2.6555889,-1.1759857,-1.728846,-2.4351854,-2.6555889,-2.845208220228224,-2.85795931285384,-1.5422614885162966,-1.5174952327012692,-2.904225103969331,-2.6258568003382963,-2.6649273137066194,-1.20209064804445,-1.1790799873064732,-2.6963270756142386
pdac.49275a01f654d604b98c9fddc28055353c4f11a4e9090bfad336178de048fc41,-4.355427,-0.4842256,-0.89833724,-22.285582,-27.631021,-0.89833724,-0.89833724,-2.2146385,-0.48445615,-0.75080097,-1.8178403,-2.2146385,-4.232092,-0.36089075,-0.88834393,-22.158516,-27.631021,-0.88834393,-0.88834393,-2.1180186,-0.36358282,-0.7048701,-1.689616,-2.1180186,-4.273114,-0.40191314,-0.94995487,-22.171392,-27.631021,-0.94995487,-0.94995487,-2.1482835,-0.403756,-0.7584269,-1.7276697,-2.1482835,-3.061831,0.8093701,-0.312774,-21.788717,-27.631021,-0.312774,-0.312774,-0.75056267,0.7983647,0.12960553,-0.6059022,-0.75056267,-3.0613408,0.80986017,-0.2956549,-21.79917,-27.631021,-0.2956549,-0.2956549,-0.7431289,0.80264324,0.14197181,-0.5954591,-0.7431289,-0.8883439299618145,-0.8983372399654607,-0.29235318121413917,-0.3127739997797435,-0.949954869955558,-0.6499795213998381,-0.6501419603926956,-0.14960391104024845,-0.14704699070221444,-0.9426751024626923
pdac.49585ebe453874d6da5b9be7acbb07caaca4c72bb87e5e9b2e0b05d376cbe2ed,-4.7562084,-0.8850074,-1.4959112,-23.40575,-27.631021,-1.4959112,-1.4959112,-2.3211985,-0.8850074,-1.0468025,-1.7796843,-2.3211985,-4.6613135,-0.7901125,-1.4983448,-23.20259,-27.631021,-1.4983448,-1.4983448,-2.2957337,-0.7901125,-1.0483587,-1.7809062,-2.2957337,-4.429158,-0.5579573,-0.9713123,-23.242348,-27.631021,-0.9713123,-0.9713123,-2.190655,-0.5579573,-0.707579,-1.5703392,-2.190655,-3.5483928,0.32280824,-0.99914455,-22.905378,-27.631021,-0.99914455,-0.99914455,-1.0346433,0.32280824,-0.31592524,-1.0091221,-1.0346433,-3.5527802,0.31842098,-0.48518148,-22.941257,-27.631021,-0.48518148,-0.48518148,-1.1912954,0.31842098,-0.015554543,-0.7410967,-1.1912954,-1.200296955524884,-1.2511154847940196,-0.29953363299717595,-0.40189302146348194,-0.9713122999723813,-0.8048673330799874,-0.8977345482019962,-0.14993648285466607,-0.1510967192166569,-0.9454152506732205
pdac.4990f32d2d919910e0463579eaf33dc77ff0a2ea5ea4b4e454618ec0cb785e7f,-4.2834415,-0.4122403,-1.2324752,-23.04608,-27.631021,-1.2324752,-1.2324752,-1.9405,-0.4122403,-0.8578803,-1.6268616,-1.9405,-4.0867376,-0.21553648,-1.2324852,-23.000725,-27.631021,-1.2324852,-1.2324852,-1.6876031,-0.21553648,-0.78663594,-1.5207756,-1.6876031,-4.048025,-0.17682427,-1.2324752,-22.989197,-27.631021,-1.2324752,-1.2324752,-1.6362897,-0.17682427,-0.7284964,-1.4438106,-1.6362897,-3.030521,0.84068024,-0.47286567,-22.76547,-27.631021,-0.47286567,-0.47286567,-0.7041683,0.84068024,0.12513338,-0.573021,-0.7041683,-2.960806,0.91039515,-0.47285566,-22.75044,-27.631021,-0.47285566,-0.47285566,-0.6465407,0.91039515,0.20665689,-0.48658454,-0.6465407,-1.1982957060213393,-1.2305822846832908,-0.2977471457468803,-0.39052313402725713,-1.099076570138286,-0.6500455574927969,-0.6503014948653285,-0.14975259209434466,-0.14814510396797237,-0.9483424531291538
pdac.4ab88e85d7f918ff3c77ef690cc8c4d7b578202fa3c16a746474beb998aab158,-3.9880245,-2.196265,-2.196265,-23.391895,-27.631021,-2.196265,-2.196265,-2.196265,-2.196265,-2.196265,-14.913643,-19.15277,-3.9880245,-2.196265,-2.196265,-23.391895,-27.631021,-2.196265,-2.196265,-2.196265,-2.196265,-2.196265,-14.913643,-19.15277,-3.9880745,-2.196315,-2.196315,-23.391903,-27.631021,-2.196315,-2.196315,-2.196315,-2.196315,-2.196315,-14.913669,-19.152786,-2.8746562,-1.0828967,-1.0828967,-23.206333,-27.631021,-1.0828967,-1.0828967,-1.0828967,-1.0828967,-1.0828967,-14.356959,-18.781647,-2.8746362,-1.0828767,-1.0828767,-23.206331,-27.631021,-1.0828767,-1.0828767,-1.0828767,-1.0828767,-1.0828767,-14.356949,-18.78164,-2.196265,-2.196265,-1.0828767,-1.0828967,-2.196315,-2.196264999981268,-2.196264999981268,-1.0828766999938475,-1.0828966999938476,-2.196314999981267
pdac.4d9526f57bd7be35701d1a18f29f084b52b3c72faad65d9ce9f712e92653543a,-4.5437474,-1.1425499,-1.4236459,-22.140413,-27.631021,-1.4236459,-1.4236459,-2.4986706,-1.1425499,-1.3134664,-2.4986706,-2.9312873,-4.419234,-1.0180362,-1.406775,-22.067232,-27.631021,-1.406775,-1.406775,-2.3294196,-1.0180362,-1.2600982,-2.3294196,-2.744178,-4.322665,-0.92146754,-1.4109464,-22.038311,-27.631021,-1.4109464,-1.4109464,-1.9948943,-0.92146754,-1.1401404,-1.9948943,-2.521178,-3.2637303,0.1374672,-0.42408383,-21.743414,-27.631021,-0.42408383,-0.42408383,-1.1491483,0.1374672,-0.21338537,-1.1491483,-1.4307405,-3.1390686,0.26212895,-0.41932246,-21.712154,-27.631021,-0.41932246,-0.41932246,-0.81009173,0.26212895,-0.042461716,-0.81009173,-1.228711,-1.2061583284125872,-1.2599505665265311,-0.29916690338871416,-0.39243027724026047,-1.1030010643414192,-1.0309941919795844,-1.1519198013923362,-0.149921503536683,-0.15003317203840238,-0.9555437671625
pdac.4dd4666a58df40ae7a743bd9ec85002262e1b8804545d20e5969b19454cd2efd,-4.5962586,-1.1950611,-2.3532214,-23.54667,-27.631021,-2.3532214,-2.3532214,-2.360487,-1.1950611,-1.6673136,-2.360487,-2.453486,-4.3681455,-0.9669481,-1.9022053,-23.522053,-27.631021,-1.9022053,-1.9022053,-2.1280851,-0.9669481,-1.4096411,-2.1280851,-2.207933,-4.3574896,-0.95629233,-1.7780268,-23.527288,-27.631021,-1.7780268,-1.7780268,-2.1019504,-0.95629233,-1.3572326,-2.1019504,-2.2139208,-3.200372,0.20082541,-0.7642223,-23.308195,-27.631021,-0.7642223,-0.7642223,-0.9920912,0.20082541,-0.2732035,-0.9920912,-1.0695192,-3.1386817,0.26251584,-0.63963366,-23.301317,-27.631021,-0.63963366,-0.63963366,-0.91972643,0.26251584,-0.18785568,-0.91972643,-1.0147446,-1.2344238779810468,-1.4784722607087375,-0.30076505975816303,-0.4017368500034538,-1.1936537570040495,-0.9981233093596411,-1.2336664366141448,-0.15005261578040613,-0.15111234159446188,-0.9836835045043568
pdac.4dd73a8d75764a36b173839b707185f604f161503af59c67eb33341369899650,-5.279578,-1.1852335,-2.2520607,-21.289104,-27.631021,-2.2520607,-2.4092526,-2.7431443,-1.227771,-1.7038013,-2.4092526,-2.7431443,-4.955429,-0.8610847,-1.9107757,-21.042427,-27.631021,-1.9107757,-2.2127006,-2.533253,-0.9531776,-1.4746501,-2.2127006,-2.533253,-4.9407125,-0.84636766,-1.924696,-21.06506,-27.631021,-1.924696,-2.2197208,-2.4439895,-0.9274748,-1.4836708,-2.2197208,-2.4439895,-3.4719095,0.62243515,-0.68848604,-20.575706,-27.631021,-0.68848604,-0.8875382,-1.0180103,0.49353328,-0.17470957,-0.8875382,-1.0180103,-3.5297568,0.5645878,-0.68415666,-20.597908,-27.631021,-0.68415666,-0.8851584,-1.1357415,0.4435418,-0.17194496,-0.8851584,-1.1357415,-1.2008594838400717,-1.333354724961639,-0.29961189059076276,-0.39669712730089535,-1.1012072455398103,-0.8785795535031686,-1.203013994821592,-0.14994430508597562,-0.14943559016326147,-0.9540689357665415
pdac.4dfd81c4d5df501d5c3897828dc6b0238432993e2e59b6569d4a130242692041,-5.2770915,-1.6935725,-2.4488122,-22.13533,-27.631021,-2.4488122,-2.4488122,-2.7191548,-1.6935725,-1.9899018,-2.7191548,-2.9760587,-4.902325,-1.3188063,-2.3075213,-21.834595,-27.631021,-2.3075213,-2.3075213,-2.3887658,-1.3188063,-1.692322,-2.3887658,-2.7012491,-4.486945,-0.90342593,-1.6810263,-21.864824,-27.631021,-1.6810263,-1.6810263,-1.8643787,-0.90342593,-1.1545157,-1.8643787,-2.348656,-3.444452,0.1390669,-1.1594795,-21.396814,-27.631021,-1.1594795,-1.1594795,-1.1847565,0.1390669,-0.49128985,-1.1847565,-1.2976838,-3.106218,0.4773008,-0.52751887,-21.425585,-27.631021,-0.52751887,-0.52751887,-0.6567205,0.4773008,0.044750076,-0.6567205,-0.9279453,-1.5816398785540802,-1.8888708780301449,-0.299177069658218,-0.4055152829819973,-1.133465122394099,-1.3462705545095137,-1.7145514209656145,-0.14990154586972448,-0.15234494340172405,-0.9554215658867597
pdac.4f823c9155bff962b7542406f6c9f979ee2d43f8de293734896416181896532d,-7.4543896,-4.969483,-5.0704074,-24.057795,-27.631021,-5.0704074,-5.0704074,-5.0704074,-4.969483,-4.969483,-6.191655,-13.338111,-7.270066,-4.785159,-5.007551,-23.97628,-27.631021,-5.007551,-5.007551,-5.007551,-4.785159,-4.785159,-5.7025795,-13.01206,-7.2288055,-4.743899,-4.9607725,-23.970818,-27.631021,-4.9607725,-4.9607725,-4.9607725,-4.743899,-4.743899,-5.669794,-12.990204,-5.3137817,-2.8288748,-3.291081,-23.618677,-27.631021,-3.291081,-3.291081,-3.291081,-2.8288748,-2.8288748,-3.5569587,-11.581646,-5.276113,-2.7912064,-3.2431016,-23.613024,-27.631021,-3.2431016,-3.2431016,-3.2431016,-2.7912064,-2.7912064,-3.5230331,-11.55903,-4.936546151122374,-5.0430480544442755,-3.0788018626845135,-3.120015036278671,-4.88562506684905,-4.803691523274825,-4.977893278475294,-2.8288642340180523,-2.8673920442075103,-4.761971467622688
pdac.5084844def6c367e7d245d3b2ea118a148628af2c3b494634f40f28ded641b41,-4.6063066,-0.41665167,-1.6323422,-20.436758,-27.631021,-1.6323422,-1.7643318,-2.290502,-0.4615827,-1.0624993,-1.7643318,-2.0403957,-3.9327686,0.25688633,-0.8751878,-20.086521,-27.631021,-0.8751878,-1.0689452,-1.6393623,0.19919935,-0.35714334,-1.0689452,-1.4415131,-3.8123732,0.37728173,-0.82531214,-20.109882,-27.631021,-0.82531214,-0.95060325,-1.5054095,0.3300717,-0.24962759,-0.95060325,-1.286942,-2.800064,1.3895906,-0.36912328,-19.572744,-27.631021,-0.36912328,-0.41853738,-0.6617935,1.2633507,0.27583018,-0.41853738,-0.55961263,-2.6925838,1.497071,-0.2811233,-19.595814,-27.631021,-0.2811233,-0.29878822,-0.50317824,1.4061844,0.39451498,-0.29878822,-0.4039234,-0.8751877999728904,-1.2480854431982311,-0.281120945037465,-0.36855758649124354,-0.8253121399702315,-0.6498176392307999,-0.6504721189754171,-0.14946501208671925,-0.14672730213038998,-0.8253121399655301
pdac.5232fc4ce7c13d293a6955864090fbae72a06a164b2003279803b54ee01d9b58,-4.171842,-0.18285811,-1.1079961,-22.48772,-27.631021,-1.1079961,-1.179743,-1.4098588,-0.18496577,-0.48402426,-1.179743,-1.4098588,-4.1563616,-0.16737752,-1.1079762,-22.397102,-27.631021,-1.1079762,-1.1799403,-1.409827,-0.176957,-0.48420596,-1.1799403,-1.409827,-4.2011924,-0.21220848,-1.1351613,-22.415926,-27.631021,-1.1351613,-1.2284439,-1.4514391,-0.21954376,-0.53095216,-1.2284439,-1.4514391,-3.1204357,0.86854845,-0.30642226,-22.05369,-27.631021,-0.30642226,-0.33638656,-0.44866705,0.85220826,0.3572095,-0.33638656,-0.44866705,-3.125165,0.8638191,-0.30137315,-22.065891,-27.631021,-0.30137315,-0.33852375,-0.44858223,0.8509314,0.35531336,-0.33852375,-0.44858223,-1.1079761999617455,-1.1079960999598133,-0.293479221507908,-0.3064222599527292,-1.0984418977482782,-0.6499979213697189,-0.6500054674410987,-0.14959984951248226,-0.14687448472154158,-0.9477042393988215
pdac.53a7bda44e9cd1a870dfac8596d6b671e14876f2eaa36cb5a3c5a2a83e5e8f96,-4.473442,-0.48445785,-1.1468163,-20.329525,-27.631021,-1.1468163,-1.837115,-2.178785,-0.5266203,-0.9225308,-1.837115,-2.178785,-4.2347236,-0.24573952,-1.0271959,-20.189669,-27.631021,-1.0271959,-1.7492299,-2.021408,-0.30285832,-0.81534314,-1.7492299,-2.021408,-4.23485,-0.245866,-1.0054866,-20.184244,-27.631021,-1.0054866,-1.7363555,-2.0090823,-0.30585688,-0.79698324,-1.7363555,-2.0090823,-2.9054513,1.0835329,-0.2572102,-19.680794,-27.631021,-0.2572102,-0.5669385,-0.7303342,1.0064404,0.17342664,-0.5669385,-0.7303342,-2.9122825,1.0767015,-0.23519084,-19.674961,-27.631021,-0.23519084,-0.5462409,-0.715036,0.9951669,0.19452178,-0.5462409,-0.715036,-1.0271958999657635,-1.146816299968204,-0.23519083997210147,-0.2572101999711891,-1.0054865999648266,-0.6499956409886235,-0.6503650277431523,-0.1494372123515686,-0.14592981458136656,-0.945826962692685
pdac.549b2eee8430b59a2d261826e5c9fe8d140da5eb55eae71567b26de9466c6e69,-4.7196655,-1.8292938,-2.7567174,-20.023148,-27.631021,-2.7567174,-2.7567174,-2.7567174,-1.8292938,-2.274876,-2.9964998,-3.1581683,-4.6696134,-1.7792417,-2.748513,-19.924505,-27.631021,-2.748513,-2.748513,-2.748513,-1.7792417,-2.2586277,-2.9778438,-3.1166387,-4.0622797,-1.1719079,-1.9942635,-19.744171,-27.631021,-1.9942635,-1.9942635,-1.9942635,-1.1719079,-1.6075242,-2.3694687,-2.5603487,-3.3635898,-0.47321793,-1.4146626,-19.448751,-27.631021,-1.4146626,-1.4146626,-1.4146626,-0.47321793,-0.9421998,-1.6668032,-1.8233511,-2.7526882,0.13768369,-0.6602931,-19.268219,-27.631021,-0.6602931,-0.6602931,-0.6602931,0.13768369,-0.2973606,-1.073588,-1.2659194,-2.040759397897432,-2.064883008509783,-0.30211086500989415,-0.8404415486866911,-1.400501742588508,-1.833090090170062,-1.8808173325390318,-0.15015764099740941,-0.5255204362473179,-1.2175942572704248
pdac.55824e9856f635c19bd7ef8aa2c09db3dfb55071807bfe701d3d79fc923b2cbd,-3.9925265,-0.25485677,-1.1571835,-22.557772,-27.631021,-1.1571835,-1.1571835,-1.5655671,-0.25485677,-0.7036338,-1.4348431,-1.5655671,-3.7683978,-0.03072812,-1.1465478,-22.446096,-27.631021,-1.1465478,-1.1465478,-1.430918,-0.03072812,-0.59281474,-1.2972791,-1.430918,-3.6715178,0.066151895,-0.9211496,-22.443436,-27.631021,-0.9211496,-0.9211496,-1.3354895,0.066151895,-0.46830526,-1.1997769,-1.3354895,-2.8289557,0.9087141,-0.44709545,-22.14575,-27.631021,-0.44709545,-0.44709545,-0.5628679,0.9087141,0.23328829,-0.4599414,-0.5628679,-2.7332458,1.0044239,-0.22992915,-22.141264,-27.631021,-0.22992915,-0.22992915,-0.46572635,1.0044239,0.3237753,-0.38069412,-0.46572635,-1.1465477999501505,-1.1571834999590147,-0.2299291499745304,-0.388830754964886,-0.9211495999556807,-0.6499764998484329,-0.6500949515235837,-0.14943789731716256,-0.14789698583413363,-0.9211495551478807
pdac.55e20eba027d218581d6d6565db5d43eb449d169ff91a54b334405982b3fe486,-4.4104986,-1.0093011,-1.1758581,-20.976433,-27.631021,-1.1758581,-1.1758581,-2.4072242,-1.0093011,-1.0940921,-2.4072242,-3.0563717,-4.2729096,-0.8717121,-1.177037,-20.64296,-27.631021,-1.177037,-1.177037,-2.2011328,-0.8717121,-1.0557331,-2.2011328,-2.6502802,-4.363871,-0.96267384,-1.2504612,-20.722511,-27.631021,-1.2504612,-1.2504612,-2.321548,-0.96267384,-1.1394572,-2.321548,-2.7279034,-2.923877,0.47732052,-0.3288762,-20.036476,-27.631021,-0.3288762,-0.3288762,-0.6780169,0.47732052,0.074880406,-0.6780169,-1.0944173,-3.000153,0.4010443,-0.31838918,-20.109705,-27.631021,-0.31838918,-0.31838918,-0.7564464,0.4010443,0.029727634,-0.7564464,-1.1418883,-1.1770369999686459,-1.1758580999631372,-0.2961174663917471,-0.32887619140343366,-1.1074467936094021,-0.8818895691323587,-1.014852879305185,-0.1497571735680514,-0.147955903524624,-0.9722673789908904
pdac.58352b27f6462865bc5f04fb36bb20cdd83580d37505ab7ff4c4eb21ac1bd991,-3.2454581,-1.4536986,-1.4536986,-23.268135,-27.631021,-1.4536986,-1.4536986,-1.4536986,-1.4536986,-1.4536986,-14.54236,-18.905247,-3.244937,-1.4531773,-1.4531773,-23.268047,-27.631021,-1.4531773,-1.4531773,-1.4531773,-1.4531773,-1.4531773,-14.542099,-18.905073,-3.243165,-1.4514056,-1.4514056,-23.267752,-27.631021,-1.4514056,-1.4514056,-1.4514056,-1.4514056,-1.4514056,-14.541214,-18.904484,-2.387858,-0.59609836,-0.59609836,-23.1252,-27.631021,-0.59609836,-0.59609836,-0.59609836,-0.59609836,-0.59609836,-14.11356,-18.61938,-2.3858762,-0.5941167,-0.5941167,-23.12487,-27.631021,-0.5941167,-0.5941167,-0.5941167,-0.5941167,-0.5941167,-14.112569,-18.61872,-1.4531773,-1.4536986,-0.5941167,-0.59609836,-1.4514056,-1.4531772999910901,-1.4536985999910856,-0.5941166999962262,-0.5960983599962187,-1.451405599991106
pdac.593b826cde836b139d7e3d92f3abebfd6c59eb038e1a52830901051ad0fe2af7,-3.640169,-0.05665002,-1.28756,-20.250996,-27.631021,-1.28756,-1.28756,-1.4053633,-0.057578012,-0.7052933,-1.4053633,-1.461282,-3.681023,-0.0975038,-1.2876315,-20.303015,-27.631021,-1.2876315,-1.2876315,-1.3939779,-0.09855522,-0.6951865,-1.3939779,-1.4538598,-3.843699,-0.26018,-1.5155458,-20.304268,-27.631021,-1.5155458,-1.5155458,-1.6121763,-0.2616212,-0.9143676,-1.6121763,-1.6451914,-2.5699036,1.0136154,-0.5000973,-19.823355,-27.631021,-0.5000973,-0.5000973,-0.50565434,1.0082575,0.18750829,-0.50565434,-0.5770829,-2.5502439,1.033275,-0.49288416,-19.779963,-27.631021,-0.49288416,-0.49288416,-0.5080931,1.0269413,0.18516971,-0.5080931,-0.6234462,-1.198764261485945,-1.2399708583554243,-0.29769060434123373,-0.39085825138299,-1.099795714856457,-0.6500272178049725,-0.6500407954551937,-0.1497439461053552,-0.14802311359308326,-0.9497506090087579
pdac.5a7001d71ced3a00d0de43f5a15c3bad82832a822f40c893a1996dfae37df414,-4.8061304,-0.9349294,-1.2014732,-23.714079,-27.631021,-1.2014732,-1.2014732,-2.8133411,-0.9349294,-1.1042314,-2.342243,-2.8133411,-4.7978306,-0.92662966,-1.2020155,-23.703953,-27.631021,-1.2020155,-1.2020155,-2.804937,-0.92662966,-1.1025556,-2.3309448,-2.804937,-4.9090357,-1.0378348,-1.4258478,-23.69978,-27.631021,-1.4258478,-1.4258478,-2.7214913,-1.0378348,-1.2357082,-2.2075584,-2.7214913,-3.7833455,0.08785547,-0.3740375,-23.464201,-27.631021,-0.3740375,-0.3740375,-1.6706611,0.08785547,-0.22597158,-1.2916132,-1.6706611,-3.7090948,0.1621062,-0.35466406,-23.452993,-27.631021,-0.35466406,-0.35466406,-1.4986873,0.1621062,-0.12779059,-1.0385553,-1.4986873,-1.1981623671402788,-1.2014731287042881,-0.2985855083023564,-0.37379233719989,-1.200051872661187,-0.932366880475495,-0.9404823272121904,-0.14991767636520015,-0.14996876960009806,-1.0459183778010508
pdac.5c98f9f84cbff4e1c58a35026e27086b03d0d54844b47969239971081a10df93,-4.1643176,0.19239122,-1.0818106,-21.207472,-27.631021,-1.0818106,-1.2243505,-1.6044433,0.15615219,-0.5210787,-1.2243505,-1.4578359,-3.955536,0.40117314,-1.0769504,-20.96597,-27.631021,-1.0769504,-1.2184308,-1.4181767,0.35400835,-0.5153084,-1.2184308,-1.269252,-4.011728,0.34498137,-1.1167929,-21.049093,-27.631021,-1.1167929,-1.2103353,-1.4131916,0.29975083,-0.5128194,-1.2103353,-1.2650855,-2.719085,1.637624,-0.24800487,-20.491001,-27.631021,-0.24800487,-0.296476,-0.3756925,1.5543641,0.39784545,-0.296476,-0.33015153,-2.7832618,1.5734473,-0.23157647,-20.568678,-27.631021,-0.23157647,-0.28392065,-0.3530083,1.4950572,0.4105959,-0.28392065,-0.30298012,-1.0769503999629535,-1.0818105999674517,-0.23157646995610703,-0.24800486995344795,-1.097705556126598,-0.6498827961810403,-0.6497983359605444,-0.14935437050006978,-0.14514877892072492,-0.9465621716499653
pdac.5d15b8d201f34ad546b6b7ef4230fd3323350b7d8eaaacd885b4c3a84bf4e7e3,-3.8397777,-0.10210798,-0.77203053,-22.08335,-27.631021,-0.77203053,-0.77203053,-1.4206166,-0.10210798,-0.25599992,-0.9682821,-1.4206166,-4.0591874,-0.32151777,-1.1698722,-22.049734,-27.631021,-1.1698722,-1.1698722,-1.5902892,-0.32151777,-0.528903,-1.2234868,-1.5902892,-4.025651,-0.28798142,-0.7785704,-22.100529,-27.631021,-0.7785704,-0.7785704,-1.643185,-0.28798142,-0.47776675,-1.3021346,-1.643185,-3.3554852,0.3821845,-0.69959193,-21.733685,-27.631021,-0.69959193,-0.69959193,-0.88333464,0.3821845,-0.03693261,-0.73055923,-0.88333464,-3.3278358,0.40983394,-0.25175318,-21.783455,-27.631021,-0.25175318,-0.25175318,-0.93025386,0.40983394,0.07982081,-0.7185235,-0.93025386,-1.1698721999678967,-0.7720305299736232,-0.25175317996272534,-0.39872013079775165,-0.7785703999655226,-0.6500693602842273,-0.6495432217689174,-0.14964350138638471,-0.15013887048143007,-0.7785703999721238
pdac.60f5f5551d9d39cc37a37a624f54543d6a54c53d50c19a9f8a862fd95fbb706c,-3.900955,-0.029753964,-1.0584866,-22.622683,-27.631021,-1.0584866,-1.0584866,-1.3914839,-0.029753964,-0.44709533,-1.1438844,-1.3914839,-3.8965383,-0.025337277,-1.058314,-22.610645,-27.631021,-1.058314,-1.058314,-1.3898075,-0.025337277,-0.44481447,-1.1414101,-1.3898075,-3.949714,-0.078512974,-1.0771085,-22.666002,-27.631021,-1.0771085,-1.0771085,-1.4122663,-0.078512974,-0.46874213,-1.1658189,-1.4122663,-2.9914498,0.8797511,-0.41563705,-22.319437,-27.631021,-0.41563705,-0.41563705,-0.59976363,0.8797511,0.24015747,-0.4537145,-0.59976363,-2.9440346,0.9271665,-0.35045877,-22.314384,-27.631021,-0.35045877,-0.35045877,-0.5381948,0.9271665,0.30002972,-0.39406803,-0.5381948,-1.0583139999552862,-1.058486599952802,-0.29608356734918906,-0.38624873228844103,-1.077108499956664,-0.6499482122582645,-0.6498811103601705,-0.1496473448399927,-0.14774830417522705,-0.946800468777885
pdac.617ea03b5bf371b581602e2d791b0b0b5536e8d2ce5b12227d8f6efcc5f7ec6d,-6.1198616,-2.5363424,-3.11419,-22.661747,-27.631021,-3.11419,-3.11419,-3.8180678,-2.5363424,-2.895302,-3.8180678,-4.2181444,-5.659541,-2.076022,-2.9015646,-22.56118,-27.631021,-2.9015646,-2.9015646,-3.0586977,-2.076022,-2.3532557,-3.0586977,-3.6247497,-5.6579485,-2.0744295,-2.8994024,-22.556297,-27.631021,-2.8994024,-2.8994024,-3.062502,-2.0744295,-2.3561125,-3.062502,-3.62598,-3.836118,-0.252599,-1.0135789,-22.176304,-27.631021,-1.0135789,-1.0135789,-1.1981027,-0.252599,-0.48802677,-1.1981027,-1.7986851,-3.8354661,-0.2519472,-1.0218576,-22.171137,-27.631021,-1.0218576,-1.0218576,-1.2009408,-0.2519472,-0.4918433,-1.2009408,-1.799128,-2.3286481474781495,-2.671608925449217,-0.6084577087814452,-0.6081351819760301,-2.2985566794569445,-2.098953627966962,-2.5523936149364204,-0.2733335893721591,-0.27373732154940256,-2.097345340117442
pdac.628078fab006255a2eb163aa7420ae7325bbae59cee9b886484e043b34075265,-3.9831295,0.37357962,-0.7700346,-20.171688,-27.631021,-0.7700346,-1.2683572,-1.707835,0.24791385,-0.45586956,-1.2683572,-1.5555502,-3.841864,0.5148449,-0.772695,-19.960821,-27.631021,-0.772695,-1.2548211,-1.590627,0.35769603,-0.4496929,-1.2548211,-1.424927,-3.83348,0.5232291,-0.77941245,-20.013302,-27.631021,-0.77941245,-1.256059,-1.5948591,0.36568835,-0.4533734,-1.256059,-1.4287847,-2.5274723,1.8292367,-0.2059555,-19.423594,-27.631021,-0.2059555,-0.24390839,-0.4161223,1.6212854,0.44995883,-0.24390839,-0.35031527,-2.5064516,1.8502573,-0.20111191,-19.472977,-27.631021,-0.20111191,-0.23903534,-0.4098327,1.6483686,0.45483077,-0.23903534,-0.345109,-0.7726949999671202,-0.7700345999698,-0.2011119099739863,-0.20595549997425355,-0.7794124499659254,-0.6497033164700003,-0.6493393544572086,-0.14922443162870824,-0.14410551384263354,-0.7794124499625743
pdac.66d475772f20b9b96304dcd65c028a16ff42e098544a7a2b857325e6a4008fcf,-4.714917,-1.3137195,-1.4359283,-23.02899,-27.631021,-1.4359283,-1.4359283,-2.9639707,-1.3137195,-1.389931,-2.9639707,-3.542547,-4.534763,-1.1335655,-1.2639294,-22.97092,-27.631021,-1.2639294,-1.2639294,-2.8673322,-1.1335655,-1.2242417,-2.8673322,-3.4207866,-4.4071245,-1.0059271,-1.139233,-22.937464,-27.631021,-1.139233,-1.139233,-2.771139,-1.0059271,-1.1017038,-2.771139,-3.3375874,-3.553862,-0.15266462,-0.44025394,-22.656452,-27.631021,-0.44025394,-0.44025394,-1.6376511,-0.15266462,-0.35298377,-1.6376511,-2.106414,-3.416451,-0.015253453,-0.31371555,-22.622425,-27.631021,-0.31371555,-0.31371555,-1.5111353,-0.015253453,-0.22644919,-1.5111353,-1.9413096,-1.2344578082702926,-1.3860640123291974,-0.29806743424429794,-0.4007884222316809,-1.101659269516428,-1.137910997806352,-1.3177931306496382,-0.15005768725714824,-0.1624421684445394,-1.0103706409114426
pdac.67cce11af8007e7c91f4dd0201f62e5b74dcc6d39dbc4060b4dec5dbe7109996,-3.9002612,0.08872283,-1.199984,-20.75347,-27.631021,-1.199984,-1.2472169,-1.3057482,0.080813535,-0.5529547,-1.2472169,-1.3057482,-3.8496377,0.13934629,-1.2171837,-20.548746,-27.631021,-1.2171837,-1.259717,-1.2868849,0.10907754,-0.5656656,-1.259717,-1.2868849,-3.859358,0.129626,-1.2180021,-20.595118,-27.631021,-1.2180021,-1.2569654,-1.2787846,0.10486059,-0.5630594,-1.2569654,-1.2787846,-2.7167926,1.2721915,-0.33459672,-20.075611,-27.631021,-0.33459672,-0.37066787,-0.40537375,1.204207,0.32312974,-0.37066787,-0.40537375,-2.738482,1.250502,-0.32088575,-20.114473,-27.631021,-0.32088575,-0.35279173,-0.38645265,1.1917503,0.3408644,-0.35279173,-0.38645265,-1.1977923266947736,-1.1999836995138493,-0.2945757576308477,-0.3345966164777803,-1.0988378062770512,-0.6499604114419628,-0.6499184794703108,-0.14955668235920183,-0.1465826532207541,-0.9476774578312057
pdac.687f0e0f02f5f116c821004bdcddce39d0726dd1493b5eb44e906c976f042ddb,-5.1851764,-1.783979,-2.231921,-23.060854,-27.631021,-2.231921,-2.231921,-2.6307082,-1.783979,-1.8600676,-2.6307082,-3.503254,-4.736807,-1.3356096,-1.772276,-22.97325,-27.631021,-1.772276,-1.772276,-2.1807537,-1.3356096,-1.4064013,-2.1807537,-3.1622202,-4.509127,-1.1079296,-1.5629965,-22.931477,-27.631021,-1.5629965,-1.5629965,-1.9458272,-1.1079296,-1.1811234,-1.9458272,-2.8236802,-3.5268788,-0.1256813,-0.7183149,-22.667658,-27.631021,-0.7183149,-0.7183149,-0.9695877,-0.1256813,-0.2451982,-0.9695877,-1.7518572,-3.2921884,0.10900895,-0.5078346,-22.625761,-27.631021,-0.5078346,-0.5078346,-0.73351043,0.10900895,-0.015111727,-0.73351043,-1.4125333,-1.5540574895507309,-1.9603444831974954,-0.30138529205424636,-0.4533306839889587,-1.3156182363305886,-1.3501650285125453,-1.7989104627670154,-0.15008640011313146,-0.15668273841876168,-1.1230984827181643
pdac.6bf798d089e25c1c39905be4ea8006b203d1a66e81b9807d937055e1889ef799,-4.900772,-0.91178775,-1.4682125,-22.887419,-27.631021,-1.4682125,-1.983453,-2.5949388,-0.91746116,-1.1630576,-1.983453,-2.5949388,-4.8816357,-0.8926516,-1.4628377,-22.869469,-27.631021,-1.4628377,-1.9850924,-2.5943906,-0.89842194,-1.161353,-1.9850924,-2.5943906,-4.9591885,-0.9702044,-1.5407697,-22.90344,-27.631021,-1.5407697,-2.029272,-2.6624262,-0.97291225,-1.2212715,-2.029272,-2.6624262,-3.4724228,0.5165613,-0.36537075,-22.51486,-27.631021,-0.36537075,-0.6953917,-1.0415305,0.5064307,0.051251657,-0.6953917,-1.0415305,-3.4653099,0.52367425,-0.3608655,-22.512201,-27.631021,-0.3608655,-0.6816379,-1.0418049,0.51266205,0.062097933,-0.6816379,-1.0418049,-1.20053893760482,-1.2502245123724687,-0.2972163167311169,-0.3652821024308951,-1.1510994073882452,-0.9032105829456598,-0.9220919270815253,-0.14975797198947036,-0.14813150139503362,-0.980770468891574
pdac.6c465b08b9004a70ad76f6f42997675cd04f754890a810a7c2529292992a8c79,-5.4228354,-1.1461694,-1.3365923,-23.840181,-27.631021,-1.3365923,-2.8378289,-3.7296476,-1.1464077,-1.2881222,-2.8378289,-3.3429718,-5.1507516,-0.87408555,-1.3364664,-23.554316,-27.631021,-1.3364664,-2.129572,-2.794214,-0.8802306,-1.150236,-2.129572,-2.4356894,-5.0525064,-0.7758405,-1.2901368,-23.6208,-27.631021,-1.2901368,-1.8748581,-2.641958,-0.77744585,-1.0196975,-1.8748581,-2.2721298,-3.9171734,0.35949284,-0.5498088,-23.246485,-27.631021,-0.5498088,-0.82019997,-1.3164834,0.34301654,-0.090934016,-0.82019997,-1.0312047,-3.7907968,0.48586938,-0.50235856,-23.312895,-27.631021,-0.50235856,-0.56487083,-1.1638995,0.48184824,0.13022897,-0.56487083,-0.8672214,-1.2000381262404485,-1.2544469346957339,-0.29898453830334126,-0.39627255473566825,-1.1001554395992459,-0.8805074479554282,-1.1488141034813069,-0.14987892492696647,-0.14963146724934012,-0.9511971728447939
pdac.6d6ec37c242b1be988d63aad2b4f40d3d53cfccdcfbbd4d7012bd08806bc5313,-5.5836926,-1.0193444,-2.0651164,-22.175436,-27.631021,-2.0651164,-2.4074287,-2.9259307,-1.0623547,-1.6568024,-2.4074287,-2.542442,-5.271713,-0.7073644,-1.7531394,-22.008236,-27.631021,-1.7531394,-2.1501055,-2.6484272,-0.7780625,-1.3801535,-2.1501055,-2.3271475,-5.2816167,-0.7172684,-1.7382156,-22.012047,-27.631021,-1.7382156,-2.1756601,-2.6705031,-0.78826463,-1.3897383,-2.1756601,-2.3350341,-3.5155423,1.048806,-0.3218953,-21.445044,-27.631021,-0.3218953,-0.53643787,-0.9506187,0.91345096,0.17954917,-0.53643787,-0.73145485,-3.4926896,1.0716585,-0.2923907,-21.44188,-27.631021,-0.2923907,-0.51858795,-0.9193439,0.93778586,0.19992658,-0.51858795,-0.7163245,-1.2003478466122173,-1.2571725454744227,-0.29083580538857023,-0.32189529651775706,-1.1006011628327852,-0.7182579165682696,-1.0302378929260594,-0.14954507657782246,-0.1467384555647369,-0.9521434176070406
pdac.6e76f9649d713a23e4d01b62f28d8d7fcae67a0307e985d629de0b29484b4a6d,-3.885841,0.30381387,-0.6021646,-23.783281,-27.631021,-0.6021646,-0.7179245,-1.2848694,0.30371594,-0.01809206,-0.7179245,-0.9925694,-3.8803577,0.30929703,-0.6022046,-23.686218,-27.631021,-0.6022046,-0.71796954,-1.285027,0.30881435,-0.018136512,-0.71796954,-0.9926127,-3.8815973,0.30805746,-0.6025348,-23.696072,-27.631021,-0.6025348,-0.71874547,-1.28549,0.30753082,-0.018860944,-0.71874547,-0.99324673,-3.213684,0.9759706,-0.18590508,-23.495043,-27.631021,-0.18590508,-0.23344263,-0.54614365,0.9749781,0.46083403,-0.23344263,-0.3716647,-3.2172403,0.97241455,-0.18566509,-23.504753,-27.631021,-0.18566509,-0.23297751,-0.54567105,0.9711056,0.46128848,-0.23297751,-0.37127465,-0.6022045999626144,-0.6021645999604903,-0.18566508995376335,-0.18590507995353128,-0.6025347999616424,-0.6022045999738737,-0.6021645999740322,-0.14927257857782367,-0.14439568411231418,-0.6025347999738999
pdac.6e84941a947a64ac84085495dc6bdc385cbd40ffc58360fd3eed4d88aafe9880,-5.6688423,-1.9311726,-2.484521,-23.268263,-27.631021,-2.484521,-2.484521,-3.4750614,-1.9311726,-2.2175376,-3.0765755,-3.4750614,-5.1683254,-1.4306557,-1.8222125,-23.21694,-27.631021,-1.8222125,-1.8222125,-3.1304727,-1.4306557,-1.6161807,-2.5596828,-3.1304727,-5.0962086,-1.3585387,-1.7790383,-23.208559,-27.631021,-1.7790383,-1.7790383,-3.0333042,-1.3585387,-1.5308763,-2.412552,-3.0333042,-3.8731167,-0.13544694,-0.6697651,-22.926956,-27.631021,-0.6697651,-0.6697651,-1.775846,-0.13544694,-0.3777498,-1.2104605,-1.775846,-3.7901504,-0.052480772,-0.6251499,-22.917683,-27.631021,-0.6251499,-0.6251499,-1.6768985,-0.052480772,-0.27657256,-1.0624243,-1.6768985,-1.6212795352085454,-2.071280119973345,-0.3754764790375199,-0.44859531586134543,-1.5305065244294185,-1.4399785576050264,-1.9443476137003841,-0.1503685714752444,-0.1569502197523528,-1.3685507160194748
pdac.6fcf37b8eff45f51157e2214f44c0afd6515e413dda16679d8413b5257ac2405,-6.1412754,-2.4036057,-2.9694345,-22.853746,-27.631021,-2.9694345,-2.9694345,-4.1107717,-2.4036057,-2.7523787,-3.67799,-4.1107717,-5.2304573,-1.4927878,-2.3319683,-22.62426,-27.631021,-2.3319683,-2.3319683,-3.0664494,-1.4927878,-1.9755627,-2.7560663,-3.0664494,-4.921148,-1.1834782,-1.7500427,-22.609812,-27.631021,-1.7500427,-1.7500427,-2.8020754,-1.1834782,-1.5341506,-2.4615874,-2.8020754,-3.5391834,0.19848624,-0.86931854,-22.271671,-27.631021,-0.86931854,-0.86931854,-1.1623224,0.19848624,-0.28074363,-0.98000395,-1.1623224,-3.2526083,0.48506153,-0.28700262,-22.257143,-27.631021,-0.28700262,-0.28700262,-0.8912401,0.48506153,0.11415083,-0.64007175,-0.8912401,-1.7048758762591287,-2.532968879678628,-0.28696147553156337,-0.4027600679787674,-1.3559678327848421,-1.5127683018013687,-2.4170778504869013,-0.14967993160132406,-0.15135744218609487,-1.1969679072812658
pdac.6ffa99a65c84b1088ff2565a370cd6278dcb2c0e69a37221af1192790b3b5e66,-3.886079,-0.30256018,-1.237435,-20.058222,-27.631021,-1.237435,-1.237435,-1.3382907,-0.3027164,-0.6400662,-1.3382907,-1.7132657,-3.3235905,0.25992852,-0.77776015,-19.651167,-27.631021,-0.77776015,-0.77776015,-0.97890633,0.2587265,-0.26566422,-0.97890633,-1.065136,-3.3544345,0.22908449,-0.8144314,-19.650051,-27.631021,-0.8144314,-0.8144314,-1.0260082,0.228039,-0.3106437,-1.0260082,-1.1280625,-2.4238524,1.1596667,-0.25112313,-19.07498,-27.631021,-0.25112313,-0.25112313,-0.36059248,1.1480235,0.33853456,-0.36059248,-0.46300933,-2.442087,1.141432,-0.2877344,-19.073818,-27.631021,-0.2877344,-0.2877344,-0.37870306,1.1343629,0.31857607,-0.37870306,-0.5257892,-0.7777601499540617,-1.2330588999930727,-0.28756896326770454,-0.25112312996895714,-0.81443139995209,-0.6497438229777792,-0.6501873453239619,-0.14953035668597592,-0.14575137016608952,-0.8144313999704733
pdac.72bbd452ed7f204187777dcf8fb150e53c7dbeae32e3699475d01f179b1114c8,-3.6390338,0.09863591,-0.8476692,-20.467377,-27.631021,-0.8476692,-0.8476692,-1.3257109,0.096535325,-0.22996481,-0.9261917,-1.3257109,-3.6353965,0.102273144,-0.8565862,-20.29676,-27.631021,-0.8565862,-0.8565862,-1.3274072,0.09763096,-0.23475829,-0.93064535,-1.3274072,-3.643832,0.09383772,-0.8691243,-20.355865,-27.631021,-0.8691243,-0.8691243,-1.3361949,0.09038506,-0.2429838,-0.9385382,-1.3361949,-2.5080667,1.229603,-0.2218686,-19.735363,-27.631021,-0.2218686,-0.2218686,-0.34847894,1.2102815,0.40417525,-0.29138634,-0.34847894,-2.5078995,1.2297702,-0.2063387,-19.790472,-27.631021,-0.2063387,-0.2063387,-0.3394219,1.2151022,0.41298625,-0.28310454,-0.3394219,-0.8565861999595088,-0.8476691999563659,-0.20633869996814502,-0.22186859996765107,-0.8691242999577539,-0.6498325748913039,-0.6495958710890084,-0.14932622237641693,-0.14511293884945203,-0.8691242999726414
pdac.7345f8c7dc89854f3307344fc405d68108735641c81a8b6c4b68224d5602cb78,-4.1910605,0.308749,-0.52218056,-21.947498,-27.631021,-0.52218056,-0.86212695,-1.7947984,0.28941402,-0.11227777,-0.86212695,-1.1253836,-4.146727,0.35308272,-0.52220064,-21.733576,-27.631021,-0.52220064,-0.8499508,-1.715341,0.31730604,-0.104028426,-0.8499508,-1.1071129,-4.142299,0.35751045,-0.5232454,-21.75135,-27.631021,-0.5232454,-0.85305905,-1.7280804,0.31843302,-0.10648167,-0.85305905,-1.10833,-3.2297344,1.2700754,-0.15827121,-21.279757,-27.631021,-0.15827121,-0.24542326,-0.72860867,1.1640025,0.45151687,-0.24542326,-0.3321456,-3.228817,1.2709928,-0.15585814,-21.296621,-27.631021,-0.15585814,-0.24266064,-0.736089,1.1669137,0.45424914,-0.24266064,-0.32615507,-0.5222006399621031,-0.5221805599613548,-0.15585813996844228,-0.15827120996839425,-0.523245399960128,-0.5222006399748089,-0.5221805599521709,-0.14886961793598263,-0.1423541300107991,-0.5232453999746514
pdac.7356028f0d7a06a6c912febf441abd04c023f419cc19cbd54f4daa1b1d24ef7f,-4.901296,-0.6246301,-1.6151006,-22.161861,-27.631021,-1.6151006,-1.7512262,-2.3750644,-0.6359474,-1.0488424,-1.7512262,-1.927454,-4.4815183,-0.20485191,-1.0791959,-21.848978,-27.631021,-1.0791959,-1.4532831,-1.9263878,-0.23836575,-0.6917388,-1.4532831,-1.5979793,-4.372141,-0.09547489,-0.9499517,-21.878464,-27.631021,-0.9499517,-1.3136057,-1.8290931,-0.12384492,-0.55574435,-1.3136057,-1.5049378,-3.3952112,0.8814548,-0.47338414,-21.43866,-27.631021,-0.47338414,-0.6657403,-0.930692,0.8105714,0.04579434,-0.6657403,-0.7329129,-3.349987,0.92667913,-0.344,-21.467928,-27.631021,-0.344,-0.52405286,-0.83223474,0.8646648,0.185217,-0.52405286,-0.6383279,-1.0791958999620346,-1.249436788343525,-0.2959117474638475,-0.390359329185611,-0.9499516999614147,-0.649998827317233,-0.6513412006928005,-0.14963867261796204,-0.14806291326884674,-0.9420392657004686
pdac.74ce69bff8d17cc0f8829ce52e37dcc0058275a8061ee8356ac353797b201b56,-5.8351727,-1.8461884,-2.4850097,-22.706745,-27.631021,-2.4850097,-3.1135354,-3.4047418,-1.8536494,-2.2346466,-3.1135354,-3.4047418,-4.801543,-0.812559,-1.6718345,-22.451973,-27.631021,-1.6718345,-1.9880476,-2.2859848,-0.822392,-1.2457167,-1.9880476,-2.2859848,-4.91073,-0.92174566,-2.1238532,-22.441761,-27.631021,-2.1238532,-2.3045707,-2.406927,-0.93137914,-1.5951821,-2.3045707,-2.406927,-3.48502,0.5039641,-0.78424156,-22.110544,-27.631021,-0.78424156,-0.85815245,-0.97869164,0.4883433,-0.16227634,-0.85815245,-0.97869164,-3.4754345,0.5135495,-0.6616247,-22.100325,-27.631021,-0.6616247,-0.85049367,-0.9913504,0.5005151,-0.13961582,-0.85049367,-0.9913504,-1.2005720991790234,-1.975773422099117,-0.2996907872138396,-0.39859808954089837,-1.1287641340016226,-0.8284715170557763,-1.8580185048655804,-0.14995171880995717,-0.15001111204900142,-0.957606759694561
pdac.74ee47496d69f4081390f7a0ab460b408539fbabf9e8e21db50a98726add0316,-4.0760775,0.28063157,-1.2845532,-22.191124,-27.631021,-1.2845532,-1.2885506,-1.3285928,0.2746607,-0.5953954,-1.2885506,-1.2933722,-4.00772,0.3489888,-1.2710772,-21.882473,-27.631021,-1.2710772,-1.2777711,-1.3244164,0.32694694,-0.5846015,-1.2777711,-1.2879883,-3.9425902,0.41411874,-1.0023272,-22.00745,-27.631021,-1.0023272,-1.1465778,-1.2496766,0.40125385,-0.44306237,-1.1465778,-1.2068043,-2.9471545,1.4095544,-0.39439154,-21.47434,-27.631021,-0.39439154,-0.44785947,-0.5044012,1.3452799,0.24671644,-0.44785947,-0.46981075,-2.8946877,1.4620212,-0.2425101,-21.596577,-27.631021,-0.2425101,-0.3117495,-0.41338682,1.4258528,0.38379285,-0.3117495,-0.3692853,-1.1984174131277228,-1.2389180142630838,-0.24251009995941328,-0.38109490145979363,-1.002327199965026,-0.6499396830312187,-0.6498876954690436,-0.14939516611840015,-0.14688356603142427,-0.9446248211517858
pdac.759fcac6f2c2d5a3e85fcd0328fa00057d9febcba896204d2b2e4949b4d2a15a,-4.3782887,-0.64061886,-2.1273913,-18.784857,-27.631021,-2.1273913,-2.1273913,-2.3077526,-0.6900731,-1.4977599,-2.1930618,-2.3077526,-4.129511,-0.39184096,-2.0297437,-18.55781,-27.631021,-2.0297437,-2.0297437,-2.1738923,-0.45209125,-1.4331539,-2.131466,-2.1738923,-4.162635,-0.42496535,-1.98671,-18.599562,-27.631021,-1.98671,-1.98671,-2.1958628,-0.48126492,-1.4106519,-2.1115744,-2.1958628,-2.5852942,1.1523756,-0.39392766,-17.923964,-27.631021,-0.39392766,-0.39392766,-0.6837388,1.0822082,0.13981566,-0.5684909,-0.6837388,-2.6041636,1.133506,-0.38942093,-17.96211,-27.631021,-0.38942093,-0.38942093,-0.6663565,1.0724328,0.16044998,-0.54470575,-0.6663565,-1.2001701558062798,-1.2522558284287677,-0.29650761102155365,-0.3816400370850811,-1.1003208239456415,-0.6502442001035953,-0.6760181882736996,-0.14964854821416315,-0.14720982103486174,-0.9512815054328965
pdac.75bcb181b4f2a515c0758cf202f05fb24e8c7d1f95d47a9a2b4cab0e2f6b7a5f,-4.9992414,-1.598044,-1.8123407,-20.482412,-27.631021,-1.8123407,-1.8123407,-2.820333,-1.598044,-1.6873049,-2.820333,-3.460762,-4.410103,-1.0089055,-1.706442,-19.884422,-27.631021,-1.706442,-1.706442,-2.1891403,-1.0089055,-1.3837557,-2.1891403,-2.4645433,-4.394196,-0.9929987,-1.4650356,-19.994894,-27.631021,-1.4650356,-1.4650356,-2.2752872,-0.9929987,-1.2845497,-2.2752872,-2.5843992,-2.9180675,0.48312992,-0.6888815,-19.226871,-27.631021,-0.6888815,-0.6888815,-0.82312226,0.48312992,-0.1209917,-0.82312226,-0.9727846,-3.005693,0.3955045,-0.44508356,-19.33725,-27.631021,-0.44508356,-0.44508356,-0.8937112,0.3955045,-0.10313557,-0.8937112,-1.1063237,-1.2279851559752046,-1.6995868287486982,-0.29884193244943436,-0.39769512931712014,-1.165760581677334,-1.0321567401149503,-1.605187190466907,-0.14988039548300214,-0.14983441010900062,-1.0087333136062588
pdac.76192c33dd02ab0443ce972d2712a7936c7529777bf0465f6c4f128bd2161c56,-3.3646433,-0.18658957,-0.7268035,-23.362926,-27.631021,-0.7268035,-0.7268035,-1.2331051,-0.18658957,-0.41691574,-1.2331051,-1.4635344,-3.363237,-0.18518306,-0.7258268,-23.362629,-27.631021,-0.7258268,-0.7258268,-1.2312031,-0.18518306,-0.41544554,-1.2312031,-1.461947,-3.335454,-0.15740022,-0.69719976,-23.358368,-27.631021,-0.69719976,-0.69719976,-1.2046143,-0.15740022,-0.38790467,-1.2046143,-1.4340854,-2.6292472,0.5488066,-0.25495055,-23.205618,-27.631021,-0.25495055,-0.25495055,-0.5169975,0.5488066,0.21009809,-0.5169975,-0.6464721,-2.5904505,0.58760333,-0.21492402,-23.199476,-27.631021,-0.21492402,-0.21492402,-0.4790744,0.58760333,0.24856219,-0.4790744,-0.6072242,-0.7258267999632364,-0.726803499959034,-0.2149240199742234,-0.2549505499741581,-0.697199759961409,-0.6497662458482285,-0.6494586761331216,-0.14949366462536634,-0.1469018971619882,-0.6971997599698887
pdac.7d8096443b0bafc320360b1ed49a6c092a08feeefdfbb48cb9e4584a6b58714b,-8.548927,-4.454582,-5.5408754,-22.325933,-27.631021,-5.5408754,-5.553608,-6.063772,-4.4726515,-4.8603797,-5.553608,-6.063772,-7.175453,-3.0811086,-4.2334414,-21.763699,-27.631021,-4.2334414,-4.2918987,-4.645661,-3.1304123,-3.5970442,-4.2918987,-4.645661,-7.006333,-2.9119883,-3.887236,-21.791609,-27.631021,-3.887236,-4.0548887,-4.5413113,-2.9398808,-3.347753,-4.0548887,-4.5413113,-5.575924,-1.4815793,-2.8908856,-21.199518,-27.631021,-2.8908856,-2.9645567,-3.3031275,-1.5684334,-2.2686982,-2.9645567,-3.3031275,-5.437103,-1.3427582,-2.4277651,-21.227427,-27.631021,-2.4277651,-2.7275462,-3.0693731,-1.3986026,-1.990122,-2.7275462,-3.0693731,-3.3139198312335294,-4.635926905573832,-1.7093814729762293,-1.8258907870783658,-3.104840025103032,-3.100314048191188,-4.472686838326906,-1.360841680314961,-1.5050677866294615,-2.928242466595778
pdac.7decabff6d7a54fbce2bff7f23aa2082d11fd459ab6f9f8438295e5fbabfdcc7,-4.3072577,-0.7237385,-1.4521341,-21.006855,-27.631021,-1.4521341,-1.4521341,-2.0096529,-0.7237385,-1.1685331,-2.0096529,-2.3042088,-4.3023176,-0.7187987,-1.5061827,-21.013748,-27.631021,-1.5061827,-1.5061827,-1.969884,-0.7187987,-1.1728727,-1.969884,-2.1953778,-4.6029334,-1.0194144,-2.1328115,-21.062723,-27.631021,-2.1328115,-2.1328115,-2.2409108,-1.0194144,-1.5419322,-2.2409108,-2.5121703,-2.650682,0.9328371,-0.2538675,-20.496738,-27.631021,-0.2538675,-0.2538675,-0.35109264,0.9328371,0.3467735,-0.35109264,-0.5299161,-2.5499446,1.0335743,-0.19019355,-20.46974,-27.631021,-0.19019355,-0.19019355,-0.2685319,1.0335743,0.4276806,-0.2685319,-0.4432224,-1.2000725986380598,-1.2479091049417503,-0.19019354997485913,-0.25386749995200825,-1.2314707452917988,-0.74067048336093,-0.7439716840338948,-0.14928902781796352,-0.1461160531588737,-1.0503420578252571
pdac.7e98124ff495d361ad2b5b9af84ea85dc598461970a55f139ef311f86f44bfb0,-4.1927404,-0.6092215,-1.7039956,-21.283262,-27.631021,-1.7039956,-1.7039956,-1.8721116,-0.6092215,-1.164899,-1.8721116,-1.9427708,-4.0084014,-0.42488247,-1.63391,-21.061256,-27.631021,-1.63391,-1.63391,-1.713418,-0.42488247,-1.0171133,-1.713418,-1.8063192,-3.993954,-0.41043493,-1.5946019,-21.084442,-27.631021,-1.5946019,-1.5946019,-1.6874976,-0.41043493,-0.99004185,-1.6874976,-1.7841212,-2.8434422,0.7400767,-0.6732238,-20.659403,-27.631021,-0.6732238,-0.6732238,-0.7149298,0.7400767,-0.020913195,-0.7149298,-0.77419186,-2.86635,0.71716905,-0.6325049,-20.68229,-27.631021,-0.6325049,-0.6325049,-0.68729305,0.71716905,0.0073542777,-0.68729305,-0.7505026,-1.199908486702701,-1.2502671998769408,-0.299021397783022,-0.3957998328719762,-1.1000625092177843,-0.6502171793984058,-0.6513985773012412,-0.14988453461176732,-0.14917355077631078,-0.9504089677130988
pdac.7ed030aadbe23cd6c44869f54cd5b85bf65f77878311998d59c25cd032ca7b4e,-5.4127226,-1.318378,-2.411287,-21.273787,-27.631021,-2.411287,-2.5833826,-2.9827976,-1.3844218,-1.8754995,-2.5833826,-2.9827976,-5.0647564,-0.97041196,-2.0383658,-21.0978,-27.631021,-2.0383658,-2.224862,-2.696442,-1.04444,-1.5144244,-2.224862,-2.696442,-5.074592,-0.98024756,-2.0381858,-21.084429,-27.631021,-2.0381858,-2.3717647,-2.7948039,-1.0637645,-1.6239823,-2.3717647,-2.7948039,-3.5087588,0.58558583,-0.9660098,-20.5829,-27.631021,-0.9660098,-1.113133,-1.1761205,0.4904619,-0.409202,-1.113133,-1.1761205,-3.406899,0.6874456,-0.9655598,-20.562475,-27.631021,-0.9655598,-1.1044445,-1.1701181,0.591884,-0.40168372,-1.1044445,-1.1701181,-1.2019023655478254,-1.4569431480620127,-0.299988664610516,-0.39941213611304194,-1.132797097089895,-0.9882111722531723,-1.3365931080270492,-0.15000148493099363,-0.15023739203319836,-0.9978798524122305
pdac.7f3cb82cc41988c2d6d360645ed0e881a2e7a9c51a68490a2efd760524245365,-6.702217,-4.2173104,-4.2753425,-22.617645,-27.631021,-4.2753425,-4.2753425,-4.2753425,-4.2173104,-4.2181096,-5.6912785,-7.5775185,-5.459229,-2.9743223,-3.0155177,-22.328514,-27.631021,-3.0155177,-3.0155177,-3.0155177,-2.9743223,-2.9751751,-4.610572,-6.420995,-4.921275,-2.4363685,-2.4708054,-22.246231,-27.631021,-2.4708054,-2.4708054,-2.4708054,-2.4363685,-2.4369054,-4.1544747,-6.0918603,-3.6316729,-1.1467661,-1.1877459,-21.906616,-27.631021,-1.1877459,-1.1877459,-1.1877459,-1.1467661,-1.147325,-2.7818105,-4.733398,-3.092818,-0.60791135,-0.6422133,-21.824234,-27.631021,-0.6422133,-0.6422133,-0.6422133,-0.60791135,-0.60826284,-2.3251286,-4.403873,-3.0123239743594237,-4.263831963691418,-0.6410566288612913,-1.1861004976926068,-2.467825110307235,-2.9777553202275335,-4.222146618978352,-0.6107698613684599,-1.1501810524299336,-2.4392382805944015
pdac.7f77e76b4c9dd103e33b16b120a64a1d0a446df39a12c6294057161bd3f02f65,-3.8297405,0.2646042,-1.0293783,-22.556484,-27.631021,-1.0293783,-1.1133218,-1.2122774,0.26337197,-0.41665548,-1.1133218,-1.2122774,-3.8221881,0.2721565,-1.0279199,-22.450731,-27.631021,-1.0279199,-1.1126561,-1.2149999,0.26604187,-0.41592306,-1.1126561,-1.2149999,-3.8262498,0.26809487,-1.0352291,-22.46886,-27.631021,-1.0352291,-1.1176631,-1.2162701,0.2634412,-0.4211221,-1.1176631,-1.2162701,-2.8897333,1.2046113,-0.27914247,-22.12343,-27.631021,-0.27914247,-0.36899412,-0.39918706,1.1851329,0.32818428,-0.36899412,-0.39918706,-2.8810287,1.2133158,-0.26651204,-22.13876,-27.631021,-0.26651204,-0.3561073,-0.38608396,1.1989243,0.34104818,-0.3561073,-0.38608396,-1.0279198999695807,-1.0293782999689034,-0.2665120399667371,-0.2791424699666103,-1.035229099969133,-0.649884734234879,-0.6497338707434182,-0.1494806015502042,-0.14607143111437204,-0.9455785685383242
pdac.83f2d92c94ce21a352b38b1cd7edecbda12dc0cdd890f7b6321a9769a6feedc3,-3.320608,0.869047,-0.39539123,-20.362204,-27.631021,-0.39539123,-0.66820633,-0.99882036,0.82142603,0.06170224,-0.66820633,-0.80908936,-3.3027034,0.8869515,-0.39539123,-20.244602,-27.631021,-0.39539123,-0.6694449,-0.96799225,0.8327434,0.06079411,-0.6694449,-0.8117593,-3.392126,0.79752886,-0.3954112,-20.279932,-27.631021,-0.3954112,-0.7318392,-1.0882951,0.74396145,0.01686348,-0.7318392,-0.9677131,-2.4166362,1.7730186,-0.11334552,-19.787985,-27.631021,-0.11334552,-0.22480002,-0.30846572,1.6158206,0.4745454,-0.22480002,-0.27094758,-2.4173164,1.7723384,-0.11332549,-19.799726,-27.631021,-0.11332549,-0.21937037,-0.29859173,1.6253015,0.47938907,-0.21937037,-0.266617,-0.39539122996808074,-0.3953912299672296,-0.11332548995344682,-0.1133455199534237,-0.3954111999698646,-0.3953912299632444,-0.39539122996375753,-0.11332548997297574,-0.11334551910786814,-0.395411199965807
pdac.85c36a035e609f8eded25542b8441ecb28fcb348513ca2142e33662af200ec81,-5.1321697,-1.548651,-2.5078034,-22.434525,-27.631021,-2.5078034,-2.5078034,-2.7358408,-1.548651,-2.0169153,-2.7358408,-2.991887,-4.6259413,-1.0424225,-1.8002678,-22.362553,-27.631021,-1.8002678,-1.8002678,-2.1699634,-1.0424225,-1.4099809,-2.1699634,-2.4158986,-4.334227,-0.7507082,-1.4955504,-22.324665,-27.631021,-1.4955504,-1.4955504,-1.8013746,-0.7507082,-1.0621744,-1.8013746,-2.0833418,-3.5366828,0.04683605,-0.957122,-22.080439,-27.631021,-0.957122,-0.957122,-1.1117418,0.04683605,-0.40668827,-1.1117418,-1.3185856,-3.2480338,0.33548516,-0.65240455,-22.041344,-27.631021,-0.65240455,-0.65240455,-0.743153,0.33548516,-0.045893796,-0.743153,-0.9859954,-1.2714328102660473,-1.740614890708346,-0.30038555604362394,-0.40741056661382447,-1.100593452062388,-1.0634737847197178,-1.5752941592296863,-0.1500196877801427,-0.1526402850108169,-0.9518842782268802
pdac.8b5b183554faeba4aef48db5d679d93b7a445cfb34a3d1e24be04f9b066b18d8,-4.144091,-0.9660372,-1.5685376,-19.883404,-27.631021,-1.5685376,-1.5685376,-1.8045795,-0.9660372,-1.0838293,-1.8045795,-2.571405,-4.1107635,-0.9327099,-1.5742073,-19.815514,-27.631021,-1.5742073,-1.5742073,-1.8103418,-0.9327099,-1.0895702,-1.8103418,-2.513717,-4.281638,-1.103584,-1.784103,-19.823229,-27.631021,-1.784103,-1.784103,-2.0210855,-1.103584,-1.3001169,-2.0210855,-2.6480153,-2.732058,0.4459958,-0.65239096,-19.164288,-27.631021,-0.65239096,-0.65239096,-0.81972885,0.4459958,-0.11264557,-0.81972885,-0.9942373,-2.7066946,0.47135937,-0.63035345,-19.15145,-27.631021,-0.63035345,-0.63035345,-0.7975118,0.47135937,-0.09045828,-0.7975118,-0.9713861,-1.2016531265269719,-1.2541507453285683,-0.29971321627877484,-0.3974886074746491,-1.3282570944169305,-0.959438949170119,-0.9911414144141404,-0.14996152534608923,-0.14984557589200437,-1.13193891624921
pdac.8b60c481a94047662b09a4928c1846b5f9aef06fe283100469ee59e43e308d08,-7.4026403,-5.610881,-6.0122967,-20.542337,-27.631021,-6.0122967,-6.0122967,-6.0122967,-5.610881,-5.610881,-6.3649693,-13.453653,-7.136577,-5.3448176,-5.641817,-20.478262,-27.631021,-5.641817,-5.641817,-5.641817,-5.3448176,-5.3448176,-6.1727433,-13.325502,-6.3684773,-4.576718,-5.186545,-20.178566,-27.631021,-5.186545,-5.186545,-5.186545,-4.576718,-4.576718,-5.2736545,-12.72611,-5.6582274,-3.866468,-4.2656655,-19.961248,-27.631021,-4.2656655,-4.2656655,-4.2656655,-3.866468,-3.866468,-4.6217003,-12.291473,-4.817193,-3.0254333,-3.634829,-19.661484,-27.631021,-3.634829,-3.634829,-3.634829,-3.0254333,-3.0254333,-3.722411,-11.691948,-5.528405124370385,-5.823685772354012,-3.356749151021382,-4.134272913898908,-4.883361336817911,-5.394317435495907,-5.67778371704515,-3.1269992649540015,-3.933000916787238,-4.6783558959436204
pdac.8c2d9eb467d3d49b9aae337c018c7bff2c169ad58e9dcaf7ad138b3a1d37c2e1,-3.9260378,0.35062847,-1.0864283,-22.039974,-27.631021,-1.0864283,-1.1175172,-1.4274186,0.33789226,-0.42388692,-1.1175172,-1.2355411,-3.8892806,0.38738552,-1.0408986,-21.947737,-27.631021,-1.0408986,-1.094768,-1.4083984,0.36462906,-0.4001706,-1.094768,-1.2202578,-4.007022,0.2696442,-1.078849,-21.96587,-27.631021,-1.078849,-1.2917964,-1.5237818,0.24557915,-0.5761453,-1.2917964,-1.3693665,-2.9468784,1.3297876,-0.3802298,-21.625708,-27.631021,-0.3802298,-0.41214675,-0.59194267,1.2792231,0.28150967,-0.41214675,-0.47722387,-2.9266586,1.3500077,-0.37374032,-21.627424,-27.631021,-0.37374032,-0.40961707,-0.58173287,1.302936,0.28417355,-0.40961707,-0.4732294,-1.0408985999647897,-1.0864282999634929,-0.2959757159891311,-0.37638978794264394,-1.0788489999660773,-0.6498729886508674,-0.6497482861424184,-0.1495982701540791,-0.14687498150492978,-0.9462400993120972
pdac.8d845c0381f88a6563e8bd9344b5463731fc016524b852184cf194cc2dcdf367,-4.918486,-2.7212615,-3.2888052,-19.792854,-27.631021,-3.2888052,-3.2888052,-3.2888052,-2.7212615,-2.7991233,-3.5183988,-4.11652,-4.8241525,-2.6269279,-3.1402972,-19.77218,-27.631021,-3.1402972,-3.1402972,-3.1402972,-2.6269279,-2.6989257,-3.4348366,-4.0545006,-3.673809,-1.4765844,-2.058804,-19.375399,-27.631021,-2.058804,-2.058804,-2.058804,-1.4765844,-1.5559884,-2.2716098,-2.8641503,-3.8739285,-1.676704,-2.2573626,-19.421173,-27.631021,-2.2573626,-2.2573626,-2.2573626,-1.676704,-1.7799519,-2.5029597,-3.0014753,-2.7170515,-0.5198268,-1.1757593,-19.024353,-27.631021,-1.1757593,-1.1757593,-1.1757593,-0.5198268,-0.6331098,-1.339623,-1.8110152,-2.869885354049007,-2.955817635269947,-0.8602281583186382,-2.001599781956064,-1.7295642408537764,-2.6839688037495977,-2.7843219926357765,-0.5927081887884493,-1.7412216536982659,-1.541275528456404
pdac.8db3399404d961555464c95439b25c8b76cbe04671182579e245aaaaad66b3bc,-4.6162043,-1.215007,-1.4292024,-23.047949,-27.631021,-1.4292024,-1.4292024,-2.4025905,-1.215007,-1.2957792,-2.4025905,-3.0325074,-4.5648627,-1.1636653,-1.4304821,-22.916151,-27.631021,-1.4304821,-1.4304821,-2.3112233,-1.1636653,-1.2719496,-2.3112233,-2.9733918,-4.585436,-1.1842383,-1.4501737,-22.931355,-27.631021,-1.4501737,-1.4501737,-2.316404,-1.1842383,-1.2873335,-2.316404,-2.982057,-3.4215944,-0.020396873,-0.58562785,-22.582798,-27.631021,-0.58562785,-0.58562785,-1.1025733,-0.020396873,-0.28136852,-1.1025733,-1.4800023,-3.4290206,-0.027823096,-0.5709191,-22.595251,-27.631021,-0.5709191,-0.5709191,-1.0864682,-0.027823096,-0.26592642,-1.0864682,-1.5188717,-1.3256052896894923,-1.322411053787318,-0.3433329932144792,-0.4042545789146735,-1.3289994314523152,-1.1725592099909532,-1.222146764553758,-0.15029710787440287,-0.15229596560340306,-1.1931028493717781
pdac.8dff71c8dfb3212d798bff5e81eeac66a5535b0aa6877ae0e3785e61b562f0a9,-6.962243,-2.9732592,-3.7818837,-22.290344,-27.631021,-3.7818837,-4.211276,-4.4384933,-2.9805245,-3.428641,-4.211276,-4.4384933,-6.110733,-2.1217492,-3.2315798,-21.92984,-27.631021,-3.2315798,-3.3642993,-3.7647474,-2.1471663,-2.6623707,-3.3642993,-3.7647474,-6.2299986,-2.2410147,-3.3817525,-21.954464,-27.631021,-3.3817525,-3.473254,-3.8132505,-2.2638135,-2.7759264,-3.473254,-3.8132505,-4.540206,-0.5512217,-1.8551812,-21.464884,-27.631021,-1.8551812,-1.8930949,-2.2151928,-0.5964913,-1.1992291,-1.8930949,-2.2151928,-4.6244645,-0.63548046,-1.7374717,-21.489323,-27.631021,-1.7374717,-2.000588,-2.261907,-0.6729145,-1.2732178,-2.000588,-2.261907,-2.341798478332112,-3.1218261438530024,-1.0015717344634845,-0.905187829709129,-2.438951576219469,-2.142301492874494,-2.988233841178457,-0.6558876654152054,-0.5753691129380428,-2.262139565075666
pdac.90a1713192200a1dcd25fd01f7a5218b22e1b68a4e7c99292bdb285992bc3c88,-4.908831,-0.81448656,-1.6004827,-22.75499,-27.631021,-1.6004827,-1.6467624,-2.1647267,-0.8157492,-0.9525447,-1.6467624,-2.1647267,-4.7906218,-0.696277,-1.496518,-22.511606,-27.631021,-1.496518,-1.5484376,-2.0702724,-0.70064163,-0.8539432,-1.5484376,-2.0702724,-4.2908664,-0.19652165,-1.023123,-22.4302,-27.631021,-1.023123,-1.0676353,-1.5845667,-0.2006074,-0.37349784,-1.0676353,-1.5845667,-3.8555129,0.23883185,-0.74464583,-22.129711,-27.631021,-0.74464583,-0.76886106,-1.0669063,0.22941603,-0.075420715,-0.76886106,-1.0669063,-3.3391447,0.75519985,-0.26908854,-22.048197,-27.631021,-0.26908854,-0.2859015,-0.57905823,0.7470744,0.40738702,-0.2859015,-0.57905823,-1.2002047746897442,-1.2522826041382005,-0.2690885398089288,-0.40093778651703305,-1.0231229999682525,-0.7096143699690989,-0.827586470881744,-0.14957256215595222,-0.15079361475385988,-0.9461424135772445
pdac.911bb1043c8e68010d9dffdcc0f5f61ac56898060ed868256da258864f853a48,-5.816981,-3.3320742,-3.5536091,-20.262087,-27.631021,-3.5536091,-3.5536091,-3.5536091,-3.3320742,-3.4286225,-4.5618114,-5.0719767,-5.7673464,-3.28244,-3.5330706,-20.226389,-27.631021,-3.5330706,-3.5330706,-3.5330706,-3.28244,-3.388581,-4.463788,-4.948338,-4.7252746,-2.240368,-2.474092,-19.891436,-27.631021,-2.474092,-2.474092,-2.474092,-2.240368,-2.3403335,-3.446139,-3.9447284,-4.5710654,-2.0861588,-2.3892288,-19.789347,-27.631021,-2.3892288,-2.3892288,-2.3892288,-2.0861588,-2.2138581,-3.2151723,-3.660434,-3.5216565,-1.03675,-1.3170965,-19.452188,-27.631021,-1.3170965,-1.3170965,-1.3170965,-1.03675,-1.156527,-2.1909318,-2.6524198,-3.439431889267193,-3.4428616980956717,-1.2485579271144478,-2.3099903270281805,-2.3769634807147995,-3.3033257651477586,-3.3505354780915284,-1.060112217544666,-2.1114145721867845,-2.259844810840386
pdac.91e2b3043c84478e106f3ebeb3fb9679cd4699f0b51038406d63b2ef6eb5e7f3,-6.8952875,-3.717234,-4.456543,-23.155622,-27.631021,-4.456543,-4.456543,-4.5384564,-3.717234,-3.841958,-4.5384564,-5.1099977,-5.862892,-2.684838,-3.841167,-22.783104,-27.631021,-3.841167,-3.841167,-3.979668,-2.684838,-3.27696,-3.979668,-4.111991,-6.1209917,-2.9429379,-3.9355211,-22.860044,-27.631021,-3.9355211,-3.9355211,-4.020521,-2.9429379,-3.3237658,-4.020521,-4.359864,-3.80475,-0.626696,-1.58985,-22.391869,-27.631021,-1.58985,-1.58985,-1.6648419,-0.626696,-0.96888536,-1.6648419,-2.0011122,-4.2842627,-1.1062088,-2.2293518,-22.468544,-27.631021,-2.2293518,-2.2293518,-2.3295538,-1.1062088,-1.6313949,-2.3295538,-2.4397745,-2.9457493269096435,-3.9709347403642568,-1.471517711426174,-0.994319506736467,-3.1953428278016,-2.7330184835815903,-3.74803847585511,-1.153006439868246,-0.6668274234513935,-2.9842955237042625
pdac.923920cfd303f026516e61bbddd01eb7d39d6b7287bdb70e6537755e5055d8b2,-3.3579905,0.91867566,-0.7511088,-20.980944,-27.631021,-0.7511088,-0.7727947,-0.9544467,0.8699895,-0.07941242,-0.7727947,-0.8563513,-3.323938,0.9527284,-0.7575179,-20.835659,-27.631021,-0.7575179,-0.7807346,-0.9585135,0.8717241,-0.087317936,-0.7807346,-0.861756,-3.392173,0.8844931,-0.94160706,-20.833963,-27.631021,-0.94160706,-0.96336544,-1.0560882,0.79739475,-0.2699816,-0.96336544,-0.98757154,-2.2629488,2.0137174,-0.18283454,-20.381905,-27.631021,-0.18283454,-0.21388547,-0.26615098,1.8123544,0.47974372,-0.21388547,-0.23378542,-2.2536209,2.0230453,-0.17015676,-20.368782,-27.631021,-0.17015676,-0.19968686,-0.2556627,1.8410815,0.49389628,-0.19968686,-0.2220086,-0.7575178999560022,-0.751108799956389,-0.17015675997164514,-0.1828345399715899,-0.941607059952186,-0.6496435940478362,-0.6491540788597907,-0.1490155797082906,-0.14319489318488934,-0.9388970171830482
pdac.93759db95862e494cbb230910d31eded7d8aced273af00a1584a54a90c50685e,-7.8589425,-6.067183,-6.067183,-24.037048,-27.631021,-6.067183,-6.067183,-6.067183,-6.067183,-6.067183,-16.849102,-20.443075,-7.327893,-5.5361333,-5.5361333,-23.94854,-27.631021,-5.5361333,-5.5361333,-5.5361333,-5.5361333,-5.5361333,-16.583578,-20.266058,-6.605712,-4.8139524,-4.8139524,-23.828176,-27.631021,-4.8139524,-4.8139524,-4.8139524,-4.8139524,-4.8139524,-16.222486,-20.025331,-5.9934154,-4.201656,-4.201656,-23.726128,-27.631021,-4.201656,-4.201656,-4.201656,-4.201656,-4.201656,-15.916339,-19.821234,-5.2712345,-3.479475,-3.479475,-23.605764,-27.631021,-3.479475,-3.479475,-3.479475,-3.479475,-3.479475,-15.555248,-19.580505,-5.5361333,-6.067183,-3.479475,-4.201656,-4.8139524,-5.536133298975971,-6.067182998230326,-3.479474999898617,-4.20165599975647,-4.81395239951868
pdac.98bee05530f247f34f74f2f374b644573e1194759f603dfa167946c42584bc7d,-3.7165828,0.71423393,-0.3611483,-20.306995,-27.631021,-0.3611483,-0.77105725,-1.3438166,0.6239973,0.003850232,-0.77105725,-1.0158056,-3.671436,0.7593806,-0.36264443,-20.273882,-27.631021,-0.36264443,-0.7747075,-1.3343878,0.66005385,0.0010385818,-0.7747075,-1.0186584,-3.8028321,0.6279845,-0.7031477,-20.28527,-27.631021,-0.7031477,-0.94343257,-1.4832425,0.5151445,-0.22169055,-0.94343257,-1.1360509,-2.4777005,1.9531162,-0.122693926,-19.685526,-27.631021,-0.122693926,-0.20146552,-0.34842038,1.7106576,0.49478093,-0.20146552,-0.24005713,-2.4642851,1.9665315,-0.09586891,-19.677816,-27.631021,-0.09586891,-0.20251065,-0.34415177,1.7211999,0.49631202,-0.20251065,-0.23995431,-0.36264442997246876,-0.36114829997205705,-0.0958689099738041,-0.12269392597358258,-0.7031476999656132,-0.36264442996773355,-0.3611482999690748,-0.09586890997034542,-0.1226936904144296,-0.7031476999617201
pdac.991e2e08ce3a9b754930fead1abe83576a5ada57e5222082c9981182a0a71ee9,-4.8334007,-1.2498819,-1.4791272,-20.78551,-27.631021,-1.4791272,-1.4791272,-2.5962648,-1.2501037,-1.3774105,-2.5962648,-3.044173,-4.599497,-1.015978,-1.4661027,-20.118845,-27.631021,-1.4661027,-1.4661027,-2.2100966,-1.0196171,-1.2624873,-2.2100966,-2.6344218,-4.3132534,-0.7297342,-1.2197123,-20.24979,-27.631021,-1.2197123,-1.2197123,-1.9836988,-0.7313086,-1.023344,-1.9836988,-2.2736757,-3.36298,0.220539,-0.7120368,-19.504131,-27.631021,-0.7120368,-0.7120368,-0.9456849,0.21310776,-0.22548679,-0.9456849,-1.2646706,-3.147358,0.43616107,-0.46470588,-19.63505,-27.631021,-0.46470588,-0.46470588,-0.77178395,0.4326772,-0.032211196,-0.77178395,-0.9036077,-1.2133984791176622,-1.3545557663364054,-0.29886861275666443,-0.4008082076425994,-1.0997355369773165,-1.0284814609493425,-1.256249830270706,-0.14987685042681897,-0.15082912451667901,-0.9504485143607189
pdac.9b37ec58c54544ec51547c037e145283ccd3c1b78b088bc44f5a05e92d001b3c,-5.275078,-1.6915591,-2.567308,-21.38676,-27.631021,-2.567308,-2.567308,-2.828309,-1.6915591,-2.101481,-2.828309,-3.1369715,-5.0693398,-1.4858205,-2.5458922,-21.122774,-27.631021,-2.5458922,-2.5458922,-2.8176713,-1.4858205,-2.088038,-2.8176713,-3.1023228,-5.1670346,-1.5835158,-2.5458024,-21.202255,-27.631021,-2.5458024,-2.5458024,-2.8175564,-1.5835158,-2.0879297,-2.8175564,-3.100304,-3.4142556,0.16926333,-1.1137908,-20.639975,-27.631021,-1.1137908,-1.1137908,-1.2286777,0.16926333,-0.52894557,-1.2286777,-1.415058,-3.6662543,-0.08273521,-1.1133707,-20.719425,-27.631021,-1.1133707,-1.1133707,-1.4504297,-0.08273521,-0.7015222,-1.4504297,-1.7485231,-1.6930483125690152,-1.8673373617611835,-0.45044551711904846,-0.4047166035132087,-1.775339678779039,-1.5152668743650577,-1.7158853834942038,-0.15068171756182097,-0.15207413705402095,-1.610245946344009
pdac.9d779dab9c3d5329c48d17596346d7b80a46905fcbec7c9b0c8d12a872cf258c,-5.2396584,-2.0616045,-2.3054216,-23.736635,-27.631021,-2.3054216,-2.3054216,-3.1763453,-2.0616045,-2.1439862,-3.1763453,-3.7842937,-5.2119036,-2.0338497,-2.2683084,-23.750402,-27.631021,-2.2683084,-2.2683084,-3.1312408,-2.0338497,-2.104474,-3.1312408,-3.7541978,-4.8107185,-1.6326649,-1.8462578,-23.698662,-27.631021,-1.8462578,-1.8462578,-2.7190325,-1.6326649,-1.6853735,-2.7190325,-3.4812932,-4.128163,-0.9501092,-1.2760696,-23.524788,-27.631021,-1.2760696,-1.2760696,-1.9776266,-0.9501092,-1.0562674,-1.9776266,-2.5279295,-3.7220716,-0.5440177,-0.8417003,-23.471657,-27.631021,-0.8417003,-0.8417003,-1.5530945,-0.5440177,-0.6257498,-1.5530945,-2.2440135,-2.1858816347188643,-2.1809372213355633,-0.7650580343474251,-1.1853984132146265,-1.7650842371404638,-2.043618836324486,-2.071763579548959,-0.5564211305668445,-0.9636908615067266,-1.6415646454553046
pdac.9e7bcbfac09cc4a8030215ea00229e011d0da56747f8944c551b3b6ded533d9c,-4.3975124,-0.30316797,-1.6208057,-18.824888,-27.631021,-1.6208057,-1.8787817,-2.1402824,-0.4221696,-1.1527214,-1.8787817,-2.1402824,-4.0935645,0.0007800258,-1.5678588,-18.590189,-27.631021,-1.5678588,-1.6444843,-1.7888533,-0.11498029,-0.9484042,-1.6444843,-1.7888533,-4.071137,0.023207635,-1.4860221,-18.607038,-27.631021,-1.4860221,-1.6044469,-1.7548068,-0.08363641,-0.90430385,-1.6044469,-1.7548068,-2.482282,1.6120627,-0.25865158,-17.858831,-27.631021,-0.25865158,-0.3889926,-0.44197378,1.4541981,0.31262502,-0.3889926,-0.44197378,-2.4553347,1.63901,-0.24429105,-17.858814,-27.631021,-0.24429105,-0.35517523,-0.39216328,1.4936101,0.34410706,-0.35517523,-0.39216328,-1.1994418399732787,-1.2473868832294288,-0.24429104995352482,-0.2586515799539403,-1.0994989879073902,-0.650051101493915,-0.6503402647267957,-0.14937789532490203,-0.14534586638010794,-0.9490304100986973
pdac.9f6a4401a133c568cdcb87425a73497fdf4871e3a9b30b12aedc3fe16fa6a719,-7.2815313,-3.2925472,-4.4613805,-23.002424,-27.631021,-4.4613805,-4.5253077,-4.7336726,-3.3004565,-3.8301184,-4.5253077,-4.7336726,-6.2756996,-2.2867157,-3.4761827,-22.682013,-27.631021,-3.4761827,-3.7782598,-3.8882132,-2.3092306,-3.040165,-3.7782598,-3.8882132,-6.3490415,-2.3600574,-3.64084,-22.738987,-27.631021,-3.64084,-3.7055404,-3.835344,-2.3732934,-3.0103016,-3.7055404,-3.835344,-4.744435,-0.7554508,-2.2466145,-22.292631,-27.631021,-2.2466145,-2.3437734,-2.4325097,-0.78797513,-1.6459136,-2.3437734,-2.4325097,-4.832604,-0.8436199,-2.2982552,-22.349424,-27.631021,-2.2982552,-2.3151748,-2.3525908,-0.86098254,-1.6218845,-2.3151748,-2.3525908,-2.496521745243256,-3.481038290675955,-1.1832561363192653,-1.091127466954593,-2.579724658660017,-2.3087430026835447,-3.31419221372996,-0.8705575776207599,-0.7830649411519374,-2.383775609269558
pdac.9fc83182c7fbb8cc05f6223f13f9d796b226424fc11d6a2566c3759dfe8cf0c7,-7.3979087,-4.219855,-4.5903807,-24.076391,-27.631021,-4.5903807,-4.5903807,-5.1357946,-4.219855,-4.300747,-5.1357946,-5.8888793,-6.675372,-3.4973183,-4.331264,-23.903824,-27.631021,-4.331264,-4.331264,-4.4628525,-3.4973183,-3.7610726,-4.4628525,-4.6719565,-6.8262587,-3.6482046,-4.337591,-23.915798,-27.631021,-4.337591,-4.337591,-4.5453825,-3.6482046,-3.8308003,-4.5453825,-5.052554,-5.33447,-2.1564162,-2.9338515,-23.684296,-27.631021,-2.9338515,-2.9338515,-3.0769987,-2.1564162,-2.3736408,-3.0769987,-3.3681452,-5.481753,-2.303699,-3.1752026,-23.687784,-27.631021,-3.1752026,-3.1752026,-3.186534,-2.303699,-2.4933226,-3.186534,-3.6808512,-3.782734687611572,-4.378716842585559,-2.668268185985737,-2.513712431208824,-3.8918296769007115,-3.5320659297837755,-4.235293391281289,-2.340011630943388,-2.1888093725221758,-3.676928895443292
pdac.a0a13af13aa7cd043a97dadb65c95e6423bd1961454a7366cde580229e04d9bc,-4.1285987,-0.034253888,-0.6196375,-22.451536,-27.631021,-0.6196375,-1.3519421,-1.8345535,-0.04692761,-0.4116739,-1.3519421,-1.8345535,-4.0938077,0.0005368288,-0.6230088,-22.3914,-27.631021,-0.6230088,-1.3540387,-1.7703649,-0.02733707,-0.41456607,-1.3540387,-1.7703649,-4.099686,-0.0053415177,-0.63742346,-22.395014,-27.631021,-0.63742346,-1.3607503,-1.76701,-0.032262336,-0.4260638,-1.3607503,-1.76701,-3.1237483,0.9705963,-0.19025967,-22.087383,-27.631021,-0.19025967,-0.5782326,-0.8412313,0.9252851,0.18836045,-0.5782326,-0.8412313,-3.1146262,0.9797184,-0.18229581,-22.08872,-27.631021,-0.18229581,-0.5728591,-0.829129,0.9357745,0.1946943,-0.5728591,-0.829129,-0.6230087999505272,-0.6196374999727199,-0.18229580995352282,-0.19025966995359364,-0.6374234599725532,-0.6230087999643098,-0.619637499966494,-0.1492509567573722,-0.14457042564101424,-0.6374234599638213
pdac.a14316713fea58c6f6f29a7157afdf38282b24e17dfb013e28575b00a905c15b,-7.135415,-4.6505084,-5.139215,-23.920862,-27.631021,-5.139215,-5.139215,-5.139215,-4.6505084,-4.6505084,-5.370069,-12.790386,-6.8941126,-4.409206,-4.7738442,-23.889908,-27.631021,-4.7738442,-4.7738442,-4.7738442,-4.409206,-4.409206,-5.1843424,-12.666569,-6.890275,-4.4053683,-4.7677627,-23.88951,-27.631021,-4.7677627,-4.7677627,-4.7677627,-4.4053683,-4.4053683,-5.1819425,-12.6649685,-5.1730165,-2.68811,-3.0570219,-23.602612,-27.631021,-3.0570219,-3.0570219,-3.0570219,-2.68811,-2.68811,-3.4605608,-11.517381,-5.166706,-2.6817997,-3.0488482,-23.601753,-27.631021,-3.0488482,-3.0488482,-3.0488482,-2.6817997,-2.6817997,-3.4554129,-11.513949,-4.619098859247284,-4.901286453228201,-2.9360820732899606,-2.943207601343321,-4.608274101670102,-4.439592282639472,-4.691233956702164,-2.712387018326456,-2.7188527662634088,-4.435568038035555
pdac.a17efe7f2920d31824cc1af3a053044fefb91756d6a839a89e07a3957e4a666c,-5.576267,-1.8385969,-2.68974,-21.739262,-27.631021,-2.68974,-2.68974,-3.2681413,-1.8444147,-2.2450962,-2.9797077,-3.2681413,-4.936386,-1.1987162,-2.0596461,-21.6119,-27.631021,-2.0596461,-2.0596461,-2.7098403,-1.2031045,-1.4604224,-2.158442,-2.7098403,-4.886287,-1.1486175,-2.0252688,-21.599306,-27.631021,-2.0252688,-2.0252688,-2.6172462,-1.1528,-1.4265548,-2.1246302,-2.6172462,-3.1952786,0.54239094,-0.38796914,-21.127474,-27.631021,-0.38796914,-0.38796914,-1.0702041,0.5322043,0.27430823,-0.41933063,-1.0702041,-3.1505692,0.58710045,-0.35148,-21.114525,-27.631021,-0.35148,-0.35148,-1.0098469,0.57731897,0.30979916,-0.38387257,-1.0098469,-1.4651606258397616,-2.0029267958526598,-0.29682294984790947,-0.381901001214235,-1.3855857595084904,-1.2192144667141562,-1.8588622868267284,-0.14973044412698316,-0.14824754561911696,-1.1694901234332333
pdac.a246c4c707c88164a196925eb8410260849a3d92ad6560171cb6e023a971b696,-4.3265924,-0.74307364,-1.7484994,-21.26779,-27.631021,-1.7484994,-1.7484994,-1.933148,-0.74307364,-1.2230493,-1.933148,-2.0839345,-4.2697763,-0.6862573,-1.7631001,-21.040735,-27.631021,-1.7631001,-1.7631001,-1.94761,-0.6862573,-1.2375365,-1.94761,-2.072466,-4.3287706,-0.74525166,-1.7963979,-21.089386,-27.631021,-1.7963979,-1.7963979,-1.9812193,-0.74525166,-1.271089,-1.9812193,-2.1062672,-2.8019032,0.78161573,-0.5657502,-20.55072,-27.631021,-0.5657502,-0.5657502,-0.69223154,0.78161573,0.008893149,-0.69223154,-0.74049956,-2.8691063,0.7144127,-0.5423307,-20.591839,-27.631021,-0.5423307,-0.5423307,-0.6690059,0.7144127,0.032143272,-0.6690059,-0.72572154,-1.2003949407658303,-1.2517299032223912,-0.2986011423387409,-0.3937220907643567,-1.1009345638017605,-0.7161696024259434,-0.7710021595339289,-0.14984052534458064,-0.14869916134341596,-0.9526570345957273
pdac.a29c1816c7ba572fc8b9df90475e753c641a7a82cfa4af2c7bd8cd0ffe5748dc,-4.675703,-0.93803316,-1.8577671,-21.2635,-27.631021,-1.8577671,-1.8577671,-2.3078704,-0.9384935,-1.4352447,-2.1791792,-2.3078704,-4.3705482,-0.6328783,-1.8608245,-20.867401,-27.631021,-1.8608245,-1.8608245,-2.309349,-0.6416702,-1.4371352,-2.1805453,-2.309349,-4.7757316,-1.038062,-2.522389,-21.024141,-27.631021,-2.522389,-2.522389,-2.676043,-1.0426561,-1.9338591,-2.633125,-2.676043,-2.7834167,0.95425284,-0.6361922,-20.317467,-27.631021,-0.6361922,-0.6361922,-0.8641657,0.9341306,-0.07927629,-0.7831888,-0.8641657,-2.9450176,0.7926521,-0.75825185,-20.440182,-27.631021,-0.75825185,-0.75825185,-0.92664367,0.78158987,-0.16347638,-0.8619953,-0.92664367,-1.2003338275399609,-1.2550117802566438,-0.2992810947160068,-0.39422235311710396,-1.2554642863920855,-0.6621151350816272,-0.9599315996467865,-0.14991517806960825,-0.14866468172380265,-1.0734031439064675
pdac.a3a867a0238a1ad0b98a0812fff4fb9a190afea7539d8f309377822431aba464,-5.2646422,-1.0749873,-2.4906032,-21.798407,-27.631021,-2.4906032,-2.558846,-2.861548,-1.1347706,-1.8633721,-2.558846,-2.7292562,-5.0354395,-0.84578454,-2.2628865,-21.671955,-27.631021,-2.2628865,-2.2983294,-2.573575,-0.90877074,-1.6045542,-2.2983294,-2.4079158,-5.038759,-0.84910446,-2.2619698,-21.701998,-27.631021,-2.2619698,-2.299839,-2.5708053,-0.90703684,-1.605975,-2.299839,-2.4090927,-3.4158726,0.7737824,-0.46131706,-21.242298,-27.631021,-0.46131706,-0.47421622,-1.0461714,0.6905012,0.21901415,-0.47421622,-0.7929383,-3.416759,0.7728958,-0.4435924,-21.269768,-27.631021,-0.4435924,-0.4588775,-1.034302,0.7032699,0.23438649,-0.4588775,-0.78233564,-1.2011480190100015,-1.2624447298398347,-0.29776106583338335,-0.3902800778621249,-1.1017100630826593,-0.8672557629800868,-1.0964360709402121,-0.14976038623954566,-0.1481896854625703,-0.9546869390241193
pdac.a5137d68fba08ee49a4db878ef9b1f1f70bc6b35c0444c9da2bbbbe61696ef6b,-3.9192817,0.27037308,-1.0514516,-23.222696,-27.631021,-1.0514516,-1.1369367,-1.3575206,0.26631308,-0.44014007,-1.1369367,-1.1817039,-3.900406,0.28924882,-1.0449904,-23.200188,-27.631021,-1.0449904,-1.1134181,-1.345453,0.2828497,-0.4179316,-1.1134181,-1.1660417,-3.958869,0.23078585,-1.0700736,-23.24438,-27.631021,-1.0700736,-1.1588712,-1.378165,0.22724733,-0.46178666,-1.1588712,-1.2030705,-3.0155673,1.1740875,-0.40934852,-22.971796,-27.631021,-0.40934852,-0.4326702,-0.5630916,1.1612593,0.2607489,-0.4326702,-0.45390233,-2.9924526,1.1972022,-0.35045877,-22.971447,-27.631021,-0.35045877,-0.39406803,-0.52649623,1.1852323,0.30002972,-0.39406803,-0.42651224,-1.0449903999685233,-1.0514515999676892,-0.29567822176418823,-0.384383694302889,-1.070073599969176,-0.6498878910759005,-0.64974890562702,-0.14959811522762617,-0.14726686763985408,-0.9461818273081815
pdac.a5cb1ff31c34ce319fbdeedc56cbfc9d58f6361554c25b31dc1538db0ca5ae39,-5.4799604,-2.3019063,-2.394059,-23.89021,-27.631021,-2.394059,-2.394059,-3.8371897,-2.3019063,-2.339775,-3.8371897,-4.4921646,-5.4517164,-2.2736623,-2.393959,-23.822027,-27.631021,-2.393959,-2.393959,-3.8381882,-2.2736623,-2.339791,-3.8381882,-4.459757,-5.465088,-2.287034,-2.397311,-23.838009,-27.631021,-2.397311,-2.397311,-3.8417153,-2.287034,-2.3431613,-3.8417153,-4.46953,-4.2582345,-1.0801806,-1.2459402,-23.586939,-27.631021,-1.2459402,-1.2459402,-2.5760655,-1.0801806,-1.1783464,-2.5760655,-3.0473742,-4.2683306,-1.0902767,-1.2442495,-23.602072,-27.631021,-1.2442495,-1.2442495,-2.5731812,-1.0902767,-1.1764994,-2.5731812,-3.0416696,-2.3687741999453347,-2.3651880626958692,-1.2222768682810932,-1.22062041633182,-2.3700789429579343,-2.2786745668474984,-2.3057459939754223,-1.0966922488840685,-1.0870872946644332,-2.291628938446469
pdac.a69c3f93765ae9933011d8b968223255ccc235b1ec0403ad42c04f5b5aab4b78,-4.802262,-1.624208,-1.7503015,-20.724922,-27.631021,-1.7503015,-1.7503015,-2.886661,-1.624208,-1.6522391,-2.886661,-3.848916,-4.5777698,-1.3997158,-1.622208,-20.098532,-27.631021,-1.622208,-1.622208,-2.5965376,-1.3997158,-1.4890199,-2.5965376,-3.338812,-4.5886784,-1.4106247,-1.5976455,-20.284954,-27.631021,-1.5976455,-1.5976455,-2.5667021,-1.4106247,-1.4631362,-2.5667021,-3.5077775,-3.3243206,-0.14626662,-0.5439832,-19.440615,-27.631021,-0.5439832,-0.5439832,-1.4034045,-0.14626662,-0.37908462,-1.4034045,-1.9066222,-3.3954103,-0.21735655,-0.5187906,-19.626709,-27.631021,-0.5187906,-0.5187906,-1.3698859,-0.21735655,-0.35134262,-1.3698859,-2.0331445,-1.5455709125088148,-1.7040988443956926,-0.4403443802012902,-0.41589293418669404,-1.5310476881063142,-1.4089862511050828,-1.6294618397537994,-0.22991629951388437,-0.16302462254463818,-1.4184171951920335
pdac.a6aa70a9f1ee7e710020b22ff6460a55427f75a10e95ae78a6663495f2cd3999,-4.105073,0.17159307,-1.2362506,-22.982513,-27.631021,-1.2362506,-1.2615758,-1.4041946,0.15973777,-0.56810796,-1.2615758,-1.3186946,-4.122596,0.15407036,-1.2363898,-22.988914,-27.631021,-1.2363898,-1.2629457,-1.4053432,0.1413094,-0.56944585,-1.2629457,-1.3196979,-4.419491,-0.14282477,-1.4051517,-23.015001,-27.631021,-1.4051517,-1.5521414,-1.7841847,-0.15915306,-0.84822994,-1.5521414,-1.6828957,-3.11708,1.1595862,-0.37672883,-22.720474,-27.631021,-0.37672883,-0.41643634,-0.48730606,1.1383376,0.27749896,-0.41643634,-0.45921025,-3.071745,1.2049212,-0.3627992,-22.700468,-27.631021,-0.3627992,-0.41252792,-0.47429946,1.180752,0.28185523,-0.41252792,-0.44032928,-1.1981626746100644,-1.2316247020707582,-0.2959473373428252,-0.37460833908019175,-1.099512189226792,-0.6499613122108876,-0.6499025475246889,-0.14960930418646134,-0.1470572498469421,-0.949064065982101
pdac.ab9f564273f2f93170628f7b5fdf9f4da9e9a0419b18e9d3f6ccb9464de28698,-5.288759,-2.1107054,-3.111436,-22.707836,-27.631021,-3.111436,-3.111436,-3.2262886,-2.1107054,-2.5265603,-3.2262886,-3.3959885,-5.089724,-1.9116702,-3.0469742,-22.660982,-27.631021,-3.0469742,-3.0469742,-3.0923913,-1.9116702,-2.3982131,-3.0923913,-3.1768413,-5.0459213,-1.8678677,-3.0283706,-22.648212,-27.631021,-3.0283706,-3.0283706,-3.0821233,-1.8678677,-2.3875322,-3.0821233,-3.1681392,-3.68399,-0.505936,-1.5348793,-22.371058,-27.631021,-1.5348793,-1.5348793,-1.6435652,-0.505936,-0.94452333,-1.6435652,-1.7778869,-3.6420455,-0.46399158,-1.5328473,-22.357718,-27.631021,-1.5328473,-1.5328473,-1.632627,-0.46399158,-0.9345101,-1.632627,-1.7686745,-2.2065382456942713,-2.3563472986744145,-0.83103798267984,-0.8736642796302027,-2.1512486439047227,-1.9589745948025765,-2.152402490531128,-0.5085272567173187,-0.5488086244450276,-1.9162220442299525
pdac.ac0b600e97047712247f15ccc32a821fdb6fbf47f7ed78a950b575b1d034fff6,-4.9192543,-0.8249097,-1.5884684,-22.756397,-27.631021,-1.5884684,-1.9030344,-2.3152127,-0.8316898,-1.1612064,-1.9030344,-2.3152127,-4.625191,-0.53084666,-1.5812035,-22.59471,-27.631021,-1.5812035,-1.6416351,-1.832956,-0.5411557,-0.946663,-1.6416351,-1.832956,-4.7197504,-0.6254059,-1.5089923,-22.65055,-27.631021,-1.5089923,-1.6601951,-2.0404704,-0.6323622,-0.95566005,-1.6601951,-2.0404704,-3.4742098,0.6201347,-0.6937082,-22.238276,-27.631021,-0.6937082,-0.7097509,-0.7852238,0.5883288,-0.016475061,-0.7097509,-0.7852238,-3.4623535,0.63199115,-0.6160277,-22.263771,-27.631021,-0.6160277,-0.70938355,-0.7938487,0.6116399,-0.011885026,-0.70938355,-0.7938487,-1.199975056095643,-1.2507442114096703,-0.29916250015482637,-0.39677893568418954,-1.1002630658376997,-0.6502937709180694,-0.8376356548399493,-0.14989548938245656,-0.14945730772517393,-0.9509996212801299
pdac.acc368f2b8da7821695ca21bc0520dfce8982f1635cd772cb76c8c2656a5482e,-6.517769,-4.7260094,-4.7260094,-23.813519,-27.631021,-4.7260094,-4.7260094,-4.7260094,-4.7260094,-4.7260094,-16.178516,-19.996017,-6.511058,-4.7192984,-4.7192984,-23.8124,-27.631021,-4.7192984,-4.7192984,-4.7192984,-4.7192984,-4.7192984,-16.17516,-19.99378,-6.5342383,-4.742479,-4.742479,-23.816265,-27.631021,-4.742479,-4.742479,-4.742479,-4.742479,-4.742479,-16.18675,-20.001507,-4.7866364,-2.994877,-2.994877,-23.524998,-27.631021,-2.994877,-2.994877,-2.994877,-2.994877,-2.994877,-15.312949,-19.418974,-4.7582693,-2.9665098,-2.9665098,-23.52027,-27.631021,-2.9665098,-2.9665098,-2.9665098,-2.9665098,-2.9665098,-15.298765,-19.409517,-4.7192984,-4.7260094,-2.9665098,-2.994877,-4.742479,-4.71929839956215,-4.726009399559201,-2.966509799959533,-2.9948769999583686,-4.7424789995518815
pdac.adbd88f43cb0fee096ce4a08d2cd48e61c5e39a47df55f30b673f76015289313,-3.856097,-0.11842733,-0.95034283,-22.937239,-27.631021,-0.95034283,-0.95034283,-1.4966645,-0.11842733,-0.5758654,-1.3449172,-1.4966645,-3.8204021,-0.082732424,-0.9385876,-22.89142,-27.631021,-0.9385876,-0.9385876,-1.5408902,-0.082732424,-0.58063066,-1.3601031,-1.5408902,-3.8801394,-0.14246972,-0.9150743,-22.908478,-27.631021,-0.9150743,-0.9150743,-1.6884826,-0.14246972,-0.54233104,-1.31243,-1.6884826,-2.7154994,1.0221702,-0.26337457,-22.635853,-27.631021,-0.26337457,-0.26337457,-0.5603019,1.0221702,0.25058472,-0.4621992,-0.5603019,-2.7045145,1.0331552,-0.22363883,-22.63333,-27.631021,-0.22363883,-0.22363883,-0.501373,1.0331552,0.3100751,-0.39823762,-0.501373,-0.9385875999629152,-0.9503428299621097,-0.22363882997383117,-0.26337456997293074,-0.9150742999662094,-0.6499151534637305,-0.649834406348831,-0.14941534121520764,-0.14611694035935574,-0.9150742989902827
pdac.af5ccfa4bae153fdf7bc12e4ad887d506696f371ecd7a5b252bdbe6445b4428e,-4.1096807,0.32113588,-1.5321833,-18.663437,-27.631021,-1.5321833,-1.6760194,-1.85668,0.1183712,-0.9725633,-1.6760194,-1.7335614,-3.974059,0.45675752,-1.5500646,-18.576454,-27.631021,-1.5500646,-1.6944802,-1.8030708,0.2493387,-0.99094105,-1.6944802,-1.7443129,-4.128202,0.3026146,-1.7295458,-18.614082,-27.631021,-1.7295458,-1.818737,-1.9598166,0.07949897,-1.1216176,-1.818737,-1.8951238,-2.3587623,2.0720544,-0.23855405,-17.890844,-27.631021,-0.23855405,-0.2682766,-0.32133874,1.7509388,0.42531222,-0.2682766,-0.2876864,-2.3154778,2.1153388,-0.2088086,-17.875528,-27.631021,-0.2088086,-0.23184064,-0.28761068,1.7964334,0.46157175,-0.23184064,-0.2525699,-1.1992024481305719,-1.244637208890718,-0.20880859996948914,-0.23855404996971175,-1.0996175150195344,-0.6499754477721503,-0.649977269294804,-0.14922716532130798,-0.14461949698961812,-0.9492256494312123
pdac.af7de7b5f7162b3ee417281e38954eb440b4e18c94c233d4fa6b8dff9ebd26c6,-4.0091357,0.26753062,-0.37289742,-21.967613,-27.631021,-0.37289742,-0.7714072,-1.59026,0.2500493,-0.0008718002,-0.7714072,-1.249016,-3.7669234,0.50974274,-0.37162417,-21.662846,-27.631021,-0.37162417,-0.7708508,-1.2358295,0.4830417,-0.00004372452,-0.7708508,-1.0279477,-3.7931879,0.4834784,-0.337725,-21.749554,-27.631021,-0.337725,-0.77219,-1.2731713,0.4594723,0.012509322,-0.77219,-1.0777602,-2.759196,1.5174701,-0.12768956,-21.231733,-27.631021,-0.12768956,-0.28349152,-0.46446016,1.4318397,0.42174402,-0.28349152,-0.40046513,-2.839714,1.4369522,-0.093750395,-21.317293,-27.631021,-0.093750395,-0.2652251,-0.49199176,1.3810242,0.44255236,-0.2652251,-0.3882542,-0.37162416996081515,-0.3728974199712638,-0.09375039496509044,-0.1276895599613596,-0.3377249999624783,-0.37162416997470504,-0.3728974199632399,-0.09375039495606943,-0.12768610009954667,-0.33772499995286354
pdac.af91bab1042745b4226304a0d49b9dbd0c9f69a92fc17cd5c3d3bf18893f1c7f,-3.741318,-0.15779907,-0.75509334,-22.871826,-27.631021,-0.75509334,-0.75509334,-1.2608165,-0.15779907,-0.44489715,-1.2608165,-1.488811,-3.6922898,-0.10877076,-0.7377647,-22.832378,-27.631021,-0.7377647,-0.7377647,-1.2408447,-0.10877076,-0.42615598,-1.2408447,-1.4695866,-3.6527147,-0.06919582,-0.72548956,-22.821203,-27.631021,-0.72548956,-0.72548956,-1.2323257,-0.06919582,-0.41588652,-1.2323257,-1.459362,-2.8400104,0.7435085,-0.23859864,-22.580908,-27.631021,-0.23859864,-0.23859864,-0.49892783,0.7435085,0.22772902,-0.49892783,-0.62883496,-2.772114,0.81140494,-0.21492402,-22.568344,-27.631021,-0.21492402,-0.21492402,-0.4790744,0.81140494,0.24856219,-0.4790744,-0.6072242,-0.7377646999526721,-0.7550933399504863,-0.21492401996166588,-0.2385986399642438,-0.7254895599734326,-0.6497631492527496,-0.6495318149595877,-0.14943387575566636,-0.14618346600296556,-0.7254895599628598
pdac.afa32c9f16c89a335394c4d54af505c137df1b720fed4019dd7b4003991be170,-3.4682105,-0.5778387,-1.0371915,-23.460407,-27.631021,-1.0371915,-1.0371915,-1.0371915,-0.5778387,-0.587914,-1.3207312,-2.6073346,-3.458206,-0.56783414,-1.0277578,-23.45583,-27.631021,-1.0277578,-1.0277578,-1.0277578,-0.56783414,-0.5784657,-1.3112774,-2.5798757,-3.558819,-0.6684473,-1.1293622,-23.466991,-27.631021,-1.1293622,-1.1293622,-1.1293622,-0.6684473,-0.680244,-1.413122,-2.6468396,-2.5716703,0.31870157,-0.28317195,-23.259708,-27.631021,-0.28317195,-0.28317195,-0.28317195,0.31870157,0.29403695,-0.40672335,-1.4031459,-2.5615573,0.32881448,-0.2727388,-23.258331,-27.631021,-0.2727388,-0.2727388,-0.2727388,0.32881448,0.30429414,-0.39649087,-1.394885,-1.0277577999746703,-1.0371914999729719,-0.2727387988287139,-0.2831719499683145,-1.0989812849951779,-0.6502514172071812,-0.6506538306718965,-0.14972585617772627,-0.1480094180431191,-0.9494020968310767
pdac.b02ae258e9051c1a4101afdbe3ddcb046343c84eea8c51e13b967e71f0804779,-4.2021494,-0.4644796,-0.9072463,-20.834534,-27.631021,-0.9072463,-0.9072463,-1.863313,-0.4659703,-0.6495242,-1.5193696,-1.863313,-4.0694194,-0.3317496,-0.9073468,-20.451584,-27.631021,-0.9073468,-0.9073468,-1.8583797,-0.34028226,-0.6459409,-1.511413,-1.8583797,-4.1626916,-0.42502192,-0.9130167,-20.587162,-27.631021,-0.9130167,-0.9130167,-1.8615723,-0.42950088,-0.65000737,-1.513607,-1.8615723,-2.8862312,0.85143846,-0.30688554,-19.904037,-27.631021,-0.30688554,-0.30688554,-0.52037656,0.82574236,0.27405044,-0.4261976,-0.52037656,-3.1274056,0.610264,-0.3045734,-20.03893,-27.631021,-0.3045734,-0.3045734,-0.79342425,0.59458995,0.2077765,-0.5054028,-0.79342425,-0.9073467999575993,-0.9072462999659356,-0.2943892841885051,-0.30688553995374845,-0.9130166999644089,-0.6499776545293035,-0.6501195809668328,-0.14966717786706304,-0.14691878408446796,-0.9130166998058991
pdac.b1fae19137385bd05af392ad249d9a33d92e5bdaacc8b24cc9fedc7915263116,-4.122479,-0.25127777,-1.4952465,-20.931442,-27.631021,-1.4952465,-1.4952465,-1.7353513,-0.25644204,-0.89989567,-1.5983484,-1.7353513,-3.8529916,0.018209526,-1.1831603,-20.670166,-27.631021,-1.1831603,-1.1831603,-1.5281947,0.005398162,-0.69897515,-1.4198835,-1.5281947,-3.784341,0.08686003,-1.075347,-20.72242,-27.631021,-1.075347,-1.075347,-1.4235133,0.07801211,-0.5659012,-1.2798061,-1.4235133,-2.8033438,1.0678574,-0.4893851,-20.217623,-27.631021,-0.4893851,-0.4893851,-0.67103875,1.0395777,0.086768195,-0.61414087,-0.67103875,-2.7803292,1.0908718,-0.3808013,-20.269655,-27.631021,-0.3808013,-0.3808013,-0.5654868,1.0690427,0.2238891,-0.47355342,-0.5654868,-1.1831602999715964,-1.246195899775827,-0.29643491271189837,-0.39025594922678464,-1.0753469999723473,-0.6499750934651791,-0.6502544552281636,-0.14964717253529897,-0.14787648803711873,-0.9464831123129125
pdac.b32fb0a808898fb03ab000950bbf62d5c75680d3f42624b985293e75fb9e9460,-5.204765,-1.1104201,-2.1611023,-22.340694,-27.631021,-2.1611023,-2.2948487,-2.4597347,-1.1311557,-1.592784,-2.2948487,-2.4597347,-4.9849296,-0.8905851,-2.1362066,-22.209646,-27.631021,-2.1362066,-2.169166,-2.3377478,-0.9206528,-1.4754758,-2.169166,-2.3377478,-5.0212646,-0.9269198,-2.1406636,-22.229689,-27.631021,-2.1406636,-2.1578045,-2.3253028,-0.9542582,-1.4645106,-2.1578045,-2.3253028,-3.3993247,0.69501996,-0.8338417,-21.788008,-27.631021,-0.8338417,-0.8613925,-0.90138036,0.65097797,-0.16786584,-0.8613925,-0.90138036,-3.4637918,0.6305527,-0.825648,-21.797287,-27.631021,-0.825648,-0.83669734,-0.9411801,0.58550245,-0.14348915,-0.83669734,-0.9411801,-1.2014630126506356,-1.2921931901569703,-0.2998349174652785,-0.3977685480802033,-1.1543226275349654,-0.9113454333409381,-1.1279314118925226,-0.149975981308632,-0.1496920896942955,-0.9580142218198905
pdac.b3c6da0097d17f97c15e0998990a8f04105360c1253639903137bbc1c8102f3a,-3.9270477,0.26260716,-1.1162822,-21.864178,-27.631021,-1.1162822,-1.1845427,-1.3927232,0.24856272,-0.48906752,-1.1845427,-1.213453,-3.8260005,0.3636543,-1.109583,-21.754862,-27.631021,-1.109583,-1.1608098,-1.3804861,0.3370265,-0.46635106,-1.1608098,-1.1976414,-3.875083,0.31457192,-1.1349043,-21.797115,-27.631021,-1.1349043,-1.2064772,-1.4133677,0.28991225,-0.5107708,-1.2064772,-1.2348195,-2.6994874,1.4901674,-0.40911043,-21.38593,-27.631021,-0.40911043,-0.43245593,-0.50341535,1.4194281,0.26096374,-0.43245593,-0.4537528,-2.6737177,1.5159371,-0.35045877,-21.383467,-27.631021,-0.35045877,-0.39406803,-0.4726946,1.446722,0.30002972,-0.39406803,-0.42651224,-1.1095829999637998,-1.1162821999656276,-0.29530755009049825,-0.3834747350968654,-1.098086970228471,-0.6498979390095468,-0.6497984189250723,-0.14955279569911173,-0.14690058446623575,-0.9467784385834308
pdac.b3fb202bd41a2a434757f96a74bb3f8a403a099f99c7e0ad7abe4b0d9e10874b,-6.291418,-3.401046,-3.5043323,-23.32279,-27.631021,-3.5043323,-3.5043323,-3.5043323,-3.401046,-3.4034746,-4.6259284,-6.2274046,-6.2128053,-3.3224335,-3.5043824,-23.018244,-27.631021,-3.5043824,-3.5043824,-3.5043824,-3.3224335,-3.3691669,-4.47064,-5.117845,-6.2582273,-3.3678553,-3.5137327,-23.086407,-27.631021,-3.5137327,-3.5137327,-3.5137327,-3.3678553,-3.377262,-4.4750504,-5.6716146,-4.627928,-1.7375561,-2.1891735,-22.58221,-27.631021,-2.1891735,-2.1891735,-2.1891735,-1.7375561,-1.77554,-2.5235934,-3.3616896,-4.657322,-1.76695,-2.188563,-22.649809,-27.631021,-2.188563,-2.188563,-2.188563,-1.76695,-1.7748924,-2.522928,-3.9120758,-3.451908601958136,-3.47512015525375,-2.0435229916466535,-2.0250546968039913,-3.4730705541845395,-3.3325417917066966,-3.406784075036848,-1.7903729186437078,-1.7626459631996296,-3.3759595559205557
pdac.b4d16d1f96487e4d67a9ac27db066e606ae99dc56b7847c6f55c417158b767e5,-4.635554,-0.27884462,-1.2005363,-21.779137,-27.631021,-1.2005363,-1.4681246,-2.1899438,-0.32226387,-0.739595,-1.4681246,-1.8936749,-4.5365195,-0.1798107,-1.2004364,-21.605684,-27.631021,-1.2004364,-1.4681149,-2.0499473,-0.25343603,-0.7395617,-1.4681149,-1.818608,-4.550076,-0.19336697,-1.2013288,-21.650532,-27.631021,-1.2013288,-1.4689271,-2.0496523,-0.25298008,-0.7403949,-1.4689271,-1.8179574,-3.3396237,1.0170853,-0.45287305,-21.194712,-27.631021,-0.45287305,-0.61111397,-0.95951104,0.87799585,0.094501406,-0.61111397,-0.77163535,-3.363112,0.9935971,-0.45119154,-21.229057,-27.631021,-0.45119154,-0.60935223,-0.9572084,0.8766145,0.09625055,-0.60935223,-0.7691222,-1.1969966715050175,-1.2005360410495767,-0.29742417223495027,-0.3887388938561224,-1.0989176486794496,-0.6500246651432159,-0.650132588327208,-0.1497193288135376,-0.14773879175767263,-0.9481627984711207
pdac.b5b002fb222ce76efc9ae1ba79920fb9ab40eaee03bdafecd65ab4b1527e9040,-5.977728,-4.1859684,-4.1859684,-23.723513,-27.631021,-4.1859684,-4.1859684,-4.1859684,-4.1859684,-4.1859684,-15.908495,-19.816004,-5.9731393,-4.18138,-4.18138,-23.722748,-27.631021,-4.18138,-4.18138,-4.18138,-4.18138,-4.18138,-15.9062,-19.814474,-5.9726486,-4.180889,-4.180889,-23.722666,-27.631021,-4.180889,-4.180889,-4.180889,-4.180889,-4.180889,-15.905955,-19.81431,-4.137251,-2.3454914,-2.3454914,-23.416767,-27.631021,-2.3454914,-2.3454914,-2.3454914,-2.3454914,-2.3454914,-14.988256,-19.20251,-4.13501,-2.34325,-2.34325,-23.416393,-27.631021,-2.34325,-2.34325,-2.34325,-2.34325,-2.34325,-14.987136,-19.201765,-4.18138,-4.1859684,-2.34325,-2.3454914,-4.180889,-4.181379999761358,-4.185968399760261,-2.343249999978302,-2.345491399978253,-4.180888999761475
pdac.b672e5bc3f0b20ae3f8db87646a0fcc5a8e9e9d1fcbe86ebd8154729a88b9e87,-3.952807,0.32385927,-1.4192444,-19.106867,-27.631021,-1.4192444,-1.4941764,-1.7477112,0.16656625,-0.79822445,-1.4941764,-1.5896534,-3.8556285,0.42103755,-1.4200693,-18.985186,-27.631021,-1.4200693,-1.4918044,-1.7132314,0.21942925,-0.7960865,-1.4918044,-1.555035,-3.9746513,0.3020149,-1.7316074,-19.019909,-27.631021,-1.7316074,-1.7399249,-1.8903865,0.09673243,-1.046743,-1.7399249,-1.7764714,-2.3167272,1.9599391,-0.2379873,-18.346933,-27.631021,-0.2379873,-0.34728625,-0.43009615,1.704221,0.3518222,-0.34728625,-0.38954395,-2.3054686,1.9711975,-0.21528322,-18.35078,-27.631021,-0.21528322,-0.32689786,-0.41044456,1.7198251,0.37246534,-0.32689786,-0.37184075,-1.1989634395742899,-1.2430415459693642,-0.21528321997175598,-0.23798729997156726,-1.0996242928346271,-0.6499594034655158,-0.649934477267733,-0.14926350815278117,-0.14469993765181588,-0.9492366066680885
pdac.b6bd86ca77c61362ef3cca9a8020184b4ccf01b37ade4fa49a0b4f37377b4107,-5.5629435,-2.6725714,-2.709202,-23.026552,-27.631021,-2.709202,-2.709202,-2.709202,-2.6725714,-2.6787431,-4.4472566,-5.5668063,-5.2568655,-2.3664935,-2.5619142,-22.533339,-27.631021,-2.5619142,-2.5619142,-2.5619142,-2.3664935,-2.4305706,-3.5436883,-4.305938,-4.9412193,-2.0508473,-2.1536283,-22.68193,-27.631021,-2.1536283,-2.1536283,-2.1536283,-2.0508473,-2.0661418,-3.3497329,-4.3545475,-3.4062562,-0.5158844,-0.87919277,-22.064247,-27.631021,-0.87919277,-0.87919277,-0.87919277,-0.5158844,-0.610672,-1.4679749,-2.0737581,-3.134542,-0.24417028,-0.43811893,-22.211016,-27.631021,-0.43811893,-0.43811893,-0.43811893,-0.24417028,-0.26066455,-1.2576203,-2.3774343,-2.5016740484287707,-2.7034002345285026,-0.40392581522084214,-0.7685188674537675,-2.1308838280751377,-2.3773502365445935,-2.6746063532063165,-0.2549451863755877,-0.5360682169815347,-2.0565573683906546
pdac.b91507ca1d44be225b381eca8bad64d5f2441a8aeb98b417baa4cd7cdbb4e264,-3.587251,0.1504188,-0.89393735,-21.634794,-27.631021,-0.89393735,-0.89393735,-1.1299171,0.15039255,-0.22295667,-0.91635513,-1.1299171,-3.5693269,0.16834281,-0.8944906,-21.3367,-27.631021,-0.8944906,-0.8944906,-1.1338487,0.16574323,-0.22469437,-0.91812074,-1.1338487,-3.6045058,0.13316403,-0.92083716,-21.44393,-27.631021,-0.92083716,-0.92083716,-1.1519489,0.13282725,-0.2452533,-0.9385575,-1.1519489,-2.5044942,1.2331755,-0.16662396,-20.877691,-27.631021,-0.16662396,-0.16662396,-0.2271151,1.2293423,0.49433827,-0.19934411,-0.2271151,-2.6095772,1.1280925,-0.15353768,-20.973923,-27.631021,-0.15353768,-0.15353768,-0.21400303,1.1240911,0.5074378,-0.18624413,-0.21400303,-0.8944905999546802,-0.8939373499536218,-0.15353767997305368,-0.16662395996930873,-0.9208371599545497,-0.6498438204077686,-0.6496406165020622,-0.14881161633315948,-0.14308931878199693,-0.9208371201430674
pdac.ba60c23f496aa520c9369e56e9ad7cb89a2e49b5c54f64bdead27a9837e97cfd,-3.1161096,0.62156004,-0.5016774,-22.395844,-27.631021,-0.5016774,-0.5016774,-0.701454,0.62156004,0.05434291,-0.6497233,-0.701454,-3.1465855,0.5910841,-0.5047309,-22.344036,-27.631021,-0.5047309,-0.5047309,-0.7390692,0.5910841,0.045520633,-0.6595659,-0.7390692,-3.1375625,0.60010713,-0.54538864,-22.33702,-27.631021,-0.54538864,-0.54538864,-0.7209777,0.60010713,0.06518089,-0.63168526,-0.7209777,-2.5274951,1.2101746,-0.21016577,-22.082594,-27.631021,-0.21016577,-0.21016577,-0.3081363,1.2101746,0.4494049,-0.24432561,-0.3081363,-2.4280176,1.3096521,-0.13276559,-22.063719,-27.631021,-0.13276559,-0.13276559,-0.21657021,1.3096521,0.5014771,-0.1935141,-0.21657021,-0.5047308999517786,-0.5016773999743931,-0.1327655899679423,-0.21016576996865105,-0.5453886399743828,-0.5047308999688669,-0.5016773999680879,-0.13276558995901963,-0.14486117605967513,-0.5453886399674555
pdac.ba8e52946924dd9f0a204fd8c0e33373a68b4539e7d7b44891fcbff40a7e4a3a,-4.4015055,-0.41252145,-0.83825564,-22.99722,-27.631021,-0.83825564,-1.6374177,-2.0579112,-0.41271773,-0.6540732,-1.6374177,-2.0579112,-4.3868947,-0.3979106,-0.8373918,-22.855444,-27.631021,-0.8373918,-1.6359173,-2.0566568,-0.40088126,-0.65299505,-1.6359173,-2.0566568,-4.4065623,-0.4175784,-0.85108745,-22.88244,-27.631021,-0.85108745,-1.655592,-2.0744922,-0.41948006,-0.6686944,-1.655592,-2.0744922,-3.3549721,0.63401204,-0.20691243,-22.507286,-27.631021,-0.20691243,-0.6217242,-0.8752665,0.62209964,0.15509768,-0.6217242,-0.8752665,-3.360971,0.62801325,-0.19705974,-22.530682,-27.631021,-0.19705974,-0.61244637,-0.86594385,0.62120956,0.16460133,-0.61244637,-0.86594385,-0.8373917999716217,-0.8382556399655934,-0.1970597399730194,-0.2069124299721637,-0.8510874499689496,-0.6499650101065897,-0.6499384022374683,-0.14940905235473514,-0.14568667335452046,-0.8510874499504675
pdac.bd3f626a0324142f7410ac61040fa11810275741e5f315a2429d05a5ec43ff9a,-6.8128815,-2.5362153,-3.4055908,-22.980661,-27.631021,-3.4055908,-3.638847,-4.4105587,-2.559072,-2.9187388,-3.638847,-4.0538244,-5.7840405,-1.5073743,-2.3080087,-22.675531,-27.631021,-2.3080087,-2.7166388,-3.4684937,-1.5510391,-1.9422274,-2.7166388,-3.1001852,-5.7309775,-1.4543113,-2.0519931,-22.679396,-27.631021,-2.0519931,-2.958969,-3.569499,-1.4934821,-1.9009829,-2.958969,-3.3639352,-4.296185,-0.019519046,-1.2374325,-22.264404,-27.631021,-1.2374325,-1.5811988,-1.8902861,-0.10078144,-0.8300924,-1.5811988,-1.7750291,-4.112285,0.16438092,-0.8516193,-22.267597,-27.631021,-0.8516193,-1.2085868,-1.6646732,0.107124254,-0.45303556,-1.2085868,-1.3898118,-1.71365558126536,-2.6878511148577893,-0.3024234290056951,-0.412880887129739,-1.6090911130676204,-1.518494198478093,-2.5482899023208434,-0.15018073308460692,-0.1537983448556247,-1.4626123017735542
pdac.c206d4ea5e4ccc525df2bff4ba1b2bcf0874a4ed02da44d0e66bd2690ba2f3c1,-4.0611672,-1.1707953,-1.4845161,-19.729254,-27.631021,-1.4845161,-1.4845161,-1.4845161,-1.1707953,-1.3117808,-2.3187084,-2.928564,-4.05422,-1.1638484,-1.4796338,-19.72371,-27.631021,-1.4796338,-1.4796338,-1.4796338,-1.1638484,-1.3067375,-2.3133187,-2.9162023,-3.582222,-0.69185007,-1.018442,-19.571436,-27.631021,-1.018442,-1.018442,-1.018442,-0.69185007,-0.82932585,-1.8031149,-2.4300876,-3.0649507,-0.17457898,-0.6362066,-19.305653,-27.631021,-0.6362066,-0.6362066,-0.6362066,-0.17457898,-0.38656446,-1.2663617,-1.7715213,-2.5898983,0.3004734,-0.17469487,-19.153269,-27.631021,-0.17469487,-0.17469487,-0.17469487,0.3004734,0.0974424,-0.755843,-1.2850897,-1.3394874805381636,-1.2940193393918895,-0.17469486995815617,-0.4655230179654532,-1.0184419999608054,-1.1813920776209668,-1.1882242329116632,-0.1493993260911546,-0.200224944259352,-0.9479219620357134
pdac.c28de01257779876214d850cf0ebefb6c14a3ab1d8b22324495698213f55db92,-5.353585,-1.7700658,-2.0641246,-24.00359,-27.631021,-2.0641246,-2.0641246,-2.6779552,-1.7700658,-1.8071773,-2.6779552,-3.5329006,-5.3173423,-1.7338233,-2.0639944,-23.841673,-27.631021,-2.0639944,-2.0639944,-2.677865,-1.7338233,-1.8070652,-2.677865,-3.53254,-5.3245544,-1.7410353,-2.0639846,-23.84694,-27.631021,-2.0639846,-2.0639846,-2.6772447,-1.7410353,-1.8067787,-2.6772447,-3.5320065,-4.1023283,-0.5188095,-0.99682343,-23.547281,-27.631021,-0.99682343,-0.99682343,-1.5014226,-0.5188095,-0.6860272,-1.5014226,-2.036334,-4.1096244,-0.52610546,-0.99663347,-23.55253,-27.631021,-0.99663347,-0.99663347,-1.5006323,-0.52610546,-0.68551636,-1.5006323,-2.0700538,-1.919581532999203,-1.917157523158588,-0.8200313136948538,-0.8151845996182592,-1.9098153564168374,-1.742994760337242,-1.778234110767914,-0.5391757070393459,-0.5320876375006762,-1.7500061682421488
pdac.c3e2c24d1a42abf24343c0fb786088f8514a0b6bbc90b5c9c191d488955e2ff9,-4.9751773,-0.98619306,-1.891801,-22.538668,-27.631021,-1.891801,-2.003933,-2.5319757,-0.9913273,-1.304512,-2.003933,-2.5319757,-4.858849,-0.8698648,-1.8917712,-22.433378,-27.631021,-1.8917712,-2.0039897,-2.4013216,-0.88280386,-1.3045592,-2.0039897,-2.4013216,-4.920892,-0.9319078,-1.9318335,-22.437841,-27.631021,-1.9318335,-2.1862557,-2.4207866,-0.9455634,-1.4610864,-2.1862557,-2.4207866,-3.5140266,0.47495738,-0.8735246,-22.069145,-27.631021,-0.8735246,-0.9573753,-1.0059371,0.44884697,-0.26071677,-0.9573753,-1.0059371,-3.4343088,0.5546754,-0.79679406,-22.064352,-27.631021,-0.79679406,-0.83361197,-0.8952031,0.5304033,-0.13978718,-0.83361197,-0.8952031,-1.2011105154792823,-1.2566609567099305,-0.2999774219884995,-0.3995945018664219,-1.1261094612915596,-0.8887889863965117,-1.0029635732020221,-0.149989444936162,-0.15031828141907774,-0.9582440371721452
pdac.c447d0704d341a7bb73e37da84c3da7a211065d2ab984a1e82006a4f1ecea07b,-6.2740636,-1.9973975,-2.9851372,-21.979008,-27.631021,-2.9851372,-3.4508476,-4.007441,-2.044466,-2.6529646,-3.4508476,-3.8115733,-4.7418795,-0.46521345,-1.1775235,-21.604542,-27.631021,-1.1775235,-1.6441288,-2.291333,-0.5115695,-0.8458563,-1.6441288,-1.9930599,-5.1820893,-0.9054231,-1.8236778,-21.639038,-27.631021,-1.8236778,-2.2949002,-2.8181086,-0.9680557,-1.4946086,-2.2949002,-2.6227708,-3.444501,0.83216524,-0.42900935,-21.11267,-27.631021,-0.42900935,-0.5929752,-0.92668325,0.74066734,0.11355459,-0.5929752,-0.73733896,-3.7609582,0.5157081,-0.8493004,-21.147165,-27.631021,-0.8493004,-0.96223193,-1.4534588,0.39673772,-0.2627215,-0.96223193,-1.201973,-1.1775234999708015,-2.1166840443096695,-0.30022792715158886,-0.38782016405442,-1.1016367961958395,-0.6501464895191494,-2.011116107010123,-0.15001664224520206,-0.14789674767913963,-0.955382856928753
pdac.c54e781f8f4f0a183c65a6ac8acda3a9db8aab4e996e337d681b0eaadf4e17f8,-7.006194,-4.5212874,-5.089365,-23.896416,-27.631021,-5.089365,-5.089365,-5.089365,-4.5212874,-4.5212874,-5.223389,-12.6926,-6.9187474,-4.4338408,-4.942461,-23.883844,-27.631021,-4.942461,-4.942461,-4.942461,-4.4338408,-4.4338408,-5.147955,-12.64231,-6.784032,-4.299125,-4.941006,-23.858128,-27.631021,-4.941006,-4.941006,-4.941006,-4.299125,-4.299125,-4.9936576,-12.539446,-5.20283,-2.7179232,-3.2275293,-23.597816,-27.631021,-3.2275293,-3.2275293,-3.2275293,-2.7179232,-2.7179232,-3.4317877,-11.498199,-5.0584908,-2.5735838,-3.2181761,-23.570513,-27.631021,-3.2181761,-3.2181761,-3.2181761,-2.5735838,-2.5735838,-3.2679703,-11.388988,-4.698594499271806,-4.807865814939728,-2.9119152257809864,-3.024060026787957,-4.620731942093728,-4.47622566454053,-4.568627283971064,-2.6272999167970874,-2.760390444194245,-4.352614962752509
pdac.c6ad4a9e7b3ecb72197aaaa950d604a1dba0f8f3058dc31ba62c16242efaed2a,-5.972836,-3.4879293,-3.5310557,-22.299536,-27.631021,-3.5310557,-3.5310557,-3.5310557,-3.4879293,-3.49414,-5.1713576,-6.305078,-4.8042507,-2.3193443,-2.416359,-21.92214,-27.631021,-2.416359,-2.416359,-2.416359,-2.3193443,-2.3271,-3.601986,-4.7954984,-4.559613,-2.0747063,-2.1503754,-21.902672,-27.631021,-2.1503754,-2.1503754,-2.1503754,-2.0747063,-2.0805154,-3.4634392,-4.717619,-2.9972184,-0.5123117,-0.72154707,-21.44505,-27.631021,-0.72154707,-0.72154707,-0.72154707,-0.5123117,-0.5177388,-1.4650178,-2.8871346,-2.7737136,-0.2888069,-0.45422247,-21.425455,-27.631021,-0.45422247,-0.45422247,-0.45422247,-0.2888069,-0.2929598,-1.3257256,-2.8087583,-2.3999511823709234,-3.523503962767851,-0.4290034442806435,-0.6820443237681025,-2.137439189851818,-2.3274288793822224,-3.4915231870535024,-0.30259152290972735,-0.5297479707933661,-2.0810122028473135
pdac.c75ad7b1858550227b107fd55bda1f2da1068ee58b30ea83d4bc34252db8ef95,-3.3898816,-0.4995099,-0.5875039,-24.068731,-27.631021,-0.5875039,-0.5875039,-0.5875039,-0.4995099,-0.49951032,-1.7805898,-6.2572756,-3.3898625,-0.49949062,-0.58749384,-23.888542,-27.631021,-0.58749384,-0.58749384,-0.58749384,-0.49949062,-0.49950108,-1.7805848,-5.176142,-3.3893757,-0.49900398,-0.5869836,-23.924816,-27.631021,-0.5869836,-0.5869836,-0.5869836,-0.49900398,-0.4990094,-1.7801846,-5.3937874,-2.8787315,0.011640271,-0.18189697,-23.653572,-27.631021,-0.18189697,-0.18189697,-0.18189697,0.01164027,0.011557742,-0.9541097,-3.7663298,-2.8777978,0.012574034,-0.1808866,-23.68979,-27.631021,-0.1808866,-0.1808866,-0.1808866,0.012574034,0.012531152,-0.9532045,-3.983639,-0.5874938399747086,-0.5875038999588633,-0.18088659996830778,-0.1818969699682838,-0.586983599969102,-0.587493839961297,-0.5875038999613009,-0.14966333514005903,-0.14750183584216564,-0.5869835999613073
pdac.ce33d1fe5f894a7e78479a178311391738280d30da5a1ab7ba60f0bcd80ce99e,-8.161826,-5.6769195,-6.059762,-24.099363,-27.631021,-6.059762,-6.059762,-6.059762,-5.6769195,-5.6769195,-6.4410677,-13.504385,-7.5160985,-5.031192,-5.5260806,-23.984015,-27.631021,-5.5260806,-5.5260806,-5.5260806,-5.031192,-5.031192,-5.7489777,-13.042992,-7.683738,-5.1988316,-5.8365808,-24.008118,-27.631021,-5.8365808,-5.8365808,-5.8365808,-5.1988316,-5.1988316,-5.893604,-13.13941,-5.792227,-3.3073204,-3.971117,-23.692669,-27.631021,-3.971117,-3.971117,-3.971117,-3.3073204,-3.3073204,-4.000911,-11.877615,-5.914198,-3.4292915,-3.9431062,-23.716204,-27.631021,-3.9431062,-3.9431062,-3.9431062,-3.4292915,-3.4292915,-4.142111,-11.971747,-5.290533879910907,-5.881755629417096,-3.7366602529114643,-3.6491043806330854,-5.518482883294389,-5.072432407952091,-5.708823103896716,-3.472109463827657,-3.362636679008156,-5.2519775326109475
pdac.ce4af8f1a2aa7960447bd3c4fea4740dd58a1c46f627a1dd7ff3ca731adce1ed,-5.3478465,-1.3588624,-2.214962,-22.540165,-27.631021,-2.214962,-2.7698665,-2.981308,-1.3757701,-1.9300674,-2.7698665,-2.981308,-5.333809,-1.3448249,-2.2052698,-22.475163,-27.631021,-2.2052698,-2.7650254,-2.9782507,-1.3694179,-1.9227717,-2.7650254,-2.9782507,-5.377527,-1.3885434,-2.2544804,-22.510115,-27.631021,-2.2544804,-2.7907376,-2.995649,-1.4020939,-1.9602096,-2.7907376,-2.995649,-3.9017243,0.087259814,-0.8819371,-22.125113,-27.631021,-0.8819371,-1.3215232,-1.5598563,0.046504825,-0.5347182,-1.3215232,-1.5598563,-3.921298,0.06768602,-0.88654107,-22.144804,-27.631021,-0.88654107,-1.323435,-1.5609342,0.039218016,-0.5377397,-1.323435,-1.5609342,-1.5423391304654677,-1.492091467360673,-0.30634207067475705,-0.4053612844514072,-1.55776743849675,-1.3607590812170551,-1.374716045258117,-0.1502775017484677,-0.15203888271257687,-1.4045793040877985
pdac.ce8673feaac156cf0af0decc0ac8787e47e5274ff65f0ba0cf24ee6ba1e35c26,-3.832949,0.6668609,-0.48574257,-22.16804,-27.631021,-0.48574257,-0.66817963,-1.2465967,0.6313779,0.041517712,-0.66817963,-0.92500687,-3.7601092,0.7397006,-0.49240085,-22.037777,-27.631021,-0.49240085,-0.67614913,-1.244888,0.6909844,0.0337856,-0.67614913,-0.925701,-3.7827973,0.71701247,-0.4976499,-22.052462,-27.631021,-0.4976499,-0.6803013,-1.3044566,0.67060155,0.029434731,-0.6803013,-0.9694528,-2.7052984,1.7945113,-0.14514229,-21.658676,-27.631021,-0.14514229,-0.22196144,-0.3808503,1.6964743,0.47413343,-0.22196144,-0.27770293,-2.6998868,1.799923,-0.13520642,-21.667286,-27.631021,-0.13520642,-0.2107541,-0.3912323,1.7055138,0.4852441,-0.2107541,-0.2797378,-0.4924008499699515,-0.48574256997091836,-0.1352064199518132,-0.14514228995166376,-0.49764989996974246,-0.4924008499645396,-0.4857425699668275,-0.13520641997215305,-0.13991408203122424,-0.49764989996504144
pdac.cff00c9edd6ff1b643a16b911fb842482216fda37ba00d5570ccff36c77f9b5b,-5.2039003,-2.0258465,-2.8856668,-23.809053,-27.631021,-2.8856668,-2.8856668,-2.9206896,-2.0258465,-2.2269292,-2.9206896,-3.1914139,-5.181617,-2.0035632,-2.8850539,-23.66651,-27.631021,-2.8850539,-2.8850539,-2.9203176,-2.0035632,-2.226549,-2.9203176,-3.1910245,-5.2153044,-2.0372505,-2.9045837,-23.753815,-27.631021,-2.9045837,-2.9045837,-2.9339955,-2.0372505,-2.2404158,-2.9339955,-3.2050445,-3.88818,-0.7101262,-1.6087437,-23.445967,-27.631021,-1.6087437,-1.6087437,-1.6469574,-0.7101262,-0.9530803,-1.6469574,-1.8859266,-3.8968694,-0.71881557,-1.6007224,-23.529905,-27.631021,-1.6007224,-1.6007224,-1.6339326,-0.71881557,-0.9402341,-1.6339326,-1.8730168,-2.3142892428448523,-2.327968003763709,-1.0839185678289354,-1.075982286415456,-2.3480547552199784,-2.0402920276276966,-2.0616721765898225,-0.7555616563357113,-0.7475686244898163,-2.0733894409808613
pdac.d07def8a4fa0912c958313a7cb3be7da9b8cd74cce87bb85ba511eb47c22cc0b,-4.666359,-0.6773751,-1.2315838,-21.865164,-27.631021,-1.2315838,-1.543556,-2.2324378,-0.68332714,-0.802515,-1.543556,-2.2324378,-4.5807576,-0.5917737,-1.2371196,-21.667536,-27.631021,-1.2371196,-1.5439993,-2.2615366,-0.60969687,-0.80448556,-1.5439993,-2.2615366,-4.187167,-0.19818288,-0.5528582,-21.676414,-27.631021,-0.5528582,-1.1956339,-2.068843,-0.20890622,-0.3087377,-1.1956339,-2.068843,-3.7354407,0.25354347,-0.84462315,-21.266674,-27.631021,-0.84462315,-0.9145031,-1.398083,0.20829676,-0.21891633,-0.9145031,-1.398083,-3.5177445,0.47123948,-0.29357234,-21.267246,-27.631021,-0.29357234,-0.562738,-1.1391859,0.4267323,0.16620512,-0.562738,-1.1391859,-1.1987499142722355,-1.2305257846169155,-0.2920734222576413,-0.40170907060126265,-0.5528581999561302,-0.6503364112870691,-0.6876381563225753,-0.1496932162627836,-0.15100941157351735,-0.5528581999594749
pdac.d135322dce63dd6f859f4d3e1a489615974ba3a0b9bc68143b707a09577cdab8,-5.3995514,-1.6618814,-2.096864,-23.357145,-27.631021,-2.096864,-2.096864,-3.2690136,-1.6618814,-1.8715087,-2.7845063,-3.2690136,-5.08032,-1.3426503,-1.7624615,-23.219028,-27.631021,-1.7624615,-1.7624615,-3.0162048,-1.3426503,-1.5980232,-2.6233985,-3.0162048,-4.8515577,-1.113888,-1.4724654,-23.202778,-27.631021,-1.4724654,-1.4724654,-2.8697731,-1.113888,-1.3465185,-2.4765956,-2.8697731,-3.8849916,-0.14732198,-0.8907905,-22.89851,-27.631021,-0.8907905,-0.8907905,-1.6416881,-0.14732198,-0.57264596,-1.3817723,-1.6416881,-3.693878,0.043791678,-0.6001041,-22.881947,-27.631021,-0.6001041,-0.6001041,-1.4915229,0.043791678,-0.35014796,-1.229549,-1.4915229,-1.5358114869472814,-1.8006986437393468,-0.3047417681337594,-0.500812916931879,-1.270957229973095,-1.3526457999976809,-1.6722382292001474,-0.1501968739112594,-0.16512736967992342,-1.1224255584447178
pdac.d16043fb89bf4128316d8ad14f39a3778220c240ddc07762a8670b0fa8e7f9d7,-5.1780987,-1.3068978,-1.8624613,-22.800459,-27.631021,-1.8624613,-1.8624613,-3.0170746,-1.3068978,-1.58215,-2.4266748,-3.0170746,-5.0225067,-1.1513059,-1.8628695,-22.755463,-27.631021,-1.8628695,-1.8628695,-2.6211932,-1.1513059,-1.5825557,-2.4270778,-2.6211932,-5.178351,-1.30715,-2.1023734,-22.77393,-27.631021,-2.1023734,-2.1023734,-2.7825558,-1.30715,-1.7647561,-2.5585177,-2.7825558,-3.489317,0.3818841,-0.8611291,-22.404366,-27.631021,-0.8611291,-0.8611291,-1.120405,0.3818841,-0.18235739,-0.8756094,-1.120405,-3.4826891,0.388512,-0.85171777,-22.401491,-27.631021,-0.85171777,-0.85171777,-1.1148529,0.388512,-0.17863268,-0.8719852,-1.1148529,-1.3632741140926452,-1.438255706124746,-0.30072319538668846,-0.40033702031662854,-1.4917075164580638,-1.1661301705487666,-1.31847189829731,-0.1500668629852499,-0.15057823757773953,-1.3237172271064859
pdac.d3f24b198fa2a34dd906f2b53d2fc8ad517a8a3e3530812d26325a7df6ddd559,-7.6720743,-4.0885553,-4.841534,-23.543488,-27.631021,-4.841534,-4.841534,-5.261879,-4.0885553,-4.482872,-5.261879,-5.540184,-6.179364,-2.5958452,-2.992254,-23.283285,-27.631021,-2.992254,-2.992254,-3.8585644,-2.5958452,-2.8294377,-3.8585644,-4.367424,-6.3683786,-2.7848594,-3.4470437,-23.268608,-27.631021,-3.4470437,-3.4470437,-4.0755653,-2.7848594,-3.1966789,-4.0755653,-4.4034176,-4.389599,-0.8060796,-1.4328791,-22.904379,-27.631021,-1.4328791,-1.4328791,-1.8547046,-0.8060796,-1.0751086,-1.8547046,-2.4296575,-4.5238814,-0.9403625,-1.8876586,-22.889698,-27.631021,-1.8876586,-1.8876586,-2.0717006,-0.9403625,-1.3617123,-2.0717006,-2.4640331,-2.7847400360798904,-4.259345819721643,-1.307712733042328,-1.140977998614804,-2.9658091613250566,-2.6068564673689805,-4.1094715304297935,-0.9666763135612759,-0.823490691249518,-2.803253560124346
pdac.d493eb2bf0244500b9f846c4f95ed269b7803481862af70f23187888ddf36720,-5.1763983,-1.592879,-2.5541341,-21.99832,-27.631021,-2.5541341,-2.5541341,-2.5819414,-1.592879,-1.8884076,-2.5819414,-2.8882225,-4.788773,-1.2052541,-2.3644328,-21.771975,-27.631021,-2.3644328,-2.3644328,-2.433648,-1.2052541,-1.7381074,-2.433648,-2.485076,-4.439271,-0.85575217,-1.6377401,-21.773943,-27.631021,-1.6377401,-1.6377401,-2.0002606,-0.85575217,-1.2427937,-2.0002606,-2.1595526,-3.3049102,0.27860892,-0.7799597,-21.379953,-27.631021,-0.7799597,-0.7799597,-0.8476738,0.27860892,-0.15223578,-0.8476738,-1.0706785,-3.046972,0.53654695,-0.52651405,-21.380922,-27.631021,-0.52651405,-0.52651405,-0.6581795,0.53654695,0.04361063,-0.6581795,-0.73382884,-1.486765272447908,-1.8299379259010466,-0.29897906834117216,-0.4007793467749776,-1.1015907241984944,-1.237453495452547,-1.6195805599344757,-0.1498814240998551,-0.15077411950235803,-0.953748466003107
pdac.d66b216c56e88016d492434f911f75ca8231ae5e2f72647acb0ce719e6bbc705,-4.1035724,-0.36590248,-0.49761036,-20.62856,-27.631021,-0.49761036,-0.49761036,-2.8777995,-0.3666964,-0.38592142,-1.5654471,-2.8777995,-3.8834655,-0.1457959,-0.4976404,-20.051056,-27.631021,-0.4976404,-0.4976404,-1.7358539,-0.15119486,-0.3100126,-1.2866478,-1.7358539,-4.0203815,-0.2827116,-0.5036078,-20.154066,-27.631021,-0.5036078,-0.5036078,-2.0785625,-0.28840214,-0.39192742,-1.5714849,-2.0785625,-2.892017,0.84565276,-0.14955303,-19.429527,-27.631021,-0.14955303,-0.14955303,-0.6099213,0.8293377,0.4354027,-0.26431525,-0.6099213,-3.2473927,0.49027702,-0.14805172,-19.531319,-27.631021,-0.14805172,-0.14805172,-0.9476138,0.46680808,0.12687781,-0.72336584,-0.9476138,-0.49764039996097487,-0.49761035995421266,-0.14805171996493804,-0.14955302996348457,-0.5036077999573376,-0.49764039996001513,-0.49761035997006453,-0.14799940468293543,-0.14176628488243365,-0.5036077999748967
pdac.d9550f7e7926057cc500e95785984b456fbc8f1eba5db3b2178f722fc47aefd5,-6.4164877,-2.8329685,-2.9823523,-24.030767,-27.631021,-2.9823523,-2.9823523,-4.2807465,-2.8329685,-2.9104853,-4.2807465,-4.949609,-5.6483326,-2.0648139,-2.3038464,-23.867184,-27.631021,-2.3038464,-2.3038464,-3.2769277,-2.0648139,-2.1703465,-3.2769277,-3.8416789,-5.385683,-1.8021642,-1.9686189,-23.832008,-27.631021,-1.9686189,-1.9686189,-3.3350523,-1.8021642,-1.9056134,-3.3350523,-3.8892038,-4.5774593,-0.99394023,-1.3564861,-23.626822,-27.631021,-1.3564861,-1.3564861,-2.1404362,-0.99394023,-1.1671207,-2.1404362,-2.6286411,-4.3339796,-0.7504604,-1.0210387,-23.59163,-27.631021,-1.0210387,-1.0210387,-2.1781971,-0.7504604,-0.92678934,-2.1781971,-2.6760929,-2.2169121124925226,-2.9153365611071043,-0.9568949294257738,-1.2462367652584654,-1.910922437404369,-2.071453736575883,-2.8371180873415254,-0.7579765059355107,-1.0040109436283902,-1.8067879924225219
pdac.d9bf059fcc5f0531aea48cf896707caf102132bd1170155bb0fc068033bd4b83,-6.9137974,-5.122038,-5.122038,-23.879524,-27.631021,-5.122038,-5.122038,-5.122038,-5.122038,-5.122038,-16.37653,-20.128027,-6.9138174,-5.122058,-5.122058,-23.879528,-27.631021,-5.122058,-5.122058,-5.122058,-5.122058,-5.122058,-16.37654,-20.128033,-6.9137974,-5.122038,-5.122038,-23.879524,-27.631021,-5.122038,-5.122038,-5.122038,-5.122038,-5.122038,-16.37653,-20.128027,-5.5399427,-3.7481835,-3.7481835,-23.650549,-27.631021,-3.7481835,-3.7481835,-3.7481835,-3.7481835,-3.7481835,-15.689603,-19.670076,-5.5394125,-3.7476532,-3.7476532,-23.65046,-27.631021,-3.7476532,-3.7476532,-3.7476532,-3.7476532,-3.7476532,-15.689338,-19.669899,-5.122058,-5.122038,-3.7476532,-3.7481835,-5.122038,-5.1220579993449995,-5.122037999345013,-3.747653199867433,-3.7481834998673627,-5.122037999345013
pdac.da3d5f2ad8e138add91b10ff3f6c4da34cc406cfa6b8c1aabb4155fadfd42ed0,-3.9974103,-0.00842611,-0.9952618,-21.009138,-27.631021,-0.9952618,-1.203357,-1.3104293,-0.0162332,-0.48871243,-1.203357,-1.3104293,-3.9531245,0.03585965,-0.99500775,-20.681276,-27.631021,-0.99500775,-1.2385828,-1.3436831,0.015156392,-0.51606,-1.2385828,-1.3436831,-3.9885988,0.000385268,-1.0601168,-20.809881,-27.631021,-1.0601168,-1.2366453,-1.3221524,-0.016863728,-0.52799726,-1.2366453,-1.3221524,-2.8555574,1.1334268,-0.36670512,-20.202164,-27.631021,-0.36670512,-0.4039929,-0.5036912,1.0896877,0.2898493,-0.4039929,-0.5036912,-2.9606843,1.0282998,-0.35098055,-20.323006,-27.631021,-0.35098055,-0.39055586,-0.4511026,0.9975672,0.3033742,-0.39055586,-0.4511026,-0.9950077499536247,-0.9952617999543818,-0.2959323509677908,-0.36643831354215006,-1.0601167999517616,-0.6499125377948206,-0.6498164077287776,-0.14962812437868106,-0.14702519107780954,-0.9464139894911114
pdac.dc35a17afb2a6800fc091e70888a215ca57f20743bc2613afb9c972651be3697,-6.0502872,-2.8722334,-3.537368,-22.25823,-27.631021,-3.537368,-3.537368,-3.7938757,-2.8722334,-3.0681849,-3.7938757,-4.210484,-5.915168,-2.7371137,-3.450102,-21.983814,-27.631021,-3.450102,-3.450102,-3.7503982,-2.7371137,-3.012824,-3.7503982,-4.181509,-5.4097295,-2.2316756,-2.6089268,-22.01921,-27.631021,-2.6089268,-2.6089268,-3.3321736,-2.2316756,-2.3975368,-3.3321736,-3.8054821,-4.533098,-1.3550445,-2.2759728,-21.592672,-27.631021,-2.2759728,-2.2759728,-2.4932692,-1.3550445,-1.7766967,-2.4932692,-2.7666285,-4.1481767,-0.9701229,-1.4347775,-21.627415,-27.631021,-1.4347775,-1.4347775,-2.071104,-0.9701229,-1.1878489,-2.071104,-2.4965389,-2.9727967988407977,-3.0840644586634935,-1.2620895976191964,-1.7217114537164053,-2.401610987502362,-2.766821479534589,-2.8999473692467417,-0.9894835136288624,-1.3934165378611696,-2.2473944091839693
pdac.dc690b750a880e149d84342fdd98d74403f5291f884527e304f67572a61c267c,-4.1013923,-0.5178732,-0.935754,-21.4097,-27.631021,-0.935754,-0.935754,-1.344493,-0.5178732,-0.5700394,-1.344493,-2.4361343,-4.0306983,-0.44717926,-0.93567336,-21.13071,-27.631021,-0.93567336,-0.93567336,-1.3435898,-0.44717926,-0.5694545,-1.3435898,-2.1194377,-3.9989393,-0.41542038,-0.9294336,-21.10529,-27.631021,-0.9294336,-0.9294336,-1.3384447,-0.41542038,-0.5638856,-1.3384447,-1.9533337,-3.0336683,0.54985064,-0.33061978,-20.65973,-27.631021,-0.33061978,-0.33061978,-0.55730414,0.54985064,0.16131887,-0.55730414,-0.91755205,-2.9804382,0.60308075,-0.3218564,-20.633976,-27.631021,-0.3218564,-0.3218564,-0.5496356,0.60308075,0.16923201,-0.5496356,-0.7490816,-0.9356733599688729,-0.9357539999717511,-0.29573750627033246,-0.33061976460874576,-0.9294335999633265,-0.6500546286537636,-0.65026770778872,-0.14969291402141632,-0.14777283105456035,-0.9294306417379771
pdac.dd03b1c5c91672dca6dc0fbe71d8cc0ab14b32ddea9e9eb62c43e45be738eccc,-10.435608,-7.950701,-8.135668,-24.514603,-27.631021,-8.135668,-8.135668,-8.135668,-7.950701,-7.950701,-8.932503,-15.165342,-7.9171443,-5.4322376,-5.6044497,-24.099234,-27.631021,-5.6044497,-5.6044497,-5.6044497,-5.4322376,-5.4322376,-6.4402933,-13.50387,-8.848198,-6.3632913,-6.812133,-24.208565,-27.631021,-6.812133,-6.812133,-6.812133,-6.3632913,-6.3632913,-7.0962753,-13.941191,-6.2253065,-3.7404,-4.226983,-23.769283,-27.631021,-4.226983,-4.226983,-4.226983,-3.7404,-3.7404,-4.4605885,-12.184066,-6.858555,-4.373648,-4.7984543,-23.87861,-27.631021,-4.7984543,-4.7984543,-4.7984543,-4.373648,-4.373648,-5.11656,-12.621381,-5.558581974486435,-8.068160184225484,-4.651427491869509,-4.039514034889757,-6.6008522915032675,-5.446588712290021,-7.966115166008829,-4.409048771472463,-3.7809487414800644,-6.4006950706115315
pdac.df7486a2985c1e9c2c3adb3a09915384cf2087e92c968096d2c1a5c34f18751a,-7.9515605,-6.159801,-6.159801,-24.052485,-27.631021,-6.159801,-6.159801,-6.159801,-6.159801,-6.159801,-16.89541,-20.473948,-7.114032,-5.3222723,-5.3222723,-23.912897,-27.631021,-5.3222723,-5.3222723,-5.3222723,-5.3222723,-5.3222723,-16.476646,-20.19477,-7.1202626,-5.328503,-5.328503,-23.913935,-27.631021,-5.328503,-5.328503,-5.328503,-5.328503,-5.328503,-16.479763,-20.196848,-5.7391768,-3.9474175,-3.9474175,-23.683754,-27.631021,-3.9474175,-3.9474175,-3.9474175,-3.9474175,-3.9474175,-15.78922,-19.736486,-5.745408,-3.9536486,-3.9536486,-23.684793,-27.631021,-3.9536486,-3.9536486,-3.9536486,-3.9536486,-3.9536486,-15.7923355,-19.738564,-5.3222723,-6.159801,-3.9536486,-3.9474175,-5.328503,-5.322272299173136,-6.159800998058591,-3.95364859980996,-3.9474174998111407,-5.328502999167969
pdac.e1a8ef1efe9d201a3821665de4a10536dbf1a07c8b9756e6ca290f9e49c95dcb,-5.6295624,-1.5352178,-2.8132539,-21.094326,-27.631021,-2.8132539,-2.8595898,-2.9178011,-1.567398,-2.1653695,-2.8595898,-2.9178011,-5.536339,-1.441994,-2.9473557,-20.85623,-27.631021,-2.9473557,-2.9520912,-2.9582138,-1.5322452,-2.2589328,-2.9520912,-2.9582138,-5.525717,-1.431372,-2.8579552,-20.8813,-27.631021,-2.8579552,-2.8875723,-2.9918005,-1.5154738,-2.1939864,-2.8875723,-2.9918005,-3.8628511,0.23149359,-1.3960693,-20.262728,-27.631021,-1.3960693,-1.4200791,-1.5035511,0.07318356,-0.72664374,-1.4200791,-1.5035511,-3.7579596,0.3363851,-1.2537637,-20.277393,-27.631021,-1.2537637,-1.3214009,-1.3991872,0.21351983,-0.62596804,-1.3214009,-1.3991872,-1.6767414000409384,-1.720800765487195,-0.3015701039733289,-0.4045734772666369,-1.6259372152776863,-1.4670833009556388,-1.5565183800943847,-0.15018650674285133,-0.15213548925562553,-1.4551484598313238
pdac.e22972426e6e08a29a809de493b2a00616d68940c3d032a5a558a4d939dd10e1,-2.6842265,0.2061452,-0.6413281,-21.996944,-27.631021,-0.6413281,-0.6413281,-0.6413281,0.2061452,0.046440866,-0.6467209,-1.0043291,-2.6851962,0.20517561,-0.6465259,-21.971512,-27.631021,-0.6465259,-0.6465259,-0.6465259,0.20517561,0.043736577,-0.6494148,-1.0055302,-2.6840942,0.20627762,-0.6414781,-21.971775,-27.631021,-0.6414781,-0.6414781,-0.6414781,0.20627762,0.0463008,-0.64686084,-1.0062878,-2.1427693,0.7476025,-0.20611636,-21.78141,-27.631021,-0.20611636,-0.20611636,-0.20611636,0.7476025,0.4866196,-0.20652768,-0.39089027,-2.1390636,0.75130814,-0.20165116,-21.78084,-27.631021,-0.20165116,-0.20165116,-0.20165116,0.75130814,0.48939565,-0.20375374,-0.38665515,-0.6465258999694321,-0.6413280999684726,-0.20165115996591942,-0.20611635996587602,-0.6414780999691118,-0.6465258999531787,-0.641328099953411,-0.14940597710227987,-0.1455073456043388,-0.6414780999533956
pdac.e3c12099e70e0f07c44070fc60fda300f9b6a171f1b722c386294e3b1e7b97d3,-5.7224975,-3.5252728,-4.5390797,-18.011236,-27.631021,-4.5390797,-4.5390797,-4.5390797,-3.5252728,-3.9021685,-4.5969915,-4.627399,-4.80033,-2.6031053,-2.9322639,-17.550098,-27.631021,-2.9322639,-2.9322639,-2.9322639,-2.6031053,-2.7475572,-3.7298694,-4.0388484,-4.2646627,-2.0674381,-2.5070128,-17.310154,-27.631021,-2.5070128,-2.5070128,-2.5070128,-2.0674381,-2.254498,-3.1306992,-3.3742814,-2.9842818,-0.78705716,-1.1143615,-16.673325,-27.631021,-1.1143615,-1.1143615,-1.1143615,-0.78705716,-0.9174731,-1.8768911,-2.2506967,-2.456113,-0.25888842,-0.68764955,-16.432915,-27.631021,-0.68764955,-0.68764955,-0.68764955,-0.25888842,-0.44297993,-1.3291588,-1.5847313,-2.7859588078025395,-3.8607742350038627,-0.5381471688313492,-1.0229991646838499,-2.261771908596084,-2.639678519509169,-3.637918104904016,-0.3065285217835884,-0.8234242805652072,-2.116279749650576
pdac.e4d000de5abf9bfcd37d145940d8c54670c34302c4487341bae0d37d14e5486f,-4.976573,-1.3930538,-2.288713,-22.66594,-27.631021,-2.288713,-2.288713,-2.4312367,-1.3930538,-1.7279671,-2.4312367,-2.746139,-4.9432087,-1.3596895,-2.2893841,-22.470493,-27.631021,-2.2893841,-2.2893841,-2.431372,-1.3596895,-1.7281781,-2.431372,-2.7378576,-4.951665,-1.3681458,-2.288713,-22.516165,-27.631021,-2.288713,-2.288713,-2.4317029,-1.3681458,-1.7283672,-2.4317029,-2.7362914,-3.69855,-0.11503106,-1.1504936,-22.12382,-27.631021,-1.1504936,-1.1504936,-1.2663767,-0.11503106,-0.5665301,-1.2663767,-1.5297676,-3.7188807,-0.13536155,-1.1484319,-22.169163,-27.631021,-1.1484319,-1.1484319,-1.2646606,-0.13536155,-0.564774,-1.2646606,-1.5256388,-1.6160329359624994,-1.61695896282969,-0.5032098478213398,-0.4826845535423344,-1.608101619008389,-1.3855143659247435,-1.4179331712577874,-0.1635024001567364,-0.1573391019371821,-1.3937171288141004
pdac.e61b2b795cd8eba323a9363d4c2bd65ec631062a037177c994de6572ae4b6f9f,-4.0121975,0.4876123,-0.9319105,-20.522184,-27.631021,-0.9319105,-1.0304592,-1.422801,0.41870648,-0.33246392,-1.0304592,-1.2015833,-3.8096485,0.69016135,-0.97185063,-20.255972,-27.631021,-0.97185063,-1.0608654,-1.3516839,0.5912112,-0.36376163,-1.0608654,-1.0969738,-3.7498384,0.7499713,-0.9021977,-20.268442,-27.631021,-0.9021977,-1.0002663,-1.3018332,0.657999,-0.30231816,-1.0002663,-1.0429341,-2.6600559,1.8397539,-0.22038181,-19.75171,-27.631021,-0.22038181,-0.23498192,-0.3631973,1.6710746,0.45827183,-0.23498192,-0.27397984,-2.6275349,1.8722749,-0.14621109,-19.763014,-27.631021,-0.14621109,-0.1607862,-0.30295902,1.7088984,0.5324672,-0.1607862,-0.2128254,-0.9718506299571954,-0.9319104999630714,-0.14621108997452953,-0.2203818099738415,-0.9021976999568848,-0.6498124744449552,-0.6495707453233558,-0.14621105192007477,-0.14444387831324926,-0.9021976999524499
pdac.e6b495321913d2573fee998f31f81b02a69fcc3e79da6708de20004883ad9a1b,-5.5656023,-1.694401,-2.6440635,-23.855034,-27.631021,-2.6440635,-2.6440635,-3.0087922,-1.694401,-1.9663125,-2.6595802,-3.0087922,-5.511937,-1.640736,-2.6440635,-23.757242,-27.631021,-2.6440635,-2.6440635,-3.008388,-1.640736,-1.9660178,-2.6592808,-3.008388,-5.516774,-1.6455731,-2.6442335,-23.76378,-27.631021,-2.6442335,-2.6442335,-3.0087898,-1.6455731,-1.9663581,-2.6596236,-3.0087898,-4.1800365,-0.30883548,-1.447334,-23.498224,-27.631021,-1.447334,-1.447334,-1.7643559,-0.30883548,-0.7629948,-1.4561812,-1.7643559,-4.1652274,-0.29402652,-1.419491,-23.501888,-27.631021,-1.419491,-1.419491,-1.7318788,-0.29402652,-0.74011916,-1.4333625,-1.7318788,-1.9238600455872434,-1.937932912173523,-0.6592416422995897,-0.6734960685607192,-1.9047403771207425,-1.6616386373556709,-1.7141857164063554,-0.3174736745247636,-0.33255418584392504,-1.6663785986849944
pdac.e6fd271ab8523635b21be60b25fb7f56a2a2728579ca21676101f0bc65a8b775,-3.9997554,-0.010771303,-1.1121098,-22.150803,-27.631021,-1.1121098,-1.1650548,-1.1833435,-0.01247454,-0.4705067,-1.1650548,-1.1833435,-3.998626,-0.00964187,-1.1444564,-22.003891,-27.631021,-1.1444564,-1.1811816,-1.2057614,-0.01758316,-0.48736015,-1.1811816,-1.2057614,-3.9807067,0.008277375,-1.1148831,-22.02909,-27.631021,-1.1148831,-1.167371,-1.1856446,0.0025982773,-0.47284698,-1.167371,-1.1856446,-3.0944567,0.89452744,-0.40661532,-21.628786,-27.631021,-0.40661532,-0.4261569,-0.44549504,0.87535614,0.2671812,-0.4261569,-0.44549504,-3.0706816,0.91830254,-0.39868665,-21.652517,-27.631021,-0.39868665,-0.40226838,-0.41532886,0.9053284,0.2908852,-0.40226838,-0.41532886,-1.144456399952268,-1.1121097999520337,-0.29697697452845007,-0.38496441254201574,-1.0978792602577272,-0.649970102919766,-0.6499092178620255,-0.1496945287627427,-0.14766057803280455,-0.9470656568384506
pdac.e7a233b798c7efd42dd7f54c7cb7026d3e3ea41046c28198886f0e189d3b25c4,-4.4455533,-0.35120854,-2.0071573,-21.627066,-27.631021,-2.0071573,-2.19906,-2.281345,-0.41450608,-1.4876115,-2.19906,-2.281345,-4.360932,-0.2665873,-1.9369954,-21.59247,-27.631021,-1.9369954,-2.1317735,-2.2082949,-0.32897964,-1.4197757,-2.1317735,-2.2082949,-4.4093122,-0.31496763,-1.9533787,-21.614248,-27.631021,-1.9533787,-2.1422005,-2.2175107,-0.3716873,-1.4313313,-2.1422005,-2.2175107,-2.750468,1.3438766,-0.4857674,-21.175991,-27.631021,-0.4857674,-0.5670003,-0.6417525,1.2777718,0.12944262,-0.5670003,-0.6417525,-2.7286148,1.3657299,-0.4829626,-21.171406,-27.631021,-0.4829626,-0.56128424,-0.6362105,1.3000679,0.13492694,-0.56128424,-0.6362105,-1.199990031675782,-1.2500700160345208,-0.2971725764363792,-0.38918257766417147,-1.1001844970450478,-0.6501707721426397,-0.650500486862235,-0.14968154774499842,-0.14750007511869145,-0.950852957560816
pdac.e8f6120b0b65af2517f111e409e9ec1a0b3f1aeb97b317c77465e2a91ef661d1,-6.7287617,-3.145243,-4.1410966,-23.882433,-27.631021,-4.1410966,-4.1410966,-4.3519316,-3.145243,-3.6367214,-4.3519316,-4.643207,-6.7209406,-3.1374216,-4.141012,-23.881084,-27.631021,-4.141012,-4.141012,-4.339057,-3.1374216,-3.6264257,-4.339057,-4.634574,-6.610752,-3.0272334,-4.0897584,-23.849583,-27.631021,-4.0897584,-4.0897584,-4.301135,-3.0272334,-3.5858123,-4.301135,-4.609347,-5.3603306,-1.7768116,-2.7990177,-23.6529,-27.631021,-2.7990177,-2.7990177,-2.9888716,-1.7768116,-2.2778094,-2.9888716,-3.2764065,-5.245325,-1.661806,-2.7471237,-23.620491,-27.631021,-2.7471237,-2.7471237,-2.950305,-1.661806,-2.236657,-2.950305,-3.2411594,-3.373958500291473,-3.3466213154911735,-2.028420274659294,-2.1446016850508167,-3.2433341588775804,-3.1652991138136066,-3.172905629563326,-1.6919536925537075,-1.8052062282558137,-3.0567479913874678
pdac.eb2248a931423489394138ce70e229754dbbf2322bf119b64cc8ae6bc6301c65,-3.1054554,0.9888893,-0.4165336,-20.40325,-27.631021,-0.4165336,-0.43752804,-0.4514581,0.9851848,0.2558395,-0.43752804,-0.4514581,-3.0840015,1.010343,-0.4165336,-20.084623,-27.631021,-0.4165336,-0.43760437,-0.45154953,0.99273396,0.25576478,-0.43760437,-0.45154953,-3.1837282,0.91061634,-0.41920918,-20.189592,-27.631021,-0.41920918,-0.533314,-0.57856345,0.8996758,0.16632907,-0.533314,-0.57856345,-2.3684862,1.7258584,-0.12118181,-19.529188,-27.631021,-0.12118181,-0.12542382,-0.1322608,1.6640091,0.56773233,-0.12542382,-0.1322608,-2.4433808,1.6509638,-0.12048154,-19.611862,-27.631021,-0.12048154,-0.13185163,-0.14071557,1.5958657,0.5613602,-0.13185163,-0.14071557,-0.41653359996623485,-0.4165335999658203,-0.12048153995721314,-0.12118180995472154,-0.4192091799680656,-0.4165335999591645,-0.41653359995977857,-0.1204815399746517,-0.12118172391746469,-0.41920917996194207
pdac.eb27fc2d9028d2e035a9dadd2bcff41e6e90baaa2447f0b6b19aa13ffe1f951c,-3.8334293,0.90276915,-0.9517355,-21.782022,-27.631021,-0.9997503,-1.028797,-1.1984005,0.83978534,-0.30545086,-0.9997503,-1.028797,-3.8481932,0.8880052,-0.9899745,-21.75507,-27.631021,-1.0068495,-1.0422037,-1.2318931,0.8145654,-0.31355998,-1.0068495,-1.0422037,-3.9710994,0.7650989,-1.0206543,-21.769417,-27.631021,-1.0592752,-1.1428686,-1.353185,0.6831599,-0.3653823,-1.0592752,-1.1428686,-2.8944297,1.8417689,-0.27394876,-21.404709,-27.631021,-0.297602,-0.30843484,-0.38757044,1.6890544,0.39582488,-0.297602,-0.30843484,-2.925408,1.8107907,-0.26258528,-21.398584,-27.631021,-0.27530044,-0.29800338,-0.44177648,1.6464335,0.4179276,-0.27530044,-0.29800338,-0.9899744999511971,-0.951735499950799,-0.2625852799736228,-0.2739487599729236,-1.0206542999531676,-0.6498010479730747,-0.6494940351665186,-0.14939409737180565,-0.14533791232736484,-0.944694610759092
pdac.eda097e9f6f834386c5e83cefd01ac29433509097c03873a36e752799bd8edde,-4.062568,-0.47904918,-1.2868567,-22.31009,-27.631021,-1.2868567,-1.2868567,-1.4568546,-0.47904918,-0.7493268,-1.4568546,-1.7594222,-4.022322,-0.4388032,-1.2967128,-22.242884,-27.631021,-1.2967128,-1.2967128,-1.4801049,-0.4388032,-0.7702349,-1.4801049,-1.7749257,-4.0650096,-0.48149073,-1.3521411,-22.249681,-27.631021,-1.3521411,-1.3521411,-1.5315506,-0.48149073,-0.8223952,-1.5315506,-1.8094666,-2.752468,0.83105075,-0.3440643,-21.888058,-27.631021,-0.3440643,-0.3440643,-0.38917905,0.83105075,0.30498546,-0.38917905,-0.6238754,-2.7081032,0.8754159,-0.27720332,-21.880377,-27.631021,-0.27720332,-0.27720332,-0.31291443,0.8754159,0.38087025,-0.31291443,-0.5901144,-1.1990931434912546,-1.2417145518476844,-0.2772032412758789,-0.3440636039010363,-1.0997641196045145,-0.6501643945892444,-0.650451943464369,-0.14956269506709757,-0.14731710648141066,-0.9498309107040084
pdac.f089fccc3d2e31f34b24dd18e9551e78e1f50d6641f838aafb1b92cd905eaacc,-4.964945,-1.5637476,-1.9560062,-21.183643,-27.631021,-1.9560062,-1.9560062,-2.8645566,-1.5637476,-1.8054366,-2.8645566,-3.2853465,-4.7920203,-1.390823,-1.9560465,-20.659908,-27.631021,-1.9560465,-1.9560465,-2.7119877,-1.390823,-1.7567904,-2.7119877,-3.072462,-4.965137,-1.5639396,-1.9661055,-20.91699,-27.631021,-1.9661055,-1.9661055,-3.0515704,-1.5639396,-1.8580842,-3.0515704,-3.4183824,-3.376705,0.024492474,-0.9155151,-20.163559,-27.631021,-0.9155151,-0.9155151,-1.062887,0.024492474,-0.3589196,-1.062887,-1.532259,-3.7231097,-0.32191217,-0.91234154,-20.411476,-27.631021,-0.91234154,-0.91234154,-1.8112692,-0.32191217,-0.75905937,-1.8112692,-2.1298137,-1.5933531633239433,-1.6949936000004238,-0.6490627995831804,-0.4081967779991218,-1.7242728665067464,-1.4096637970854495,-1.576822957305501,-0.34159317263085304,-0.15282527221420444,-1.577345144741618
pdac.f28815e377d0eb15a1022335198ceac51f31fef59a2022153138fa6decc62624,-4.4789567,-0.12224773,-1.4386613,-22.856739,-27.631021,-1.4386613,-1.5670767,-1.8084614,-0.14846341,-0.8657068,-1.5670767,-1.6322081,-4.3320985,0.024610525,-1.4248048,-22.767637,-27.631021,-1.4248048,-1.555963,-1.7279935,-0.003676739,-0.8542392,-1.555963,-1.6240472,-4.3708887,-0.014179942,-1.5477558,-22.748732,-27.631021,-1.5477558,-1.6591979,-1.7622482,-0.044252142,-0.9598539,-1.6591979,-1.7205601,-2.9840603,1.3726487,-0.38918588,-22.418362,-27.631021,-0.38918588,-0.46183467,-0.5458624,1.3194088,0.23394912,-0.46183467,-0.48677617,-2.9753773,1.3813317,-0.4177052,-22.393106,-27.631021,-0.4177052,-0.4735409,-0.5610965,1.3260874,0.2211643,-0.4735409,-0.51155114,-1.199179524672048,-1.2447567385749245,-0.2965592101069075,-0.37981348407658677,-1.0996311098842217,-0.650022094254336,-0.6501350030336304,-0.14963181666177203,-0.1468882207545919,-0.9492737538966192
pdac.f2a81374fd89cfcff764e48d51336e38d66f044f15a0d5c726248be86272a44d,-3.1730332,0.8159508,-0.8305313,-20.094687,-27.631021,-0.8305313,-0.87928903,-0.9659961,0.8046352,-0.18495369,-0.87928903,-0.9659961,-3.1337337,0.85525024,-0.9148213,-20.041937,-27.631021,-0.9148213,-0.93624556,-0.9762652,0.84481,-0.24286893,-0.93624556,-0.9762652,-2.9750438,1.0139405,-0.68049294,-19.997524,-27.631021,-0.68049294,-0.72389805,-0.77239317,1.0033876,-0.029809166,-0.72389805,-0.77239317,-2.359521,1.6294631,-0.40837947,-19.54684,-27.631021,-0.40837947,-0.43343103,-0.45975697,1.587175,0.2600299,-0.43343103,-0.45975697,-2.1879988,1.8009852,-0.22966665,-19.487183,-27.631021,-0.22966665,-0.23286316,-0.2558617,1.7575288,0.46028912,-0.23286316,-0.2558617,-0.9148212999552747,-0.8305312999579872,-0.22966664997432856,-0.3830483227388509,-0.6804929399571435,-0.6497722600208167,-0.6493559686762533,-0.14932426784255634,-0.14676368746317017,-0.6804929399515989
pdac.f37807e1bdcb2bfe9c119c3b10a217c3259d8b823bfa338e2a974da6b2ffbe76,-5.324207,-1.4530057,-2.076934,-22.45616,-27.631021,-2.076934,-2.076934,-3.05039,-1.4543464,-1.8607869,-2.7878222,-3.05039,-5.113125,-1.2419238,-2.0695412,-22.307041,-27.631021,-2.0695412,-2.0695412,-2.8597538,-1.2473136,-1.7839468,-2.623036,-2.8597538,-5.2224,-1.3511993,-2.0733306,-22.33348,-27.631021,-2.0733306,-2.0733306,-2.9689505,-1.3566931,-1.8232237,-2.7024348,-2.9689505,-3.5773733,0.29382768,-0.7773739,-21.907898,-27.631021,-0.7773739,-0.7773739,-1.361114,0.28542018,-0.41549698,-1.192405,-1.361114,-3.6831813,0.18801972,-0.7723324,-21.93375,-27.631021,-0.7723324,-0.7723324,-1.4361479,0.18132548,-0.43814158,-1.2344817,-1.4361479,-1.4455151554492136,-1.5873406994915222,-0.301904695453761,-0.4005628134123498,-1.5204978898326607,-1.2591658659219804,-1.4660041406216435,-0.15014297166778193,-0.15067501581638837,-1.3662436086959526
pdac.f407814d0bd99642dc9d232ad3cc9ba47c4e21d191a0acf3c44532d9a4b0f27e,-6.5876813,-5.489069,-5.489069,-20.25037,-27.631021,-5.489069,-5.489069,-5.489069,-5.489069,-5.489069,-16.560045,-20.25037,-6.304654,-5.206042,-5.206042,-20.156029,-27.631021,-5.206042,-5.206042,-5.206042,-5.206042,-5.206042,-16.418531,-20.156029,-5.1715965,-4.072984,-4.072984,-19.778343,-27.631021,-4.072984,-4.072984,-4.072984,-4.072984,-4.072984,-15.852003,-19.778343,-4.6550026,-3.55639,-3.55639,-19.606144,-27.631021,-3.55639,-3.55639,-3.55639,-3.55639,-3.55639,-15.593706,-19.606144,-3.5219047,-2.4232924,-2.4232924,-19.228445,-27.631021,-2.4232924,-2.4232924,-2.4232924,-2.4232924,-2.4232924,-15.027157,-19.228445,-5.206042,-5.489069,-2.4232924,-3.55639,-4.072984,-5.206041999787233,-5.489068999717629,-2.423292399992478,-3.556389999976642,-4.0729839999608455
pdac.f41b8fcb9716b0ba38ac3a6959c5bc6b164a44ed637f46ded65a9fb345fcc56a,-3.9493482,-2.1575887,-2.1575887,-23.385448,-27.631021,-2.1575887,-2.1575887,-2.1575887,-2.1575887,-2.1575887,-14.894305,-19.139877,-3.9494183,-2.1576588,-2.1576588,-23.385462,-27.631021,-2.1576588,-2.1576588,-2.1576588,-2.1576588,-2.1576588,-14.8943405,-19.1399,-3.9509308,-2.1591713,-2.1591713,-23.385714,-27.631021,-2.1591713,-2.1591713,-2.1591713,-2.1591713,-2.1591713,-14.895097,-19.140406,-2.8576567,-1.0658972,-1.0658972,-23.2035,-27.631021,-1.0658972,-1.0658972,-1.0658972,-1.0658972,-1.0658972,-14.348459,-18.77598,-2.856686,-1.0649267,-1.0649267,-23.203339,-27.631021,-1.0649267,-1.0649267,-1.0649267,-1.0649267,-1.0649267,-14.347974,-18.775656,-2.1576588,-2.1575887,-1.0649267,-1.0658972,-2.1591713,-2.157658799981977,-2.1575886999819787,-1.064926699993957,-1.0658971999939513,-2.15917129998195
pdac.f43600c8796c1683b9a667221e038469f1fbd6bd09f37e9ea12298ba524c35c1,-4.2943945,-0.30541015,-1.6655717,-20.20684,-27.631021,-1.6655717,-1.8518088,-1.921424,-0.31809387,-1.1414188,-1.8518088,-1.921424,-4.17018,-0.18119562,-1.6594548,-19.85463,-27.631021,-1.6594548,-1.8465167,-1.9128119,-0.2169525,-1.1359745,-1.8465167,-1.9128119,-4.2134995,-0.22451532,-1.6655002,-19.922379,-27.631021,-1.6655002,-1.860112,-1.9510257,-0.25691107,-1.1481463,-1.860112,-1.9510257,-2.6891348,1.2998493,-0.3896423,-19.22203,-27.631021,-0.3896423,-0.5161433,-0.56287724,1.2330537,0.18498383,-0.5161433,-0.56287724,-2.7140312,1.2749529,-0.3773429,-19.282362,-27.631021,-0.3773429,-0.50154674,-0.55168676,1.2242212,0.199294,-0.50154674,-0.55168676,-1.1996949768711502,-1.2480683675708109,-0.2961287435419745,-0.38011272796540885,-1.0999053846927416,-0.6501098158375178,-0.6503595543240275,-0.1496137952570898,-0.1469862894419912,-0.9500401639713705
pdac.f55afb342ae8420a4a07a38816d2c4f9ae862ce833b89e408724c627fb01ed06,-4.879277,-0.8902932,-1.9694088,-22.789354,-27.631021,-1.9694088,-2.1552808,-2.439165,-0.8990098,-1.444958,-2.1552808,-2.439165,-4.85365,-0.8646659,-1.9656535,-22.783213,-27.631021,-1.9656535,-2.1512094,-2.428197,-0.8731563,-1.4409447,-2.1512094,-2.428197,-4.8757725,-0.8867885,-2.0550983,-22.789127,-27.631021,-2.0550983,-2.198516,-2.4163163,-0.8954693,-1.4951195,-2.198516,-2.4163163,-3.3758886,0.6130956,-0.7120242,-22.452532,-27.631021,-0.7120242,-0.835207,-1.0459629,0.6015592,-0.13449189,-0.835207,-1.0459629,-3.345004,0.6439799,-0.69125134,-22.448156,-27.631021,-0.69125134,-0.82155186,-0.98830444,0.63278854,-0.119939476,-0.82155186,-0.98830444,-1.2010152665192062,-1.2541903571378081,-0.2994161635769951,-0.39705032993653566,-1.102218926441838,-0.8850545617305738,-0.9102768550194466,-0.14992511448269868,-0.14953571903072782,-0.9553885795322055
pdac.f56fd5a95ae7c735d77d7a929ba0e49c868c70dffc357627d41fdf28a28443d2,-5.172045,-1.0777005,-2.1779265,-22.098948,-27.631021,-2.1779265,-2.3847237,-2.6679358,-1.0831827,-1.6703447,-2.3847237,-2.6679358,-4.8497267,-0.7553819,-1.9167044,-21.822798,-27.631021,-1.9167044,-2.1273065,-2.3650856,-0.7832424,-1.4121448,-2.1273065,-2.3650856,-4.7545023,-0.66015744,-1.913125,-21.826607,-27.631021,-1.913125,-2.0941627,-2.1689186,-0.67962945,-1.384717,-2.0941627,-2.1689186,-3.4587505,0.63559407,-0.89456385,-21.390697,-27.631021,-0.89456385,-1.0414212,-1.1807474,0.58506423,-0.33752903,-1.0414212,-1.1807474,-3.4041781,0.69016653,-0.8894433,-21.3942,-27.631021,-0.8894433,-0.95878047,-1.0282767,0.6476641,-0.2632314,-0.95878047,-1.0282767,-1.2005981296987291,-1.26425339508096,-0.2998308816845965,-0.3986036084883866,-1.1006612702221954,-0.7747372617029149,-1.0960375882857476,-0.1499795758411213,-0.14996488939903582,-0.9521622752716179
pdac.f5a83d7ecadb6a105b74c89c772cdb7185b475edc9182c5c3d842e0f56c89307,-5.1740384,-2.2836666,-2.5503743,-20.386707,-27.631021,-2.5503743,-2.5503743,-2.5503743,-2.2836666,-2.3667471,-3.3511896,-3.9682236,-5.1382856,-2.2479138,-2.5419276,-20.12906,-27.631021,-2.5419276,-2.5419276,-2.5419276,-2.2479138,-2.3620415,-3.3539977,-3.9649935,-5.273024,-2.3826523,-2.747861,-20.144014,-27.631021,-2.747861,-2.747861,-2.747861,-2.3826523,-2.528574,-3.4507248,-4.024684,-3.4009526,-0.5105807,-0.9027956,-19.490053,-27.631021,-0.9027956,-0.9027956,-0.9027956,-0.5105807,-0.64469504,-1.5140864,-2.1453714,-3.3860557,-0.49568397,-0.8910999,-19.49266,-27.631021,-0.8910999,-0.8910999,-0.8910999,-0.49568397,-0.63208836,-1.5003916,-2.1310303,-2.418696208670829,-2.408432613230886,-0.7619570448392696,-0.775544956447277,-2.5500246182358546,-2.2642479583520645,-2.298483627722516,-0.5176515687838116,-0.5323703876625762,-2.4029416788223523
pdac.f5c1f8a61833c45cbdd46a2df6920d935ae0039b89e13874cf59a4a7a20e72b4,-3.8652656,0.12371861,-0.58359575,-18.905886,-27.631021,-0.58359575,-0.79719526,-1.3674024,0.103549264,-0.081407085,-0.79719526,-1.3674024,-3.7759643,0.21301986,-0.5845122,-18.54308,-27.631021,-0.5845122,-0.79454625,-1.3662646,0.16419977,-0.079502225,-0.79454625,-1.3662646,-3.8363657,0.15261833,-0.66699004,-18.621656,-27.631021,-0.66699004,-0.832142,-1.4194152,0.11014232,-0.12541875,-0.832142,-1.4194152,-2.6242676,1.3647166,-0.15093562,-17.8397,-27.631021,-0.15093562,-0.2447699,-0.28356698,1.2697618,0.45277327,-0.2447699,-0.28356698,-2.6739182,1.3150657,-0.14706425,-17.914614,-27.631021,-0.14706425,-0.23949048,-0.2776152,1.2383419,0.45792195,-0.23949048,-0.2776152,-0.5845121999674696,-0.583595749969077,-0.14706424996730788,-0.15093561996557842,-0.6669900399648557,-0.5845121999544373,-0.5835957499595913,-0.14706276168447088,-0.14138449043979584,-0.666990039953176
pdac.f68c16f57e645e8ec5711863c8e286fd34414eb6d87ba4009433fc7fd22332ea,-6.6614146,-4.176508,-4.2292004,-23.973785,-27.631021,-4.2292004,-4.2292004,-4.2292004,-4.176508,-4.176508,-5.6876097,-13.002081,-6.4143376,-3.929431,-4.189737,-23.825218,-27.631021,-4.189737,-4.189737,-4.189737,-3.929431,-3.929431,-4.796199,-12.407806,-6.4051113,-3.9202049,-4.061868,-23.859715,-27.631021,-4.061868,-4.061868,-4.061868,-3.9202049,-3.9202049,-5.0031853,-12.545797,-5.056328,-2.5714214,-2.8374853,-23.597769,-27.631021,-2.8374853,-2.8374853,-2.8374853,-2.5714214,-2.5714214,-3.431505,-11.498011,-5.049528,-2.5646217,-2.7096064,-23.632265,-27.631021,-2.7096064,-2.7096064,-2.7096064,-2.5646217,-2.5646217,-3.6384864,-11.635998,-4.0977663638100355,-4.2195450950080335,-2.690038637403217,-2.7753301860466904,-4.024144653367289,-3.9511233114296886,-4.180898888711608,-2.576703831740373,-2.5935934604743416,-3.932009918096183
pdac.f6b819e790f1722d0683e39a3ac31eed8138244daf21fdf7ca1b0edb8413d47c,-4.3058653,-0.7223464,-0.9910993,-21.537546,-27.631021,-0.9910993,-0.9910993,-1.7052151,-0.7223464,-0.77620363,-1.7052151,-2.7030435,-4.2221746,-0.6386555,-0.9748622,-21.263048,-27.631021,-0.9748622,-0.9748622,-1.6546965,-0.6386555,-0.7463365,-1.6546965,-2.4210114,-4.159506,-0.5759867,-0.9614227,-21.260218,-27.631021,-0.9614227,-0.9614227,-1.6003487,-0.5759867,-0.71562946,-1.6003487,-2.2470846,-3.313396,0.27012295,-0.35076213,-20.834146,-27.631021,-0.35076213,-0.35076213,-0.78223264,0.27012295,0.0012455059,-0.78223264,-1.2483534,-3.2119894,0.3715296,-0.33729258,-20.831293,-27.631021,-0.33729258,-0.33729258,-0.7278497,0.3715296,0.039701357,-0.7278497,-1.1302755,-0.9748621999644899,-0.9910992999668626,-0.29706845801047344,-0.3507608192307664,-0.9614226999500586,-0.6506387465491918,-0.7298117872549468,-0.14979022898148864,-0.1488247633189693,-0.9447583157093076
pdac.f8dab22f8a6a319667f34c5633dbb6f21f1bca3ee3b9d1dc41c02e15883a1304,-8.055719,-4.877665,-5.969407,-22.44235,-27.631021,-5.969407,-5.969407,-6.2371683,-4.877665,-5.5085936,-6.2371683,-6.393504,-6.837252,-3.6591983,-4.526187,-22.157196,-27.631021,-4.526187,-4.526187,-4.813157,-3.6591983,-4.0793867,-4.813157,-5.0624385,-6.857522,-3.679468,-4.7145834,-22.131157,-27.631021,-4.7145834,-4.7145834,-5.0977073,-3.679468,-4.332896,-5.0977073,-5.238688,-5.3441973,-2.1661432,-3.2099922,-21.754925,-27.631021,-3.2099922,-3.2099922,-3.479433,-2.1661432,-2.7504177,-3.479433,-3.5898633,-5.3080425,-2.1299884,-3.3983884,-21.72888,-27.631021,-3.3983884,-3.3983884,-3.5843592,-2.1299884,-2.8740182,-3.5843592,-3.6647098,-3.8912551729413662,-5.090916412558451,-2.4867656074403284,-2.533679101651667,-3.8927735760744824,-3.695322893496741,-4.923154376113713,-2.1828383922257446,-2.2096368679098117,-3.722597603584363
pdac.fa7111c7b218e6369599768f23b82925bd59f45e3bdebcee8586a90f0a5cedfa,-5.729257,-2.3280597,-3.0487962,-23.14352,-27.631021,-3.0487962,-3.0487962,-3.3964427,-2.3280597,-2.6440458,-3.3964427,-3.650371,-5.620817,-2.2196198,-2.8583436,-23.041637,-27.631021,-2.8583436,-2.8583436,-3.3441808,-2.2196198,-2.5373847,-3.3441808,-3.6138623,-5.529089,-2.1278918,-2.8524542,-22.997639,-27.631021,-2.8524542,-2.8524542,-3.2997408,-2.1278918,-2.5097287,-3.2997408,-3.5836189,-4.00423,-0.6030324,-1.3502195,-22.680607,-27.631021,-1.3502195,-1.3502195,-1.7692004,-0.6030324,-0.9907346,-1.7692004,-2.0051177,-3.9119306,-0.5107331,-1.3442699,-22.635391,-27.631021,-1.3442699,-1.3442699,-1.7195377,-0.5107331,-0.95757073,-1.7195377,-1.9694479,-2.442618195875558,-2.5290612734083706,-0.8729130493430147,-0.9569727939111112,-2.331952270844393,-2.2409105389451565,-2.3520841255461926,-0.5385177104246368,-0.6279386358276721,-2.1520438134605815
pdac.fb706443d0925189d861db1fb67032cb65de54172d0e056ea7b6059bf1204b51,-11.212413,-9.420653,-9.420653,-24.59596,-27.631021,-9.420653,-9.420653,-9.420653,-9.420653,-9.420653,-18.525837,-21.560898,-7.9975123,-6.205753,-6.205753,-24.060143,-27.631021,-6.205753,-6.205753,-6.205753,-6.205753,-6.205753,-16.918386,-20.489265,-9.538584,-7.746824,-7.746824,-24.316988,-27.631021,-7.746824,-7.746824,-7.746824,-7.746824,-7.746824,-17.688923,-21.002956,-6.024453,-4.2326937,-4.2326937,-23.7313,-27.631021,-4.2326937,-4.2326937,-4.2326937,-4.2326937,-4.2326937,-15.931858,-19.83158,-7.565524,-5.7737646,-5.7737646,-23.988146,-27.631021,-5.7737646,-5.7737646,-5.7737646,-5.7737646,-5.7737646,-16.702393,-20.345268,-6.205753,-9.420652999999962,-5.7737646,-4.2326937,-7.746824,-6.205752997967298,-9.420652948605785,-5.773764598701282,-4.2326936997487925,-7.7468239903951215
pdac.ff439a7975b25343a8501e8a83fc48c9524b6e0b57b9d68381bbcfb48a201743,-5.7338247,-4.6352124,-4.6352124,-19.965752,-27.631021,-4.6352124,-4.6352124,-4.6352124,-4.6352124,-4.6352124,-16.133118,-19.965752,-5.4419217,-4.3433094,-4.3433094,-19.86845,-27.631021,-4.3433094,-4.3433094,-4.3433094,-4.3433094,-4.3433094,-15.987165,-19.86845,-4.9116516,-3.8130395,-3.8130395,-19.691694,-27.631021,-3.8130395,-3.8130395,-3.8130395,-3.8130395,-3.8130395,-15.722031,-19.691694,-3.77301,-2.6743977,-2.6743977,-19.312147,-27.631021,-2.6743977,-2.6743977,-2.6743977,-2.6743977,-2.6743977,-15.15271,-19.312147,-3.24213,-2.1435177,-2.1435177,-19.135187,-27.631021,-2.1435177,-2.1435177,-2.1435177,-2.1435177,-2.1435177,-14.88727,-19.135187,-4.3433094,-4.6352124,-2.1435177,-2.6743977,-3.8130395,-4.343309399923038,-4.63521239989695,-2.1435176999943133,-2.674397699990331,-3.813039499969808
