ranked_position,selected_rank,disposition,representative_system_id,regime_idx,param_idx,mn_idx,geometry_idx,d_pos,d_neg,steepness_pos,steepness_neg,M,N,roc_auc,pr_auc
1,1,selected,old_monoallelic__pr__regime_1925,1925,77,0,77,13.89,8.33,0.5,0.75,1,1,0.9616401913875599,0.5879886700593875
2,2,selected,old_monoallelic__pr__regime_1225,1225,49,0,49,12.78,7.67,0.5,0.75,1,1,0.9600507177033493,0.5846540683022259
3,3,selected,old_monoallelic__pr__regime_2455,2455,98,5,98,15,6.75,0.5,0.75,2,1,0.9570076555023923,0.5822370844172102
4,4,selected,old_monoallelic__pr__regime_1750,1750,70,0,70,13.89,6.25,0.5,0.75,1,1,0.9620717703349282,0.5815001218594389
5,5,selected,old_monoallelic__pr__regime_2450,2450,98,0,98,15,6.75,0.5,0.75,1,1,0.9639741626794258,0.5813957353142416
6,6,selected,old_monoallelic__pr__regime_2625,2625,105,0,105,15,9,0.5,0.75,1,1,0.9625234449760766,0.5813319568760977
7,7,selected,old_monoallelic__pr__regime_2630,2630,105,5,105,15,9,0.5,0.75,2,1,0.954354066985646,0.5809181536024944
8,,duplicate_biological_key,old_monoallelic__pr__regime_1925,1950,78,0,78,13.89,8.33,0.5,1.38,1,1,0.9614794258373206,0.5779257438570865
9,,duplicate_biological_key,old_monoallelic__pr__regime_2450,2475,99,0,99,15,6.75,0.5,1.38,1,1,0.9638038277511962,0.5770491727073289
10,,duplicate_biological_key,old_monoallelic__pr__regime_2450,2500,100,0,100,15,6.75,0.5,2,1,1,0.9637641148325359,0.5759681907696692
11,8,selected,old_monoallelic__pr__regime_2460,2460,98,10,98,15,6.75,0.5,0.75,3,1,0.9469339712918661,0.5747461169943854
12,,duplicate_biological_key,old_monoallelic__pr__regime_1925,1975,79,0,79,13.89,8.33,0.5,2,1,1,0.9612622009569378,0.5745377146320632
13,,duplicate_biological_key,old_monoallelic__pr__regime_1225,1250,50,0,50,12.78,7.67,0.5,1.38,1,1,0.9598564593301435,0.5744468232772131
14,9,selected,old_monoallelic__pr__regime_1930,1930,77,5,77,13.89,8.33,0.5,0.75,2,1,0.9509904306220096,0.5740251037458822
15,,duplicate_biological_key,old_monoallelic__pr__regime_2625,2650,106,0,106,15,9,0.5,1.38,1,1,0.9624373205741626,0.5727796671108824
16,,duplicate_biological_key,old_monoallelic__pr__regime_1750,1775,71,0,71,13.89,6.25,0.5,1.38,1,1,0.961488038277512,0.5724729263390474
17,,duplicate_biological_key,old_monoallelic__pr__regime_2455,2480,99,5,99,15,6.75,0.5,1.38,2,1,0.9566,0.5724362117322023
18,,duplicate_biological_key,old_monoallelic__pr__regime_2455,2505,100,5,100,15,6.75,0.5,2,2,1,0.956588995215311,0.5721442847160801
19,10,selected,old_monoallelic__pr__regime_2635,2635,105,10,105,15,9,0.5,0.75,3,1,0.944066985645933,0.5720415798144491
20,,duplicate_biological_key,old_monoallelic__pr__regime_1225,1275,51,0,51,12.78,7.67,0.5,2,1,1,0.9596612440191388,0.5717120451997362
21,,duplicate_biological_key,old_monoallelic__pr__regime_2625,2675,107,0,107,15,9,0.5,2,1,1,0.9623435406698565,0.5703563009154328
22,11,selected,old_monoallelic__pr__regime_1050,1050,42,0,42,12.78,5.75,0.5,0.75,1,1,0.9594363636363636,0.5700772196852691
23,,duplicate_biological_key,old_monoallelic__pr__regime_1750,1800,72,0,72,13.89,6.25,0.5,2,1,1,0.9612693779904307,0.5695689477586497
24,12,selected,old_monoallelic__pr__regime_1755,1755,70,5,70,13.89,6.25,0.5,0.75,2,1,0.951711004784689,0.5693227540743659
25,,duplicate_biological_key,old_monoallelic__pr__regime_2450,2550,102,0,102,15,6.75,1.33,3.67,1,1,0.9607564593301435,0.5679487569960848
26,,duplicate_biological_key,old_monoallelic__pr__regime_2630,2655,106,5,106,15,9,0.5,1.38,2,1,0.9544928229665072,0.5676974923765142
27,,duplicate_biological_key,old_monoallelic__pr__regime_2450,2525,101,0,101,15,6.75,1.33,2,1,1,0.9608459330143541,0.5668210443303036
28,,duplicate_biological_key,old_monoallelic__pr__regime_1925,2000,80,0,80,13.89,8.33,1.33,2,1,1,0.9578755980861244,0.5660839391224113
29,,duplicate_biological_key,old_monoallelic__pr__regime_2450,2575,103,0,103,15,6.75,2.17,3.25,1,1,0.9604186602870813,0.5659203457547037
30,,duplicate_biological_key,old_monoallelic__pr__regime_2450,2600,104,0,104,15,6.75,3,4.5,1,1,0.9602081339712919,0.5653084351636459
31,,duplicate_biological_key,old_monoallelic__pr__regime_1925,2025,81,0,81,13.89,8.33,1.33,3.67,1,1,0.9576588516746412,0.5646070928116256
32,,duplicate_biological_key,old_monoallelic__pr__regime_2460,2485,99,10,99,15,6.75,0.5,1.38,3,1,0.9467387559808612,0.5641710238288606
33,,duplicate_biological_key,old_monoallelic__pr__regime_1925,2075,83,0,83,13.89,8.33,3,4.5,1,1,0.9569612440191387,0.5634176817461617
34,,duplicate_biological_key,old_monoallelic__pr__regime_1930,1955,78,5,78,13.89,8.33,0.5,1.38,2,1,0.9506880382775119,0.5632926510983464
35,,duplicate_biological_key,old_monoallelic__pr__regime_2460,2510,100,10,100,15,6.75,0.5,2,3,1,0.9467210526315789,0.5631372038642805
36,,duplicate_biological_key,old_monoallelic__pr__regime_2630,2680,107,5,107,15,9,0.5,2,2,1,0.9543837320574162,0.5629825767063782
37,,duplicate_biological_key,old_monoallelic__pr__regime_1750,1825,73,0,73,13.89,6.25,1.33,2,1,1,0.9580277511961722,0.5629442928829672
38,,duplicate_biological_key,old_monoallelic__pr__regime_2455,2530,101,5,101,15,6.75,1.33,2,2,1,0.9510526315789474,0.5627790699750153
39,,duplicate_biological_key,old_monoallelic__pr__regime_2455,2555,102,5,102,15,6.75,1.33,3.67,2,1,0.9509540669856459,0.5626800133055005
40,,duplicate_biological_key,old_monoallelic__pr__regime_1925,2050,82,0,82,13.89,8.33,2.17,3.25,1,1,0.957278947368421,0.5625713924249617
41,,duplicate_biological_key,old_monoallelic__pr__regime_2455,2580,103,5,103,15,6.75,2.17,3.25,2,1,0.9502459330143541,0.5612407643510618
42,,duplicate_biological_key,old_monoallelic__pr__regime_2455,2605,104,5,104,15,6.75,3,4.5,2,1,0.9498363636363636,0.5612132637364567
43,13,selected,old_monoallelic__pr__regime_525,525,21,0,21,11.67,7,0.5,0.75,1,1,0.9566535885167464,0.5599011138648605
44,,duplicate_biological_key,old_monoallelic__pr__regime_1930,1980,79,5,79,13.89,8.33,0.5,2,2,1,0.9504181818181818,0.559554730478428
45,,duplicate_biological_key,old_monoallelic__pr__regime_1755,1780,71,5,71,13.89,6.25,0.5,1.38,2,1,0.9512976076555024,0.5590894183888767
46,,duplicate_biological_key,old_monoallelic__pr__regime_2625,2700,108,0,108,15,9,1.33,2,1,1,0.959401913875598,0.5579306055475808
47,,duplicate_biological_key,old_monoallelic__pr__regime_1750,1875,75,0,75,13.89,6.25,2.17,3.25,1,1,0.9573511961722488,0.5558752848714387
48,,duplicate_biological_key,old_monoallelic__pr__regime_1750,1850,74,0,74,13.89,6.25,1.33,3.67,1,1,0.9577033492822966,0.5557447164231417
49,,duplicate_biological_key,old_monoallelic__pr__regime_2635,2660,106,10,106,15,9,0.5,1.38,3,1,0.9436459330143541,0.555495213805215
50,,duplicate_biological_key,old_monoallelic__pr__regime_1225,1300,52,0,52,12.78,7.67,1.33,2,1,1,0.9549358851674641,0.5552714345855508
51,,duplicate_biological_key,old_monoallelic__pr__regime_1050,1075,43,0,43,12.78,5.75,0.5,1.38,1,1,0.9586913875598086,0.5551758119849592
52,14,selected,old_monoallelic__pr__regime_2275,2275,91,0,91,15,4.5,0.5,0.75,1,1,0.9621377990430622,0.5548754469500589
53,,duplicate_biological_key,old_monoallelic__pr__regime_1755,1805,72,5,72,13.89,6.25,0.5,2,2,1,0.9510301435406698,0.5547680823249536
54,15,selected,old_monoallelic__pr__regime_2626,2626,105,1,105,15,9,0.5,0.75,1,2,0.9621358851674641,0.554625255201463
55,,duplicate_biological_key,old_monoallelic__pr__regime_2625,2725,109,0,109,15,9,1.33,3.67,1,1,0.9592425837320574,0.5538987834349721
56,,duplicate_biological_key,old_monoallelic__pr__regime_1225,1350,54,0,54,12.78,7.67,2.17,3.25,1,1,0.9534157894736842,0.552324359494037
57,,duplicate_biological_key,old_monoallelic__pr__regime_2625,2775,111,0,111,15,9,3,4.5,1,1,0.9588076555023923,0.5522024707548233
58,,duplicate_biological_key,old_monoallelic__pr__regime_2625,2750,110,0,110,15,9,2.17,3.25,1,1,0.9589827751196173,0.5521700372547937
59,,duplicate_biological_key,old_monoallelic__pr__regime_2630,2705,108,5,108,15,9,1.33,2,2,1,0.948888995215311,0.552121288157116
60,16,selected,old_monoallelic__pr__regime_1230,1230,49,5,49,12.78,7.67,0.5,0.75,2,1,0.9457454545454546,0.5520322295243516
61,,duplicate_biological_key,old_monoallelic__pr__regime_1750,1900,76,0,76,13.89,6.25,3,4.5,1,1,0.9569971291866028,0.551582136189007
62,,duplicate_biological_key,old_monoallelic__pr__regime_525,550,22,0,22,11.67,7,0.5,1.38,1,1,0.956511004784689,0.5514876928018178
63,,duplicate_biological_key,old_monoallelic__pr__regime_525,575,23,0,23,11.67,7,0.5,2,1,1,0.9565535885167464,0.5513945821135102
64,17,selected,old_monoallelic__pr__regime_2280,2280,91,5,91,15,4.5,0.5,0.75,2,1,0.9549942583732057,0.5511416362363319
65,,duplicate_biological_key,old_monoallelic__pr__regime_2626,2651,106,1,106,15,9,0.5,1.38,1,2,0.9620574162679426,0.550898924884926
66,,duplicate_biological_key,old_monoallelic__pr__regime_2635,2685,107,10,107,15,9,0.5,2,3,1,0.9435416267942583,0.5505152149274183
67,18,selected,old_monoallelic__pr__regime_1575,1575,63,0,63,13.89,4.17,0.5,0.75,1,1,0.9600535885167464,0.5501975608996358
68,19,selected,old_monoallelic__pr__regime_1926,1926,77,1,77,13.89,8.33,0.5,0.75,1,2,0.9603043062200957,0.5499484102930847
69,,duplicate_biological_key,old_monoallelic__pr__regime_1225,1375,55,0,55,12.78,7.67,3,4.5,1,1,0.9520301435406698,0.5499479240853576
70,,duplicate_biological_key,old_monoallelic__pr__regime_1225,1325,53,0,53,12.78,7.67,1.33,3.67,1,1,0.9546483253588517,0.549880914835757
71,20,selected,old_monoallelic__pr__regime_2631,2631,105,6,105,15,9,0.5,0.75,2,2,0.9546488038277512,0.5497784060843124
72,,after_candidate_limit,,1935,77,10,77,13.89,8.33,0.5,0.75,3,1,0.938576076555024,0.5489216242274156
73,,after_candidate_limit,,2535,101,10,101,15,6.75,1.33,2,3,1,0.9392612440191388,0.5487582977750897
74,,after_candidate_limit,,2560,102,10,102,15,6.75,1.33,3.67,3,1,0.9391200956937799,0.548423356616132
75,,after_candidate_limit,,2676,107,1,107,15,9,0.5,2,1,2,0.9619751196172249,0.5480664963494547
76,,after_candidate_limit,,2585,103,10,103,15,6.75,2.17,3.25,3,1,0.938632057416268,0.5477152028929709
77,,after_candidate_limit,,2610,104,10,104,15,6.75,3,4.5,3,1,0.9400129186602871,0.5474881003470445
78,,after_candidate_limit,,1760,70,10,70,13.89,6.25,0.5,0.75,3,1,0.9398478468899522,0.546532879105899
79,,after_candidate_limit,,2730,109,5,109,15,9,1.33,3.67,2,1,0.9486641148325359,0.546349831730342
80,,after_candidate_limit,,2755,110,5,110,15,9,2.17,3.25,2,1,0.9480325358851674,0.5459848100639781
81,,after_candidate_limit,,2005,80,5,80,13.89,8.33,1.33,2,2,1,0.9434784688995216,0.54544788607018
82,,after_candidate_limit,,1951,78,1,78,13.89,8.33,0.5,1.38,1,2,0.9601641148325358,0.545203106016265
83,,after_candidate_limit,,1976,79,1,79,13.89,8.33,0.5,2,1,2,0.9601899521531101,0.5447833142389927
84,,after_candidate_limit,,2030,81,5,81,13.89,8.33,1.33,3.67,2,1,0.943367942583732,0.5443580977590311
85,,after_candidate_limit,,1100,44,0,44,12.78,5.75,0.5,2,1,1,0.9582933014354067,0.5442541961890311
86,,after_candidate_limit,,700,28,0,28,12.78,11.5,0.5,0.75,1,1,0.9524354066985646,0.544218574090355
87,,after_candidate_limit,,2780,111,5,111,15,9,3,4.5,2,1,0.9474459330143541,0.5438649096809544
88,,after_candidate_limit,,2656,106,6,106,15,9,0.5,1.38,2,2,0.9546248803827752,0.543685623380627
89,,after_candidate_limit,,350,14,0,14,11.67,5.25,0.5,0.75,1,1,0.9555550239234449,0.5436257673309121
90,,after_candidate_limit,,1830,73,5,73,13.89,6.25,1.33,2,2,1,0.9441636363636363,0.5416592203950862
91,,after_candidate_limit,,2285,91,10,91,15,4.5,0.5,0.75,3,1,0.9449741626794258,0.541376314895258
92,,after_candidate_limit,,2300,92,0,92,15,4.5,0.5,1.38,1,1,0.961577990430622,0.5412430324029686
93,,after_candidate_limit,,2055,82,5,82,13.89,8.33,2.17,3.25,2,1,0.9415870813397129,0.5412202236065374
94,,after_candidate_limit,,2080,83,5,83,13.89,8.33,3,4.5,2,1,0.9392555023923445,0.5408640185717417
95,,after_candidate_limit,,2681,107,6,107,15,9,0.5,2,2,2,0.9545550239234449,0.5403544842799858
96,,after_candidate_limit,,2636,105,11,105,15,9,0.5,0.75,3,2,0.9444468899521531,0.5403083627626999
97,,after_candidate_limit,,1255,50,5,50,12.78,7.67,0.5,1.38,2,1,0.9453885167464114,0.5394373510245363
98,,after_candidate_limit,,2701,108,1,108,15,9,1.33,2,1,2,0.9590406698564593,0.5393852813802577
99,,after_candidate_limit,,1055,42,5,42,12.78,5.75,0.5,0.75,2,1,0.9452755980861244,0.5393678394843522
100,,after_candidate_limit,,1960,78,10,78,13.89,8.33,0.5,1.38,3,1,0.9383263157894737,0.5389132535836965
101,,after_candidate_limit,,2451,98,1,98,15,6.75,0.5,0.75,1,2,0.9613894736842106,0.5388061788154547
102,,after_candidate_limit,,2325,93,0,93,15,4.5,0.5,2,1,1,0.9614803827751196,0.5386295191555891
103,,after_candidate_limit,,2726,109,1,109,15,9,1.33,3.67,1,2,0.9590296650717703,0.5386064330524274
104,,after_candidate_limit,,1226,49,1,49,12.78,7.67,0.5,0.75,1,2,0.9578995215311005,0.5384340851729108
105,,after_candidate_limit,,2751,110,1,110,15,9,2.17,3.25,1,2,0.9587650717703349,0.5380032558866117
106,,after_candidate_limit,,2001,80,1,80,13.89,8.33,1.33,2,1,2,0.9568832535885168,0.5379384495424432
107,,after_candidate_limit,,2026,81,1,81,13.89,8.33,1.33,3.67,1,2,0.9568612440191387,0.5376268725092936
108,,after_candidate_limit,,2776,111,1,111,15,9,3,4.5,1,2,0.9585320574162679,0.5374891723056002
109,,after_candidate_limit,,2076,83,1,83,13.89,8.33,3,4.5,1,2,0.9562344497607655,0.5371372177558761
110,,after_candidate_limit,,2051,82,1,82,13.89,8.33,2.17,3.25,1,2,0.9564741626794259,0.536902146904126
111,,after_candidate_limit,,875,35,0,35,12.78,3.83,0.5,0.75,1,1,0.9575588516746412,0.5367457020191009
112,,after_candidate_limit,,1785,71,10,71,13.89,6.25,0.5,1.38,3,1,0.9394038277511961,0.5367030580405051
113,,after_candidate_limit,,2627,105,2,105,15,9,0.5,0.75,1,3,0.9611688995215311,0.5353825148093094
114,,after_candidate_limit,,1751,70,1,70,13.89,6.25,0.5,0.75,1,2,0.9592196172248804,0.5350489681981071
115,,after_candidate_limit,,1280,51,5,51,12.78,7.67,0.5,2,2,1,0.9452076555023924,0.5349668830887104
116,,after_candidate_limit,,1251,50,1,50,12.78,7.67,0.5,1.38,1,2,0.9574832535885167,0.5349418099886593
117,,after_candidate_limit,,2677,107,2,107,15,9,0.5,2,1,3,0.9612507177033492,0.5344916796351695
118,,after_candidate_limit,,1276,51,1,51,12.78,7.67,0.5,2,1,2,0.9574966507177034,0.5342919006411101
119,,after_candidate_limit,,1600,64,0,64,13.89,4.17,0.5,1.38,1,1,0.9595071770334929,0.534111430775759
120,,after_candidate_limit,,1580,63,5,63,13.89,4.17,0.5,0.75,2,1,0.9496736842105263,0.5338926714592953
121,,after_candidate_limit,,2710,108,10,108,15,9,1.33,2,3,1,0.936188038277512,0.5338903148311365
122,,after_candidate_limit,,1931,77,6,77,13.89,8.33,0.5,0.75,2,2,0.9496966507177034,0.5334542220576929
123,,after_candidate_limit,,1985,79,10,79,13.89,8.33,0.5,2,3,1,0.937533971291866,0.5333972564422339
124,,after_candidate_limit,,1855,74,5,74,13.89,6.25,1.33,3.67,2,1,0.9437425837320574,0.532804170974407
125,,after_candidate_limit,,2652,106,2,106,15,9,0.5,1.38,1,3,0.9612612440191387,0.532780231939052
126,,after_candidate_limit,,2476,99,1,99,15,6.75,0.5,1.38,1,2,0.960956937799043,0.5327288957261734
127,,after_candidate_limit,,2456,98,6,98,15,6.75,0.5,0.75,2,2,0.9541177033492823,0.5325641157741787
128,,after_candidate_limit,,1880,75,5,75,13.89,6.25,2.17,3.25,2,1,0.9420531100478469,0.5324093236738401
129,,after_candidate_limit,,2465,98,15,98,15,6.75,0.5,0.75,6,1,0.9228813397129186,0.5322286956822617
130,,after_candidate_limit,,1426,57,1,57,13.89,12.5,0.5,1.38,1,2,0.954177990430622,0.5322220071084952
131,,after_candidate_limit,,1810,72,10,72,13.89,6.25,0.5,2,3,1,0.939122009569378,0.532147847553514
132,,after_candidate_limit,,1401,56,1,56,13.89,12.5,0.5,0.75,1,2,0.9539837320574163,0.532082669961577
133,,after_candidate_limit,,2661,106,11,106,15,9,0.5,1.38,3,2,0.9444478468899522,0.5315953956222705
134,,after_candidate_limit,,2706,108,6,108,15,9,1.33,2,2,2,0.9490100478468899,0.531589769506787
135,,after_candidate_limit,,2731,109,6,109,15,9,1.33,3.67,2,2,0.9489741626794258,0.5314473673158014
136,,after_candidate_limit,,2350,94,0,94,15,4.5,1.33,2,1,1,0.9586555023923445,0.5312952248460201
137,,after_candidate_limit,,2305,92,5,92,15,4.5,0.5,1.38,2,1,0.9543224880382775,0.531237333128894
138,,after_candidate_limit,,2682,107,7,107,15,9,0.5,2,2,3,0.9542320574162679,0.530996846844505
139,,after_candidate_limit,,725,29,0,29,12.78,11.5,0.5,1.38,1,1,0.9518507177033493,0.5306934558356647
140,,after_candidate_limit,,1625,65,0,65,13.89,4.17,0.5,2,1,1,0.9593282296650718,0.5304479118177851
141,,after_candidate_limit,,2686,107,11,107,15,9,0.5,2,3,2,0.9444574162679426,0.5304143321057344
142,,after_candidate_limit,,1952,78,2,78,13.89,8.33,0.5,1.38,1,3,0.959066028708134,0.5303251523416065
143,,after_candidate_limit,,2756,110,6,110,15,9,2.17,3.25,2,2,0.9483023923444976,0.5303120331154514
144,,after_candidate_limit,,2781,111,6,111,15,9,3,4.5,2,2,0.9478665071770335,0.5303114694492357
145,,after_candidate_limit,,2501,100,1,100,15,6.75,0.5,2,1,2,0.9608167464114833,0.5302753716076017
146,,after_candidate_limit,,1125,45,0,45,12.78,5.75,1.33,2,1,1,0.9537282296650718,0.5302347197456959
147,,after_candidate_limit,,2632,105,7,105,15,9,0.5,0.75,2,3,0.9540248803827751,0.5300933680539567
148,,after_candidate_limit,,1927,77,2,77,13.89,8.33,0.5,0.75,1,3,0.9594033492822966,0.5298843496127379
149,,after_candidate_limit,,701,28,1,28,12.78,11.5,0.5,0.75,1,2,0.953556937799043,0.5298445494899454
150,,after_candidate_limit,,1956,78,6,78,13.89,8.33,0.5,1.38,2,2,0.949643062200957,0.5297986239217555
151,,after_candidate_limit,,2400,96,0,96,15,4.5,2.17,3.25,1,1,0.9582933014354067,0.5293938911056932
152,,after_candidate_limit,,2375,95,0,95,15,4.5,1.33,3.67,1,1,0.9585086124401914,0.5289367300440383
153,,after_candidate_limit,,2760,110,10,110,15,9,2.17,3.25,3,1,0.9355722488038277,0.5288722304685098
154,,after_candidate_limit,,1977,79,2,79,13.89,8.33,0.5,2,1,3,0.9589516746411483,0.5286728576933666
155,,after_candidate_limit,,1451,58,1,58,13.89,12.5,0.5,2,1,2,0.9538727272727273,0.5286725418577547
156,,after_candidate_limit,,726,29,1,29,12.78,11.5,0.5,1.38,1,2,0.9537023923444976,0.5286278656751273
157,,after_candidate_limit,,0,0,0,0,11.67,10.5,0.5,0.75,1,1,0.9519770334928229,0.5286129024016281
158,,after_candidate_limit,,2330,93,5,93,15,4.5,0.5,2,2,1,0.954144976076555,0.5284838831748919
159,,after_candidate_limit,,2152,86,2,86,15,13.5,0.5,2,1,3,0.9564918660287082,0.5284367777279897
160,,after_candidate_limit,,2735,109,10,109,15,9,1.33,3.67,3,1,0.9358416267942584,0.5283143030539476
161,,after_candidate_limit,,1981,79,6,79,13.89,8.33,0.5,2,2,2,0.949567942583732,0.5282679969242853
162,,after_candidate_limit,,2657,106,7,106,15,9,0.5,1.38,2,3,0.9542583732057416,0.5282297470068829
163,,after_candidate_limit,,1235,49,10,49,12.78,7.67,0.5,0.75,3,1,0.933333971291866,0.5277107626928474
164,,after_candidate_limit,,2785,111,10,111,15,9,3,4.5,3,1,0.9368507177033493,0.5276131530879085
165,,after_candidate_limit,,530,21,5,21,11.67,7,0.5,0.75,2,1,0.9402076555023924,0.5275460198705123
166,,after_candidate_limit,,2727,109,2,109,15,9,1.33,3.67,1,3,0.9582727272727273,0.5274953940152732
167,,after_candidate_limit,,2481,99,6,99,15,6.75,0.5,1.38,2,2,0.9537799043062201,0.5273313375335358
168,,after_candidate_limit,,1400,56,0,56,13.89,12.5,0.5,0.75,1,1,0.9531626794258373,0.5272427595285518
169,,after_candidate_limit,,1905,76,5,76,13.89,6.25,3,4.5,2,1,0.9396296650717704,0.52697251317582
170,,after_candidate_limit,,2425,97,0,97,15,4.5,3,4.5,1,1,0.9579937799043062,0.5268589910547685
171,,after_candidate_limit,,2752,110,2,110,15,9,2.17,3.25,1,3,0.9579502392344498,0.5268052147098327
172,,after_candidate_limit,,750,30,0,30,12.78,11.5,0.5,2,1,1,0.9513866028708134,0.5266845707127774
173,,after_candidate_limit,,2702,108,2,108,15,9,1.33,2,1,3,0.9583875598086125,0.5263802250085124
174,,after_candidate_limit,,751,30,1,30,12.78,11.5,0.5,2,1,2,0.9534181818181818,0.5260009551004611
175,,after_candidate_limit,,2777,111,2,111,15,9,3,4.5,1,3,0.9576827751196172,0.5259265267760256
176,,after_candidate_limit,,2127,85,2,85,15,13.5,0.5,1.38,1,3,0.9565253588516747,0.5255845250939766
177,,after_candidate_limit,,1080,43,5,43,12.78,5.75,0.5,1.38,2,1,0.9445052631578947,0.5246486207098526
178,,after_candidate_limit,,1402,56,2,56,13.89,12.5,0.5,0.75,1,3,0.9549693779904306,0.5244539754171587
179,,after_candidate_limit,,375,15,0,15,11.67,5.25,0.5,1.38,1,1,0.9547196172248804,0.5244454445237272
180,,after_candidate_limit,,1376,55,1,55,12.78,7.67,3,4.5,1,2,0.9504483253588517,0.5244201596830919
181,,after_candidate_limit,,2452,98,2,98,15,6.75,0.5,0.75,1,3,0.9603885167464115,0.5242853882046046
182,,after_candidate_limit,,625,25,0,25,11.67,7,1.33,3.67,1,1,0.9490808612440191,0.5242107644195002
183,,after_candidate_limit,,600,24,0,24,11.67,7,1.33,2,1,1,0.949121052631579,0.5240713153625005
184,,after_candidate_limit,,1650,66,0,66,13.89,4.17,1.33,2,1,1,0.9561248803827751,0.5237370215643921
185,,after_candidate_limit,,2506,100,6,100,15,6.75,0.5,2,2,2,0.9536153110047847,0.5237018757412608
186,,after_candidate_limit,,1351,54,1,54,12.78,7.67,2.17,3.25,1,2,0.951742105263158,0.5236199316699957
187,,after_candidate_limit,,2526,101,1,101,15,6.75,1.33,2,1,2,0.9580244019138756,0.5234791982035835
188,,after_candidate_limit,,2490,99,15,99,15,6.75,0.5,1.38,6,1,0.9227674641148326,0.5233091197831182
189,,after_candidate_limit,,1776,71,1,71,13.89,6.25,0.5,1.38,1,2,0.9587765550239234,0.5232715758929053
190,,after_candidate_limit,,2002,80,2,80,13.89,8.33,1.33,2,1,3,0.9557540669856459,0.5232004669908124
191,,after_candidate_limit,,2276,91,1,91,15,4.5,0.5,0.75,1,2,0.9603918660287082,0.5229255400525531
192,,after_candidate_limit,,1326,53,1,53,12.78,7.67,1.33,3.67,1,2,0.9530306220095693,0.522890084234463
193,,after_candidate_limit,,2461,98,11,98,15,6.75,0.5,0.75,3,2,0.9441205741626795,0.5227061224615853
194,,after_candidate_limit,,2477,99,2,99,15,6.75,0.5,1.38,1,3,0.9603181818181818,0.5224201413313131
195,,after_candidate_limit,,2707,108,7,108,15,9,1.33,2,2,3,0.9487655502392345,0.5223404450943974
196,,after_candidate_limit,,2757,110,7,110,15,9,2.17,3.25,2,3,0.9479918660287081,0.5222657800682601
197,,after_candidate_limit,,2515,100,15,100,15,6.75,0.5,2,6,1,0.9227028708133971,0.5222496080037577
198,,after_candidate_limit,,2027,81,2,81,13.89,8.33,1.33,3.67,1,3,0.9556583732057417,0.5219764534023182
199,,after_candidate_limit,,1452,58,2,58,13.89,12.5,0.5,2,1,3,0.9550019138755981,0.5217859532484426
200,,after_candidate_limit,,2732,109,7,109,15,9,1.33,3.67,2,3,0.9486191387559808,0.5216004306356729
201,,after_candidate_limit,,2052,82,2,82,13.89,8.33,2.17,3.25,1,3,0.9552775119617225,0.5215530915427458
202,,after_candidate_limit,,900,36,0,36,12.78,3.83,0.5,1.38,1,1,0.9569598086124402,0.5215285490376005
203,,after_candidate_limit,,1175,47,0,47,12.78,5.75,2.17,3.25,1,1,0.9523334928229665,0.5213741600854868
204,,after_candidate_limit,,1427,57,2,57,13.89,12.5,0.5,1.38,1,3,0.9550851674641149,0.5212317234584024
205,,after_candidate_limit,,1301,52,1,52,12.78,7.67,1.33,2,1,2,0.9529775119617225,0.5212048993818261
206,,after_candidate_limit,,2077,83,2,83,13.89,8.33,3,4.5,1,3,0.9550296650717703,0.5211488375947689
207,,after_candidate_limit,,25,1,0,1,11.67,10.5,0.5,1.38,1,1,0.9512488038277512,0.5210210274318071
208,,after_candidate_limit,,1428,57,3,57,13.89,12.5,0.5,1.38,1,8,0.957755980861244,0.5210111857980559
209,,after_candidate_limit,,2301,92,1,92,15,4.5,0.5,1.38,1,2,0.9603205741626795,0.5209640055674961
210,,after_candidate_limit,,1453,58,3,58,13.89,12.5,0.5,2,1,8,0.9577057416267942,0.5209484261144712
211,,after_candidate_limit,,2782,111,7,111,15,9,3,4.5,2,3,0.9475181818181818,0.5209049725350766
212,,after_candidate_limit,,1227,49,2,49,12.78,7.67,0.5,0.75,1,3,0.9567095693779905,0.5208647825718329
213,,after_candidate_limit,,2326,93,1,93,15,4.5,0.5,2,1,2,0.960333971291866,0.5207801925549541
214,,after_candidate_limit,,650,26,0,26,11.67,7,2.17,3.25,1,1,0.9443813397129187,0.5207434216757169
215,,after_candidate_limit,,1425,57,0,57,13.89,12.5,0.5,1.38,1,1,0.9520918660287081,0.5206447931187593
216,,after_candidate_limit,,675,27,0,27,11.67,7,3,4.5,1,1,0.9420114832535885,0.5206058805988686
217,,after_candidate_limit,,2576,103,1,103,15,6.75,2.17,3.25,1,2,0.9576540669856459,0.5204049860970879
218,,after_candidate_limit,,2104,84,4,84,15,13.5,0.5,0.75,1,15,0.9596813397129187,0.5202494451759837
219,,after_candidate_limit,,2687,107,12,107,15,9,0.5,2,3,3,0.9441617224880383,0.5202303679519413
220,,after_candidate_limit,,2502,100,2,100,15,6.75,0.5,2,1,3,0.960288038277512,0.5201916063467421
221,,after_candidate_limit,,2551,102,1,102,15,6.75,1.33,3.67,1,2,0.9578976076555024,0.5201785508807916
222,,after_candidate_limit,,1756,70,6,70,13.89,6.25,0.5,0.75,2,2,0.9488636363636364,0.5200720891038266
223,,after_candidate_limit,,2310,92,10,92,15,4.5,0.5,1.38,3,1,0.9443229665071771,0.5198962040119184
224,,after_candidate_limit,,1150,46,0,46,12.78,5.75,1.33,3.67,1,1,0.953576076555024,0.5197461994885367
225,,after_candidate_limit,,1051,42,1,42,12.78,5.75,0.5,0.75,1,2,0.9565602870813397,0.5194814586922524
226,,after_candidate_limit,,2640,105,15,105,15,9,0.5,0.75,6,1,0.918333971291866,0.5194215978425561
227,,after_candidate_limit,,2277,91,2,91,15,4.5,0.5,0.75,1,3,0.9601401913875598,0.5194152103460151
228,,after_candidate_limit,,2154,86,4,86,15,13.5,0.5,2,1,15,0.9598468899521531,0.5192892698868012
229,,after_candidate_limit,,2355,94,5,94,15,4.5,1.33,2,2,1,0.9486688995215311,0.5192505220860666
230,,after_candidate_limit,,1404,56,4,56,13.89,12.5,0.5,0.75,1,15,0.9585545454545454,0.5190751906429034
231,,after_candidate_limit,,1200,48,0,48,12.78,5.75,3,4.5,1,1,0.9509363636363637,0.5190290257806564
232,,after_candidate_limit,,2601,104,1,104,15,6.75,3,4.5,1,2,0.9574425837320574,0.5189209271090566
233,,after_candidate_limit,,2129,85,4,85,15,13.5,0.5,1.38,1,15,0.9598430622009569,0.518911727507351
234,,after_candidate_limit,,2327,93,2,93,15,4.5,0.5,2,1,3,0.9601669856459331,0.5188516205518044
235,,after_candidate_limit,,2302,92,2,92,15,4.5,0.5,1.38,1,3,0.9601502392344498,0.5187453199570379
236,,after_candidate_limit,,2628,105,3,105,15,9,0.5,0.75,1,8,0.9601,0.5187186614076242
237,,after_candidate_limit,,2100,84,0,84,15,13.5,0.5,0.75,1,1,0.9529732057416268,0.5186419380397475
238,,after_candidate_limit,,2637,105,12,105,15,9,0.5,0.75,3,3,0.9439358851674641,0.5186191959862185
239,,after_candidate_limit,,1429,57,4,57,13.89,12.5,0.5,1.38,1,15,0.9586684210526316,0.5186060674443276
240,,after_candidate_limit,,1252,50,2,50,12.78,7.67,0.5,1.38,1,3,0.9566124401913876,0.5185905874695581
241,,after_candidate_limit,,1060,42,10,42,12.78,5.75,0.5,0.75,3,1,0.9330602870813397,0.5184771169661501
242,,after_candidate_limit,,1700,68,0,68,13.89,4.17,2.17,3.25,1,1,0.9555296650717703,0.5184219903258682
243,,after_candidate_limit,,2653,106,3,106,15,9,0.5,1.38,1,8,0.9600765550239234,0.5183151608261867
244,,after_candidate_limit,,1801,72,1,72,13.89,6.25,0.5,2,1,2,0.9585947368421053,0.518280278644967
245,,after_candidate_limit,,1454,58,4,58,13.89,12.5,0.5,2,1,15,0.9586291866028708,0.5182661100656593
246,,after_candidate_limit,,2457,98,7,98,15,6.75,0.5,0.75,2,3,0.9531569377990431,0.5179562058811709
247,,after_candidate_limit,,1725,69,0,69,13.89,4.17,3,4.5,1,1,0.9552947368421053,0.517912784514662
248,,after_candidate_limit,,2711,108,11,108,15,9,1.33,2,3,2,0.9371373205741627,0.5177939898903119
249,,after_candidate_limit,,1675,67,0,67,13.89,4.17,1.33,3.67,1,1,0.955898086124402,0.5177335854886248
250,,after_candidate_limit,,2678,107,3,107,15,9,0.5,2,1,8,0.9600722488038278,0.5177253216003658
251,,after_candidate_limit,,2662,106,12,106,15,9,0.5,1.38,3,3,0.9441631578947368,0.5176592167259944
252,,after_candidate_limit,,1752,70,2,70,13.89,6.25,0.5,0.75,1,3,0.9582794258373206,0.5176093959494783
253,,after_candidate_limit,,1403,56,3,56,13.89,12.5,0.5,0.75,1,8,0.9575507177033493,0.5174543339934635
254,,after_candidate_limit,,50,2,0,2,11.67,10.5,0.5,2,1,1,0.95071004784689,0.517333090105479
255,,after_candidate_limit,,2151,86,1,86,15,13.5,0.5,2,1,2,0.9541177033492823,0.5172842266897162
256,,after_candidate_limit,,400,16,0,16,11.67,5.25,0.5,2,1,1,0.9546081339712919,0.5172328375783494
257,,after_candidate_limit,,2177,87,2,87,15,13.5,1.33,2,1,3,0.9538401913875598,0.5172038111943219
258,,after_candidate_limit,,2252,90,2,90,15,13.5,3,4.5,1,3,0.95342009569378,0.5171804945513007
259,,after_candidate_limit,,2102,84,2,84,15,13.5,0.5,0.75,1,3,0.9558382775119617,0.5171122442513887
260,,after_candidate_limit,,2736,109,11,109,15,9,1.33,3.67,3,2,0.9370488038277512,0.5170486180653828
261,,after_candidate_limit,,175,7,0,7,11.67,3.5,0.5,0.75,1,1,0.9540100478468899,0.516927425906371
262,,after_candidate_limit,,1576,63,1,63,13.89,4.17,0.5,0.75,1,2,0.9583373205741627,0.5169143479113784
263,,after_candidate_limit,,2202,88,2,88,15,13.5,1.33,3.67,1,3,0.9536784688995216,0.5168851501967564
264,,after_candidate_limit,,2006,80,6,80,13.89,8.33,1.33,2,2,2,0.9427837320574163,0.5167374768109378
265,,after_candidate_limit,,1605,64,5,64,13.89,4.17,0.5,1.38,2,1,0.9490856459330144,0.5165695688195696
266,,after_candidate_limit,,2335,93,10,93,15,4.5,0.5,2,3,1,0.9441205741626795,0.5165104248578817
267,,after_candidate_limit,,2126,85,1,85,15,13.5,0.5,1.38,1,2,0.954556937799043,0.516492145138257
268,,after_candidate_limit,,2761,110,11,110,15,9,2.17,3.25,3,2,0.9366071770334928,0.516320951471891
269,,after_candidate_limit,,727,29,2,29,12.78,11.5,0.5,1.38,1,3,0.954488995215311,0.5162821323934795
270,,after_candidate_limit,,2486,99,11,99,15,6.75,0.5,1.38,3,2,0.9437406698564593,0.5162658229347664
271,,after_candidate_limit,,2786,111,11,111,15,9,3,4.5,3,2,0.9379861244019139,0.5162146018866222
272,,after_candidate_limit,,925,37,0,37,12.78,3.83,0.5,2,1,1,0.9566966507177034,0.5161107086755933
273,,after_candidate_limit,,526,21,1,21,11.67,7,0.5,0.75,1,2,0.9541076555023923,0.5160664505640572
274,,after_candidate_limit,,2227,89,2,89,15,13.5,2.17,3.25,1,3,0.953600956937799,0.5159370669666793
275,,after_candidate_limit,,1478,59,3,59,13.89,12.5,1.33,2,1,8,0.954444019138756,0.5157686061325739
276,,after_candidate_limit,,1277,51,2,51,12.78,7.67,0.5,2,1,3,0.9565066985645932,0.5157141604718806
277,,after_candidate_limit,,2031,81,6,81,13.89,8.33,1.33,3.67,2,2,0.9427090909090909,0.5155259199385934
278,,after_candidate_limit,,2405,96,5,96,15,4.5,2.17,3.25,2,1,0.9477722488038277,0.5155058303277118
279,,after_candidate_limit,,1305,52,5,52,12.78,7.67,1.33,2,2,1,0.9355464114832536,0.5154270096497436
280,,after_candidate_limit,,702,28,2,28,12.78,11.5,0.5,0.75,1,3,0.9542736842105263,0.5152695772204209
281,,after_candidate_limit,,1957,78,7,78,13.89,8.33,0.5,1.38,2,3,0.948656937799043,0.5152417210176325
282,,after_candidate_limit,,1105,44,5,44,12.78,5.75,0.5,2,2,1,0.9442244019138756,0.5151138180344776
283,,after_candidate_limit,,1503,60,3,60,13.89,12.5,1.33,3.67,1,8,0.9542832535885167,0.515091811774701
284,,after_candidate_limit,,1528,61,3,61,13.89,12.5,2.17,3.25,1,8,0.9539143540669857,0.5150416530503734
285,,after_candidate_limit,,1553,62,3,62,13.89,12.5,3,4.5,1,8,0.9536119617224881,0.5148720025254193
286,,after_candidate_limit,,2531,101,6,101,15,6.75,1.33,2,2,2,0.9481277511961722,0.5148094807678475
287,,after_candidate_limit,,2101,84,1,84,15,13.5,0.5,0.75,1,2,0.9548200956937799,0.5147402577638236
288,,after_candidate_limit,,1477,59,2,59,13.89,12.5,1.33,2,1,3,0.9516976076555024,0.514554369937926
289,,after_candidate_limit,,1601,64,1,64,13.89,4.17,0.5,1.38,1,2,0.9582267942583732,0.514301266869047
290,,after_candidate_limit,,2380,95,5,95,15,4.5,1.33,3.67,2,1,0.9483746411483254,0.5142946974189105
291,,after_candidate_limit,,1932,77,7,77,13.89,8.33,0.5,0.75,2,3,0.9489095693779904,0.5141695894434996
292,,after_candidate_limit,,1626,65,1,65,13.89,4.17,0.5,2,1,2,0.9582411483253589,0.5141535579277198
293,,after_candidate_limit,,753,30,3,30,12.78,11.5,0.5,2,1,8,0.9562516746411484,0.5139535438862773
294,,after_candidate_limit,,1504,60,4,60,13.89,12.5,1.33,3.67,1,15,0.9553885167464115,0.5136622195377276
295,,after_candidate_limit,,1554,62,4,62,13.89,12.5,3,4.5,1,15,0.9547244019138756,0.5136194492892352
296,,after_candidate_limit,,1529,61,4,61,13.89,12.5,2.17,3.25,1,15,0.9550066985645933,0.5136158869203545
297,,after_candidate_limit,,1585,63,10,63,13.89,4.17,0.5,0.75,3,1,0.9378947368421052,0.5135577044208934
298,,after_candidate_limit,,2056,82,6,82,13.89,8.33,2.17,3.25,2,2,0.9409545454545455,0.5133711073293058
299,,after_candidate_limit,,2351,94,1,94,15,4.5,1.33,2,1,2,0.9575066985645933,0.5133704082686088
300,,after_candidate_limit,,1479,59,4,59,13.89,12.5,1.33,2,1,15,0.9554727272727273,0.5133191892987522
301,,after_candidate_limit,,728,29,3,29,12.78,11.5,0.5,1.38,1,8,0.956211961722488,0.5132389517351343
302,,after_candidate_limit,,2376,95,1,95,15,4.5,1.33,3.67,1,2,0.9575296650717703,0.5132218971958155
303,,after_candidate_limit,,2081,83,6,83,13.89,8.33,3,4.5,2,2,0.9387248803827751,0.513214744114155
304,,after_candidate_limit,,1982,79,7,79,13.89,8.33,0.5,2,2,3,0.9485296650717704,0.513213555672183
305,,after_candidate_limit,,2453,98,3,98,15,6.75,0.5,0.75,1,8,0.9597071770334928,0.5131810626464938
306,,after_candidate_limit,,2103,84,3,84,15,13.5,0.5,0.75,1,8,0.9583311004784689,0.5130618028886357
307,,after_candidate_limit,,1577,63,2,63,13.89,4.17,0.5,0.75,1,3,0.9580334928229665,0.5129714024937461
308,,after_candidate_limit,,580,23,5,23,11.67,7,0.5,2,2,1,0.9399851674641149,0.512962511841062
309,,after_candidate_limit,,2128,85,3,85,15,13.5,0.5,1.38,1,8,0.9584464114832536,0.5129227977911401
310,,after_candidate_limit,,2478,99,3,99,15,6.75,0.5,1.38,1,8,0.9597095693779905,0.5128969952188354
311,,after_candidate_limit,,2629,105,4,105,15,9,0.5,0.75,1,15,0.9596751196172248,0.5128632280838952
312,,after_candidate_limit,,752,30,2,30,12.78,11.5,0.5,2,1,3,0.9542545454545455,0.5127683923947788
313,,after_candidate_limit,,2426,97,1,97,15,4.5,3,4.5,1,2,0.9571009569377991,0.5126796961236053
314,,after_candidate_limit,,2527,101,2,101,15,6.75,1.33,2,1,3,0.957453110047847,0.5126751401970996
315,,after_candidate_limit,,2153,86,3,86,15,13.5,0.5,2,1,8,0.9584177033492823,0.512668519837116
316,,after_candidate_limit,,555,22,5,22,11.67,7,0.5,1.38,2,1,0.9399301435406698,0.5126663285144633
317,,after_candidate_limit,,1476,59,1,59,13.89,12.5,1.33,2,1,2,0.9505684210526316,0.512659295457895
318,,after_candidate_limit,,1260,50,10,50,12.78,7.67,0.5,1.38,3,1,0.9329464114832536,0.5126274067690075
319,,after_candidate_limit,,1928,77,3,77,13.89,8.33,0.5,0.75,1,8,0.9579564593301435,0.5126063890259269
320,,after_candidate_limit,,1802,72,2,72,13.89,6.25,0.5,2,1,3,0.9582253588516746,0.512593120538911
321,,after_candidate_limit,,1777,71,2,71,13.89,6.25,0.5,1.38,1,3,0.9582239234449761,0.512509308301689
322,,after_candidate_limit,,2281,91,6,91,15,4.5,0.5,0.75,2,2,0.9530038277511962,0.5124319903567222
323,,after_candidate_limit,,2401,96,1,96,15,4.5,2.17,3.25,1,2,0.9572660287081339,0.5123677774121796
324,,after_candidate_limit,,2430,97,5,97,15,4.5,3,4.5,2,1,0.9472617224880383,0.5123301071073151
325,,after_candidate_limit,,2503,100,3,100,15,6.75,0.5,2,1,8,0.9597162679425837,0.5122822044809955
326,,after_candidate_limit,,1627,65,2,65,13.89,4.17,0.5,2,1,3,0.9580483253588516,0.5121626518979248
327,,after_candidate_limit,,1450,58,0,58,13.89,12.5,0.5,2,1,1,0.9515387559808612,0.5120598351561685
328,,after_candidate_limit,,2179,87,4,87,15,13.5,1.33,2,1,15,0.9569842105263158,0.5120257615855066
329,,after_candidate_limit,,2204,88,4,88,15,13.5,1.33,3.67,1,15,0.9569382775119617,0.5120175270452173
330,,after_candidate_limit,,703,28,3,28,12.78,11.5,0.5,0.75,1,8,0.9559263157894737,0.5120164058939227
331,,after_candidate_limit,,2654,106,4,106,15,9,0.5,1.38,1,15,0.9596755980861243,0.5120126655234024
332,,after_candidate_limit,,1602,64,2,64,13.89,4.17,0.5,1.38,1,3,0.9580282296650717,0.5120082873541019
333,,after_candidate_limit,,2679,107,4,107,15,9,0.5,2,1,15,0.9596765550239235,0.512005641076869
334,,after_candidate_limit,,704,28,4,28,12.78,11.5,0.5,0.75,1,15,0.9562224880382775,0.5119488121235036
335,,after_candidate_limit,,2278,91,3,91,15,4.5,0.5,0.75,1,8,0.9596703349282296,0.5119273469977629
336,,after_candidate_limit,,2303,92,3,92,15,4.5,0.5,1.38,1,8,0.9596703349282296,0.5119273469977629
337,,after_candidate_limit,,2328,93,3,93,15,4.5,0.5,2,1,8,0.9596703349282296,0.5119273469977629
338,,after_candidate_limit,,2279,91,4,91,15,4.5,0.5,0.75,1,15,0.9596693779904306,0.5119189099299898
339,,after_candidate_limit,,2304,92,4,92,15,4.5,0.5,1.38,1,15,0.9596693779904306,0.5119189099299898
340,,after_candidate_limit,,2329,93,4,93,15,4.5,0.5,2,1,15,0.9596693779904306,0.5119189099299898
341,,after_candidate_limit,,2454,98,4,98,15,6.75,0.5,0.75,1,15,0.9596693779904306,0.5119189099299898
342,,after_candidate_limit,,2479,99,4,99,15,6.75,0.5,1.38,1,15,0.9596693779904306,0.5119189099299898
343,,after_candidate_limit,,2504,100,4,100,15,6.75,0.5,2,1,15,0.9596693779904306,0.5119189099299898
344,,after_candidate_limit,,2010,80,10,80,13.89,8.33,1.33,2,3,1,0.9286354066985646,0.5117058068367324
345,,after_candidate_limit,,2229,89,4,89,15,13.5,2.17,3.25,1,15,0.9566947368421053,0.5116560112144266
346,,after_candidate_limit,,2254,90,4,90,15,13.5,3,4.5,1,15,0.9565023923444976,0.5116551963563405
347,,after_candidate_limit,,1330,53,5,53,12.78,7.67,1.33,3.67,2,1,0.9352990430622009,0.5114274711413307
348,,after_candidate_limit,,1826,73,1,73,13.89,6.25,1.33,2,1,2,0.9553454545454545,0.5114020203512156
349,,after_candidate_limit,,2511,100,11,100,15,6.75,0.5,2,3,2,0.9435468899521531,0.5113238538094599
350,,after_candidate_limit,,1630,65,5,65,13.89,4.17,0.5,2,2,1,0.9487775119617224,0.5110893297670003
351,,after_candidate_limit,,2377,95,2,95,15,4.5,1.33,3.67,1,3,0.9573468899521531,0.5110456360215399
352,,after_candidate_limit,,2035,81,10,81,13.89,8.33,1.33,3.67,3,1,0.9285124401913876,0.5110271286349123
353,,after_candidate_limit,,1936,77,11,77,13.89,8.33,0.5,0.75,3,2,0.9377253588516746,0.5110268752927867
354,,after_candidate_limit,,2427,97,2,97,15,4.5,3,4.5,1,3,0.9569076555023923,0.5110127117092925
355,,after_candidate_limit,,1502,60,2,60,13.89,12.5,1.33,3.67,1,3,0.9514976076555024,0.5109084782575612
356,,after_candidate_limit,,2552,102,2,102,15,6.75,1.33,3.67,1,3,0.9574344497607655,0.5108891321107415
357,,after_candidate_limit,,551,22,1,22,11.67,7,0.5,1.38,1,2,0.9537641148325359,0.5108872082081977
358,,after_candidate_limit,,1835,73,10,73,13.89,6.25,1.33,2,3,1,0.9299741626794258,0.5108630740082771
359,,after_candidate_limit,,2352,94,2,94,15,4.5,1.33,2,1,3,0.9573229665071771,0.5107532630872265
360,,after_candidate_limit,,2402,96,2,96,15,4.5,2.17,3.25,1,3,0.9570822966507178,0.5107464200814057
361,,after_candidate_limit,,2125,85,0,85,15,13.5,0.5,1.38,1,1,0.9519531100478469,0.5107239947249121
362,,after_candidate_limit,,2728,109,3,109,15,9,1.33,3.67,1,8,0.9572315789473684,0.5106902774727471
363,,after_candidate_limit,,2778,111,3,111,15,9,3,4.5,1,8,0.9568009569377991,0.5106074851571399
364,,after_candidate_limit,,2482,99,7,99,15,6.75,0.5,1.38,2,3,0.9529157894736842,0.5104192860951038
365,,after_candidate_limit,,1953,78,3,78,13.89,8.33,0.5,1.38,1,8,0.9579019138755981,0.5104164249880266
366,,after_candidate_limit,,1527,61,2,61,13.89,12.5,2.17,3.25,1,3,0.9512028708133972,0.510303209373406
367,,after_candidate_limit,,2577,103,2,103,15,6.75,2.17,3.25,1,3,0.9571746411483254,0.5102856091898926
368,,after_candidate_limit,,2753,110,3,110,15,9,2.17,3.25,1,8,0.9569746411483253,0.5100923543671863
369,,after_candidate_limit,,2602,104,2,104,15,6.75,3,4.5,1,3,0.9569803827751197,0.509960754942381
370,,after_candidate_limit,,1978,79,3,79,13.89,8.33,0.5,2,1,8,0.9579004784688995,0.5099559027386718
371,,after_candidate_limit,,2703,108,3,108,15,9,1.33,2,1,8,0.9572277511961722,0.509915217513668
372,,after_candidate_limit,,2633,105,8,105,15,9,0.5,0.75,2,8,0.9526732057416268,0.5097472670505685
373,,after_candidate_limit,,2581,103,6,103,15,6.75,2.17,3.25,2,2,0.9472885167464115,0.5097356183103678
374,,after_candidate_limit,,355,14,5,14,11.67,5.25,0.5,0.75,2,1,0.9392516746411483,0.5096257336046718
375,,after_candidate_limit,,1285,51,10,51,12.78,7.67,0.5,2,3,1,0.9329023923444976,0.5095297665399648
376,,after_candidate_limit,,576,23,1,23,11.67,7,0.5,2,1,2,0.9536114832535885,0.5094863685334501
377,,after_candidate_limit,,2306,92,6,92,15,4.5,0.5,1.38,2,2,0.9528397129186603,0.5094496189154781
378,,after_candidate_limit,,880,35,5,35,12.78,3.83,0.5,0.75,2,1,0.9435215311004784,0.5092503887965281
379,,after_candidate_limit,,2282,91,7,91,15,4.5,0.5,0.75,2,3,0.952676076555024,0.5091500229184711
380,,after_candidate_limit,,2331,93,6,93,15,4.5,0.5,2,2,2,0.9528368421052632,0.508881993670203
381,,after_candidate_limit,,1355,54,5,54,12.78,7.67,2.17,3.25,2,1,0.9316349282296651,0.5087351772779841
382,,after_candidate_limit,,2085,83,10,83,13.89,8.33,3,4.5,3,1,0.9233392344497607,0.5087095349038446
383,,after_candidate_limit,,2712,108,12,108,15,9,1.33,2,3,3,0.9368799043062201,0.5086888226555715
384,,after_candidate_limit,,1501,60,1,60,13.89,12.5,1.33,3.67,1,2,0.9502315789473684,0.5086367787389089
385,,after_candidate_limit,,1076,43,1,43,12.78,5.75,0.5,1.38,1,2,0.956188995215311,0.5084329458764336
386,,after_candidate_limit,,2762,110,12,110,15,9,2.17,3.25,3,3,0.9363267942583732,0.5083720300676836
387,,after_candidate_limit,,2060,82,10,82,13.89,8.33,2.17,3.25,3,1,0.9273172248803828,0.5083549432901435
388,,after_candidate_limit,,2556,102,6,102,15,6.75,1.33,3.67,2,2,0.9478851674641149,0.5083113595349399
389,,after_candidate_limit,,775,31,0,31,12.78,11.5,1.33,2,1,1,0.9474258373205742,0.5081326902736334
390,,after_candidate_limit,,2109,84,9,84,15,13.5,0.5,0.75,2,15,0.9512626794258373,0.5080118935254979
391,,after_candidate_limit,,2507,100,7,100,15,6.75,0.5,2,2,3,0.9528636363636364,0.5079685854840859
392,,after_candidate_limit,,1726,69,1,69,13.89,4.17,3,4.5,1,2,0.9544746411483254,0.5079373945354106
393,,after_candidate_limit,,2658,106,8,106,15,9,0.5,1.38,2,8,0.9526167464114833,0.5079158198966475
394,,after_candidate_limit,,2737,109,12,109,15,9,1.33,3.67,3,3,0.9367607655502392,0.5078937568878295
395,,after_candidate_limit,,2150,86,0,86,15,13.5,0.5,2,1,1,0.9513244019138756,0.5078878312740697
396,,after_candidate_limit,,1,0,1,0,11.67,10.5,0.5,0.75,1,2,0.9523578947368421,0.5078235320265506
397,,after_candidate_limit,,1231,49,6,49,12.78,7.67,0.5,0.75,2,2,0.9436124401913876,0.5077848128210118
398,,after_candidate_limit,,1552,62,2,62,13.89,12.5,3,4.5,1,3,0.9508784688995215,0.5076303411473652
399,,after_candidate_limit,,1851,74,1,74,13.89,6.25,1.33,3.67,1,2,0.9552698564593302,0.5076080743831891
400,,after_candidate_limit,,1676,67,1,67,13.89,4.17,1.33,3.67,1,2,0.955065071770335,0.5075393700875681
401,,after_candidate_limit,,1701,68,1,68,13.89,4.17,2.17,3.25,1,2,0.9546894736842105,0.5075286148916063
402,,after_candidate_limit,,2159,86,9,86,15,13.5,0.5,2,2,15,0.9515282296650718,0.5075284826774831
403,,after_candidate_limit,,1651,66,1,66,13.89,4.17,1.33,2,1,2,0.9550435406698564,0.5075071225103049
404,,after_candidate_limit,,1901,76,1,76,13.89,6.25,3,4.5,1,2,0.9546813397129187,0.5073742035823723
405,,after_candidate_limit,,2787,111,12,111,15,9,3,4.5,3,3,0.9377043062200957,0.5073569474359536
406,,after_candidate_limit,,2134,85,9,85,15,13.5,0.5,1.38,2,15,0.9515263157894737,0.5070666069181443
407,,after_candidate_limit,,2332,93,7,93,15,4.5,0.5,2,2,3,0.9526449760765551,0.5070662066025418
408,,after_candidate_limit,,2606,104,6,104,15,6.75,3,4.5,2,2,0.9467913875598086,0.5070420467234684
409,,after_candidate_limit,,876,35,1,35,12.78,3.83,0.5,0.75,1,2,0.9559263157894737,0.5070093456999859
410,,after_candidate_limit,,1526,61,1,61,13.89,12.5,2.17,3.25,1,2,0.9499866028708134,0.5069533038918774
411,,after_candidate_limit,,1876,75,1,75,13.89,6.25,2.17,3.25,1,2,0.9548832535885168,0.5069531405795883
412,,after_candidate_limit,,2307,92,7,92,15,4.5,0.5,1.38,2,3,0.9526186602870813,0.5069528070831439
413,,after_candidate_limit,,1961,78,11,78,13.89,8.33,0.5,1.38,3,2,0.9376397129186603,0.5067843987724793
414,,after_candidate_limit,,2683,107,8,107,15,9,0.5,2,2,8,0.9526191387559808,0.506699237509165
415,,after_candidate_limit,,2462,98,12,98,15,6.75,0.5,0.75,3,3,0.9430741626794258,0.5065832579662385
416,,after_candidate_limit,,1101,44,1,44,12.78,5.75,0.5,2,1,2,0.9561382775119617,0.5062757285423078
417,,after_candidate_limit,,1902,76,2,76,13.89,6.25,3,4.5,1,3,0.954434928229665,0.5062284502517398
418,,after_candidate_limit,,1727,69,2,69,13.89,4.17,3,4.5,1,3,0.9542755980861244,0.5062018416586983
419,,after_candidate_limit,,1827,73,2,73,13.89,6.25,1.33,2,1,3,0.9550239234449761,0.5060017466643022
420,,after_candidate_limit,,2665,106,15,106,15,9,0.5,1.38,6,1,0.9175885167464115,0.5058971364175174
421,,after_candidate_limit,,1380,55,5,55,12.78,7.67,3,4.5,2,1,0.928955023923445,0.5058651936593246
422,,after_candidate_limit,,1852,74,2,74,13.89,6.25,1.33,3.67,1,3,0.9550287081339713,0.5058086928418365
423,,after_candidate_limit,,1677,67,2,67,13.89,4.17,1.33,3.67,1,3,0.9548679425837321,0.5057881162474828
424,,after_candidate_limit,,1702,68,2,68,13.89,4.17,2.17,3.25,1,3,0.9544942583732058,0.5057835651958684
425,,after_candidate_limit,,729,29,4,29,12.78,11.5,0.5,1.38,1,15,0.9559435406698564,0.5056694142582305
426,,after_candidate_limit,,2253,90,3,90,15,13.5,3,4.5,1,8,0.9551947368421053,0.5056548726804728
427,,after_candidate_limit,,1406,56,6,56,13.89,12.5,0.5,0.75,2,2,0.9382612440191388,0.505589097049738
428,,after_candidate_limit,,1877,75,2,75,13.89,6.25,2.17,3.25,1,3,0.9546444976076555,0.505588912577835
429,,after_candidate_limit,,1652,66,2,66,13.89,4.17,1.33,2,1,3,0.9548507177033493,0.5055544494905821
430,,after_candidate_limit,,2203,88,3,88,15,13.5,1.33,3.67,1,8,0.95551004784689,0.5055378102865684
431,,after_candidate_limit,,754,30,4,30,12.78,11.5,0.5,2,1,15,0.9559004784688995,0.5055371785843921
432,,after_candidate_limit,,1077,43,2,43,12.78,5.75,0.5,1.38,1,3,0.9559052631578947,0.5054845978675219
433,,after_candidate_limit,,1986,79,11,79,13.89,8.33,0.5,2,3,2,0.9375837320574163,0.5053635563752596
434,,after_candidate_limit,,1551,62,1,62,13.89,12.5,3,4.5,1,2,0.9496985645933015,0.5053581072928334
435,,after_candidate_limit,,2228,89,3,89,15,13.5,2.17,3.25,1,8,0.9553760765550239,0.5052324333883228
436,,after_candidate_limit,,26,1,1,1,11.67,10.5,0.5,1.38,1,2,0.9524516746411483,0.5051162427090186
437,,after_candidate_limit,,1102,44,2,44,12.78,5.75,0.5,2,1,3,0.9559071770334928,0.5050664498732648
438,,after_candidate_limit,,776,31,1,31,12.78,11.5,1.33,2,1,2,0.9490956937799043,0.5048261765614643
439,,after_candidate_limit,,1052,42,2,42,12.78,5.75,0.5,0.75,1,3,0.9559138755980862,0.5046958918906178
440,,after_candidate_limit,,1256,50,6,50,12.78,7.67,0.5,1.38,2,2,0.9434,0.5046021598159427
441,,after_candidate_limit,,2360,94,10,94,15,4.5,1.33,2,3,1,0.9368373205741627,0.5044661290951841
442,,after_candidate_limit,,2603,104,3,104,15,6.75,3,4.5,1,8,0.9564502392344497,0.5044582637417295
443,,after_candidate_limit,,2553,102,3,102,15,6.75,1.33,3.67,1,8,0.9568818181818182,0.5044396449876496
444,,after_candidate_limit,,2528,101,3,101,15,6.75,1.33,2,1,8,0.9568808612440192,0.504433380624094
445,,after_candidate_limit,,853,34,3,34,12.78,11.5,3,4.5,1,8,0.9493129186602871,0.504423374645357
446,,after_candidate_limit,,2704,108,4,108,15,9,1.33,2,1,15,0.9568425837320574,0.5042722328165323
447,,after_candidate_limit,,2578,103,3,103,15,6.75,2.17,3.25,1,8,0.9566267942583732,0.5042315886511737
448,,after_candidate_limit,,2178,87,3,87,15,13.5,1.33,2,1,8,0.955576076555024,0.5042043894345862
449,,after_candidate_limit,,2779,111,4,111,15,9,3,4.5,1,15,0.9564124401913876,0.5041991046873423
450,,after_candidate_limit,,2729,109,4,109,15,9,1.33,3.67,1,15,0.9568430622009569,0.5041716317700625
451,,after_candidate_limit,,1781,71,6,71,13.89,6.25,0.5,1.38,2,2,0.9482157894736842,0.5041547765269465
452,,after_candidate_limit,,2428,97,3,97,15,4.5,3,4.5,1,8,0.9564023923444976,0.5040949055405246
453,,after_candidate_limit,,2290,91,15,91,15,4.5,0.5,0.75,6,1,0.9212535885167464,0.5040875311957228
454,,after_candidate_limit,,2429,97,4,97,15,4.5,3,4.5,1,15,0.956401913875598,0.5040865376290447
455,,after_candidate_limit,,2604,104,4,104,15,6.75,3,4.5,1,15,0.956401913875598,0.5040865376290447
456,,after_candidate_limit,,2078,83,3,83,13.89,8.33,3,4.5,1,8,0.9541253588516746,0.5040811497345511
457,,after_candidate_limit,,2353,94,3,94,15,4.5,1.33,2,1,8,0.956833971291866,0.5040738839353218
458,,after_candidate_limit,,2378,95,3,95,15,4.5,1.33,3.67,1,8,0.956833971291866,0.5040738839353218
459,,after_candidate_limit,,2354,94,4,94,15,4.5,1.33,2,1,15,0.9568334928229665,0.5040654451167564
460,,after_candidate_limit,,2379,95,4,95,15,4.5,1.33,3.67,1,15,0.9568334928229665,0.5040654451167564
461,,after_candidate_limit,,2529,101,4,101,15,6.75,1.33,2,1,15,0.9568334928229665,0.5040654451167564
462,,after_candidate_limit,,2554,102,4,102,15,6.75,1.33,3.67,1,15,0.9568334928229665,0.5040654451167564
463,,after_candidate_limit,,2003,80,3,80,13.89,8.33,1.33,2,1,8,0.9547210526315789,0.5040170337684043
464,,after_candidate_limit,,901,36,1,36,12.78,3.83,0.5,1.38,1,2,0.9557918660287081,0.5039897148438746
465,,after_candidate_limit,,2754,110,4,110,15,9,2.17,3.25,1,15,0.956588995215311,0.5039698552998292
466,,after_candidate_limit,,1753,70,3,70,13.89,6.25,0.5,0.75,1,8,0.9576019138755981,0.5039500129590575
467,,after_candidate_limit,,2403,96,3,96,15,4.5,2.17,3.25,1,8,0.9565808612440191,0.5038814626034082
468,,after_candidate_limit,,2404,96,4,96,15,4.5,2.17,3.25,1,15,0.9565803827751196,0.5038730946919282
469,,after_candidate_limit,,2579,103,4,103,15,6.75,2.17,3.25,1,15,0.9565803827751196,0.5038730946919282
470,,after_candidate_limit,,926,37,1,37,12.78,3.83,0.5,2,1,2,0.9557909090909091,0.5037786023000412
471,,after_candidate_limit,,2053,82,3,82,13.89,8.33,2.17,3.25,1,8,0.9543492822966507,0.5037455972441082
472,,after_candidate_limit,,1085,43,10,43,12.78,5.75,0.5,1.38,3,1,0.9324928229665072,0.5037003979914682
473,,after_candidate_limit,,1281,51,6,51,12.78,7.67,0.5,2,2,2,0.9433976076555024,0.5034834522195687
474,,after_candidate_limit,,2028,81,3,81,13.89,8.33,1.33,3.67,1,8,0.9547191387559809,0.5034313883864487
475,,after_candidate_limit,,828,33,3,33,12.78,11.5,2.17,3.25,1,8,0.9506200956937799,0.503290938548299
476,,after_candidate_limit,,1803,72,3,72,13.89,6.25,0.5,2,1,8,0.9576129186602871,0.5032725565916507
477,,after_candidate_limit,,1302,52,2,52,12.78,7.67,1.33,2,1,3,0.951988038277512,0.5032657083426325
478,,after_candidate_limit,,1778,71,3,71,13.89,6.25,0.5,1.38,1,8,0.9576052631578947,0.503213292866656
479,,after_candidate_limit,,950,38,0,38,12.78,3.83,1.33,2,1,1,0.952188995215311,0.5031556568425319
480,,after_candidate_limit,,2251,90,1,90,15,13.5,3,4.5,1,2,0.9508354066985646,0.5030552206855888
481,,after_candidate_limit,,1578,63,3,63,13.89,4.17,0.5,0.75,1,8,0.9575832535885167,0.5030233507992842
482,,after_candidate_limit,,1579,63,4,63,13.89,4.17,0.5,0.75,1,15,0.9575832535885167,0.5030233507992842
483,,after_candidate_limit,,1603,64,3,64,13.89,4.17,0.5,1.38,1,8,0.9575832535885167,0.5030233507992842
484,,after_candidate_limit,,1604,64,4,64,13.89,4.17,0.5,1.38,1,15,0.9575832535885167,0.5030233507992842
485,,after_candidate_limit,,1628,65,3,65,13.89,4.17,0.5,2,1,8,0.9575832535885167,0.5030233507992842
486,,after_candidate_limit,,1629,65,4,65,13.89,4.17,0.5,2,1,15,0.9575832535885167,0.5030233507992842
487,,after_candidate_limit,,1754,70,4,70,13.89,6.25,0.5,0.75,1,15,0.9575832535885167,0.5030233507992842
488,,after_candidate_limit,,1779,71,4,71,13.89,6.25,0.5,1.38,1,15,0.9575832535885167,0.5030233507992842
489,,after_candidate_limit,,1804,72,4,72,13.89,6.25,0.5,2,1,15,0.9575832535885167,0.5030233507992842
490,,after_candidate_limit,,1954,78,4,78,13.89,8.33,0.5,1.38,1,15,0.9575832535885167,0.5030233507992842
491,,after_candidate_limit,,1979,79,4,79,13.89,8.33,0.5,2,1,15,0.9575832535885167,0.5030233507992842
492,,after_candidate_limit,,1885,75,10,75,13.89,6.25,2.17,3.25,3,1,0.9284277511961723,0.5028716764770604
493,,after_candidate_limit,,1860,74,10,74,13.89,6.25,1.33,3.67,3,1,0.9295846889952153,0.5028369934501906
494,,after_candidate_limit,,826,33,1,33,12.78,11.5,2.17,3.25,1,2,0.9474555023923446,0.5027476185345418
495,,after_candidate_limit,,1377,55,2,55,12.78,7.67,3,4.5,1,3,0.9494497607655502,0.5027430573974156
496,,after_candidate_limit,,1352,54,2,54,12.78,7.67,2.17,3.25,1,3,0.9507363636363636,0.5026997680663974
497,,after_candidate_limit,,1929,77,4,77,13.89,8.33,0.5,0.75,1,15,0.957577990430622,0.5025847503229753
498,,after_candidate_limit,,825,33,0,33,12.78,11.5,2.17,3.25,1,1,0.9456315789473684,0.5025833590108194
499,,after_candidate_limit,,2226,89,1,89,15,13.5,2.17,3.25,1,2,0.9511186602870814,0.5024980160963264
500,,after_candidate_limit,,2201,88,1,88,15,13.5,1.33,3.67,1,2,0.9511569377990431,0.5024323452253583
501,,after_candidate_limit,,2690,107,15,107,15,9,0.5,2,6,1,0.9174105263157895,0.5024256374619882
502,,after_candidate_limit,,877,35,2,35,12.78,3.83,0.5,0.75,1,3,0.9555665071770335,0.5022757456740573
503,,after_candidate_limit,,2007,80,7,80,13.89,8.33,1.33,2,2,3,0.9418081339712918,0.5022627688398106
504,,after_candidate_limit,,803,32,3,32,12.78,11.5,1.33,3.67,1,8,0.9518311004784689,0.5022518566936953
505,,after_candidate_limit,,1409,56,9,56,13.89,12.5,0.5,0.75,2,15,0.9481157894736842,0.5021378801703084
506,,after_candidate_limit,,1327,53,2,53,12.78,7.67,1.33,3.67,1,3,0.9520473684210526,0.5020048384589151
507,,after_candidate_limit,,927,37,2,37,12.78,3.83,0.5,2,1,3,0.9555851674641148,0.5019941223679311
508,,after_candidate_limit,,51,2,1,2,11.67,10.5,0.5,2,1,2,0.9521435406698565,0.5019340739535566
509,,after_candidate_limit,,778,31,3,31,12.78,11.5,1.33,2,1,8,0.9518368421052632,0.5018782145932458
510,,after_candidate_limit,,902,36,2,36,12.78,3.83,0.5,1.38,1,3,0.9555698564593301,0.5018218795210789
511,,after_candidate_limit,,1433,57,8,57,13.89,12.5,0.5,1.38,2,8,0.9462722488038278,0.5014042144160767
512,,after_candidate_limit,,851,34,1,34,12.78,11.5,3,4.5,1,2,0.9459272727272727,0.501380213781593
513,,after_candidate_limit,,1434,57,9,57,13.89,12.5,0.5,1.38,2,15,0.948100956937799,0.501343896936791
514,,after_candidate_limit,,1458,58,8,58,13.89,12.5,0.5,2,2,8,0.9462578947368421,0.5012935249964814
515,,after_candidate_limit,,1000,40,0,40,12.78,3.83,2.17,3.25,1,1,0.9508665071770335,0.5011679151397859
516,,after_candidate_limit,,2176,87,1,87,15,13.5,1.33,2,1,2,0.9516746411483253,0.5011536955757282
517,,after_candidate_limit,,1025,41,0,41,12.78,3.83,3,4.5,1,1,0.9495459330143541,0.5011331645417421
518,,after_candidate_limit,,2641,105,16,105,15,9,0.5,0.75,6,2,0.9202516746411483,0.5010930984710196
519,,after_candidate_limit,,200,8,0,8,11.67,3.5,0.5,1.38,1,1,0.9532966507177033,0.5010251691008778
520,,after_candidate_limit,,2032,81,7,81,13.89,8.33,1.33,3.67,2,3,0.9417133971291866,0.5007830255337529
521,,after_candidate_limit,,2286,91,11,91,15,4.5,0.5,0.75,3,2,0.9429478468899521,0.50072288173033
522,,after_candidate_limit,,527,21,2,21,11.67,7,0.5,0.75,1,3,0.9530162679425838,0.5006063513654372
523,,after_candidate_limit,,1459,58,9,58,13.89,12.5,0.5,2,2,15,0.9479622009569378,0.5005051976462306
524,,after_candidate_limit,,1806,72,6,72,13.89,6.25,0.5,2,2,2,0.9480722488038278,0.5004641361355031
525,,after_candidate_limit,,975,39,0,39,12.78,3.83,1.33,3.67,1,1,0.9521454545454545,0.5004573935329528
526,,after_candidate_limit,,2410,96,10,96,15,4.5,2.17,3.25,3,1,0.9361138755980861,0.5004521470162974
527,,after_candidate_limit,,2234,89,9,89,15,13.5,2.17,3.25,2,15,0.9453794258373206,0.5001021795553292
528,,after_candidate_limit,,2356,94,6,94,15,4.5,1.33,2,2,2,0.9473732057416268,0.5000440626027483
529,,after_candidate_limit,,2259,90,9,90,15,13.5,3,4.5,2,15,0.9449813397129186,0.5000024722076708
530,,after_candidate_limit,,2,0,2,0,11.67,10.5,0.5,0.75,1,3,0.9524861244019138,0.49998992578476215
531,,after_candidate_limit,,2381,95,6,95,15,4.5,1.33,3.67,2,2,0.9473918660287082,0.49986436019168196
532,,after_candidate_limit,,52,2,2,2,11.67,10.5,0.5,2,1,3,0.9525291866028708,0.4998569721307082
533,,after_candidate_limit,,2431,97,6,97,15,4.5,3,4.5,2,2,0.9463626794258373,0.4998224132746675
534,,after_candidate_limit,,1757,70,7,70,13.89,6.25,0.5,0.75,2,3,0.9478674641148326,0.4998135977283077
535,,after_candidate_limit,,27,1,2,1,11.67,10.5,0.5,1.38,1,3,0.9525655502392345,0.4997851055951247
536,,after_candidate_limit,,2406,96,6,96,15,4.5,2.17,3.25,2,2,0.9467282296650718,0.49976099697360465
537,,after_candidate_limit,,2157,86,7,86,15,13.5,0.5,2,2,3,0.9404459330143541,0.49974068653673703
538,,after_candidate_limit,,1581,63,6,63,13.89,4.17,0.5,0.75,2,2,0.9478712918660287,0.4997113383454331
539,,after_candidate_limit,,2458,98,8,98,15,6.75,0.5,0.75,2,8,0.9521564593301436,0.4996129418588098
540,,after_candidate_limit,,2132,85,7,85,15,13.5,0.5,1.38,2,3,0.9408622009569378,0.499559431025188
541,,after_candidate_limit,,1655,66,5,66,13.89,4.17,1.33,2,2,1,0.9420531100478469,0.49948920716044304
542,,after_candidate_limit,,2184,87,9,87,15,13.5,1.33,2,2,15,0.946101913875598,0.4994565818807947
543,,after_candidate_limit,,1407,56,7,56,13.89,12.5,0.5,0.75,2,3,0.9405186602870813,0.499402056684753
544,,after_candidate_limit,,2057,82,7,82,13.89,8.33,2.17,3.25,2,3,0.9399722488038278,0.4991510986417654
545,,after_candidate_limit,,2209,88,9,88,15,13.5,1.33,3.67,2,15,0.9459976076555023,0.49913400997687923
546,,after_candidate_limit,,2536,101,11,101,15,6.75,1.33,2,3,2,0.93621004784689,0.4989318040352959
547,,after_candidate_limit,,801,32,1,32,12.78,11.5,1.33,3.67,1,2,0.9485282296650718,0.4988080683722179
548,,after_candidate_limit,,2382,95,7,95,15,4.5,1.33,3.67,2,3,0.9472301435406698,0.49874411262198753
549,,after_candidate_limit,,2432,97,7,97,15,4.5,3,4.5,2,3,0.946200956937799,0.49868567337167546
550,,after_candidate_limit,,2532,101,7,101,15,6.75,1.33,2,2,3,0.9473674641148325,0.49865434152101823
551,,after_candidate_limit,,2407,96,7,96,15,4.5,2.17,3.25,2,3,0.9465655502392345,0.49861798820842046
552,,after_candidate_limit,,2634,105,9,105,15,9,0.5,0.75,2,15,0.9521291866028708,0.4985425259560789
553,,after_candidate_limit,,2357,94,7,94,15,4.5,1.33,2,2,3,0.9471956937799043,0.49851407078309784
554,,after_candidate_limit,,850,34,0,34,12.78,11.5,3,4.5,1,1,0.9439856459330144,0.49848065679350456
555,,after_candidate_limit,,2638,105,13,105,15,9,0.5,0.75,3,8,0.9426095693779905,0.49846878337566575
556,,after_candidate_limit,,2082,83,7,83,13.89,8.33,3,4.5,2,3,0.9377191387559809,0.4984606911563278
557,,after_candidate_limit,,2385,95,10,95,15,4.5,1.33,3.67,3,1,0.9364894736842105,0.4984522587341294
558,,after_candidate_limit,,1761,70,11,70,13.89,6.25,0.5,0.75,3,2,0.9369976076555024,0.4983578593813803
559,,after_candidate_limit,,2483,99,8,99,15,6.75,0.5,1.38,2,8,0.9521569377990431,0.49824734484886063
560,,after_candidate_limit,,2708,108,8,108,15,9,1.33,2,2,8,0.9471727272727273,0.4981682780133892
561,,after_candidate_limit,,800,32,0,32,12.78,11.5,1.33,3.67,1,1,0.9466851674641148,0.49781913355203056
562,,after_candidate_limit,,351,14,1,14,11.67,5.25,0.5,0.75,1,2,0.9530272727272727,0.4978057881717679
563,,after_candidate_limit,,2733,109,8,109,15,9,1.33,3.67,2,8,0.9470904306220096,0.49765233728188996
564,,after_candidate_limit,,53,2,3,2,11.67,10.5,0.5,2,1,8,0.9531818181818181,0.4976464493904968
565,,after_candidate_limit,,2508,100,8,100,15,6.75,0.5,2,2,8,0.9521626794258373,0.4976282096155658
566,,after_candidate_limit,,2783,111,8,111,15,9,3,4.5,2,8,0.9460478468899521,0.49758256558673586
567,,after_candidate_limit,,1228,49,3,49,12.78,7.67,0.5,0.75,1,8,0.9553593301435407,0.49757664059756634
568,,after_candidate_limit,,3,0,3,0,11.67,10.5,0.5,0.75,1,8,0.9532885167464115,0.49744708739896476
569,,after_candidate_limit,,2435,97,10,97,15,4.5,3,4.5,3,1,0.9374315789473684,0.4973568004338351
570,,after_candidate_limit,,2758,110,8,110,15,9,2.17,3.25,2,8,0.9464296650717703,0.4972838265453774
571,,after_candidate_limit,,2283,91,8,91,15,4.5,0.5,0.75,2,8,0.9521186602870814,0.4972684959569398
572,,after_candidate_limit,,2284,91,9,91,15,4.5,0.5,0.75,2,15,0.9521186602870814,0.4972684959569398
573,,after_candidate_limit,,2308,92,8,92,15,4.5,0.5,1.38,2,8,0.9521186602870814,0.4972684959569398
574,,after_candidate_limit,,2309,92,9,92,15,4.5,0.5,1.38,2,15,0.9521186602870814,0.4972684959569398
575,,after_candidate_limit,,2333,93,8,93,15,4.5,0.5,2,2,8,0.9521186602870814,0.4972684959569398
576,,after_candidate_limit,,2334,93,9,93,15,4.5,0.5,2,2,15,0.9521186602870814,0.4972684959569398
577,,after_candidate_limit,,2459,98,9,98,15,6.75,0.5,0.75,2,15,0.9521186602870814,0.4972684959569398
578,,after_candidate_limit,,2484,99,9,99,15,6.75,0.5,1.38,2,15,0.9521186602870814,0.4972684959569398
579,,after_candidate_limit,,2509,100,9,100,15,6.75,0.5,2,2,15,0.9521186602870814,0.4972684959569398
580,,after_candidate_limit,,1903,76,3,76,13.89,6.25,3,4.5,1,8,0.9538440191387559,0.4972095088568669
581,,after_candidate_limit,,1130,45,5,45,12.78,5.75,1.33,2,2,1,0.9346511961722488,0.49707714201522546
582,,after_candidate_limit,,1432,57,7,57,13.89,12.5,0.5,1.38,2,3,0.9401655502392344,0.4969640333640097
583,,after_candidate_limit,,2079,83,4,83,13.89,8.33,3,4.5,1,15,0.9538105263157894,0.4969353634754374
584,,after_candidate_limit,,1728,69,3,69,13.89,4.17,3,4.5,1,8,0.9538095693779904,0.4969265532402424
585,,after_candidate_limit,,1729,69,4,69,13.89,4.17,3,4.5,1,15,0.9538095693779904,0.4969265532402424
586,,after_candidate_limit,,1904,76,4,76,13.89,6.25,3,4.5,1,15,0.9538095693779904,0.4969265532402424
587,,after_candidate_limit,,225,9,0,9,11.67,3.5,0.5,2,1,1,0.9531430622009569,0.4969247317686582
588,,after_candidate_limit,,2582,103,7,103,15,6.75,2.17,3.25,2,3,0.9466995215311005,0.49689496898450985
589,,after_candidate_limit,,1910,76,10,76,13.89,6.25,3,4.5,3,1,0.9242397129186603,0.496888675737259
590,,after_candidate_limit,,2557,102,7,102,15,6.75,1.33,3.67,2,3,0.9473478468899521,0.4968027949341375
591,,after_candidate_limit,,1878,75,3,75,13.89,6.25,2.17,3.25,1,8,0.9540645933014354,0.49663942712468384
592,,after_candidate_limit,,2487,99,12,99,15,6.75,0.5,1.38,3,3,0.9427784688995215,0.4966245562594184
593,,after_candidate_limit,,2615,104,15,104,15,6.75,3,4.5,6,1,0.9151205741626794,0.4966125899755766
594,,after_candidate_limit,,2607,104,7,104,15,6.75,3,4.5,2,3,0.946322009569378,0.4965925074965615
595,,after_candidate_limit,,1408,56,8,56,13.89,12.5,0.5,0.75,2,8,0.9458521531100479,0.4965901028626054
596,,after_candidate_limit,,28,1,3,1,11.67,10.5,0.5,1.38,1,8,0.9530899521531101,0.4965866165023094
597,,after_candidate_limit,,1782,71,7,71,13.89,6.25,0.5,1.38,2,3,0.9478511961722488,0.4965775770957152
598,,after_candidate_limit,,2287,91,12,91,15,4.5,0.5,0.75,3,3,0.9425598086124402,0.49653684923706676
599,,after_candidate_limit,,2684,107,9,107,15,9,0.5,2,2,15,0.9521181818181819,0.4964436051996711
600,,after_candidate_limit,,2659,106,9,106,15,9,0.5,1.38,2,15,0.9521162679425837,0.4964422409057652
601,,after_candidate_limit,,777,31,2,31,12.78,11.5,1.33,2,1,3,0.9498133971291866,0.4964152472842113
602,,after_candidate_limit,,1853,74,3,74,13.89,6.25,1.33,3.67,1,8,0.9544344497607655,0.49641515477871967
603,,after_candidate_limit,,1828,73,3,73,13.89,6.25,1.33,2,1,8,0.9544306220095694,0.4963869923278911
604,,after_candidate_limit,,1703,68,3,68,13.89,4.17,2.17,3.25,1,8,0.954031100478469,0.4963641678995668
605,,after_candidate_limit,,1704,68,4,68,13.89,4.17,2.17,3.25,1,15,0.954031100478469,0.4963641678995668
606,,after_candidate_limit,,1879,75,4,75,13.89,6.25,2.17,3.25,1,15,0.954031100478469,0.4963641678995668
607,,after_candidate_limit,,2054,82,4,82,13.89,8.33,2.17,3.25,1,15,0.954031100478469,0.4963641678995668
608,,after_candidate_limit,,2311,92,11,92,15,4.5,0.5,1.38,3,2,0.9426928229665071,0.49630348613125047
609,,after_candidate_limit,,2108,84,8,84,15,13.5,0.5,0.75,2,8,0.9485416267942584,0.4962913545593512
610,,after_candidate_limit,,1610,64,10,64,13.89,4.17,0.5,1.38,3,1,0.9372516746411483,0.49628427341918957
611,,after_candidate_limit,,1807,72,7,72,13.89,6.25,0.5,2,2,3,0.9478334928229665,0.4962513349375793
612,,after_candidate_limit,,2565,102,15,102,15,6.75,1.33,3.67,6,1,0.9189028708133972,0.49618536339856206
613,,after_candidate_limit,,2029,81,4,81,13.89,8.33,1.33,3.67,1,15,0.9544028708133971,0.4961551012145883
614,,after_candidate_limit,,1653,66,3,66,13.89,4.17,1.33,2,1,8,0.9544019138755981,0.4961462133561758
615,,after_candidate_limit,,1654,66,4,66,13.89,4.17,1.33,2,1,15,0.9544019138755981,0.4961462133561758
616,,after_candidate_limit,,1678,67,3,67,13.89,4.17,1.33,3.67,1,8,0.9544019138755981,0.4961462133561758
617,,after_candidate_limit,,1679,67,4,67,13.89,4.17,1.33,3.67,1,15,0.9544019138755981,0.4961462133561758
618,,after_candidate_limit,,1829,73,4,73,13.89,6.25,1.33,2,1,15,0.9544019138755981,0.4961462133561758
619,,after_candidate_limit,,1854,74,4,74,13.89,6.25,1.33,3.67,1,15,0.9544019138755981,0.4961462133561758
620,,after_candidate_limit,,2004,80,4,80,13.89,8.33,1.33,2,1,15,0.9544019138755981,0.4961462133561758
621,,after_candidate_limit,,2540,101,15,101,15,6.75,1.33,2,6,1,0.9190090909090909,0.4960112191577425
622,,after_candidate_limit,,1606,64,6,64,13.89,4.17,0.5,1.38,2,2,0.9476803827751196,0.49595724582064377
623,,after_candidate_limit,,705,28,5,28,12.78,11.5,0.5,0.75,2,1,0.9346344497607656,0.49575467931743245
624,,after_candidate_limit,,2133,85,8,85,15,13.5,0.5,1.38,2,8,0.9484234449760766,0.49573212224979646
625,,after_candidate_limit,,1631,65,6,65,13.89,4.17,0.5,2,2,2,0.9476909090909091,0.49572244640303625
626,,after_candidate_limit,,827,33,2,33,12.78,11.5,2.17,3.25,1,3,0.9483732057416268,0.4956881512394266
627,,after_candidate_limit,,2336,93,11,93,15,4.5,0.5,2,3,2,0.9426803827751196,0.49562088847835695
628,,after_candidate_limit,,2663,106,13,106,15,9,0.5,1.38,3,8,0.9426095693779905,0.49550577472235147
629,,after_candidate_limit,,854,34,4,34,12.78,11.5,3,4.5,1,15,0.9489177033492823,0.49546681839816903
630,,after_candidate_limit,,1278,51,3,51,12.78,7.67,0.5,2,1,8,0.9552401913875598,0.4954666166733043
631,,after_candidate_limit,,1253,50,3,50,12.78,7.67,0.5,1.38,1,8,0.9552497607655502,0.4953994066377683
632,,after_candidate_limit,,2175,87,0,87,15,13.5,1.33,2,1,1,0.949065071770335,0.4953562224503407
633,,after_candidate_limit,,1582,63,7,63,13.89,4.17,0.5,0.75,2,3,0.9474746411483254,0.49514334248607855
634,,after_candidate_limit,,1933,77,8,77,13.89,8.33,0.5,0.75,2,8,0.9475138755980861,0.4950230423085133
635,,after_candidate_limit,,2158,86,8,86,15,13.5,0.5,2,2,8,0.9482244019138756,0.49499320855134593
636,,after_candidate_limit,,2250,90,0,90,15,13.5,3,4.5,1,1,0.9482851674641148,0.49493744618449187
637,,after_candidate_limit,,2590,103,15,103,15,6.75,2.17,3.25,6,1,0.9122913875598087,0.4947211752453547
638,,after_candidate_limit,,829,33,4,33,12.78,11.5,2.17,3.25,1,15,0.9502239234449761,0.494625337487876
639,,after_candidate_limit,,2107,84,7,84,15,13.5,0.5,0.75,2,3,0.9405043062200957,0.4945293338305904
640,,after_candidate_limit,,2200,88,0,88,15,13.5,1.33,3.67,1,1,0.9487196172248804,0.49440424284131607
641,,after_candidate_limit,,2586,103,11,103,15,6.75,2.17,3.25,3,2,0.9356196172248804,0.49437103255607456
642,,after_candidate_limit,,2225,89,0,89,15,13.5,2.17,3.25,1,1,0.9484526315789473,0.4943268708711603
643,,after_candidate_limit,,2337,93,12,93,15,4.5,0.5,2,3,3,0.9425191387559808,0.4942414664361878
644,,after_candidate_limit,,2312,92,12,92,15,4.5,0.5,1.38,3,3,0.9425014354066986,0.49423086553735673
645,,after_candidate_limit,,1632,65,7,65,13.89,4.17,0.5,2,2,3,0.9474880382775119,0.49416849449726286
646,,after_candidate_limit,,2512,100,12,100,15,6.75,0.5,2,3,3,0.9427234449760765,0.49410067727744966
647,,after_candidate_limit,,1431,57,6,57,13.89,12.5,0.5,1.38,2,2,0.9378133971291867,0.494078688464543
648,,after_candidate_limit,,1607,64,7,64,13.89,4.17,0.5,1.38,2,3,0.9474698564593301,0.49404011298319367
649,,after_candidate_limit,,1110,44,10,44,12.78,5.75,0.5,2,3,1,0.9322057416267943,0.4940054491021952
650,,after_candidate_limit,,2688,107,13,107,15,9,0.5,2,3,8,0.9425593301435407,0.49381656511604716
651,,after_candidate_limit,,804,32,4,32,12.78,11.5,1.33,3.67,1,15,0.9514755980861244,0.4938135850526495
652,,after_candidate_limit,,1475,59,0,59,13.89,12.5,1.33,2,1,1,0.9485885167464115,0.49374136134952656
653,,after_candidate_limit,,1962,78,12,78,13.89,8.33,0.5,1.38,3,3,0.936833014354067,0.4937342479783434
654,,after_candidate_limit,,779,31,4,31,12.78,11.5,1.33,2,1,15,0.951467942583732,0.4936832665034855
655,,after_candidate_limit,,1680,67,5,67,13.89,4.17,1.33,3.67,2,1,0.9418674641148326,0.4935788712088507
656,,after_candidate_limit,,1177,47,2,47,12.78,5.75,2.17,3.25,1,3,0.9501239234449761,0.49348638988792226
657,,after_candidate_limit,,1765,70,15,70,13.89,6.25,0.5,0.75,6,1,0.9148066985645933,0.49346414303244107
658,,after_candidate_limit,,1126,45,1,45,12.78,5.75,1.33,2,1,2,0.9516282296650718,0.49336971432445365
659,,after_candidate_limit,,852,34,2,34,12.78,11.5,3,4.5,1,3,0.9468727272727273,0.49335595489719014
660,,after_candidate_limit,,2114,84,14,84,15,13.5,0.5,0.75,3,15,0.9404133971291866,0.4932345410422445
661,,after_candidate_limit,,425,17,0,17,11.67,5.25,1.33,2,1,1,0.9474215311004784,0.49318736154766435
662,,after_candidate_limit,,2164,86,14,86,15,13.5,0.5,2,3,15,0.9408157894736842,0.49316021069797444
663,,after_candidate_limit,,1176,47,1,47,12.78,5.75,2.17,3.25,1,2,0.9503315789473684,0.4930165208013398
664,,after_candidate_limit,,2139,85,14,85,15,13.5,0.5,1.38,3,15,0.940888038277512,0.49294551545629933
665,,after_candidate_limit,,376,15,1,15,11.67,5.25,0.5,1.38,1,2,0.9528167464114833,0.49288801979268343
666,,after_candidate_limit,,802,32,2,32,12.78,11.5,1.33,3.67,1,3,0.9494583732057417,0.4928400069157476
667,,after_candidate_limit,,535,21,10,21,11.67,7,0.5,0.75,3,1,0.9275444976076554,0.4928368575563349
668,,after_candidate_limit,,1201,48,1,48,12.78,5.75,3,4.5,1,2,0.9489770334928229,0.4928344931325859
669,,after_candidate_limit,,1152,46,2,46,12.78,5.75,1.33,3.67,1,3,0.9513784688995215,0.4927823718564151
670,,after_candidate_limit,,2182,87,7,87,15,13.5,1.33,2,2,3,0.9364200956937799,0.49271823552451616
671,,after_candidate_limit,,1457,58,7,58,13.89,12.5,0.5,2,2,3,0.9397301435406699,0.492700728185629
672,,after_candidate_limit,,2611,104,11,104,15,6.75,3,4.5,3,2,0.9370028708133972,0.49268470239896967
673,,after_candidate_limit,,2666,106,16,106,15,9,0.5,1.38,6,2,0.9203971291866029,0.4925991091637525
674,,after_candidate_limit,,1151,46,1,46,12.78,5.75,1.33,3.67,1,2,0.9515956937799043,0.4925589299833595
675,,after_candidate_limit,,2561,102,11,102,15,6.75,1.33,3.67,3,2,0.9360019138755981,0.492550672634683
676,,after_candidate_limit,,1127,45,2,45,12.78,5.75,1.33,2,1,3,0.9514114832535885,0.4924398289734672
677,,after_candidate_limit,,1202,48,2,48,12.78,5.75,3,4.5,1,3,0.9487349282296651,0.49243390343952487
678,,after_candidate_limit,,905,36,5,36,12.78,3.83,0.5,1.38,2,1,0.9427985645933015,0.49235371343441514
679,,after_candidate_limit,,1937,77,12,77,13.89,8.33,0.5,0.75,3,3,0.9369947368421052,0.49230958744102493
680,,after_candidate_limit,,1705,68,5,68,13.89,4.17,2.17,3.25,2,1,0.9401311004784689,0.49225220685517046
681,,after_candidate_limit,,401,16,1,16,11.67,5.25,0.5,2,1,2,0.9528033492822966,0.49218546927885665
682,,after_candidate_limit,,1026,41,1,41,12.78,3.83,3,4.5,1,2,0.9487382775119617,0.4920893108316279
683,,after_candidate_limit,,1987,79,12,79,13.89,8.33,0.5,2,3,3,0.9367334928229665,0.49182542021931297
684,,after_candidate_limit,,1001,40,1,40,12.78,3.83,2.17,3.25,1,2,0.9500521531100479,0.4917839483646325
685,,after_candidate_limit,,1405,56,5,56,13.89,12.5,0.5,0.75,2,1,0.9355368421052631,0.49163489311399144
686,,after_candidate_limit,,976,39,1,39,12.78,3.83,1.33,3.67,1,2,0.9513311004784689,0.49150676233897866
687,,after_candidate_limit,,951,38,1,38,12.78,3.83,1.33,2,1,2,0.9513205741626795,0.4914149212722378
688,,after_candidate_limit,,552,22,2,22,11.67,7,0.5,1.38,1,3,0.952633014354067,0.4912085202736827
689,,after_candidate_limit,,450,18,0,18,11.67,5.25,1.33,3.67,1,1,0.9474411483253589,0.49117917504041614
690,,after_candidate_limit,,1053,42,3,42,12.78,5.75,0.5,0.75,1,8,0.9551425837320574,0.49113588114713463
691,,after_candidate_limit,,1730,69,5,69,13.89,4.17,3,4.5,2,1,0.9378688995215311,0.4911204750722781
692,,after_candidate_limit,,1103,44,3,44,12.78,5.75,0.5,2,1,8,0.9551507177033493,0.49110471594424654
693,,after_candidate_limit,,1078,43,3,43,12.78,5.75,0.5,1.38,1,8,0.9551488038277512,0.49108763402894123
694,,after_candidate_limit,,878,35,3,35,12.78,3.83,0.5,0.75,1,8,0.9551373205741627,0.4909825018216811
695,,after_candidate_limit,,879,35,4,35,12.78,3.83,0.5,0.75,1,15,0.9551373205741627,0.4909825018216811
696,,after_candidate_limit,,903,36,3,36,12.78,3.83,0.5,1.38,1,8,0.9551373205741627,0.4909825018216811
697,,after_candidate_limit,,904,36,4,36,12.78,3.83,0.5,1.38,1,15,0.9551373205741627,0.4909825018216811
698,,after_candidate_limit,,928,37,3,37,12.78,3.83,0.5,2,1,8,0.9551373205741627,0.4909825018216811
699,,after_candidate_limit,,929,37,4,37,12.78,3.83,0.5,2,1,15,0.9551373205741627,0.4909825018216811
700,,after_candidate_limit,,1054,42,4,42,12.78,5.75,0.5,0.75,1,15,0.9551373205741627,0.4909825018216811
701,,after_candidate_limit,,1079,43,4,43,12.78,5.75,0.5,1.38,1,15,0.9551373205741627,0.4909825018216811
702,,after_candidate_limit,,1104,44,4,44,12.78,5.75,0.5,2,1,15,0.9551373205741627,0.4909825018216811
703,,after_candidate_limit,,1229,49,4,49,12.78,7.67,0.5,0.75,1,15,0.9551373205741627,0.4909825018216811
704,,after_candidate_limit,,1254,50,4,50,12.78,7.67,0.5,1.38,1,15,0.9551373205741627,0.4909825018216811
705,,after_candidate_limit,,1279,51,4,51,12.78,7.67,0.5,2,1,15,0.9551373205741627,0.4909825018216811
706,,after_candidate_limit,,1232,49,7,49,12.78,7.67,0.5,0.75,2,3,0.9425732057416268,0.49097033083834335
707,,after_candidate_limit,,1635,65,10,65,13.89,4.17,0.5,2,3,1,0.9369674641148326,0.4908868771050752
708,,after_candidate_limit,,1958,78,8,78,13.89,8.33,0.5,1.38,2,8,0.9473205741626795,0.4907296787008699
709,,after_candidate_limit,,377,15,2,15,11.67,5.25,0.5,1.38,1,3,0.9525282296650718,0.4904634352635815
710,,after_candidate_limit,,1027,41,2,41,12.78,3.83,3,4.5,1,3,0.9485526315789473,0.4904522467011947
711,,after_candidate_limit,,1002,40,2,40,12.78,3.83,2.17,3.25,1,3,0.9498722488038277,0.4901266637651382
712,,after_candidate_limit,,176,7,1,7,11.67,3.5,0.5,0.75,1,2,0.9524583732057417,0.490121898580076
713,,after_candidate_limit,,1509,60,9,60,13.89,12.5,1.33,3.67,2,15,0.9411564593301436,0.49007068749853944
714,,after_candidate_limit,,380,15,5,15,11.67,5.25,0.5,1.38,2,1,0.9385851674641148,0.49002718366148046
715,,after_candidate_limit,,1484,59,9,59,13.89,12.5,1.33,2,2,15,0.9412899521531101,0.48990888841686586
716,,after_candidate_limit,,977,39,2,39,12.78,3.83,1.33,3.67,1,3,0.951155980861244,0.4899058931808967
717,,after_candidate_limit,,2691,107,16,107,15,9,0.5,2,6,2,0.9203736842105263,0.48987499024840797
718,,after_candidate_limit,,1483,59,8,59,13.89,12.5,1.33,2,2,8,0.9395373205741627,0.4898733152114211
719,,after_candidate_limit,,952,38,2,38,12.78,3.83,1.33,2,1,3,0.9511311004784689,0.48970913757212453
720,,after_candidate_limit,,352,14,2,14,11.67,5.25,0.5,0.75,1,3,0.9525205741626794,0.48969946293740174
721,,after_candidate_limit,,1056,42,6,42,12.78,5.75,0.5,0.75,2,2,0.9424435406698565,0.4896635802268282
722,,after_candidate_limit,,2608,104,8,104,15,6.75,3,4.5,2,8,0.9457148325358852,0.48940031100889775
723,,after_candidate_limit,,577,23,2,23,11.67,7,0.5,2,1,3,0.9525545454545454,0.4892630206744273
724,,after_candidate_limit,,2583,103,8,103,15,6.75,2.17,3.25,2,8,0.9460870813397129,0.4892068684899496
725,,after_candidate_limit,,402,16,2,16,11.67,5.25,0.5,2,1,3,0.9524564593301436,0.48906989825185637
726,,after_candidate_limit,,2433,97,8,97,15,4.5,3,4.5,2,8,0.9456698564593301,0.48904259203435424
727,,after_candidate_limit,,2434,97,9,97,15,4.5,3,4.5,2,15,0.9456698564593301,0.48904259203435424
728,,after_candidate_limit,,2609,104,9,104,15,6.75,3,4.5,2,15,0.9456698564593301,0.48904259203435424
729,,after_candidate_limit,,2784,111,9,111,15,9,3,4.5,2,15,0.9456794258373206,0.48897488119340704
730,,after_candidate_limit,,2558,102,8,102,15,6.75,1.33,3.67,2,8,0.9467401913875598,0.48897050523662366
731,,after_candidate_limit,,2533,101,8,101,15,6.75,1.33,2,2,8,0.9467382775119617,0.48895739850483266
732,,after_candidate_limit,,1508,60,8,60,13.89,12.5,1.33,3.67,2,8,0.9393612440191388,0.48893124755565953
733,,after_candidate_limit,,1831,73,6,73,13.89,6.25,1.33,2,2,2,0.9413564593301436,0.48892389623882127
734,,after_candidate_limit,,2408,96,8,96,15,4.5,2.17,3.25,2,8,0.9460430622009569,0.488853868078313
735,,after_candidate_limit,,2409,96,9,96,15,4.5,2.17,3.25,2,15,0.9460430622009569,0.488853868078313
736,,after_candidate_limit,,2584,103,9,103,15,6.75,2.17,3.25,2,15,0.9460430622009569,0.488853868078313
737,,after_candidate_limit,,2759,110,9,110,15,9,2.17,3.25,2,15,0.9460516746411484,0.48877830020264723
738,,after_candidate_limit,,2358,94,8,94,15,4.5,1.33,2,2,8,0.9466952153110048,0.48860810925286957
739,,after_candidate_limit,,2359,94,9,94,15,4.5,1.33,2,2,15,0.9466952153110048,0.48860810925286957
740,,after_candidate_limit,,2383,95,8,95,15,4.5,1.33,3.67,2,8,0.9466952153110048,0.48860810925286957
741,,after_candidate_limit,,2384,95,9,95,15,4.5,1.33,3.67,2,15,0.9466952153110048,0.48860810925286957
742,,after_candidate_limit,,2534,101,9,101,15,6.75,1.33,2,2,15,0.9466952153110048,0.48860810925286957
743,,after_candidate_limit,,2559,102,9,102,15,6.75,1.33,3.67,2,15,0.9466952153110048,0.48860810925286957
744,,after_candidate_limit,,1257,50,7,50,12.78,7.67,0.5,1.38,2,3,0.9424210526315789,0.488526588605153
745,,after_candidate_limit,,2734,109,9,109,15,9,1.33,3.67,2,15,0.9467028708133971,0.4885244042410516
746,,after_candidate_limit,,1940,77,15,77,13.89,8.33,0.5,0.75,6,1,0.912711004784689,0.48847236937534044
747,,after_candidate_limit,,2232,89,7,89,15,13.5,2.17,3.25,2,3,0.9355665071770335,0.48845200511181536
748,,after_candidate_limit,,3850,154,0,154,9.44,5.66,0.5,0.75,1,1,0.946932057416268,0.4884286766663205
749,,after_candidate_limit,,2257,90,7,90,15,13.5,3,4.5,2,3,0.935334928229665,0.48840450612324043
750,,after_candidate_limit,,1983,79,8,79,13.89,8.33,0.5,2,2,8,0.9472186602870813,0.48836670057873044
751,,after_candidate_limit,,885,35,10,35,12.78,3.83,0.5,0.75,3,1,0.9314784688995216,0.48825880411229683
752,,after_candidate_limit,,1534,61,9,61,13.89,12.5,2.17,3.25,2,15,0.9394062200956937,0.48825327810374813
753,,after_candidate_limit,,201,8,1,8,11.67,3.5,0.5,1.38,1,2,0.9523846889952153,0.4881763639006281
754,,after_candidate_limit,,226,9,1,9,11.67,3.5,0.5,2,1,2,0.952377033492823,0.4879256031472671
755,,after_candidate_limit,,2709,108,9,108,15,9,1.33,2,2,15,0.9466956937799043,0.48791237896797607
756,,after_candidate_limit,,1559,62,9,62,13.89,12.5,3,4.5,2,15,0.9371181818181819,0.4879089268095468
757,,after_candidate_limit,,475,19,0,19,11.67,5.25,2.17,3.25,1,1,0.9427301435406699,0.48734685473970224
758,,after_candidate_limit,,5,0,5,0,11.67,10.5,0.5,0.75,2,1,0.9329722488038278,0.48734606049181967
759,,after_candidate_limit,,1500,60,0,60,13.89,12.5,1.33,3.67,1,1,0.9481511961722489,0.48732780366055994
760,,after_candidate_limit,,2258,90,8,90,15,13.5,3,4.5,2,8,0.9418066985645933,0.4872474707611629
761,,after_candidate_limit,,1331,53,6,53,12.78,7.67,1.33,3.67,2,2,0.933911961722488,0.4872362627915163
762,,after_candidate_limit,,930,37,5,37,12.78,3.83,0.5,2,2,1,0.9425531100478469,0.48721242500912676
763,,after_candidate_limit,,1456,58,6,58,13.89,12.5,0.5,2,2,2,0.9374162679425837,0.48718703589021856
764,,after_candidate_limit,,1558,62,8,62,13.89,12.5,3,4.5,2,8,0.9353602870813397,0.48708122340318466
765,,after_candidate_limit,,1533,61,8,61,13.89,12.5,2.17,3.25,2,8,0.937656937799043,0.4870464260176306
766,,after_candidate_limit,,500,20,0,20,11.67,5.25,3,4.5,1,1,0.9404062200956937,0.4870058577793448
767,,after_candidate_limit,,2233,89,8,89,15,13.5,2.17,3.25,2,8,0.9421511961722489,0.48700075518378555
768,,after_candidate_limit,,1155,46,5,46,12.78,5.75,1.33,3.67,2,1,0.934490909090909,0.4869108403441602
769,,after_candidate_limit,,1525,61,0,61,13.89,12.5,2.17,3.25,1,1,0.9478124401913876,0.48685770917501764
770,,after_candidate_limit,,706,28,6,28,12.78,11.5,0.5,0.75,2,2,0.9374985645933014,0.4867486491399057
771,,after_candidate_limit,,177,7,2,7,11.67,3.5,0.5,0.75,1,3,0.9521545454545455,0.4863539190144664
772,,after_candidate_limit,,2207,88,7,88,15,13.5,1.33,3.67,2,3,0.9356564593301435,0.4863232571873774
773,,after_candidate_limit,,54,2,4,2,11.67,10.5,0.5,2,1,15,0.9519913875598086,0.48626976050539455
774,,after_candidate_limit,,2208,88,8,88,15,13.5,1.33,3.67,2,8,0.9426038277511962,0.4862057177537657
775,,after_candidate_limit,,1282,51,7,51,12.78,7.67,0.5,2,2,3,0.9423708133971291,0.4861702574458725
776,,after_candidate_limit,,227,9,2,9,11.67,3.5,0.5,2,1,3,0.9521588516746411,0.4860241475780744
777,,after_candidate_limit,,2183,87,8,87,15,13.5,1.33,2,2,8,0.942932057416268,0.48601276839587293
778,,after_candidate_limit,,2011,80,11,80,13.89,8.33,1.33,2,3,2,0.9286148325358852,0.4860063175266402
779,,after_candidate_limit,,1306,52,6,52,12.78,7.67,1.33,2,2,2,0.9338698564593302,0.4859867123316611
780,,after_candidate_limit,,1236,49,11,49,12.78,7.67,0.5,0.75,3,2,0.9314411483253588,0.48590133904848176
781,,after_candidate_limit,,202,8,2,8,11.67,3.5,0.5,1.38,1,3,0.9521425837320574,0.4858891246918123
782,,after_candidate_limit,,1856,74,6,74,13.89,6.25,1.33,3.67,2,2,0.9412918660287082,0.48575768512945244
783,,after_candidate_limit,,1790,71,15,71,13.89,6.25,0.5,1.38,6,1,0.9146277511961722,0.48547489585429443
784,,after_candidate_limit,,2036,81,11,81,13.89,8.33,1.33,3.67,3,2,0.928555023923445,0.48545276905778334
785,,after_candidate_limit,,2466,98,16,98,15,6.75,0.5,0.75,6,2,0.9202688995215311,0.4854161068908406
786,,after_candidate_limit,,601,24,1,24,11.67,7,1.33,2,1,2,0.946422966507177,0.48522192658550334
787,,after_candidate_limit,,2436,97,11,97,15,4.5,3,4.5,3,2,0.936511004784689,0.48521300401550993
788,,after_candidate_limit,,1832,73,7,73,13.89,6.25,1.33,2,2,3,0.941155980861244,0.48499870354721436
789,,after_candidate_limit,,1786,71,11,71,13.89,6.25,0.5,1.38,3,2,0.9365043062200957,0.48499404651926115
790,,after_candidate_limit,,1550,62,0,62,13.89,12.5,3,4.5,1,1,0.9473215311004785,0.484932644127995
791,,after_candidate_limit,,2106,84,6,84,15,13.5,0.5,0.75,2,2,0.9383511961722488,0.4848233081982256
792,,after_candidate_limit,,2411,96,11,96,15,4.5,2.17,3.25,3,2,0.9350488038277512,0.48481474740297226
793,,after_candidate_limit,,29,1,4,1,11.67,10.5,0.5,1.38,1,15,0.9520349282296651,0.4848030394518533
794,,after_candidate_limit,,1381,55,6,55,12.78,7.67,3,4.5,2,2,0.9280354066985645,0.48478797403234747
795,,after_candidate_limit,,1857,74,7,74,13.89,6.25,1.33,3.67,2,3,0.9411502392344497,0.4846745075476586
796,,after_candidate_limit,,2361,94,11,94,15,4.5,1.33,2,3,2,0.9354655502392345,0.4846173150922557
797,,after_candidate_limit,,2131,85,6,85,15,13.5,0.5,1.38,2,2,0.9384028708133971,0.4845874303459456
798,,after_candidate_limit,,2315,92,15,92,15,4.5,0.5,1.38,6,1,0.9206741626794258,0.4844700046769986
799,,after_candidate_limit,,1656,66,6,66,13.89,4.17,1.33,2,2,2,0.9410124401913875,0.48444373328411955
800,,after_candidate_limit,,2386,95,11,95,15,4.5,1.33,3.67,3,2,0.935490909090909,0.4844359851565683
801,,after_candidate_limit,,1681,67,6,67,13.89,4.17,1.33,3.67,2,2,0.9410191387559809,0.48432164912348796
802,,after_candidate_limit,,2437,97,12,97,15,4.5,3,4.5,3,3,0.9363751196172249,0.4842815619528167
803,,after_candidate_limit,,2463,98,13,98,15,6.75,0.5,0.75,3,8,0.9419732057416268,0.4841745743018467
804,,after_candidate_limit,,2412,96,12,96,15,4.5,2.17,3.25,3,3,0.9349100478468899,0.48386907067157786
805,,after_candidate_limit,,2061,82,11,82,13.89,8.33,2.17,3.25,3,2,0.9273732057416268,0.48380721384379016
806,,after_candidate_limit,,1378,55,3,55,12.78,7.67,3,4.5,1,8,0.9482133971291866,0.48379494088540576
807,,after_candidate_limit,,2086,83,11,83,13.89,8.33,3,4.5,3,2,0.9233870813397129,0.4837713260397373
808,,after_candidate_limit,,731,29,6,29,12.78,11.5,0.5,1.38,2,2,0.9377894736842105,0.48369059207169846
809,,after_candidate_limit,,1353,54,3,54,12.78,7.67,2.17,3.25,1,8,0.9495320574162679,0.48364180338269486
810,,after_candidate_limit,,2387,95,12,95,15,4.5,1.33,3.67,3,3,0.9353425837320574,0.48346194451642044
811,,after_candidate_limit,,2362,94,12,94,15,4.5,1.33,2,3,3,0.9353272727272727,0.48338491605067874
812,,after_candidate_limit,,1303,52,3,52,12.78,7.67,1.33,2,1,8,0.9507995215311005,0.4833573521616754
813,,after_candidate_limit,,1881,75,6,75,13.89,6.25,2.17,3.25,2,2,0.9395282296650718,0.4832532732540793
814,,after_candidate_limit,,1682,67,7,67,13.89,4.17,1.33,3.67,2,3,0.9408564593301435,0.4832149308208904
815,,after_candidate_limit,,1657,66,7,66,13.89,4.17,1.33,2,2,3,0.9408411483253588,0.4831226759789577
816,,after_candidate_limit,,1328,53,3,53,12.78,7.67,1.33,3.67,1,8,0.9507966507177034,0.48310940141905834
817,,after_candidate_limit,,1906,76,6,76,13.89,6.25,3,4.5,2,2,0.937300956937799,0.4830460737862344
818,,after_candidate_limit,,2537,101,12,101,15,6.75,1.33,2,3,3,0.9354856459330143,0.4829785592506492
819,,after_candidate_limit,,2587,103,12,103,15,6.75,2.17,3.25,3,3,0.9350593301435407,0.48284791503318597
820,,after_candidate_limit,,2488,99,13,99,15,6.75,0.5,1.38,3,8,0.9419736842105263,0.4828100861711457
821,,after_candidate_limit,,2788,111,13,111,15,9,3,4.5,3,8,0.9362708133971291,0.48280304481425096
822,,after_candidate_limit,,2713,108,13,108,15,9,1.33,2,3,8,0.9353344497607655,0.48274791039905807
823,,after_candidate_limit,,1907,76,7,76,13.89,6.25,3,4.5,2,3,0.9371698564593302,0.48272783124669855
824,,after_candidate_limit,,405,16,5,16,11.67,5.25,0.5,2,2,1,0.938477033492823,0.4827129120740625
825,,after_candidate_limit,,1882,75,7,75,13.89,6.25,2.17,3.25,2,3,0.9393971291866029,0.4826108570573239
826,,after_candidate_limit,,2612,104,12,104,15,6.75,3,4.5,3,3,0.9364980861244019,0.4825885775840645
827,,after_candidate_limit,,1180,47,5,47,12.78,5.75,2.17,3.25,2,1,0.9307349282296651,0.4825048525545573
828,,after_candidate_limit,,2562,102,12,102,15,6.75,1.33,3.67,3,3,0.935488995215311,0.48241394202985827
829,,after_candidate_limit,,4,0,4,0,11.67,10.5,0.5,0.75,1,15,0.9520373205741627,0.48239645522002245
830,,after_candidate_limit,,1758,70,8,70,13.89,6.25,0.5,0.75,2,8,0.9469248803827751,0.4823253067650105
831,,after_candidate_limit,,1356,54,6,54,12.78,7.67,2.17,3.25,2,2,0.9301684210526315,0.48231988143493276
832,,after_candidate_limit,,1706,68,6,68,13.89,4.17,2.17,3.25,2,2,0.9392622009569378,0.48228051871074434
833,,after_candidate_limit,,2763,110,13,110,15,9,2.17,3.25,3,8,0.9348258373205741,0.48227472852682657
834,,after_candidate_limit,,2189,87,14,87,15,13.5,1.33,2,3,15,0.9336746411483253,0.482226004625926
835,,after_candidate_limit,,2513,100,13,100,15,6.75,0.5,2,3,8,0.9419794258373205,0.4821924110860255
836,,after_candidate_limit,,2738,109,13,109,15,9,1.33,3.67,3,8,0.9352607655502392,0.4821631125185908
837,,after_candidate_limit,,1731,69,6,69,13.89,4.17,3,4.5,2,2,0.9370311004784689,0.48211367205277217
838,,after_candidate_limit,,2239,89,14,89,15,13.5,2.17,3.25,3,15,0.933054066985646,0.4821130866212263
839,,after_candidate_limit,,2264,90,14,90,15,13.5,3,4.5,3,15,0.9344521531100478,0.48203086911954973
840,,after_candidate_limit,,1815,72,15,72,13.89,6.25,0.5,2,6,1,0.9143555023923445,0.48190503889922764
841,,after_candidate_limit,,2288,91,13,91,15,4.5,0.5,0.75,3,8,0.9419382775119617,0.48184830940727397
842,,after_candidate_limit,,2289,91,14,91,15,4.5,0.5,0.75,3,15,0.9419382775119617,0.48184830940727397
843,,after_candidate_limit,,2313,92,13,92,15,4.5,0.5,1.38,3,8,0.9419382775119617,0.48184830940727397
844,,after_candidate_limit,,2314,92,14,92,15,4.5,0.5,1.38,3,15,0.9419382775119617,0.48184830940727397
845,,after_candidate_limit,,2338,93,13,93,15,4.5,0.5,2,3,8,0.9419382775119617,0.48184830940727397
846,,after_candidate_limit,,2339,93,14,93,15,4.5,0.5,2,3,15,0.9419382775119617,0.48184830940727397
847,,after_candidate_limit,,2464,98,14,98,15,6.75,0.5,0.75,3,15,0.9419382775119617,0.48184830940727397
848,,after_candidate_limit,,2489,99,14,99,15,6.75,0.5,1.38,3,15,0.9419382775119617,0.48184830940727397
849,,after_candidate_limit,,2514,100,14,100,15,6.75,0.5,2,3,15,0.9419382775119617,0.48184830940727397
850,,after_candidate_limit,,1261,50,11,50,12.78,7.67,0.5,1.38,3,2,0.9312373205741626,0.4818290801273675
851,,after_candidate_limit,,180,7,5,7,11.67,3.5,0.5,0.75,2,1,0.9377741626794258,0.4818258648349633
852,,after_candidate_limit,,2692,107,17,107,15,9,0.5,2,6,3,0.9200842105263158,0.4817777518481612
853,,after_candidate_limit,,758,30,8,30,12.78,11.5,0.5,2,2,8,0.9416287081339713,0.48169845117876453
854,,after_candidate_limit,,1808,72,8,72,13.89,6.25,0.5,2,2,8,0.9469349282296651,0.4816454043675692
855,,after_candidate_limit,,2639,105,14,105,15,9,0.5,0.75,3,15,0.9419401913875598,0.48164017532543846
856,,after_candidate_limit,,1783,71,8,71,13.89,6.25,0.5,1.38,2,8,0.9469282296650717,0.48159081873067594
857,,after_candidate_limit,,2214,88,14,88,15,13.5,1.33,3.67,3,15,0.9334277511961723,0.4815879866307926
858,,after_candidate_limit,,709,28,9,28,12.78,11.5,0.5,0.75,2,15,0.9418325358851675,0.48150454963616557
859,,after_candidate_limit,,1583,63,8,63,13.89,4.17,0.5,0.75,2,8,0.9469100478468899,0.48142759320575046
860,,after_candidate_limit,,1584,63,9,63,13.89,4.17,0.5,0.75,2,15,0.9469100478468899,0.48142759320575046
861,,after_candidate_limit,,1608,64,8,64,13.89,4.17,0.5,1.38,2,8,0.9469100478468899,0.48142759320575046
862,,after_candidate_limit,,1609,64,9,64,13.89,4.17,0.5,1.38,2,15,0.9469100478468899,0.48142759320575046
863,,after_candidate_limit,,1633,65,8,65,13.89,4.17,0.5,2,2,8,0.9469100478468899,0.48142759320575046
864,,after_candidate_limit,,1634,65,9,65,13.89,4.17,0.5,2,2,15,0.9469100478468899,0.48142759320575046
865,,after_candidate_limit,,1759,70,9,70,13.89,6.25,0.5,0.75,2,15,0.9469100478468899,0.48142759320575046
866,,after_candidate_limit,,1784,71,9,71,13.89,6.25,0.5,1.38,2,15,0.9469100478468899,0.48142759320575046
867,,after_candidate_limit,,1809,72,9,72,13.89,6.25,0.5,2,2,15,0.9469100478468899,0.48142759320575046
868,,after_candidate_limit,,1959,78,9,78,13.89,8.33,0.5,1.38,2,15,0.9469100478468899,0.48142759320575046
869,,after_candidate_limit,,1984,79,9,79,13.89,8.33,0.5,2,2,15,0.9469100478468899,0.48142759320575046
870,,after_candidate_limit,,1811,72,11,72,13.89,6.25,0.5,2,3,2,0.9363387559808612,0.48141032697929215
871,,after_candidate_limit,,1081,43,6,43,12.78,5.75,0.5,1.38,2,2,0.9422153110047847,0.4813813592683109
872,,after_candidate_limit,,1707,68,7,68,13.89,4.17,2.17,3.25,2,3,0.9391033492822967,0.48120773755366497
873,,after_candidate_limit,,733,29,8,29,12.78,11.5,0.5,1.38,2,8,0.9416703349282297,0.481016129407406
874,,after_candidate_limit,,1732,69,7,69,13.89,4.17,3,4.5,2,3,0.9368722488038278,0.4809992833782541
875,,after_candidate_limit,,2156,86,6,86,15,13.5,0.5,2,2,2,0.9379244019138756,0.4809372007216079
876,,after_candidate_limit,,626,25,1,25,11.67,7,1.33,3.67,1,2,0.946266985645933,0.4808660936313256
877,,after_candidate_limit,,2340,93,15,93,15,4.5,0.5,2,6,1,0.920444019138756,0.48082731213138213
878,,after_candidate_limit,,1286,51,11,51,12.78,7.67,0.5,2,3,2,0.9311846889952153,0.48075257447853337
879,,after_candidate_limit,,2689,107,14,107,15,9,0.5,2,3,15,0.9419291866028708,0.48075001256647
880,,after_candidate_limit,,1586,63,11,63,13.89,4.17,0.5,0.75,3,2,0.9361397129186603,0.4804308932305758
881,,after_candidate_limit,,1934,77,9,77,13.89,8.33,0.5,0.75,2,15,0.9468894736842105,0.48027180456276
882,,after_candidate_limit,,3875,155,0,155,9.44,5.66,0.5,1.38,1,1,0.9465153110047847,0.4802628224724847
883,,after_candidate_limit,,1205,48,5,48,12.78,5.75,3,4.5,2,1,0.9284736842105263,0.48019954449817565
884,,after_candidate_limit,,1414,56,14,56,13.89,12.5,0.5,0.75,3,15,0.936177990430622,0.480121257338154
885,,after_candidate_limit,,708,28,8,28,12.78,11.5,0.5,0.75,2,8,0.941566028708134,0.4800569851064955
886,,after_candidate_limit,,756,30,6,30,12.78,11.5,0.5,2,2,2,0.9372421052631579,0.4798550924979391
887,,after_candidate_limit,,1203,48,3,48,12.78,5.75,3,4.5,1,8,0.9481344497607656,0.47979100550227305
888,,after_candidate_limit,,2664,106,14,106,15,9,0.5,1.38,3,15,0.941911004784689,0.4797436185192389
889,,after_candidate_limit,,6,0,6,0,11.67,10.5,0.5,0.75,2,2,0.9359645933014354,0.479655400807813
890,,after_candidate_limit,,2491,99,16,99,15,6.75,0.5,1.38,6,2,0.9198827751196172,0.47958248058871966
891,,after_candidate_limit,,1028,41,3,41,12.78,3.83,3,4.5,1,8,0.9481095693779904,0.47957210807697115
892,,after_candidate_limit,,1029,41,4,41,12.78,3.83,3,4.5,1,15,0.9481095693779904,0.47957210807697115
893,,after_candidate_limit,,1204,48,4,48,12.78,5.75,3,4.5,1,15,0.9481095693779904,0.47957210807697115
894,,after_candidate_limit,,1379,55,4,55,12.78,7.67,3,4.5,1,15,0.9481095693779904,0.47957210807697115
895,,after_candidate_limit,,531,21,6,21,11.67,7,0.5,0.75,2,2,0.9376698564593301,0.47951513231842663
896,,after_candidate_limit,,881,35,6,35,12.78,3.83,0.5,0.75,2,2,0.9418511961722488,0.4794552826245877
897,,after_candidate_limit,,1439,57,14,57,13.89,12.5,0.5,1.38,3,15,0.9361444976076555,0.47941482269771424
898,,after_candidate_limit,,585,23,10,23,11.67,7,0.5,2,3,1,0.9272526315789473,0.4793781326801598
899,,after_candidate_limit,,1178,47,3,47,12.78,5.75,2.17,3.25,1,8,0.9494435406698565,0.4792616655168947
900,,after_candidate_limit,,651,26,1,26,11.67,7,2.17,3.25,1,2,0.9416287081339713,0.47921354013902323
901,,after_candidate_limit,,1003,40,3,40,12.78,3.83,2.17,3.25,1,8,0.9494244019138756,0.47909120003518585
902,,after_candidate_limit,,1004,40,4,40,12.78,3.83,2.17,3.25,1,15,0.9494244019138756,0.47909120003518585
903,,after_candidate_limit,,1179,47,4,47,12.78,5.75,2.17,3.25,1,15,0.9494244019138756,0.47909120003518585
904,,after_candidate_limit,,1354,54,4,54,12.78,7.67,2.17,3.25,1,15,0.9494244019138756,0.47909120003518585
905,,after_candidate_limit,,2667,106,17,106,15,9,0.5,1.38,6,3,0.9200593301435407,0.4790256837323732
906,,after_candidate_limit,,2642,105,17,105,15,9,0.5,0.75,6,3,0.9196698564593302,0.4789965785463618
907,,after_candidate_limit,,1082,43,7,43,12.78,5.75,0.5,1.38,2,3,0.9419296650717703,0.478974303956959
908,,after_candidate_limit,,1106,44,6,44,12.78,5.75,0.5,2,2,2,0.9421392344497608,0.47896254348983813
909,,after_candidate_limit,,1965,78,15,78,13.89,8.33,0.5,1.38,6,1,0.9117722488038278,0.4789515446697787
910,,after_candidate_limit,,560,22,10,22,11.67,7,0.5,1.38,3,1,0.9272248803827752,0.4788501342853566
911,,after_candidate_limit,,1762,70,12,70,13.89,6.25,0.5,0.75,3,3,0.936067942583732,0.4788036414170208
912,,after_candidate_limit,,1153,46,3,46,12.78,5.75,1.33,3.67,1,8,0.9507052631578947,0.4787171798121195
913,,after_candidate_limit,,1128,45,3,45,12.78,5.75,1.33,2,1,8,0.9506985645933015,0.478660617394362
914,,after_candidate_limit,,1464,58,14,58,13.89,12.5,0.5,2,3,15,0.9360258373205742,0.4786047076957704
915,,after_candidate_limit,,953,38,3,38,12.78,3.83,1.33,2,1,8,0.9506861244019139,0.47854758054490115
916,,after_candidate_limit,,954,38,4,38,12.78,3.83,1.33,2,1,15,0.9506861244019139,0.47854758054490115
917,,after_candidate_limit,,978,39,3,39,12.78,3.83,1.33,3.67,1,8,0.9506861244019139,0.47854758054490115
918,,after_candidate_limit,,979,39,4,39,12.78,3.83,1.33,3.67,1,15,0.9506861244019139,0.47854758054490115
919,,after_candidate_limit,,1129,45,4,45,12.78,5.75,1.33,2,1,15,0.9506861244019139,0.47854758054490115
920,,after_candidate_limit,,1154,46,4,46,12.78,5.75,1.33,3.67,1,15,0.9506861244019139,0.47854758054490115
921,,after_candidate_limit,,1304,52,4,52,12.78,7.67,1.33,2,1,15,0.9506861244019139,0.47854758054490115
922,,after_candidate_limit,,1329,53,4,53,12.78,7.67,1.33,3.67,1,15,0.9506861244019139,0.47854758054490115
923,,after_candidate_limit,,1107,44,7,44,12.78,5.75,0.5,2,2,3,0.9419277511961722,0.47848841581148377
924,,after_candidate_limit,,1057,42,7,42,12.78,5.75,0.5,0.75,2,3,0.9419296650717703,0.47827450690760376
925,,after_candidate_limit,,2008,80,8,80,13.89,8.33,1.33,2,2,8,0.9406071770334928,0.4781271804413182
926,,after_candidate_limit,,360,14,10,14,11.67,5.25,0.5,0.75,3,1,0.9267224880382775,0.47771265487508036
927,,after_candidate_limit,,528,21,3,21,11.67,7,0.5,0.75,1,8,0.9517464114832536,0.47745788731572
928,,after_candidate_limit,,1787,71,12,71,13.89,6.25,0.5,1.38,3,3,0.9361358851674642,0.4773824205303647
929,,after_candidate_limit,,2033,81,8,81,13.89,8.33,1.33,3.67,2,8,0.9405928229665071,0.47723640903821263
930,,after_candidate_limit,,1812,72,12,72,13.89,6.25,0.5,2,3,3,0.9361258373205742,0.4771006586947755
931,,after_candidate_limit,,2715,108,15,108,15,9,1.33,2,6,1,0.9148306220095693,0.4768028254824737
932,,after_candidate_limit,,103,4,3,4,11.67,10.5,1.33,3.67,1,8,0.9460760765550239,0.4767681195886904
933,,after_candidate_limit,,906,36,6,36,12.78,3.83,0.5,1.38,2,2,0.9417349282296651,0.4767532247124249
934,,after_candidate_limit,,1438,57,13,57,13.89,12.5,0.5,1.38,3,8,0.9335808612440192,0.476727851175195
935,,after_candidate_limit,,1611,64,11,64,13.89,4.17,0.5,1.38,3,2,0.9359464114832536,0.47670197444257717
936,,after_candidate_limit,,707,28,7,28,12.78,11.5,0.5,0.75,2,3,0.9388918660287081,0.4766442510605166
937,,after_candidate_limit,,1463,58,13,58,13.89,12.5,0.5,2,3,8,0.9334822966507177,0.47655340997783635
938,,after_candidate_limit,,931,37,6,37,12.78,3.83,0.5,2,2,2,0.9417411483253588,0.47653802752664287
939,,after_candidate_limit,,1636,65,11,65,13.89,4.17,0.5,2,3,2,0.9359473684210526,0.4764064931118393
940,,after_candidate_limit,,2083,83,8,83,13.89,8.33,3,4.5,2,8,0.9366583732057416,0.47628063985336794
941,,after_candidate_limit,,1587,63,12,63,13.89,4.17,0.5,0.75,3,3,0.9357818181818182,0.4762458495298069
942,,after_candidate_limit,,2058,82,8,82,13.89,8.33,2.17,3.25,2,8,0.9388655502392345,0.4758883000786145
943,,after_candidate_limit,,759,30,9,30,12.78,11.5,0.5,2,2,15,0.9416086124401913,0.4757620901682382
944,,after_candidate_limit,,734,29,9,29,12.78,11.5,0.5,1.38,2,15,0.9416296650717704,0.4756722981536547
945,,after_candidate_limit,,882,35,7,35,12.78,3.83,0.5,0.75,2,3,0.9415248803827752,0.4756318193933131
946,,after_candidate_limit,,553,22,3,22,11.67,7,0.5,1.38,1,8,0.9517468899521531,0.4756018583394624
947,,after_candidate_limit,,578,23,3,23,11.67,7,0.5,2,1,8,0.9517483253588517,0.47550695393811443
948,,after_candidate_limit,,676,27,1,27,11.67,7,3,4.5,1,2,0.939233014354067,0.47547111788078406
949,,after_candidate_limit,,1430,57,5,57,13.89,12.5,0.5,1.38,2,1,0.9328851674641149,0.475249405663794
950,,after_candidate_limit,,1637,65,12,65,13.89,4.17,0.5,2,3,3,0.9357885167464115,0.4752191575162776
951,,after_candidate_limit,,2516,100,16,100,15,6.75,0.5,2,6,2,0.9197502392344498,0.47518504619386237
952,,after_candidate_limit,,932,37,7,37,12.78,3.83,0.5,2,2,3,0.941533971291866,0.4751733128417273
953,,after_candidate_limit,,1612,64,12,64,13.89,4.17,0.5,1.38,3,3,0.9357751196172249,0.47514017859043434
954,,after_candidate_limit,,907,36,7,36,12.78,3.83,0.5,1.38,2,3,0.9415272727272728,0.4751294971436907
955,,after_candidate_limit,,1360,54,10,54,12.78,7.67,2.17,3.25,3,1,0.9181842105263158,0.47509058065428544
956,,after_candidate_limit,,75,3,0,3,11.67,10.5,1.33,2,1,1,0.9443311004784689,0.4749811271604755
957,,after_candidate_limit,,3675,147,0,147,9.44,4.25,0.5,0.75,1,1,0.9459234449760765,0.47461068923600463
958,,after_candidate_limit,,1310,52,10,52,12.78,7.67,1.33,2,3,1,0.922955023923445,0.4746103740131653
959,,after_candidate_limit,,730,29,5,29,12.78,11.5,0.5,1.38,2,1,0.9328181818181818,0.4745613076519299
960,,after_candidate_limit,,403,16,3,16,11.67,5.25,0.5,2,1,8,0.9517119617224881,0.47454972190880257
961,,after_candidate_limit,,353,14,3,14,11.67,5.25,0.5,0.75,1,8,0.95171004784689,0.47453171982261116
962,,after_candidate_limit,,378,15,3,15,11.67,5.25,0.5,1.38,1,8,0.95171004784689,0.47453171982261116
963,,after_candidate_limit,,178,7,3,7,11.67,3.5,0.5,0.75,1,8,0.951709090909091,0.4745225958966656
964,,after_candidate_limit,,179,7,4,7,11.67,3.5,0.5,0.75,1,15,0.951709090909091,0.4745225958966656
965,,after_candidate_limit,,203,8,3,8,11.67,3.5,0.5,1.38,1,8,0.951709090909091,0.4745225958966656
966,,after_candidate_limit,,204,8,4,8,11.67,3.5,0.5,1.38,1,15,0.951709090909091,0.4745225958966656
967,,after_candidate_limit,,228,9,3,9,11.67,3.5,0.5,2,1,8,0.951709090909091,0.4745225958966656
968,,after_candidate_limit,,229,9,4,9,11.67,3.5,0.5,2,1,15,0.951709090909091,0.4745225958966656
969,,after_candidate_limit,,354,14,4,14,11.67,5.25,0.5,0.75,1,15,0.951709090909091,0.4745225958966656
970,,after_candidate_limit,,379,15,4,15,11.67,5.25,0.5,1.38,1,15,0.951709090909091,0.4745225958966656
971,,after_candidate_limit,,404,16,4,16,11.67,5.25,0.5,2,1,15,0.951709090909091,0.4745225958966656
972,,after_candidate_limit,,529,21,4,21,11.67,7,0.5,0.75,1,15,0.951709090909091,0.4745225958966656
973,,after_candidate_limit,,554,22,4,22,11.67,7,0.5,1.38,1,15,0.951709090909091,0.4745225958966656
974,,after_candidate_limit,,579,23,4,23,11.67,7,0.5,2,1,15,0.951709090909091,0.4745225958966656
975,,after_candidate_limit,,78,3,3,3,11.67,10.5,1.33,2,1,8,0.9460368421052632,0.4744048059132
976,,after_candidate_limit,,250,10,0,10,11.67,3.5,1.33,2,1,1,0.9460765550239234,0.4743521624721888
977,,after_candidate_limit,,1938,77,13,77,13.89,8.33,0.5,0.75,3,8,0.9357162679425838,0.474101044621045
978,,after_candidate_limit,,30,1,5,1,11.67,10.5,0.5,1.38,2,1,0.9321799043062201,0.47404907934826623
979,,after_candidate_limit,,630,25,5,25,11.67,7,1.33,3.67,2,1,0.9254741626794258,0.4739972950998244
980,,after_candidate_limit,,556,22,6,22,11.67,7,0.5,1.38,2,2,0.9373373205741626,0.4739588101289562
981,,after_candidate_limit,,2113,84,13,84,15,13.5,0.5,0.75,3,8,0.9356507177033493,0.47382800694813143
982,,after_candidate_limit,,605,24,5,24,11.67,7,1.33,2,2,1,0.9255095693779904,0.47363856742394694
983,,after_candidate_limit,,581,23,6,23,11.67,7,0.5,2,2,2,0.9371976076555024,0.4735598487848535
984,,after_candidate_limit,,2181,87,6,87,15,13.5,1.33,2,2,2,0.9344717703349282,0.47351980698543267
985,,after_candidate_limit,,153,6,3,6,11.67,10.5,3,4.5,1,8,0.9391124401913875,0.47338529347935054
986,,after_candidate_limit,,2012,80,12,80,13.89,8.33,1.33,2,3,3,0.9277961722488038,0.473267897942226
987,,after_candidate_limit,,3900,156,0,156,9.44,5.66,0.5,2,1,1,0.9463325358851674,0.47320111459541575
988,,after_candidate_limit,,128,5,3,5,11.67,10.5,2.17,3.25,1,8,0.9414071770334929,0.4731616708909901
989,,after_candidate_limit,,1990,79,15,79,13.89,8.33,0.5,2,6,1,0.910711004784689,0.4731426097047364
990,,after_candidate_limit,,275,11,0,11,11.67,3.5,1.33,3.67,1,1,0.9460354066985646,0.47284004805339624
991,,after_candidate_limit,,31,1,6,1,11.67,10.5,0.5,1.38,2,2,0.9358019138755981,0.4724223579486817
992,,after_candidate_limit,,1413,56,13,56,13.89,12.5,0.5,0.75,3,8,0.933101913875598,0.4722789238741768
993,,after_candidate_limit,,2613,104,13,104,15,6.75,3,4.5,3,8,0.9358430622009569,0.4722771782616261
994,,after_candidate_limit,,2138,85,13,85,15,13.5,0.5,1.38,3,8,0.9355306220095694,0.472239652763802
995,,after_candidate_limit,,2438,97,13,97,15,4.5,3,4.5,3,8,0.9358019138755981,0.4719315829521863
996,,after_candidate_limit,,2439,97,14,97,15,4.5,3,4.5,3,15,0.9358019138755981,0.4719315829521863
997,,after_candidate_limit,,2614,104,14,104,15,6.75,3,4.5,3,15,0.9358019138755981,0.4719315829521863
998,,after_candidate_limit,,2740,109,15,109,15,9,1.33,3.67,6,1,0.9145267942583732,0.4718928247668968
999,,after_candidate_limit,,2789,111,14,111,15,9,3,4.5,3,15,0.9358114832535885,0.47186868615127264
1000,,after_candidate_limit,,1482,59,7,59,13.89,12.5,1.33,2,2,3,0.9340038277511962,0.47169840464598983
1001,,after_candidate_limit,,2163,86,13,86,15,13.5,0.5,2,3,8,0.9351822966507177,0.4716824421613391
1002,,after_candidate_limit,,77,3,2,3,11.67,10.5,1.33,2,1,3,0.9454411483253589,0.47160426106367037
1003,,after_candidate_limit,,1481,59,6,59,13.89,12.5,1.33,2,2,2,0.9322172248803827,0.47159833504162385
1004,,after_candidate_limit,,2790,111,15,111,15,9,3,4.5,6,1,0.910821052631579,0.47154541409115214
1005,,after_candidate_limit,,732,29,7,29,12.78,11.5,0.5,1.38,2,3,0.9389741626794258,0.4715030952485492
1006,,after_candidate_limit,,2037,81,12,81,13.89,8.33,1.33,3.67,3,3,0.9276631578947369,0.471478519188792
1007,,after_candidate_limit,,910,36,10,36,12.78,3.83,0.5,1.38,3,1,0.9307818181818182,0.4714086188938809
1008,,after_candidate_limit,,2588,103,13,103,15,6.75,2.17,3.25,3,8,0.9343531100478469,0.4713946017293109
1009,,after_candidate_limit,,1660,66,10,66,13.89,4.17,1.33,2,3,1,0.9279660287081339,0.47128881952669816
1010,,after_candidate_limit,,2765,110,15,110,15,9,2.17,3.25,6,1,0.9081081339712919,0.47117745458295146
1011,,after_candidate_limit,,102,4,2,4,11.67,10.5,1.33,3.67,1,3,0.9453746411483254,0.4711593495525032
1012,,after_candidate_limit,,2231,89,6,89,15,13.5,2.17,3.25,2,2,0.9338411483253588,0.47105275647494305
1013,,after_candidate_limit,,2413,96,13,96,15,4.5,2.17,3.25,3,8,0.934311004784689,0.47103947482779546
1014,,after_candidate_limit,,2414,96,14,96,15,4.5,2.17,3.25,3,15,0.934311004784689,0.47103947482779546
1015,,after_candidate_limit,,2589,103,14,103,15,6.75,2.17,3.25,3,15,0.934311004784689,0.47103947482779546
1016,,after_candidate_limit,,2764,110,14,110,15,9,2.17,3.25,3,15,0.9343177033492823,0.4709496297567453
1017,,after_candidate_limit,,2062,82,12,82,13.89,8.33,2.17,3.25,3,3,0.926533014354067,0.47094745872235566
1018,,after_candidate_limit,,100,4,0,4,11.67,10.5,1.33,3.67,1,1,0.9438631578947368,0.47084581205811793
1019,,after_candidate_limit,,2563,102,13,102,15,6.75,1.33,3.67,3,8,0.9347693779904306,0.4708006699787065
1020,,after_candidate_limit,,2538,101,13,101,15,6.75,1.33,2,3,8,0.9347674641148326,0.47078697974058725
1021,,after_candidate_limit,,1385,55,10,55,12.78,7.67,3,4.5,3,1,0.9133325358851675,0.4707572421605868
1022,,after_candidate_limit,,2256,90,6,90,15,13.5,3,4.5,2,2,0.9333483253588517,0.4705934225823809
1023,,after_candidate_limit,,1858,74,8,74,13.89,6.25,1.33,3.67,2,8,0.940288038277512,0.4705226006000673
1024,,after_candidate_limit,,150,6,0,6,11.67,10.5,3,4.5,1,1,0.9368387559808612,0.47048892710474605
1025,,after_candidate_limit,,1833,73,8,73,13.89,6.25,1.33,2,2,8,0.9402832535885167,0.47048503718686874
1026,,after_candidate_limit,,2363,94,13,94,15,4.5,1.33,2,3,8,0.9347253588516746,0.470433764728588
1027,,after_candidate_limit,,2364,94,14,94,15,4.5,1.33,2,3,15,0.9347253588516746,0.470433764728588
1028,,after_candidate_limit,,2388,95,13,95,15,4.5,1.33,3.67,3,8,0.9347253588516746,0.470433764728588
1029,,after_candidate_limit,,2389,95,14,95,15,4.5,1.33,3.67,3,15,0.9347253588516746,0.470433764728588
1030,,after_candidate_limit,,2539,101,14,101,15,6.75,1.33,2,3,15,0.9347253588516746,0.470433764728588
1031,,after_candidate_limit,,2564,102,14,102,15,6.75,1.33,3.67,3,15,0.9347253588516746,0.470433764728588
1032,,after_candidate_limit,,2739,109,14,109,15,9,1.33,3.67,3,15,0.9347291866028709,0.47031693702722643
1033,,after_candidate_limit,,2034,81,9,81,13.89,8.33,1.33,3.67,2,15,0.9402622009569378,0.4702995435561866
1034,,after_candidate_limit,,1658,66,8,66,13.89,4.17,1.33,2,2,8,0.9402612440191388,0.47029024163876304
1035,,after_candidate_limit,,1659,66,9,66,13.89,4.17,1.33,2,2,15,0.9402612440191388,0.47029024163876304
1036,,after_candidate_limit,,1683,67,8,67,13.89,4.17,1.33,3.67,2,8,0.9402612440191388,0.47029024163876304
1037,,after_candidate_limit,,1684,67,9,67,13.89,4.17,1.33,3.67,2,15,0.9402612440191388,0.47029024163876304
1038,,after_candidate_limit,,1834,73,9,73,13.89,6.25,1.33,2,2,15,0.9402612440191388,0.47029024163876304
1039,,after_candidate_limit,,1859,74,9,74,13.89,6.25,1.33,3.67,2,15,0.9402612440191388,0.47029024163876304
1040,,after_candidate_limit,,2009,80,9,80,13.89,8.33,1.33,2,2,15,0.9402612440191388,0.47029024163876304
1041,,after_candidate_limit,,125,5,0,5,11.67,10.5,2.17,3.25,1,1,0.9393014354066985,0.4697750946760027
1042,,after_candidate_limit,,955,38,5,38,12.78,3.83,1.33,2,2,1,0.933067942583732,0.46972776084228535
1043,,after_candidate_limit,,2087,83,12,83,13.89,8.33,3,4.5,3,3,0.9224909090909091,0.46963758432597524
1044,,after_candidate_limit,,2206,88,6,88,15,13.5,1.33,3.67,2,2,0.9339023923444976,0.46961460317196757
1045,,after_candidate_limit,,426,17,1,17,11.67,5.25,1.33,2,1,2,0.945733971291866,0.46961244906886623
1046,,after_candidate_limit,,300,12,0,12,11.67,3.5,2.17,3.25,1,1,0.9413593301435407,0.4695592351168109
1047,,after_candidate_limit,,451,18,1,18,11.67,5.25,1.33,3.67,1,2,0.9456923444976076,0.4694231812954244
1048,,after_candidate_limit,,1335,53,10,53,12.78,7.67,1.33,3.67,3,1,0.9226722488038277,0.46938333596526793
1049,,after_candidate_limit,,2714,108,14,108,15,9,1.33,2,3,15,0.9347162679425838,0.4693349921938097
1050,,after_candidate_limit,,1963,78,13,78,13.89,8.33,0.5,1.38,3,8,0.9354354066985646,0.46927982485597947
1051,,after_candidate_limit,,76,3,1,3,11.67,10.5,1.33,2,1,2,0.9451406698564593,0.46923116760821876
1052,,after_candidate_limit,,1307,52,7,52,12.78,7.67,1.33,2,2,3,0.9328947368421052,0.4690797827705121
1053,,after_candidate_limit,,1237,49,12,49,12.78,7.67,0.5,0.75,3,3,0.9304172248803828,0.4688893357379309
1054,,after_candidate_limit,,1061,42,11,42,12.78,5.75,0.5,0.75,3,2,0.9304626794258373,0.4688787196018915
1055,,after_candidate_limit,,1883,75,8,75,13.89,6.25,2.17,3.25,2,8,0.9385636363636364,0.4688404770228756
1056,,after_candidate_limit,,4075,163,0,163,9.44,8.5,0.5,2,1,1,0.9468019138755981,0.4688396712765889
1057,,after_candidate_limit,,1908,76,8,76,13.89,6.25,3,4.5,2,8,0.9363459330143541,0.4688264329753999
1058,,after_candidate_limit,,1708,68,8,68,13.89,4.17,2.17,3.25,2,8,0.938533014354067,0.46857689536787356
1059,,after_candidate_limit,,1709,68,9,68,13.89,4.17,2.17,3.25,2,15,0.938533014354067,0.46857689536787356
1060,,after_candidate_limit,,1884,75,9,75,13.89,6.25,2.17,3.25,2,15,0.938533014354067,0.46857689536787356
1061,,after_candidate_limit,,2059,82,9,82,13.89,8.33,2.17,3.25,2,15,0.938533014354067,0.46857689536787356
1062,,after_candidate_limit,,2084,83,9,83,13.89,8.33,3,4.5,2,15,0.9363153110047847,0.46856176291917223
1063,,after_candidate_limit,,1733,69,8,69,13.89,4.17,3,4.5,2,8,0.9363143540669856,0.46855254753121306
1064,,after_candidate_limit,,1734,69,9,69,13.89,4.17,3,4.5,2,15,0.9363143540669856,0.46855254753121306
1065,,after_candidate_limit,,1909,76,9,76,13.89,6.25,3,4.5,2,15,0.9363143540669856,0.46855254753121306
1066,,after_candidate_limit,,2467,98,17,98,15,6.75,0.5,0.75,6,3,0.9192320574162679,0.46854750876059215
1067,,after_candidate_limit,,325,13,0,13,11.67,3.5,3,4.5,1,1,0.9390287081339713,0.46822092128813503
1068,,after_candidate_limit,,1283,51,8,51,12.78,7.67,0.5,2,2,8,0.9411162679425837,0.4681911265937375
1069,,after_candidate_limit,,127,5,2,5,11.67,10.5,2.17,3.25,1,3,0.9406913875598086,0.46818747309854614
1070,,after_candidate_limit,,1332,53,7,53,12.78,7.67,1.33,3.67,2,3,0.9329813397129186,0.46808375271756925
1071,,after_candidate_limit,,1233,49,8,49,12.78,7.67,0.5,0.75,2,8,0.9411282296650718,0.4680635038256544
1072,,after_candidate_limit,,7,0,7,0,11.67,10.5,0.5,0.75,2,3,0.9362641148325359,0.46804336268148183
1073,,after_candidate_limit,,1590,63,15,63,13.89,4.17,0.5,0.75,6,1,0.9134741626794258,0.4679716110217422
1074,,after_candidate_limit,,1258,50,8,50,12.78,7.67,0.5,1.38,2,8,0.9410971291866028,0.4677099967146793
1075,,after_candidate_limit,,2112,84,12,84,15,13.5,0.5,0.75,3,3,0.9210267942583732,0.46768772702447053
1076,,after_candidate_limit,,3345,133,20,133,5,4.5,0.5,0.75,20,1,0.8153354066985646,0.4674921766114018
1077,,after_candidate_limit,,55,2,5,2,11.67,10.5,0.5,2,2,1,0.9315502392344498,0.4674048524339891
1078,,after_candidate_limit,,755,30,5,30,12.78,11.5,0.5,2,2,1,0.9314583732057417,0.46733405614169576
1079,,after_candidate_limit,,152,6,2,6,11.67,10.5,3,4.5,1,3,0.9382803827751196,0.46728826806100526
1080,,after_candidate_limit,,980,39,5,39,12.78,3.83,1.33,3.67,2,1,0.933021052631579,0.46711727301249123
1081,,after_candidate_limit,,1988,79,13,79,13.89,8.33,0.5,2,3,8,0.9353411483253589,0.46709163535705633
1082,,after_candidate_limit,,427,17,2,17,11.67,5.25,1.33,2,1,3,0.9454387559808612,0.46698557169144017
1083,,after_candidate_limit,,1262,50,12,50,12.78,7.67,0.5,1.38,3,3,0.9303311004784689,0.4669103184673008
1084,,after_candidate_limit,,602,24,2,24,11.67,7,1.33,2,1,3,0.9455133971291866,0.4668553734446067
1085,,after_candidate_limit,,205,8,5,8,11.67,3.5,0.5,1.38,2,1,0.9371052631578948,0.46668403573193984
1086,,after_candidate_limit,,56,2,6,2,11.67,10.5,0.5,2,2,2,0.9354880382775119,0.4666441862043936
1087,,after_candidate_limit,,757,30,7,30,12.78,11.5,0.5,2,2,3,0.9386555023923445,0.4666246659638745
1088,,after_candidate_limit,,2791,111,16,111,15,9,3,4.5,6,2,0.9133157894736842,0.46656135203844706
1089,,after_candidate_limit,,2291,91,16,91,15,4.5,0.5,0.75,6,2,0.9193799043062201,0.4665335906622774
1090,,after_candidate_limit,,2741,109,16,109,15,9,1.33,3.67,6,2,0.9170282296650718,0.4663717463734973
1091,,after_candidate_limit,,935,37,10,37,12.78,3.83,0.5,2,3,1,0.9305454545454546,0.4663234627203116
1092,,after_candidate_limit,,452,18,2,18,11.67,5.25,1.33,3.67,1,3,0.9454387559808612,0.46629819045696685
1093,,after_candidate_limit,,655,26,5,26,11.67,7,2.17,3.25,2,1,0.9195071770334928,0.46623050621891887
1094,,after_candidate_limit,,2716,108,16,108,15,9,1.33,2,6,2,0.9170492822966507,0.46607779179475206
1095,,after_candidate_limit,,104,4,4,4,11.67,10.5,1.33,3.67,1,15,0.9450717703349283,0.46606933871640255
1096,,after_candidate_limit,,276,11,1,11,11.67,3.5,1.33,3.67,1,2,0.9453574162679426,0.46583130135019296
1097,,after_candidate_limit,,251,10,1,10,11.67,3.5,1.33,2,1,2,0.9453564593301436,0.4658287890935747
1098,,after_candidate_limit,,1941,77,16,77,13.89,8.33,0.5,0.75,6,2,0.9129583732057416,0.46582026440876817
1099,,after_candidate_limit,,1685,67,10,67,13.89,4.17,1.33,3.67,3,1,0.9278057416267943,0.46566512328496823
1100,,after_candidate_limit,,476,19,1,19,11.67,5.25,2.17,3.25,1,2,0.9410277511961722,0.4656630514304383
1101,,after_candidate_limit,,808,32,8,32,12.78,11.5,1.33,3.67,2,8,0.9323311004784689,0.4655439706484693
1102,,after_candidate_limit,,79,3,4,3,11.67,10.5,1.33,2,1,15,0.9450387559808613,0.46517962618639086
1103,,after_candidate_limit,,783,31,8,31,12.78,11.5,1.33,2,2,8,0.9323607655502393,0.46514052212211165
1104,,after_candidate_limit,,532,21,7,21,11.67,7,0.5,0.75,2,3,0.9367354066985646,0.4651035120097413
1105,,after_candidate_limit,,501,20,1,20,11.67,5.25,3,4.5,1,2,0.9386732057416268,0.46505152496120084
1106,,after_candidate_limit,,4050,162,0,162,9.44,8.5,0.5,1.38,1,1,0.9468708133971292,0.4649915475244414
1107,,after_candidate_limit,,1412,56,12,56,13.89,12.5,0.5,0.75,3,3,0.9246363636363636,0.4649736631272518
1108,,after_candidate_limit,,1710,68,10,68,13.89,4.17,2.17,3.25,3,1,0.926633971291866,0.4648937919870091
1109,,after_candidate_limit,,680,27,5,27,11.67,7,3,4.5,2,1,0.9138019138755981,0.4648832150965341
1110,,after_candidate_limit,,101,4,1,4,11.67,10.5,1.33,3.67,1,2,0.9447751196172249,0.4648692077498737
1111,,after_candidate_limit,,627,25,2,25,11.67,7,1.33,3.67,1,3,0.9454119617224881,0.46457921568709765
1112,,after_candidate_limit,,1287,51,12,51,12.78,7.67,0.5,2,3,3,0.9302712918660287,0.4644899231924776
1113,,after_candidate_limit,,1507,60,7,60,13.89,12.5,1.33,3.67,2,3,0.9337071770334928,0.4642051684092258
1114,,after_candidate_limit,,277,11,2,11,11.67,3.5,1.33,3.67,1,3,0.9451736842105263,0.4642001428420372
1115,,after_candidate_limit,,2137,85,12,85,15,13.5,0.5,1.38,3,3,0.9207205741626794,0.4641804448047406
1116,,after_candidate_limit,,2766,110,16,110,15,9,2.17,3.25,6,2,0.9104478468899522,0.46417893352115
1117,,after_candidate_limit,,2105,84,5,84,15,13.5,0.5,0.75,2,1,0.9353492822966507,0.46409771770147024
1118,,after_candidate_limit,,252,10,2,10,11.67,3.5,1.33,2,1,3,0.9451526315789474,0.4640486226980086
1119,,after_candidate_limit,,356,14,6,14,11.67,5.25,0.5,0.75,2,2,0.9368755980861244,0.46393844477399176
1120,,after_candidate_limit,,1240,49,15,49,12.78,7.67,0.5,0.75,6,1,0.9044315789473685,0.46384587283346224
1121,,after_candidate_limit,,1382,55,7,55,12.78,7.67,3,4.5,2,3,0.9271435406698565,0.4637491844278051
1122,,after_candidate_limit,,1455,58,5,58,13.89,12.5,0.5,2,2,1,0.931866028708134,0.46342028845290567
1123,,after_candidate_limit,,4025,161,0,161,9.44,8.5,0.5,0.75,1,1,0.9471674641148325,0.46338220989035733
1124,,after_candidate_limit,,151,6,1,6,11.67,10.5,3,4.5,1,2,0.9376684210526316,0.46337130721291364
1125,,after_candidate_limit,,1532,61,7,61,13.89,12.5,2.17,3.25,2,3,0.9321894736842106,0.46334704364474716
1126,,after_candidate_limit,,1735,69,10,69,13.89,4.17,3,4.5,3,1,0.922612918660287,0.4633417791667026
1127,,after_candidate_limit,,32,1,7,1,11.67,10.5,0.5,1.38,2,3,0.9359990430622009,0.463174747845412
1128,,after_candidate_limit,,858,34,8,34,12.78,11.5,3,4.5,2,8,0.9264985645933015,0.46317191125065693
1129,,after_candidate_limit,,154,6,4,6,11.67,10.5,3,4.5,1,15,0.938166985645933,0.46305275926614814
1130,,after_candidate_limit,,129,5,4,5,11.67,10.5,2.17,3.25,1,15,0.940422966507177,0.463038357870481
1131,,after_candidate_limit,,126,5,1,5,11.67,10.5,2.17,3.25,1,2,0.9401167464114832,0.46302585599532553
1132,,after_candidate_limit,,477,19,2,19,11.67,5.25,2.17,3.25,1,3,0.9407564593301435,0.4629095074644106
1133,,after_candidate_limit,,230,9,5,9,11.67,3.5,0.5,2,2,1,0.9369717703349282,0.46274072534983135
1134,,after_candidate_limit,,1557,62,7,62,13.89,12.5,3,4.5,2,3,0.9298598086124402,0.4627261521048782
1135,,after_candidate_limit,,1763,70,13,70,13.89,6.25,0.5,0.75,3,8,0.9351325358851674,0.4627096965069465
1136,,after_candidate_limit,,1058,42,8,42,12.78,5.75,0.5,0.75,2,8,0.9409602870813397,0.4626746277727385
1137,,after_candidate_limit,,1357,54,7,54,12.78,7.67,2.17,3.25,2,3,0.9292301435406699,0.46265723662081276
1138,,after_candidate_limit,,1108,44,8,44,12.78,5.75,0.5,2,2,8,0.9409693779904306,0.4626540487977036
1139,,after_candidate_limit,,1083,43,8,43,12.78,5.75,0.5,1.38,2,8,0.9409645933014354,0.46261047649990583
1140,,after_candidate_limit,,883,35,8,35,12.78,3.83,0.5,0.75,2,8,0.9409578947368421,0.46254725835926674
1141,,after_candidate_limit,,884,35,9,35,12.78,3.83,0.5,0.75,2,15,0.9409578947368421,0.46254725835926674
1142,,after_candidate_limit,,908,36,8,36,12.78,3.83,0.5,1.38,2,8,0.9409578947368421,0.46254725835926674
1143,,after_candidate_limit,,909,36,9,36,12.78,3.83,0.5,1.38,2,15,0.9409578947368421,0.46254725835926674
1144,,after_candidate_limit,,933,37,8,37,12.78,3.83,0.5,2,2,8,0.9409578947368421,0.46254725835926674
1145,,after_candidate_limit,,934,37,9,37,12.78,3.83,0.5,2,2,15,0.9409578947368421,0.46254725835926674
1146,,after_candidate_limit,,1059,42,9,42,12.78,5.75,0.5,0.75,2,15,0.9409578947368421,0.46254725835926674
1147,,after_candidate_limit,,1084,43,9,43,12.78,5.75,0.5,1.38,2,15,0.9409578947368421,0.46254725835926674
1148,,after_candidate_limit,,1109,44,9,44,12.78,5.75,0.5,2,2,15,0.9409578947368421,0.46254725835926674
1149,,after_candidate_limit,,1234,49,9,49,12.78,7.67,0.5,0.75,2,15,0.9409578947368421,0.46254725835926674
1150,,after_candidate_limit,,1259,50,9,50,12.78,7.67,0.5,1.38,2,15,0.9409578947368421,0.46254725835926674
1151,,after_candidate_limit,,1284,51,9,51,12.78,7.67,0.5,2,2,15,0.9409578947368421,0.46254725835926674
1152,,after_candidate_limit,,301,12,1,12,11.67,3.5,2.17,3.25,1,2,0.9406913875598086,0.4624573818502984
1153,,after_candidate_limit,,2292,91,17,91,15,4.5,0.5,0.75,6,3,0.9189717703349283,0.46214255807516463
1154,,after_candidate_limit,,1836,73,11,73,13.89,6.25,1.33,2,3,2,0.9273832535885167,0.4621281225514475
1155,,after_candidate_limit,,1813,72,13,72,13.89,6.25,0.5,2,3,8,0.9351435406698565,0.4620418634149538
1156,,after_candidate_limit,,1788,71,13,71,13.89,6.25,0.5,1.38,3,8,0.9351377990430622,0.461993338616387
1157,,after_candidate_limit,,502,20,2,20,11.67,5.25,3,4.5,1,3,0.9384478468899522,0.4619554009533153
1158,,after_candidate_limit,,2316,92,16,92,15,4.5,0.5,1.38,6,2,0.9191114832535885,0.46185647586364587
1159,,after_candidate_limit,,1588,63,13,63,13.89,4.17,0.5,0.75,3,8,0.9351205741626795,0.46183588509823303
1160,,after_candidate_limit,,1589,63,14,63,13.89,4.17,0.5,0.75,3,15,0.9351205741626795,0.46183588509823303
1161,,after_candidate_limit,,1613,64,13,64,13.89,4.17,0.5,1.38,3,8,0.9351205741626795,0.46183588509823303
1162,,after_candidate_limit,,1614,64,14,64,13.89,4.17,0.5,1.38,3,15,0.9351205741626795,0.46183588509823303
1163,,after_candidate_limit,,1638,65,13,65,13.89,4.17,0.5,2,3,8,0.9351205741626795,0.46183588509823303
1164,,after_candidate_limit,,1639,65,14,65,13.89,4.17,0.5,2,3,15,0.9351205741626795,0.46183588509823303
1165,,after_candidate_limit,,1764,70,14,70,13.89,6.25,0.5,0.75,3,15,0.9351205741626795,0.46183588509823303
1166,,after_candidate_limit,,1789,71,14,71,13.89,6.25,0.5,1.38,3,15,0.9351205741626795,0.46183588509823303
1167,,after_candidate_limit,,1814,72,14,72,13.89,6.25,0.5,2,3,15,0.9351205741626795,0.46183588509823303
1168,,after_candidate_limit,,1964,78,14,78,13.89,8.33,0.5,1.38,3,15,0.9351205741626795,0.46183588509823303
1169,,after_candidate_limit,,1989,79,14,79,13.89,8.33,0.5,2,3,15,0.9351205741626795,0.46183588509823303
1170,,after_candidate_limit,,57,2,7,2,11.67,10.5,0.5,2,2,3,0.9358047846889952,0.4618181126224302
1171,,after_candidate_limit,,652,26,2,26,11.67,7,2.17,3.25,1,3,0.9407574162679426,0.46171217834751005
1172,,after_candidate_limit,,1030,41,5,41,12.78,3.83,3,4.5,2,1,0.9270851674641148,0.4616219634562792
1173,,after_candidate_limit,,2492,99,17,99,15,6.75,0.5,1.38,6,3,0.9191933014354067,0.46161228288986694
1174,,after_candidate_limit,,1131,45,6,45,12.78,5.75,1.33,2,2,2,0.9326488038277512,0.4615777032179762
1175,,after_candidate_limit,,326,13,1,13,11.67,3.5,3,4.5,1,2,0.9383808612440191,0.46157134782830245
1176,,after_candidate_limit,,58,2,8,2,11.67,10.5,0.5,2,2,8,0.9367004784688995,0.4614830156278005
1177,,after_candidate_limit,,2643,105,18,105,15,9,0.5,0.75,6,8,0.9188507177033493,0.46142964694528593
1178,,after_candidate_limit,,2162,86,12,86,15,13.5,0.5,2,3,3,0.9194870813397129,0.46130576497133147
1179,,after_candidate_limit,,833,33,8,33,12.78,11.5,2.17,3.25,2,8,0.9287215311004785,0.4612643931542888
1180,,after_candidate_limit,,2341,93,16,93,15,4.5,0.5,2,6,2,0.9191033492822966,0.46125031511688375
1181,,after_candidate_limit,,1005,40,5,40,12.78,3.83,2.17,3.25,2,1,0.9292650717703349,0.46114034888139205
1182,,after_candidate_limit,,1135,45,10,45,12.78,5.75,1.33,2,3,1,0.9220693779904306,0.46113977826655345
1183,,after_candidate_limit,,1132,45,7,45,12.78,5.75,1.33,2,2,3,0.9324645933014354,0.4611199828031873
1184,,after_candidate_limit,,1157,46,7,46,12.78,5.75,1.33,3.67,2,3,0.9323813397129187,0.46103605157560024
1185,,after_candidate_limit,,1086,43,11,43,12.78,5.75,0.5,1.38,3,2,0.9302650717703349,0.46102778019831187
1186,,after_candidate_limit,,8,0,8,0,11.67,10.5,0.5,0.75,2,8,0.9367215311004785,0.4608167580020175
1187,,after_candidate_limit,,302,12,2,12,11.67,3.5,2.17,3.25,1,3,0.9405066985645933,0.46079751800759483
1188,,after_candidate_limit,,1531,61,6,61,13.89,12.5,2.17,3.25,2,2,0.9302516746411483,0.4606095042534121
1189,,after_candidate_limit,,1156,46,6,46,12.78,5.75,1.33,3.67,2,2,0.9326090909090909,0.4606044361622973
1190,,after_candidate_limit,,677,27,2,27,11.67,7,3,4.5,1,3,0.9384282296650718,0.4603872546889892
1191,,after_candidate_limit,,33,1,8,1,11.67,10.5,0.5,1.38,2,8,0.9365952153110048,0.46032152676562876
1192,,after_candidate_limit,,1411,56,11,56,13.89,12.5,0.5,0.75,3,2,0.9200488038277512,0.46028912234624403
1193,,after_candidate_limit,,1506,60,6,60,13.89,12.5,1.33,3.67,2,2,0.9316382775119617,0.4602491803039238
1194,,after_candidate_limit,,2517,100,17,100,15,6.75,0.5,2,6,3,0.9191693779904306,0.4600963563332847
1195,,after_candidate_limit,,3700,148,0,148,9.44,4.25,0.5,1.38,1,1,0.9454071770334929,0.46008319049014673
1196,,after_candidate_limit,,327,13,2,13,11.67,3.5,3,4.5,1,3,0.9382138755980861,0.4600364457246048
1197,,after_candidate_limit,,3500,140,0,140,9.44,2.83,0.5,0.75,1,1,0.9450765550239234,0.46002719788999785
1198,,after_candidate_limit,,2263,90,13,90,15,13.5,3,4.5,3,8,0.9289631578947368,0.46000093433757794
1199,,after_candidate_limit,,2317,92,17,92,15,4.5,0.5,1.38,6,3,0.918922009569378,0.4599164454157812
1200,,after_candidate_limit,,2342,93,17,93,15,4.5,0.5,2,6,3,0.918933971291866,0.4599151385599231
1201,,after_candidate_limit,,1489,59,14,59,13.89,12.5,1.33,2,3,15,0.9271569377990431,0.4597843633133761
1202,,after_candidate_limit,,385,15,10,15,11.67,5.25,0.5,1.38,3,1,0.9261832535885167,0.45976633920949317
1203,,after_candidate_limit,,1939,77,14,77,13.89,8.33,0.5,0.75,3,15,0.9350531100478469,0.45973556536914845
1204,,after_candidate_limit,,2188,87,13,87,15,13.5,1.33,2,3,8,0.9281684210526315,0.4595870709534099
1205,,after_candidate_limit,,1514,60,14,60,13.89,12.5,1.33,3.67,3,15,0.9269578947368421,0.45957211686540694
1206,,after_candidate_limit,,956,38,6,38,12.78,3.83,1.33,2,2,2,0.9323004784688995,0.4593393459046566
1207,,after_candidate_limit,,981,39,6,39,12.78,3.83,1.33,3.67,2,2,0.9323066985645933,0.4593028531935628
1208,,after_candidate_limit,,381,15,6,15,11.67,5.25,0.5,1.38,2,2,0.9366928229665071,0.4593011514330721
1209,,after_candidate_limit,,2238,89,13,89,15,13.5,2.17,3.25,3,8,0.9274703349282296,0.45926584800660036
1210,,after_candidate_limit,,809,32,9,32,12.78,11.5,1.33,3.67,2,15,0.9322373205741626,0.45924050755649853
1211,,after_candidate_limit,,784,31,9,31,12.78,11.5,1.33,2,2,15,0.9322239234449761,0.45906135498744893
1212,,after_candidate_limit,,886,35,11,35,12.78,3.83,0.5,0.75,3,2,0.9298923444976076,0.45899478534269034
1213,,after_candidate_limit,,1861,74,11,74,13.89,6.25,1.33,3.67,3,2,0.9273033492822966,0.45876163973120104
1214,,after_candidate_limit,,714,28,14,28,12.78,11.5,0.5,0.75,3,15,0.9295167464114833,0.45869603785245444
1215,,after_candidate_limit,,2213,88,13,88,15,13.5,1.33,3.67,3,8,0.9275511961722488,0.4586857190860958
1216,,after_candidate_limit,,1111,44,11,44,12.78,5.75,0.5,2,3,2,0.9301971291866029,0.45862830743390537
1217,,after_candidate_limit,,1539,61,14,61,13.89,12.5,2.17,3.25,3,15,0.9258588516746411,0.458584970689066
1218,,after_candidate_limit,,406,16,6,16,11.67,5.25,0.5,2,2,2,0.936677990430622,0.4585361900528238
1219,,after_candidate_limit,,2668,106,18,106,15,9,0.5,1.38,6,8,0.9188133971291866,0.4582732900894046
1220,,after_candidate_limit,,982,39,7,39,12.78,3.83,1.33,3.67,2,3,0.932144019138756,0.45827282989061974
1221,,after_candidate_limit,,1087,43,12,43,12.78,5.75,0.5,1.38,3,3,0.9299464114832536,0.4581880405115063
1222,,after_candidate_limit,,957,38,7,38,12.78,3.83,1.33,2,2,3,0.9321267942583732,0.45816203243322834
1223,,after_candidate_limit,,1488,59,13,59,13.89,12.5,1.33,2,3,8,0.9249100478468899,0.4580628311593467
1224,,after_candidate_limit,,2717,108,17,108,15,9,1.33,2,6,3,0.9167244019138756,0.4580223240417598
1225,,after_candidate_limit,,2365,94,15,94,15,4.5,1.33,2,6,1,0.9170521531100478,0.4579016975337033
1226,,after_candidate_limit,,1966,78,16,78,13.89,8.33,0.5,1.38,6,2,0.9127861244019139,0.45787999811510094
1227,,after_candidate_limit,,1513,60,13,60,13.89,12.5,1.33,3.67,3,8,0.924788995215311,0.45784498128582346
1228,,after_candidate_limit,,1837,73,12,73,13.89,6.25,1.33,2,3,3,0.9271794258373206,0.45780971528540454
1229,,after_candidate_limit,,1112,44,12,44,12.78,5.75,0.5,2,3,3,0.9299349282296651,0.4577985172152248
1230,,after_candidate_limit,,1564,62,14,62,13.89,12.5,3,4.5,3,15,0.9217617224880382,0.45779743851362065
1231,,after_candidate_limit,,2792,111,17,111,15,9,3,4.5,6,3,0.9128655502392344,0.4577862123021236
1232,,after_candidate_limit,,1062,42,12,42,12.78,5.75,0.5,0.75,3,3,0.9299688995215311,0.45777140398839083
1233,,after_candidate_limit,,2742,109,17,109,15,9,1.33,3.67,6,3,0.9166421052631579,0.45765041127000294
1234,,after_candidate_limit,,557,22,7,22,11.67,7,0.5,1.38,2,3,0.9365263157894737,0.4576414291633838
1235,,after_candidate_limit,,1862,74,12,74,13.89,6.25,1.33,3.67,3,3,0.9271851674641148,0.45756245726584027
1236,,after_candidate_limit,,1661,66,11,66,13.89,4.17,1.33,2,3,2,0.9270114832535885,0.45729521984050914
1237,,after_candidate_limit,,1886,75,11,75,13.89,6.25,2.17,3.25,3,2,0.9261301435406698,0.45729042702057476
1238,,after_candidate_limit,,1686,67,11,67,13.89,4.17,1.33,3.67,3,2,0.9270153110047847,0.45716800521228557
1239,,after_candidate_limit,,2130,85,5,85,15,13.5,0.5,1.38,2,1,0.9326894736842105,0.45705829015800514
1240,,after_candidate_limit,,382,15,7,15,11.67,5.25,0.5,1.38,2,3,0.9363650717703349,0.4570372997303908
1241,,after_candidate_limit,,2767,110,17,110,15,9,2.17,3.25,6,3,0.9100358851674641,0.4569734637587897
1242,,after_candidate_limit,,4076,163,1,163,9.44,8.5,0.5,2,1,2,0.945333014354067,0.4568177312010192
1243,,after_candidate_limit,,4051,162,1,162,9.44,8.5,0.5,1.38,1,2,0.9453808612440191,0.45679026254205135
1244,,after_candidate_limit,,1065,42,15,42,12.78,5.75,0.5,0.75,6,1,0.9049866028708135,0.45677339980205134
1245,,after_candidate_limit,,2693,107,18,107,15,9,0.5,2,6,8,0.9187746411483254,0.4566338198417348
1246,,after_candidate_limit,,357,14,7,14,11.67,5.25,0.5,0.75,2,3,0.9364014354066985,0.45652426886885816
1247,,after_candidate_limit,,181,7,6,7,11.67,3.5,0.5,0.75,2,2,0.9363014354066985,0.4563963478064824
1248,,after_candidate_limit,,1911,76,11,76,13.89,6.25,3,4.5,3,2,0.9221196172248803,0.4562986994487727
1249,,after_candidate_limit,,3725,149,0,149,9.44,4.25,0.5,2,1,1,0.9451966507177033,0.4562820174837299
1250,,after_candidate_limit,,911,36,11,36,12.78,3.83,0.5,1.38,3,2,0.9297918660287081,0.4562454537895569
1251,,after_candidate_limit,,1538,61,13,61,13.89,12.5,2.17,3.25,3,8,0.9236483253588517,0.45619876517411373
1252,,after_candidate_limit,,1887,75,12,75,13.89,6.25,2.17,3.25,3,3,0.9260081339712919,0.4561624943025915
1253,,after_candidate_limit,,1687,67,12,67,13.89,4.17,1.33,3.67,3,3,0.9268612440191387,0.456124931456754
1254,,after_candidate_limit,,1662,66,12,66,13.89,4.17,1.33,2,3,3,0.9268516746411484,0.4560843922927203
1255,,after_candidate_limit,,936,37,11,37,12.78,3.83,0.5,2,3,2,0.9297928229665072,0.45599411691802416
1256,,after_candidate_limit,,1912,76,12,76,13.89,6.25,3,4.5,3,3,0.9220200956937799,0.455949135025706
1257,,after_candidate_limit,,582,23,7,23,11.67,7,0.5,2,2,3,0.9364808612440192,0.4559235213695644
1258,,after_candidate_limit,,1711,68,11,68,13.89,4.17,2.17,3.25,3,2,0.9258468899521531,0.45584408141744237
1259,,after_candidate_limit,,407,16,7,16,11.67,5.25,0.5,2,2,3,0.9363196172248803,0.4557970130444031
1260,,after_candidate_limit,,780,31,5,31,12.78,11.5,1.33,2,2,1,0.9246287081339712,0.455771202342305
1261,,after_candidate_limit,,859,34,9,34,12.78,11.5,3,4.5,2,15,0.9264004784688995,0.45553656041826684
1262,,after_candidate_limit,,711,28,11,28,12.78,11.5,0.5,0.75,3,2,0.9234334928229665,0.4555281124557265
1263,,after_candidate_limit,,1182,47,7,47,12.78,5.75,2.17,3.25,2,3,0.9286617224880382,0.4554114211394973
1264,,after_candidate_limit,,887,35,12,35,12.78,3.83,0.5,0.75,3,3,0.9295961722488039,0.4553335025064579
1265,,after_candidate_limit,,1736,69,11,69,13.89,4.17,3,4.5,3,2,0.9218492822966508,0.4553190901147147
1266,,after_candidate_limit,,1437,57,12,57,13.89,12.5,0.5,1.38,3,3,0.9230612440191388,0.4552355823350833
1267,,after_candidate_limit,,1563,62,13,62,13.89,12.5,3,4.5,3,8,0.9195918660287081,0.45521501103178574
1268,,after_candidate_limit,,1206,48,6,48,12.78,5.75,3,4.5,2,2,0.926688995215311,0.4551885777876822
1269,,after_candidate_limit,,3370,134,20,134,5,4.5,0.5,1.38,20,1,0.8121698564593302,0.45504029041726984
1270,,after_candidate_limit,,1991,79,16,79,13.89,8.33,0.5,2,6,2,0.9127215311004785,0.4549989427928283
1271,,after_candidate_limit,,1207,48,7,48,12.78,5.75,3,4.5,2,3,0.9264459330143541,0.45490040611498017
1272,,after_candidate_limit,,937,37,12,37,12.78,3.83,0.5,2,3,3,0.9296014354066986,0.4548452982522185
1273,,after_candidate_limit,,1712,68,12,68,13.89,4.17,2.17,3.25,3,3,0.9256937799043062,0.45481815926642205
1274,,after_candidate_limit,,912,36,12,36,12.78,3.83,0.5,1.38,3,3,0.9295956937799043,0.45481050151939484
1275,,after_candidate_limit,,1181,47,6,47,12.78,5.75,2.17,3.25,2,2,0.9288751196172249,0.4547230026592585
1276,,after_candidate_limit,,206,8,6,8,11.67,3.5,0.5,1.38,2,2,0.9362526315789473,0.4546972261570242
1277,,after_candidate_limit,,1556,62,6,62,13.89,12.5,3,4.5,2,2,0.9275334928229665,0.45467625851814514
1278,,after_candidate_limit,,231,9,6,9,11.67,3.5,0.5,2,2,2,0.9362511961722488,0.45445696239726013
1279,,after_candidate_limit,,1737,69,12,69,13.89,4.17,3,4.5,3,3,0.9216961722488038,0.45428414462081645
1280,,after_candidate_limit,,603,24,3,24,11.67,7,1.33,2,1,8,0.9447679425837321,0.4540184596349108
1281,,after_candidate_limit,,628,25,3,25,11.67,7,1.33,3.67,1,8,0.9447679425837321,0.4540184596349108
1282,,after_candidate_limit,,834,33,9,33,12.78,11.5,2.17,3.25,2,15,0.9285425837320574,0.4539810932353663
1283,,after_candidate_limit,,763,30,13,30,12.78,11.5,0.5,2,3,8,0.9291014354066985,0.4539644659094672
1284,,after_candidate_limit,,1031,41,6,41,12.78,3.83,3,4.5,2,2,0.9264014354066986,0.4539294594599616
1285,,after_candidate_limit,,738,29,13,29,12.78,11.5,0.5,1.38,3,8,0.9291650717703349,0.4536003348585428
1286,,after_candidate_limit,,3855,154,5,154,9.44,5.66,0.5,0.75,2,1,0.9289138755980861,0.4535293659936491
1287,,after_candidate_limit,,182,7,7,7,11.67,3.5,0.5,0.75,2,3,0.9360444976076555,0.45346899297079907
1288,,after_candidate_limit,,1840,73,15,73,13.89,6.25,1.33,2,6,1,0.9071655502392344,0.4534372530446839
1289,,after_candidate_limit,,781,31,6,31,12.78,11.5,1.33,2,2,2,0.9285004784688995,0.45338950581390725
1290,,after_candidate_limit,,232,9,7,9,11.67,3.5,0.5,2,2,3,0.9360531100478469,0.4531916560863232
1291,,after_candidate_limit,,453,18,3,18,11.67,5.25,1.33,3.67,1,8,0.9447440191387559,0.45317131945207945
1292,,after_candidate_limit,,1006,40,6,40,12.78,3.83,2.17,3.25,2,2,0.9285607655502393,0.45315653801132594
1293,,after_candidate_limit,,764,30,14,30,12.78,11.5,0.5,2,3,15,0.9292990430622009,0.4531202453237534
1294,,after_candidate_limit,,428,17,3,17,11.67,5.25,1.33,2,1,8,0.9447382775119617,0.45311888760872826
1295,,after_candidate_limit,,253,10,3,10,11.67,3.5,1.33,2,1,8,0.9447354066985646,0.4530915581747859
1296,,after_candidate_limit,,254,10,4,10,11.67,3.5,1.33,2,1,15,0.9447354066985646,0.4530915581747859
1297,,after_candidate_limit,,278,11,3,11,11.67,3.5,1.33,3.67,1,8,0.9447354066985646,0.4530915581747859
1298,,after_candidate_limit,,279,11,4,11,11.67,3.5,1.33,3.67,1,15,0.9447354066985646,0.4530915581747859
1299,,after_candidate_limit,,429,17,4,17,11.67,5.25,1.33,2,1,15,0.9447354066985646,0.4530915581747859
1300,,after_candidate_limit,,454,18,4,18,11.67,5.25,1.33,3.67,1,15,0.9447354066985646,0.4530915581747859
1301,,after_candidate_limit,,604,24,4,24,11.67,7,1.33,2,1,15,0.9447354066985646,0.4530915581747859
1302,,after_candidate_limit,,629,25,4,25,11.67,7,1.33,3.67,1,15,0.9447354066985646,0.4530915581747859
1303,,after_candidate_limit,,1185,47,10,47,12.78,5.75,2.17,3.25,3,1,0.9173674641148325,0.45308211890557565
1304,,after_candidate_limit,,1032,41,7,41,12.78,3.83,3,4.5,2,3,0.9262598086124402,0.4530572490025259
1305,,after_candidate_limit,,207,8,7,8,11.67,3.5,0.5,1.38,2,3,0.9360358851674642,0.45303040172312553
1306,,after_candidate_limit,,410,16,10,16,11.67,5.25,0.5,2,3,1,0.9261004784688995,0.45301972155740466
1307,,after_candidate_limit,,713,28,13,28,12.78,11.5,0.5,0.75,3,8,0.9292688995215311,0.45295034747192664
1308,,after_candidate_limit,,739,29,14,29,12.78,11.5,0.5,1.38,3,15,0.9293095693779905,0.45294006850470897
1309,,after_candidate_limit,,3170,126,20,126,5,3,0.5,0.75,20,1,0.8142569377990431,0.45264046753518067
1310,,after_candidate_limit,,2155,86,5,86,15,13.5,0.5,2,2,1,0.9310354066985645,0.45253447720643936
1311,,after_candidate_limit,,2541,101,16,101,15,6.75,1.33,2,6,2,0.9163703349282296,0.45231629727031974
1312,,after_candidate_limit,,2415,96,15,96,15,4.5,2.17,3.25,6,1,0.9101267942583732,0.4522639893280907
1313,,after_candidate_limit,,185,7,10,7,11.67,3.5,0.5,0.75,3,1,0.925399043062201,0.45217935558349737
1314,,after_candidate_limit,,1007,40,7,40,12.78,3.83,2.17,3.25,2,3,0.9284028708133971,0.45216619442964257
1315,,after_candidate_limit,,1361,54,11,54,12.78,7.67,2.17,3.25,3,2,0.916722009569378,0.4519728561448991
1316,,after_candidate_limit,,1766,70,16,70,13.89,6.25,0.5,0.75,6,2,0.9125511961722488,0.45188436979833074
1317,,after_candidate_limit,,2390,95,15,95,15,4.5,1.33,3.67,6,1,0.9167239234449761,0.45185885861553476
1318,,after_candidate_limit,,1386,55,11,55,12.78,7.67,3,4.5,3,2,0.9124612440191388,0.4517229227443949
1319,,after_candidate_limit,,1333,53,8,53,12.78,7.67,1.33,3.67,2,8,0.9317732057416268,0.45153516160959023
1320,,after_candidate_limit,,4052,162,2,162,9.44,8.5,0.5,1.38,1,3,0.9446574162679425,0.45140760483726305
1321,,after_candidate_limit,,1308,52,8,52,12.78,7.67,1.33,2,2,8,0.9317205741626794,0.45131549060750337
1322,,after_candidate_limit,,59,2,9,2,11.67,10.5,0.5,2,2,15,0.9356401913875598,0.4511597797308305
1323,,after_candidate_limit,,3851,154,1,154,9.44,5.66,0.5,0.75,1,2,0.9446736842105263,0.45112644578385996
1324,,after_candidate_limit,,4026,161,1,161,9.44,8.5,0.5,0.75,1,2,0.9453875598086124,0.45098757392823186
1325,,after_candidate_limit,,536,21,11,21,11.67,7,0.5,0.75,3,2,0.9253521531100478,0.4508389896489334
1326,,after_candidate_limit,,653,26,3,26,11.67,7,2.17,3.25,1,8,0.9401076555023924,0.45066589537749285
1327,,after_candidate_limit,,1160,46,10,46,12.78,5.75,1.33,3.67,3,1,0.9219124401913875,0.45050963024440455
1328,,after_candidate_limit,,3395,135,20,135,5,4.5,0.5,2,20,1,0.8119727272727273,0.45044417871938774
1329,,after_candidate_limit,,1336,53,11,53,12.78,7.67,1.33,3.67,3,2,0.9212684210526316,0.45042031994033277
1330,,after_candidate_limit,,2440,97,15,97,15,4.5,3,4.5,6,1,0.9128521531100479,0.4502933564305634
1331,,after_candidate_limit,,1615,64,15,64,13.89,4.17,0.5,1.38,6,1,0.912844019138756,0.4501888546137633
1332,,after_candidate_limit,,4077,163,2,163,9.44,8.5,0.5,2,1,3,0.9445794258373206,0.44994901635714174
1333,,after_candidate_limit,,1462,58,12,58,13.89,12.5,0.5,2,3,3,0.921732057416268,0.44985735673823213
1334,,after_candidate_limit,,478,19,3,19,11.67,5.25,2.17,3.25,1,8,0.9400808612440191,0.4497940689121549
1335,,after_candidate_limit,,2180,87,5,87,15,13.5,1.33,2,2,1,0.929645933014354,0.44975233440219947
1336,,after_candidate_limit,,303,12,3,12,11.67,3.5,2.17,3.25,1,8,0.9400741626794258,0.44973174901700863
1337,,after_candidate_limit,,304,12,4,12,11.67,3.5,2.17,3.25,1,15,0.9400741626794258,0.44973174901700863
1338,,after_candidate_limit,,479,19,4,19,11.67,5.25,2.17,3.25,1,15,0.9400741626794258,0.44973174901700863
1339,,after_candidate_limit,,654,26,4,26,11.67,7,2.17,3.25,1,15,0.9400741626794258,0.44973174901700863
1340,,after_candidate_limit,,34,1,9,1,11.67,10.5,0.5,1.38,2,15,0.9356832535885168,0.44967680533841187
1341,,after_candidate_limit,,1210,48,10,48,12.78,5.75,3,4.5,3,1,0.9130114832535885,0.44961454698708225
1342,,after_candidate_limit,,678,27,3,27,11.67,7,3,4.5,1,8,0.9378028708133971,0.4491613815678699
1343,,after_candidate_limit,,2111,84,11,84,15,13.5,0.5,0.75,3,2,0.9153244019138757,0.449098129607719
1344,,after_candidate_limit,,503,20,3,20,11.67,5.25,3,4.5,1,8,0.937777990430622,0.4489666325656494
1345,,after_candidate_limit,,328,13,3,13,11.67,3.5,3,4.5,1,8,0.9377684210526316,0.44887822587163867
1346,,after_candidate_limit,,329,13,4,13,11.67,3.5,3,4.5,1,15,0.9377684210526316,0.44887822587163867
1347,,after_candidate_limit,,504,20,4,20,11.67,5.25,3,4.5,1,15,0.9377684210526316,0.44887822587163867
1348,,after_candidate_limit,,679,27,4,27,11.67,7,3,4.5,1,15,0.9377684210526316,0.44887822587163867
1349,,after_candidate_limit,,2013,80,13,80,13.89,8.33,1.33,2,3,8,0.9264775119617225,0.4488010741874236
1350,,after_candidate_limit,,1311,52,11,52,12.78,7.67,1.33,2,3,2,0.9212071770334929,0.4486548760319816
1351,,after_candidate_limit,,10,0,10,0,11.67,10.5,0.5,0.75,3,1,0.9185196172248804,0.4486220141239967
1352,,after_candidate_limit,,2038,81,13,81,13.89,8.33,1.33,3.67,3,8,0.9264918660287081,0.4485853796073253
1353,,after_candidate_limit,,2468,98,18,98,15,6.75,0.5,0.75,6,8,0.918257894736842,0.44856025804126365
1354,,after_candidate_limit,,1288,51,13,51,12.78,7.67,0.5,2,3,8,0.9291856459330143,0.44796447581957505
1355,,after_candidate_limit,,3525,141,0,141,9.44,2.83,0.5,1.38,1,1,0.9445502392344498,0.44791356213471306
1356,,after_candidate_limit,,2088,83,13,83,13.89,8.33,3,4.5,3,8,0.9213813397129187,0.4477625796394351
1357,,after_candidate_limit,,11,0,11,0,11.67,10.5,0.5,0.75,3,2,0.923888995215311,0.4477553372311714
1358,,after_candidate_limit,,1265,50,15,50,12.78,7.67,0.5,1.38,6,1,0.904466028708134,0.44767223875266
1359,,after_candidate_limit,,1263,50,13,50,12.78,7.67,0.5,1.38,3,8,0.9291703349282296,0.44750304196520607
1360,,after_candidate_limit,,2995,119,20,119,5,2.25,0.5,0.75,20,1,0.8139377990430622,0.4474889105860427
1361,,after_candidate_limit,,9,0,9,0,11.67,10.5,0.5,0.75,2,15,0.9357263157894737,0.44734082479580783
1362,,after_candidate_limit,,1238,49,13,49,12.78,7.67,0.5,0.75,3,8,0.9291358851674641,0.44728247571005325
1363,,after_candidate_limit,,2063,82,13,82,13.89,8.33,2.17,3.25,3,8,0.9253444976076555,0.4472150170109623
1364,,after_candidate_limit,,2493,99,18,99,15,6.75,0.5,1.38,6,8,0.9182564593301435,0.4471837269262955
1365,,after_candidate_limit,,2566,102,16,102,15,6.75,1.33,3.67,6,2,0.9162148325358852,0.4467255599741613
1366,,after_candidate_limit,,2187,87,12,87,15,13.5,1.33,2,3,3,0.916722966507177,0.44666681882934167
1367,,after_candidate_limit,,2518,100,18,100,15,6.75,0.5,2,6,8,0.9182612440191388,0.44656178470540187
1368,,after_candidate_limit,,3550,142,0,142,9.44,2.83,0.5,2,1,1,0.9445277511961723,0.44653545180739107
1369,,after_candidate_limit,,736,29,11,29,12.78,11.5,0.5,1.38,3,2,0.922555023923445,0.4465106270798785
1370,,after_candidate_limit,,430,17,5,17,11.67,5.25,1.33,2,2,1,0.9242047846889953,0.44647721561428233
1371,,after_candidate_limit,,2591,103,16,103,15,6.75,2.17,3.25,6,2,0.9095688995215311,0.4462930995054661
1372,,after_candidate_limit,,2293,91,18,91,15,4.5,0.5,0.75,6,8,0.9182277511961723,0.44626958363326164
1373,,after_candidate_limit,,2294,91,19,91,15,4.5,0.5,0.75,6,15,0.9182277511961723,0.44626958363326164
1374,,after_candidate_limit,,2318,92,18,92,15,4.5,0.5,1.38,6,8,0.9182277511961723,0.44626958363326164
1375,,after_candidate_limit,,2319,92,19,92,15,4.5,0.5,1.38,6,15,0.9182277511961723,0.44626958363326164
1376,,after_candidate_limit,,2343,93,18,93,15,4.5,0.5,2,6,8,0.9182277511961723,0.44626958363326164
1377,,after_candidate_limit,,2344,93,19,93,15,4.5,0.5,2,6,15,0.9182277511961723,0.44626958363326164
1378,,after_candidate_limit,,2469,98,19,98,15,6.75,0.5,0.75,6,15,0.9182277511961723,0.44626958363326164
1379,,after_candidate_limit,,2494,99,19,99,15,6.75,0.5,1.38,6,15,0.9182277511961723,0.44626958363326164
1380,,after_candidate_limit,,2519,100,19,100,15,6.75,0.5,2,6,15,0.9182277511961723,0.44626958363326164
1381,,after_candidate_limit,,712,28,12,28,12.78,11.5,0.5,0.75,3,3,0.9254880382775119,0.4462209303578482
1382,,after_candidate_limit,,3676,147,1,147,9.44,4.25,0.5,0.75,1,2,0.9443071770334929,0.44601987016855443
1383,,after_candidate_limit,,1158,46,8,46,12.78,5.75,1.33,3.67,2,8,0.9315909090909091,0.44599840573829247
1384,,after_candidate_limit,,3876,155,1,155,9.44,5.66,0.5,1.38,1,2,0.9445382775119617,0.4459745564779283
1385,,after_candidate_limit,,1133,45,8,45,12.78,5.75,1.33,2,2,8,0.9315851674641148,0.44594626395298925
1386,,after_candidate_limit,,2616,104,16,104,15,6.75,3,4.5,6,2,0.9123674641148325,0.44594280666458963
1387,,after_candidate_limit,,1865,74,15,74,13.89,6.25,1.33,3.67,6,1,0.9068157894736842,0.4459235753219711
1388,,after_candidate_limit,,958,38,8,38,12.78,3.83,1.33,2,2,8,0.9315736842105263,0.445833715213988
1389,,after_candidate_limit,,959,38,9,38,12.78,3.83,1.33,2,2,15,0.9315736842105263,0.445833715213988
1390,,after_candidate_limit,,983,39,8,39,12.78,3.83,1.33,3.67,2,8,0.9315736842105263,0.445833715213988
1391,,after_candidate_limit,,984,39,9,39,12.78,3.83,1.33,3.67,2,15,0.9315736842105263,0.445833715213988
1392,,after_candidate_limit,,1134,45,9,45,12.78,5.75,1.33,2,2,15,0.9315736842105263,0.445833715213988
1393,,after_candidate_limit,,1159,46,9,46,12.78,5.75,1.33,3.67,2,15,0.9315736842105263,0.445833715213988
1394,,after_candidate_limit,,1309,52,9,52,12.78,7.67,1.33,2,2,15,0.9315736842105263,0.445833715213988
1395,,after_candidate_limit,,1334,53,9,53,12.78,7.67,1.33,3.67,2,15,0.9315736842105263,0.445833715213988
1396,,after_candidate_limit,,1383,55,8,55,12.78,7.67,3,4.5,2,8,0.925888038277512,0.44582829546926667
1397,,after_candidate_limit,,1090,43,15,43,12.78,5.75,0.5,1.38,6,1,0.9046947368421052,0.4455961807171505
1398,,after_candidate_limit,,1967,78,17,78,13.89,8.33,0.5,1.38,6,3,0.91211004784689,0.4455584543625842
1399,,after_candidate_limit,,1358,54,8,54,12.78,7.67,2.17,3.25,2,8,0.9280253588516746,0.44527237782764373
1400,,after_candidate_limit,,561,22,11,22,11.67,7,0.5,1.38,3,2,0.9249822966507177,0.44525701112516997
1401,,after_candidate_limit,,1480,59,5,59,13.89,12.5,1.33,2,2,1,0.9283655502392345,0.4452367485361365
1402,,after_candidate_limit,,2694,107,19,107,15,9,0.5,2,6,15,0.9182167464114832,0.4451537300629085
1403,,after_candidate_limit,,1640,65,15,65,13.89,4.17,0.5,2,6,1,0.9125751196172249,0.4450058677622666
1404,,after_candidate_limit,,782,31,7,31,12.78,11.5,1.33,2,2,3,0.9295961722488039,0.4450007254423743
1405,,after_candidate_limit,,1436,57,11,57,13.89,12.5,0.5,1.38,3,2,0.9180909090909091,0.44477034560871487
1406,,after_candidate_limit,,586,23,11,23,11.67,7,0.5,2,3,2,0.9248617224880383,0.44454322092538967
1407,,after_candidate_limit,,1942,77,17,77,13.89,8.33,0.5,0.75,6,3,0.9122057416267942,0.4444993960349312
1408,,after_candidate_limit,,533,21,8,21,11.67,7,0.5,0.75,2,8,0.9355956937799043,0.44441902174793385
1409,,after_candidate_limit,,3901,156,1,156,9.44,5.66,0.5,2,1,2,0.9444976076555024,0.44440709917460514
1410,,after_candidate_limit,,1290,51,15,51,12.78,7.67,0.5,2,6,1,0.9044105263157894,0.4438791904399271
1411,,after_candidate_limit,,710,28,10,28,12.78,11.5,0.5,0.75,3,1,0.9156612440191387,0.4438692407801404
1412,,after_candidate_limit,,455,18,5,18,11.67,5.25,1.33,3.67,2,1,0.9242291866028708,0.44383779221738956
1413,,after_candidate_limit,,3877,155,2,155,9.44,5.66,0.5,1.38,1,3,0.9442454545454545,0.4435805703631322
1414,,after_candidate_limit,,2230,89,5,89,15,13.5,2.17,3.25,2,1,0.9281827751196172,0.44347107419985227
1415,,after_candidate_limit,,1992,79,17,79,13.89,8.33,0.5,2,6,3,0.9120267942583732,0.44346684913328765
1416,,after_candidate_limit,,3902,156,2,156,9.44,5.66,0.5,2,1,3,0.944222009569378,0.44343017602976115
1417,,after_candidate_limit,,2644,105,19,105,15,9,0.5,0.75,6,15,0.9180028708133972,0.44319838351663365
1418,,after_candidate_limit,,4027,161,2,161,9.44,8.5,0.5,0.75,1,3,0.9446425837320575,0.443115772449755
1419,,after_candidate_limit,,2205,88,5,88,15,13.5,1.33,3.67,2,1,0.9281626794258373,0.44301684467678315
1420,,after_candidate_limit,,3701,148,1,148,9.44,4.25,0.5,1.38,1,2,0.9441430622009569,0.4430089351216397
1421,,after_candidate_limit,,1410,56,10,56,13.89,12.5,0.5,0.75,3,1,0.9115846889952153,0.44299437525483093
1422,,after_candidate_limit,,2669,106,19,106,15,9,0.5,1.38,6,15,0.9181344497607655,0.4429911931443422
1423,,after_candidate_limit,,1863,74,13,74,13.89,6.25,1.33,3.67,3,8,0.9262468899521531,0.44290653015101883
1424,,after_candidate_limit,,1838,73,13,73,13.89,6.25,1.33,2,3,8,0.926244019138756,0.4428825612678557
1425,,after_candidate_limit,,831,33,6,33,12.78,11.5,2.17,3.25,2,2,0.9241971291866029,0.44280831588472375
1426,,after_candidate_limit,,3726,149,1,149,9.44,4.25,0.5,2,1,2,0.944155023923445,0.442792986562878
1427,,after_candidate_limit,,558,22,8,22,11.67,7,0.5,1.38,2,8,0.9355971291866029,0.4427859808914187
1428,,after_candidate_limit,,3852,154,2,154,9.44,5.66,0.5,0.75,1,3,0.9442267942583732,0.44278111338674125
1429,,after_candidate_limit,,3346,133,21,133,5,4.5,0.5,0.75,20,2,0.8137258373205741,0.4427797497957008
1430,,after_candidate_limit,,806,32,6,32,12.78,11.5,1.33,3.67,2,2,0.9274516746411483,0.44277831586610805
1431,,after_candidate_limit,,2039,81,14,81,13.89,8.33,1.33,3.67,3,15,0.926222009569378,0.4426803956250331
1432,,after_candidate_limit,,1663,66,13,66,13.89,4.17,1.33,2,3,8,0.9262200956937799,0.4426610838048723
1433,,after_candidate_limit,,1664,66,14,66,13.89,4.17,1.33,2,3,15,0.9262200956937799,0.4426610838048723
1434,,after_candidate_limit,,1688,67,13,67,13.89,4.17,1.33,3.67,3,8,0.9262200956937799,0.4426610838048723
1435,,after_candidate_limit,,1689,67,14,67,13.89,4.17,1.33,3.67,3,15,0.9262200956937799,0.4426610838048723
1436,,after_candidate_limit,,1839,73,14,73,13.89,6.25,1.33,2,3,15,0.9262200956937799,0.4426610838048723
1437,,after_candidate_limit,,1864,74,14,74,13.89,6.25,1.33,3.67,3,15,0.9262200956937799,0.4426610838048723
1438,,after_candidate_limit,,2014,80,14,80,13.89,8.33,1.33,2,3,15,0.9262200956937799,0.4426610838048723
1439,,after_candidate_limit,,583,23,8,23,11.67,7,0.5,2,2,8,0.9355976076555024,0.44264381439526906
1440,,after_candidate_limit,,2255,90,5,90,15,13.5,3,4.5,2,1,0.9271473684210526,0.44259978248631204
1441,,after_candidate_limit,,1063,42,13,42,12.78,5.75,0.5,0.75,3,8,0.9290478468899521,0.44259531084199916
1442,,after_candidate_limit,,1113,44,13,44,12.78,5.75,0.5,2,3,8,0.929055023923445,0.44256380367766107
1443,,after_candidate_limit,,1088,43,13,43,12.78,5.75,0.5,1.38,3,8,0.9290521531100479,0.44253509512495476
1444,,after_candidate_limit,,888,35,13,35,12.78,3.83,0.5,0.75,3,8,0.9290444976076555,0.4424562722587274
1445,,after_candidate_limit,,889,35,14,35,12.78,3.83,0.5,0.75,3,15,0.9290444976076555,0.4424562722587274
1446,,after_candidate_limit,,913,36,13,36,12.78,3.83,0.5,1.38,3,8,0.9290444976076555,0.4424562722587274
1447,,after_candidate_limit,,914,36,14,36,12.78,3.83,0.5,1.38,3,15,0.9290444976076555,0.4424562722587274
1448,,after_candidate_limit,,938,37,13,37,12.78,3.83,0.5,2,3,8,0.9290444976076555,0.4424562722587274
1449,,after_candidate_limit,,939,37,14,37,12.78,3.83,0.5,2,3,15,0.9290444976076555,0.4424562722587274
1450,,after_candidate_limit,,1064,42,14,42,12.78,5.75,0.5,0.75,3,15,0.9290444976076555,0.4424562722587274
1451,,after_candidate_limit,,1089,43,14,43,12.78,5.75,0.5,1.38,3,15,0.9290444976076555,0.4424562722587274
1452,,after_candidate_limit,,1114,44,14,44,12.78,5.75,0.5,2,3,15,0.9290444976076555,0.4424562722587274
1453,,after_candidate_limit,,1239,49,14,49,12.78,7.67,0.5,0.75,3,15,0.9290444976076555,0.4424562722587274
1454,,after_candidate_limit,,1264,50,14,50,12.78,7.67,0.5,1.38,3,15,0.9290444976076555,0.4424562722587274
1455,,after_candidate_limit,,1289,51,14,51,12.78,7.67,0.5,2,3,15,0.9290444976076555,0.4424562722587274
1456,,after_candidate_limit,,2144,85,19,85,15,13.5,0.5,1.38,6,15,0.9141803827751196,0.442406708060236
1457,,after_candidate_limit,,3925,157,0,157,9.44,5.66,1.33,2,1,1,0.9296808612440192,0.44202483186192226
1458,,after_candidate_limit,,2169,86,19,86,15,13.5,0.5,2,6,15,0.913522009569378,0.44187910640429834
1459,,after_candidate_limit,,3501,140,1,140,9.44,2.83,0.5,0.75,1,2,0.9439507177033493,0.4417978116790139
1460,,after_candidate_limit,,2119,84,19,84,15,13.5,0.5,0.75,6,15,0.9136842105263158,0.4417914227491356
1461,,after_candidate_limit,,3677,147,2,147,9.44,4.25,0.5,0.75,1,3,0.9439215311004785,0.4417819762016347
1462,,after_candidate_limit,,3880,155,5,155,9.44,5.66,0.5,1.38,2,1,0.928666985645933,0.44172682032334093
1463,,after_candidate_limit,,1888,75,13,75,13.89,6.25,2.17,3.25,3,8,0.9250985645933014,0.4417045010811853
1464,,after_candidate_limit,,408,16,8,16,11.67,5.25,0.5,2,2,8,0.935566028708134,0.4417001798414287
1465,,after_candidate_limit,,358,14,8,14,11.67,5.25,0.5,0.75,2,8,0.9355641148325359,0.4416802289498017
1466,,after_candidate_limit,,383,15,8,15,11.67,5.25,0.5,1.38,2,8,0.9355641148325359,0.4416802289498017
1467,,after_candidate_limit,,183,7,8,7,11.67,3.5,0.5,0.75,2,8,0.9355622009569378,0.4416599824784672
1468,,after_candidate_limit,,184,7,9,7,11.67,3.5,0.5,0.75,2,15,0.9355622009569378,0.4416599824784672
1469,,after_candidate_limit,,208,8,8,8,11.67,3.5,0.5,1.38,2,8,0.9355622009569378,0.4416599824784672
1470,,after_candidate_limit,,209,8,9,8,11.67,3.5,0.5,1.38,2,15,0.9355622009569378,0.4416599824784672
1471,,after_candidate_limit,,233,9,8,9,11.67,3.5,0.5,2,2,8,0.9355622009569378,0.4416599824784672
1472,,after_candidate_limit,,234,9,9,9,11.67,3.5,0.5,2,2,15,0.9355622009569378,0.4416599824784672
1473,,after_candidate_limit,,359,14,9,14,11.67,5.25,0.5,0.75,2,15,0.9355622009569378,0.4416599824784672
1474,,after_candidate_limit,,384,15,9,15,11.67,5.25,0.5,1.38,2,15,0.9355622009569378,0.4416599824784672
1475,,after_candidate_limit,,409,16,9,16,11.67,5.25,0.5,2,2,15,0.9355622009569378,0.4416599824784672
1476,,after_candidate_limit,,534,21,9,21,11.67,7,0.5,0.75,2,15,0.9355622009569378,0.4416599824784672
1477,,after_candidate_limit,,559,22,9,22,11.67,7,0.5,1.38,2,15,0.9355622009569378,0.4416599824784672
1478,,after_candidate_limit,,584,23,9,23,11.67,7,0.5,2,2,15,0.9355622009569378,0.4416599824784672
1479,,after_candidate_limit,,2015,80,15,80,13.89,8.33,1.33,2,6,1,0.9019923444976077,0.4416014633440442
1480,,after_candidate_limit,,1713,68,13,68,13.89,4.17,2.17,3.25,3,8,0.9250746411483254,0.44148700295746773
1481,,after_candidate_limit,,1714,68,14,68,13.89,4.17,2.17,3.25,3,15,0.9250746411483254,0.44148700295746773
1482,,after_candidate_limit,,1889,75,14,75,13.89,6.25,2.17,3.25,3,15,0.9250746411483254,0.44148700295746773
1483,,after_candidate_limit,,2064,82,14,82,13.89,8.33,2.17,3.25,3,15,0.9250746411483254,0.44148700295746773
1484,,after_candidate_limit,,1913,76,13,76,13.89,6.25,3,4.5,3,8,0.921100956937799,0.44117854203189133
1485,,after_candidate_limit,,2089,83,14,83,13.89,8.33,3,4.5,3,15,0.921077033492823,0.44096175130868664
1486,,after_candidate_limit,,1738,69,13,69,13.89,4.17,3,4.5,3,8,0.9210760765550239,0.4409520922726584
1487,,after_candidate_limit,,1739,69,14,69,13.89,4.17,3,4.5,3,15,0.9210760765550239,0.4409520922726584
1488,,after_candidate_limit,,1914,76,14,76,13.89,6.25,3,4.5,3,15,0.9210760765550239,0.4409520922726584
1489,,after_candidate_limit,,830,33,5,33,12.78,11.5,2.17,3.25,2,1,0.9199330143540669,0.4409427180139533
1490,,after_candidate_limit,,856,34,6,34,12.78,11.5,3,4.5,2,2,0.9214454545454546,0.440912266921604
1491,,after_candidate_limit,,3727,149,2,149,9.44,4.25,0.5,2,1,3,0.9439416267942584,0.4408715136261175
1492,,after_candidate_limit,,3702,148,2,148,9.44,4.25,0.5,1.38,1,3,0.9439177033492823,0.4406196160360383
1493,,after_candidate_limit,,635,25,10,25,11.67,7,1.33,3.67,3,1,0.9080827751196172,0.4404752055198871
1494,,after_candidate_limit,,3526,141,1,141,9.44,2.83,0.5,1.38,1,2,0.9438909090909091,0.4404180627598813
1495,,after_candidate_limit,,761,30,11,30,12.78,11.5,0.5,2,3,2,0.9219186602870814,0.44038530294407974
1496,,after_candidate_limit,,3551,142,1,142,9.44,2.83,0.5,2,1,2,0.9438995215311005,0.440353409901174
1497,,after_candidate_limit,,2136,85,11,85,15,13.5,0.5,1.38,3,2,0.9138947368421053,0.44001432195569595
1498,,after_candidate_limit,,1208,48,8,48,12.78,5.75,3,4.5,2,8,0.9257047846889952,0.44001090071527443
1499,,after_candidate_limit,,1791,71,16,71,13.89,6.25,0.5,1.38,6,2,0.9122421052631579,0.439898956038145
1500,,after_candidate_limit,,1033,41,8,41,12.78,3.83,3,4.5,2,8,0.9256875598086124,0.43984614740821715
1501,,after_candidate_limit,,1034,41,9,41,12.78,3.83,3,4.5,2,15,0.9256875598086124,0.43984614740821715
1502,,after_candidate_limit,,1209,48,9,48,12.78,5.75,3,4.5,2,15,0.9256875598086124,0.43984614740821715
1503,,after_candidate_limit,,1384,55,9,55,12.78,7.67,3,4.5,2,15,0.9256875598086124,0.43984614740821715
1504,,after_candidate_limit,,737,29,12,29,12.78,11.5,0.5,1.38,3,3,0.925376076555024,0.4398335740056649
1505,,after_candidate_limit,,610,24,10,24,11.67,7,1.33,2,3,1,0.9080971291866029,0.4397885193971946
1506,,after_candidate_limit,,807,32,7,32,12.78,11.5,1.33,3.67,2,3,0.929133014354067,0.43978644032297615
1507,,after_candidate_limit,,3195,127,20,127,5,3,0.5,1.38,20,1,0.8136224880382775,0.43958170344368336
1508,,after_candidate_limit,,540,21,15,21,11.67,7,0.5,0.75,6,1,0.9054679425837321,0.43952903141026484
1509,,after_candidate_limit,,1183,47,8,47,12.78,5.75,2.17,3.25,2,8,0.9278535885167464,0.4393019462168553
1510,,after_candidate_limit,,2820,112,20,112,5,1.5,0.5,0.75,20,1,0.8135019138755981,0.4392750899410625
1511,,after_candidate_limit,,2470,98,20,98,15,6.75,0.5,0.75,20,1,0.9083200956937799,0.4392316979639113
1512,,after_candidate_limit,,1890,75,15,75,13.89,6.25,2.17,3.25,6,1,0.8915086124401914,0.4391873313849326
1513,,after_candidate_limit,,2366,94,16,94,15,4.5,1.33,2,6,2,0.9157870813397129,0.4391786146026262
1514,,after_candidate_limit,,1008,40,8,40,12.78,3.83,2.17,3.25,2,8,0.9278382775119617,0.43915472623764035
1515,,after_candidate_limit,,1009,40,9,40,12.78,3.83,2.17,3.25,2,15,0.9278382775119617,0.43915472623764035
1516,,after_candidate_limit,,1184,47,9,47,12.78,5.75,2.17,3.25,2,15,0.9278382775119617,0.43915472623764035
1517,,after_candidate_limit,,1359,54,9,54,12.78,7.67,2.17,3.25,2,15,0.9278382775119617,0.43915472623764035
1518,,after_candidate_limit,,2040,81,15,81,13.89,8.33,1.33,3.67,6,1,0.9019368421052631,0.43913587115708846
1519,,after_candidate_limit,,2441,97,16,97,15,4.5,3,4.5,6,2,0.9119746411483254,0.43908539288420223
1520,,after_candidate_limit,,2391,95,16,95,15,4.5,1.33,3.67,6,2,0.9158019138755981,0.43894539241277203
1521,,after_candidate_limit,,3502,140,2,140,9.44,2.83,0.5,0.75,1,3,0.9437114832535886,0.4387370818378669
1522,,after_candidate_limit,,2237,89,12,89,15,13.5,2.17,3.25,3,3,0.9157244019138756,0.43847046647971755
1523,,after_candidate_limit,,4028,161,3,161,9.44,8.5,0.5,0.75,1,8,0.9437588516746411,0.43838835377675234
1524,,after_candidate_limit,,2442,97,17,97,15,4.5,3,4.5,6,3,0.911822966507177,0.4381052284565876
1525,,after_candidate_limit,,805,32,5,32,12.78,11.5,1.33,3.67,2,1,0.9229741626794259,0.437995086348862
1526,,after_candidate_limit,,2392,95,17,95,15,4.5,1.33,3.67,6,3,0.9156483253588517,0.43796123499120015
1527,,after_candidate_limit,,2367,94,17,94,15,4.5,1.33,2,6,3,0.9156282296650717,0.4378422508376809
1528,,after_candidate_limit,,832,33,7,33,12.78,11.5,2.17,3.25,2,3,0.925666985645933,0.4378152757465186
1529,,after_candidate_limit,,2542,101,17,101,15,6.75,1.33,2,6,3,0.9158478468899521,0.43768641779375
1530,,after_candidate_limit,,606,24,6,24,11.67,7,1.33,2,2,2,0.9230775119617225,0.4376330502382385
1531,,after_candidate_limit,,1115,44,15,44,12.78,5.75,0.5,2,6,1,0.9045167464114833,0.43761553322931274
1532,,after_candidate_limit,,3527,141,2,141,9.44,2.83,0.5,1.38,1,3,0.9436545454545454,0.43756684629299525
1533,,after_candidate_limit,,2416,96,16,96,15,4.5,2.17,3.25,6,2,0.9091153110047847,0.4374723209340237
1534,,after_candidate_limit,,210,8,10,8,11.67,3.5,0.5,1.38,3,1,0.9248043062200957,0.4374510247253401
1535,,after_candidate_limit,,3552,142,2,142,9.44,2.83,0.5,2,1,3,0.9436502392344498,0.43745094612234037
1536,,after_candidate_limit,,4030,161,5,161,9.44,8.5,0.5,0.75,2,1,0.9290851674641148,0.4372292956581832
1537,,after_candidate_limit,,3220,128,20,128,5,3,0.5,2,20,1,0.8135665071770335,0.4371982688452725
1538,,after_candidate_limit,,857,34,7,34,12.78,11.5,3,4.5,2,3,0.9232913875598087,0.43694730527049064
1539,,after_candidate_limit,,3020,120,20,120,5,2.25,0.5,1.38,20,1,0.8134755980861244,0.4369233309741303
1540,,after_candidate_limit,,1816,72,16,72,13.89,6.25,0.5,2,6,2,0.9121215311004784,0.4369197795221045
1541,,after_candidate_limit,,2567,102,17,102,15,6.75,1.33,3.67,6,3,0.9158196172248804,0.4369095161891344
1542,,after_candidate_limit,,480,19,5,19,11.67,5.25,2.17,3.25,2,1,0.9182880382775119,0.43679663873238617
1543,,after_candidate_limit,,2617,104,17,104,15,6.75,3,4.5,6,3,0.9119722488038278,0.43674534122504904
1544,,after_candidate_limit,,2417,96,17,96,15,4.5,2.17,3.25,6,3,0.9089655502392344,0.436504821556466
1545,,after_candidate_limit,,3371,134,21,134,5,4.5,0.5,1.38,20,2,0.8134564593301435,0.43647950124647655
1546,,after_candidate_limit,,537,21,12,21,11.67,7,0.5,0.75,3,3,0.9243918660287082,0.43635766170489815
1547,,after_candidate_limit,,3045,121,20,121,5,2.25,0.5,2,20,1,0.8134971291866029,0.43631499315054445
1548,,after_candidate_limit,,3680,147,5,147,9.44,4.25,0.5,0.75,2,1,0.9280086124401914,0.4361707542638182
1549,,after_candidate_limit,,365,14,15,14,11.67,5.25,0.5,0.75,6,1,0.9054267942583732,0.43607962646138837
1550,,after_candidate_limit,,3347,133,22,133,5,4.5,0.5,0.75,20,3,0.8132942583732058,0.43580703049454883
1551,,after_candidate_limit,,2592,103,17,103,15,6.75,2.17,3.25,6,3,0.9091531100478469,0.4356601929229618
1552,,after_candidate_limit,,1591,63,16,63,13.89,4.17,0.5,0.75,6,2,0.9118717703349283,0.43563699457881994
1553,,after_candidate_limit,,960,38,10,38,12.78,3.83,1.33,2,3,1,0.9205535885167464,0.4355731675112139
1554,,after_candidate_limit,,3905,156,5,156,9.44,5.66,0.5,2,2,1,0.9285717703349282,0.43533213741255977
1555,,after_candidate_limit,,660,26,10,26,11.67,7,2.17,3.25,3,1,0.8971827751196172,0.43532354071344537
1556,,after_candidate_limit,,4053,162,3,162,9.44,8.5,0.5,1.38,1,8,0.9435755980861245,0.43530009175555734
1557,,after_candidate_limit,,12,0,12,0,11.67,10.5,0.5,0.75,3,3,0.9241177033492823,0.4352863437099324
1558,,after_candidate_limit,,361,14,11,14,11.67,5.25,0.5,0.75,3,2,0.9246248803827751,0.4351980865384006
1559,,after_candidate_limit,,505,20,5,20,11.67,5.25,3,4.5,2,1,0.9126665071770335,0.43517224848915353
1560,,after_candidate_limit,,2262,90,12,90,15,13.5,3,4.5,3,3,0.9166622009569378,0.4351044831294515
1561,,after_candidate_limit,,3950,158,0,158,9.44,5.66,1.33,3.67,1,1,0.9296,0.43507657517518433
1562,,after_candidate_limit,,2212,88,12,88,15,13.5,1.33,3.67,3,3,0.9148684210526316,0.43499634442298557
1563,,after_candidate_limit,,3396,135,21,135,5,4.5,0.5,2,20,2,0.8134215311004784,0.4349940807788745
1564,,after_candidate_limit,,3171,126,21,126,5,3,0.5,0.75,20,2,0.8132722488038278,0.43494843448299897
1565,,after_candidate_limit,,4125,165,0,165,9.44,8.5,1.33,3.67,1,1,0.9297253588516746,0.4348413738500259
1566,,after_candidate_limit,,2793,111,18,111,15,9,3,4.5,6,8,0.9116674641148326,0.4347073154212914
1567,,after_candidate_limit,,1461,58,11,58,13.89,12.5,0.5,2,3,2,0.9169071770334928,0.43458517314201967
1568,,after_candidate_limit,,2718,108,18,108,15,9,1.33,2,6,8,0.9155167464114833,0.4345305679215685
1569,,after_candidate_limit,,2743,109,18,109,15,9,1.33,3.67,6,8,0.9154746411483253,0.43443958564704743
1570,,after_candidate_limit,,4078,163,3,163,9.44,8.5,0.5,2,1,8,0.9435081339712919,0.43401501436781426
1571,,after_candidate_limit,,235,9,10,9,11.67,3.5,0.5,2,3,1,0.9246832535885168,0.43393908648713003
1572,,after_candidate_limit,,685,27,10,27,11.67,7,3,4.5,3,1,0.9011071770334929,0.43387154249967363
1573,,after_candidate_limit,,1312,52,12,52,12.78,7.67,1.33,2,3,3,0.9203215311004784,0.4338264754731872
1574,,after_candidate_limit,,3196,127,21,127,5,3,0.5,1.38,20,2,0.8132363636363636,0.4337328379481411
1575,,after_candidate_limit,,631,25,6,25,11.67,7,1.33,3.67,2,2,0.9229626794258373,0.43370598519075965
1576,,after_candidate_limit,,3221,128,21,128,5,3,0.5,2,20,2,0.8132382775119618,0.43369532569807884
1577,,after_candidate_limit,,1362,54,12,54,12.78,7.67,2.17,3.25,3,3,0.9158712918660287,0.4336592391839848
1578,,after_candidate_limit,,762,30,12,30,12.78,11.5,0.5,2,3,3,0.9247846889952153,0.4336041604007177
1579,,after_candidate_limit,,1767,70,17,70,13.89,6.25,0.5,0.75,6,3,0.9117555023923445,0.43355875838267205
1580,,after_candidate_limit,,890,35,15,35,12.78,3.83,0.5,0.75,6,1,0.9038153110047847,0.433533810756859
1581,,after_candidate_limit,,3372,134,22,134,5,4.5,0.5,1.38,20,3,0.8132062200956938,0.4334766381860524
1582,,after_candidate_limit,,3397,135,22,135,5,4.5,0.5,2,20,3,0.8132086124401914,0.4334131729576521
1583,,after_candidate_limit,,2161,86,11,86,15,13.5,0.5,2,3,2,0.9116468899521531,0.4332950296574146
1584,,after_candidate_limit,,1010,40,10,40,12.78,3.83,2.17,3.25,3,1,0.9159535885167465,0.4332501183193148
1585,,after_candidate_limit,,36,1,11,1,11.67,10.5,0.5,1.38,3,2,0.923021052631579,0.43312464812901535
1586,,after_candidate_limit,,4100,164,0,164,9.44,8.5,1.33,2,1,1,0.9297511961722488,0.43300780672044376
1587,,after_candidate_limit,,985,39,10,39,12.78,3.83,1.33,3.67,3,1,0.9204894736842105,0.4328599656763726
1588,,after_candidate_limit,,2768,110,18,110,15,9,2.17,3.25,6,8,0.9088124401913875,0.4328019263006099
1589,,after_candidate_limit,,1915,76,15,76,13.89,6.25,3,4.5,6,1,0.8935698564593302,0.4326871431385406
1590,,after_candidate_limit,,1387,55,12,55,12.78,7.67,3,4.5,3,3,0.9116392344497608,0.4326339535614631
1591,,after_candidate_limit,,1337,53,12,53,12.78,7.67,1.33,3.67,3,3,0.9204191387559809,0.43261054434137497
1592,,after_candidate_limit,,855,34,5,34,12.78,11.5,3,4.5,2,1,0.9171191387559808,0.43253266768518145
1593,,after_candidate_limit,,1035,41,10,41,12.78,3.83,3,4.5,3,1,0.9116583732057416,0.43228864189124266
1594,,after_candidate_limit,,1241,49,16,49,12.78,7.67,0.5,0.75,6,2,0.9036612440191387,0.43216167264594013
1595,,after_candidate_limit,,1792,71,17,71,13.89,6.25,0.5,1.38,6,3,0.9118066985645933,0.43205793642081924
1596,,after_candidate_limit,,1817,72,17,72,13.89,6.25,0.5,2,6,3,0.9118033492822967,0.43186192020301944
1597,,after_candidate_limit,,2520,100,20,100,15,6.75,0.5,2,20,1,0.9052105263157895,0.43184107922532317
1598,,after_candidate_limit,,4055,162,5,162,9.44,8.5,0.5,1.38,2,1,0.9281607655502392,0.43177858561445437
1599,,after_candidate_limit,,63,2,13,2,11.67,10.5,0.5,2,3,8,0.9242315789473684,0.43175734288954226
1600,,after_candidate_limit,,1616,64,16,64,13.89,4.17,0.5,1.38,6,2,0.9116636363636363,0.4316502757150147
1601,,after_candidate_limit,,4080,163,5,163,9.44,8.5,0.5,2,2,1,0.9280641148325359,0.4315954660881189
1602,,after_candidate_limit,,2495,99,20,99,15,6.75,0.5,1.38,20,1,0.9083870813397129,0.43145388472862073
1603,,after_candidate_limit,,1641,65,16,65,13.89,4.17,0.5,2,6,2,0.9116636363636363,0.43132150959882537
1604,,after_candidate_limit,,1592,63,17,63,13.89,4.17,0.5,0.75,6,3,0.9114808612440192,0.4311316624926303
1605,,after_candidate_limit,,2016,80,16,80,13.89,8.33,1.33,2,6,2,0.9059224880382775,0.43105908715152497
1606,,after_candidate_limit,,386,15,11,15,11.67,5.25,0.5,1.38,3,2,0.9244468899521531,0.43085093181332995
1607,,after_candidate_limit,,2996,119,21,119,5,2.25,0.5,0.75,20,2,0.8130765550239234,0.4308043738716857
1608,,after_candidate_limit,,1505,60,5,60,13.89,12.5,1.33,3.67,2,1,0.9271435406698565,0.43061539172165675
1609,,after_candidate_limit,,38,1,13,1,11.67,10.5,0.5,1.38,3,8,0.9241502392344497,0.4305014777225228
1610,,after_candidate_limit,,3046,121,21,121,5,2.25,0.5,2,20,2,0.8130066985645933,0.43041221987889877
1611,,after_candidate_limit,,13,0,13,0,11.67,10.5,0.5,0.75,3,8,0.9241387559808613,0.43013671178950863
1612,,after_candidate_limit,,1642,65,17,65,13.89,4.17,0.5,2,6,3,0.9114837320574163,0.43010434349580134
1613,,after_candidate_limit,,411,16,11,16,11.67,5.25,0.5,2,3,2,0.9244334928229665,0.4300747240698251
1614,,after_candidate_limit,,1617,64,17,64,13.89,4.17,0.5,1.38,6,3,0.9114684210526316,0.4300005633552129
1615,,after_candidate_limit,,2845,113,20,113,5,1.5,0.5,1.38,20,1,0.8131942583732057,0.4296617814298467
1616,,after_candidate_limit,,590,23,15,23,11.67,7,0.5,2,6,1,0.9053062200956937,0.4295719047861206
1617,,after_candidate_limit,,3853,154,3,154,9.44,5.66,0.5,0.75,1,8,0.9433813397129187,0.4295556816031391
1618,,after_candidate_limit,,3903,156,3,156,9.44,5.66,0.5,2,1,8,0.9433856459330143,0.4294900685153927
1619,,after_candidate_limit,,3878,155,3,155,9.44,5.66,0.5,1.38,1,8,0.9433818181818182,0.4294543901201325
1620,,after_candidate_limit,,4079,163,4,163,9.44,8.5,0.5,2,1,15,0.9433799043062201,0.42943554155164904
1621,,after_candidate_limit,,3503,140,3,140,9.44,2.83,0.5,0.75,1,8,0.943377990430622,0.4294162330245606
1622,,after_candidate_limit,,3504,140,4,140,9.44,2.83,0.5,0.75,1,15,0.943377990430622,0.4294162330245606
1623,,after_candidate_limit,,3528,141,3,141,9.44,2.83,0.5,1.38,1,8,0.943377990430622,0.4294162330245606
1624,,after_candidate_limit,,3529,141,4,141,9.44,2.83,0.5,1.38,1,15,0.943377990430622,0.4294162330245606
1625,,after_candidate_limit,,3553,142,3,142,9.44,2.83,0.5,2,1,8,0.943377990430622,0.4294162330245606
1626,,after_candidate_limit,,3554,142,4,142,9.44,2.83,0.5,2,1,15,0.943377990430622,0.4294162330245606
1627,,after_candidate_limit,,3678,147,3,147,9.44,4.25,0.5,0.75,1,8,0.943377990430622,0.4294162330245606
1628,,after_candidate_limit,,3679,147,4,147,9.44,4.25,0.5,0.75,1,15,0.943377990430622,0.4294162330245606
1629,,after_candidate_limit,,3703,148,3,148,9.44,4.25,0.5,1.38,1,8,0.943377990430622,0.4294162330245606
1630,,after_candidate_limit,,3704,148,4,148,9.44,4.25,0.5,1.38,1,15,0.943377990430622,0.4294162330245606
1631,,after_candidate_limit,,3728,149,3,149,9.44,4.25,0.5,2,1,8,0.943377990430622,0.4294162330245606
1632,,after_candidate_limit,,3729,149,4,149,9.44,4.25,0.5,2,1,15,0.943377990430622,0.4294162330245606
1633,,after_candidate_limit,,3854,154,4,154,9.44,5.66,0.5,0.75,1,15,0.943377990430622,0.4294162330245606
1634,,after_candidate_limit,,3879,155,4,155,9.44,5.66,0.5,1.38,1,15,0.943377990430622,0.4294162330245606
1635,,after_candidate_limit,,3904,156,4,156,9.44,5.66,0.5,2,1,15,0.943377990430622,0.4294162330245606
1636,,after_candidate_limit,,565,22,15,22,11.67,7,0.5,1.38,6,1,0.9053138755980861,0.42938604483425064
1637,,after_candidate_limit,,4054,162,4,162,9.44,8.5,0.5,1.38,1,15,0.9433789473684211,0.4293432338593413
1638,,after_candidate_limit,,2041,81,16,81,13.89,8.33,1.33,3.67,6,2,0.9056291866028708,0.42926151829138853
1639,,after_candidate_limit,,2870,114,20,114,5,1.5,0.5,2,20,1,0.813144019138756,0.42924890608986543
1640,,after_candidate_limit,,562,22,12,22,11.67,7,0.5,1.38,3,3,0.9243114832535885,0.4291397158833529
1641,,after_candidate_limit,,1187,47,12,47,12.78,5.75,2.17,3.25,3,3,0.9154377990430622,0.42861748661115423
1642,,after_candidate_limit,,387,15,12,15,11.67,5.25,0.5,1.38,3,3,0.924134928229665,0.42859795163209113
1643,,after_candidate_limit,,656,26,6,26,11.67,7,2.17,3.25,2,2,0.9171076555023924,0.42859759624525445
1644,,after_candidate_limit,,186,7,11,7,11.67,3.5,0.5,0.75,3,2,0.9241052631578948,0.4284414351729493
1645,,after_candidate_limit,,863,34,13,34,12.78,11.5,3,4.5,3,8,0.9108641148325359,0.42830878861089206
1646,,after_candidate_limit,,1136,45,11,45,12.78,5.75,1.33,2,3,2,0.9202397129186602,0.428295981038207
1647,,after_candidate_limit,,2065,82,15,82,13.89,8.33,2.17,3.25,6,1,0.8892397129186603,0.42820271600638776
1648,,after_candidate_limit,,362,14,12,14,11.67,5.25,0.5,0.75,3,3,0.9241684210526315,0.42813506410480856
1649,,after_candidate_limit,,587,23,12,23,11.67,7,0.5,2,3,3,0.9242880382775119,0.4280553728368214
1650,,after_candidate_limit,,1186,47,11,47,12.78,5.75,2.17,3.25,3,2,0.915666985645933,0.42802773748058526
1651,,after_candidate_limit,,108,4,8,4,11.67,10.5,1.33,3.67,2,8,0.9227019138755981,0.42802715751764353
1652,,after_candidate_limit,,1137,45,12,45,12.78,5.75,1.33,2,3,3,0.9200071770334928,0.4279731830439163
1653,,after_candidate_limit,,1162,46,12,46,12.78,5.75,1.33,3.67,3,3,0.9199483253588516,0.42789000032784075
1654,,after_candidate_limit,,255,10,5,10,11.67,3.5,1.33,2,2,1,0.9228822966507177,0.4274818487495008
1655,,after_candidate_limit,,1530,61,5,61,13.89,12.5,2.17,3.25,2,1,0.9257751196172249,0.42748115145087573
1656,,after_candidate_limit,,412,16,12,16,11.67,5.25,0.5,2,3,3,0.924100956937799,0.4274784805403572
1657,,after_candidate_limit,,1161,46,11,46,12.78,5.75,1.33,3.67,3,2,0.9202047846889952,0.42746358817297614
1658,,after_candidate_limit,,2090,83,15,83,13.89,8.33,3,4.5,6,1,0.891488995215311,0.4273976125940694
1659,,after_candidate_limit,,3021,120,21,120,5,2.25,0.5,1.38,20,2,0.8130081339712919,0.4272942587324806
1660,,after_candidate_limit,,1266,50,16,50,12.78,7.67,0.5,1.38,6,2,0.9032306220095694,0.427172134332847
1661,,after_candidate_limit,,1770,70,20,70,13.89,6.25,0.5,0.75,20,1,0.9065636363636363,0.4270488309021247
1662,,after_candidate_limit,,1943,77,18,77,13.89,8.33,0.5,0.75,6,8,0.9111416267942584,0.4270338360561875
1663,,after_candidate_limit,,3172,126,22,126,5,3,0.5,0.75,20,3,0.8129717703349282,0.42703042794716894
1664,,after_candidate_limit,,37,1,12,1,11.67,10.5,0.5,1.38,3,3,0.9233885167464115,0.4270234982369438
1665,,after_candidate_limit,,3750,150,0,150,9.44,4.25,1.33,2,1,1,0.9287708133971292,0.426883209818746
1666,,after_candidate_limit,,2821,112,21,112,5,1.5,0.5,0.75,20,2,0.8130081339712919,0.4267074567682126
1667,,after_candidate_limit,,1211,48,11,48,12.78,5.75,3,4.5,3,2,0.9113397129186603,0.4266948483146543
1668,,after_candidate_limit,,1212,48,12,48,12.78,5.75,3,4.5,3,3,0.9111047846889953,0.42667736694420155
1669,,after_candidate_limit,,4126,165,1,165,9.44,8.5,1.33,3.67,1,2,0.9287066985645933,0.4265417892748421
1670,,after_candidate_limit,,211,8,11,8,11.67,3.5,0.5,1.38,3,2,0.924054066985646,0.42653348780152783
1671,,after_candidate_limit,,1011,40,11,40,12.78,3.83,2.17,3.25,3,2,0.9153492822966507,0.42636496096365073
1672,,after_candidate_limit,,4029,161,4,161,9.44,8.5,0.5,0.75,1,15,0.9432430622009569,0.42635645470654465
1673,,after_candidate_limit,,236,9,11,9,11.67,3.5,0.5,2,3,2,0.924067942583732,0.4263504269489609
1674,,after_candidate_limit,,838,33,13,33,12.78,11.5,2.17,3.25,3,8,0.9151397129186603,0.4262565338459146
1675,,after_candidate_limit,,735,29,10,29,12.78,11.5,0.5,1.38,3,1,0.9132870813397129,0.4262001513301674
1676,,after_candidate_limit,,1291,51,16,51,12.78,7.67,0.5,2,6,2,0.9032478468899522,0.4261243606528516
1677,,after_candidate_limit,,961,38,11,38,12.78,3.83,1.33,2,3,2,0.9198655502392344,0.4261079252537997
1678,,after_candidate_limit,,986,39,11,39,12.78,3.83,1.33,3.67,3,2,0.9198674641148326,0.4260630190355489
1679,,after_candidate_limit,,280,11,5,11,11.67,3.5,1.33,3.67,2,1,0.9228535885167464,0.42596284137296053
1680,,after_candidate_limit,,2295,91,20,91,15,4.5,0.5,0.75,20,1,0.9078468899521531,0.42590314477545677
1681,,after_candidate_limit,,2110,84,10,84,15,13.5,0.5,0.75,3,1,0.9083473684210527,0.4258393756379842
1682,,after_candidate_limit,,62,2,12,2,11.67,10.5,0.5,2,3,3,0.9231511961722488,0.42568831626694414
1683,,after_candidate_limit,,3860,154,10,154,9.44,5.66,0.5,0.75,3,1,0.9155224880382775,0.4255607078898884
1684,,after_candidate_limit,,83,3,8,3,11.67,10.5,1.33,2,2,8,0.9226444976076555,0.4254995463346324
1685,,after_candidate_limit,,1036,41,11,41,12.78,3.83,3,4.5,3,2,0.9110507177033493,0.42549164580582094
1686,,after_candidate_limit,,35,1,10,1,11.67,10.5,0.5,1.38,3,1,0.9174277511961723,0.42544977330327505
1687,,after_candidate_limit,,61,2,11,2,11.67,10.5,0.5,2,3,2,0.9224602870813398,0.4253864027686979
1688,,after_candidate_limit,,1012,40,12,40,12.78,3.83,2.17,3.25,3,3,0.9151923444976077,0.42538265454692276
1689,,after_candidate_limit,,987,39,12,39,12.78,3.83,1.33,3.67,3,3,0.9197143540669857,0.4251798593536269
1690,,after_candidate_limit,,187,7,12,7,11.67,3.5,0.5,0.75,3,3,0.9238497607655503,0.425135222039798
1691,,after_candidate_limit,,962,38,12,38,12.78,3.83,1.33,2,3,3,0.919698086124402,0.4250763985516102
1692,,after_candidate_limit,,1487,59,12,59,13.89,12.5,1.33,2,3,3,0.9155511961722488,0.4250509097559456
1693,,after_candidate_limit,,4101,164,1,164,9.44,8.5,1.33,2,1,2,0.9287167464114833,0.4249054547597592
1694,,after_candidate_limit,,237,9,12,9,11.67,3.5,0.5,2,3,3,0.9238483253588516,0.4247888487642488
1695,,after_candidate_limit,,212,8,12,8,11.67,3.5,0.5,1.38,3,3,0.9238406698564593,0.4247045508911478
1696,,after_candidate_limit,,2568,102,18,102,15,6.75,1.33,3.67,6,8,0.9150033492822967,0.42468393342578287
1697,,after_candidate_limit,,788,31,13,31,12.78,11.5,1.33,2,3,8,0.9195971291866029,0.42468121666088604
1698,,after_candidate_limit,,2543,101,18,101,15,6.75,1.33,2,6,8,0.9150014354066985,0.42466861360622077
1699,,after_candidate_limit,,1037,41,12,41,12.78,3.83,3,4.5,3,3,0.910911961722488,0.424666816386868
1700,,after_candidate_limit,,2618,104,18,104,15,6.75,3,4.5,6,8,0.9111732057416267,0.4246508366211168
1701,,after_candidate_limit,,813,32,13,32,12.78,11.5,1.33,3.67,3,8,0.9194952153110048,0.4244151986903687
1702,,after_candidate_limit,,3197,127,22,127,5,3,0.5,1.38,20,3,0.812954066985646,0.42441173369866825
1703,,after_candidate_limit,,2368,94,18,94,15,4.5,1.33,2,6,8,0.9149727272727273,0.4244041730908927
1704,,after_candidate_limit,,2369,94,19,94,15,4.5,1.33,2,6,15,0.9149727272727273,0.4244041730908927
1705,,after_candidate_limit,,2393,95,18,95,15,4.5,1.33,3.67,6,8,0.9149727272727273,0.4244041730908927
1706,,after_candidate_limit,,2394,95,19,95,15,4.5,1.33,3.67,6,15,0.9149727272727273,0.4244041730908927
1707,,after_candidate_limit,,2544,101,19,101,15,6.75,1.33,2,6,15,0.9149727272727273,0.4244041730908927
1708,,after_candidate_limit,,2569,102,19,102,15,6.75,1.33,3.67,6,15,0.9149727272727273,0.4244041730908927
1709,,after_candidate_limit,,3222,128,22,128,5,3,0.5,2,20,3,0.8129502392344498,0.42439250239340987
1710,,after_candidate_limit,,2443,97,18,97,15,4.5,3,4.5,6,8,0.9111406698564594,0.42435056618807643
1711,,after_candidate_limit,,2444,97,19,97,15,4.5,3,4.5,6,15,0.9111406698564594,0.42435056618807643
1712,,after_candidate_limit,,2619,104,19,104,15,6.75,3,4.5,6,15,0.9111406698564594,0.42435056618807643
1713,,after_candidate_limit,,2744,109,19,109,15,9,1.33,3.67,6,15,0.9149746411483254,0.42426724520061376
1714,,after_candidate_limit,,2794,111,19,111,15,9,3,4.5,6,15,0.9111435406698565,0.42422318603621056
1715,,after_candidate_limit,,2997,119,22,119,5,2.25,0.5,0.75,20,3,0.8129086124401914,0.42406926366748504
1716,,after_candidate_limit,,3975,159,0,159,9.44,5.66,2.17,3.25,1,1,0.9175665071770335,0.4239005991837364
1717,,after_candidate_limit,,839,33,14,33,12.78,11.5,2.17,3.25,3,15,0.9150688995215311,0.42388257917497413
1718,,after_candidate_limit,,431,17,6,17,11.67,5.25,1.33,2,2,2,0.9226598086124402,0.4237706244225142
1719,,after_candidate_limit,,864,34,14,34,12.78,11.5,3,4.5,3,15,0.9108306220095693,0.4237530666045323
1720,,after_candidate_limit,,2186,87,11,87,15,13.5,1.33,2,3,2,0.9116023923444976,0.4237459570639635
1721,,after_candidate_limit,,1419,56,19,56,13.89,12.5,0.5,0.75,6,15,0.9103516746411483,0.4233592203636123
1722,,after_candidate_limit,,681,27,6,27,11.67,7,3,4.5,2,2,0.9114425837320574,0.4233509071860831
1723,,after_candidate_limit,,456,18,6,18,11.67,5.25,1.33,3.67,2,2,0.9226057416267942,0.42328442952442763
1724,,after_candidate_limit,,814,32,14,32,12.78,11.5,1.33,3.67,3,15,0.9195535885167464,0.42328329853083096
1725,,after_candidate_limit,,2719,108,19,108,15,9,1.33,2,6,15,0.9149617224880383,0.4232709940347317
1726,,after_candidate_limit,,2593,103,18,103,15,6.75,2.17,3.25,6,8,0.9083253588516746,0.4231414287328103
1727,,after_candidate_limit,,789,31,14,31,12.78,11.5,1.33,2,3,15,0.9195344497607656,0.4230825234156923
1728,,after_candidate_limit,,1968,78,18,78,13.89,8.33,0.5,1.38,6,8,0.9109545454545455,0.4229428895268438
1729,,after_candidate_limit,,2418,96,18,96,15,4.5,2.17,3.25,6,8,0.9082937799043063,0.4228499820644787
1730,,after_candidate_limit,,2419,96,19,96,15,4.5,2.17,3.25,6,15,0.9082937799043063,0.4228499820644787
1731,,after_candidate_limit,,2594,103,19,103,15,6.75,2.17,3.25,6,15,0.9082937799043063,0.4228499820644787
1732,,after_candidate_limit,,2570,102,20,102,15,6.75,1.33,3.67,20,1,0.9026688995215311,0.422793533151749
1733,,after_candidate_limit,,2769,110,19,110,15,9,2.17,3.25,6,15,0.9082966507177034,0.4227230963728003
1734,,after_candidate_limit,,64,2,14,2,11.67,10.5,0.5,2,3,15,0.9233904306220095,0.4226477522403006
1735,,after_candidate_limit,,1444,57,19,57,13.89,12.5,0.5,1.38,6,15,0.9102827751196172,0.42253497868394485
1736,,after_candidate_limit,,82,3,7,3,11.67,10.5,1.33,2,2,3,0.9222354066985646,0.42236909268935013
1737,,after_candidate_limit,,2846,113,21,113,5,1.5,0.5,1.38,20,2,0.8128545454545455,0.4222565217109775
1738,,after_candidate_limit,,4150,166,0,166,9.44,8.5,2.17,3.25,1,1,0.917555980861244,0.4222475568422553
1739,,after_candidate_limit,,3775,151,0,151,9.44,4.25,1.33,3.67,1,1,0.9285913875598086,0.42218480551938226
1740,,after_candidate_limit,,2822,112,22,112,5,1.5,0.5,0.75,20,3,0.8128019138755981,0.4217394187349472
1741,,after_candidate_limit,,1665,66,15,66,13.89,4.17,1.33,2,6,1,0.9056153110047847,0.42139723739145957
1742,,after_candidate_limit,,1993,79,18,79,13.89,8.33,0.5,2,6,8,0.9109473684210526,0.42131456935373784
1743,,after_candidate_limit,,1555,62,5,62,13.89,12.5,3,4.5,2,1,0.9234033492822966,0.42130230839783583
1744,,after_candidate_limit,,1469,58,19,58,13.89,12.5,0.5,2,6,15,0.9101301435406699,0.42127364870230566
1745,,after_candidate_limit,,3022,120,22,120,5,2.25,0.5,1.38,20,3,0.8127478468899522,0.4212270843642504
1746,,after_candidate_limit,,133,5,8,5,11.67,10.5,2.17,3.25,2,8,0.9168416267942584,0.4212254726475461
1747,,after_candidate_limit,,432,17,7,17,11.67,5.25,1.33,2,2,3,0.9223435406698565,0.4211733642118859
1748,,after_candidate_limit,,39,1,14,1,11.67,10.5,0.5,1.38,3,15,0.9234033492822966,0.4211356559016101
1749,,after_candidate_limit,,4000,160,0,160,9.44,5.66,3,4.5,1,1,0.9098315789473684,0.42109564292270096
1750,,after_candidate_limit,,3705,148,5,148,9.44,4.25,0.5,1.38,2,1,0.9275492822966507,0.421010468184399
1751,,after_candidate_limit,,107,4,7,4,11.67,10.5,1.33,3.67,2,3,0.9222057416267943,0.42078975141521435
1752,,after_candidate_limit,,3505,140,5,140,9.44,2.83,0.5,0.75,2,1,0.9271617224880383,0.4207562095927307
1753,,after_candidate_limit,,607,24,7,24,11.67,7,1.33,2,2,3,0.9224636363636364,0.4207311107053927
1754,,after_candidate_limit,,2066,82,16,82,13.89,8.33,2.17,3.25,6,2,0.8904741626794258,0.4206586130089037
1755,,after_candidate_limit,,457,18,7,18,11.67,5.25,1.33,3.67,2,3,0.9223473684210526,0.4204213598962408
1756,,after_candidate_limit,,4102,164,2,164,9.44,8.5,1.33,2,1,3,0.9281593301435407,0.42013950302894415
1757,,after_candidate_limit,,2871,114,21,114,5,1.5,0.5,2,20,2,0.8127401913875598,0.42009747218724297
1758,,after_candidate_limit,,2269,90,19,90,15,13.5,3,4.5,6,15,0.9072358851674641,0.42007161097101753
1759,,after_candidate_limit,,4175,167,0,167,9.44,8.5,3,4.5,1,1,0.909688995215311,0.4198996428964602
1760,,after_candidate_limit,,2545,101,20,101,15,6.75,1.33,2,20,1,0.9026023923444976,0.41988964944088975
1761,,after_candidate_limit,,3047,121,22,121,5,2.25,0.5,2,20,3,0.8126751196172248,0.41984784457672103
1762,,after_candidate_limit,,281,11,6,11,11.67,3.5,1.33,3.67,2,2,0.9222784688995216,0.4198312125817965
1763,,after_candidate_limit,,256,10,6,10,11.67,3.5,1.33,2,2,2,0.9222736842105264,0.4197836321354523
1764,,after_candidate_limit,,4056,162,6,162,9.44,8.5,0.5,1.38,2,2,0.9275617224880383,0.41976788517983954
1765,,after_candidate_limit,,2017,80,17,80,13.89,8.33,1.33,2,6,3,0.9052511961722488,0.4197400236316905
1766,,after_candidate_limit,,158,6,8,6,11.67,10.5,3,4.5,2,8,0.9112210526315789,0.41971441647503116
1767,,after_candidate_limit,,4127,165,2,165,9.44,8.5,1.33,3.67,1,3,0.928101913875598,0.4196277262502843
1768,,after_candidate_limit,,305,12,5,12,11.67,3.5,2.17,3.25,2,1,0.9169650717703349,0.41953380406923596
1769,,after_candidate_limit,,2194,87,19,87,15,13.5,1.33,2,6,15,0.9113612440191388,0.41948057134806543
1770,,after_candidate_limit,,1795,71,20,71,13.89,6.25,0.5,1.38,20,1,0.9067985645933014,0.419285965805945
1771,,after_candidate_limit,,2236,89,11,89,15,13.5,2.17,3.25,3,2,0.9108430622009569,0.41915098859371797
1772,,after_candidate_limit,,632,25,7,25,11.67,7,1.33,3.67,2,3,0.9224004784688995,0.41892193042279974
1773,,after_candidate_limit,,1363,54,13,54,12.78,7.67,2.17,3.25,3,8,0.9148311004784689,0.4187663446631748
1774,,after_candidate_limit,,2847,113,22,113,5,1.5,0.5,1.38,20,3,0.8125985645933015,0.4187651402633015
1775,,after_candidate_limit,,2219,88,19,88,15,13.5,1.33,3.67,6,15,0.9108129186602871,0.41873523793655637
1776,,after_candidate_limit,,2261,90,11,90,15,13.5,3,4.5,3,2,0.9126976076555023,0.41870219022752303
1777,,after_candidate_limit,,1338,53,13,53,12.78,7.67,1.33,3.67,3,8,0.9193588516746412,0.41869958200467133
1778,,after_candidate_limit,,282,11,7,11,11.67,3.5,1.33,3.67,2,3,0.9221090909090909,0.41865715046829327
1779,,after_candidate_limit,,1313,52,13,52,12.78,7.67,1.33,2,3,8,0.9193157894736842,0.41861935547099866
1780,,after_candidate_limit,,1242,49,17,49,12.78,7.67,0.5,0.75,6,3,0.9028516746411483,0.41856247771824273
1781,,after_candidate_limit,,81,3,6,3,11.67,10.5,1.33,2,2,2,0.9222708133971292,0.4185557299990507
1782,,after_candidate_limit,,257,10,7,10,11.67,3.5,1.33,2,2,3,0.9220956937799043,0.418541131192475
1783,,after_candidate_limit,,760,30,10,30,12.78,11.5,0.5,2,3,1,0.9118976076555024,0.41839685974459967
1784,,after_candidate_limit,,4081,163,6,163,9.44,8.5,0.5,2,2,2,0.9274162679425837,0.41837618865600024
1785,,after_candidate_limit,,435,17,10,17,11.67,5.25,1.33,2,3,1,0.90728995215311,0.4183443618573192
1786,,after_candidate_limit,,2091,83,16,83,13.89,8.33,3,4.5,6,2,0.8926751196172249,0.4182062420098554
1787,,after_candidate_limit,,1066,42,16,42,12.78,5.75,0.5,0.75,6,2,0.9030822966507177,0.41818824682909267
1788,,after_candidate_limit,,2244,89,19,89,15,13.5,2.17,3.25,6,15,0.9044363636363636,0.4181878570442885
1789,,after_candidate_limit,,915,36,15,36,12.78,3.83,0.5,1.38,6,1,0.9032086124401913,0.41815076876838103
1790,,after_candidate_limit,,3575,143,0,143,9.44,2.83,1.33,2,1,1,0.9282062200956938,0.41806672602143663
1791,,after_candidate_limit,,1768,70,18,70,13.89,6.25,0.5,0.75,6,8,0.9108794258373206,0.4180051245128102
1792,,after_candidate_limit,,109,4,9,4,11.67,10.5,1.33,3.67,2,15,0.9217885167464115,0.41800184397140044
1793,,after_candidate_limit,,2042,81,17,81,13.89,8.33,1.33,3.67,6,3,0.9051717703349282,0.41796523178978057
1794,,after_candidate_limit,,1435,57,10,57,13.89,12.5,0.5,1.38,3,1,0.9078114832535885,0.4179564809198447
1795,,after_candidate_limit,,3600,144,0,144,9.44,2.83,1.33,3.67,1,1,0.9282114832535885,0.4179300350911424
1796,,after_candidate_limit,,4031,161,6,161,9.44,8.5,0.5,0.75,2,2,0.9277406698564593,0.41781282833804717
1797,,after_candidate_limit,,1388,55,13,55,12.78,7.67,3,4.5,3,8,0.9105602870813397,0.417746138041329
1798,,after_candidate_limit,,2620,104,20,104,15,6.75,3,4.5,20,1,0.886766985645933,0.4175835816405719
1799,,after_candidate_limit,,14,0,14,0,11.67,10.5,0.5,0.75,3,15,0.923356937799043,0.417554723902145
1800,,after_candidate_limit,,2211,88,11,88,15,13.5,1.33,3.67,3,2,0.9098866028708134,0.41747197233277694
1801,,after_candidate_limit,,390,15,15,15,11.67,5.25,0.5,1.38,6,1,0.9050483253588517,0.41729787415250746
1802,,after_candidate_limit,,1818,72,18,72,13.89,6.25,0.5,2,6,8,0.9108846889952154,0.4171589764713768
1803,,after_candidate_limit,,1793,71,18,71,13.89,6.25,0.5,1.38,6,8,0.9108808612440191,0.4171225725664843
1804,,after_candidate_limit,,84,3,9,3,11.67,10.5,1.33,2,2,15,0.9217583732057416,0.41706175709026794
1805,,after_candidate_limit,,2872,114,22,114,5,1.5,0.5,2,20,3,0.8125153110047847,0.41699848279711554
1806,,after_candidate_limit,,1593,63,18,63,13.89,4.17,0.5,0.75,6,8,0.9108684210526315,0.41699303487790196
1807,,after_candidate_limit,,1594,63,19,63,13.89,4.17,0.5,0.75,6,15,0.9108684210526315,0.41699303487790196
1808,,after_candidate_limit,,1618,64,18,64,13.89,4.17,0.5,1.38,6,8,0.9108684210526315,0.41699303487790196
1809,,after_candidate_limit,,1619,64,19,64,13.89,4.17,0.5,1.38,6,15,0.9108684210526315,0.41699303487790196
1810,,after_candidate_limit,,1643,65,18,65,13.89,4.17,0.5,2,6,8,0.9108684210526315,0.41699303487790196
1811,,after_candidate_limit,,1644,65,19,65,13.89,4.17,0.5,2,6,15,0.9108684210526315,0.41699303487790196
1812,,after_candidate_limit,,1769,70,19,70,13.89,6.25,0.5,0.75,6,15,0.9108684210526315,0.41699303487790196
1813,,after_candidate_limit,,1794,71,19,71,13.89,6.25,0.5,1.38,6,15,0.9108684210526315,0.41699303487790196
1814,,after_candidate_limit,,1819,72,19,72,13.89,6.25,0.5,2,6,15,0.9108684210526315,0.41699303487790196
1815,,after_candidate_limit,,1969,78,19,78,13.89,8.33,0.5,1.38,6,15,0.9108684210526315,0.41699303487790196
1816,,after_candidate_limit,,1994,79,19,79,13.89,8.33,0.5,2,6,15,0.9108684210526315,0.41699303487790196
1817,,after_candidate_limit,,330,13,5,13,11.67,3.5,3,4.5,2,1,0.9113531100478469,0.41689851219407326
1818,,after_candidate_limit,,1820,72,20,72,13.89,6.25,0.5,2,20,1,0.9067373205741627,0.4168736760782792
1819,,after_candidate_limit,,3730,149,5,149,9.44,4.25,0.5,2,2,1,0.9273688995215311,0.4166863032419322
1820,,after_candidate_limit,,481,19,6,19,11.67,5.25,2.17,3.25,2,2,0.9167387559808613,0.41661936811410916
1821,,after_candidate_limit,,80,3,5,3,11.67,10.5,1.33,2,2,1,0.9199511961722489,0.41658680111346347
1822,,after_candidate_limit,,1486,59,11,59,13.89,12.5,1.33,2,3,2,0.9130368421052631,0.4164117545252245
1823,,after_candidate_limit,,538,21,13,21,11.67,7,0.5,0.75,3,8,0.9234119617224881,0.41635800940144235
1824,,after_candidate_limit,,3348,133,23,133,5,4.5,0.5,0.75,20,8,0.8125066985645933,0.41633473022893236
1825,,after_candidate_limit,,2823,112,23,112,5,1.5,0.5,0.75,20,8,0.8125062200956937,0.4162944704886726
1826,,after_candidate_limit,,2824,112,24,112,5,1.5,0.5,0.75,20,15,0.8125062200956937,0.4162944704886726
1827,,after_candidate_limit,,2848,113,23,113,5,1.5,0.5,1.38,20,8,0.8125062200956937,0.4162944704886726
1828,,after_candidate_limit,,2849,113,24,113,5,1.5,0.5,1.38,20,15,0.8125062200956937,0.4162944704886726
1829,,after_candidate_limit,,2873,114,23,114,5,1.5,0.5,2,20,8,0.8125062200956937,0.4162944704886726
1830,,after_candidate_limit,,2874,114,24,114,5,1.5,0.5,2,20,15,0.8125062200956937,0.4162944704886726
1831,,after_candidate_limit,,2998,119,23,119,5,2.25,0.5,0.75,20,8,0.8125062200956937,0.4162944704886726
1832,,after_candidate_limit,,2999,119,24,119,5,2.25,0.5,0.75,20,15,0.8125062200956937,0.4162944704886726
1833,,after_candidate_limit,,3023,120,23,120,5,2.25,0.5,1.38,20,8,0.8125062200956937,0.4162944704886726
1834,,after_candidate_limit,,3024,120,24,120,5,2.25,0.5,1.38,20,15,0.8125062200956937,0.4162944704886726
1835,,after_candidate_limit,,3048,121,23,121,5,2.25,0.5,2,20,8,0.8125062200956937,0.4162944704886726
1836,,after_candidate_limit,,3049,121,24,121,5,2.25,0.5,2,20,15,0.8125062200956937,0.4162944704886726
1837,,after_candidate_limit,,3173,126,23,126,5,3,0.5,0.75,20,8,0.8125062200956937,0.4162944704886726
1838,,after_candidate_limit,,3174,126,24,126,5,3,0.5,0.75,20,15,0.8125062200956937,0.4162944704886726
1839,,after_candidate_limit,,3198,127,23,127,5,3,0.5,1.38,20,8,0.8125062200956937,0.4162944704886726
1840,,after_candidate_limit,,3199,127,24,127,5,3,0.5,1.38,20,15,0.8125062200956937,0.4162944704886726
1841,,after_candidate_limit,,3223,128,23,128,5,3,0.5,2,20,8,0.8125062200956937,0.4162944704886726
1842,,after_candidate_limit,,3224,128,24,128,5,3,0.5,2,20,15,0.8125062200956937,0.4162944704886726
1843,,after_candidate_limit,,3349,133,24,133,5,4.5,0.5,0.75,20,15,0.8125062200956937,0.4162944704886726
1844,,after_candidate_limit,,3373,134,23,134,5,4.5,0.5,1.38,20,8,0.8125062200956937,0.4162944704886726
1845,,after_candidate_limit,,3374,134,24,134,5,4.5,0.5,1.38,20,15,0.8125062200956937,0.4162944704886726
1846,,after_candidate_limit,,3398,135,23,135,5,4.5,0.5,2,20,8,0.8125062200956937,0.4162944704886726
1847,,after_candidate_limit,,3399,135,24,135,5,4.5,0.5,2,20,15,0.8125062200956937,0.4162944704886726
1848,,after_candidate_limit,,60,2,10,2,11.67,10.5,0.5,2,3,1,0.9162622009569378,0.41604156375992535
1849,,after_candidate_limit,,1690,67,15,67,13.89,4.17,1.33,3.67,6,1,0.9054909090909091,0.41578352406348695
1850,,after_candidate_limit,,3926,157,1,157,9.44,5.66,1.33,2,1,2,0.9281650717703349,0.41563511447223456
1851,,after_candidate_limit,,460,18,10,18,11.67,5.25,1.33,3.67,3,1,0.9072851674641148,0.415551310156608
1852,,after_candidate_limit,,1512,60,12,60,13.89,12.5,1.33,3.67,3,3,0.915177033492823,0.4153450738263653
1853,,after_candidate_limit,,1267,50,17,50,12.78,7.67,0.5,1.38,6,3,0.9027253588516746,0.4152392099175336
1854,,after_candidate_limit,,3951,158,1,158,9.44,5.66,1.33,3.67,1,2,0.9281545454545455,0.4151400413108047
1855,,after_candidate_limit,,3927,157,2,157,9.44,5.66,1.33,2,1,3,0.9279464114832536,0.4151220284279139
1856,,after_candidate_limit,,4151,166,1,166,9.44,8.5,2.17,3.25,1,2,0.9167114832535885,0.4150427763171785
1857,,after_candidate_limit,,1944,77,19,77,13.89,8.33,0.5,0.75,6,15,0.9108114832535885,0.4150305037596218
1858,,after_candidate_limit,,3952,158,2,158,9.44,5.66,1.33,3.67,1,3,0.9278808612440191,0.4147084399235927
1859,,after_candidate_limit,,3751,150,1,150,9.44,4.25,1.33,2,1,2,0.9278976076555024,0.4146755715154292
1860,,after_candidate_limit,,3776,151,1,151,9.44,4.25,1.33,3.67,1,2,0.9279071770334928,0.41448351555324703
1861,,after_candidate_limit,,132,5,7,5,11.67,10.5,2.17,3.25,2,3,0.9162684210526316,0.41444310725867645
1862,,after_candidate_limit,,3856,154,6,154,9.44,5.66,0.5,0.75,2,2,0.9269732057416268,0.41442538282670544
1863,,after_candidate_limit,,563,22,13,22,11.67,7,0.5,1.38,3,8,0.9234114832535886,0.41441091357836396
1864,,after_candidate_limit,,588,23,13,23,11.67,7,0.5,2,3,8,0.9234119617224881,0.41430683853311245
1865,,after_candidate_limit,,506,20,6,20,11.67,5.25,3,4.5,2,2,0.9110717703349283,0.4142221068070987
1866,,after_candidate_limit,,1443,57,18,57,13.89,12.5,0.5,1.38,6,8,0.9066138755980861,0.4141691335139183
1867,,after_candidate_limit,,1841,73,16,73,13.89,6.25,1.33,2,6,2,0.9052449760765551,0.41400967746387546
1868,,after_candidate_limit,,482,19,7,19,11.67,5.25,2.17,3.25,2,3,0.9164684210526316,0.41393355596834164
1869,,after_candidate_limit,,940,37,15,37,12.78,3.83,0.5,2,6,1,0.903011961722488,0.41374954617135834
1870,,after_candidate_limit,,4176,167,1,167,9.44,8.5,3,4.5,1,2,0.9089459330143541,0.4136717111493144
1871,,after_candidate_limit,,1468,58,18,58,13.89,12.5,0.5,2,6,8,0.906322009569378,0.413575300330105
1872,,after_candidate_limit,,3885,155,10,155,9.44,5.66,0.5,1.38,3,1,0.915355980861244,0.41341862669259777
1873,,after_candidate_limit,,306,12,6,12,11.67,3.5,2.17,3.25,2,2,0.9164066985645933,0.4133231872296944
1874,,after_candidate_limit,,413,16,13,16,11.67,5.25,0.5,2,3,8,0.9233870813397129,0.41326471306426077
1875,,after_candidate_limit,,363,14,13,14,11.67,5.25,0.5,0.75,3,8,0.9233851674641148,0.41324205885773097
1876,,after_candidate_limit,,388,15,13,15,11.67,5.25,0.5,1.38,3,8,0.9233851674641148,0.41324205885773097
1877,,after_candidate_limit,,188,7,13,7,11.67,3.5,0.5,0.75,3,8,0.9233842105263158,0.4132306767439098
1878,,after_candidate_limit,,189,7,14,7,11.67,3.5,0.5,0.75,3,15,0.9233842105263158,0.4132306767439098
1879,,after_candidate_limit,,213,8,13,8,11.67,3.5,0.5,1.38,3,8,0.9233842105263158,0.4132306767439098
1880,,after_candidate_limit,,214,8,14,8,11.67,3.5,0.5,1.38,3,15,0.9233842105263158,0.4132306767439098
1881,,after_candidate_limit,,238,9,13,9,11.67,3.5,0.5,2,3,8,0.9233842105263158,0.4132306767439098
1882,,after_candidate_limit,,239,9,14,9,11.67,3.5,0.5,2,3,15,0.9233842105263158,0.4132306767439098
1883,,after_candidate_limit,,364,14,14,14,11.67,5.25,0.5,0.75,3,15,0.9233842105263158,0.4132306767439098
1884,,after_candidate_limit,,389,15,14,15,11.67,5.25,0.5,1.38,3,15,0.9233842105263158,0.4132306767439098
1885,,after_candidate_limit,,414,16,14,16,11.67,5.25,0.5,2,3,15,0.9233842105263158,0.4132306767439098
1886,,after_candidate_limit,,539,21,14,21,11.67,7,0.5,0.75,3,15,0.9233842105263158,0.4132306767439098
1887,,after_candidate_limit,,564,22,14,22,11.67,7,0.5,1.38,3,15,0.9233842105263158,0.4132306767439098
1888,,after_candidate_limit,,589,23,14,23,11.67,7,0.5,2,3,15,0.9233842105263158,0.4132306767439098
1889,,after_candidate_limit,,106,4,6,4,11.67,10.5,1.33,3.67,2,2,0.9218373205741627,0.4132134885383915
1890,,after_candidate_limit,,3777,151,2,151,9.44,4.25,1.33,3.67,1,3,0.9277430622009569,0.41313376060463414
1891,,after_candidate_limit,,1163,46,13,46,12.78,5.75,1.33,3.67,3,8,0.9192023923444976,0.41312811076063344
1892,,after_candidate_limit,,1138,45,13,45,12.78,5.75,1.33,2,3,8,0.9191976076555024,0.41308161653988024
1893,,after_candidate_limit,,1188,47,13,47,12.78,5.75,2.17,3.25,3,8,0.9146803827751196,0.4130694381359468
1894,,after_candidate_limit,,1292,51,17,51,12.78,7.67,0.5,2,6,3,0.9027138755980861,0.41305954316330246
1895,,after_candidate_limit,,963,38,13,38,12.78,3.83,1.33,2,3,8,0.919188995215311,0.41299258869087246
1896,,after_candidate_limit,,964,38,14,38,12.78,3.83,1.33,2,3,15,0.919188995215311,0.41299258869087246
1897,,after_candidate_limit,,988,39,13,39,12.78,3.83,1.33,3.67,3,8,0.919188995215311,0.41299258869087246
1898,,after_candidate_limit,,989,39,14,39,12.78,3.83,1.33,3.67,3,15,0.919188995215311,0.41299258869087246
1899,,after_candidate_limit,,1139,45,14,45,12.78,5.75,1.33,2,3,15,0.919188995215311,0.41299258869087246
1900,,after_candidate_limit,,1164,46,14,46,12.78,5.75,1.33,3.67,3,15,0.919188995215311,0.41299258869087246
1901,,after_candidate_limit,,1314,52,14,52,12.78,7.67,1.33,2,3,15,0.919188995215311,0.41299258869087246
1902,,after_candidate_limit,,1339,53,14,53,12.78,7.67,1.33,3.67,3,15,0.919188995215311,0.41299258869087246
1903,,after_candidate_limit,,1013,40,13,40,12.78,3.83,2.17,3.25,3,8,0.9146688995215311,0.4129511246237351
1904,,after_candidate_limit,,1014,40,14,40,12.78,3.83,2.17,3.25,3,15,0.9146688995215311,0.4129511246237351
1905,,after_candidate_limit,,1189,47,14,47,12.78,5.75,2.17,3.25,3,15,0.9146688995215311,0.4129511246237351
1906,,after_candidate_limit,,1364,54,14,54,12.78,7.67,2.17,3.25,3,15,0.9146688995215311,0.4129511246237351
1907,,after_candidate_limit,,1418,56,18,56,13.89,12.5,0.5,0.75,6,8,0.9060602870813397,0.4129408578651933
1908,,after_candidate_limit,,3752,150,2,150,9.44,4.25,1.33,2,1,3,0.9277143540669857,0.41283533971477904
1909,,after_candidate_limit,,4057,162,7,162,9.44,8.5,0.5,1.38,2,3,0.9269224880382775,0.4127206920163318
1910,,after_candidate_limit,,2118,84,18,84,15,13.5,0.5,0.75,6,8,0.9013521531100478,0.4126167819598228
1911,,after_candidate_limit,,3576,143,1,143,9.44,2.83,1.33,2,1,2,0.9276866028708134,0.41253159043311177
1912,,after_candidate_limit,,657,26,7,26,11.67,7,2.17,3.25,2,3,0.9165148325358852,0.4124896979147409
1913,,after_candidate_limit,,3601,144,1,144,9.44,2.83,1.33,3.67,1,2,0.927698086124402,0.41245497259821895
1914,,after_candidate_limit,,1213,48,13,48,12.78,5.75,3,4.5,3,8,0.9103961722488039,0.4122680242256328
1915,,after_candidate_limit,,307,12,7,12,11.67,3.5,2.17,3.25,2,3,0.916243062200957,0.4121835761686588
1916,,after_candidate_limit,,541,21,16,21,11.67,7,0.5,0.75,6,2,0.9043784688995216,0.412171250381984
1917,,after_candidate_limit,,1038,41,13,41,12.78,3.83,3,4.5,3,8,0.9103799043062201,0.41210369206388675
1918,,after_candidate_limit,,1039,41,14,41,12.78,3.83,3,4.5,3,15,0.9103799043062201,0.41210369206388675
1919,,after_candidate_limit,,1214,48,14,48,12.78,5.75,3,4.5,3,15,0.9103799043062201,0.41210369206388675
1920,,after_candidate_limit,,1389,55,14,55,12.78,7.67,3,4.5,3,15,0.9103799043062201,0.41210369206388675
1921,,after_candidate_limit,,1537,61,12,61,13.89,12.5,2.17,3.25,3,3,0.9142775119617225,0.41208408059984164
1922,,after_candidate_limit,,2471,98,21,98,15,6.75,0.5,0.75,20,2,0.9072253588516747,0.4119258688864714
1923,,after_candidate_limit,,4082,163,7,163,9.44,8.5,0.5,2,2,3,0.9269205741626795,0.411913274639563
1924,,after_candidate_limit,,134,5,9,5,11.67,10.5,2.17,3.25,2,15,0.9159444976076555,0.4117343293895323
1925,,after_candidate_limit,,2135,85,10,85,15,13.5,0.5,1.38,3,1,0.9036105263157894,0.41166403002451935
1926,,after_candidate_limit,,3800,152,0,152,9.44,4.25,2.17,3.25,1,1,0.9166062200956938,0.41161961954631215
1927,,after_candidate_limit,,507,20,7,20,11.67,5.25,3,4.5,2,3,0.9108574162679426,0.41148336158908627
1928,,after_candidate_limit,,157,6,7,6,11.67,10.5,3,4.5,2,3,0.9105822966507177,0.41140744385373124
1929,,after_candidate_limit,,190,7,15,7,11.67,3.5,0.5,0.75,6,1,0.9044406698564593,0.4112886716875791
1930,,after_candidate_limit,,2143,85,18,85,15,13.5,0.5,1.38,6,8,0.9017320574162679,0.4109032937784139
1931,,after_candidate_limit,,331,13,6,13,11.67,3.5,3,4.5,2,2,0.9107899521531101,0.41089301249869675
1932,,after_candidate_limit,,2646,105,21,105,15,9,0.5,0.75,20,2,0.9025076555023923,0.41073839816578867
1933,,after_candidate_limit,,415,16,15,16,11.67,5.25,0.5,2,6,1,0.9049775119617225,0.41036752740242133
1934,,after_candidate_limit,,1091,43,16,43,12.78,5.75,0.5,1.38,6,2,0.9028722488038278,0.4103671874035924
1935,,after_candidate_limit,,1845,73,20,73,13.89,6.25,1.33,2,20,1,0.8844100478468899,0.4102718557467597
1936,,after_candidate_limit,,105,4,5,4,11.67,10.5,1.33,3.67,2,1,0.9189033492822967,0.41018337374113284
1937,,after_candidate_limit,,1866,74,16,74,13.89,6.25,1.33,3.67,6,2,0.905022009569378,0.4100741468253874
1938,,after_candidate_limit,,2595,103,20,103,15,6.75,2.17,3.25,20,1,0.864711961722488,0.4100208581325406
1939,,after_candidate_limit,,611,24,11,24,11.67,7,1.33,2,3,2,0.9062564593301435,0.4100053180266884
1940,,after_candidate_limit,,1140,45,15,45,12.78,5.75,1.33,2,6,1,0.900788995215311,0.40996564369436167
1941,,after_candidate_limit,,159,6,9,6,11.67,10.5,3,4.5,2,15,0.9103851674641148,0.40993997659231535
1942,,after_candidate_limit,,2067,82,17,82,13.89,8.33,2.17,3.25,6,3,0.8898827751196172,0.4099242225960853
1943,,after_candidate_limit,,332,13,7,13,11.67,3.5,3,4.5,2,3,0.9106421052631579,0.4098994370438443
1944,,after_candidate_limit,,3577,143,2,143,9.44,2.83,1.33,2,1,3,0.927466985645933,0.4098624441598556
1945,,after_candidate_limit,,3602,144,2,144,9.44,2.83,1.33,3.67,1,3,0.9274688995215311,0.40982657149983537
1946,,after_candidate_limit,,682,27,7,27,11.67,7,3,4.5,2,3,0.9108703349282297,0.40947977330998697
1947,,after_candidate_limit,,2168,86,18,86,15,13.5,0.5,2,6,8,0.9010114832535885,0.4091850412515322
1948,,after_candidate_limit,,1842,73,17,73,13.89,6.25,1.33,2,6,3,0.9049253588516747,0.40914797685559384
1949,,after_candidate_limit,,485,19,10,19,11.67,5.25,2.17,3.25,3,1,0.8964277511961722,0.40914219847731126
1950,,after_candidate_limit,,1867,74,17,74,13.89,6.25,1.33,3.67,6,3,0.9049320574162679,0.4089954783478382
1951,,after_candidate_limit,,2320,92,20,92,15,4.5,0.5,1.38,20,1,0.9073894736842105,0.4088738882830035
1952,,after_candidate_limit,,1666,66,16,66,13.89,4.17,1.33,2,6,2,0.9047985645933014,0.40883062388095337
1953,,after_candidate_limit,,1691,67,16,67,13.89,4.17,1.33,3.67,6,2,0.9048028708133972,0.40874682706406995
1954,,after_candidate_limit,,3685,147,10,147,9.44,4.25,0.5,0.75,3,1,0.9146947368421052,0.4086495774087508
1955,,after_candidate_limit,,4035,161,10,161,9.44,8.5,0.5,0.75,3,1,0.9146583732057416,0.4086254517182924
1956,,after_candidate_limit,,891,35,16,35,12.78,3.83,0.5,0.75,6,2,0.9025263157894737,0.40858391902534624
1957,,after_candidate_limit,,1715,68,15,68,13.89,4.17,2.17,3.25,6,1,0.8902076555023923,0.4085610089725382
1958,,after_candidate_limit,,1116,44,16,44,12.78,5.75,0.5,2,6,2,0.9028004784688995,0.40842670530144515
1959,,after_candidate_limit,,4152,166,2,166,9.44,8.5,2.17,3.25,1,3,0.9161234449760766,0.4084048801327312
1960,,after_candidate_limit,,3825,153,0,153,9.44,4.25,3,4.5,1,1,0.9088832535885167,0.4083634545315322
1961,,after_candidate_limit,,633,25,8,25,11.67,7,1.33,3.67,2,8,0.9216956937799043,0.40825703348607684
1962,,after_candidate_limit,,608,24,8,24,11.67,7,1.33,2,2,8,0.9216937799043062,0.40824148600266436
1963,,after_candidate_limit,,1092,43,17,43,12.78,5.75,0.5,1.38,6,3,0.902555980861244,0.40800343333468236
1964,,after_candidate_limit,,1692,67,17,67,13.89,4.17,1.33,3.67,6,3,0.9046622009569378,0.40791413785803565
1965,,after_candidate_limit,,3530,141,5,141,9.44,2.83,0.5,1.38,2,1,0.9267435406698564,0.4079070294466483
1966,,after_candidate_limit,,1667,66,17,66,13.89,4.17,1.33,2,6,3,0.9046526315789474,0.4078652788886377
1967,,after_candidate_limit,,3881,155,6,155,9.44,5.66,0.5,1.38,2,2,0.9268794258373205,0.4077433411527692
1968,,after_candidate_limit,,3910,156,10,156,9.44,5.66,0.5,2,3,1,0.9152918660287082,0.4075908016113782
1969,,after_candidate_limit,,1117,44,17,44,12.78,5.75,0.5,2,6,3,0.9025397129186603,0.4075003141169515
1970,,after_candidate_limit,,1067,42,17,42,12.78,5.75,0.5,0.75,6,3,0.9025717703349282,0.40739310963916414
1971,,after_candidate_limit,,458,18,8,18,11.67,5.25,1.33,3.67,2,8,0.9216727272727273,0.40725641186347006
1972,,after_candidate_limit,,433,17,8,17,11.67,5.25,1.33,2,2,8,0.9216679425837321,0.4072050976244281
1973,,after_candidate_limit,,258,10,8,10,11.67,3.5,1.33,2,2,8,0.921666028708134,0.40718351678405706
1974,,after_candidate_limit,,259,10,9,10,11.67,3.5,1.33,2,2,15,0.921666028708134,0.40718351678405706
1975,,after_candidate_limit,,283,11,8,11,11.67,3.5,1.33,3.67,2,8,0.921666028708134,0.40718351678405706
1976,,after_candidate_limit,,284,11,9,11,11.67,3.5,1.33,3.67,2,15,0.921666028708134,0.40718351678405706
1977,,after_candidate_limit,,434,17,9,17,11.67,5.25,1.33,2,2,15,0.921666028708134,0.40718351678405706
1978,,after_candidate_limit,,459,18,9,18,11.67,5.25,1.33,3.67,2,15,0.921666028708134,0.40718351678405706
1979,,after_candidate_limit,,609,24,9,24,11.67,7,1.33,2,2,15,0.921666028708134,0.40718351678405706
1980,,after_candidate_limit,,634,25,9,25,11.67,7,1.33,3.67,2,15,0.921666028708134,0.40718351678405706
1981,,after_candidate_limit,,2496,99,21,99,15,6.75,0.5,1.38,20,2,0.9069875598086125,0.4070478088716876
1982,,after_candidate_limit,,1511,60,11,60,13.89,12.5,1.33,3.67,3,2,0.9121435406698565,0.4070358775621983
1983,,after_candidate_limit,,510,20,10,20,11.67,5.25,3,4.5,3,1,0.9003416267942583,0.4070282648446517
1984,,after_candidate_limit,,2092,83,17,83,13.89,8.33,3,4.5,6,3,0.8919851674641148,0.40700461636859353
1985,,after_candidate_limit,,4177,167,2,167,9.44,8.5,3,4.5,1,3,0.908422009569378,0.4069386028917234
1986,,after_candidate_limit,,1315,52,15,52,12.78,7.67,1.33,2,6,1,0.9005956937799043,0.40679914557287056
1987,,after_candidate_limit,,3625,145,0,145,9.44,2.83,2.17,3.25,1,1,0.9162177033492823,0.4065527903434168
1988,,after_candidate_limit,,4032,161,7,161,9.44,8.5,0.5,0.75,2,3,0.9269703349282297,0.406518147380583
1989,,after_candidate_limit,,916,36,16,36,12.78,3.83,0.5,1.38,6,2,0.9024727272727273,0.4064838322895175
1990,,after_candidate_limit,,566,22,16,22,11.67,7,0.5,1.38,6,2,0.9042703349282296,0.40648321670157195
1991,,after_candidate_limit,,131,5,6,5,11.67,10.5,2.17,3.25,2,2,0.916034928229665,0.4064040013392145
1992,,after_candidate_limit,,4103,164,3,164,9.44,8.5,1.33,2,1,8,0.9273220095693779,0.4063251755205091
1993,,after_candidate_limit,,1562,62,12,62,13.89,12.5,3,4.5,3,3,0.9104497607655503,0.40624321944636116
1994,,after_candidate_limit,,941,37,16,37,12.78,3.83,0.5,2,6,2,0.9024698564593301,0.40622955736135485
1995,,after_candidate_limit,,1340,53,15,53,12.78,7.67,1.33,3.67,6,1,0.9003851674641148,0.4062085819860355
1996,,after_candidate_limit,,3555,142,5,142,9.44,2.83,0.5,2,2,1,0.9267555023923445,0.4061822436049017
1997,,after_candidate_limit,,3681,147,6,147,9.44,4.25,0.5,0.75,2,2,0.9265511961722488,0.4061171050987281
1998,,after_candidate_limit,,636,25,11,25,11.67,7,1.33,3.67,3,2,0.9061277511961723,0.4060046378616609
1999,,after_candidate_limit,,1740,69,15,69,13.89,4.17,3,4.5,6,1,0.8923440191387559,0.4060002452164257
2000,,after_candidate_limit,,2345,93,20,93,15,4.5,0.5,2,20,1,0.9071081339712919,0.4058377044260751
2001,,after_candidate_limit,,1595,63,20,63,13.89,4.17,0.5,0.75,20,1,0.9058196172248804,0.4057462748497544
2002,,after_candidate_limit,,3906,156,6,156,9.44,5.66,0.5,2,2,2,0.9268377990430622,0.40566819247635005
2003,,after_candidate_limit,,4128,165,3,165,9.44,8.5,1.33,3.67,1,8,0.9272966507177034,0.40548169006710705
2004,,after_candidate_limit,,1460,58,10,58,13.89,12.5,0.5,2,3,1,0.9064827751196173,0.40537956054142876
2005,,after_candidate_limit,,892,35,17,35,12.78,3.83,0.5,0.75,6,3,0.9022612440191388,0.40531079786722124
2006,,after_candidate_limit,,3650,146,0,146,9.44,2.83,3,4.5,1,1,0.9085488038277512,0.4049064272742503
2007,,after_candidate_limit,,942,37,17,37,12.78,3.83,0.5,2,6,3,0.9022622009569378,0.40483742278841545
2008,,after_candidate_limit,,917,36,17,36,12.78,3.83,0.5,1.38,6,3,0.9022564593301435,0.40480041296500463
2009,,after_candidate_limit,,786,31,11,31,12.78,11.5,1.33,2,3,2,0.9148631578947368,0.40479808884005175
2010,,after_candidate_limit,,591,23,16,23,11.67,7,0.5,2,6,2,0.903901913875598,0.40461735265634424
2011,,after_candidate_limit,,1536,61,11,61,13.89,12.5,2.17,3.25,3,2,0.9115588516746411,0.40450567246470537
2012,,after_candidate_limit,,2697,107,22,107,15,9,0.5,2,20,3,0.9061913875598087,0.4044968019701501
2013,,after_candidate_limit,,837,33,12,33,12.78,11.5,2.17,3.25,3,3,0.9117722488038278,0.40397842368963327
2014,,after_candidate_limit,,3977,159,2,159,9.44,5.66,2.17,3.25,1,3,0.9159,0.40368821094981716
2015,,after_candidate_limit,,3882,155,7,155,9.44,5.66,0.5,1.38,2,3,0.9264741626794258,0.4036113722523931
2016,,after_candidate_limit,,4036,161,11,161,9.44,8.5,0.5,0.75,3,2,0.9147043062200957,0.40358155399486473
2017,,after_candidate_limit,,3976,159,1,159,9.44,5.66,2.17,3.25,1,2,0.9161511961722488,0.40357219753966184
2018,,after_candidate_limit,,2160,86,10,86,15,13.5,0.5,2,3,1,0.9007014354066986,0.40355408896518097
2019,,after_candidate_limit,,3857,154,7,154,9.44,5.66,0.5,0.75,2,3,0.9265153110047847,0.4034884334708514
2020,,after_candidate_limit,,719,28,19,28,12.78,11.5,0.5,0.75,6,15,0.9012014354066986,0.4034329832879897
2021,,after_candidate_limit,,836,33,11,33,12.78,11.5,2.17,3.25,3,2,0.9097665071770334,0.4034095601353674
2022,,after_candidate_limit,,1946,77,21,77,13.89,8.33,0.5,0.75,20,2,0.9021693779904306,0.40337556407941233
2023,,after_candidate_limit,,3907,156,7,156,9.44,5.66,0.5,2,2,3,0.9264698564593301,0.4033339422112257
2024,,after_candidate_limit,,3706,148,6,148,9.44,4.25,0.5,1.38,2,2,0.9264267942583732,0.4030891745735785
2025,,after_candidate_limit,,3801,152,1,152,9.44,4.25,2.17,3.25,1,2,0.9159095693779904,0.40301494784097763
2026,,after_candidate_limit,,2671,106,21,106,15,9,0.5,1.38,20,2,0.8992478468899522,0.40301376375907577
2027,,after_candidate_limit,,4060,162,10,162,9.44,8.5,0.5,1.38,3,1,0.9137598086124402,0.4028983088035037
2028,,after_candidate_limit,,3731,149,6,149,9.44,4.25,0.5,2,2,2,0.926432057416268,0.4027071835122207
2029,,after_candidate_limit,,2521,100,21,100,15,6.75,0.5,2,20,2,0.906744019138756,0.40251642363212975
2030,,after_candidate_limit,,3953,158,3,158,9.44,5.66,1.33,3.67,1,8,0.9272320574162679,0.4022720369514942
2031,,after_candidate_limit,,3928,157,3,157,9.44,5.66,1.33,2,1,8,0.9272291866028708,0.40224619056477046
2032,,after_candidate_limit,,4085,163,10,163,9.44,8.5,0.5,2,3,1,0.9137425837320574,0.40221144952127946
2033,,after_candidate_limit,,4104,164,4,164,9.44,8.5,1.33,2,1,15,0.9272234449760766,0.402191199186504
2034,,after_candidate_limit,,4129,165,4,165,9.44,8.5,1.33,3.67,1,15,0.9272234449760766,0.402191199186504
2035,,after_candidate_limit,,3578,143,3,143,9.44,2.83,1.33,2,1,8,0.9272224880382776,0.402181622759248
2036,,after_candidate_limit,,3579,143,4,143,9.44,2.83,1.33,2,1,15,0.9272224880382776,0.402181622759248
2037,,after_candidate_limit,,3603,144,3,144,9.44,2.83,1.33,3.67,1,8,0.9272224880382776,0.402181622759248
2038,,after_candidate_limit,,3604,144,4,144,9.44,2.83,1.33,3.67,1,15,0.9272224880382776,0.402181622759248
2039,,after_candidate_limit,,3753,150,3,150,9.44,4.25,1.33,2,1,8,0.9272224880382776,0.402181622759248
2040,,after_candidate_limit,,3754,150,4,150,9.44,4.25,1.33,2,1,15,0.9272224880382776,0.402181622759248
2041,,after_candidate_limit,,3778,151,3,151,9.44,4.25,1.33,3.67,1,8,0.9272224880382776,0.402181622759248
2042,,after_candidate_limit,,3779,151,4,151,9.44,4.25,1.33,3.67,1,15,0.9272224880382776,0.402181622759248
2043,,after_candidate_limit,,3929,157,4,157,9.44,5.66,1.33,2,1,15,0.9272224880382776,0.402181622759248
2044,,after_candidate_limit,,3954,158,4,158,9.44,5.66,1.33,3.67,1,15,0.9272224880382776,0.402181622759248
2045,,after_candidate_limit,,1891,75,16,75,13.89,6.25,2.17,3.25,6,2,0.8897851674641148,0.40216393301443454
2046,,after_candidate_limit,,3682,147,7,147,9.44,4.25,0.5,0.75,2,3,0.9262277511961723,0.40201896686934424
2047,,after_candidate_limit,,4001,160,1,160,9.44,5.66,3,4.5,1,2,0.9084846889952153,0.401893680109731
2048,,after_candidate_limit,,658,26,8,26,11.67,7,2.17,3.25,2,8,0.9158354066985646,0.4018689115147154
2049,,after_candidate_limit,,3506,140,6,140,9.44,2.83,0.5,0.75,2,2,0.9262363636363636,0.40182394032652463
2050,,after_candidate_limit,,1070,42,20,42,12.78,5.75,0.5,0.75,20,1,0.8802813397129187,0.4018167769098252
2051,,after_candidate_limit,,862,34,12,34,12.78,11.5,3,4.5,3,3,0.9072449760765551,0.4017903679797513
2052,,after_candidate_limit,,3802,152,2,152,9.44,4.25,2.17,3.25,1,3,0.9157502392344498,0.4016684465644483
2053,,after_candidate_limit,,2696,107,21,107,15,9,0.5,2,20,2,0.899322009569378,0.4014891680532364
2054,,after_candidate_limit,,3826,153,1,153,9.44,4.25,3,4.5,1,2,0.9082545454545454,0.40141428008066504
2055,,after_candidate_limit,,1892,75,17,75,13.89,6.25,2.17,3.25,6,3,0.8896650717703349,0.40129365204080875
2056,,after_candidate_limit,,4002,160,2,160,9.44,5.66,3,4.5,1,3,0.9082153110047847,0.40122869755318674
2057,,after_candidate_limit,,661,26,11,26,11.67,7,2.17,3.25,3,2,0.8953363636363636,0.40120291100447836
2058,,after_candidate_limit,,1716,68,16,68,13.89,4.17,2.17,3.25,6,2,0.8895411483253588,0.4011475796093165
2059,,after_candidate_limit,,2672,106,22,106,15,9,0.5,1.38,20,3,0.9060325358851674,0.40104983842129566
2060,,after_candidate_limit,,3626,145,1,145,9.44,2.83,2.17,3.25,1,2,0.9157062200956938,0.40104844778173904
2061,,after_candidate_limit,,483,19,8,19,11.67,5.25,2.17,3.25,2,8,0.9158095693779904,0.40083568108206014
2062,,after_candidate_limit,,3732,149,7,149,9.44,4.25,0.5,2,2,3,0.9262267942583732,0.40082873235809485
2063,,after_candidate_limit,,308,12,8,12,11.67,3.5,2.17,3.25,2,8,0.9158038277511962,0.40077234138576345
2064,,after_candidate_limit,,309,12,9,12,11.67,3.5,2.17,3.25,2,15,0.9158038277511962,0.40077234138576345
2065,,after_candidate_limit,,484,19,9,19,11.67,5.25,2.17,3.25,2,15,0.9158038277511962,0.40077234138576345
2066,,after_candidate_limit,,659,26,9,26,11.67,7,2.17,3.25,2,15,0.9158038277511962,0.40077234138576345
2067,,after_candidate_limit,,3707,148,7,148,9.44,4.25,0.5,1.38,2,3,0.9262162679425837,0.4007460533796157
2068,,after_candidate_limit,,3531,141,6,141,9.44,2.83,0.5,1.38,2,2,0.9261971291866029,0.40060923100295226
2069,,after_candidate_limit,,1165,46,15,46,12.78,5.75,1.33,3.67,6,1,0.9007076555023923,0.400565711158557
2070,,after_candidate_limit,,3556,142,6,142,9.44,2.83,0.5,2,2,2,0.9261980861244019,0.40052293298425223
2071,,after_candidate_limit,,4061,162,11,162,9.44,8.5,0.5,1.38,3,2,0.9144794258373206,0.40049345435695455
2072,,after_candidate_limit,,785,31,10,31,12.78,11.5,1.33,2,3,1,0.9083387559808612,0.4004243484241451
2073,,after_candidate_limit,,768,30,18,30,12.78,11.5,0.5,2,6,8,0.900665071770335,0.4002867253563091
2074,,after_candidate_limit,,1717,68,17,68,13.89,4.17,2.17,3.25,6,3,0.8893956937799044,0.4002834377044684
2075,,after_candidate_limit,,3827,153,2,153,9.44,4.25,3,4.5,1,3,0.9081052631578947,0.400168949687864
2076,,after_candidate_limit,,2647,105,22,105,15,9,0.5,0.75,20,3,0.905498086124402,0.4001066842967093
2077,,after_candidate_limit,,2043,81,18,81,13.89,8.33,1.33,3.67,6,8,0.9042617224880383,0.4000939476753162
2078,,after_candidate_limit,,113,4,13,4,11.67,10.5,1.33,3.67,3,8,0.905821052631579,0.39996890715608857
2079,,after_candidate_limit,,1917,76,17,76,13.89,6.25,3,4.5,6,3,0.8918334928229665,0.3999307186448454
2080,,after_candidate_limit,,743,29,18,29,12.78,11.5,0.5,1.38,6,8,0.9006985645933014,0.3997854186053018
2081,,after_candidate_limit,,1916,76,16,76,13.89,6.25,3,4.5,6,2,0.8918344497607655,0.39978337757849
2082,,after_candidate_limit,,2472,98,22,98,15,6.75,0.5,0.75,20,3,0.906488038277512,0.39974236229857785
2083,,after_candidate_limit,,542,21,17,21,11.67,7,0.5,0.75,6,3,0.9037937799043062,0.39969850235199794
2084,,after_candidate_limit,,1870,74,20,74,13.89,6.25,1.33,3.67,20,1,0.8810526315789474,0.39954444094905184
2085,,after_candidate_limit,,156,6,6,6,11.67,10.5,3,4.5,2,2,0.910166985645933,0.3995278369165561
2086,,after_candidate_limit,,260,10,10,10,11.67,3.5,1.33,2,3,1,0.9060602870813397,0.3995102454714173
2087,,after_candidate_limit,,3651,146,1,146,9.44,2.83,3,4.5,1,2,0.9080574162679426,0.39942533280285036
2088,,after_candidate_limit,,1741,69,16,69,13.89,4.17,3,4.5,6,2,0.8916961722488038,0.3994220187210082
2089,,after_candidate_limit,,2018,80,18,80,13.89,8.33,1.33,2,6,8,0.9041622009569378,0.3993818440934311
2090,,after_candidate_limit,,1341,53,16,53,12.78,7.67,1.33,3.67,6,2,0.8998435406698565,0.3992542569355929
2091,,after_candidate_limit,,3507,140,7,140,9.44,2.83,0.5,0.75,2,3,0.9260717703349283,0.39920134610313046
2092,,after_candidate_limit,,717,28,17,28,12.78,11.5,0.5,0.75,6,3,0.8973483253588517,0.3989976682376138
2093,,after_candidate_limit,,1561,62,11,62,13.89,12.5,3,4.5,3,2,0.9067253588516746,0.39891301248231054
2094,,after_candidate_limit,,787,31,12,31,12.78,11.5,1.33,2,3,3,0.9166641148325358,0.3987706711920244
2095,,after_candidate_limit,,744,29,19,29,12.78,11.5,0.5,1.38,6,15,0.9011980861244019,0.3986755170419981
2096,,after_candidate_limit,,683,27,8,27,11.67,7,3,4.5,2,8,0.9102253588516747,0.3986111112914234
2097,,after_candidate_limit,,1742,69,17,69,13.89,4.17,3,4.5,6,3,0.8915507177033493,0.3984767421883053
2098,,after_candidate_limit,,2185,87,10,87,15,13.5,1.33,2,3,1,0.9044665071770335,0.39846404228976806
2099,,after_candidate_limit,,1316,52,16,52,12.78,7.67,1.33,2,6,2,0.8997665071770335,0.39845133538680005
2100,,after_candidate_limit,,508,20,8,20,11.67,5.25,3,4.5,2,8,0.9102043062200957,0.39841478104305367
2101,,after_candidate_limit,,3627,145,2,145,9.44,2.83,2.17,3.25,1,3,0.9154808612440192,0.39839660558039297
2102,,after_candidate_limit,,769,30,19,30,12.78,11.5,0.5,2,6,15,0.9010186602870813,0.3983875535966546
2103,,after_candidate_limit,,333,13,8,13,11.67,3.5,3,4.5,2,8,0.9101966507177034,0.3983316263396472
2104,,after_candidate_limit,,334,13,9,13,11.67,3.5,3,4.5,2,15,0.9101966507177034,0.3983316263396472
2105,,after_candidate_limit,,509,20,9,20,11.67,5.25,3,4.5,2,15,0.9101966507177034,0.3983316263396472
2106,,after_candidate_limit,,684,27,9,27,11.67,7,3,4.5,2,15,0.9101966507177034,0.3983316263396472
2107,,after_candidate_limit,,3532,141,7,141,9.44,2.83,0.5,1.38,2,3,0.9260478468899521,0.3983297756117031
2108,,after_candidate_limit,,3557,142,7,142,9.44,2.83,0.5,2,2,3,0.9260468899521531,0.3982770717499392
2109,,after_candidate_limit,,1293,51,18,51,12.78,7.67,0.5,2,6,8,0.901854066985646,0.3982690668817763
2110,,after_candidate_limit,,130,5,5,5,11.67,10.5,2.17,3.25,2,1,0.9132291866028708,0.3982279378774932
2111,,after_candidate_limit,,4086,163,11,163,9.44,8.5,0.5,2,3,2,0.914377033492823,0.39815805483974276
2112,,after_candidate_limit,,4033,161,8,161,9.44,8.5,0.5,0.75,2,8,0.925922966507177,0.39803366249225064
2113,,after_candidate_limit,,1365,54,15,54,12.78,7.67,2.17,3.25,6,1,0.8806234449760766,0.39794783509872456
2114,,after_candidate_limit,,2645,105,20,105,15,9,0.5,0.75,20,1,0.8910736842105264,0.397929572773955
2115,,after_candidate_limit,,1268,50,18,50,12.78,7.67,0.5,1.38,6,8,0.9018478468899521,0.39791227420569497
2116,,after_candidate_limit,,285,11,10,11,11.67,3.5,1.33,3.67,3,1,0.90602009569378,0.39785775649906746
2117,,after_candidate_limit,,861,34,11,34,12.78,11.5,3,4.5,3,2,0.9046822966507178,0.39782794406172495
2118,,after_candidate_limit,,718,28,18,28,12.78,11.5,0.5,0.75,6,8,0.900488995215311,0.39750943369880726
2119,,after_candidate_limit,,1494,59,19,59,13.89,12.5,1.33,2,6,15,0.9037617224880383,0.3973216807102494
2120,,after_candidate_limit,,88,3,13,3,11.67,10.5,1.33,2,3,8,0.9057760765550239,0.3972707117602664
2121,,after_candidate_limit,,4105,164,5,164,9.44,8.5,1.33,2,2,1,0.8941224880382775,0.3972073534560671
2122,,after_candidate_limit,,1243,49,18,49,12.78,7.67,0.5,0.75,6,8,0.901768899521531,0.3972051203706465
2123,,after_candidate_limit,,215,8,15,8,11.67,3.5,0.5,1.38,6,1,0.90402009569378,0.3971591734823709
2124,,after_candidate_limit,,436,17,11,17,11.67,5.25,1.33,2,3,2,0.9059229665071771,0.3971219190597327
2125,,after_candidate_limit,,1519,60,19,60,13.89,12.5,1.33,3.67,6,15,0.9035703349282297,0.39708704951082957
2126,,after_candidate_limit,,3652,146,2,146,9.44,2.83,3,4.5,1,3,0.907833971291866,0.3968004686250805
2127,,after_candidate_limit,,366,14,16,14,11.67,5.25,0.5,0.75,6,2,0.9039593301435407,0.39677283715620887
2128,,after_candidate_limit,,461,18,11,18,11.67,5.25,1.33,3.67,3,2,0.9058813397129186,0.3965696956886866
2129,,after_candidate_limit,,2296,91,21,91,15,4.5,0.5,0.75,20,2,0.9064875598086124,0.3962134149292493
2130,,after_candidate_limit,,686,27,11,27,11.67,7,3,4.5,3,2,0.8991822966507177,0.3960829461849392
2131,,after_candidate_limit,,1868,74,18,74,13.89,6.25,1.33,3.67,6,8,0.9041224880382775,0.3958513494339256
2132,,after_candidate_limit,,1843,73,18,73,13.89,6.25,1.33,2,6,8,0.9041186602870813,0.3958134161477935
2133,,after_candidate_limit,,2044,81,19,81,13.89,8.33,1.33,3.67,6,15,0.9041062200956937,0.39567791639075495
2134,,after_candidate_limit,,1668,66,18,66,13.89,4.17,1.33,2,6,8,0.9041052631578947,0.3956666389803825
2135,,after_candidate_limit,,1669,66,19,66,13.89,4.17,1.33,2,6,15,0.9041052631578947,0.3956666389803825
2136,,after_candidate_limit,,1693,67,18,67,13.89,4.17,1.33,3.67,6,8,0.9041052631578947,0.3956666389803825
2137,,after_candidate_limit,,1694,67,19,67,13.89,4.17,1.33,3.67,6,15,0.9041052631578947,0.3956666389803825
2138,,after_candidate_limit,,1844,73,19,73,13.89,6.25,1.33,2,6,15,0.9041052631578947,0.3956666389803825
2139,,after_candidate_limit,,1869,74,19,74,13.89,6.25,1.33,3.67,6,15,0.9041052631578947,0.3956666389803825
2140,,after_candidate_limit,,2019,80,19,80,13.89,8.33,1.33,2,6,15,0.9041052631578947,0.3956666389803825
2141,,after_candidate_limit,,1390,55,15,55,12.78,7.67,3,4.5,6,1,0.8774325358851675,0.3953856407579536
2142,,after_candidate_limit,,640,25,15,25,11.67,7,1.33,3.67,6,1,0.8780224880382775,0.3949658898633428
2143,,after_candidate_limit,,4058,162,8,162,9.44,8.5,0.5,1.38,2,8,0.925811004784689,0.3945969104201542
2144,,after_candidate_limit,,612,24,12,24,11.67,7,1.33,2,3,3,0.9057942583732057,0.39454614978448166
2145,,after_candidate_limit,,1417,56,17,56,13.89,12.5,0.5,0.75,6,3,0.8947708133971292,0.3944886521602161
2146,,after_candidate_limit,,370,14,20,14,11.67,5.25,0.5,0.75,20,1,0.880411961722488,0.3944865760225226
2147,,after_candidate_limit,,437,17,12,17,11.67,5.25,1.33,2,3,3,0.9056334928229665,0.3944414979469996
2148,,after_candidate_limit,,4130,165,5,165,9.44,8.5,1.33,3.67,2,1,0.8940076555023924,0.3943482936508638
2149,,after_candidate_limit,,4153,166,3,166,9.44,8.5,2.17,3.25,1,8,0.9153114832535885,0.3941460105528714
2150,,after_candidate_limit,,1771,70,21,70,13.89,6.25,0.5,0.75,20,2,0.9054081339712918,0.3940923412504459
2151,,after_candidate_limit,,462,18,12,18,11.67,5.25,1.33,3.67,3,3,0.9056421052631579,0.3937913025832731
2152,,after_candidate_limit,,812,32,12,32,12.78,11.5,1.33,3.67,3,3,0.9158535885167464,0.3937096135754582
2153,,after_candidate_limit,,3510,140,10,140,9.44,2.83,0.5,0.75,3,1,0.9139397129186603,0.393631280403045
2154,,after_candidate_limit,,1095,43,20,43,12.78,5.75,0.5,1.38,20,1,0.8802311004784689,0.3934781186644677
2155,,after_candidate_limit,,811,32,11,32,12.78,11.5,1.33,3.67,3,2,0.9138794258373206,0.39345740116466965
2156,,after_candidate_limit,,4083,163,8,163,9.44,8.5,0.5,2,2,8,0.9257684210526316,0.393330335698339
2157,,after_candidate_limit,,261,10,11,10,11.67,3.5,1.33,2,3,2,0.9056071770334928,0.3932531719568412
2158,,after_candidate_limit,,286,11,11,11,11.67,3.5,1.33,3.67,3,2,0.9056076555023923,0.3931986826211151
2159,,after_candidate_limit,,138,5,13,5,11.67,10.5,2.17,3.25,3,8,0.8950062200956937,0.39317017033616797
2160,,after_candidate_limit,,1945,77,20,77,13.89,8.33,0.5,0.75,20,1,0.8951368421052631,0.3931538418240728
2161,,after_candidate_limit,,3710,148,10,148,9.44,4.25,0.5,1.38,3,1,0.9142693779904306,0.3931523052751573
2162,,after_candidate_limit,,615,24,15,24,11.67,7,1.33,2,6,1,0.8780578947368421,0.39313801154876715
2163,,after_candidate_limit,,2235,89,10,89,15,13.5,2.17,3.25,3,1,0.9037722488038278,0.39308182670923847
2164,,after_candidate_limit,,1068,42,18,42,12.78,5.75,0.5,0.75,6,8,0.9017478468899521,0.39306586940625354
2165,,after_candidate_limit,,1118,44,18,44,12.78,5.75,0.5,2,6,8,0.9017531100478469,0.3930226763065974
2166,,after_candidate_limit,,1093,43,18,43,12.78,5.75,0.5,1.38,6,8,0.9017511961722489,0.3930005078088008
2167,,after_candidate_limit,,391,15,16,15,11.67,5.25,0.5,1.38,6,2,0.903834928229665,0.3929704210247812
2168,,after_candidate_limit,,893,35,18,35,12.78,3.83,0.5,0.75,6,8,0.9017454545454545,0.3929314545028736
2169,,after_candidate_limit,,894,35,19,35,12.78,3.83,0.5,0.75,6,15,0.9017454545454545,0.3929314545028736
2170,,after_candidate_limit,,918,36,18,36,12.78,3.83,0.5,1.38,6,8,0.9017454545454545,0.3929314545028736
2171,,after_candidate_limit,,919,36,19,36,12.78,3.83,0.5,1.38,6,15,0.9017454545454545,0.3929314545028736
2172,,after_candidate_limit,,943,37,18,37,12.78,3.83,0.5,2,6,8,0.9017454545454545,0.3929314545028736
2173,,after_candidate_limit,,944,37,19,37,12.78,3.83,0.5,2,6,15,0.9017454545454545,0.3929314545028736
2174,,after_candidate_limit,,1069,42,19,42,12.78,5.75,0.5,0.75,6,15,0.9017454545454545,0.3929314545028736
2175,,after_candidate_limit,,1094,43,19,43,12.78,5.75,0.5,1.38,6,15,0.9017454545454545,0.3929314545028736
2176,,after_candidate_limit,,1119,44,19,44,12.78,5.75,0.5,2,6,15,0.9017454545454545,0.3929314545028736
2177,,after_candidate_limit,,1244,49,19,49,12.78,7.67,0.5,0.75,6,15,0.9017454545454545,0.3929314545028736
2178,,after_candidate_limit,,1269,50,19,50,12.78,7.67,0.5,1.38,6,15,0.9017454545454545,0.3929314545028736
2179,,after_candidate_limit,,1294,51,19,51,12.78,7.67,0.5,2,6,15,0.9017454545454545,0.3929314545028736
2180,,after_candidate_limit,,637,25,12,25,11.67,7,1.33,3.67,3,3,0.905745933014354,0.39292885448381926
2181,,after_candidate_limit,,17,0,17,0,11.67,10.5,0.5,0.75,6,3,0.9025602870813397,0.39292238098308846
2182,,after_candidate_limit,,716,28,16,28,12.78,11.5,0.5,0.75,6,2,0.8956248803827751,0.3928673454133959
2183,,after_candidate_limit,,240,9,15,9,11.67,3.5,0.5,2,6,1,0.9038818181818182,0.3927802993141633
2184,,after_candidate_limit,,2321,92,21,92,15,4.5,0.5,1.38,20,2,0.9063363636363636,0.39276710202238935
2185,,after_candidate_limit,,2722,108,22,108,15,9,1.33,2,20,3,0.9011904306220095,0.39272358229735366
2186,,after_candidate_limit,,4178,167,3,167,9.44,8.5,3,4.5,1,8,0.9076995215311005,0.3927016775430227
2187,,after_candidate_limit,,2497,99,22,99,15,6.75,0.5,1.38,20,3,0.9063263157894736,0.3925880481189459
2188,,after_candidate_limit,,2297,91,22,91,15,4.5,0.5,0.75,20,3,0.9061287081339713,0.39247193413107506
2189,,after_candidate_limit,,2346,93,21,93,15,4.5,0.5,2,20,2,0.9063244019138756,0.39240205925015215
2190,,after_candidate_limit,,2068,82,18,82,13.89,8.33,2.17,3.25,6,8,0.889,0.39229940078844194
2191,,after_candidate_limit,,18,0,18,0,11.67,10.5,0.5,0.75,6,8,0.9028205741626795,0.39222986559716483
2192,,after_candidate_limit,,287,11,12,11,11.67,3.5,1.33,3.67,3,3,0.9054440191387559,0.39212227946565814
2193,,after_candidate_limit,,1190,47,15,47,12.78,5.75,2.17,3.25,6,1,0.8808617224880383,0.3921025972849879
2194,,after_candidate_limit,,1485,59,10,59,13.89,12.5,1.33,2,3,1,0.9061511961722488,0.39207637146371277
2195,,after_candidate_limit,,262,10,12,10,11.67,3.5,1.33,2,3,3,0.9054382775119617,0.3920598017049975
2196,,after_candidate_limit,,43,1,18,1,11.67,10.5,0.5,1.38,6,8,0.9028272727272727,0.39203716127485616
2197,,after_candidate_limit,,310,12,10,12,11.67,3.5,2.17,3.25,3,1,0.8952459330143541,0.3919969692548152
2198,,after_candidate_limit,,416,16,16,16,11.67,5.25,0.5,2,6,2,0.9038263157894737,0.39199105385590816
2199,,after_candidate_limit,,68,2,18,2,11.67,10.5,0.5,2,6,8,0.902855980861244,0.3919048205443916
2200,,after_candidate_limit,,2370,94,20,94,15,4.5,1.33,2,20,1,0.901266985645933,0.39174601793428154
2201,,after_candidate_limit,,2670,106,20,106,15,9,0.5,1.38,20,1,0.8877186602870814,0.39164427760122944
2202,,after_candidate_limit,,2210,88,10,88,15,13.5,1.33,3.67,3,1,0.9024272727272727,0.3916400852854647
2203,,after_candidate_limit,,567,22,17,22,11.67,7,0.5,1.38,6,3,0.903699043062201,0.3916020055119568
2204,,after_candidate_limit,,1971,78,21,78,13.89,8.33,0.5,1.38,20,2,0.8957837320574162,0.39157757381778663
2205,,after_candidate_limit,,2093,83,18,83,13.89,8.33,3,4.5,6,8,0.8911784688995216,0.3915029261803481
2206,,after_candidate_limit,,2260,90,10,90,15,13.5,3,4.5,3,1,0.9041799043062201,0.39125431049487314
2207,,after_candidate_limit,,163,6,13,6,11.67,10.5,3,4.5,3,8,0.8989177033492823,0.3910684978576788
2208,,after_candidate_limit,,1145,45,20,45,12.78,5.75,1.33,2,20,1,0.8859301435406699,0.3910587487529063
2209,,after_candidate_limit,,2522,100,22,100,15,6.75,0.5,2,20,3,0.9063062200956937,0.3910573986183194
2210,,after_candidate_limit,,1620,64,20,64,13.89,4.17,0.5,1.38,20,1,0.9052722488038277,0.39089255807053447
2211,,after_candidate_limit,,2747,109,22,109,15,9,1.33,3.67,20,3,0.9006985645933014,0.3908034493052556
2212,,after_candidate_limit,,2347,93,22,93,15,4.5,0.5,2,20,3,0.9060980861244019,0.39075525581871223
2213,,after_candidate_limit,,2721,108,21,108,15,9,1.33,2,20,2,0.9004545454545455,0.3907524746766989
2214,,after_candidate_limit,,2322,92,22,92,15,4.5,0.5,1.38,20,3,0.9060870813397129,0.3907448253170314
2215,,after_candidate_limit,,3978,159,3,159,9.44,5.66,2.17,3.25,1,8,0.9152468899521531,0.3905619721165203
2216,,after_candidate_limit,,4154,166,4,166,9.44,8.5,2.17,3.25,1,15,0.9152392344497607,0.39048965808097363
2217,,after_candidate_limit,,114,4,14,4,11.67,10.5,1.33,3.67,3,15,0.9050842105263158,0.3904806180486925
2218,,after_candidate_limit,,3628,145,3,145,9.44,2.83,2.17,3.25,1,8,0.9152382775119617,0.39048009880102336
2219,,after_candidate_limit,,3629,145,4,145,9.44,2.83,2.17,3.25,1,15,0.9152382775119617,0.39048009880102336
2220,,after_candidate_limit,,3803,152,3,152,9.44,4.25,2.17,3.25,1,8,0.9152382775119617,0.39048009880102336
2221,,after_candidate_limit,,3804,152,4,152,9.44,4.25,2.17,3.25,1,15,0.9152382775119617,0.39048009880102336
2222,,after_candidate_limit,,3979,159,4,159,9.44,5.66,2.17,3.25,1,15,0.9152382775119617,0.39048009880102336
2223,,after_candidate_limit,,155,6,5,6,11.67,10.5,3,4.5,2,1,0.9071401913875599,0.39043161744965704
2224,,after_candidate_limit,,2746,109,21,109,15,9,1.33,3.67,20,2,0.9001540669856459,0.39040651666786014
2225,,after_candidate_limit,,486,19,11,19,11.67,5.25,2.17,3.25,3,2,0.8951105263157895,0.3903011488638176
2226,,after_candidate_limit,,392,15,17,15,11.67,5.25,0.5,1.38,6,3,0.9035334928229665,0.3902850176182088
2227,,after_candidate_limit,,367,14,17,14,11.67,5.25,0.5,0.75,6,3,0.9035755980861244,0.39021637056582964
2228,,after_candidate_limit,,592,23,17,23,11.67,7,0.5,2,6,3,0.9036708133971292,0.3901729207646079
2229,,after_candidate_limit,,1996,79,21,79,13.89,8.33,0.5,2,20,2,0.8957033492822967,0.3901360158905619
2230,,after_candidate_limit,,1366,54,16,54,12.78,7.67,2.17,3.25,6,2,0.8800952153110048,0.39012508962773557
2231,,after_candidate_limit,,1391,55,16,55,12.78,7.67,3,4.5,6,2,0.8798411483253589,0.3900368179084014
2232,,after_candidate_limit,,3858,154,8,154,9.44,5.66,0.5,0.75,2,8,0.9257770334928229,0.39002111650702564
2233,,after_candidate_limit,,3908,156,8,156,9.44,5.66,0.5,2,2,8,0.9257803827751196,0.38994451426423427
2234,,after_candidate_limit,,2546,101,21,101,15,6.75,1.33,2,20,2,0.9011363636363636,0.38992014583500895
2235,,after_candidate_limit,,3883,155,8,155,9.44,5.66,0.5,1.38,2,8,0.9257784688995215,0.38991979020242407
2236,,after_candidate_limit,,4084,163,9,163,9.44,8.5,0.5,2,2,15,0.9257755980861244,0.38988233024046176
2237,,after_candidate_limit,,3508,140,8,140,9.44,2.83,0.5,0.75,2,8,0.9257736842105263,0.38985709686663683
2238,,after_candidate_limit,,3509,140,9,140,9.44,2.83,0.5,0.75,2,15,0.9257736842105263,0.38985709686663683
2239,,after_candidate_limit,,3533,141,8,141,9.44,2.83,0.5,1.38,2,8,0.9257736842105263,0.38985709686663683
2240,,after_candidate_limit,,3534,141,9,141,9.44,2.83,0.5,1.38,2,15,0.9257736842105263,0.38985709686663683
2241,,after_candidate_limit,,3558,142,8,142,9.44,2.83,0.5,2,2,8,0.9257736842105263,0.38985709686663683
2242,,after_candidate_limit,,3559,142,9,142,9.44,2.83,0.5,2,2,15,0.9257736842105263,0.38985709686663683
2243,,after_candidate_limit,,3683,147,8,147,9.44,4.25,0.5,0.75,2,8,0.9257736842105263,0.38985709686663683
2244,,after_candidate_limit,,3684,147,9,147,9.44,4.25,0.5,0.75,2,15,0.9257736842105263,0.38985709686663683
2245,,after_candidate_limit,,3708,148,8,148,9.44,4.25,0.5,1.38,2,8,0.9257736842105263,0.38985709686663683
2246,,after_candidate_limit,,3709,148,9,148,9.44,4.25,0.5,1.38,2,15,0.9257736842105263,0.38985709686663683
2247,,after_candidate_limit,,3733,149,8,149,9.44,4.25,0.5,2,2,8,0.9257736842105263,0.38985709686663683
2248,,after_candidate_limit,,3734,149,9,149,9.44,4.25,0.5,2,2,15,0.9257736842105263,0.38985709686663683
2249,,after_candidate_limit,,3859,154,9,154,9.44,5.66,0.5,0.75,2,15,0.9257736842105263,0.38985709686663683
2250,,after_candidate_limit,,3884,155,9,155,9.44,5.66,0.5,1.38,2,15,0.9257736842105263,0.38985709686663683
2251,,after_candidate_limit,,3909,156,9,156,9.44,5.66,0.5,2,2,15,0.9257736842105263,0.38985709686663683
2252,,after_candidate_limit,,4059,162,9,162,9.44,8.5,0.5,1.38,2,15,0.9257746411483253,0.38976977612790764
2253,,after_candidate_limit,,89,3,14,3,11.67,10.5,1.33,2,3,15,0.9050933014354067,0.38964172973877237
2254,,after_candidate_limit,,191,7,16,7,11.67,3.5,0.5,0.75,6,2,0.9035066985645933,0.38956047857851756
2255,,after_candidate_limit,,3735,149,10,149,9.44,4.25,0.5,2,3,1,0.9141267942583732,0.3894494367793584
2256,,after_candidate_limit,,1544,61,19,61,13.89,12.5,2.17,3.25,6,15,0.8884822966507177,0.38938196462892183
2257,,after_candidate_limit,,595,23,20,23,11.67,7,0.5,2,20,1,0.878033014354067,0.38928683297775524
2258,,after_candidate_limit,,1970,78,20,78,13.89,8.33,0.5,1.38,20,1,0.88821004784689,0.38922954379545066
2259,,after_candidate_limit,,335,13,10,13,11.67,3.5,3,4.5,3,1,0.8991507177033493,0.3892163703974528
2260,,after_candidate_limit,,417,16,17,16,11.67,5.25,0.5,2,6,3,0.9035090909090909,0.3890273878479161
2261,,after_candidate_limit,,4003,160,3,160,9.44,5.66,3,4.5,1,8,0.9075971291866028,0.38888565459994145
2262,,after_candidate_limit,,4179,167,4,167,9.44,8.5,3,4.5,1,15,0.9075866028708134,0.38878697568748866
2263,,after_candidate_limit,,3653,146,3,146,9.44,2.83,3,4.5,1,8,0.9075856459330144,0.3887773992602327
2264,,after_candidate_limit,,3654,146,4,146,9.44,2.83,3,4.5,1,15,0.9075856459330144,0.3887773992602327
2265,,after_candidate_limit,,3828,153,3,153,9.44,4.25,3,4.5,1,8,0.9075856459330144,0.3887773992602327
2266,,after_candidate_limit,,3829,153,4,153,9.44,4.25,3,4.5,1,15,0.9075856459330144,0.3887773992602327
2267,,after_candidate_limit,,4004,160,4,160,9.44,5.66,3,4.5,1,15,0.9075856459330144,0.3887773992602327
2268,,after_candidate_limit,,3861,154,11,154,9.44,5.66,0.5,0.75,3,2,0.91391004784689,0.3886762300121339
2269,,after_candidate_limit,,1893,75,18,75,13.89,6.25,2.17,3.25,6,8,0.8888789473684211,0.38840609597819065
2270,,after_candidate_limit,,1215,48,15,48,12.78,5.75,3,4.5,6,1,0.8805688995215311,0.3883510384329277
2271,,after_candidate_limit,,1972,78,22,78,13.89,8.33,0.5,1.38,20,3,0.9016966507177033,0.3882499303711864
2272,,after_candidate_limit,,1718,68,18,68,13.89,4.17,2.17,3.25,6,8,0.8888598086124402,0.3882028940894474
2273,,after_candidate_limit,,1719,68,19,68,13.89,4.17,2.17,3.25,6,15,0.8888598086124402,0.3882028940894474
2274,,after_candidate_limit,,1894,75,19,75,13.89,6.25,2.17,3.25,6,15,0.8888598086124402,0.3882028940894474
2275,,after_candidate_limit,,2069,82,19,82,13.89,8.33,2.17,3.25,6,15,0.8888598086124402,0.3882028940894474
2276,,after_candidate_limit,,3895,155,20,155,9.44,5.66,0.5,1.38,20,1,0.8590167464114833,0.38814236666159896
2277,,after_candidate_limit,,216,8,16,8,11.67,3.5,0.5,1.38,6,2,0.9034746411483253,0.38811350075091317
2278,,after_candidate_limit,,2695,107,20,107,15,9,0.5,2,20,1,0.8877502392344497,0.38807234592628403
2279,,after_candidate_limit,,1995,79,20,79,13.89,8.33,0.5,2,20,1,0.8875669856459331,0.3880371061293894
2280,,after_candidate_limit,,2648,105,23,105,15,9,0.5,0.75,20,8,0.9051406698564594,0.38803329552911403
2281,,after_candidate_limit,,4037,161,12,161,9.44,8.5,0.5,0.75,3,3,0.9139741626794259,0.3880276067188092
2282,,after_candidate_limit,,241,9,16,9,11.67,3.5,0.5,2,6,2,0.9035282296650717,0.3879240862554711
2283,,after_candidate_limit,,1947,77,22,77,13.89,8.33,0.5,0.75,20,3,0.9016009569377991,0.38790279481790824
2284,,after_candidate_limit,,4062,162,12,162,9.44,8.5,0.5,1.38,3,3,0.9138909090909091,0.38776646827910766
2285,,after_candidate_limit,,511,20,11,20,11.67,5.25,3,4.5,3,2,0.8989722488038278,0.3876657903276881
2286,,after_candidate_limit,,487,19,12,19,11.67,5.25,2.17,3.25,3,3,0.8948602870813397,0.38757256444002675
2287,,after_candidate_limit,,742,29,17,29,12.78,11.5,0.5,1.38,6,3,0.8965473684210526,0.38746607759781027
2288,,after_candidate_limit,,1569,62,19,62,13.89,12.5,3,4.5,6,15,0.8906162679425838,0.38730217390807326
2289,,after_candidate_limit,,112,4,12,4,11.67,10.5,1.33,3.67,3,3,0.9054177033492823,0.38724876591596474
2290,,after_candidate_limit,,3920,156,20,156,9.44,5.66,0.5,2,20,1,0.8590081339712918,0.3871731252074352
2291,,after_candidate_limit,,1317,52,17,52,12.78,7.67,1.33,2,6,3,0.8993555023923445,0.38713371985096545
2292,,after_candidate_limit,,311,12,11,12,11.67,3.5,2.17,3.25,3,2,0.8948354066985645,0.3871076041146948
2293,,after_candidate_limit,,662,26,12,26,11.67,7,2.17,3.25,3,3,0.894966985645933,0.387102550695557
2294,,after_candidate_limit,,2395,95,20,95,15,4.5,1.33,3.67,20,1,0.9011220095693779,0.3870465316482795
2295,,after_candidate_limit,,192,7,17,7,11.67,3.5,0.5,0.75,6,3,0.9033167464114833,0.3869606698109605
2296,,after_candidate_limit,,965,38,15,38,12.78,3.83,1.33,2,6,1,0.8995177033492823,0.386943449743623
2297,,after_candidate_limit,,2193,87,18,87,15,13.5,1.33,2,6,8,0.9018626794258373,0.3869367355218294
2298,,after_candidate_limit,,1645,65,20,65,13.89,4.17,0.5,2,20,1,0.9051358851674641,0.3869202033973287
2299,,after_candidate_limit,,1493,59,18,59,13.89,12.5,1.33,2,6,8,0.901233014354067,0.38685794694610975
2300,,after_candidate_limit,,570,22,20,22,11.67,7,0.5,1.38,20,1,0.8778401913875598,0.38684677574669896
2301,,after_candidate_limit,,1170,46,20,46,12.78,5.75,1.33,3.67,20,1,0.886077990430622,0.38682880775019163
2302,,after_candidate_limit,,835,33,10,33,12.78,11.5,2.17,3.25,3,1,0.9012153110047847,0.38682370341816064
2303,,after_candidate_limit,,4034,161,9,161,9.44,8.5,0.5,0.75,2,15,0.9256741626794258,0.386818330262541
2304,,after_candidate_limit,,3870,154,20,154,9.44,5.66,0.5,0.75,20,1,0.8593014354066986,0.38675405265677815
2305,,after_candidate_limit,,1918,76,18,76,13.89,6.25,3,4.5,6,8,0.8910416267942584,0.3867519811075836
2306,,after_candidate_limit,,242,9,17,9,11.67,3.5,0.5,2,6,3,0.9033349282296651,0.38668740579877636
2307,,after_candidate_limit,,217,8,17,8,11.67,3.5,0.5,1.38,6,3,0.9033311004784689,0.38663727130895736
2308,,after_candidate_limit,,2094,83,19,83,13.89,8.33,3,4.5,6,15,0.8910272727272728,0.38660229474474117
2309,,after_candidate_limit,,1743,69,18,69,13.89,4.17,3,4.5,6,8,0.8910263157894737,0.3865912868328044
2310,,after_candidate_limit,,1744,69,19,69,13.89,4.17,3,4.5,6,15,0.8910263157894737,0.3865912868328044
2311,,after_candidate_limit,,1919,76,19,76,13.89,6.25,3,4.5,6,15,0.8910263157894737,0.3865912868328044
2312,,after_candidate_limit,,2117,84,17,84,15,13.5,0.5,0.75,6,3,0.8805665071770334,0.38654851869487683
2313,,after_candidate_limit,,1342,53,17,53,12.78,7.67,1.33,3.67,6,3,0.8994421052631579,0.38646196802612814
2314,,after_candidate_limit,,87,3,12,3,11.67,10.5,1.33,2,3,3,0.9054607655502392,0.3864444466227754
2315,,after_candidate_limit,,16,0,16,0,11.67,10.5,0.5,0.75,6,2,0.9024612440191387,0.3862908876795867
2316,,after_candidate_limit,,4087,163,12,163,9.44,8.5,0.5,2,3,3,0.9139234449760766,0.38620724403923484
2317,,after_candidate_limit,,2673,106,23,106,15,9,0.5,1.38,20,8,0.905200956937799,0.3862043424109316
2318,,after_candidate_limit,,620,24,20,24,11.67,7,1.33,2,20,1,0.8602287081339713,0.38618612190006824
2319,,after_candidate_limit,,312,12,12,12,11.67,3.5,2.17,3.25,3,3,0.894688995215311,0.38613996464974376
2320,,after_candidate_limit,,2218,88,18,88,15,13.5,1.33,3.67,6,8,0.900977990430622,0.38604502554715847
2321,,after_candidate_limit,,2268,90,18,90,15,13.5,3,4.5,6,8,0.897711004784689,0.38598091343385776
2322,,after_candidate_limit,,1518,60,18,60,13.89,12.5,1.33,3.67,6,8,0.9007392344497608,0.3859262551766698
2323,,after_candidate_limit,,1796,71,21,71,13.89,6.25,0.5,1.38,20,2,0.9051583732057417,0.3857263231189418
2324,,after_candidate_limit,,1120,44,20,44,12.78,5.75,0.5,2,20,1,0.8802478468899522,0.38525070776743464
2325,,after_candidate_limit,,512,20,12,20,11.67,5.25,3,4.5,3,3,0.8987693779904307,0.38508525936023247
2326,,after_candidate_limit,,2797,111,22,111,15,9,3,4.5,20,3,0.8818832535885167,0.3850565205272507
2327,,after_candidate_limit,,1997,79,22,79,13.89,8.33,0.5,2,20,3,0.8984153110047847,0.38490313850697044
2328,,after_candidate_limit,,1895,75,20,75,13.89,6.25,2.17,3.25,20,1,0.8530492822966507,0.3847223855996906
2329,,after_candidate_limit,,139,5,14,5,11.67,10.5,2.17,3.25,3,15,0.8943540669856459,0.3846389133358332
2330,,after_candidate_limit,,2698,107,23,107,15,9,0.5,2,20,8,0.905177990430622,0.3846350146743078
2331,,after_candidate_limit,,336,13,11,13,11.67,3.5,3,4.5,3,2,0.8987387559808613,0.38461737550760716
2332,,after_candidate_limit,,2571,102,21,102,15,6.75,1.33,3.67,20,2,0.9008555023923445,0.38460172788048114
2333,,after_candidate_limit,,86,3,11,3,11.67,10.5,1.33,2,3,2,0.9056511961722488,0.38439091333594055
2334,,after_candidate_limit,,395,15,20,15,11.67,5.25,0.5,1.38,20,1,0.8802444976076556,0.3842928813263864
2335,,after_candidate_limit,,1442,57,17,57,13.89,12.5,0.5,1.38,6,3,0.893512918660287,0.3841525279248965
2336,,after_candidate_limit,,2796,111,21,111,15,9,3,4.5,20,2,0.8787478468899521,0.38415063770799635
2337,,after_candidate_limit,,2021,80,21,80,13.89,8.33,1.33,2,20,2,0.8772866028708134,0.38402087854899875
2338,,after_candidate_limit,,645,25,20,25,11.67,7,1.33,3.67,20,1,0.8573325358851674,0.38393711475702735
2339,,after_candidate_limit,,337,13,12,13,11.67,3.5,3,4.5,3,3,0.8985971291866028,0.3836626953941969
2340,,after_candidate_limit,,990,39,15,39,12.78,3.83,1.33,3.67,6,1,0.8994368421052632,0.38365071622005037
2341,,after_candidate_limit,,3695,147,20,147,9.44,4.25,0.5,0.75,20,1,0.8586688995215311,0.38357465584691447
2342,,after_candidate_limit,,687,27,12,27,11.67,7,3,4.5,3,3,0.8988229665071771,0.383554763023447
2343,,after_candidate_limit,,2243,89,18,89,15,13.5,2.17,3.25,6,8,0.8949162679425837,0.3835236385666339
2344,,after_candidate_limit,,810,32,10,32,12.78,11.5,1.33,3.67,3,1,0.9052765550239235,0.3830650229972687
2345,,after_candidate_limit,,1141,45,16,45,12.78,5.75,1.33,2,6,2,0.8994258373205741,0.38305533241715223
2346,,after_candidate_limit,,1821,72,21,72,13.89,6.25,0.5,2,20,2,0.9051129186602871,0.3829840114363345
2347,,after_candidate_limit,,69,2,19,2,11.67,10.5,0.5,2,6,15,0.9027191387559809,0.3829330320349608
2348,,after_candidate_limit,,545,21,20,21,11.67,7,0.5,0.75,20,1,0.8810387559808612,0.38289654946941554
2349,,after_candidate_limit,,741,29,16,29,12.78,11.5,0.5,1.38,6,2,0.8938736842105263,0.38257155848083013
2350,,after_candidate_limit,,860,34,10,34,12.78,11.5,3,4.5,3,1,0.8963090909090909,0.38243731006622633
2351,,after_candidate_limit,,1346,53,21,53,12.78,7.67,1.33,3.67,20,2,0.8793727272727273,0.38235970377997247
2352,,after_candidate_limit,,164,6,14,6,11.67,10.5,3,4.5,3,15,0.8982593301435406,0.3823297567703359
2353,,after_candidate_limit,,638,25,13,25,11.67,7,1.33,3.67,3,8,0.9050650717703349,0.3820476555322965
2354,,after_candidate_limit,,613,24,13,24,11.67,7,1.33,2,3,8,0.9050631578947368,0.3820288612189382
2355,,after_candidate_limit,,3930,157,5,157,9.44,5.66,1.33,2,2,1,0.8939392344497608,0.3819773035274162
2356,,after_candidate_limit,,4145,165,20,165,9.44,8.5,1.33,3.67,20,1,0.7938473684210526,0.3819203671929648
2357,,after_candidate_limit,,96,3,21,3,11.67,10.5,1.33,2,20,2,0.8260478468899521,0.38191953026441433
2358,,after_candidate_limit,,44,1,19,1,11.67,10.5,0.5,1.38,6,15,0.9027430622009569,0.38184288198083105
2359,,after_candidate_limit,,1142,45,17,45,12.78,5.75,1.33,2,6,3,0.899190909090909,0.381837497909995
2360,,after_candidate_limit,,1167,46,17,46,12.78,5.75,1.33,3.67,6,3,0.899156937799043,0.38182741744818327
2361,,after_candidate_limit,,1166,46,16,46,12.78,5.75,1.33,3.67,6,2,0.899377990430622,0.3818161113126757
2362,,after_candidate_limit,,137,5,12,5,11.67,10.5,2.17,3.25,3,3,0.894511961722488,0.3817747079967586
2363,,after_candidate_limit,,895,35,20,35,12.78,3.83,0.5,0.75,20,1,0.8795320574162679,0.381746412184103
2364,,after_candidate_limit,,571,22,21,22,11.67,7,0.5,1.38,20,2,0.8801004784688995,0.3816530552072643
2365,,after_candidate_limit,,3886,155,11,155,9.44,5.66,0.5,1.38,3,2,0.9137794258373205,0.38157969980447065
2366,,after_candidate_limit,,1246,49,21,49,12.78,7.67,0.5,0.75,20,2,0.8790114832535885,0.38152965247953385
2367,,after_candidate_limit,,3535,141,10,141,9.44,2.83,0.5,1.38,3,1,0.9136138755980862,0.3814623466416386
2368,,after_candidate_limit,,1596,63,21,63,13.89,4.17,0.5,0.75,20,2,0.9047535885167464,0.3813158105644489
2369,,after_candidate_limit,,1270,50,20,50,12.78,7.67,0.5,1.38,20,1,0.8737727272727273,0.38120838329313655
2370,,after_candidate_limit,,463,18,13,18,11.67,5.25,1.33,3.67,3,8,0.9050488038277512,0.38108110285325936
2371,,after_candidate_limit,,438,17,13,17,11.67,5.25,1.33,2,3,8,0.9050459330143541,0.3810461669305882
2372,,after_candidate_limit,,2046,81,21,81,13.89,8.33,1.33,3.67,20,2,0.874477033492823,0.38104238769431814
2373,,after_candidate_limit,,3686,147,11,147,9.44,4.25,0.5,0.75,3,2,0.9135248803827751,0.3810175628017913
2374,,after_candidate_limit,,263,10,13,10,11.67,3.5,1.33,2,3,8,0.905043062200957,0.38100965337147474
2375,,after_candidate_limit,,264,10,14,10,11.67,3.5,1.33,2,3,15,0.905043062200957,0.38100965337147474
2376,,after_candidate_limit,,288,11,13,11,11.67,3.5,1.33,3.67,3,8,0.905043062200957,0.38100965337147474
2377,,after_candidate_limit,,289,11,14,11,11.67,3.5,1.33,3.67,3,15,0.905043062200957,0.38100965337147474
2378,,after_candidate_limit,,439,17,14,17,11.67,5.25,1.33,2,3,15,0.905043062200957,0.38100965337147474
2379,,after_candidate_limit,,464,18,14,18,11.67,5.25,1.33,3.67,3,15,0.905043062200957,0.38100965337147474
2380,,after_candidate_limit,,614,24,14,24,11.67,7,1.33,2,3,15,0.905043062200957,0.38100965337147474
2381,,after_candidate_limit,,639,25,14,25,11.67,7,1.33,3.67,3,15,0.905043062200957,0.38100965337147474
2382,,after_candidate_limit,,2473,98,23,98,15,6.75,0.5,0.75,20,8,0.9054167464114833,0.3808415028348666
2383,,after_candidate_limit,,2142,85,17,85,15,13.5,0.5,1.38,6,3,0.8774468899521531,0.38066312071736047
2384,,after_candidate_limit,,42,1,17,1,11.67,10.5,0.5,1.38,6,3,0.9020129186602871,0.3803955970737033
2385,,after_candidate_limit,,1510,60,10,60,13.89,12.5,1.33,3.67,3,1,0.9047358851674641,0.380365787930264
2386,,after_candidate_limit,,4155,166,5,166,9.44,8.5,2.17,3.25,2,1,0.8751129186602871,0.3802368475956671
2387,,after_candidate_limit,,991,39,16,39,12.78,3.83,1.33,3.67,6,2,0.8991397129186602,0.38018422164619875
2388,,after_candidate_limit,,966,38,16,38,12.78,3.83,1.33,2,6,2,0.8991349282296651,0.3801775659618977
2389,,after_candidate_limit,,1245,49,20,49,12.78,7.67,0.5,0.75,20,1,0.873188038277512,0.37998456610007747
2390,,after_candidate_limit,,195,7,20,7,11.67,3.5,0.5,0.75,20,1,0.8796066985645933,0.3799444437449869
2391,,after_candidate_limit,,3560,142,10,142,9.44,2.83,0.5,2,3,1,0.9136636363636363,0.37989227610634824
2392,,after_candidate_limit,,2445,97,20,97,15,4.5,3,4.5,20,1,0.8854521531100479,0.37976420934197325
2393,,after_candidate_limit,,2772,110,22,110,15,9,2.17,3.25,20,3,0.8630497607655503,0.3797421795924097
2394,,after_candidate_limit,,3911,156,11,156,9.44,5.66,0.5,2,3,2,0.9137430622009569,0.3797277570351644
2395,,after_candidate_limit,,596,23,21,23,11.67,7,0.5,2,20,2,0.87681004784689,0.3796575241125775
2396,,after_candidate_limit,,111,4,11,4,11.67,10.5,1.33,3.67,3,2,0.9052961722488039,0.37959020099395685
2397,,after_candidate_limit,,1772,70,22,70,13.89,6.25,0.5,0.75,20,3,0.9046832535885168,0.379535389034501
2398,,after_candidate_limit,,1295,51,20,51,12.78,7.67,0.5,2,20,1,0.8709837320574163,0.3794712474580834
2399,,after_candidate_limit,,2498,99,23,99,15,6.75,0.5,1.38,20,8,0.9054157894736842,0.3794606857702111
2400,,after_candidate_limit,,41,1,16,1,11.67,10.5,0.5,1.38,6,2,0.901033014354067,0.3792038725226123
2401,,after_candidate_limit,,967,38,17,38,12.78,3.83,1.33,2,6,3,0.8989722488038278,0.37910188211828033
2402,,after_candidate_limit,,992,39,17,39,12.78,3.83,1.33,3.67,6,3,0.8989741626794259,0.3790983289682872
2403,,after_candidate_limit,,546,21,21,21,11.67,7,0.5,0.75,20,2,0.8800497607655502,0.37900300772775336
2404,,after_candidate_limit,,1220,48,20,48,12.78,5.75,3,4.5,20,1,0.8689014354066986,0.37889986762965966
2405,,after_candidate_limit,,767,30,17,30,12.78,11.5,0.5,2,6,3,0.8955377990430622,0.37887331909867655
2406,,after_candidate_limit,,1621,64,21,64,13.89,4.17,0.5,1.38,20,2,0.9046679425837321,0.37879229163451533
2407,,after_candidate_limit,,2523,100,23,100,15,6.75,0.5,2,20,8,0.9054167464114833,0.37868054251455274
2408,,after_candidate_limit,,2371,94,21,94,15,4.5,1.33,2,20,2,0.9007205741626795,0.3786513727545256
2409,,after_candidate_limit,,420,16,20,16,11.67,5.25,0.5,2,20,1,0.8802377990430622,0.37863244333277907
2410,,after_candidate_limit,,19,0,19,0,11.67,10.5,0.5,0.75,6,15,0.9026358851674641,0.37855540734838955
2411,,after_candidate_limit,,1822,72,22,72,13.89,6.25,0.5,2,20,3,0.9047047846889952,0.37850804254512393
2412,,after_candidate_limit,,1646,65,21,65,13.89,4.17,0.5,2,20,2,0.9046698564593302,0.37849434287726413
2413,,after_candidate_limit,,2298,91,23,91,15,4.5,0.5,0.75,20,8,0.9053995215311005,0.3784812782941717
2414,,after_candidate_limit,,2299,91,24,91,15,4.5,0.5,0.75,20,15,0.9053995215311005,0.3784812782941717
2415,,after_candidate_limit,,2323,92,23,92,15,4.5,0.5,1.38,20,8,0.9053995215311005,0.3784812782941717
2416,,after_candidate_limit,,2324,92,24,92,15,4.5,0.5,1.38,20,15,0.9053995215311005,0.3784812782941717
2417,,after_candidate_limit,,2348,93,23,93,15,4.5,0.5,2,20,8,0.9053995215311005,0.3784812782941717
2418,,after_candidate_limit,,2349,93,24,93,15,4.5,0.5,2,20,15,0.9053995215311005,0.3784812782941717
2419,,after_candidate_limit,,2474,98,24,98,15,6.75,0.5,0.75,20,15,0.9053995215311005,0.3784812782941717
2420,,after_candidate_limit,,2499,99,24,99,15,6.75,0.5,1.38,20,15,0.9053995215311005,0.3784812782941717
2421,,after_candidate_limit,,2524,100,24,100,15,6.75,0.5,2,20,15,0.9053995215311005,0.3784812782941717
2422,,after_candidate_limit,,1920,76,20,76,13.89,6.25,3,4.5,20,1,0.8563956937799043,0.37838046979403556
2423,,after_candidate_limit,,1670,66,20,66,13.89,4.17,1.33,2,20,1,0.8828980861244019,0.37834371093101143
2424,,after_candidate_limit,,1797,71,22,71,13.89,6.25,0.5,1.38,20,3,0.9047014354066986,0.3782491574816758
2425,,after_candidate_limit,,2396,95,21,95,15,4.5,1.33,3.67,20,2,0.9007191387559809,0.3781747198407547
2426,,after_candidate_limit,,2621,104,21,104,15,6.75,3,4.5,20,2,0.8850200956937799,0.3780274658666021
2427,,after_candidate_limit,,162,6,12,6,11.67,10.5,3,4.5,3,3,0.8984267942583732,0.3779370168475021
2428,,after_candidate_limit,,690,27,15,27,11.67,7,3,4.5,6,1,0.8630483253588517,0.3779007115865417
2429,,after_candidate_limit,,1543,61,18,61,13.89,12.5,2.17,3.25,6,8,0.8858952153110048,0.3778558735401743
2430,,after_candidate_limit,,3720,148,20,148,9.44,4.25,0.5,1.38,20,1,0.8583,0.3777582332231676
2431,,after_candidate_limit,,1597,63,22,63,13.89,4.17,0.5,0.75,20,3,0.9044942583732057,0.3777181585998595
2432,,after_candidate_limit,,543,21,18,21,11.67,7,0.5,0.75,6,8,0.902922009569378,0.37766015629519134
2433,,after_candidate_limit,,3887,155,12,155,9.44,5.66,0.5,1.38,3,3,0.9134004784688995,0.3776449753457123
2434,,after_candidate_limit,,1367,54,17,54,12.78,7.67,2.17,3.25,6,3,0.8796875598086125,0.3776421777711393
2435,,after_candidate_limit,,1535,61,10,61,13.89,12.5,2.17,3.25,3,1,0.9041598086124402,0.37762286185022254
2436,,after_candidate_limit,,3711,148,11,148,9.44,4.25,0.5,1.38,3,2,0.9134215311004785,0.37756473056175005
2437,,after_candidate_limit,,3862,154,12,154,9.44,5.66,0.5,0.75,3,3,0.9134282296650718,0.3775508700687927
2438,,after_candidate_limit,,2547,101,22,101,15,6.75,1.33,2,20,3,0.9006655502392344,0.3775132047951923
2439,,after_candidate_limit,,2699,107,24,107,15,9,0.5,2,20,15,0.9053894736842105,0.3774473575734961
2440,,after_candidate_limit,,3912,156,12,156,9.44,5.66,0.5,2,3,3,0.913399043062201,0.3774066471393455
2441,,after_candidate_limit,,121,4,21,4,11.67,10.5,1.33,3.67,20,2,0.8223344497607655,0.3773727425927428
2442,,after_candidate_limit,,2420,96,20,96,15,4.5,2.17,3.25,20,1,0.8665631578947368,0.37715487652118546
2443,,after_candidate_limit,,3736,149,11,149,9.44,4.25,0.5,2,3,2,0.9134196172248804,0.3771110663740523
2444,,after_candidate_limit,,3520,140,20,140,9.44,2.83,0.5,0.75,20,1,0.8581574162679426,0.37705030521523075
2445,,after_candidate_limit,,1321,52,21,52,12.78,7.67,1.33,2,20,2,0.8789555023923445,0.3769244738748684
2446,,after_candidate_limit,,2397,95,22,95,15,4.5,1.33,3.67,20,3,0.9005038277511962,0.3767771331579423
2447,,after_candidate_limit,,1647,65,22,65,13.89,4.17,0.5,2,20,3,0.904488038277512,0.3767194345011654
2448,,after_candidate_limit,,2372,94,22,94,15,4.5,1.33,2,20,3,0.9004923444976076,0.376644136853735
2449,,after_candidate_limit,,2572,102,22,102,15,6.75,1.33,3.67,20,3,0.9006578947368421,0.37663214340736934
2450,,after_candidate_limit,,1622,64,22,64,13.89,4.17,0.5,1.38,20,3,0.9044784688995215,0.37661586772030364
2451,,after_candidate_limit,,3945,157,20,157,9.44,5.66,1.33,2,20,1,0.8183875598086124,0.37637821055623866
2452,,after_candidate_limit,,445,17,20,17,11.67,5.25,1.33,2,20,1,0.8620071770334928,0.3763308139780473
2453,,after_candidate_limit,,2022,80,22,80,13.89,8.33,1.33,2,20,3,0.8797856459330143,0.3763183794068589
2454,,after_candidate_limit,,568,22,18,22,11.67,7,0.5,1.38,6,8,0.9029224880382775,0.37624171363066966
2455,,after_candidate_limit,,593,23,18,23,11.67,7,0.5,2,6,8,0.9029229665071771,0.3761240576157048
2456,,after_candidate_limit,,1322,52,22,52,12.78,7.67,1.33,2,20,3,0.8848502392344497,0.37611186580254496
2457,,after_candidate_limit,,1347,53,22,53,12.78,7.67,1.33,3.67,20,3,0.8848215311004785,0.3760856412885018
2458,,after_candidate_limit,,663,26,13,26,11.67,7,2.17,3.25,3,8,0.8943205741626794,0.3760570104411206
2459,,after_candidate_limit,,665,26,15,26,11.67,7,2.17,3.25,6,1,0.8509698564593301,0.37602604271203316
2460,,after_candidate_limit,,1392,55,17,55,12.78,7.67,3,4.5,6,3,0.8794813397129186,0.3760236194589125
2461,,after_candidate_limit,,3687,147,12,147,9.44,4.25,0.5,0.75,3,3,0.9132052631578947,0.37594083082351076
2462,,after_candidate_limit,,3955,158,5,158,9.44,5.66,1.33,3.67,2,1,0.8939081339712919,0.375868421536642
2463,,after_candidate_limit,,1568,62,18,62,13.89,12.5,3,4.5,6,8,0.8879019138755981,0.37585319920270405
2464,,after_candidate_limit,,3511,140,11,140,9.44,2.83,0.5,0.75,3,2,0.9132272727272728,0.3757628540225552
2465,,after_candidate_limit,,1146,45,21,45,12.78,5.75,1.33,2,20,2,0.8849555023923446,0.3756565327474147
2466,,after_candidate_limit,,2771,110,21,110,15,9,2.17,3.25,20,2,0.8535086124401914,0.37563164065971005
2467,,after_candidate_limit,,970,38,20,38,12.78,3.83,1.33,2,20,1,0.8848382775119618,0.3756293087034028
2468,,after_candidate_limit,,3871,154,21,154,9.44,5.66,0.5,0.75,20,2,0.8579382775119617,0.3756068776865526
2469,,after_candidate_limit,,2047,81,22,81,13.89,8.33,1.33,3.67,20,3,0.8799650717703349,0.37544725763848996
2470,,after_candidate_limit,,2070,82,20,82,13.89,8.33,2.17,3.25,20,1,0.8494387559808613,0.37544404857462677
2471,,after_candidate_limit,,2674,106,24,106,15,9,0.5,1.38,20,15,0.9053263157894736,0.375401339173872
2472,,after_candidate_limit,,3865,154,15,154,9.44,5.66,0.5,0.75,6,1,0.8822272727272727,0.3753917219671768
2473,,after_candidate_limit,,2649,105,24,105,15,9,0.5,0.75,20,15,0.905157894736842,0.3753764109599443
2474,,after_candidate_limit,,1171,46,21,46,12.78,5.75,1.33,3.67,20,2,0.8849564593301436,0.37536309762731357
2475,,after_candidate_limit,,67,2,17,2,11.67,10.5,0.5,2,6,3,0.9010961722488038,0.3752620757278192
2476,,after_candidate_limit,,3745,149,20,149,9.44,4.25,0.5,2,20,1,0.8581555023923445,0.3751867496379684
2477,,after_candidate_limit,,418,16,18,16,11.67,5.25,0.5,2,6,8,0.9029095693779904,0.37516312808447994
2478,,after_candidate_limit,,368,14,18,14,11.67,5.25,0.5,0.75,6,8,0.9029076555023924,0.3751352097765665
2479,,after_candidate_limit,,393,15,18,15,11.67,5.25,0.5,1.38,6,8,0.9029076555023924,0.3751352097765665
2480,,after_candidate_limit,,3970,158,20,158,9.44,5.66,1.33,3.67,20,1,0.8183244019138756,0.375129489098508
2481,,after_candidate_limit,,193,7,18,7,11.67,3.5,0.5,0.75,6,8,0.9029066985645933,0.37512126642144666
2482,,after_candidate_limit,,194,7,19,7,11.67,3.5,0.5,0.75,6,15,0.9029066985645933,0.37512126642144666
2483,,after_candidate_limit,,218,8,18,8,11.67,3.5,0.5,1.38,6,8,0.9029066985645933,0.37512126642144666
2484,,after_candidate_limit,,219,8,19,8,11.67,3.5,0.5,1.38,6,15,0.9029066985645933,0.37512126642144666
2485,,after_candidate_limit,,243,9,18,9,11.67,3.5,0.5,2,6,8,0.9029066985645933,0.37512126642144666
2486,,after_candidate_limit,,244,9,19,9,11.67,3.5,0.5,2,6,15,0.9029066985645933,0.37512126642144666
2487,,after_candidate_limit,,369,14,19,14,11.67,5.25,0.5,0.75,6,15,0.9029066985645933,0.37512126642144666
2488,,after_candidate_limit,,394,15,19,15,11.67,5.25,0.5,1.38,6,15,0.9029066985645933,0.37512126642144666
2489,,after_candidate_limit,,419,16,19,16,11.67,5.25,0.5,2,6,15,0.9029066985645933,0.37512126642144666
2490,,after_candidate_limit,,544,21,19,21,11.67,7,0.5,0.75,6,15,0.9029066985645933,0.37512126642144666
2491,,after_candidate_limit,,569,22,19,22,11.67,7,0.5,1.38,6,15,0.9029066985645933,0.37512126642144666
2492,,after_candidate_limit,,594,23,19,23,11.67,7,0.5,2,6,15,0.9029066985645933,0.37512126642144666
2493,,after_candidate_limit,,488,19,13,19,11.67,5.25,2.17,3.25,3,8,0.8943033492822966,0.37508046846208165
2494,,after_candidate_limit,,313,12,13,12,11.67,3.5,2.17,3.25,3,8,0.8942995215311005,0.375032887789602
2495,,after_candidate_limit,,314,12,14,12,11.67,3.5,2.17,3.25,3,15,0.8942995215311005,0.375032887789602
2496,,after_candidate_limit,,489,19,14,19,11.67,5.25,2.17,3.25,3,15,0.8942995215311005,0.375032887789602
2497,,after_candidate_limit,,664,26,14,26,11.67,7,2.17,3.25,3,15,0.8942995215311005,0.375032887789602
2498,,after_candidate_limit,,1846,73,21,73,13.89,6.25,1.33,2,20,2,0.8831555023923445,0.37483385070553615
2499,,after_candidate_limit,,3737,149,12,149,9.44,4.25,0.5,2,3,3,0.9132057416267942,0.3748192266982969
2500,,after_candidate_limit,,470,18,20,18,11.67,5.25,1.33,3.67,20,1,0.8618703349282296,0.3747745327138427
2501,,after_candidate_limit,,3712,148,12,148,9.44,4.25,0.5,1.38,3,3,0.9131961722488038,0.3747100352023729
2502,,after_candidate_limit,,1172,46,22,46,12.78,5.75,1.33,3.67,20,3,0.8848306220095694,0.37469022404070834
2503,,after_candidate_limit,,766,30,16,30,12.78,11.5,0.5,2,6,2,0.8931157894736842,0.37460799159349084
2504,,after_candidate_limit,,1147,45,22,45,12.78,5.75,1.33,2,20,3,0.8848377990430623,0.3745766326347572
2505,,after_candidate_limit,,1467,58,17,58,13.89,12.5,0.5,2,6,3,0.8895301435406698,0.3745704508766521
2506,,after_candidate_limit,,3561,142,11,142,9.44,2.83,0.5,2,3,2,0.9131875598086124,0.3745231081064253
2507,,after_candidate_limit,,3536,141,11,141,9.44,2.83,0.5,1.38,3,2,0.9131866028708134,0.3745053848497666
2508,,after_candidate_limit,,1015,40,15,40,12.78,3.83,2.17,3.25,6,1,0.8796397129186603,0.374451955388396
2509,,after_candidate_limit,,371,14,21,14,11.67,5.25,0.5,0.75,20,2,0.8797334928229665,0.37443445173117146
2510,,after_candidate_limit,,995,39,20,39,12.78,3.83,1.33,3.67,20,1,0.88482009569378,0.37414876907013056
2511,,after_candidate_limit,,793,31,18,31,12.78,11.5,1.33,2,6,8,0.8982612440191388,0.3740990965859479
2512,,after_candidate_limit,,818,32,18,32,12.78,11.5,1.33,3.67,6,8,0.8982617224880383,0.37380622179404455
2513,,after_candidate_limit,,2167,86,17,86,15,13.5,0.5,2,6,3,0.8759004784688995,0.3736402038301106
2514,,after_candidate_limit,,547,21,22,21,11.67,7,0.5,0.75,20,3,0.8796421052631579,0.3735758271395368
2515,,after_candidate_limit,,1320,52,20,52,12.78,7.67,1.33,2,20,1,0.874288038277512,0.37346620157387517
2516,,after_candidate_limit,,1871,74,21,74,13.89,6.25,1.33,3.67,20,2,0.8831114832535886,0.3734518427639762
2517,,after_candidate_limit,,996,39,21,39,12.78,3.83,1.33,3.67,20,2,0.884733971291866,0.37332159463771114
2518,,after_candidate_limit,,971,38,21,38,12.78,3.83,1.33,2,20,2,0.8847311004784689,0.37326614986854717
2519,,after_candidate_limit,,1695,67,20,67,13.89,4.17,1.33,3.67,20,1,0.8827966507177033,0.37306493300415866
2520,,after_candidate_limit,,794,31,19,31,12.78,11.5,1.33,2,6,15,0.898256937799043,0.37293976056850875
2521,,after_candidate_limit,,1192,47,17,47,12.78,5.75,2.17,3.25,6,3,0.8794186602870814,0.3729285513544142
2522,,after_candidate_limit,,1191,47,16,47,12.78,5.75,2.17,3.25,6,2,0.8796330143540669,0.37287391757536875
2523,,after_candidate_limit,,1343,53,18,53,12.78,7.67,1.33,3.67,6,8,0.8986569377990431,0.37283886287459816
2524,,after_candidate_limit,,1040,41,15,41,12.78,3.83,3,4.5,6,1,0.8793832535885168,0.372835402048161
2525,,after_candidate_limit,,688,27,13,27,11.67,7,3,4.5,3,8,0.898222966507177,0.372802414561583
2526,,after_candidate_limit,,819,32,19,32,12.78,11.5,1.33,3.67,6,15,0.8981086124401914,0.3727845875851921
2527,,after_candidate_limit,,3512,140,12,140,9.44,2.83,0.5,0.75,3,3,0.9130148325358851,0.372778515355623
2528,,after_candidate_limit,,4180,167,5,167,9.44,8.5,3,4.5,2,1,0.8683583732057416,0.3727626650252485
2529,,after_candidate_limit,,66,2,16,2,11.67,10.5,0.5,2,6,2,0.9008775119617225,0.3727443212818055
2530,,after_candidate_limit,,513,20,13,20,11.67,5.25,3,4.5,3,8,0.8982086124401913,0.37264881399568445
2531,,after_candidate_limit,,1318,52,18,52,12.78,7.67,1.33,2,6,8,0.8986282296650717,0.3725897369484565
2532,,after_candidate_limit,,338,13,13,13,11.67,3.5,3,4.5,3,8,0.8982028708133971,0.3725790188697023
2533,,after_candidate_limit,,339,13,14,13,11.67,3.5,3,4.5,3,15,0.8982028708133971,0.3725790188697023
2534,,after_candidate_limit,,514,20,14,20,11.67,5.25,3,4.5,3,15,0.8982028708133971,0.3725790188697023
2535,,after_candidate_limit,,689,27,14,27,11.67,7,3,4.5,3,15,0.8982028708133971,0.3725790188697023
2536,,after_candidate_limit,,440,17,15,17,11.67,5.25,1.33,2,6,1,0.8776717703349283,0.3724522376934712
2537,,after_candidate_limit,,997,39,22,39,12.78,3.83,1.33,3.67,20,3,0.8846535885167464,0.37243849029051423
2538,,after_candidate_limit,,1345,53,20,53,12.78,7.67,1.33,3.67,20,1,0.8712861244019139,0.37242926437584856
2539,,after_candidate_limit,,3570,142,20,142,9.44,2.83,0.5,2,20,1,0.8579966507177034,0.3723912532310265
2540,,after_candidate_limit,,972,38,22,38,12.78,3.83,1.33,2,20,3,0.8846507177033492,0.3723642428341619
2541,,after_candidate_limit,,3545,141,20,141,9.44,2.83,0.5,1.38,20,1,0.8580306220095694,0.3723516479345211
2542,,after_candidate_limit,,2446,97,21,97,15,4.5,3,4.5,20,2,0.8849803827751196,0.3723239678830449
2543,,after_candidate_limit,,1948,77,23,77,13.89,8.33,0.5,0.75,20,8,0.9038894736842106,0.3723186759452178
2544,,after_candidate_limit,,1560,62,10,62,13.89,12.5,3,4.5,3,1,0.9003866028708134,0.3722057397117768
2545,,after_candidate_limit,,1416,56,16,56,13.89,12.5,0.5,0.75,6,2,0.8889928229665072,0.37216969883362117
2546,,after_candidate_limit,,2596,103,21,103,15,6.75,2.17,3.25,20,2,0.8630980861244019,0.372012434457531
2547,,after_candidate_limit,,1071,42,21,42,12.78,5.75,0.5,0.75,20,2,0.8792100478468899,0.3720016290399664
2548,,after_candidate_limit,,3562,142,12,142,9.44,2.83,0.5,2,3,3,0.9130229665071771,0.37195810259623513
2549,,after_candidate_limit,,3537,141,12,141,9.44,2.83,0.5,1.38,3,3,0.9129913875598086,0.3718626451226888
2550,,after_candidate_limit,,4046,161,21,161,9.44,8.5,0.5,0.75,20,2,0.8539215311004784,0.371824849430282
2551,,after_candidate_limit,,1396,55,21,55,12.78,7.67,3,4.5,20,2,0.8621454545454545,0.37180765715529335
2552,,after_candidate_limit,,3896,155,21,155,9.44,5.66,0.5,1.38,20,2,0.8576387559808613,0.37180306425436227
2553,,after_candidate_limit,,136,5,11,5,11.67,10.5,2.17,3.25,3,2,0.8945023923444976,0.37174141589601983
2554,,after_candidate_limit,,2071,82,21,82,13.89,8.33,2.17,3.25,20,2,0.8527215311004784,0.37147122338374233
2555,,after_candidate_limit,,572,22,22,22,11.67,7,0.5,1.38,20,3,0.8795574162679426,0.3714447335601317
2556,,after_candidate_limit,,4096,163,21,163,9.44,8.5,0.5,2,20,2,0.8509023923444976,0.3714159981276274
2557,,after_candidate_limit,,1216,48,16,48,12.78,5.75,3,4.5,6,2,0.8793851674641149,0.3714027975976293
2558,,after_candidate_limit,,2096,83,21,83,13.89,8.33,3,4.5,20,2,0.8560995215311005,0.3712910004754618
2559,,after_candidate_limit,,1271,50,21,50,12.78,7.67,0.5,1.38,20,2,0.8760277511961723,0.3712794699952621
2560,,after_candidate_limit,,1217,48,17,48,12.78,5.75,3,4.5,6,3,0.8791717703349282,0.37106965104131895
2561,,after_candidate_limit,,220,8,20,8,11.67,3.5,0.5,1.38,20,1,0.8795545454545455,0.3710679282464669
2562,,after_candidate_limit,,1016,40,16,40,12.78,3.83,2.17,3.25,6,2,0.8793870813397129,0.3710172828109665
2563,,after_candidate_limit,,2723,108,23,108,15,9,1.33,2,20,8,0.8998148325358851,0.3709723191343595
2564,,after_candidate_limit,,1847,73,22,73,13.89,6.25,1.33,2,20,3,0.8826047846889952,0.37092044719626277
2565,,after_candidate_limit,,396,15,21,15,11.67,5.25,0.5,1.38,20,2,0.8797961722488038,0.3709024282624157
2566,,after_candidate_limit,,2447,97,22,97,15,4.5,3,4.5,20,3,0.8847497607655502,0.37088362998978114
2567,,after_candidate_limit,,421,16,21,16,11.67,5.25,0.5,2,20,2,0.8798081339712919,0.3708653394237989
2568,,after_candidate_limit,,1872,74,22,74,13.89,6.25,1.33,3.67,20,3,0.8826047846889952,0.37085367726826607
2569,,after_candidate_limit,,2748,109,23,109,15,9,1.33,3.67,20,8,0.8998071770334928,0.3708197413994058
2570,,after_candidate_limit,,3921,156,21,156,9.44,5.66,0.5,2,20,2,0.8576856459330143,0.3707528753021208
2571,,after_candidate_limit,,1195,47,20,47,12.78,5.75,2.17,3.25,20,1,0.8533430622009569,0.3706844873603362
2572,,after_candidate_limit,,4071,162,21,162,9.44,8.5,0.5,1.38,20,2,0.8509444976076554,0.3706837213792601
2573,,after_candidate_limit,,1671,66,21,66,13.89,4.17,1.33,2,20,2,0.8826751196172249,0.37064375270120387
2574,,after_candidate_limit,,597,23,22,23,11.67,7,0.5,2,20,3,0.8795641148325359,0.3706101625885606
2575,,after_candidate_limit,,4038,161,13,161,9.44,8.5,0.5,0.75,3,8,0.9128215311004785,0.3706055093613062
2576,,after_candidate_limit,,465,18,15,18,11.67,5.25,1.33,3.67,6,1,0.8777569377990431,0.3705450672523334
2577,,after_candidate_limit,,2020,80,20,80,13.89,8.33,1.33,2,20,1,0.8491928229665072,0.37050655287393597
2578,,after_candidate_limit,,1696,67,21,67,13.89,4.17,1.33,3.67,20,2,0.8826799043062201,0.37049902525505823
2579,,after_candidate_limit,,2045,81,20,81,13.89,8.33,1.33,3.67,20,1,0.8489344497607656,0.3704939771036663
2580,,after_candidate_limit,,3872,154,22,154,9.44,5.66,0.5,0.75,20,3,0.8574602870813397,0.37046825724730414
2581,,after_candidate_limit,,621,24,21,24,11.67,7,1.33,2,20,2,0.8581315789473685,0.3703745805784653
2582,,after_candidate_limit,,2622,104,22,104,15,6.75,3,4.5,20,3,0.8848636363636364,0.3703488660158885
2583,,after_candidate_limit,,1296,51,21,51,12.78,7.67,0.5,2,20,2,0.8729645933014354,0.3702980796954952
2584,,after_candidate_limit,,1041,41,16,41,12.78,3.83,3,4.5,6,2,0.8791684210526316,0.3701616732344595
2585,,after_candidate_limit,,1272,50,22,50,12.78,7.67,0.5,1.38,20,3,0.8788717703349282,0.3701000878887465
2586,,after_candidate_limit,,3746,149,21,149,9.44,4.25,0.5,2,20,2,0.8575047846889953,0.37008434720898753
2587,,after_candidate_limit,,1017,40,17,40,12.78,3.83,2.17,3.25,6,3,0.8792358851674641,0.3699810495587051
2588,,after_candidate_limit,,3696,147,21,147,9.44,4.25,0.5,0.75,20,2,0.8575736842105263,0.3699742973249923
2589,,after_candidate_limit,,3721,148,21,148,9.44,4.25,0.5,1.38,20,2,0.8575090909090909,0.36982246045889816
2590,,after_candidate_limit,,3971,158,21,158,9.44,5.66,1.33,3.67,20,2,0.8178751196172249,0.3695386109661758
2591,,after_candidate_limit,,1973,78,23,78,13.89,8.33,0.5,1.38,20,8,0.9038952153110048,0.3695146773988153
2592,,after_candidate_limit,,4097,163,22,163,9.44,8.5,0.5,2,20,3,0.853098086124402,0.3694886079685741
2593,,after_candidate_limit,,372,14,22,14,11.67,5.25,0.5,0.75,20,3,0.8793727272727273,0.3694698536031684
2594,,after_candidate_limit,,1697,67,22,67,13.89,4.17,1.33,3.67,20,3,0.8824607655502392,0.3694236844480758
2595,,after_candidate_limit,,3946,157,21,157,9.44,5.66,1.33,2,20,2,0.8178688995215311,0.3694115666663456
2596,,after_candidate_limit,,1672,66,22,66,13.89,4.17,1.33,2,20,3,0.8824626794258373,0.3694034884028334
2597,,after_candidate_limit,,1042,41,17,41,12.78,3.83,3,4.5,6,3,0.879022009569378,0.36916694104698417
2598,,after_candidate_limit,,616,24,16,24,11.67,7,1.33,2,6,2,0.8769626794258373,0.36912502933306396
2599,,after_candidate_limit,,1221,48,21,48,12.78,5.75,3,4.5,20,2,0.8677712918660287,0.3690992520900682
2600,,after_candidate_limit,,245,9,20,9,11.67,3.5,0.5,2,20,1,0.8795296650717703,0.36908935423442335
2601,,after_candidate_limit,,4045,161,20,161,9.44,8.5,0.5,0.75,20,1,0.8352191387559809,0.36902076403094686
2602,,after_candidate_limit,,3922,156,22,156,9.44,5.66,0.5,2,20,3,0.8574564593301436,0.36899800126127674
2603,,after_candidate_limit,,4120,164,20,164,9.44,8.5,1.33,2,20,1,0.7947851674641149,0.368989512047836
2604,,after_candidate_limit,,1397,55,22,55,12.78,7.67,3,4.5,20,3,0.8676976076555024,0.3689746115137239
2605,,after_candidate_limit,,3897,155,22,155,9.44,5.66,0.5,1.38,20,3,0.8574507177033492,0.3688353443608766
2606,,after_candidate_limit,,3521,140,21,140,9.44,2.83,0.5,0.75,20,2,0.8574454545454545,0.36878000404363664
2607,,after_candidate_limit,,196,7,21,7,11.67,3.5,0.5,0.75,20,2,0.8793693779904306,0.3687132447231497
2608,,after_candidate_limit,,3722,148,22,148,9.44,4.25,0.5,1.38,20,3,0.8574086124401914,0.368688419637373
2609,,after_candidate_limit,,1045,41,20,41,12.78,3.83,3,4.5,20,1,0.8676875598086125,0.3685885350159993
2610,,after_candidate_limit,,4063,162,13,162,9.44,8.5,0.5,1.38,3,8,0.9127583732057416,0.3685501819911397
2611,,after_candidate_limit,,1247,49,22,49,12.78,7.67,0.5,0.75,20,3,0.8788114832535885,0.3685475112409635
2612,,after_candidate_limit,,3571,142,21,142,9.44,2.83,0.5,2,20,2,0.8574229665071771,0.36854276729212465
2613,,after_candidate_limit,,3747,149,22,149,9.44,4.25,0.5,2,20,3,0.8574153110047847,0.368538693221082
2614,,after_candidate_limit,,3697,147,22,147,9.44,4.25,0.5,0.75,20,3,0.8574095693779904,0.36853072477868826
2615,,after_candidate_limit,,3546,141,21,141,9.44,2.83,0.5,1.38,20,2,0.8574215311004785,0.3684833211711602
2616,,after_candidate_limit,,397,15,22,15,11.67,5.25,0.5,1.38,20,3,0.8793622009569378,0.3682794671236493
2617,,after_candidate_limit,,920,36,20,36,12.78,3.83,0.5,1.38,20,1,0.8790837320574163,0.3681519092221682
2618,,after_candidate_limit,,2116,84,16,84,15,13.5,0.5,0.75,6,2,0.8713808612440191,0.36805335388915306
2619,,after_candidate_limit,,1998,79,23,79,13.89,8.33,0.5,2,20,8,0.903887081339713,0.368031869835911
2620,,after_candidate_limit,,1323,52,23,52,12.78,7.67,1.33,2,20,8,0.8842148325358852,0.3679998238654259
2621,,after_candidate_limit,,1348,53,23,53,12.78,7.67,1.33,3.67,20,8,0.8842200956937799,0.3679266614097398
2622,,after_candidate_limit,,1297,51,22,51,12.78,7.67,0.5,2,20,3,0.8788593301435407,0.3679199515902043
2623,,after_candidate_limit,,3770,150,20,150,9.44,4.25,1.33,2,20,1,0.8177492822966507,0.3678812182603261
2624,,after_candidate_limit,,422,16,22,16,11.67,5.25,0.5,2,20,3,0.8793655502392345,0.36787951906961186
2625,,after_candidate_limit,,1168,46,18,46,12.78,5.75,1.33,3.67,6,8,0.8985502392344498,0.36783624105749113
2626,,after_candidate_limit,,1143,45,18,45,12.78,5.75,1.33,2,6,8,0.8985473684210527,0.3678007443671358
2627,,after_candidate_limit,,1046,41,21,41,12.78,3.83,3,4.5,20,2,0.8676478468899521,0.36777125106749864
2628,,after_candidate_limit,,968,38,18,38,12.78,3.83,1.33,2,6,8,0.8985416267942584,0.36772234928812486
2629,,after_candidate_limit,,969,38,19,38,12.78,3.83,1.33,2,6,15,0.8985416267942584,0.36772234928812486
2630,,after_candidate_limit,,993,39,18,39,12.78,3.83,1.33,3.67,6,8,0.8985416267942584,0.36772234928812486
2631,,after_candidate_limit,,994,39,19,39,12.78,3.83,1.33,3.67,6,15,0.8985416267942584,0.36772234928812486
2632,,after_candidate_limit,,1144,45,19,45,12.78,5.75,1.33,2,6,15,0.8985416267942584,0.36772234928812486
2633,,after_candidate_limit,,1169,46,19,46,12.78,5.75,1.33,3.67,6,15,0.8985416267942584,0.36772234928812486
2634,,after_candidate_limit,,1319,52,19,52,12.78,7.67,1.33,2,6,15,0.8985416267942584,0.36772234928812486
2635,,after_candidate_limit,,1344,53,19,53,12.78,7.67,1.33,3.67,6,15,0.8985416267942584,0.36772234928812486
2636,,after_candidate_limit,,646,25,21,25,11.67,7,1.33,3.67,20,2,0.8582492822966508,0.3676203569499052
2637,,after_candidate_limit,,246,9,21,9,11.67,3.5,0.5,2,20,2,0.8795196172248804,0.36757793028310043
2638,,after_candidate_limit,,4088,163,13,163,9.44,8.5,0.5,2,3,8,0.9127947368421052,0.36748604096496407
2639,,after_candidate_limit,,1222,48,22,48,12.78,5.75,3,4.5,20,3,0.8674937799043062,0.3674373847404214
2640,,after_candidate_limit,,3795,151,20,151,9.44,4.25,1.33,3.67,20,1,0.8177110047846889,0.36739298241046103
2641,,after_candidate_limit,,4072,162,22,162,9.44,8.5,0.5,1.38,20,3,0.8528636363636364,0.3673513159761162
2642,,after_candidate_limit,,221,8,21,8,11.67,3.5,0.5,1.38,20,2,0.8793531100478469,0.3672457099348933
2643,,after_candidate_limit,,3572,142,22,142,9.44,2.83,0.5,2,20,3,0.8573397129186603,0.3671276403382581
2644,,after_candidate_limit,,3755,150,5,150,9.44,4.25,1.33,2,2,1,0.893033014354067,0.36704729637452027
2645,,after_candidate_limit,,1499,59,24,59,13.89,12.5,1.33,2,20,15,0.867866985645933,0.3669535392122361
2646,,after_candidate_limit,,3890,155,15,155,9.44,5.66,0.5,1.38,6,1,0.882398086124402,0.3666472300507431
2647,,after_candidate_limit,,4047,161,22,161,9.44,8.5,0.5,0.75,20,3,0.8556937799043062,0.3664246161817345
2648,,after_candidate_limit,,85,3,10,3,11.67,10.5,1.33,2,3,1,0.9017794258373206,0.366396697206677
2649,,after_candidate_limit,,2421,96,21,96,15,4.5,2.17,3.25,20,2,0.8660779904306221,0.3663341309517467
2650,,after_candidate_limit,,247,9,22,9,11.67,3.5,0.5,2,20,3,0.879288995215311,0.36632897921070096
2651,,after_candidate_limit,,222,8,22,8,11.67,3.5,0.5,1.38,20,3,0.879288038277512,0.36630812917060473
2652,,after_candidate_limit,,1047,41,22,41,12.78,3.83,3,4.5,20,3,0.8673976076555024,0.36625553900299734
2653,,after_candidate_limit,,4121,164,21,164,9.44,8.5,1.33,2,20,2,0.8082875598086124,0.366203213197173
2654,,after_candidate_limit,,1773,70,23,70,13.89,6.25,0.5,0.75,20,8,0.9038555023923445,0.36617059913309474
2655,,after_candidate_limit,,197,7,22,7,11.67,3.5,0.5,0.75,20,3,0.8791119617224881,0.3659525894825351
2656,,after_candidate_limit,,3522,140,22,140,9.44,2.83,0.5,0.75,20,3,0.8571315789473685,0.3658819539574303
2657,,after_candidate_limit,,161,6,11,6,11.67,10.5,3,4.5,3,2,0.898288995215311,0.3658699175365692
2658,,after_candidate_limit,,2720,108,20,108,15,9,1.33,2,20,1,0.884934928229665,0.36566001135783577
2659,,after_candidate_limit,,270,10,20,10,11.67,3.5,1.33,2,20,1,0.8609602870813398,0.3655904668812969
2660,,after_candidate_limit,,3547,141,22,141,9.44,2.83,0.5,1.38,20,3,0.8571306220095694,0.3655456008796138
2661,,after_candidate_limit,,1424,56,24,56,13.89,12.5,0.5,0.75,20,15,0.8884406698564593,0.36545494696103725
2662,,after_candidate_limit,,641,25,16,25,11.67,7,1.33,3.67,6,2,0.8769196172248804,0.3652903424686975
2663,,after_candidate_limit,,3947,157,22,157,9.44,5.66,1.33,2,20,3,0.8174105263157895,0.36520486936215774
2664,,after_candidate_limit,,1823,72,23,72,13.89,6.25,0.5,2,20,8,0.903854066985646,0.3650908033727656
2665,,after_candidate_limit,,1798,71,23,71,13.89,6.25,0.5,1.38,20,8,0.9038502392344497,0.36503422463599194
2666,,after_candidate_limit,,2422,96,22,96,15,4.5,2.17,3.25,20,3,0.8658799043062201,0.36501023622639805
2667,,after_candidate_limit,,1598,63,23,63,13.89,4.17,0.5,0.75,20,8,0.9038435406698565,0.364928537271252
2668,,after_candidate_limit,,1599,63,24,63,13.89,4.17,0.5,0.75,20,15,0.9038435406698565,0.364928537271252
2669,,after_candidate_limit,,1623,64,23,64,13.89,4.17,0.5,1.38,20,8,0.9038435406698565,0.364928537271252
2670,,after_candidate_limit,,1624,64,24,64,13.89,4.17,0.5,1.38,20,15,0.9038435406698565,0.364928537271252
2671,,after_candidate_limit,,1648,65,23,65,13.89,4.17,0.5,2,20,8,0.9038435406698565,0.364928537271252
2672,,after_candidate_limit,,1649,65,24,65,13.89,4.17,0.5,2,20,15,0.9038435406698565,0.364928537271252
2673,,after_candidate_limit,,1774,70,24,70,13.89,6.25,0.5,0.75,20,15,0.9038435406698565,0.364928537271252
2674,,after_candidate_limit,,1799,71,24,71,13.89,6.25,0.5,1.38,20,15,0.9038435406698565,0.364928537271252
2675,,after_candidate_limit,,1824,72,24,72,13.89,6.25,0.5,2,20,15,0.9038435406698565,0.364928537271252
2676,,after_candidate_limit,,1974,78,24,78,13.89,8.33,0.5,1.38,20,15,0.9038435406698565,0.364928537271252
2677,,after_candidate_limit,,1999,79,24,79,13.89,8.33,0.5,2,20,15,0.9038435406698565,0.364928537271252
2678,,after_candidate_limit,,843,33,18,33,12.78,11.5,2.17,3.25,6,8,0.8786727272727273,0.3649258157858523
2679,,after_candidate_limit,,3595,143,20,143,9.44,2.83,1.33,2,20,1,0.8174602870813397,0.3649034692460434
2680,,after_candidate_limit,,122,4,22,4,11.67,10.5,1.33,3.67,20,3,0.8379593301435406,0.3648940849208716
2681,,after_candidate_limit,,2548,101,23,101,15,6.75,1.33,2,20,8,0.8999177033492823,0.36482619773038344
2682,,after_candidate_limit,,2573,102,23,102,15,6.75,1.33,3.67,20,8,0.8999177033492823,0.36482619773038344
2683,,after_candidate_limit,,2798,111,23,111,15,9,3,4.5,20,8,0.8840148325358852,0.3648172506970031
2684,,after_candidate_limit,,868,34,18,34,12.78,11.5,3,4.5,6,8,0.8784306220095693,0.36480170564661696
2685,,after_candidate_limit,,3620,144,20,144,9.44,2.83,1.33,3.67,20,1,0.8174358851674641,0.3647547081841654
2686,,after_candidate_limit,,2597,103,22,103,15,6.75,2.17,3.25,20,3,0.86601004784689,0.36469430197863484
2687,,after_candidate_limit,,670,26,20,26,11.67,7,2.17,3.25,20,1,0.8195004784688995,0.36463362505638713
2688,,after_candidate_limit,,3796,151,21,151,9.44,4.25,1.33,3.67,20,2,0.8174272727272728,0.3646134346257203
2689,,after_candidate_limit,,2373,94,23,94,15,4.5,1.33,2,20,8,0.8999023923444976,0.3646125802958318
2690,,after_candidate_limit,,2374,94,24,94,15,4.5,1.33,2,20,15,0.8999023923444976,0.3646125802958318
2691,,after_candidate_limit,,2398,95,23,95,15,4.5,1.33,3.67,20,8,0.8999023923444976,0.3646125802958318
2692,,after_candidate_limit,,2399,95,24,95,15,4.5,1.33,3.67,20,15,0.8999023923444976,0.3646125802958318
2693,,after_candidate_limit,,2549,101,24,101,15,6.75,1.33,2,20,15,0.8999023923444976,0.3646125802958318
2694,,after_candidate_limit,,2574,102,24,102,15,6.75,1.33,3.67,20,15,0.8999023923444976,0.3646125802958318
2695,,after_candidate_limit,,3972,158,22,158,9.44,5.66,1.33,3.67,20,3,0.8173961722488038,0.3646121310836859
2696,,after_candidate_limit,,945,37,20,37,12.78,3.83,0.5,2,20,1,0.8789846889952153,0.3645873605990339
2697,,after_candidate_limit,,1096,43,21,43,12.78,5.75,0.5,1.38,20,2,0.8790277511961723,0.36455917701448914
2698,,after_candidate_limit,,73,2,23,2,11.67,10.5,0.5,2,20,8,0.8729717703349282,0.36453659559821466
2699,,after_candidate_limit,,471,18,21,18,11.67,5.25,1.33,3.67,20,2,0.8608880382775119,0.36452632644303395
2700,,after_candidate_limit,,295,11,20,11,11.67,3.5,1.33,3.67,20,1,0.8609181818181818,0.36450611946156547
2701,,after_candidate_limit,,48,1,23,1,11.67,10.5,0.5,1.38,20,8,0.8760851674641148,0.3644389259716038
2702,,after_candidate_limit,,3771,150,21,150,9.44,4.25,1.33,2,20,2,0.8174157894736842,0.36435724409436815
2703,,after_candidate_limit,,4106,164,6,164,9.44,8.5,1.33,2,2,2,0.8929952153110048,0.36435296582400145
2704,,after_candidate_limit,,2749,109,24,109,15,9,1.33,3.67,20,15,0.8999033492822966,0.3642876873203183
2705,,after_candidate_limit,,622,24,22,24,11.67,7,1.33,2,20,3,0.8606555023923445,0.36426636432777326
2706,,after_candidate_limit,,4146,165,21,165,9.44,8.5,1.33,3.67,20,2,0.8058669856459331,0.3642415817740735
2707,,after_candidate_limit,,3621,144,21,144,9.44,2.83,1.33,3.67,20,2,0.8173937799043062,0.3642228455171478
2708,,after_candidate_limit,,3863,154,13,154,9.44,5.66,0.5,0.75,3,8,0.9127808612440191,0.36403015447918213
2709,,after_candidate_limit,,446,17,21,17,11.67,5.25,1.33,2,20,2,0.8608813397129187,0.36393186652629916
2710,,after_candidate_limit,,2267,90,17,90,15,13.5,3,4.5,6,3,0.881111004784689,0.3639254755622713
2711,,after_candidate_limit,,3913,156,13,156,9.44,5.66,0.5,2,3,8,0.9127813397129186,0.3639151152580447
2712,,after_candidate_limit,,3980,159,5,159,9.44,5.66,2.17,3.25,2,1,0.8749071770334929,0.3639087891993091
2713,,after_candidate_limit,,3888,155,13,155,9.44,5.66,0.5,1.38,3,8,0.9127803827751196,0.36389943552493376
2714,,after_candidate_limit,,4089,163,14,163,9.44,8.5,0.5,2,3,15,0.9127803827751196,0.36389943552493376
2715,,after_candidate_limit,,3513,140,13,140,9.44,2.83,0.5,0.75,3,8,0.9127784688995215,0.3638657821233192
2716,,after_candidate_limit,,3514,140,14,140,9.44,2.83,0.5,0.75,3,15,0.9127784688995215,0.3638657821233192
2717,,after_candidate_limit,,3538,141,13,141,9.44,2.83,0.5,1.38,3,8,0.9127784688995215,0.3638657821233192
2718,,after_candidate_limit,,3539,141,14,141,9.44,2.83,0.5,1.38,3,15,0.9127784688995215,0.3638657821233192
2719,,after_candidate_limit,,3563,142,13,142,9.44,2.83,0.5,2,3,8,0.9127784688995215,0.3638657821233192
2720,,after_candidate_limit,,3564,142,14,142,9.44,2.83,0.5,2,3,15,0.9127784688995215,0.3638657821233192
2721,,after_candidate_limit,,3688,147,13,147,9.44,4.25,0.5,0.75,3,8,0.9127784688995215,0.3638657821233192
2722,,after_candidate_limit,,3689,147,14,147,9.44,4.25,0.5,0.75,3,15,0.9127784688995215,0.3638657821233192
2723,,after_candidate_limit,,3713,148,13,148,9.44,4.25,0.5,1.38,3,8,0.9127784688995215,0.3638657821233192
2724,,after_candidate_limit,,3714,148,14,148,9.44,4.25,0.5,1.38,3,15,0.9127784688995215,0.3638657821233192
2725,,after_candidate_limit,,3738,149,13,149,9.44,4.25,0.5,2,3,8,0.9127784688995215,0.3638657821233192
2726,,after_candidate_limit,,3739,149,14,149,9.44,4.25,0.5,2,3,15,0.9127784688995215,0.3638657821233192
2727,,after_candidate_limit,,3864,154,14,154,9.44,5.66,0.5,0.75,3,15,0.9127784688995215,0.3638657821233192
2728,,after_candidate_limit,,3889,155,14,155,9.44,5.66,0.5,1.38,3,15,0.9127784688995215,0.3638657821233192
2729,,after_candidate_limit,,3914,156,14,156,9.44,5.66,0.5,2,3,15,0.9127784688995215,0.3638657821233192
2730,,after_candidate_limit,,1368,54,18,54,12.78,7.67,2.17,3.25,6,8,0.8789301435406699,0.36385916350649616
2731,,after_candidate_limit,,4064,162,14,162,9.44,8.5,0.5,1.38,3,15,0.9127794258373205,0.3637836460512496
2732,,after_candidate_limit,,2745,109,20,109,15,9,1.33,3.67,20,1,0.883977033492823,0.3637275587979416
2733,,after_candidate_limit,,896,35,21,35,12.78,3.83,0.5,0.75,20,2,0.8787980861244019,0.3636870737524096
2734,,after_candidate_limit,,4098,163,23,163,9.44,8.5,0.5,2,20,8,0.8571392344497608,0.3636856085048324
2735,,after_candidate_limit,,1072,42,22,42,12.78,5.75,0.5,0.75,20,3,0.8787521531100478,0.36352775374021173
2736,,after_candidate_limit,,647,25,22,25,11.67,7,1.33,3.67,20,3,0.8606598086124402,0.36352017563429506
2737,,after_candidate_limit,,844,33,19,33,12.78,11.5,2.17,3.25,6,15,0.8784574162679426,0.3634910351063846
2738,,after_candidate_limit,,2724,108,24,108,15,9,1.33,2,20,15,0.8998942583732057,0.3634860045978429
2739,,after_candidate_limit,,271,10,21,10,11.67,3.5,1.33,2,20,2,0.8607923444976077,0.36341644031617204
2740,,after_candidate_limit,,1121,44,21,44,12.78,5.75,0.5,2,20,2,0.8790985645933015,0.36341401550259833
2741,,after_candidate_limit,,1371,54,21,54,12.78,7.67,2.17,3.25,20,2,0.8469033492822966,0.3633828669947869
2742,,after_candidate_limit,,3797,151,22,151,9.44,4.25,1.33,3.67,20,3,0.8173287081339713,0.36336630194095787
2743,,after_candidate_limit,,296,11,21,11,11.67,3.5,1.33,3.67,20,2,0.8607799043062201,0.36335934252181135
2744,,after_candidate_limit,,869,34,19,34,12.78,11.5,3,4.5,6,15,0.8782440191387559,0.3633320734654574
2745,,after_candidate_limit,,715,28,15,28,12.78,11.5,0.5,0.75,6,1,0.8733473684210526,0.3632864599675157
2746,,after_candidate_limit,,4131,165,6,165,9.44,8.5,1.33,3.67,2,2,0.8928861244019138,0.363266039759094
2747,,after_candidate_limit,,23,0,23,0,11.67,10.5,0.5,0.75,20,8,0.8758894736842106,0.36316579843288915
2748,,after_candidate_limit,,1949,77,24,77,13.89,8.33,0.5,0.75,20,15,0.9038038277511962,0.36314456496343944
2749,,after_candidate_limit,,1395,55,20,55,12.78,7.67,3,4.5,20,1,0.8568937799043063,0.3630615013264305
2750,,after_candidate_limit,,2095,83,20,83,13.89,8.33,3,4.5,20,1,0.8296497607655502,0.36303187820333294
2751,,after_candidate_limit,,447,17,22,17,11.67,5.25,1.33,2,20,3,0.860633014354067,0.3629969933061422
2752,,after_candidate_limit,,1097,43,22,43,12.78,5.75,0.5,1.38,20,3,0.8787368421052631,0.3627839341279341
2753,,after_candidate_limit,,3690,147,15,147,9.44,4.25,0.5,0.75,6,1,0.8817454545454545,0.36274741330401256
2754,,after_candidate_limit,,4048,161,23,161,9.44,8.5,0.5,0.75,20,8,0.8571172248803828,0.3627075349833836
2755,,after_candidate_limit,,2192,87,17,87,15,13.5,1.33,2,6,3,0.8830468899521531,0.3626985998340542
2756,,after_candidate_limit,,1393,55,18,55,12.78,7.67,3,4.5,6,8,0.8787277511961723,0.36269553484396805
2757,,after_candidate_limit,,1122,44,22,44,12.78,5.75,0.5,2,20,3,0.8787368421052631,0.3626246037792802
2758,,after_candidate_limit,,2072,82,22,82,13.89,8.33,2.17,3.25,20,3,0.8521842105263158,0.36250542711937733
2759,,after_candidate_limit,,4073,162,23,162,9.44,8.5,0.5,1.38,20,8,0.8571296650717704,0.3624718432732603
2760,,after_candidate_limit,,472,18,22,18,11.67,5.25,1.33,3.67,20,3,0.8606315789473684,0.36243904810352806
2761,,after_candidate_limit,,74,2,24,2,11.67,10.5,0.5,2,20,15,0.8786153110047847,0.36241650783125223
2762,,after_candidate_limit,,3780,151,5,151,9.44,4.25,1.33,3.67,2,1,0.8929708133971291,0.36220333454452514
2763,,after_candidate_limit,,15,0,15,0,11.67,10.5,0.5,0.75,6,1,0.8844066985645933,0.3621962389944191
2764,,after_candidate_limit,,2048,81,23,81,13.89,8.33,1.33,3.67,20,8,0.8820645933014354,0.3621914417419221
2765,,after_candidate_limit,,824,32,24,32,12.78,11.5,1.33,3.67,20,15,0.878166985645933,0.36209156407494086
2766,,after_candidate_limit,,3915,156,15,156,9.44,5.66,0.5,2,6,1,0.8824047846889952,0.3620564040572259
2767,,after_candidate_limit,,2242,89,17,89,15,13.5,2.17,3.25,6,3,0.8783511961722488,0.3620328430291235
2768,,after_candidate_limit,,921,36,21,36,12.78,3.83,0.5,1.38,20,2,0.8788019138755981,0.36192285395116086
2769,,after_candidate_limit,,946,37,21,37,12.78,3.83,0.5,2,20,2,0.8787961722488038,0.36165632529700265
2770,,after_candidate_limit,,272,10,22,10,11.67,3.5,1.33,2,20,3,0.8605425837320574,0.36164827620677403
2771,,after_candidate_limit,,297,11,22,11,11.67,3.5,1.33,3.67,20,3,0.8605377990430622,0.36162303052685324
2772,,after_candidate_limit,,1173,46,23,46,12.78,5.75,1.33,3.67,20,8,0.8841497607655502,0.36157163074993254
2773,,after_candidate_limit,,973,38,23,38,12.78,3.83,1.33,2,20,8,0.8841478468899522,0.3615144005953994
2774,,after_candidate_limit,,974,38,24,38,12.78,3.83,1.33,2,20,15,0.8841478468899522,0.3615144005953994
2775,,after_candidate_limit,,998,39,23,39,12.78,3.83,1.33,3.67,20,8,0.8841478468899522,0.3615144005953994
2776,,after_candidate_limit,,999,39,24,39,12.78,3.83,1.33,3.67,20,15,0.8841478468899522,0.3615144005953994
2777,,after_candidate_limit,,1148,45,23,45,12.78,5.75,1.33,2,20,8,0.8841478468899522,0.3615144005953994
2778,,after_candidate_limit,,1149,45,24,45,12.78,5.75,1.33,2,20,15,0.8841478468899522,0.3615144005953994
2779,,after_candidate_limit,,1174,46,24,46,12.78,5.75,1.33,3.67,20,15,0.8841478468899522,0.3615144005953994
2780,,after_candidate_limit,,1324,52,24,52,12.78,7.67,1.33,2,20,15,0.8841478468899522,0.3615144005953994
2781,,after_candidate_limit,,1349,53,24,53,12.78,7.67,1.33,3.67,20,15,0.8841478468899522,0.3615144005953994
2782,,after_candidate_limit,,2097,83,22,83,13.89,8.33,3,4.5,20,3,0.8583631578947368,0.3615012327600507
2783,,after_candidate_limit,,4049,161,24,161,9.44,8.5,0.5,0.75,20,15,0.8571057416267942,0.3614896375970601
2784,,after_candidate_limit,,2023,80,23,80,13.89,8.33,1.33,2,20,8,0.8820234449760765,0.3614350902220823
2785,,after_candidate_limit,,1398,55,23,55,12.78,7.67,3,4.5,20,8,0.8669526315789474,0.3614129305043066
2786,,after_candidate_limit,,1370,54,20,54,12.78,7.67,2.17,3.25,20,1,0.8475684210526315,0.3613687335137749
2787,,after_candidate_limit,,548,21,23,21,11.67,7,0.5,0.75,20,8,0.8788253588516747,0.36122194887985626
2788,,after_candidate_limit,,3772,150,22,150,9.44,4.25,1.33,2,20,3,0.8171593301435407,0.3611354764284998
2789,,after_candidate_limit,,3596,143,21,143,9.44,2.83,1.33,2,20,2,0.8171688995215312,0.36111998759655
2790,,after_candidate_limit,,49,1,24,1,11.67,10.5,0.5,1.38,20,15,0.8786071770334928,0.36111370507053697
2791,,after_candidate_limit,,3873,154,23,154,9.44,5.66,0.5,0.75,20,8,0.8571114832535885,0.36108017454549174
2792,,after_candidate_limit,,3898,155,23,155,9.44,5.66,0.5,1.38,20,8,0.8571114832535885,0.36108017454549174
2793,,after_candidate_limit,,3923,156,23,156,9.44,5.66,0.5,2,20,8,0.8571114832535885,0.36108017454549174
2794,,after_candidate_limit,,897,35,22,35,12.78,3.83,0.5,0.75,20,3,0.878611961722488,0.3610763067789947
2795,,after_candidate_limit,,4039,161,14,161,9.44,8.5,0.5,0.75,3,15,0.9127038277511962,0.36104771124322105
2796,,after_candidate_limit,,4147,165,22,165,9.44,8.5,1.33,3.67,20,3,0.8101387559808613,0.3610465009036667
2797,,after_candidate_limit,,3698,147,23,147,9.44,4.25,0.5,0.75,20,8,0.8571105263157894,0.3610135078788251
2798,,after_candidate_limit,,3523,140,23,140,9.44,2.83,0.5,0.75,20,8,0.8571095693779904,0.360935585800903
2799,,after_candidate_limit,,3524,140,24,140,9.44,2.83,0.5,0.75,20,15,0.8571095693779904,0.360935585800903
2800,,after_candidate_limit,,3548,141,23,141,9.44,2.83,0.5,1.38,20,8,0.8571095693779904,0.360935585800903
2801,,after_candidate_limit,,3549,141,24,141,9.44,2.83,0.5,1.38,20,15,0.8571095693779904,0.360935585800903
2802,,after_candidate_limit,,3573,142,23,142,9.44,2.83,0.5,2,20,8,0.8571095693779904,0.360935585800903
2803,,after_candidate_limit,,3574,142,24,142,9.44,2.83,0.5,2,20,15,0.8571095693779904,0.360935585800903
2804,,after_candidate_limit,,3699,147,24,147,9.44,4.25,0.5,0.75,20,15,0.8571095693779904,0.360935585800903
2805,,after_candidate_limit,,3723,148,23,148,9.44,4.25,0.5,1.38,20,8,0.8571095693779904,0.360935585800903
2806,,after_candidate_limit,,3724,148,24,148,9.44,4.25,0.5,1.38,20,15,0.8571095693779904,0.360935585800903
2807,,after_candidate_limit,,3748,149,23,149,9.44,4.25,0.5,2,20,8,0.8571095693779904,0.360935585800903
2808,,after_candidate_limit,,3749,149,24,149,9.44,4.25,0.5,2,20,15,0.8571095693779904,0.360935585800903
2809,,after_candidate_limit,,3874,154,24,154,9.44,5.66,0.5,0.75,20,15,0.8571095693779904,0.360935585800903
2810,,after_candidate_limit,,3899,155,24,155,9.44,5.66,0.5,1.38,20,15,0.8571095693779904,0.360935585800903
2811,,after_candidate_limit,,3924,156,24,156,9.44,5.66,0.5,2,20,15,0.8571095693779904,0.360935585800903
2812,,after_candidate_limit,,4099,163,24,163,9.44,8.5,0.5,2,20,15,0.8571105263157894,0.36079446025977746
2813,,after_candidate_limit,,1449,57,24,57,13.89,12.5,0.5,1.38,20,15,0.8878344497607655,0.36077267707736477
2814,,after_candidate_limit,,2174,86,24,86,15,13.5,0.5,2,20,15,0.8927086124401914,0.36045099956652915
2815,,after_candidate_limit,,922,36,22,36,12.78,3.83,0.5,1.38,20,3,0.8786023923444977,0.3604348180381276
2816,,after_candidate_limit,,947,37,22,37,12.78,3.83,0.5,2,20,3,0.8786004784688995,0.3604094916443027
2817,,after_candidate_limit,,2149,85,24,85,15,13.5,0.5,1.38,20,15,0.8929038277511961,0.3603933149677475
2818,,after_candidate_limit,,4074,162,24,162,9.44,8.5,0.5,1.38,20,15,0.8571076555023923,0.36023657370189094
2819,,after_candidate_limit,,4041,161,16,161,9.44,8.5,0.5,0.75,6,2,0.8815961722488038,0.3600464237944336
2820,,after_candidate_limit,,3622,144,22,144,9.44,2.83,1.33,3.67,20,3,0.8171411483253589,0.3600337641083643
2821,,after_candidate_limit,,3597,143,22,143,9.44,2.83,1.33,2,20,3,0.8171392344497608,0.3599515500261502
2822,,after_candidate_limit,,95,3,20,3,11.67,10.5,1.33,2,20,1,0.787533971291866,0.3597100663639215
2823,,after_candidate_limit,,97,3,22,3,11.67,10.5,1.33,2,20,3,0.8396344497607655,0.3596286725464287
2824,,after_candidate_limit,,1441,57,16,57,13.89,12.5,0.5,1.38,6,2,0.886721052631579,0.3596011606901285
2825,,after_candidate_limit,,799,31,24,31,12.78,11.5,1.33,2,20,15,0.8787129186602871,0.35956353725120277
2826,,after_candidate_limit,,792,31,17,31,12.78,11.5,1.33,2,6,3,0.8961210526315789,0.35942818502564267
2827,,after_candidate_limit,,1474,58,24,58,13.89,12.5,0.5,2,20,15,0.8877971291866029,0.359237079872836
2828,,after_candidate_limit,,1196,47,21,47,12.78,5.75,2.17,3.25,20,2,0.8523047846889952,0.35922014513533324
2829,,after_candidate_limit,,120,4,20,4,11.67,10.5,1.33,3.67,20,1,0.7703813397129187,0.3592103195994205
2830,,after_candidate_limit,,1524,60,24,60,13.89,12.5,1.33,3.67,20,15,0.8679483253588517,0.3592099256760998
2831,,after_candidate_limit,,798,31,23,31,12.78,11.5,1.33,2,20,8,0.8756655502392344,0.3590853874904913
2832,,after_candidate_limit,,748,29,23,29,12.78,11.5,0.5,1.38,20,8,0.8626354066985646,0.35904879003802487
2833,,after_candidate_limit,,1372,54,22,54,12.78,7.67,2.17,3.25,20,3,0.8521708133971292,0.3590226666058954
2834,,after_candidate_limit,,24,0,24,0,11.67,10.5,0.5,0.75,20,15,0.878588038277512,0.3590069619876842
2835,,after_candidate_limit,,1197,47,22,47,12.78,5.75,2.17,3.25,20,3,0.852188038277512,0.358978095613148
2836,,after_candidate_limit,,1193,47,18,47,12.78,5.75,2.17,3.25,6,8,0.8788253588516747,0.35883827857918993
2837,,after_candidate_limit,,2773,110,23,110,15,9,2.17,3.25,20,8,0.8651411483253588,0.3588337789437927
2838,,after_candidate_limit,,2623,104,23,104,15,6.75,3,4.5,20,8,0.8841023923444976,0.3588253195183305
2839,,after_candidate_limit,,4148,165,23,165,9.44,8.5,1.33,3.67,20,8,0.816954066985646,0.35872255288965266
2840,,after_candidate_limit,,1848,73,23,73,13.89,6.25,1.33,2,20,8,0.882,0.35871908728976515
2841,,after_candidate_limit,,1873,74,23,74,13.89,6.25,1.33,3.67,20,8,0.882,0.35871908728976515
2842,,after_candidate_limit,,1018,40,18,40,12.78,3.83,2.17,3.25,6,8,0.8788167464114832,0.35871748147204696
2843,,after_candidate_limit,,1019,40,19,40,12.78,3.83,2.17,3.25,6,15,0.8788167464114832,0.35871748147204696
2844,,after_candidate_limit,,1194,47,19,47,12.78,5.75,2.17,3.25,6,15,0.8788167464114832,0.35871748147204696
2845,,after_candidate_limit,,1369,54,19,54,12.78,7.67,2.17,3.25,6,15,0.8788167464114832,0.35871748147204696
2846,,after_candidate_limit,,118,4,18,4,11.67,10.5,1.33,3.67,6,8,0.876445933014354,0.35865858798052946
2847,,after_candidate_limit,,773,30,23,30,12.78,11.5,0.5,2,20,8,0.862577033492823,0.35864506262108803
2848,,after_candidate_limit,,2448,97,23,97,15,4.5,3,4.5,20,8,0.8840851674641148,0.35858018699604177
2849,,after_candidate_limit,,2449,97,24,97,15,4.5,3,4.5,20,15,0.8840851674641148,0.35858018699604177
2850,,after_candidate_limit,,2624,104,24,104,15,6.75,3,4.5,20,15,0.8840851674641148,0.35858018699604177
2851,,after_candidate_limit,,2049,81,24,81,13.89,8.33,1.33,3.67,20,15,0.8819923444976077,0.3585681726863135
2852,,after_candidate_limit,,573,22,23,22,11.67,7,0.5,1.38,20,8,0.8788105263157895,0.35856207890922037
2853,,after_candidate_limit,,1673,66,23,66,13.89,4.17,1.33,2,20,8,0.8819913875598087,0.35854843584420826
2854,,after_candidate_limit,,1674,66,24,66,13.89,4.17,1.33,2,20,15,0.8819913875598087,0.35854843584420826
2855,,after_candidate_limit,,1698,67,23,67,13.89,4.17,1.33,3.67,20,8,0.8819913875598087,0.35854843584420826
2856,,after_candidate_limit,,1699,67,24,67,13.89,4.17,1.33,3.67,20,15,0.8819913875598087,0.35854843584420826
2857,,after_candidate_limit,,1849,73,24,73,13.89,6.25,1.33,2,20,15,0.8819913875598087,0.35854843584420826
2858,,after_candidate_limit,,1874,74,24,74,13.89,6.25,1.33,3.67,20,15,0.8819913875598087,0.35854843584420826
2859,,after_candidate_limit,,2024,80,24,80,13.89,8.33,1.33,2,20,15,0.8819913875598087,0.35854843584420826
2860,,after_candidate_limit,,1020,40,20,40,12.78,3.83,2.17,3.25,20,1,0.8521224880382775,0.35850140913346284
2861,,after_candidate_limit,,2799,111,24,111,15,9,3,4.5,20,15,0.8840870813397129,0.35842859014373585
2862,,after_candidate_limit,,123,4,23,4,11.67,10.5,1.33,3.67,20,8,0.854933014354067,0.35825918642779836
2863,,after_candidate_limit,,4005,160,5,160,9.44,5.66,3,4.5,2,1,0.868166028708134,0.3581237960015273
2864,,after_candidate_limit,,598,23,23,23,11.67,7,0.5,2,20,8,0.8788033492822966,0.35810159203558495
2865,,after_candidate_limit,,4122,164,22,164,9.44,8.5,1.33,2,20,3,0.8103377990430622,0.3580220606287937
2866,,after_candidate_limit,,1720,68,20,68,13.89,4.17,2.17,3.25,20,1,0.8519186602870813,0.35801736188386624
2867,,after_candidate_limit,,1218,48,18,48,12.78,5.75,3,4.5,6,8,0.8786172248803827,0.35800119022801374
2868,,after_candidate_limit,,1043,41,18,41,12.78,3.83,3,4.5,6,8,0.8786066985645933,0.3578600109363978
2869,,after_candidate_limit,,1044,41,19,41,12.78,3.83,3,4.5,6,15,0.8786066985645933,0.3578600109363978
2870,,after_candidate_limit,,1219,48,19,48,12.78,5.75,3,4.5,6,15,0.8786066985645933,0.3578600109363978
2871,,after_candidate_limit,,1394,55,19,55,12.78,7.67,3,4.5,6,15,0.8786066985645933,0.3578600109363978
2872,,after_candidate_limit,,1021,40,21,40,12.78,3.83,2.17,3.25,20,2,0.8521870813397129,0.35783967607620815
2873,,after_candidate_limit,,3948,157,23,157,9.44,5.66,1.33,2,20,8,0.8169306220095693,0.357802958041128
2874,,after_candidate_limit,,3973,158,23,158,9.44,5.66,1.33,3.67,20,8,0.8169306220095693,0.357802958041128
2875,,after_candidate_limit,,4149,165,24,165,9.44,8.5,1.33,3.67,20,15,0.8169306220095693,0.357802958041128
2876,,after_candidate_limit,,4070,162,20,162,9.44,8.5,0.5,1.38,20,1,0.8250708133971292,0.3577566294140687
2877,,after_candidate_limit,,3580,143,5,143,9.44,2.83,1.33,2,2,1,0.8925861244019139,0.3577455314161418
2878,,after_candidate_limit,,3605,144,5,144,9.44,2.83,1.33,3.67,2,1,0.8926,0.3576519176821926
2879,,after_candidate_limit,,2124,84,24,84,15,13.5,0.5,0.75,20,15,0.8960588516746412,0.3575409637571705
2880,,after_candidate_limit,,1896,75,21,75,13.89,6.25,2.17,3.25,20,2,0.8521425837320574,0.35738456056019485
2881,,after_candidate_limit,,4095,163,20,163,9.44,8.5,0.5,2,20,1,0.8248114832535886,0.35737935346234745
2882,,after_candidate_limit,,3598,143,23,143,9.44,2.83,1.33,2,20,8,0.8169287081339713,0.35723152946969944
2883,,after_candidate_limit,,3599,143,24,143,9.44,2.83,1.33,2,20,15,0.8169287081339713,0.35723152946969944
2884,,after_candidate_limit,,3623,144,23,144,9.44,2.83,1.33,3.67,20,8,0.8169287081339713,0.35723152946969944
2885,,after_candidate_limit,,3624,144,24,144,9.44,2.83,1.33,3.67,20,15,0.8169287081339713,0.35723152946969944
2886,,after_candidate_limit,,3773,150,23,150,9.44,4.25,1.33,2,20,8,0.8169287081339713,0.35723152946969944
2887,,after_candidate_limit,,3774,150,24,150,9.44,4.25,1.33,2,20,15,0.8169287081339713,0.35723152946969944
2888,,after_candidate_limit,,3798,151,23,151,9.44,4.25,1.33,3.67,20,8,0.8169287081339713,0.35723152946969944
2889,,after_candidate_limit,,3799,151,24,151,9.44,4.25,1.33,3.67,20,15,0.8169287081339713,0.35723152946969944
2890,,after_candidate_limit,,3949,157,24,157,9.44,5.66,1.33,2,20,15,0.8169287081339713,0.35723152946969944
2891,,after_candidate_limit,,3974,158,24,158,9.44,5.66,1.33,3.67,20,15,0.8169287081339713,0.35723152946969944
2892,,after_candidate_limit,,93,3,18,3,11.67,10.5,1.33,2,6,8,0.8763961722488038,0.357187094544758
2893,,after_candidate_limit,,695,27,20,27,11.67,7,3,4.5,20,1,0.8093703349282296,0.35698677548218155
2894,,after_candidate_limit,,4042,161,17,161,9.44,8.5,0.5,0.75,6,3,0.8811253588516746,0.356913087986946
2895,,after_candidate_limit,,4123,164,23,164,9.44,8.5,1.33,2,20,8,0.8169435406698564,0.35685681659523155
2896,,after_candidate_limit,,1022,40,22,40,12.78,3.83,2.17,3.25,20,3,0.8520961722488039,0.35683122883129864
2897,,after_candidate_limit,,723,28,23,28,12.78,11.5,0.5,0.75,20,8,0.8632114832535885,0.35682361362168885
2898,,after_candidate_limit,,1745,69,20,69,13.89,4.17,3,4.5,20,1,0.8582215311004785,0.356722871223345
2899,,after_candidate_limit,,3931,157,6,157,9.44,5.66,1.33,2,2,2,0.8926143540669856,0.35663085354167134
2900,,after_candidate_limit,,373,14,23,14,11.67,5.25,0.5,0.75,20,8,0.878787081339713,0.35661044563592526
2901,,after_candidate_limit,,423,16,23,16,11.67,5.25,0.5,2,20,8,0.878788038277512,0.3565152636379016
2902,,after_candidate_limit,,4124,164,24,164,9.44,8.5,1.33,2,20,15,0.8169296650717703,0.3564696247077946
2903,,after_candidate_limit,,398,15,23,15,11.67,5.25,0.5,1.38,20,8,0.8787861244019138,0.3564636875144945
2904,,after_candidate_limit,,441,17,16,17,11.67,5.25,1.33,2,6,2,0.8768583732057417,0.3564253032359941
2905,,after_candidate_limit,,2795,111,20,111,15,9,3,4.5,20,1,0.862188038277512,0.3563223772216996
2906,,after_candidate_limit,,198,7,23,7,11.67,3.5,0.5,0.75,20,8,0.8787794258373206,0.3562628054174478
2907,,after_candidate_limit,,199,7,24,7,11.67,3.5,0.5,0.75,20,15,0.8787794258373206,0.3562628054174478
2908,,after_candidate_limit,,223,8,23,8,11.67,3.5,0.5,1.38,20,8,0.8787794258373206,0.3562628054174478
2909,,after_candidate_limit,,224,8,24,8,11.67,3.5,0.5,1.38,20,15,0.8787794258373206,0.3562628054174478
2910,,after_candidate_limit,,248,9,23,9,11.67,3.5,0.5,2,20,8,0.8787794258373206,0.3562628054174478
2911,,after_candidate_limit,,249,9,24,9,11.67,3.5,0.5,2,20,15,0.8787794258373206,0.3562628054174478
2912,,after_candidate_limit,,374,14,24,14,11.67,5.25,0.5,0.75,20,15,0.8787794258373206,0.3562628054174478
2913,,after_candidate_limit,,399,15,24,15,11.67,5.25,0.5,1.38,20,15,0.8787794258373206,0.3562628054174478
2914,,after_candidate_limit,,424,16,24,16,11.67,5.25,0.5,2,20,15,0.8787794258373206,0.3562628054174478
2915,,after_candidate_limit,,549,21,24,21,11.67,7,0.5,0.75,20,15,0.8787794258373206,0.3562628054174478
2916,,after_candidate_limit,,574,22,24,22,11.67,7,0.5,1.38,20,15,0.8787794258373206,0.3562628054174478
2917,,after_candidate_limit,,599,23,24,23,11.67,7,0.5,2,20,15,0.8787794258373206,0.3562628054174478
2918,,after_candidate_limit,,466,18,16,18,11.67,5.25,1.33,3.67,6,2,0.8768488038277512,0.3562485700062024
2919,,after_candidate_limit,,4107,164,7,164,9.44,8.5,1.33,2,2,3,0.8926186602870814,0.35622171041882555
2920,,after_candidate_limit,,265,10,15,10,11.67,3.5,1.33,2,6,1,0.8768401913875599,0.3561711028368663
2921,,after_candidate_limit,,2199,87,24,87,15,13.5,1.33,2,20,15,0.8957555023923445,0.3561631426124523
2922,,after_candidate_limit,,1298,51,23,51,12.78,7.67,0.5,2,20,8,0.8783502392344498,0.35614290087934886
2923,,after_candidate_limit,,3956,158,6,158,9.44,5.66,1.33,3.67,2,2,0.8926186602870814,0.3559929965148092
2924,,after_candidate_limit,,1223,48,23,48,12.78,5.75,3,4.5,20,8,0.8668966507177034,0.3559668075542431
2925,,after_candidate_limit,,1048,41,23,41,12.78,3.83,3,4.5,20,8,0.8668956937799043,0.35593563872307427
2926,,after_candidate_limit,,1049,41,24,41,12.78,3.83,3,4.5,20,15,0.8668956937799043,0.35593563872307427
2927,,after_candidate_limit,,1224,48,24,48,12.78,5.75,3,4.5,20,15,0.8668956937799043,0.35593563872307427
2928,,after_candidate_limit,,1399,55,24,55,12.78,7.67,3,4.5,20,15,0.8668956937799043,0.35593563872307427
2929,,after_candidate_limit,,1273,50,23,50,12.78,7.67,0.5,1.38,20,8,0.8783444976076555,0.3557299516398109
2930,,after_candidate_limit,,4132,165,7,165,9.44,8.5,1.33,3.67,2,3,0.892511004784689,0.3556533127879735
2931,,after_candidate_limit,,99,3,24,3,11.67,10.5,1.33,2,20,15,0.8571827751196173,0.35563814485593276
2932,,after_candidate_limit,,1897,75,22,75,13.89,6.25,2.17,3.25,20,3,0.8517488038277512,0.35548249888590416
2933,,after_candidate_limit,,98,3,23,3,11.67,10.5,1.33,2,20,8,0.8547775119617225,0.3554326371846794
2934,,after_candidate_limit,,515,20,15,20,11.67,5.25,3,4.5,6,1,0.8627435406698565,0.35538931384339956
2935,,after_candidate_limit,,2217,88,17,88,15,13.5,1.33,3.67,6,3,0.8810105263157895,0.35531099461043575
2936,,after_candidate_limit,,1922,76,22,76,13.89,6.25,3,4.5,20,3,0.8578655502392345,0.35520594961499147
2937,,after_candidate_limit,,124,4,24,4,11.67,10.5,1.33,3.67,20,15,0.8571885167464115,0.3550088429114643
2938,,after_candidate_limit,,3932,157,7,157,9.44,5.66,1.33,2,2,3,0.8923655502392345,0.35498011347983655
2939,,after_candidate_limit,,1721,68,21,68,13.89,4.17,2.17,3.25,20,2,0.8517196172248804,0.3548987872452554
2940,,after_candidate_limit,,1921,76,21,76,13.89,6.25,3,4.5,20,2,0.8550588516746411,0.3548920393912759
2941,,after_candidate_limit,,4066,162,16,162,9.44,8.5,0.5,1.38,6,2,0.8814870813397129,0.35489105298554435
2942,,after_candidate_limit,,3957,158,7,158,9.44,5.66,1.33,3.67,2,3,0.8923344497607656,0.35484189495717716
2943,,after_candidate_limit,,1746,69,21,69,13.89,4.17,3,4.5,20,2,0.8579344497607656,0.3548242500755322
2944,,after_candidate_limit,,1248,49,23,49,12.78,7.67,0.5,0.75,20,8,0.878299043062201,0.3547448411263082
2945,,after_candidate_limit,,290,11,15,11,11.67,3.5,1.33,3.67,6,1,0.8768086124401914,0.3546776321215462
2946,,after_candidate_limit,,495,19,20,19,11.67,5.25,2.17,3.25,20,1,0.8210617224880383,0.3543609915737719
2947,,after_candidate_limit,,3756,150,6,150,9.44,4.25,1.33,2,2,2,0.8923258373205741,0.3543464261440215
2948,,after_candidate_limit,,146,5,21,5,11.67,10.5,2.17,3.25,20,2,0.7788157894736842,0.3543255778560552
2949,,after_candidate_limit,,3781,151,6,151,9.44,4.25,1.33,3.67,2,2,0.8923354066985646,0.3542093334731234
2950,,after_candidate_limit,,1722,68,22,68,13.89,4.17,2.17,3.25,20,3,0.8516114832535885,0.35400292406317463
2951,,after_candidate_limit,,623,24,23,24,11.67,7,1.33,2,20,8,0.8602296650717703,0.35384766288075714
2952,,after_candidate_limit,,110,4,10,4,11.67,10.5,1.33,3.67,3,1,0.9006062200956938,0.35369700658920167
2953,,after_candidate_limit,,2224,88,24,88,15,13.5,1.33,3.67,20,15,0.895688038277512,0.35365443227072907
2954,,after_candidate_limit,,1747,69,22,69,13.89,4.17,3,4.5,20,3,0.8577205741626794,0.3536257781818339
2955,,after_candidate_limit,,1492,59,17,59,13.89,12.5,1.33,2,6,3,0.892333971291866,0.3536217164967454
2956,,after_candidate_limit,,648,25,23,25,11.67,7,1.33,3.67,20,8,0.8602258373205741,0.35361408608718037
2957,,after_candidate_limit,,448,17,23,17,11.67,5.25,1.33,2,20,8,0.8602239234449761,0.3535488070897756
2958,,after_candidate_limit,,473,18,23,18,11.67,5.25,1.33,3.67,20,8,0.8602239234449761,0.3535488070897756
2959,,after_candidate_limit,,273,10,23,10,11.67,3.5,1.33,2,20,8,0.860221052631579,0.3534129717892344
2960,,after_candidate_limit,,274,10,24,10,11.67,3.5,1.33,2,20,15,0.860221052631579,0.3534129717892344
2961,,after_candidate_limit,,298,11,23,11,11.67,3.5,1.33,3.67,20,8,0.860221052631579,0.3534129717892344
2962,,after_candidate_limit,,299,11,24,11,11.67,3.5,1.33,3.67,20,15,0.860221052631579,0.3534129717892344
2963,,after_candidate_limit,,449,17,24,17,11.67,5.25,1.33,2,20,15,0.860221052631579,0.3534129717892344
2964,,after_candidate_limit,,474,18,24,18,11.67,5.25,1.33,3.67,20,15,0.860221052631579,0.3534129717892344
2965,,after_candidate_limit,,624,24,24,24,11.67,7,1.33,2,20,15,0.860221052631579,0.3534129717892344
2966,,after_candidate_limit,,649,25,24,25,11.67,7,1.33,3.67,20,15,0.860221052631579,0.3534129717892344
2967,,after_candidate_limit,,442,17,17,17,11.67,5.25,1.33,2,6,3,0.8766196172248804,0.3533817798413579
2968,,after_candidate_limit,,2141,85,16,85,15,13.5,0.5,1.38,6,2,0.8674057416267943,0.353139375126042
2969,,after_candidate_limit,,617,24,17,24,11.67,7,1.33,2,6,3,0.8767052631578948,0.3530832352383768
2970,,after_candidate_limit,,2598,103,23,103,15,6.75,2.17,3.25,20,8,0.8652401913875598,0.35301383368571354
2971,,after_candidate_limit,,3782,151,7,151,9.44,4.25,1.33,3.67,2,3,0.8922019138755981,0.3529994208523033
2972,,after_candidate_limit,,3757,150,7,150,9.44,4.25,1.33,2,2,3,0.8921808612440192,0.3528048203692296
2973,,after_candidate_limit,,467,18,17,18,11.67,5.25,1.33,3.67,6,3,0.8766224880382775,0.3528043429009059
2974,,after_candidate_limit,,2423,96,23,96,15,4.5,2.17,3.25,20,8,0.8652239234449761,0.35277924503690017
2975,,after_candidate_limit,,2424,96,24,96,15,4.5,2.17,3.25,20,15,0.8652239234449761,0.35277924503690017
2976,,after_candidate_limit,,2599,103,24,103,15,6.75,2.17,3.25,20,15,0.8652239234449761,0.35277924503690017
2977,,after_candidate_limit,,3606,144,6,144,9.44,2.83,1.33,3.67,2,2,0.8921789473684211,0.3527114109060556
2978,,after_candidate_limit,,2774,110,24,110,15,9,2.17,3.25,20,15,0.8652258373205741,0.3526276481845942
2979,,after_candidate_limit,,3581,143,6,143,9.44,2.83,1.33,2,2,2,0.8921645933014354,0.35258760335539896
2980,,after_candidate_limit,,490,19,15,19,11.67,5.25,2.17,3.25,6,1,0.8507272727272728,0.3524285234939971
2981,,after_candidate_limit,,266,10,16,10,11.67,3.5,1.33,2,6,2,0.8766368421052632,0.35240183231363753
2982,,after_candidate_limit,,1373,54,23,54,12.78,7.67,2.17,3.25,20,8,0.8516665071770335,0.3523836222125152
2983,,after_candidate_limit,,1549,61,24,61,13.89,12.5,2.17,3.25,20,15,0.8515961722488038,0.3523407137393644
2984,,after_candidate_limit,,823,32,23,32,12.78,11.5,1.33,3.67,20,8,0.8756172248803827,0.35208808457939206
2985,,after_candidate_limit,,291,11,16,11,11.67,3.5,1.33,3.67,6,2,0.8766291866028708,0.3520419341944149
2986,,after_candidate_limit,,4156,166,6,166,9.44,8.5,2.17,3.25,2,2,0.8739808612440192,0.3516350256182902
2987,,after_candidate_limit,,3805,152,5,152,9.44,4.25,2.17,3.25,2,1,0.8740655502392345,0.351539797488471
2988,,after_candidate_limit,,642,25,17,25,11.67,7,1.33,3.67,6,3,0.8766861244019138,0.35146049624083153
2989,,after_candidate_limit,,3715,148,15,148,9.44,4.25,0.5,1.38,6,1,0.8814574162679426,0.3513533796509095
2990,,after_candidate_limit,,3515,140,15,140,9.44,2.83,0.5,0.75,6,1,0.8811234449760765,0.3512413760322724
2991,,after_candidate_limit,,1466,58,16,58,13.89,12.5,0.5,2,6,2,0.8762918660287081,0.35080975734250314
2992,,after_candidate_limit,,791,31,16,31,12.78,11.5,1.33,2,6,2,0.8927244019138756,0.3506955748926881
2993,,after_candidate_limit,,292,11,17,11,11.67,3.5,1.33,3.67,6,3,0.876478947368421,0.3506876192151542
2994,,after_candidate_limit,,874,34,24,34,12.78,11.5,3,4.5,20,15,0.8586727272727273,0.35065155394682257
2995,,after_candidate_limit,,3582,143,7,143,9.44,2.83,1.33,2,2,3,0.8920516746411483,0.35063772900048606
2996,,after_candidate_limit,,267,10,17,10,11.67,3.5,1.33,2,6,3,0.8764751196172249,0.350629023882879
2997,,after_candidate_limit,,3607,144,7,144,9.44,2.83,1.33,3.67,2,3,0.8920545454545454,0.3506284118909891
2998,,after_candidate_limit,,4091,163,16,163,9.44,8.5,0.5,2,6,2,0.8815885167464115,0.35058881006949916
2999,,after_candidate_limit,,2770,110,20,110,15,9,2.17,3.25,20,1,0.8431870813397129,0.3505538928059017
3000,,after_candidate_limit,,22,0,22,0,11.67,10.5,0.5,0.75,20,3,0.8616588516746412,0.3504875896475237
3001,,after_candidate_limit,,1498,59,23,59,13.89,12.5,1.33,2,20,8,0.8612071770334928,0.35048287410261647
3002,,after_candidate_limit,,147,5,22,5,11.67,10.5,2.17,3.25,20,3,0.7975186602870813,0.35035822885835366
3003,,after_candidate_limit,,1073,42,23,42,12.78,5.75,0.5,0.75,20,8,0.8782454545454546,0.3502600362759257
3004,,after_candidate_limit,,1123,44,23,44,12.78,5.75,0.5,2,20,8,0.8782468899521532,0.3501170606379338
3005,,after_candidate_limit,,1098,43,23,43,12.78,5.75,0.5,1.38,20,8,0.8782440191387559,0.35005886613044823
3006,,after_candidate_limit,,1249,49,24,49,12.78,7.67,0.5,0.75,20,15,0.8782430622009569,0.35003839172345697
3007,,after_candidate_limit,,1274,50,24,50,12.78,7.67,0.5,1.38,20,15,0.8782430622009569,0.35003839172345697
3008,,after_candidate_limit,,1299,51,24,51,12.78,7.67,0.5,2,20,15,0.8782430622009569,0.35003839172345697
3009,,after_candidate_limit,,898,35,23,35,12.78,3.83,0.5,0.75,20,8,0.8782421052631579,0.35001650389855954
3010,,after_candidate_limit,,899,35,24,35,12.78,3.83,0.5,0.75,20,15,0.8782401913875598,0.34997285366738273
3011,,after_candidate_limit,,923,36,23,36,12.78,3.83,0.5,1.38,20,8,0.8782401913875598,0.34997285366738273
3012,,after_candidate_limit,,924,36,24,36,12.78,3.83,0.5,1.38,20,15,0.8782401913875598,0.34997285366738273
3013,,after_candidate_limit,,948,37,23,37,12.78,3.83,0.5,2,20,8,0.8782401913875598,0.34997285366738273
3014,,after_candidate_limit,,949,37,24,37,12.78,3.83,0.5,2,20,15,0.8782401913875598,0.34997285366738273
3015,,after_candidate_limit,,1074,42,24,42,12.78,5.75,0.5,0.75,20,15,0.8782401913875598,0.34997285366738273
3016,,after_candidate_limit,,1099,43,24,43,12.78,5.75,0.5,1.38,20,15,0.8782401913875598,0.34997285366738273
3017,,after_candidate_limit,,1124,44,24,44,12.78,5.75,0.5,2,20,15,0.8782401913875598,0.34997285366738273
3018,,after_candidate_limit,,1448,57,23,57,13.89,12.5,0.5,1.38,20,8,0.8841468899521531,0.3498879993937306
3019,,after_candidate_limit,,520,20,20,20,11.67,5.25,3,4.5,20,1,0.816333971291866,0.3498744856271214
3020,,after_candidate_limit,,724,28,24,28,12.78,11.5,0.5,0.75,20,15,0.8718047846889952,0.34956627610617447
3021,,after_candidate_limit,,2274,90,24,90,15,13.5,3,4.5,20,15,0.8739693779904306,0.349552193710858
3022,,after_candidate_limit,,1423,56,23,56,13.89,12.5,0.5,0.75,20,8,0.8874239234449761,0.34949050709950197
3023,,after_candidate_limit,,1473,58,23,58,13.89,12.5,0.5,2,20,8,0.8807933014354067,0.3493970699965841
3024,,after_candidate_limit,,671,26,21,26,11.67,7,2.17,3.25,20,2,0.8203306220095694,0.34917824903172473
3025,,after_candidate_limit,,4067,162,17,162,9.44,8.5,0.5,1.38,6,3,0.8812755980861244,0.34907821500180614
3026,,after_candidate_limit,,135,5,10,5,11.67,10.5,2.17,3.25,3,1,0.8900775119617225,0.3490627899157713
3027,,after_candidate_limit,,691,27,16,27,11.67,7,3,4.5,6,2,0.861943062200957,0.3486884618249387
3028,,after_candidate_limit,,3866,154,16,154,9.44,5.66,0.5,0.75,6,2,0.881311961722488,0.34845842271701916
3029,,after_candidate_limit,,171,6,21,6,11.67,10.5,3,4.5,20,2,0.7822320574162679,0.34836919397015176
3030,,after_candidate_limit,,4181,167,6,167,9.44,8.5,3,4.5,2,2,0.8673009569377991,0.3483500686001992
3031,,after_candidate_limit,,749,29,24,29,12.78,11.5,0.5,1.38,20,15,0.8710885167464115,0.3481519228431448
3032,,after_candidate_limit,,3740,149,15,149,9.44,4.25,0.5,2,6,1,0.8813961722488038,0.3481392786979841
3033,,after_candidate_limit,,666,26,16,26,11.67,7,2.17,3.25,6,2,0.8498923444976076,0.34801101052086214
3034,,after_candidate_limit,,1523,60,23,60,13.89,12.5,1.33,3.67,20,8,0.8584885167464115,0.3477648003892576
3035,,after_candidate_limit,,92,3,17,3,11.67,10.5,1.33,2,6,3,0.875933014354067,0.3477271920623177
3036,,after_candidate_limit,,3150,126,0,126,5,3,0.5,0.75,1,1,0.9250708133971292,0.34743468236671343
3037,,after_candidate_limit,,3375,135,0,135,5,4.5,0.5,2,1,1,0.9253727272727272,0.34713408913530613
3038,,after_candidate_limit,,774,30,24,30,12.78,11.5,0.5,2,20,15,0.8665617224880383,0.34709351664297833
3039,,after_candidate_limit,,2098,83,23,83,13.89,8.33,3,4.5,20,8,0.8573516746411484,0.34702896922061177
3040,,after_candidate_limit,,817,32,17,32,12.78,11.5,1.33,3.67,6,3,0.8955669856459331,0.3470283036332387
3041,,after_candidate_limit,,4092,163,17,163,9.44,8.5,0.5,2,6,3,0.8813349282296651,0.34688372523208566
3042,,after_candidate_limit,,3350,134,0,134,5,4.5,0.5,1.38,1,1,0.9254172248803828,0.3468059008845154
3043,,after_candidate_limit,,40,1,15,1,11.67,10.5,0.5,1.38,6,1,0.8823392344497608,0.346766644062358
3044,,after_candidate_limit,,119,4,19,4,11.67,10.5,1.33,3.67,6,15,0.8760583732057416,0.3467214019986507
3045,,after_candidate_limit,,4020,160,20,160,9.44,5.66,3,4.5,20,1,0.7610732057416268,0.3467114042330971
3046,,after_candidate_limit,,4040,161,15,161,9.44,8.5,0.5,0.75,6,1,0.8728703349282296,0.34661407209891837
3047,,after_candidate_limit,,1198,47,23,47,12.78,5.75,2.17,3.25,20,8,0.8516028708133971,0.34647875196514394
3048,,after_candidate_limit,,3630,145,5,145,9.44,2.83,2.17,3.25,2,1,0.8737148325358852,0.34646019554358426
3049,,after_candidate_limit,,1023,40,23,40,12.78,3.83,2.17,3.25,20,8,0.851600956937799,0.34641703206047286
3050,,after_candidate_limit,,1024,40,24,40,12.78,3.83,2.17,3.25,20,15,0.851600956937799,0.34641703206047286
3051,,after_candidate_limit,,1199,47,24,47,12.78,5.75,2.17,3.25,20,15,0.851600956937799,0.34641703206047286
3052,,after_candidate_limit,,1374,54,24,54,12.78,7.67,2.17,3.25,20,15,0.851600956937799,0.34641703206047286
3053,,after_candidate_limit,,2073,82,23,82,13.89,8.33,2.17,3.25,20,8,0.8511234449760765,0.34634659403825696
3054,,after_candidate_limit,,4195,167,20,167,9.44,8.5,3,4.5,20,1,0.7233023923444976,0.3462754402185097
3055,,after_candidate_limit,,696,27,21,27,11.67,7,3,4.5,20,2,0.8132416267942584,0.3462179556587013
3056,,after_candidate_limit,,4108,164,8,164,9.44,8.5,1.33,2,2,8,0.8918425837320574,0.34615856767269315
3057,,after_candidate_limit,,71,2,21,2,11.67,10.5,0.5,2,20,2,0.8549358851674641,0.34610907401765095
3058,,after_candidate_limit,,94,3,19,3,11.67,10.5,1.33,2,6,15,0.8760464114832536,0.3460885250045002
3059,,after_candidate_limit,,47,1,22,1,11.67,10.5,0.5,1.38,20,3,0.8581822966507177,0.3459577178250689
3060,,after_candidate_limit,,4133,165,8,165,9.44,8.5,1.33,3.67,2,8,0.8918813397129186,0.34590707493859957
3061,,after_candidate_limit,,3830,153,5,153,9.44,4.25,3,4.5,2,1,0.8673435406698564,0.3458790788601205
3062,,after_candidate_limit,,117,4,17,4,11.67,10.5,1.33,3.67,6,3,0.8735775119617225,0.3458385815105747
3063,,after_candidate_limit,,4157,166,7,166,9.44,8.5,2.17,3.25,2,3,0.8736631578947368,0.3453906692722227
3064,,after_candidate_limit,,3891,155,16,155,9.44,5.66,0.5,1.38,6,2,0.8812066985645933,0.3452751854989589
3065,,after_candidate_limit,,842,33,17,33,12.78,11.5,2.17,3.25,6,3,0.8762617224880382,0.34525786574119627
3066,,after_candidate_limit,,320,12,20,12,11.67,3.5,2.17,3.25,20,1,0.820300956937799,0.3448978122710167
3067,,after_candidate_limit,,1517,60,17,60,13.89,12.5,1.33,3.67,6,3,0.8891081339712918,0.34485728692093726
3068,,after_candidate_limit,,46,1,21,1,11.67,10.5,0.5,1.38,20,2,0.8545980861244019,0.3448525336595191
3069,,after_candidate_limit,,3691,147,16,147,9.44,4.25,0.5,0.75,6,2,0.8810535885167464,0.34481881123447805
3070,,after_candidate_limit,,3325,133,0,133,5,4.5,0.5,0.75,1,1,0.9253837320574163,0.3447864304605209
3071,,after_candidate_limit,,3981,159,6,159,9.44,5.66,2.17,3.25,2,2,0.8737315789473684,0.3446489766098728
3072,,after_candidate_limit,,797,31,22,31,12.78,11.5,1.33,2,20,3,0.8563277511961722,0.3446441128067782
3073,,after_candidate_limit,,21,0,21,0,11.67,10.5,0.5,0.75,20,2,0.8546435406698565,0.34464407551935083
3074,,after_candidate_limit,,160,6,10,6,11.67,10.5,3,4.5,3,1,0.8935703349282297,0.34457220220244433
3075,,after_candidate_limit,,822,32,22,32,12.78,11.5,1.33,3.67,20,3,0.8553913875598086,0.34451363765890913
3076,,after_candidate_limit,,740,29,15,29,12.78,11.5,0.5,1.38,6,1,0.8705674641148325,0.3444461581437478
3077,,after_candidate_limit,,3935,157,10,157,9.44,5.66,1.33,2,3,1,0.8656387559808613,0.3443361092751229
3078,,after_candidate_limit,,1415,56,15,56,13.89,12.5,0.5,0.75,6,1,0.8613765550239234,0.3443077614130158
3079,,after_candidate_limit,,3982,159,7,159,9.44,5.66,2.17,3.25,2,3,0.8735,0.344269364719453
3080,,after_candidate_limit,,2975,119,0,119,5,2.25,0.5,0.75,1,1,0.9248282296650717,0.3440986019737056
3081,,after_candidate_limit,,496,19,21,19,11.67,5.25,2.17,3.25,20,2,0.8200760765550239,0.34406486153176963
3082,,after_candidate_limit,,2249,89,24,89,15,13.5,2.17,3.25,20,15,0.8519377990430622,0.3439989164890962
3083,,after_candidate_limit,,4065,162,15,162,9.44,8.5,0.5,1.38,6,1,0.8721028708133971,0.3439750036086189
3084,,after_candidate_limit,,3916,156,16,156,9.44,5.66,0.5,2,6,2,0.8812,0.3437215499000818
3085,,after_candidate_limit,,3958,158,8,158,9.44,5.66,1.33,3.67,2,8,0.8918464114832536,0.3434370176033273
3086,,after_candidate_limit,,3933,157,8,157,9.44,5.66,1.33,2,2,8,0.8918444976076555,0.34341153578636296
3087,,after_candidate_limit,,3806,152,6,152,9.44,4.25,2.17,3.25,2,2,0.8734856459330144,0.3433855096026791
3088,,after_candidate_limit,,4109,164,9,164,9.44,8.5,1.33,2,2,15,0.8918416267942584,0.34337115051159744
3089,,after_candidate_limit,,4134,165,9,165,9.44,8.5,1.33,3.67,2,15,0.8918416267942584,0.34337115051159744
3090,,after_candidate_limit,,3583,143,8,143,9.44,2.83,1.33,2,2,8,0.8918406698564594,0.3433573312459153
3091,,after_candidate_limit,,3584,143,9,143,9.44,2.83,1.33,2,2,15,0.8918406698564594,0.3433573312459153
3092,,after_candidate_limit,,3608,144,8,144,9.44,2.83,1.33,3.67,2,8,0.8918406698564594,0.3433573312459153
3093,,after_candidate_limit,,3609,144,9,144,9.44,2.83,1.33,3.67,2,15,0.8918406698564594,0.3433573312459153
3094,,after_candidate_limit,,3758,150,8,150,9.44,4.25,1.33,2,2,8,0.8918406698564594,0.3433573312459153
3095,,after_candidate_limit,,3759,150,9,150,9.44,4.25,1.33,2,2,15,0.8918406698564594,0.3433573312459153
3096,,after_candidate_limit,,3783,151,8,151,9.44,4.25,1.33,3.67,2,8,0.8918406698564594,0.3433573312459153
3097,,after_candidate_limit,,3784,151,9,151,9.44,4.25,1.33,3.67,2,15,0.8918406698564594,0.3433573312459153
3098,,after_candidate_limit,,3934,157,9,157,9.44,5.66,1.33,2,2,15,0.8918406698564594,0.3433573312459153
3099,,after_candidate_limit,,3959,158,9,158,9.44,5.66,1.33,3.67,2,15,0.8918406698564594,0.3433573312459153
3100,,after_candidate_limit,,3867,154,17,154,9.44,5.66,0.5,0.75,6,3,0.8809473684210526,0.3433367454785826
3101,,after_candidate_limit,,1898,75,23,75,13.89,6.25,2.17,3.25,20,8,0.8510665071770335,0.3433321832687952
3102,,after_candidate_limit,,849,33,24,33,12.78,11.5,2.17,3.25,20,15,0.8435488038277512,0.34330544724391227
3103,,after_candidate_limit,,4090,163,15,163,9.44,8.5,0.5,2,6,1,0.8721210526315789,0.3432641776824893
3104,,after_candidate_limit,,1723,68,23,68,13.89,4.17,2.17,3.25,20,8,0.851055023923445,0.3431019067594415
3105,,after_candidate_limit,,1724,68,24,68,13.89,4.17,2.17,3.25,20,15,0.851055023923445,0.3431019067594415
3106,,after_candidate_limit,,1899,75,24,75,13.89,6.25,2.17,3.25,20,15,0.851055023923445,0.3431019067594415
3107,,after_candidate_limit,,2074,82,24,82,13.89,8.33,2.17,3.25,20,15,0.851055023923445,0.3431019067594415
3108,,after_candidate_limit,,3540,141,15,141,9.44,2.83,0.5,1.38,6,1,0.8809866028708134,0.34304886476056556
3109,,after_candidate_limit,,3565,142,15,142,9.44,2.83,0.5,2,6,1,0.8810832535885168,0.3428858947730122
3110,,after_candidate_limit,,72,2,22,2,11.67,10.5,0.5,2,20,3,0.8554057416267943,0.34277538850811273
3111,,after_candidate_limit,,1923,76,23,76,13.89,6.25,3,4.5,20,8,0.8572832535885168,0.34275646604048193
3112,,after_candidate_limit,,3716,148,16,148,9.44,4.25,0.5,1.38,6,2,0.8810019138755981,0.34268790152924306
3113,,after_candidate_limit,,1748,69,23,69,13.89,4.17,3,4.5,20,8,0.8572736842105263,0.34256459500736197
3114,,after_candidate_limit,,1749,69,24,69,13.89,4.17,3,4.5,20,15,0.8572736842105263,0.34256459500736197
3115,,after_candidate_limit,,1924,76,24,76,13.89,6.25,3,4.5,20,15,0.8572736842105263,0.34256459500736197
3116,,after_candidate_limit,,2099,83,24,83,13.89,8.33,3,4.5,20,15,0.8572736842105263,0.34256459500736197
3117,,after_candidate_limit,,3175,127,0,127,5,3,0.5,1.38,1,1,0.9248626794258373,0.3424791489408307
3118,,after_candidate_limit,,2166,86,16,86,15,13.5,0.5,2,6,2,0.8636784688995215,0.34245922905353793
3119,,after_candidate_limit,,3741,149,16,149,9.44,4.25,0.5,2,6,2,0.8810019138755981,0.34240039774370495
3120,,after_candidate_limit,,2800,112,0,112,5,1.5,0.5,0.75,1,1,0.92468995215311,0.3423524805319204
3121,,after_candidate_limit,,3917,156,17,156,9.44,5.66,0.5,2,6,3,0.8809454545454546,0.3423338886394175
3122,,after_candidate_limit,,168,6,18,6,11.67,10.5,3,4.5,6,8,0.8615832535885167,0.3423176843702314
3123,,after_candidate_limit,,321,12,21,12,11.67,3.5,2.17,3.25,20,2,0.8199052631578947,0.3423066540129735
3124,,after_candidate_limit,,3892,155,17,155,9.44,5.66,0.5,1.38,6,3,0.880933014354067,0.3422532751667762
3125,,after_candidate_limit,,3807,152,7,152,9.44,4.25,2.17,3.25,2,3,0.8733636363636363,0.3422508716881298
3126,,after_candidate_limit,,3655,146,5,146,9.44,2.83,3,4.5,2,1,0.867033971291866,0.34223376614189727
3127,,after_candidate_limit,,172,6,22,6,11.67,10.5,3,4.5,20,3,0.7885913875598086,0.3421860074633576
3128,,after_candidate_limit,,516,20,16,20,11.67,5.25,3,4.5,6,2,0.8619105263157895,0.34217268308600407
3129,,after_candidate_limit,,1548,61,23,61,13.89,12.5,2.17,3.25,20,8,0.8457090909090909,0.34203546767197707
3130,,after_candidate_limit,,3631,145,6,145,9.44,2.83,2.17,3.25,2,2,0.8733368421052632,0.3419589414351868
3131,,after_candidate_limit,,497,19,22,19,11.67,5.25,2.17,3.25,20,3,0.8197612440191387,0.34184271518212805
3132,,after_candidate_limit,,3200,128,0,128,5,3,0.5,2,1,1,0.9248578947368421,0.3418059288873279
3133,,after_candidate_limit,,873,34,23,34,12.78,11.5,3,4.5,20,8,0.8528636363636364,0.34179607793826056
3134,,after_candidate_limit,,643,25,18,25,11.67,7,1.33,3.67,6,8,0.8761722488038277,0.3417932284158265
3135,,after_candidate_limit,,618,24,18,24,11.67,7,1.33,2,6,8,0.8761712918660287,0.34177869353210555
3136,,after_candidate_limit,,345,13,20,13,11.67,3.5,3,4.5,20,1,0.8156459330143541,0.34168732881186875
3137,,after_candidate_limit,,672,26,22,26,11.67,7,2.17,3.25,20,3,0.8197832535885168,0.3415750398062888
3138,,after_candidate_limit,,521,20,21,20,11.67,5.25,3,4.5,20,2,0.8154081339712919,0.34131592538843053
3139,,after_candidate_limit,,3692,147,17,147,9.44,4.25,0.5,0.75,6,3,0.8808258373205742,0.341179238056734
3140,,after_candidate_limit,,816,32,16,32,12.78,11.5,1.33,3.67,6,2,0.8918248803827751,0.34109435325709186
3141,,after_candidate_limit,,3000,120,0,120,5,2.25,0.5,1.38,1,1,0.9246622009569379,0.3410725170994033
3142,,after_candidate_limit,,4182,167,7,167,9.44,8.5,3,4.5,2,3,0.8669033492822966,0.3410651197559165
3143,,after_candidate_limit,,3516,140,16,140,9.44,2.83,0.5,0.75,6,2,0.8808296650717703,0.34093051388057627
3144,,after_candidate_limit,,3960,158,10,158,9.44,5.66,1.33,3.67,3,1,0.8656703349282296,0.34084440347961614
3145,,after_candidate_limit,,3025,121,0,121,5,2.25,0.5,2,1,1,0.9246531100478469,0.3407759480687664
3146,,after_candidate_limit,,468,18,18,18,11.67,5.25,1.33,3.67,6,8,0.876155980861244,0.34072868301705583
3147,,after_candidate_limit,,443,17,18,17,11.67,5.25,1.33,2,6,8,0.8761540669856459,0.34069169760433404
3148,,after_candidate_limit,,143,5,18,5,11.67,10.5,2.17,3.25,6,8,0.8495172248803827,0.3406271058846494
3149,,after_candidate_limit,,268,10,18,10,11.67,3.5,1.33,2,6,8,0.8761502392344498,0.34061679073763285
3150,,after_candidate_limit,,269,10,19,10,11.67,3.5,1.33,2,6,15,0.8761502392344498,0.34061679073763285
3151,,after_candidate_limit,,293,11,18,11,11.67,3.5,1.33,3.67,6,8,0.8761502392344498,0.34061679073763285
3152,,after_candidate_limit,,294,11,19,11,11.67,3.5,1.33,3.67,6,15,0.8761502392344498,0.34061679073763285
3153,,after_candidate_limit,,444,17,19,17,11.67,5.25,1.33,2,6,15,0.8761502392344498,0.34061679073763285
3154,,after_candidate_limit,,469,18,19,18,11.67,5.25,1.33,3.67,6,15,0.8761502392344498,0.34061679073763285
3155,,after_candidate_limit,,619,24,19,24,11.67,7,1.33,2,6,15,0.8761502392344498,0.34061679073763285
3156,,after_candidate_limit,,644,25,19,25,11.67,7,1.33,3.67,6,15,0.8761502392344498,0.34061679073763285
3157,,after_candidate_limit,,3742,149,17,149,9.44,4.25,0.5,2,6,3,0.8808272727272727,0.340502462340448
3158,,after_candidate_limit,,3717,148,17,148,9.44,4.25,0.5,1.38,6,3,0.880822009569378,0.34038284535158336
3159,,after_candidate_limit,,340,13,15,13,11.67,3.5,3,4.5,6,1,0.8618258373205742,0.34028099422596264
3160,,after_candidate_limit,,3376,135,1,135,5,4.5,0.5,2,1,2,0.9246377990430622,0.340238509012697
3161,,after_candidate_limit,,322,12,22,12,11.67,3.5,2.17,3.25,20,3,0.8196277511961723,0.34021828911782503
3162,,after_candidate_limit,,3351,134,1,134,5,4.5,0.5,1.38,1,2,0.9246263157894736,0.3402089884870864
3163,,after_candidate_limit,,4006,160,6,160,9.44,5.66,3,4.5,2,2,0.8670382775119617,0.34019518598019083
3164,,after_candidate_limit,,1574,62,24,62,13.89,12.5,3,4.5,20,15,0.8429827751196173,0.3400531267350529
3165,,after_candidate_limit,,2825,113,0,113,5,1.5,0.5,1.38,1,1,0.9245205741626794,0.33994064798907625
3166,,after_candidate_limit,,3632,145,7,145,9.44,2.83,2.17,3.25,2,3,0.8732210526315789,0.3399326066031174
3167,,after_candidate_limit,,3541,141,16,141,9.44,2.83,0.5,1.38,6,2,0.8808047846889953,0.33986117123599435
3168,,after_candidate_limit,,3326,133,1,133,5,4.5,0.5,0.75,1,2,0.9246894736842105,0.3398229091232771
3169,,after_candidate_limit,,3566,142,16,142,9.44,2.83,0.5,2,6,2,0.8807995215311005,0.33970878315960057
3170,,after_candidate_limit,,2850,114,0,114,5,1.5,0.5,2,1,1,0.9244952153110048,0.3395817067952703
3171,,after_candidate_limit,,4021,160,21,160,9.44,5.66,3,4.5,20,2,0.7604535885167464,0.3395205363865568
3172,,after_candidate_limit,,3151,126,1,126,5,3,0.5,0.75,1,2,0.9244588516746411,0.33949260940316445
3173,,after_candidate_limit,,3327,133,2,133,5,4.5,0.5,0.75,1,3,0.924455023923445,0.3393747629212713
3174,,after_candidate_limit,,4007,160,7,160,9.44,5.66,3,4.5,2,3,0.8667971291866029,0.33927740143580315
3175,,after_candidate_limit,,491,19,16,19,11.67,5.25,2.17,3.25,6,2,0.849855980861244,0.33918010610068045
3176,,after_candidate_limit,,4110,164,10,164,9.44,8.5,1.33,2,3,1,0.8647502392344497,0.3391401388065818
3177,,after_candidate_limit,,3831,153,6,153,9.44,4.25,3,4.5,2,2,0.8668081339712919,0.3391351583133215
3178,,after_candidate_limit,,346,13,21,13,11.67,3.5,3,4.5,20,2,0.8152478468899521,0.3390681058528857
3179,,after_candidate_limit,,517,20,17,20,11.67,5.25,3,4.5,6,3,0.8617282296650718,0.3390382918542934
3180,,after_candidate_limit,,765,30,15,30,12.78,11.5,0.5,2,6,1,0.8685320574162679,0.3389400864642244
3181,,after_candidate_limit,,3352,134,2,134,5,4.5,0.5,1.38,1,3,0.9244535885167464,0.33887630076436887
3182,,after_candidate_limit,,3377,135,2,135,5,4.5,0.5,2,1,3,0.9244655502392345,0.3388543577708359
3183,,after_candidate_limit,,4135,165,10,165,9.44,8.5,1.33,3.67,3,1,0.8649095693779905,0.3388469592667433
3184,,after_candidate_limit,,522,20,22,20,11.67,5.25,3,4.5,20,3,0.8152028708133972,0.3387692047672132
3185,,after_candidate_limit,,3176,127,1,127,5,3,0.5,1.38,1,2,0.9244373205741627,0.3386657213224293
3186,,after_candidate_limit,,3201,128,1,128,5,3,0.5,2,1,2,0.9244406698564593,0.3386209754741742
3187,,after_candidate_limit,,2976,119,1,119,5,2.25,0.5,0.75,1,2,0.9243870813397129,0.33857363327496
3188,,after_candidate_limit,,2801,112,1,112,5,1.5,0.5,0.75,1,2,0.9243617224880383,0.33831572681249283
3189,,after_candidate_limit,,841,33,16,33,12.78,11.5,2.17,3.25,6,2,0.8725751196172249,0.338287509622782
3190,,after_candidate_limit,,2115,84,15,84,15,13.5,0.5,0.75,6,1,0.8535693779904306,0.33826409890749537
3191,,after_candidate_limit,,148,5,23,5,11.67,10.5,2.17,3.25,20,8,0.8140712918660287,0.3382632053397593
3192,,after_candidate_limit,,91,3,16,3,11.67,10.5,1.33,2,6,2,0.8734416267942584,0.33825932167123623
3193,,after_candidate_limit,,3152,126,2,126,5,3,0.5,0.75,1,3,0.9243531100478469,0.338183888378538
3194,,after_candidate_limit,,315,12,15,12,11.67,3.5,2.17,3.25,6,1,0.8498325358851675,0.33812359877698167
3195,,after_candidate_limit,,3001,120,1,120,5,2.25,0.5,1.38,1,2,0.9243645933014354,0.3380803598055088
3196,,after_candidate_limit,,3832,153,7,153,9.44,4.25,3,4.5,2,3,0.8666904306220096,0.3380565457937332
3197,,after_candidate_limit,,341,13,16,13,11.67,3.5,3,4.5,6,2,0.8617167464114832,0.3380178112710485
3198,,after_candidate_limit,,3517,140,17,140,9.44,2.83,0.5,0.75,6,3,0.8806057416267943,0.33790164914381354
3199,,after_candidate_limit,,3656,146,6,146,9.44,2.83,3,4.5,2,2,0.8666760765550239,0.33787530044627534
3200,,after_candidate_limit,,2191,87,16,87,15,13.5,1.33,2,6,2,0.8752813397129187,0.3378596019005952
3201,,after_candidate_limit,,3026,121,1,121,5,2.25,0.5,2,1,2,0.9243373205741626,0.3377975139211398
3202,,after_candidate_limit,,3177,127,2,127,5,3,0.5,1.38,1,3,0.9243382775119617,0.3377330585949297
3203,,after_candidate_limit,,3202,128,2,128,5,3,0.5,2,1,3,0.9243382775119617,0.3377330585949297
3204,,after_candidate_limit,,347,13,22,13,11.67,3.5,3,4.5,20,3,0.8151157894736842,0.3376317583837865
3205,,after_candidate_limit,,65,2,15,2,11.67,10.5,0.5,2,6,1,0.8783540669856459,0.3375931380069656
3206,,after_candidate_limit,,848,33,23,33,12.78,11.5,2.17,3.25,20,8,0.8374866028708134,0.3374480550180392
3207,,after_candidate_limit,,2266,90,16,90,15,13.5,3,4.5,6,2,0.8709033492822966,0.3374477272716362
3208,,after_candidate_limit,,2977,119,2,119,5,2.25,0.5,0.75,1,3,0.9243019138755981,0.337285199905668
3209,,after_candidate_limit,,4111,164,11,164,9.44,8.5,1.33,2,3,2,0.865033014354067,0.3372399346268984
3210,,after_candidate_limit,,3567,142,17,142,9.44,2.83,0.5,2,6,3,0.8806607655502392,0.3371591705224229
3211,,after_candidate_limit,,3845,153,20,153,9.44,4.25,3,4.5,20,1,0.7604253588516746,0.3371334013669483
3212,,after_candidate_limit,,2826,113,1,113,5,1.5,0.5,1.38,1,2,0.9242732057416267,0.3370991062412055
3213,,after_candidate_limit,,342,13,17,13,11.67,3.5,3,4.5,6,3,0.8615885167464115,0.3370137190158265
3214,,after_candidate_limit,,3542,141,17,141,9.44,2.83,0.5,1.38,6,3,0.8805918660287081,0.3369787718622797
3215,,after_candidate_limit,,4196,167,21,167,9.44,8.5,3,4.5,20,2,0.741355023923445,0.3369639757766923
3216,,after_candidate_limit,,2802,112,2,112,5,1.5,0.5,0.75,1,3,0.9242550239234449,0.3369014179629441
3217,,after_candidate_limit,,2851,114,1,114,5,1.5,0.5,2,1,2,0.924256937799043,0.3368301584913262
3218,,after_candidate_limit,,3002,120,2,120,5,2.25,0.5,1.38,1,3,0.9242531100478469,0.33680467773855455
3219,,after_candidate_limit,,3027,121,2,121,5,2.25,0.5,2,1,3,0.9242301435406699,0.3366462845679789
3220,,after_candidate_limit,,692,27,17,27,11.67,7,3,4.5,6,3,0.8617411483253589,0.33640739618148024
3221,,after_candidate_limit,,867,34,17,34,12.78,11.5,3,4.5,6,3,0.8757947368421053,0.33636437038929773
3222,,after_candidate_limit,,697,27,22,27,11.67,7,3,4.5,20,3,0.8123014354066985,0.33611337359924637
3223,,after_candidate_limit,,492,19,17,19,11.67,5.25,2.17,3.25,6,3,0.849644976076555,0.3360327943842447
3224,,after_candidate_limit,,2241,89,16,89,15,13.5,2.17,3.25,6,2,0.8682578947368421,0.33590031940513926
3225,,after_candidate_limit,,796,31,21,31,12.78,11.5,1.33,2,20,2,0.8326727272727272,0.3357958762166974
3226,,after_candidate_limit,,3657,146,7,146,9.44,2.83,3,4.5,2,3,0.8665468899521531,0.33575387824815167
3227,,after_candidate_limit,,4043,161,18,161,9.44,8.5,0.5,0.75,6,8,0.8804009569377991,0.33569433495115125
3228,,after_candidate_limit,,1573,62,23,62,13.89,12.5,3,4.5,20,8,0.8336196172248804,0.33528043970502225
3229,,after_candidate_limit,,4158,166,8,166,9.44,8.5,2.17,3.25,2,8,0.8730459330143541,0.33527979774159816
3230,,after_candidate_limit,,2827,113,2,113,5,1.5,0.5,1.38,1,3,0.9241727272727273,0.3351959298708986
3231,,after_candidate_limit,,316,12,16,12,11.67,3.5,2.17,3.25,6,2,0.8496411483253589,0.335193072610592
3232,,after_candidate_limit,,173,6,23,6,11.67,10.5,3,4.5,20,8,0.8095071770334928,0.33503945748512076
3233,,after_candidate_limit,,2148,85,23,85,15,13.5,0.5,1.38,20,8,0.8795196172248804,0.33455784953671996
3234,,after_candidate_limit,,4068,162,18,162,9.44,8.5,0.5,1.38,6,8,0.8804631578947368,0.3342701318256111
3235,,after_candidate_limit,,667,26,17,26,11.67,7,2.17,3.25,6,3,0.8496846889952153,0.3342552742959545
3236,,after_candidate_limit,,3670,146,20,146,9.44,2.83,3,4.5,20,1,0.7603602870813397,0.3340188903438616
3237,,after_candidate_limit,,317,12,17,12,11.67,3.5,2.17,3.25,6,3,0.8495023923444976,0.33392094414347556
3238,,after_candidate_limit,,20,0,20,0,11.67,10.5,0.5,0.75,20,1,0.8235287081339713,0.33385743509894766
3239,,after_candidate_limit,,2852,114,2,114,5,1.5,0.5,2,1,3,0.9241641148325359,0.33385081717458226
3240,,after_candidate_limit,,4022,160,22,160,9.44,5.66,3,4.5,20,3,0.7601622009569378,0.3336401446129496
3241,,after_candidate_limit,,4093,163,18,163,9.44,8.5,0.5,2,6,8,0.8804937799043062,0.33328790163525507
3242,,after_candidate_limit,,3846,153,21,153,9.44,4.25,3,4.5,20,2,0.7602435406698564,0.33319565494395686
3243,,after_candidate_limit,,149,5,24,5,11.67,10.5,2.17,3.25,20,15,0.8163693779904306,0.33309540363825657
3244,,after_candidate_limit,,3983,159,8,159,9.44,5.66,2.17,3.25,2,8,0.8730215311004784,0.3327927592254638
3245,,after_candidate_limit,,4159,166,9,166,9.44,8.5,2.17,3.25,2,15,0.8730196172248804,0.3327654377857857
3246,,after_candidate_limit,,3633,145,8,145,9.44,2.83,2.17,3.25,2,8,0.8730186602870813,0.33275138819900885
3247,,after_candidate_limit,,3634,145,9,145,9.44,2.83,2.17,3.25,2,15,0.8730186602870813,0.33275138819900885
3248,,after_candidate_limit,,3808,152,8,152,9.44,4.25,2.17,3.25,2,8,0.8730186602870813,0.33275138819900885
3249,,after_candidate_limit,,3809,152,9,152,9.44,4.25,2.17,3.25,2,15,0.8730186602870813,0.33275138819900885
3250,,after_candidate_limit,,3984,159,9,159,9.44,5.66,2.17,3.25,2,15,0.8730186602870813,0.33275138819900885
3251,,after_candidate_limit,,145,5,20,5,11.67,10.5,2.17,3.25,20,1,0.7383516746411484,0.3327219015340709
3252,,after_candidate_limit,,3671,146,21,146,9.44,2.83,3,4.5,20,2,0.7601373205741627,0.33268074460040015
3253,,after_candidate_limit,,3328,133,3,133,5,4.5,0.5,0.75,1,8,0.9241617224880383,0.3326412933650585
3254,,after_candidate_limit,,3353,134,3,134,5,4.5,0.5,1.38,1,8,0.9241617224880383,0.3326412933650585
3255,,after_candidate_limit,,3378,135,3,135,5,4.5,0.5,2,1,8,0.9241617224880383,0.3326412933650585
3256,,after_candidate_limit,,2803,112,3,112,5,1.5,0.5,0.75,1,8,0.9241607655502392,0.3326328304432347
3257,,after_candidate_limit,,2804,112,4,112,5,1.5,0.5,0.75,1,15,0.9241607655502392,0.3326328304432347
3258,,after_candidate_limit,,2828,113,3,113,5,1.5,0.5,1.38,1,8,0.9241607655502392,0.3326328304432347
3259,,after_candidate_limit,,2829,113,4,113,5,1.5,0.5,1.38,1,15,0.9241607655502392,0.3326328304432347
3260,,after_candidate_limit,,2853,114,3,114,5,1.5,0.5,2,1,8,0.9241607655502392,0.3326328304432347
3261,,after_candidate_limit,,2854,114,4,114,5,1.5,0.5,2,1,15,0.9241607655502392,0.3326328304432347
3262,,after_candidate_limit,,2978,119,3,119,5,2.25,0.5,0.75,1,8,0.9241607655502392,0.3326328304432347
3263,,after_candidate_limit,,2979,119,4,119,5,2.25,0.5,0.75,1,15,0.9241607655502392,0.3326328304432347
3264,,after_candidate_limit,,3003,120,3,120,5,2.25,0.5,1.38,1,8,0.9241607655502392,0.3326328304432347
3265,,after_candidate_limit,,3004,120,4,120,5,2.25,0.5,1.38,1,15,0.9241607655502392,0.3326328304432347
3266,,after_candidate_limit,,3028,121,3,121,5,2.25,0.5,2,1,8,0.9241607655502392,0.3326328304432347
3267,,after_candidate_limit,,3029,121,4,121,5,2.25,0.5,2,1,15,0.9241607655502392,0.3326328304432347
3268,,after_candidate_limit,,3153,126,3,126,5,3,0.5,0.75,1,8,0.9241607655502392,0.3326328304432347
3269,,after_candidate_limit,,3154,126,4,126,5,3,0.5,0.75,1,15,0.9241607655502392,0.3326328304432347
3270,,after_candidate_limit,,3178,127,3,127,5,3,0.5,1.38,1,8,0.9241607655502392,0.3326328304432347
3271,,after_candidate_limit,,3179,127,4,127,5,3,0.5,1.38,1,15,0.9241607655502392,0.3326328304432347
3272,,after_candidate_limit,,3203,128,3,128,5,3,0.5,2,1,8,0.9241607655502392,0.3326328304432347
3273,,after_candidate_limit,,3204,128,4,128,5,3,0.5,2,1,15,0.9241607655502392,0.3326328304432347
3274,,after_candidate_limit,,3329,133,4,133,5,4.5,0.5,0.75,1,15,0.9241607655502392,0.3326328304432347
3275,,after_candidate_limit,,3354,134,4,134,5,4.5,0.5,1.38,1,15,0.9241607655502392,0.3326328304432347
3276,,after_candidate_limit,,3379,135,4,135,5,4.5,0.5,2,1,15,0.9241607655502392,0.3326328304432347
3277,,after_candidate_limit,,169,6,19,6,11.67,10.5,3,4.5,6,15,0.8612244019138756,0.33257862935577936
3278,,after_candidate_limit,,673,26,23,26,11.67,7,2.17,3.25,20,8,0.8193382775119618,0.3325375300199814
3279,,after_candidate_limit,,498,19,23,19,11.67,5.25,2.17,3.25,20,8,0.8193373205741626,0.33250054566720755
3280,,after_candidate_limit,,323,12,23,12,11.67,3.5,2.17,3.25,20,8,0.8193363636363636,0.33245776491854445
3281,,after_candidate_limit,,324,12,24,12,11.67,3.5,2.17,3.25,20,15,0.8193363636363636,0.33245776491854445
3282,,after_candidate_limit,,499,19,24,19,11.67,5.25,2.17,3.25,20,15,0.8193363636363636,0.33245776491854445
3283,,after_candidate_limit,,674,26,24,26,11.67,7,2.17,3.25,20,15,0.8193363636363636,0.33245776491854445
3284,,after_candidate_limit,,2173,86,23,86,15,13.5,0.5,2,20,8,0.8781545454545454,0.3321722086446179
3285,,after_candidate_limit,,821,32,21,32,12.78,11.5,1.33,3.67,20,2,0.8272913875598086,0.3321139223799692
3286,,after_candidate_limit,,3330,133,5,133,5,4.5,0.5,0.75,2,1,0.9054038277511962,0.33189283187968394
3287,,after_candidate_limit,,167,6,17,6,11.67,10.5,3,4.5,6,3,0.8588784688995216,0.3318713113053255
3288,,after_candidate_limit,,866,34,16,34,12.78,11.5,3,4.5,6,2,0.8718373205741626,0.33165465011992923
3289,,after_candidate_limit,,3760,150,10,150,9.44,4.25,1.33,2,3,1,0.8648148325358852,0.3316177855484028
3290,,after_candidate_limit,,4183,167,8,167,9.44,8.5,3,4.5,2,8,0.8664009569377991,0.3313694706771604
3291,,after_candidate_limit,,174,6,24,6,11.67,10.5,3,4.5,20,15,0.8145813397129187,0.3313213399109832
3292,,after_candidate_limit,,116,4,16,4,11.67,10.5,1.33,3.67,6,2,0.8731023923444976,0.33110036740264454
3293,,after_candidate_limit,,1491,59,16,59,13.89,12.5,1.33,2,6,2,0.8817952153110048,0.33087624024692125
3294,,after_candidate_limit,,2123,84,23,84,15,13.5,0.5,0.75,20,8,0.8824511961722488,0.33081330556899763
3295,,after_candidate_limit,,1542,61,17,61,13.89,12.5,2.17,3.25,6,3,0.8745607655502392,0.33079294399119524
3296,,after_candidate_limit,,3893,155,18,155,9.44,5.66,0.5,1.38,6,8,0.8804818181818181,0.3304618377126255
3297,,after_candidate_limit,,3918,156,18,156,9.44,5.66,0.5,2,6,8,0.8804818181818181,0.3304618377126255
3298,,after_candidate_limit,,3868,154,18,154,9.44,5.66,0.5,0.75,6,8,0.8804813397129186,0.33043418794304025
3299,,after_candidate_limit,,3693,147,18,147,9.44,4.25,0.5,0.75,6,8,0.8804799043062201,0.33040577264249377
3300,,after_candidate_limit,,3718,148,18,148,9.44,4.25,0.5,1.38,6,8,0.8804799043062201,0.33040577264249377
3301,,after_candidate_limit,,3743,149,18,149,9.44,4.25,0.5,2,6,8,0.8804799043062201,0.33040577264249377
3302,,after_candidate_limit,,4069,162,19,162,9.44,8.5,0.5,1.38,6,15,0.8804799043062201,0.33040577264249377
3303,,after_candidate_limit,,4094,163,19,163,9.44,8.5,0.5,2,6,15,0.8804799043062201,0.33040577264249377
3304,,after_candidate_limit,,3518,140,18,140,9.44,2.83,0.5,0.75,6,8,0.880478947368421,0.3303765499656966
3305,,after_candidate_limit,,3519,140,19,140,9.44,2.83,0.5,0.75,6,15,0.880478947368421,0.3303765499656966
3306,,after_candidate_limit,,3543,141,18,141,9.44,2.83,0.5,1.38,6,8,0.880478947368421,0.3303765499656966
3307,,after_candidate_limit,,3544,141,19,141,9.44,2.83,0.5,1.38,6,15,0.880478947368421,0.3303765499656966
3308,,after_candidate_limit,,3568,142,18,142,9.44,2.83,0.5,2,6,8,0.880478947368421,0.3303765499656966
3309,,after_candidate_limit,,3569,142,19,142,9.44,2.83,0.5,2,6,15,0.880478947368421,0.3303765499656966
3310,,after_candidate_limit,,3694,147,19,147,9.44,4.25,0.5,0.75,6,15,0.880478947368421,0.3303765499656966
3311,,after_candidate_limit,,3719,148,19,148,9.44,4.25,0.5,1.38,6,15,0.880478947368421,0.3303765499656966
3312,,after_candidate_limit,,3744,149,19,149,9.44,4.25,0.5,2,6,15,0.880478947368421,0.3303765499656966
3313,,after_candidate_limit,,3869,154,19,154,9.44,5.66,0.5,0.75,6,15,0.880478947368421,0.3303765499656966
3314,,after_candidate_limit,,3894,155,19,155,9.44,5.66,0.5,1.38,6,15,0.880478947368421,0.3303765499656966
3315,,after_candidate_limit,,3919,156,19,156,9.44,5.66,0.5,2,6,15,0.880478947368421,0.3303765499656966
3316,,after_candidate_limit,,4136,165,11,165,9.44,8.5,1.33,3.67,3,2,0.8646196172248803,0.33032064341316864
3317,,after_candidate_limit,,3340,133,15,133,5,4.5,0.5,0.75,6,1,0.8205234449760765,0.33011760908209126
3318,,after_candidate_limit,,144,5,19,5,11.67,10.5,2.17,3.25,6,15,0.8491421052631579,0.32983843758045084
3319,,after_candidate_limit,,3847,153,22,153,9.44,4.25,3,4.5,20,3,0.7600062200956937,0.3298164472946416
3320,,after_candidate_limit,,523,20,23,20,11.67,5.25,3,4.5,20,8,0.8146688995215311,0.32898391816013295
3321,,after_candidate_limit,,698,27,23,27,11.67,7,3,4.5,20,8,0.8146688995215311,0.32898391816013295
3322,,after_candidate_limit,,348,13,23,13,11.67,3.5,3,4.5,20,8,0.8146679425837321,0.32893846361467843
3323,,after_candidate_limit,,349,13,24,13,11.67,3.5,3,4.5,20,15,0.8146679425837321,0.32893846361467843
3324,,after_candidate_limit,,524,20,24,20,11.67,5.25,3,4.5,20,15,0.8146679425837321,0.32893846361467843
3325,,after_candidate_limit,,699,27,24,27,11.67,7,3,4.5,20,15,0.8146679425837321,0.32893846361467843
3326,,after_candidate_limit,,142,5,17,5,11.67,10.5,2.17,3.25,6,3,0.8492282296650717,0.3288903371938047
3327,,after_candidate_limit,,4008,160,8,160,9.44,5.66,3,4.5,2,8,0.8663531100478469,0.32857702187650323
3328,,after_candidate_limit,,3658,146,8,146,9.44,2.83,3,4.5,2,8,0.8663473684210526,0.3284995423750716
3329,,after_candidate_limit,,3659,146,9,146,9.44,2.83,3,4.5,2,15,0.8663473684210526,0.3284995423750716
3330,,after_candidate_limit,,3833,153,8,153,9.44,4.25,3,4.5,2,8,0.8663473684210526,0.3284995423750716
3331,,after_candidate_limit,,3834,153,9,153,9.44,4.25,3,4.5,2,15,0.8663473684210526,0.3284995423750716
3332,,after_candidate_limit,,4009,160,9,160,9.44,5.66,3,4.5,2,15,0.8663473684210526,0.3284995423750716
3333,,after_candidate_limit,,4184,167,9,167,9.44,8.5,3,4.5,2,15,0.8663473684210526,0.3284995423750716
3334,,after_candidate_limit,,4044,161,19,161,9.44,8.5,0.5,0.75,6,15,0.8804411483253588,0.3283201089548709
3335,,after_candidate_limit,,3785,151,10,151,9.44,4.25,1.33,3.67,3,1,0.8648105263157895,0.32786168179331937
3336,,after_candidate_limit,,693,27,18,27,11.67,7,3,4.5,6,8,0.8613033492822967,0.32781764558584353
3337,,after_candidate_limit,,3672,146,22,146,9.44,2.83,3,4.5,20,3,0.7599258373205742,0.3276830318603394
3338,,after_candidate_limit,,3365,134,15,134,5,4.5,0.5,1.38,6,1,0.8180578947368421,0.32763793273048797
3339,,after_candidate_limit,,518,20,18,20,11.67,5.25,3,4.5,6,8,0.861288995215311,0.3275711109535548
3340,,after_candidate_limit,,343,13,18,13,11.67,3.5,3,4.5,6,8,0.8612861244019139,0.3275158360562997
3341,,after_candidate_limit,,344,13,19,13,11.67,3.5,3,4.5,6,15,0.8612861244019139,0.3275158360562997
3342,,after_candidate_limit,,519,20,19,20,11.67,5.25,3,4.5,6,15,0.8612861244019139,0.3275158360562997
3343,,after_candidate_limit,,694,27,19,27,11.67,7,3,4.5,6,15,0.8612861244019139,0.3275158360562997
3344,,after_candidate_limit,,2216,88,16,88,15,13.5,1.33,3.67,6,2,0.8705765550239234,0.32653456375359324
3345,,after_candidate_limit,,170,6,20,6,11.67,10.5,3,4.5,20,1,0.7316598086124402,0.32622785801682846
3346,,after_candidate_limit,,4198,167,23,167,9.44,8.5,3,4.5,20,8,0.7598468899521531,0.3262200419100758
3347,,after_candidate_limit,,3961,158,11,158,9.44,5.66,1.33,3.67,3,2,0.8646354066985646,0.32552360401281233
3348,,after_candidate_limit,,3936,157,11,157,9.44,5.66,1.33,2,3,2,0.8646272727272727,0.32546246853115335
3349,,after_candidate_limit,,668,26,18,26,11.67,7,2.17,3.25,6,8,0.8492138755980861,0.32539329184842825
3350,,after_candidate_limit,,3585,143,10,143,9.44,2.83,1.33,2,3,1,0.8645382775119618,0.3252014542886898
3351,,after_candidate_limit,,4112,164,12,164,9.44,8.5,1.33,2,3,3,0.8647555023923444,0.3251830290922252
3352,,after_candidate_limit,,3610,144,10,144,9.44,2.83,1.33,3.67,3,1,0.8645660287081339,0.3250543046334233
3353,,after_candidate_limit,,4137,165,12,165,9.44,8.5,1.33,3.67,3,3,0.864677990430622,0.3250178317347957
3354,,after_candidate_limit,,45,1,20,1,11.67,10.5,0.5,1.38,20,1,0.8195244019138755,0.32468605489216634
3355,,after_candidate_limit,,722,28,22,28,12.78,11.5,0.5,0.75,20,3,0.8547535885167464,0.32446597305799013
3356,,after_candidate_limit,,493,19,18,19,11.67,5.25,2.17,3.25,6,8,0.8491985645933015,0.3243418429025006
3357,,after_candidate_limit,,318,12,18,12,11.67,3.5,2.17,3.25,6,8,0.8491966507177033,0.3243041545417726
3358,,after_candidate_limit,,319,12,19,12,11.67,3.5,2.17,3.25,6,15,0.8491966507177033,0.3243041545417726
3359,,after_candidate_limit,,494,19,19,19,11.67,5.25,2.17,3.25,6,15,0.8491966507177033,0.3243041545417726
3360,,after_candidate_limit,,669,26,19,26,11.67,7,2.17,3.25,6,15,0.8491966507177033,0.3243041545417726
3361,,after_candidate_limit,,3390,135,15,135,5,4.5,0.5,2,6,1,0.8177813397129187,0.32404560555269235
3362,,after_candidate_limit,,3761,150,11,150,9.44,4.25,1.33,2,3,2,0.8644129186602871,0.32361098413025835
3363,,after_candidate_limit,,3962,158,12,158,9.44,5.66,1.33,3.67,3,3,0.8643799043062201,0.3235926279151551
3364,,after_candidate_limit,,3940,157,15,157,9.44,5.66,1.33,2,6,1,0.8341956937799043,0.32352882599478827
3365,,after_candidate_limit,,3786,151,11,151,9.44,4.25,1.33,3.67,3,2,0.8644205741626795,0.3234957789343526
3366,,after_candidate_limit,,3937,157,12,157,9.44,5.66,1.33,2,3,3,0.8643875598086125,0.3234938498852512
3367,,after_candidate_limit,,847,33,22,33,12.78,11.5,2.17,3.25,20,3,0.8186679425837321,0.32305719918641096
3368,,after_candidate_limit,,3165,126,15,126,5,3,0.5,0.75,6,1,0.8199842105263158,0.32254586714228395
3369,,after_candidate_limit,,4023,160,23,160,9.44,5.66,3,4.5,20,8,0.7595813397129186,0.32237530079007454
3370,,after_candidate_limit,,3341,133,16,133,5,4.5,0.5,0.75,6,2,0.8199114832535885,0.3223047312276928
3371,,after_candidate_limit,,3673,146,23,146,9.44,2.83,3,4.5,20,8,0.7595803827751196,0.3221086341234079
3372,,after_candidate_limit,,3674,146,24,146,9.44,2.83,3,4.5,20,15,0.7595803827751196,0.3221086341234079
3373,,after_candidate_limit,,3848,153,23,153,9.44,4.25,3,4.5,20,8,0.7595803827751196,0.3221086341234079
3374,,after_candidate_limit,,3849,153,24,153,9.44,4.25,3,4.5,20,15,0.7595803827751196,0.3221086341234079
3375,,after_candidate_limit,,4024,160,24,160,9.44,5.66,3,4.5,20,15,0.7595803827751196,0.3221086341234079
3376,,after_candidate_limit,,4199,167,24,167,9.44,8.5,3,4.5,20,15,0.7595803827751196,0.3221086341234079
3377,,after_candidate_limit,,1567,62,17,62,13.89,12.5,3,4.5,6,3,0.8764803827751196,0.32200883040568373
3378,,after_candidate_limit,,1516,60,16,60,13.89,12.5,1.33,3.67,6,2,0.8810397129186602,0.32181939990508096
3379,,after_candidate_limit,,3787,151,12,151,9.44,4.25,1.33,3.67,3,3,0.8642799043062201,0.32181698152081417
3380,,after_candidate_limit,,3762,150,12,150,9.44,4.25,1.33,2,3,3,0.8642712918660287,0.3217000755607701
3381,,after_candidate_limit,,3611,144,11,144,9.44,2.83,1.33,3.67,3,2,0.8642703349282297,0.32155309788002123
3382,,after_candidate_limit,,3366,134,16,134,5,4.5,0.5,1.38,6,2,0.8198583732057416,0.3215304445980277
3383,,after_candidate_limit,,3586,143,11,143,9.44,2.83,1.33,2,3,2,0.8642626794258373,0.321459061726031
3384,,after_candidate_limit,,3391,135,16,135,5,4.5,0.5,2,6,2,0.8198574162679426,0.3214373426984742
3385,,after_candidate_limit,,4197,167,22,167,9.44,8.5,3,4.5,20,3,0.7475712918660287,0.3213959198478138
3386,,after_candidate_limit,,3215,128,15,128,5,3,0.5,2,6,1,0.8201272727272727,0.3213903797547442
3387,,after_candidate_limit,,3190,127,15,127,5,3,0.5,1.38,6,1,0.8199267942583732,0.32111275709644016
3388,,after_candidate_limit,,2990,119,15,119,5,2.25,0.5,0.75,6,1,0.819878947368421,0.32079023871528234
3389,,after_candidate_limit,,3965,158,15,158,9.44,5.66,1.33,3.67,6,1,0.834322009569378,0.3204961938644439
3390,,after_candidate_limit,,3355,134,5,134,5,4.5,0.5,1.38,2,1,0.905333014354067,0.3202987768015279
3391,,after_candidate_limit,,721,28,21,28,12.78,11.5,0.5,0.75,20,2,0.8492066985645933,0.3201156189568071
3392,,after_candidate_limit,,3342,133,17,133,5,4.5,0.5,0.75,6,3,0.8196177033492823,0.3195685923694627
3393,,after_candidate_limit,,3612,144,12,144,9.44,2.83,1.33,3.67,3,3,0.8641708133971292,0.3194022378540836
3394,,after_candidate_limit,,3587,143,12,143,9.44,2.83,1.33,2,3,3,0.8641583732057416,0.31938500248775353
3395,,after_candidate_limit,,3040,121,15,121,5,2.25,0.5,2,6,1,0.8198746411483253,0.3191788612961126
3396,,after_candidate_limit,,846,33,21,33,12.78,11.5,2.17,3.25,20,2,0.8039196172248804,0.31894460891144666
3397,,after_candidate_limit,,3015,120,15,120,5,2.25,0.5,1.38,6,1,0.8198114832535885,0.3187783636139865
3398,,after_candidate_limit,,3367,134,17,134,5,4.5,0.5,1.38,6,3,0.8196177033492823,0.31874002094089127
3399,,after_candidate_limit,,790,31,15,31,12.78,11.5,1.33,2,6,1,0.861468899521531,0.3186538745731406
3400,,after_candidate_limit,,3166,126,16,126,5,3,0.5,0.75,6,2,0.8196425837320575,0.31847924972026914
3401,,after_candidate_limit,,70,2,20,2,11.67,10.5,0.5,2,20,1,0.8076674641148326,0.31842522876492674
3402,,after_candidate_limit,,2815,112,15,112,5,1.5,0.5,0.75,6,1,0.8195794258373206,0.31818192708610704
3403,,after_candidate_limit,,166,6,16,6,11.67,10.5,3,4.5,6,2,0.8584784688995215,0.3180821221207799
3404,,after_candidate_limit,,3392,135,17,135,5,4.5,0.5,2,6,3,0.8196196172248804,0.3176124751533455
3405,,after_candidate_limit,,872,34,22,34,12.78,11.5,3,4.5,20,3,0.822477033492823,0.3174176072433388
3406,,after_candidate_limit,,3216,128,16,128,5,3,0.5,2,6,2,0.8196282296650718,0.31741054167072497
3407,,after_candidate_limit,,2991,119,16,119,5,2.25,0.5,0.75,6,2,0.8195913875598086,0.31731375276427215
3408,,after_candidate_limit,,2198,87,23,87,15,13.5,1.33,2,20,8,0.8798535885167464,0.3172915347023521
3409,,after_candidate_limit,,3155,126,5,126,5,3,0.5,0.75,2,1,0.9049464114832536,0.317147787593735
3410,,after_candidate_limit,,3191,127,16,127,5,3,0.5,1.38,6,2,0.8196296650717704,0.3170496609122851
3411,,after_candidate_limit,,141,5,16,5,11.67,10.5,2.17,3.25,6,2,0.8489311004784689,0.31702346451978003
3412,,after_candidate_limit,,747,29,22,29,12.78,11.5,0.5,1.38,20,3,0.8510507177033493,0.31549741626605077
3413,,after_candidate_limit,,2840,113,15,113,5,1.5,0.5,1.38,6,1,0.8195306220095694,0.3151958238859292
3414,,after_candidate_limit,,3380,135,5,135,5,4.5,0.5,2,2,1,0.9053291866028708,0.31519497454742823
3415,,after_candidate_limit,,4138,165,13,165,9.44,8.5,1.33,3.67,3,8,0.8640334928229665,0.31509476608265824
3416,,after_candidate_limit,,2865,114,15,114,5,1.5,0.5,2,6,1,0.8195033492822966,0.31504703373150184
3417,,after_candidate_limit,,795,31,20,31,12.78,11.5,1.33,2,20,1,0.780076076555024,0.3150222615698763
3418,,after_candidate_limit,,4113,164,13,164,9.44,8.5,1.33,2,3,8,0.8639937799043063,0.3149866401222231
3419,,after_candidate_limit,,3985,159,10,159,9.44,5.66,2.17,3.25,3,1,0.8185315789473684,0.31490959781297123
3420,,after_candidate_limit,,3217,128,17,128,5,3,0.5,2,6,3,0.8195622009569378,0.3147313508025104
3421,,after_candidate_limit,,4117,164,17,164,9.44,8.5,1.33,2,6,3,0.8334181818181818,0.31448814598611347
3422,,after_candidate_limit,,3167,126,17,126,5,3,0.5,0.75,6,3,0.8193564593301436,0.3143900155214987
3423,,after_candidate_limit,,2140,85,15,85,15,13.5,0.5,1.38,6,1,0.845633971291866,0.3142817888244795
3424,,after_candidate_limit,,3016,120,16,120,5,2.25,0.5,1.38,6,2,0.8194114832535885,0.31414487938978336
3425,,after_candidate_limit,,2223,88,23,88,15,13.5,1.33,3.67,20,8,0.8772521531100479,0.3139340736278813
3426,,after_candidate_limit,,3041,121,16,121,5,2.25,0.5,2,6,2,0.8194014354066985,0.3138791723558648
3427,,after_candidate_limit,,4160,166,10,166,9.44,8.5,2.17,3.25,3,1,0.8177105263157894,0.3137986876241321
3428,,after_candidate_limit,,4142,165,17,165,9.44,8.5,1.33,3.67,6,3,0.833354066985646,0.3137524478481896
3429,,after_candidate_limit,,2816,112,16,112,5,1.5,0.5,0.75,6,2,0.8193712918660288,0.31339581097266134
3430,,after_candidate_limit,,820,32,20,32,12.78,11.5,1.33,3.67,20,1,0.7650502392344498,0.31322398747693936
3431,,after_candidate_limit,,3192,127,17,127,5,3,0.5,1.38,6,3,0.8193574162679426,0.3131127976886543
3432,,after_candidate_limit,,3963,158,13,158,9.44,5.66,1.33,3.67,3,8,0.8640038277511962,0.31306188228872756
3433,,after_candidate_limit,,3938,157,13,157,9.44,5.66,1.33,2,3,8,0.8640019138755981,0.3130229931900129
3434,,after_candidate_limit,,4114,164,14,164,9.44,8.5,1.33,2,3,15,0.864000956937799,0.31300251742969976
3435,,after_candidate_limit,,4139,165,14,165,9.44,8.5,1.33,3.67,3,15,0.864000956937799,0.31300251742969976
3436,,after_candidate_limit,,3588,143,13,143,9.44,2.83,1.33,2,3,8,0.863999043062201,0.3129608588772817
3437,,after_candidate_limit,,3589,143,14,143,9.44,2.83,1.33,2,3,15,0.863999043062201,0.3129608588772817
3438,,after_candidate_limit,,3613,144,13,144,9.44,2.83,1.33,3.67,3,8,0.863999043062201,0.3129608588772817
3439,,after_candidate_limit,,3614,144,14,144,9.44,2.83,1.33,3.67,3,15,0.863999043062201,0.3129608588772817
3440,,after_candidate_limit,,3763,150,13,150,9.44,4.25,1.33,2,3,8,0.863999043062201,0.3129608588772817
3441,,after_candidate_limit,,3764,150,14,150,9.44,4.25,1.33,2,3,15,0.863999043062201,0.3129608588772817
3442,,after_candidate_limit,,3788,151,13,151,9.44,4.25,1.33,3.67,3,8,0.863999043062201,0.3129608588772817
3443,,after_candidate_limit,,3789,151,14,151,9.44,4.25,1.33,3.67,3,15,0.863999043062201,0.3129608588772817
3444,,after_candidate_limit,,3939,157,14,157,9.44,5.66,1.33,2,3,15,0.863999043062201,0.3129608588772817
3445,,after_candidate_limit,,3964,158,14,158,9.44,5.66,1.33,3.67,3,15,0.863999043062201,0.3129608588772817
3446,,after_candidate_limit,,2992,119,17,119,5,2.25,0.5,0.75,6,3,0.8193535885167464,0.3129177932992765
3447,,after_candidate_limit,,2817,112,17,112,5,1.5,0.5,0.75,6,3,0.8193516746411483,0.3126056720871553
3448,,after_candidate_limit,,2841,113,16,113,5,1.5,0.5,1.38,6,2,0.8193526315789473,0.31225112663260984
3449,,after_candidate_limit,,772,30,22,30,12.78,11.5,0.5,2,20,3,0.8442976076555024,0.31210113620118957
3450,,after_candidate_limit,,871,34,21,34,12.78,11.5,3,4.5,20,2,0.7992277511961723,0.3120828138148624
3451,,after_candidate_limit,,2866,114,16,114,5,1.5,0.5,2,6,2,0.8193507177033493,0.31193900542048864
3452,,after_candidate_limit,,3017,120,17,120,5,2.25,0.5,1.38,6,3,0.8193507177033493,0.31193900542048864
3453,,after_candidate_limit,,3042,121,17,121,5,2.25,0.5,2,6,3,0.8193507177033493,0.31193900542048864
3454,,after_candidate_limit,,746,29,21,29,12.78,11.5,0.5,1.38,20,2,0.8396435406698565,0.31191712842530583
3455,,after_candidate_limit,,2980,119,5,119,5,2.25,0.5,0.75,2,1,0.9048076555023924,0.31154471841290204
3456,,after_candidate_limit,,4010,160,10,160,9.44,5.66,3,4.5,3,1,0.821188995215311,0.31148961638842915
3457,,after_candidate_limit,,2842,113,17,113,5,1.5,0.5,1.38,6,3,0.8193478468899521,0.31128445996594317
3458,,after_candidate_limit,,2867,114,17,114,5,1.5,0.5,2,6,3,0.819344976076555,0.3106844599659431
3459,,after_candidate_limit,,4116,164,16,164,9.44,8.5,1.33,2,6,2,0.8312693779904307,0.3103709043533894
3460,,after_candidate_limit,,4185,167,10,167,9.44,8.5,3,4.5,3,1,0.8204540669856459,0.3101989153379982
3461,,after_candidate_limit,,771,30,21,30,12.78,11.5,0.5,2,20,2,0.8399602870813397,0.30986126379404016
3462,,after_candidate_limit,,1440,57,15,57,13.89,12.5,0.5,1.38,6,1,0.8516315789473684,0.30983334102169374
3463,,after_candidate_limit,,3765,150,15,150,9.44,4.25,1.33,2,6,1,0.8333215311004785,0.3091065550260165
3464,,after_candidate_limit,,1541,61,16,61,13.89,12.5,2.17,3.25,6,2,0.8691511961722488,0.30897060750284766
3465,,after_candidate_limit,,3343,133,18,133,5,4.5,0.5,0.75,6,8,0.819344976076555,0.3088273171088003
3466,,after_candidate_limit,,3368,134,18,134,5,4.5,0.5,1.38,6,8,0.819344976076555,0.3088273171088003
3467,,after_candidate_limit,,3393,135,18,135,5,4.5,0.5,2,6,8,0.819344976076555,0.3088273171088003
3468,,after_candidate_limit,,2818,112,18,112,5,1.5,0.5,0.75,6,8,0.819344019138756,0.3086844599659432
3469,,after_candidate_limit,,2819,112,19,112,5,1.5,0.5,0.75,6,15,0.819344019138756,0.3086844599659432
3470,,after_candidate_limit,,2843,113,18,113,5,1.5,0.5,1.38,6,8,0.819344019138756,0.3086844599659432
3471,,after_candidate_limit,,2844,113,19,113,5,1.5,0.5,1.38,6,15,0.819344019138756,0.3086844599659432
3472,,after_candidate_limit,,2868,114,18,114,5,1.5,0.5,2,6,8,0.819344019138756,0.3086844599659432
3473,,after_candidate_limit,,2869,114,19,114,5,1.5,0.5,2,6,15,0.819344019138756,0.3086844599659432
3474,,after_candidate_limit,,2993,119,18,119,5,2.25,0.5,0.75,6,8,0.819344019138756,0.3086844599659432
3475,,after_candidate_limit,,2994,119,19,119,5,2.25,0.5,0.75,6,15,0.819344019138756,0.3086844599659432
3476,,after_candidate_limit,,3018,120,18,120,5,2.25,0.5,1.38,6,8,0.819344019138756,0.3086844599659432
3477,,after_candidate_limit,,3019,120,19,120,5,2.25,0.5,1.38,6,15,0.819344019138756,0.3086844599659432
3478,,after_candidate_limit,,3043,121,18,121,5,2.25,0.5,2,6,8,0.819344019138756,0.3086844599659432
3479,,after_candidate_limit,,3044,121,19,121,5,2.25,0.5,2,6,15,0.819344019138756,0.3086844599659432
3480,,after_candidate_limit,,3168,126,18,126,5,3,0.5,0.75,6,8,0.819344019138756,0.3086844599659432
3481,,after_candidate_limit,,3169,126,19,126,5,3,0.5,0.75,6,15,0.819344019138756,0.3086844599659432
3482,,after_candidate_limit,,3193,127,18,127,5,3,0.5,1.38,6,8,0.819344019138756,0.3086844599659432
3483,,after_candidate_limit,,3194,127,19,127,5,3,0.5,1.38,6,15,0.819344019138756,0.3086844599659432
3484,,after_candidate_limit,,3218,128,18,128,5,3,0.5,2,6,8,0.819344019138756,0.3086844599659432
3485,,after_candidate_limit,,3219,128,19,128,5,3,0.5,2,6,15,0.819344019138756,0.3086844599659432
3486,,after_candidate_limit,,3344,133,19,133,5,4.5,0.5,0.75,6,15,0.819344019138756,0.3086844599659432
3487,,after_candidate_limit,,3369,134,19,134,5,4.5,0.5,1.38,6,15,0.819344019138756,0.3086844599659432
3488,,after_candidate_limit,,3394,135,19,135,5,4.5,0.5,2,6,15,0.819344019138756,0.3086844599659432
3489,,after_candidate_limit,,3205,128,5,128,5,3,0.5,2,2,1,0.904977990430622,0.30851699542196326
3490,,after_candidate_limit,,3790,151,15,151,9.44,4.25,1.33,3.67,6,1,0.8333014354066985,0.3083572471472693
3491,,after_candidate_limit,,2805,112,5,112,5,1.5,0.5,0.75,2,1,0.9047502392344497,0.3081510537758419
3492,,after_candidate_limit,,3180,127,5,127,5,3,0.5,1.38,2,1,0.9049377990430622,0.3078939378204237
3493,,after_candidate_limit,,1547,61,22,61,13.89,12.5,2.17,3.25,20,3,0.822755980861244,0.3072850067058993
3494,,after_candidate_limit,,2190,87,15,87,15,13.5,1.33,2,6,1,0.857222966507177,0.30701087399678
3495,,after_candidate_limit,,3331,133,6,133,5,4.5,0.5,0.75,2,2,0.9048181818181819,0.3069380143117371
3496,,after_candidate_limit,,3966,158,16,158,9.44,5.66,1.33,3.67,6,2,0.833133014354067,0.30693286131920006
3497,,after_candidate_limit,,3005,120,5,120,5,2.25,0.5,1.38,2,1,0.904755980861244,0.3068488273488054
3498,,after_candidate_limit,,3941,157,16,157,9.44,5.66,1.33,2,6,2,0.8331282296650717,0.3067663476150597
3499,,after_candidate_limit,,3381,135,6,135,5,4.5,0.5,2,2,2,0.9048133971291866,0.3066755999787832
3500,,after_candidate_limit,,3030,121,5,121,5,2.25,0.5,2,2,1,0.9047502392344497,0.30653587262890086
3501,,after_candidate_limit,,3615,144,15,144,9.44,2.83,1.33,3.67,6,1,0.8331650717703349,0.30643702937485784
3502,,after_candidate_limit,,1422,56,22,56,13.89,12.5,0.5,0.75,20,3,0.8733803827751196,0.30637552869676327
3503,,after_candidate_limit,,3791,151,16,151,9.44,4.25,1.33,3.67,6,2,0.8330397129186603,0.3058506341052783
3504,,after_candidate_limit,,3766,150,16,150,9.44,4.25,1.33,2,6,2,0.8330306220095693,0.30572044127327563
3505,,after_candidate_limit,,3590,143,15,143,9.44,2.83,1.33,2,6,1,0.8330373205741627,0.30569977175758867
3506,,after_candidate_limit,,4161,166,11,166,9.44,8.5,2.17,3.25,3,2,0.8175822966507177,0.305637650208526
3507,,after_candidate_limit,,90,3,15,3,11.67,10.5,1.33,2,6,1,0.8498138755980861,0.3056316713406842
3508,,after_candidate_limit,,4141,165,16,165,9.44,8.5,1.33,3.67,6,2,0.8260315789473685,0.3054881866063271
3509,,after_candidate_limit,,2165,86,15,86,15,13.5,0.5,2,6,1,0.8390803827751196,0.3051958598037912
3510,,after_candidate_limit,,3967,158,17,158,9.44,5.66,1.33,3.67,6,3,0.8329435406698564,0.30511907392078336
3511,,after_candidate_limit,,3942,157,17,157,9.44,5.66,1.33,2,6,3,0.8329416267942584,0.3051073616468784
3512,,after_candidate_limit,,2830,113,5,113,5,1.5,0.5,1.38,2,1,0.904666028708134,0.3049319093610375
3513,,after_candidate_limit,,3356,134,6,134,5,4.5,0.5,1.38,2,2,0.9048,0.3047034217996955
3514,,after_candidate_limit,,3382,135,7,135,5,4.5,0.5,2,2,3,0.9046698564593302,0.30466451252237775
3515,,after_candidate_limit,,3357,134,7,134,5,4.5,0.5,1.38,2,3,0.9046622009569378,0.3045334144437533
3516,,after_candidate_limit,,3335,133,10,133,5,4.5,0.5,0.75,3,1,0.871433014354067,0.3044404691612894
3517,,after_candidate_limit,,2855,114,5,114,5,1.5,0.5,2,2,1,0.9046564593301435,0.3043556767124555
3518,,after_candidate_limit,,3206,128,6,128,5,3,0.5,2,2,2,0.9046622009569378,0.3043112707872753
3519,,after_candidate_limit,,3181,127,6,127,5,3,0.5,1.38,2,2,0.9046583732057416,0.3043003129244313
3520,,after_candidate_limit,,3792,151,17,151,9.44,4.25,1.33,3.67,6,3,0.8328837320574163,0.30412646252730047
3521,,after_candidate_limit,,2981,119,6,119,5,2.25,0.5,0.75,2,2,0.904644976076555,0.30402947298058497
3522,,after_candidate_limit,,3767,150,17,150,9.44,4.25,1.33,2,6,3,0.8328645933014354,0.303929024148826
3523,,after_candidate_limit,,2240,89,15,89,15,13.5,2.17,3.25,6,1,0.8513033492822967,0.3039005434466032
3524,,after_candidate_limit,,3616,144,16,144,9.44,2.83,1.33,3.67,6,2,0.8328406698564593,0.30332715742091093
3525,,after_candidate_limit,,2806,112,6,112,5,1.5,0.5,0.75,2,2,0.9046095693779904,0.3033267531969986
3526,,after_candidate_limit,,845,33,20,33,12.78,11.5,2.17,3.25,20,1,0.7440755980861244,0.30332552376784233
3527,,after_candidate_limit,,3006,120,6,120,5,2.25,0.5,1.38,2,2,0.9045942583732057,0.3032137488324604
3528,,after_candidate_limit,,3591,143,16,143,9.44,2.83,1.33,2,6,2,0.8328425837320574,0.30317376851832556
3529,,after_candidate_limit,,1522,60,22,60,13.89,12.5,1.33,3.67,20,3,0.8278846889952153,0.3031084059366225
3530,,after_candidate_limit,,3157,126,7,126,5,3,0.5,0.75,2,3,0.9045808612440192,0.3030393368331841
3531,,after_candidate_limit,,3332,133,7,133,5,4.5,0.5,0.75,2,3,0.904665071770335,0.3030284992258913
3532,,after_candidate_limit,,3207,128,7,128,5,3,0.5,2,2,3,0.904621052631579,0.3029873093599034
3533,,after_candidate_limit,,3031,121,6,121,5,2.25,0.5,2,2,2,0.904578947368421,0.3029176821012413
3534,,after_candidate_limit,,3182,127,7,127,5,3,0.5,1.38,2,3,0.9045952153110047,0.3027989707493152
3535,,after_candidate_limit,,3156,126,6,126,5,3,0.5,0.75,2,2,0.904666028708134,0.30276687382658146
3536,,after_candidate_limit,,840,33,15,33,12.78,11.5,2.17,3.25,6,1,0.8332248803827751,0.30232375280570334
3537,,after_candidate_limit,,2982,119,7,119,5,2.25,0.5,0.75,2,3,0.9045339712918661,0.30216831371427605
3538,,after_candidate_limit,,2831,113,6,113,5,1.5,0.5,1.38,2,2,0.9045253588516746,0.3019037367681822
3539,,after_candidate_limit,,3810,152,10,152,9.44,4.25,2.17,3.25,3,1,0.8177421052631579,0.30173650176879796
3540,,after_candidate_limit,,2807,112,7,112,5,1.5,0.5,0.75,2,3,0.904511961722488,0.3016617907897196
3541,,after_candidate_limit,,3007,120,7,120,5,2.25,0.5,1.38,2,3,0.904511961722488,0.3016617907897196
3542,,after_candidate_limit,,2273,90,23,90,15,13.5,3,4.5,20,8,0.8547622009569378,0.3016206255158071
3543,,after_candidate_limit,,2856,114,6,114,5,1.5,0.5,2,2,2,0.9045167464114833,0.30161423585430763
3544,,after_candidate_limit,,3617,144,17,144,9.44,2.83,1.33,3.67,6,3,0.8327679425837321,0.3013436478590132
3545,,after_candidate_limit,,3032,121,7,121,5,2.25,0.5,2,2,3,0.9045033492822967,0.30134363426771676
3546,,after_candidate_limit,,3995,159,20,159,9.44,5.66,2.17,3.25,20,1,0.7432057416267942,0.30133623667732035
3547,,after_candidate_limit,,4186,167,11,167,9.44,8.5,3,4.5,3,2,0.8202980861244019,0.3013183800046949
3548,,after_candidate_limit,,3592,143,17,143,9.44,2.83,1.33,2,6,3,0.8327612440191388,0.30117764181611517
3549,,after_candidate_limit,,4140,165,15,165,9.44,8.5,1.33,3.67,6,1,0.8207741626794258,0.3010808343005667
3550,,after_candidate_limit,,815,32,15,32,12.78,11.5,1.33,3.67,6,1,0.8507454545454546,0.3008638235427545
3551,,after_candidate_limit,,2265,90,15,90,15,13.5,3,4.5,6,1,0.852644019138756,0.30080547059385976
3552,,after_candidate_limit,,2832,113,7,113,5,1.5,0.5,1.38,2,3,0.9044909090909091,0.3003864606109716
3553,,after_candidate_limit,,3360,134,10,134,5,4.5,0.5,1.38,3,1,0.8713985645933015,0.30038417080068114
3554,,after_candidate_limit,,1497,59,22,59,13.89,12.5,1.33,2,20,3,0.8264196172248803,0.30030353293979617
3555,,after_candidate_limit,,1566,62,16,62,13.89,12.5,3,4.5,6,2,0.8654464114832536,0.3002770022750881
3556,,after_candidate_limit,,3986,159,11,159,9.44,5.66,2.17,3.25,3,2,0.8176004784688995,0.2999428609929029
3557,,after_candidate_limit,,3835,153,10,153,9.44,4.25,3,4.5,3,1,0.8204703349282296,0.29961794956726334
3558,,after_candidate_limit,,1572,62,22,62,13.89,12.5,3,4.5,20,3,0.8103741626794259,0.29929325550112384
3559,,after_candidate_limit,,4115,164,15,164,9.44,8.5,1.33,2,6,1,0.8209181818181818,0.2992318389102546
3560,,after_candidate_limit,,3635,145,10,145,9.44,2.83,2.17,3.25,3,1,0.8175301435406699,0.29912175724929324
3561,,after_candidate_limit,,4143,165,18,165,9.44,8.5,1.33,3.67,6,8,0.8326784688995216,0.2989437820743233
3562,,after_candidate_limit,,4118,164,18,164,9.44,8.5,1.33,2,6,8,0.8326612440191388,0.2989112185309297
3563,,after_candidate_limit,,1465,58,15,58,13.89,12.5,0.5,2,6,1,0.8483157894736842,0.2988925851664707
3564,,after_candidate_limit,,3385,135,10,135,5,4.5,0.5,2,3,1,0.8714234449760766,0.2988672726047452
3565,,after_candidate_limit,,4162,166,12,166,9.44,8.5,2.17,3.25,3,3,0.8176291866028708,0.29874751123252313
3566,,after_candidate_limit,,2857,114,7,114,5,1.5,0.5,2,2,3,0.9044861244019139,0.29868732641183743
3567,,after_candidate_limit,,4011,160,11,160,9.44,5.66,3,4.5,3,2,0.8203583732057417,0.29835675208827817
3568,,after_candidate_limit,,3987,159,12,159,9.44,5.66,2.17,3.25,3,3,0.8173693779904306,0.2981229667783508
3569,,after_candidate_limit,,3811,152,11,152,9.44,4.25,2.17,3.25,3,2,0.8173990430622009,0.2978673682155085
3570,,after_candidate_limit,,3660,146,10,146,9.44,2.83,3,4.5,3,1,0.8202832535885167,0.29755842751411393
3571,,after_candidate_limit,,1490,59,15,59,13.89,12.5,1.33,2,6,1,0.8520526315789474,0.29736483417446763
3572,,after_candidate_limit,,2808,112,8,112,5,1.5,0.5,0.75,2,8,0.9044851674641148,0.297353993078504
3573,,after_candidate_limit,,2809,112,9,112,5,1.5,0.5,0.75,2,15,0.9044851674641148,0.297353993078504
3574,,after_candidate_limit,,2833,113,8,113,5,1.5,0.5,1.38,2,8,0.9044851674641148,0.297353993078504
3575,,after_candidate_limit,,2834,113,9,113,5,1.5,0.5,1.38,2,15,0.9044851674641148,0.297353993078504
3576,,after_candidate_limit,,2858,114,8,114,5,1.5,0.5,2,2,8,0.9044851674641148,0.297353993078504
3577,,after_candidate_limit,,2859,114,9,114,5,1.5,0.5,2,2,15,0.9044851674641148,0.297353993078504
3578,,after_candidate_limit,,2983,119,8,119,5,2.25,0.5,0.75,2,8,0.9044851674641148,0.297353993078504
3579,,after_candidate_limit,,2984,119,9,119,5,2.25,0.5,0.75,2,15,0.9044851674641148,0.297353993078504
3580,,after_candidate_limit,,3008,120,8,120,5,2.25,0.5,1.38,2,8,0.9044851674641148,0.297353993078504
3581,,after_candidate_limit,,3009,120,9,120,5,2.25,0.5,1.38,2,15,0.9044851674641148,0.297353993078504
3582,,after_candidate_limit,,3033,121,8,121,5,2.25,0.5,2,2,8,0.9044851674641148,0.297353993078504
3583,,after_candidate_limit,,3034,121,9,121,5,2.25,0.5,2,2,15,0.9044851674641148,0.297353993078504
3584,,after_candidate_limit,,3158,126,8,126,5,3,0.5,0.75,2,8,0.9044851674641148,0.297353993078504
3585,,after_candidate_limit,,3159,126,9,126,5,3,0.5,0.75,2,15,0.9044851674641148,0.297353993078504
3586,,after_candidate_limit,,3183,127,8,127,5,3,0.5,1.38,2,8,0.9044851674641148,0.297353993078504
3587,,after_candidate_limit,,3184,127,9,127,5,3,0.5,1.38,2,15,0.9044851674641148,0.297353993078504
3588,,after_candidate_limit,,3208,128,8,128,5,3,0.5,2,2,8,0.9044851674641148,0.297353993078504
3589,,after_candidate_limit,,3209,128,9,128,5,3,0.5,2,2,15,0.9044851674641148,0.297353993078504
3590,,after_candidate_limit,,3333,133,8,133,5,4.5,0.5,0.75,2,8,0.9044851674641148,0.297353993078504
3591,,after_candidate_limit,,3334,133,9,133,5,4.5,0.5,0.75,2,15,0.9044851674641148,0.297353993078504
3592,,after_candidate_limit,,3358,134,8,134,5,4.5,0.5,1.38,2,8,0.9044851674641148,0.297353993078504
3593,,after_candidate_limit,,3359,134,9,134,5,4.5,0.5,1.38,2,15,0.9044851674641148,0.297353993078504
3594,,after_candidate_limit,,3383,135,8,135,5,4.5,0.5,2,2,8,0.9044851674641148,0.297353993078504
3595,,after_candidate_limit,,3384,135,9,135,5,4.5,0.5,2,2,15,0.9044851674641148,0.297353993078504
3596,,after_candidate_limit,,4187,167,12,167,9.44,8.5,3,4.5,3,3,0.8202722488038278,0.2970914414370115
3597,,after_candidate_limit,,2215,88,15,88,15,13.5,1.33,3.67,6,1,0.8523023923444976,0.2969842415539165
3598,,after_candidate_limit,,3820,152,20,152,9.44,4.25,2.17,3.25,20,1,0.7452626794258373,0.296874750909193
3599,,after_candidate_limit,,3968,158,18,158,9.44,5.66,1.33,3.67,6,8,0.8326588516746412,0.2966922763401751
3600,,after_candidate_limit,,3593,143,18,143,9.44,2.83,1.33,2,6,8,0.8326578947368422,0.29665194020572133
3601,,after_candidate_limit,,3594,143,19,143,9.44,2.83,1.33,2,6,15,0.8326578947368422,0.29665194020572133
3602,,after_candidate_limit,,3618,144,18,144,9.44,2.83,1.33,3.67,6,8,0.8326578947368422,0.29665194020572133
3603,,after_candidate_limit,,3619,144,19,144,9.44,2.83,1.33,3.67,6,15,0.8326578947368422,0.29665194020572133
3604,,after_candidate_limit,,3768,150,18,150,9.44,4.25,1.33,2,6,8,0.8326578947368422,0.29665194020572133
3605,,after_candidate_limit,,3769,150,19,150,9.44,4.25,1.33,2,6,15,0.8326578947368422,0.29665194020572133
3606,,after_candidate_limit,,3793,151,18,151,9.44,4.25,1.33,3.67,6,8,0.8326578947368422,0.29665194020572133
3607,,after_candidate_limit,,3794,151,19,151,9.44,4.25,1.33,3.67,6,15,0.8326578947368422,0.29665194020572133
3608,,after_candidate_limit,,3943,157,18,157,9.44,5.66,1.33,2,6,8,0.8326578947368422,0.29665194020572133
3609,,after_candidate_limit,,3944,157,19,157,9.44,5.66,1.33,2,6,15,0.8326578947368422,0.29665194020572133
3610,,after_candidate_limit,,3969,158,19,158,9.44,5.66,1.33,3.67,6,15,0.8326578947368422,0.29665194020572133
3611,,after_candidate_limit,,4119,164,19,164,9.44,8.5,1.33,2,6,15,0.8326578947368422,0.29665194020572133
3612,,after_candidate_limit,,4144,165,19,165,9.44,8.5,1.33,3.67,6,15,0.8326578947368422,0.29665194020572133
3613,,after_candidate_limit,,115,4,15,4,11.67,10.5,1.33,3.67,6,1,0.8465421052631579,0.29640356571359144
3614,,after_candidate_limit,,3836,153,11,153,9.44,4.25,3,4.5,3,2,0.8201674641148325,0.2963514384452066
3615,,after_candidate_limit,,4012,160,12,160,9.44,5.66,3,4.5,3,3,0.8201401913875598,0.2963302338281868
3616,,after_candidate_limit,,3812,152,12,152,9.44,4.25,2.17,3.25,3,3,0.8172775119617225,0.29630377271366853
3617,,after_candidate_limit,,3636,145,11,145,9.44,2.83,2.17,3.25,3,2,0.8172641148325359,0.2960198268090517
3618,,after_candidate_limit,,1447,57,22,57,13.89,12.5,0.5,1.38,20,3,0.8629765550239235,0.2959424372234992
3619,,after_candidate_limit,,2248,89,23,89,15,13.5,2.17,3.25,20,8,0.8384976076555024,0.29531153819554423
3620,,after_candidate_limit,,3996,159,21,159,9.44,5.66,2.17,3.25,20,2,0.7450076555023923,0.29508404197920945
3621,,after_candidate_limit,,3837,153,12,153,9.44,4.25,3,4.5,3,3,0.8200564593301436,0.29485912141275267
3622,,after_candidate_limit,,3160,126,10,126,5,3,0.5,0.75,3,1,0.8710052631578947,0.29476243313488154
3623,,after_candidate_limit,,3661,146,11,146,9.44,2.83,3,4.5,3,2,0.820044976076555,0.2945911522940739
3624,,after_candidate_limit,,865,34,15,34,12.78,11.5,3,4.5,6,1,0.832268899521531,0.2945648127493902
3625,,after_candidate_limit,,870,34,20,34,12.78,11.5,3,4.5,20,1,0.7395674641148325,0.29446734630734667
3626,,after_candidate_limit,,3210,128,10,128,5,3,0.5,2,3,1,0.8711306220095694,0.2943874354331309
3627,,after_candidate_limit,,3185,127,10,127,5,3,0.5,1.38,3,1,0.8710703349282297,0.29423224482067617
3628,,after_candidate_limit,,3997,159,22,159,9.44,5.66,2.17,3.25,20,3,0.7450181818181818,0.2938948369935133
3629,,after_candidate_limit,,3821,152,21,152,9.44,4.25,2.17,3.25,20,2,0.745033971291866,0.29380947150809084
3630,,after_candidate_limit,,3645,145,20,145,9.44,2.83,2.17,3.25,20,1,0.7449708133971292,0.29379080267856167
3631,,after_candidate_limit,,3637,145,12,145,9.44,2.83,2.17,3.25,3,3,0.8171617224880383,0.29366214637776994
3632,,after_candidate_limit,,720,28,20,28,12.78,11.5,0.5,0.75,20,1,0.8081645933014354,0.2935953339217151
3633,,after_candidate_limit,,2985,119,10,119,5,2.25,0.5,0.75,3,1,0.8709421052631579,0.29330264976346837
3634,,after_candidate_limit,,1472,58,22,58,13.89,12.5,0.5,2,20,3,0.8567224880382776,0.29299940367218
3635,,after_candidate_limit,,3361,134,11,134,5,4.5,0.5,1.38,3,2,0.8709650717703349,0.2925044267895344
3636,,after_candidate_limit,,3386,135,11,135,5,4.5,0.5,2,3,2,0.870967942583732,0.29246516380602317
3637,,after_candidate_limit,,2810,112,10,112,5,1.5,0.5,0.75,3,1,0.8709095693779905,0.2924239229458234
3638,,after_candidate_limit,,3662,146,12,146,9.44,2.83,3,4.5,3,3,0.8199339712918661,0.29221826360663455
3639,,after_candidate_limit,,3010,120,10,120,5,2.25,0.5,1.38,3,1,0.8709019138755981,0.2917235667541172
3640,,after_candidate_limit,,3035,121,10,121,5,2.25,0.5,2,3,1,0.8709028708133971,0.29165233386332934
3641,,after_candidate_limit,,3336,133,11,133,5,4.5,0.5,0.75,3,2,0.8709688995215311,0.2911806025885093
3642,,after_candidate_limit,,3646,145,21,145,9.44,2.83,2.17,3.25,20,2,0.7448138755980861,0.29106958454164833
3643,,after_candidate_limit,,3387,135,12,135,5,4.5,0.5,2,3,3,0.8708550239234449,0.2907398492395796
3644,,after_candidate_limit,,3362,134,12,134,5,4.5,0.5,1.38,3,3,0.8708531100478469,0.2906116441113744
3645,,after_candidate_limit,,3822,152,22,152,9.44,4.25,2.17,3.25,20,3,0.7447425837320574,0.29053170281950175
3646,,after_candidate_limit,,3161,126,11,126,5,3,0.5,0.75,3,2,0.8708511961722488,0.29035472727492667
3647,,after_candidate_limit,,3337,133,12,133,5,4.5,0.5,0.75,3,3,0.8708473684210526,0.2902573703112483
3648,,after_candidate_limit,,1546,61,21,61,13.89,12.5,2.17,3.25,20,2,0.7790885167464114,0.2902467399739576
3649,,after_candidate_limit,,3211,128,11,128,5,3,0.5,2,3,2,0.8708492822966507,0.29014486865223493
3650,,after_candidate_limit,,2835,113,10,113,5,1.5,0.5,1.38,3,1,0.8708148325358852,0.2901101590698285
3651,,after_candidate_limit,,3186,127,11,127,5,3,0.5,1.38,3,2,0.8708483253588517,0.2900444103343853
3652,,after_candidate_limit,,2860,114,10,114,5,1.5,0.5,2,3,1,0.8708081339712919,0.28960237634217767
3653,,after_candidate_limit,,2986,119,11,119,5,2.25,0.5,0.75,3,2,0.8708377990430622,0.2895055887903707
3654,,after_candidate_limit,,4163,166,13,166,9.44,8.5,2.17,3.25,3,8,0.8170306220095693,0.289377374895158
3655,,after_candidate_limit,,3212,128,12,128,5,3,0.5,2,3,3,0.8708119617224881,0.28888050948068283
3656,,after_candidate_limit,,3011,120,11,120,5,2.25,0.5,1.38,3,2,0.8707698564593301,0.2885464985101457
3657,,after_candidate_limit,,2811,112,11,112,5,1.5,0.5,0.75,3,2,0.8707526315789473,0.28848928710536603
3658,,after_candidate_limit,,3036,121,11,121,5,2.25,0.5,2,3,2,0.8707650717703349,0.28845625261154567
3659,,after_candidate_limit,,4188,167,13,167,9.44,8.5,3,4.5,3,8,0.8198363636363636,0.28830613208940453
3660,,after_candidate_limit,,3187,127,12,127,5,3,0.5,1.38,3,3,0.8707507177033493,0.28826774118202697
3661,,after_candidate_limit,,3162,126,12,126,5,3,0.5,0.75,3,3,0.8707363636363636,0.2881760306580286
3662,,after_candidate_limit,,2987,119,12,119,5,2.25,0.5,0.75,3,3,0.870722009569378,0.28773470661189354
3663,,after_candidate_limit,,2836,113,11,113,5,1.5,0.5,1.38,3,2,0.8707162679425837,0.28736673554248315
3664,,after_candidate_limit,,2861,114,11,114,5,1.5,0.5,2,3,2,0.8707153110047847,0.28727149744724506
3665,,after_candidate_limit,,2812,112,12,112,5,1.5,0.5,0.75,3,3,0.8707124401913876,0.287180526119722
3666,,after_candidate_limit,,3012,120,12,120,5,2.25,0.5,1.38,3,3,0.8707124401913876,0.287180526119722
3667,,after_candidate_limit,,3037,121,12,121,5,2.25,0.5,2,3,3,0.8707114832535885,0.287128578067774
3668,,after_candidate_limit,,3988,159,13,159,9.44,5.66,2.17,3.25,3,8,0.8170129186602871,0.28701888067907544
3669,,after_candidate_limit,,4164,166,14,166,9.44,8.5,2.17,3.25,3,15,0.817011004784689,0.2869763538166418
3670,,after_candidate_limit,,3638,145,13,145,9.44,2.83,2.17,3.25,3,8,0.8170100478468899,0.2869547321950202
3671,,after_candidate_limit,,3639,145,14,145,9.44,2.83,2.17,3.25,3,15,0.8170100478468899,0.2869547321950202
3672,,after_candidate_limit,,3813,152,13,152,9.44,4.25,2.17,3.25,3,8,0.8170100478468899,0.2869547321950202
3673,,after_candidate_limit,,3814,152,14,152,9.44,4.25,2.17,3.25,3,15,0.8170100478468899,0.2869547321950202
3674,,after_candidate_limit,,3989,159,14,159,9.44,5.66,2.17,3.25,3,15,0.8170100478468899,0.2869547321950202
3675,,after_candidate_limit,,3647,145,22,145,9.44,2.83,2.17,3.25,20,3,0.7444775119617225,0.28691001227245183
3676,,after_candidate_limit,,4170,166,20,166,9.44,8.5,2.17,3.25,20,1,0.7024229665071771,0.2865251297308462
3677,,after_candidate_limit,,2837,113,12,113,5,1.5,0.5,1.38,3,3,0.8707086124401914,0.28615000663920254
3678,,after_candidate_limit,,140,5,15,5,11.67,10.5,2.17,3.25,6,1,0.8204325358851675,0.2858150976489822
3679,,after_candidate_limit,,3998,159,23,159,9.44,5.66,2.17,3.25,20,8,0.744444019138756,0.28559480648277974
3680,,after_candidate_limit,,1515,60,15,60,13.89,12.5,1.33,3.67,6,1,0.8460904306220096,0.285557783596612
3681,,after_candidate_limit,,4013,160,13,160,9.44,5.66,3,4.5,3,8,0.8198023923444976,0.2855433576111098
3682,,after_candidate_limit,,3663,146,13,146,9.44,2.83,3,4.5,3,8,0.8198004784688995,0.2855044563615121
3683,,after_candidate_limit,,3664,146,14,146,9.44,2.83,3,4.5,3,15,0.8198004784688995,0.2855044563615121
3684,,after_candidate_limit,,3838,153,13,153,9.44,4.25,3,4.5,3,8,0.8198004784688995,0.2855044563615121
3685,,after_candidate_limit,,3839,153,14,153,9.44,4.25,3,4.5,3,15,0.8198004784688995,0.2855044563615121
3686,,after_candidate_limit,,4014,160,14,160,9.44,5.66,3,4.5,3,15,0.8198004784688995,0.2855044563615121
3687,,after_candidate_limit,,4189,167,14,167,9.44,8.5,3,4.5,3,15,0.8198004784688995,0.2855044563615121
3688,,after_candidate_limit,,165,6,15,6,11.67,10.5,3,4.5,6,1,0.8351693779904307,0.28547675214368956
3689,,after_candidate_limit,,3648,145,23,145,9.44,2.83,2.17,3.25,20,8,0.7444430622009569,0.28519480648277973
3690,,after_candidate_limit,,3649,145,24,145,9.44,2.83,2.17,3.25,20,15,0.7444430622009569,0.28519480648277973
3691,,after_candidate_limit,,3823,152,23,152,9.44,4.25,2.17,3.25,20,8,0.7444430622009569,0.28519480648277973
3692,,after_candidate_limit,,3824,152,24,152,9.44,4.25,2.17,3.25,20,15,0.7444430622009569,0.28519480648277973
3693,,after_candidate_limit,,3999,159,24,159,9.44,5.66,2.17,3.25,20,15,0.7444430622009569,0.28519480648277973
3694,,after_candidate_limit,,4173,166,23,166,9.44,8.5,2.17,3.25,20,8,0.7444760765550239,0.283784530866481
3695,,after_candidate_limit,,745,29,20,29,12.78,11.5,0.5,1.38,20,1,0.7983354066985646,0.2836341135614275
3696,,after_candidate_limit,,4174,166,24,166,9.44,8.5,2.17,3.25,20,15,0.7444430622009569,0.28359480648277974
3697,,after_candidate_limit,,2862,114,12,114,5,1.5,0.5,2,3,3,0.8707057416267943,0.28328333997253585
3698,,after_candidate_limit,,3338,133,13,133,5,4.5,0.5,0.75,3,8,0.8707057416267943,0.28328333997253585
3699,,after_candidate_limit,,3363,134,13,134,5,4.5,0.5,1.38,3,8,0.8707057416267943,0.28328333997253585
3700,,after_candidate_limit,,3388,135,13,135,5,4.5,0.5,2,3,8,0.8707057416267943,0.28328333997253585
3701,,after_candidate_limit,,1540,61,15,61,13.89,12.5,2.17,3.25,6,1,0.8443387559808613,0.2832529137812864
3702,,after_candidate_limit,,2813,112,13,112,5,1.5,0.5,0.75,3,8,0.8707047846889953,0.28320981056077116
3703,,after_candidate_limit,,2814,112,14,112,5,1.5,0.5,0.75,3,15,0.8707047846889953,0.28320981056077116
3704,,after_candidate_limit,,2838,113,13,113,5,1.5,0.5,1.38,3,8,0.8707047846889953,0.28320981056077116
3705,,after_candidate_limit,,2839,113,14,113,5,1.5,0.5,1.38,3,15,0.8707047846889953,0.28320981056077116
3706,,after_candidate_limit,,2863,114,13,114,5,1.5,0.5,2,3,8,0.8707047846889953,0.28320981056077116
3707,,after_candidate_limit,,2864,114,14,114,5,1.5,0.5,2,3,15,0.8707047846889953,0.28320981056077116
3708,,after_candidate_limit,,2988,119,13,119,5,2.25,0.5,0.75,3,8,0.8707047846889953,0.28320981056077116
3709,,after_candidate_limit,,2989,119,14,119,5,2.25,0.5,0.75,3,15,0.8707047846889953,0.28320981056077116
3710,,after_candidate_limit,,3013,120,13,120,5,2.25,0.5,1.38,3,8,0.8707047846889953,0.28320981056077116
3711,,after_candidate_limit,,3014,120,14,120,5,2.25,0.5,1.38,3,15,0.8707047846889953,0.28320981056077116
3712,,after_candidate_limit,,3038,121,13,121,5,2.25,0.5,2,3,8,0.8707047846889953,0.28320981056077116
3713,,after_candidate_limit,,3039,121,14,121,5,2.25,0.5,2,3,15,0.8707047846889953,0.28320981056077116
3714,,after_candidate_limit,,3163,126,13,126,5,3,0.5,0.75,3,8,0.8707047846889953,0.28320981056077116
3715,,after_candidate_limit,,3164,126,14,126,5,3,0.5,0.75,3,15,0.8707047846889953,0.28320981056077116
3716,,after_candidate_limit,,3188,127,13,127,5,3,0.5,1.38,3,8,0.8707047846889953,0.28320981056077116
3717,,after_candidate_limit,,3189,127,14,127,5,3,0.5,1.38,3,15,0.8707047846889953,0.28320981056077116
3718,,after_candidate_limit,,3213,128,13,128,5,3,0.5,2,3,8,0.8707047846889953,0.28320981056077116
3719,,after_candidate_limit,,3214,128,14,128,5,3,0.5,2,3,15,0.8707047846889953,0.28320981056077116
3720,,after_candidate_limit,,3339,133,14,133,5,4.5,0.5,0.75,3,15,0.8707047846889953,0.28320981056077116
3721,,after_candidate_limit,,3364,134,14,134,5,4.5,0.5,1.38,3,15,0.8707047846889953,0.28320981056077116
3722,,after_candidate_limit,,3389,135,14,135,5,4.5,0.5,2,3,15,0.8707047846889953,0.28320981056077116
3723,,after_candidate_limit,,1496,59,21,59,13.89,12.5,1.33,2,20,2,0.7702799043062201,0.2831493962571429
3724,,after_candidate_limit,,1421,56,21,56,13.89,12.5,0.5,0.75,20,2,0.8417052631578947,0.2806930761651507
3725,,after_candidate_limit,,1571,62,21,62,13.89,12.5,3,4.5,20,2,0.7639019138755981,0.2800056409246646
3726,,after_candidate_limit,,4015,160,15,160,9.44,5.66,3,4.5,6,1,0.7812846889952153,0.27989712400570865
3727,,after_candidate_limit,,1521,60,21,60,13.89,12.5,1.33,3.67,20,2,0.7654401913875598,0.27945258960731956
3728,,after_candidate_limit,,1565,62,15,62,13.89,12.5,3,4.5,6,1,0.8446602870813397,0.27669886328080107
3729,,after_candidate_limit,,1495,59,20,59,13.89,12.5,1.33,2,20,1,0.7165358851674641,0.27548881499637695
3730,,after_candidate_limit,,4171,166,21,166,9.44,8.5,2.17,3.25,20,2,0.7294717703349283,0.27525641627618963
3731,,after_candidate_limit,,1545,61,20,61,13.89,12.5,2.17,3.25,20,1,0.7216354066985646,0.27370634407560845
3732,,after_candidate_limit,,770,30,20,30,12.78,11.5,0.5,2,20,1,0.7851397129186602,0.2735107474416677
3733,,after_candidate_limit,,4192,167,17,167,9.44,8.5,3,4.5,6,3,0.7803435406698565,0.2725735688105434
3734,,after_candidate_limit,,4172,166,22,166,9.44,8.5,2.17,3.25,20,3,0.7317894736842105,0.27200039408382726
3735,,after_candidate_limit,,3840,153,15,153,9.44,4.25,3,4.5,6,1,0.7804444976076556,0.2716610911644648
3736,,after_candidate_limit,,1446,57,21,57,13.89,12.5,0.5,1.38,20,2,0.8325382775119617,0.2715343971525809
3737,,after_candidate_limit,,4016,160,16,160,9.44,5.66,3,4.5,6,2,0.780333014354067,0.27146375321932215
3738,,after_candidate_limit,,4017,160,17,160,9.44,5.66,3,4.5,6,3,0.7802133971291866,0.27052542027294335
3739,,after_candidate_limit,,3665,146,15,146,9.44,2.83,3,4.5,6,1,0.7802856459330143,0.27044565647399177
3740,,after_candidate_limit,,3841,153,16,153,9.44,4.25,3,4.5,6,2,0.7802483253588517,0.27029827046047805
3741,,after_candidate_limit,,3842,153,17,153,9.44,4.25,3,4.5,6,3,0.7801641148325359,0.26891963101103966
3742,,after_candidate_limit,,3666,146,16,146,9.44,2.83,3,4.5,6,2,0.7801507177033493,0.2683983760804034
3743,,after_candidate_limit,,1520,60,20,60,13.89,12.5,1.33,3.67,20,1,0.715577033492823,0.26710531261307785
3744,,after_candidate_limit,,3667,146,17,146,9.44,2.83,3,4.5,6,3,0.7800712918660287,0.2667160744762125
3745,,after_candidate_limit,,4191,167,16,167,9.44,8.5,3,4.5,6,2,0.7730143540669856,0.26626269314452716
3746,,after_candidate_limit,,1570,62,20,62,13.89,12.5,3,4.5,20,1,0.7102602870813397,0.2660862885596066
3747,,after_candidate_limit,,3990,159,15,159,9.44,5.66,2.17,3.25,6,1,0.756721052631579,0.2656272034466701
3748,,after_candidate_limit,,4193,167,18,167,9.44,8.5,3,4.5,6,8,0.7800411483253589,0.26505996440350765
3749,,after_candidate_limit,,3668,146,18,146,9.44,2.83,3,4.5,6,8,0.7800205741626794,0.2633361615406826
3750,,after_candidate_limit,,3669,146,19,146,9.44,2.83,3,4.5,6,15,0.7800205741626794,0.2633361615406826
3751,,after_candidate_limit,,3843,153,18,153,9.44,4.25,3,4.5,6,8,0.7800205741626794,0.2633361615406826
3752,,after_candidate_limit,,3844,153,19,153,9.44,4.25,3,4.5,6,15,0.7800205741626794,0.2633361615406826
3753,,after_candidate_limit,,4018,160,18,160,9.44,5.66,3,4.5,6,8,0.7800205741626794,0.2633361615406826
3754,,after_candidate_limit,,4019,160,19,160,9.44,5.66,3,4.5,6,15,0.7800205741626794,0.2633361615406826
3755,,after_candidate_limit,,4194,167,19,167,9.44,8.5,3,4.5,6,15,0.7800205741626794,0.2633361615406826
3756,,after_candidate_limit,,1471,58,21,58,13.89,12.5,0.5,2,20,2,0.8214956937799043,0.26312175907098884
3757,,after_candidate_limit,,4167,166,17,166,9.44,8.5,2.17,3.25,6,3,0.7559401913875599,0.26124511199041006
3758,,after_candidate_limit,,2197,87,22,87,15,13.5,1.33,2,20,3,0.8203641148325359,0.2596995663436041
3759,,after_candidate_limit,,1420,56,20,56,13.89,12.5,0.5,0.75,20,1,0.8022918660287082,0.2588946836573568
3760,,after_candidate_limit,,3815,152,15,152,9.44,4.25,2.17,3.25,6,1,0.755922966507177,0.25777320471798437
3761,,after_candidate_limit,,4190,167,15,167,9.44,8.5,3,4.5,6,1,0.7642966507177034,0.25767046465448346
3762,,after_candidate_limit,,3991,159,16,159,9.44,5.66,2.17,3.25,6,2,0.7558114832535885,0.2564998820003047
3763,,after_candidate_limit,,3992,159,17,159,9.44,5.66,2.17,3.25,6,3,0.7556755980861244,0.2554076632708469
3764,,after_candidate_limit,,3640,145,15,145,9.44,2.83,2.17,3.25,6,1,0.7557320574162679,0.2552440960356539
3765,,after_candidate_limit,,2122,84,22,84,15,13.5,0.5,0.75,20,3,0.8395550239234449,0.25517874153793674
3766,,after_candidate_limit,,3816,152,16,152,9.44,4.25,2.17,3.25,6,2,0.7557172248803827,0.25508687125617774
3767,,after_candidate_limit,,4166,166,16,166,9.44,8.5,2.17,3.25,6,2,0.7487205741626795,0.25393096085576605
3768,,after_candidate_limit,,3817,152,17,152,9.44,4.25,2.17,3.25,6,3,0.7556205741626795,0.25360909176912316
3769,,after_candidate_limit,,3641,145,16,145,9.44,2.83,2.17,3.25,6,2,0.7556062200956938,0.25300381485289214
3770,,after_candidate_limit,,3642,145,17,145,9.44,2.83,2.17,3.25,6,3,0.7555488038277512,0.25144638689491094
3771,,after_candidate_limit,,2147,85,22,85,15,13.5,0.5,1.38,20,3,0.8160736842105263,0.2513039846391173
3772,,after_candidate_limit,,4168,166,18,166,9.44,8.5,2.17,3.25,6,8,0.7554736842105263,0.24928759610664916
3773,,after_candidate_limit,,2222,88,22,88,15,13.5,1.33,3.67,20,3,0.8055038277511962,0.24909263748102975
3774,,after_candidate_limit,,2172,86,22,86,15,13.5,0.5,2,20,3,0.8124574162679425,0.24895993553661583
3775,,after_candidate_limit,,3643,145,18,145,9.44,2.83,2.17,3.25,6,8,0.7554626794258373,0.2476684355665328
3776,,after_candidate_limit,,3644,145,19,145,9.44,2.83,2.17,3.25,6,15,0.7554626794258373,0.2476684355665328
3777,,after_candidate_limit,,3818,152,18,152,9.44,4.25,2.17,3.25,6,8,0.7554626794258373,0.2476684355665328
3778,,after_candidate_limit,,3819,152,19,152,9.44,4.25,2.17,3.25,6,15,0.7554626794258373,0.2476684355665328
3779,,after_candidate_limit,,3993,159,18,159,9.44,5.66,2.17,3.25,6,8,0.7554626794258373,0.2476684355665328
3780,,after_candidate_limit,,3994,159,19,159,9.44,5.66,2.17,3.25,6,15,0.7554626794258373,0.2476684355665328
3781,,after_candidate_limit,,4169,166,19,166,9.44,8.5,2.17,3.25,6,15,0.7554626794258373,0.2476684355665328
3782,,after_candidate_limit,,2220,88,20,88,15,13.5,1.33,3.67,20,1,0.7261856459330144,0.2456817458702628
3783,,after_candidate_limit,,3420,136,20,136,5,4.5,1.33,2,20,1,0.6625133971291866,0.2449190315968684
3784,,after_candidate_limit,,3400,136,0,136,5,4.5,1.33,2,1,1,0.8426200956937799,0.242858198674922
3785,,after_candidate_limit,,3425,137,0,137,5,4.5,1.33,3.67,1,1,0.8425425837320574,0.24270266158782433
3786,,after_candidate_limit,,3445,137,20,137,5,4.5,1.33,3.67,20,1,0.6625636363636364,0.2418963207902999
3787,,after_candidate_limit,,2221,88,21,88,15,13.5,1.33,3.67,20,2,0.7795435406698564,0.24163543980869656
3788,,after_candidate_limit,,4165,166,15,166,9.44,8.5,2.17,3.25,6,1,0.7339799043062201,0.2406735934476823
3789,,after_candidate_limit,,2195,87,20,87,15,13.5,1.33,2,20,1,0.7313224880382775,0.2399828666272705
3790,,after_candidate_limit,,3225,129,0,129,5,3,1.33,2,1,1,0.842333971291866,0.23992014424503155
3791,,after_candidate_limit,,3250,130,0,130,5,3,1.33,3.67,1,1,0.8423406698564593,0.2396880409922165
3792,,after_candidate_limit,,3401,136,1,136,5,4.5,1.33,2,1,2,0.8422755980861244,0.23963612020782565
3793,,after_candidate_limit,,3050,122,0,122,5,2.25,1.33,2,1,1,0.8422626794258373,0.23957356380912007
3794,,after_candidate_limit,,3075,123,0,123,5,2.25,1.33,3.67,1,1,0.8422746411483254,0.23955310857960094
3795,,after_candidate_limit,,3426,137,1,137,5,4.5,1.33,3.67,1,2,0.8422842105263157,0.23911213834312314
3796,,after_candidate_limit,,2875,115,0,115,5,1.5,1.33,2,1,1,0.8421976076555024,0.2390428017233762
3797,,after_candidate_limit,,2272,90,22,90,15,13.5,3,4.5,20,3,0.7885454545454545,0.23903333604571944
3798,,after_candidate_limit,,2247,89,22,89,15,13.5,2.17,3.25,20,3,0.7764076555023923,0.2388762671635471
3799,,after_candidate_limit,,2196,87,21,87,15,13.5,1.33,2,20,2,0.7773071770334928,0.23862950819547452
3800,,after_candidate_limit,,3245,129,20,129,5,3,1.33,2,20,1,0.6622650717703349,0.23856621916807935
3801,,after_candidate_limit,,3427,137,2,137,5,4.5,1.33,3.67,1,3,0.8421923444976076,0.23852223991592783
3802,,after_candidate_limit,,3270,130,20,130,5,3,1.33,3.67,20,1,0.6622511961722488,0.23850812388203177
3803,,after_candidate_limit,,3402,136,2,136,5,4.5,1.33,2,1,3,0.8421770334928229,0.2384300536968616
3804,,after_candidate_limit,,3226,129,1,129,5,3,1.33,2,1,2,0.8421665071770335,0.23829426765938486
3805,,after_candidate_limit,,3251,130,1,130,5,3,1.33,3.67,1,2,0.8421818181818181,0.23829355549620854
3806,,after_candidate_limit,,2900,116,0,116,5,1.5,1.33,3.67,1,1,0.8421741626794258,0.23821564533482445
3807,,after_candidate_limit,,3095,123,20,123,5,2.25,1.33,3.67,20,1,0.6621583732057417,0.23794275345043983
3808,,after_candidate_limit,,3051,122,1,122,5,2.25,1.33,2,1,2,0.8421081339712919,0.23778182196675351
3809,,after_candidate_limit,,3070,122,20,122,5,2.25,1.33,2,20,1,0.6621775119617225,0.2377393883006795
3810,,after_candidate_limit,,3227,129,2,129,5,3,1.33,2,1,3,0.8421014354066986,0.23771734108558673
3811,,after_candidate_limit,,3252,130,2,130,5,3,1.33,3.67,1,3,0.8421004784688996,0.23770941980879493
3812,,after_candidate_limit,,3076,123,1,123,5,2.25,1.33,3.67,1,2,0.8421023923444976,0.23760749681677792
3813,,after_candidate_limit,,3446,137,21,137,5,4.5,1.33,3.67,20,2,0.6623416267942583,0.23755975414563624
3814,,after_candidate_limit,,3421,136,21,136,5,4.5,1.33,2,20,2,0.662266985645933,0.23748757834466688
3815,,after_candidate_limit,,2876,115,1,115,5,1.5,1.33,2,1,2,0.8420516746411483,0.23705113308973697
3816,,after_candidate_limit,,3052,122,2,122,5,2.25,1.33,2,1,3,0.8420411483253588,0.23696951672968952
3817,,after_candidate_limit,,3447,137,22,137,5,4.5,1.33,3.67,20,3,0.6621650717703349,0.23677003282111836
3818,,after_candidate_limit,,3422,136,22,136,5,4.5,1.33,2,20,3,0.6621593301435407,0.23671602296534155
3819,,after_candidate_limit,,2901,116,1,116,5,1.5,1.33,3.67,1,2,0.8420306220095694,0.23653243895757953
3820,,after_candidate_limit,,3246,129,21,129,5,3,1.33,2,20,2,0.6621315789473684,0.2364012561675491
3821,,after_candidate_limit,,3271,130,21,130,5,3,1.33,3.67,20,2,0.6621229665071771,0.23619774311423836
3822,,after_candidate_limit,,3077,123,2,123,5,2.25,1.33,3.67,1,3,0.8419952153110047,0.23599696997315486
3823,,after_candidate_limit,,2895,115,20,115,5,1.5,1.33,2,20,1,0.6620971291866029,0.235798138101729
3824,,after_candidate_limit,,3247,129,22,129,5,3,1.33,2,20,3,0.6620684210526315,0.23539043004377821
3825,,after_candidate_limit,,1445,57,20,57,13.89,12.5,0.5,1.38,20,1,0.7741014354066985,0.2353177505451013
3826,,after_candidate_limit,,3272,130,22,130,5,3,1.33,3.67,20,3,0.6620645933014354,0.23527978792865073
3827,,after_candidate_limit,,3071,122,21,122,5,2.25,1.33,2,20,2,0.6620598086124402,0.23515053842771177
3828,,after_candidate_limit,,1470,58,20,58,13.89,12.5,0.5,2,20,1,0.7714186602870814,0.2349990285423399
3829,,after_candidate_limit,,2920,116,20,116,5,1.5,1.33,3.67,20,1,0.6620722488038278,0.23487938609755563
3830,,after_candidate_limit,,2877,115,2,115,5,1.5,1.33,2,1,3,0.8419837320574163,0.23467917214284678
3831,,after_candidate_limit,,3096,123,21,123,5,2.25,1.33,3.67,20,2,0.6620416267942584,0.23448164823771972
3832,,after_candidate_limit,,3072,122,22,122,5,2.25,1.33,2,20,3,0.6619535885167465,0.23429157372002576
3833,,after_candidate_limit,,2878,115,3,115,5,1.5,1.33,2,1,8,0.8419822966507177,0.23389583880951345
3834,,after_candidate_limit,,2879,115,4,115,5,1.5,1.33,2,1,15,0.8419822966507177,0.23389583880951345
3835,,after_candidate_limit,,2902,116,2,116,5,1.5,1.33,3.67,1,3,0.8419822966507177,0.23389583880951345
3836,,after_candidate_limit,,2903,116,3,116,5,1.5,1.33,3.67,1,8,0.8419822966507177,0.23389583880951345
3837,,after_candidate_limit,,2904,116,4,116,5,1.5,1.33,3.67,1,15,0.8419822966507177,0.23389583880951345
3838,,after_candidate_limit,,3053,122,3,122,5,2.25,1.33,2,1,8,0.8419822966507177,0.23389583880951345
3839,,after_candidate_limit,,3054,122,4,122,5,2.25,1.33,2,1,15,0.8419822966507177,0.23389583880951345
3840,,after_candidate_limit,,3078,123,3,123,5,2.25,1.33,3.67,1,8,0.8419822966507177,0.23389583880951345
3841,,after_candidate_limit,,3079,123,4,123,5,2.25,1.33,3.67,1,15,0.8419822966507177,0.23389583880951345
3842,,after_candidate_limit,,3228,129,3,129,5,3,1.33,2,1,8,0.8419822966507177,0.23389583880951345
3843,,after_candidate_limit,,3229,129,4,129,5,3,1.33,2,1,15,0.8419822966507177,0.23389583880951345
3844,,after_candidate_limit,,3253,130,3,130,5,3,1.33,3.67,1,8,0.8419822966507177,0.23389583880951345
3845,,after_candidate_limit,,3254,130,4,130,5,3,1.33,3.67,1,15,0.8419822966507177,0.23389583880951345
3846,,after_candidate_limit,,3403,136,3,136,5,4.5,1.33,2,1,8,0.8419822966507177,0.23389583880951345
3847,,after_candidate_limit,,3404,136,4,136,5,4.5,1.33,2,1,15,0.8419822966507177,0.23389583880951345
3848,,after_candidate_limit,,3428,137,3,137,5,4.5,1.33,3.67,1,8,0.8419822966507177,0.23389583880951345
3849,,after_candidate_limit,,3429,137,4,137,5,4.5,1.33,3.67,1,15,0.8419822966507177,0.23389583880951345
3850,,after_candidate_limit,,3097,123,22,123,5,2.25,1.33,3.67,20,3,0.6618933014354067,0.23319561791691704
3851,,after_candidate_limit,,2271,90,21,90,15,13.5,3,4.5,20,2,0.7499856459330143,0.23318834458693954
3852,,after_candidate_limit,,2921,116,21,116,5,1.5,1.33,3.67,20,2,0.661854066985646,0.23255005975793525
3853,,after_candidate_limit,,2896,115,21,115,5,1.5,1.33,2,20,2,0.661878947368421,0.23229021375704348
3854,,after_candidate_limit,,2270,90,20,90,15,13.5,3,4.5,20,1,0.6961263157894737,0.23207284043529133
3855,,after_candidate_limit,,2897,115,22,115,5,1.5,1.33,2,20,3,0.6617928229665072,0.22936238837941103
3856,,after_candidate_limit,,2922,116,22,116,5,1.5,1.33,3.67,20,3,0.6617928229665072,0.22936238837941103
3857,,after_candidate_limit,,2898,115,23,115,5,1.5,1.33,2,20,8,0.6617923444976077,0.22925712522151626
3858,,after_candidate_limit,,2899,115,24,115,5,1.5,1.33,2,20,15,0.6617923444976077,0.22925712522151626
3859,,after_candidate_limit,,2923,116,23,116,5,1.5,1.33,3.67,20,8,0.6617923444976077,0.22925712522151626
3860,,after_candidate_limit,,2924,116,24,116,5,1.5,1.33,3.67,20,15,0.6617923444976077,0.22925712522151626
3861,,after_candidate_limit,,3073,122,23,122,5,2.25,1.33,2,20,8,0.6617923444976077,0.22925712522151626
3862,,after_candidate_limit,,3074,122,24,122,5,2.25,1.33,2,20,15,0.6617923444976077,0.22925712522151626
3863,,after_candidate_limit,,3098,123,23,123,5,2.25,1.33,3.67,20,8,0.6617923444976077,0.22925712522151626
3864,,after_candidate_limit,,3099,123,24,123,5,2.25,1.33,3.67,20,15,0.6617923444976077,0.22925712522151626
3865,,after_candidate_limit,,3248,129,23,129,5,3,1.33,2,20,8,0.6617923444976077,0.22925712522151626
3866,,after_candidate_limit,,3249,129,24,129,5,3,1.33,2,20,15,0.6617923444976077,0.22925712522151626
3867,,after_candidate_limit,,3273,130,23,130,5,3,1.33,3.67,20,8,0.6617923444976077,0.22925712522151626
3868,,after_candidate_limit,,3274,130,24,130,5,3,1.33,3.67,20,15,0.6617923444976077,0.22925712522151626
3869,,after_candidate_limit,,3423,136,23,136,5,4.5,1.33,2,20,8,0.6617923444976077,0.22925712522151626
3870,,after_candidate_limit,,3424,136,24,136,5,4.5,1.33,2,20,15,0.6617923444976077,0.22925712522151626
3871,,after_candidate_limit,,3448,137,23,137,5,4.5,1.33,3.67,20,8,0.6617923444976077,0.22925712522151626
3872,,after_candidate_limit,,3449,137,24,137,5,4.5,1.33,3.67,20,15,0.6617923444976077,0.22925712522151626
3873,,after_candidate_limit,,2246,89,21,89,15,13.5,2.17,3.25,20,2,0.7386909090909091,0.22891133918752665
3874,,after_candidate_limit,,2121,84,21,84,15,13.5,0.5,0.75,20,2,0.8112267942583732,0.2286653883032517
3875,,after_candidate_limit,,2245,89,20,89,15,13.5,2.17,3.25,20,1,0.674134928229665,0.22024661840587278
3876,,after_candidate_limit,,2146,85,21,85,15,13.5,0.5,1.38,20,2,0.7835071770334928,0.2181050417024651
3877,,after_candidate_limit,,3415,136,15,136,5,4.5,1.33,2,6,1,0.6613564593301435,0.2114108894372507
3878,,after_candidate_limit,,3450,138,0,138,5,4.5,2.17,3.25,1,1,0.7566593301435407,0.21029597733043368
3879,,after_candidate_limit,,3440,137,15,137,5,4.5,1.33,3.67,6,1,0.6612928229665072,0.21000813938824642
3880,,after_candidate_limit,,2171,86,21,86,15,13.5,0.5,2,20,2,0.7739990430622009,0.20777800784179126
3881,,after_candidate_limit,,3240,129,15,129,5,3,1.33,2,6,1,0.6611521531100478,0.2075579236659254
3882,,after_candidate_limit,,3265,130,15,130,5,3,1.33,3.67,6,1,0.6611368421052631,0.20742815259474756
3883,,after_candidate_limit,,3441,137,16,137,5,4.5,1.33,3.67,6,2,0.6611526315789473,0.2072454555680134
3884,,after_candidate_limit,,3416,136,16,136,5,4.5,1.33,2,6,2,0.6611483253588517,0.20715437203216752
3885,,after_candidate_limit,,3275,131,0,131,5,3,2.17,3.25,1,1,0.7564545454545455,0.20688302071802983
3886,,after_candidate_limit,,3100,124,0,124,5,2.25,2.17,3.25,1,1,0.7564215311004785,0.20673725211190203
3887,,after_candidate_limit,,3451,138,1,138,5,4.5,2.17,3.25,1,2,0.7564253588516746,0.20631123881587102
3888,,after_candidate_limit,,3452,138,2,138,5,4.5,2.17,3.25,1,3,0.7563468899521532,0.2057712891036013
3889,,after_candidate_limit,,2925,117,0,117,5,1.5,2.17,3.25,1,1,0.7563315789473685,0.20562935580059888
3890,,after_candidate_limit,,3276,131,1,131,5,3,2.17,3.25,1,2,0.7563325358851675,0.20553597906324853
3891,,after_candidate_limit,,3090,123,15,123,5,2.25,1.33,3.67,6,1,0.6609837320574162,0.20517038633248152
3892,,after_candidate_limit,,3065,122,15,122,5,2.25,1.33,2,6,1,0.6609909090909091,0.20511905791859103
3893,,after_candidate_limit,,3277,131,2,131,5,3,2.17,3.25,1,3,0.7562588516746411,0.20497694611705153
3894,,after_candidate_limit,,3101,124,1,124,5,2.25,2.17,3.25,1,2,0.7562626794258374,0.20489242191636123
3895,,after_candidate_limit,,2915,116,15,116,5,1.5,1.33,3.67,6,1,0.6609856459330143,0.20474439939194392
3896,,after_candidate_limit,,3442,137,17,137,5,4.5,1.33,3.67,6,3,0.6609569377990431,0.20442216455422416
3897,,after_candidate_limit,,3241,129,16,129,5,3,1.33,2,6,2,0.6609559808612441,0.20439656291571928
3898,,after_candidate_limit,,3417,136,17,136,5,4.5,1.33,2,6,3,0.6609559808612441,0.20439656291571928
3899,,after_candidate_limit,,3266,130,16,130,5,3,1.33,3.67,6,2,0.660954066985646,0.20434519082012523
3900,,after_candidate_limit,,3267,130,17,130,5,3,1.33,3.67,6,3,0.660954066985646,0.20434519082012523
3901,,after_candidate_limit,,3242,129,17,129,5,3,1.33,2,6,3,0.6609492822966507,0.2041014107439922
3902,,after_candidate_limit,,2926,117,1,117,5,1.5,2.17,3.25,1,2,0.7561947368421053,0.2040050624821854
3903,,after_candidate_limit,,3102,124,2,124,5,2.25,2.17,3.25,1,3,0.7561622009569378,0.2036407460242521
3904,,after_candidate_limit,,2120,84,20,84,15,13.5,0.5,0.75,20,1,0.7523942583732057,0.20341583182160813
3905,,after_candidate_limit,,2890,115,15,115,5,1.5,1.33,2,6,1,0.6608143540669856,0.20262999602788467
3906,,after_candidate_limit,,3066,122,16,122,5,2.25,1.33,2,6,2,0.6607856459330144,0.2022507666241104
3907,,after_candidate_limit,,3091,123,16,123,5,2.25,1.33,3.67,6,2,0.6607856459330144,0.2022507666241104
3908,,after_candidate_limit,,2891,115,16,115,5,1.5,1.33,2,6,2,0.6607808612440191,0.2020358086031152
3909,,after_candidate_limit,,2892,115,17,115,5,1.5,1.33,2,6,3,0.6607808612440191,0.2020358086031152
3910,,after_candidate_limit,,2893,115,18,115,5,1.5,1.33,2,6,8,0.6607808612440191,0.2020358086031152
3911,,after_candidate_limit,,2894,115,19,115,5,1.5,1.33,2,6,15,0.6607808612440191,0.2020358086031152
3912,,after_candidate_limit,,2916,116,16,116,5,1.5,1.33,3.67,6,2,0.6607808612440191,0.2020358086031152
3913,,after_candidate_limit,,2917,116,17,116,5,1.5,1.33,3.67,6,3,0.6607808612440191,0.2020358086031152
3914,,after_candidate_limit,,2918,116,18,116,5,1.5,1.33,3.67,6,8,0.6607808612440191,0.2020358086031152
3915,,after_candidate_limit,,2919,116,19,116,5,1.5,1.33,3.67,6,15,0.6607808612440191,0.2020358086031152
3916,,after_candidate_limit,,3067,122,17,122,5,2.25,1.33,2,6,3,0.6607808612440191,0.2020358086031152
3917,,after_candidate_limit,,3068,122,18,122,5,2.25,1.33,2,6,8,0.6607808612440191,0.2020358086031152
3918,,after_candidate_limit,,3069,122,19,122,5,2.25,1.33,2,6,15,0.6607808612440191,0.2020358086031152
3919,,after_candidate_limit,,3092,123,17,123,5,2.25,1.33,3.67,6,3,0.6607808612440191,0.2020358086031152
3920,,after_candidate_limit,,3093,123,18,123,5,2.25,1.33,3.67,6,8,0.6607808612440191,0.2020358086031152
3921,,after_candidate_limit,,3094,123,19,123,5,2.25,1.33,3.67,6,15,0.6607808612440191,0.2020358086031152
3922,,after_candidate_limit,,3243,129,18,129,5,3,1.33,2,6,8,0.6607808612440191,0.2020358086031152
3923,,after_candidate_limit,,3244,129,19,129,5,3,1.33,2,6,15,0.6607808612440191,0.2020358086031152
3924,,after_candidate_limit,,3268,130,18,130,5,3,1.33,3.67,6,8,0.6607808612440191,0.2020358086031152
3925,,after_candidate_limit,,3269,130,19,130,5,3,1.33,3.67,6,15,0.6607808612440191,0.2020358086031152
3926,,after_candidate_limit,,3418,136,18,136,5,4.5,1.33,2,6,8,0.6607808612440191,0.2020358086031152
3927,,after_candidate_limit,,3419,136,19,136,5,4.5,1.33,2,6,15,0.6607808612440191,0.2020358086031152
3928,,after_candidate_limit,,3443,137,18,137,5,4.5,1.33,3.67,6,8,0.6607808612440191,0.2020358086031152
3929,,after_candidate_limit,,3444,137,19,137,5,4.5,1.33,3.67,6,15,0.6607808612440191,0.2020358086031152
3930,,after_candidate_limit,,2927,117,2,117,5,1.5,2.17,3.25,1,3,0.756143062200957,0.201283004959301
3931,,after_candidate_limit,,2928,117,3,117,5,1.5,2.17,3.25,1,8,0.7561425837320574,0.20116633829263433
3932,,after_candidate_limit,,2929,117,4,117,5,1.5,2.17,3.25,1,15,0.7561425837320574,0.20116633829263433
3933,,after_candidate_limit,,3103,124,3,124,5,2.25,2.17,3.25,1,8,0.7561425837320574,0.20116633829263433
3934,,after_candidate_limit,,3104,124,4,124,5,2.25,2.17,3.25,1,15,0.7561425837320574,0.20116633829263433
3935,,after_candidate_limit,,3278,131,3,131,5,3,2.17,3.25,1,8,0.7561425837320574,0.20116633829263433
3936,,after_candidate_limit,,3279,131,4,131,5,3,2.17,3.25,1,15,0.7561425837320574,0.20116633829263433
3937,,after_candidate_limit,,3453,138,3,138,5,4.5,2.17,3.25,1,8,0.7561425837320574,0.20116633829263433
3938,,after_candidate_limit,,3454,138,4,138,5,4.5,2.17,3.25,1,15,0.7561425837320574,0.20116633829263433
3939,,after_candidate_limit,,3475,139,0,139,5,4.5,3,4.5,1,1,0.6945894736842105,0.18939224459223392
3940,,after_candidate_limit,,2145,85,20,85,15,13.5,0.5,1.38,20,1,0.7353205741626794,0.18916290765170715
3941,,after_candidate_limit,,3300,132,0,132,5,3,3,4.5,1,1,0.6944311004784689,0.18747323727574022
3942,,after_candidate_limit,,3125,125,0,125,5,2.25,3,4.5,1,1,0.6943880382775119,0.18744186747865615
3943,,after_candidate_limit,,3476,139,1,139,5,4.5,3,4.5,1,2,0.6943985645933014,0.18701335798730218
3944,,after_candidate_limit,,3477,139,2,139,5,4.5,3,4.5,1,3,0.6943287081339713,0.18646864507546135
3945,,after_candidate_limit,,3301,132,1,132,5,3,3,4.5,1,2,0.6943124401913876,0.1862040233391018
3946,,after_candidate_limit,,2950,118,0,118,5,1.5,3,4.5,1,1,0.6943105263157895,0.18616167160973068
3947,,after_candidate_limit,,3302,132,2,132,5,3,3,4.5,1,3,0.6942377990430622,0.18566793238226076
3948,,after_candidate_limit,,3126,125,1,125,5,2.25,3,4.5,1,2,0.6942406698564594,0.18553261666741538
3949,,after_candidate_limit,,2951,118,1,118,5,1.5,3,4.5,1,2,0.6941698564593302,0.18429247641203422
3950,,after_candidate_limit,,3127,125,2,125,5,2.25,3,4.5,1,3,0.6941296650717703,0.1835283039635326
3951,,after_candidate_limit,,2952,118,2,118,5,1.5,3,4.5,1,3,0.6941229665071771,0.18200615609845835
3952,,after_candidate_limit,,2953,118,3,118,5,1.5,3,4.5,1,8,0.6941229665071771,0.18200615609845835
3953,,after_candidate_limit,,2954,118,4,118,5,1.5,3,4.5,1,15,0.6941229665071771,0.18200615609845835
3954,,after_candidate_limit,,3128,125,3,125,5,2.25,3,4.5,1,8,0.6941229665071771,0.18200615609845835
3955,,after_candidate_limit,,3129,125,4,125,5,2.25,3,4.5,1,15,0.6941229665071771,0.18200615609845835
3956,,after_candidate_limit,,3303,132,3,132,5,3,3,4.5,1,8,0.6941229665071771,0.18200615609845835
3957,,after_candidate_limit,,3304,132,4,132,5,3,3,4.5,1,15,0.6941229665071771,0.18200615609845835
3958,,after_candidate_limit,,3478,139,3,139,5,4.5,3,4.5,1,8,0.6941229665071771,0.18200615609845835
3959,,after_candidate_limit,,3479,139,4,139,5,4.5,3,4.5,1,15,0.6941229665071771,0.18200615609845835
3960,,after_candidate_limit,,2170,86,20,86,15,13.5,0.5,2,20,1,0.7116315789473684,0.17730911786803283
3961,,after_candidate_limit,,3405,136,5,136,5,4.5,1.33,2,2,1,0.7534956937799043,0.17471639618663662
3962,,after_candidate_limit,,3430,137,5,137,5,4.5,1.33,3.67,2,1,0.7535033492822967,0.17362429280452693
3963,,after_candidate_limit,,3255,130,5,130,5,3,1.33,3.67,2,1,0.7534153110047846,0.1718942739414562
3964,,after_candidate_limit,,3230,129,5,129,5,3,1.33,2,2,1,0.7534153110047846,0.17187514838043894
3965,,after_candidate_limit,,3406,136,6,136,5,4.5,1.33,2,2,2,0.7533818181818182,0.17162471386613412
3966,,after_candidate_limit,,3431,137,6,137,5,4.5,1.33,3.67,2,2,0.7533837320574163,0.1716179150222394
3967,,after_candidate_limit,,3055,122,5,122,5,2.25,1.33,2,2,1,0.7533588516746411,0.1714321475431382
3968,,after_candidate_limit,,3080,123,5,123,5,2.25,1.33,3.67,2,1,0.7533588516746411,0.17142720632855157
3969,,after_candidate_limit,,3432,137,7,137,5,4.5,1.33,3.67,2,3,0.7533464114832535,0.17110177772060733
3970,,after_candidate_limit,,3256,130,6,130,5,3,1.33,3.67,2,2,0.7533502392344498,0.171101072809643
3971,,after_candidate_limit,,3407,136,7,136,5,4.5,1.33,2,2,3,0.7533444976076555,0.17106476905201973
3972,,after_candidate_limit,,2905,116,5,116,5,1.5,1.33,3.67,2,1,0.7533502392344498,0.1710263632643349
3973,,after_candidate_limit,,3231,129,6,129,5,3,1.33,2,2,2,0.7533444976076555,0.1710132877159883
3974,,after_candidate_limit,,2880,115,5,115,5,1.5,1.33,2,2,1,0.7533397129186603,0.17095220515006604
3975,,after_candidate_limit,,3232,129,7,129,5,3,1.33,2,2,3,0.7533349282296651,0.170718674179451
3976,,after_candidate_limit,,3257,130,7,130,5,3,1.33,3.67,2,3,0.7533349282296651,0.170718674179451
3977,,after_candidate_limit,,3056,122,6,122,5,2.25,1.33,2,2,2,0.7533244019138756,0.17068282519683028
3978,,after_candidate_limit,,3081,123,6,123,5,2.25,1.33,3.67,2,2,0.7533244019138756,0.17068282519683028
3979,,after_candidate_limit,,2906,116,6,116,5,1.5,1.33,3.67,2,2,0.753311961722488,0.1703971984426234
3980,,after_candidate_limit,,3057,122,7,122,5,2.25,1.33,2,2,3,0.7533090909090909,0.17039592624052227
3981,,after_candidate_limit,,2881,115,6,115,5,1.5,1.33,2,2,2,0.7533100478468899,0.17037913367192706
3982,,after_candidate_limit,,2882,115,7,115,5,1.5,1.33,2,2,3,0.7533052631578947,0.17025793090252694
3983,,after_candidate_limit,,2883,115,8,115,5,1.5,1.33,2,2,8,0.7533052631578947,0.17025793090252694
3984,,after_candidate_limit,,2884,115,9,115,5,1.5,1.33,2,2,15,0.7533052631578947,0.17025793090252694
3985,,after_candidate_limit,,2907,116,7,116,5,1.5,1.33,3.67,2,3,0.7533052631578947,0.17025793090252694
3986,,after_candidate_limit,,2908,116,8,116,5,1.5,1.33,3.67,2,8,0.7533052631578947,0.17025793090252694
3987,,after_candidate_limit,,2909,116,9,116,5,1.5,1.33,3.67,2,15,0.7533052631578947,0.17025793090252694
3988,,after_candidate_limit,,3058,122,8,122,5,2.25,1.33,2,2,8,0.7533052631578947,0.17025793090252694
3989,,after_candidate_limit,,3059,122,9,122,5,2.25,1.33,2,2,15,0.7533052631578947,0.17025793090252694
3990,,after_candidate_limit,,3082,123,7,123,5,2.25,1.33,3.67,2,3,0.7533052631578947,0.17025793090252694
3991,,after_candidate_limit,,3083,123,8,123,5,2.25,1.33,3.67,2,8,0.7533052631578947,0.17025793090252694
3992,,after_candidate_limit,,3084,123,9,123,5,2.25,1.33,3.67,2,15,0.7533052631578947,0.17025793090252694
3993,,after_candidate_limit,,3233,129,8,129,5,3,1.33,2,2,8,0.7533052631578947,0.17025793090252694
3994,,after_candidate_limit,,3234,129,9,129,5,3,1.33,2,2,15,0.7533052631578947,0.17025793090252694
3995,,after_candidate_limit,,3258,130,8,130,5,3,1.33,3.67,2,8,0.7533052631578947,0.17025793090252694
3996,,after_candidate_limit,,3259,130,9,130,5,3,1.33,3.67,2,15,0.7533052631578947,0.17025793090252694
3997,,after_candidate_limit,,3408,136,8,136,5,4.5,1.33,2,2,8,0.7533052631578947,0.17025793090252694
3998,,after_candidate_limit,,3409,136,9,136,5,4.5,1.33,2,2,15,0.7533052631578947,0.17025793090252694
3999,,after_candidate_limit,,3433,137,8,137,5,4.5,1.33,3.67,2,8,0.7533052631578947,0.17025793090252694
4000,,after_candidate_limit,,3434,137,9,137,5,4.5,1.33,3.67,2,15,0.7533052631578947,0.17025793090252694
4001,,after_candidate_limit,,3470,138,20,138,5,4.5,2.17,3.25,20,1,0.580677990430622,0.15969479647009205
4002,,after_candidate_limit,,3295,131,20,131,5,3,2.17,3.25,20,1,0.5806,0.15614921314810534
4003,,after_candidate_limit,,3120,124,20,124,5,2.25,2.17,3.25,20,1,0.5806205741626794,0.1558034026395299
4004,,after_candidate_limit,,3471,138,21,138,5,4.5,2.17,3.25,20,2,0.5806717703349282,0.1552060481810431
4005,,after_candidate_limit,,2945,117,20,117,5,1.5,2.17,3.25,20,1,0.580656937799043,0.1548826526656304
4006,,after_candidate_limit,,3296,131,21,131,5,3,2.17,3.25,20,2,0.5806478468899522,0.15477859603844163
4007,,after_candidate_limit,,3472,138,22,138,5,4.5,2.17,3.25,20,3,0.5806535885167464,0.15427540387136007
4008,,after_candidate_limit,,3121,124,21,124,5,2.25,2.17,3.25,20,2,0.5806468899521531,0.15411192937177495
4009,,after_candidate_limit,,3122,124,22,124,5,2.25,2.17,3.25,20,3,0.5806468899521531,0.15411192937177495
4010,,after_candidate_limit,,3297,131,22,131,5,3,2.17,3.25,20,3,0.5806468899521531,0.15411192937177495
4011,,after_candidate_limit,,2946,117,21,117,5,1.5,2.17,3.25,20,2,0.5806210526315789,0.15321562183164367
4012,,after_candidate_limit,,3410,136,10,136,5,4.5,1.33,2,3,1,0.6730899521531101,0.15151207373526976
4013,,after_candidate_limit,,2947,117,22,117,5,1.5,2.17,3.25,20,3,0.5806105263157895,0.15090385622583716
4014,,after_candidate_limit,,2948,117,23,117,5,1.5,2.17,3.25,20,8,0.5806105263157895,0.15090385622583716
4015,,after_candidate_limit,,2949,117,24,117,5,1.5,2.17,3.25,20,15,0.5806105263157895,0.15090385622583716
4016,,after_candidate_limit,,3123,124,23,124,5,2.25,2.17,3.25,20,8,0.5806105263157895,0.15090385622583716
4017,,after_candidate_limit,,3124,124,24,124,5,2.25,2.17,3.25,20,15,0.5806105263157895,0.15090385622583716
4018,,after_candidate_limit,,3298,131,23,131,5,3,2.17,3.25,20,8,0.5806105263157895,0.15090385622583716
4019,,after_candidate_limit,,3299,131,24,131,5,3,2.17,3.25,20,15,0.5806105263157895,0.15090385622583716
4020,,after_candidate_limit,,3473,138,23,138,5,4.5,2.17,3.25,20,8,0.5806105263157895,0.15090385622583716
4021,,after_candidate_limit,,3474,138,24,138,5,4.5,2.17,3.25,20,15,0.5806105263157895,0.15090385622583716
4022,,after_candidate_limit,,3435,137,10,137,5,4.5,1.33,3.67,3,1,0.6730827751196172,0.1506966572906484
4023,,after_candidate_limit,,3260,130,10,130,5,3,1.33,3.67,3,1,0.6730511961722488,0.14956496652029722
4024,,after_candidate_limit,,3235,129,10,129,5,3,1.33,2,3,1,0.673054066985646,0.1495078121569372
4025,,after_candidate_limit,,3436,137,11,137,5,4.5,1.33,3.67,3,2,0.6730177033492823,0.14930176698364223
4026,,after_candidate_limit,,3411,136,11,136,5,4.5,1.33,2,3,2,0.6730167464114832,0.1491684336503089
4027,,after_candidate_limit,,3085,123,10,123,5,2.25,1.33,3.67,3,1,0.6730148325358851,0.14903720402578058
4028,,after_candidate_limit,,3060,122,10,122,5,2.25,1.33,2,3,1,0.673011961722488,0.14899624555073093
4029,,after_candidate_limit,,3236,129,11,129,5,3,1.33,2,3,2,0.6730033492822967,0.14873607271929262
4030,,after_candidate_limit,,3261,130,11,130,5,3,1.33,3.67,3,2,0.6730033492822967,0.14873607271929262
4031,,after_candidate_limit,,3437,137,12,137,5,4.5,1.33,3.67,3,3,0.6730033492822967,0.14873607271929262
4032,,after_candidate_limit,,2910,116,10,116,5,1.5,1.33,3.67,3,1,0.6730033492822967,0.1487137223626968
4033,,after_candidate_limit,,3262,130,12,130,5,3,1.33,3.67,3,3,0.6730023923444977,0.148699709082929
4034,,after_candidate_limit,,3412,136,12,136,5,4.5,1.33,2,3,3,0.6730023923444977,0.148699709082929
4035,,after_candidate_limit,,2885,115,10,115,5,1.5,1.33,2,3,1,0.6729985645933014,0.14861543833612828
4036,,after_candidate_limit,,3237,129,12,129,5,3,1.33,2,3,3,0.6729966507177033,0.14857898144114073
4037,,after_candidate_limit,,3061,122,11,122,5,2.25,1.33,2,3,2,0.6729956937799043,0.14856994189311812
4038,,after_candidate_limit,,3086,123,11,123,5,2.25,1.33,3.67,3,2,0.6729956937799043,0.14856994189311812
4039,,after_candidate_limit,,2886,115,11,115,5,1.5,1.33,2,3,2,0.672988038277512,0.14840109453790257
4040,,after_candidate_limit,,2887,115,12,115,5,1.5,1.33,2,3,3,0.672988038277512,0.14840109453790257
4041,,after_candidate_limit,,2888,115,13,115,5,1.5,1.33,2,3,8,0.672988038277512,0.14840109453790257
4042,,after_candidate_limit,,2889,115,14,115,5,1.5,1.33,2,3,15,0.672988038277512,0.14840109453790257
4043,,after_candidate_limit,,2911,116,11,116,5,1.5,1.33,3.67,3,2,0.672988038277512,0.14840109453790257
4044,,after_candidate_limit,,2912,116,12,116,5,1.5,1.33,3.67,3,3,0.672988038277512,0.14840109453790257
4045,,after_candidate_limit,,2913,116,13,116,5,1.5,1.33,3.67,3,8,0.672988038277512,0.14840109453790257
4046,,after_candidate_limit,,2914,116,14,116,5,1.5,1.33,3.67,3,15,0.672988038277512,0.14840109453790257
4047,,after_candidate_limit,,3062,122,12,122,5,2.25,1.33,2,3,3,0.672988038277512,0.14840109453790257
4048,,after_candidate_limit,,3063,122,13,122,5,2.25,1.33,2,3,8,0.672988038277512,0.14840109453790257
4049,,after_candidate_limit,,3064,122,14,122,5,2.25,1.33,2,3,15,0.672988038277512,0.14840109453790257
4050,,after_candidate_limit,,3087,123,12,123,5,2.25,1.33,3.67,3,3,0.672988038277512,0.14840109453790257
4051,,after_candidate_limit,,3088,123,13,123,5,2.25,1.33,3.67,3,8,0.672988038277512,0.14840109453790257
4052,,after_candidate_limit,,3089,123,14,123,5,2.25,1.33,3.67,3,15,0.672988038277512,0.14840109453790257
4053,,after_candidate_limit,,3238,129,13,129,5,3,1.33,2,3,8,0.672988038277512,0.14840109453790257
4054,,after_candidate_limit,,3239,129,14,129,5,3,1.33,2,3,15,0.672988038277512,0.14840109453790257
4055,,after_candidate_limit,,3263,130,13,130,5,3,1.33,3.67,3,8,0.672988038277512,0.14840109453790257
4056,,after_candidate_limit,,3264,130,14,130,5,3,1.33,3.67,3,15,0.672988038277512,0.14840109453790257
4057,,after_candidate_limit,,3413,136,13,136,5,4.5,1.33,2,3,8,0.672988038277512,0.14840109453790257
4058,,after_candidate_limit,,3414,136,14,136,5,4.5,1.33,2,3,15,0.672988038277512,0.14840109453790257
4059,,after_candidate_limit,,3438,137,13,137,5,4.5,1.33,3.67,3,8,0.672988038277512,0.14840109453790257
4060,,after_candidate_limit,,3439,137,14,137,5,4.5,1.33,3.67,3,15,0.672988038277512,0.14840109453790257
4061,,after_candidate_limit,,3465,138,15,138,5,4.5,2.17,3.25,6,1,0.5801698564593302,0.1367041935330794
4062,,after_candidate_limit,,3466,138,16,138,5,4.5,2.17,3.25,6,2,0.5801588516746411,0.13454633184963255
4063,,after_candidate_limit,,3290,131,15,131,5,3,2.17,3.25,6,1,0.5800918660287081,0.13417123133825826
4064,,after_candidate_limit,,2940,117,15,117,5,1.5,2.17,3.25,6,1,0.5800186602870814,0.13288591028485236
4065,,after_candidate_limit,,3291,131,16,131,5,3,2.17,3.25,6,2,0.5800105263157894,0.13279484371196254
4066,,after_candidate_limit,,3292,131,17,131,5,3,2.17,3.25,6,3,0.5800095693779904,0.13274356166068046
4067,,after_candidate_limit,,3467,138,17,138,5,4.5,2.17,3.25,6,3,0.5800095693779904,0.13274356166068046
4068,,after_candidate_limit,,3115,124,15,124,5,2.25,2.17,3.25,6,1,0.5799803827751197,0.13261629615360832
4069,,after_candidate_limit,,3495,139,20,139,5,4.5,3,4.5,20,1,0.5649363636363637,0.13230704711025185
4070,,after_candidate_limit,,3116,124,16,124,5,2.25,2.17,3.25,6,2,0.5798612440191387,0.13110930837479495
4071,,after_candidate_limit,,2941,117,16,117,5,1.5,2.17,3.25,6,2,0.5798602870813397,0.13107294473843129
4072,,after_candidate_limit,,2942,117,17,117,5,1.5,2.17,3.25,6,3,0.5798602870813397,0.13107294473843129
4073,,after_candidate_limit,,2943,117,18,117,5,1.5,2.17,3.25,6,8,0.5798602870813397,0.13107294473843129
4074,,after_candidate_limit,,2944,117,19,117,5,1.5,2.17,3.25,6,15,0.5798602870813397,0.13107294473843129
4075,,after_candidate_limit,,3117,124,17,124,5,2.25,2.17,3.25,6,3,0.5798602870813397,0.13107294473843129
4076,,after_candidate_limit,,3118,124,18,124,5,2.25,2.17,3.25,6,8,0.5798602870813397,0.13107294473843129
4077,,after_candidate_limit,,3119,124,19,124,5,2.25,2.17,3.25,6,15,0.5798602870813397,0.13107294473843129
4078,,after_candidate_limit,,3293,131,18,131,5,3,2.17,3.25,6,8,0.5798602870813397,0.13107294473843129
4079,,after_candidate_limit,,3294,131,19,131,5,3,2.17,3.25,6,15,0.5798602870813397,0.13107294473843129
4080,,after_candidate_limit,,3468,138,18,138,5,4.5,2.17,3.25,6,8,0.5798602870813397,0.13107294473843129
4081,,after_candidate_limit,,3469,138,19,138,5,4.5,2.17,3.25,6,15,0.5798602870813397,0.13107294473843129
4082,,after_candidate_limit,,3320,132,20,132,5,3,3,4.5,20,1,0.5648688995215311,0.12874517591244494
4083,,after_candidate_limit,,3496,139,21,139,5,4.5,3,4.5,20,2,0.564911961722488,0.1287338595195085
4084,,after_candidate_limit,,3497,139,22,139,5,4.5,3,4.5,20,3,0.5649062200956938,0.12864769648986676
4085,,after_candidate_limit,,3145,125,20,125,5,2.25,3,4.5,20,1,0.5647712918660287,0.12850575339851716
4086,,after_candidate_limit,,3321,132,21,132,5,3,3,4.5,20,2,0.5648937799043062,0.12835698491083058
4087,,after_candidate_limit,,3322,132,22,132,5,3,3,4.5,20,3,0.5647531100478469,0.1271770858557542
4088,,after_candidate_limit,,2970,118,20,118,5,1.5,3,4.5,20,1,0.5647626794258374,0.1271602196737135
4089,,after_candidate_limit,,3146,125,21,125,5,2.25,3,4.5,20,2,0.5647444976076555,0.12695178659336562
4090,,after_candidate_limit,,2971,118,21,118,5,1.5,3,4.5,20,2,0.564577990430622,0.12410766009032415
4091,,after_candidate_limit,,3147,125,22,125,5,2.25,3,4.5,20,3,0.5644421052631579,0.12282091655012753
4092,,after_candidate_limit,,3455,138,5,138,5,4.5,2.17,3.25,2,1,0.6566622009569378,0.12176168927469085
4093,,after_candidate_limit,,2972,118,22,118,5,1.5,3,4.5,20,3,0.564433014354067,0.12053507441840303
4094,,after_candidate_limit,,2973,118,23,118,5,1.5,3,4.5,20,8,0.564433014354067,0.12053507441840303
4095,,after_candidate_limit,,2974,118,24,118,5,1.5,3,4.5,20,15,0.564433014354067,0.12053507441840303
4096,,after_candidate_limit,,3148,125,23,125,5,2.25,3,4.5,20,8,0.564433014354067,0.12053507441840303
4097,,after_candidate_limit,,3149,125,24,125,5,2.25,3,4.5,20,15,0.564433014354067,0.12053507441840303
4098,,after_candidate_limit,,3323,132,23,132,5,3,3,4.5,20,8,0.564433014354067,0.12053507441840303
4099,,after_candidate_limit,,3324,132,24,132,5,3,3,4.5,20,15,0.564433014354067,0.12053507441840303
4100,,after_candidate_limit,,3498,139,23,139,5,4.5,3,4.5,20,8,0.564433014354067,0.12053507441840303
4101,,after_candidate_limit,,3499,139,24,139,5,4.5,3,4.5,20,15,0.564433014354067,0.12053507441840303
4102,,after_candidate_limit,,3280,131,5,131,5,3,2.17,3.25,2,1,0.6566009569377991,0.12051649775085078
4103,,after_candidate_limit,,3456,138,6,138,5,4.5,2.17,3.25,2,2,0.6565856459330144,0.12045296632481763
4104,,after_candidate_limit,,3105,124,5,124,5,2.25,2.17,3.25,2,1,0.6565645933014355,0.12019244131328884
4105,,after_candidate_limit,,3457,138,7,138,5,4.5,2.17,3.25,2,3,0.6565598086124402,0.12006647767043031
4106,,after_candidate_limit,,3281,131,6,131,5,3,2.17,3.25,2,2,0.6565588516746411,0.12004906287225696
4107,,after_candidate_limit,,2930,117,5,117,5,1.5,2.17,3.25,2,1,0.656555023923445,0.11994822373138782
4108,,after_candidate_limit,,3282,131,7,131,5,3,2.17,3.25,2,3,0.6565502392344498,0.1198460923985734
4109,,after_candidate_limit,,3106,124,6,124,5,2.25,2.17,3.25,2,2,0.6565444976076555,0.11980833392644306
4110,,after_candidate_limit,,3490,139,15,139,5,4.5,3,4.5,6,1,0.5647468899521532,0.11966575759919681
4111,,after_candidate_limit,,2931,117,6,117,5,1.5,2.17,3.25,2,2,0.656532057416268,0.1195760856774795
4112,,after_candidate_limit,,2932,117,7,117,5,1.5,2.17,3.25,2,3,0.6565272727272727,0.11949365061898333
4113,,after_candidate_limit,,2933,117,8,117,5,1.5,2.17,3.25,2,8,0.6565272727272727,0.11949365061898333
4114,,after_candidate_limit,,2934,117,9,117,5,1.5,2.17,3.25,2,15,0.6565272727272727,0.11949365061898333
4115,,after_candidate_limit,,3107,124,7,124,5,2.25,2.17,3.25,2,3,0.6565272727272727,0.11949365061898333
4116,,after_candidate_limit,,3108,124,8,124,5,2.25,2.17,3.25,2,8,0.6565272727272727,0.11949365061898333
4117,,after_candidate_limit,,3109,124,9,124,5,2.25,2.17,3.25,2,15,0.6565272727272727,0.11949365061898333
4118,,after_candidate_limit,,3283,131,8,131,5,3,2.17,3.25,2,8,0.6565272727272727,0.11949365061898333
4119,,after_candidate_limit,,3284,131,9,131,5,3,2.17,3.25,2,15,0.6565272727272727,0.11949365061898333
4120,,after_candidate_limit,,3458,138,8,138,5,4.5,2.17,3.25,2,8,0.6565272727272727,0.11949365061898333
4121,,after_candidate_limit,,3459,138,9,138,5,4.5,2.17,3.25,2,15,0.6565272727272727,0.11949365061898333
4122,,after_candidate_limit,,3315,132,15,132,5,3,3,4.5,6,1,0.5646736842105263,0.11688321166385046
4123,,after_candidate_limit,,3491,139,16,139,5,4.5,3,4.5,6,2,0.564688995215311,0.11570397097999743
4124,,after_candidate_limit,,2965,118,15,118,5,1.5,3,4.5,6,1,0.5645531100478469,0.11440175655187781
4125,,after_candidate_limit,,3140,125,15,125,5,2.25,3,4.5,6,1,0.5645253588516747,0.11421339074303391
4126,,after_candidate_limit,,3316,132,16,132,5,3,3,4.5,6,2,0.5645454545454546,0.11417546139209866
4127,,after_candidate_limit,,3317,132,17,132,5,3,3,4.5,6,3,0.5645454545454546,0.11417546139209866
4128,,after_candidate_limit,,3492,139,17,139,5,4.5,3,4.5,6,3,0.5645454545454546,0.11417546139209866
4129,,after_candidate_limit,,3141,125,16,125,5,2.25,3,4.5,6,2,0.5644019138755981,0.11275618084936401
4130,,after_candidate_limit,,2966,118,16,118,5,1.5,3,4.5,6,2,0.5642583732057417,0.11142951990090322
4131,,after_candidate_limit,,2967,118,17,118,5,1.5,3,4.5,6,3,0.5642583732057417,0.11142951990090322
4132,,after_candidate_limit,,2968,118,18,118,5,1.5,3,4.5,6,8,0.5642583732057417,0.11142951990090322
4133,,after_candidate_limit,,2969,118,19,118,5,1.5,3,4.5,6,15,0.5642583732057417,0.11142951990090322
4134,,after_candidate_limit,,3142,125,17,125,5,2.25,3,4.5,6,3,0.5642583732057417,0.11142951990090322
4135,,after_candidate_limit,,3143,125,18,125,5,2.25,3,4.5,6,8,0.5642583732057417,0.11142951990090322
4136,,after_candidate_limit,,3144,125,19,125,5,2.25,3,4.5,6,15,0.5642583732057417,0.11142951990090322
4137,,after_candidate_limit,,3318,132,18,132,5,3,3,4.5,6,8,0.5642583732057417,0.11142951990090322
4138,,after_candidate_limit,,3319,132,19,132,5,3,3,4.5,6,15,0.5642583732057417,0.11142951990090322
4139,,after_candidate_limit,,3493,139,18,139,5,4.5,3,4.5,6,8,0.5642583732057417,0.11142951990090322
4140,,after_candidate_limit,,3494,139,19,139,5,4.5,3,4.5,6,15,0.5642583732057417,0.11142951990090322
4141,,after_candidate_limit,,3480,139,5,139,5,4.5,3,4.5,2,1,0.6109655502392345,0.10064387784840152
4142,,after_candidate_limit,,3460,138,10,138,5,4.5,2.17,3.25,3,1,0.5849339712918661,0.10060068335596165
4143,,after_candidate_limit,,3285,131,10,131,5,3,2.17,3.25,3,1,0.5849368421052632,0.1003874236802148
4144,,after_candidate_limit,,3461,138,11,138,5,4.5,2.17,3.25,3,2,0.5848014354066986,0.10003757347239964
4145,,after_candidate_limit,,3481,139,6,139,5,4.5,3,4.5,2,2,0.6109129186602871,0.10001871360869498
4146,,after_candidate_limit,,3305,132,5,132,5,3,3,4.5,2,1,0.6109253588516746,0.10001133373945316
4147,,after_candidate_limit,,3110,124,10,124,5,2.25,2.17,3.25,3,1,0.5847966507177034,0.09995629475399892
4148,,after_candidate_limit,,2935,117,10,117,5,1.5,2.17,3.25,3,1,0.5847966507177034,0.0999343100481376
4149,,after_candidate_limit,,3286,131,11,131,5,3,2.17,3.25,3,2,0.5847937799043063,0.09989963024297005
4150,,after_candidate_limit,,3287,131,12,131,5,3,2.17,3.25,3,3,0.5847937799043063,0.09989963024297005
4151,,after_candidate_limit,,3462,138,12,138,5,4.5,2.17,3.25,3,3,0.5847937799043063,0.09989963024297005
4152,,after_candidate_limit,,3111,124,11,124,5,2.25,2.17,3.25,3,2,0.5847880382775119,0.09980072881970431
4153,,after_candidate_limit,,3130,125,5,125,5,2.25,3,4.5,2,1,0.6108947368421053,0.099799323996056
4154,,after_candidate_limit,,2936,117,11,117,5,1.5,2.17,3.25,3,2,0.5847851674641148,0.09975462287886153
4155,,after_candidate_limit,,2937,117,12,117,5,1.5,2.17,3.25,3,3,0.5847851674641148,0.09975462287886153
4156,,after_candidate_limit,,2938,117,13,117,5,1.5,2.17,3.25,3,8,0.5847851674641148,0.09975462287886153
4157,,after_candidate_limit,,2939,117,14,117,5,1.5,2.17,3.25,3,15,0.5847851674641148,0.09975462287886153
4158,,after_candidate_limit,,3112,124,12,124,5,2.25,2.17,3.25,3,3,0.5847851674641148,0.09975462287886153
4159,,after_candidate_limit,,3113,124,13,124,5,2.25,2.17,3.25,3,8,0.5847851674641148,0.09975462287886153
4160,,after_candidate_limit,,3114,124,14,124,5,2.25,2.17,3.25,3,15,0.5847851674641148,0.09975462287886153
4161,,after_candidate_limit,,3288,131,13,131,5,3,2.17,3.25,3,8,0.5847851674641148,0.09975462287886153
4162,,after_candidate_limit,,3289,131,14,131,5,3,2.17,3.25,3,15,0.5847851674641148,0.09975462287886153
4163,,after_candidate_limit,,3463,138,13,138,5,4.5,2.17,3.25,3,8,0.5847851674641148,0.09975462287886153
4164,,after_candidate_limit,,3464,138,14,138,5,4.5,2.17,3.25,3,15,0.5847851674641148,0.09975462287886153
4165,,after_candidate_limit,,3306,132,6,132,5,3,3,4.5,2,2,0.6108947368421053,0.09970554281257847
4166,,after_candidate_limit,,3482,139,7,139,5,4.5,3,4.5,2,3,0.610888995215311,0.09964077228525679
4167,,after_candidate_limit,,2955,118,5,118,5,1.5,3,4.5,2,1,0.6108880382775119,0.09954842354411449
4168,,after_candidate_limit,,3307,132,7,132,5,3,3,4.5,2,3,0.6108784688995216,0.09937271642273895
4169,,after_candidate_limit,,3131,125,6,125,5,2.25,3,4.5,2,2,0.6108736842105263,0.09935415919551024
4170,,after_candidate_limit,,2956,118,6,118,5,1.5,3,4.5,2,2,0.6108622009569378,0.09912810427183599
4171,,after_candidate_limit,,2957,118,7,118,5,1.5,3,4.5,2,3,0.6108564593301435,0.0990297709972123
4172,,after_candidate_limit,,2958,118,8,118,5,1.5,3,4.5,2,8,0.6108564593301435,0.0990297709972123
4173,,after_candidate_limit,,2959,118,9,118,5,1.5,3,4.5,2,15,0.6108564593301435,0.0990297709972123
4174,,after_candidate_limit,,3132,125,7,125,5,2.25,3,4.5,2,3,0.6108564593301435,0.0990297709972123
4175,,after_candidate_limit,,3133,125,8,125,5,2.25,3,4.5,2,8,0.6108564593301435,0.0990297709972123
4176,,after_candidate_limit,,3134,125,9,125,5,2.25,3,4.5,2,15,0.6108564593301435,0.0990297709972123
4177,,after_candidate_limit,,3308,132,8,132,5,3,3,4.5,2,8,0.6108564593301435,0.0990297709972123
4178,,after_candidate_limit,,3309,132,9,132,5,3,3,4.5,2,15,0.6108564593301435,0.0990297709972123
4179,,after_candidate_limit,,3483,139,8,139,5,4.5,3,4.5,2,8,0.6108564593301435,0.0990297709972123
4180,,after_candidate_limit,,3484,139,9,139,5,4.5,3,4.5,2,15,0.6108564593301435,0.0990297709972123
4181,,after_candidate_limit,,3485,139,10,139,5,4.5,3,4.5,3,1,0.5687703349282297,0.09120778243757138
4182,,after_candidate_limit,,3310,132,10,132,5,3,3,4.5,3,1,0.5687454545454546,0.09089742226465544
4183,,after_candidate_limit,,3135,125,10,125,5,2.25,3,4.5,3,1,0.5687373205741627,0.09074477634504975
4184,,after_candidate_limit,,3486,139,11,139,5,4.5,3,4.5,3,2,0.5687133971291866,0.09058563820635473
4185,,after_candidate_limit,,2960,118,10,118,5,1.5,3,4.5,3,1,0.5687105263157894,0.09052265077057153
4186,,after_candidate_limit,,3311,132,11,132,5,3,3,4.5,3,2,0.5687066985645933,0.09047250167355517
4187,,after_candidate_limit,,3312,132,12,132,5,3,3,4.5,3,3,0.5687057416267942,0.09045779579120222
4188,,after_candidate_limit,,3487,139,12,139,5,4.5,3,4.5,3,3,0.5687057416267942,0.09045779579120222
4189,,after_candidate_limit,,3136,125,11,125,5,2.25,3,4.5,3,2,0.5687028708133971,0.09041304060322453
4190,,after_candidate_limit,,2961,118,11,118,5,1.5,3,4.5,3,2,0.5687009569377991,0.09038685194316859
4191,,after_candidate_limit,,2962,118,12,118,5,1.5,3,4.5,3,3,0.5687009569377991,0.09038685194316859
4192,,after_candidate_limit,,2963,118,13,118,5,1.5,3,4.5,3,8,0.5687009569377991,0.09038685194316859
4193,,after_candidate_limit,,2964,118,14,118,5,1.5,3,4.5,3,15,0.5687009569377991,0.09038685194316859
4194,,after_candidate_limit,,3137,125,12,125,5,2.25,3,4.5,3,3,0.5687009569377991,0.09038685194316859
4195,,after_candidate_limit,,3138,125,13,125,5,2.25,3,4.5,3,8,0.5687009569377991,0.09038685194316859
4196,,after_candidate_limit,,3139,125,14,125,5,2.25,3,4.5,3,15,0.5687009569377991,0.09038685194316859
4197,,after_candidate_limit,,3313,132,13,132,5,3,3,4.5,3,8,0.5687009569377991,0.09038685194316859
4198,,after_candidate_limit,,3314,132,14,132,5,3,3,4.5,3,15,0.5687009569377991,0.09038685194316859
4199,,after_candidate_limit,,3488,139,13,139,5,4.5,3,4.5,3,8,0.5687009569377991,0.09038685194316859
4200,,after_candidate_limit,,3489,139,14,139,5,4.5,3,4.5,3,15,0.5687009569377991,0.09038685194316859
