ranked_position,selected_rank,disposition,representative_system_id,regime_idx,param_idx,mn_idx,geometry_idx,d_pos,d_neg,steepness_pos,steepness_neg,M,N,roc_auc,pr_auc
1,1,selected,focal_hla__pr__regime_2625,2625,105,0,105,15,9,0.5,0.75,1,1,0.9538047846889952,0.5195547792673862
2,,duplicate_biological_key,focal_hla__pr__regime_2625,2675,107,0,107,15,9,0.5,2,1,1,0.9537531100478469,0.5191776484634401
3,,duplicate_biological_key,focal_hla__pr__regime_2625,2650,106,0,106,15,9,0.5,1.38,1,1,0.9537684210526316,0.5190651768478295
4,2,selected,focal_hla__pr__regime_2100,2100,84,0,84,15,13.5,0.5,0.75,1,1,0.9536507177033493,0.517835988841202
5,,duplicate_biological_key,focal_hla__pr__regime_2100,2125,85,0,85,15,13.5,0.5,1.38,1,1,0.953311961722488,0.516268429785702
6,3,selected,focal_hla__pr__regime_2450,2450,98,0,98,15,6.75,0.5,0.75,1,1,0.9531894736842105,0.5135398978226084
7,,duplicate_biological_key,focal_hla__pr__regime_2100,2150,86,0,86,15,13.5,0.5,2,1,1,0.9531588516746411,0.5132443280838026
8,,duplicate_biological_key,focal_hla__pr__regime_2625,2700,108,0,108,15,9,1.33,2,1,1,0.9518153110047847,0.5129401801309518
9,,duplicate_biological_key,focal_hla__pr__regime_2625,2725,109,0,109,15,9,1.33,3.67,1,1,0.9518114832535886,0.5125661188176369
10,,duplicate_biological_key,focal_hla__pr__regime_2625,2775,111,0,111,15,9,3,4.5,1,1,0.9513033492822967,0.512488868988541
11,,duplicate_biological_key,focal_hla__pr__regime_2450,2500,100,0,100,15,6.75,0.5,2,1,1,0.9531531100478469,0.5123083684432151
12,,duplicate_biological_key,focal_hla__pr__regime_2450,2475,99,0,99,15,6.75,0.5,1.38,1,1,0.9531626794258373,0.5119681061074408
13,,duplicate_biological_key,focal_hla__pr__regime_2625,2750,110,0,110,15,9,2.17,3.25,1,1,0.9514105263157895,0.5117929953643212
14,4,selected,focal_hla__pr__regime_1925,1925,77,0,77,13.89,8.33,0.5,0.75,1,1,0.9514248803827752,0.5116896103281485
15,,duplicate_biological_key,focal_hla__pr__regime_1925,1950,78,0,78,13.89,8.33,0.5,1.38,1,1,0.951444019138756,0.5109366330378132
16,,duplicate_biological_key,focal_hla__pr__regime_1925,1975,79,0,79,13.89,8.33,0.5,2,1,1,0.9514832535885167,0.5108680499112659
17,5,selected,focal_hla__pr__regime_2676,2676,107,1,107,15,9,0.5,2,1,2,0.9529684210526316,0.5089441901338353
18,,duplicate_biological_key,focal_hla__pr__regime_2676,2651,106,1,106,15,9,0.5,1.38,1,2,0.9529311004784689,0.508664306589147
19,6,selected,focal_hla__pr__regime_1400,1400,56,0,56,13.89,12.5,0.5,0.75,1,1,0.9521234449760766,0.5078394190953899
20,,duplicate_biological_key,focal_hla__pr__regime_2676,2626,105,1,105,15,9,0.5,0.75,1,2,0.9528727272727273,0.5073103788090972
21,,duplicate_biological_key,focal_hla__pr__regime_1400,1425,57,0,57,13.89,12.5,0.5,1.38,1,1,0.9520267942583732,0.506604416133395
22,,duplicate_biological_key,focal_hla__pr__regime_2450,2550,102,0,102,15,6.75,1.33,3.67,1,1,0.9512631578947368,0.5063163447879951
23,,duplicate_biological_key,focal_hla__pr__regime_2450,2525,101,0,101,15,6.75,1.33,2,1,1,0.9512602870813397,0.5060444229939326
24,,duplicate_biological_key,focal_hla__pr__regime_2450,2600,104,0,104,15,6.75,3,4.5,1,1,0.9507406698564593,0.506002457464237
25,,duplicate_biological_key,focal_hla__pr__regime_1400,1450,58,0,58,13.89,12.5,0.5,2,1,1,0.952,0.5059877968214467
26,,duplicate_biological_key,focal_hla__pr__regime_2450,2575,103,0,103,15,6.75,2.17,3.25,1,1,0.9508870813397129,0.5057487755554197
27,7,selected,focal_hla__pr__regime_2101,2101,84,1,84,15,13.5,0.5,0.75,1,2,0.9530325358851675,0.5050080886438761
28,,duplicate_biological_key,focal_hla__pr__regime_1925,2000,80,0,80,13.89,8.33,1.33,2,1,1,0.9492631578947368,0.5049280934773271
29,,duplicate_biological_key,focal_hla__pr__regime_2101,2126,85,1,85,15,13.5,0.5,1.38,1,2,0.9529301435406698,0.5048419388463755
30,,duplicate_biological_key,focal_hla__pr__regime_1925,2025,81,0,81,13.89,8.33,1.33,3.67,1,1,0.9492832535885167,0.5045368618970282
31,,duplicate_biological_key,focal_hla__pr__regime_1925,2075,83,0,83,13.89,8.33,3,4.5,1,1,0.9487387559808612,0.5041653232309319
32,,duplicate_biological_key,focal_hla__pr__regime_1925,2050,82,0,82,13.89,8.33,2.17,3.25,1,1,0.9489837320574163,0.504143436360786
33,8,selected,focal_hla__pr__regime_725,725,29,0,29,12.78,11.5,0.5,1.38,1,1,0.9503052631578948,0.5035956335742828
34,,duplicate_biological_key,focal_hla__pr__regime_2101,2151,86,1,86,15,13.5,0.5,2,1,2,0.952888038277512,0.5034581345037881
35,,duplicate_biological_key,focal_hla__pr__regime_2676,2726,109,1,109,15,9,1.33,3.67,1,2,0.9511100478468899,0.5032345204535477
36,,duplicate_biological_key,focal_hla__pr__regime_2676,2701,108,1,108,15,9,1.33,2,1,2,0.9510918660287081,0.5030949654294931
37,,duplicate_biological_key,focal_hla__pr__regime_2676,2776,111,1,111,15,9,3,4.5,1,2,0.9506066985645933,0.5030388623438085
38,9,selected,focal_hla__pr__regime_2275,2275,91,0,91,15,4.5,0.5,0.75,1,1,0.9526698564593301,0.5027990532156315
39,,duplicate_biological_key,focal_hla__pr__regime_725,700,28,0,28,12.78,11.5,0.5,0.75,1,1,0.950444976076555,0.5027770526834038
40,,duplicate_biological_key,focal_hla__pr__regime_2676,2751,110,1,110,15,9,2.17,3.25,1,2,0.9507157894736842,0.5026244981611901
41,10,selected,focal_hla__pr__regime_1451,1451,58,1,58,13.89,12.5,0.5,2,1,2,0.9518421052631579,0.5024689928075672
42,11,selected,focal_hla__pr__regime_1775,1775,71,0,71,13.89,6.25,0.5,1.38,1,1,0.9509224880382775,0.5021054573866418
43,,duplicate_biological_key,focal_hla__pr__regime_725,750,30,0,30,12.78,11.5,0.5,2,1,1,0.9502354066985645,0.5020047255982905
44,,duplicate_biological_key,focal_hla__pr__regime_1775,1750,70,0,70,13.89,6.25,0.5,0.75,1,1,0.9508832535885168,0.5019499601595108
45,,duplicate_biological_key,focal_hla__pr__regime_1451,1426,57,1,57,13.89,12.5,0.5,1.38,1,2,0.9518851674641148,0.5017517978356787
46,12,selected,focal_hla__pr__regime_2127,2127,85,2,85,15,13.5,0.5,1.38,1,3,0.9531167464114833,0.5016151347850586
47,,duplicate_biological_key,focal_hla__pr__regime_2100,2175,87,0,87,15,13.5,1.33,2,1,1,0.9512239234449761,0.5015463918770956
48,,duplicate_biological_key,focal_hla__pr__regime_1775,1800,72,0,72,13.89,6.25,0.5,2,1,1,0.9509282296650717,0.5015105344193204
49,13,selected,focal_hla__pr__regime_2627,2627,105,2,105,15,9,0.5,0.75,1,3,0.9525492822966507,0.5011108319327793
50,,duplicate_biological_key,focal_hla__pr__regime_2627,2677,107,2,107,15,9,0.5,2,1,3,0.9525961722488038,0.5009434736427866
51,,duplicate_biological_key,focal_hla__pr__regime_2127,2152,86,2,86,15,13.5,0.5,2,1,3,0.9529636363636363,0.500726812860483
52,,duplicate_biological_key,focal_hla__pr__regime_2127,2102,84,2,84,15,13.5,0.5,0.75,1,3,0.9530976076555024,0.5007205506698258
53,,duplicate_biological_key,focal_hla__pr__regime_2627,2652,106,2,106,15,9,0.5,1.38,1,3,0.9525684210526316,0.500620325518578
54,,duplicate_biological_key,focal_hla__pr__regime_1451,1401,56,1,56,13.89,12.5,0.5,0.75,1,2,0.9517827751196172,0.5006169107056352
55,14,selected,focal_hla__pr__regime_2153,2153,86,3,86,15,13.5,0.5,2,1,8,0.9530899521531101,0.5003138132456333
56,,duplicate_biological_key,focal_hla__pr__regime_2275,2300,92,0,92,15,4.5,0.5,1.38,1,1,0.9526191387559808,0.5001062007886856
57,,duplicate_biological_key,focal_hla__pr__regime_2153,2128,85,3,85,15,13.5,0.5,1.38,1,8,0.9530622009569378,0.4999652898365067
58,,duplicate_biological_key,focal_hla__pr__regime_2153,2103,84,3,84,15,13.5,0.5,0.75,1,8,0.9530708133971292,0.4999447252936184
59,,duplicate_biological_key,focal_hla__pr__regime_2275,2325,93,0,93,15,4.5,0.5,2,1,1,0.9526172248803828,0.49936150458814477
60,,duplicate_biological_key,focal_hla__pr__regime_2100,2250,90,0,90,15,13.5,3,4.5,1,1,0.9503521531100478,0.4991765603517273
61,,duplicate_biological_key,focal_hla__pr__regime_2100,2200,88,0,88,15,13.5,1.33,3.67,1,1,0.9510679425837321,0.4991270060468539
62,15,selected,focal_hla__pr__regime_2451,2451,98,1,98,15,6.75,0.5,0.75,1,2,0.9525062200956937,0.49882254831035333
63,,duplicate_biological_key,focal_hla__pr__regime_2100,2225,89,0,89,15,13.5,2.17,3.25,1,1,0.950666985645933,0.4987188296312791
64,,duplicate_biological_key,focal_hla__pr__regime_2451,2476,99,1,99,15,6.75,0.5,1.38,1,2,0.95251004784689,0.4985150485971455
65,,duplicate_biological_key,focal_hla__pr__regime_2451,2501,100,1,100,15,6.75,0.5,2,1,2,0.9525043062200957,0.49839696781491416
66,16,selected,focal_hla__pr__regime_1452,1452,58,2,58,13.89,12.5,0.5,2,1,3,0.9515636363636364,0.49821293949220347
67,17,selected,focal_hla__pr__regime_1225,1225,49,0,49,12.78,7.67,0.5,0.75,1,1,0.9488296650717704,0.4977543783888502
68,,duplicate_biological_key,focal_hla__pr__regime_1452,1427,57,2,57,13.89,12.5,0.5,1.38,1,3,0.9515253588516747,0.4975493681556824
69,,duplicate_biological_key,focal_hla__pr__regime_1400,1475,59,0,59,13.89,12.5,1.33,2,1,1,0.9495377990430622,0.4969937069561344
70,,duplicate_biological_key,focal_hla__pr__regime_1225,1275,51,0,51,12.78,7.67,0.5,2,1,1,0.9488679425837321,0.4968942763198379
71,,duplicate_biological_key,focal_hla__pr__regime_1225,1250,50,0,50,12.78,7.67,0.5,1.38,1,1,0.9488210526315789,0.496363249657998
72,,duplicate_biological_key,focal_hla__pr__regime_2627,2777,111,2,111,15,9,3,4.5,1,3,0.9502755980861244,0.49617185615947146
73,,duplicate_biological_key,focal_hla__pr__regime_2627,2727,109,2,109,15,9,1.33,3.67,1,3,0.9507760765550239,0.4960223395013833
74,,duplicate_biological_key,focal_hla__pr__regime_2101,2176,87,1,87,15,13.5,1.33,2,1,2,0.9508076555023923,0.4959922888956271
75,,duplicate_biological_key,focal_hla__pr__regime_1451,1501,60,1,60,13.89,12.5,1.33,3.67,1,2,0.9494947368421053,0.49590206227771955
76,,duplicate_biological_key,focal_hla__pr__regime_2627,2752,110,2,110,15,9,2.17,3.25,1,3,0.9503904306220096,0.495644755668614
77,,duplicate_biological_key,focal_hla__pr__regime_1451,1551,62,1,62,13.89,12.5,3,4.5,1,2,0.9488392344497608,0.4955925370714201
78,18,selected,focal_hla__pr__regime_1926,1926,77,1,77,13.89,8.33,0.5,0.75,1,2,0.95048995215311,0.4955756577373835
79,,duplicate_biological_key,focal_hla__pr__regime_1451,1526,61,1,61,13.89,12.5,2.17,3.25,1,2,0.9491234449760766,0.4953870617928081
80,,duplicate_biological_key,focal_hla__pr__regime_1775,1825,73,0,73,13.89,6.25,1.33,2,1,1,0.9487349282296651,0.49528857041404745
81,,duplicate_biological_key,focal_hla__pr__regime_1452,1402,56,2,56,13.89,12.5,0.5,0.75,1,3,0.9514392344497608,0.4952247539293123
82,19,selected,focal_hla__pr__regime_2154,2154,86,4,86,15,13.5,0.5,2,1,15,0.9524880382775119,0.4952051295891712
83,,duplicate_biological_key,focal_hla__pr__regime_2627,2702,108,2,108,15,9,1.33,2,1,3,0.9507301435406699,0.49520463057440156
84,,duplicate_biological_key,focal_hla__pr__regime_1775,1875,75,0,75,13.89,6.25,2.17,3.25,1,1,0.9484641148325359,0.49503015581211496
85,,duplicate_biological_key,focal_hla__pr__regime_1775,1900,76,0,76,13.89,6.25,3,4.5,1,1,0.9482038277511962,0.49493859638457083
86,,duplicate_biological_key,focal_hla__pr__regime_1926,1976,79,1,79,13.89,8.33,0.5,2,1,2,0.9505349282296651,0.49488940294186223
87,,duplicate_biological_key,focal_hla__pr__regime_2153,2178,87,3,87,15,13.5,1.33,2,1,8,0.9512066985645933,0.49481730914153554
88,,duplicate_biological_key,focal_hla__pr__regime_1926,1951,78,1,78,13.89,8.33,0.5,1.38,1,2,0.9504947368421053,0.4947230048456672
89,,duplicate_biological_key,focal_hla__pr__regime_1775,1850,74,0,74,13.89,6.25,1.33,3.67,1,1,0.9487205741626794,0.49470690838614567
90,,duplicate_biological_key,focal_hla__pr__regime_1451,1476,59,1,59,13.89,12.5,1.33,2,1,2,0.9495301435406699,0.4946765375048884
91,,duplicate_biological_key,focal_hla__pr__regime_1400,1500,60,0,60,13.89,12.5,1.33,3.67,1,1,0.9495722488038277,0.4946506376609237
92,,duplicate_biological_key,focal_hla__pr__regime_2154,2129,85,4,85,15,13.5,0.5,1.38,1,15,0.9524468899521531,0.4946067179540584
93,,duplicate_biological_key,focal_hla__pr__regime_2154,2104,84,4,84,15,13.5,0.5,0.75,1,15,0.9524334928229665,0.4945920877397215
94,,duplicate_biological_key,focal_hla__pr__regime_2153,2203,88,3,88,15,13.5,1.33,3.67,1,8,0.951221052631579,0.4945348000152976
95,,duplicate_biological_key,focal_hla__pr__regime_2153,2228,89,3,89,15,13.5,2.17,3.25,1,8,0.9508382775119617,0.49446282207387543
96,,duplicate_biological_key,focal_hla__pr__regime_2153,2253,90,3,90,15,13.5,3,4.5,1,8,0.9507167464114833,0.49409120491786734
97,20,selected,focal_hla__pr__regime_2502,2502,100,2,100,15,6.75,0.5,2,1,3,0.9523081339712919,0.49401509993077153
98,,after_candidate_limit,,2326,93,1,93,15,4.5,0.5,2,1,2,0.9523454545454545,0.49400094241189835
99,,after_candidate_limit,,2452,98,2,98,15,6.75,0.5,0.75,1,3,0.952311004784689,0.4938955568956031
100,,after_candidate_limit,,2477,99,2,99,15,6.75,0.5,1.38,1,3,0.9523043062200957,0.493870710889529
101,,after_candidate_limit,,2301,92,1,92,15,4.5,0.5,1.38,1,2,0.9523368421052631,0.4937743032076165
102,,after_candidate_limit,,2201,88,1,88,15,13.5,1.33,3.67,1,2,0.9506622009569378,0.4934413049786437
103,,after_candidate_limit,,2276,91,1,91,15,4.5,0.5,0.75,1,2,0.9523224880382775,0.493372115990778
104,,after_candidate_limit,,2226,89,1,89,15,13.5,2.17,3.25,1,2,0.9502708133971292,0.493287168555561
105,,after_candidate_limit,,1552,62,2,62,13.89,12.5,3,4.5,1,3,0.9487904306220095,0.49326977569858754
106,,after_candidate_limit,,2350,94,0,94,15,4.5,1.33,2,1,1,0.9507397129186603,0.49316823423663636
107,,after_candidate_limit,,1502,60,2,60,13.89,12.5,1.33,3.67,1,3,0.9493473684210526,0.49312417676587644
108,,after_candidate_limit,,2425,97,0,97,15,4.5,3,4.5,1,1,0.9502612440191388,0.4931066212135731
109,,after_candidate_limit,,2375,95,0,95,15,4.5,1.33,3.67,1,1,0.9507492822966507,0.49303331812108747
110,,after_candidate_limit,,2400,96,0,96,15,4.5,2.17,3.25,1,1,0.950377990430622,0.4926461034147783
111,,after_candidate_limit,,701,28,1,28,12.78,11.5,0.5,0.75,1,2,0.949443062200957,0.4925883138553327
112,,after_candidate_limit,,1477,59,2,59,13.89,12.5,1.33,2,1,3,0.9493043062200957,0.4923894061286255
113,,after_candidate_limit,,2177,87,2,87,15,13.5,1.33,2,1,3,0.9510028708133972,0.4923582787588926
114,,after_candidate_limit,,1527,61,2,61,13.89,12.5,2.17,3.25,1,3,0.9490105263157895,0.4923321204162594
115,,after_candidate_limit,,2526,101,1,101,15,6.75,1.33,2,1,2,0.9506401913875598,0.4922998072072036
116,,after_candidate_limit,,2551,102,1,102,15,6.75,1.33,3.67,1,2,0.9506315789473684,0.4922736503913053
117,,after_candidate_limit,,1575,63,0,63,13.89,4.17,0.5,0.75,1,1,0.9503732057416268,0.49216618807213885
118,,after_candidate_limit,,2601,104,1,104,15,6.75,3,4.5,1,2,0.9501272727272727,0.4921356817593998
119,,after_candidate_limit,,726,29,1,29,12.78,11.5,0.5,1.38,1,2,0.9493282296650718,0.4921063449430372
120,,after_candidate_limit,,2576,103,1,103,15,6.75,2.17,3.25,1,2,0.9502612440191388,0.4920173796480357
121,,after_candidate_limit,,1525,61,0,61,13.89,12.5,2.17,3.25,1,1,0.949066028708134,0.49198203823865166
122,,after_candidate_limit,,2251,90,1,90,15,13.5,3,4.5,1,2,0.9500009569377991,0.49169751603312956
123,,after_candidate_limit,,751,30,1,30,12.78,11.5,0.5,2,1,2,0.9492803827751196,0.4912952595032319
124,,after_candidate_limit,,2630,105,5,105,15,9,0.5,0.75,2,1,0.9355856459330144,0.4912312535513727
125,,after_candidate_limit,,2202,88,2,88,15,13.5,1.33,3.67,1,3,0.9507770334928229,0.4911876694829634
126,,after_candidate_limit,,1550,62,0,62,13.89,12.5,3,4.5,1,1,0.9488124401913876,0.49092305555507476
127,,after_candidate_limit,,2277,91,2,91,15,4.5,0.5,0.75,1,3,0.9522593301435407,0.490917852767791
128,,after_candidate_limit,,2227,89,2,89,15,13.5,2.17,3.25,1,3,0.9504516746411483,0.4907244660954012
129,,after_candidate_limit,,2327,93,2,93,15,4.5,0.5,2,1,3,0.9522535885167465,0.4906991330730637
130,,after_candidate_limit,,2302,92,2,92,15,4.5,0.5,1.38,1,3,0.9522535885167465,0.4906741986503129
131,,after_candidate_limit,,2254,90,4,90,15,13.5,3,4.5,1,15,0.9502,0.49065358282757726
132,,after_candidate_limit,,2204,88,4,88,15,13.5,1.33,3.67,1,15,0.9506851674641148,0.4904326772984828
133,,after_candidate_limit,,2655,106,5,106,15,9,0.5,1.38,2,1,0.9355425837320575,0.490145569118498
134,,after_candidate_limit,,2680,107,5,107,15,9,0.5,2,2,1,0.9355263157894737,0.49005855391247183
135,,after_candidate_limit,,2229,89,4,89,15,13.5,2.17,3.25,1,15,0.9502909090909091,0.48993454331200487
136,,after_candidate_limit,,1600,64,0,64,13.89,4.17,0.5,1.38,1,1,0.9503320574162679,0.4896296751973279
137,,after_candidate_limit,,2252,90,2,90,15,13.5,3,4.5,1,3,0.9502105263157895,0.48959901888867297
138,,after_candidate_limit,,2179,87,4,87,15,13.5,1.33,2,1,15,0.9506296650717704,0.48949670440013765
139,,after_candidate_limit,,2076,83,1,83,13.89,8.33,3,4.5,1,2,0.947933014354067,0.4893540250885514
140,,after_candidate_limit,,2001,80,1,80,13.89,8.33,1.33,2,1,2,0.9483971291866029,0.4893378268556855
141,,after_candidate_limit,,2051,82,1,82,13.89,8.33,2.17,3.25,1,2,0.9481626794258373,0.4891985534639942
142,,after_candidate_limit,,1625,65,0,65,13.89,4.17,0.5,2,1,1,0.9503282296650718,0.4890676265350522
143,,after_candidate_limit,,1050,42,0,42,12.78,5.75,0.5,0.75,1,1,0.9483741626794259,0.4889168053844261
144,,after_candidate_limit,,775,31,0,31,12.78,11.5,1.33,2,1,1,0.9476248803827751,0.48890341632837286
145,,after_candidate_limit,,2026,81,1,81,13.89,8.33,1.33,3.67,1,2,0.9484334928229665,0.4886480273868553
146,,after_candidate_limit,,1751,70,1,70,13.89,6.25,0.5,0.75,1,2,0.950201913875598,0.488639040858583
147,,after_candidate_limit,,1801,72,1,72,13.89,6.25,0.5,2,1,2,0.9502133971291866,0.4884242332711797
148,,after_candidate_limit,,1403,56,3,56,13.89,12.5,0.5,0.75,1,8,0.950377033492823,0.4883651047272017
149,,after_candidate_limit,,2376,95,1,95,15,4.5,1.33,3.67,1,2,0.9504956937799043,0.48827192440761175
150,,after_candidate_limit,,1776,71,1,71,13.89,6.25,0.5,1.38,1,2,0.9502,0.48817679877513953
151,,after_candidate_limit,,2426,97,1,97,15,4.5,3,4.5,1,2,0.9499942583732057,0.4881429175121738
152,,after_candidate_limit,,2602,104,2,104,15,6.75,3,4.5,1,3,0.9499598086124402,0.4880299861609728
153,,after_candidate_limit,,2552,102,2,102,15,6.75,1.33,3.67,1,3,0.9504545454545454,0.488026870063715
154,,after_candidate_limit,,2527,101,2,101,15,6.75,1.33,2,1,3,0.9504535885167464,0.48799430437702246
155,,after_candidate_limit,,2401,96,1,96,15,4.5,2.17,3.25,1,2,0.9501234449760766,0.487930063929497
156,,after_candidate_limit,,2351,94,1,94,15,4.5,1.33,2,1,2,0.9504842105263158,0.48790875573211573
157,,after_candidate_limit,,2577,103,2,103,15,6.75,2.17,3.25,1,3,0.9500899521531101,0.4878666833916422
158,,after_candidate_limit,,2278,91,3,91,15,4.5,0.5,0.75,1,8,0.9522296650717703,0.48782060812070377
159,,after_candidate_limit,,2279,91,4,91,15,4.5,0.5,0.75,1,15,0.9522296650717703,0.48782060812070377
160,,after_candidate_limit,,2303,92,3,92,15,4.5,0.5,1.38,1,8,0.9522296650717703,0.48782060812070377
161,,after_candidate_limit,,2304,92,4,92,15,4.5,0.5,1.38,1,15,0.9522296650717703,0.48782060812070377
162,,after_candidate_limit,,2328,93,3,93,15,4.5,0.5,2,1,8,0.9522296650717703,0.48782060812070377
163,,after_candidate_limit,,2329,93,4,93,15,4.5,0.5,2,1,15,0.9522296650717703,0.48782060812070377
164,,after_candidate_limit,,2453,98,3,98,15,6.75,0.5,0.75,1,8,0.9522296650717703,0.48782060812070377
165,,after_candidate_limit,,2454,98,4,98,15,6.75,0.5,0.75,1,15,0.9522296650717703,0.48782060812070377
166,,after_candidate_limit,,2478,99,3,99,15,6.75,0.5,1.38,1,8,0.9522296650717703,0.48782060812070377
167,,after_candidate_limit,,2479,99,4,99,15,6.75,0.5,1.38,1,15,0.9522296650717703,0.48782060812070377
168,,after_candidate_limit,,2503,100,3,100,15,6.75,0.5,2,1,8,0.9522296650717703,0.48782060812070377
169,,after_candidate_limit,,2504,100,4,100,15,6.75,0.5,2,1,15,0.9522296650717703,0.48782060812070377
170,,after_candidate_limit,,2629,105,4,105,15,9,0.5,0.75,1,15,0.9522296650717703,0.48782060812070377
171,,after_candidate_limit,,2654,106,4,106,15,9,0.5,1.38,1,15,0.9522296650717703,0.48782060812070377
172,,after_candidate_limit,,2679,107,4,107,15,9,0.5,2,1,15,0.9522296650717703,0.48782060812070377
173,,after_candidate_limit,,1428,57,3,57,13.89,12.5,0.5,1.38,1,8,0.9503167464114832,0.48772077936886776
174,,after_candidate_limit,,1453,58,3,58,13.89,12.5,0.5,2,1,8,0.9503377990430621,0.48767786002064994
175,,after_candidate_limit,,1100,44,0,44,12.78,5.75,0.5,2,1,1,0.9483894736842106,0.4873398806050491
176,,after_candidate_limit,,1075,43,0,43,12.78,5.75,0.5,1.38,1,1,0.9483626794258373,0.48712071381704924
177,,after_candidate_limit,,1927,77,2,77,13.89,8.33,0.5,0.75,1,3,0.9501837320574162,0.48699757027620505
178,,after_candidate_limit,,2653,106,3,106,15,9,0.5,1.38,1,8,0.9522143540669856,0.4863331075059467
179,,after_candidate_limit,,2678,107,3,107,15,9,0.5,2,1,8,0.9522124401913875,0.486243471651605
180,,after_candidate_limit,,2628,105,3,105,15,9,0.5,0.75,1,8,0.9522066985645933,0.48600792456336783
181,,after_candidate_limit,,752,30,2,30,12.78,11.5,0.5,2,1,3,0.948755980861244,0.4859122114137376
182,,after_candidate_limit,,0,0,0,0,11.67,10.5,0.5,0.75,1,1,0.9476736842105263,0.4856248484188838
183,,after_candidate_limit,,1977,79,2,79,13.89,8.33,0.5,2,1,3,0.9501502392344497,0.48552972586404297
184,,after_candidate_limit,,1952,78,2,78,13.89,8.33,0.5,1.38,1,3,0.9501454545454545,0.48545346095545183
185,,after_candidate_limit,,825,33,0,33,12.78,11.5,2.17,3.25,1,1,0.9464382775119617,0.48541907235017373
186,,after_candidate_limit,,800,32,0,32,12.78,11.5,1.33,3.67,1,1,0.9475531100478469,0.4849117482817485
187,,after_candidate_limit,,2780,111,5,111,15,9,3,4.5,2,1,0.9315526315789474,0.4848437087909285
188,,after_candidate_limit,,2755,110,5,110,15,9,2.17,3.25,2,1,0.9317736842105263,0.4846577255844601
189,,after_candidate_limit,,2705,108,5,108,15,9,1.33,2,2,1,0.9334315789473684,0.48465133704225116
190,,after_candidate_limit,,727,29,2,29,12.78,11.5,0.5,1.38,1,3,0.948709090909091,0.48463945573371325
191,,after_candidate_limit,,1325,53,0,53,12.78,7.67,1.33,3.67,1,1,0.9462430622009569,0.48452971432758773
192,,after_candidate_limit,,2352,94,2,94,15,4.5,1.33,2,1,3,0.9503923444976077,0.48451210695559355
193,,after_candidate_limit,,850,34,0,34,12.78,11.5,3,4.5,1,1,0.9449722488038278,0.48447375399665166
194,,after_candidate_limit,,2427,97,2,97,15,4.5,3,4.5,1,3,0.9498995215311005,0.4843904641964027
195,,after_candidate_limit,,1375,55,0,55,12.78,7.67,3,4.5,1,1,0.9437684210526316,0.4843661731726951
196,,after_candidate_limit,,2377,95,2,95,15,4.5,1.33,3.67,1,3,0.9503904306220096,0.4843417165747471
197,,after_candidate_limit,,702,28,2,28,12.78,11.5,0.5,0.75,1,3,0.9487444976076556,0.48426892049044035
198,,after_candidate_limit,,1300,52,0,52,12.78,7.67,1.33,2,1,1,0.9461837320574162,0.4841909139311067
199,,after_candidate_limit,,2402,96,2,96,15,4.5,2.17,3.25,1,3,0.9500267942583732,0.48418561267634275
200,,after_candidate_limit,,1626,65,1,65,13.89,4.17,0.5,2,1,2,0.9500794258373205,0.48411492298091374
201,,after_candidate_limit,,1350,54,0,54,12.78,7.67,2.17,3.25,1,1,0.9451598086124402,0.4840472696966075
202,,after_candidate_limit,,1725,69,0,69,13.89,4.17,3,4.5,1,1,0.9476937799043063,0.4838606915249323
203,,after_candidate_limit,,2455,98,5,98,15,6.75,0.5,0.75,2,1,0.9349990430622009,0.48376839153944146
204,,after_candidate_limit,,2730,109,5,109,15,9,1.33,3.67,2,1,0.9334095693779905,0.4837153229234207
205,,after_candidate_limit,,2505,100,5,100,15,6.75,0.5,2,2,1,0.9350468899521531,0.4837140948674924
206,,after_candidate_limit,,1601,64,1,64,13.89,4.17,0.5,1.38,1,2,0.9500679425837321,0.4836915468213323
207,,after_candidate_limit,,1700,68,0,68,13.89,4.17,2.17,3.25,1,1,0.9479368421052632,0.4835821814600772
208,,after_candidate_limit,,1752,70,2,70,13.89,6.25,0.5,0.75,1,3,0.9500373205741627,0.4834849297824515
209,,after_candidate_limit,,1576,63,1,63,13.89,4.17,0.5,0.75,1,2,0.9500574162679426,0.48336273176929234
210,,after_candidate_limit,,1901,76,1,76,13.89,6.25,3,4.5,1,2,0.9475933014354067,0.48329674032491077
211,,after_candidate_limit,,25,1,0,1,11.67,10.5,0.5,1.38,1,1,0.9475598086124402,0.4832564735123136
212,,after_candidate_limit,,1802,72,2,72,13.89,6.25,0.5,2,1,3,0.9500334928229665,0.48322903546326423
213,,after_candidate_limit,,1675,67,0,67,13.89,4.17,1.33,3.67,1,1,0.9481856459330144,0.4832278669147407
214,,after_candidate_limit,,1777,71,2,71,13.89,6.25,0.5,1.38,1,3,0.9500325358851675,0.48321134376403096
215,,after_candidate_limit,,2480,99,5,99,15,6.75,0.5,1.38,2,1,0.9350325358851674,0.4832088467687743
216,,after_candidate_limit,,1876,75,1,75,13.89,6.25,2.17,3.25,1,2,0.9478363636363636,0.4830574256281202
217,,after_candidate_limit,,1650,66,0,66,13.89,4.17,1.33,2,1,1,0.9481684210526315,0.48291471176701795
218,,after_candidate_limit,,1851,74,1,74,13.89,6.25,1.33,3.67,1,2,0.9480822966507177,0.48267549142138355
219,,after_candidate_limit,,1553,62,3,62,13.89,12.5,3,4.5,1,8,0.9476708133971292,0.4825568599275016
220,,after_candidate_limit,,1826,73,1,73,13.89,6.25,1.33,2,1,2,0.9480688995215311,0.4824311411449202
221,,after_candidate_limit,,1528,61,3,61,13.89,12.5,2.17,3.25,1,8,0.9479244019138756,0.4823773334894843
222,,after_candidate_limit,,50,2,0,2,11.67,10.5,0.5,2,1,1,0.9475913875598087,0.4822428523343473
223,,after_candidate_limit,,1503,60,3,60,13.89,12.5,1.33,3.67,1,8,0.9481875598086125,0.48201144397142837
224,,after_candidate_limit,,1478,59,3,59,13.89,12.5,1.33,2,1,8,0.9481674641148325,0.48179360313732206
225,,after_candidate_limit,,2428,97,3,97,15,4.5,3,4.5,1,8,0.9498765550239234,0.4816735963291995
226,,after_candidate_limit,,2429,97,4,97,15,4.5,3,4.5,1,15,0.9498765550239234,0.4816735963291995
227,,after_candidate_limit,,2603,104,3,104,15,6.75,3,4.5,1,8,0.9498765550239234,0.4816735963291995
228,,after_candidate_limit,,2604,104,4,104,15,6.75,3,4.5,1,15,0.9498765550239234,0.4816735963291995
229,,after_candidate_limit,,2779,111,4,111,15,9,3,4.5,1,15,0.9498765550239234,0.4816735963291995
230,,after_candidate_limit,,2353,94,3,94,15,4.5,1.33,2,1,8,0.9503684210526315,0.4816335820032336
231,,after_candidate_limit,,2354,94,4,94,15,4.5,1.33,2,1,15,0.9503684210526315,0.4816335820032336
232,,after_candidate_limit,,2378,95,3,95,15,4.5,1.33,3.67,1,8,0.9503684210526315,0.4816335820032336
233,,after_candidate_limit,,2379,95,4,95,15,4.5,1.33,3.67,1,15,0.9503684210526315,0.4816335820032336
234,,after_candidate_limit,,2528,101,3,101,15,6.75,1.33,2,1,8,0.9503684210526315,0.4816335820032336
235,,after_candidate_limit,,2529,101,4,101,15,6.75,1.33,2,1,15,0.9503684210526315,0.4816335820032336
236,,after_candidate_limit,,2553,102,3,102,15,6.75,1.33,3.67,1,8,0.9503684210526315,0.4816335820032336
237,,after_candidate_limit,,2554,102,4,102,15,6.75,1.33,3.67,1,15,0.9503684210526315,0.4816335820032336
238,,after_candidate_limit,,2704,108,4,108,15,9,1.33,2,1,15,0.9503684210526315,0.4816335820032336
239,,after_candidate_limit,,2729,109,4,109,15,9,1.33,3.67,1,15,0.9503684210526315,0.4816335820032336
240,,after_candidate_limit,,2403,96,3,96,15,4.5,2.17,3.25,1,8,0.9500047846889952,0.4814774781048293
241,,after_candidate_limit,,2404,96,4,96,15,4.5,2.17,3.25,1,15,0.9500047846889952,0.4814774781048293
242,,after_candidate_limit,,2578,103,3,103,15,6.75,2.17,3.25,1,8,0.9500047846889952,0.4814774781048293
243,,after_candidate_limit,,2579,103,4,103,15,6.75,2.17,3.25,1,15,0.9500047846889952,0.4814774781048293
244,,after_candidate_limit,,2754,110,4,110,15,9,2.17,3.25,1,15,0.9500047846889952,0.4814774781048293
245,,after_candidate_limit,,2077,83,2,83,13.89,8.33,3,4.5,1,3,0.9475578947368422,0.4811741436552456
246,,after_candidate_limit,,1404,56,4,56,13.89,12.5,0.5,0.75,1,15,0.9500047846889952,0.48070509191904326
247,,after_candidate_limit,,2052,82,2,82,13.89,8.33,2.17,3.25,1,3,0.9477808612440192,0.4805181913435578
248,,after_candidate_limit,,2778,111,3,111,15,9,3,4.5,1,8,0.9498622009569379,0.4802345805629273
249,,after_candidate_limit,,2027,81,2,81,13.89,8.33,1.33,3.67,1,3,0.9480354066985646,0.48020516188655615
250,,after_candidate_limit,,1577,63,2,63,13.89,4.17,0.5,0.75,1,3,0.9499655502392345,0.4801640490730288
251,,after_candidate_limit,,2703,108,3,108,15,9,1.33,2,1,8,0.9503531100478468,0.4801460813884766
252,,after_candidate_limit,,2728,109,3,109,15,9,1.33,3.67,1,8,0.9503531100478468,0.4801460813884766
253,,after_candidate_limit,,1454,58,4,58,13.89,12.5,0.5,2,1,15,0.9499626794258373,0.4801424010581999
254,,after_candidate_limit,,1627,65,2,65,13.89,4.17,0.5,2,1,3,0.9499626794258373,0.4799964859020449
255,,after_candidate_limit,,1429,57,4,57,13.89,12.5,0.5,1.38,1,15,0.9499607655502392,0.4799920820899328
256,,after_candidate_limit,,2753,110,3,110,15,9,2.17,3.25,1,8,0.9499894736842105,0.4799899774900722
257,,after_candidate_limit,,1602,64,2,64,13.89,4.17,0.5,1.38,1,3,0.9499626794258373,0.4799704909630066
258,,after_candidate_limit,,2002,80,2,80,13.89,8.33,1.33,2,1,3,0.9480095693779904,0.47968225272464765
259,,after_candidate_limit,,2605,104,5,104,15,6.75,3,4.5,2,1,0.9311181818181818,0.4793821437133839
260,,after_candidate_limit,,1726,69,1,69,13.89,4.17,3,4.5,1,2,0.9474526315789473,0.4790395240315579
261,,after_candidate_limit,,2580,103,5,103,15,6.75,2.17,3.25,2,1,0.9313650717703349,0.47891302766342697
262,,after_candidate_limit,,875,35,0,35,12.78,3.83,0.5,0.75,1,1,0.947933014354067,0.47872447142256364
263,,after_candidate_limit,,1276,51,1,51,12.78,7.67,0.5,2,1,2,0.9479598086124402,0.47865341851894666
264,,after_candidate_limit,,1701,68,1,68,13.89,4.17,2.17,3.25,1,2,0.9476918660287081,0.4785943094382225
265,,after_candidate_limit,,1226,49,1,49,12.78,7.67,0.5,0.75,1,2,0.9479291866028708,0.47846302711983246
266,,after_candidate_limit,,1676,67,1,67,13.89,4.17,1.33,3.67,1,2,0.9479387559808612,0.4783687238360603
267,,after_candidate_limit,,851,34,1,34,12.78,11.5,3,4.5,1,2,0.9442095693779904,0.47835201265690774
268,,after_candidate_limit,,1251,50,1,50,12.78,7.67,0.5,1.38,1,2,0.9479626794258373,0.47830545485961784
269,,after_candidate_limit,,2555,102,5,102,15,6.75,1.33,3.67,2,1,0.9329722488038278,0.4782670783173426
270,,after_candidate_limit,,525,21,0,21,11.67,7,0.5,0.75,1,1,0.9462382775119618,0.47821447116289684
271,,after_candidate_limit,,1651,66,1,66,13.89,4.17,1.33,2,1,2,0.947932057416268,0.4781057278582703
272,,after_candidate_limit,,575,23,0,23,11.67,7,0.5,2,1,1,0.9463177033492823,0.47793164533150206
273,,after_candidate_limit,,550,22,0,22,11.67,7,0.5,1.38,1,1,0.9462909090909091,0.4779316309662813
274,,after_candidate_limit,,1902,76,2,76,13.89,6.25,3,4.5,1,3,0.9473952153110048,0.47789626601296664
275,,after_candidate_limit,,1877,75,2,75,13.89,6.25,2.17,3.25,1,3,0.9476411483253588,0.4776074639832814
276,,after_candidate_limit,,2530,101,5,101,15,6.75,1.33,2,2,1,0.9329483253588516,0.4776030585409369
277,,after_candidate_limit,,1578,63,3,63,13.89,4.17,0.5,0.75,1,8,0.9499435406698564,0.4775230368577701
278,,after_candidate_limit,,1579,63,4,63,13.89,4.17,0.5,0.75,1,15,0.9499435406698564,0.4775230368577701
279,,after_candidate_limit,,1603,64,3,64,13.89,4.17,0.5,1.38,1,8,0.9499435406698564,0.4775230368577701
280,,after_candidate_limit,,1604,64,4,64,13.89,4.17,0.5,1.38,1,15,0.9499435406698564,0.4775230368577701
281,,after_candidate_limit,,1628,65,3,65,13.89,4.17,0.5,2,1,8,0.9499435406698564,0.4775230368577701
282,,after_candidate_limit,,1629,65,4,65,13.89,4.17,0.5,2,1,15,0.9499435406698564,0.4775230368577701
283,,after_candidate_limit,,1753,70,3,70,13.89,6.25,0.5,0.75,1,8,0.9499435406698564,0.4775230368577701
284,,after_candidate_limit,,1754,70,4,70,13.89,6.25,0.5,0.75,1,15,0.9499435406698564,0.4775230368577701
285,,after_candidate_limit,,1778,71,3,71,13.89,6.25,0.5,1.38,1,8,0.9499435406698564,0.4775230368577701
286,,after_candidate_limit,,1779,71,4,71,13.89,6.25,0.5,1.38,1,15,0.9499435406698564,0.4775230368577701
287,,after_candidate_limit,,1803,72,3,72,13.89,6.25,0.5,2,1,8,0.9499435406698564,0.4775230368577701
288,,after_candidate_limit,,1804,72,4,72,13.89,6.25,0.5,2,1,15,0.9499435406698564,0.4775230368577701
289,,after_candidate_limit,,1929,77,4,77,13.89,8.33,0.5,0.75,1,15,0.9499435406698564,0.4775230368577701
290,,after_candidate_limit,,1953,78,3,78,13.89,8.33,0.5,1.38,1,8,0.9499435406698564,0.4775230368577701
291,,after_candidate_limit,,1954,78,4,78,13.89,8.33,0.5,1.38,1,15,0.9499435406698564,0.4775230368577701
292,,after_candidate_limit,,1978,79,3,79,13.89,8.33,0.5,2,1,8,0.9499435406698564,0.4775230368577701
293,,after_candidate_limit,,1979,79,4,79,13.89,8.33,0.5,2,1,15,0.9499435406698564,0.4775230368577701
294,,after_candidate_limit,,2681,107,6,107,15,9,0.5,2,2,2,0.9346440191387559,0.4774901395164261
295,,after_candidate_limit,,826,33,1,33,12.78,11.5,2.17,3.25,1,2,0.9455818181818182,0.47741933692507144
296,,after_candidate_limit,,1852,74,2,74,13.89,6.25,1.33,3.67,1,3,0.947888038277512,0.47724215324604935
297,,after_candidate_limit,,1928,77,3,77,13.89,8.33,0.5,0.75,1,8,0.9499425837320574,0.47723483782282183
298,,after_candidate_limit,,1827,73,2,73,13.89,6.25,1.33,2,1,3,0.9478870813397129,0.4772331868699597
299,,after_candidate_limit,,1405,56,5,56,13.89,12.5,0.5,0.75,2,1,0.9332899521531101,0.47721522512867803
300,,after_candidate_limit,,2105,84,5,84,15,13.5,0.5,0.75,2,1,0.9345167464114833,0.4770731967991522
301,,after_candidate_limit,,2656,106,6,106,15,9,0.5,1.38,2,2,0.9346057416267942,0.4770243164395804
302,,after_candidate_limit,,776,31,1,31,12.78,11.5,1.33,2,1,2,0.9466162679425837,0.47689543932036205
303,,after_candidate_limit,,2631,105,6,105,15,9,0.5,0.75,2,2,0.9345885167464115,0.4762840818116591
304,,after_candidate_limit,,1554,62,4,62,13.89,12.5,3,4.5,1,15,0.9474354066985646,0.4762433499201236
305,,after_candidate_limit,,900,36,0,36,12.78,3.83,0.5,1.38,1,1,0.9478861244019139,0.47614870183430263
306,,after_candidate_limit,,925,37,0,37,12.78,3.83,0.5,2,1,1,0.9478918660287081,0.4759956101136871
307,,after_candidate_limit,,1930,77,5,77,13.89,8.33,0.5,0.75,2,1,0.9318870813397129,0.4758778760214974
308,,after_candidate_limit,,801,32,1,32,12.78,11.5,1.33,3.67,1,2,0.9465913875598087,0.4757584720852421
309,,after_candidate_limit,,1529,61,4,61,13.89,12.5,2.17,3.25,1,15,0.9476497607655502,0.4756586451059988
310,,after_candidate_limit,,1200,48,0,48,12.78,5.75,3,4.5,1,1,0.9433559808612441,0.4753568562052023
311,,after_candidate_limit,,1504,60,4,60,13.89,12.5,1.33,3.67,1,15,0.947888038277512,0.4750263984350169
312,,after_candidate_limit,,1727,69,2,69,13.89,4.17,3,4.5,1,3,0.9473186602870813,0.47465439537950394
313,,after_candidate_limit,,1955,78,5,78,13.89,8.33,0.5,1.38,2,1,0.9318851674641149,0.4746510070960121
314,,after_candidate_limit,,1702,68,2,68,13.89,4.17,2.17,3.25,1,3,0.9475626794258373,0.4743308395387666
315,,after_candidate_limit,,2781,111,6,111,15,9,3,4.5,2,2,0.9308177033492823,0.47432861852431113
316,,after_candidate_limit,,1150,46,0,46,12.78,5.75,1.33,3.67,1,1,0.9457598086124402,0.47432172725578564
317,,after_candidate_limit,,1051,42,1,42,12.78,5.75,0.5,0.75,1,2,0.9477282296650718,0.474244070079083
318,,after_candidate_limit,,1479,59,4,59,13.89,12.5,1.33,2,1,15,0.9478153110047847,0.4742224783038126
319,,after_candidate_limit,,1125,45,0,45,12.78,5.75,1.33,2,1,1,0.9456937799043063,0.47419023254881476
320,,after_candidate_limit,,1175,47,0,47,12.78,5.75,2.17,3.25,1,1,0.9446947368421053,0.474185729729954
321,,after_candidate_limit,,852,34,2,34,12.78,11.5,3,4.5,1,3,0.943733971291866,0.474136479466091
322,,after_candidate_limit,,1101,44,1,44,12.78,5.75,0.5,2,1,2,0.9477358851674641,0.47406013972175404
323,,after_candidate_limit,,1076,43,1,43,12.78,5.75,0.5,1.38,1,2,0.9477282296650718,0.4740460348644901
324,,after_candidate_limit,,1677,67,2,67,13.89,4.17,1.33,3.67,1,3,0.9478038277511962,0.47393569658223383
325,,after_candidate_limit,,2756,110,6,110,15,9,2.17,3.25,2,2,0.9310502392344497,0.47384502133844075
326,,after_candidate_limit,,1652,66,2,66,13.89,4.17,1.33,2,1,3,0.9478019138755981,0.4737978771518612
327,,after_candidate_limit,,1277,51,2,51,12.78,7.67,0.5,2,1,3,0.9477492822966507,0.4736588615069877
328,,after_candidate_limit,,1980,79,5,79,13.89,8.33,0.5,2,2,1,0.9319052631578948,0.4736566241549542
329,,after_candidate_limit,,1252,50,2,50,12.78,7.67,0.5,1.38,1,3,0.947755023923445,0.4735872705236471
330,,after_candidate_limit,,777,31,2,31,12.78,11.5,1.33,2,1,3,0.9460679425837321,0.4733110621411409
331,,after_candidate_limit,,1430,57,5,57,13.89,12.5,0.5,1.38,2,1,0.9332507177033493,0.4732341421986022
332,,after_candidate_limit,,827,33,2,33,12.78,11.5,2.17,3.25,1,3,0.9450775119617225,0.47302185827630655
333,,after_candidate_limit,,1227,49,2,49,12.78,7.67,0.5,0.75,1,3,0.9477540669856459,0.4729943957375877
334,,after_candidate_limit,,2731,109,6,109,15,9,1.33,3.67,2,2,0.9326497607655503,0.4729706811111709
335,,after_candidate_limit,,2706,108,6,108,15,9,1.33,2,2,2,0.9326047846889952,0.47238609279547705
336,,after_candidate_limit,,2280,91,5,91,15,4.5,0.5,0.75,2,1,0.9343961722488038,0.4723755374668704
337,,after_candidate_limit,,802,32,2,32,12.78,11.5,1.33,3.67,1,3,0.9461234449760766,0.4723384537800864
338,,after_candidate_limit,,1728,69,3,69,13.89,4.17,3,4.5,1,8,0.9472956937799043,0.4719248746693766
339,,after_candidate_limit,,1729,69,4,69,13.89,4.17,3,4.5,1,15,0.9472956937799043,0.4719248746693766
340,,after_candidate_limit,,1903,76,3,76,13.89,6.25,3,4.5,1,8,0.9472956937799043,0.4719248746693766
341,,after_candidate_limit,,1904,76,4,76,13.89,6.25,3,4.5,1,15,0.9472956937799043,0.4719248746693766
342,,after_candidate_limit,,2078,83,3,83,13.89,8.33,3,4.5,1,8,0.9472956937799043,0.4719248746693766
343,,after_candidate_limit,,2079,83,4,83,13.89,8.33,3,4.5,1,15,0.9472956937799043,0.4719248746693766
344,,after_candidate_limit,,1703,68,3,68,13.89,4.17,2.17,3.25,1,8,0.9475425837320575,0.47176744340454463
345,,after_candidate_limit,,1704,68,4,68,13.89,4.17,2.17,3.25,1,15,0.9475425837320575,0.47176744340454463
346,,after_candidate_limit,,1878,75,3,75,13.89,6.25,2.17,3.25,1,8,0.9475425837320575,0.47176744340454463
347,,after_candidate_limit,,1879,75,4,75,13.89,6.25,2.17,3.25,1,15,0.9475425837320575,0.47176744340454463
348,,after_candidate_limit,,2053,82,3,82,13.89,8.33,2.17,3.25,1,8,0.9475425837320575,0.47176744340454463
349,,after_candidate_limit,,2054,82,4,82,13.89,8.33,2.17,3.25,1,15,0.9475425837320575,0.47176744340454463
350,,after_candidate_limit,,2130,85,5,85,15,13.5,0.5,1.38,2,1,0.9339837320574162,0.4716125681968768
351,,after_candidate_limit,,1653,66,3,66,13.89,4.17,1.33,2,1,8,0.9477827751196172,0.47132442810758646
352,,after_candidate_limit,,1654,66,4,66,13.89,4.17,1.33,2,1,15,0.9477827751196172,0.47132442810758646
353,,after_candidate_limit,,1678,67,3,67,13.89,4.17,1.33,3.67,1,8,0.9477827751196172,0.47132442810758646
354,,after_candidate_limit,,1679,67,4,67,13.89,4.17,1.33,3.67,1,15,0.9477827751196172,0.47132442810758646
355,,after_candidate_limit,,1828,73,3,73,13.89,6.25,1.33,2,1,8,0.9477827751196172,0.47132442810758646
356,,after_candidate_limit,,1829,73,4,73,13.89,6.25,1.33,2,1,15,0.9477827751196172,0.47132442810758646
357,,after_candidate_limit,,1853,74,3,74,13.89,6.25,1.33,3.67,1,8,0.9477827751196172,0.47132442810758646
358,,after_candidate_limit,,1854,74,4,74,13.89,6.25,1.33,3.67,1,15,0.9477827751196172,0.47132442810758646
359,,after_candidate_limit,,2003,80,3,80,13.89,8.33,1.33,2,1,8,0.9477827751196172,0.47132442810758646
360,,after_candidate_limit,,2004,80,4,80,13.89,8.33,1.33,2,1,15,0.9477827751196172,0.47132442810758646
361,,after_candidate_limit,,2028,81,3,81,13.89,8.33,1.33,3.67,1,8,0.9477827751196172,0.47132442810758646
362,,after_candidate_limit,,2029,81,4,81,13.89,8.33,1.33,3.67,1,15,0.9477827751196172,0.47132442810758646
363,,after_candidate_limit,,926,37,1,37,12.78,3.83,0.5,2,1,2,0.9476344497607655,0.47111378123299996
364,,after_candidate_limit,,901,36,1,36,12.78,3.83,0.5,1.38,1,2,0.9476267942583732,0.4708938038617772
365,,after_candidate_limit,,703,28,3,28,12.78,11.5,0.5,0.75,1,8,0.9477205741626794,0.4707408394178162
366,,after_candidate_limit,,876,35,1,35,12.78,3.83,0.5,0.75,1,2,0.9476172248803828,0.47055947791100955
367,,after_candidate_limit,,728,29,3,29,12.78,11.5,0.5,1.38,1,8,0.947711004784689,0.47048730530350463
368,,after_candidate_limit,,753,30,3,30,12.78,11.5,0.5,2,1,8,0.9477157894736842,0.47018880935121304
369,,after_candidate_limit,,1052,42,2,42,12.78,5.75,0.5,0.75,1,3,0.9476047846889952,0.47014138846550646
370,,after_candidate_limit,,1102,44,2,44,12.78,5.75,0.5,2,1,3,0.9476076555023923,0.46997375710698364
371,,after_candidate_limit,,1077,43,2,43,12.78,5.75,0.5,1.38,1,3,0.9476066985645933,0.4699640058632026
372,,after_candidate_limit,,2305,92,5,92,15,4.5,0.5,1.38,2,1,0.934357894736842,0.4698066460933285
373,,after_candidate_limit,,2155,86,5,86,15,13.5,0.5,2,2,1,0.9335205741626794,0.4694842813104703
374,,after_candidate_limit,,1455,58,5,58,13.89,12.5,0.5,2,2,1,0.9331626794258373,0.4693806513804581
375,,after_candidate_limit,,2330,93,5,93,15,4.5,0.5,2,2,1,0.9343598086124402,0.46913464536009836
376,,after_candidate_limit,,51,2,1,2,11.67,10.5,0.5,2,1,2,0.9462641148325359,0.4690320599528898
377,,after_candidate_limit,,350,14,0,14,11.67,5.25,0.5,0.75,1,1,0.9458124401913875,0.46878508040658295
378,,after_candidate_limit,,2632,105,7,105,15,9,0.5,0.75,2,3,0.9341837320574162,0.46874964492934673
379,,after_candidate_limit,,2456,98,6,98,15,6.75,0.5,0.75,2,2,0.9342229665071771,0.46842325078946506
380,,after_candidate_limit,,26,1,1,1,11.67,10.5,0.5,1.38,1,2,0.946201913875598,0.4682033421617949
381,,after_candidate_limit,,1,0,1,0,11.67,10.5,0.5,0.75,1,2,0.9462105263157895,0.46812414419796183
382,,after_candidate_limit,,2682,107,7,107,15,9,0.5,2,2,3,0.9341866028708133,0.46806753277679675
383,,after_candidate_limit,,2506,100,6,100,15,6.75,0.5,2,2,2,0.934243062200957,0.46788610242051515
384,,after_candidate_limit,,2657,106,7,106,15,9,0.5,1.38,2,3,0.9341751196172249,0.4678847253603145
385,,after_candidate_limit,,2481,99,6,99,15,6.75,0.5,1.38,2,2,0.9342258373205742,0.4678004010716971
386,,after_candidate_limit,,2107,84,7,84,15,13.5,0.5,0.75,2,3,0.9346803827751197,0.46745491898351244
387,,after_candidate_limit,,877,35,2,35,12.78,3.83,0.5,0.75,1,3,0.9475291866028708,0.4673133557902283
388,,after_candidate_limit,,375,15,0,15,11.67,5.25,0.5,1.38,1,1,0.9457856459330144,0.4672727677007617
389,,after_candidate_limit,,927,37,2,37,12.78,3.83,0.5,2,1,3,0.9475291866028708,0.46721353606084337
390,,after_candidate_limit,,1805,72,5,72,13.89,6.25,0.5,2,2,1,0.9315511961722488,0.46712705034096513
391,,after_candidate_limit,,1780,71,5,71,13.89,6.25,0.5,1.38,2,1,0.9315033492822966,0.46707397232070336
392,,after_candidate_limit,,1755,70,5,70,13.89,6.25,0.5,0.75,2,1,0.9314306220095694,0.4670334777491048
393,,after_candidate_limit,,902,36,2,36,12.78,3.83,0.5,1.38,1,3,0.9475263157894737,0.46692319789659215
394,,after_candidate_limit,,1376,55,1,55,12.78,7.67,3,4.5,1,2,0.9428612440191387,0.46662265057312624
395,,after_candidate_limit,,2106,84,6,84,15,13.5,0.5,0.75,2,2,0.9346172248803828,0.46660241171616235
396,,after_candidate_limit,,2635,105,10,105,15,9,0.5,0.75,3,1,0.9206918660287081,0.46631907910972525
397,,after_candidate_limit,,2685,107,10,107,15,9,0.5,2,3,1,0.9206593301435406,0.4661960629119224
398,,after_candidate_limit,,2108,84,8,84,15,13.5,0.5,0.75,2,8,0.9345894736842105,0.46617145827282597
399,,after_candidate_limit,,400,16,0,16,11.67,5.25,0.5,2,1,1,0.9457913875598086,0.4660782990546936
400,,after_candidate_limit,,2660,106,10,106,15,9,0.5,1.38,3,1,0.9206688995215311,0.46596388457040766
401,,after_candidate_limit,,2133,85,8,85,15,13.5,0.5,1.38,2,8,0.9345875598086124,0.4658415304771605
402,,after_candidate_limit,,1326,53,1,53,12.78,7.67,1.33,3.67,1,2,0.945288995215311,0.46580745106584887
403,,after_candidate_limit,,2782,111,7,111,15,9,3,4.5,2,3,0.9304205741626794,0.4657794929897993
404,,after_candidate_limit,,1351,54,1,54,12.78,7.67,2.17,3.25,1,2,0.9442344497607655,0.46575517943792355
405,,after_candidate_limit,,2158,86,8,86,15,13.5,0.5,2,2,8,0.934622966507177,0.46567722750402507
406,,after_candidate_limit,,2132,85,7,85,15,13.5,0.5,1.38,2,3,0.9347167464114833,0.4656028114605468
407,,after_candidate_limit,,1301,52,1,52,12.78,7.67,1.33,2,1,2,0.945287081339713,0.46556342904876885
408,,after_candidate_limit,,878,35,3,35,12.78,3.83,0.5,0.75,1,8,0.9475138755980861,0.46513163150432196
409,,after_candidate_limit,,879,35,4,35,12.78,3.83,0.5,0.75,1,15,0.9475138755980861,0.46513163150432196
410,,after_candidate_limit,,903,36,3,36,12.78,3.83,0.5,1.38,1,8,0.9475138755980861,0.46513163150432196
411,,after_candidate_limit,,904,36,4,36,12.78,3.83,0.5,1.38,1,15,0.9475138755980861,0.46513163150432196
412,,after_candidate_limit,,928,37,3,37,12.78,3.83,0.5,2,1,8,0.9475138755980861,0.46513163150432196
413,,after_candidate_limit,,929,37,4,37,12.78,3.83,0.5,2,1,15,0.9475138755980861,0.46513163150432196
414,,after_candidate_limit,,1053,42,3,42,12.78,5.75,0.5,0.75,1,8,0.9475138755980861,0.46513163150432196
415,,after_candidate_limit,,1054,42,4,42,12.78,5.75,0.5,0.75,1,15,0.9475138755980861,0.46513163150432196
416,,after_candidate_limit,,1078,43,3,43,12.78,5.75,0.5,1.38,1,8,0.9475138755980861,0.46513163150432196
417,,after_candidate_limit,,1079,43,4,43,12.78,5.75,0.5,1.38,1,15,0.9475138755980861,0.46513163150432196
418,,after_candidate_limit,,1103,44,3,44,12.78,5.75,0.5,2,1,8,0.9475138755980861,0.46513163150432196
419,,after_candidate_limit,,1104,44,4,44,12.78,5.75,0.5,2,1,15,0.9475138755980861,0.46513163150432196
420,,after_candidate_limit,,1228,49,3,49,12.78,7.67,0.5,0.75,1,8,0.9475138755980861,0.46513163150432196
421,,after_candidate_limit,,1229,49,4,49,12.78,7.67,0.5,0.75,1,15,0.9475138755980861,0.46513163150432196
422,,after_candidate_limit,,1253,50,3,50,12.78,7.67,0.5,1.38,1,8,0.9475138755980861,0.46513163150432196
423,,after_candidate_limit,,1254,50,4,50,12.78,7.67,0.5,1.38,1,15,0.9475138755980861,0.46513163150432196
424,,after_candidate_limit,,1278,51,3,51,12.78,7.67,0.5,2,1,8,0.9475138755980861,0.46513163150432196
425,,after_candidate_limit,,1279,51,4,51,12.78,7.67,0.5,2,1,15,0.9475138755980861,0.46513163150432196
426,,after_candidate_limit,,2757,110,7,110,15,9,2.17,3.25,2,3,0.9306425837320574,0.4650921448806828
427,,after_candidate_limit,,2430,97,5,97,15,4.5,3,4.5,2,1,0.9305095693779905,0.4649863071436841
428,,after_candidate_limit,,2131,85,6,85,15,13.5,0.5,1.38,2,2,0.9342583732057417,0.4645773674321772
429,,after_candidate_limit,,1456,58,6,58,13.89,12.5,0.5,2,2,2,0.9322191387559808,0.46438361825498653
430,,after_candidate_limit,,2405,96,5,96,15,4.5,2.17,3.25,2,1,0.9307315789473685,0.4643495001810252
431,,after_candidate_limit,,705,28,5,28,12.78,11.5,0.5,0.75,2,1,0.9303023923444976,0.4643184756731868
432,,after_candidate_limit,,1431,57,6,57,13.89,12.5,0.5,1.38,2,2,0.9322708133971291,0.46416261258691477
433,,after_candidate_limit,,2258,90,8,90,15,13.5,3,4.5,2,8,0.9308645933014355,0.4641125986727211
434,,after_candidate_limit,,2606,104,6,104,15,6.75,3,4.5,2,2,0.9303861244019139,0.4640687930640693
435,,after_candidate_limit,,1025,41,0,41,12.78,3.83,3,4.5,1,1,0.9427952153110047,0.464017418111177
436,,after_candidate_limit,,75,3,0,3,11.67,10.5,1.33,2,1,1,0.9428612440191387,0.4640015877606877
437,,after_candidate_limit,,2732,109,7,109,15,9,1.33,3.67,2,3,0.9322248803827751,0.4639345547868955
438,,after_candidate_limit,,2233,89,8,89,15,13.5,2.17,3.25,2,8,0.9310406698564593,0.46380387244192156
439,,after_candidate_limit,,2581,103,6,103,15,6.75,2.17,3.25,2,2,0.9306291866028709,0.4637249864697
440,,after_candidate_limit,,1406,56,6,56,13.89,12.5,0.5,0.75,2,2,0.9324047846889952,0.46369673795630506
441,,after_candidate_limit,,2157,86,7,86,15,13.5,0.5,2,2,3,0.9345473684210527,0.46352587954912866
442,,after_candidate_limit,,2355,94,5,94,15,4.5,1.33,2,2,1,0.9323167464114832,0.463487232136815
443,,after_candidate_limit,,2380,95,5,95,15,4.5,1.33,3.67,2,1,0.9323368421052631,0.46348082042777705
444,,after_candidate_limit,,2707,108,7,108,15,9,1.33,2,2,3,0.9321980861244019,0.463337299128201
445,,after_candidate_limit,,2005,80,5,80,13.89,8.33,1.33,2,2,1,0.9280507177033492,0.46323663172835866
446,,after_candidate_limit,,2180,87,5,87,15,13.5,1.33,2,2,1,0.9318918660287081,0.4632316505207853
447,,after_candidate_limit,,2030,81,5,81,13.89,8.33,1.33,3.67,2,1,0.9281004784688995,0.46322614420694286
448,,after_candidate_limit,,975,39,0,39,12.78,3.83,1.33,3.67,1,1,0.9452277511961722,0.4631780970182405
449,,after_candidate_limit,,1000,40,0,40,12.78,3.83,2.17,3.25,1,1,0.9441655502392344,0.4631467916683586
450,,after_candidate_limit,,100,4,0,4,11.67,10.5,1.33,3.67,1,1,0.9429540669856459,0.463117076663334
451,,after_candidate_limit,,52,2,2,2,11.67,10.5,0.5,2,1,3,0.9458076555023923,0.46310198014634935
452,,after_candidate_limit,,950,38,0,38,12.78,3.83,1.33,2,1,1,0.9452133971291866,0.46306733912717585
453,,after_candidate_limit,,27,1,2,1,11.67,10.5,0.5,1.38,1,3,0.9457827751196172,0.46285419152956236
454,,after_candidate_limit,,2531,101,6,101,15,6.75,1.33,2,2,2,0.9322334928229665,0.46279474856671676
455,,after_candidate_limit,,2556,102,6,102,15,6.75,1.33,3.67,2,2,0.9322267942583732,0.46274866282606086
456,,after_candidate_limit,,2507,100,7,100,15,6.75,0.5,2,2,3,0.9339521531100479,0.46268059864031547
457,,after_candidate_limit,,2457,98,7,98,15,6.75,0.5,0.75,2,3,0.9339636363636363,0.4626598015833953
458,,after_candidate_limit,,704,28,4,28,12.78,11.5,0.5,0.75,1,15,0.9474153110047847,0.462645245027639
459,,after_candidate_limit,,2482,99,7,99,15,6.75,0.5,1.38,2,3,0.9339502392344498,0.4625529880753421
460,,after_candidate_limit,,2331,93,6,93,15,4.5,0.5,2,2,2,0.9339732057416268,0.4624896845347097
461,,after_candidate_limit,,1201,48,1,48,12.78,5.75,3,4.5,1,2,0.9426488038277512,0.4623665045453368
462,,after_candidate_limit,,2306,92,6,92,15,4.5,0.5,1.38,2,2,0.9339693779904307,0.4623355454351549
463,,after_candidate_limit,,2208,88,8,88,15,13.5,1.33,3.67,2,8,0.9326401913875598,0.46228830995951287
464,,after_candidate_limit,,2159,86,9,86,15,13.5,0.5,2,2,15,0.934067942583732,0.4622640928215946
465,,after_candidate_limit,,2080,83,5,83,13.89,8.33,3,4.5,2,1,0.9250229665071771,0.4622447391314922
466,,after_candidate_limit,,125,5,0,5,11.67,10.5,2.17,3.25,1,1,0.938644019138756,0.4621993391119751
467,,after_candidate_limit,,2055,82,5,82,13.89,8.33,2.17,3.25,2,1,0.9271866028708134,0.4621334849077657
468,,after_candidate_limit,,2281,91,6,91,15,4.5,0.5,0.75,2,2,0.933977033492823,0.4621268291725063
469,,after_candidate_limit,,2183,87,8,87,15,13.5,1.33,2,2,8,0.9325751196172248,0.462054180826435
470,,after_candidate_limit,,754,30,4,30,12.78,11.5,0.5,2,1,15,0.9474028708133971,0.4618059987498739
471,,after_candidate_limit,,2,0,2,0,11.67,10.5,0.5,0.75,1,3,0.9457502392344498,0.46180088309718936
472,,after_candidate_limit,,2156,86,6,86,15,13.5,0.5,2,2,2,0.9339464114832536,0.461789359746735
473,,after_candidate_limit,,729,29,4,29,12.78,11.5,0.5,1.38,1,15,0.9474143540669856,0.46172121607829064
474,,after_candidate_limit,,2109,84,9,84,15,13.5,0.5,0.75,2,15,0.9340181818181819,0.46172027376520214
475,,after_candidate_limit,,2134,85,9,85,15,13.5,0.5,1.38,2,15,0.9340143540669856,0.4616248785399389
476,,after_candidate_limit,,1377,55,2,55,12.78,7.67,3,4.5,1,3,0.942622966507177,0.4614956205088778
477,,after_candidate_limit,,625,25,0,25,11.67,7,1.33,3.67,1,1,0.9416813397129187,0.4614636401007199
478,,after_candidate_limit,,1151,46,1,46,12.78,5.75,1.33,3.67,1,2,0.9450813397129186,0.46140481366444835
479,,after_candidate_limit,,551,22,1,22,11.67,7,0.5,1.38,1,2,0.9454956937799043,0.46134830628859697
480,,after_candidate_limit,,1176,47,1,47,12.78,5.75,2.17,3.25,1,2,0.9440248803827751,0.46130882087990477
481,,after_candidate_limit,,1126,45,1,45,12.78,5.75,1.33,2,1,2,0.9450736842105263,0.4612649669723393
482,,after_candidate_limit,,526,21,1,21,11.67,7,0.5,0.75,1,2,0.9455033492822966,0.46110510094980134
483,,after_candidate_limit,,2510,100,10,100,15,6.75,0.5,2,3,1,0.9203578947368422,0.46107420045037273
484,,after_candidate_limit,,1327,53,2,53,12.78,7.67,1.33,3.67,1,3,0.945066985645933,0.46091571145559035
485,,after_candidate_limit,,1352,54,2,54,12.78,7.67,2.17,3.25,1,3,0.9440143540669856,0.4608904818986609
486,,after_candidate_limit,,150,6,0,6,11.67,10.5,3,4.5,1,1,0.9360956937799043,0.4608272272281157
487,,after_candidate_limit,,1302,52,2,52,12.78,7.67,1.33,2,1,3,0.9450861244019139,0.46079474489475697
488,,after_candidate_limit,,576,23,1,23,11.67,7,0.5,2,1,2,0.9454976076555024,0.4607058538751995
489,,after_candidate_limit,,2230,89,5,89,15,13.5,2.17,3.25,2,1,0.9295842105263158,0.46056023431425513
490,,after_candidate_limit,,600,24,0,24,11.67,7,1.33,2,1,1,0.9416354066985646,0.46052154481601965
491,,after_candidate_limit,,2485,99,10,99,15,6.75,0.5,1.38,3,1,0.9203617224880383,0.4604755875594435
492,,after_candidate_limit,,175,7,0,7,11.67,3.5,0.5,0.75,1,1,0.9454846889952153,0.46044990830748617
493,,after_candidate_limit,,2182,87,7,87,15,13.5,1.33,2,2,3,0.9324708133971292,0.4603941756928197
494,,after_candidate_limit,,2460,98,10,98,15,6.75,0.5,0.75,3,1,0.9202593301435407,0.4603820230883912
495,,after_candidate_limit,,2259,90,9,90,15,13.5,3,4.5,2,15,0.9302904306220096,0.45978895140150816
496,,after_candidate_limit,,1480,59,5,59,13.89,12.5,1.33,2,2,1,0.9294909090909091,0.4596381709025672
497,,after_candidate_limit,,1026,41,1,41,12.78,3.83,3,4.5,1,2,0.9425531100478469,0.45943521083101435
498,,after_candidate_limit,,1505,60,5,60,13.89,12.5,1.33,3.67,2,1,0.9294909090909091,0.4593663452721491
499,,after_candidate_limit,,2232,89,7,89,15,13.5,2.17,3.25,2,3,0.9305200956937799,0.459072812282935
500,,after_candidate_limit,,2234,89,9,89,15,13.5,2.17,3.25,2,15,0.9304923444976076,0.4589027031465524
501,,after_candidate_limit,,2431,97,6,97,15,4.5,3,4.5,2,2,0.9301296650717703,0.4588720096843924
502,,after_candidate_limit,,650,26,0,26,11.67,7,2.17,3.25,1,1,0.9374545454545454,0.4587558265694096
503,,after_candidate_limit,,1931,77,6,77,13.89,8.33,0.5,0.75,2,2,0.930888995215311,0.4587114030613652
504,,after_candidate_limit,,2607,104,7,104,15,6.75,3,4.5,2,3,0.9300913875598086,0.45868734187515964
505,,after_candidate_limit,,976,39,1,39,12.78,3.83,1.33,3.67,1,2,0.9449827751196173,0.45862908766814636
506,,after_candidate_limit,,2255,90,5,90,15,13.5,3,4.5,2,1,0.9290626794258373,0.45861658449518866
507,,after_candidate_limit,,2207,88,7,88,15,13.5,1.33,3.67,2,3,0.9321368421052632,0.4586007529316044
508,,after_candidate_limit,,1001,40,1,40,12.78,3.83,2.17,3.25,1,2,0.9439253588516746,0.45856699376064436
509,,after_candidate_limit,,1457,58,7,58,13.89,12.5,0.5,2,2,3,0.9316775119617224,0.45856154661171006
510,,after_candidate_limit,,225,9,0,9,11.67,3.5,0.5,2,1,1,0.9454555023923445,0.458523762868251
511,,after_candidate_limit,,2282,91,7,91,15,4.5,0.5,0.75,2,3,0.9338392344497608,0.45850286882352836
512,,after_candidate_limit,,2406,96,6,96,15,4.5,2.17,3.25,2,2,0.930366985645933,0.45845960400044816
513,,after_candidate_limit,,200,8,0,8,11.67,3.5,0.5,1.38,1,1,0.945444976076555,0.45833692934515907
514,,after_candidate_limit,,2582,103,7,103,15,6.75,2.17,3.25,2,3,0.9303296650717703,0.4583146600174526
515,,after_candidate_limit,,2332,93,7,93,15,4.5,0.5,2,2,3,0.9338334928229665,0.45828249854113495
516,,after_candidate_limit,,2307,92,7,92,15,4.5,0.5,1.38,2,3,0.9338334928229665,0.4582575641183842
517,,after_candidate_limit,,951,38,1,38,12.78,3.83,1.33,2,1,2,0.9449607655502392,0.45817472720238483
518,,after_candidate_limit,,730,29,5,29,12.78,11.5,0.5,1.38,2,1,0.9300832535885167,0.45816694972173955
519,,after_candidate_limit,,675,27,0,27,11.67,7,3,4.5,1,1,0.9348813397129186,0.458068209153551
520,,after_candidate_limit,,2209,88,9,88,15,13.5,1.33,3.67,2,15,0.9320909090909091,0.4579896011577155
521,,after_candidate_limit,,2205,88,5,88,15,13.5,1.33,3.67,2,1,0.9311712918660288,0.45794638114131253
522,,after_candidate_limit,,853,34,3,34,12.78,11.5,3,4.5,1,8,0.9426459330143541,0.4579183248184173
523,,after_candidate_limit,,1202,48,2,48,12.78,5.75,3,4.5,1,3,0.9425043062200957,0.45788439795035996
524,,after_candidate_limit,,2257,90,7,90,15,13.5,3,4.5,2,3,0.9300023923444976,0.4577009254520817
525,,after_candidate_limit,,2381,95,6,95,15,4.5,1.33,3.67,2,2,0.9319665071770334,0.4576334201885527
526,,after_candidate_limit,,778,31,3,31,12.78,11.5,1.33,2,1,8,0.9450784688995215,0.4575378469032722
527,,after_candidate_limit,,1981,79,6,79,13.89,8.33,0.5,2,2,2,0.9309023923444976,0.4575251703598737
528,,after_candidate_limit,,2557,102,7,102,15,6.75,1.33,3.67,2,3,0.9319311004784689,0.4575096656639843
529,,after_candidate_limit,,2532,101,7,101,15,6.75,1.33,2,2,3,0.931932057416268,0.45749533452416014
530,,after_candidate_limit,,1432,57,7,57,13.89,12.5,0.5,1.38,2,3,0.9316822966507177,0.4574568698337296
531,,after_candidate_limit,,2356,94,6,94,15,4.5,1.33,2,2,2,0.931955023923445,0.45729282067867305
532,,after_candidate_limit,,1956,78,6,78,13.89,8.33,0.5,1.38,2,2,0.9308593301435407,0.4572530857562404
533,,after_candidate_limit,,1127,45,2,45,12.78,5.75,1.33,2,1,3,0.9449377990430622,0.45715613335776345
534,,after_candidate_limit,,1152,46,2,46,12.78,5.75,1.33,3.67,1,3,0.9449377990430622,0.45715613335776345
535,,after_candidate_limit,,1407,56,7,56,13.89,12.5,0.5,0.75,2,3,0.9317885167464115,0.45708974334870695
536,,after_candidate_limit,,1177,47,2,47,12.78,5.75,2.17,3.25,1,3,0.9438813397129187,0.45707835565179056
537,,after_candidate_limit,,2184,87,9,87,15,13.5,1.33,2,2,15,0.9320258373205742,0.4569971076493048
538,,after_candidate_limit,,828,33,3,33,12.78,11.5,2.17,3.25,1,8,0.944022966507177,0.4569942961619182
539,,after_candidate_limit,,1580,63,5,63,13.89,4.17,0.5,0.75,2,1,0.9309157894736843,0.4569740957203064
540,,after_candidate_limit,,803,32,3,32,12.78,11.5,1.33,3.67,1,8,0.9450602870813397,0.4568073904889509
541,,after_candidate_limit,,2785,111,10,111,15,9,3,4.5,3,1,0.9182306220095694,0.4566703595514669
542,,after_candidate_limit,,1230,49,5,49,12.78,7.67,0.5,0.75,2,1,0.9287645933014355,0.4563020065221829
543,,after_candidate_limit,,351,14,1,14,11.67,5.25,0.5,0.75,1,2,0.9452851674641148,0.45629011148322657
544,,after_candidate_limit,,2181,87,6,87,15,13.5,1.33,2,2,2,0.9319311004784689,0.4561999309104944
545,,after_candidate_limit,,2710,108,10,108,15,9,1.33,2,3,1,0.9157124401913875,0.4561276589825902
546,,after_candidate_limit,,2760,110,10,110,15,9,2.17,3.25,3,1,0.9161655502392344,0.45604152157209077
547,,after_candidate_limit,,376,15,1,15,11.67,5.25,0.5,1.38,1,2,0.9452918660287082,0.4559585421232281
548,,after_candidate_limit,,1280,51,5,51,12.78,7.67,0.5,2,2,1,0.9288899521531101,0.4559231645882096
549,,after_candidate_limit,,527,21,2,21,11.67,7,0.5,0.75,1,3,0.945266985645933,0.45587148993333043
550,,after_candidate_limit,,552,22,2,22,11.67,7,0.5,1.38,1,3,0.9452497607655502,0.4558330488864178
551,,after_candidate_limit,,401,16,1,16,11.67,5.25,0.5,2,1,2,0.9452995215311005,0.4558085256542143
552,,after_candidate_limit,,577,23,2,23,11.67,7,0.5,2,1,3,0.9452468899521531,0.4557622395671272
553,,after_candidate_limit,,1027,41,2,41,12.78,3.83,3,4.5,1,3,0.9424325358851675,0.4555696139270587
554,,after_candidate_limit,,2231,89,6,89,15,13.5,2.17,3.25,2,2,0.9297373205741627,0.45555542828272566
555,,after_candidate_limit,,1255,50,5,50,12.78,7.67,0.5,1.38,2,1,0.9288430622009569,0.455545551385931
556,,after_candidate_limit,,2283,91,8,91,15,4.5,0.5,0.75,2,8,0.9338095693779904,0.4554039735887751
557,,after_candidate_limit,,2284,91,9,91,15,4.5,0.5,0.75,2,15,0.9338095693779904,0.4554039735887751
558,,after_candidate_limit,,2308,92,8,92,15,4.5,0.5,1.38,2,8,0.9338095693779904,0.4554039735887751
559,,after_candidate_limit,,2309,92,9,92,15,4.5,0.5,1.38,2,15,0.9338095693779904,0.4554039735887751
560,,after_candidate_limit,,2333,93,8,93,15,4.5,0.5,2,2,8,0.9338095693779904,0.4554039735887751
561,,after_candidate_limit,,2334,93,9,93,15,4.5,0.5,2,2,15,0.9338095693779904,0.4554039735887751
562,,after_candidate_limit,,2458,98,8,98,15,6.75,0.5,0.75,2,8,0.9338095693779904,0.4554039735887751
563,,after_candidate_limit,,2459,98,9,98,15,6.75,0.5,0.75,2,15,0.9338095693779904,0.4554039735887751
564,,after_candidate_limit,,2483,99,8,99,15,6.75,0.5,1.38,2,8,0.9338095693779904,0.4554039735887751
565,,after_candidate_limit,,2484,99,9,99,15,6.75,0.5,1.38,2,15,0.9338095693779904,0.4554039735887751
566,,after_candidate_limit,,2508,100,8,100,15,6.75,0.5,2,2,8,0.9338095693779904,0.4554039735887751
567,,after_candidate_limit,,2509,100,9,100,15,6.75,0.5,2,2,15,0.9338095693779904,0.4554039735887751
568,,after_candidate_limit,,2634,105,9,105,15,9,0.5,0.75,2,15,0.9338095693779904,0.4554039735887751
569,,after_candidate_limit,,2659,106,9,106,15,9,0.5,1.38,2,15,0.9338095693779904,0.4554039735887751
570,,after_candidate_limit,,2684,107,9,107,15,9,0.5,2,2,15,0.9338095693779904,0.4554039735887751
571,,after_candidate_limit,,1830,73,5,73,13.89,6.25,1.33,2,2,1,0.927644976076555,0.4554035298875226
572,,after_candidate_limit,,2256,90,6,90,15,13.5,3,4.5,2,2,0.9290933014354067,0.45538059613020837
573,,after_candidate_limit,,1855,74,5,74,13.89,6.25,1.33,3.67,2,1,0.927665071770335,0.45535473245903796
574,,after_candidate_limit,,2735,109,10,109,15,9,1.33,3.67,3,1,0.9157133971291866,0.4549593397375888
575,,after_candidate_limit,,977,39,2,39,12.78,3.83,1.33,3.67,1,3,0.944865071770335,0.45475708348875915
576,,after_candidate_limit,,1002,40,2,40,12.78,3.83,2.17,3.25,1,3,0.9438086124401914,0.45468139824959974
577,,after_candidate_limit,,755,30,5,30,12.78,11.5,0.5,2,2,1,0.9300086124401914,0.4545373199826554
578,,after_candidate_limit,,952,38,2,38,12.78,3.83,1.33,2,1,3,0.9448622009569378,0.45447869086688825
579,,after_candidate_limit,,1605,64,5,64,13.89,4.17,0.5,1.38,2,1,0.9308755980861244,0.45422932672063127
580,,after_candidate_limit,,1481,59,6,59,13.89,12.5,1.33,2,2,2,0.928532057416268,0.45422377038521244
581,,after_candidate_limit,,2206,88,6,88,15,13.5,1.33,3.67,2,2,0.9313157894736842,0.45420664736009947
582,,after_candidate_limit,,2432,97,7,97,15,4.5,3,4.5,2,3,0.9299746411483254,0.4541089614537646
583,,after_candidate_limit,,2686,107,11,107,15,9,0.5,2,3,2,0.9198105263157895,0.4539181834476418
584,,after_candidate_limit,,2658,106,8,106,15,9,0.5,1.38,2,8,0.9337942583732057,0.453916472974018
585,,after_candidate_limit,,2661,106,11,106,15,9,0.5,1.38,3,2,0.9198019138755981,0.45389347966228094
586,,after_candidate_limit,,2683,107,8,107,15,9,0.5,2,2,8,0.9337933014354067,0.4538707586883037
587,,after_candidate_limit,,1880,75,5,75,13.89,6.25,2.17,3.25,2,1,0.9267492822966508,0.45384121896389895
588,,after_candidate_limit,,1905,76,5,76,13.89,6.25,3,4.5,2,1,0.9245712918660287,0.45379023117433664
589,,after_candidate_limit,,2407,96,7,96,15,4.5,2.17,3.25,2,3,0.930211961722488,0.4537528378248243
590,,after_candidate_limit,,1630,65,5,65,13.89,4.17,0.5,2,2,1,0.9308822966507178,0.45373503773356444
591,,after_candidate_limit,,226,9,1,9,11.67,3.5,0.5,2,1,2,0.9451961722488038,0.4536901556685656
592,,after_candidate_limit,,1028,41,3,41,12.78,3.83,3,4.5,1,8,0.9424153110047847,0.45336914597183703
593,,after_candidate_limit,,1029,41,4,41,12.78,3.83,3,4.5,1,15,0.9424153110047847,0.45336914597183703
594,,after_candidate_limit,,1203,48,3,48,12.78,5.75,3,4.5,1,8,0.9424153110047847,0.45336914597183703
595,,after_candidate_limit,,1204,48,4,48,12.78,5.75,3,4.5,1,15,0.9424153110047847,0.45336914597183703
596,,after_candidate_limit,,1378,55,3,55,12.78,7.67,3,4.5,1,8,0.9424153110047847,0.45336914597183703
597,,after_candidate_limit,,1379,55,4,55,12.78,7.67,3,4.5,1,15,0.9424153110047847,0.45336914597183703
598,,after_candidate_limit,,2633,105,8,105,15,9,0.5,0.75,2,8,0.933777990430622,0.4533209359943681
599,,after_candidate_limit,,201,8,1,8,11.67,3.5,0.5,1.38,1,2,0.9451818181818182,0.45329761774033633
600,,after_candidate_limit,,176,7,1,7,11.67,3.5,0.5,0.75,1,2,0.9451799043062201,0.45321713923633017
601,,after_candidate_limit,,1555,62,5,62,13.89,12.5,3,4.5,2,1,0.9257913875598086,0.45315355895310294
602,,after_candidate_limit,,2357,94,7,94,15,4.5,1.33,2,2,3,0.9318153110047847,0.4530991879577071
603,,after_candidate_limit,,2382,95,7,95,15,4.5,1.33,3.67,2,3,0.9318133971291866,0.45292879757686066
604,,after_candidate_limit,,1756,70,6,70,13.89,6.25,0.5,0.75,2,2,0.9306956937799044,0.45270125014584534
605,,after_candidate_limit,,953,38,3,38,12.78,3.83,1.33,2,1,8,0.9448488038277512,0.45264778362470554
606,,after_candidate_limit,,954,38,4,38,12.78,3.83,1.33,2,1,15,0.9448488038277512,0.45264778362470554
607,,after_candidate_limit,,978,39,3,39,12.78,3.83,1.33,3.67,1,8,0.9448488038277512,0.45264778362470554
608,,after_candidate_limit,,979,39,4,39,12.78,3.83,1.33,3.67,1,15,0.9448488038277512,0.45264778362470554
609,,after_candidate_limit,,1128,45,3,45,12.78,5.75,1.33,2,1,8,0.9448488038277512,0.45264778362470554
610,,after_candidate_limit,,1129,45,4,45,12.78,5.75,1.33,2,1,15,0.9448488038277512,0.45264778362470554
611,,after_candidate_limit,,1153,46,3,46,12.78,5.75,1.33,3.67,1,8,0.9448488038277512,0.45264778362470554
612,,after_candidate_limit,,1154,46,4,46,12.78,5.75,1.33,3.67,1,15,0.9448488038277512,0.45264778362470554
613,,after_candidate_limit,,1303,52,3,52,12.78,7.67,1.33,2,1,8,0.9448488038277512,0.45264778362470554
614,,after_candidate_limit,,1304,52,4,52,12.78,7.67,1.33,2,1,15,0.9448488038277512,0.45264778362470554
615,,after_candidate_limit,,1328,53,3,53,12.78,7.67,1.33,3.67,1,8,0.9448488038277512,0.45264778362470554
616,,after_candidate_limit,,1329,53,4,53,12.78,7.67,1.33,3.67,1,15,0.9448488038277512,0.45264778362470554
617,,after_candidate_limit,,1003,40,3,40,12.78,3.83,2.17,3.25,1,8,0.9437923444976076,0.45257209838554613
618,,after_candidate_limit,,1004,40,4,40,12.78,3.83,2.17,3.25,1,15,0.9437923444976076,0.45257209838554613
619,,after_candidate_limit,,1178,47,3,47,12.78,5.75,2.17,3.25,1,8,0.9437923444976076,0.45257209838554613
620,,after_candidate_limit,,1179,47,4,47,12.78,5.75,2.17,3.25,1,15,0.9437923444976076,0.45257209838554613
621,,after_candidate_limit,,1353,54,3,54,12.78,7.67,2.17,3.25,1,8,0.9437923444976076,0.45257209838554613
622,,after_candidate_limit,,1354,54,4,54,12.78,7.67,2.17,3.25,1,15,0.9437923444976076,0.45257209838554613
623,,after_candidate_limit,,2636,105,11,105,15,9,0.5,0.75,3,2,0.9197722488038278,0.45255679853433833
624,,after_candidate_limit,,1530,61,5,61,13.89,12.5,2.17,3.25,2,1,0.9282124401913876,0.45240633524600277
625,,after_candidate_limit,,1806,72,6,72,13.89,6.25,0.5,2,2,2,0.9307090909090909,0.4523484218987275
626,,after_candidate_limit,,352,14,2,14,11.67,5.25,0.5,0.75,1,3,0.9451617224880383,0.4523375896284005
627,,after_candidate_limit,,377,15,2,15,11.67,5.25,0.5,1.38,1,3,0.9451531100478469,0.4521754443457519
628,,after_candidate_limit,,1781,71,6,71,13.89,6.25,0.5,1.38,2,2,0.9306937799043062,0.45208340399819147
629,,after_candidate_limit,,402,16,2,16,11.67,5.25,0.5,2,1,3,0.9451473684210526,0.45202827036203247
630,,after_candidate_limit,,101,4,1,4,11.67,10.5,1.33,3.67,1,2,0.9416717703349282,0.45197823624862404
631,,after_candidate_limit,,53,2,3,2,11.67,10.5,0.5,2,1,8,0.9451138755980861,0.45176283132406103
632,,after_candidate_limit,,1506,60,6,60,13.89,12.5,1.33,3.67,2,2,0.9286086124401914,0.45174053428539374
633,,after_candidate_limit,,76,3,1,3,11.67,10.5,1.33,2,1,2,0.9415846889952153,0.45145285567666976
634,,after_candidate_limit,,2610,104,10,104,15,6.75,3,4.5,3,1,0.9178842105263157,0.45142541649585716
635,,after_candidate_limit,,2433,97,8,97,15,4.5,3,4.5,2,8,0.9299516746411484,0.4513916164735951
636,,after_candidate_limit,,2434,97,9,97,15,4.5,3,4.5,2,15,0.9299516746411484,0.4513916164735951
637,,after_candidate_limit,,2608,104,8,104,15,6.75,3,4.5,2,8,0.9299516746411484,0.4513916164735951
638,,after_candidate_limit,,2609,104,9,104,15,6.75,3,4.5,2,15,0.9299516746411484,0.4513916164735951
639,,after_candidate_limit,,2784,111,9,111,15,9,3,4.5,2,15,0.9299516746411484,0.4513916164735951
640,,after_candidate_limit,,1531,61,6,61,13.89,12.5,2.17,3.25,2,2,0.9276086124401914,0.4511927564006547
641,,after_candidate_limit,,2408,96,8,96,15,4.5,2.17,3.25,2,8,0.9301899521531101,0.4510447032533108
642,,after_candidate_limit,,2409,96,9,96,15,4.5,2.17,3.25,2,15,0.9301899521531101,0.4510447032533108
643,,after_candidate_limit,,2583,103,8,103,15,6.75,2.17,3.25,2,8,0.9301899521531101,0.4510447032533108
644,,after_candidate_limit,,2584,103,9,103,15,6.75,2.17,3.25,2,15,0.9301899521531101,0.4510447032533108
645,,after_candidate_limit,,2759,110,9,110,15,9,2.17,3.25,2,15,0.9301899521531101,0.4510447032533108
646,,after_candidate_limit,,28,1,3,1,11.67,10.5,0.5,1.38,1,8,0.9450602870813397,0.4509850440982665
647,,after_candidate_limit,,3,0,3,0,11.67,10.5,0.5,0.75,1,8,0.9450401913875598,0.4507418386985057
648,,after_candidate_limit,,2585,103,10,103,15,6.75,2.17,3.25,3,1,0.9158277511961722,0.4503940840482844
649,,after_candidate_limit,,1935,77,10,77,13.89,8.33,0.5,0.75,3,1,0.9175502392344498,0.4503499560513321
650,,after_candidate_limit,,854,34,4,34,12.78,11.5,3,4.5,1,15,0.9423311004784689,0.45027429801151314
651,,after_candidate_limit,,2358,94,8,94,15,4.5,1.33,2,2,8,0.9317913875598086,0.45022066300534724
652,,after_candidate_limit,,2359,94,9,94,15,4.5,1.33,2,2,15,0.9317913875598086,0.45022066300534724
653,,after_candidate_limit,,2383,95,8,95,15,4.5,1.33,3.67,2,8,0.9317913875598086,0.45022066300534724
654,,after_candidate_limit,,2384,95,9,95,15,4.5,1.33,3.67,2,15,0.9317913875598086,0.45022066300534724
655,,after_candidate_limit,,2533,101,8,101,15,6.75,1.33,2,2,8,0.9317913875598086,0.45022066300534724
656,,after_candidate_limit,,2534,101,9,101,15,6.75,1.33,2,2,15,0.9317913875598086,0.45022066300534724
657,,after_candidate_limit,,2558,102,8,102,15,6.75,1.33,3.67,2,8,0.9317913875598086,0.45022066300534724
658,,after_candidate_limit,,2559,102,9,102,15,6.75,1.33,3.67,2,15,0.9317913875598086,0.45022066300534724
659,,after_candidate_limit,,2709,108,9,108,15,9,1.33,2,2,15,0.9317913875598086,0.45022066300534724
660,,after_candidate_limit,,2734,109,9,109,15,9,1.33,3.67,2,15,0.9317913875598086,0.45022066300534724
661,,after_candidate_limit,,151,6,1,6,11.67,10.5,3,4.5,1,2,0.9349090909090909,0.45004670927235535
662,,after_candidate_limit,,425,17,0,17,11.67,5.25,1.33,2,1,1,0.9411875598086125,0.44988730268333227
663,,after_candidate_limit,,126,5,1,5,11.67,10.5,2.17,3.25,1,2,0.937443062200957,0.4498871739439917
664,,after_candidate_limit,,2285,91,10,91,15,4.5,0.5,0.75,3,1,0.9197062200956938,0.44979925240204516
665,,after_candidate_limit,,177,7,2,7,11.67,3.5,0.5,0.75,1,3,0.9451090909090909,0.44974996484534896
666,,after_candidate_limit,,1932,77,7,77,13.89,8.33,0.5,0.75,2,3,0.9305971291866029,0.44972257915634745
667,,after_candidate_limit,,1408,56,8,56,13.89,12.5,0.5,0.75,2,8,0.9306736842105263,0.4495642880915885
668,,after_candidate_limit,,1982,79,7,79,13.89,8.33,0.5,2,2,3,0.930666985645933,0.44952688516249156
669,,after_candidate_limit,,2783,111,8,111,15,9,3,4.5,2,8,0.9299258373205742,0.44946400600263187
670,,after_candidate_limit,,202,8,2,8,11.67,3.5,0.5,1.38,1,3,0.9451071770334928,0.4494591151721464
671,,after_candidate_limit,,227,9,2,9,11.67,3.5,0.5,2,1,3,0.9451071770334928,0.4494591151721464
672,,after_candidate_limit,,779,31,4,31,12.78,11.5,1.33,2,1,15,0.944755980861244,0.4493985559791488
673,,after_candidate_limit,,829,33,4,33,12.78,11.5,2.17,3.25,1,15,0.9436995215311005,0.4493376613679926
674,,after_candidate_limit,,1957,78,7,78,13.89,8.33,0.5,1.38,2,3,0.930665071770335,0.4493141120687164
675,,after_candidate_limit,,2560,102,10,102,15,6.75,1.33,3.67,3,1,0.9153373205741627,0.4493111502354346
676,,after_candidate_limit,,2758,110,8,110,15,9,2.17,3.25,2,8,0.930167942583732,0.4492721362854809
677,,after_candidate_limit,,804,32,4,32,12.78,11.5,1.33,3.67,1,15,0.9447492822966507,0.4492718643233949
678,,after_candidate_limit,,450,18,0,18,11.67,5.25,1.33,3.67,1,1,0.941200956937799,0.44926258577028116
679,,after_candidate_limit,,1433,57,8,57,13.89,12.5,0.5,1.38,2,8,0.9306105263157894,0.4492006245248053
680,,after_candidate_limit,,1960,78,10,78,13.89,8.33,0.5,1.38,3,1,0.9175435406698564,0.4490428196191608
681,,after_candidate_limit,,2535,101,10,101,15,6.75,1.33,2,3,1,0.9153277511961723,0.44892956958444824
682,,after_candidate_limit,,1507,60,7,60,13.89,12.5,1.33,3.67,2,3,0.9279244019138756,0.4488535669447192
683,,after_candidate_limit,,2708,108,8,108,15,9,1.33,2,2,8,0.9317751196172249,0.4486874481048758
684,,after_candidate_limit,,1458,58,8,58,13.89,12.5,0.5,2,2,8,0.9305866028708134,0.4486807542247658
685,,after_candidate_limit,,2733,109,8,109,15,9,1.33,3.67,2,8,0.9317684210526316,0.44841327780915063
686,,after_candidate_limit,,178,7,3,7,11.67,3.5,0.5,0.75,1,8,0.9450995215311004,0.44836443477839477
687,,after_candidate_limit,,179,7,4,7,11.67,3.5,0.5,0.75,1,15,0.9450995215311004,0.44836443477839477
688,,after_candidate_limit,,203,8,3,8,11.67,3.5,0.5,1.38,1,8,0.9450995215311004,0.44836443477839477
689,,after_candidate_limit,,204,8,4,8,11.67,3.5,0.5,1.38,1,15,0.9450995215311004,0.44836443477839477
690,,after_candidate_limit,,228,9,3,9,11.67,3.5,0.5,2,1,8,0.9450995215311004,0.44836443477839477
691,,after_candidate_limit,,229,9,4,9,11.67,3.5,0.5,2,1,15,0.9450995215311004,0.44836443477839477
692,,after_candidate_limit,,353,14,3,14,11.67,5.25,0.5,0.75,1,8,0.9450995215311004,0.44836443477839477
693,,after_candidate_limit,,354,14,4,14,11.67,5.25,0.5,0.75,1,15,0.9450995215311004,0.44836443477839477
694,,after_candidate_limit,,378,15,3,15,11.67,5.25,0.5,1.38,1,8,0.9450995215311004,0.44836443477839477
695,,after_candidate_limit,,379,15,4,15,11.67,5.25,0.5,1.38,1,15,0.9450995215311004,0.44836443477839477
696,,after_candidate_limit,,403,16,3,16,11.67,5.25,0.5,2,1,8,0.9450995215311004,0.44836443477839477
697,,after_candidate_limit,,404,16,4,16,11.67,5.25,0.5,2,1,15,0.9450995215311004,0.44836443477839477
698,,after_candidate_limit,,528,21,3,21,11.67,7,0.5,0.75,1,8,0.9450995215311004,0.44836443477839477
699,,after_candidate_limit,,529,21,4,21,11.67,7,0.5,0.75,1,15,0.9450995215311004,0.44836443477839477
700,,after_candidate_limit,,553,22,3,22,11.67,7,0.5,1.38,1,8,0.9450995215311004,0.44836443477839477
701,,after_candidate_limit,,554,22,4,22,11.67,7,0.5,1.38,1,15,0.9450995215311004,0.44836443477839477
702,,after_candidate_limit,,578,23,3,23,11.67,7,0.5,2,1,8,0.9450995215311004,0.44836443477839477
703,,after_candidate_limit,,579,23,4,23,11.67,7,0.5,2,1,15,0.9450995215311004,0.44836443477839477
704,,after_candidate_limit,,1556,62,6,62,13.89,12.5,3,4.5,2,2,0.9253712918660287,0.4483160908747886
705,,after_candidate_limit,,1055,42,5,42,12.78,5.75,0.5,0.75,2,1,0.9284258373205742,0.44829234972637394
706,,after_candidate_limit,,1985,79,10,79,13.89,8.33,0.5,2,3,1,0.917578947368421,0.44819014694211495
707,,after_candidate_limit,,706,28,6,28,12.78,11.5,0.5,0.75,2,2,0.928888038277512,0.4479127606561282
708,,after_candidate_limit,,1631,65,6,65,13.89,4.17,0.5,2,2,2,0.9305311004784689,0.4478912023169702
709,,after_candidate_limit,,1606,64,6,64,13.89,4.17,0.5,1.38,2,2,0.9305196172248804,0.44749700095451456
710,,after_candidate_limit,,1757,70,7,70,13.89,6.25,0.5,0.75,2,3,0.9304985645933014,0.44745325204836983
711,,after_candidate_limit,,1581,63,6,63,13.89,4.17,0.5,0.75,2,2,0.9305196172248804,0.4473153807187956
712,,after_candidate_limit,,1410,56,10,56,13.89,12.5,0.5,0.75,3,1,0.9188794258373206,0.44726767639591775
713,,after_candidate_limit,,1807,72,7,72,13.89,6.25,0.5,2,2,3,0.9304966507177034,0.447262572069588
714,,after_candidate_limit,,1782,71,7,71,13.89,6.25,0.5,1.38,2,3,0.9304956937799043,0.4472214926091918
715,,after_candidate_limit,,1105,44,5,44,12.78,5.75,0.5,2,2,1,0.9284334928229665,0.4471896471329773
716,,after_candidate_limit,,1080,43,5,43,12.78,5.75,0.5,1.38,2,1,0.9284095693779905,0.4469402216587087
717,,after_candidate_limit,,475,19,0,19,11.67,5.25,2.17,3.25,1,1,0.9369952153110048,0.4468792841557277
718,,after_candidate_limit,,1482,59,7,59,13.89,12.5,1.33,2,2,3,0.9278622009569378,0.44681442502623747
719,,after_candidate_limit,,2310,92,10,92,15,4.5,0.5,1.38,3,1,0.9196535885167464,0.44679042807370284
720,,after_candidate_limit,,1557,62,7,62,13.89,12.5,3,4.5,2,3,0.9247875598086125,0.4465091002365078
721,,after_candidate_limit,,2335,93,10,93,15,4.5,0.5,2,3,1,0.9196641148325359,0.4462561949857942
722,,after_candidate_limit,,2006,80,6,80,13.89,8.33,1.33,2,2,2,0.9270593301435407,0.4460896518870134
723,,after_candidate_limit,,1532,61,7,61,13.89,12.5,2.17,3.25,2,3,0.9269416267942584,0.44598582617831056
724,,after_candidate_limit,,102,4,2,4,11.67,10.5,1.33,3.67,1,3,0.9411846889952153,0.4459758300404217
725,,after_candidate_limit,,77,3,2,3,11.67,10.5,1.33,2,1,3,0.9411894736842106,0.44549466365456886
726,,after_candidate_limit,,2786,111,11,111,15,9,3,4.5,3,2,0.9174612440191388,0.44544696539235257
727,,after_candidate_limit,,2031,81,6,81,13.89,8.33,1.33,3.67,2,2,0.9271014354066985,0.44535467170446186
728,,after_candidate_limit,,2461,98,11,98,15,6.75,0.5,0.75,3,2,0.9195014354066986,0.4453229233042193
729,,after_candidate_limit,,500,20,0,20,11.67,5.25,3,4.5,1,1,0.9344172248803828,0.4452225056221755
730,,after_candidate_limit,,29,1,4,1,11.67,10.5,0.5,1.38,1,15,0.9450057416267943,0.44518936866764497
731,,after_candidate_limit,,54,2,4,2,11.67,10.5,0.5,2,1,15,0.9450057416267943,0.44518936866764497
732,,after_candidate_limit,,4,0,4,0,11.67,10.5,0.5,0.75,1,15,0.9450047846889952,0.44517894036224465
733,,after_candidate_limit,,2637,105,12,105,15,9,0.5,0.75,3,3,0.9193684210526316,0.4450125770439661
734,,after_candidate_limit,,2486,99,11,99,15,6.75,0.5,1.38,3,2,0.9195186602870813,0.44495665096885384
735,,after_candidate_limit,,2511,100,11,100,15,6.75,0.5,2,3,2,0.9195349282296651,0.44486697566797206
736,,after_candidate_limit,,601,24,1,24,11.67,7,1.33,2,1,2,0.9409052631578947,0.4443631330092433
737,,after_candidate_limit,,2056,82,6,82,13.89,8.33,2.17,3.25,2,2,0.9261827751196172,0.44425646884380127
738,,after_candidate_limit,,2687,107,12,107,15,9,0.5,2,3,3,0.9193674641148325,0.44420076492506055
739,,after_candidate_limit,,2662,106,12,106,15,9,0.5,1.38,3,3,0.9193540669856459,0.44409505664654225
740,,after_candidate_limit,,127,5,2,5,11.67,10.5,2.17,3.25,1,3,0.9369837320574163,0.44407248565701474
741,,after_candidate_limit,,2761,110,11,110,15,9,2.17,3.25,3,2,0.9153645933014354,0.44405205013327453
742,,after_candidate_limit,,626,25,1,25,11.67,7,1.33,3.67,1,2,0.9409033492822967,0.4440240568757888
743,,after_candidate_limit,,2081,83,6,83,13.89,8.33,3,4.5,2,2,0.9240267942583732,0.443965366239133
744,,after_candidate_limit,,1582,63,7,63,13.89,4.17,0.5,0.75,2,3,0.9304124401913876,0.4438998336578072
745,,after_candidate_limit,,1632,65,7,65,13.89,4.17,0.5,2,2,3,0.9304095693779905,0.4437431412380271
746,,after_candidate_limit,,1607,64,7,64,13.89,4.17,0.5,1.38,2,3,0.9304095693779905,0.4437171462989887
747,,after_candidate_limit,,731,29,6,29,12.78,11.5,0.5,1.38,2,2,0.928644976076555,0.44331830938605193
748,,after_candidate_limit,,152,6,2,6,11.67,10.5,3,4.5,1,3,0.9343933014354067,0.44311883234091715
749,,after_candidate_limit,,275,11,0,11,11.67,3.5,1.33,3.67,1,1,0.9408861244019139,0.44300169017447705
750,,after_candidate_limit,,2112,84,12,84,15,13.5,0.5,0.75,3,3,0.9195712918660287,0.4428676943111676
751,,after_candidate_limit,,2110,84,10,84,15,13.5,0.5,0.75,3,1,0.9194755980861244,0.44280202525678364
752,,after_candidate_limit,,2736,109,11,109,15,9,1.33,3.67,3,2,0.9148722488038278,0.4427560977577658
753,,after_candidate_limit,,250,10,0,10,11.67,3.5,1.33,2,1,1,0.9408717703349282,0.4427126684484613
754,,after_candidate_limit,,1680,67,5,67,13.89,4.17,1.33,3.67,2,1,0.9270488038277512,0.44261950201336137
755,,after_candidate_limit,,1409,56,9,56,13.89,12.5,0.5,0.75,2,15,0.9302966507177034,0.4426140291017209
756,,after_candidate_limit,,1655,66,5,66,13.89,4.17,1.33,2,2,1,0.9270363636363637,0.4424160896923414
757,,after_candidate_limit,,2711,108,11,108,15,9,1.33,2,3,2,0.9148377990430622,0.4423528924553882
758,,after_candidate_limit,,1760,70,10,70,13.89,6.25,0.5,0.75,3,1,0.9172555023923445,0.44234496722149147
759,,after_candidate_limit,,756,30,6,30,12.78,11.5,0.5,2,2,2,0.9286200956937799,0.44217742724697123
760,,after_candidate_limit,,1785,71,10,71,13.89,6.25,0.5,1.38,3,1,0.9173062200956937,0.44203752191044837
761,,after_candidate_limit,,1810,72,10,72,13.89,6.25,0.5,2,3,1,0.9173511961722488,0.4417205342984655
762,,after_candidate_limit,,651,26,1,26,11.67,7,2.17,3.25,1,2,0.936711961722488,0.44168466248790444
763,,after_candidate_limit,,1459,58,9,58,13.89,12.5,0.5,2,2,15,0.9302124401913876,0.4416564116072509
764,,after_candidate_limit,,1434,57,9,57,13.89,12.5,0.5,1.38,2,15,0.9302287081339713,0.44163707678974184
765,,after_candidate_limit,,707,28,7,28,12.78,11.5,0.5,0.75,2,3,0.9283923444976077,0.4415819351267866
766,,after_candidate_limit,,1705,68,5,68,13.89,4.17,2.17,3.25,2,1,0.9261511961722488,0.4414469067693081
767,,after_candidate_limit,,1730,69,5,69,13.89,4.17,3,4.5,2,1,0.9239751196172249,0.4414306579253419
768,,after_candidate_limit,,2113,84,13,84,15,13.5,0.5,0.75,3,8,0.9194803827751196,0.4414218143899881
769,,after_candidate_limit,,1856,74,6,74,13.89,6.25,1.33,3.67,2,2,0.9268813397129186,0.44131536831298673
770,,after_candidate_limit,,1583,63,8,63,13.89,4.17,0.5,0.75,2,8,0.9303904306220095,0.44130194195473316
771,,after_candidate_limit,,1584,63,9,63,13.89,4.17,0.5,0.75,2,15,0.9303904306220095,0.44130194195473316
772,,after_candidate_limit,,1608,64,8,64,13.89,4.17,0.5,1.38,2,8,0.9303904306220095,0.44130194195473316
773,,after_candidate_limit,,1609,64,9,64,13.89,4.17,0.5,1.38,2,15,0.9303904306220095,0.44130194195473316
774,,after_candidate_limit,,1633,65,8,65,13.89,4.17,0.5,2,2,8,0.9303904306220095,0.44130194195473316
775,,after_candidate_limit,,1634,65,9,65,13.89,4.17,0.5,2,2,15,0.9303904306220095,0.44130194195473316
776,,after_candidate_limit,,1758,70,8,70,13.89,6.25,0.5,0.75,2,8,0.9303904306220095,0.44130194195473316
777,,after_candidate_limit,,1759,70,9,70,13.89,6.25,0.5,0.75,2,15,0.9303904306220095,0.44130194195473316
778,,after_candidate_limit,,1783,71,8,71,13.89,6.25,0.5,1.38,2,8,0.9303904306220095,0.44130194195473316
779,,after_candidate_limit,,1784,71,9,71,13.89,6.25,0.5,1.38,2,15,0.9303904306220095,0.44130194195473316
780,,after_candidate_limit,,1808,72,8,72,13.89,6.25,0.5,2,2,8,0.9303904306220095,0.44130194195473316
781,,after_candidate_limit,,1809,72,9,72,13.89,6.25,0.5,2,2,15,0.9303904306220095,0.44130194195473316
782,,after_candidate_limit,,1934,77,9,77,13.89,8.33,0.5,0.75,2,15,0.9303904306220095,0.44130194195473316
783,,after_candidate_limit,,1958,78,8,78,13.89,8.33,0.5,1.38,2,8,0.9303904306220095,0.44130194195473316
784,,after_candidate_limit,,1959,78,9,78,13.89,8.33,0.5,1.38,2,15,0.9303904306220095,0.44130194195473316
785,,after_candidate_limit,,1983,79,8,79,13.89,8.33,0.5,2,2,8,0.9303904306220095,0.44130194195473316
786,,after_candidate_limit,,1984,79,9,79,13.89,8.33,0.5,2,2,15,0.9303904306220095,0.44130194195473316
787,,after_candidate_limit,,1831,73,6,73,13.89,6.25,1.33,2,2,2,0.9268746411483254,0.4412020494816446
788,,after_candidate_limit,,1933,77,8,77,13.89,8.33,0.5,0.75,2,8,0.9303894736842105,0.44101374291978485
789,,after_candidate_limit,,676,27,1,27,11.67,7,3,4.5,1,2,0.9341244019138756,0.4406191252827817
790,,after_candidate_limit,,732,29,7,29,12.78,11.5,0.5,1.38,2,3,0.9283196172248804,0.4406022784404383
791,,after_candidate_limit,,300,12,0,12,11.67,3.5,2.17,3.25,1,1,0.9366803827751197,0.44050532987667357
792,,after_candidate_limit,,1881,75,6,75,13.89,6.25,2.17,3.25,2,2,0.9259837320574162,0.4403368081280611
793,,after_candidate_limit,,1906,76,6,76,13.89,6.25,3,4.5,2,2,0.9238066985645933,0.4402710297887075
794,,after_candidate_limit,,451,18,1,18,11.67,5.25,1.33,3.67,1,2,0.9407272727272727,0.4401909064225263
795,,after_candidate_limit,,426,17,1,17,11.67,5.25,1.33,2,1,2,0.9407282296650717,0.44018275916698185
796,,after_candidate_limit,,602,24,2,24,11.67,7,1.33,2,1,3,0.9406765550239234,0.44010878050285257
797,,after_candidate_limit,,627,25,2,25,11.67,7,1.33,3.67,1,3,0.9406755980861244,0.4401060628061207
798,,after_candidate_limit,,2137,85,12,85,15,13.5,0.5,1.38,3,3,0.9195234449760765,0.4399571092557608
799,,after_candidate_limit,,4075,163,0,163,9.44,8.5,0.5,2,1,1,0.9417961722488039,0.439888497779392
800,,after_candidate_limit,,2512,100,12,100,15,6.75,0.5,2,3,3,0.9192296650717703,0.4397628758586709
801,,after_candidate_limit,,1435,57,10,57,13.89,12.5,0.5,1.38,3,1,0.9183866028708134,0.43972249524385965
802,,after_candidate_limit,,2462,98,12,98,15,6.75,0.5,0.75,3,3,0.9192344497607655,0.4396085339774949
803,,after_candidate_limit,,2487,99,12,99,15,6.75,0.5,1.38,3,3,0.9192258373205742,0.4396082209622754
804,,after_candidate_limit,,325,13,0,13,11.67,3.5,3,4.5,1,1,0.9341052631578948,0.4395530069314805
805,,after_candidate_limit,,2336,93,11,93,15,4.5,0.5,2,3,2,0.9192583732057417,0.4395512996258518
806,,after_candidate_limit,,2311,92,11,92,15,4.5,0.5,1.38,3,2,0.9192564593301435,0.4394692949347605
807,,after_candidate_limit,,4050,162,0,162,9.44,8.5,0.5,1.38,1,1,0.9417626794258374,0.43940898146751095
808,,after_candidate_limit,,2286,91,11,91,15,4.5,0.5,0.75,3,2,0.9192555023923445,0.43918894512561
809,,after_candidate_limit,,2136,85,11,85,15,13.5,0.5,1.38,3,2,0.9191961722488038,0.43901302939499054
810,,after_candidate_limit,,1231,49,6,49,12.78,7.67,0.5,0.75,2,2,0.928067942583732,0.43894565206968206
811,,after_candidate_limit,,1281,51,6,51,12.78,7.67,0.5,2,2,2,0.9280947368421053,0.4387825394139577
812,,after_candidate_limit,,2111,84,11,84,15,13.5,0.5,0.75,3,2,0.9194344497607656,0.43877258722537993
813,,after_candidate_limit,,2032,81,7,81,13.89,8.33,1.33,3.67,2,3,0.9268296650717703,0.43875969486966604
814,,after_candidate_limit,,276,11,1,11,11.67,3.5,1.33,3.67,1,2,0.9406516746411483,0.43866541701294787
815,,after_candidate_limit,,880,35,5,35,12.78,3.83,0.5,0.75,2,1,0.9280095693779904,0.4386247401676985
816,,after_candidate_limit,,1256,50,6,50,12.78,7.67,0.5,1.38,2,2,0.9280928229665072,0.4385000530019852
817,,after_candidate_limit,,2162,86,12,86,15,13.5,0.5,2,3,3,0.9193674641148325,0.4384928894634266
818,,after_candidate_limit,,251,10,1,10,11.67,3.5,1.33,2,1,2,0.9406382775119617,0.438386564065358
819,,after_candidate_limit,,2161,86,11,86,15,13.5,0.5,2,3,2,0.9189196172248804,0.4383495154166983
820,,after_candidate_limit,,2007,80,7,80,13.89,8.33,1.33,2,2,3,0.9268114832535885,0.4381461041795129
821,,after_candidate_limit,,757,30,7,30,12.78,11.5,0.5,2,2,3,0.9283062200956937,0.43814095356348204
822,,after_candidate_limit,,2082,83,7,83,13.89,8.33,3,4.5,2,3,0.9237674641148326,0.4381230885998387
823,,after_candidate_limit,,2138,85,13,85,15,13.5,0.5,1.38,3,8,0.9194363636363636,0.438056316122563
824,,after_candidate_limit,,4025,161,0,161,9.44,8.5,0.5,0.75,1,1,0.9418210526315789,0.43799000870541294
825,,after_candidate_limit,,476,19,1,19,11.67,5.25,2.17,3.25,1,2,0.936533014354067,0.43776078676285013
826,,after_candidate_limit,,2057,82,7,82,13.89,8.33,2.17,3.25,2,3,0.9259330143540669,0.4377342799833769
827,,after_candidate_limit,,652,26,2,26,11.67,7,2.17,3.25,1,3,0.9364794258373206,0.4376393475990909
828,,after_candidate_limit,,2164,86,14,86,15,13.5,0.5,2,3,15,0.9191531100478469,0.43754886603746307
829,,after_candidate_limit,,1330,53,5,53,12.78,7.67,1.33,3.67,2,1,0.9225856459330144,0.43752826903250863
830,,after_candidate_limit,,1380,55,5,55,12.78,7.67,3,4.5,2,1,0.9180421052631579,0.4375213700430476
831,,after_candidate_limit,,1460,58,10,58,13.89,12.5,0.5,2,3,1,0.9181980861244019,0.4375147510924727
832,,after_candidate_limit,,1305,52,5,52,12.78,7.67,1.33,2,2,1,0.9225511961722488,0.4374247647313105
833,,after_candidate_limit,,103,4,3,4,11.67,10.5,1.33,3.67,1,8,0.9406,0.43735857097746184
834,,after_candidate_limit,,5,0,5,0,11.67,10.5,0.5,0.75,2,1,0.9270717703349283,0.43724208686845095
835,,after_candidate_limit,,1355,54,5,54,12.78,7.67,2.17,3.25,2,1,0.9202789473684211,0.4372125902096309
836,,after_candidate_limit,,2114,84,14,84,15,13.5,0.5,0.75,3,15,0.9191129186602871,0.4371588592052448
837,,after_candidate_limit,,1483,59,8,59,13.89,12.5,1.33,2,2,8,0.926755023923445,0.4371579609641987
838,,after_candidate_limit,,2139,85,14,85,15,13.5,0.5,1.38,3,15,0.9191205741626794,0.4371336916956331
839,,after_candidate_limit,,2135,85,10,85,15,13.5,0.5,1.38,3,1,0.9186909090909091,0.4369920926486232
840,,after_candidate_limit,,1508,60,8,60,13.89,12.5,1.33,3.67,2,8,0.9266966507177034,0.43697876441550204
841,,after_candidate_limit,,1681,67,6,67,13.89,4.17,1.33,3.67,2,2,0.9267023923444976,0.43689745291406973
842,,after_candidate_limit,,427,17,2,17,11.67,5.25,1.33,2,1,3,0.9405885167464115,0.43681477450695544
843,,after_candidate_limit,,501,20,1,20,11.67,5.25,3,4.5,1,2,0.9339444976076555,0.4367035714345722
844,,after_candidate_limit,,1656,66,6,66,13.89,4.17,1.33,2,2,2,0.9266909090909091,0.436684807786919
845,,after_candidate_limit,,1411,56,11,56,13.89,12.5,0.5,0.75,3,2,0.9176401913875598,0.4365748472783798
846,,after_candidate_limit,,677,27,2,27,11.67,7,3,4.5,1,3,0.9338918660287081,0.436556883528602
847,,after_candidate_limit,,78,3,3,3,11.67,10.5,1.33,2,1,8,0.9405684210526316,0.43653792430718136
848,,after_candidate_limit,,452,18,2,18,11.67,5.25,1.33,3.67,1,3,0.940577990430622,0.43647683802963017
849,,after_candidate_limit,,1436,57,11,57,13.89,12.5,0.5,1.38,3,2,0.9174354066985646,0.4363910567651443
850,,after_candidate_limit,,2163,86,13,86,15,13.5,0.5,2,3,8,0.919376076555024,0.43630078042797293
851,,after_candidate_limit,,580,23,5,23,11.67,7,0.5,2,2,1,0.9263885167464114,0.43618705244435607
852,,after_candidate_limit,,301,12,1,12,11.67,3.5,2.17,3.25,1,2,0.9364497607655502,0.43613005315996384
853,,after_candidate_limit,,2435,97,10,97,15,4.5,3,4.5,3,1,0.9172478468899522,0.4360895999704305
854,,after_candidate_limit,,1533,61,8,61,13.89,12.5,2.17,3.25,2,8,0.9258114832535885,0.43606607863040214
855,,after_candidate_limit,,1558,62,8,62,13.89,12.5,3,4.5,2,8,0.9236153110047847,0.4360275270875734
856,,after_candidate_limit,,1857,74,7,74,13.89,6.25,1.33,3.67,2,3,0.9266545454545455,0.43602370854131184
857,,after_candidate_limit,,1832,73,7,73,13.89,6.25,1.33,2,2,3,0.9266535885167464,0.4360076117495322
858,,after_candidate_limit,,905,36,5,36,12.78,3.83,0.5,1.38,2,1,0.9279913875598086,0.4359852404790185
859,,after_candidate_limit,,1731,69,6,69,13.89,4.17,3,4.5,2,2,0.9236306220095694,0.4359200336672803
860,,after_candidate_limit,,1706,68,6,68,13.89,4.17,2.17,3.25,2,2,0.9258047846889952,0.43590160354799246
861,,after_candidate_limit,,930,37,5,37,12.78,3.83,0.5,2,2,1,0.9280028708133972,0.43583054034545565
862,,after_candidate_limit,,555,22,5,22,11.67,7,0.5,1.38,2,1,0.9263550239234449,0.4357043384657216
863,,after_candidate_limit,,2787,111,12,111,15,9,3,4.5,3,3,0.91702009569378,0.43554202705838546
864,,after_candidate_limit,,530,21,5,21,11.67,7,0.5,0.75,2,1,0.9262602870813397,0.43551369567141357
865,,after_candidate_limit,,2287,91,12,91,15,4.5,0.5,0.75,3,3,0.9191167464114832,0.4354658585521918
866,,after_candidate_limit,,1461,58,11,58,13.89,12.5,0.5,2,3,2,0.9173119617224881,0.43541054323301803
867,,after_candidate_limit,,2337,93,12,93,15,4.5,0.5,2,3,3,0.919111961722488,0.43529599332030344
868,,after_candidate_limit,,2312,92,12,92,15,4.5,0.5,1.38,3,3,0.919111961722488,0.4352710588975527
869,,after_candidate_limit,,326,13,1,13,11.67,3.5,3,4.5,1,2,0.9338708133971292,0.43519589867446296
870,,after_candidate_limit,,1907,76,7,76,13.89,6.25,3,4.5,2,3,0.9235856459330144,0.43513154616135813
871,,after_candidate_limit,,1882,75,7,75,13.89,6.25,2.17,3.25,2,3,0.9257617224880382,0.43509487396936863
872,,after_candidate_limit,,2410,96,10,96,15,4.5,2.17,3.25,3,1,0.9151827751196172,0.4349935032621639
873,,after_candidate_limit,,277,11,2,11,11.67,3.5,1.33,3.67,1,3,0.940556937799043,0.43496534375687473
874,,after_candidate_limit,,2611,104,11,104,15,6.75,3,4.5,3,2,0.9171148325358852,0.4347124999355014
875,,after_candidate_limit,,128,5,3,5,11.67,10.5,2.17,3.25,1,8,0.9364038277511961,0.43461104497100617
876,,after_candidate_limit,,252,10,2,10,11.67,3.5,1.33,2,1,3,0.9405521531100478,0.43437036958173
877,,after_candidate_limit,,2762,110,12,110,15,9,2.17,3.25,3,3,0.9149425837320574,0.43430446292831165
878,,after_candidate_limit,,153,6,3,6,11.67,10.5,3,4.5,1,8,0.9338267942583732,0.43421266699673106
879,,after_candidate_limit,,477,19,2,19,11.67,5.25,2.17,3.25,1,3,0.9363818181818182,0.43406980979987825
880,,after_candidate_limit,,2360,94,10,94,15,4.5,1.33,2,3,1,0.9146827751196173,0.43391858226489016
881,,after_candidate_limit,,1056,42,6,42,12.78,5.75,0.5,0.75,2,2,0.9278382775119617,0.43391069804547694
882,,after_candidate_limit,,2385,95,10,95,15,4.5,1.33,3.67,3,1,0.9147009569377991,0.43387372630367105
883,,after_candidate_limit,,2586,103,11,103,15,6.75,2.17,3.25,3,2,0.9150602870813397,0.43386817052174426
884,,after_candidate_limit,,1936,77,11,77,13.89,8.33,0.5,0.75,3,2,0.9167444976076555,0.4337779206691289
885,,after_candidate_limit,,1081,43,6,43,12.78,5.75,0.5,1.38,2,2,0.9278354066985646,0.4335736882985896
886,,after_candidate_limit,,1106,44,6,44,12.78,5.75,0.5,2,2,2,0.9278344497607656,0.4334701385800084
887,,after_candidate_limit,,253,10,3,10,11.67,3.5,1.33,2,1,8,0.9405454545454546,0.4333770928472767
888,,after_candidate_limit,,254,10,4,10,11.67,3.5,1.33,2,1,15,0.9405454545454546,0.4333770928472767
889,,after_candidate_limit,,278,11,3,11,11.67,3.5,1.33,3.67,1,8,0.9405454545454546,0.4333770928472767
890,,after_candidate_limit,,279,11,4,11,11.67,3.5,1.33,3.67,1,15,0.9405454545454546,0.4333770928472767
891,,after_candidate_limit,,428,17,3,17,11.67,5.25,1.33,2,1,8,0.9405454545454546,0.4333770928472767
892,,after_candidate_limit,,429,17,4,17,11.67,5.25,1.33,2,1,15,0.9405454545454546,0.4333770928472767
893,,after_candidate_limit,,453,18,3,18,11.67,5.25,1.33,3.67,1,8,0.9405454545454546,0.4333770928472767
894,,after_candidate_limit,,454,18,4,18,11.67,5.25,1.33,3.67,1,15,0.9405454545454546,0.4333770928472767
895,,after_candidate_limit,,603,24,3,24,11.67,7,1.33,2,1,8,0.9405454545454546,0.4333770928472767
896,,after_candidate_limit,,604,24,4,24,11.67,7,1.33,2,1,15,0.9405454545454546,0.4333770928472767
897,,after_candidate_limit,,628,25,3,25,11.67,7,1.33,3.67,1,8,0.9405454545454546,0.4333770928472767
898,,after_candidate_limit,,629,25,4,25,11.67,7,1.33,3.67,1,15,0.9405454545454546,0.4333770928472767
899,,after_candidate_limit,,30,1,5,1,11.67,10.5,0.5,1.38,2,1,0.9269693779904307,0.4333336051577713
900,,after_candidate_limit,,2160,86,10,86,15,13.5,0.5,2,3,1,0.91811004784689,0.43309463236018125
901,,after_candidate_limit,,1282,51,7,51,12.78,7.67,0.5,2,2,3,0.9278066985645933,0.4329515490576279
902,,after_candidate_limit,,3850,154,0,154,9.44,5.66,0.5,0.75,1,1,0.9411492822966507,0.4329490565899887
903,,after_candidate_limit,,2737,109,12,109,15,9,1.33,3.67,3,3,0.9144416267942583,0.4328988445893371
904,,after_candidate_limit,,1257,50,7,50,12.78,7.67,0.5,1.38,2,3,0.9278095693779904,0.4328263772866568
905,,after_candidate_limit,,1961,78,11,78,13.89,8.33,0.5,1.38,3,2,0.9167712918660287,0.43277620099608394
906,,after_candidate_limit,,502,20,2,20,11.67,5.25,3,4.5,1,3,0.9337846889952153,0.4326728843645219
907,,after_candidate_limit,,1232,49,7,49,12.78,7.67,0.5,0.75,2,3,0.9278267942583732,0.43261285634278984
908,,after_candidate_limit,,2561,102,11,102,15,6.75,1.33,3.67,3,2,0.914565071770335,0.4324982361874167
909,,after_candidate_limit,,1986,79,11,79,13.89,8.33,0.5,2,3,2,0.9167808612440191,0.43248756281285256
910,,after_candidate_limit,,1682,67,7,67,13.89,4.17,1.33,3.67,2,3,0.9265617224880383,0.4324348803007665
911,,after_candidate_limit,,2288,91,13,91,15,4.5,0.5,0.75,3,8,0.919088038277512,0.43241746836794354
912,,after_candidate_limit,,2289,91,14,91,15,4.5,0.5,0.75,3,15,0.919088038277512,0.43241746836794354
913,,after_candidate_limit,,2313,92,13,92,15,4.5,0.5,1.38,3,8,0.919088038277512,0.43241746836794354
914,,after_candidate_limit,,2314,92,14,92,15,4.5,0.5,1.38,3,15,0.919088038277512,0.43241746836794354
915,,after_candidate_limit,,2338,93,13,93,15,4.5,0.5,2,3,8,0.919088038277512,0.43241746836794354
916,,after_candidate_limit,,2339,93,14,93,15,4.5,0.5,2,3,15,0.919088038277512,0.43241746836794354
917,,after_candidate_limit,,2463,98,13,98,15,6.75,0.5,0.75,3,8,0.919088038277512,0.43241746836794354
918,,after_candidate_limit,,2464,98,14,98,15,6.75,0.5,0.75,3,15,0.919088038277512,0.43241746836794354
919,,after_candidate_limit,,2488,99,13,99,15,6.75,0.5,1.38,3,8,0.919088038277512,0.43241746836794354
920,,after_candidate_limit,,2489,99,14,99,15,6.75,0.5,1.38,3,15,0.919088038277512,0.43241746836794354
921,,after_candidate_limit,,2513,100,13,100,15,6.75,0.5,2,3,8,0.919088038277512,0.43241746836794354
922,,after_candidate_limit,,2514,100,14,100,15,6.75,0.5,2,3,15,0.919088038277512,0.43241746836794354
923,,after_candidate_limit,,2639,105,14,105,15,9,0.5,0.75,3,15,0.919088038277512,0.43241746836794354
924,,after_candidate_limit,,2664,106,14,106,15,9,0.5,1.38,3,15,0.919088038277512,0.43241746836794354
925,,after_candidate_limit,,2689,107,14,107,15,9,0.5,2,3,15,0.919088038277512,0.43241746836794354
926,,after_candidate_limit,,2536,101,11,101,15,6.75,1.33,2,3,2,0.9145497607655503,0.43235066145576123
927,,after_candidate_limit,,302,12,2,12,11.67,3.5,2.17,3.25,1,3,0.9363550239234449,0.43230443184775585
928,,after_candidate_limit,,2712,108,12,108,15,9,1.33,2,3,3,0.9144119617224881,0.43230408558990924
929,,after_candidate_limit,,1657,66,7,66,13.89,4.17,1.33,2,2,3,0.9265598086124401,0.43229540303085445
930,,after_candidate_limit,,1585,63,10,63,13.89,4.17,0.5,0.75,3,1,0.9167665071770335,0.4322328238382865
931,,after_candidate_limit,,1732,69,7,69,13.89,4.17,3,4.5,2,3,0.9234937799043063,0.431647235108647
932,,after_candidate_limit,,1707,68,7,68,13.89,4.17,2.17,3.25,2,3,0.925666985645933,0.4315907823307419
933,,after_candidate_limit,,327,13,2,13,11.67,3.5,3,4.5,1,3,0.9337693779904306,0.43149700618981324
934,,after_candidate_limit,,3875,155,0,155,9.44,5.66,0.5,1.38,1,1,0.941111961722488,0.4312317554036176
935,,after_candidate_limit,,2663,106,13,106,15,9,0.5,1.38,3,8,0.9190727272727273,0.43092996775318637
936,,after_candidate_limit,,2688,107,13,107,15,9,0.5,2,3,8,0.9190717703349283,0.4308842534674721
937,,after_candidate_limit,,303,12,3,12,11.67,3.5,2.17,3.25,1,8,0.9363454545454546,0.430879954562907
938,,after_candidate_limit,,304,12,4,12,11.67,3.5,2.17,3.25,1,15,0.9363454545454546,0.430879954562907
939,,after_candidate_limit,,478,19,3,19,11.67,5.25,2.17,3.25,1,8,0.9363454545454546,0.430879954562907
940,,after_candidate_limit,,479,19,4,19,11.67,5.25,2.17,3.25,1,15,0.9363454545454546,0.430879954562907
941,,after_candidate_limit,,653,26,3,26,11.67,7,2.17,3.25,1,8,0.9363454545454546,0.430879954562907
942,,after_candidate_limit,,654,26,4,26,11.67,7,2.17,3.25,1,15,0.9363454545454546,0.430879954562907
943,,after_candidate_limit,,1412,56,12,56,13.89,12.5,0.5,0.75,3,3,0.9170258373205742,0.4307400706261132
944,,after_candidate_limit,,3900,156,0,156,9.44,5.66,0.5,2,1,1,0.9411148325358851,0.4306713313047593
945,,after_candidate_limit,,55,2,5,2,11.67,10.5,0.5,2,2,1,0.9269473684210526,0.4305967765874067
946,,after_candidate_limit,,1437,57,12,57,13.89,12.5,0.5,1.38,3,3,0.9168478468899521,0.43051392449094267
947,,after_candidate_limit,,1462,58,12,58,13.89,12.5,0.5,2,3,3,0.9167626794258373,0.43047699437909764
948,,after_candidate_limit,,79,3,4,3,11.67,10.5,1.33,2,1,15,0.9404736842105264,0.4304582152561914
949,,after_candidate_limit,,104,4,4,4,11.67,10.5,1.33,3.67,1,15,0.9404736842105264,0.4304582152561914
950,,after_candidate_limit,,1509,60,9,60,13.89,12.5,1.33,3.67,2,15,0.9264143540669857,0.43037114302752794
951,,after_candidate_limit,,2638,105,13,105,15,9,0.5,0.75,3,8,0.9190574162679426,0.43036223906047394
952,,after_candidate_limit,,1658,66,8,66,13.89,4.17,1.33,2,2,8,0.9265425837320574,0.4300935445021641
953,,after_candidate_limit,,1659,66,9,66,13.89,4.17,1.33,2,2,15,0.9265425837320574,0.4300935445021641
954,,after_candidate_limit,,1683,67,8,67,13.89,4.17,1.33,3.67,2,8,0.9265425837320574,0.4300935445021641
955,,after_candidate_limit,,1684,67,9,67,13.89,4.17,1.33,3.67,2,15,0.9265425837320574,0.4300935445021641
956,,after_candidate_limit,,1833,73,8,73,13.89,6.25,1.33,2,2,8,0.9265425837320574,0.4300935445021641
957,,after_candidate_limit,,1834,73,9,73,13.89,6.25,1.33,2,2,15,0.9265425837320574,0.4300935445021641
958,,after_candidate_limit,,1858,74,8,74,13.89,6.25,1.33,3.67,2,8,0.9265425837320574,0.4300935445021641
959,,after_candidate_limit,,1859,74,9,74,13.89,6.25,1.33,3.67,2,15,0.9265425837320574,0.4300935445021641
960,,after_candidate_limit,,2008,80,8,80,13.89,8.33,1.33,2,2,8,0.9265425837320574,0.4300935445021641
961,,after_candidate_limit,,2009,80,9,80,13.89,8.33,1.33,2,2,15,0.9265425837320574,0.4300935445021641
962,,after_candidate_limit,,2033,81,8,81,13.89,8.33,1.33,3.67,2,8,0.9265425837320574,0.4300935445021641
963,,after_candidate_limit,,2034,81,9,81,13.89,8.33,1.33,3.67,2,15,0.9265425837320574,0.4300935445021641
964,,after_candidate_limit,,1484,59,9,59,13.89,12.5,1.33,2,2,15,0.9263818181818182,0.4300620234807199
965,,after_candidate_limit,,931,37,6,37,12.78,3.83,0.5,2,2,2,0.9276928229665071,0.4300502066941743
966,,after_candidate_limit,,906,36,6,36,12.78,3.83,0.5,1.38,2,2,0.927688995215311,0.42993954606806495
967,,after_candidate_limit,,328,13,3,13,11.67,3.5,3,4.5,1,8,0.933755980861244,0.42978741870814874
968,,after_candidate_limit,,329,13,4,13,11.67,3.5,3,4.5,1,15,0.933755980861244,0.42978741870814874
969,,after_candidate_limit,,503,20,3,20,11.67,5.25,3,4.5,1,8,0.933755980861244,0.42978741870814874
970,,after_candidate_limit,,504,20,4,20,11.67,5.25,3,4.5,1,15,0.933755980861244,0.42978741870814874
971,,after_candidate_limit,,678,27,3,27,11.67,7,3,4.5,1,8,0.933755980861244,0.42978741870814874
972,,after_candidate_limit,,679,27,4,27,11.67,7,3,4.5,1,15,0.933755980861244,0.42978741870814874
973,,after_candidate_limit,,2612,104,12,104,15,6.75,3,4.5,3,3,0.9168124401913875,0.42971699890259824
974,,after_candidate_limit,,2436,97,11,97,15,4.5,3,4.5,3,2,0.916844976076555,0.42969626646980114
975,,after_candidate_limit,,881,35,6,35,12.78,3.83,0.5,0.75,2,2,0.9276822966507177,0.4296960174852531
976,,after_candidate_limit,,1559,62,9,62,13.89,12.5,3,4.5,2,15,0.923355980861244,0.42954800834857215
977,,after_candidate_limit,,1534,61,9,61,13.89,12.5,2.17,3.25,2,15,0.9255196172248804,0.4294130092254114
978,,after_candidate_limit,,1057,42,7,42,12.78,5.75,0.5,0.75,2,3,0.9276679425837321,0.4292702202626523
979,,after_candidate_limit,,1708,68,8,68,13.89,4.17,2.17,3.25,2,8,0.9256478468899522,0.4292134288186549
980,,after_candidate_limit,,1709,68,9,68,13.89,4.17,2.17,3.25,2,15,0.9256478468899522,0.4292134288186549
981,,after_candidate_limit,,1883,75,8,75,13.89,6.25,2.17,3.25,2,8,0.9256478468899522,0.4292134288186549
982,,after_candidate_limit,,1884,75,9,75,13.89,6.25,2.17,3.25,2,15,0.9256478468899522,0.4292134288186549
983,,after_candidate_limit,,2058,82,8,82,13.89,8.33,2.17,3.25,2,8,0.9256478468899522,0.4292134288186549
984,,after_candidate_limit,,2059,82,9,82,13.89,8.33,2.17,3.25,2,15,0.9256478468899522,0.4292134288186549
985,,after_candidate_limit,,1107,44,7,44,12.78,5.75,0.5,2,2,3,0.9276736842105263,0.42916925621586427
986,,after_candidate_limit,,1733,69,8,69,13.89,4.17,3,4.5,2,8,0.9234727272727272,0.4291612732532625
987,,after_candidate_limit,,1734,69,9,69,13.89,4.17,3,4.5,2,15,0.9234727272727272,0.4291612732532625
988,,after_candidate_limit,,1908,76,8,76,13.89,6.25,3,4.5,2,8,0.9234727272727272,0.4291612732532625
989,,after_candidate_limit,,1909,76,9,76,13.89,6.25,3,4.5,2,15,0.9234727272727272,0.4291612732532625
990,,after_candidate_limit,,2083,83,8,83,13.89,8.33,3,4.5,2,8,0.9234727272727272,0.4291612732532625
991,,after_candidate_limit,,2084,83,9,83,13.89,8.33,3,4.5,2,15,0.9234727272727272,0.4291612732532625
992,,after_candidate_limit,,1082,43,7,43,12.78,5.75,0.5,1.38,2,3,0.9276708133971292,0.42910691949795393
993,,after_candidate_limit,,708,28,8,28,12.78,11.5,0.5,0.75,2,8,0.9277052631578947,0.4289355628908056
994,,after_candidate_limit,,2264,90,14,90,15,13.5,3,4.5,3,15,0.9168354066985646,0.42893527053194336
995,,after_candidate_limit,,1610,64,10,64,13.89,4.17,0.5,1.38,3,1,0.9167406698564593,0.4288843626591797
996,,after_candidate_limit,,2185,87,10,87,15,13.5,1.33,2,3,1,0.9140751196172249,0.4288391281946218
997,,after_candidate_limit,,2587,103,12,103,15,6.75,2.17,3.25,3,3,0.914754066985646,0.4288164898785507
998,,after_candidate_limit,,2411,96,11,96,15,4.5,2.17,3.25,3,2,0.9147856459330144,0.4287642359937936
999,,after_candidate_limit,,1635,65,10,65,13.89,4.17,0.5,2,3,1,0.9167521531100479,0.42859777650925374
1000,,after_candidate_limit,,1130,45,5,45,12.78,5.75,1.33,2,2,1,0.9221148325358852,0.42856125612327206
1001,,after_candidate_limit,,1205,48,5,48,12.78,5.75,3,4.5,2,1,0.9176612440191387,0.42853361028546677
1002,,after_candidate_limit,,733,29,8,29,12.78,11.5,0.5,1.38,2,8,0.9277090909090909,0.42842647490596064
1003,,after_candidate_limit,,1180,47,5,47,12.78,5.75,2.17,3.25,2,1,0.919878947368421,0.4283554765369337
1004,,after_candidate_limit,,355,14,5,14,11.67,5.25,0.5,0.75,2,1,0.9258956937799043,0.4282895371507279
1005,,after_candidate_limit,,129,5,4,5,11.67,10.5,2.17,3.25,1,15,0.9362832535885167,0.4280954132544145
1006,,after_candidate_limit,,1155,46,5,46,12.78,5.75,1.33,3.67,2,1,0.9221588516746412,0.4277793270802014
1007,,after_candidate_limit,,758,30,8,30,12.78,11.5,0.5,2,2,8,0.9277033492822967,0.42775104021981564
1008,,after_candidate_limit,,2186,87,11,87,15,13.5,1.33,2,3,2,0.9143746411483253,0.4275987939920589
1009,,after_candidate_limit,,2239,89,14,89,15,13.5,2.17,3.25,3,15,0.9147444976076555,0.42756463222753366
1010,,after_candidate_limit,,2537,101,12,101,15,6.75,1.33,2,3,3,0.9142645933014354,0.4275546346982468
1011,,after_candidate_limit,,2562,102,12,102,15,6.75,1.33,3.67,3,3,0.9142626794258373,0.4275410006454289
1012,,after_candidate_limit,,2386,95,11,95,15,4.5,1.33,3.67,3,2,0.9142961722488038,0.42750691014837927
1013,,after_candidate_limit,,780,31,5,31,12.78,11.5,1.33,2,2,1,0.9239866028708134,0.4274272199886552
1014,,after_candidate_limit,,1761,70,11,70,13.89,6.25,0.5,0.75,3,2,0.9165693779904306,0.42738036194808304
1015,,after_candidate_limit,,2361,94,11,94,15,4.5,1.33,2,3,2,0.9142904306220095,0.42724470095441297
1016,,after_candidate_limit,,2035,81,10,81,13.89,8.33,1.33,3.67,3,1,0.9099535885167465,0.42717992291064055
1017,,after_candidate_limit,,154,6,4,6,11.67,10.5,3,4.5,1,15,0.9336995215311005,0.42709362339665063
1018,,after_candidate_limit,,1811,72,11,72,13.89,6.25,0.5,2,3,2,0.9165875598086124,0.4270662694539886
1019,,after_candidate_limit,,1786,71,11,71,13.89,6.25,0.5,1.38,3,2,0.9165770334928229,0.42687804264147206
1020,,after_candidate_limit,,2010,80,10,80,13.89,8.33,1.33,2,3,1,0.9098693779904307,0.426736179781165
1021,,after_candidate_limit,,31,1,6,1,11.67,10.5,0.5,1.38,2,2,0.9261157894736842,0.4265731249209332
1022,,after_candidate_limit,,6,0,6,0,11.67,10.5,0.5,0.75,2,2,0.9261004784688995,0.42655652873288075
1023,,after_candidate_limit,,2263,90,13,90,15,13.5,3,4.5,3,8,0.9171244019138756,0.4265304108709007
1024,,after_candidate_limit,,2214,88,14,88,15,13.5,1.33,3.67,3,15,0.914255980861244,0.42639706558149143
1025,,after_candidate_limit,,882,35,7,35,12.78,3.83,0.5,0.75,2,3,0.9275971291866029,0.42637668627078
1026,,after_candidate_limit,,380,15,5,15,11.67,5.25,0.5,1.38,2,1,0.9258708133971292,0.42634804540555093
1027,,after_candidate_limit,,3675,147,0,147,9.44,4.25,0.5,0.75,1,1,0.9408765550239234,0.42616902549881347
1028,,after_candidate_limit,,932,37,7,37,12.78,3.83,0.5,2,2,3,0.9275961722488039,0.4260535826886153
1029,,after_candidate_limit,,907,36,7,36,12.78,3.83,0.5,1.38,2,3,0.9275952153110048,0.42600509784013046
1030,,after_candidate_limit,,56,2,6,2,11.67,10.5,0.5,2,2,2,0.9261320574162679,0.42591825126027816
1031,,after_candidate_limit,,2237,89,12,89,15,13.5,2.17,3.25,3,3,0.914866985645933,0.425837321531334
1032,,after_candidate_limit,,830,33,5,33,12.78,11.5,2.17,3.25,2,1,0.9216473684210527,0.4257342466019096
1033,,after_candidate_limit,,2238,89,13,89,15,13.5,2.17,3.25,3,8,0.9150105263157895,0.4256131001254765
1034,,after_candidate_limit,,2189,87,14,87,15,13.5,1.33,2,3,15,0.9142215311004784,0.42555868015848375
1035,,after_candidate_limit,,2187,87,12,87,15,13.5,1.33,2,3,3,0.914632057416268,0.42548084354245025
1036,,after_candidate_limit,,1235,49,10,49,12.78,7.67,0.5,0.75,3,1,0.9078631578947368,0.42543849530209105
1037,,after_candidate_limit,,2437,97,12,97,15,4.5,3,4.5,3,3,0.9166928229665072,0.4250509767810834
1038,,after_candidate_limit,,2236,89,11,89,15,13.5,2.17,3.25,3,2,0.9141531100478469,0.4249752178145642
1039,,after_candidate_limit,,2212,88,12,88,15,13.5,1.33,3.67,3,3,0.9144052631578947,0.4249684233298135
1040,,after_candidate_limit,,405,16,5,16,11.67,5.25,0.5,2,2,1,0.9258688995215311,0.42481532859670174
1041,,after_candidate_limit,,2261,90,11,90,15,13.5,3,4.5,3,2,0.915712918660287,0.424686735600877
1042,,after_candidate_limit,,2060,82,10,82,13.89,8.33,2.17,3.25,3,1,0.9117100478468899,0.4244065221899459
1043,,after_candidate_limit,,855,34,5,34,12.78,11.5,3,4.5,2,1,0.9192842105263158,0.4243908772859741
1044,,after_candidate_limit,,2188,87,13,87,15,13.5,1.33,2,3,8,0.9144722488038277,0.42429172529530573
1045,,after_candidate_limit,,1937,77,12,77,13.89,8.33,0.5,0.75,3,3,0.9164679425837321,0.42427268671833307
1046,,after_candidate_limit,,883,35,8,35,12.78,3.83,0.5,0.75,2,8,0.9275818181818182,0.42427023346714593
1047,,after_candidate_limit,,884,35,9,35,12.78,3.83,0.5,0.75,2,15,0.9275818181818182,0.42427023346714593
1048,,after_candidate_limit,,908,36,8,36,12.78,3.83,0.5,1.38,2,8,0.9275818181818182,0.42427023346714593
1049,,after_candidate_limit,,909,36,9,36,12.78,3.83,0.5,1.38,2,15,0.9275818181818182,0.42427023346714593
1050,,after_candidate_limit,,933,37,8,37,12.78,3.83,0.5,2,2,8,0.9275818181818182,0.42427023346714593
1051,,after_candidate_limit,,934,37,9,37,12.78,3.83,0.5,2,2,15,0.9275818181818182,0.42427023346714593
1052,,after_candidate_limit,,1058,42,8,42,12.78,5.75,0.5,0.75,2,8,0.9275818181818182,0.42427023346714593
1053,,after_candidate_limit,,1059,42,9,42,12.78,5.75,0.5,0.75,2,15,0.9275818181818182,0.42427023346714593
1054,,after_candidate_limit,,1083,43,8,43,12.78,5.75,0.5,1.38,2,8,0.9275818181818182,0.42427023346714593
1055,,after_candidate_limit,,1084,43,9,43,12.78,5.75,0.5,1.38,2,15,0.9275818181818182,0.42427023346714593
1056,,after_candidate_limit,,1108,44,8,44,12.78,5.75,0.5,2,2,8,0.9275818181818182,0.42427023346714593
1057,,after_candidate_limit,,1109,44,9,44,12.78,5.75,0.5,2,2,15,0.9275818181818182,0.42427023346714593
1058,,after_candidate_limit,,1233,49,8,49,12.78,7.67,0.5,0.75,2,8,0.9275818181818182,0.42427023346714593
1059,,after_candidate_limit,,1234,49,9,49,12.78,7.67,0.5,0.75,2,15,0.9275818181818182,0.42427023346714593
1060,,after_candidate_limit,,1258,50,8,50,12.78,7.67,0.5,1.38,2,8,0.9275818181818182,0.42427023346714593
1061,,after_candidate_limit,,1259,50,9,50,12.78,7.67,0.5,1.38,2,15,0.9275818181818182,0.42427023346714593
1062,,after_candidate_limit,,1283,51,8,51,12.78,7.67,0.5,2,2,8,0.9275818181818182,0.42427023346714593
1063,,after_candidate_limit,,1284,51,9,51,12.78,7.67,0.5,2,2,15,0.9275818181818182,0.42427023346714593
1064,,after_candidate_limit,,1987,79,12,79,13.89,8.33,0.5,2,3,3,0.9165435406698564,0.4241883189278678
1065,,after_candidate_limit,,2262,90,12,90,15,13.5,3,4.5,3,3,0.9166995215311005,0.4241799138632107
1066,,after_candidate_limit,,2412,96,12,96,15,4.5,2.17,3.25,3,3,0.9146334928229665,0.4241538023159911
1067,,after_candidate_limit,,710,28,10,28,12.78,11.5,0.5,0.75,3,1,0.9084794258373206,0.4240373235351615
1068,,after_candidate_limit,,4026,161,1,161,9.44,8.5,0.5,0.75,1,2,0.9408708133971292,0.42400252937479205
1069,,after_candidate_limit,,3700,148,0,148,9.44,4.25,0.5,1.38,1,1,0.940845933014354,0.42399667604966834
1070,,after_candidate_limit,,2211,88,11,88,15,13.5,1.33,3.67,3,2,0.9137124401913875,0.42396984642060564
1071,,after_candidate_limit,,1962,78,12,78,13.89,8.33,0.5,1.38,3,3,0.9165301435406699,0.4239518514384684
1072,,after_candidate_limit,,3725,149,0,149,9.44,4.25,0.5,2,1,1,0.9408421052631579,0.42378703225569764
1073,,after_candidate_limit,,2213,88,13,88,15,13.5,1.33,3.67,3,8,0.9144779904306221,0.4237294457102816
1074,,after_candidate_limit,,4076,163,1,163,9.44,8.5,0.5,2,1,2,0.9408564593301435,0.42363956281631443
1075,,after_candidate_limit,,4051,162,1,162,9.44,8.5,0.5,1.38,1,2,0.940844976076555,0.4236117949749546
1076,,after_candidate_limit,,2085,83,10,83,13.89,8.33,3,4.5,3,1,0.9093488038277512,0.42309105696866
1077,,after_candidate_limit,,2362,94,12,94,15,4.5,1.33,2,3,3,0.9141468899521531,0.4230791929953451
1078,,after_candidate_limit,,1260,50,10,50,12.78,7.67,0.5,1.38,3,1,0.9079435406698565,0.4229418111492063
1079,,after_candidate_limit,,2387,95,12,95,15,4.5,1.33,3.67,3,3,0.9141459330143541,0.42292667753902785
1080,,after_candidate_limit,,1285,51,10,51,12.78,7.67,0.5,2,3,1,0.9079665071770335,0.4226622679046141
1081,,after_candidate_limit,,831,33,6,33,12.78,11.5,2.17,3.25,2,2,0.9201909090909091,0.4226014569505709
1082,,after_candidate_limit,,1636,65,11,65,13.89,4.17,0.5,2,3,2,0.9164047846889952,0.42248567550668675
1083,,after_candidate_limit,,1413,56,13,56,13.89,12.5,0.5,0.75,3,8,0.916333014354067,0.42244445522985913
1084,,after_candidate_limit,,781,31,6,31,12.78,11.5,1.33,2,2,2,0.9224334928229665,0.42230445296249625
1085,,after_candidate_limit,,3500,140,0,140,9.44,2.83,0.5,0.75,1,1,0.9407215311004785,0.4222564115454538
1086,,after_candidate_limit,,2438,97,13,97,15,4.5,3,4.5,3,8,0.9166698564593302,0.42224550809001177
1087,,after_candidate_limit,,2439,97,14,97,15,4.5,3,4.5,3,15,0.9166698564593302,0.42224550809001177
1088,,after_candidate_limit,,2613,104,13,104,15,6.75,3,4.5,3,8,0.9166698564593302,0.42224550809001177
1089,,after_candidate_limit,,2614,104,14,104,15,6.75,3,4.5,3,15,0.9166698564593302,0.42224550809001177
1090,,after_candidate_limit,,2789,111,14,111,15,9,3,4.5,3,15,0.9166698564593302,0.42224550809001177
1091,,after_candidate_limit,,1762,70,12,70,13.89,6.25,0.5,0.75,3,3,0.9163732057416268,0.4222020333737025
1092,,after_candidate_limit,,1812,72,12,72,13.89,6.25,0.5,2,3,3,0.9163722488038277,0.4221111412132225
1093,,after_candidate_limit,,1611,64,11,64,13.89,4.17,0.5,1.38,3,2,0.9163933014354066,0.4220818790590266
1094,,after_candidate_limit,,805,32,5,32,12.78,11.5,1.33,3.67,2,1,0.9238995215311004,0.42200314841539316
1095,,after_candidate_limit,,1787,71,12,71,13.89,6.25,0.5,1.38,3,3,0.9163712918660287,0.4220016225261295
1096,,after_candidate_limit,,1586,63,11,63,13.89,4.17,0.5,0.75,3,2,0.9163904306220095,0.4219034880444735
1097,,after_candidate_limit,,1438,57,13,57,13.89,12.5,0.5,1.38,3,8,0.9162775119617225,0.42184799142065404
1098,,after_candidate_limit,,1463,58,13,58,13.89,12.5,0.5,2,3,8,0.9162775119617225,0.42164335572517014
1099,,after_candidate_limit,,856,34,6,34,12.78,11.5,3,4.5,2,2,0.9179483253588516,0.42150595536603097
1100,,after_candidate_limit,,2413,96,13,96,15,4.5,2.17,3.25,3,8,0.9146114832535885,0.42136852387923907
1101,,after_candidate_limit,,2414,96,14,96,15,4.5,2.17,3.25,3,15,0.9146114832535885,0.42136852387923907
1102,,after_candidate_limit,,2588,103,13,103,15,6.75,2.17,3.25,3,8,0.9146114832535885,0.42136852387923907
1103,,after_candidate_limit,,2589,103,14,103,15,6.75,2.17,3.25,3,15,0.9146114832535885,0.42136852387923907
1104,,after_candidate_limit,,2764,110,14,110,15,9,2.17,3.25,3,15,0.9146114832535885,0.42136852387923907
1105,,after_candidate_limit,,2235,89,10,89,15,13.5,2.17,3.25,3,1,0.913399043062201,0.4212458403123676
1106,,after_candidate_limit,,3851,154,1,154,9.44,5.66,0.5,0.75,1,2,0.9406602870813398,0.4211963888727446
1107,,after_candidate_limit,,556,22,6,22,11.67,7,0.5,1.38,2,2,0.9256392344497608,0.42103555233698303
1108,,after_candidate_limit,,1860,74,10,74,13.89,6.25,1.33,3.67,3,1,0.909678947368421,0.42099802872864966
1109,,after_candidate_limit,,806,32,6,32,12.78,11.5,1.33,3.67,2,2,0.9224803827751196,0.4209321680453449
1110,,after_candidate_limit,,1835,73,10,73,13.89,6.25,1.33,2,3,1,0.9096272727272727,0.42091993468692623
1111,,after_candidate_limit,,3550,142,0,142,9.44,2.83,0.5,2,1,1,0.9406947368421053,0.420844194546924
1112,,after_candidate_limit,,709,28,9,28,12.78,11.5,0.5,0.75,2,15,0.9274095693779905,0.4208405943628557
1113,,after_candidate_limit,,531,21,6,21,11.67,7,0.5,0.75,2,2,0.9256306220095694,0.4207495406668904
1114,,after_candidate_limit,,3525,141,0,141,9.44,2.83,0.5,1.38,1,1,0.9406851674641148,0.4206984298033416
1115,,after_candidate_limit,,782,31,7,31,12.78,11.5,1.33,2,2,3,0.922021052631579,0.42067510078687526
1116,,after_candidate_limit,,2640,105,15,105,15,9,0.5,0.75,6,1,0.8922449760765551,0.4205707403681412
1117,,after_candidate_limit,,1381,55,6,55,12.78,7.67,3,4.5,2,2,0.9172535885167464,0.4204519519144247
1118,,after_candidate_limit,,3901,156,1,156,9.44,5.66,0.5,2,1,2,0.940666028708134,0.42033053500517603
1119,,after_candidate_limit,,2788,111,13,111,15,9,3,4.5,3,8,0.9166430622009569,0.4202820549363165
1120,,after_candidate_limit,,734,29,9,29,12.78,11.5,0.5,1.38,2,15,0.9274086124401913,0.42023531165004135
1121,,after_candidate_limit,,3876,155,1,155,9.44,5.66,0.5,1.38,1,2,0.9406574162679426,0.4201801650374133
1122,,after_candidate_limit,,581,23,6,23,11.67,7,0.5,2,2,2,0.9256516746411483,0.4201749802854909
1123,,after_candidate_limit,,759,30,9,30,12.78,11.5,0.5,2,2,15,0.9274028708133971,0.42013248471279907
1124,,after_candidate_limit,,2363,94,13,94,15,4.5,1.33,2,3,8,0.9141229665071771,0.42012120884795623
1125,,after_candidate_limit,,2364,94,14,94,15,4.5,1.33,2,3,15,0.9141229665071771,0.42012120884795623
1126,,after_candidate_limit,,2388,95,13,95,15,4.5,1.33,3.67,3,8,0.9141229665071771,0.42012120884795623
1127,,after_candidate_limit,,2389,95,14,95,15,4.5,1.33,3.67,3,15,0.9141229665071771,0.42012120884795623
1128,,after_candidate_limit,,2538,101,13,101,15,6.75,1.33,2,3,8,0.9141229665071771,0.42012120884795623
1129,,after_candidate_limit,,2539,101,14,101,15,6.75,1.33,2,3,15,0.9141229665071771,0.42012120884795623
1130,,after_candidate_limit,,2563,102,13,102,15,6.75,1.33,3.67,3,8,0.9141229665071771,0.42012120884795623
1131,,after_candidate_limit,,2564,102,14,102,15,6.75,1.33,3.67,3,15,0.9141229665071771,0.42012120884795623
1132,,after_candidate_limit,,2714,108,14,108,15,9,1.33,2,3,15,0.9141229665071771,0.42012120884795623
1133,,after_candidate_limit,,2739,109,14,109,15,9,1.33,3.67,3,15,0.9141229665071771,0.42012120884795623
1134,,after_candidate_limit,,1331,53,6,53,12.78,7.67,1.33,3.67,2,2,0.9217846889952153,0.4201060750400409
1135,,after_candidate_limit,,57,2,7,2,11.67,10.5,0.5,2,2,3,0.9257952153110048,0.42003861196372344
1136,,after_candidate_limit,,1356,54,6,54,12.78,7.67,2.17,3.25,2,2,0.9195,0.4199012560604252
1137,,after_candidate_limit,,32,1,7,1,11.67,10.5,0.5,1.38,2,3,0.9257818181818182,0.4198959180682661
1138,,after_candidate_limit,,180,7,5,7,11.67,3.5,0.5,0.75,2,1,0.9255846889952153,0.4197916219975472
1139,,after_candidate_limit,,2763,110,13,110,15,9,2.17,3.25,3,8,0.9145904306220096,0.4196050104982606
1140,,after_candidate_limit,,2210,88,10,88,15,13.5,1.33,3.67,3,1,0.912721052631579,0.41953605183120996
1141,,after_candidate_limit,,7,0,7,0,11.67,10.5,0.5,0.75,2,3,0.925755980861244,0.4195218124967739
1142,,after_candidate_limit,,1306,52,6,52,12.78,7.67,1.33,2,2,2,0.9217684210526316,0.41950953967230853
1143,,after_candidate_limit,,4027,161,2,161,9.44,8.5,0.5,0.75,1,3,0.9406516746411483,0.41927492270512656
1144,,after_candidate_limit,,4052,162,2,162,9.44,8.5,0.5,1.38,1,3,0.9406545454545454,0.4189768791655127
1145,,after_candidate_limit,,857,34,7,34,12.78,11.5,3,4.5,2,3,0.91748995215311,0.41888034995885653
1146,,after_candidate_limit,,4077,163,2,163,9.44,8.5,0.5,2,1,3,0.9406555023923445,0.41879169559783613
1147,,after_candidate_limit,,3726,149,1,149,9.44,4.25,0.5,2,1,2,0.9405894736842105,0.4187377188235447
1148,,after_candidate_limit,,1587,63,12,63,13.89,4.17,0.5,0.75,3,3,0.9162880382775119,0.41859986025367496
1149,,after_candidate_limit,,3701,148,1,148,9.44,4.25,0.5,1.38,1,2,0.9405827751196172,0.4185623737047971
1150,,after_candidate_limit,,2713,108,13,108,15,9,1.33,2,3,8,0.9141066985645933,0.41856121278489933
1151,,after_candidate_limit,,1885,75,10,75,13.89,6.25,2.17,3.25,3,1,0.9114507177033493,0.41841304451295813
1152,,after_candidate_limit,,2738,109,13,109,15,9,1.33,3.67,3,8,0.914100956937799,0.4183215372748874
1153,,after_candidate_limit,,1485,59,10,59,13.89,12.5,1.33,2,3,1,0.9111306220095694,0.4182802818886189
1154,,after_candidate_limit,,1637,65,12,65,13.89,4.17,0.5,2,3,3,0.9162832535885167,0.41823623338348215
1155,,after_candidate_limit,,1612,64,12,64,13.89,4.17,0.5,1.38,3,3,0.9162832535885167,0.4182088243995514
1156,,after_candidate_limit,,3676,147,1,147,9.44,4.25,0.5,0.75,1,2,0.940577033492823,0.41815229313034763
1157,,after_candidate_limit,,230,9,5,9,11.67,3.5,0.5,2,2,1,0.9255770334928229,0.4181179008069588
1158,,after_candidate_limit,,205,8,5,8,11.67,3.5,0.5,1.38,2,1,0.925556937799043,0.4177430724540179
1159,,after_candidate_limit,,832,33,7,33,12.78,11.5,2.17,3.25,2,3,0.9197239234449761,0.4175414924284315
1160,,after_candidate_limit,,1510,60,10,60,13.89,12.5,1.33,3.67,3,1,0.9110866028708134,0.4174938994166397
1161,,after_candidate_limit,,2260,90,10,90,15,13.5,3,4.5,3,1,0.9145521531100479,0.41731932738734406
1162,,after_candidate_limit,,3852,154,2,154,9.44,5.66,0.5,0.75,1,3,0.9405473684210526,0.41715832520772234
1163,,after_candidate_limit,,3877,155,2,155,9.44,5.66,0.5,1.38,1,3,0.9405540669856459,0.4171193407206536
1164,,after_candidate_limit,,3902,156,2,156,9.44,5.66,0.5,2,1,3,0.9405540669856459,0.4171193407206536
1165,,after_candidate_limit,,1910,76,10,76,13.89,6.25,3,4.5,3,1,0.9090684210526315,0.4170974145185083
1166,,after_candidate_limit,,2665,106,15,106,15,9,0.5,1.38,6,1,0.8921272727272728,0.41707249197991825
1167,,after_candidate_limit,,980,39,5,39,12.78,3.83,1.33,3.67,2,1,0.9217157894736842,0.41699878358941644
1168,,after_candidate_limit,,1030,41,5,41,12.78,3.83,3,4.5,2,1,0.9171722488038277,0.41693880543999046
1169,,after_candidate_limit,,1005,40,5,40,12.78,3.83,2.17,3.25,2,1,0.9194263157894736,0.4168862269820663
1170,,after_candidate_limit,,955,38,5,38,12.78,3.83,1.33,2,2,1,0.9216928229665072,0.41686680340275
1171,,after_candidate_limit,,4125,165,0,165,9.44,8.5,1.33,3.67,1,1,0.9296736842105263,0.41672457741619395
1172,,after_candidate_limit,,3501,140,1,140,9.44,2.83,0.5,0.75,1,2,0.9405253588516747,0.4167212863748907
1173,,after_candidate_limit,,3551,142,1,142,9.44,2.83,0.5,2,1,2,0.9405234449760765,0.41662186021965064
1174,,after_candidate_limit,,2690,107,15,107,15,9,0.5,2,6,1,0.8920832535885167,0.41661920314316525
1175,,after_candidate_limit,,3526,141,1,141,9.44,2.83,0.5,1.38,1,2,0.9405224880382775,0.4165424951402855
1176,,after_candidate_limit,,807,32,7,32,12.78,11.5,1.33,3.67,2,3,0.9219837320574162,0.41646225688147737
1177,,after_candidate_limit,,1414,56,14,56,13.89,12.5,0.5,0.75,3,15,0.9160794258373206,0.4164104615199975
1178,,after_candidate_limit,,4100,164,0,164,9.44,8.5,1.33,2,1,1,0.929665071770335,0.4161190095704647
1179,,after_candidate_limit,,1588,63,13,63,13.89,4.17,0.5,0.75,3,8,0.9162650717703349,0.4160211074245406
1180,,after_candidate_limit,,1589,63,14,63,13.89,4.17,0.5,0.75,3,15,0.9162650717703349,0.4160211074245406
1181,,after_candidate_limit,,1613,64,13,64,13.89,4.17,0.5,1.38,3,8,0.9162650717703349,0.4160211074245406
1182,,after_candidate_limit,,1614,64,14,64,13.89,4.17,0.5,1.38,3,15,0.9162650717703349,0.4160211074245406
1183,,after_candidate_limit,,1638,65,13,65,13.89,4.17,0.5,2,3,8,0.9162650717703349,0.4160211074245406
1184,,after_candidate_limit,,1639,65,14,65,13.89,4.17,0.5,2,3,15,0.9162650717703349,0.4160211074245406
1185,,after_candidate_limit,,1763,70,13,70,13.89,6.25,0.5,0.75,3,8,0.9162650717703349,0.4160211074245406
1186,,after_candidate_limit,,1764,70,14,70,13.89,6.25,0.5,0.75,3,15,0.9162650717703349,0.4160211074245406
1187,,after_candidate_limit,,1788,71,13,71,13.89,6.25,0.5,1.38,3,8,0.9162650717703349,0.4160211074245406
1188,,after_candidate_limit,,1789,71,14,71,13.89,6.25,0.5,1.38,3,15,0.9162650717703349,0.4160211074245406
1189,,after_candidate_limit,,1813,72,13,72,13.89,6.25,0.5,2,3,8,0.9162650717703349,0.4160211074245406
1190,,after_candidate_limit,,1814,72,14,72,13.89,6.25,0.5,2,3,15,0.9162650717703349,0.4160211074245406
1191,,after_candidate_limit,,1939,77,14,77,13.89,8.33,0.5,0.75,3,15,0.9162650717703349,0.4160211074245406
1192,,after_candidate_limit,,1963,78,13,78,13.89,8.33,0.5,1.38,3,8,0.9162650717703349,0.4160211074245406
1193,,after_candidate_limit,,1964,78,14,78,13.89,8.33,0.5,1.38,3,15,0.9162650717703349,0.4160211074245406
1194,,after_candidate_limit,,1988,79,13,79,13.89,8.33,0.5,2,3,8,0.9162650717703349,0.4160211074245406
1195,,after_candidate_limit,,1989,79,14,79,13.89,8.33,0.5,2,3,15,0.9162650717703349,0.4160211074245406
1196,,after_candidate_limit,,1938,77,13,77,13.89,8.33,0.5,0.75,3,8,0.9162650717703349,0.41580362219235484
1197,,after_candidate_limit,,735,29,10,29,12.78,11.5,0.5,1.38,3,1,0.9081980861244019,0.4157940341358012
1198,,after_candidate_limit,,356,14,6,14,11.67,5.25,0.5,0.75,2,2,0.9254411483253588,0.4155187317650939
1199,,after_candidate_limit,,1439,57,14,57,13.89,12.5,0.5,1.38,3,15,0.9160162679425837,0.415426389742823
1200,,after_candidate_limit,,381,15,6,15,11.67,5.25,0.5,1.38,2,2,0.9254392344497607,0.4154098168437575
1201,,after_candidate_limit,,1464,58,14,58,13.89,12.5,0.5,2,3,15,0.9159923444976077,0.4153749092347223
1202,,after_candidate_limit,,3677,147,2,147,9.44,4.25,0.5,0.75,1,3,0.9405023923444976,0.4153202792101153
1203,,after_candidate_limit,,1206,48,6,48,12.78,5.75,3,4.5,2,2,0.9170086124401914,0.4153140678922356
1204,,after_candidate_limit,,406,16,6,16,11.67,5.25,0.5,2,2,2,0.9254421052631578,0.415269774523717
1205,,after_candidate_limit,,1156,46,6,46,12.78,5.75,1.33,3.67,2,2,0.9215473684210527,0.41515722078902434
1206,,after_candidate_limit,,532,21,7,21,11.67,7,0.5,0.75,2,3,0.925400956937799,0.4151327479411468
1207,,after_candidate_limit,,3727,149,2,149,9.44,4.25,0.5,2,1,3,0.9404995215311005,0.4150982394363514
1208,,after_candidate_limit,,1181,47,6,47,12.78,5.75,2.17,3.25,2,2,0.9192655502392344,0.41508985181897357
1209,,after_candidate_limit,,630,25,5,25,11.67,7,1.33,3.67,2,1,0.915755980861244,0.41508697424616015
1210,,after_candidate_limit,,3702,148,2,148,9.44,4.25,0.5,1.38,1,3,0.9404985645933014,0.4150243932825053
1211,,after_candidate_limit,,1131,45,6,45,12.78,5.75,1.33,2,2,2,0.9215406698564593,0.41502108657333453
1212,,after_candidate_limit,,1060,42,10,42,12.78,5.75,0.5,0.75,3,1,0.9074803827751197,0.4149991861987154
1213,,after_candidate_limit,,557,22,7,22,11.67,7,0.5,1.38,2,3,0.9253885167464115,0.4148839965670509
1214,,after_candidate_limit,,582,23,7,23,11.67,7,0.5,2,2,3,0.9253837320574163,0.4147745236652694
1215,,after_candidate_limit,,605,24,5,24,11.67,7,1.33,2,2,1,0.9157349282296651,0.4146817162172843
1216,,after_candidate_limit,,1357,54,7,54,12.78,7.67,2.17,3.25,2,3,0.9192234449760766,0.41451287868509934
1217,,after_candidate_limit,,1382,55,7,55,12.78,7.67,3,4.5,2,3,0.9169578947368421,0.4145104851239864
1218,,after_candidate_limit,,1332,53,7,53,12.78,7.67,1.33,3.67,2,3,0.9215014354066986,0.41450200106606805
1219,,after_candidate_limit,,1110,44,10,44,12.78,5.75,0.5,2,3,1,0.9075349282296651,0.41442721438384206
1220,,after_candidate_limit,,3502,140,2,140,9.44,2.83,0.5,0.75,1,3,0.9404937799043063,0.4143570483325191
1221,,after_candidate_limit,,3527,141,2,141,9.44,2.83,0.5,1.38,1,3,0.9404937799043063,0.4143570483325191
1222,,after_candidate_limit,,3552,142,2,142,9.44,2.83,0.5,2,1,3,0.9404937799043063,0.4143570483325191
1223,,after_candidate_limit,,1085,43,10,43,12.78,5.75,0.5,1.38,3,1,0.9075071770334928,0.4142439490371988
1224,,after_candidate_limit,,2465,98,15,98,15,6.75,0.5,0.75,6,1,0.8922392344497607,0.4142312710869828
1225,,after_candidate_limit,,711,28,11,28,12.78,11.5,0.5,0.75,3,2,0.9076430622009569,0.4141698227137266
1226,,after_candidate_limit,,1486,59,11,59,13.89,12.5,1.33,2,3,2,0.9100473684210526,0.41411835104656103
1227,,after_candidate_limit,,1307,52,7,52,12.78,7.67,1.33,2,2,3,0.9214966507177034,0.41403766427293787
1228,,after_candidate_limit,,2515,100,15,100,15,6.75,0.5,2,6,1,0.8924066985645933,0.4139311867829776
1229,,after_candidate_limit,,4078,163,3,163,9.44,8.5,0.5,2,1,8,0.940488995215311,0.4136539539811489
1230,,after_candidate_limit,,3503,140,3,140,9.44,2.83,0.5,0.75,1,8,0.9404870813397129,0.413628760714721
1231,,after_candidate_limit,,3504,140,4,140,9.44,2.83,0.5,0.75,1,15,0.9404870813397129,0.413628760714721
1232,,after_candidate_limit,,3528,141,3,141,9.44,2.83,0.5,1.38,1,8,0.9404870813397129,0.413628760714721
1233,,after_candidate_limit,,3529,141,4,141,9.44,2.83,0.5,1.38,1,15,0.9404870813397129,0.413628760714721
1234,,after_candidate_limit,,3553,142,3,142,9.44,2.83,0.5,2,1,8,0.9404870813397129,0.413628760714721
1235,,after_candidate_limit,,3554,142,4,142,9.44,2.83,0.5,2,1,15,0.9404870813397129,0.413628760714721
1236,,after_candidate_limit,,3678,147,3,147,9.44,4.25,0.5,0.75,1,8,0.9404870813397129,0.413628760714721
1237,,after_candidate_limit,,3679,147,4,147,9.44,4.25,0.5,0.75,1,15,0.9404870813397129,0.413628760714721
1238,,after_candidate_limit,,3703,148,3,148,9.44,4.25,0.5,1.38,1,8,0.9404870813397129,0.413628760714721
1239,,after_candidate_limit,,3704,148,4,148,9.44,4.25,0.5,1.38,1,15,0.9404870813397129,0.413628760714721
1240,,after_candidate_limit,,3728,149,3,149,9.44,4.25,0.5,2,1,8,0.9404870813397129,0.413628760714721
1241,,after_candidate_limit,,3729,149,4,149,9.44,4.25,0.5,2,1,15,0.9404870813397129,0.413628760714721
1242,,after_candidate_limit,,3853,154,3,154,9.44,5.66,0.5,0.75,1,8,0.9404870813397129,0.413628760714721
1243,,after_candidate_limit,,3854,154,4,154,9.44,5.66,0.5,0.75,1,15,0.9404870813397129,0.413628760714721
1244,,after_candidate_limit,,3878,155,3,155,9.44,5.66,0.5,1.38,1,8,0.9404870813397129,0.413628760714721
1245,,after_candidate_limit,,3879,155,4,155,9.44,5.66,0.5,1.38,1,15,0.9404870813397129,0.413628760714721
1246,,after_candidate_limit,,3903,156,3,156,9.44,5.66,0.5,2,1,8,0.9404870813397129,0.413628760714721
1247,,after_candidate_limit,,3904,156,4,156,9.44,5.66,0.5,2,1,15,0.9404870813397129,0.413628760714721
1248,,after_candidate_limit,,4029,161,4,161,9.44,8.5,0.5,0.75,1,15,0.9404870813397129,0.413628760714721
1249,,after_candidate_limit,,4054,162,4,162,9.44,8.5,0.5,1.38,1,15,0.9404870813397129,0.413628760714721
1250,,after_candidate_limit,,4079,163,4,163,9.44,8.5,0.5,2,1,15,0.9404870813397129,0.413628760714721
1251,,after_candidate_limit,,760,30,10,30,12.78,11.5,0.5,2,3,1,0.9081435406698565,0.4135407647479734
1252,,after_candidate_limit,,4053,162,3,162,9.44,8.5,0.5,1.38,1,8,0.9404880382775119,0.4134561517833467
1253,,after_candidate_limit,,4028,161,3,161,9.44,8.5,0.5,0.75,1,8,0.9404870813397129,0.4132030992802942
1254,,after_candidate_limit,,231,9,6,9,11.67,3.5,0.5,2,2,2,0.9253464114832536,0.41319319678857197
1255,,after_candidate_limit,,1535,61,10,61,13.89,12.5,2.17,3.25,3,1,0.9127473684210526,0.4131019800005161
1256,,after_candidate_limit,,2490,99,15,99,15,6.75,0.5,1.38,6,1,0.8923377990430622,0.41305209556889894
1257,,after_candidate_limit,,2011,80,11,80,13.89,8.33,1.33,2,3,2,0.9091057416267943,0.4128014581616939
1258,,after_candidate_limit,,206,8,6,8,11.67,3.5,0.5,1.38,2,2,0.9253311004784689,0.41262376837215703
1259,,after_candidate_limit,,181,7,6,7,11.67,3.5,0.5,0.75,2,2,0.9253263157894737,0.4123351633563842
1260,,after_candidate_limit,,382,15,7,15,11.67,5.25,0.5,1.38,2,3,0.9253119617224881,0.4118202491997916
1261,,after_candidate_limit,,357,14,7,14,11.67,5.25,0.5,0.75,2,3,0.9253148325358852,0.4118192859821186
1262,,after_candidate_limit,,1031,41,6,41,12.78,3.83,3,4.5,2,2,0.9168727272727273,0.4117516492627038
1263,,after_candidate_limit,,981,39,6,39,12.78,3.83,1.33,3.67,2,2,0.9214124401913876,0.41174693296260656
1264,,after_candidate_limit,,407,16,7,16,11.67,5.25,0.5,2,2,3,0.9253090909090909,0.4117041364591024
1265,,after_candidate_limit,,1006,40,6,40,12.78,3.83,2.17,3.25,2,2,0.9191325358851674,0.41169801458690847
1266,,after_candidate_limit,,1560,62,10,62,13.89,12.5,3,4.5,3,1,0.9102205741626794,0.4115327309971126
1267,,after_candidate_limit,,2036,81,11,81,13.89,8.33,1.33,3.67,3,2,0.9091086124401914,0.4115182617613944
1268,,after_candidate_limit,,956,38,6,38,12.78,3.83,1.33,2,2,2,0.9213980861244019,0.41142313356414967
1269,,after_candidate_limit,,1511,60,11,60,13.89,12.5,1.33,3.67,3,2,0.9100827751196172,0.41133713382639714
1270,,after_candidate_limit,,1132,45,7,45,12.78,5.75,1.33,2,2,3,0.9213837320574163,0.4104804139774996
1271,,after_candidate_limit,,1157,46,7,46,12.78,5.75,1.33,3.67,2,3,0.9213837320574163,0.4104804139774996
1272,,after_candidate_limit,,4150,166,0,166,9.44,8.5,2.17,3.25,1,1,0.9191464114832536,0.41021825391661104
1273,,after_candidate_limit,,1182,47,7,47,12.78,5.75,2.17,3.25,2,3,0.9191,0.4101734400757795
1274,,after_candidate_limit,,1207,48,7,48,12.78,5.75,3,4.5,2,3,0.9168373205741627,0.41016310944490475
1275,,after_candidate_limit,,58,2,8,2,11.67,10.5,0.5,2,2,8,0.9251693779904306,0.4100442194373241
1276,,after_candidate_limit,,736,29,11,29,12.78,11.5,0.5,1.38,3,2,0.9072956937799043,0.40962066893182897
1277,,after_candidate_limit,,182,7,7,7,11.67,3.5,0.5,0.75,2,3,0.925267942583732,0.40956650797998123
1278,,after_candidate_limit,,783,31,8,31,12.78,11.5,1.33,2,2,8,0.9214133971291866,0.4094583353359982
1279,,after_candidate_limit,,33,1,8,1,11.67,10.5,0.5,1.38,2,8,0.9251272727272727,0.40943697624911995
1280,,after_candidate_limit,,2061,82,11,82,13.89,8.33,2.17,3.25,3,2,0.9108775119617225,0.40938953535331424
1281,,after_candidate_limit,,207,8,7,8,11.67,3.5,0.5,1.38,2,3,0.925266028708134,0.40927028595964154
1282,,after_candidate_limit,,232,9,7,9,11.67,3.5,0.5,2,2,3,0.925266028708134,0.40927028595964154
1283,,after_candidate_limit,,1512,60,12,60,13.89,12.5,1.33,3.67,3,3,0.9093947368421053,0.4092347648995052
1284,,after_candidate_limit,,1360,54,10,54,12.78,7.67,2.17,3.25,3,1,0.9026717703349282,0.4091604625873295
1285,,after_candidate_limit,,8,0,8,0,11.67,10.5,0.5,0.75,2,8,0.9251023923444976,0.4091383109535991
1286,,after_candidate_limit,,80,3,5,3,11.67,10.5,1.33,2,2,1,0.916376076555024,0.4089416601815072
1287,,after_candidate_limit,,4030,161,5,161,9.44,8.5,0.5,0.75,2,1,0.9192995215311005,0.40894035472722956
1288,,after_candidate_limit,,1335,53,10,53,12.78,7.67,1.33,3.67,3,1,0.8956526315789474,0.4088800343455481
1289,,after_candidate_limit,,833,33,8,33,12.78,11.5,2.17,3.25,2,8,0.9191172248803827,0.4087235774865552
1290,,after_candidate_limit,,808,32,8,32,12.78,11.5,1.33,3.67,2,8,0.9213971291866029,0.40867607274642875
1291,,after_candidate_limit,,761,30,11,30,12.78,11.5,0.5,2,3,2,0.9072057416267942,0.4086501641166678
1292,,after_candidate_limit,,1487,59,12,59,13.89,12.5,1.33,2,3,3,0.9093794258373206,0.40864578225103604
1293,,after_candidate_limit,,1310,52,10,52,12.78,7.67,1.33,2,3,1,0.8956172248803828,0.40862230101872654
1294,,after_candidate_limit,,1685,67,10,67,13.89,4.17,1.33,3.67,3,1,0.9090684210526315,0.40852837536291414
1295,,after_candidate_limit,,858,34,8,34,12.78,11.5,3,4.5,2,8,0.9168306220095693,0.40838927582972173
1296,,after_candidate_limit,,1660,66,10,66,13.89,4.17,1.33,2,3,1,0.9090569377990431,0.40835617175623456
1297,,after_candidate_limit,,3925,157,0,157,9.44,5.66,1.33,2,1,1,0.9290382775119618,0.4081369727351636
1298,,after_candidate_limit,,183,7,8,7,11.67,3.5,0.5,0.75,2,8,0.9252555023923444,0.40790751965985755
1299,,after_candidate_limit,,184,7,9,7,11.67,3.5,0.5,0.75,2,15,0.9252555023923444,0.40790751965985755
1300,,after_candidate_limit,,208,8,8,8,11.67,3.5,0.5,1.38,2,8,0.9252555023923444,0.40790751965985755
1301,,after_candidate_limit,,209,8,9,8,11.67,3.5,0.5,1.38,2,15,0.9252555023923444,0.40790751965985755
1302,,after_candidate_limit,,233,9,8,9,11.67,3.5,0.5,2,2,8,0.9252555023923444,0.40790751965985755
1303,,after_candidate_limit,,234,9,9,9,11.67,3.5,0.5,2,2,15,0.9252555023923444,0.40790751965985755
1304,,after_candidate_limit,,358,14,8,14,11.67,5.25,0.5,0.75,2,8,0.9252555023923444,0.40790751965985755
1305,,after_candidate_limit,,359,14,9,14,11.67,5.25,0.5,0.75,2,15,0.9252555023923444,0.40790751965985755
1306,,after_candidate_limit,,383,15,8,15,11.67,5.25,0.5,1.38,2,8,0.9252555023923444,0.40790751965985755
1307,,after_candidate_limit,,384,15,9,15,11.67,5.25,0.5,1.38,2,15,0.9252555023923444,0.40790751965985755
1308,,after_candidate_limit,,408,16,8,16,11.67,5.25,0.5,2,2,8,0.9252555023923444,0.40790751965985755
1309,,after_candidate_limit,,409,16,9,16,11.67,5.25,0.5,2,2,15,0.9252555023923444,0.40790751965985755
1310,,after_candidate_limit,,533,21,8,21,11.67,7,0.5,0.75,2,8,0.9252555023923444,0.40790751965985755
1311,,after_candidate_limit,,534,21,9,21,11.67,7,0.5,0.75,2,15,0.9252555023923444,0.40790751965985755
1312,,after_candidate_limit,,558,22,8,22,11.67,7,0.5,1.38,2,8,0.9252555023923444,0.40790751965985755
1313,,after_candidate_limit,,559,22,9,22,11.67,7,0.5,1.38,2,15,0.9252555023923444,0.40790751965985755
1314,,after_candidate_limit,,583,23,8,23,11.67,7,0.5,2,2,8,0.9252555023923444,0.40790751965985755
1315,,after_candidate_limit,,584,23,9,23,11.67,7,0.5,2,2,15,0.9252555023923444,0.40790751965985755
1316,,after_candidate_limit,,2086,83,11,83,13.89,8.33,3,4.5,3,2,0.9085009569377991,0.4077535140768889
1317,,after_candidate_limit,,10,0,10,0,11.67,10.5,0.5,0.75,3,1,0.9071626794258373,0.4077379795924995
1318,,after_candidate_limit,,982,39,7,39,12.78,3.83,1.33,3.67,2,3,0.9213129186602871,0.40771756897040845
1319,,after_candidate_limit,,1032,41,7,41,12.78,3.83,3,4.5,2,3,0.9167674641148326,0.4076518637736517
1320,,after_candidate_limit,,1536,61,11,61,13.89,12.5,2.17,3.25,3,2,0.9118019138755981,0.40763722175924755
1321,,after_candidate_limit,,1007,40,7,40,12.78,3.83,2.17,3.25,2,3,0.919033014354067,0.40755754385006754
1322,,after_candidate_limit,,655,26,5,26,11.67,7,2.17,3.25,2,1,0.9140516746411483,0.4075118437684948
1323,,after_candidate_limit,,3950,158,0,158,9.44,5.66,1.33,3.67,1,1,0.9290555023923445,0.4074747953040784
1324,,after_candidate_limit,,712,28,12,28,12.78,11.5,0.5,0.75,3,3,0.9072956937799043,0.40730557773265
1325,,after_candidate_limit,,1861,74,11,74,13.89,6.25,1.33,3.67,3,2,0.9089124401913875,0.4072376545206326
1326,,after_candidate_limit,,1537,61,12,61,13.89,12.5,2.17,3.25,3,3,0.9111875598086124,0.4071567007035254
1327,,after_candidate_limit,,957,38,7,38,12.78,3.83,1.33,2,2,3,0.9213090909090909,0.4071217485369719
1328,,after_candidate_limit,,1385,55,10,55,12.78,7.67,3,4.5,3,1,0.8946239234449761,0.40711134106332647
1329,,after_candidate_limit,,1836,73,11,73,13.89,6.25,1.33,2,3,2,0.9089,0.4070104679391214
1330,,after_candidate_limit,,535,21,10,21,11.67,7,0.5,0.75,3,1,0.9064708133971292,0.4068169986562813
1331,,after_candidate_limit,,2715,108,15,108,15,9,1.33,2,6,1,0.8913349282296651,0.4067944202870047
1332,,after_candidate_limit,,2691,107,16,107,15,9,0.5,2,6,2,0.8916755980861244,0.40636363413289583
1333,,after_candidate_limit,,2666,106,16,106,15,9,0.5,1.38,6,2,0.8916516746411484,0.40624703572599663
1334,,after_candidate_limit,,1236,49,11,49,12.78,7.67,0.5,0.75,3,2,0.9071837320574163,0.40617170212337267
1335,,after_candidate_limit,,2790,111,15,111,15,9,3,4.5,6,1,0.8892210526315789,0.40612116833564205
1336,,after_candidate_limit,,560,22,10,22,11.67,7,0.5,1.38,3,1,0.9066028708133971,0.4060901424186864
1337,,after_candidate_limit,,1710,68,10,68,13.89,4.17,2.17,3.25,3,1,0.9108325358851674,0.406050136435266
1338,,after_candidate_limit,,1286,51,11,51,12.78,7.67,0.5,2,3,2,0.907222009569378,0.40597340510501395
1339,,after_candidate_limit,,1261,50,11,50,12.78,7.67,0.5,1.38,3,2,0.9072191387559808,0.40594184776659653
1340,,after_candidate_limit,,2641,105,16,105,15,9,0.5,0.75,6,2,0.8916765550239234,0.40587228589793983
1341,,after_candidate_limit,,2740,109,15,109,15,9,1.33,3.67,6,1,0.8913655502392345,0.4058617201424257
1342,,after_candidate_limit,,885,35,10,35,12.78,3.83,0.5,0.75,3,1,0.9071062200956937,0.4058431915477002
1343,,after_candidate_limit,,585,23,10,23,11.67,7,0.5,2,3,1,0.9066287081339713,0.4057625039646904
1344,,after_candidate_limit,,4055,162,5,162,9.44,8.5,0.5,1.38,2,1,0.9191933014354067,0.4057593157785667
1345,,after_candidate_limit,,958,38,8,38,12.78,3.83,1.33,2,2,8,0.9213004784688995,0.40551072165151425
1346,,after_candidate_limit,,959,38,9,38,12.78,3.83,1.33,2,2,15,0.9213004784688995,0.40551072165151425
1347,,after_candidate_limit,,983,39,8,39,12.78,3.83,1.33,3.67,2,8,0.9213004784688995,0.40551072165151425
1348,,after_candidate_limit,,984,39,9,39,12.78,3.83,1.33,3.67,2,15,0.9213004784688995,0.40551072165151425
1349,,after_candidate_limit,,1133,45,8,45,12.78,5.75,1.33,2,2,8,0.9213004784688995,0.40551072165151425
1350,,after_candidate_limit,,1134,45,9,45,12.78,5.75,1.33,2,2,15,0.9213004784688995,0.40551072165151425
1351,,after_candidate_limit,,1158,46,8,46,12.78,5.75,1.33,3.67,2,8,0.9213004784688995,0.40551072165151425
1352,,after_candidate_limit,,1159,46,9,46,12.78,5.75,1.33,3.67,2,15,0.9213004784688995,0.40551072165151425
1353,,after_candidate_limit,,1308,52,8,52,12.78,7.67,1.33,2,2,8,0.9213004784688995,0.40551072165151425
1354,,after_candidate_limit,,1309,52,9,52,12.78,7.67,1.33,2,2,15,0.9213004784688995,0.40551072165151425
1355,,after_candidate_limit,,1333,53,8,53,12.78,7.67,1.33,3.67,2,8,0.9213004784688995,0.40551072165151425
1356,,after_candidate_limit,,1334,53,9,53,12.78,7.67,1.33,3.67,2,15,0.9213004784688995,0.40551072165151425
1357,,after_candidate_limit,,1008,40,8,40,12.78,3.83,2.17,3.25,2,8,0.9190205741626795,0.40547703098116716
1358,,after_candidate_limit,,1009,40,9,40,12.78,3.83,2.17,3.25,2,15,0.9190205741626795,0.40547703098116716
1359,,after_candidate_limit,,1183,47,8,47,12.78,5.75,2.17,3.25,2,8,0.9190205741626795,0.40547703098116716
1360,,after_candidate_limit,,1184,47,9,47,12.78,5.75,2.17,3.25,2,15,0.9190205741626795,0.40547703098116716
1361,,after_candidate_limit,,1358,54,8,54,12.78,7.67,2.17,3.25,2,8,0.9190205741626795,0.40547703098116716
1362,,after_candidate_limit,,1359,54,9,54,12.78,7.67,2.17,3.25,2,15,0.9190205741626795,0.40547703098116716
1363,,after_candidate_limit,,81,3,6,3,11.67,10.5,1.33,2,2,2,0.9155818181818182,0.40544431612090714
1364,,after_candidate_limit,,737,29,12,29,12.78,11.5,0.5,1.38,3,3,0.9071368421052631,0.4054231864274799
1365,,after_candidate_limit,,1033,41,8,41,12.78,3.83,3,4.5,2,8,0.916754066985646,0.4054076483601564
1366,,after_candidate_limit,,1034,41,9,41,12.78,3.83,3,4.5,2,15,0.916754066985646,0.4054076483601564
1367,,after_candidate_limit,,1208,48,8,48,12.78,5.75,3,4.5,2,8,0.916754066985646,0.4054076483601564
1368,,after_candidate_limit,,1209,48,9,48,12.78,5.75,3,4.5,2,15,0.916754066985646,0.4054076483601564
1369,,after_candidate_limit,,1383,55,8,55,12.78,7.67,3,4.5,2,8,0.916754066985646,0.4054076483601564
1370,,after_candidate_limit,,1384,55,9,55,12.78,7.67,3,4.5,2,15,0.916754066985646,0.4054076483601564
1371,,after_candidate_limit,,4175,167,0,167,9.44,8.5,3,4.5,1,1,0.9111416267942584,0.40534639210530066
1372,,after_candidate_limit,,1561,62,11,62,13.89,12.5,3,4.5,3,2,0.9093602870813398,0.4052687204158017
1373,,after_candidate_limit,,2765,110,15,110,15,9,2.17,3.25,6,1,0.8898296650717703,0.40515592923833543
1374,,after_candidate_limit,,1735,69,10,69,13.89,4.17,3,4.5,3,1,0.908456937799043,0.4049411655607209
1375,,after_candidate_limit,,2037,81,12,81,13.89,8.33,1.33,3.67,3,3,0.9088684210526315,0.4049288250657887
1376,,after_candidate_limit,,9,0,9,0,11.67,10.5,0.5,0.75,2,15,0.925177990430622,0.4049205559988825
1377,,after_candidate_limit,,105,4,5,4,11.67,10.5,1.33,3.67,2,1,0.9163655502392345,0.40486968736845885
1378,,after_candidate_limit,,34,1,9,1,11.67,10.5,0.5,1.38,2,15,0.9251617224880383,0.404739630938686
1379,,after_candidate_limit,,1886,75,11,75,13.89,6.25,2.17,3.25,3,2,0.9106698564593302,0.40469154526621887
1380,,after_candidate_limit,,59,2,9,2,11.67,10.5,0.5,2,2,15,0.9251502392344497,0.4046299688809473
1381,,after_candidate_limit,,1562,62,12,62,13.89,12.5,3,4.5,3,3,0.9088272727272727,0.40456434367152716
1382,,after_candidate_limit,,106,4,6,4,11.67,10.5,1.33,3.67,2,2,0.9155770334928229,0.4044075649604033
1383,,after_candidate_limit,,1940,77,15,77,13.89,8.33,0.5,0.75,6,1,0.8962272727272728,0.4043081148767911
1384,,after_candidate_limit,,2012,80,12,80,13.89,8.33,1.33,2,3,3,0.9088511961722489,0.4042174365464036
1385,,after_candidate_limit,,762,30,12,30,12.78,11.5,0.5,2,3,3,0.9071301435406699,0.4037378070308593
1386,,after_candidate_limit,,680,27,5,27,11.67,7,3,4.5,2,1,0.9026736842105263,0.4036689409446109
1387,,after_candidate_limit,,4080,163,5,163,9.44,8.5,0.5,2,2,1,0.9191531100478469,0.40358846856196257
1388,,after_candidate_limit,,1911,76,11,76,13.89,6.25,3,4.5,3,2,0.9082904306220095,0.40351084377966956
1389,,after_candidate_limit,,430,17,5,17,11.67,5.25,1.33,2,2,1,0.9152736842105264,0.4033699809733324
1390,,after_candidate_limit,,910,36,10,36,12.78,3.83,0.5,1.38,3,1,0.9070698564593301,0.40320516572971743
1391,,after_candidate_limit,,935,37,10,37,12.78,3.83,0.5,2,3,1,0.9070755980861244,0.40297468432699257
1392,,after_candidate_limit,,1686,67,11,67,13.89,4.17,1.33,3.67,3,2,0.9087267942583732,0.4028927335718883
1393,,after_candidate_limit,,2565,102,15,102,15,6.75,1.33,3.67,6,1,0.8915043062200957,0.40274484920958264
1394,,after_candidate_limit,,1661,66,11,66,13.89,4.17,1.33,2,3,2,0.908721052631579,0.4027362245184732
1395,,after_candidate_limit,,2290,91,15,91,15,4.5,0.5,0.75,6,1,0.8917655502392344,0.40268241332976445
1396,,after_candidate_limit,,2615,104,15,104,15,6.75,3,4.5,6,1,0.8892966507177034,0.40261988372658
1397,,after_candidate_limit,,1135,45,10,45,12.78,5.75,1.33,2,3,1,0.8952583732057416,0.4026138969533683
1398,,after_candidate_limit,,455,18,5,18,11.67,5.25,1.33,3.67,2,1,0.915266985645933,0.40258663424604707
1399,,after_candidate_limit,,845,33,20,33,12.78,11.5,2.17,3.25,20,1,0.8387387559808612,0.40249219497616
1400,,after_candidate_limit,,1862,74,12,74,13.89,6.25,1.33,3.67,3,3,0.9087028708133972,0.4024886802509882
1401,,after_candidate_limit,,1837,73,12,73,13.89,6.25,1.33,2,3,3,0.9087009569377991,0.40245507667033614
1402,,after_candidate_limit,,2590,103,15,103,15,6.75,2.17,3.25,6,1,0.8899473684210526,0.4022299891897535
1403,,after_candidate_limit,,2062,82,12,82,13.89,8.33,2.17,3.25,3,3,0.9106153110047847,0.4021391123273066
1404,,after_candidate_limit,,2540,101,15,101,15,6.75,1.33,2,6,1,0.8914507177033493,0.4018641246139061
1405,,after_candidate_limit,,1488,59,13,59,13.89,12.5,1.33,2,3,8,0.908678947368421,0.4016975862540534
1406,,after_candidate_limit,,1185,47,10,47,12.78,5.75,2.17,3.25,3,1,0.9023071770334928,0.40169204826771754
1407,,after_candidate_limit,,1160,46,10,46,12.78,5.75,1.33,3.67,3,1,0.8952870813397129,0.40159058150078875
1408,,after_candidate_limit,,2087,83,12,83,13.89,8.33,3,4.5,3,3,0.9082531100478469,0.40148581740977674
1409,,after_candidate_limit,,1513,60,13,60,13.89,12.5,1.33,3.67,3,8,0.9086368421052632,0.40147237561696575
1410,,after_candidate_limit,,36,1,11,1,11.67,10.5,0.5,1.38,3,2,0.9063913875598086,0.4013094879864996
1411,,after_candidate_limit,,784,31,9,31,12.78,11.5,1.33,2,2,15,0.9211358851674641,0.40125075371406
1412,,after_candidate_limit,,1061,42,11,42,12.78,5.75,0.5,0.75,3,2,0.9069387559808613,0.4012194165390526
1413,,after_candidate_limit,,834,33,9,33,12.78,11.5,2.17,3.25,2,15,0.9188531100478469,0.4011480661168177
1414,,after_candidate_limit,,809,32,9,32,12.78,11.5,1.33,3.67,2,15,0.9211291866028708,0.4011329493477515
1415,,after_candidate_limit,,859,34,9,34,12.78,11.5,3,4.5,2,15,0.91657990430622,0.40097047899740507
1416,,after_candidate_limit,,1965,78,15,78,13.89,8.33,0.5,1.38,6,1,0.896209090909091,0.4008164242577113
1417,,after_candidate_limit,,1086,43,11,43,12.78,5.75,0.5,1.38,3,2,0.906934928229665,0.4007572941862598
1418,,after_candidate_limit,,3750,150,0,150,9.44,4.25,1.33,2,1,1,0.9287827751196173,0.40073948626823064
1419,,after_candidate_limit,,3775,151,0,151,9.44,4.25,1.33,3.67,1,1,0.9287894736842105,0.40067734389837645
1420,,after_candidate_limit,,1111,44,11,44,12.78,5.75,0.5,2,3,2,0.9069387559808613,0.4006410474751601
1421,,after_candidate_limit,,1711,68,11,68,13.89,4.17,2.17,3.25,3,2,0.9104851674641148,0.4004329025311748
1422,,after_candidate_limit,,11,0,11,0,11.67,10.5,0.5,0.75,3,2,0.9064574162679426,0.40035057214667474
1423,,after_candidate_limit,,1210,48,10,48,12.78,5.75,3,4.5,3,1,0.894266985645933,0.4002599434587216
1424,,after_candidate_limit,,1990,79,15,79,13.89,8.33,0.5,2,6,1,0.8961535885167464,0.4001094982386951
1425,,after_candidate_limit,,1287,51,12,51,12.78,7.67,0.5,2,3,3,0.90691004784689,0.4000480199999285
1426,,after_candidate_limit,,1887,75,12,75,13.89,6.25,2.17,3.25,3,3,0.9104555023923445,0.3999994537468635
1427,,after_candidate_limit,,1237,49,12,49,12.78,7.67,0.5,0.75,3,3,0.9069167464114832,0.39996896216752115
1428,,after_candidate_limit,,1262,50,12,50,12.78,7.67,0.5,1.38,3,3,0.9069129186602871,0.3998625914740459
1429,,after_candidate_limit,,2315,92,15,92,15,4.5,0.5,1.38,6,1,0.8917406698564593,0.3998382737893425
1430,,after_candidate_limit,,4101,164,1,164,9.44,8.5,1.33,2,1,2,0.9287827751196173,0.39977163135517385
1431,,after_candidate_limit,,35,1,10,1,11.67,10.5,0.5,1.38,3,1,0.9068631578947368,0.3996309490772221
1432,,after_candidate_limit,,3975,159,0,159,9.44,5.66,2.17,3.25,1,1,0.9185311004784689,0.39940688915124617
1433,,after_candidate_limit,,61,2,11,2,11.67,10.5,0.5,2,3,2,0.9063789473684211,0.399372133341677
1434,,after_candidate_limit,,1538,61,13,61,13.89,12.5,2.17,3.25,3,8,0.9104363636363636,0.39926335721264006
1435,,after_candidate_limit,,1736,69,11,69,13.89,4.17,3,4.5,3,2,0.9081019138755981,0.399239879116176
1436,,after_candidate_limit,,60,2,10,2,11.67,10.5,0.5,2,3,1,0.9068775119617225,0.3992009606606885
1437,,after_candidate_limit,,1687,67,12,67,13.89,4.17,1.33,3.67,3,3,0.9086157894736843,0.3991040654233932
1438,,after_candidate_limit,,2340,93,15,93,15,4.5,0.5,2,6,1,0.8917473684210526,0.3990962157096433
1439,,after_candidate_limit,,4126,165,1,165,9.44,8.5,1.33,3.67,1,2,0.9287961722488038,0.39895462166522694
1440,,after_candidate_limit,,1912,76,12,76,13.89,6.25,3,4.5,3,3,0.9080732057416268,0.3988986404680316
1441,,after_candidate_limit,,1662,66,12,66,13.89,4.17,1.33,2,3,3,0.9086138755980862,0.39889536977121937
1442,,after_candidate_limit,,107,4,7,4,11.67,10.5,1.33,3.67,2,3,0.9152842105263158,0.3988234936901916
1443,,after_candidate_limit,,2466,98,16,98,15,6.75,0.5,0.75,6,2,0.8916267942583732,0.39867065942000235
1444,,after_candidate_limit,,130,5,5,5,11.67,10.5,2.17,3.25,2,1,0.9146593301435406,0.3984740258859546
1445,,after_candidate_limit,,82,3,7,3,11.67,10.5,1.33,2,2,3,0.9152650717703349,0.3982680222712485
1446,,after_candidate_limit,,2516,100,16,100,15,6.75,0.5,2,6,2,0.891644019138756,0.3982256514258573
1447,,after_candidate_limit,,3600,144,0,144,9.44,2.83,1.33,3.67,1,1,0.928666028708134,0.39821646054974424
1448,,after_candidate_limit,,631,25,6,25,11.67,7,1.33,3.67,2,2,0.9150832535885167,0.39810510990502174
1449,,after_candidate_limit,,2491,99,16,99,15,6.75,0.5,1.38,6,2,0.8916277511961722,0.3980955017279683
1450,,after_candidate_limit,,131,5,6,5,11.67,10.5,2.17,3.25,2,2,0.9138813397129186,0.39802963321827994
1451,,after_candidate_limit,,606,24,6,24,11.67,7,1.33,2,2,2,0.9150650717703349,0.3980050745092326
1452,,after_candidate_limit,,3575,143,0,143,9.44,2.83,1.33,2,1,1,0.9286612440191387,0.3980048587504632
1453,,after_candidate_limit,,360,14,10,14,11.67,5.25,0.5,0.75,3,1,0.9061301435406699,0.3979721957602061
1454,,after_candidate_limit,,2642,105,17,105,15,9,0.5,0.75,6,3,0.8913818181818182,0.3978382607001451
1455,,after_candidate_limit,,1563,62,13,62,13.89,12.5,3,4.5,3,8,0.9080311004784689,0.39772150678470647
1456,,after_candidate_limit,,3951,158,1,158,9.44,5.66,1.33,3.67,1,2,0.9286430622009569,0.39771461189019974
1457,,after_candidate_limit,,3926,157,1,157,9.44,5.66,1.33,2,1,2,0.9286392344497608,0.39763834938367004
1458,,after_candidate_limit,,936,37,11,37,12.78,3.83,0.5,2,3,2,0.9068066985645933,0.39751588008176814
1459,,after_candidate_limit,,2667,106,17,106,15,9,0.5,1.38,6,3,0.8913866028708134,0.3973330677644499
1460,,after_candidate_limit,,2692,107,17,107,15,9,0.5,2,6,3,0.891333014354067,0.3972208634971069
1461,,after_candidate_limit,,911,36,11,36,12.78,3.83,0.5,1.38,3,2,0.9067980861244019,0.3971096500988358
1462,,after_candidate_limit,,280,11,5,11,11.67,3.5,1.33,3.67,2,1,0.9150267942583732,0.3970988731709215
1463,,after_candidate_limit,,255,10,5,10,11.67,3.5,1.33,2,2,1,0.9150172248803827,0.3970933892976315
1464,,after_candidate_limit,,886,35,11,35,12.78,3.83,0.5,0.75,3,2,0.9067961722488038,0.3969806835174992
1465,,after_candidate_limit,,2791,111,16,111,15,9,3,4.5,6,2,0.8887196172248804,0.39673687167661115
1466,,after_candidate_limit,,385,15,10,15,11.67,5.25,0.5,1.38,3,1,0.9061081339712919,0.39671353774603185
1467,,after_candidate_limit,,1712,68,12,68,13.89,4.17,2.17,3.25,3,3,0.9103722488038277,0.39667672784652974
1468,,after_candidate_limit,,1663,66,13,66,13.89,4.17,1.33,2,3,8,0.9085966507177033,0.39661604581447457
1469,,after_candidate_limit,,1664,66,14,66,13.89,4.17,1.33,2,3,15,0.9085966507177033,0.39661604581447457
1470,,after_candidate_limit,,1688,67,13,67,13.89,4.17,1.33,3.67,3,8,0.9085966507177033,0.39661604581447457
1471,,after_candidate_limit,,1689,67,14,67,13.89,4.17,1.33,3.67,3,15,0.9085966507177033,0.39661604581447457
1472,,after_candidate_limit,,1838,73,13,73,13.89,6.25,1.33,2,3,8,0.9085966507177033,0.39661604581447457
1473,,after_candidate_limit,,1839,73,14,73,13.89,6.25,1.33,2,3,15,0.9085966507177033,0.39661604581447457
1474,,after_candidate_limit,,1863,74,13,74,13.89,6.25,1.33,3.67,3,8,0.9085966507177033,0.39661604581447457
1475,,after_candidate_limit,,1864,74,14,74,13.89,6.25,1.33,3.67,3,15,0.9085966507177033,0.39661604581447457
1476,,after_candidate_limit,,2013,80,13,80,13.89,8.33,1.33,2,3,8,0.9085966507177033,0.39661604581447457
1477,,after_candidate_limit,,2014,80,14,80,13.89,8.33,1.33,2,3,15,0.9085966507177033,0.39661604581447457
1478,,after_candidate_limit,,2038,81,13,81,13.89,8.33,1.33,3.67,3,8,0.9085966507177033,0.39661604581447457
1479,,after_candidate_limit,,2039,81,14,81,13.89,8.33,1.33,3.67,3,15,0.9085966507177033,0.39661604581447457
1480,,after_candidate_limit,,2766,110,16,110,15,9,2.17,3.25,6,2,0.8893674641148326,0.3965776448745554
1481,,after_candidate_limit,,846,33,21,33,12.78,11.5,2.17,3.25,20,2,0.8530373205741627,0.39640887774595224
1482,,after_candidate_limit,,1062,42,12,42,12.78,5.75,0.5,0.75,3,3,0.906778947368421,0.3963990434641193
1483,,after_candidate_limit,,3776,151,1,151,9.44,4.25,1.33,3.67,1,2,0.9285808612440192,0.39638438755265865
1484,,after_candidate_limit,,1112,44,12,44,12.78,5.75,0.5,2,3,3,0.9067894736842105,0.396351817837134
1485,,after_candidate_limit,,1087,43,12,43,12.78,5.75,0.5,1.38,3,3,0.9067866028708134,0.3962317812159157
1486,,after_candidate_limit,,2741,109,16,109,15,9,1.33,3.67,6,2,0.8908842105263158,0.3962021063979349
1487,,after_candidate_limit,,3751,150,1,150,9.44,4.25,1.33,2,1,2,0.928577033492823,0.39617874930522756
1488,,after_candidate_limit,,480,19,5,19,11.67,5.25,2.17,3.25,2,1,0.91357990430622,0.3960793928035094
1489,,after_candidate_limit,,155,6,5,6,11.67,10.5,3,4.5,2,1,0.903309090909091,0.39580614918573237
1490,,after_candidate_limit,,4000,160,0,160,9.44,5.66,3,4.5,1,1,0.910533971291866,0.3957912176221001
1491,,after_candidate_limit,,2716,108,16,108,15,9,1.33,2,6,2,0.8908593301435407,0.3957640143731041
1492,,after_candidate_limit,,785,31,10,31,12.78,11.5,1.33,2,3,1,0.8959425837320574,0.3957124581542715
1493,,after_candidate_limit,,1514,60,14,60,13.89,12.5,1.33,3.67,3,15,0.9083593301435406,0.3956761212298031
1494,,after_candidate_limit,,4102,164,2,164,9.44,8.5,1.33,2,1,3,0.928622009569378,0.39566655055392236
1495,,after_candidate_limit,,1737,69,12,69,13.89,4.17,3,4.5,3,3,0.9079928229665072,0.3956122111660757
1496,,after_candidate_limit,,1489,59,14,59,13.89,12.5,1.33,2,3,15,0.9083574162679425,0.3955095051830284
1497,,after_candidate_limit,,1370,54,20,54,12.78,7.67,2.17,3.25,20,1,0.8588057416267942,0.3954359545554795
1498,,after_candidate_limit,,4127,165,2,165,9.44,8.5,1.33,3.67,1,3,0.9286105263157894,0.39523390669757236
1499,,after_candidate_limit,,3952,158,2,158,9.44,5.66,1.33,3.67,1,3,0.9285531100478469,0.3948627180523253
1500,,after_candidate_limit,,3927,157,2,157,9.44,5.66,1.33,2,1,3,0.9285511961722488,0.3948380988007002
1501,,after_candidate_limit,,410,16,10,16,11.67,5.25,0.5,2,3,1,0.9060976076555024,0.3948307849299995
1502,,after_candidate_limit,,1361,54,11,54,12.78,7.67,2.17,3.25,3,2,0.902043062200957,0.3947544239352254
1503,,after_candidate_limit,,1765,70,15,70,13.89,6.25,0.5,0.75,6,1,0.8959555023923444,0.394474800021854
1504,,after_candidate_limit,,3576,143,1,143,9.44,2.83,1.33,2,1,2,0.9285234449760765,0.39434142297575464
1505,,after_candidate_limit,,3601,144,1,144,9.44,2.83,1.33,3.67,1,2,0.9285234449760765,0.39432552316838354
1506,,after_candidate_limit,,713,28,13,28,12.78,11.5,0.5,0.75,3,8,0.9066947368421052,0.3943119729216667
1507,,after_candidate_limit,,1713,68,13,68,13.89,4.17,2.17,3.25,3,8,0.9103540669856459,0.39428009120279606
1508,,after_candidate_limit,,1714,68,14,68,13.89,4.17,2.17,3.25,3,15,0.9103540669856459,0.39428009120279606
1509,,after_candidate_limit,,1888,75,13,75,13.89,6.25,2.17,3.25,3,8,0.9103540669856459,0.39428009120279606
1510,,after_candidate_limit,,1889,75,14,75,13.89,6.25,2.17,3.25,3,15,0.9103540669856459,0.39428009120279606
1511,,after_candidate_limit,,2063,82,13,82,13.89,8.33,2.17,3.25,3,8,0.9103540669856459,0.39428009120279606
1512,,after_candidate_limit,,2064,82,14,82,13.89,8.33,2.17,3.25,3,15,0.9103540669856459,0.39428009120279606
1513,,after_candidate_limit,,738,29,13,29,12.78,11.5,0.5,1.38,3,8,0.9067052631578948,0.3942188829741364
1514,,after_candidate_limit,,1815,72,15,72,13.89,6.25,0.5,2,6,1,0.8960244019138756,0.39413623641818807
1515,,after_candidate_limit,,763,30,13,30,12.78,11.5,0.5,2,3,8,0.9067253588516746,0.39411338435015064
1516,,after_candidate_limit,,456,18,6,18,11.67,5.25,1.33,3.67,2,2,0.9148909090909091,0.3940107475738132
1517,,after_candidate_limit,,431,17,6,17,11.67,5.25,1.33,2,2,2,0.9148928229665072,0.39395943345899553
1518,,after_candidate_limit,,1790,71,15,71,13.89,6.25,0.5,1.38,6,1,0.8959861244019138,0.3938706779166977
1519,,after_candidate_limit,,1336,53,11,53,12.78,7.67,1.33,3.67,3,2,0.8949990430622009,0.3938575617737634
1520,,after_candidate_limit,,887,35,12,35,12.78,3.83,0.5,0.75,3,3,0.9067215311004785,0.3938091645942258
1521,,after_candidate_limit,,156,6,6,6,11.67,10.5,3,4.5,2,2,0.9025186602870814,0.3937633072674645
1522,,after_candidate_limit,,1311,52,11,52,12.78,7.67,1.33,2,3,2,0.8949894736842106,0.3935729524153388
1523,,after_candidate_limit,,937,37,12,37,12.78,3.83,0.5,2,3,3,0.9067196172248804,0.3935302793270661
1524,,after_candidate_limit,,1945,77,20,77,13.89,8.33,0.5,0.75,20,1,0.8817421052631579,0.3934929115942859
1525,,after_candidate_limit,,1539,61,14,61,13.89,12.5,2.17,3.25,3,15,0.910133014354067,0.3934541793536488
1526,,after_candidate_limit,,912,36,12,36,12.78,3.83,0.5,1.38,3,3,0.9067186602870814,0.3934416397214378
1527,,after_candidate_limit,,2517,100,17,100,15,6.75,0.5,2,6,3,0.8913952153110047,0.3934283624367876
1528,,after_candidate_limit,,2492,99,17,99,15,6.75,0.5,1.38,6,3,0.8913913875598086,0.393281854555204
1529,,after_candidate_limit,,632,25,7,25,11.67,7,1.33,3.67,2,3,0.9148363636363637,0.3932352558952505
1530,,after_candidate_limit,,607,24,7,24,11.67,7,1.33,2,2,3,0.9148354066985646,0.3932139402071386
1531,,after_candidate_limit,,1738,69,13,69,13.89,4.17,3,4.5,3,8,0.9079746411483254,0.3931784046293581
1532,,after_candidate_limit,,1739,69,14,69,13.89,4.17,3,4.5,3,15,0.9079746411483254,0.3931784046293581
1533,,after_candidate_limit,,1913,76,13,76,13.89,6.25,3,4.5,3,8,0.9079746411483254,0.3931784046293581
1534,,after_candidate_limit,,1914,76,14,76,13.89,6.25,3,4.5,3,15,0.9079746411483254,0.3931784046293581
1535,,after_candidate_limit,,2088,83,13,83,13.89,8.33,3,4.5,3,8,0.9079746411483254,0.3931784046293581
1536,,after_candidate_limit,,2089,83,14,83,13.89,8.33,3,4.5,3,15,0.9079746411483254,0.3931784046293581
1537,,after_candidate_limit,,2467,98,17,98,15,6.75,0.5,0.75,6,3,0.8913942583732057,0.3931678947468076
1538,,after_candidate_limit,,2341,93,16,93,15,4.5,0.5,2,6,2,0.8914124401913875,0.3930917632812989
1539,,after_candidate_limit,,3777,151,2,151,9.44,4.25,1.33,3.67,1,3,0.9285004784688995,0.3929780033356036
1540,,after_candidate_limit,,3752,150,2,150,9.44,4.25,1.33,2,1,3,0.9284985645933015,0.3928433232009235
1541,,after_candidate_limit,,2316,92,16,92,15,4.5,0.5,1.38,6,2,0.8914047846889952,0.3928103321636379
1542,,after_candidate_limit,,1386,55,11,55,12.78,7.67,3,4.5,3,2,0.893954066985646,0.3927164699061698
1543,,after_candidate_limit,,3800,152,0,152,9.44,4.25,2.17,3.25,1,1,0.9182803827751196,0.3926732800995719
1544,,after_candidate_limit,,2291,91,16,91,15,4.5,0.5,0.75,6,2,0.8914038277511962,0.39261557249232404
1545,,after_candidate_limit,,786,31,11,31,12.78,11.5,1.33,2,3,2,0.8950736842105264,0.3924404081961965
1546,,after_candidate_limit,,2115,84,15,84,15,13.5,0.5,0.75,6,1,0.890333971291866,0.39226243473889916
1547,,after_candidate_limit,,3577,143,2,143,9.44,2.83,1.33,2,1,3,0.9284909090909091,0.39191655289587735
1548,,after_candidate_limit,,3602,144,2,144,9.44,2.83,1.33,3.67,1,3,0.9284909090909091,0.39191655289587735
1549,,after_candidate_limit,,1564,62,14,62,13.89,12.5,3,4.5,3,15,0.9077181818181819,0.39188478433476365
1550,,after_candidate_limit,,281,11,6,11,11.67,3.5,1.33,3.67,2,2,0.9148124401913875,0.3918700113755782
1551,,after_candidate_limit,,4151,166,1,166,9.44,8.5,2.17,3.25,1,2,0.9183033492822966,0.3918685056586782
1552,,after_candidate_limit,,12,0,12,0,11.67,10.5,0.5,0.75,3,3,0.9060832535885167,0.3918555198458715
1553,,after_candidate_limit,,132,5,7,5,11.67,10.5,2.17,3.25,2,3,0.9135598086124402,0.3917306307360363
1554,,after_candidate_limit,,256,10,6,10,11.67,3.5,1.33,2,2,2,0.9148038277511962,0.3916672749059067
1555,,after_candidate_limit,,787,31,12,31,12.78,11.5,1.33,2,3,3,0.894953110047847,0.3916375800455662
1556,,after_candidate_limit,,888,35,13,35,12.78,3.83,0.5,0.75,3,8,0.9067052631578948,0.39161173316073195
1557,,after_candidate_limit,,889,35,14,35,12.78,3.83,0.5,0.75,3,15,0.9067052631578948,0.39161173316073195
1558,,after_candidate_limit,,913,36,13,36,12.78,3.83,0.5,1.38,3,8,0.9067052631578948,0.39161173316073195
1559,,after_candidate_limit,,914,36,14,36,12.78,3.83,0.5,1.38,3,15,0.9067052631578948,0.39161173316073195
1560,,after_candidate_limit,,938,37,13,37,12.78,3.83,0.5,2,3,8,0.9067052631578948,0.39161173316073195
1561,,after_candidate_limit,,939,37,14,37,12.78,3.83,0.5,2,3,15,0.9067052631578948,0.39161173316073195
1562,,after_candidate_limit,,1063,42,13,42,12.78,5.75,0.5,0.75,3,8,0.9067052631578948,0.39161173316073195
1563,,after_candidate_limit,,1064,42,14,42,12.78,5.75,0.5,0.75,3,15,0.9067052631578948,0.39161173316073195
1564,,after_candidate_limit,,1088,43,13,43,12.78,5.75,0.5,1.38,3,8,0.9067052631578948,0.39161173316073195
1565,,after_candidate_limit,,1089,43,14,43,12.78,5.75,0.5,1.38,3,15,0.9067052631578948,0.39161173316073195
1566,,after_candidate_limit,,1113,44,13,44,12.78,5.75,0.5,2,3,8,0.9067052631578948,0.39161173316073195
1567,,after_candidate_limit,,1114,44,14,44,12.78,5.75,0.5,2,3,15,0.9067052631578948,0.39161173316073195
1568,,after_candidate_limit,,1238,49,13,49,12.78,7.67,0.5,0.75,3,8,0.9067052631578948,0.39161173316073195
1569,,after_candidate_limit,,1239,49,14,49,12.78,7.67,0.5,0.75,3,15,0.9067052631578948,0.39161173316073195
1570,,after_candidate_limit,,1263,50,13,50,12.78,7.67,0.5,1.38,3,8,0.9067052631578948,0.39161173316073195
1571,,after_candidate_limit,,1264,50,14,50,12.78,7.67,0.5,1.38,3,15,0.9067052631578948,0.39161173316073195
1572,,after_candidate_limit,,1288,51,13,51,12.78,7.67,0.5,2,3,8,0.9067052631578948,0.39161173316073195
1573,,after_candidate_limit,,1289,51,14,51,12.78,7.67,0.5,2,3,15,0.9067052631578948,0.39161173316073195
1574,,after_candidate_limit,,536,21,11,21,11.67,7,0.5,0.75,3,2,0.9058956937799043,0.39136363396409424
1575,,after_candidate_limit,,37,1,12,1,11.67,10.5,0.5,1.38,3,3,0.9060794258373206,0.39123507134501617
1576,,after_candidate_limit,,4103,164,3,164,9.44,8.5,1.33,2,1,8,0.9284861244019139,0.3911892161202647
1577,,after_candidate_limit,,4128,165,3,165,9.44,8.5,1.33,3.67,1,8,0.9284861244019139,0.3911892161202647
1578,,after_candidate_limit,,656,26,6,26,11.67,7,2.17,3.25,2,2,0.9133856459330143,0.3911799080564303
1579,,after_candidate_limit,,3578,143,3,143,9.44,2.83,1.33,2,1,8,0.9284851674641148,0.39117538189247697
1580,,after_candidate_limit,,3579,143,4,143,9.44,2.83,1.33,2,1,15,0.9284851674641148,0.39117538189247697
1581,,after_candidate_limit,,3603,144,3,144,9.44,2.83,1.33,3.67,1,8,0.9284851674641148,0.39117538189247697
1582,,after_candidate_limit,,3604,144,4,144,9.44,2.83,1.33,3.67,1,15,0.9284851674641148,0.39117538189247697
1583,,after_candidate_limit,,3753,150,3,150,9.44,4.25,1.33,2,1,8,0.9284851674641148,0.39117538189247697
1584,,after_candidate_limit,,3754,150,4,150,9.44,4.25,1.33,2,1,15,0.9284851674641148,0.39117538189247697
1585,,after_candidate_limit,,3778,151,3,151,9.44,4.25,1.33,3.67,1,8,0.9284851674641148,0.39117538189247697
1586,,after_candidate_limit,,3779,151,4,151,9.44,4.25,1.33,3.67,1,15,0.9284851674641148,0.39117538189247697
1587,,after_candidate_limit,,3928,157,3,157,9.44,5.66,1.33,2,1,8,0.9284851674641148,0.39117538189247697
1588,,after_candidate_limit,,3929,157,4,157,9.44,5.66,1.33,2,1,15,0.9284851674641148,0.39117538189247697
1589,,after_candidate_limit,,3953,158,3,158,9.44,5.66,1.33,3.67,1,8,0.9284851674641148,0.39117538189247697
1590,,after_candidate_limit,,3954,158,4,158,9.44,5.66,1.33,3.67,1,15,0.9284851674641148,0.39117538189247697
1591,,after_candidate_limit,,4104,164,4,164,9.44,8.5,1.33,2,1,15,0.9284851674641148,0.39117538189247697
1592,,after_candidate_limit,,4129,165,4,165,9.44,8.5,1.33,3.67,1,15,0.9284851674641148,0.39117538189247697
1593,,after_candidate_limit,,62,2,12,2,11.67,10.5,0.5,2,3,3,0.9061167464114832,0.3908415930822347
1594,,after_candidate_limit,,2570,102,20,102,15,6.75,1.33,3.67,20,1,0.882976076555024,0.3908027112150453
1595,,after_candidate_limit,,1010,40,10,40,12.78,3.83,2.17,3.25,3,1,0.9018909090909091,0.39057254812605796
1596,,after_candidate_limit,,1415,56,15,56,13.89,12.5,0.5,0.75,6,1,0.8954478468899522,0.39056065345940416
1597,,after_candidate_limit,,836,33,11,33,12.78,11.5,2.17,3.25,3,2,0.9021052631578947,0.39052352214670094
1598,,after_candidate_limit,,561,22,11,22,11.67,7,0.5,1.38,3,2,0.9058899521531101,0.3903968578538401
1599,,after_candidate_limit,,505,20,5,20,11.67,5.25,3,4.5,2,1,0.9021617224880383,0.3903113870765045
1600,,after_candidate_limit,,1770,70,20,70,13.89,6.25,0.5,0.75,20,1,0.8814952153110048,0.3902614300744766
1601,,after_candidate_limit,,3625,145,0,145,9.44,2.83,2.17,3.25,1,1,0.9181578947368421,0.3902243917728642
1602,,after_candidate_limit,,3855,154,5,154,9.44,5.66,0.5,0.75,2,1,0.9186468899521532,0.39021396678094666
1603,,after_candidate_limit,,432,17,7,17,11.67,5.25,1.33,2,2,3,0.9147732057416268,0.39021255455099285
1604,,after_candidate_limit,,595,23,20,23,11.67,7,0.5,2,20,1,0.8525320574162679,0.39015956570904076
1605,,after_candidate_limit,,2118,84,18,84,15,13.5,0.5,0.75,6,8,0.8905406698564593,0.39015276589331904
1606,,after_candidate_limit,,305,12,5,12,11.67,3.5,2.17,3.25,2,1,0.9133263157894737,0.3901257204390937
1607,,after_candidate_limit,,985,39,10,39,12.78,3.83,1.33,3.67,3,1,0.8948612440191388,0.39001874352808014
1608,,after_candidate_limit,,457,18,7,18,11.67,5.25,1.33,3.67,2,3,0.9147703349282297,0.38998003227786404
1609,,after_candidate_limit,,586,23,11,23,11.67,7,0.5,2,3,2,0.9058937799043062,0.38989918101890036
1610,,after_candidate_limit,,960,38,10,38,12.78,3.83,1.33,2,3,1,0.894844019138756,0.3898601270978938
1611,,after_candidate_limit,,3976,159,1,159,9.44,5.66,2.17,3.25,1,2,0.9181387559808613,0.38984247319255566
1612,,after_candidate_limit,,120,4,20,4,11.67,10.5,1.33,3.67,20,1,0.8141775119617225,0.3898028888504989
1613,,after_candidate_limit,,835,33,10,33,12.78,11.5,2.17,3.25,3,1,0.9030698564593301,0.38974116399767267
1614,,after_candidate_limit,,108,4,8,4,11.67,10.5,1.33,3.67,2,8,0.9146937799043062,0.3897173024533548
1615,,after_candidate_limit,,2545,101,20,101,15,6.75,1.33,2,20,1,0.8827904306220096,0.38965819425510906
1616,,after_candidate_limit,,1941,77,16,77,13.89,8.33,0.5,0.75,6,2,0.8956444976076555,0.3893906920171713
1617,,after_candidate_limit,,2292,91,17,91,15,4.5,0.5,0.75,6,3,0.8912928229665071,0.38932912932205427
1618,,after_candidate_limit,,3880,155,5,155,9.44,5.66,0.5,1.38,2,1,0.9186430622009569,0.3892170068924942
1619,,after_candidate_limit,,1035,41,10,41,12.78,3.83,3,4.5,3,1,0.893822009569378,0.38918660590757004
1620,,after_candidate_limit,,1970,78,20,78,13.89,8.33,0.5,1.38,20,1,0.8817650717703349,0.3891806352166792
1621,,after_candidate_limit,,185,7,10,7,11.67,3.5,0.5,0.75,3,1,0.9058430622009569,0.3891590086280258
1622,,after_candidate_limit,,2342,93,17,93,15,4.5,0.5,2,6,3,0.89128995215311,0.3891078317227083
1623,,after_candidate_limit,,3825,153,0,153,9.44,4.25,3,4.5,1,1,0.9102602870813397,0.3890974581351396
1624,,after_candidate_limit,,2116,84,16,84,15,13.5,0.5,0.75,6,2,0.8900526315789473,0.38909158306358443
1625,,after_candidate_limit,,2317,92,17,92,15,4.5,0.5,1.38,6,3,0.8912880382775119,0.3890408254067039
1626,,after_candidate_limit,,1995,79,20,79,13.89,8.33,0.5,2,20,1,0.8817468899521531,0.3888806238112339
1627,,after_candidate_limit,,2645,105,20,105,15,9,0.5,0.75,20,1,0.8851502392344498,0.3888516112063188
1628,,after_candidate_limit,,83,3,8,3,11.67,10.5,1.33,2,2,8,0.9146497607655503,0.3888273220303438
1629,,after_candidate_limit,,837,33,12,33,12.78,11.5,2.17,3.25,3,3,0.9020086124401914,0.38882643396840927
1630,,after_candidate_limit,,570,22,20,22,11.67,7,0.5,1.38,20,1,0.8525167464114832,0.3887507858877224
1631,,after_candidate_limit,,1186,47,11,47,12.78,5.75,2.17,3.25,3,2,0.9017818181818181,0.3887196977180543
1632,,after_candidate_limit,,3801,152,1,152,9.44,4.25,2.17,3.25,1,2,0.9180755980861244,0.38845638928323556
1633,,after_candidate_limit,,3905,156,5,156,9.44,5.66,0.5,2,2,1,0.9186430622009569,0.3884345173809738
1634,,after_candidate_limit,,2117,84,17,84,15,13.5,0.5,0.75,6,3,0.890133014354067,0.3884273657210207
1635,,after_candidate_limit,,2720,108,20,108,15,9,1.33,2,20,1,0.8797559808612441,0.38837019482187646
1636,,after_candidate_limit,,282,11,7,11,11.67,3.5,1.33,3.67,2,3,0.9147377990430622,0.38824584669714307
1637,,after_candidate_limit,,812,32,12,32,12.78,11.5,1.33,3.67,3,3,0.8949645933014354,0.38819943337685386
1638,,after_candidate_limit,,2015,80,15,80,13.89,8.33,1.33,2,6,1,0.8781765550239234,0.3881703861773485
1639,,after_candidate_limit,,811,32,11,32,12.78,11.5,1.33,3.67,3,2,0.8949894736842106,0.38810105671498923
1640,,after_candidate_limit,,4176,167,1,167,9.44,8.5,3,4.5,1,2,0.9102842105263158,0.38809476775039076
1641,,after_candidate_limit,,1362,54,12,54,12.78,7.67,2.17,3.25,3,3,0.9017368421052632,0.3880546805382551
1642,,after_candidate_limit,,810,32,10,32,12.78,11.5,1.33,3.67,3,1,0.895954066985646,0.3879457006208957
1643,,after_candidate_limit,,2119,84,19,84,15,13.5,0.5,0.75,6,15,0.8906162679425838,0.38792651860096977
1644,,after_candidate_limit,,95,3,20,3,11.67,10.5,1.33,2,20,1,0.8169636363636363,0.38792404824394106
1645,,after_candidate_limit,,1161,46,11,46,12.78,5.75,1.33,3.67,3,2,0.8947444976076555,0.3879187519062381
1646,,after_candidate_limit,,257,10,7,10,11.67,3.5,1.33,2,2,3,0.9147358851674641,0.38788137783267423
1647,,after_candidate_limit,,2616,104,16,104,15,6.75,3,4.5,6,2,0.8885732057416268,0.38784039577056534
1648,,after_candidate_limit,,1966,78,16,78,13.89,8.33,0.5,1.38,6,2,0.8956502392344498,0.38779119507782633
1649,,after_candidate_limit,,1136,45,11,45,12.78,5.75,1.33,2,3,2,0.8947358851674642,0.3877806587971395
1650,,after_candidate_limit,,2040,81,15,81,13.89,8.33,1.33,3.67,6,1,0.8780913875598086,0.38770934588170375
1651,,after_candidate_limit,,714,28,14,28,12.78,11.5,0.5,0.75,3,15,0.9064976076555024,0.3877091465794581
1652,,after_candidate_limit,,2440,97,15,97,15,4.5,3,4.5,6,1,0.888644019138756,0.3876730843231597
1653,,after_candidate_limit,,2365,94,15,94,15,4.5,1.33,2,6,1,0.8908181818181818,0.3876395850057082
1654,,after_candidate_limit,,2169,86,19,86,15,13.5,0.5,2,6,15,0.8903511961722488,0.3876224602072933
1655,,after_candidate_limit,,2390,95,15,95,15,4.5,1.33,3.67,6,1,0.8908277511961723,0.38750907901350956
1656,,after_candidate_limit,,1337,53,12,53,12.78,7.67,1.33,3.67,3,3,0.8946976076555024,0.3874251178596214
1657,,after_candidate_limit,,2566,102,16,102,15,6.75,1.33,3.67,6,2,0.8907435406698565,0.3873722176276017
1658,,after_candidate_limit,,4152,166,2,166,9.44,8.5,2.17,3.25,1,3,0.9181004784688995,0.38732147828764324
1659,,after_candidate_limit,,1312,52,12,52,12.78,7.67,1.33,2,3,3,0.8947043062200957,0.38732011971859254
1660,,after_candidate_limit,,157,6,7,6,11.67,10.5,3,4.5,2,3,0.9021588516746412,0.38731517026262685
1661,,after_candidate_limit,,3977,159,2,159,9.44,5.66,2.17,3.25,1,3,0.9180526315789473,0.3872995749830692
1662,,after_candidate_limit,,1795,71,20,71,13.89,6.25,0.5,1.38,20,1,0.8814961722488038,0.3872538617224211
1663,,after_candidate_limit,,2792,111,17,111,15,9,3,4.5,6,3,0.8883626794258374,0.3872478341647954
1664,,after_candidate_limit,,2591,103,16,103,15,6.75,2.17,3.25,6,2,0.8892066985645933,0.38724078184827604
1665,,after_candidate_limit,,2144,85,19,85,15,13.5,0.5,1.38,6,15,0.8903473684210527,0.38723880442220354
1666,,after_candidate_limit,,1211,48,11,48,12.78,5.75,3,4.5,3,2,0.8936966507177033,0.387196801839634
1667,,after_candidate_limit,,2541,101,16,101,15,6.75,1.33,2,6,2,0.8907234449760766,0.38710909143680045
1668,,after_candidate_limit,,2415,96,15,96,15,4.5,2.17,3.25,6,1,0.8892765550239234,0.3870664757064549
1669,,after_candidate_limit,,739,29,14,29,12.78,11.5,0.5,1.38,3,15,0.9064956937799044,0.3870615112830216
1670,,after_candidate_limit,,2742,109,17,109,15,9,1.33,3.67,6,3,0.8905339712918661,0.38705156696869414
1671,,after_candidate_limit,,481,19,6,19,11.67,5.25,2.17,3.25,2,2,0.9131923444976077,0.38700157494011383
1672,,after_candidate_limit,,764,30,14,30,12.78,11.5,0.5,2,3,15,0.9064909090909091,0.38695725375930906
1673,,after_candidate_limit,,235,9,10,9,11.67,3.5,0.5,2,3,1,0.9058258373205742,0.3869366906896251
1674,,after_candidate_limit,,210,8,10,8,11.67,3.5,0.5,1.38,3,1,0.9058124401913875,0.38687762960139976
1675,,after_candidate_limit,,3650,146,0,146,9.44,2.83,3,4.5,1,1,0.9101387559808612,0.38663964482953034
1676,,after_candidate_limit,,1820,72,20,72,13.89,6.25,0.5,2,20,1,0.8815765550239234,0.38663596230018343
1677,,after_candidate_limit,,258,10,8,10,11.67,3.5,1.33,2,2,8,0.9147301435406698,0.38662614496097075
1678,,after_candidate_limit,,259,10,9,10,11.67,3.5,1.33,2,2,15,0.9147301435406698,0.38662614496097075
1679,,after_candidate_limit,,283,11,8,11,11.67,3.5,1.33,3.67,2,8,0.9147301435406698,0.38662614496097075
1680,,after_candidate_limit,,284,11,9,11,11.67,3.5,1.33,3.67,2,15,0.9147301435406698,0.38662614496097075
1681,,after_candidate_limit,,433,17,8,17,11.67,5.25,1.33,2,2,8,0.9147301435406698,0.38662614496097075
1682,,after_candidate_limit,,434,17,9,17,11.67,5.25,1.33,2,2,15,0.9147301435406698,0.38662614496097075
1683,,after_candidate_limit,,458,18,8,18,11.67,5.25,1.33,3.67,2,8,0.9147301435406698,0.38662614496097075
1684,,after_candidate_limit,,459,18,9,18,11.67,5.25,1.33,3.67,2,15,0.9147301435406698,0.38662614496097075
1685,,after_candidate_limit,,608,24,8,24,11.67,7,1.33,2,2,8,0.9147301435406698,0.38662614496097075
1686,,after_candidate_limit,,609,24,9,24,11.67,7,1.33,2,2,15,0.9147301435406698,0.38662614496097075
1687,,after_candidate_limit,,633,25,8,25,11.67,7,1.33,3.67,2,8,0.9147301435406698,0.38662614496097075
1688,,after_candidate_limit,,634,25,9,25,11.67,7,1.33,3.67,2,15,0.9147301435406698,0.38662614496097075
1689,,after_candidate_limit,,2767,110,17,110,15,9,2.17,3.25,6,3,0.8889952153110048,0.38658713430470903
1690,,after_candidate_limit,,3626,145,1,145,9.44,2.83,2.17,3.25,1,2,0.9180229665071771,0.38654510657802066
1691,,after_candidate_limit,,1991,79,16,79,13.89,8.33,0.5,2,6,2,0.8956483253588516,0.38653602079927235
1692,,after_candidate_limit,,2717,108,17,108,15,9,1.33,2,6,3,0.8905071770334928,0.386458106092025
1693,,after_candidate_limit,,4001,160,1,160,9.44,5.66,3,4.5,1,2,0.9101177033492823,0.38640539986132216
1694,,after_candidate_limit,,1590,63,15,63,13.89,4.17,0.5,0.75,6,1,0.895565071770335,0.38632526678920087
1695,,after_candidate_limit,,862,34,12,34,12.78,11.5,3,4.5,3,3,0.8939732057416268,0.3863104871931263
1696,,after_candidate_limit,,2293,91,18,91,15,4.5,0.5,0.75,6,8,0.8912622009569378,0.3861671655902765
1697,,after_candidate_limit,,2294,91,19,91,15,4.5,0.5,0.75,6,15,0.8912622009569378,0.3861671655902765
1698,,after_candidate_limit,,2318,92,18,92,15,4.5,0.5,1.38,6,8,0.8912622009569378,0.3861671655902765
1699,,after_candidate_limit,,2319,92,19,92,15,4.5,0.5,1.38,6,15,0.8912622009569378,0.3861671655902765
1700,,after_candidate_limit,,2343,93,18,93,15,4.5,0.5,2,6,8,0.8912622009569378,0.3861671655902765
1701,,after_candidate_limit,,2344,93,19,93,15,4.5,0.5,2,6,15,0.8912622009569378,0.3861671655902765
1702,,after_candidate_limit,,2468,98,18,98,15,6.75,0.5,0.75,6,8,0.8912622009569378,0.3861671655902765
1703,,after_candidate_limit,,2469,98,19,98,15,6.75,0.5,0.75,6,15,0.8912622009569378,0.3861671655902765
1704,,after_candidate_limit,,2493,99,18,99,15,6.75,0.5,1.38,6,8,0.8912622009569378,0.3861671655902765
1705,,after_candidate_limit,,2494,99,19,99,15,6.75,0.5,1.38,6,15,0.8912622009569378,0.3861671655902765
1706,,after_candidate_limit,,2518,100,18,100,15,6.75,0.5,2,6,8,0.8912622009569378,0.3861671655902765
1707,,after_candidate_limit,,2519,100,19,100,15,6.75,0.5,2,6,15,0.8912622009569378,0.3861671655902765
1708,,after_candidate_limit,,2644,105,19,105,15,9,0.5,0.75,6,15,0.8912622009569378,0.3861671655902765
1709,,after_candidate_limit,,2669,106,19,106,15,9,0.5,1.38,6,15,0.8912622009569378,0.3861671655902765
1710,,after_candidate_limit,,2694,107,19,107,15,9,0.5,2,6,15,0.8912622009569378,0.3861671655902765
1711,,after_candidate_limit,,681,27,6,27,11.67,7,3,4.5,2,2,0.9019626794258373,0.3861669098299777
1712,,after_candidate_limit,,1387,55,12,55,12.78,7.67,3,4.5,3,3,0.8936373205741627,0.38610831559459485
1713,,after_candidate_limit,,657,26,7,26,11.67,7,2.17,3.25,2,3,0.9131311004784689,0.38607871306234326
1714,,after_candidate_limit,,4031,161,6,161,9.44,8.5,0.5,0.75,2,2,0.9185588516746411,0.3860209214679328
1715,,after_candidate_limit,,2143,85,18,85,15,13.5,0.5,1.38,6,8,0.8904143540669857,0.3859161733138535
1716,,after_candidate_limit,,2142,85,17,85,15,13.5,0.5,1.38,6,3,0.8898717703349283,0.3858774470181227
1717,,after_candidate_limit,,2745,109,20,109,15,9,1.33,3.67,20,1,0.879687081339713,0.3857394666027506
1718,,after_candidate_limit,,4145,165,20,165,9.44,8.5,1.33,3.67,20,1,0.7980717703349283,0.3855543277521223
1719,,after_candidate_limit,,70,2,20,2,11.67,10.5,0.5,2,20,1,0.8457995215311005,0.3852643581520216
1720,,after_candidate_limit,,1011,40,11,40,12.78,3.83,2.17,3.25,3,2,0.9016593301435407,0.38525369386978503
1721,,after_candidate_limit,,3802,152,2,152,9.44,4.25,2.17,3.25,1,3,0.918,0.3851962439143353
1722,,after_candidate_limit,,330,13,5,13,11.67,3.5,3,4.5,2,1,0.9019090909090909,0.38517821029341787
1723,,after_candidate_limit,,2668,106,18,106,15,9,0.5,1.38,6,8,0.8912507177033493,0.38499284879487783
1724,,after_candidate_limit,,861,34,11,34,12.78,11.5,3,4.5,3,2,0.8939952153110048,0.3849272981401844
1725,,after_candidate_limit,,2693,107,18,107,15,9,0.5,2,6,8,0.8912488038277512,0.38489828614712374
1726,,after_candidate_limit,,860,34,10,34,12.78,11.5,3,4.5,3,1,0.895067942583732,0.38489824095779396
1727,,after_candidate_limit,,986,39,11,39,12.78,3.83,1.33,3.67,3,2,0.8946306220095693,0.3848944206494884
1728,,after_candidate_limit,,1416,56,16,56,13.89,12.5,0.5,0.75,6,2,0.8949401913875598,0.3848941094859388
1729,,after_candidate_limit,,1946,77,21,77,13.89,8.33,0.5,0.75,20,2,0.8813526315789474,0.38487421816099127
1730,,after_candidate_limit,,306,12,6,12,11.67,3.5,2.17,3.25,2,2,0.9131081339712919,0.3848656566183015
1731,,after_candidate_limit,,545,21,20,21,11.67,7,0.5,0.75,20,1,0.8522488038277511,0.38483162195093285
1732,,after_candidate_limit,,3826,153,1,153,9.44,4.25,3,4.5,1,2,0.9100545454545454,0.3847943339848698
1733,,after_candidate_limit,,2167,86,17,86,15,13.5,0.5,2,6,3,0.8897942583732057,0.3846895020928901
1734,,after_candidate_limit,,1240,49,15,49,12.78,7.67,0.5,0.75,6,1,0.8712019138755981,0.38460651646565147
1735,,after_candidate_limit,,537,21,12,21,11.67,7,0.5,0.75,3,3,0.9056794258373205,0.38442071102409475
1736,,after_candidate_limit,,361,14,11,14,11.67,5.25,0.5,0.75,3,2,0.9057062200956938,0.3844105561524148
1737,,after_candidate_limit,,2643,105,18,105,15,9,0.5,0.75,6,8,0.8912363636363636,0.3843957468138081
1738,,after_candidate_limit,,562,22,12,22,11.67,7,0.5,1.38,3,3,0.9056727272727273,0.38436329290378574
1739,,after_candidate_limit,,961,38,11,38,12.78,3.83,1.33,2,3,2,0.8946191387559809,0.38430989379389674
1740,,after_candidate_limit,,587,23,12,23,11.67,7,0.5,2,3,3,0.9056717703349282,0.3842816946650346
1741,,after_candidate_limit,,2168,86,18,86,15,13.5,0.5,2,6,8,0.8902746411483253,0.38427896074876994
1742,,after_candidate_limit,,1195,47,20,47,12.78,5.75,2.17,3.25,20,1,0.8580095693779904,0.38416908271880773
1743,,after_candidate_limit,,386,15,11,15,11.67,5.25,0.5,1.38,3,2,0.905711961722488,0.3841670653936435
1744,,after_candidate_limit,,3627,145,2,145,9.44,2.83,2.17,3.25,1,3,0.9179894736842106,0.3840963475247755
1745,,after_candidate_limit,,45,1,20,1,11.67,10.5,0.5,1.38,20,1,0.8454320574162679,0.38397856328720703
1746,,after_candidate_limit,,1187,47,12,47,12.78,5.75,2.17,3.25,3,3,0.9016401913875598,0.3839599623159393
1747,,after_candidate_limit,,1036,41,11,41,12.78,3.83,3,4.5,3,2,0.8935712918660287,0.38395949204834623
1748,,after_candidate_limit,,2140,85,15,85,15,13.5,0.5,1.38,6,1,0.8897090909090909,0.38395624029829845
1749,,after_candidate_limit,,411,16,11,16,11.67,5.25,0.5,2,3,2,0.9057090909090909,0.38387061196235933
1750,,after_candidate_limit,,2065,82,15,82,13.89,8.33,2.17,3.25,6,1,0.872601913875598,0.3837812891661387
1751,,after_candidate_limit,,4177,167,2,167,9.44,8.5,3,4.5,1,3,0.9100765550239235,0.38373650362763195
1752,,after_candidate_limit,,2670,106,20,106,15,9,0.5,1.38,20,1,0.8817937799043062,0.38361379277095276
1753,,after_candidate_limit,,4002,160,2,160,9.44,5.66,3,4.5,1,3,0.9100296650717703,0.3835758425666741
1754,,after_candidate_limit,,20,0,20,0,11.67,10.5,0.5,0.75,20,1,0.8482736842105263,0.3834988447878762
1755,,after_candidate_limit,,1766,70,16,70,13.89,6.25,0.5,0.75,6,2,0.8954454545454545,0.3834391881989867
1756,,after_candidate_limit,,4153,166,3,166,9.44,8.5,2.17,3.25,1,8,0.9179856459330143,0.38338243755237644
1757,,after_candidate_limit,,3680,147,5,147,9.44,4.25,0.5,0.75,2,1,0.9184344497607656,0.38337182628360156
1758,,after_candidate_limit,,2617,104,17,104,15,6.75,3,4.5,6,3,0.8883311004784689,0.3833594628743597
1759,,after_candidate_limit,,2721,108,21,108,15,9,1.33,2,20,2,0.882398086124402,0.3833091598181803
1760,,after_candidate_limit,,1162,46,12,46,12.78,5.75,1.33,3.67,3,3,0.8946095693779904,0.38330388104460067
1761,,after_candidate_limit,,1137,45,12,45,12.78,5.75,1.33,2,3,3,0.8946086124401914,0.383286199643433
1762,,after_candidate_limit,,3628,145,3,145,9.44,2.83,2.17,3.25,1,8,0.9179837320574162,0.38327314906954146
1763,,after_candidate_limit,,3629,145,4,145,9.44,2.83,2.17,3.25,1,15,0.9179837320574162,0.38327314906954146
1764,,after_candidate_limit,,3803,152,3,152,9.44,4.25,2.17,3.25,1,8,0.9179837320574162,0.38327314906954146
1765,,after_candidate_limit,,3804,152,4,152,9.44,4.25,2.17,3.25,1,15,0.9179837320574162,0.38327314906954146
1766,,after_candidate_limit,,3978,159,3,159,9.44,5.66,2.17,3.25,1,8,0.9179837320574162,0.38327314906954146
1767,,after_candidate_limit,,3979,159,4,159,9.44,5.66,2.17,3.25,1,15,0.9179837320574162,0.38327314906954146
1768,,after_candidate_limit,,4154,166,4,166,9.44,8.5,2.17,3.25,1,15,0.9179837320574162,0.38327314906954146
1769,,after_candidate_limit,,84,3,9,3,11.67,10.5,1.33,2,2,15,0.9146373205741627,0.3832167213456317
1770,,after_candidate_limit,,121,4,21,4,11.67,10.5,1.33,3.67,20,2,0.8290933014354067,0.3831865815542198
1771,,after_candidate_limit,,109,4,9,4,11.67,10.5,1.33,3.67,2,15,0.9146267942583732,0.38311409916970945
1772,,after_candidate_limit,,1290,51,15,51,12.78,7.67,0.5,2,6,1,0.8713435406698564,0.38303202233675887
1773,,after_candidate_limit,,2441,97,16,97,15,4.5,3,4.5,6,2,0.888355980861244,0.3829726792339066
1774,,after_candidate_limit,,482,19,7,19,11.67,5.25,2.17,3.25,2,3,0.9130631578947368,0.3829644694348717
1775,,after_candidate_limit,,2567,102,17,102,15,6.75,1.33,3.67,6,3,0.8905033492822967,0.3828849086122756
1776,,after_candidate_limit,,3651,146,1,146,9.44,2.83,3,4.5,1,2,0.9099990430622009,0.38284261621734966
1777,,after_candidate_limit,,2542,101,17,101,15,6.75,1.33,2,6,3,0.8905023923444976,0.38283340620815365
1778,,after_candidate_limit,,2592,103,17,103,15,6.75,2.17,3.25,6,3,0.8889655502392344,0.38282857254515135
1779,,after_candidate_limit,,3945,157,20,157,9.44,5.66,1.33,2,20,1,0.8041760765550239,0.3827436269526118
1780,,after_candidate_limit,,4056,162,6,162,9.44,8.5,0.5,1.38,2,2,0.9185397129186603,0.3826698430937032
1781,,after_candidate_limit,,1615,64,15,64,13.89,4.17,0.5,1.38,6,1,0.8955354066985646,0.3826335999487155
1782,,after_candidate_limit,,4045,161,20,161,9.44,8.5,0.5,0.75,20,1,0.8231497607655502,0.38254964312966094
1783,,after_candidate_limit,,2391,95,16,95,15,4.5,1.33,3.67,6,2,0.8905224880382775,0.38254410298761715
1784,,after_candidate_limit,,1212,48,12,48,12.78,5.75,3,4.5,3,3,0.8935483253588516,0.38248794612587805
1785,,after_candidate_limit,,3970,158,20,158,9.44,5.66,1.33,3.67,20,1,0.8041846889952153,0.38243079068518576
1786,,after_candidate_limit,,370,14,20,14,11.67,5.25,0.5,0.75,20,1,0.8519291866028708,0.38234330135579025
1787,,after_candidate_limit,,2416,96,16,96,15,4.5,2.17,3.25,6,2,0.8889856459330143,0.3823169863873054
1788,,after_candidate_limit,,2366,94,16,94,15,4.5,1.33,2,6,2,0.8905138755980861,0.3822966920852126
1789,,after_candidate_limit,,1816,72,16,72,13.89,6.25,0.5,2,6,2,0.8954492822966508,0.3822960659813047
1790,,after_candidate_limit,,1971,78,21,78,13.89,8.33,0.5,1.38,20,2,0.8813622009569378,0.382144870843549
1791,,after_candidate_limit,,1791,71,16,71,13.89,6.25,0.5,1.38,6,2,0.8954425837320574,0.38214207626626473
1792,,after_candidate_limit,,1640,65,15,65,13.89,4.17,0.5,2,6,1,0.8955430622009569,0.3820976940397303
1793,,after_candidate_limit,,1595,63,20,63,13.89,4.17,0.5,0.75,20,1,0.8812741626794258,0.38209618546808677
1794,,after_candidate_limit,,1865,74,15,74,13.89,6.25,1.33,3.67,6,1,0.8781861244019139,0.38204660622942677
1795,,after_candidate_limit,,133,5,8,5,11.67,10.5,2.17,3.25,2,8,0.9129846889952153,0.3820089088937223
1796,,after_candidate_limit,,506,20,6,20,11.67,5.25,3,4.5,2,2,0.9017617224880383,0.3819371937919275
1797,,after_candidate_limit,,236,9,11,9,11.67,3.5,0.5,2,3,2,0.9056200956937799,0.3819361132427434
1798,,after_candidate_limit,,2470,98,20,98,15,6.75,0.5,0.75,20,1,0.8849224880382776,0.38189435127568144
1799,,after_candidate_limit,,838,33,13,33,12.78,11.5,2.17,3.25,3,8,0.901599043062201,0.3818412553132438
1800,,after_candidate_limit,,1840,73,15,73,13.89,6.25,1.33,2,6,1,0.8780952153110048,0.38170573635390265
1801,,after_candidate_limit,,1265,50,15,50,12.78,7.67,0.5,1.38,6,1,0.8713100478468899,0.38164069093902847
1802,,after_candidate_limit,,2746,109,21,109,15,9,1.33,3.67,20,2,0.8792928229665071,0.38160513460284246
1803,,after_candidate_limit,,211,8,11,8,11.67,3.5,0.5,1.38,3,2,0.9056076555023923,0.3815592944600312
1804,,after_candidate_limit,,2141,85,16,85,15,13.5,0.5,1.38,6,2,0.8897607655502392,0.3815152741750295
1805,,after_candidate_limit,,3827,153,2,153,9.44,4.25,3,4.5,1,3,0.909977033492823,0.3814816703938046
1806,,after_candidate_limit,,1441,57,16,57,13.89,12.5,0.5,1.38,6,2,0.8945698564593302,0.3813855604565237
1807,,after_candidate_limit,,1012,40,12,40,12.78,3.83,2.17,3.25,3,3,0.9015751196172249,0.38138073095930153
1808,,after_candidate_limit,,1996,79,21,79,13.89,8.33,0.5,2,20,2,0.8813612440191387,0.38134139203487954
1809,,after_candidate_limit,,4081,163,6,163,9.44,8.5,0.5,2,2,2,0.9185177033492823,0.3813352083496299
1810,,after_candidate_limit,,186,7,11,7,11.67,3.5,0.5,0.75,3,2,0.9056086124401914,0.3813261041906337
1811,,after_candidate_limit,,420,16,20,16,11.67,5.25,0.5,2,20,1,0.8519588516746411,0.3813015732731522
1812,,after_candidate_limit,,2090,83,15,83,13.89,8.33,3,4.5,6,1,0.8689488038277512,0.38120844023926814
1813,,after_candidate_limit,,682,27,7,27,11.67,7,3,4.5,2,3,0.9017062200956938,0.38119082279237254
1814,,after_candidate_limit,,307,12,7,12,11.67,3.5,2.17,3.25,2,3,0.9130315789473684,0.3810591714036524
1815,,after_candidate_limit,,2595,103,20,103,15,6.75,2.17,3.25,20,1,0.8664349282296651,0.3810290016884329
1816,,after_candidate_limit,,788,31,13,31,12.78,11.5,1.33,2,3,8,0.8945416267942584,0.380936521424973
1817,,after_candidate_limit,,362,14,12,14,11.67,5.25,0.5,0.75,3,3,0.9056057416267943,0.38085165423136885
1818,,after_candidate_limit,,395,15,20,15,11.67,5.25,0.5,1.38,20,1,0.8519511961722488,0.38083895986013594
1819,,after_candidate_limit,,3705,148,5,148,9.44,4.25,0.5,1.38,2,1,0.918399043062201,0.380834049929502
1820,,after_candidate_limit,,2695,107,20,107,15,9,0.5,2,20,1,0.8785358851674642,0.38080053124884955
1821,,after_candidate_limit,,1371,54,21,54,12.78,7.67,2.17,3.25,20,2,0.8576918660287082,0.38078041079010233
1822,,after_candidate_limit,,1771,70,21,70,13.89,6.25,0.5,0.75,20,2,0.8812196172248804,0.3807480230280121
1823,,after_candidate_limit,,387,15,12,15,11.67,5.25,0.5,1.38,3,3,0.9056028708133971,0.38074796711382203
1824,,after_candidate_limit,,3730,149,5,149,9.44,4.25,0.5,2,2,1,0.9184019138755981,0.38069270241938563
1825,,after_candidate_limit,,1440,57,15,57,13.89,12.5,0.5,1.38,6,1,0.8947373205741627,0.38066906760914654
1826,,after_candidate_limit,,412,16,12,16,11.67,5.25,0.5,2,3,3,0.9056028708133971,0.38066644070510636
1827,,after_candidate_limit,,813,32,13,32,12.78,11.5,1.33,3.67,3,8,0.8945416267942584,0.38043733422236925
1828,,after_candidate_limit,,3652,146,2,146,9.44,2.83,3,4.5,1,3,0.9099674641148325,0.38042533205108287
1829,,after_candidate_limit,,4095,163,20,163,9.44,8.5,0.5,2,20,1,0.8230602870813397,0.38041529594282875
1830,,after_candidate_limit,,987,39,12,39,12.78,3.83,1.33,3.67,3,3,0.8945416267942584,0.3803323847303704
1831,,after_candidate_limit,,2620,104,20,104,15,6.75,3,4.5,20,1,0.8679449760765551,0.3803261095842899
1832,,after_candidate_limit,,1997,79,22,79,13.89,8.33,0.5,2,20,3,0.8812406698564593,0.3802778897561628
1833,,after_candidate_limit,,2546,101,21,101,15,6.75,1.33,2,20,2,0.8822545454545454,0.3802410172371479
1834,,after_candidate_limit,,4070,162,20,162,9.44,8.5,0.5,1.38,20,1,0.8231272727272727,0.38021206577306244
1835,,after_candidate_limit,,1417,56,17,56,13.89,12.5,0.5,0.75,6,3,0.895057894736842,0.38014648570367304
1836,,after_candidate_limit,,962,38,12,38,12.78,3.83,1.33,2,3,3,0.8945397129186603,0.3800039533578214
1837,,after_candidate_limit,,1942,77,17,77,13.89,8.33,0.5,0.75,6,3,0.8953612440191387,0.38000342712745333
1838,,after_candidate_limit,,2495,99,20,99,15,6.75,0.5,1.38,20,1,0.8849655502392344,0.3799867217274327
1839,,after_candidate_limit,,308,12,8,12,11.67,3.5,2.17,3.25,2,8,0.9130258373205742,0.379915279594978
1840,,after_candidate_limit,,309,12,9,12,11.67,3.5,2.17,3.25,2,15,0.9130258373205742,0.379915279594978
1841,,after_candidate_limit,,483,19,8,19,11.67,5.25,2.17,3.25,2,8,0.9130258373205742,0.379915279594978
1842,,after_candidate_limit,,484,19,9,19,11.67,5.25,2.17,3.25,2,15,0.9130258373205742,0.379915279594978
1843,,after_candidate_limit,,658,26,8,26,11.67,7,2.17,3.25,2,8,0.9130258373205742,0.379915279594978
1844,,after_candidate_limit,,659,26,9,26,11.67,7,2.17,3.25,2,15,0.9130258373205742,0.379915279594978
1845,,after_candidate_limit,,1972,78,22,78,13.89,8.33,0.5,1.38,20,3,0.8812311004784689,0.37990637082081186
1846,,after_candidate_limit,,1992,79,17,79,13.89,8.33,0.5,2,6,3,0.8954148325358852,0.37988363823728455
1847,,after_candidate_limit,,1037,41,12,41,12.78,3.83,3,4.5,3,3,0.8934832535885168,0.37985356533777354
1848,,after_candidate_limit,,331,13,6,13,11.67,3.5,3,4.5,2,2,0.9016784688995215,0.37981592611233184
1849,,after_candidate_limit,,863,34,13,34,12.78,11.5,3,4.5,3,8,0.8935090909090909,0.3798156133189114
1850,,after_candidate_limit,,1947,77,22,77,13.89,8.33,0.5,0.75,20,3,0.8812090909090909,0.37980594424432196
1851,,after_candidate_limit,,1796,71,21,71,13.89,6.25,0.5,1.38,20,2,0.8812119617224881,0.37973545160449745
1852,,after_candidate_limit,,2192,87,17,87,15,13.5,1.33,2,6,3,0.889933014354067,0.37960949585095116
1853,,after_candidate_limit,,2571,102,21,102,15,6.75,1.33,3.67,20,2,0.8822545454545454,0.3796005859569254
1854,,after_candidate_limit,,2520,100,20,100,15,6.75,0.5,2,20,1,0.8850325358851675,0.37957972995403105
1855,,after_candidate_limit,,1967,78,17,78,13.89,8.33,0.5,1.38,6,3,0.8954023923444976,0.37954306876238203
1856,,after_candidate_limit,,4178,167,3,167,9.44,8.5,3,4.5,1,8,0.9099626794258373,0.3794884111176102
1857,,after_candidate_limit,,3653,146,3,146,9.44,2.83,3,4.5,1,8,0.9099617224880383,0.3793935494575312
1858,,after_candidate_limit,,3654,146,4,146,9.44,2.83,3,4.5,1,15,0.9099617224880383,0.3793935494575312
1859,,after_candidate_limit,,3828,153,3,153,9.44,4.25,3,4.5,1,8,0.9099617224880383,0.3793935494575312
1860,,after_candidate_limit,,3829,153,4,153,9.44,4.25,3,4.5,1,15,0.9099617224880383,0.3793935494575312
1861,,after_candidate_limit,,4003,160,3,160,9.44,5.66,3,4.5,1,8,0.9099617224880383,0.3793935494575312
1862,,after_candidate_limit,,4004,160,4,160,9.44,5.66,3,4.5,1,15,0.9099617224880383,0.3793935494575312
1863,,after_candidate_limit,,4179,167,4,167,9.44,8.5,3,4.5,1,15,0.9099617224880383,0.3793935494575312
1864,,after_candidate_limit,,1013,40,13,40,12.78,3.83,2.17,3.25,3,8,0.9015626794258373,0.3793246849044573
1865,,after_candidate_limit,,1014,40,14,40,12.78,3.83,2.17,3.25,3,15,0.9015626794258373,0.3793246849044573
1866,,after_candidate_limit,,1188,47,13,47,12.78,5.75,2.17,3.25,3,8,0.9015626794258373,0.3793246849044573
1867,,after_candidate_limit,,1189,47,14,47,12.78,5.75,2.17,3.25,3,15,0.9015626794258373,0.3793246849044573
1868,,after_candidate_limit,,1363,54,13,54,12.78,7.67,2.17,3.25,3,8,0.9015626794258373,0.3793246849044573
1869,,after_candidate_limit,,1364,54,14,54,12.78,7.67,2.17,3.25,3,15,0.9015626794258373,0.3793246849044573
1870,,after_candidate_limit,,870,34,20,34,12.78,11.5,3,4.5,20,1,0.8064368421052631,0.379203955341353
1871,,after_candidate_limit,,3920,156,20,156,9.44,5.66,0.5,2,20,1,0.8224818181818182,0.3791747742920885
1872,,after_candidate_limit,,1821,72,21,72,13.89,6.25,0.5,2,20,2,0.8812100478468899,0.37916812685083934
1873,,after_candidate_limit,,2722,108,22,108,15,9,1.33,2,20,3,0.8821674641148325,0.37907941008251406
1874,,after_candidate_limit,,3870,154,20,154,9.44,5.66,0.5,0.75,20,1,0.8224564593301436,0.3790702189781312
1875,,after_candidate_limit,,1890,75,15,75,13.89,6.25,2.17,3.25,6,1,0.8726995215311005,0.37886524409787964
1876,,after_candidate_limit,,2166,86,16,86,15,13.5,0.5,2,6,2,0.8895349282296651,0.37885703102636215
1877,,after_candidate_limit,,195,7,20,7,11.67,3.5,0.5,0.75,20,1,0.8517234449760765,0.3788235834737054
1878,,after_candidate_limit,,2165,86,15,86,15,13.5,0.5,2,6,1,0.8888421052631579,0.37865502581984073
1879,,after_candidate_limit,,1196,47,21,47,12.78,5.75,2.17,3.25,20,2,0.8576478468899521,0.37865437227479276
1880,,after_candidate_limit,,396,15,21,15,11.67,5.25,0.5,1.38,20,2,0.8517043062200957,0.3786243980461909
1881,,after_candidate_limit,,2442,97,17,97,15,4.5,3,4.5,6,3,0.8882248803827751,0.37860198697572106
1882,,after_candidate_limit,,1372,54,22,54,12.78,7.67,2.17,3.25,20,3,0.85762009569378,0.3785837503692796
1883,,after_candidate_limit,,63,2,13,2,11.67,10.5,0.5,2,3,8,0.9054200956937799,0.37853972529849955
1884,,after_candidate_limit,,571,22,21,22,11.67,7,0.5,1.38,20,2,0.8517454545454546,0.37852048752719164
1885,,after_candidate_limit,,2367,94,17,94,15,4.5,1.33,2,6,3,0.890399043062201,0.37849639228525794
1886,,after_candidate_limit,,963,38,13,38,12.78,3.83,1.33,2,3,8,0.894531100478469,0.3784827319356987
1887,,after_candidate_limit,,964,38,14,38,12.78,3.83,1.33,2,3,15,0.894531100478469,0.3784827319356987
1888,,after_candidate_limit,,988,39,13,39,12.78,3.83,1.33,3.67,3,8,0.894531100478469,0.3784827319356987
1889,,after_candidate_limit,,989,39,14,39,12.78,3.83,1.33,3.67,3,15,0.894531100478469,0.3784827319356987
1890,,after_candidate_limit,,1138,45,13,45,12.78,5.75,1.33,2,3,8,0.894531100478469,0.3784827319356987
1891,,after_candidate_limit,,1139,45,14,45,12.78,5.75,1.33,2,3,15,0.894531100478469,0.3784827319356987
1892,,after_candidate_limit,,1163,46,13,46,12.78,5.75,1.33,3.67,3,8,0.894531100478469,0.3784827319356987
1893,,after_candidate_limit,,1164,46,14,46,12.78,5.75,1.33,3.67,3,15,0.894531100478469,0.3784827319356987
1894,,after_candidate_limit,,1313,52,13,52,12.78,7.67,1.33,2,3,8,0.894531100478469,0.3784827319356987
1895,,after_candidate_limit,,1314,52,14,52,12.78,7.67,1.33,2,3,15,0.894531100478469,0.3784827319356987
1896,,after_candidate_limit,,1338,53,13,53,12.78,7.67,1.33,3.67,3,8,0.894531100478469,0.3784827319356987
1897,,after_candidate_limit,,1339,53,14,53,12.78,7.67,1.33,3.67,3,15,0.894531100478469,0.3784827319356987
1898,,after_candidate_limit,,1467,58,17,58,13.89,12.5,0.5,2,6,3,0.8945966507177033,0.3784780020915005
1899,,after_candidate_limit,,596,23,21,23,11.67,7,0.5,2,20,2,0.8517464114832536,0.37845301673838105
1900,,after_candidate_limit,,2392,95,17,95,15,4.5,1.33,3.67,6,3,0.890399043062201,0.3784336991381448
1901,,after_candidate_limit,,1442,57,17,57,13.89,12.5,0.5,1.38,6,3,0.8947976076555024,0.37842234332354935
1902,,after_candidate_limit,,421,16,21,16,11.67,5.25,0.5,2,20,2,0.8517196172248804,0.37832253846992203
1903,,after_candidate_limit,,2269,90,19,90,15,13.5,3,4.5,6,15,0.8877081339712919,0.378271327041149
1904,,after_candidate_limit,,1620,64,20,64,13.89,4.17,0.5,1.38,20,1,0.8812684210526316,0.37823610563962007
1905,,after_candidate_limit,,1466,58,16,58,13.89,12.5,0.5,2,6,2,0.8942866028708134,0.3781666949451738
1906,,after_candidate_limit,,371,14,21,14,11.67,5.25,0.5,0.75,20,2,0.8516803827751196,0.37814242598938114
1907,,after_candidate_limit,,2417,96,17,96,15,4.5,2.17,3.25,6,3,0.8888583732057417,0.37809387289562846
1908,,after_candidate_limit,,847,33,22,33,12.78,11.5,2.17,3.25,20,3,0.8556354066985646,0.3780323457561698
1909,,after_candidate_limit,,3895,155,20,155,9.44,5.66,0.5,1.38,20,1,0.8224397129186602,0.3779628459004792
1910,,after_candidate_limit,,3505,140,5,140,9.44,2.83,0.5,0.75,2,1,0.9182928229665072,0.3779396279062006
1911,,after_candidate_limit,,2198,87,23,87,15,13.5,1.33,2,20,8,0.8746138755980861,0.37791942485565655
1912,,after_candidate_limit,,1645,65,20,65,13.89,4.17,0.5,2,20,1,0.88127990430622,0.37789861065811137
1913,,after_candidate_limit,,546,21,21,21,11.67,7,0.5,0.75,20,2,0.8517301435406699,0.37788406377360495
1914,,after_candidate_limit,,1020,40,20,40,12.78,3.83,2.17,3.25,20,1,0.8576956937799043,0.37787738552888606
1915,,after_candidate_limit,,635,25,10,25,11.67,7,1.33,3.67,3,1,0.8781894736842105,0.37785433252284534
1916,,after_candidate_limit,,1641,65,16,65,13.89,4.17,0.5,2,6,2,0.8953047846889952,0.37783515658623057
1917,,after_candidate_limit,,4120,164,20,164,9.44,8.5,1.33,2,20,1,0.798933971291866,0.3778230460281251
1918,,after_candidate_limit,,38,1,13,1,11.67,10.5,0.5,1.38,3,8,0.9053866028708134,0.377784311073616
1919,,after_candidate_limit,,1817,72,17,72,13.89,6.25,0.5,2,6,3,0.8952980861244019,0.3777757284516229
1920,,after_candidate_limit,,1038,41,13,41,12.78,3.83,3,4.5,3,8,0.8934717703349282,0.3777506161860262
1921,,after_candidate_limit,,1039,41,14,41,12.78,3.83,3,4.5,3,15,0.8934717703349282,0.3777506161860262
1922,,after_candidate_limit,,1213,48,13,48,12.78,5.75,3,4.5,3,8,0.8934717703349282,0.3777506161860262
1923,,after_candidate_limit,,1214,48,14,48,12.78,5.75,3,4.5,3,15,0.8934717703349282,0.3777506161860262
1924,,after_candidate_limit,,1388,55,13,55,12.78,7.67,3,4.5,3,8,0.8934717703349282,0.3777506161860262
1925,,after_candidate_limit,,1389,55,14,55,12.78,7.67,3,4.5,3,15,0.8934717703349282,0.3777506161860262
1926,,after_candidate_limit,,2219,88,19,88,15,13.5,1.33,3.67,6,15,0.8897875598086125,0.37772630074427416
1927,,after_candidate_limit,,2370,94,20,94,15,4.5,1.33,2,20,1,0.8823071770334928,0.377676470311471
1928,,after_candidate_limit,,1616,64,16,64,13.89,4.17,0.5,1.38,6,2,0.895299043062201,0.3776596063072901
1929,,after_candidate_limit,,507,20,7,20,11.67,5.25,3,4.5,2,3,0.9016258373205741,0.3776087146367678
1930,,after_candidate_limit,,1767,70,17,70,13.89,6.25,0.5,0.75,6,3,0.8952875598086124,0.377577189212637
1931,,after_candidate_limit,,1792,71,17,71,13.89,6.25,0.5,1.38,6,3,0.8952952153110048,0.3775416177696076
1932,,after_candidate_limit,,1591,63,16,63,13.89,4.17,0.5,0.75,6,2,0.8952952153110048,0.3774600236493219
1933,,after_candidate_limit,,13,0,13,0,11.67,10.5,0.5,0.75,3,8,0.9053722488038277,0.37744429812356883
1934,,after_candidate_limit,,372,14,22,14,11.67,5.25,0.5,0.75,20,3,0.851621052631579,0.37738289324752655
1935,,after_candidate_limit,,158,6,8,6,11.67,10.5,3,4.5,2,8,0.9015684210526316,0.377378682046881
1936,,after_candidate_limit,,547,21,22,21,11.67,7,0.5,0.75,20,3,0.8516488038277512,0.3773753271750823
1937,,after_candidate_limit,,187,7,12,7,11.67,3.5,0.5,0.75,3,3,0.9055578947368421,0.3773105651063777
1938,,after_candidate_limit,,2395,95,20,95,15,4.5,1.33,3.67,20,1,0.8823253588516746,0.3772967704436189
1939,,after_candidate_limit,,245,9,20,9,11.67,3.5,0.5,2,20,1,0.8517071770334929,0.37724829577366875
1940,,after_candidate_limit,,96,3,21,3,11.67,10.5,1.33,2,20,2,0.8280478468899521,0.37724613864961415
1941,,after_candidate_limit,,237,9,12,9,11.67,3.5,0.5,2,3,3,0.9055578947368421,0.3772340918720098
1942,,after_candidate_limit,,2191,87,16,87,15,13.5,1.33,2,6,2,0.8898622009569378,0.37717602183257387
1943,,after_candidate_limit,,3530,141,5,141,9.44,2.83,0.5,1.38,2,1,0.9182641148325359,0.3771108877836683
1944,,after_candidate_limit,,2244,89,19,89,15,13.5,2.17,3.25,6,15,0.888265071770335,0.37710584433121186
1945,,after_candidate_limit,,212,8,12,8,11.67,3.5,0.5,1.38,3,3,0.9055569377990431,0.37710543690124954
1946,,after_candidate_limit,,3555,142,5,142,9.44,2.83,0.5,2,2,1,0.9182641148325359,0.3770876527038058
1947,,after_candidate_limit,,572,22,22,22,11.67,7,0.5,1.38,20,3,0.8516574162679426,0.37704540767449624
1948,,after_candidate_limit,,610,24,10,24,11.67,7,1.33,2,3,1,0.8781464114832536,0.3770083513411681
1949,,after_candidate_limit,,1021,40,21,40,12.78,3.83,2.17,3.25,20,2,0.8576114832535885,0.3769935505507502
1950,,after_candidate_limit,,2646,105,21,105,15,9,0.5,0.75,20,2,0.8846899521531101,0.3769920666955899
1951,,after_candidate_limit,,1772,70,22,70,13.89,6.25,0.5,0.75,20,3,0.8811574162679426,0.37689432780138854
1952,,after_candidate_limit,,220,8,20,8,11.67,3.5,0.5,1.38,20,1,0.8516985645933014,0.3768887839863457
1953,,after_candidate_limit,,597,23,22,23,11.67,7,0.5,2,20,3,0.8516574162679426,0.37685825211350854
1954,,after_candidate_limit,,2194,87,19,87,15,13.5,1.33,2,6,15,0.8896928229665072,0.3768032898427379
1955,,after_candidate_limit,,3856,154,6,154,9.44,5.66,0.5,0.75,2,2,0.9182602870813397,0.3768014014433122
1956,,after_candidate_limit,,397,15,22,15,11.67,5.25,0.5,1.38,20,3,0.8516325358851675,0.3766801356252328
1957,,after_candidate_limit,,1197,47,22,47,12.78,5.75,2.17,3.25,20,3,0.857601913875598,0.376667355893515
1958,,after_candidate_limit,,2795,111,20,111,15,9,3,4.5,20,1,0.8647377990430622,0.37664126692176114
1959,,after_candidate_limit,,3906,156,6,156,9.44,5.66,0.5,2,2,2,0.9182765550239235,0.3766284678174229
1960,,after_candidate_limit,,645,25,20,25,11.67,7,1.33,3.67,20,1,0.8336712918660287,0.37661104439830373
1961,,after_candidate_limit,,2217,88,17,88,15,13.5,1.33,3.67,6,3,0.8898497607655502,0.37659468951636427
1962,,after_candidate_limit,,2747,109,22,109,15,9,1.33,3.67,20,3,0.879011004784689,0.37656164751696203
1963,,after_candidate_limit,,3881,155,6,155,9.44,5.66,0.5,1.38,2,2,0.9182688995215311,0.37645878543667005
1964,,after_candidate_limit,,134,5,9,5,11.67,10.5,2.17,3.25,2,15,0.9129253588516747,0.37639476877863337
1965,,after_candidate_limit,,332,13,7,13,11.67,3.5,3,4.5,2,3,0.9016019138755981,0.37638354390814255
1966,,after_candidate_limit,,660,26,10,26,11.67,7,2.17,3.25,3,1,0.8822928229665071,0.3763774939126123
1967,,after_candidate_limit,,1915,76,15,76,13.89,6.25,3,4.5,6,1,0.8690473684210527,0.37637095318046254
1968,,after_candidate_limit,,620,24,20,24,11.67,7,1.33,2,20,1,0.8336473684210526,0.37635550338864276
1969,,after_candidate_limit,,1822,72,22,72,13.89,6.25,0.5,2,20,3,0.8811564593301435,0.3763396745360181
1970,,after_candidate_limit,,221,8,21,8,11.67,3.5,0.5,1.38,20,2,0.8516153110047847,0.37619892709013464
1971,,after_candidate_limit,,196,7,21,7,11.67,3.5,0.5,0.75,20,2,0.8516191387559808,0.37619355694108164
1972,,after_candidate_limit,,246,9,21,9,11.67,3.5,0.5,2,20,2,0.8516133971291866,0.37618270246504687
1973,,after_candidate_limit,,422,16,22,16,11.67,5.25,0.5,2,20,3,0.8516344497607655,0.3761680816548567
1974,,after_candidate_limit,,2443,97,18,97,15,4.5,3,4.5,6,8,0.888199043062201,0.37615319497651273
1975,,after_candidate_limit,,2444,97,19,97,15,4.5,3,4.5,6,15,0.888199043062201,0.37615319497651273
1976,,after_candidate_limit,,2618,104,18,104,15,6.75,3,4.5,6,8,0.888199043062201,0.37615319497651273
1977,,after_candidate_limit,,2619,104,19,104,15,6.75,3,4.5,6,15,0.888199043062201,0.37615319497651273
1978,,after_candidate_limit,,2794,111,19,111,15,9,3,4.5,6,15,0.888199043062201,0.37615319497651273
1979,,after_candidate_limit,,1797,71,22,71,13.89,6.25,0.5,1.38,20,3,0.8811535885167464,0.3761370262793811
1980,,after_candidate_limit,,4046,161,21,161,9.44,8.5,0.5,0.75,20,2,0.8226832535885168,0.37606309971804597
1981,,after_candidate_limit,,1646,65,21,65,13.89,4.17,0.5,2,20,2,0.881166028708134,0.37600743317960006
1982,,after_candidate_limit,,2547,101,22,101,15,6.75,1.33,2,20,3,0.8821521531100478,0.37592436617865715
1983,,after_candidate_limit,,188,7,13,7,11.67,3.5,0.5,0.75,3,8,0.9055511961722488,0.37591868114492855
1984,,after_candidate_limit,,189,7,14,7,11.67,3.5,0.5,0.75,3,15,0.9055511961722488,0.37591868114492855
1985,,after_candidate_limit,,213,8,13,8,11.67,3.5,0.5,1.38,3,8,0.9055511961722488,0.37591868114492855
1986,,after_candidate_limit,,214,8,14,8,11.67,3.5,0.5,1.38,3,15,0.9055511961722488,0.37591868114492855
1987,,after_candidate_limit,,238,9,13,9,11.67,3.5,0.5,2,3,8,0.9055511961722488,0.37591868114492855
1988,,after_candidate_limit,,239,9,14,9,11.67,3.5,0.5,2,3,15,0.9055511961722488,0.37591868114492855
1989,,after_candidate_limit,,363,14,13,14,11.67,5.25,0.5,0.75,3,8,0.9055511961722488,0.37591868114492855
1990,,after_candidate_limit,,364,14,14,14,11.67,5.25,0.5,0.75,3,15,0.9055511961722488,0.37591868114492855
1991,,after_candidate_limit,,388,15,13,15,11.67,5.25,0.5,1.38,3,8,0.9055511961722488,0.37591868114492855
1992,,after_candidate_limit,,389,15,14,15,11.67,5.25,0.5,1.38,3,15,0.9055511961722488,0.37591868114492855
1993,,after_candidate_limit,,413,16,13,16,11.67,5.25,0.5,2,3,8,0.9055511961722488,0.37591868114492855
1994,,after_candidate_limit,,414,16,14,16,11.67,5.25,0.5,2,3,15,0.9055511961722488,0.37591868114492855
1995,,after_candidate_limit,,538,21,13,21,11.67,7,0.5,0.75,3,8,0.9055511961722488,0.37591868114492855
1996,,after_candidate_limit,,539,21,14,21,11.67,7,0.5,0.75,3,15,0.9055511961722488,0.37591868114492855
1997,,after_candidate_limit,,563,22,13,22,11.67,7,0.5,1.38,3,8,0.9055511961722488,0.37591868114492855
1998,,after_candidate_limit,,564,22,14,22,11.67,7,0.5,1.38,3,15,0.9055511961722488,0.37591868114492855
1999,,after_candidate_limit,,588,23,13,23,11.67,7,0.5,2,3,8,0.9055511961722488,0.37591868114492855
2000,,after_candidate_limit,,589,23,14,23,11.67,7,0.5,2,3,15,0.9055511961722488,0.37591868114492855
2001,,after_candidate_limit,,1022,40,22,40,12.78,3.83,2.17,3.25,20,3,0.8575913875598086,0.37588699760446104
2002,,after_candidate_limit,,1596,63,21,63,13.89,4.17,0.5,0.75,20,2,0.8811555023923445,0.37585143224833
2003,,after_candidate_limit,,247,9,22,9,11.67,3.5,0.5,2,20,3,0.8515990430622009,0.3757511308253195
2004,,after_candidate_limit,,2368,94,18,94,15,4.5,1.33,2,6,8,0.8903712918660287,0.3757352321551859
2005,,after_candidate_limit,,2369,94,19,94,15,4.5,1.33,2,6,15,0.8903712918660287,0.3757352321551859
2006,,after_candidate_limit,,2393,95,18,95,15,4.5,1.33,3.67,6,8,0.8903712918660287,0.3757352321551859
2007,,after_candidate_limit,,2394,95,19,95,15,4.5,1.33,3.67,6,15,0.8903712918660287,0.3757352321551859
2008,,after_candidate_limit,,2543,101,18,101,15,6.75,1.33,2,6,8,0.8903712918660287,0.3757352321551859
2009,,after_candidate_limit,,2544,101,19,101,15,6.75,1.33,2,6,15,0.8903712918660287,0.3757352321551859
2010,,after_candidate_limit,,2568,102,18,102,15,6.75,1.33,3.67,6,8,0.8903712918660287,0.3757352321551859
2011,,after_candidate_limit,,2569,102,19,102,15,6.75,1.33,3.67,6,15,0.8903712918660287,0.3757352321551859
2012,,after_candidate_limit,,2719,108,19,108,15,9,1.33,2,6,15,0.8903712918660287,0.3757352321551859
2013,,after_candidate_limit,,2744,109,19,109,15,9,1.33,3.67,6,15,0.8903712918660287,0.3757352321551859
2014,,after_candidate_limit,,2671,106,21,106,15,9,0.5,1.38,20,2,0.8846885167464115,0.37571849906594773
2015,,after_candidate_limit,,2572,102,22,102,15,6.75,1.33,3.67,20,3,0.8821483253588517,0.37567532704421563
2016,,after_candidate_limit,,2696,107,21,107,15,9,0.5,2,20,2,0.8846732057416268,0.3756748183329334
2017,,after_candidate_limit,,3770,150,20,150,9.44,4.25,1.33,2,20,1,0.8036784688995215,0.3756588048809867
2018,,after_candidate_limit,,2396,95,21,95,15,4.5,1.33,3.67,20,2,0.8821712918660287,0.375653838723767
2019,,after_candidate_limit,,2371,94,21,94,15,4.5,1.33,2,20,2,0.8821693779904306,0.3756150786782785
2020,,after_candidate_limit,,2418,96,18,96,15,4.5,2.17,3.25,6,8,0.8888315789473684,0.37559610778651886
2021,,after_candidate_limit,,2419,96,19,96,15,4.5,2.17,3.25,6,15,0.8888315789473684,0.37559610778651886
2022,,after_candidate_limit,,2593,103,18,103,15,6.75,2.17,3.25,6,8,0.8888315789473684,0.37559610778651886
2023,,after_candidate_limit,,2594,103,19,103,15,6.75,2.17,3.25,6,15,0.8888315789473684,0.37559610778651886
2024,,after_candidate_limit,,2769,110,19,110,15,9,2.17,3.25,6,15,0.8888315789473684,0.37559610778651886
2025,,after_candidate_limit,,1621,64,21,64,13.89,4.17,0.5,1.38,20,2,0.8811555023923445,0.37558449976978325
2026,,after_candidate_limit,,222,8,22,8,11.67,3.5,0.5,1.38,20,3,0.8515971291866029,0.37548959236378104
2027,,after_candidate_limit,,3695,147,20,147,9.44,4.25,0.5,0.75,20,1,0.8222593301435407,0.3753721405480926
2028,,after_candidate_limit,,2770,110,20,110,15,9,2.17,3.25,20,1,0.8600196172248804,0.37536292749168776
2029,,after_candidate_limit,,3795,151,20,151,9.44,4.25,1.33,3.67,20,1,0.8036708133971292,0.3753492865422152
2030,,after_candidate_limit,,197,7,22,7,11.67,3.5,0.5,0.75,20,3,0.8515971291866029,0.37528570925955246
2031,,after_candidate_limit,,2242,89,17,89,15,13.5,2.17,3.25,6,3,0.8882851674641148,0.37522360187018866
2032,,after_candidate_limit,,1065,42,15,42,12.78,5.75,0.5,0.75,6,1,0.8708985645933014,0.37510031497465246
2033,,after_candidate_limit,,2267,90,17,90,15,13.5,3,4.5,6,3,0.8876066985645933,0.3750846764630899
2034,,after_candidate_limit,,1422,56,22,56,13.89,12.5,0.5,0.75,20,3,0.8782287081339712,0.3750044485836073
2035,,after_candidate_limit,,1423,56,23,56,13.89,12.5,0.5,0.75,20,8,0.8809516746411483,0.3749305175072914
2036,,after_candidate_limit,,333,13,8,13,11.67,3.5,3,4.5,2,8,0.9015942583732057,0.37492116470451015
2037,,after_candidate_limit,,334,13,9,13,11.67,3.5,3,4.5,2,15,0.9015942583732057,0.37492116470451015
2038,,after_candidate_limit,,508,20,8,20,11.67,5.25,3,4.5,2,8,0.9015942583732057,0.37492116470451015
2039,,after_candidate_limit,,509,20,9,20,11.67,5.25,3,4.5,2,15,0.9015942583732057,0.37492116470451015
2040,,after_candidate_limit,,683,27,8,27,11.67,7,3,4.5,2,8,0.9015942583732057,0.37492116470451015
2041,,after_candidate_limit,,684,27,9,27,11.67,7,3,4.5,2,15,0.9015942583732057,0.37492116470451015
2042,,after_candidate_limit,,4057,162,7,162,9.44,8.5,0.5,1.38,2,3,0.9183062200956937,0.374700773033858
2043,,after_candidate_limit,,4082,163,7,163,9.44,8.5,0.5,2,2,3,0.9183119617224881,0.3746723775326385
2044,,after_candidate_limit,,4096,163,21,163,9.44,8.5,0.5,2,20,2,0.8226210526315789,0.37464574962617986
2045,,after_candidate_limit,,1418,56,18,56,13.89,12.5,0.5,0.75,6,8,0.8947468899521531,0.3746224490795576
2046,,after_candidate_limit,,2190,87,15,87,15,13.5,1.33,2,6,1,0.8898937799043062,0.3746198263278441
2047,,after_candidate_limit,,1420,56,20,56,13.89,12.5,0.5,0.75,20,1,0.8721540669856459,0.37457329532951567
2048,,after_candidate_limit,,3731,149,6,149,9.44,4.25,0.5,2,2,2,0.9181942583732058,0.37452155670896864
2049,,after_candidate_limit,,2718,108,18,108,15,9,1.33,2,6,8,0.8903588516746411,0.37450984988996544
2050,,after_candidate_limit,,1115,44,15,44,12.78,5.75,0.5,2,6,1,0.8709186602870813,0.3744769519542138
2051,,after_candidate_limit,,839,33,14,33,12.78,11.5,2.17,3.25,3,15,0.9013722488038277,0.3744156167954835
2052,,after_candidate_limit,,3706,148,6,148,9.44,4.25,0.5,1.38,2,2,0.9181894736842106,0.3743715130854018
2053,,after_candidate_limit,,1090,43,15,43,12.78,5.75,0.5,1.38,6,1,0.8709043062200957,0.3743506819148672
2054,,after_candidate_limit,,2793,111,18,111,15,9,3,4.5,6,8,0.888176076555024,0.37431656963372956
2055,,after_candidate_limit,,2743,109,18,109,15,9,1.33,3.67,6,8,0.8903531100478469,0.37425867361545945
2056,,after_candidate_limit,,4032,161,7,161,9.44,8.5,0.5,0.75,2,3,0.918288995215311,0.37422003673011495
2057,,after_candidate_limit,,1465,58,15,58,13.89,12.5,0.5,2,6,1,0.8915406698564593,0.37420558514860935
2058,,after_candidate_limit,,3681,147,6,147,9.44,4.25,0.5,0.75,2,2,0.9181913875598086,0.37417712809140297
2059,,after_candidate_limit,,2193,87,18,87,15,13.5,1.33,2,6,8,0.8898114832535885,0.3741378413917503
2060,,after_candidate_limit,,716,28,16,28,12.78,11.5,0.5,0.75,6,2,0.8704133971291866,0.3741064204897697
2061,,after_candidate_limit,,1443,57,18,57,13.89,12.5,0.5,1.38,6,8,0.8945956937799043,0.37410638466785506
2062,,after_candidate_limit,,4071,162,21,162,9.44,8.5,0.5,1.38,20,2,0.8226382775119617,0.3739424382144842
2063,,after_candidate_limit,,2796,111,21,111,15,9,3,4.5,20,2,0.8675315789473684,0.37392104746125593
2064,,after_candidate_limit,,2768,110,18,110,15,9,2.17,3.25,6,8,0.8888114832535885,0.37385541941508316
2065,,after_candidate_limit,,1424,56,24,56,13.89,12.5,0.5,0.75,20,15,0.8809459330143541,0.3738384864290829
2066,,after_candidate_limit,,1592,63,17,63,13.89,4.17,0.5,0.75,6,3,0.8952119617224881,0.3737126812686277
2067,,after_candidate_limit,,1642,65,17,65,13.89,4.17,0.5,2,6,3,0.8952138755980861,0.373669428626076
2068,,after_candidate_limit,,3907,156,7,156,9.44,5.66,0.5,2,2,3,0.9181837320574162,0.37363630440684453
2069,,after_candidate_limit,,1617,64,17,64,13.89,4.17,0.5,1.38,6,3,0.8952119617224881,0.3735912660277896
2070,,after_candidate_limit,,789,31,14,31,12.78,11.5,1.33,2,3,15,0.8943377990430622,0.37356468596113457
2071,,after_candidate_limit,,2223,88,23,88,15,13.5,1.33,3.67,20,8,0.8722545454545455,0.37351468149814837
2072,,after_candidate_limit,,3882,155,7,155,9.44,5.66,0.5,1.38,2,3,0.9181789473684211,0.3734552044815524
2073,,after_candidate_limit,,814,32,14,32,12.78,11.5,1.33,3.67,3,15,0.8943301435406699,0.37345217479010306
2074,,after_candidate_limit,,3857,154,7,154,9.44,5.66,0.5,0.75,2,3,0.9181722488038278,0.37340276984831855
2075,,after_candidate_limit,,3620,144,20,144,9.44,2.83,1.33,3.67,20,1,0.8035033492822966,0.37320873184356523
2076,,after_candidate_limit,,2218,88,18,88,15,13.5,1.33,3.67,6,8,0.8897358851674642,0.37312873115124323
2077,,after_candidate_limit,,2020,80,20,80,13.89,8.33,1.33,2,20,1,0.8566267942583732,0.3731123669326524
2078,,after_candidate_limit,,3971,158,21,158,9.44,5.66,1.33,3.67,20,2,0.8035148325358852,0.37308950892493364
2079,,after_candidate_limit,,1468,58,18,58,13.89,12.5,0.5,2,6,8,0.8945105263157894,0.37308181193624085
2080,,after_candidate_limit,,1023,40,23,40,12.78,3.83,2.17,3.25,20,8,0.857577033492823,0.37307844162114545
2081,,after_candidate_limit,,1024,40,24,40,12.78,3.83,2.17,3.25,20,15,0.857577033492823,0.37307844162114545
2082,,after_candidate_limit,,1198,47,23,47,12.78,5.75,2.17,3.25,20,8,0.857577033492823,0.37307844162114545
2083,,after_candidate_limit,,1199,47,24,47,12.78,5.75,2.17,3.25,20,15,0.857577033492823,0.37307844162114545
2084,,after_candidate_limit,,1373,54,23,54,12.78,7.67,2.17,3.25,20,8,0.857577033492823,0.37307844162114545
2085,,after_candidate_limit,,1374,54,24,54,12.78,7.67,2.17,3.25,20,15,0.857577033492823,0.37307844162114545
2086,,after_candidate_limit,,3595,143,20,143,9.44,2.83,1.33,2,20,1,0.8034822966507177,0.37304450185466287
2087,,after_candidate_limit,,864,34,14,34,12.78,11.5,3,4.5,3,15,0.8932736842105263,0.3730098883684157
2088,,after_candidate_limit,,14,0,14,0,11.67,10.5,0.5,0.75,3,15,0.9054861244019139,0.37283248282891374
2089,,after_candidate_limit,,717,28,17,28,12.78,11.5,0.5,0.75,6,3,0.8706267942583732,0.37276321721820127
2090,,after_candidate_limit,,39,1,14,1,11.67,10.5,0.5,1.38,3,15,0.9054794258373206,0.37273911352568345
2091,,after_candidate_limit,,3946,157,21,157,9.44,5.66,1.33,2,20,2,0.8035081339712918,0.37272974522605185
2092,,after_candidate_limit,,64,2,14,2,11.67,10.5,0.5,2,3,15,0.9054717703349282,0.37264243218272386
2093,,after_candidate_limit,,2771,110,21,110,15,9,2.17,3.25,20,2,0.8628842105263158,0.37261290238453243
2094,,after_candidate_limit,,198,7,23,7,11.67,3.5,0.5,0.75,20,8,0.8515875598086124,0.3725591672333559
2095,,after_candidate_limit,,199,7,24,7,11.67,3.5,0.5,0.75,20,15,0.8515875598086124,0.3725591672333559
2096,,after_candidate_limit,,223,8,23,8,11.67,3.5,0.5,1.38,20,8,0.8515875598086124,0.3725591672333559
2097,,after_candidate_limit,,224,8,24,8,11.67,3.5,0.5,1.38,20,15,0.8515875598086124,0.3725591672333559
2098,,after_candidate_limit,,248,9,23,9,11.67,3.5,0.5,2,20,8,0.8515875598086124,0.3725591672333559
2099,,after_candidate_limit,,249,9,24,9,11.67,3.5,0.5,2,20,15,0.8515875598086124,0.3725591672333559
2100,,after_candidate_limit,,373,14,23,14,11.67,5.25,0.5,0.75,20,8,0.8515875598086124,0.3725591672333559
2101,,after_candidate_limit,,374,14,24,14,11.67,5.25,0.5,0.75,20,15,0.8515875598086124,0.3725591672333559
2102,,after_candidate_limit,,398,15,23,15,11.67,5.25,0.5,1.38,20,8,0.8515875598086124,0.3725591672333559
2103,,after_candidate_limit,,399,15,24,15,11.67,5.25,0.5,1.38,20,15,0.8515875598086124,0.3725591672333559
2104,,after_candidate_limit,,423,16,23,16,11.67,5.25,0.5,2,20,8,0.8515875598086124,0.3725591672333559
2105,,after_candidate_limit,,424,16,24,16,11.67,5.25,0.5,2,20,15,0.8515875598086124,0.3725591672333559
2106,,after_candidate_limit,,548,21,23,21,11.67,7,0.5,0.75,20,8,0.8515875598086124,0.3725591672333559
2107,,after_candidate_limit,,549,21,24,21,11.67,7,0.5,0.75,20,15,0.8515875598086124,0.3725591672333559
2108,,after_candidate_limit,,573,22,23,22,11.67,7,0.5,1.38,20,8,0.8515875598086124,0.3725591672333559
2109,,after_candidate_limit,,574,22,24,22,11.67,7,0.5,1.38,20,15,0.8515875598086124,0.3725591672333559
2110,,after_candidate_limit,,598,23,23,23,11.67,7,0.5,2,20,8,0.8515875598086124,0.3725591672333559
2111,,after_candidate_limit,,599,23,24,23,11.67,7,0.5,2,20,15,0.8515875598086124,0.3725591672333559
2112,,after_candidate_limit,,4097,163,22,163,9.44,8.5,0.5,2,20,3,0.8223435406698565,0.37251864140217483
2113,,after_candidate_limit,,3506,140,6,140,9.44,2.83,0.5,0.75,2,2,0.9181559808612441,0.3724266628570607
2114,,after_candidate_limit,,1597,63,22,63,13.89,4.17,0.5,0.75,20,3,0.8811133971291866,0.37232205228588094
2115,,after_candidate_limit,,3796,151,21,151,9.44,4.25,1.33,3.67,20,2,0.8034363636363636,0.37229851457646423
2116,,after_candidate_limit,,3771,150,21,150,9.44,4.25,1.33,2,20,2,0.8034153110047847,0.3721316200813319
2117,,after_candidate_limit,,1647,65,22,65,13.89,4.17,0.5,2,20,3,0.8811153110047847,0.3721030141154605
2118,,after_candidate_limit,,4072,162,22,162,9.44,8.5,0.5,1.38,20,3,0.822288995215311,0.3721004338640761
2119,,after_candidate_limit,,2216,88,16,88,15,13.5,1.33,3.67,6,2,0.8891655502392345,0.372095369243366
2120,,after_candidate_limit,,3531,141,6,141,9.44,2.83,0.5,1.38,2,2,0.9181511961722488,0.37203777893458084
2121,,after_candidate_limit,,1448,57,23,57,13.89,12.5,0.5,1.38,20,8,0.8808712918660287,0.37203216787170323
2122,,after_candidate_limit,,3556,142,6,142,9.44,2.83,0.5,2,2,2,0.9181502392344497,0.3719775638808174
2123,,after_candidate_limit,,2016,80,16,80,13.89,8.33,1.33,2,6,2,0.8777488038277512,0.37196744461272757
2124,,after_candidate_limit,,3871,154,21,154,9.44,5.66,0.5,0.75,20,2,0.8219555023923445,0.37191359978892813
2125,,after_candidate_limit,,2397,95,22,95,15,4.5,1.33,3.67,20,3,0.882109090909091,0.3718158688794953
2126,,after_candidate_limit,,1622,64,22,64,13.89,4.17,0.5,1.38,20,3,0.8811114832535886,0.3718039037677324
2127,,after_candidate_limit,,86,3,11,3,11.67,10.5,1.33,2,3,2,0.8780545454545454,0.37176481517995125
2128,,after_candidate_limit,,3720,148,20,148,9.44,4.25,0.5,1.38,20,1,0.822033014354067,0.371739543452991
2129,,after_candidate_limit,,2372,94,22,94,15,4.5,1.33,2,20,3,0.8821043062200957,0.3717083727866669
2130,,after_candidate_limit,,85,3,10,3,11.67,10.5,1.33,2,3,1,0.8784488038277511,0.3716649412796836
2131,,after_candidate_limit,,3682,147,7,147,9.44,4.25,0.5,0.75,2,3,0.9181483253588517,0.3715941345666377
2132,,after_candidate_limit,,3745,149,20,149,9.44,4.25,0.5,2,20,1,0.822032057416268,0.37158748398042807
2133,,after_candidate_limit,,3732,149,7,149,9.44,4.25,0.5,2,2,3,0.9181492822966507,0.3715221062681388
2134,,after_candidate_limit,,2243,89,18,89,15,13.5,2.17,3.25,6,8,0.8882047846889952,0.3714504746431445
2135,,after_candidate_limit,,2041,81,16,81,13.89,8.33,1.33,3.67,6,2,0.8777564593301436,0.37137242468882725
2136,,after_candidate_limit,,1395,55,20,55,12.78,7.67,3,4.5,20,1,0.8312444976076555,0.3713450886877821
2137,,after_candidate_limit,,159,6,9,6,11.67,10.5,3,4.5,2,15,0.9014794258373205,0.3712763991535652
2138,,after_candidate_limit,,1365,54,15,54,12.78,7.67,2.17,3.25,6,1,0.8741913875598086,0.3712662446466749
2139,,after_candidate_limit,,4121,164,21,164,9.44,8.5,1.33,2,20,2,0.8037339712918661,0.37124241882200343
2140,,after_candidate_limit,,3707,148,7,148,9.44,4.25,0.5,1.38,2,3,0.9181464114832536,0.37123900636150947
2141,,after_candidate_limit,,3921,156,21,156,9.44,5.66,0.5,2,20,2,0.8219679425837321,0.3712323589695593
2142,,after_candidate_limit,,3896,155,21,155,9.44,5.66,0.5,1.38,20,2,0.8219612440191387,0.37117043023600416
2143,,after_candidate_limit,,2596,103,21,103,15,6.75,2.17,3.25,20,2,0.8659732057416268,0.37114490537999206
2144,,after_candidate_limit,,2224,88,24,88,15,13.5,1.33,3.67,20,15,0.8787267942583732,0.37110864572412333
2145,,after_candidate_limit,,2268,90,18,90,15,13.5,3,4.5,6,8,0.8875574162679426,0.37102151626628704
2146,,after_candidate_limit,,3972,158,22,158,9.44,5.66,1.33,3.67,20,3,0.8033636363636364,0.3707676350313763
2147,,after_candidate_limit,,1968,78,18,78,13.89,8.33,0.5,1.38,6,8,0.8951842105263158,0.3707328136411491
2148,,after_candidate_limit,,1993,79,18,79,13.89,8.33,0.5,2,6,8,0.8951842105263158,0.3707328136411491
2149,,after_candidate_limit,,3947,157,22,157,9.44,5.66,1.33,2,20,3,0.8033244019138756,0.37067167364623865
2150,,after_candidate_limit,,2295,91,20,91,15,4.5,0.5,0.75,20,1,0.8845392344497608,0.3706287917249478
2151,,after_candidate_limit,,1593,63,18,63,13.89,4.17,0.5,0.75,6,8,0.8951832535885167,0.3706158545768216
2152,,after_candidate_limit,,1594,63,19,63,13.89,4.17,0.5,0.75,6,15,0.8951832535885167,0.3706158545768216
2153,,after_candidate_limit,,1618,64,18,64,13.89,4.17,0.5,1.38,6,8,0.8951832535885167,0.3706158545768216
2154,,after_candidate_limit,,1619,64,19,64,13.89,4.17,0.5,1.38,6,15,0.8951832535885167,0.3706158545768216
2155,,after_candidate_limit,,1643,65,18,65,13.89,4.17,0.5,2,6,8,0.8951832535885167,0.3706158545768216
2156,,after_candidate_limit,,1644,65,19,65,13.89,4.17,0.5,2,6,15,0.8951832535885167,0.3706158545768216
2157,,after_candidate_limit,,1768,70,18,70,13.89,6.25,0.5,0.75,6,8,0.8951832535885167,0.3706158545768216
2158,,after_candidate_limit,,1769,70,19,70,13.89,6.25,0.5,0.75,6,15,0.8951832535885167,0.3706158545768216
2159,,after_candidate_limit,,1793,71,18,71,13.89,6.25,0.5,1.38,6,8,0.8951832535885167,0.3706158545768216
2160,,after_candidate_limit,,1794,71,19,71,13.89,6.25,0.5,1.38,6,15,0.8951832535885167,0.3706158545768216
2161,,after_candidate_limit,,1818,72,18,72,13.89,6.25,0.5,2,6,8,0.8951832535885167,0.3706158545768216
2162,,after_candidate_limit,,1819,72,19,72,13.89,6.25,0.5,2,6,15,0.8951832535885167,0.3706158545768216
2163,,after_candidate_limit,,1944,77,19,77,13.89,8.33,0.5,0.75,6,15,0.8951832535885167,0.3706158545768216
2164,,after_candidate_limit,,1969,78,19,78,13.89,8.33,0.5,1.38,6,15,0.8951832535885167,0.3706158545768216
2165,,after_candidate_limit,,1994,79,19,79,13.89,8.33,0.5,2,6,15,0.8951832535885167,0.3706158545768216
2166,,after_candidate_limit,,1473,58,23,58,13.89,12.5,0.5,2,20,8,0.8808435406698565,0.3705544992201901
2167,,after_candidate_limit,,111,4,11,4,11.67,10.5,1.33,3.67,3,2,0.8780248803827752,0.3704954941100517
2168,,after_candidate_limit,,2045,81,20,81,13.89,8.33,1.33,3.67,20,1,0.853501913875598,0.3704913883250824
2169,,after_candidate_limit,,1943,77,18,77,13.89,8.33,0.5,0.75,6,8,0.8951832535885167,0.3704772965830912
2170,,after_candidate_limit,,4122,164,22,164,9.44,8.5,1.33,2,20,3,0.8037492822966508,0.37037123131666305
2171,,after_candidate_limit,,1845,73,20,73,13.89,6.25,1.33,2,20,1,0.8564076555023924,0.37037090343603546
2172,,after_candidate_limit,,742,29,17,29,12.78,11.5,0.5,1.38,6,3,0.8704574162679426,0.3703228153583268
2173,,after_candidate_limit,,2241,89,16,89,15,13.5,2.17,3.25,6,2,0.887555980861244,0.3703128565755918
2174,,after_candidate_limit,,1948,77,23,77,13.89,8.33,0.5,0.75,20,8,0.8811028708133971,0.3702544874309182
2175,,after_candidate_limit,,3621,144,21,144,9.44,2.83,1.33,3.67,20,2,0.803288995215311,0.3702458256235725
2176,,after_candidate_limit,,71,2,21,2,11.67,10.5,0.5,2,20,2,0.849344976076555,0.3701998786893992
2177,,after_candidate_limit,,49,1,24,1,11.67,10.5,0.5,1.38,20,15,0.8515732057416268,0.3701821387063274
2178,,after_candidate_limit,,74,2,24,2,11.67,10.5,0.5,2,20,15,0.8515722488038278,0.37010967493821145
2179,,after_candidate_limit,,3797,151,22,151,9.44,4.25,1.33,3.67,20,3,0.8032727272727272,0.3701039491744606
2180,,after_candidate_limit,,3596,143,21,143,9.44,2.83,1.33,2,20,2,0.8032813397129187,0.3700900421917928
2181,,after_candidate_limit,,4047,161,22,161,9.44,8.5,0.5,0.75,20,3,0.822166985645933,0.37008904983355384
2182,,after_candidate_limit,,1870,74,20,74,13.89,6.25,1.33,3.67,20,1,0.8564564593301436,0.3700616693733513
2183,,after_candidate_limit,,1449,57,24,57,13.89,12.5,0.5,1.38,20,15,0.8809133971291866,0.37001855904383274
2184,,after_candidate_limit,,1973,78,23,78,13.89,8.33,0.5,1.38,20,8,0.8811019138755981,0.36999994197637276
2185,,after_candidate_limit,,1998,79,23,79,13.89,8.33,0.5,2,20,8,0.8811019138755981,0.36999994197637276
2186,,after_candidate_limit,,2621,104,21,104,15,6.75,3,4.5,20,2,0.8675086124401914,0.36998675156224387
2187,,after_candidate_limit,,2215,88,15,88,15,13.5,1.33,3.67,6,1,0.8879291866028708,0.36998256203984103
2188,,after_candidate_limit,,1419,56,19,56,13.89,12.5,0.5,0.75,6,15,0.8948598086124402,0.36993853566477497
2189,,after_candidate_limit,,3772,150,22,150,9.44,4.25,1.33,2,20,3,0.8032593301435407,0.36991118606235246
2190,,after_candidate_limit,,2199,87,24,87,15,13.5,1.33,2,20,15,0.8787086124401914,0.36989665234723285
2191,,after_candidate_limit,,48,1,23,1,11.67,10.5,0.5,1.38,20,8,0.8515531100478468,0.36989101782976386
2192,,after_candidate_limit,,2647,105,22,105,15,9,0.5,0.75,20,3,0.8844339712918661,0.369884921639782
2193,,after_candidate_limit,,110,4,10,4,11.67,10.5,1.33,3.67,3,1,0.8784765550239234,0.36984941933314025
2194,,after_candidate_limit,,4146,165,21,165,9.44,8.5,1.33,3.67,20,2,0.8033732057416267,0.3698448208883136
2195,,after_candidate_limit,,3507,140,7,140,9.44,2.83,0.5,0.75,2,3,0.9181358851674641,0.369748112297337
2196,,after_candidate_limit,,3532,141,7,141,9.44,2.83,0.5,1.38,2,3,0.9181358851674641,0.369748112297337
2197,,after_candidate_limit,,3557,142,7,142,9.44,2.83,0.5,2,2,3,0.9181358851674641,0.369748112297337
2198,,after_candidate_limit,,2672,106,22,106,15,9,0.5,1.38,20,3,0.8844435406698564,0.3696623852945613
2199,,after_candidate_limit,,1841,73,16,73,13.89,6.25,1.33,2,6,2,0.8776071770334928,0.36964790599553204
2200,,after_candidate_limit,,1866,74,16,74,13.89,6.25,1.33,3.67,6,2,0.8776062200956938,0.3696203032654788
2201,,after_candidate_limit,,3746,149,21,149,9.44,4.25,0.5,2,20,2,0.8219191387559809,0.3696071127443713
2202,,after_candidate_limit,,1690,67,15,67,13.89,4.17,1.33,3.67,6,1,0.8776885167464115,0.369599936082637
2203,,after_candidate_limit,,3696,147,21,147,9.44,4.25,0.5,0.75,20,2,0.8218732057416268,0.3695251687442587
2204,,after_candidate_limit,,24,0,24,0,11.67,10.5,0.5,0.75,20,15,0.8515684210526315,0.3695199865310173
2205,,after_candidate_limit,,3721,148,21,148,9.44,4.25,0.5,1.38,20,2,0.8219066985645933,0.3695043307770965
2206,,after_candidate_limit,,1474,58,24,58,13.89,12.5,0.5,2,20,15,0.8809038277511961,0.36946249013769183
2207,,after_candidate_limit,,2697,107,22,107,15,9,0.5,2,20,3,0.8844148325358852,0.3694432578858034
2208,,after_candidate_limit,,1421,56,21,56,13.89,12.5,0.5,0.75,20,2,0.8750535885167464,0.36943372585271866
2209,,after_candidate_limit,,2471,98,21,98,15,6.75,0.5,0.75,20,2,0.884498086124402,0.3693950340416059
2210,,after_candidate_limit,,1469,58,19,58,13.89,12.5,0.5,2,6,15,0.8948014354066985,0.3693936442928349
2211,,after_candidate_limit,,4058,162,8,162,9.44,8.5,0.5,1.38,2,8,0.9181358851674641,0.3692927718612427
2212,,after_candidate_limit,,4083,163,8,163,9.44,8.5,0.5,2,2,8,0.9181358851674641,0.3692927718612427
2213,,after_candidate_limit,,1665,66,15,66,13.89,4.17,1.33,2,6,1,0.8776712918660287,0.3692522004915563
2214,,after_candidate_limit,,2496,99,21,99,15,6.75,0.5,1.38,20,2,0.8844961722488038,0.36923297218939377
2215,,after_candidate_limit,,685,27,10,27,11.67,7,3,4.5,3,1,0.8612995215311005,0.3691787332162995
2216,,after_candidate_limit,,2797,111,22,111,15,9,3,4.5,20,3,0.8673526315789474,0.3691719595748445
2217,,after_candidate_limit,,1444,57,19,57,13.89,12.5,0.5,1.38,6,15,0.8948167464114832,0.3691687402739847
2218,,after_candidate_limit,,3508,140,8,140,9.44,2.83,0.5,0.75,2,8,0.918133971291866,0.36916665866325177
2219,,after_candidate_limit,,3509,140,9,140,9.44,2.83,0.5,0.75,2,15,0.918133971291866,0.36916665866325177
2220,,after_candidate_limit,,3533,141,8,141,9.44,2.83,0.5,1.38,2,8,0.918133971291866,0.36916665866325177
2221,,after_candidate_limit,,3534,141,9,141,9.44,2.83,0.5,1.38,2,15,0.918133971291866,0.36916665866325177
2222,,after_candidate_limit,,3558,142,8,142,9.44,2.83,0.5,2,2,8,0.918133971291866,0.36916665866325177
2223,,after_candidate_limit,,3559,142,9,142,9.44,2.83,0.5,2,2,15,0.918133971291866,0.36916665866325177
2224,,after_candidate_limit,,3683,147,8,147,9.44,4.25,0.5,0.75,2,8,0.918133971291866,0.36916665866325177
2225,,after_candidate_limit,,3684,147,9,147,9.44,4.25,0.5,0.75,2,15,0.918133971291866,0.36916665866325177
2226,,after_candidate_limit,,3708,148,8,148,9.44,4.25,0.5,1.38,2,8,0.918133971291866,0.36916665866325177
2227,,after_candidate_limit,,3709,148,9,148,9.44,4.25,0.5,1.38,2,15,0.918133971291866,0.36916665866325177
2228,,after_candidate_limit,,3733,149,8,149,9.44,4.25,0.5,2,2,8,0.918133971291866,0.36916665866325177
2229,,after_candidate_limit,,3734,149,9,149,9.44,4.25,0.5,2,2,15,0.918133971291866,0.36916665866325177
2230,,after_candidate_limit,,3858,154,8,154,9.44,5.66,0.5,0.75,2,8,0.918133971291866,0.36916665866325177
2231,,after_candidate_limit,,3859,154,9,154,9.44,5.66,0.5,0.75,2,15,0.918133971291866,0.36916665866325177
2232,,after_candidate_limit,,3883,155,8,155,9.44,5.66,0.5,1.38,2,8,0.918133971291866,0.36916665866325177
2233,,after_candidate_limit,,3884,155,9,155,9.44,5.66,0.5,1.38,2,15,0.918133971291866,0.36916665866325177
2234,,after_candidate_limit,,3908,156,8,156,9.44,5.66,0.5,2,2,8,0.918133971291866,0.36916665866325177
2235,,after_candidate_limit,,3909,156,9,156,9.44,5.66,0.5,2,2,15,0.918133971291866,0.36916665866325177
2236,,after_candidate_limit,,4034,161,9,161,9.44,8.5,0.5,0.75,2,15,0.918133971291866,0.36916665866325177
2237,,after_candidate_limit,,4059,162,9,162,9.44,8.5,0.5,1.38,2,15,0.918133971291866,0.36916665866325177
2238,,after_candidate_limit,,4084,163,9,163,9.44,8.5,0.5,2,2,15,0.918133971291866,0.36916665866325177
2239,,after_candidate_limit,,2521,100,21,100,15,6.75,0.5,2,20,2,0.8845038277511962,0.36905981222181505
2240,,after_candidate_limit,,2748,109,23,109,15,9,1.33,3.67,20,8,0.8820928229665072,0.3690222099217471
2241,,after_candidate_limit,,23,0,23,0,11.67,10.5,0.5,0.75,20,8,0.8515559808612441,0.3689617379432138
2242,,after_candidate_limit,,2723,108,23,108,15,9,1.33,2,20,8,0.882088995215311,0.3689164786106749
2243,,after_candidate_limit,,3520,140,20,140,9.44,2.83,0.5,0.75,20,1,0.8218081339712918,0.3689001465503373
2244,,after_candidate_limit,,1895,75,20,75,13.89,6.25,2.17,3.25,20,1,0.8519373205741627,0.36882938458467995
2245,,after_candidate_limit,,2420,96,20,96,15,4.5,2.17,3.25,20,1,0.866033014354067,0.3687164983231422
2246,,after_candidate_limit,,470,18,20,18,11.67,5.25,1.33,3.67,20,1,0.8330607655502392,0.36863531288696366
2247,,after_candidate_limit,,3570,142,20,142,9.44,2.83,0.5,2,20,1,0.8217918660287081,0.36861117817454164
2248,,after_candidate_limit,,3545,141,20,141,9.44,2.83,0.5,1.38,20,1,0.8217918660287081,0.3685772826518117
2249,,after_candidate_limit,,4147,165,22,165,9.44,8.5,1.33,3.67,20,3,0.8036047846889952,0.36857352831441575
2250,,after_candidate_limit,,4033,161,8,161,9.44,8.5,0.5,0.75,2,8,0.9181320574162679,0.36833638316222245
2251,,after_candidate_limit,,1598,63,23,63,13.89,4.17,0.5,0.75,20,8,0.8810846889952153,0.3682616540275648
2252,,after_candidate_limit,,1599,63,24,63,13.89,4.17,0.5,0.75,20,15,0.8810846889952153,0.3682616540275648
2253,,after_candidate_limit,,1623,64,23,64,13.89,4.17,0.5,1.38,20,8,0.8810846889952153,0.3682616540275648
2254,,after_candidate_limit,,1624,64,24,64,13.89,4.17,0.5,1.38,20,15,0.8810846889952153,0.3682616540275648
2255,,after_candidate_limit,,1648,65,23,65,13.89,4.17,0.5,2,20,8,0.8810846889952153,0.3682616540275648
2256,,after_candidate_limit,,1649,65,24,65,13.89,4.17,0.5,2,20,15,0.8810846889952153,0.3682616540275648
2257,,after_candidate_limit,,1773,70,23,70,13.89,6.25,0.5,0.75,20,8,0.8810846889952153,0.3682616540275648
2258,,after_candidate_limit,,1774,70,24,70,13.89,6.25,0.5,0.75,20,15,0.8810846889952153,0.3682616540275648
2259,,after_candidate_limit,,1798,71,23,71,13.89,6.25,0.5,1.38,20,8,0.8810846889952153,0.3682616540275648
2260,,after_candidate_limit,,1799,71,24,71,13.89,6.25,0.5,1.38,20,15,0.8810846889952153,0.3682616540275648
2261,,after_candidate_limit,,1823,72,23,72,13.89,6.25,0.5,2,20,8,0.8810846889952153,0.3682616540275648
2262,,after_candidate_limit,,1824,72,24,72,13.89,6.25,0.5,2,20,15,0.8810846889952153,0.3682616540275648
2263,,after_candidate_limit,,1949,77,24,77,13.89,8.33,0.5,0.75,20,15,0.8810846889952153,0.3682616540275648
2264,,after_candidate_limit,,1974,78,24,78,13.89,8.33,0.5,1.38,20,15,0.8810846889952153,0.3682616540275648
2265,,after_candidate_limit,,1999,79,24,79,13.89,8.33,0.5,2,20,15,0.8810846889952153,0.3682616540275648
2266,,after_candidate_limit,,2066,82,16,82,13.89,8.33,2.17,3.25,6,2,0.8722727272727273,0.3682297128303037
2267,,after_candidate_limit,,2772,110,22,110,15,9,2.17,3.25,20,3,0.8627454545454546,0.3681665566427286
2268,,after_candidate_limit,,3922,156,22,156,9.44,5.66,0.5,2,20,3,0.8217583732057416,0.36813004790285153
2269,,after_candidate_limit,,445,17,20,17,11.67,5.25,1.33,2,20,1,0.833033014354067,0.3680049638260133
2270,,after_candidate_limit,,3897,155,22,155,9.44,5.66,0.5,1.38,20,3,0.8217478468899522,0.36792621221093447
2271,,after_candidate_limit,,73,2,23,2,11.67,10.5,0.5,2,20,8,0.8485105263157895,0.3678815147306513
2272,,after_candidate_limit,,2445,97,20,97,15,4.5,3,4.5,20,1,0.8675488038277512,0.3678249180572569
2273,,after_candidate_limit,,741,29,16,29,12.78,11.5,0.5,1.38,6,2,0.8700956937799043,0.3677738448044365
2274,,after_candidate_limit,,3872,154,22,154,9.44,5.66,0.5,0.75,20,3,0.8217440191387559,0.3677476120460139
2275,,after_candidate_limit,,2373,94,23,94,15,4.5,1.33,2,20,8,0.8820688995215311,0.36768153885951843
2276,,after_candidate_limit,,2374,94,24,94,15,4.5,1.33,2,20,15,0.8820688995215311,0.36768153885951843
2277,,after_candidate_limit,,2398,95,23,95,15,4.5,1.33,3.67,20,8,0.8820688995215311,0.36768153885951843
2278,,after_candidate_limit,,2399,95,24,95,15,4.5,1.33,3.67,20,15,0.8820688995215311,0.36768153885951843
2279,,after_candidate_limit,,2548,101,23,101,15,6.75,1.33,2,20,8,0.8820688995215311,0.36768153885951843
2280,,after_candidate_limit,,2549,101,24,101,15,6.75,1.33,2,20,15,0.8820688995215311,0.36768153885951843
2281,,after_candidate_limit,,2573,102,23,102,15,6.75,1.33,3.67,20,8,0.8820688995215311,0.36768153885951843
2282,,after_candidate_limit,,2574,102,24,102,15,6.75,1.33,3.67,20,15,0.8820688995215311,0.36768153885951843
2283,,after_candidate_limit,,2724,108,24,108,15,9,1.33,2,20,15,0.8820688995215311,0.36768153885951843
2284,,after_candidate_limit,,2749,109,24,109,15,9,1.33,3.67,20,15,0.8820688995215311,0.36768153885951843
2285,,after_candidate_limit,,2042,81,17,81,13.89,8.33,1.33,3.67,6,3,0.8775937799043062,0.367596955879495
2286,,after_candidate_limit,,136,5,11,5,11.67,10.5,2.17,3.25,3,2,0.8821540669856459,0.36756067128149095
2287,,after_candidate_limit,,849,33,24,33,12.78,11.5,2.17,3.25,20,15,0.8546334928229665,0.3675388472400173
2288,,after_candidate_limit,,2320,92,20,92,15,4.5,0.5,1.38,20,1,0.8845181818181819,0.36751314026837323
2289,,after_candidate_limit,,135,5,10,5,11.67,10.5,2.17,3.25,3,1,0.8826076555023924,0.3673816920286725
2290,,after_candidate_limit,,767,30,17,30,12.78,11.5,0.5,2,6,3,0.870399043062201,0.36728421354169755
2291,,after_candidate_limit,,2017,80,17,80,13.89,8.33,1.33,2,6,3,0.877588995215311,0.36724285847622645
2292,,after_candidate_limit,,3571,142,21,142,9.44,2.83,0.5,2,20,2,0.8217392344497607,0.3672114122867918
2293,,after_candidate_limit,,1266,50,16,50,12.78,7.67,0.5,1.38,6,2,0.8706468899521531,0.36716521977679106
2294,,after_candidate_limit,,2266,90,16,90,15,13.5,3,4.5,6,2,0.8866019138755981,0.36716041001214916
2295,,after_candidate_limit,,3747,149,22,149,9.44,4.25,0.5,2,20,3,0.8217392344497607,0.36715609015794026
2296,,after_candidate_limit,,1291,51,16,51,12.78,7.67,0.5,2,6,2,0.8706516746411483,0.3671194503190047
2297,,after_candidate_limit,,3722,148,22,148,9.44,4.25,0.5,1.38,20,3,0.8217382775119617,0.36710847111032124
2298,,after_candidate_limit,,1447,57,22,57,13.89,12.5,0.5,1.38,20,3,0.8747196172248803,0.367026318362614
2299,,after_candidate_limit,,3521,140,21,140,9.44,2.83,0.5,0.75,20,2,0.8217373205741627,0.3670169678423474
2300,,after_candidate_limit,,3546,141,21,141,9.44,2.83,0.5,1.38,20,2,0.8217373205741627,0.3670169678423474
2301,,after_candidate_limit,,2070,82,20,82,13.89,8.33,2.17,3.25,20,1,0.8490765550239234,0.36700343426313303
2302,,after_candidate_limit,,2421,96,21,96,15,4.5,2.17,3.25,20,2,0.8658947368421053,0.36698500578752463
2303,,after_candidate_limit,,2597,103,22,103,15,6.75,2.17,3.25,20,3,0.8658708133971292,0.366969685664554
2304,,after_candidate_limit,,3697,147,22,147,9.44,4.25,0.5,0.75,20,3,0.8217373205741627,0.36692665292850307
2305,,after_candidate_limit,,2345,93,20,93,15,4.5,0.5,2,20,1,0.8845162679425838,0.36686347356223725
2306,,after_candidate_limit,,2091,83,16,83,13.89,8.33,3,4.5,6,2,0.8686502392344497,0.36684266460602477
2307,,after_candidate_limit,,1241,49,16,49,12.78,7.67,0.5,0.75,6,2,0.8706421052631579,0.3667648885455751
2308,,after_candidate_limit,,2240,89,15,89,15,13.5,2.17,3.25,6,1,0.886554066985646,0.3667583442199513
2309,,after_candidate_limit,,46,1,21,1,11.67,10.5,0.5,1.38,20,2,0.8464832535885167,0.3663773316667985
2310,,after_candidate_limit,,4035,161,10,161,9.44,8.5,0.5,0.75,3,1,0.8825617224880383,0.3663710961180867
2311,,after_candidate_limit,,3522,140,22,140,9.44,2.83,0.5,0.75,20,3,0.8217325358851675,0.3662946368400164
2312,,after_candidate_limit,,3547,141,22,141,9.44,2.83,0.5,1.38,20,3,0.8217325358851675,0.3662946368400164
2313,,after_candidate_limit,,3572,142,22,142,9.44,2.83,0.5,2,20,3,0.8217325358851675,0.3662946368400164
2314,,after_candidate_limit,,171,6,21,6,11.67,10.5,3,4.5,20,2,0.7981813397129187,0.366167501371053
2315,,after_candidate_limit,,1715,68,15,68,13.89,4.17,2.17,3.25,6,1,0.8722105263157894,0.36612647668943776
2316,,after_candidate_limit,,4098,163,23,163,9.44,8.5,0.5,2,20,8,0.8217334928229665,0.3661098749352545
2317,,after_candidate_limit,,1891,75,16,75,13.89,6.25,2.17,3.25,6,2,0.872133014354067,0.36610849506556964
2318,,after_candidate_limit,,4073,162,23,162,9.44,8.5,0.5,1.38,20,8,0.8217325358851675,0.3660622558876354
2319,,after_candidate_limit,,170,6,20,6,11.67,10.5,3,4.5,20,1,0.7905349282296651,0.3660145159836073
2320,,after_candidate_limit,,2446,97,21,97,15,4.5,3,4.5,20,2,0.8674282296650717,0.3658953476299321
2321,,after_candidate_limit,,2622,104,22,104,15,6.75,3,4.5,20,3,0.8674148325358851,0.36584342962891725
2322,,after_candidate_limit,,2472,98,22,98,15,6.75,0.5,0.75,20,3,0.8843985645933015,0.36564435801673856
2323,,after_candidate_limit,,3622,144,22,144,9.44,2.83,1.33,3.67,20,3,0.8031138755980861,0.36561674846504205
2324,,after_candidate_limit,,848,33,23,33,12.78,11.5,2.17,3.25,20,8,0.8546066985645933,0.3656084601537272
2325,,after_candidate_limit,,2248,89,23,89,15,13.5,2.17,3.25,20,8,0.8560507177033493,0.36542337167440564
2326,,after_candidate_limit,,3523,140,23,140,9.44,2.83,0.5,0.75,20,8,0.8217296650717704,0.3653867003320799
2327,,after_candidate_limit,,3524,140,24,140,9.44,2.83,0.5,0.75,20,15,0.8217296650717704,0.3653867003320799
2328,,after_candidate_limit,,3548,141,23,141,9.44,2.83,0.5,1.38,20,8,0.8217296650717704,0.3653867003320799
2329,,after_candidate_limit,,3549,141,24,141,9.44,2.83,0.5,1.38,20,15,0.8217296650717704,0.3653867003320799
2330,,after_candidate_limit,,3573,142,23,142,9.44,2.83,0.5,2,20,8,0.8217296650717704,0.3653867003320799
2331,,after_candidate_limit,,3574,142,24,142,9.44,2.83,0.5,2,20,15,0.8217296650717704,0.3653867003320799
2332,,after_candidate_limit,,3698,147,23,147,9.44,4.25,0.5,0.75,20,8,0.8217296650717704,0.3653867003320799
2333,,after_candidate_limit,,3699,147,24,147,9.44,4.25,0.5,0.75,20,15,0.8217296650717704,0.3653867003320799
2334,,after_candidate_limit,,3723,148,23,148,9.44,4.25,0.5,1.38,20,8,0.8217296650717704,0.3653867003320799
2335,,after_candidate_limit,,3724,148,24,148,9.44,4.25,0.5,1.38,20,15,0.8217296650717704,0.3653867003320799
2336,,after_candidate_limit,,3748,149,23,149,9.44,4.25,0.5,2,20,8,0.8217296650717704,0.3653867003320799
2337,,after_candidate_limit,,3749,149,24,149,9.44,4.25,0.5,2,20,15,0.8217296650717704,0.3653867003320799
2338,,after_candidate_limit,,3873,154,23,154,9.44,5.66,0.5,0.75,20,8,0.8217296650717704,0.3653867003320799
2339,,after_candidate_limit,,3874,154,24,154,9.44,5.66,0.5,0.75,20,15,0.8217296650717704,0.3653867003320799
2340,,after_candidate_limit,,3898,155,23,155,9.44,5.66,0.5,1.38,20,8,0.8217296650717704,0.3653867003320799
2341,,after_candidate_limit,,3899,155,24,155,9.44,5.66,0.5,1.38,20,15,0.8217296650717704,0.3653867003320799
2342,,after_candidate_limit,,3923,156,23,156,9.44,5.66,0.5,2,20,8,0.8217296650717704,0.3653867003320799
2343,,after_candidate_limit,,3924,156,24,156,9.44,5.66,0.5,2,20,15,0.8217296650717704,0.3653867003320799
2344,,after_candidate_limit,,4049,161,24,161,9.44,8.5,0.5,0.75,20,15,0.8217296650717704,0.3653867003320799
2345,,after_candidate_limit,,4074,162,24,162,9.44,8.5,0.5,1.38,20,15,0.8217296650717704,0.3653867003320799
2346,,after_candidate_limit,,4099,163,24,163,9.44,8.5,0.5,2,20,15,0.8217296650717704,0.3653867003320799
2347,,after_candidate_limit,,715,28,15,28,12.78,11.5,0.5,0.75,6,1,0.8707320574162679,0.3653612725457201
2348,,after_candidate_limit,,766,30,16,30,12.78,11.5,0.5,2,6,2,0.8700148325358852,0.3652490417021422
2349,,after_candidate_limit,,435,17,10,17,11.67,5.25,1.33,2,3,1,0.8776641148325359,0.3651955664763674
2350,,after_candidate_limit,,871,34,21,34,12.78,11.5,3,4.5,20,2,0.8186574162679426,0.3651252352199881
2351,,after_candidate_limit,,2522,100,22,100,15,6.75,0.5,2,20,3,0.8843976076555023,0.36509600310291085
2352,,after_candidate_limit,,1691,67,16,67,13.89,4.17,1.33,3.67,6,2,0.8774799043062201,0.3650012359844594
2353,,after_candidate_limit,,2497,99,22,99,15,6.75,0.5,1.38,20,3,0.8843956937799043,0.364973346481182
2354,,after_candidate_limit,,3597,143,22,143,9.44,2.83,1.33,2,20,3,0.803111004784689,0.3649541222024158
2355,,after_candidate_limit,,1666,66,16,66,13.89,4.17,1.33,2,6,2,0.877477033492823,0.36486831443446466
2356,,after_candidate_limit,,1867,74,17,74,13.89,6.25,1.33,3.67,6,3,0.877477990430622,0.3647977681366272
2357,,after_candidate_limit,,1842,73,17,73,13.89,6.25,1.33,2,6,3,0.877477033492823,0.36478461294649356
2358,,after_candidate_limit,,97,3,22,3,11.67,10.5,1.33,2,20,3,0.8279885167464115,0.3647763283946714
2359,,after_candidate_limit,,4048,161,23,161,9.44,8.5,0.5,0.75,20,8,0.8217363636363636,0.3647280567534362
2360,,after_candidate_limit,,890,35,15,35,12.78,3.83,0.5,0.75,6,1,0.8705645933014354,0.36464993542199453
2361,,after_candidate_limit,,1516,60,16,60,13.89,12.5,1.33,3.67,6,2,0.8772215311004785,0.36459462331900805
2362,,after_candidate_limit,,2346,93,21,93,15,4.5,0.5,2,20,2,0.8844014354066986,0.3643713731934268
2363,,after_candidate_limit,,1740,69,15,69,13.89,4.17,3,4.5,6,1,0.8685736842105263,0.3643211172920588
2364,,after_candidate_limit,,1472,58,22,58,13.89,12.5,0.5,2,20,3,0.8745913875598086,0.36430166291434923
2365,,after_candidate_limit,,1846,73,21,73,13.89,6.25,1.33,2,20,2,0.8561885167464115,0.3642697033507007
2366,,after_candidate_limit,,2321,92,21,92,15,4.5,0.5,1.38,20,2,0.8843966507177033,0.3642645107906559
2367,,after_candidate_limit,,2296,91,21,91,15,4.5,0.5,0.75,20,2,0.8843909090909091,0.36426170138482283
2368,,after_candidate_limit,,2021,80,21,80,13.89,8.33,1.33,2,20,2,0.8562870813397129,0.36421080952860774
2369,,after_candidate_limit,,1916,76,16,76,13.89,6.25,3,4.5,6,2,0.8684933014354067,0.36416433119002506
2370,,after_candidate_limit,,1340,53,15,53,12.78,7.67,1.33,3.67,6,1,0.8538703349282296,0.36414528612329217
2371,,after_candidate_limit,,2046,81,21,81,13.89,8.33,1.33,3.67,20,2,0.8562947368421052,0.3640932489976046
2372,,after_candidate_limit,,1491,59,16,59,13.89,12.5,1.33,2,6,2,0.8773019138755981,0.3640895641587797
2373,,after_candidate_limit,,1871,74,21,74,13.89,6.25,1.33,3.67,20,2,0.8561866028708134,0.3640352576520194
2374,,after_candidate_limit,,446,17,21,17,11.67,5.25,1.33,2,20,2,0.8326588516746412,0.3638901440160033
2375,,after_candidate_limit,,2273,90,23,90,15,13.5,3,4.5,20,8,0.8569531100478469,0.36388431083004197
2376,,after_candidate_limit,,2022,80,22,80,13.89,8.33,1.33,2,20,3,0.8562047846889952,0.36384718700173513
2377,,after_candidate_limit,,1315,52,15,52,12.78,7.67,1.33,2,6,1,0.8538492822966507,0.36377505390888576
2378,,after_candidate_limit,,460,18,10,18,11.67,5.25,1.33,3.67,3,1,0.8776555023923445,0.36374558965296866
2379,,after_candidate_limit,,2067,82,17,82,13.89,8.33,2.17,3.25,6,3,0.8720976076555024,0.363735422551726
2380,,after_candidate_limit,,1670,66,20,66,13.89,4.17,1.33,2,20,1,0.8562105263157894,0.36366901210310915
2381,,after_candidate_limit,,1390,55,15,55,12.78,7.67,3,4.5,6,1,0.8568641148325359,0.3636686189625814
2382,,after_candidate_limit,,295,11,20,11,11.67,3.5,1.33,3.67,20,1,0.8326885167464115,0.36357976638870404
2383,,after_candidate_limit,,2047,81,22,81,13.89,8.33,1.33,3.67,20,3,0.8562038277511962,0.36350851015785507
2384,,after_candidate_limit,,1270,50,20,50,12.78,7.67,0.5,1.38,20,1,0.8414172248803827,0.36344034752086996
2385,,after_candidate_limit,,270,10,20,10,11.67,3.5,1.33,2,20,1,0.8326827751196172,0.3634244408906536
2386,,after_candidate_limit,,2274,90,24,90,15,13.5,3,4.5,20,15,0.8669344497607655,0.363417471130657
2387,,after_candidate_limit,,471,18,21,18,11.67,5.25,1.33,3.67,20,2,0.8326626794258373,0.36340224928608206
2388,,after_candidate_limit,,621,24,21,24,11.67,7,1.33,2,20,2,0.8326952153110048,0.3633844284029238
2389,,after_candidate_limit,,145,5,20,5,11.67,10.5,2.17,3.25,20,1,0.7867143540669856,0.36329323184981693
2390,,after_candidate_limit,,1695,67,20,67,13.89,4.17,1.33,3.67,20,1,0.8562086124401914,0.3631792974651296
2391,,after_candidate_limit,,1295,51,20,51,12.78,7.67,0.5,2,20,1,0.8414133971291866,0.36316247678145724
2392,,after_candidate_limit,,2123,84,23,84,15,13.5,0.5,0.75,20,8,0.8786325358851674,0.3631130494031304
2393,,after_candidate_limit,,4148,165,23,165,9.44,8.5,1.33,3.67,20,8,0.8030899521531101,0.36306622240386216
2394,,after_candidate_limit,,2422,96,22,96,15,4.5,2.17,3.25,20,3,0.8658287081339713,0.3629814907754638
2395,,after_candidate_limit,,4123,164,23,164,9.44,8.5,1.33,2,20,8,0.803087081339713,0.36280513458411884
2396,,after_candidate_limit,,146,5,21,5,11.67,10.5,2.17,3.25,20,2,0.8017933014354067,0.3628013234275133
2397,,after_candidate_limit,,296,11,21,11,11.67,3.5,1.33,3.67,20,2,0.832633014354067,0.36279862156926124
2398,,after_candidate_limit,,447,17,22,17,11.67,5.25,1.33,2,20,3,0.8326301435406699,0.3626724635101742
2399,,after_candidate_limit,,271,10,21,10,11.67,3.5,1.33,2,20,2,0.8326301435406699,0.36262895123959094
2400,,after_candidate_limit,,472,18,22,18,11.67,5.25,1.33,3.67,20,3,0.8326291866028708,0.36259780894572335
2401,,after_candidate_limit,,2092,83,17,83,13.89,8.33,3,4.5,6,3,0.8684684210526316,0.36259712164257085
2402,,after_candidate_limit,,1066,42,16,42,12.78,5.75,0.5,0.75,6,2,0.8704612440191387,0.36258944134661486
2403,,after_candidate_limit,,820,32,20,32,12.78,11.5,1.33,3.67,20,1,0.7879976076555024,0.36257659182283447
2404,,after_candidate_limit,,646,25,21,25,11.67,7,1.33,3.67,20,2,0.8326799043062201,0.36255785779460337
2405,,after_candidate_limit,,695,27,20,27,11.67,7,3,4.5,20,1,0.8050760765550239,0.3625083443328574
2406,,after_candidate_limit,,1517,60,17,60,13.89,12.5,1.33,3.67,6,3,0.877166985645933,0.3624450024430811
2407,,after_candidate_limit,,1490,59,15,59,13.89,12.5,1.33,2,6,1,0.8774923444976076,0.36243294926889386
2408,,after_candidate_limit,,1242,49,17,49,12.78,7.67,0.5,0.75,6,3,0.8704641148325359,0.36241003065237065
2409,,after_candidate_limit,,1872,74,22,74,13.89,6.25,1.33,3.67,20,3,0.8561339712918661,0.36240792778101794
2410,,after_candidate_limit,,915,36,15,36,12.78,3.83,0.5,1.38,6,1,0.8705387559808613,0.36238779648896846
2411,,after_candidate_limit,,21,0,21,0,11.67,10.5,0.5,0.75,20,2,0.8460095693779904,0.362378975528914
2412,,after_candidate_limit,,272,10,22,10,11.67,3.5,1.33,2,20,3,0.8326234449760765,0.3623513351241491
2413,,after_candidate_limit,,297,11,22,11,11.67,3.5,1.33,3.67,20,3,0.8326234449760765,0.3623513351241491
2414,,after_candidate_limit,,2249,89,24,89,15,13.5,2.17,3.25,20,15,0.8624631578947368,0.36233378276840245
2415,,after_candidate_limit,,485,19,10,19,11.67,5.25,2.17,3.25,3,1,0.8817789473684211,0.36230654493591313
2416,,after_candidate_limit,,1847,73,22,73,13.89,6.25,1.33,2,20,3,0.8561263157894737,0.3622949206760067
2417,,after_candidate_limit,,622,24,22,24,11.67,7,1.33,2,20,3,0.8326311004784689,0.36228845216215605
2418,,after_candidate_limit,,1292,51,17,51,12.78,7.67,0.5,2,6,3,0.8704545454545455,0.36215160293444737
2419,,after_candidate_limit,,647,25,22,25,11.67,7,1.33,3.67,20,3,0.8326291866028708,0.3621310751129757
2420,,after_candidate_limit,,1896,75,21,75,13.89,6.25,2.17,3.25,20,2,0.8515071770334928,0.3621092480548747
2421,,after_candidate_limit,,2447,97,22,97,15,4.5,3,4.5,20,3,0.8673765550239234,0.362096797173666
2422,,after_candidate_limit,,3598,143,23,143,9.44,2.83,1.33,2,20,8,0.8030822966507177,0.3620526504457883
2423,,after_candidate_limit,,3599,143,24,143,9.44,2.83,1.33,2,20,15,0.8030822966507177,0.3620526504457883
2424,,after_candidate_limit,,3623,144,23,144,9.44,2.83,1.33,3.67,20,8,0.8030822966507177,0.3620526504457883
2425,,after_candidate_limit,,3624,144,24,144,9.44,2.83,1.33,3.67,20,15,0.8030822966507177,0.3620526504457883
2426,,after_candidate_limit,,3773,150,23,150,9.44,4.25,1.33,2,20,8,0.8030822966507177,0.3620526504457883
2427,,after_candidate_limit,,3774,150,24,150,9.44,4.25,1.33,2,20,15,0.8030822966507177,0.3620526504457883
2428,,after_candidate_limit,,3798,151,23,151,9.44,4.25,1.33,3.67,20,8,0.8030822966507177,0.3620526504457883
2429,,after_candidate_limit,,3799,151,24,151,9.44,4.25,1.33,3.67,20,15,0.8030822966507177,0.3620526504457883
2430,,after_candidate_limit,,3948,157,23,157,9.44,5.66,1.33,2,20,8,0.8030822966507177,0.3620526504457883
2431,,after_candidate_limit,,3949,157,24,157,9.44,5.66,1.33,2,20,15,0.8030822966507177,0.3620526504457883
2432,,after_candidate_limit,,3973,158,23,158,9.44,5.66,1.33,3.67,20,8,0.8030822966507177,0.3620526504457883
2433,,after_candidate_limit,,3974,158,24,158,9.44,5.66,1.33,3.67,20,15,0.8030822966507177,0.3620526504457883
2434,,after_candidate_limit,,4124,164,24,164,9.44,8.5,1.33,2,20,15,0.8030822966507177,0.3620526504457883
2435,,after_candidate_limit,,4149,165,24,165,9.44,8.5,1.33,3.67,20,15,0.8030822966507177,0.3620526504457883
2436,,after_candidate_limit,,940,37,15,37,12.78,3.83,0.5,2,6,1,0.8705368421052632,0.36196865621703056
2437,,after_candidate_limit,,1520,60,20,60,13.89,12.5,1.33,3.67,20,1,0.830866028708134,0.3618723053566745
2438,,after_candidate_limit,,1267,50,17,50,12.78,7.67,0.5,1.38,6,3,0.8704526315789474,0.36183408187789706
2439,,after_candidate_limit,,1446,57,21,57,13.89,12.5,0.5,1.38,20,2,0.8697401913875598,0.36182145719111575
2440,,after_candidate_limit,,72,2,22,2,11.67,10.5,0.5,2,20,3,0.848788995215311,0.36180952252671866
2441,,after_candidate_limit,,47,1,22,1,11.67,10.5,0.5,1.38,20,3,0.8487602870813397,0.36179155610750136
2442,,after_candidate_limit,,1716,68,16,68,13.89,4.17,2.17,3.25,6,2,0.8720086124401913,0.36173614687521105
2443,,after_candidate_limit,,4105,164,5,164,9.44,8.5,1.33,2,2,1,0.8887803827751196,0.36170510843389997
2444,,after_candidate_limit,,1696,67,21,67,13.89,4.17,1.33,3.67,20,2,0.8561186602870814,0.36164939594483086
2445,,after_candidate_limit,,122,4,22,4,11.67,10.5,1.33,3.67,20,3,0.8279933014354067,0.3615927256643969
2446,,after_candidate_limit,,112,4,12,4,11.67,10.5,1.33,3.67,3,3,0.8777693779904306,0.36158099920614556
2447,,after_candidate_limit,,1671,66,21,66,13.89,4.17,1.33,2,20,2,0.8561148325358852,0.3615485144148784
2448,,after_candidate_limit,,1070,42,20,42,12.78,5.75,0.5,0.75,20,1,0.8412822966507177,0.3615449725357242
2449,,after_candidate_limit,,87,3,12,3,11.67,10.5,1.33,2,3,3,0.8777406698564594,0.3615286833631706
2450,,after_candidate_limit,,2265,90,15,90,15,13.5,3,4.5,6,1,0.8822124401913876,0.36145494768805364
2451,,after_candidate_limit,,3345,133,20,133,5,4.5,0.5,0.75,20,1,0.7551358851674641,0.36141907440672805
2452,,after_candidate_limit,,1892,75,17,75,13.89,6.25,2.17,3.25,6,3,0.872000956937799,0.3613290990207406
2453,,after_candidate_limit,,1492,59,17,59,13.89,12.5,1.33,2,6,3,0.8773124401913875,0.3612594448410995
2454,,after_candidate_limit,,22,0,22,0,11.67,10.5,0.5,0.75,20,3,0.8486425837320574,0.3611192647143603
2455,,after_candidate_limit,,1667,66,17,66,13.89,4.17,1.33,2,6,3,0.8773985645933015,0.36105583389072404
2456,,after_candidate_limit,,1692,67,17,67,13.89,4.17,1.33,3.67,6,3,0.8773976076555023,0.3610284928107514
2457,,after_candidate_limit,,1245,49,20,49,12.78,7.67,0.5,0.75,20,1,0.8413703349282297,0.3609721726840219
2458,,after_candidate_limit,,1220,48,20,48,12.78,5.75,3,4.5,20,1,0.8306401913875598,0.36092939868161356
2459,,after_candidate_limit,,590,23,15,23,11.67,7,0.5,2,6,1,0.8604473684210526,0.3609196397532058
2460,,after_candidate_limit,,2322,92,22,92,15,4.5,0.5,1.38,20,3,0.8843306220095694,0.3608576068489055
2461,,after_candidate_limit,,1720,68,20,68,13.89,4.17,2.17,3.25,20,1,0.8515454545454545,0.36085275136464234
2462,,after_candidate_limit,,1091,43,16,43,12.78,5.75,0.5,1.38,6,2,0.8704535885167464,0.3608097872410658
2463,,after_candidate_limit,,2071,82,21,82,13.89,8.33,2.17,3.25,20,2,0.8516181818181818,0.36080946717974643
2464,,after_candidate_limit,,2347,93,22,93,15,4.5,0.5,2,20,3,0.8843354066985646,0.36074362948731215
2465,,after_candidate_limit,,1190,47,15,47,12.78,5.75,2.17,3.25,6,1,0.873844976076555,0.36072959319112197
2466,,after_candidate_limit,,1116,44,16,44,12.78,5.75,0.5,2,6,2,0.8704583732057416,0.3607239668641678
2467,,after_candidate_limit,,565,22,15,22,11.67,7,0.5,1.38,6,1,0.8604368421052632,0.3606203032969495
2468,,after_candidate_limit,,1345,53,20,53,12.78,7.67,1.33,3.67,20,1,0.8194464114832536,0.3606106300305109
2469,,after_candidate_limit,,4130,165,5,165,9.44,8.5,1.33,3.67,2,1,0.8887688995215312,0.36052847074939404
2470,,after_candidate_limit,,2297,91,22,91,15,4.5,0.5,0.75,20,3,0.8843248803827751,0.36052215697177764
2471,,after_candidate_limit,,1515,60,15,60,13.89,12.5,1.33,3.67,6,1,0.8777942583732058,0.3604180895725943
2472,,after_candidate_limit,,611,24,11,24,11.67,7,1.33,2,3,2,0.8774899521531101,0.3603267560884524
2473,,after_candidate_limit,,1320,52,20,52,12.78,7.67,1.33,2,20,1,0.8194320574162679,0.3603199759199817
2474,,after_candidate_limit,,2072,82,22,82,13.89,8.33,2.17,3.25,20,3,0.851487081339713,0.36018699626351086
2475,,after_candidate_limit,,4060,162,10,162,9.44,8.5,0.5,1.38,3,1,0.8824545454545455,0.36001952012357824
2476,,after_candidate_limit,,2174,86,24,86,15,13.5,0.5,2,20,15,0.8807856459330143,0.36001192500694235
2477,,after_candidate_limit,,1741,69,16,69,13.89,4.17,3,4.5,6,2,0.8683717703349282,0.3599771744638187
2478,,after_candidate_limit,,2124,84,24,84,15,13.5,0.5,0.75,20,15,0.8808765550239235,0.3599571514825988
2479,,after_candidate_limit,,1541,61,16,61,13.89,12.5,2.17,3.25,6,2,0.8717253588516747,0.3599229688270646
2480,,after_candidate_limit,,1518,60,18,60,13.89,12.5,1.33,3.67,6,8,0.876834928229665,0.3598309169930791
2481,,after_candidate_limit,,1493,59,18,59,13.89,12.5,1.33,2,6,8,0.8769507177033493,0.359799141808763
2482,,after_candidate_limit,,3370,134,20,134,5,4.5,0.5,1.38,20,1,0.7550698564593301,0.3596959983196048
2483,,after_candidate_limit,,2773,110,23,110,15,9,2.17,3.25,20,8,0.8658066985645932,0.35969096115751137
2484,,after_candidate_limit,,540,21,15,21,11.67,7,0.5,0.75,6,1,0.8601578947368421,0.3596693887417769
2485,,after_candidate_limit,,1897,75,22,75,13.89,6.25,2.17,3.25,20,3,0.8514267942583732,0.35964607895254413
2486,,after_candidate_limit,,2149,85,24,85,15,13.5,0.5,1.38,20,15,0.8807866028708135,0.3596056641309497
2487,,after_candidate_limit,,1917,76,17,76,13.89,6.25,3,4.5,6,3,0.8683612440191387,0.35957474471242223
2488,,after_candidate_limit,,4085,163,10,163,9.44,8.5,0.5,2,3,1,0.8822956937799044,0.35943934931172367
2489,,after_candidate_limit,,795,31,20,31,12.78,11.5,1.33,2,20,1,0.7954076555023923,0.3594158374403597
2490,,after_candidate_limit,,1721,68,21,68,13.89,4.17,2.17,3.25,20,2,0.8514334928229665,0.359313736762184
2491,,after_candidate_limit,,771,30,21,30,12.78,11.5,0.5,2,20,2,0.8359023923444976,0.3591780569885954
2492,,after_candidate_limit,,1095,43,20,43,12.78,5.75,0.5,1.38,20,1,0.8412698564593302,0.35908336810169206
2493,,after_candidate_limit,,1471,58,21,58,13.89,12.5,0.5,2,20,2,0.8660038277511962,0.35899139902475824
2494,,after_candidate_limit,,636,25,11,25,11.67,7,1.33,3.67,3,2,0.8774822966507178,0.3589214890822833
2495,,after_candidate_limit,,3395,135,20,135,5,4.5,0.5,2,20,1,0.7550535885167464,0.3589114205694645
2496,,after_candidate_limit,,2423,96,23,96,15,4.5,2.17,3.25,20,8,0.8657875598086124,0.3588894861465707
2497,,after_candidate_limit,,2424,96,24,96,15,4.5,2.17,3.25,20,15,0.8657875598086124,0.3588894861465707
2498,,after_candidate_limit,,2598,103,23,103,15,6.75,2.17,3.25,20,8,0.8657875598086124,0.3588894861465707
2499,,after_candidate_limit,,2599,103,24,103,15,6.75,2.17,3.25,20,15,0.8657875598086124,0.3588894861465707
2500,,after_candidate_limit,,2774,110,24,110,15,9,2.17,3.25,20,15,0.8657875598086124,0.3588894861465707
2501,,after_candidate_limit,,15,0,15,0,11.67,10.5,0.5,0.75,6,1,0.8605602870813397,0.35888010770296014
2502,,after_candidate_limit,,1120,44,20,44,12.78,5.75,0.5,2,20,1,0.8412717703349283,0.3588675810567155
2503,,after_candidate_limit,,2043,81,18,81,13.89,8.33,1.33,3.67,6,8,0.8773803827751196,0.35879216772536476
2504,,after_candidate_limit,,2148,85,23,85,15,13.5,0.5,1.38,20,8,0.8780397129186603,0.35866845769440636
2505,,after_candidate_limit,,2018,80,18,80,13.89,8.33,1.33,2,6,8,0.8773794258373205,0.35864837687569157
2506,,after_candidate_limit,,137,5,12,5,11.67,10.5,2.17,3.25,3,3,0.8818889952153111,0.3586395526161018
2507,,after_candidate_limit,,2798,111,23,111,15,9,3,4.5,20,8,0.8673535885167464,0.35863615361153667
2508,,after_candidate_limit,,1668,66,18,66,13.89,4.17,1.33,2,6,8,0.8773784688995215,0.3585013180521622
2509,,after_candidate_limit,,1669,66,19,66,13.89,4.17,1.33,2,6,15,0.8773784688995215,0.3585013180521622
2510,,after_candidate_limit,,1693,67,18,67,13.89,4.17,1.33,3.67,6,8,0.8773784688995215,0.3585013180521622
2511,,after_candidate_limit,,1694,67,19,67,13.89,4.17,1.33,3.67,6,15,0.8773784688995215,0.3585013180521622
2512,,after_candidate_limit,,1843,73,18,73,13.89,6.25,1.33,2,6,8,0.8773784688995215,0.3585013180521622
2513,,after_candidate_limit,,1844,73,19,73,13.89,6.25,1.33,2,6,15,0.8773784688995215,0.3585013180521622
2514,,after_candidate_limit,,1868,74,18,74,13.89,6.25,1.33,3.67,6,8,0.8773784688995215,0.3585013180521622
2515,,after_candidate_limit,,1869,74,19,74,13.89,6.25,1.33,3.67,6,15,0.8773784688995215,0.3585013180521622
2516,,after_candidate_limit,,2019,80,19,80,13.89,8.33,1.33,2,6,15,0.8773784688995215,0.3585013180521622
2517,,after_candidate_limit,,2044,81,19,81,13.89,8.33,1.33,3.67,6,15,0.8773784688995215,0.3585013180521622
2518,,after_candidate_limit,,285,11,10,11,11.67,3.5,1.33,3.67,3,1,0.877444019138756,0.3583974507809672
2519,,after_candidate_limit,,1542,61,17,61,13.89,12.5,2.17,3.25,6,3,0.8717177033492823,0.35833833001720855
2520,,after_candidate_limit,,260,10,10,10,11.67,3.5,1.33,2,3,1,0.8774315789473685,0.3582360163277479
2521,,after_candidate_limit,,99,3,24,3,11.67,10.5,1.33,2,20,15,0.8326081339712919,0.3582020344248484
2522,,after_candidate_limit,,124,4,24,4,11.67,10.5,1.33,3.67,20,15,0.8326081339712919,0.3582020344248484
2523,,after_candidate_limit,,1697,67,22,67,13.89,4.17,1.33,3.67,20,3,0.8560717703349282,0.3581331649962116
2524,,after_candidate_limit,,161,6,11,6,11.67,10.5,3,4.5,3,2,0.8610947368421052,0.3581027286325202
2525,,after_candidate_limit,,273,10,23,10,11.67,3.5,1.33,2,20,8,0.8326129186602871,0.3580605925334065
2526,,after_candidate_limit,,274,10,24,10,11.67,3.5,1.33,2,20,15,0.8326129186602871,0.3580605925334065
2527,,after_candidate_limit,,298,11,23,11,11.67,3.5,1.33,3.67,20,8,0.8326129186602871,0.3580605925334065
2528,,after_candidate_limit,,299,11,24,11,11.67,3.5,1.33,3.67,20,15,0.8326129186602871,0.3580605925334065
2529,,after_candidate_limit,,448,17,23,17,11.67,5.25,1.33,2,20,8,0.8326129186602871,0.3580605925334065
2530,,after_candidate_limit,,449,17,24,17,11.67,5.25,1.33,2,20,15,0.8326129186602871,0.3580605925334065
2531,,after_candidate_limit,,473,18,23,18,11.67,5.25,1.33,3.67,20,8,0.8326129186602871,0.3580605925334065
2532,,after_candidate_limit,,474,18,24,18,11.67,5.25,1.33,3.67,20,15,0.8326129186602871,0.3580605925334065
2533,,after_candidate_limit,,623,24,23,24,11.67,7,1.33,2,20,8,0.8326129186602871,0.3580605925334065
2534,,after_candidate_limit,,624,24,24,24,11.67,7,1.33,2,20,15,0.8326129186602871,0.3580605925334065
2535,,after_candidate_limit,,648,25,23,25,11.67,7,1.33,3.67,20,8,0.8326129186602871,0.3580605925334065
2536,,after_candidate_limit,,649,25,24,25,11.67,7,1.33,3.67,20,15,0.8326129186602871,0.3580605925334065
2537,,after_candidate_limit,,2448,97,23,97,15,4.5,3,4.5,20,8,0.8673344497607656,0.35798491327421056
2538,,after_candidate_limit,,2449,97,24,97,15,4.5,3,4.5,20,15,0.8673344497607656,0.35798491327421056
2539,,after_candidate_limit,,2623,104,23,104,15,6.75,3,4.5,20,8,0.8673344497607656,0.35798491327421056
2540,,after_candidate_limit,,2624,104,24,104,15,6.75,3,4.5,20,15,0.8673344497607656,0.35798491327421056
2541,,after_candidate_limit,,2799,111,24,111,15,9,3,4.5,20,15,0.8673344497607656,0.35798491327421056
2542,,after_candidate_limit,,1672,66,22,66,13.89,4.17,1.33,2,20,3,0.8560688995215311,0.35789156581108306
2543,,after_candidate_limit,,670,26,20,26,11.67,7,2.17,3.25,20,1,0.8091076555023924,0.35775434473192635
2544,,after_candidate_limit,,941,37,16,37,12.78,3.83,0.5,2,6,2,0.8703483253588516,0.3577151383847127
2545,,after_candidate_limit,,1717,68,17,68,13.89,4.17,2.17,3.25,6,3,0.8719253588516747,0.35771437434619785
2546,,after_candidate_limit,,160,6,10,6,11.67,10.5,3,4.5,3,1,0.8615244019138756,0.357711928986777
2547,,after_candidate_limit,,740,29,15,29,12.78,11.5,0.5,1.38,6,1,0.8701138755980862,0.3575352255015083
2548,,after_candidate_limit,,916,36,16,36,12.78,3.83,0.5,1.38,6,2,0.8703435406698564,0.35747674769328247
2549,,after_candidate_limit,,2698,107,23,107,15,9,0.5,2,20,8,0.8843143540669857,0.35746533820154935
2550,,after_candidate_limit,,721,28,21,28,12.78,11.5,0.5,0.75,20,2,0.8350794258373205,0.357364469542316
2551,,after_candidate_limit,,2673,106,23,106,15,9,0.5,1.38,20,8,0.8843086124401914,0.3572987722426419
2552,,after_candidate_limit,,1566,62,16,62,13.89,12.5,3,4.5,6,2,0.867944019138756,0.3572048876140478
2553,,after_candidate_limit,,1495,59,20,59,13.89,12.5,1.33,2,20,1,0.8310377990430622,0.35717643679205946
2554,,after_candidate_limit,,661,26,11,26,11.67,7,2.17,3.25,3,2,0.8816181818181819,0.3571487225657499
2555,,after_candidate_limit,,722,28,22,28,12.78,11.5,0.5,0.75,20,3,0.8347741626794258,0.3571403163064918
2556,,after_candidate_limit,,842,33,17,33,12.78,11.5,2.17,3.25,6,3,0.8736794258373206,0.3571321794340936
2557,,after_candidate_limit,,1117,44,17,44,12.78,5.75,0.5,2,6,3,0.870355980861244,0.35708401818506996
2558,,after_candidate_limit,,891,35,16,35,12.78,3.83,0.5,0.75,6,2,0.8703358851674641,0.3569787053878919
2559,,after_candidate_limit,,1092,43,17,43,12.78,5.75,0.5,1.38,6,3,0.8703511961722488,0.35697759611055685
2560,,after_candidate_limit,,1494,59,19,59,13.89,12.5,1.33,2,6,15,0.8770712918660287,0.35682992392106033
2561,,after_candidate_limit,,2648,105,23,105,15,9,0.5,0.75,20,8,0.8843,0.3568216601542423
2562,,after_candidate_limit,,41,1,16,1,11.67,10.5,0.5,1.38,6,2,0.8600746411483253,0.35678878258406954
2563,,after_candidate_limit,,1067,42,17,42,12.78,5.75,0.5,0.75,6,3,0.8703358851674641,0.35674712419245036
2564,,after_candidate_limit,,98,3,23,3,11.67,10.5,1.33,2,20,8,0.8298167464114833,0.3566667914156516
2565,,after_candidate_limit,,2298,91,23,91,15,4.5,0.5,0.75,20,8,0.8842961722488039,0.3566556777593901
2566,,after_candidate_limit,,2299,91,24,91,15,4.5,0.5,0.75,20,15,0.8842961722488039,0.3566556777593901
2567,,after_candidate_limit,,2323,92,23,92,15,4.5,0.5,1.38,20,8,0.8842961722488039,0.3566556777593901
2568,,after_candidate_limit,,2324,92,24,92,15,4.5,0.5,1.38,20,15,0.8842961722488039,0.3566556777593901
2569,,after_candidate_limit,,2348,93,23,93,15,4.5,0.5,2,20,8,0.8842961722488039,0.3566556777593901
2570,,after_candidate_limit,,2349,93,24,93,15,4.5,0.5,2,20,15,0.8842961722488039,0.3566556777593901
2571,,after_candidate_limit,,2473,98,23,98,15,6.75,0.5,0.75,20,8,0.8842961722488039,0.3566556777593901
2572,,after_candidate_limit,,2474,98,24,98,15,6.75,0.5,0.75,20,15,0.8842961722488039,0.3566556777593901
2573,,after_candidate_limit,,2498,99,23,99,15,6.75,0.5,1.38,20,8,0.8842961722488039,0.3566556777593901
2574,,after_candidate_limit,,2499,99,24,99,15,6.75,0.5,1.38,20,15,0.8842961722488039,0.3566556777593901
2575,,after_candidate_limit,,2523,100,23,100,15,6.75,0.5,2,20,8,0.8842961722488039,0.3566556777593901
2576,,after_candidate_limit,,2524,100,24,100,15,6.75,0.5,2,20,15,0.8842961722488039,0.3566556777593901
2577,,after_candidate_limit,,2649,105,24,105,15,9,0.5,0.75,20,15,0.8842961722488039,0.3566556777593901
2578,,after_candidate_limit,,2674,106,24,106,15,9,0.5,1.38,20,15,0.8842961722488039,0.3566556777593901
2579,,after_candidate_limit,,2699,107,24,107,15,9,0.5,2,20,15,0.8842961722488039,0.3566556777593901
2580,,after_candidate_limit,,1543,61,18,61,13.89,12.5,2.17,3.25,6,8,0.8713885167464115,0.3566355127495302
2581,,after_candidate_limit,,1519,60,19,60,13.89,12.5,1.33,3.67,6,15,0.8770444976076555,0.35658948924346445
2582,,after_candidate_limit,,2173,86,23,86,15,13.5,0.5,2,20,8,0.877943062200957,0.3565734530056696
2583,,after_candidate_limit,,1396,55,21,55,12.78,7.67,3,4.5,20,2,0.8301588516746411,0.356475046265559
2584,,after_candidate_limit,,746,29,21,29,12.78,11.5,0.5,1.38,20,2,0.8355052631578948,0.356347357773174
2585,,after_candidate_limit,,123,4,23,4,11.67,10.5,1.33,3.67,20,8,0.8298177033492823,0.35634400102565905
2586,,after_candidate_limit,,16,0,16,0,11.67,10.5,0.5,0.75,6,2,0.8599923444976076,0.3562268376241217
2587,,after_candidate_limit,,1540,61,15,61,13.89,12.5,2.17,3.25,6,1,0.8722325358851675,0.35609031820656417
2588,,after_candidate_limit,,1567,62,17,62,13.89,12.5,3,4.5,6,3,0.8679392344497607,0.3560385043935904
2589,,after_candidate_limit,,1568,62,18,62,13.89,12.5,3,4.5,6,8,0.8677133971291866,0.356019787509268
2590,,after_candidate_limit,,1498,59,23,59,13.89,12.5,1.33,2,20,8,0.8529602870813398,0.35598342546821227
2591,,after_candidate_limit,,66,2,16,2,11.67,10.5,0.5,2,6,2,0.8601081339712918,0.3559762152568078
2592,,after_candidate_limit,,718,28,18,28,12.78,11.5,0.5,0.75,6,8,0.8700736842105263,0.3559523534517026
2593,,after_candidate_limit,,2095,83,20,83,13.89,8.33,3,4.5,20,1,0.8367688995215311,0.3559142923873043
2594,,after_candidate_limit,,1742,69,17,69,13.89,4.17,3,4.5,6,3,0.8682837320574163,0.3559129329146907
2595,,after_candidate_limit,,743,29,18,29,12.78,11.5,0.5,1.38,6,8,0.8700516746411483,0.3558627904098613
2596,,after_candidate_limit,,17,0,17,0,11.67,10.5,0.5,0.75,6,3,0.8597244019138756,0.35584706775098496
2597,,after_candidate_limit,,42,1,17,1,11.67,10.5,0.5,1.38,6,3,0.8597033492822966,0.3557810138885896
2598,,after_candidate_limit,,310,12,10,12,11.67,3.5,2.17,3.25,3,1,0.8815598086124402,0.35576249966555284
2599,,after_candidate_limit,,1496,59,21,59,13.89,12.5,1.33,2,20,2,0.8493971291866028,0.3557466997840569
2600,,after_candidate_limit,,1722,68,22,68,13.89,4.17,2.17,3.25,20,3,0.8513846889952154,0.35569025726969566
2601,,after_candidate_limit,,821,32,21,32,12.78,11.5,1.33,3.67,20,2,0.8094004784688995,0.3556783320541339
2602,,after_candidate_limit,,768,30,18,30,12.78,11.5,0.5,2,6,8,0.8700459330143541,0.35559740499330844
2603,,after_candidate_limit,,841,33,16,33,12.78,11.5,2.17,3.25,6,2,0.8708966507177034,0.35559710788773125
2604,,after_candidate_limit,,2048,81,23,81,13.89,8.33,1.33,3.67,20,8,0.8560602870813397,0.35556030785335446
2605,,after_candidate_limit,,67,2,17,2,11.67,10.5,0.5,2,6,3,0.8597799043062201,0.3555181462331506
2606,,after_candidate_limit,,1920,76,20,76,13.89,6.25,3,4.5,20,1,0.8367234449760765,0.35551571174513386
2607,,after_candidate_limit,,3860,154,10,154,9.44,5.66,0.5,0.75,3,1,0.8820124401913876,0.35547545941310293
2608,,after_candidate_limit,,2023,80,23,80,13.89,8.33,1.33,2,20,8,0.8560574162679426,0.35545814302885337
2609,,after_candidate_limit,,2068,82,18,82,13.89,8.33,2.17,3.25,6,8,0.8719052631578947,0.3552882052421742
2610,,after_candidate_limit,,1718,68,18,68,13.89,4.17,2.17,3.25,6,8,0.8719043062200957,0.35514114641864475
2611,,after_candidate_limit,,1719,68,19,68,13.89,4.17,2.17,3.25,6,15,0.8719043062200957,0.35514114641864475
2612,,after_candidate_limit,,1893,75,18,75,13.89,6.25,2.17,3.25,6,8,0.8719043062200957,0.35514114641864475
2613,,after_candidate_limit,,1894,75,19,75,13.89,6.25,2.17,3.25,6,15,0.8719043062200957,0.35514114641864475
2614,,after_candidate_limit,,2069,82,19,82,13.89,8.33,2.17,3.25,6,15,0.8719043062200957,0.35514114641864475
2615,,after_candidate_limit,,436,17,11,17,11.67,5.25,1.33,2,3,2,0.8773301435406698,0.35507480633456384
2616,,after_candidate_limit,,461,18,11,18,11.67,5.25,1.33,3.67,3,2,0.8773282296650717,0.3550558887008221
2617,,after_candidate_limit,,1271,50,21,50,12.78,7.67,0.5,1.38,20,2,0.8409961722488039,0.35490781617944633
2618,,after_candidate_limit,,1521,60,21,60,13.89,12.5,1.33,3.67,20,2,0.8477507177033493,0.35459283776738615
2619,,after_candidate_limit,,895,35,20,35,12.78,3.83,0.5,0.75,20,1,0.8409483253588517,0.35458175304862666
2620,,after_candidate_limit,,1445,57,20,57,13.89,12.5,0.5,1.38,20,1,0.8491722488038278,0.3545238765884059
2621,,after_candidate_limit,,612,24,12,24,11.67,7,1.33,2,3,3,0.8772985645933015,0.35450655923951574
2622,,after_candidate_limit,,1366,54,16,54,12.78,7.67,2.17,3.25,6,2,0.8736325358851674,0.3544390246580439
2623,,after_candidate_limit,,1296,51,21,51,12.78,7.67,0.5,2,20,2,0.8410019138755981,0.35442843561292764
2624,,after_candidate_limit,,637,25,12,25,11.67,7,1.33,3.67,3,3,0.8772947368421052,0.354401486709112
2625,,after_candidate_limit,,720,28,20,28,12.78,11.5,0.5,0.75,20,1,0.8261904306220096,0.35418641982769294
2626,,after_candidate_limit,,1246,49,21,49,12.78,7.67,0.5,0.75,20,2,0.8409904306220096,0.3541824662535639
2627,,after_candidate_limit,,1140,45,15,45,12.78,5.75,1.33,2,6,1,0.8534799043062201,0.35406518218038185
2628,,after_candidate_limit,,1165,46,15,46,12.78,5.75,1.33,3.67,6,1,0.8534980861244019,0.35406127247824676
2629,,after_candidate_limit,,510,20,10,20,11.67,5.25,3,4.5,3,1,0.860777990430622,0.35400762834604144
2630,,after_candidate_limit,,1221,48,21,48,12.78,5.75,3,4.5,20,2,0.830066028708134,0.3539864237008235
2631,,after_candidate_limit,,1673,66,23,66,13.89,4.17,1.33,2,20,8,0.856044976076555,0.35387363341849754
2632,,after_candidate_limit,,1674,66,24,66,13.89,4.17,1.33,2,20,15,0.856044976076555,0.35387363341849754
2633,,after_candidate_limit,,1698,67,23,67,13.89,4.17,1.33,3.67,20,8,0.856044976076555,0.35387363341849754
2634,,after_candidate_limit,,1699,67,24,67,13.89,4.17,1.33,3.67,20,15,0.856044976076555,0.35387363341849754
2635,,after_candidate_limit,,1848,73,23,73,13.89,6.25,1.33,2,20,8,0.856044976076555,0.35387363341849754
2636,,after_candidate_limit,,1849,73,24,73,13.89,6.25,1.33,2,20,15,0.856044976076555,0.35387363341849754
2637,,after_candidate_limit,,1873,74,23,74,13.89,6.25,1.33,3.67,20,8,0.856044976076555,0.35387363341849754
2638,,after_candidate_limit,,1874,74,24,74,13.89,6.25,1.33,3.67,20,15,0.856044976076555,0.35387363341849754
2639,,after_candidate_limit,,2024,80,24,80,13.89,8.33,1.33,2,20,15,0.856044976076555,0.35387363341849754
2640,,after_candidate_limit,,2049,81,24,81,13.89,8.33,1.33,3.67,20,15,0.856044976076555,0.35387363341849754
2641,,after_candidate_limit,,1523,60,23,60,13.89,12.5,1.33,3.67,20,8,0.8529344497607656,0.3536482726081718
2642,,after_candidate_limit,,1045,41,20,41,12.78,3.83,3,4.5,20,1,0.8301626794258373,0.35362071580099275
2643,,after_candidate_limit,,872,34,22,34,12.78,11.5,3,4.5,20,3,0.8229186602870814,0.3535571655413633
2644,,after_candidate_limit,,2093,83,18,83,13.89,8.33,3,4.5,6,8,0.8682655502392345,0.35354252836604183
2645,,after_candidate_limit,,1565,62,15,62,13.89,12.5,3,4.5,6,1,0.8686066985645933,0.35351713579402283
2646,,after_candidate_limit,,1215,48,15,48,12.78,5.75,3,4.5,6,1,0.8565244019138756,0.35345404111398543
2647,,after_candidate_limit,,1397,55,22,55,12.78,7.67,3,4.5,20,3,0.8300057416267943,0.353453146577674
2648,,after_candidate_limit,,3170,126,20,126,5,3,0.5,0.75,20,1,0.7548382775119618,0.353329340069265
2649,,after_candidate_limit,,1743,69,18,69,13.89,4.17,3,4.5,6,8,0.8682636363636363,0.35325167869283924
2650,,after_candidate_limit,,1744,69,19,69,13.89,4.17,3,4.5,6,15,0.8682636363636363,0.35325167869283924
2651,,after_candidate_limit,,1918,76,18,76,13.89,6.25,3,4.5,6,8,0.8682636363636363,0.35325167869283924
2652,,after_candidate_limit,,1919,76,19,76,13.89,6.25,3,4.5,6,15,0.8682636363636363,0.35325167869283924
2653,,after_candidate_limit,,2094,83,19,83,13.89,8.33,3,4.5,6,15,0.8682636363636363,0.35325167869283924
2654,,after_candidate_limit,,365,14,15,14,11.67,5.25,0.5,0.75,6,1,0.8599129186602871,0.3531735914094977
2655,,after_candidate_limit,,765,30,15,30,12.78,11.5,0.5,2,6,1,0.8697148325358852,0.35315434344135826
2656,,after_candidate_limit,,1544,61,19,61,13.89,12.5,2.17,3.25,6,15,0.8715626794258373,0.35310204265412076
2657,,after_candidate_limit,,2073,82,23,82,13.89,8.33,2.17,3.25,20,8,0.8513732057416268,0.3530851376524708
2658,,after_candidate_limit,,1071,42,21,42,12.78,5.75,0.5,0.75,20,2,0.8409138755980862,0.3530801498551816
2659,,after_candidate_limit,,286,11,11,11,11.67,3.5,1.33,3.67,3,2,0.8772583732057416,0.3530201321578422
2660,,after_candidate_limit,,1096,43,21,43,12.78,5.75,0.5,1.38,20,2,0.8409311004784689,0.35297282402399294
2661,,after_candidate_limit,,162,6,12,6,11.67,10.5,3,4.5,3,3,0.8608765550239235,0.3529109900493399
2662,,after_candidate_limit,,942,37,17,37,12.78,3.83,0.5,2,6,3,0.8702794258373205,0.3529062052986791
2663,,after_candidate_limit,,1121,44,21,44,12.78,5.75,0.5,2,20,2,0.840932057416268,0.35286159457518973
2664,,after_candidate_limit,,486,19,11,19,11.67,5.25,2.17,3.25,3,2,0.8814535885167464,0.35268471579641325
2665,,after_candidate_limit,,1247,49,22,49,12.78,7.67,0.5,0.75,20,3,0.8409062200956938,0.3526158783992473
2666,,after_candidate_limit,,1522,60,22,60,13.89,12.5,1.33,3.67,20,3,0.8487052631578947,0.3525721564567519
2667,,after_candidate_limit,,261,10,11,10,11.67,3.5,1.33,2,3,2,0.8772478468899522,0.3525708862506438
2668,,after_candidate_limit,,747,29,22,29,12.78,11.5,0.5,1.38,20,3,0.834911004784689,0.3525665214396641
2669,,after_candidate_limit,,892,35,17,35,12.78,3.83,0.5,0.75,6,3,0.8702755980861244,0.3525185450057557
2670,,after_candidate_limit,,40,1,15,1,11.67,10.5,0.5,1.38,6,1,0.8574373205741627,0.3524918944099602
2671,,after_candidate_limit,,662,26,12,26,11.67,7,2.17,3.25,3,3,0.8814191387559809,0.3524721516213753
2672,,after_candidate_limit,,65,2,15,2,11.67,10.5,0.5,2,6,1,0.8576172248803827,0.35240337828843665
2673,,after_candidate_limit,,1297,51,22,51,12.78,7.67,0.5,2,20,3,0.8409062200956938,0.35234343472358903
2674,,after_candidate_limit,,172,6,22,6,11.67,10.5,3,4.5,20,3,0.7992952153110048,0.3523248610868661
2675,,after_candidate_limit,,917,36,17,36,12.78,3.83,0.5,1.38,6,3,0.8702746411483253,0.3523207428079535
2676,,after_candidate_limit,,772,30,22,30,12.78,11.5,0.5,2,20,3,0.835133014354067,0.3521205198415176
2677,,after_candidate_limit,,1046,41,21,41,12.78,3.83,3,4.5,20,2,0.8299952153110047,0.3521028358258341
2678,,after_candidate_limit,,1272,50,22,50,12.78,7.67,0.5,1.38,20,3,0.8409052631578947,0.3520662368741348
2679,,after_candidate_limit,,437,17,12,17,11.67,5.25,1.33,2,3,3,0.877244976076555,0.351963590160786
2680,,after_candidate_limit,,3885,155,10,155,9.44,5.66,0.5,1.38,3,1,0.8820019138755981,0.3519602546271012
2681,,after_candidate_limit,,462,18,12,18,11.67,5.25,1.33,3.67,3,3,0.8772468899521532,0.3519481658262976
2682,,after_candidate_limit,,1222,48,22,48,12.78,5.75,3,4.5,20,3,0.8299846889952153,0.3517448536385724
2683,,after_candidate_limit,,3195,127,20,127,5,3,0.5,1.38,20,1,0.7547866028708135,0.3515863668308814
2684,,after_candidate_limit,,3396,135,21,135,5,4.5,0.5,2,20,2,0.7548583732057417,0.3514589578818293
2685,,after_candidate_limit,,3220,128,20,128,5,3,0.5,2,20,1,0.7548382775119618,0.3513906989100464
2686,,after_candidate_limit,,1723,68,23,68,13.89,4.17,2.17,3.25,20,8,0.8513578947368421,0.3513758511173665
2687,,after_candidate_limit,,1724,68,24,68,13.89,4.17,2.17,3.25,20,15,0.8513578947368421,0.3513758511173665
2688,,after_candidate_limit,,1898,75,23,75,13.89,6.25,2.17,3.25,20,8,0.8513578947368421,0.3513758511173665
2689,,after_candidate_limit,,1899,75,24,75,13.89,6.25,2.17,3.25,20,15,0.8513578947368421,0.3513758511173665
2690,,after_candidate_limit,,2074,82,24,82,13.89,8.33,2.17,3.25,20,15,0.8513578947368421,0.3513758511173665
2691,,after_candidate_limit,,2995,119,20,119,5,2.25,0.5,0.75,20,1,0.7547473684210526,0.35137401536453106
2692,,after_candidate_limit,,796,31,21,31,12.78,11.5,1.33,2,20,2,0.811377033492823,0.3513639668427405
2693,,after_candidate_limit,,945,37,20,37,12.78,3.83,0.5,2,20,1,0.8409464114832536,0.35131974443913644
2694,,after_candidate_limit,,3910,156,10,156,9.44,5.66,0.5,2,3,1,0.881999043062201,0.3512889185517905
2695,,after_candidate_limit,,3371,134,21,134,5,4.5,0.5,1.38,20,2,0.7548421052631579,0.351255287957345
2696,,after_candidate_limit,,520,20,20,20,11.67,5.25,3,4.5,20,1,0.8043564593301435,0.35123039009231044
2697,,after_candidate_limit,,920,36,20,36,12.78,3.83,0.5,1.38,20,1,0.8409387559808612,0.3511837312596232
2698,,after_candidate_limit,,723,28,23,28,12.78,11.5,0.5,0.75,20,8,0.8377038277511961,0.35115993263595396
2699,,after_candidate_limit,,770,30,20,30,12.78,11.5,0.5,2,20,1,0.8159425837320574,0.3510909724705029
2700,,after_candidate_limit,,390,15,15,15,11.67,5.25,0.5,1.38,6,1,0.8599014354066986,0.35108801713957266
2701,,after_candidate_limit,,3346,133,21,133,5,4.5,0.5,0.75,20,2,0.754822009569378,0.35103354308685425
2702,,after_candidate_limit,,1569,62,19,62,13.89,12.5,3,4.5,6,15,0.8679105263157895,0.35102504003942
2703,,after_candidate_limit,,1047,41,22,41,12.78,3.83,3,4.5,20,3,0.8299674641148326,0.3509576677624268
2704,,after_candidate_limit,,1524,60,24,60,13.89,12.5,1.33,3.67,20,15,0.8529038277511962,0.35077568085298283
2705,,after_candidate_limit,,3955,158,5,158,9.44,5.66,1.33,3.67,2,1,0.8883937799043062,0.35075032675312384
2706,,after_candidate_limit,,3930,157,5,157,9.44,5.66,1.33,2,2,1,0.8883832535885168,0.35074033386069076
2707,,after_candidate_limit,,1072,42,22,42,12.78,5.75,0.5,0.75,20,3,0.8408459330143541,0.3506243512043116
2708,,after_candidate_limit,,1170,46,20,46,12.78,5.75,1.33,3.67,20,1,0.8186516746411483,0.35053300878818616
2709,,after_candidate_limit,,893,35,18,35,12.78,3.83,0.5,0.75,6,8,0.8702641148325359,0.3505133374115244
2710,,after_candidate_limit,,894,35,19,35,12.78,3.83,0.5,0.75,6,15,0.8702641148325359,0.3505133374115244
2711,,after_candidate_limit,,918,36,18,36,12.78,3.83,0.5,1.38,6,8,0.8702641148325359,0.3505133374115244
2712,,after_candidate_limit,,919,36,19,36,12.78,3.83,0.5,1.38,6,15,0.8702641148325359,0.3505133374115244
2713,,after_candidate_limit,,943,37,18,37,12.78,3.83,0.5,2,6,8,0.8702641148325359,0.3505133374115244
2714,,after_candidate_limit,,944,37,19,37,12.78,3.83,0.5,2,6,15,0.8702641148325359,0.3505133374115244
2715,,after_candidate_limit,,1068,42,18,42,12.78,5.75,0.5,0.75,6,8,0.8702641148325359,0.3505133374115244
2716,,after_candidate_limit,,1069,42,19,42,12.78,5.75,0.5,0.75,6,15,0.8702641148325359,0.3505133374115244
2717,,after_candidate_limit,,1093,43,18,43,12.78,5.75,0.5,1.38,6,8,0.8702641148325359,0.3505133374115244
2718,,after_candidate_limit,,1094,43,19,43,12.78,5.75,0.5,1.38,6,15,0.8702641148325359,0.3505133374115244
2719,,after_candidate_limit,,1118,44,18,44,12.78,5.75,0.5,2,6,8,0.8702641148325359,0.3505133374115244
2720,,after_candidate_limit,,1119,44,19,44,12.78,5.75,0.5,2,6,15,0.8702641148325359,0.3505133374115244
2721,,after_candidate_limit,,1243,49,18,49,12.78,7.67,0.5,0.75,6,8,0.8702641148325359,0.3505133374115244
2722,,after_candidate_limit,,1244,49,19,49,12.78,7.67,0.5,0.75,6,15,0.8702641148325359,0.3505133374115244
2723,,after_candidate_limit,,1268,50,18,50,12.78,7.67,0.5,1.38,6,8,0.8702641148325359,0.3505133374115244
2724,,after_candidate_limit,,1269,50,19,50,12.78,7.67,0.5,1.38,6,15,0.8702641148325359,0.3505133374115244
2725,,after_candidate_limit,,1293,51,18,51,12.78,7.67,0.5,2,6,8,0.8702641148325359,0.3505133374115244
2726,,after_candidate_limit,,1294,51,19,51,12.78,7.67,0.5,2,6,15,0.8702641148325359,0.3505133374115244
2727,,after_candidate_limit,,1015,40,15,40,12.78,3.83,2.17,3.25,6,1,0.8735492822966507,0.35049908872512153
2728,,after_candidate_limit,,311,12,11,12,11.67,3.5,2.17,3.25,3,2,0.8813770334928229,0.3504627485797473
2729,,after_candidate_limit,,2197,87,22,87,15,13.5,1.33,2,20,3,0.865644976076555,0.35045131630640525
2730,,after_candidate_limit,,1499,59,24,59,13.89,12.5,1.33,2,20,15,0.8529200956937799,0.35043713608654026
2731,,after_candidate_limit,,1367,54,17,54,12.78,7.67,2.17,3.25,6,3,0.8734813397129186,0.35022086474248865
2732,,after_candidate_limit,,1145,45,20,45,12.78,5.75,1.33,2,20,1,0.8186133971291866,0.3500359465723777
2733,,after_candidate_limit,,1122,44,22,44,12.78,5.75,0.5,2,20,3,0.8408545454545454,0.35003511362234335
2734,,after_candidate_limit,,1497,59,22,59,13.89,12.5,1.33,2,20,3,0.8484923444976077,0.3500090954041216
2735,,after_candidate_limit,,2195,87,20,87,15,13.5,1.33,2,20,1,0.8446354066985646,0.34997879036851526
2736,,after_candidate_limit,,1097,43,22,43,12.78,5.75,0.5,1.38,20,3,0.8408497607655503,0.3499528458789395
2737,,after_candidate_limit,,792,31,17,31,12.78,11.5,1.33,2,6,3,0.8533411483253589,0.3499113177384861
2738,,after_candidate_limit,,113,4,13,4,11.67,10.5,1.33,3.67,3,8,0.877133014354067,0.3498486338022284
2739,,after_candidate_limit,,1191,47,16,47,12.78,5.75,2.17,3.25,6,2,0.8734966507177033,0.34984441370954655
2740,,after_candidate_limit,,287,11,12,11,11.67,3.5,1.33,3.67,3,3,0.8772114832535886,0.34981722167052404
2741,,after_candidate_limit,,1921,76,21,76,13.89,6.25,3,4.5,20,2,0.8363631578947368,0.34972528484144155
2742,,after_candidate_limit,,791,31,16,31,12.78,11.5,1.33,2,6,2,0.8506095693779905,0.3496691917016511
2743,,after_candidate_limit,,262,10,12,10,11.67,3.5,1.33,2,3,3,0.8772105263157894,0.34961209346539585
2744,,after_candidate_limit,,946,37,21,37,12.78,3.83,0.5,2,20,2,0.8408478468899522,0.34960604370810144
2745,,after_candidate_limit,,921,36,21,36,12.78,3.83,0.5,1.38,20,2,0.8408459330143541,0.3495404663660535
2746,,after_candidate_limit,,487,19,12,19,11.67,5.25,2.17,3.25,3,3,0.8813693779904306,0.34954008586220714
2747,,after_candidate_limit,,896,35,21,35,12.78,3.83,0.5,0.75,20,2,0.840842105263158,0.3495035177879758
2748,,after_candidate_limit,,817,32,17,32,12.78,11.5,1.33,3.67,6,3,0.8533488038277512,0.3494549925599537
2749,,after_candidate_limit,,686,27,11,27,11.67,7,3,4.5,3,2,0.8606191387559808,0.34929316439684166
2750,,after_candidate_limit,,415,16,15,16,11.67,5.25,0.5,2,6,1,0.8598928229665072,0.34895154460598965
2751,,after_candidate_limit,,1548,61,23,61,13.89,12.5,2.17,3.25,20,8,0.8482650717703349,0.3489505538885225
2752,,after_candidate_limit,,2097,83,22,83,13.89,8.33,3,4.5,20,3,0.8363698564593302,0.34892610552428466
2753,,after_candidate_limit,,541,21,16,21,11.67,7,0.5,0.75,6,2,0.8597856459330143,0.3487225118421866
2754,,after_candidate_limit,,2820,112,20,112,5,1.5,0.5,0.75,20,1,0.7546143540669856,0.3487056978360335
2755,,after_candidate_limit,,3221,128,21,128,5,3,0.5,2,20,2,0.7546325358851674,0.3485444879960631
2756,,after_candidate_limit,,1745,69,20,69,13.89,4.17,3,4.5,20,1,0.8364177033492823,0.34851788749025603
2757,,after_candidate_limit,,745,29,20,29,12.78,11.5,0.5,1.38,20,1,0.8207014354066986,0.34844222900227395
2758,,after_candidate_limit,,88,3,13,3,11.67,10.5,1.33,2,3,8,0.8770956937799043,0.3483447989916819
2759,,after_candidate_limit,,3020,120,20,120,5,2.25,0.5,1.38,20,1,0.7546086124401914,0.34834333156016534
2760,,after_candidate_limit,,263,10,13,10,11.67,3.5,1.33,2,3,8,0.8772047846889952,0.3482504811011518
2761,,after_candidate_limit,,264,10,14,10,11.67,3.5,1.33,2,3,15,0.8772047846889952,0.3482504811011518
2762,,after_candidate_limit,,288,11,13,11,11.67,3.5,1.33,3.67,3,8,0.8772047846889952,0.3482504811011518
2763,,after_candidate_limit,,289,11,14,11,11.67,3.5,1.33,3.67,3,15,0.8772047846889952,0.3482504811011518
2764,,after_candidate_limit,,438,17,13,17,11.67,5.25,1.33,2,3,8,0.8772047846889952,0.3482504811011518
2765,,after_candidate_limit,,439,17,14,17,11.67,5.25,1.33,2,3,15,0.8772047846889952,0.3482504811011518
2766,,after_candidate_limit,,463,18,13,18,11.67,5.25,1.33,3.67,3,8,0.8772047846889952,0.3482504811011518
2767,,after_candidate_limit,,464,18,14,18,11.67,5.25,1.33,3.67,3,15,0.8772047846889952,0.3482504811011518
2768,,after_candidate_limit,,613,24,13,24,11.67,7,1.33,2,3,8,0.8772047846889952,0.3482504811011518
2769,,after_candidate_limit,,614,24,14,24,11.67,7,1.33,2,3,15,0.8772047846889952,0.3482504811011518
2770,,after_candidate_limit,,638,25,13,25,11.67,7,1.33,3.67,3,8,0.8772047846889952,0.3482504811011518
2771,,after_candidate_limit,,639,25,14,25,11.67,7,1.33,3.67,3,15,0.8772047846889952,0.3482504811011518
2772,,after_candidate_limit,,4036,161,11,161,9.44,8.5,0.5,0.75,3,2,0.881957894736842,0.34823810539171024
2773,,after_candidate_limit,,495,19,20,19,11.67,5.25,2.17,3.25,20,1,0.8085086124401913,0.34822261205061283
2774,,after_candidate_limit,,1549,61,24,61,13.89,12.5,2.17,3.25,20,15,0.8482526315789474,0.34820485841830096
2775,,after_candidate_limit,,1545,61,20,61,13.89,12.5,2.17,3.25,20,1,0.820778947368421,0.3481539806634404
2776,,after_candidate_limit,,335,13,10,13,11.67,3.5,3,4.5,3,1,0.8605674641148325,0.3481366437056524
2777,,after_candidate_limit,,2096,83,21,83,13.89,8.33,3,4.5,20,2,0.8365789473684211,0.3480949078916987
2778,,after_candidate_limit,,1398,55,23,55,12.78,7.67,3,4.5,20,8,0.8299511961722488,0.3480454561754555
2779,,after_candidate_limit,,2196,87,21,87,15,13.5,1.33,2,20,2,0.8597607655502393,0.3479872660736684
2780,,after_candidate_limit,,1048,41,23,41,12.78,3.83,3,4.5,20,8,0.8299502392344498,0.3478939410239404
2781,,after_candidate_limit,,1049,41,24,41,12.78,3.83,3,4.5,20,15,0.8299502392344498,0.3478939410239404
2782,,after_candidate_limit,,1223,48,23,48,12.78,5.75,3,4.5,20,8,0.8299502392344498,0.3478939410239404
2783,,after_candidate_limit,,1224,48,24,48,12.78,5.75,3,4.5,20,15,0.8299502392344498,0.3478939410239404
2784,,after_candidate_limit,,1399,55,24,55,12.78,7.67,3,4.5,20,15,0.8299502392344498,0.3478939410239404
2785,,after_candidate_limit,,816,32,16,32,12.78,11.5,1.33,3.67,6,2,0.8505320574162679,0.3478922060005278
2786,,after_candidate_limit,,1470,58,20,58,13.89,12.5,0.5,2,20,1,0.8430842105263158,0.3478205404065736
2787,,after_candidate_limit,,947,37,22,37,12.78,3.83,0.5,2,20,3,0.8408172248803828,0.34778959557110073
2788,,after_candidate_limit,,566,22,16,22,11.67,7,0.5,1.38,6,2,0.859777033492823,0.34769547287151664
2789,,after_candidate_limit,,897,35,22,35,12.78,3.83,0.5,0.75,20,3,0.8408162679425837,0.3476719485122772
2790,,after_candidate_limit,,922,36,22,36,12.78,3.83,0.5,1.38,20,3,0.8408162679425837,0.3476719485122772
2791,,after_candidate_limit,,2222,88,22,88,15,13.5,1.33,3.67,20,3,0.8630468899521531,0.3476386260093794
2792,,after_candidate_limit,,1341,53,16,53,12.78,7.67,1.33,3.67,6,2,0.8532808612440191,0.34763786247137113
2793,,after_candidate_limit,,3397,135,22,135,5,4.5,0.5,2,20,3,0.754554066985646,0.34762807486223807
2794,,after_candidate_limit,,3171,126,21,126,5,3,0.5,0.75,20,2,0.7545358851674641,0.34761711419415353
2795,,after_candidate_limit,,312,12,12,12,11.67,3.5,2.17,3.25,3,3,0.8813358851674641,0.34755959682789705
2796,,after_candidate_limit,,1016,40,16,40,12.78,3.83,2.17,3.25,6,2,0.873422009569378,0.34748435065129923
2797,,after_candidate_limit,,3685,147,10,147,9.44,4.25,0.5,0.75,3,1,0.8817990430622009,0.3474548860658547
2798,,after_candidate_limit,,1922,76,22,76,13.89,6.25,3,4.5,20,3,0.8363191387559809,0.3474362084234532
2799,,after_candidate_limit,,591,23,16,23,11.67,7,0.5,2,6,2,0.859777033492823,0.3473569104751068
2800,,after_candidate_limit,,3196,127,21,127,5,3,0.5,1.38,20,2,0.7545808612440191,0.34729690696317334
2801,,after_candidate_limit,,91,3,16,3,11.67,10.5,1.33,2,6,2,0.8513531100478469,0.3472831497354084
2802,,after_candidate_limit,,345,13,20,13,11.67,3.5,3,4.5,20,1,0.8040138755980861,0.34728021524407726
2803,,after_candidate_limit,,1316,52,16,52,12.78,7.67,1.33,2,6,2,0.8532741626794258,0.34724960124701393
2804,,after_candidate_limit,,1746,69,21,69,13.89,4.17,3,4.5,20,2,0.8363382775119618,0.34723649382334426
2805,,after_candidate_limit,,2245,89,20,89,15,13.5,2.17,3.25,20,1,0.8322354066985646,0.3472246581673487
2806,,after_candidate_limit,,2247,89,22,89,15,13.5,2.17,3.25,20,3,0.8564354066985645,0.34714780910467063
2807,,after_candidate_limit,,1391,55,16,55,12.78,7.67,3,4.5,6,2,0.8563196172248804,0.3470875417512249
2808,,after_candidate_limit,,867,34,17,34,12.78,11.5,3,4.5,6,3,0.8562956937799043,0.3469967069655607
2809,,after_candidate_limit,,3045,121,20,121,5,2.25,0.5,2,20,1,0.7545866028708134,0.34698787153242605
2810,,after_candidate_limit,,138,5,13,5,11.67,10.5,2.17,3.25,3,8,0.8812641148325359,0.3469723219125762
2811,,after_candidate_limit,,840,33,15,33,12.78,11.5,2.17,3.25,6,1,0.8708363636363636,0.3469409837734386
2812,,after_candidate_limit,,1346,53,21,53,12.78,7.67,1.33,3.67,20,2,0.8183545454545454,0.3468906752732794
2813,,after_candidate_limit,,521,20,21,20,11.67,5.25,3,4.5,20,2,0.8039698564593302,0.34686821463861567
2814,,after_candidate_limit,,3372,134,22,134,5,4.5,0.5,1.38,20,3,0.7545320574162679,0.34686335499215704
2815,,after_candidate_limit,,4155,166,5,166,9.44,8.5,2.17,3.25,2,1,0.8631918660287081,0.3467162737009071
2816,,after_candidate_limit,,4061,162,11,162,9.44,8.5,0.5,1.38,3,2,0.8819540669856459,0.34650085363350364
2817,,after_candidate_limit,,1321,52,21,52,12.78,7.67,1.33,2,20,2,0.8183459330143541,0.3464743126836317
2818,,after_candidate_limit,,719,28,19,28,12.78,11.5,0.5,0.75,6,15,0.8700258373205741,0.3464661088871468
2819,,after_candidate_limit,,1192,47,17,47,12.78,5.75,2.17,3.25,6,3,0.8734200956937799,0.3464615625132918
2820,,after_candidate_limit,,190,7,15,7,11.67,3.5,0.5,0.75,6,1,0.859734928229665,0.34645775528743833
2821,,after_candidate_limit,,2220,88,20,88,15,13.5,1.33,3.67,20,1,0.8299081339712918,0.3461362678299249
2822,,after_candidate_limit,,696,27,21,27,11.67,7,3,4.5,20,2,0.8039899521531101,0.34609744847792967
2823,,after_candidate_limit,,3347,133,22,133,5,4.5,0.5,0.75,20,3,0.7545081339712919,0.3460904453365401
2824,,after_candidate_limit,,346,13,21,13,11.67,3.5,3,4.5,20,2,0.8039019138755981,0.3459577304568176
2825,,after_candidate_limit,,313,12,13,12,11.67,3.5,2.17,3.25,3,8,0.8813282296650717,0.3458945934102621
2826,,after_candidate_limit,,314,12,14,12,11.67,3.5,2.17,3.25,3,15,0.8813282296650717,0.3458945934102621
2827,,after_candidate_limit,,488,19,13,19,11.67,5.25,2.17,3.25,3,8,0.8813282296650717,0.3458945934102621
2828,,after_candidate_limit,,489,19,14,19,11.67,5.25,2.17,3.25,3,15,0.8813282296650717,0.3458945934102621
2829,,after_candidate_limit,,663,26,13,26,11.67,7,2.17,3.25,3,8,0.8813282296650717,0.3458945934102621
2830,,after_candidate_limit,,664,26,14,26,11.67,7,2.17,3.25,3,15,0.8813282296650717,0.3458945934102621
2831,,after_candidate_limit,,522,20,22,20,11.67,5.25,3,4.5,20,3,0.8039124401913875,0.34581439151783433
2832,,after_candidate_limit,,116,4,16,4,11.67,10.5,1.33,3.67,6,2,0.8514401913875598,0.34565168388592643
2833,,after_candidate_limit,,744,29,19,29,12.78,11.5,0.5,1.38,6,15,0.8699684210526316,0.34562609303631625
2834,,after_candidate_limit,,347,13,22,13,11.67,3.5,3,4.5,20,3,0.8038952153110048,0.34562416282875114
2835,,after_candidate_limit,,769,30,19,30,12.78,11.5,0.5,2,6,15,0.8699655502392345,0.3454628254167862
2836,,after_candidate_limit,,2221,88,21,88,15,13.5,1.33,3.67,20,2,0.8555086124401914,0.3454588917183401
2837,,after_candidate_limit,,4086,163,11,163,9.44,8.5,0.5,2,3,2,0.8819301435406699,0.34541679708693945
2838,,after_candidate_limit,,2122,84,22,84,15,13.5,0.5,0.75,20,3,0.8764688995215311,0.34530644527664905
2839,,after_candidate_limit,,89,3,14,3,11.67,10.5,1.33,2,3,15,0.8771387559808612,0.34513768604909245
2840,,after_candidate_limit,,1248,49,23,49,12.78,7.67,0.5,0.75,20,8,0.8408047846889952,0.34510098685184176
2841,,after_candidate_limit,,1146,45,21,45,12.78,5.75,1.33,2,20,2,0.8183239234449761,0.34509424849240566
2842,,after_candidate_limit,,3710,148,10,148,9.44,4.25,0.5,1.38,3,1,0.8817808612440191,0.3450311303453361
2843,,after_candidate_limit,,1171,46,21,46,12.78,5.75,1.33,3.67,20,2,0.8183258373205742,0.34500430678876065
2844,,after_candidate_limit,,697,27,22,27,11.67,7,3,4.5,20,3,0.8039105263157895,0.34497738992293797
2845,,after_candidate_limit,,511,20,11,20,11.67,5.25,3,4.5,3,2,0.8604526315789474,0.3449395663074123
2846,,after_candidate_limit,,114,4,14,4,11.67,10.5,1.33,3.67,3,15,0.8771224880382775,0.3449295231025865
2847,,after_candidate_limit,,748,29,23,29,12.78,11.5,0.5,1.38,20,8,0.8376674641148325,0.344749781515798
2848,,after_candidate_limit,,3780,151,5,151,9.44,4.25,1.33,3.67,2,1,0.8882004784688995,0.3447472723523494
2849,,after_candidate_limit,,1273,50,23,50,12.78,7.67,0.5,1.38,20,8,0.8408028708133971,0.3447249184757734
2850,,after_candidate_limit,,1298,51,23,51,12.78,7.67,0.5,2,20,8,0.8408028708133971,0.3447249184757734
2851,,after_candidate_limit,,1322,52,22,52,12.78,7.67,1.33,2,20,3,0.8182866028708135,0.3447225969042628
2852,,after_candidate_limit,,4106,164,6,164,9.44,8.5,1.33,2,2,2,0.8882894736842105,0.34469732175884077
2853,,after_candidate_limit,,3755,150,5,150,9.44,4.25,1.33,2,2,1,0.8881976076555024,0.3446849672976363
2854,,after_candidate_limit,,898,35,23,35,12.78,3.83,0.5,0.75,20,8,0.8408019138755981,0.34467249912093467
2855,,after_candidate_limit,,899,35,24,35,12.78,3.83,0.5,0.75,20,15,0.8408019138755981,0.34467249912093467
2856,,after_candidate_limit,,923,36,23,36,12.78,3.83,0.5,1.38,20,8,0.8408019138755981,0.34467249912093467
2857,,after_candidate_limit,,924,36,24,36,12.78,3.83,0.5,1.38,20,15,0.8408019138755981,0.34467249912093467
2858,,after_candidate_limit,,948,37,23,37,12.78,3.83,0.5,2,20,8,0.8408019138755981,0.34467249912093467
2859,,after_candidate_limit,,949,37,24,37,12.78,3.83,0.5,2,20,15,0.8408019138755981,0.34467249912093467
2860,,after_candidate_limit,,1073,42,23,42,12.78,5.75,0.5,0.75,20,8,0.8408019138755981,0.34467249912093467
2861,,after_candidate_limit,,1074,42,24,42,12.78,5.75,0.5,0.75,20,15,0.8408019138755981,0.34467249912093467
2862,,after_candidate_limit,,1098,43,23,43,12.78,5.75,0.5,1.38,20,8,0.8408019138755981,0.34467249912093467
2863,,after_candidate_limit,,1099,43,24,43,12.78,5.75,0.5,1.38,20,15,0.8408019138755981,0.34467249912093467
2864,,after_candidate_limit,,1123,44,23,44,12.78,5.75,0.5,2,20,8,0.8408019138755981,0.34467249912093467
2865,,after_candidate_limit,,1124,44,24,44,12.78,5.75,0.5,2,20,15,0.8408019138755981,0.34467249912093467
2866,,after_candidate_limit,,1249,49,24,49,12.78,7.67,0.5,0.75,20,15,0.8408019138755981,0.34467249912093467
2867,,after_candidate_limit,,1274,50,24,50,12.78,7.67,0.5,1.38,20,15,0.8408019138755981,0.34467249912093467
2868,,after_candidate_limit,,1299,51,24,51,12.78,7.67,0.5,2,20,15,0.8408019138755981,0.34467249912093467
2869,,after_candidate_limit,,687,27,12,27,11.67,7,3,4.5,3,3,0.8604191387559809,0.3446400332724607
2870,,after_candidate_limit,,3735,149,10,149,9.44,4.25,0.5,2,3,1,0.8817837320574162,0.3445145281970056
2871,,after_candidate_limit,,773,30,23,30,12.78,11.5,0.5,2,20,8,0.8376617224880383,0.3445066235002922
2872,,after_candidate_limit,,147,5,22,5,11.67,10.5,2.17,3.25,20,3,0.802812918660287,0.34446682941165335
2873,,after_candidate_limit,,1347,53,22,53,12.78,7.67,1.33,3.67,20,3,0.8182856459330143,0.3444426943638246
2874,,after_candidate_limit,,2845,113,20,113,5,1.5,0.5,1.38,20,1,0.7545090909090909,0.3443140677010892
2875,,after_candidate_limit,,2246,89,21,89,15,13.5,2.17,3.25,20,2,0.8505038277511962,0.34427250744010385
2876,,after_candidate_limit,,970,38,20,38,12.78,3.83,1.33,2,20,1,0.8183775119617225,0.34414045212642747
2877,,after_candidate_limit,,496,19,21,19,11.67,5.25,2.17,3.25,20,2,0.8081267942583732,0.34409564985115776
2878,,after_candidate_limit,,2996,119,21,119,5,2.25,0.5,0.75,20,2,0.7544564593301435,0.3440898330299341
2879,,after_candidate_limit,,4131,165,6,165,9.44,8.5,1.33,3.67,2,2,0.8882894736842105,0.34407962180758617
2880,,after_candidate_limit,,995,39,20,39,12.78,3.83,1.33,3.67,20,1,0.8183803827751196,0.34406217298193864
2881,,after_candidate_limit,,215,8,15,8,11.67,3.5,0.5,1.38,6,1,0.8597090909090909,0.3440246583681572
2882,,after_candidate_limit,,1747,69,22,69,13.89,4.17,3,4.5,20,3,0.8362961722488038,0.34397762045548275
2883,,after_candidate_limit,,2870,114,20,114,5,1.5,0.5,2,20,1,0.7544947368421052,0.34395856746018577
2884,,after_candidate_limit,,320,12,20,12,11.67,3.5,2.17,3.25,20,1,0.8081248803827751,0.34381895992722683
2885,,after_candidate_limit,,790,31,15,31,12.78,11.5,1.33,2,6,1,0.8505387559808613,0.34376898660015576
2886,,after_candidate_limit,,990,39,15,39,12.78,3.83,1.33,3.67,6,1,0.853188038277512,0.3437640301542066
2887,,after_candidate_limit,,240,9,15,9,11.67,3.5,0.5,2,6,1,0.85971004784689,0.3436908956305075
2888,,after_candidate_limit,,1317,52,17,52,12.78,7.67,1.33,2,6,3,0.8531296650717703,0.3436697258193452
2889,,after_candidate_limit,,90,3,15,3,11.67,10.5,1.33,2,6,1,0.8492043062200957,0.34366536055806096
2890,,after_candidate_limit,,965,38,15,38,12.78,3.83,1.33,2,6,1,0.8531794258373205,0.34358190105281167
2891,,after_candidate_limit,,1147,45,22,45,12.78,5.75,1.33,2,20,3,0.8182674641148325,0.343385486336871
2892,,after_candidate_limit,,542,21,17,21,11.67,7,0.5,0.75,6,3,0.8596459330143541,0.3433712073445384
2893,,after_candidate_limit,,1342,53,17,53,12.78,7.67,1.33,3.67,6,3,0.853122966507177,0.34331028866420343
2894,,after_candidate_limit,,671,26,21,26,11.67,7,2.17,3.25,20,2,0.8081315789473684,0.34325979391563327
2895,,after_candidate_limit,,3021,120,21,120,5,2.25,0.5,1.38,20,2,0.7544191387559809,0.3432157969708487
2896,,after_candidate_limit,,1040,41,15,41,12.78,3.83,3,4.5,6,1,0.8562181818181818,0.3431989513943476
2897,,after_candidate_limit,,366,14,16,14,11.67,5.25,0.5,0.75,6,2,0.8596641148325359,0.34318367111698184
2898,,after_candidate_limit,,3222,128,22,128,5,3,0.5,2,20,3,0.7544124401913875,0.3431100711276693
2899,,after_candidate_limit,,1166,46,16,46,12.78,5.75,1.33,3.67,6,2,0.8531392344497608,0.3430950659313202
2900,,after_candidate_limit,,996,39,21,39,12.78,3.83,1.33,3.67,20,2,0.8182856459330143,0.3430881739593575
2901,,after_candidate_limit,,1392,55,17,55,12.78,7.67,3,4.5,6,3,0.8561636363636363,0.34305358777029804
2902,,after_candidate_limit,,1141,45,16,45,12.78,5.75,1.33,2,6,2,0.8531354066985646,0.3430303369610792
2903,,after_candidate_limit,,2821,112,21,112,5,1.5,0.5,0.75,20,2,0.7544066985645933,0.3430142618942058
2904,,after_candidate_limit,,971,38,21,38,12.78,3.83,1.33,2,20,2,0.8182789473684211,0.3430051691100954
2905,,after_candidate_limit,,1017,40,17,40,12.78,3.83,2.17,3.25,6,3,0.8733703349282297,0.34299059389320286
2906,,after_candidate_limit,,1547,61,22,61,13.89,12.5,2.17,3.25,20,3,0.8428267942583733,0.34298252408478425
2907,,after_candidate_limit,,3046,121,21,121,5,2.25,0.5,2,20,2,0.7544143540669856,0.34297497637302826
2908,,after_candidate_limit,,336,13,11,13,11.67,3.5,3,4.5,3,2,0.860378947368421,0.3428897367638298
2909,,after_candidate_limit,,3197,127,22,127,5,3,0.5,1.38,20,3,0.7543923444976076,0.3428258062875907
2910,,after_candidate_limit,,1216,48,16,48,12.78,5.75,3,4.5,6,2,0.856178947368421,0.3427987738551462
2911,,after_candidate_limit,,497,19,22,19,11.67,5.25,2.17,3.25,20,3,0.8080578947368421,0.3427765553497832
2912,,after_candidate_limit,,1172,46,22,46,12.78,5.75,1.33,3.67,20,3,0.8182655502392344,0.34272675617814086
2913,,after_candidate_limit,,321,12,21,12,11.67,3.5,2.17,3.25,20,2,0.8080387559808613,0.34270684251712574
2914,,after_candidate_limit,,173,6,23,6,11.67,10.5,3,4.5,20,8,0.801122009569378,0.34270015314388574
2915,,after_candidate_limit,,866,34,16,34,12.78,11.5,3,4.5,6,2,0.8558478468899522,0.3426982682446838
2916,,after_candidate_limit,,3172,126,22,126,5,3,0.5,0.75,20,3,0.7543952153110047,0.34269021407024153
2917,,after_candidate_limit,,139,5,14,5,11.67,10.5,2.17,3.25,3,15,0.8812497607655503,0.34260257571903463
2918,,after_candidate_limit,,3510,140,10,140,9.44,2.83,0.5,0.75,3,1,0.881688038277512,0.34252951624431466
2919,,after_candidate_limit,,874,34,24,34,12.78,11.5,3,4.5,20,15,0.827022009569378,0.3424959170925712
2920,,after_candidate_limit,,416,16,16,16,11.67,5.25,0.5,2,6,2,0.8596688995215311,0.3424309238192401
2921,,after_candidate_limit,,322,12,22,12,11.67,3.5,2.17,3.25,20,3,0.8080330143540669,0.3423947276145362
2922,,after_candidate_limit,,391,15,16,15,11.67,5.25,0.5,1.38,6,2,0.8596602870813397,0.34235252853565595
2923,,after_candidate_limit,,567,22,17,22,11.67,7,0.5,1.38,6,3,0.8596373205741626,0.34232312991793135
2924,,after_candidate_limit,,3861,154,11,154,9.44,5.66,0.5,0.75,3,2,0.8816755980861244,0.3422756608463559
2925,,after_candidate_limit,,843,33,18,33,12.78,11.5,2.17,3.25,6,8,0.8732,0.3421864113570429
2926,,after_candidate_limit,,672,26,22,26,11.67,7,2.17,3.25,20,3,0.8080569377990431,0.3421804167636265
2927,,after_candidate_limit,,592,23,17,23,11.67,7,0.5,2,6,3,0.8596363636363636,0.3421268195956875
2928,,after_candidate_limit,,972,38,22,38,12.78,3.83,1.33,2,20,3,0.8182559808612441,0.3420167579581217
2929,,after_candidate_limit,,997,39,22,39,12.78,3.83,1.33,3.67,20,3,0.8182559808612441,0.3420167579581217
2930,,after_candidate_limit,,2846,113,21,113,5,1.5,0.5,1.38,20,2,0.7543511961722488,0.3420061266413289
2931,,after_candidate_limit,,724,28,24,28,12.78,11.5,0.5,0.75,20,15,0.8407540669856459,0.341911839092028
2932,,after_candidate_limit,,2871,114,21,114,5,1.5,0.5,2,20,2,0.7543377990430622,0.3417960905753254
2933,,after_candidate_limit,,640,25,15,25,11.67,7,1.33,3.67,6,1,0.8515569377990431,0.3416535851534714
2934,,after_candidate_limit,,115,4,15,4,11.67,10.5,1.33,3.67,6,1,0.849188038277512,0.34158082768484177
2935,,after_candidate_limit,,2997,119,22,119,5,2.25,0.5,0.75,20,3,0.7543205741626794,0.34155486036565863
2936,,after_candidate_limit,,3605,144,5,144,9.44,2.83,1.33,3.67,2,1,0.8881,0.34145669018562813
2937,,after_candidate_limit,,512,20,12,20,11.67,5.25,3,4.5,3,3,0.8603626794258373,0.34135217529198647
2938,,after_candidate_limit,,3580,143,5,143,9.44,2.83,1.33,2,2,1,0.8880952153110048,0.341330178233515
2939,,after_candidate_limit,,3886,155,11,155,9.44,5.66,0.5,1.38,3,2,0.8816727272727273,0.3412770141295858
2940,,after_candidate_limit,,1546,61,21,61,13.89,12.5,2.17,3.25,20,2,0.8352401913875598,0.3412617216808204
2941,,after_candidate_limit,,749,29,24,29,12.78,11.5,0.5,1.38,20,15,0.840733014354067,0.3411903729586563
2942,,after_candidate_limit,,3911,156,11,156,9.44,5.66,0.5,2,3,2,0.8816794258373206,0.34117221174351203
2943,,after_candidate_limit,,2098,83,23,83,13.89,8.33,3,4.5,20,8,0.8362799043062201,0.3410101978419684
2944,,after_candidate_limit,,3535,141,10,141,9.44,2.83,0.5,1.38,3,1,0.881666985645933,0.3409952840730303
2945,,after_candidate_limit,,3560,142,10,142,9.44,2.83,0.5,2,3,1,0.881668899521531,0.3409896830595399
2946,,after_candidate_limit,,3956,158,6,158,9.44,5.66,1.33,3.67,2,2,0.8880980861244019,0.340972908911972
2947,,after_candidate_limit,,873,34,23,34,12.78,11.5,3,4.5,20,8,0.8270076555023923,0.34092468156189004
2948,,after_candidate_limit,,991,39,16,39,12.78,3.83,1.33,3.67,6,2,0.8530665071770335,0.3408978839554069
2949,,after_candidate_limit,,3931,157,6,157,9.44,5.66,1.33,2,2,2,0.8880952153110048,0.3408873285438228
2950,,after_candidate_limit,,1018,40,18,40,12.78,3.83,2.17,3.25,6,8,0.8733588516746411,0.3408804394621505
2951,,after_candidate_limit,,1019,40,19,40,12.78,3.83,2.17,3.25,6,15,0.8733588516746411,0.3408804394621505
2952,,after_candidate_limit,,1193,47,18,47,12.78,5.75,2.17,3.25,6,8,0.8733588516746411,0.3408804394621505
2953,,after_candidate_limit,,1194,47,19,47,12.78,5.75,2.17,3.25,6,15,0.8733588516746411,0.3408804394621505
2954,,after_candidate_limit,,1368,54,18,54,12.78,7.67,2.17,3.25,6,8,0.8733588516746411,0.3408804394621505
2955,,after_candidate_limit,,1369,54,19,54,12.78,7.67,2.17,3.25,6,15,0.8733588516746411,0.3408804394621505
2956,,after_candidate_limit,,174,6,24,6,11.67,10.5,3,4.5,20,15,0.803877990430622,0.34081694782153615
2957,,after_candidate_limit,,822,32,22,32,12.78,11.5,1.33,3.67,20,3,0.8130827751196172,0.34075777538354
2958,,after_candidate_limit,,615,24,15,24,11.67,7,1.33,2,6,1,0.8515425837320574,0.34071148648452787
2959,,after_candidate_limit,,348,13,23,13,11.67,3.5,3,4.5,20,8,0.8038837320574163,0.34060987711446544
2960,,after_candidate_limit,,349,13,24,13,11.67,3.5,3,4.5,20,15,0.8038837320574163,0.34060987711446544
2961,,after_candidate_limit,,523,20,23,20,11.67,5.25,3,4.5,20,8,0.8038837320574163,0.34060987711446544
2962,,after_candidate_limit,,524,20,24,20,11.67,5.25,3,4.5,20,15,0.8038837320574163,0.34060987711446544
2963,,after_candidate_limit,,698,27,23,27,11.67,7,3,4.5,20,8,0.8038837320574163,0.34060987711446544
2964,,after_candidate_limit,,699,27,24,27,11.67,7,3,4.5,20,15,0.8038837320574163,0.34060987711446544
2965,,after_candidate_limit,,966,38,16,38,12.78,3.83,1.33,2,6,2,0.8530578947368421,0.34039783991775974
2966,,after_candidate_limit,,3022,120,22,120,5,2.25,0.5,1.38,20,3,0.7542842105263158,0.34039522185780713
2967,,after_candidate_limit,,2822,112,22,112,5,1.5,0.5,0.75,20,3,0.7542832535885168,0.3403489683887969
2968,,after_candidate_limit,,1041,41,16,41,12.78,3.83,3,4.5,6,2,0.8561081339712918,0.3403350606680101
2969,,after_candidate_limit,,241,9,16,9,11.67,3.5,0.5,2,6,2,0.8596066985645933,0.34031733470158343
2970,,after_candidate_limit,,149,5,24,5,11.67,10.5,2.17,3.25,20,15,0.8080196172248804,0.34011529038509897
2971,,after_candidate_limit,,3047,121,22,121,5,2.25,0.5,2,20,3,0.7542784688995215,0.3400855714947197
2972,,after_candidate_limit,,4087,163,12,163,9.44,8.5,0.5,2,3,3,0.8817406698564594,0.34006776850146003
2973,,after_candidate_limit,,163,6,13,6,11.67,10.5,3,4.5,3,8,0.8602755980861244,0.34002171423069205
2974,,after_candidate_limit,,337,13,12,13,11.67,3.5,3,4.5,3,3,0.860332057416268,0.3399305919208317
2975,,after_candidate_limit,,2121,84,21,84,15,13.5,0.5,0.75,20,2,0.8696976076555024,0.33973873271643984
2976,,after_candidate_limit,,148,5,23,5,11.67,10.5,2.17,3.25,20,8,0.8052382775119618,0.3396781773416675
2977,,after_candidate_limit,,117,4,17,4,11.67,10.5,1.33,3.67,6,3,0.8511588516746411,0.33967280513241693
2978,,after_candidate_limit,,4037,161,12,161,9.44,8.5,0.5,0.75,3,3,0.8816995215311004,0.3396470159155267
2979,,after_candidate_limit,,3781,151,6,151,9.44,4.25,1.33,3.67,2,2,0.8880425837320575,0.3396436466314451
2980,,after_candidate_limit,,4062,162,12,162,9.44,8.5,0.5,1.38,3,3,0.8817272727272727,0.3395931095478016
2981,,after_candidate_limit,,3756,150,6,150,9.44,4.25,1.33,2,2,2,0.8880406698564594,0.33957444602812686
2982,,after_candidate_limit,,216,8,16,8,11.67,3.5,0.5,1.38,6,2,0.8595961722488038,0.33951012901596933
2983,,after_candidate_limit,,1167,46,17,46,12.78,5.75,1.33,3.67,6,3,0.8530588516746411,0.33936560137957467
2984,,after_candidate_limit,,1217,48,17,48,12.78,5.75,3,4.5,6,3,0.8561052631578947,0.33936056085078437
2985,,after_candidate_limit,,1142,45,17,45,12.78,5.75,1.33,2,6,3,0.8530578947368421,0.33935057043350925
2986,,after_candidate_limit,,3736,149,11,149,9.44,4.25,0.5,2,3,2,0.8816200956937799,0.339338166761383
2987,,after_candidate_limit,,973,38,23,38,12.78,3.83,1.33,2,20,8,0.8182416267942584,0.3393264259366061
2988,,after_candidate_limit,,974,38,24,38,12.78,3.83,1.33,2,20,15,0.8182416267942584,0.3393264259366061
2989,,after_candidate_limit,,998,39,23,39,12.78,3.83,1.33,3.67,20,8,0.8182416267942584,0.3393264259366061
2990,,after_candidate_limit,,999,39,24,39,12.78,3.83,1.33,3.67,20,15,0.8182416267942584,0.3393264259366061
2991,,after_candidate_limit,,1148,45,23,45,12.78,5.75,1.33,2,20,8,0.8182416267942584,0.3393264259366061
2992,,after_candidate_limit,,1149,45,24,45,12.78,5.75,1.33,2,20,15,0.8182416267942584,0.3393264259366061
2993,,after_candidate_limit,,1173,46,23,46,12.78,5.75,1.33,3.67,20,8,0.8182416267942584,0.3393264259366061
2994,,after_candidate_limit,,1174,46,24,46,12.78,5.75,1.33,3.67,20,15,0.8182416267942584,0.3393264259366061
2995,,after_candidate_limit,,1323,52,23,52,12.78,7.67,1.33,2,20,8,0.8182416267942584,0.3393264259366061
2996,,after_candidate_limit,,1324,52,24,52,12.78,7.67,1.33,2,20,15,0.8182416267942584,0.3393264259366061
2997,,after_candidate_limit,,1348,53,23,53,12.78,7.67,1.33,3.67,20,8,0.8182416267942584,0.3393264259366061
2998,,after_candidate_limit,,1349,53,24,53,12.78,7.67,1.33,3.67,20,15,0.8182416267942584,0.3393264259366061
2999,,after_candidate_limit,,3686,147,11,147,9.44,4.25,0.5,0.75,3,2,0.8816191387559809,0.3392640077394803
3000,,after_candidate_limit,,1748,69,23,69,13.89,4.17,3,4.5,20,8,0.8362626794258373,0.3392332954283195
3001,,after_candidate_limit,,1749,69,24,69,13.89,4.17,3,4.5,20,15,0.8362626794258373,0.3392332954283195
3002,,after_candidate_limit,,1923,76,23,76,13.89,6.25,3,4.5,20,8,0.8362626794258373,0.3392332954283195
3003,,after_candidate_limit,,1924,76,24,76,13.89,6.25,3,4.5,20,15,0.8362626794258373,0.3392332954283195
3004,,after_candidate_limit,,2099,83,24,83,13.89,8.33,3,4.5,20,15,0.8362626794258373,0.3392332954283195
3005,,after_candidate_limit,,3711,148,11,148,9.44,4.25,0.5,1.38,3,2,0.8816172248803827,0.33918886908525603
3006,,after_candidate_limit,,2847,113,22,113,5,1.5,0.5,1.38,20,3,0.754266985645933,0.339151245672128
3007,,after_candidate_limit,,865,34,15,34,12.78,11.5,3,4.5,6,1,0.8562794258373205,0.33906548453678603
3008,,after_candidate_limit,,191,7,16,7,11.67,3.5,0.5,0.75,6,2,0.8595923444976077,0.33902811304317937
3009,,after_candidate_limit,,4107,164,7,164,9.44,8.5,1.33,2,2,3,0.888122966507177,0.33901786222855634
3010,,after_candidate_limit,,1574,62,24,62,13.89,12.5,3,4.5,20,15,0.8360846889952153,0.3389484838529669
3011,,after_candidate_limit,,3912,156,12,156,9.44,5.66,0.5,2,3,3,0.8816181818181819,0.3388397304133404
3012,,after_candidate_limit,,3887,155,12,155,9.44,5.66,0.5,1.38,3,3,0.8816143540669856,0.3387155801377832
3013,,after_candidate_limit,,4132,165,7,165,9.44,8.5,1.33,3.67,2,3,0.8881354066985646,0.3387016088444934
3014,,after_candidate_limit,,2823,112,23,112,5,1.5,0.5,0.75,20,8,0.7542622009569377,0.3386967833243371
3015,,after_candidate_limit,,2824,112,24,112,5,1.5,0.5,0.75,20,15,0.7542622009569377,0.3386967833243371
3016,,after_candidate_limit,,2848,113,23,113,5,1.5,0.5,1.38,20,8,0.7542622009569377,0.3386967833243371
3017,,after_candidate_limit,,2849,113,24,113,5,1.5,0.5,1.38,20,15,0.7542622009569377,0.3386967833243371
3018,,after_candidate_limit,,2872,114,22,114,5,1.5,0.5,2,20,3,0.7542622009569377,0.3386967833243371
3019,,after_candidate_limit,,2873,114,23,114,5,1.5,0.5,2,20,8,0.7542622009569377,0.3386967833243371
3020,,after_candidate_limit,,2874,114,24,114,5,1.5,0.5,2,20,15,0.7542622009569377,0.3386967833243371
3021,,after_candidate_limit,,2998,119,23,119,5,2.25,0.5,0.75,20,8,0.7542622009569377,0.3386967833243371
3022,,after_candidate_limit,,2999,119,24,119,5,2.25,0.5,0.75,20,15,0.7542622009569377,0.3386967833243371
3023,,after_candidate_limit,,3023,120,23,120,5,2.25,0.5,1.38,20,8,0.7542622009569377,0.3386967833243371
3024,,after_candidate_limit,,3024,120,24,120,5,2.25,0.5,1.38,20,15,0.7542622009569377,0.3386967833243371
3025,,after_candidate_limit,,3048,121,23,121,5,2.25,0.5,2,20,8,0.7542622009569377,0.3386967833243371
3026,,after_candidate_limit,,3049,121,24,121,5,2.25,0.5,2,20,15,0.7542622009569377,0.3386967833243371
3027,,after_candidate_limit,,3173,126,23,126,5,3,0.5,0.75,20,8,0.7542622009569377,0.3386967833243371
3028,,after_candidate_limit,,3174,126,24,126,5,3,0.5,0.75,20,15,0.7542622009569377,0.3386967833243371
3029,,after_candidate_limit,,3198,127,23,127,5,3,0.5,1.38,20,8,0.7542622009569377,0.3386967833243371
3030,,after_candidate_limit,,3199,127,24,127,5,3,0.5,1.38,20,15,0.7542622009569377,0.3386967833243371
3031,,after_candidate_limit,,3223,128,23,128,5,3,0.5,2,20,8,0.7542622009569377,0.3386967833243371
3032,,after_candidate_limit,,3224,128,24,128,5,3,0.5,2,20,15,0.7542622009569377,0.3386967833243371
3033,,after_candidate_limit,,3348,133,23,133,5,4.5,0.5,0.75,20,8,0.7542622009569377,0.3386967833243371
3034,,after_candidate_limit,,3349,133,24,133,5,4.5,0.5,0.75,20,15,0.7542622009569377,0.3386967833243371
3035,,after_candidate_limit,,3373,134,23,134,5,4.5,0.5,1.38,20,8,0.7542622009569377,0.3386967833243371
3036,,after_candidate_limit,,3374,134,24,134,5,4.5,0.5,1.38,20,15,0.7542622009569377,0.3386967833243371
3037,,after_candidate_limit,,3398,135,23,135,5,4.5,0.5,2,20,8,0.7542622009569377,0.3386967833243371
3038,,after_candidate_limit,,3399,135,24,135,5,4.5,0.5,2,20,15,0.7542622009569377,0.3386967833243371
3039,,after_candidate_limit,,392,15,17,15,11.67,5.25,0.5,1.38,6,3,0.8595904306220096,0.3386724995768253
3040,,after_candidate_limit,,367,14,17,14,11.67,5.25,0.5,0.75,6,3,0.8595894736842106,0.3386585318894814
3041,,after_candidate_limit,,417,16,17,16,11.67,5.25,0.5,2,6,3,0.8595933014354067,0.33862563076872726
3042,,after_candidate_limit,,774,30,24,30,12.78,11.5,0.5,2,20,15,0.8375602870813397,0.3384665438340803
3043,,after_candidate_limit,,3957,158,7,158,9.44,5.66,1.33,3.67,2,3,0.8880291866028708,0.33844696248745915
3044,,after_candidate_limit,,3862,154,12,154,9.44,5.66,0.5,0.75,3,3,0.8816076555023924,0.3383655387002246
3045,,after_candidate_limit,,2147,85,22,85,15,13.5,0.5,1.38,20,3,0.8760382775119617,0.33832278241536784
3046,,after_candidate_limit,,2272,90,22,90,15,13.5,3,4.5,20,3,0.8485799043062201,0.33827409314181783
3047,,after_candidate_limit,,338,13,13,13,11.67,3.5,3,4.5,3,8,0.8603244019138756,0.3382436104812186
3048,,after_candidate_limit,,339,13,14,13,11.67,3.5,3,4.5,3,15,0.8603244019138756,0.3382436104812186
3049,,after_candidate_limit,,513,20,13,20,11.67,5.25,3,4.5,3,8,0.8603244019138756,0.3382436104812186
3050,,after_candidate_limit,,514,20,14,20,11.67,5.25,3,4.5,3,15,0.8603244019138756,0.3382436104812186
3051,,after_candidate_limit,,688,27,13,27,11.67,7,3,4.5,3,8,0.8603244019138756,0.3382436104812186
3052,,after_candidate_limit,,689,27,14,27,11.67,7,3,4.5,3,15,0.8603244019138756,0.3382436104812186
3053,,after_candidate_limit,,3932,157,7,157,9.44,5.66,1.33,2,2,3,0.8880263157894737,0.33817880870857014
3054,,after_candidate_limit,,3511,140,11,140,9.44,2.83,0.5,0.75,3,2,0.8815990430622009,0.3379469123435125
3055,,after_candidate_limit,,3536,141,11,141,9.44,2.83,0.5,1.38,3,2,0.8815961722488038,0.3376604564930967
3056,,after_candidate_limit,,3561,142,11,142,9.44,2.83,0.5,2,3,2,0.8815961722488038,0.3376604564930967
3057,,after_candidate_limit,,92,3,17,3,11.67,10.5,1.33,2,6,3,0.8510755980861244,0.33750714690773276
3058,,after_candidate_limit,,323,12,23,12,11.67,3.5,2.17,3.25,20,8,0.8080215311004785,0.3374955934154021
3059,,after_candidate_limit,,324,12,24,12,11.67,3.5,2.17,3.25,20,15,0.8080215311004785,0.3374955934154021
3060,,after_candidate_limit,,498,19,23,19,11.67,5.25,2.17,3.25,20,8,0.8080215311004785,0.3374955934154021
3061,,after_candidate_limit,,499,19,24,19,11.67,5.25,2.17,3.25,20,15,0.8080215311004785,0.3374955934154021
3062,,after_candidate_limit,,673,26,23,26,11.67,7,2.17,3.25,20,8,0.8080215311004785,0.3374955934154021
3063,,after_candidate_limit,,674,26,24,26,11.67,7,2.17,3.25,20,15,0.8080215311004785,0.3374955934154021
3064,,after_candidate_limit,,3606,144,6,144,9.44,2.83,1.33,3.67,2,2,0.8880081339712919,0.3374096515011409
3065,,after_candidate_limit,,3581,143,6,143,9.44,2.83,1.33,2,2,2,0.8880071770334929,0.3372513415104779
3066,,after_candidate_limit,,815,32,15,32,12.78,11.5,1.33,3.67,6,1,0.8506287081339713,0.3370730945989559
3067,,after_candidate_limit,,68,2,18,2,11.67,10.5,0.5,2,6,8,0.8593703349282297,0.33695949718711393
3068,,after_candidate_limit,,1573,62,23,62,13.89,12.5,3,4.5,20,8,0.8360521531100479,0.3369438971422779
3069,,after_candidate_limit,,141,5,16,5,11.67,10.5,2.17,3.25,6,2,0.8337177033492823,0.3368979203700516
3070,,after_candidate_limit,,1572,62,22,62,13.89,12.5,3,4.5,20,3,0.834133014354067,0.3368916013480721
3071,,after_candidate_limit,,3737,149,12,149,9.44,4.25,0.5,2,3,3,0.8815933014354067,0.3368466181932183
3072,,after_candidate_limit,,797,31,22,31,12.78,11.5,1.33,2,20,3,0.813111004784689,0.3368423008565201
3073,,after_candidate_limit,,3712,148,12,148,9.44,4.25,0.5,1.38,3,3,0.8815913875598086,0.336781174280406
3074,,after_candidate_limit,,3687,147,12,147,9.44,4.25,0.5,0.75,3,3,0.8815904306220096,0.3367363024855342
3075,,after_candidate_limit,,1042,41,17,41,12.78,3.83,3,4.5,6,3,0.8560602870813397,0.3363912025347814
3076,,after_candidate_limit,,992,39,17,39,12.78,3.83,1.33,3.67,6,3,0.8530110047846889,0.33619353281199
3077,,after_candidate_limit,,3757,150,7,150,9.44,4.25,1.33,2,2,3,0.8879976076555024,0.3361760791764091
3078,,after_candidate_limit,,3782,151,7,151,9.44,4.25,1.33,3.67,2,3,0.8879976076555024,0.3361760791764091
3079,,after_candidate_limit,,818,32,18,32,12.78,11.5,1.33,3.67,6,8,0.8528311004784689,0.33596563147678
3080,,after_candidate_limit,,844,33,19,33,12.78,11.5,2.17,3.25,6,15,0.8731435406698564,0.33587774302049905
3081,,after_candidate_limit,,43,1,18,1,11.67,10.5,0.5,1.38,6,8,0.8593444976076555,0.3358764901541924
3082,,after_candidate_limit,,793,31,18,31,12.78,11.5,1.33,2,6,8,0.8528406698564593,0.33583515570475914
3083,,after_candidate_limit,,967,38,17,38,12.78,3.83,1.33,2,6,3,0.8530081339712918,0.3357189711417761
3084,,after_candidate_limit,,3980,159,5,159,9.44,5.66,2.17,3.25,2,1,0.8628665071770335,0.33564204230763955
3085,,after_candidate_limit,,242,9,17,9,11.67,3.5,0.5,2,6,3,0.8595617224880383,0.335378953066043
3086,,after_candidate_limit,,192,7,17,7,11.67,3.5,0.5,0.75,6,3,0.8595607655502392,0.33535297904006894
3087,,after_candidate_limit,,18,0,18,0,11.67,10.5,0.5,0.75,6,8,0.8593751196172249,0.3353066013477063
3088,,after_candidate_limit,,140,5,15,5,11.67,10.5,2.17,3.25,6,1,0.8312736842105263,0.33530163216666337
3089,,after_candidate_limit,,217,8,17,8,11.67,3.5,0.5,1.38,6,3,0.8595607655502392,0.33524561973270967
3090,,after_candidate_limit,,4180,167,5,167,9.44,8.5,3,4.5,2,1,0.8449157894736842,0.3352304539475207
3091,,after_candidate_limit,,3607,144,7,144,9.44,2.83,1.33,3.67,2,3,0.8879928229665072,0.3352093478685014
3092,,after_candidate_limit,,4088,163,13,163,9.44,8.5,0.5,2,3,8,0.8815827751196172,0.335090539275811
3093,,after_candidate_limit,,3512,140,12,140,9.44,2.83,0.5,0.75,3,3,0.8815818181818181,0.3348784180636898
3094,,after_candidate_limit,,4063,162,13,162,9.44,8.5,0.5,1.38,3,8,0.8815818181818181,0.3348784180636898
3095,,after_candidate_limit,,164,6,14,6,11.67,10.5,3,4.5,3,15,0.8602382775119617,0.33486610854954557
3096,,after_candidate_limit,,3537,141,12,141,9.44,2.83,0.5,1.38,3,3,0.8815808612440191,0.3348476703348288
3097,,after_candidate_limit,,3562,142,12,142,9.44,2.83,0.5,2,3,3,0.8815808612440191,0.3348476703348288
3098,,after_candidate_limit,,3582,143,7,143,9.44,2.83,1.33,2,2,3,0.8879918660287082,0.3347331573923109
3099,,after_candidate_limit,,868,34,18,34,12.78,11.5,3,4.5,6,8,0.8558803827751196,0.3346784956522608
3100,,after_candidate_limit,,3513,140,13,140,9.44,2.83,0.5,0.75,3,8,0.881578947368421,0.3345348498220083
3101,,after_candidate_limit,,3514,140,14,140,9.44,2.83,0.5,0.75,3,15,0.881578947368421,0.3345348498220083
3102,,after_candidate_limit,,3538,141,13,141,9.44,2.83,0.5,1.38,3,8,0.881578947368421,0.3345348498220083
3103,,after_candidate_limit,,3539,141,14,141,9.44,2.83,0.5,1.38,3,15,0.881578947368421,0.3345348498220083
3104,,after_candidate_limit,,3563,142,13,142,9.44,2.83,0.5,2,3,8,0.881578947368421,0.3345348498220083
3105,,after_candidate_limit,,3564,142,14,142,9.44,2.83,0.5,2,3,15,0.881578947368421,0.3345348498220083
3106,,after_candidate_limit,,3688,147,13,147,9.44,4.25,0.5,0.75,3,8,0.881578947368421,0.3345348498220083
3107,,after_candidate_limit,,3689,147,14,147,9.44,4.25,0.5,0.75,3,15,0.881578947368421,0.3345348498220083
3108,,after_candidate_limit,,3713,148,13,148,9.44,4.25,0.5,1.38,3,8,0.881578947368421,0.3345348498220083
3109,,after_candidate_limit,,3714,148,14,148,9.44,4.25,0.5,1.38,3,15,0.881578947368421,0.3345348498220083
3110,,after_candidate_limit,,3738,149,13,149,9.44,4.25,0.5,2,3,8,0.881578947368421,0.3345348498220083
3111,,after_candidate_limit,,3739,149,14,149,9.44,4.25,0.5,2,3,15,0.881578947368421,0.3345348498220083
3112,,after_candidate_limit,,3863,154,13,154,9.44,5.66,0.5,0.75,3,8,0.881578947368421,0.3345348498220083
3113,,after_candidate_limit,,3864,154,14,154,9.44,5.66,0.5,0.75,3,15,0.881578947368421,0.3345348498220083
3114,,after_candidate_limit,,3888,155,13,155,9.44,5.66,0.5,1.38,3,8,0.881578947368421,0.3345348498220083
3115,,after_candidate_limit,,3889,155,14,155,9.44,5.66,0.5,1.38,3,15,0.881578947368421,0.3345348498220083
3116,,after_candidate_limit,,3913,156,13,156,9.44,5.66,0.5,2,3,8,0.881578947368421,0.3345348498220083
3117,,after_candidate_limit,,3914,156,14,156,9.44,5.66,0.5,2,3,15,0.881578947368421,0.3345348498220083
3118,,after_candidate_limit,,4039,161,14,161,9.44,8.5,0.5,0.75,3,15,0.881578947368421,0.3345348498220083
3119,,after_candidate_limit,,4064,162,14,162,9.44,8.5,0.5,1.38,3,15,0.881578947368421,0.3345348498220083
3120,,after_candidate_limit,,4089,163,14,163,9.44,8.5,0.5,2,3,15,0.881578947368421,0.3345348498220083
3121,,after_candidate_limit,,1570,62,20,62,13.89,12.5,3,4.5,20,1,0.801400956937799,0.33434602917659295
3122,,after_candidate_limit,,4038,161,13,161,9.44,8.5,0.5,0.75,3,8,0.8815818181818181,0.33432845806561656
3123,,after_candidate_limit,,665,26,15,26,11.67,7,2.17,3.25,6,1,0.8338224880382775,0.3342455113064821
3124,,after_candidate_limit,,4108,164,8,164,9.44,8.5,1.33,2,2,8,0.887990909090909,0.3341998240589776
3125,,after_candidate_limit,,4133,165,8,165,9.44,8.5,1.33,3.67,2,8,0.887990909090909,0.3341998240589776
3126,,after_candidate_limit,,2271,90,21,90,15,13.5,3,4.5,20,2,0.8401655502392344,0.3341126062791769
3127,,after_candidate_limit,,3583,143,8,143,9.44,2.83,1.33,2,2,8,0.887988995215311,0.3340570501662037
3128,,after_candidate_limit,,3584,143,9,143,9.44,2.83,1.33,2,2,15,0.887988995215311,0.3340570501662037
3129,,after_candidate_limit,,3608,144,8,144,9.44,2.83,1.33,3.67,2,8,0.887988995215311,0.3340570501662037
3130,,after_candidate_limit,,3609,144,9,144,9.44,2.83,1.33,3.67,2,15,0.887988995215311,0.3340570501662037
3131,,after_candidate_limit,,3758,150,8,150,9.44,4.25,1.33,2,2,8,0.887988995215311,0.3340570501662037
3132,,after_candidate_limit,,3759,150,9,150,9.44,4.25,1.33,2,2,15,0.887988995215311,0.3340570501662037
3133,,after_candidate_limit,,3783,151,8,151,9.44,4.25,1.33,3.67,2,8,0.887988995215311,0.3340570501662037
3134,,after_candidate_limit,,3784,151,9,151,9.44,4.25,1.33,3.67,2,15,0.887988995215311,0.3340570501662037
3135,,after_candidate_limit,,3933,157,8,157,9.44,5.66,1.33,2,2,8,0.887988995215311,0.3340570501662037
3136,,after_candidate_limit,,3934,157,9,157,9.44,5.66,1.33,2,2,15,0.887988995215311,0.3340570501662037
3137,,after_candidate_limit,,3958,158,8,158,9.44,5.66,1.33,3.67,2,8,0.887988995215311,0.3340570501662037
3138,,after_candidate_limit,,3959,158,9,158,9.44,5.66,1.33,3.67,2,15,0.887988995215311,0.3340570501662037
3139,,after_candidate_limit,,4109,164,9,164,9.44,8.5,1.33,2,2,15,0.887988995215311,0.3340570501662037
3140,,after_candidate_limit,,4134,165,9,165,9.44,8.5,1.33,3.67,2,15,0.887988995215311,0.3340570501662037
3141,,after_candidate_limit,,2172,86,22,86,15,13.5,0.5,2,20,3,0.8726047846889952,0.33400342598141997
3142,,after_candidate_limit,,1043,41,18,41,12.78,3.83,3,4.5,6,8,0.8560468899521531,0.3339817170000502
3143,,after_candidate_limit,,1044,41,19,41,12.78,3.83,3,4.5,6,15,0.8560468899521531,0.3339817170000502
3144,,after_candidate_limit,,1218,48,18,48,12.78,5.75,3,4.5,6,8,0.8560468899521531,0.3339817170000502
3145,,after_candidate_limit,,1219,48,19,48,12.78,5.75,3,4.5,6,15,0.8560468899521531,0.3339817170000502
3146,,after_candidate_limit,,1393,55,18,55,12.78,7.67,3,4.5,6,8,0.8560468899521531,0.3339817170000502
3147,,after_candidate_limit,,1394,55,19,55,12.78,7.67,3,4.5,6,15,0.8560468899521531,0.3339817170000502
3148,,after_candidate_limit,,193,7,18,7,11.67,3.5,0.5,0.75,6,8,0.859555023923445,0.3339790808364494
3149,,after_candidate_limit,,194,7,19,7,11.67,3.5,0.5,0.75,6,15,0.859555023923445,0.3339790808364494
3150,,after_candidate_limit,,218,8,18,8,11.67,3.5,0.5,1.38,6,8,0.859555023923445,0.3339790808364494
3151,,after_candidate_limit,,219,8,19,8,11.67,3.5,0.5,1.38,6,15,0.859555023923445,0.3339790808364494
3152,,after_candidate_limit,,243,9,18,9,11.67,3.5,0.5,2,6,8,0.859555023923445,0.3339790808364494
3153,,after_candidate_limit,,244,9,19,9,11.67,3.5,0.5,2,6,15,0.859555023923445,0.3339790808364494
3154,,after_candidate_limit,,368,14,18,14,11.67,5.25,0.5,0.75,6,8,0.859555023923445,0.3339790808364494
3155,,after_candidate_limit,,369,14,19,14,11.67,5.25,0.5,0.75,6,15,0.859555023923445,0.3339790808364494
3156,,after_candidate_limit,,393,15,18,15,11.67,5.25,0.5,1.38,6,8,0.859555023923445,0.3339790808364494
3157,,after_candidate_limit,,394,15,19,15,11.67,5.25,0.5,1.38,6,15,0.859555023923445,0.3339790808364494
3158,,after_candidate_limit,,418,16,18,16,11.67,5.25,0.5,2,6,8,0.859555023923445,0.3339790808364494
3159,,after_candidate_limit,,419,16,19,16,11.67,5.25,0.5,2,6,15,0.859555023923445,0.3339790808364494
3160,,after_candidate_limit,,543,21,18,21,11.67,7,0.5,0.75,6,8,0.859555023923445,0.3339790808364494
3161,,after_candidate_limit,,544,21,19,21,11.67,7,0.5,0.75,6,15,0.859555023923445,0.3339790808364494
3162,,after_candidate_limit,,568,22,18,22,11.67,7,0.5,1.38,6,8,0.859555023923445,0.3339790808364494
3163,,after_candidate_limit,,569,22,19,22,11.67,7,0.5,1.38,6,15,0.859555023923445,0.3339790808364494
3164,,after_candidate_limit,,593,23,18,23,11.67,7,0.5,2,6,8,0.859555023923445,0.3339790808364494
3165,,after_candidate_limit,,594,23,19,23,11.67,7,0.5,2,6,15,0.859555023923445,0.3339790808364494
3166,,after_candidate_limit,,968,38,18,38,12.78,3.83,1.33,2,6,8,0.8529985645933015,0.33383701622019274
3167,,after_candidate_limit,,969,38,19,38,12.78,3.83,1.33,2,6,15,0.8529985645933015,0.33383701622019274
3168,,after_candidate_limit,,993,39,18,39,12.78,3.83,1.33,3.67,6,8,0.8529985645933015,0.33383701622019274
3169,,after_candidate_limit,,994,39,19,39,12.78,3.83,1.33,3.67,6,15,0.8529985645933015,0.33383701622019274
3170,,after_candidate_limit,,1143,45,18,45,12.78,5.75,1.33,2,6,8,0.8529985645933015,0.33383701622019274
3171,,after_candidate_limit,,1144,45,19,45,12.78,5.75,1.33,2,6,15,0.8529985645933015,0.33383701622019274
3172,,after_candidate_limit,,1168,46,18,46,12.78,5.75,1.33,3.67,6,8,0.8529985645933015,0.33383701622019274
3173,,after_candidate_limit,,1169,46,19,46,12.78,5.75,1.33,3.67,6,15,0.8529985645933015,0.33383701622019274
3174,,after_candidate_limit,,1318,52,18,52,12.78,7.67,1.33,2,6,8,0.8529985645933015,0.33383701622019274
3175,,after_candidate_limit,,1319,52,19,52,12.78,7.67,1.33,2,6,15,0.8529985645933015,0.33383701622019274
3176,,after_candidate_limit,,1343,53,18,53,12.78,7.67,1.33,3.67,6,8,0.8529985645933015,0.33383701622019274
3177,,after_candidate_limit,,1344,53,19,53,12.78,7.67,1.33,3.67,6,15,0.8529985645933015,0.33383701622019274
3178,,after_candidate_limit,,2120,84,20,84,15,13.5,0.5,0.75,20,1,0.8535971291866029,0.3338310826152735
3179,,after_candidate_limit,,799,31,24,31,12.78,11.5,1.33,2,20,15,0.8152808612440191,0.3337273354237465
3180,,after_candidate_limit,,440,17,15,17,11.67,5.25,1.33,2,6,1,0.8510535885167464,0.33310830796122554
3181,,after_candidate_limit,,824,32,24,32,12.78,11.5,1.33,3.67,20,15,0.8152799043062201,0.33301967780090824
3182,,after_candidate_limit,,2270,90,20,90,15,13.5,3,4.5,20,1,0.8127349282296651,0.3322863292390472
3183,,after_candidate_limit,,465,18,15,18,11.67,5.25,1.33,3.67,6,1,0.8510593301435406,0.3319145546913623
3184,,after_candidate_limit,,798,31,23,31,12.78,11.5,1.33,2,20,8,0.8152722488038278,0.3316643816905008
3185,,after_candidate_limit,,19,0,19,0,11.67,10.5,0.5,0.75,6,15,0.8595224880382775,0.3315508944663371
3186,,after_candidate_limit,,44,1,19,1,11.67,10.5,0.5,1.38,6,15,0.8595177033492823,0.33142891463826196
3187,,after_candidate_limit,,823,32,23,32,12.78,11.5,1.33,3.67,20,8,0.8152655502392344,0.331405492178445
3188,,after_candidate_limit,,69,2,19,2,11.67,10.5,0.5,2,6,15,0.8595157894736842,0.3313839076059132
3189,,after_candidate_limit,,4040,161,15,161,9.44,8.5,0.5,0.75,6,1,0.8360224880382775,0.33045412381409706
3190,,after_candidate_limit,,616,24,16,24,11.67,7,1.33,2,6,2,0.850955980861244,0.33034358309742745
3191,,after_candidate_limit,,166,6,16,6,11.67,10.5,3,4.5,6,2,0.8185645933014354,0.3302934168781644
3192,,after_candidate_limit,,142,5,17,5,11.67,10.5,2.17,3.25,6,3,0.8334057416267943,0.3300507085908666
3193,,after_candidate_limit,,641,25,16,25,11.67,7,1.33,3.67,6,2,0.8509454545454546,0.3296324881662292
3194,,after_candidate_limit,,869,34,19,34,12.78,11.5,3,4.5,6,15,0.8558354066985646,0.3290675318547087
3195,,after_candidate_limit,,1571,62,21,62,13.89,12.5,3,4.5,20,2,0.8156851674641148,0.3290366394039205
3196,,after_candidate_limit,,794,31,19,31,12.78,11.5,1.33,2,6,15,0.8527832535885167,0.3290100801869905
3197,,after_candidate_limit,,819,32,19,32,12.78,11.5,1.33,3.67,6,15,0.8527803827751196,0.3289752874363473
3198,,after_candidate_limit,,165,6,15,6,11.67,10.5,3,4.5,6,1,0.8162708133971291,0.3285899320482833
3199,,after_candidate_limit,,2146,85,21,85,15,13.5,0.5,1.38,20,2,0.8660722488038277,0.3285456056733177
3200,,after_candidate_limit,,3805,152,5,152,9.44,4.25,2.17,3.25,2,1,0.8626760765550239,0.32839857993826627
3201,,after_candidate_limit,,290,11,15,11,11.67,3.5,1.33,3.67,6,1,0.8509253588516746,0.3279938030225959
3202,,after_candidate_limit,,265,10,15,10,11.67,3.5,1.33,2,6,1,0.8509215311004785,0.3279102257987068
3203,,after_candidate_limit,,4065,162,15,162,9.44,8.5,0.5,1.38,6,1,0.83598995215311,0.3278368123800512
3204,,after_candidate_limit,,4156,166,6,166,9.44,8.5,2.17,3.25,2,2,0.8627334928229665,0.3276055935645776
3205,,after_candidate_limit,,3865,154,15,154,9.44,5.66,0.5,0.75,6,1,0.8356047846889952,0.32756866457599687
3206,,after_candidate_limit,,4195,167,20,167,9.44,8.5,3,4.5,20,1,0.723977990430622,0.32754832534212114
3207,,after_candidate_limit,,617,24,17,24,11.67,7,1.33,2,6,3,0.8508746411483253,0.32735110913476656
3208,,after_candidate_limit,,466,18,16,18,11.67,5.25,1.33,3.67,6,2,0.85088995215311,0.3270056989438294
3209,,after_candidate_limit,,441,17,16,17,11.67,5.25,1.33,2,6,2,0.85088995215311,0.32695789186681634
3210,,after_candidate_limit,,4041,161,16,161,9.44,8.5,0.5,0.75,6,2,0.835557894736842,0.32695039161122447
3211,,after_candidate_limit,,3325,133,0,133,5,4.5,0.5,0.75,1,1,0.9273741626794259,0.32673114803281705
3212,,after_candidate_limit,,642,25,17,25,11.67,7,1.33,3.67,6,3,0.8508708133971292,0.32662711456319743
3213,,after_candidate_limit,,690,27,15,27,11.67,7,3,4.5,6,1,0.8186311004784689,0.32645826456241295
3214,,after_candidate_limit,,4090,163,15,163,9.44,8.5,0.5,2,6,1,0.8357717703349282,0.326281500666749
3215,,after_candidate_limit,,3350,134,0,134,5,4.5,0.5,1.38,1,1,0.9273712918660287,0.32596284904772677
3216,,after_candidate_limit,,291,11,16,11,11.67,3.5,1.33,3.67,6,2,0.8508564593301435,0.32571560511993825
3217,,after_candidate_limit,,4005,160,5,160,9.44,5.66,3,4.5,2,1,0.8445885167464114,0.3257145089593377
3218,,after_candidate_limit,,3890,155,15,155,9.44,5.66,0.5,1.38,6,1,0.8356095693779905,0.3256468418658736
3219,,after_candidate_limit,,266,10,16,10,11.67,3.5,1.33,2,6,2,0.8508526315789474,0.32555272632373217
3220,,after_candidate_limit,,3375,135,0,135,5,4.5,0.5,2,1,1,0.9273703349282296,0.32546289844083165
3221,,after_candidate_limit,,2171,86,21,86,15,13.5,0.5,2,20,2,0.8656186602870813,0.32518004181251553
3222,,after_candidate_limit,,490,19,15,19,11.67,5.25,2.17,3.25,6,1,0.8333655502392344,0.3247220925659418
3223,,after_candidate_limit,,442,17,17,17,11.67,5.25,1.33,2,6,3,0.850844019138756,0.32463578063344556
3224,,after_candidate_limit,,3630,145,5,145,9.44,2.83,2.17,3.25,2,1,0.8625755980861244,0.32463068473268447
3225,,after_candidate_limit,,467,18,17,18,11.67,5.25,1.33,3.67,6,3,0.8508459330143541,0.3245020494511905
3226,,after_candidate_limit,,3150,126,0,126,5,3,0.5,0.75,1,1,0.9272784688995215,0.32447194706170013
3227,,after_candidate_limit,,3915,156,15,156,9.44,5.66,0.5,2,6,1,0.8356133971291866,0.32432771391071796
3228,,after_candidate_limit,,3981,159,6,159,9.44,5.66,2.17,3.25,2,2,0.8625736842105263,0.32385908891407467
3229,,after_candidate_limit,,3200,128,0,128,5,3,0.5,2,1,1,0.9272736842105264,0.32375338716081437
3230,,after_candidate_limit,,3175,127,0,127,5,3,0.5,1.38,1,1,0.927267942583732,0.3237140003434019
3231,,after_candidate_limit,,2975,119,0,119,5,2.25,0.5,0.75,1,1,0.927244019138756,0.32345224380614557
3232,,after_candidate_limit,,3326,133,1,133,5,4.5,0.5,0.75,1,2,0.9272133971291866,0.3232137528840903
3233,,after_candidate_limit,,3995,159,20,159,9.44,5.66,2.17,3.25,20,1,0.7441205741626794,0.3231454532636226
3234,,after_candidate_limit,,2800,112,0,112,5,1.5,0.5,0.75,1,1,0.9272248803827752,0.3231290876468318
3235,,after_candidate_limit,,292,11,17,11,11.67,3.5,1.33,3.67,6,3,0.8508277511961723,0.32305432333634804
3236,,after_candidate_limit,,3025,121,0,121,5,2.25,0.5,2,1,1,0.9272306220095694,0.3230228639674777
3237,,after_candidate_limit,,3000,120,0,120,5,2.25,0.5,1.38,1,1,0.9272248803827752,0.32295332407650623
3238,,after_candidate_limit,,2145,85,20,85,15,13.5,0.5,1.38,20,1,0.846866028708134,0.32291422103686873
3239,,after_candidate_limit,,4066,162,16,162,9.44,8.5,0.5,1.38,6,2,0.8355521531100478,0.32288701351899685
3240,,after_candidate_limit,,3376,135,1,135,5,4.5,0.5,2,1,2,0.9272124401913876,0.32282287615779204
3241,,after_candidate_limit,,3351,134,1,134,5,4.5,0.5,1.38,1,2,0.9272095693779905,0.32277290684213444
3242,,after_candidate_limit,,2825,113,0,113,5,1.5,0.5,1.38,1,1,0.9272105263157895,0.32267777406928766
3243,,after_candidate_limit,,2850,114,0,114,5,1.5,0.5,2,1,1,0.9272066985645933,0.32255459947692877
3244,,after_candidate_limit,,3327,133,2,133,5,4.5,0.5,0.75,1,3,0.9271923444976077,0.3225047930279572
3245,,after_candidate_limit,,3806,152,6,152,9.44,4.25,2.17,3.25,2,2,0.862521052631579,0.32248909399487835
3246,,after_candidate_limit,,3151,126,1,126,5,3,0.5,0.75,1,2,0.9271942583732058,0.32248607825683967
3247,,after_candidate_limit,,666,26,16,26,11.67,7,2.17,3.25,6,2,0.8332516746411484,0.32247724635879443
3248,,after_candidate_limit,,3176,127,1,127,5,3,0.5,1.38,1,2,0.9271933014354067,0.32247431669575977
3249,,after_candidate_limit,,3201,128,1,128,5,3,0.5,2,1,2,0.9271933014354067,0.32247431669575977
3250,,after_candidate_limit,,167,6,17,6,11.67,10.5,3,4.5,6,3,0.818266985645933,0.322424463841531
3251,,after_candidate_limit,,3690,147,15,147,9.44,4.25,0.5,0.75,6,1,0.8354421052631579,0.32239268700409185
3252,,after_candidate_limit,,2976,119,1,119,5,2.25,0.5,0.75,1,2,0.9271913875598086,0.3223840525667063
3253,,after_candidate_limit,,4170,166,20,166,9.44,8.5,2.17,3.25,20,1,0.7368641148325359,0.3223571700200134
3254,,after_candidate_limit,,3352,134,2,134,5,4.5,0.5,1.38,1,3,0.9271913875598086,0.32232297484613903
3255,,after_candidate_limit,,3377,135,2,135,5,4.5,0.5,2,1,3,0.9271904306220096,0.32222940759467705
3256,,after_candidate_limit,,267,10,17,10,11.67,3.5,1.33,2,6,3,0.850822966507177,0.32215746823066943
3257,,after_candidate_limit,,2801,112,1,112,5,1.5,0.5,0.75,1,2,0.9271875598086124,0.3220941216788807
3258,,after_candidate_limit,,3001,120,1,120,5,2.25,0.5,1.38,1,2,0.9271875598086124,0.3220941216788807
3259,,after_candidate_limit,,3026,121,1,121,5,2.25,0.5,2,1,2,0.9271856459330143,0.32196341992449473
3260,,after_candidate_limit,,118,4,18,4,11.67,10.5,1.33,3.67,6,8,0.8507205741626794,0.32181614854676444
3261,,after_candidate_limit,,4157,166,7,166,9.44,8.5,2.17,3.25,2,3,0.8626052631578948,0.3217026002522935
3262,,after_candidate_limit,,3152,126,2,126,5,3,0.5,0.75,1,3,0.9271818181818182,0.3215372180561876
3263,,after_candidate_limit,,2826,113,1,113,5,1.5,0.5,1.38,1,2,0.9271808612440191,0.3214857920312322
3264,,after_candidate_limit,,2851,114,1,114,5,1.5,0.5,2,1,2,0.9271808612440191,0.3214857920312322
3265,,after_candidate_limit,,268,10,18,10,11.67,3.5,1.33,2,6,8,0.8508200956937799,0.32144598363683186
3266,,after_candidate_limit,,269,10,19,10,11.67,3.5,1.33,2,6,15,0.8508200956937799,0.32144598363683186
3267,,after_candidate_limit,,293,11,18,11,11.67,3.5,1.33,3.67,6,8,0.8508200956937799,0.32144598363683186
3268,,after_candidate_limit,,294,11,19,11,11.67,3.5,1.33,3.67,6,15,0.8508200956937799,0.32144598363683186
3269,,after_candidate_limit,,443,17,18,17,11.67,5.25,1.33,2,6,8,0.8508200956937799,0.32144598363683186
3270,,after_candidate_limit,,444,17,19,17,11.67,5.25,1.33,2,6,15,0.8508200956937799,0.32144598363683186
3271,,after_candidate_limit,,468,18,18,18,11.67,5.25,1.33,3.67,6,8,0.8508200956937799,0.32144598363683186
3272,,after_candidate_limit,,469,18,19,18,11.67,5.25,1.33,3.67,6,15,0.8508200956937799,0.32144598363683186
3273,,after_candidate_limit,,618,24,18,24,11.67,7,1.33,2,6,8,0.8508200956937799,0.32144598363683186
3274,,after_candidate_limit,,619,24,19,24,11.67,7,1.33,2,6,15,0.8508200956937799,0.32144598363683186
3275,,after_candidate_limit,,643,25,18,25,11.67,7,1.33,3.67,6,8,0.8508200956937799,0.32144598363683186
3276,,after_candidate_limit,,644,25,19,25,11.67,7,1.33,3.67,6,15,0.8508200956937799,0.32144598363683186
3277,,after_candidate_limit,,2977,119,2,119,5,2.25,0.5,0.75,1,3,0.9271799043062201,0.321334276879717
3278,,after_candidate_limit,,3177,127,2,127,5,3,0.5,1.38,1,3,0.9271799043062201,0.321334276879717
3279,,after_candidate_limit,,3202,128,2,128,5,3,0.5,2,1,3,0.9271799043062201,0.321334276879717
3280,,after_candidate_limit,,4091,163,16,163,9.44,8.5,0.5,2,6,2,0.8355511961722488,0.321265121374466
3281,,after_candidate_limit,,2802,112,2,112,5,1.5,0.5,0.75,1,3,0.9271789473684211,0.3210485625940027
3282,,after_candidate_limit,,3002,120,2,120,5,2.25,0.5,1.38,1,3,0.9271789473684211,0.3210485625940027
3283,,after_candidate_limit,,3027,121,2,121,5,2.25,0.5,2,1,3,0.9271789473684211,0.3210485625940027
3284,,after_candidate_limit,,4042,161,17,161,9.44,8.5,0.5,0.75,6,3,0.8354076555023924,0.32100869477682703
3285,,after_candidate_limit,,315,12,15,12,11.67,3.5,2.17,3.25,6,1,0.8332574162679426,0.3209822277932226
3286,,after_candidate_limit,,2803,112,3,112,5,1.5,0.5,0.75,1,8,0.927177990430622,0.32097929852473867
3287,,after_candidate_limit,,2804,112,4,112,5,1.5,0.5,0.75,1,15,0.927177990430622,0.32097929852473867
3288,,after_candidate_limit,,2827,113,2,113,5,1.5,0.5,1.38,1,3,0.927177990430622,0.32097929852473867
3289,,after_candidate_limit,,2828,113,3,113,5,1.5,0.5,1.38,1,8,0.927177990430622,0.32097929852473867
3290,,after_candidate_limit,,2829,113,4,113,5,1.5,0.5,1.38,1,15,0.927177990430622,0.32097929852473867
3291,,after_candidate_limit,,2852,114,2,114,5,1.5,0.5,2,1,3,0.927177990430622,0.32097929852473867
3292,,after_candidate_limit,,2853,114,3,114,5,1.5,0.5,2,1,8,0.927177990430622,0.32097929852473867
3293,,after_candidate_limit,,2854,114,4,114,5,1.5,0.5,2,1,15,0.927177990430622,0.32097929852473867
3294,,after_candidate_limit,,2978,119,3,119,5,2.25,0.5,0.75,1,8,0.927177990430622,0.32097929852473867
3295,,after_candidate_limit,,2979,119,4,119,5,2.25,0.5,0.75,1,15,0.927177990430622,0.32097929852473867
3296,,after_candidate_limit,,3003,120,3,120,5,2.25,0.5,1.38,1,8,0.927177990430622,0.32097929852473867
3297,,after_candidate_limit,,3004,120,4,120,5,2.25,0.5,1.38,1,15,0.927177990430622,0.32097929852473867
3298,,after_candidate_limit,,3028,121,3,121,5,2.25,0.5,2,1,8,0.927177990430622,0.32097929852473867
3299,,after_candidate_limit,,3029,121,4,121,5,2.25,0.5,2,1,15,0.927177990430622,0.32097929852473867
3300,,after_candidate_limit,,3153,126,3,126,5,3,0.5,0.75,1,8,0.927177990430622,0.32097929852473867
3301,,after_candidate_limit,,3154,126,4,126,5,3,0.5,0.75,1,15,0.927177990430622,0.32097929852473867
3302,,after_candidate_limit,,3178,127,3,127,5,3,0.5,1.38,1,8,0.927177990430622,0.32097929852473867
3303,,after_candidate_limit,,3179,127,4,127,5,3,0.5,1.38,1,15,0.927177990430622,0.32097929852473867
3304,,after_candidate_limit,,3203,128,3,128,5,3,0.5,2,1,8,0.927177990430622,0.32097929852473867
3305,,after_candidate_limit,,3204,128,4,128,5,3,0.5,2,1,15,0.927177990430622,0.32097929852473867
3306,,after_candidate_limit,,3328,133,3,133,5,4.5,0.5,0.75,1,8,0.927177990430622,0.32097929852473867
3307,,after_candidate_limit,,3329,133,4,133,5,4.5,0.5,0.75,1,15,0.927177990430622,0.32097929852473867
3308,,after_candidate_limit,,3353,134,3,134,5,4.5,0.5,1.38,1,8,0.927177990430622,0.32097929852473867
3309,,after_candidate_limit,,3354,134,4,134,5,4.5,0.5,1.38,1,15,0.927177990430622,0.32097929852473867
3310,,after_candidate_limit,,3378,135,3,135,5,4.5,0.5,2,1,8,0.927177990430622,0.32097929852473867
3311,,after_candidate_limit,,3379,135,4,135,5,4.5,0.5,2,1,15,0.927177990430622,0.32097929852473867
3312,,after_candidate_limit,,93,3,18,3,11.67,10.5,1.33,2,6,8,0.8507052631578947,0.32065607374417876
3313,,after_candidate_limit,,4067,162,17,162,9.44,8.5,0.5,1.38,6,3,0.8354172248803827,0.3205624197327908
3314,,after_candidate_limit,,3866,154,16,154,9.44,5.66,0.5,0.75,6,2,0.8353856459330143,0.32029741571844045
3315,,after_candidate_limit,,3982,159,7,159,9.44,5.66,2.17,3.25,2,3,0.8624990430622009,0.3202853316684065
3316,,after_candidate_limit,,3891,155,16,155,9.44,5.66,0.5,1.38,6,2,0.8353866028708133,0.32013804406854474
3317,,after_candidate_limit,,3916,156,16,156,9.44,5.66,0.5,2,6,2,0.8353866028708133,0.32013804406854474
3318,,after_candidate_limit,,491,19,16,19,11.67,5.25,2.17,3.25,6,2,0.8331990430622009,0.31993600036686765
3319,,after_candidate_limit,,4092,163,17,163,9.44,8.5,0.5,2,6,3,0.835421052631579,0.3198431518590613
3320,,after_candidate_limit,,3830,153,5,153,9.44,4.25,3,4.5,2,1,0.8443942583732057,0.31972244742514133
3321,,after_candidate_limit,,3715,148,15,148,9.44,4.25,0.5,1.38,6,1,0.8354267942583732,0.31953414729301793
3322,,after_candidate_limit,,667,26,17,26,11.67,7,2.17,3.25,6,3,0.833177990430622,0.3194876303720039
3323,,after_candidate_limit,,3820,152,20,152,9.44,4.25,2.17,3.25,20,1,0.743877033492823,0.31933684597676176
3324,,after_candidate_limit,,3631,145,6,145,9.44,2.83,2.17,3.25,2,2,0.862478947368421,0.31933310411406274
3325,,after_candidate_limit,,3740,149,15,149,9.44,4.25,0.5,2,6,1,0.8354296650717703,0.31932563711744405
3326,,after_candidate_limit,,2170,86,20,86,15,13.5,0.5,2,20,1,0.8435741626794259,0.31909476242398677
3327,,after_candidate_limit,,3996,159,21,159,9.44,5.66,2.17,3.25,20,2,0.7438368421052631,0.3189583310848988
3328,,after_candidate_limit,,3645,145,20,145,9.44,2.83,2.17,3.25,20,1,0.743833014354067,0.3189453533992865
3329,,after_candidate_limit,,94,3,19,3,11.67,10.5,1.33,2,6,15,0.8507894736842105,0.3188769389179778
3330,,after_candidate_limit,,119,4,19,4,11.67,10.5,1.33,3.67,6,15,0.8507846889952153,0.3187517834010096
3331,,after_candidate_limit,,3515,140,15,140,9.44,2.83,0.5,0.75,6,1,0.8353913875598086,0.318645572275008
3332,,after_candidate_limit,,3821,152,21,152,9.44,4.25,2.17,3.25,20,2,0.7438119617224881,0.31863016837571745
3333,,after_candidate_limit,,316,12,16,12,11.67,3.5,2.17,3.25,6,2,0.8331607655502392,0.3185423489832365
3334,,after_candidate_limit,,3565,142,15,142,9.44,2.83,0.5,2,6,1,0.8353913875598086,0.3184938214861956
3335,,after_candidate_limit,,3540,141,15,141,9.44,2.83,0.5,1.38,6,1,0.8353837320574162,0.31830759573718764
3336,,after_candidate_limit,,3867,154,17,154,9.44,5.66,0.5,0.75,6,3,0.835355023923445,0.31812085616352637
3337,,after_candidate_limit,,3997,159,22,159,9.44,5.66,2.17,3.25,20,3,0.7437526315789473,0.31790969741770986
3338,,after_candidate_limit,,3807,152,7,152,9.44,4.25,2.17,3.25,2,3,0.8624655502392344,0.31790230692961363
3339,,after_candidate_limit,,3741,149,16,149,9.44,4.25,0.5,2,6,2,0.8353645933014354,0.3178242055126913
3340,,after_candidate_limit,,3716,148,16,148,9.44,4.25,0.5,1.38,6,2,0.8353617224880383,0.317680488740891
3341,,after_candidate_limit,,3917,156,17,156,9.44,5.66,0.5,2,6,3,0.8353607655502392,0.3174803196771622
3342,,after_candidate_limit,,492,19,17,19,11.67,5.25,2.17,3.25,6,3,0.8331511961722488,0.3173490340261389
3343,,after_candidate_limit,,3691,147,16,147,9.44,4.25,0.5,0.75,6,2,0.8353578947368421,0.3172991969812889
3344,,after_candidate_limit,,3822,152,22,152,9.44,4.25,2.17,3.25,20,3,0.7437267942583732,0.3172778390921178
3345,,after_candidate_limit,,3646,145,21,145,9.44,2.83,2.17,3.25,20,2,0.743722009569378,0.3171130112685043
3346,,after_candidate_limit,,3892,155,17,155,9.44,5.66,0.5,1.38,6,3,0.8353578947368421,0.3171028825981122
3347,,after_candidate_limit,,4181,167,6,167,9.44,8.5,3,4.5,2,2,0.8444239234449761,0.3170657729833504
3348,,after_candidate_limit,,3632,145,7,145,9.44,2.83,2.17,3.25,2,3,0.8624617224880383,0.3169946146219213
3349,,after_candidate_limit,,4020,160,20,160,9.44,5.66,3,4.5,20,1,0.728923923444976,0.31657046789721704
3350,,after_candidate_limit,,3516,140,16,140,9.44,2.83,0.5,0.75,6,2,0.8353464114832536,0.31629888008685436
3351,,after_candidate_limit,,3541,141,16,141,9.44,2.83,0.5,1.38,6,2,0.8353464114832536,0.31629888008685436
3352,,after_candidate_limit,,3566,142,16,142,9.44,2.83,0.5,2,6,2,0.8353464114832536,0.31629888008685436
3353,,after_candidate_limit,,515,20,15,20,11.67,5.25,3,4.5,6,1,0.8181933014354067,0.31628909094381513
3354,,after_candidate_limit,,3633,145,8,145,9.44,2.83,2.17,3.25,2,8,0.8624598086124402,0.31628472451203116
3355,,after_candidate_limit,,3634,145,9,145,9.44,2.83,2.17,3.25,2,15,0.8624598086124402,0.31628472451203116
3356,,after_candidate_limit,,3808,152,8,152,9.44,4.25,2.17,3.25,2,8,0.8624598086124402,0.31628472451203116
3357,,after_candidate_limit,,3809,152,9,152,9.44,4.25,2.17,3.25,2,15,0.8624598086124402,0.31628472451203116
3358,,after_candidate_limit,,3983,159,8,159,9.44,5.66,2.17,3.25,2,8,0.8624598086124402,0.31628472451203116
3359,,after_candidate_limit,,3984,159,9,159,9.44,5.66,2.17,3.25,2,15,0.8624598086124402,0.31628472451203116
3360,,after_candidate_limit,,4158,166,8,166,9.44,8.5,2.17,3.25,2,8,0.8624598086124402,0.31628472451203116
3361,,after_candidate_limit,,4159,166,9,166,9.44,8.5,2.17,3.25,2,15,0.8624598086124402,0.31628472451203116
3362,,after_candidate_limit,,3742,149,17,149,9.44,4.25,0.5,2,6,3,0.8353435406698565,0.3160290927596402
3363,,after_candidate_limit,,3692,147,17,147,9.44,4.25,0.5,0.75,6,3,0.8353416267942584,0.3158061825429219
3364,,after_candidate_limit,,3717,148,17,148,9.44,4.25,0.5,1.38,6,3,0.8353416267942584,0.3158061825429219
3365,,after_candidate_limit,,4196,167,21,167,9.44,8.5,3,4.5,20,2,0.725756937799043,0.3157440419327981
3366,,after_candidate_limit,,3655,146,5,146,9.44,2.83,3,4.5,2,1,0.8442851674641149,0.3156196568125135
3367,,after_candidate_limit,,317,12,17,12,11.67,3.5,2.17,3.25,6,3,0.833133014354067,0.3156107562777217
3368,,after_candidate_limit,,3647,145,22,145,9.44,2.83,2.17,3.25,20,3,0.7435569377990431,0.31545463031791965
3369,,after_candidate_limit,,4173,166,23,166,9.44,8.5,2.17,3.25,20,8,0.7435913875598086,0.31515872664971295
3370,,after_candidate_limit,,4172,166,22,166,9.44,8.5,2.17,3.25,20,3,0.7438971291866029,0.3148043915378655
3371,,after_candidate_limit,,143,5,18,5,11.67,10.5,2.17,3.25,6,8,0.8330287081339713,0.3147350094093728
3372,,after_candidate_limit,,4006,160,6,160,9.44,5.66,3,4.5,2,2,0.8442813397129186,0.3146449047216469
3373,,after_candidate_limit,,318,12,18,12,11.67,3.5,2.17,3.25,6,8,0.8331263157894737,0.31435496403075297
3374,,after_candidate_limit,,319,12,19,12,11.67,3.5,2.17,3.25,6,15,0.8331263157894737,0.31435496403075297
3375,,after_candidate_limit,,493,19,18,19,11.67,5.25,2.17,3.25,6,8,0.8331263157894737,0.31435496403075297
3376,,after_candidate_limit,,494,19,19,19,11.67,5.25,2.17,3.25,6,15,0.8331263157894737,0.31435496403075297
3377,,after_candidate_limit,,668,26,18,26,11.67,7,2.17,3.25,6,8,0.8331263157894737,0.31435496403075297
3378,,after_candidate_limit,,669,26,19,26,11.67,7,2.17,3.25,6,15,0.8331263157894737,0.31435496403075297
3379,,after_candidate_limit,,691,27,16,27,11.67,7,3,4.5,6,2,0.8180918660287081,0.3143186073556002
3380,,after_candidate_limit,,3517,140,17,140,9.44,2.83,0.5,0.75,6,3,0.835333014354067,0.3134987011354405
3381,,after_candidate_limit,,3567,142,17,142,9.44,2.83,0.5,2,6,3,0.8353320574162679,0.3132129868497262
3382,,after_candidate_limit,,3831,153,6,153,9.44,4.25,3,4.5,2,2,0.8442267942583732,0.3131613546675293
3383,,after_candidate_limit,,340,13,15,13,11.67,3.5,3,4.5,6,1,0.8180947368421052,0.3128881270880083
3384,,after_candidate_limit,,4043,161,18,161,9.44,8.5,0.5,0.75,6,8,0.8353301435406698,0.31283646337320276
3385,,after_candidate_limit,,3542,141,17,141,9.44,2.83,0.5,1.38,6,3,0.8353301435406698,0.3127725828093222
3386,,after_candidate_limit,,4068,162,18,162,9.44,8.5,0.5,1.38,6,8,0.8353301435406698,0.3126641912009306
3387,,after_candidate_limit,,4093,163,18,163,9.44,8.5,0.5,2,6,8,0.8353301435406698,0.3126641912009306
3388,,after_candidate_limit,,3965,158,15,158,9.44,5.66,1.33,3.67,6,1,0.8157186602870813,0.31256421273872165
3389,,after_candidate_limit,,4110,164,10,164,9.44,8.5,1.33,2,3,1,0.8445818181818182,0.3123345629390092
3390,,after_candidate_limit,,3940,157,15,157,9.44,5.66,1.33,2,6,1,0.8157090909090909,0.31213320309484144
3391,,after_candidate_limit,,3648,145,23,145,9.44,2.83,2.17,3.25,20,8,0.7435100478468899,0.3120743349651388
3392,,after_candidate_limit,,3649,145,24,145,9.44,2.83,2.17,3.25,20,15,0.7435100478468899,0.3120743349651388
3393,,after_candidate_limit,,3823,152,23,152,9.44,4.25,2.17,3.25,20,8,0.7435100478468899,0.3120743349651388
3394,,after_candidate_limit,,3824,152,24,152,9.44,4.25,2.17,3.25,20,15,0.7435100478468899,0.3120743349651388
3395,,after_candidate_limit,,3998,159,23,159,9.44,5.66,2.17,3.25,20,8,0.7435100478468899,0.3120743349651388
3396,,after_candidate_limit,,3999,159,24,159,9.44,5.66,2.17,3.25,20,15,0.7435100478468899,0.3120743349651388
3397,,after_candidate_limit,,4174,166,24,166,9.44,8.5,2.17,3.25,20,15,0.7435100478468899,0.3120743349651388
3398,,after_candidate_limit,,144,5,19,5,11.67,10.5,2.17,3.25,6,15,0.8330928229665072,0.3120335019859886
3399,,after_candidate_limit,,4171,166,21,166,9.44,8.5,2.17,3.25,20,2,0.7411961722488039,0.31191834302698135
3400,,after_candidate_limit,,4135,165,10,165,9.44,8.5,1.33,3.67,3,1,0.8445444976076555,0.31170468866955203
3401,,after_candidate_limit,,516,20,16,20,11.67,5.25,3,4.5,6,2,0.8180315789473684,0.3115841533059807
3402,,after_candidate_limit,,4182,167,7,167,9.44,8.5,3,4.5,2,3,0.8443004784688996,0.31133147977281267
3403,,after_candidate_limit,,3935,157,10,157,9.44,5.66,1.33,2,3,1,0.8443799043062201,0.3113010486729282
3404,,after_candidate_limit,,3518,140,18,140,9.44,2.83,0.5,0.75,6,8,0.8353244019138756,0.3112551002918396
3405,,after_candidate_limit,,3519,140,19,140,9.44,2.83,0.5,0.75,6,15,0.8353244019138756,0.3112551002918396
3406,,after_candidate_limit,,3543,141,18,141,9.44,2.83,0.5,1.38,6,8,0.8353244019138756,0.3112551002918396
3407,,after_candidate_limit,,3544,141,19,141,9.44,2.83,0.5,1.38,6,15,0.8353244019138756,0.3112551002918396
3408,,after_candidate_limit,,3568,142,18,142,9.44,2.83,0.5,2,6,8,0.8353244019138756,0.3112551002918396
3409,,after_candidate_limit,,3569,142,19,142,9.44,2.83,0.5,2,6,15,0.8353244019138756,0.3112551002918396
3410,,after_candidate_limit,,3693,147,18,147,9.44,4.25,0.5,0.75,6,8,0.8353244019138756,0.3112551002918396
3411,,after_candidate_limit,,3694,147,19,147,9.44,4.25,0.5,0.75,6,15,0.8353244019138756,0.3112551002918396
3412,,after_candidate_limit,,3718,148,18,148,9.44,4.25,0.5,1.38,6,8,0.8353244019138756,0.3112551002918396
3413,,after_candidate_limit,,3719,148,19,148,9.44,4.25,0.5,1.38,6,15,0.8353244019138756,0.3112551002918396
3414,,after_candidate_limit,,3743,149,18,149,9.44,4.25,0.5,2,6,8,0.8353244019138756,0.3112551002918396
3415,,after_candidate_limit,,3744,149,19,149,9.44,4.25,0.5,2,6,15,0.8353244019138756,0.3112551002918396
3416,,after_candidate_limit,,3868,154,18,154,9.44,5.66,0.5,0.75,6,8,0.8353244019138756,0.3112551002918396
3417,,after_candidate_limit,,3869,154,19,154,9.44,5.66,0.5,0.75,6,15,0.8353244019138756,0.3112551002918396
3418,,after_candidate_limit,,3893,155,18,155,9.44,5.66,0.5,1.38,6,8,0.8353244019138756,0.3112551002918396
3419,,after_candidate_limit,,3894,155,19,155,9.44,5.66,0.5,1.38,6,15,0.8353244019138756,0.3112551002918396
3420,,after_candidate_limit,,3918,156,18,156,9.44,5.66,0.5,2,6,8,0.8353244019138756,0.3112551002918396
3421,,after_candidate_limit,,3919,156,19,156,9.44,5.66,0.5,2,6,15,0.8353244019138756,0.3112551002918396
3422,,after_candidate_limit,,4044,161,19,161,9.44,8.5,0.5,0.75,6,15,0.8353244019138756,0.3112551002918396
3423,,after_candidate_limit,,4069,162,19,162,9.44,8.5,0.5,1.38,6,15,0.8353244019138756,0.3112551002918396
3424,,after_candidate_limit,,4094,163,19,163,9.44,8.5,0.5,2,6,15,0.8353244019138756,0.3112551002918396
3425,,after_candidate_limit,,3960,158,10,158,9.44,5.66,1.33,3.67,3,1,0.8443827751196172,0.3109112350153572
3426,,after_candidate_limit,,692,27,17,27,11.67,7,3,4.5,6,3,0.8180133971291866,0.3109025819185027
3427,,after_candidate_limit,,4007,160,7,160,9.44,5.66,3,4.5,2,3,0.8442038277511962,0.3108721855859187
3428,,after_candidate_limit,,4021,160,21,160,9.44,5.66,3,4.5,20,2,0.7285775119617225,0.3106227653378986
3429,,after_candidate_limit,,3845,153,20,153,9.44,4.25,3,4.5,20,1,0.7286559808612441,0.31048093006712096
3430,,after_candidate_limit,,341,13,16,13,11.67,3.5,3,4.5,6,2,0.8180028708133972,0.31047292651070757
3431,,after_candidate_limit,,3656,146,6,146,9.44,2.83,3,4.5,2,2,0.8441846889952153,0.3099570441204075
3432,,after_candidate_limit,,3670,146,20,146,9.44,2.83,3,4.5,20,1,0.7285784688995215,0.3095605441337469
3433,,after_candidate_limit,,4197,167,22,167,9.44,8.5,3,4.5,20,3,0.7283684210526316,0.3095584988350998
3434,,after_candidate_limit,,3966,158,16,158,9.44,5.66,1.33,3.67,6,2,0.8154516746411483,0.3094790798730353
3435,,after_candidate_limit,,3846,153,21,153,9.44,4.25,3,4.5,20,2,0.7285631578947368,0.30930975354639884
3436,,after_candidate_limit,,3941,157,16,157,9.44,5.66,1.33,2,6,2,0.8154507177033493,0.30912193701589247
3437,,after_candidate_limit,,517,20,17,20,11.67,5.25,3,4.5,6,3,0.8179913875598086,0.3090910319672682
3438,,after_candidate_limit,,3832,153,7,153,9.44,4.25,3,4.5,2,3,0.8441741626794258,0.30891240968155376
3439,,after_candidate_limit,,4117,164,17,164,9.44,8.5,1.33,2,6,3,0.8154555023923445,0.30861454677137196
3440,,after_candidate_limit,,3671,146,21,146,9.44,2.83,3,4.5,20,2,0.7284765550239235,0.30850005054803775
3441,,after_candidate_limit,,3765,150,15,150,9.44,4.25,1.33,2,6,1,0.8154593301435407,0.3084368873797488
3442,,after_candidate_limit,,3790,151,15,151,9.44,4.25,1.33,3.67,6,1,0.8154593301435407,0.3084368873797488
3443,,after_candidate_limit,,4022,160,22,160,9.44,5.66,3,4.5,20,3,0.7285239234449761,0.3083000370910197
3444,,after_candidate_limit,,3847,153,22,153,9.44,4.25,3,4.5,20,3,0.728467942583732,0.3082856711521042
3445,,after_candidate_limit,,3657,146,7,146,9.44,2.83,3,4.5,2,3,0.8441712918660287,0.30815490052404465
3446,,after_candidate_limit,,3590,143,15,143,9.44,2.83,1.33,2,6,1,0.8154468899521531,0.3080792825016526
3447,,after_candidate_limit,,3615,144,15,144,9.44,2.83,1.33,3.67,6,1,0.8154459330143541,0.30807198910833034
3448,,after_candidate_limit,,3766,150,16,150,9.44,4.25,1.33,2,6,2,0.815444019138756,0.30801390467620376
3449,,after_candidate_limit,,3791,151,16,151,9.44,4.25,1.33,3.67,6,2,0.815444019138756,0.30801390467620376
3450,,after_candidate_limit,,168,6,18,6,11.67,10.5,3,4.5,6,8,0.8178822966507177,0.30766588879805307
3451,,after_candidate_limit,,3942,157,17,157,9.44,5.66,1.33,2,6,3,0.8154411483253589,0.3075472380095371
3452,,after_candidate_limit,,3967,158,17,158,9.44,5.66,1.33,3.67,6,3,0.8154411483253589,0.3075472380095371
3453,,after_candidate_limit,,342,13,17,13,11.67,3.5,3,4.5,6,3,0.8179712918660287,0.30754239510970127
3454,,after_candidate_limit,,3658,146,8,146,9.44,2.83,3,4.5,2,8,0.8441684210526316,0.3073596624288065
3455,,after_candidate_limit,,3659,146,9,146,9.44,2.83,3,4.5,2,15,0.8441684210526316,0.3073596624288065
3456,,after_candidate_limit,,3833,153,8,153,9.44,4.25,3,4.5,2,8,0.8441684210526316,0.3073596624288065
3457,,after_candidate_limit,,3834,153,9,153,9.44,4.25,3,4.5,2,15,0.8441684210526316,0.3073596624288065
3458,,after_candidate_limit,,4008,160,8,160,9.44,5.66,3,4.5,2,8,0.8441684210526316,0.3073596624288065
3459,,after_candidate_limit,,4009,160,9,160,9.44,5.66,3,4.5,2,15,0.8441684210526316,0.3073596624288065
3460,,after_candidate_limit,,4183,167,8,167,9.44,8.5,3,4.5,2,8,0.8441684210526316,0.3073596624288065
3461,,after_candidate_limit,,4184,167,9,167,9.44,8.5,3,4.5,2,15,0.8441684210526316,0.3073596624288065
3462,,after_candidate_limit,,3616,144,16,144,9.44,2.83,1.33,3.67,6,2,0.8154401913875599,0.307136126898426
3463,,after_candidate_limit,,3792,151,17,151,9.44,4.25,1.33,3.67,6,3,0.8154382775119617,0.30688612689842604
3464,,after_candidate_limit,,4116,164,16,164,9.44,8.5,1.33,2,6,2,0.8155177033492823,0.30685022131399037
3465,,after_candidate_limit,,4111,164,11,164,9.44,8.5,1.33,2,3,2,0.8442803827751196,0.3068274853093901
3466,,after_candidate_limit,,3591,143,16,143,9.44,2.83,1.33,2,6,2,0.8154382775119617,0.306695722858022
3467,,after_candidate_limit,,4115,164,15,164,9.44,8.5,1.33,2,6,1,0.8135564593301435,0.3065849082973928
3468,,after_candidate_limit,,3767,150,17,150,9.44,4.25,1.33,2,6,3,0.8154363636363636,0.30644572285802196
3469,,after_candidate_limit,,3785,151,10,151,9.44,4.25,1.33,3.67,3,1,0.8442277511961722,0.3062755270344918
3470,,after_candidate_limit,,343,13,18,13,11.67,3.5,3,4.5,6,8,0.8179645933014354,0.3062539688300985
3471,,after_candidate_limit,,344,13,19,13,11.67,3.5,3,4.5,6,15,0.8179645933014354,0.3062539688300985
3472,,after_candidate_limit,,518,20,18,20,11.67,5.25,3,4.5,6,8,0.8179645933014354,0.3062539688300985
3473,,after_candidate_limit,,519,20,19,20,11.67,5.25,3,4.5,6,15,0.8179645933014354,0.3062539688300985
3474,,after_candidate_limit,,693,27,18,27,11.67,7,3,4.5,6,8,0.8179645933014354,0.3062539688300985
3475,,after_candidate_limit,,694,27,19,27,11.67,7,3,4.5,6,15,0.8179645933014354,0.3062539688300985
3476,,after_candidate_limit,,3760,150,10,150,9.44,4.25,1.33,2,3,1,0.8442200956937799,0.3059950834125994
3477,,after_candidate_limit,,4142,165,17,165,9.44,8.5,1.33,3.67,6,3,0.8154516746411483,0.3054658672854832
3478,,after_candidate_limit,,3672,146,22,146,9.44,2.83,3,4.5,20,3,0.7283473684210526,0.30542710771342896
3479,,after_candidate_limit,,4198,167,23,167,9.44,8.5,3,4.5,20,8,0.7283387559808613,0.30483604299718375
3480,,after_candidate_limit,,4136,165,11,165,9.44,8.5,1.33,3.67,3,2,0.8442736842105263,0.3045766680279167
3481,,after_candidate_limit,,3617,144,17,144,9.44,2.83,1.33,3.67,6,3,0.8154287081339713,0.30442434423664333
3482,,after_candidate_limit,,3592,143,17,143,9.44,2.83,1.33,2,6,3,0.8154277511961723,0.30420212201442115
3483,,after_candidate_limit,,4140,165,15,165,9.44,8.5,1.33,3.67,6,1,0.813543062200957,0.30419168361795396
3484,,after_candidate_limit,,4141,165,16,165,9.44,8.5,1.33,3.67,6,2,0.8155253588516747,0.30386985344474876
3485,,after_candidate_limit,,169,6,19,6,11.67,10.5,3,4.5,6,15,0.8179253588516746,0.30379932655826153
3486,,after_candidate_limit,,3673,146,23,146,9.44,2.83,3,4.5,20,8,0.7283320574162679,0.3037507856504713
3487,,after_candidate_limit,,3674,146,24,146,9.44,2.83,3,4.5,20,15,0.7283320574162679,0.3037507856504713
3488,,after_candidate_limit,,3848,153,23,153,9.44,4.25,3,4.5,20,8,0.7283320574162679,0.3037507856504713
3489,,after_candidate_limit,,3849,153,24,153,9.44,4.25,3,4.5,20,15,0.7283320574162679,0.3037507856504713
3490,,after_candidate_limit,,4023,160,23,160,9.44,5.66,3,4.5,20,8,0.7283320574162679,0.3037507856504713
3491,,after_candidate_limit,,4024,160,24,160,9.44,5.66,3,4.5,20,15,0.7283320574162679,0.3037507856504713
3492,,after_candidate_limit,,4199,167,24,167,9.44,8.5,3,4.5,20,15,0.7283320574162679,0.3037507856504713
3493,,after_candidate_limit,,4118,164,18,164,9.44,8.5,1.33,2,6,8,0.8154248803827752,0.30364339185569095
3494,,after_candidate_limit,,4143,165,18,165,9.44,8.5,1.33,3.67,6,8,0.8154248803827752,0.30364339185569095
3495,,after_candidate_limit,,3610,144,10,144,9.44,2.83,1.33,3.67,3,1,0.8441636363636363,0.30358165301107076
3496,,after_candidate_limit,,3961,158,11,158,9.44,5.66,1.33,3.67,3,2,0.8441645933014355,0.3033937708475819
3497,,after_candidate_limit,,3936,157,11,157,9.44,5.66,1.33,2,3,2,0.8441617224880382,0.30330522725404385
3498,,after_candidate_limit,,3585,143,10,143,9.44,2.83,1.33,2,3,1,0.8441588516746411,0.303175040544453
3499,,after_candidate_limit,,3593,143,18,143,9.44,2.83,1.33,2,6,8,0.815423923444976,0.3029767251890243
3500,,after_candidate_limit,,3594,143,19,143,9.44,2.83,1.33,2,6,15,0.815423923444976,0.3029767251890243
3501,,after_candidate_limit,,3618,144,18,144,9.44,2.83,1.33,3.67,6,8,0.815423923444976,0.3029767251890243
3502,,after_candidate_limit,,3619,144,19,144,9.44,2.83,1.33,3.67,6,15,0.815423923444976,0.3029767251890243
3503,,after_candidate_limit,,3768,150,18,150,9.44,4.25,1.33,2,6,8,0.815423923444976,0.3029767251890243
3504,,after_candidate_limit,,3769,150,19,150,9.44,4.25,1.33,2,6,15,0.815423923444976,0.3029767251890243
3505,,after_candidate_limit,,3793,151,18,151,9.44,4.25,1.33,3.67,6,8,0.815423923444976,0.3029767251890243
3506,,after_candidate_limit,,3794,151,19,151,9.44,4.25,1.33,3.67,6,15,0.815423923444976,0.3029767251890243
3507,,after_candidate_limit,,3943,157,18,157,9.44,5.66,1.33,2,6,8,0.815423923444976,0.3029767251890243
3508,,after_candidate_limit,,3944,157,19,157,9.44,5.66,1.33,2,6,15,0.815423923444976,0.3029767251890243
3509,,after_candidate_limit,,3968,158,18,158,9.44,5.66,1.33,3.67,6,8,0.815423923444976,0.3029767251890243
3510,,after_candidate_limit,,3969,158,19,158,9.44,5.66,1.33,3.67,6,15,0.815423923444976,0.3029767251890243
3511,,after_candidate_limit,,4119,164,19,164,9.44,8.5,1.33,2,6,15,0.815423923444976,0.3029767251890243
3512,,after_candidate_limit,,4144,165,19,165,9.44,8.5,1.33,3.67,6,15,0.815423923444976,0.3029767251890243
3513,,after_candidate_limit,,3761,150,11,150,9.44,4.25,1.33,2,3,2,0.8441339712918661,0.3016979625202427
3514,,after_candidate_limit,,3786,151,11,151,9.44,4.25,1.33,3.67,3,2,0.8441339712918661,0.3016979625202427
3515,,after_candidate_limit,,4137,165,12,165,9.44,8.5,1.33,3.67,3,3,0.8441961722488038,0.30134921694319194
3516,,after_candidate_limit,,3962,158,12,158,9.44,5.66,1.33,3.67,3,3,0.8441301435406698,0.30113619470130704
3517,,after_candidate_limit,,4112,164,12,164,9.44,8.5,1.33,2,3,3,0.8441875598086125,0.3009494747614927
3518,,after_candidate_limit,,3937,157,12,157,9.44,5.66,1.33,2,3,3,0.8441263157894737,0.3009213984733381
3519,,after_candidate_limit,,3611,144,11,144,9.44,2.83,1.33,3.67,3,2,0.8441186602870814,0.30037742745108176
3520,,after_candidate_limit,,3586,143,11,143,9.44,2.83,1.33,2,3,2,0.8441157894736843,0.29982737750103183
3521,,after_candidate_limit,,3787,151,12,151,9.44,4.25,1.33,3.67,3,3,0.844112918660287,0.2992624202360745
3522,,after_candidate_limit,,3762,150,12,150,9.44,4.25,1.33,2,3,3,0.844111004784689,0.29901143984391765
3523,,after_candidate_limit,,3612,144,12,144,9.44,2.83,1.33,3.67,3,3,0.8441043062200957,0.29715891459139243
3524,,after_candidate_limit,,4113,164,13,164,9.44,8.5,1.33,2,3,8,0.8441043062200957,0.29715891459139243
3525,,after_candidate_limit,,4138,165,13,165,9.44,8.5,1.33,3.67,3,8,0.8441043062200957,0.29715891459139243
3526,,after_candidate_limit,,3587,143,12,143,9.44,2.83,1.33,2,3,3,0.8441033492822967,0.29711339538797854
3527,,after_candidate_limit,,3588,143,13,143,9.44,2.83,1.33,2,3,8,0.8441014354066986,0.2969168351914183
3528,,after_candidate_limit,,3589,143,14,143,9.44,2.83,1.33,2,3,15,0.8441014354066986,0.2969168351914183
3529,,after_candidate_limit,,3613,144,13,144,9.44,2.83,1.33,3.67,3,8,0.8441014354066986,0.2969168351914183
3530,,after_candidate_limit,,3614,144,14,144,9.44,2.83,1.33,3.67,3,15,0.8441014354066986,0.2969168351914183
3531,,after_candidate_limit,,3763,150,13,150,9.44,4.25,1.33,2,3,8,0.8441014354066986,0.2969168351914183
3532,,after_candidate_limit,,3764,150,14,150,9.44,4.25,1.33,2,3,15,0.8441014354066986,0.2969168351914183
3533,,after_candidate_limit,,3788,151,13,151,9.44,4.25,1.33,3.67,3,8,0.8441014354066986,0.2969168351914183
3534,,after_candidate_limit,,3789,151,14,151,9.44,4.25,1.33,3.67,3,15,0.8441014354066986,0.2969168351914183
3535,,after_candidate_limit,,3938,157,13,157,9.44,5.66,1.33,2,3,8,0.8441014354066986,0.2969168351914183
3536,,after_candidate_limit,,3939,157,14,157,9.44,5.66,1.33,2,3,15,0.8441014354066986,0.2969168351914183
3537,,after_candidate_limit,,3963,158,13,158,9.44,5.66,1.33,3.67,3,8,0.8441014354066986,0.2969168351914183
3538,,after_candidate_limit,,3964,158,14,158,9.44,5.66,1.33,3.67,3,15,0.8441014354066986,0.2969168351914183
3539,,after_candidate_limit,,4114,164,14,164,9.44,8.5,1.33,2,3,15,0.8441014354066986,0.2969168351914183
3540,,after_candidate_limit,,4139,165,14,165,9.44,8.5,1.33,3.67,3,15,0.8441014354066986,0.2969168351914183
3541,,after_candidate_limit,,3340,133,15,133,5,4.5,0.5,0.75,6,1,0.7565387559808613,0.29086874603201607
3542,,after_candidate_limit,,3365,134,15,134,5,4.5,0.5,1.38,6,1,0.7565148325358851,0.290423075319024
3543,,after_candidate_limit,,3390,135,15,135,5,4.5,0.5,2,6,1,0.7565148325358851,0.29036299127745047
3544,,after_candidate_limit,,3165,126,15,126,5,3,0.5,0.75,6,1,0.7564803827751196,0.2897664089044225
3545,,after_candidate_limit,,3190,127,15,127,5,3,0.5,1.38,6,1,0.7564755980861244,0.2896989804670884
3546,,after_candidate_limit,,3215,128,15,128,5,3,0.5,2,6,1,0.7564746411483254,0.28967893034177516
3547,,after_candidate_limit,,3391,135,16,135,5,4.5,0.5,2,6,2,0.756465071770335,0.2896256916165456
3548,,after_candidate_limit,,3366,134,16,134,5,4.5,0.5,1.38,6,2,0.7564631578947368,0.2895404727518802
3549,,after_candidate_limit,,3341,133,16,133,5,4.5,0.5,0.75,6,2,0.7564593301435407,0.2895067270518291
3550,,after_candidate_limit,,3330,133,5,133,5,4.5,0.5,0.75,2,1,0.8757736842105264,0.28844945244865683
3551,,after_candidate_limit,,2990,119,15,119,5,2.25,0.5,0.75,6,1,0.7564717703349282,0.28835030952643914
3552,,after_candidate_limit,,3015,120,15,120,5,2.25,0.5,1.38,6,1,0.7564631578947368,0.2882454230061239
3553,,after_candidate_limit,,3040,121,15,121,5,2.25,0.5,2,6,1,0.7564622009569378,0.2882396559695095
3554,,after_candidate_limit,,2815,112,15,112,5,1.5,0.5,0.75,6,1,0.7564631578947368,0.2876259030755839
3555,,after_candidate_limit,,2840,113,15,113,5,1.5,0.5,1.38,6,1,0.7564507177033493,0.2872854027407782
3556,,after_candidate_limit,,2865,114,15,114,5,1.5,0.5,2,6,1,0.7564488038277511,0.2869430254797962
3557,,after_candidate_limit,,3216,128,16,128,5,3,0.5,2,6,2,0.7564468899521531,0.28692095203599866
3558,,after_candidate_limit,,3392,135,17,135,5,4.5,0.5,2,6,3,0.756445933014354,0.286911825626451
3559,,after_candidate_limit,,2991,119,16,119,5,2.25,0.5,0.75,6,2,0.756445933014354,0.2867209520359987
3560,,after_candidate_limit,,3166,126,16,126,5,3,0.5,0.75,6,2,0.756445933014354,0.2867209520359987
3561,,after_candidate_limit,,3191,127,16,127,5,3,0.5,1.38,6,2,0.756445933014354,0.2867209520359987
3562,,after_candidate_limit,,3367,134,17,134,5,4.5,0.5,1.38,6,3,0.756444976076555,0.28671182562645103
3563,,after_candidate_limit,,3192,127,17,127,5,3,0.5,1.38,6,3,0.756444019138756,0.2865689684835939
3564,,after_candidate_limit,,3217,128,17,128,5,3,0.5,2,6,3,0.756444019138756,0.2865689684835939
3565,,after_candidate_limit,,3342,133,17,133,5,4.5,0.5,0.75,6,3,0.756444019138756,0.2865689684835939
3566,,after_candidate_limit,,2816,112,16,112,5,1.5,0.5,0.75,6,2,0.7564430622009569,0.2864356351502606
3567,,after_candidate_limit,,2817,112,17,112,5,1.5,0.5,0.75,6,3,0.7564430622009569,0.2864356351502606
3568,,after_candidate_limit,,2818,112,18,112,5,1.5,0.5,0.75,6,8,0.7564430622009569,0.2864356351502606
3569,,after_candidate_limit,,2819,112,19,112,5,1.5,0.5,0.75,6,15,0.7564430622009569,0.2864356351502606
3570,,after_candidate_limit,,2841,113,16,113,5,1.5,0.5,1.38,6,2,0.7564430622009569,0.2864356351502606
3571,,after_candidate_limit,,2842,113,17,113,5,1.5,0.5,1.38,6,3,0.7564430622009569,0.2864356351502606
3572,,after_candidate_limit,,2843,113,18,113,5,1.5,0.5,1.38,6,8,0.7564430622009569,0.2864356351502606
3573,,after_candidate_limit,,2844,113,19,113,5,1.5,0.5,1.38,6,15,0.7564430622009569,0.2864356351502606
3574,,after_candidate_limit,,2866,114,16,114,5,1.5,0.5,2,6,2,0.7564430622009569,0.2864356351502606
3575,,after_candidate_limit,,2867,114,17,114,5,1.5,0.5,2,6,3,0.7564430622009569,0.2864356351502606
3576,,after_candidate_limit,,2868,114,18,114,5,1.5,0.5,2,6,8,0.7564430622009569,0.2864356351502606
3577,,after_candidate_limit,,2869,114,19,114,5,1.5,0.5,2,6,15,0.7564430622009569,0.2864356351502606
3578,,after_candidate_limit,,2992,119,17,119,5,2.25,0.5,0.75,6,3,0.7564430622009569,0.2864356351502606
3579,,after_candidate_limit,,2993,119,18,119,5,2.25,0.5,0.75,6,8,0.7564430622009569,0.2864356351502606
3580,,after_candidate_limit,,2994,119,19,119,5,2.25,0.5,0.75,6,15,0.7564430622009569,0.2864356351502606
3581,,after_candidate_limit,,3016,120,16,120,5,2.25,0.5,1.38,6,2,0.7564430622009569,0.2864356351502606
3582,,after_candidate_limit,,3017,120,17,120,5,2.25,0.5,1.38,6,3,0.7564430622009569,0.2864356351502606
3583,,after_candidate_limit,,3018,120,18,120,5,2.25,0.5,1.38,6,8,0.7564430622009569,0.2864356351502606
3584,,after_candidate_limit,,3019,120,19,120,5,2.25,0.5,1.38,6,15,0.7564430622009569,0.2864356351502606
3585,,after_candidate_limit,,3041,121,16,121,5,2.25,0.5,2,6,2,0.7564430622009569,0.2864356351502606
3586,,after_candidate_limit,,3042,121,17,121,5,2.25,0.5,2,6,3,0.7564430622009569,0.2864356351502606
3587,,after_candidate_limit,,3043,121,18,121,5,2.25,0.5,2,6,8,0.7564430622009569,0.2864356351502606
3588,,after_candidate_limit,,3044,121,19,121,5,2.25,0.5,2,6,15,0.7564430622009569,0.2864356351502606
3589,,after_candidate_limit,,3167,126,17,126,5,3,0.5,0.75,6,3,0.7564430622009569,0.2864356351502606
3590,,after_candidate_limit,,3168,126,18,126,5,3,0.5,0.75,6,8,0.7564430622009569,0.2864356351502606
3591,,after_candidate_limit,,3169,126,19,126,5,3,0.5,0.75,6,15,0.7564430622009569,0.2864356351502606
3592,,after_candidate_limit,,3193,127,18,127,5,3,0.5,1.38,6,8,0.7564430622009569,0.2864356351502606
3593,,after_candidate_limit,,3194,127,19,127,5,3,0.5,1.38,6,15,0.7564430622009569,0.2864356351502606
3594,,after_candidate_limit,,3218,128,18,128,5,3,0.5,2,6,8,0.7564430622009569,0.2864356351502606
3595,,after_candidate_limit,,3219,128,19,128,5,3,0.5,2,6,15,0.7564430622009569,0.2864356351502606
3596,,after_candidate_limit,,3343,133,18,133,5,4.5,0.5,0.75,6,8,0.7564430622009569,0.2864356351502606
3597,,after_candidate_limit,,3344,133,19,133,5,4.5,0.5,0.75,6,15,0.7564430622009569,0.2864356351502606
3598,,after_candidate_limit,,3368,134,18,134,5,4.5,0.5,1.38,6,8,0.7564430622009569,0.2864356351502606
3599,,after_candidate_limit,,3369,134,19,134,5,4.5,0.5,1.38,6,15,0.7564430622009569,0.2864356351502606
3600,,after_candidate_limit,,3393,135,18,135,5,4.5,0.5,2,6,8,0.7564430622009569,0.2864356351502606
3601,,after_candidate_limit,,3394,135,19,135,5,4.5,0.5,2,6,15,0.7564430622009569,0.2864356351502606
3602,,after_candidate_limit,,3355,134,5,134,5,4.5,0.5,1.38,2,1,0.875766985645933,0.2856944666511389
3603,,after_candidate_limit,,4185,167,10,167,9.44,8.5,3,4.5,3,1,0.8161157894736842,0.28383671545824674
3604,,after_candidate_limit,,3380,135,5,135,5,4.5,0.5,2,2,1,0.8757688995215311,0.28336776056589624
3605,,after_candidate_limit,,4010,160,10,160,9.44,5.66,3,4.5,3,1,0.8160306220095693,0.2833189406920882
3606,,after_candidate_limit,,4160,166,10,166,9.44,8.5,2.17,3.25,3,1,0.7974784688995216,0.28316667507668514
3607,,after_candidate_limit,,3155,126,5,126,5,3,0.5,0.75,2,1,0.8757392344497608,0.2824898702515031
3608,,after_candidate_limit,,3205,128,5,128,5,3,0.5,2,2,1,0.8757392344497608,0.28194874603990233
3609,,after_candidate_limit,,3180,127,5,127,5,3,0.5,1.38,2,1,0.8757373205741626,0.2819108854754953
3610,,after_candidate_limit,,2980,119,5,119,5,2.25,0.5,0.75,2,1,0.8757334928229665,0.281510569309706
3611,,after_candidate_limit,,3030,121,5,121,5,2.25,0.5,2,2,1,0.8757334928229665,0.28149728610168595
3612,,after_candidate_limit,,3331,133,6,133,5,4.5,0.5,0.75,2,2,0.8757306220095694,0.28148364714376417
3613,,after_candidate_limit,,3005,120,5,120,5,2.25,0.5,1.38,2,1,0.8757325358851674,0.2814772359763727
3614,,after_candidate_limit,,2805,112,5,112,5,1.5,0.5,0.75,2,1,0.8757315789473684,0.28139339227861404
3615,,after_candidate_limit,,3381,135,6,135,5,4.5,0.5,2,2,2,0.8757315789473684,0.28105409049351787
3616,,after_candidate_limit,,3356,134,6,134,5,4.5,0.5,1.38,2,2,0.8757306220095694,0.2809515263909538
3617,,after_candidate_limit,,2830,113,5,113,5,1.5,0.5,1.38,2,1,0.8757287081339713,0.28083028096970836
3618,,after_candidate_limit,,3206,128,6,128,5,3,0.5,2,2,2,0.8757277511961723,0.2807540904935179
3619,,after_candidate_limit,,3985,159,10,159,9.44,5.66,2.17,3.25,3,1,0.7973387559808612,0.28061693224585565
3620,,after_candidate_limit,,3156,126,6,126,5,3,0.5,0.75,2,2,0.8757267942583732,0.2805398047792322
3621,,after_candidate_limit,,3181,127,6,127,5,3,0.5,1.38,2,2,0.8757258373205742,0.280349328588756
3622,,after_candidate_limit,,2855,114,5,114,5,1.5,0.5,2,2,1,0.8757258373205742,0.28009218573161315
3623,,after_candidate_limit,,3357,134,7,134,5,4.5,0.5,1.38,2,3,0.8757248803827751,0.28001599525542265
3624,,after_candidate_limit,,3382,135,7,135,5,4.5,0.5,2,2,3,0.8757248803827751,0.28001599525542265
3625,,after_candidate_limit,,2981,119,6,119,5,2.25,0.5,0.75,2,2,0.875722009569378,0.27979536033478775
3626,,after_candidate_limit,,3332,133,7,133,5,4.5,0.5,0.75,2,3,0.875722009569378,0.27979536033478775
3627,,after_candidate_limit,,3006,120,6,120,5,2.25,0.5,1.38,2,2,0.875721052631579,0.2794620270014544
3628,,after_candidate_limit,,3031,121,6,121,5,2.25,0.5,2,2,2,0.8757191387559808,0.27926404720347464
3629,,after_candidate_limit,,2806,112,6,112,5,1.5,0.5,0.75,2,2,0.87572009569378,0.2792620270014544
3630,,after_candidate_limit,,3207,128,7,128,5,3,0.5,2,2,3,0.87572009569378,0.2792620270014544
3631,,after_candidate_limit,,3182,127,7,127,5,3,0.5,1.38,2,3,0.8757191387559808,0.2791529360923635
3632,,after_candidate_limit,,2831,113,6,113,5,1.5,0.5,1.38,2,2,0.8757181818181818,0.2790640472034746
3633,,after_candidate_limit,,2856,114,6,114,5,1.5,0.5,2,2,2,0.8757181818181818,0.2790640472034746
3634,,after_candidate_limit,,2982,119,7,119,5,2.25,0.5,0.75,2,3,0.8757181818181818,0.2790640472034746
3635,,after_candidate_limit,,3157,126,7,126,5,3,0.5,0.75,2,3,0.8757181818181818,0.2790640472034746
3636,,after_candidate_limit,,2807,112,7,112,5,1.5,0.5,0.75,2,3,0.8757172248803827,0.2789307138701413
3637,,after_candidate_limit,,3007,120,7,120,5,2.25,0.5,1.38,2,3,0.8757172248803827,0.2789307138701413
3638,,after_candidate_limit,,3032,121,7,121,5,2.25,0.5,2,2,3,0.8757172248803827,0.2789307138701413
3639,,after_candidate_limit,,2808,112,8,112,5,1.5,0.5,0.75,2,8,0.8757162679425837,0.2788354757749032
3640,,after_candidate_limit,,2809,112,9,112,5,1.5,0.5,0.75,2,15,0.8757162679425837,0.2788354757749032
3641,,after_candidate_limit,,2832,113,7,113,5,1.5,0.5,1.38,2,3,0.8757162679425837,0.2788354757749032
3642,,after_candidate_limit,,2833,113,8,113,5,1.5,0.5,1.38,2,8,0.8757162679425837,0.2788354757749032
3643,,after_candidate_limit,,2834,113,9,113,5,1.5,0.5,1.38,2,15,0.8757162679425837,0.2788354757749032
3644,,after_candidate_limit,,2857,114,7,114,5,1.5,0.5,2,2,3,0.8757162679425837,0.2788354757749032
3645,,after_candidate_limit,,2858,114,8,114,5,1.5,0.5,2,2,8,0.8757162679425837,0.2788354757749032
3646,,after_candidate_limit,,2859,114,9,114,5,1.5,0.5,2,2,15,0.8757162679425837,0.2788354757749032
3647,,after_candidate_limit,,2983,119,8,119,5,2.25,0.5,0.75,2,8,0.8757162679425837,0.2788354757749032
3648,,after_candidate_limit,,2984,119,9,119,5,2.25,0.5,0.75,2,15,0.8757162679425837,0.2788354757749032
3649,,after_candidate_limit,,3008,120,8,120,5,2.25,0.5,1.38,2,8,0.8757162679425837,0.2788354757749032
3650,,after_candidate_limit,,3009,120,9,120,5,2.25,0.5,1.38,2,15,0.8757162679425837,0.2788354757749032
3651,,after_candidate_limit,,3033,121,8,121,5,2.25,0.5,2,2,8,0.8757162679425837,0.2788354757749032
3652,,after_candidate_limit,,3034,121,9,121,5,2.25,0.5,2,2,15,0.8757162679425837,0.2788354757749032
3653,,after_candidate_limit,,3158,126,8,126,5,3,0.5,0.75,2,8,0.8757162679425837,0.2788354757749032
3654,,after_candidate_limit,,3159,126,9,126,5,3,0.5,0.75,2,15,0.8757162679425837,0.2788354757749032
3655,,after_candidate_limit,,3183,127,8,127,5,3,0.5,1.38,2,8,0.8757162679425837,0.2788354757749032
3656,,after_candidate_limit,,3184,127,9,127,5,3,0.5,1.38,2,15,0.8757162679425837,0.2788354757749032
3657,,after_candidate_limit,,3208,128,8,128,5,3,0.5,2,2,8,0.8757162679425837,0.2788354757749032
3658,,after_candidate_limit,,3209,128,9,128,5,3,0.5,2,2,15,0.8757162679425837,0.2788354757749032
3659,,after_candidate_limit,,3333,133,8,133,5,4.5,0.5,0.75,2,8,0.8757162679425837,0.2788354757749032
3660,,after_candidate_limit,,3334,133,9,133,5,4.5,0.5,0.75,2,15,0.8757162679425837,0.2788354757749032
3661,,after_candidate_limit,,3358,134,8,134,5,4.5,0.5,1.38,2,8,0.8757162679425837,0.2788354757749032
3662,,after_candidate_limit,,3359,134,9,134,5,4.5,0.5,1.38,2,15,0.8757162679425837,0.2788354757749032
3663,,after_candidate_limit,,3383,135,8,135,5,4.5,0.5,2,2,8,0.8757162679425837,0.2788354757749032
3664,,after_candidate_limit,,3384,135,9,135,5,4.5,0.5,2,2,15,0.8757162679425837,0.2788354757749032
3665,,after_candidate_limit,,3835,153,10,153,9.44,4.25,3,4.5,3,1,0.8158842105263158,0.2787387016574021
3666,,after_candidate_limit,,3810,152,10,152,9.44,4.25,2.17,3.25,3,1,0.7972095693779905,0.2764186257512965
3667,,after_candidate_limit,,4011,160,11,160,9.44,5.66,3,4.5,3,2,0.8158191387559809,0.27616886293444504
3668,,after_candidate_limit,,3660,146,10,146,9.44,2.83,3,4.5,3,1,0.8158153110047847,0.27593960269709256
3669,,after_candidate_limit,,4186,167,11,167,9.44,8.5,3,4.5,3,2,0.815932057416268,0.2749766204274015
3670,,after_candidate_limit,,3836,153,11,153,9.44,4.25,3,4.5,3,2,0.8157875598086124,0.2745415659400619
3671,,after_candidate_limit,,4161,166,11,166,9.44,8.5,2.17,3.25,3,2,0.7972382775119617,0.27449387560666677
3672,,after_candidate_limit,,4012,160,12,160,9.44,5.66,3,4.5,3,3,0.8157846889952153,0.2740432595137335
3673,,after_candidate_limit,,3986,159,11,159,9.44,5.66,2.17,3.25,3,2,0.7971464114832536,0.27384674512561036
3674,,after_candidate_limit,,3661,146,11,146,9.44,2.83,3,4.5,3,2,0.8157741626794258,0.27367305847164497
3675,,after_candidate_limit,,3635,145,10,145,9.44,2.83,2.17,3.25,3,1,0.7971435406698565,0.27357849331446665
3676,,after_candidate_limit,,3837,153,12,153,9.44,4.25,3,4.5,3,3,0.8157693779904306,0.2728055260041125
3677,,after_candidate_limit,,4187,167,12,167,9.44,8.5,3,4.5,3,3,0.815844976076555,0.2723402874352934
3678,,after_candidate_limit,,3811,152,11,152,9.44,4.25,2.17,3.25,3,2,0.7971129186602871,0.27215532785655944
3679,,after_candidate_limit,,4162,166,12,166,9.44,8.5,2.17,3.25,3,3,0.7971626794258373,0.2717291868537873
3680,,after_candidate_limit,,3987,159,12,159,9.44,5.66,2.17,3.25,3,3,0.7971071770334929,0.2716774157892955
3681,,after_candidate_limit,,3636,145,11,145,9.44,2.83,2.17,3.25,3,2,0.7970985645933014,0.2712432619453187
3682,,after_candidate_limit,,4188,167,13,167,9.44,8.5,3,4.5,3,8,0.8157626794258374,0.2709492489478354
3683,,after_candidate_limit,,3662,146,12,146,9.44,2.83,3,4.5,3,3,0.8157607655502392,0.2708724231341675
3684,,after_candidate_limit,,3663,146,13,146,9.44,2.83,3,4.5,3,8,0.8157598086124402,0.2707269685887129
3685,,after_candidate_limit,,3664,146,14,146,9.44,2.83,3,4.5,3,15,0.8157598086124402,0.2707269685887129
3686,,after_candidate_limit,,3838,153,13,153,9.44,4.25,3,4.5,3,8,0.8157598086124402,0.2707269685887129
3687,,after_candidate_limit,,3839,153,14,153,9.44,4.25,3,4.5,3,15,0.8157598086124402,0.2707269685887129
3688,,after_candidate_limit,,4013,160,13,160,9.44,5.66,3,4.5,3,8,0.8157598086124402,0.2707269685887129
3689,,after_candidate_limit,,4014,160,14,160,9.44,5.66,3,4.5,3,15,0.8157598086124402,0.2707269685887129
3690,,after_candidate_limit,,4189,167,14,167,9.44,8.5,3,4.5,3,15,0.8157598086124402,0.2707269685887129
3691,,after_candidate_limit,,3812,152,12,152,9.44,4.25,2.17,3.25,3,3,0.7970928229665072,0.2703281671367456
3692,,after_candidate_limit,,3990,159,15,159,9.44,5.66,2.17,3.25,6,1,0.7481368421052632,0.2690902007182378
3693,,after_candidate_limit,,4163,166,13,166,9.44,8.5,2.17,3.25,3,8,0.7970861244019138,0.26785954993019734
3694,,after_candidate_limit,,3637,145,12,145,9.44,2.83,2.17,3.25,3,3,0.7970842105263158,0.26776453077310924
3695,,after_candidate_limit,,3638,145,13,145,9.44,2.83,2.17,3.25,3,8,0.7970832535885167,0.26761301562159406
3696,,after_candidate_limit,,3639,145,14,145,9.44,2.83,2.17,3.25,3,15,0.7970832535885167,0.26761301562159406
3697,,after_candidate_limit,,3813,152,13,152,9.44,4.25,2.17,3.25,3,8,0.7970832535885167,0.26761301562159406
3698,,after_candidate_limit,,3814,152,14,152,9.44,4.25,2.17,3.25,3,15,0.7970832535885167,0.26761301562159406
3699,,after_candidate_limit,,3988,159,13,159,9.44,5.66,2.17,3.25,3,8,0.7970832535885167,0.26761301562159406
3700,,after_candidate_limit,,3989,159,14,159,9.44,5.66,2.17,3.25,3,15,0.7970832535885167,0.26761301562159406
3701,,after_candidate_limit,,4164,166,14,166,9.44,8.5,2.17,3.25,3,15,0.7970832535885167,0.26761301562159406
3702,,after_candidate_limit,,3991,159,16,159,9.44,5.66,2.17,3.25,6,2,0.7478980861244019,0.26684756301232515
3703,,after_candidate_limit,,3815,152,15,152,9.44,4.25,2.17,3.25,6,1,0.7479095693779905,0.26487133432016946
3704,,after_candidate_limit,,4015,160,15,160,9.44,5.66,3,4.5,6,1,0.7464593301435407,0.2648245996094745
3705,,after_candidate_limit,,4167,166,17,166,9.44,8.5,2.17,3.25,6,3,0.7478961722488038,0.2646534254922835
3706,,after_candidate_limit,,3640,145,15,145,9.44,2.83,2.17,3.25,6,1,0.7478942583732058,0.2645077874921016
3707,,after_candidate_limit,,3816,152,16,152,9.44,4.25,2.17,3.25,6,2,0.7478894736842105,0.264504809864082
3708,,after_candidate_limit,,3992,159,17,159,9.44,5.66,2.17,3.25,6,3,0.7478866028708134,0.26410096371023584
3709,,after_candidate_limit,,3641,145,16,145,9.44,2.83,2.17,3.25,6,2,0.7478827751196172,0.2630372701241285
3710,,after_candidate_limit,,4016,160,16,160,9.44,5.66,3,4.5,6,2,0.7461966507177034,0.26248022957470785
3711,,after_candidate_limit,,3817,152,17,152,9.44,4.25,2.17,3.25,6,3,0.7478789473684211,0.26241362187695083
3712,,after_candidate_limit,,4166,166,16,166,9.44,8.5,2.17,3.25,6,2,0.7480813397129187,0.26144751318773807
3713,,after_candidate_limit,,3840,153,15,153,9.44,4.25,3,4.5,6,1,0.7462177033492823,0.2608008369663777
3714,,after_candidate_limit,,3665,146,15,146,9.44,2.83,3,4.5,6,1,0.7461947368421052,0.2602968641055337
3715,,after_candidate_limit,,3335,133,10,133,5,4.5,0.5,0.75,3,1,0.809822966507177,0.2601134517849285
3716,,after_candidate_limit,,3841,153,16,153,9.44,4.25,3,4.5,6,2,0.7461851674641148,0.26011268622841877
3717,,after_candidate_limit,,3642,145,17,145,9.44,2.83,2.17,3.25,6,3,0.7478703349282296,0.2600661249294538
3718,,after_candidate_limit,,4017,160,17,160,9.44,5.66,3,4.5,6,3,0.7461832535885168,0.25975209509541386
3719,,after_candidate_limit,,4192,167,17,167,9.44,8.5,3,4.5,6,3,0.7461966507177034,0.25923481206661647
3720,,after_candidate_limit,,3666,146,16,146,9.44,2.83,3,4.5,6,2,0.7461803827751197,0.25920814391083297
3721,,after_candidate_limit,,4168,166,18,166,9.44,8.5,2.17,3.25,6,8,0.7478655502392344,0.25917406143739036
3722,,after_candidate_limit,,3842,153,17,153,9.44,4.25,3,4.5,6,3,0.7461775119617224,0.258771635974325
3723,,after_candidate_limit,,4165,166,15,166,9.44,8.5,2.17,3.25,6,1,0.7458526315789473,0.2586189520345027
3724,,after_candidate_limit,,4191,167,16,167,9.44,8.5,3,4.5,6,2,0.7463760765550239,0.258454443814005
3725,,after_candidate_limit,,3385,135,10,135,5,4.5,0.5,2,3,1,0.809821052631579,0.2580492618472351
3726,,after_candidate_limit,,3360,134,10,134,5,4.5,0.5,1.38,3,1,0.8098191387559809,0.2579889852963518
3727,,after_candidate_limit,,3643,145,18,145,9.44,2.83,2.17,3.25,6,8,0.7478645933014354,0.25717406143739036
3728,,after_candidate_limit,,3644,145,19,145,9.44,2.83,2.17,3.25,6,15,0.7478645933014354,0.25717406143739036
3729,,after_candidate_limit,,3818,152,18,152,9.44,4.25,2.17,3.25,6,8,0.7478645933014354,0.25717406143739036
3730,,after_candidate_limit,,3819,152,19,152,9.44,4.25,2.17,3.25,6,15,0.7478645933014354,0.25717406143739036
3731,,after_candidate_limit,,3993,159,18,159,9.44,5.66,2.17,3.25,6,8,0.7478645933014354,0.25717406143739036
3732,,after_candidate_limit,,3994,159,19,159,9.44,5.66,2.17,3.25,6,15,0.7478645933014354,0.25717406143739036
3733,,after_candidate_limit,,4169,166,19,166,9.44,8.5,2.17,3.25,6,15,0.7478645933014354,0.25717406143739036
3734,,after_candidate_limit,,4190,167,15,167,9.44,8.5,3,4.5,6,1,0.7466583732057416,0.2571543672150713
3735,,after_candidate_limit,,3667,146,17,146,9.44,2.83,3,4.5,6,3,0.7461688995215311,0.2565404671431562
3736,,after_candidate_limit,,3160,126,10,126,5,3,0.5,0.75,3,1,0.8098009569377991,0.25644322924051316
3737,,after_candidate_limit,,3210,128,10,128,5,3,0.5,2,3,1,0.809799043062201,0.2564169091883072
3738,,after_candidate_limit,,3185,127,10,127,5,3,0.5,1.38,3,1,0.8097971291866028,0.25632068801240476
3739,,after_candidate_limit,,2985,119,10,119,5,2.25,0.5,0.75,3,1,0.809798086124402,0.25629752870640926
3740,,after_candidate_limit,,3336,133,11,133,5,4.5,0.5,0.75,3,2,0.8097933014354067,0.2560893152759937
3741,,after_candidate_limit,,4193,167,18,167,9.44,8.5,3,4.5,6,8,0.746165071770335,0.2558261814288705
3742,,after_candidate_limit,,3361,134,11,134,5,4.5,0.5,1.38,3,2,0.8097923444976076,0.25542264860932706
3743,,after_candidate_limit,,3010,120,10,120,5,2.25,0.5,1.38,3,1,0.8097942583732057,0.25484608632664024
3744,,after_candidate_limit,,3035,121,10,121,5,2.25,0.5,2,3,1,0.8097942583732057,0.25484608632664024
3745,,after_candidate_limit,,2810,112,10,112,5,1.5,0.5,0.75,3,1,0.8097933014354067,0.25483559589915533
3746,,after_candidate_limit,,3386,135,11,135,5,4.5,0.5,2,3,2,0.8097923444976076,0.25482191600859444
3747,,after_candidate_limit,,2835,113,10,113,5,1.5,0.5,1.38,3,1,0.8097904306220096,0.25406603068176403
3748,,after_candidate_limit,,2860,114,10,114,5,1.5,0.5,2,3,1,0.8097894736842105,0.25400009661582995
3749,,after_candidate_limit,,3668,146,18,146,9.44,2.83,3,4.5,6,8,0.7461641148325359,0.2538261814288705
3750,,after_candidate_limit,,3669,146,19,146,9.44,2.83,3,4.5,6,15,0.7461641148325359,0.2538261814288705
3751,,after_candidate_limit,,3843,153,18,153,9.44,4.25,3,4.5,6,8,0.7461641148325359,0.2538261814288705
3752,,after_candidate_limit,,3844,153,19,153,9.44,4.25,3,4.5,6,15,0.7461641148325359,0.2538261814288705
3753,,after_candidate_limit,,4018,160,18,160,9.44,5.66,3,4.5,6,8,0.7461641148325359,0.2538261814288705
3754,,after_candidate_limit,,4019,160,19,160,9.44,5.66,3,4.5,6,15,0.7461641148325359,0.2538261814288705
3755,,after_candidate_limit,,4194,167,19,167,9.44,8.5,3,4.5,6,15,0.7461641148325359,0.2538261814288705
3756,,after_candidate_limit,,2986,119,11,119,5,2.25,0.5,0.75,3,2,0.8097866028708134,0.25351975005860244
3757,,after_candidate_limit,,3161,126,11,126,5,3,0.5,0.75,3,2,0.8097866028708134,0.25351975005860244
3758,,after_candidate_limit,,3186,127,11,127,5,3,0.5,1.38,3,2,0.8097866028708134,0.25351975005860244
3759,,after_candidate_limit,,3211,128,11,128,5,3,0.5,2,3,2,0.8097866028708134,0.25351975005860244
3760,,after_candidate_limit,,3387,135,12,135,5,4.5,0.5,2,3,3,0.8097866028708134,0.25351975005860244
3761,,after_candidate_limit,,2811,112,11,112,5,1.5,0.5,0.75,3,2,0.8097846889952153,0.2531959405347929
3762,,after_candidate_limit,,2812,112,12,112,5,1.5,0.5,0.75,3,3,0.8097846889952153,0.2531959405347929
3763,,after_candidate_limit,,2813,112,13,112,5,1.5,0.5,0.75,3,8,0.8097846889952153,0.2531959405347929
3764,,after_candidate_limit,,2814,112,14,112,5,1.5,0.5,0.75,3,15,0.8097846889952153,0.2531959405347929
3765,,after_candidate_limit,,2836,113,11,113,5,1.5,0.5,1.38,3,2,0.8097846889952153,0.2531959405347929
3766,,after_candidate_limit,,2837,113,12,113,5,1.5,0.5,1.38,3,3,0.8097846889952153,0.2531959405347929
3767,,after_candidate_limit,,2838,113,13,113,5,1.5,0.5,1.38,3,8,0.8097846889952153,0.2531959405347929
3768,,after_candidate_limit,,2839,113,14,113,5,1.5,0.5,1.38,3,15,0.8097846889952153,0.2531959405347929
3769,,after_candidate_limit,,2861,114,11,114,5,1.5,0.5,2,3,2,0.8097846889952153,0.2531959405347929
3770,,after_candidate_limit,,2862,114,12,114,5,1.5,0.5,2,3,3,0.8097846889952153,0.2531959405347929
3771,,after_candidate_limit,,2863,114,13,114,5,1.5,0.5,2,3,8,0.8097846889952153,0.2531959405347929
3772,,after_candidate_limit,,2864,114,14,114,5,1.5,0.5,2,3,15,0.8097846889952153,0.2531959405347929
3773,,after_candidate_limit,,2987,119,12,119,5,2.25,0.5,0.75,3,3,0.8097846889952153,0.2531959405347929
3774,,after_candidate_limit,,2988,119,13,119,5,2.25,0.5,0.75,3,8,0.8097846889952153,0.2531959405347929
3775,,after_candidate_limit,,2989,119,14,119,5,2.25,0.5,0.75,3,15,0.8097846889952153,0.2531959405347929
3776,,after_candidate_limit,,3011,120,11,120,5,2.25,0.5,1.38,3,2,0.8097846889952153,0.2531959405347929
3777,,after_candidate_limit,,3012,120,12,120,5,2.25,0.5,1.38,3,3,0.8097846889952153,0.2531959405347929
3778,,after_candidate_limit,,3013,120,13,120,5,2.25,0.5,1.38,3,8,0.8097846889952153,0.2531959405347929
3779,,after_candidate_limit,,3014,120,14,120,5,2.25,0.5,1.38,3,15,0.8097846889952153,0.2531959405347929
3780,,after_candidate_limit,,3036,121,11,121,5,2.25,0.5,2,3,2,0.8097846889952153,0.2531959405347929
3781,,after_candidate_limit,,3037,121,12,121,5,2.25,0.5,2,3,3,0.8097846889952153,0.2531959405347929
3782,,after_candidate_limit,,3038,121,13,121,5,2.25,0.5,2,3,8,0.8097846889952153,0.2531959405347929
3783,,after_candidate_limit,,3039,121,14,121,5,2.25,0.5,2,3,15,0.8097846889952153,0.2531959405347929
3784,,after_candidate_limit,,3162,126,12,126,5,3,0.5,0.75,3,3,0.8097846889952153,0.2531959405347929
3785,,after_candidate_limit,,3163,126,13,126,5,3,0.5,0.75,3,8,0.8097846889952153,0.2531959405347929
3786,,after_candidate_limit,,3164,126,14,126,5,3,0.5,0.75,3,15,0.8097846889952153,0.2531959405347929
3787,,after_candidate_limit,,3187,127,12,127,5,3,0.5,1.38,3,3,0.8097846889952153,0.2531959405347929
3788,,after_candidate_limit,,3188,127,13,127,5,3,0.5,1.38,3,8,0.8097846889952153,0.2531959405347929
3789,,after_candidate_limit,,3189,127,14,127,5,3,0.5,1.38,3,15,0.8097846889952153,0.2531959405347929
3790,,after_candidate_limit,,3212,128,12,128,5,3,0.5,2,3,3,0.8097846889952153,0.2531959405347929
3791,,after_candidate_limit,,3213,128,13,128,5,3,0.5,2,3,8,0.8097846889952153,0.2531959405347929
3792,,after_candidate_limit,,3214,128,14,128,5,3,0.5,2,3,15,0.8097846889952153,0.2531959405347929
3793,,after_candidate_limit,,3337,133,12,133,5,4.5,0.5,0.75,3,3,0.8097846889952153,0.2531959405347929
3794,,after_candidate_limit,,3338,133,13,133,5,4.5,0.5,0.75,3,8,0.8097846889952153,0.2531959405347929
3795,,after_candidate_limit,,3339,133,14,133,5,4.5,0.5,0.75,3,15,0.8097846889952153,0.2531959405347929
3796,,after_candidate_limit,,3362,134,12,134,5,4.5,0.5,1.38,3,3,0.8097846889952153,0.2531959405347929
3797,,after_candidate_limit,,3363,134,13,134,5,4.5,0.5,1.38,3,8,0.8097846889952153,0.2531959405347929
3798,,after_candidate_limit,,3364,134,14,134,5,4.5,0.5,1.38,3,15,0.8097846889952153,0.2531959405347929
3799,,after_candidate_limit,,3388,135,13,135,5,4.5,0.5,2,3,8,0.8097846889952153,0.2531959405347929
3800,,after_candidate_limit,,3389,135,14,135,5,4.5,0.5,2,3,15,0.8097846889952153,0.2531959405347929
3801,,after_candidate_limit,,3400,136,0,136,5,4.5,1.33,2,1,1,0.8487478468899522,0.23869340061504674
3802,,after_candidate_limit,,3425,137,0,137,5,4.5,1.33,3.67,1,1,0.8487468899521531,0.2383508939984378
3803,,after_candidate_limit,,3250,130,0,130,5,3,1.33,3.67,1,1,0.8486952153110048,0.2375527159009069
3804,,after_candidate_limit,,3225,129,0,129,5,3,1.33,2,1,1,0.8486846889952153,0.23742745957112094
3805,,after_candidate_limit,,3075,123,0,123,5,2.25,1.33,3.67,1,1,0.8486741626794259,0.23718191827358584
3806,,after_candidate_limit,,3050,122,0,122,5,2.25,1.33,2,1,1,0.8486693779904306,0.2371287210790795
3807,,after_candidate_limit,,3401,136,1,136,5,4.5,1.33,2,1,2,0.8486540669856459,0.23696646413858727
3808,,after_candidate_limit,,3426,137,1,137,5,4.5,1.33,3.67,1,2,0.8486540669856459,0.23696646413858727
3809,,after_candidate_limit,,3251,130,1,130,5,3,1.33,3.67,1,2,0.8486397129186602,0.23660159846951861
3810,,after_candidate_limit,,2875,115,0,115,5,1.5,1.33,2,1,1,0.8486483253588517,0.23656901881088932
3811,,after_candidate_limit,,3226,129,1,129,5,3,1.33,2,1,2,0.8486377990430622,0.23653089954478743
3812,,after_candidate_limit,,2900,116,0,116,5,1.5,1.33,3.67,1,1,0.8486464114832536,0.23642440449044563
3813,,after_candidate_limit,,3402,136,2,136,5,4.5,1.33,2,1,3,0.8486311004784689,0.2361389448903115
3814,,after_candidate_limit,,3427,137,2,137,5,4.5,1.33,3.67,1,3,0.8486311004784689,0.2361389448903115
3815,,after_candidate_limit,,3076,123,1,123,5,2.25,1.33,3.67,1,2,0.8486272727272727,0.23585547397526166
3816,,after_candidate_limit,,3051,122,1,122,5,2.25,1.33,2,1,2,0.8486244019138756,0.23573723533834573
3817,,after_candidate_limit,,2876,115,1,115,5,1.5,1.33,2,1,2,0.8486215311004784,0.23551043436154476
3818,,after_candidate_limit,,2901,116,1,116,5,1.5,1.33,3.67,1,2,0.8486215311004784,0.23551043436154476
3819,,after_candidate_limit,,3227,129,2,129,5,3,1.33,2,1,3,0.8486205741626794,0.2353437676948781
3820,,after_candidate_limit,,3252,130,2,130,5,3,1.33,3.67,1,3,0.8486205741626794,0.2353437676948781
3821,,after_candidate_limit,,3052,122,2,122,5,2.25,1.33,2,1,3,0.8486196172248803,0.23507710102821144
3822,,after_candidate_limit,,3077,123,2,123,5,2.25,1.33,3.67,1,3,0.8486196172248803,0.23507710102821144
3823,,after_candidate_limit,,2877,115,2,115,5,1.5,1.33,2,1,3,0.8486186602870813,0.23501862149604769
3824,,after_candidate_limit,,2878,115,3,115,5,1.5,1.33,2,1,8,0.8486186602870813,0.23501862149604769
3825,,after_candidate_limit,,2879,115,4,115,5,1.5,1.33,2,1,15,0.8486186602870813,0.23501862149604769
3826,,after_candidate_limit,,2902,116,2,116,5,1.5,1.33,3.67,1,3,0.8486186602870813,0.23501862149604769
3827,,after_candidate_limit,,2903,116,3,116,5,1.5,1.33,3.67,1,8,0.8486186602870813,0.23501862149604769
3828,,after_candidate_limit,,2904,116,4,116,5,1.5,1.33,3.67,1,15,0.8486186602870813,0.23501862149604769
3829,,after_candidate_limit,,3053,122,3,122,5,2.25,1.33,2,1,8,0.8486186602870813,0.23501862149604769
3830,,after_candidate_limit,,3054,122,4,122,5,2.25,1.33,2,1,15,0.8486186602870813,0.23501862149604769
3831,,after_candidate_limit,,3078,123,3,123,5,2.25,1.33,3.67,1,8,0.8486186602870813,0.23501862149604769
3832,,after_candidate_limit,,3079,123,4,123,5,2.25,1.33,3.67,1,15,0.8486186602870813,0.23501862149604769
3833,,after_candidate_limit,,3228,129,3,129,5,3,1.33,2,1,8,0.8486186602870813,0.23501862149604769
3834,,after_candidate_limit,,3229,129,4,129,5,3,1.33,2,1,15,0.8486186602870813,0.23501862149604769
3835,,after_candidate_limit,,3253,130,3,130,5,3,1.33,3.67,1,8,0.8486186602870813,0.23501862149604769
3836,,after_candidate_limit,,3254,130,4,130,5,3,1.33,3.67,1,15,0.8486186602870813,0.23501862149604769
3837,,after_candidate_limit,,3403,136,3,136,5,4.5,1.33,2,1,8,0.8486186602870813,0.23501862149604769
3838,,after_candidate_limit,,3404,136,4,136,5,4.5,1.33,2,1,15,0.8486186602870813,0.23501862149604769
3839,,after_candidate_limit,,3428,137,3,137,5,4.5,1.33,3.67,1,8,0.8486186602870813,0.23501862149604769
3840,,after_candidate_limit,,3429,137,4,137,5,4.5,1.33,3.67,1,15,0.8486186602870813,0.23501862149604769
3841,,after_candidate_limit,,3450,138,0,138,5,4.5,2.17,3.25,1,1,0.7655722488038278,0.20376756226137632
3842,,after_candidate_limit,,3275,131,0,131,5,3,2.17,3.25,1,1,0.7655138755980861,0.2027681681354374
3843,,after_candidate_limit,,3100,124,0,124,5,2.25,2.17,3.25,1,1,0.76548995215311,0.20229150049414502
3844,,after_candidate_limit,,3451,138,1,138,5,4.5,2.17,3.25,1,2,0.7654775119617225,0.20223011817239528
3845,,after_candidate_limit,,3276,131,1,131,5,3,2.17,3.25,1,2,0.7654641148325358,0.2018758938326038
3846,,after_candidate_limit,,2925,117,0,117,5,1.5,2.17,3.25,1,1,0.7654717703349282,0.20170502855396316
3847,,after_candidate_limit,,3452,138,2,138,5,4.5,2.17,3.25,1,3,0.7654555023923445,0.2014268290403361
3848,,after_candidate_limit,,3101,124,1,124,5,2.25,2.17,3.25,1,2,0.7654516746411483,0.20117369620825587
3849,,after_candidate_limit,,2926,117,1,117,5,1.5,2.17,3.25,1,2,0.765445933014354,0.20085535324279108
3850,,after_candidate_limit,,3277,131,2,131,5,3,2.17,3.25,1,3,0.765445933014354,0.20070110893637283
3851,,after_candidate_limit,,3102,124,2,124,5,2.25,2.17,3.25,1,3,0.7654440191387559,0.20042201990945774
3852,,after_candidate_limit,,2927,117,2,117,5,1.5,2.17,3.25,1,3,0.7654430622009569,0.20036354037729398
3853,,after_candidate_limit,,2928,117,3,117,5,1.5,2.17,3.25,1,8,0.7654430622009569,0.20036354037729398
3854,,after_candidate_limit,,2929,117,4,117,5,1.5,2.17,3.25,1,15,0.7654430622009569,0.20036354037729398
3855,,after_candidate_limit,,3103,124,3,124,5,2.25,2.17,3.25,1,8,0.7654430622009569,0.20036354037729398
3856,,after_candidate_limit,,3104,124,4,124,5,2.25,2.17,3.25,1,15,0.7654430622009569,0.20036354037729398
3857,,after_candidate_limit,,3278,131,3,131,5,3,2.17,3.25,1,8,0.7654430622009569,0.20036354037729398
3858,,after_candidate_limit,,3279,131,4,131,5,3,2.17,3.25,1,15,0.7654430622009569,0.20036354037729398
3859,,after_candidate_limit,,3453,138,3,138,5,4.5,2.17,3.25,1,8,0.7654430622009569,0.20036354037729398
3860,,after_candidate_limit,,3454,138,4,138,5,4.5,2.17,3.25,1,15,0.7654430622009569,0.20036354037729398
3861,,after_candidate_limit,,3475,139,0,139,5,4.5,3,4.5,1,1,0.7009272727272727,0.18307736290205512
3862,,after_candidate_limit,,3300,132,0,132,5,3,3,4.5,1,1,0.7008813397129187,0.1822701225654999
3863,,after_candidate_limit,,3125,125,0,125,5,2.25,3,4.5,1,1,0.7008440191387559,0.18165359947305104
3864,,after_candidate_limit,,3476,139,1,139,5,4.5,3,4.5,1,2,0.7008325358851675,0.18159986693472258
3865,,after_candidate_limit,,3301,132,1,132,5,3,3,4.5,1,2,0.7008191387559809,0.181300922963438
3866,,after_candidate_limit,,2950,118,0,118,5,1.5,3,4.5,1,1,0.7008277511961722,0.18106983482563846
3867,,after_candidate_limit,,3477,139,2,139,5,4.5,3,4.5,1,3,0.7008133971291866,0.1808207631516547
3868,,after_candidate_limit,,3126,125,1,125,5,2.25,3,4.5,1,2,0.7008066985645933,0.1805178032647546
3869,,after_candidate_limit,,2951,118,1,118,5,1.5,3,4.5,1,2,0.7008019138755981,0.18018881119970118
3870,,after_candidate_limit,,3302,132,2,132,5,3,3,4.5,1,3,0.7008019138755981,0.18003456689328295
3871,,after_candidate_limit,,2952,118,2,118,5,1.5,3,4.5,1,3,0.700799043062201,0.17969011838924367
3872,,after_candidate_limit,,2953,118,3,118,5,1.5,3,4.5,1,8,0.700799043062201,0.17969011838924367
3873,,after_candidate_limit,,2954,118,4,118,5,1.5,3,4.5,1,15,0.700799043062201,0.17969011838924367
3874,,after_candidate_limit,,3127,125,2,125,5,2.25,3,4.5,1,3,0.700799043062201,0.17969011838924367
3875,,after_candidate_limit,,3128,125,3,125,5,2.25,3,4.5,1,8,0.700799043062201,0.17969011838924367
3876,,after_candidate_limit,,3129,125,4,125,5,2.25,3,4.5,1,15,0.700799043062201,0.17969011838924367
3877,,after_candidate_limit,,3303,132,3,132,5,3,3,4.5,1,8,0.700799043062201,0.17969011838924367
3878,,after_candidate_limit,,3304,132,4,132,5,3,3,4.5,1,15,0.700799043062201,0.17969011838924367
3879,,after_candidate_limit,,3478,139,3,139,5,4.5,3,4.5,1,8,0.700799043062201,0.17969011838924367
3880,,after_candidate_limit,,3479,139,4,139,5,4.5,3,4.5,1,15,0.700799043062201,0.17969011838924367
3881,,after_candidate_limit,,3445,137,20,137,5,4.5,1.33,3.67,20,1,0.6108846889952153,0.15758441306840634
3882,,after_candidate_limit,,3420,136,20,136,5,4.5,1.33,2,20,1,0.6109028708133971,0.15749800396271932
3883,,after_candidate_limit,,3270,130,20,130,5,3,1.33,3.67,20,1,0.6108282296650718,0.1544534632424749
3884,,after_candidate_limit,,3245,129,20,129,5,3,1.33,2,20,1,0.6108205741626794,0.15421810495347688
3885,,after_candidate_limit,,3446,137,21,137,5,4.5,1.33,3.67,20,2,0.6108004784688995,0.1534340480606212
3886,,after_candidate_limit,,3421,136,21,136,5,4.5,1.33,2,20,2,0.6107966507177034,0.15338066016848487
3887,,after_candidate_limit,,3070,122,20,122,5,2.25,1.33,2,20,1,0.6107650717703349,0.15294166858628586
3888,,after_candidate_limit,,3095,123,20,123,5,2.25,1.33,3.67,20,1,0.6107631578947369,0.15287186186381346
3889,,after_candidate_limit,,3271,130,21,130,5,3,1.33,3.67,20,2,0.6107497607655502,0.15215964666879725
3890,,after_candidate_limit,,3246,129,21,129,5,3,1.33,2,20,2,0.6107488038277512,0.15211916083883775
3891,,after_candidate_limit,,2920,116,20,116,5,1.5,1.33,3.67,20,1,0.6107459330143541,0.1520399571167841
3892,,after_candidate_limit,,2895,115,20,115,5,1.5,1.33,2,20,1,0.6107459330143541,0.15201522555543928
3893,,after_candidate_limit,,3447,137,22,137,5,4.5,1.33,3.67,20,3,0.6107516746411483,0.15189317257574597
3894,,after_candidate_limit,,3422,136,22,136,5,4.5,1.33,2,20,3,0.6107507177033493,0.1518732990436773
3895,,after_candidate_limit,,2896,115,21,115,5,1.5,1.33,2,20,2,0.6107411483253589,0.15155938289448828
3896,,after_candidate_limit,,3071,122,21,122,5,2.25,1.33,2,20,2,0.6107411483253589,0.15155938289448828
3897,,after_candidate_limit,,3096,123,21,123,5,2.25,1.33,3.67,20,2,0.6107411483253589,0.15155938289448828
3898,,after_candidate_limit,,3247,129,22,129,5,3,1.33,2,20,3,0.6107411483253589,0.15155938289448828
3899,,after_candidate_limit,,3272,130,22,130,5,3,1.33,3.67,20,3,0.6107411483253589,0.15155938289448828
3900,,after_candidate_limit,,2921,116,21,116,5,1.5,1.33,3.67,20,2,0.6107401913875599,0.15146787962651442
3901,,after_candidate_limit,,3072,122,22,122,5,2.25,1.33,2,20,3,0.6107401913875599,0.15146787962651442
3902,,after_candidate_limit,,3097,123,22,123,5,2.25,1.33,3.67,20,3,0.6107401913875599,0.15146787962651442
3903,,after_candidate_limit,,2897,115,22,115,5,1.5,1.33,2,20,3,0.6107392344497607,0.15137964433239676
3904,,after_candidate_limit,,2898,115,23,115,5,1.5,1.33,2,20,8,0.6107392344497607,0.15137964433239676
3905,,after_candidate_limit,,2899,115,24,115,5,1.5,1.33,2,20,15,0.6107392344497607,0.15137964433239676
3906,,after_candidate_limit,,2922,116,22,116,5,1.5,1.33,3.67,20,3,0.6107392344497607,0.15137964433239676
3907,,after_candidate_limit,,2923,116,23,116,5,1.5,1.33,3.67,20,8,0.6107392344497607,0.15137964433239676
3908,,after_candidate_limit,,2924,116,24,116,5,1.5,1.33,3.67,20,15,0.6107392344497607,0.15137964433239676
3909,,after_candidate_limit,,3073,122,23,122,5,2.25,1.33,2,20,8,0.6107392344497607,0.15137964433239676
3910,,after_candidate_limit,,3074,122,24,122,5,2.25,1.33,2,20,15,0.6107392344497607,0.15137964433239676
3911,,after_candidate_limit,,3098,123,23,123,5,2.25,1.33,3.67,20,8,0.6107392344497607,0.15137964433239676
3912,,after_candidate_limit,,3099,123,24,123,5,2.25,1.33,3.67,20,15,0.6107392344497607,0.15137964433239676
3913,,after_candidate_limit,,3248,129,23,129,5,3,1.33,2,20,8,0.6107392344497607,0.15137964433239676
3914,,after_candidate_limit,,3249,129,24,129,5,3,1.33,2,20,15,0.6107392344497607,0.15137964433239676
3915,,after_candidate_limit,,3273,130,23,130,5,3,1.33,3.67,20,8,0.6107392344497607,0.15137964433239676
3916,,after_candidate_limit,,3274,130,24,130,5,3,1.33,3.67,20,15,0.6107392344497607,0.15137964433239676
3917,,after_candidate_limit,,3423,136,23,136,5,4.5,1.33,2,20,8,0.6107392344497607,0.15137964433239676
3918,,after_candidate_limit,,3424,136,24,136,5,4.5,1.33,2,20,15,0.6107392344497607,0.15137964433239676
3919,,after_candidate_limit,,3448,137,23,137,5,4.5,1.33,3.67,20,8,0.6107392344497607,0.15137964433239676
3920,,after_candidate_limit,,3449,137,24,137,5,4.5,1.33,3.67,20,15,0.6107392344497607,0.15137964433239676
3921,,after_candidate_limit,,3430,137,5,137,5,4.5,1.33,3.67,2,1,0.7001655502392344,0.15075083772133174
3922,,after_candidate_limit,,3405,136,5,136,5,4.5,1.33,2,2,1,0.7001655502392344,0.1507334782691897
3923,,after_candidate_limit,,2880,115,5,115,5,1.5,1.33,2,2,1,0.7001655502392344,0.15072341238048603
3924,,after_candidate_limit,,2905,116,5,116,5,1.5,1.33,3.67,2,1,0.7001655502392344,0.15072341238048603
3925,,after_candidate_limit,,3055,122,5,122,5,2.25,1.33,2,2,1,0.7001645933014354,0.1507113460154785
3926,,after_candidate_limit,,3080,123,5,123,5,2.25,1.33,3.67,2,1,0.7001636363636363,0.15069245262816405
3927,,after_candidate_limit,,3230,129,5,129,5,3,1.33,2,2,1,0.7001636363636363,0.15069245262816405
3928,,after_candidate_limit,,3255,130,5,130,5,3,1.33,3.67,2,1,0.7001636363636363,0.15069245262816405
3929,,after_candidate_limit,,2881,115,6,115,5,1.5,1.33,2,2,2,0.7001636363636363,0.1506865702752229
3930,,after_candidate_limit,,2882,115,7,115,5,1.5,1.33,2,2,3,0.7001636363636363,0.1506865702752229
3931,,after_candidate_limit,,2883,115,8,115,5,1.5,1.33,2,2,8,0.7001636363636363,0.1506865702752229
3932,,after_candidate_limit,,2884,115,9,115,5,1.5,1.33,2,2,15,0.7001636363636363,0.1506865702752229
3933,,after_candidate_limit,,2906,116,6,116,5,1.5,1.33,3.67,2,2,0.7001636363636363,0.1506865702752229
3934,,after_candidate_limit,,2907,116,7,116,5,1.5,1.33,3.67,2,3,0.7001636363636363,0.1506865702752229
3935,,after_candidate_limit,,2908,116,8,116,5,1.5,1.33,3.67,2,8,0.7001636363636363,0.1506865702752229
3936,,after_candidate_limit,,2909,116,9,116,5,1.5,1.33,3.67,2,15,0.7001636363636363,0.1506865702752229
3937,,after_candidate_limit,,3056,122,6,122,5,2.25,1.33,2,2,2,0.7001636363636363,0.1506865702752229
3938,,after_candidate_limit,,3057,122,7,122,5,2.25,1.33,2,2,3,0.7001636363636363,0.1506865702752229
3939,,after_candidate_limit,,3058,122,8,122,5,2.25,1.33,2,2,8,0.7001636363636363,0.1506865702752229
3940,,after_candidate_limit,,3059,122,9,122,5,2.25,1.33,2,2,15,0.7001636363636363,0.1506865702752229
3941,,after_candidate_limit,,3081,123,6,123,5,2.25,1.33,3.67,2,2,0.7001636363636363,0.1506865702752229
3942,,after_candidate_limit,,3082,123,7,123,5,2.25,1.33,3.67,2,3,0.7001636363636363,0.1506865702752229
3943,,after_candidate_limit,,3083,123,8,123,5,2.25,1.33,3.67,2,8,0.7001636363636363,0.1506865702752229
3944,,after_candidate_limit,,3084,123,9,123,5,2.25,1.33,3.67,2,15,0.7001636363636363,0.1506865702752229
3945,,after_candidate_limit,,3231,129,6,129,5,3,1.33,2,2,2,0.7001636363636363,0.1506865702752229
3946,,after_candidate_limit,,3232,129,7,129,5,3,1.33,2,2,3,0.7001636363636363,0.1506865702752229
3947,,after_candidate_limit,,3233,129,8,129,5,3,1.33,2,2,8,0.7001636363636363,0.1506865702752229
3948,,after_candidate_limit,,3234,129,9,129,5,3,1.33,2,2,15,0.7001636363636363,0.1506865702752229
3949,,after_candidate_limit,,3256,130,6,130,5,3,1.33,3.67,2,2,0.7001636363636363,0.1506865702752229
3950,,after_candidate_limit,,3257,130,7,130,5,3,1.33,3.67,2,3,0.7001636363636363,0.1506865702752229
3951,,after_candidate_limit,,3258,130,8,130,5,3,1.33,3.67,2,8,0.7001636363636363,0.1506865702752229
3952,,after_candidate_limit,,3259,130,9,130,5,3,1.33,3.67,2,15,0.7001636363636363,0.1506865702752229
3953,,after_candidate_limit,,3406,136,6,136,5,4.5,1.33,2,2,2,0.7001636363636363,0.1506865702752229
3954,,after_candidate_limit,,3407,136,7,136,5,4.5,1.33,2,2,3,0.7001636363636363,0.1506865702752229
3955,,after_candidate_limit,,3408,136,8,136,5,4.5,1.33,2,2,8,0.7001636363636363,0.1506865702752229
3956,,after_candidate_limit,,3409,136,9,136,5,4.5,1.33,2,2,15,0.7001636363636363,0.1506865702752229
3957,,after_candidate_limit,,3431,137,6,137,5,4.5,1.33,3.67,2,2,0.7001636363636363,0.1506865702752229
3958,,after_candidate_limit,,3432,137,7,137,5,4.5,1.33,3.67,2,3,0.7001636363636363,0.1506865702752229
3959,,after_candidate_limit,,3433,137,8,137,5,4.5,1.33,3.67,2,8,0.7001636363636363,0.1506865702752229
3960,,after_candidate_limit,,3434,137,9,137,5,4.5,1.33,3.67,2,15,0.7001636363636363,0.1506865702752229
3961,,after_candidate_limit,,3415,136,15,136,5,4.5,1.33,2,6,1,0.610677033492823,0.14625959511705328
3962,,after_candidate_limit,,3440,137,15,137,5,4.5,1.33,3.67,6,1,0.610655023923445,0.14598253006244633
3963,,after_candidate_limit,,3265,130,15,130,5,3,1.33,3.67,6,1,0.610655023923445,0.1459813623247797
3964,,after_candidate_limit,,3240,129,15,129,5,3,1.33,2,6,1,0.6106531100478468,0.14594065565168982
3965,,after_candidate_limit,,3090,123,15,123,5,2.25,1.33,3.67,6,1,0.6106444976076555,0.14569609574836187
3966,,after_candidate_limit,,3065,122,15,122,5,2.25,1.33,2,6,1,0.6106435406698565,0.1456805386676023
3967,,after_candidate_limit,,2890,115,15,115,5,1.5,1.33,2,6,1,0.6106387559808613,0.14550685220865417
3968,,after_candidate_limit,,2891,115,16,115,5,1.5,1.33,2,6,2,0.6106377990430621,0.1454702668428005
3969,,after_candidate_limit,,2892,115,17,115,5,1.5,1.33,2,6,3,0.6106377990430621,0.1454702668428005
3970,,after_candidate_limit,,2893,115,18,115,5,1.5,1.33,2,6,8,0.6106377990430621,0.1454702668428005
3971,,after_candidate_limit,,2894,115,19,115,5,1.5,1.33,2,6,15,0.6106377990430621,0.1454702668428005
3972,,after_candidate_limit,,2915,116,15,116,5,1.5,1.33,3.67,6,1,0.6106377990430621,0.1454702668428005
3973,,after_candidate_limit,,2916,116,16,116,5,1.5,1.33,3.67,6,2,0.6106377990430621,0.1454702668428005
3974,,after_candidate_limit,,2917,116,17,116,5,1.5,1.33,3.67,6,3,0.6106377990430621,0.1454702668428005
3975,,after_candidate_limit,,2918,116,18,116,5,1.5,1.33,3.67,6,8,0.6106377990430621,0.1454702668428005
3976,,after_candidate_limit,,2919,116,19,116,5,1.5,1.33,3.67,6,15,0.6106377990430621,0.1454702668428005
3977,,after_candidate_limit,,3066,122,16,122,5,2.25,1.33,2,6,2,0.6106377990430621,0.1454702668428005
3978,,after_candidate_limit,,3067,122,17,122,5,2.25,1.33,2,6,3,0.6106377990430621,0.1454702668428005
3979,,after_candidate_limit,,3068,122,18,122,5,2.25,1.33,2,6,8,0.6106377990430621,0.1454702668428005
3980,,after_candidate_limit,,3069,122,19,122,5,2.25,1.33,2,6,15,0.6106377990430621,0.1454702668428005
3981,,after_candidate_limit,,3091,123,16,123,5,2.25,1.33,3.67,6,2,0.6106377990430621,0.1454702668428005
3982,,after_candidate_limit,,3092,123,17,123,5,2.25,1.33,3.67,6,3,0.6106377990430621,0.1454702668428005
3983,,after_candidate_limit,,3093,123,18,123,5,2.25,1.33,3.67,6,8,0.6106377990430621,0.1454702668428005
3984,,after_candidate_limit,,3094,123,19,123,5,2.25,1.33,3.67,6,15,0.6106377990430621,0.1454702668428005
3985,,after_candidate_limit,,3241,129,16,129,5,3,1.33,2,6,2,0.6106377990430621,0.1454702668428005
3986,,after_candidate_limit,,3242,129,17,129,5,3,1.33,2,6,3,0.6106377990430621,0.1454702668428005
3987,,after_candidate_limit,,3243,129,18,129,5,3,1.33,2,6,8,0.6106377990430621,0.1454702668428005
3988,,after_candidate_limit,,3244,129,19,129,5,3,1.33,2,6,15,0.6106377990430621,0.1454702668428005
3989,,after_candidate_limit,,3266,130,16,130,5,3,1.33,3.67,6,2,0.6106377990430621,0.1454702668428005
3990,,after_candidate_limit,,3267,130,17,130,5,3,1.33,3.67,6,3,0.6106377990430621,0.1454702668428005
3991,,after_candidate_limit,,3268,130,18,130,5,3,1.33,3.67,6,8,0.6106377990430621,0.1454702668428005
3992,,after_candidate_limit,,3269,130,19,130,5,3,1.33,3.67,6,15,0.6106377990430621,0.1454702668428005
3993,,after_candidate_limit,,3416,136,16,136,5,4.5,1.33,2,6,2,0.6106377990430621,0.1454702668428005
3994,,after_candidate_limit,,3417,136,17,136,5,4.5,1.33,2,6,3,0.6106377990430621,0.1454702668428005
3995,,after_candidate_limit,,3418,136,18,136,5,4.5,1.33,2,6,8,0.6106377990430621,0.1454702668428005
3996,,after_candidate_limit,,3419,136,19,136,5,4.5,1.33,2,6,15,0.6106377990430621,0.1454702668428005
3997,,after_candidate_limit,,3441,137,16,137,5,4.5,1.33,3.67,6,2,0.6106377990430621,0.1454702668428005
3998,,after_candidate_limit,,3442,137,17,137,5,4.5,1.33,3.67,6,3,0.6106377990430621,0.1454702668428005
3999,,after_candidate_limit,,3443,137,18,137,5,4.5,1.33,3.67,6,8,0.6106377990430621,0.1454702668428005
4000,,after_candidate_limit,,3444,137,19,137,5,4.5,1.33,3.67,6,15,0.6106377990430621,0.1454702668428005
4001,,after_candidate_limit,,3470,138,20,138,5,4.5,2.17,3.25,20,1,0.5793818181818182,0.13300994443406633
4002,,after_candidate_limit,,3295,131,20,131,5,3,2.17,3.25,20,1,0.579333014354067,0.1290274207619182
4003,,after_candidate_limit,,3471,138,21,138,5,4.5,2.17,3.25,20,2,0.5793320574162679,0.12877886719167936
4004,,after_candidate_limit,,3120,124,20,124,5,2.25,2.17,3.25,20,1,0.5793301435406698,0.1287229694028368
4005,,after_candidate_limit,,2945,117,20,117,5,1.5,2.17,3.25,20,1,0.5793301435406698,0.12861009642755974
4006,,after_candidate_limit,,2946,117,21,117,5,1.5,2.17,3.25,20,2,0.5793291866028708,0.1284782282956916
4007,,after_candidate_limit,,2947,117,22,117,5,1.5,2.17,3.25,20,3,0.5793291866028708,0.1284782282956916
4008,,after_candidate_limit,,2948,117,23,117,5,1.5,2.17,3.25,20,8,0.5793291866028708,0.1284782282956916
4009,,after_candidate_limit,,2949,117,24,117,5,1.5,2.17,3.25,20,15,0.5793291866028708,0.1284782282956916
4010,,after_candidate_limit,,3121,124,21,124,5,2.25,2.17,3.25,20,2,0.5793291866028708,0.1284782282956916
4011,,after_candidate_limit,,3122,124,22,124,5,2.25,2.17,3.25,20,3,0.5793291866028708,0.1284782282956916
4012,,after_candidate_limit,,3123,124,23,124,5,2.25,2.17,3.25,20,8,0.5793291866028708,0.1284782282956916
4013,,after_candidate_limit,,3124,124,24,124,5,2.25,2.17,3.25,20,15,0.5793291866028708,0.1284782282956916
4014,,after_candidate_limit,,3296,131,21,131,5,3,2.17,3.25,20,2,0.5793291866028708,0.1284782282956916
4015,,after_candidate_limit,,3297,131,22,131,5,3,2.17,3.25,20,3,0.5793291866028708,0.1284782282956916
4016,,after_candidate_limit,,3298,131,23,131,5,3,2.17,3.25,20,8,0.5793291866028708,0.1284782282956916
4017,,after_candidate_limit,,3299,131,24,131,5,3,2.17,3.25,20,15,0.5793291866028708,0.1284782282956916
4018,,after_candidate_limit,,3472,138,22,138,5,4.5,2.17,3.25,20,3,0.5793291866028708,0.1284782282956916
4019,,after_candidate_limit,,3473,138,23,138,5,4.5,2.17,3.25,20,8,0.5793291866028708,0.1284782282956916
4020,,after_candidate_limit,,3474,138,24,138,5,4.5,2.17,3.25,20,15,0.5793291866028708,0.1284782282956916
4021,,after_candidate_limit,,3435,137,10,137,5,4.5,1.33,3.67,3,1,0.6304693779904306,0.12629358510270655
4022,,after_candidate_limit,,3410,136,10,136,5,4.5,1.33,2,3,1,0.6304703349282297,0.12627967261913464
4023,,after_candidate_limit,,2885,115,10,115,5,1.5,1.33,2,3,1,0.6304684210526316,0.12625050675711944
4024,,after_candidate_limit,,2886,115,11,115,5,1.5,1.33,2,3,2,0.6304684210526316,0.12625050675711944
4025,,after_candidate_limit,,2887,115,12,115,5,1.5,1.33,2,3,3,0.6304684210526316,0.12625050675711944
4026,,after_candidate_limit,,2888,115,13,115,5,1.5,1.33,2,3,8,0.6304684210526316,0.12625050675711944
4027,,after_candidate_limit,,2889,115,14,115,5,1.5,1.33,2,3,15,0.6304684210526316,0.12625050675711944
4028,,after_candidate_limit,,2910,116,10,116,5,1.5,1.33,3.67,3,1,0.6304684210526316,0.12625050675711944
4029,,after_candidate_limit,,2911,116,11,116,5,1.5,1.33,3.67,3,2,0.6304684210526316,0.12625050675711944
4030,,after_candidate_limit,,2912,116,12,116,5,1.5,1.33,3.67,3,3,0.6304684210526316,0.12625050675711944
4031,,after_candidate_limit,,2913,116,13,116,5,1.5,1.33,3.67,3,8,0.6304684210526316,0.12625050675711944
4032,,after_candidate_limit,,2914,116,14,116,5,1.5,1.33,3.67,3,15,0.6304684210526316,0.12625050675711944
4033,,after_candidate_limit,,3060,122,10,122,5,2.25,1.33,2,3,1,0.6304684210526316,0.12625050675711944
4034,,after_candidate_limit,,3061,122,11,122,5,2.25,1.33,2,3,2,0.6304684210526316,0.12625050675711944
4035,,after_candidate_limit,,3062,122,12,122,5,2.25,1.33,2,3,3,0.6304684210526316,0.12625050675711944
4036,,after_candidate_limit,,3063,122,13,122,5,2.25,1.33,2,3,8,0.6304684210526316,0.12625050675711944
4037,,after_candidate_limit,,3064,122,14,122,5,2.25,1.33,2,3,15,0.6304684210526316,0.12625050675711944
4038,,after_candidate_limit,,3085,123,10,123,5,2.25,1.33,3.67,3,1,0.6304684210526316,0.12625050675711944
4039,,after_candidate_limit,,3086,123,11,123,5,2.25,1.33,3.67,3,2,0.6304684210526316,0.12625050675711944
4040,,after_candidate_limit,,3087,123,12,123,5,2.25,1.33,3.67,3,3,0.6304684210526316,0.12625050675711944
4041,,after_candidate_limit,,3088,123,13,123,5,2.25,1.33,3.67,3,8,0.6304684210526316,0.12625050675711944
4042,,after_candidate_limit,,3089,123,14,123,5,2.25,1.33,3.67,3,15,0.6304684210526316,0.12625050675711944
4043,,after_candidate_limit,,3235,129,10,129,5,3,1.33,2,3,1,0.6304684210526316,0.12625050675711944
4044,,after_candidate_limit,,3236,129,11,129,5,3,1.33,2,3,2,0.6304684210526316,0.12625050675711944
4045,,after_candidate_limit,,3237,129,12,129,5,3,1.33,2,3,3,0.6304684210526316,0.12625050675711944
4046,,after_candidate_limit,,3238,129,13,129,5,3,1.33,2,3,8,0.6304684210526316,0.12625050675711944
4047,,after_candidate_limit,,3239,129,14,129,5,3,1.33,2,3,15,0.6304684210526316,0.12625050675711944
4048,,after_candidate_limit,,3260,130,10,130,5,3,1.33,3.67,3,1,0.6304684210526316,0.12625050675711944
4049,,after_candidate_limit,,3261,130,11,130,5,3,1.33,3.67,3,2,0.6304684210526316,0.12625050675711944
4050,,after_candidate_limit,,3262,130,12,130,5,3,1.33,3.67,3,3,0.6304684210526316,0.12625050675711944
4051,,after_candidate_limit,,3263,130,13,130,5,3,1.33,3.67,3,8,0.6304684210526316,0.12625050675711944
4052,,after_candidate_limit,,3264,130,14,130,5,3,1.33,3.67,3,15,0.6304684210526316,0.12625050675711944
4053,,after_candidate_limit,,3411,136,11,136,5,4.5,1.33,2,3,2,0.6304684210526316,0.12625050675711944
4054,,after_candidate_limit,,3412,136,12,136,5,4.5,1.33,2,3,3,0.6304684210526316,0.12625050675711944
4055,,after_candidate_limit,,3413,136,13,136,5,4.5,1.33,2,3,8,0.6304684210526316,0.12625050675711944
4056,,after_candidate_limit,,3414,136,14,136,5,4.5,1.33,2,3,15,0.6304684210526316,0.12625050675711944
4057,,after_candidate_limit,,3436,137,11,137,5,4.5,1.33,3.67,3,2,0.6304684210526316,0.12625050675711944
4058,,after_candidate_limit,,3437,137,12,137,5,4.5,1.33,3.67,3,3,0.6304684210526316,0.12625050675711944
4059,,after_candidate_limit,,3438,137,13,137,5,4.5,1.33,3.67,3,8,0.6304684210526316,0.12625050675711944
4060,,after_candidate_limit,,3439,137,14,137,5,4.5,1.33,3.67,3,15,0.6304684210526316,0.12625050675711944
4061,,after_candidate_limit,,3465,138,15,138,5,4.5,2.17,3.25,6,1,0.5791234449760766,0.11862894466755788
4062,,after_candidate_limit,,3495,139,20,139,5,4.5,3,4.5,20,1,0.544988995215311,0.11837198775133682
4063,,after_candidate_limit,,3290,131,15,131,5,3,2.17,3.25,6,1,0.5791090909090909,0.11797704625141514
4064,,after_candidate_limit,,3291,131,16,131,5,3,2.17,3.25,6,2,0.5791090909090909,0.11781716169153059
4065,,after_candidate_limit,,3466,138,16,138,5,4.5,2.17,3.25,6,2,0.5791090909090909,0.11781716169153059
4066,,after_candidate_limit,,2940,117,15,117,5,1.5,2.17,3.25,6,1,0.5791081339712919,0.1177219235962925
4067,,after_candidate_limit,,2941,117,16,117,5,1.5,2.17,3.25,6,2,0.5791081339712919,0.1177219235962925
4068,,after_candidate_limit,,2942,117,17,117,5,1.5,2.17,3.25,6,3,0.5791081339712919,0.1177219235962925
4069,,after_candidate_limit,,2943,117,18,117,5,1.5,2.17,3.25,6,8,0.5791081339712919,0.1177219235962925
4070,,after_candidate_limit,,2944,117,19,117,5,1.5,2.17,3.25,6,15,0.5791081339712919,0.1177219235962925
4071,,after_candidate_limit,,3116,124,16,124,5,2.25,2.17,3.25,6,2,0.5791081339712919,0.1177219235962925
4072,,after_candidate_limit,,3117,124,17,124,5,2.25,2.17,3.25,6,3,0.5791081339712919,0.1177219235962925
4073,,after_candidate_limit,,3118,124,18,124,5,2.25,2.17,3.25,6,8,0.5791081339712919,0.1177219235962925
4074,,after_candidate_limit,,3119,124,19,124,5,2.25,2.17,3.25,6,15,0.5791081339712919,0.1177219235962925
4075,,after_candidate_limit,,3292,131,17,131,5,3,2.17,3.25,6,3,0.5791081339712919,0.1177219235962925
4076,,after_candidate_limit,,3293,131,18,131,5,3,2.17,3.25,6,8,0.5791081339712919,0.1177219235962925
4077,,after_candidate_limit,,3294,131,19,131,5,3,2.17,3.25,6,15,0.5791081339712919,0.1177219235962925
4078,,after_candidate_limit,,3467,138,17,138,5,4.5,2.17,3.25,6,3,0.5791081339712919,0.1177219235962925
4079,,after_candidate_limit,,3468,138,18,138,5,4.5,2.17,3.25,6,8,0.5791081339712919,0.1177219235962925
4080,,after_candidate_limit,,3469,138,19,138,5,4.5,2.17,3.25,6,15,0.5791081339712919,0.1177219235962925
4081,,after_candidate_limit,,3115,124,15,124,5,2.25,2.17,3.25,6,1,0.5791071770334928,0.11770260770092025
4082,,after_candidate_limit,,3320,132,20,132,5,3,3,4.5,20,1,0.5448468899521531,0.11663235415671762
4083,,after_candidate_limit,,3496,139,21,139,5,4.5,3,4.5,20,2,0.544844976076555,0.11639960561870592
4084,,after_candidate_limit,,3497,139,22,139,5,4.5,3,4.5,20,3,0.5448200956937799,0.1149862005157758
4085,,after_candidate_limit,,3321,132,21,132,5,3,3,4.5,20,2,0.5448200956937799,0.11463026303426381
4086,,after_candidate_limit,,3145,125,20,125,5,2.25,3,4.5,20,1,0.5448066985645933,0.11458637881833558
4087,,after_candidate_limit,,2970,118,20,118,5,1.5,3,4.5,20,1,0.5447942583732057,0.11244410647080008
4088,,after_candidate_limit,,2930,117,5,117,5,1.5,2.17,3.25,2,1,0.6333464114832535,0.11238877341487181
4089,,after_candidate_limit,,2931,117,6,117,5,1.5,2.17,3.25,2,2,0.6333464114832535,0.11238877341487181
4090,,after_candidate_limit,,2932,117,7,117,5,1.5,2.17,3.25,2,3,0.6333464114832535,0.11238877341487181
4091,,after_candidate_limit,,2933,117,8,117,5,1.5,2.17,3.25,2,8,0.6333464114832535,0.11238877341487181
4092,,after_candidate_limit,,2934,117,9,117,5,1.5,2.17,3.25,2,15,0.6333464114832535,0.11238877341487181
4093,,after_candidate_limit,,3105,124,5,124,5,2.25,2.17,3.25,2,1,0.6333464114832535,0.11238877341487181
4094,,after_candidate_limit,,3106,124,6,124,5,2.25,2.17,3.25,2,2,0.6333464114832535,0.11238877341487181
4095,,after_candidate_limit,,3107,124,7,124,5,2.25,2.17,3.25,2,3,0.6333464114832535,0.11238877341487181
4096,,after_candidate_limit,,3108,124,8,124,5,2.25,2.17,3.25,2,8,0.6333464114832535,0.11238877341487181
4097,,after_candidate_limit,,3109,124,9,124,5,2.25,2.17,3.25,2,15,0.6333464114832535,0.11238877341487181
4098,,after_candidate_limit,,3280,131,5,131,5,3,2.17,3.25,2,1,0.6333464114832535,0.11238877341487181
4099,,after_candidate_limit,,3281,131,6,131,5,3,2.17,3.25,2,2,0.6333464114832535,0.11238877341487181
4100,,after_candidate_limit,,3282,131,7,131,5,3,2.17,3.25,2,3,0.6333464114832535,0.11238877341487181
4101,,after_candidate_limit,,3283,131,8,131,5,3,2.17,3.25,2,8,0.6333464114832535,0.11238877341487181
4102,,after_candidate_limit,,3284,131,9,131,5,3,2.17,3.25,2,15,0.6333464114832535,0.11238877341487181
4103,,after_candidate_limit,,3455,138,5,138,5,4.5,2.17,3.25,2,1,0.6333464114832535,0.11238877341487181
4104,,after_candidate_limit,,3456,138,6,138,5,4.5,2.17,3.25,2,2,0.6333464114832535,0.11238877341487181
4105,,after_candidate_limit,,3457,138,7,138,5,4.5,2.17,3.25,2,3,0.6333464114832535,0.11238877341487181
4106,,after_candidate_limit,,3458,138,8,138,5,4.5,2.17,3.25,2,8,0.6333464114832535,0.11238877341487181
4107,,after_candidate_limit,,3459,138,9,138,5,4.5,2.17,3.25,2,15,0.6333464114832535,0.11238877341487181
4108,,after_candidate_limit,,2971,118,21,118,5,1.5,3,4.5,20,2,0.5447933014354067,0.11222188424857786
4109,,after_candidate_limit,,3146,125,21,125,5,2.25,3,4.5,20,2,0.5447933014354067,0.11222188424857786
4110,,after_candidate_limit,,3322,132,22,132,5,3,3,4.5,20,3,0.5447933014354067,0.11222188424857786
4111,,after_candidate_limit,,2972,118,22,118,5,1.5,3,4.5,20,3,0.5447923444976076,0.11182188424857786
4112,,after_candidate_limit,,2973,118,23,118,5,1.5,3,4.5,20,8,0.5447923444976076,0.11182188424857786
4113,,after_candidate_limit,,2974,118,24,118,5,1.5,3,4.5,20,15,0.5447923444976076,0.11182188424857786
4114,,after_candidate_limit,,3147,125,22,125,5,2.25,3,4.5,20,3,0.5447923444976076,0.11182188424857786
4115,,after_candidate_limit,,3148,125,23,125,5,2.25,3,4.5,20,8,0.5447923444976076,0.11182188424857786
4116,,after_candidate_limit,,3149,125,24,125,5,2.25,3,4.5,20,15,0.5447923444976076,0.11182188424857786
4117,,after_candidate_limit,,3323,132,23,132,5,3,3,4.5,20,8,0.5447923444976076,0.11182188424857786
4118,,after_candidate_limit,,3324,132,24,132,5,3,3,4.5,20,15,0.5447923444976076,0.11182188424857786
4119,,after_candidate_limit,,3498,139,23,139,5,4.5,3,4.5,20,8,0.5447923444976076,0.11182188424857786
4120,,after_candidate_limit,,3499,139,24,139,5,4.5,3,4.5,20,15,0.5447923444976076,0.11182188424857786
4121,,after_candidate_limit,,3490,139,15,139,5,4.5,3,4.5,6,1,0.5443880382775119,0.10034953531993723
4122,,after_candidate_limit,,3460,138,10,138,5,4.5,2.17,3.25,3,1,0.5842803827751196,0.09984836211777663
4123,,after_candidate_limit,,3285,131,10,131,5,3,2.17,3.25,3,1,0.5842794258373206,0.09983115781670136
4124,,after_candidate_limit,,2935,117,10,117,5,1.5,2.17,3.25,3,1,0.5842765550239234,0.09978229628705562
4125,,after_candidate_limit,,2936,117,11,117,5,1.5,2.17,3.25,3,2,0.5842765550239234,0.09978229628705562
4126,,after_candidate_limit,,2937,117,12,117,5,1.5,2.17,3.25,3,3,0.5842765550239234,0.09978229628705562
4127,,after_candidate_limit,,2938,117,13,117,5,1.5,2.17,3.25,3,8,0.5842765550239234,0.09978229628705562
4128,,after_candidate_limit,,2939,117,14,117,5,1.5,2.17,3.25,3,15,0.5842765550239234,0.09978229628705562
4129,,after_candidate_limit,,3110,124,10,124,5,2.25,2.17,3.25,3,1,0.5842765550239234,0.09978229628705562
4130,,after_candidate_limit,,3111,124,11,124,5,2.25,2.17,3.25,3,2,0.5842765550239234,0.09978229628705562
4131,,after_candidate_limit,,3112,124,12,124,5,2.25,2.17,3.25,3,3,0.5842765550239234,0.09978229628705562
4132,,after_candidate_limit,,3113,124,13,124,5,2.25,2.17,3.25,3,8,0.5842765550239234,0.09978229628705562
4133,,after_candidate_limit,,3114,124,14,124,5,2.25,2.17,3.25,3,15,0.5842765550239234,0.09978229628705562
4134,,after_candidate_limit,,3286,131,11,131,5,3,2.17,3.25,3,2,0.5842765550239234,0.09978229628705562
4135,,after_candidate_limit,,3287,131,12,131,5,3,2.17,3.25,3,3,0.5842765550239234,0.09978229628705562
4136,,after_candidate_limit,,3288,131,13,131,5,3,2.17,3.25,3,8,0.5842765550239234,0.09978229628705562
4137,,after_candidate_limit,,3289,131,14,131,5,3,2.17,3.25,3,15,0.5842765550239234,0.09978229628705562
4138,,after_candidate_limit,,3461,138,11,138,5,4.5,2.17,3.25,3,2,0.5842765550239234,0.09978229628705562
4139,,after_candidate_limit,,3462,138,12,138,5,4.5,2.17,3.25,3,3,0.5842765550239234,0.09978229628705562
4140,,after_candidate_limit,,3463,138,13,138,5,4.5,2.17,3.25,3,8,0.5842765550239234,0.09978229628705562
4141,,after_candidate_limit,,3464,138,14,138,5,4.5,2.17,3.25,3,15,0.5842765550239234,0.09978229628705562
4142,,after_candidate_limit,,3315,132,15,132,5,3,3,4.5,6,1,0.5443727272727272,0.09947206016354503
4143,,after_candidate_limit,,3316,132,16,132,5,3,3,4.5,6,2,0.5443698564593301,0.09929964622089853
4144,,after_candidate_limit,,3491,139,16,139,5,4.5,3,4.5,6,2,0.5443698564593301,0.09929964622089853
4145,,after_candidate_limit,,3140,125,15,125,5,2.25,3,4.5,6,1,0.5443574162679425,0.09910847259958633
4146,,after_candidate_limit,,2965,118,15,118,5,1.5,3,4.5,6,1,0.5443373205741627,0.09785345082571459
4147,,after_candidate_limit,,3141,125,16,125,5,2.25,3,4.5,6,2,0.5443363636363636,0.09772011749238124
4148,,after_candidate_limit,,3317,132,17,132,5,3,3,4.5,6,3,0.5443363636363636,0.09772011749238124
4149,,after_candidate_limit,,3492,139,17,139,5,4.5,3,4.5,6,3,0.5443363636363636,0.09772011749238124
4150,,after_candidate_limit,,2966,118,16,118,5,1.5,3,4.5,6,2,0.5443354066985646,0.09762487939714315
4151,,after_candidate_limit,,2967,118,17,118,5,1.5,3,4.5,6,3,0.5443354066985646,0.09762487939714315
4152,,after_candidate_limit,,2968,118,18,118,5,1.5,3,4.5,6,8,0.5443354066985646,0.09762487939714315
4153,,after_candidate_limit,,2969,118,19,118,5,1.5,3,4.5,6,15,0.5443354066985646,0.09762487939714315
4154,,after_candidate_limit,,3142,125,17,125,5,2.25,3,4.5,6,3,0.5443354066985646,0.09762487939714315
4155,,after_candidate_limit,,3143,125,18,125,5,2.25,3,4.5,6,8,0.5443354066985646,0.09762487939714315
4156,,after_candidate_limit,,3144,125,19,125,5,2.25,3,4.5,6,15,0.5443354066985646,0.09762487939714315
4157,,after_candidate_limit,,3318,132,18,132,5,3,3,4.5,6,8,0.5443354066985646,0.09762487939714315
4158,,after_candidate_limit,,3319,132,19,132,5,3,3,4.5,6,15,0.5443354066985646,0.09762487939714315
4159,,after_candidate_limit,,3493,139,18,139,5,4.5,3,4.5,6,8,0.5443354066985646,0.09762487939714315
4160,,after_candidate_limit,,3494,139,19,139,5,4.5,3,4.5,6,15,0.5443354066985646,0.09762487939714315
4161,,after_candidate_limit,,3480,139,5,139,5,4.5,3,4.5,2,1,0.5967502392344498,0.09451141605257968
4162,,after_candidate_limit,,2955,118,5,118,5,1.5,3,4.5,2,1,0.5967492822966507,0.0944946093298906
4163,,after_candidate_limit,,3130,125,5,125,5,2.25,3,4.5,2,1,0.5967492822966507,0.0944946093298906
4164,,after_candidate_limit,,3305,132,5,132,5,3,3,4.5,2,1,0.5967483253588517,0.09448132029334574
4165,,after_candidate_limit,,2956,118,6,118,5,1.5,3,4.5,2,2,0.5967483253588517,0.09447945781473907
4166,,after_candidate_limit,,2957,118,7,118,5,1.5,3,4.5,2,3,0.5967483253588517,0.09447945781473907
4167,,after_candidate_limit,,2958,118,8,118,5,1.5,3,4.5,2,8,0.5967483253588517,0.09447945781473907
4168,,after_candidate_limit,,2959,118,9,118,5,1.5,3,4.5,2,15,0.5967483253588517,0.09447945781473907
4169,,after_candidate_limit,,3131,125,6,125,5,2.25,3,4.5,2,2,0.5967483253588517,0.09447945781473907
4170,,after_candidate_limit,,3132,125,7,125,5,2.25,3,4.5,2,3,0.5967483253588517,0.09447945781473907
4171,,after_candidate_limit,,3133,125,8,125,5,2.25,3,4.5,2,8,0.5967483253588517,0.09447945781473907
4172,,after_candidate_limit,,3134,125,9,125,5,2.25,3,4.5,2,15,0.5967483253588517,0.09447945781473907
4173,,after_candidate_limit,,3306,132,6,132,5,3,3,4.5,2,2,0.5967483253588517,0.09447945781473907
4174,,after_candidate_limit,,3307,132,7,132,5,3,3,4.5,2,3,0.5967483253588517,0.09447945781473907
4175,,after_candidate_limit,,3308,132,8,132,5,3,3,4.5,2,8,0.5967483253588517,0.09447945781473907
4176,,after_candidate_limit,,3309,132,9,132,5,3,3,4.5,2,15,0.5967483253588517,0.09447945781473907
4177,,after_candidate_limit,,3481,139,6,139,5,4.5,3,4.5,2,2,0.5967483253588517,0.09447945781473907
4178,,after_candidate_limit,,3482,139,7,139,5,4.5,3,4.5,2,3,0.5967483253588517,0.09447945781473907
4179,,after_candidate_limit,,3483,139,8,139,5,4.5,3,4.5,2,8,0.5967483253588517,0.09447945781473907
4180,,after_candidate_limit,,3484,139,9,139,5,4.5,3,4.5,2,15,0.5967483253588517,0.09447945781473907
4181,,after_candidate_limit,,3310,132,10,132,5,3,3,4.5,3,1,0.5503272727272728,0.08572491845396737
4182,,after_candidate_limit,,3485,139,10,139,5,4.5,3,4.5,3,1,0.5503253588516747,0.08569317242222135
4183,,after_candidate_limit,,3135,125,10,125,5,2.25,3,4.5,3,1,0.5503244019138755,0.0856730166653566
4184,,after_candidate_limit,,2960,118,10,118,5,1.5,3,4.5,3,1,0.5503234449760765,0.08565398918121284
4185,,after_candidate_limit,,2961,118,11,118,5,1.5,3,4.5,3,2,0.5503234449760765,0.08565398918121284
4186,,after_candidate_limit,,2962,118,12,118,5,1.5,3,4.5,3,3,0.5503234449760765,0.08565398918121284
4187,,after_candidate_limit,,2963,118,13,118,5,1.5,3,4.5,3,8,0.5503234449760765,0.08565398918121284
4188,,after_candidate_limit,,2964,118,14,118,5,1.5,3,4.5,3,15,0.5503234449760765,0.08565398918121284
4189,,after_candidate_limit,,3136,125,11,125,5,2.25,3,4.5,3,2,0.5503234449760765,0.08565398918121284
4190,,after_candidate_limit,,3137,125,12,125,5,2.25,3,4.5,3,3,0.5503234449760765,0.08565398918121284
4191,,after_candidate_limit,,3138,125,13,125,5,2.25,3,4.5,3,8,0.5503234449760765,0.08565398918121284
4192,,after_candidate_limit,,3139,125,14,125,5,2.25,3,4.5,3,15,0.5503234449760765,0.08565398918121284
4193,,after_candidate_limit,,3311,132,11,132,5,3,3,4.5,3,2,0.5503234449760765,0.08565398918121284
4194,,after_candidate_limit,,3312,132,12,132,5,3,3,4.5,3,3,0.5503234449760765,0.08565398918121284
4195,,after_candidate_limit,,3313,132,13,132,5,3,3,4.5,3,8,0.5503234449760765,0.08565398918121284
4196,,after_candidate_limit,,3314,132,14,132,5,3,3,4.5,3,15,0.5503234449760765,0.08565398918121284
4197,,after_candidate_limit,,3486,139,11,139,5,4.5,3,4.5,3,2,0.5503234449760765,0.08565398918121284
4198,,after_candidate_limit,,3487,139,12,139,5,4.5,3,4.5,3,3,0.5503234449760765,0.08565398918121284
4199,,after_candidate_limit,,3488,139,13,139,5,4.5,3,4.5,3,8,0.5503234449760765,0.08565398918121284
4200,,after_candidate_limit,,3489,139,14,139,5,4.5,3,4.5,3,15,0.5503234449760765,0.08565398918121284
