patient_id,mono_env_id,long_peptide,nmer,long_peptide_label,gene,cancer_type,full_env_id,HLA-RE,mapping_status
99256,12,LSLTLPGAPGAQIMHSQVEEQQLLAAG,GAQIMHSQV,0,FUK,pancreatic adenocarcinoma,6,A0205,scoreable
99256,99,LSLTLPGAPGAQIMHSQVEEQQLLAAG,GAQIMHSQV,0,FUK,pancreatic adenocarcinoma,6,A3201,floor
99256,99,LSLTLPGAPGAQIMHSQVEEQQLLAAG,GAQIMHSQV,0,FUK,pancreatic adenocarcinoma,6,B4101,floor
99256,99,LSLTLPGAPGAQIMHSQVEEQQLLAAG,GAQIMHSQV,0,FUK,pancreatic adenocarcinoma,6,B5801,floor
99256,99,LSLTLPGAPGAQIMHSQVEEQQLLAAG,GAQIMHSQV,0,FUK,pancreatic adenocarcinoma,6,C0701,floor
99256,99,LSLTLPGAPGAQIMHSQVEEQQLLAAG,GAQIMHSQV,0,FUK,pancreatic adenocarcinoma,6,C1701,floor
99256,12,LSLTLPGAPGAQIMHSQVEEQQLLAAG,TLPGAPGAQIM,0,FUK,pancreatic adenocarcinoma,6,A0205,scoreable
99256,99,LSLTLPGAPGAQIMHSQVEEQQLLAAG,TLPGAPGAQIM,0,FUK,pancreatic adenocarcinoma,6,A3201,floor
99256,99,LSLTLPGAPGAQIMHSQVEEQQLLAAG,TLPGAPGAQIM,0,FUK,pancreatic adenocarcinoma,6,B4101,floor
99256,99,LSLTLPGAPGAQIMHSQVEEQQLLAAG,TLPGAPGAQIM,0,FUK,pancreatic adenocarcinoma,6,B5801,floor
99256,99,LSLTLPGAPGAQIMHSQVEEQQLLAAG,TLPGAPGAQIM,0,FUK,pancreatic adenocarcinoma,6,C0701,floor
99256,99,LSLTLPGAPGAQIMHSQVEEQQLLAAG,TLPGAPGAQIM,0,FUK,pancreatic adenocarcinoma,6,C1701,floor
99256,12,LSLTLPGAPGAQIMHSQVEEQQLLAAG,IMHSQVEEQQL,0,FUK,pancreatic adenocarcinoma,6,A0205,scoreable
99256,13,LSLTLPGAPGAQIMHSQVEEQQLLAAG,IMHSQVEEQQL,0,FUK,pancreatic adenocarcinoma,6,A3201,scoreable
99256,99,LSLTLPGAPGAQIMHSQVEEQQLLAAG,IMHSQVEEQQL,0,FUK,pancreatic adenocarcinoma,6,B4101,floor
99256,99,LSLTLPGAPGAQIMHSQVEEQQLLAAG,IMHSQVEEQQL,0,FUK,pancreatic adenocarcinoma,6,B5801,floor
99256,99,LSLTLPGAPGAQIMHSQVEEQQLLAAG,IMHSQVEEQQL,0,FUK,pancreatic adenocarcinoma,6,C0701,floor
99256,99,LSLTLPGAPGAQIMHSQVEEQQLLAAG,IMHSQVEEQQL,0,FUK,pancreatic adenocarcinoma,6,C1701,floor
99256,99,LSLTLPGAPGAQIMHSQVEEQQLLAAG,LTLPGAPGAQIM,0,FUK,pancreatic adenocarcinoma,6,A0205,floor
99256,99,LSLTLPGAPGAQIMHSQVEEQQLLAAG,LTLPGAPGAQIM,0,FUK,pancreatic adenocarcinoma,6,A3201,floor
99256,99,LSLTLPGAPGAQIMHSQVEEQQLLAAG,LTLPGAPGAQIM,0,FUK,pancreatic adenocarcinoma,6,B4101,floor
99256,15,LSLTLPGAPGAQIMHSQVEEQQLLAAG,LTLPGAPGAQIM,0,FUK,pancreatic adenocarcinoma,6,B5801,scoreable
99256,99,LSLTLPGAPGAQIMHSQVEEQQLLAAG,LTLPGAPGAQIM,0,FUK,pancreatic adenocarcinoma,6,C0701,floor
99256,99,LSLTLPGAPGAQIMHSQVEEQQLLAAG,LTLPGAPGAQIM,0,FUK,pancreatic adenocarcinoma,6,C1701,floor
99256,99,NAQVRKCPPVITVNASRPQPFMGVPVQ,NASRPQPFM,0,GPR75,pancreatic adenocarcinoma,6,A0205,floor
99256,99,NAQVRKCPPVITVNASRPQPFMGVPVQ,NASRPQPFM,0,GPR75,pancreatic adenocarcinoma,6,A3201,floor
99256,99,NAQVRKCPPVITVNASRPQPFMGVPVQ,NASRPQPFM,0,GPR75,pancreatic adenocarcinoma,6,B4101,floor
99256,15,NAQVRKCPPVITVNASRPQPFMGVPVQ,NASRPQPFM,0,GPR75,pancreatic adenocarcinoma,6,B5801,scoreable
99256,99,NAQVRKCPPVITVNASRPQPFMGVPVQ,NASRPQPFM,0,GPR75,pancreatic adenocarcinoma,6,C0701,floor
99256,99,NAQVRKCPPVITVNASRPQPFMGVPVQ,NASRPQPFM,0,GPR75,pancreatic adenocarcinoma,6,C1701,floor
99256,12,NAQVRKCPPVITVNASRPQPFMGVPVQ,KCPPVITVNA,0,GPR75,pancreatic adenocarcinoma,6,A0205,scoreable
99256,99,NAQVRKCPPVITVNASRPQPFMGVPVQ,KCPPVITVNA,0,GPR75,pancreatic adenocarcinoma,6,A3201,floor
99256,99,NAQVRKCPPVITVNASRPQPFMGVPVQ,KCPPVITVNA,0,GPR75,pancreatic adenocarcinoma,6,B4101,floor
99256,99,NAQVRKCPPVITVNASRPQPFMGVPVQ,KCPPVITVNA,0,GPR75,pancreatic adenocarcinoma,6,B5801,floor
99256,99,NAQVRKCPPVITVNASRPQPFMGVPVQ,KCPPVITVNA,0,GPR75,pancreatic adenocarcinoma,6,C0701,floor
99256,99,NAQVRKCPPVITVNASRPQPFMGVPVQ,KCPPVITVNA,0,GPR75,pancreatic adenocarcinoma,6,C1701,floor
99256,99,NAQVRKCPPVITVNASRPQPFMGVPVQ,TVNASRPQPF,0,GPR75,pancreatic adenocarcinoma,6,A0205,floor
99256,13,NAQVRKCPPVITVNASRPQPFMGVPVQ,TVNASRPQPF,0,GPR75,pancreatic adenocarcinoma,6,A3201,scoreable
99256,99,NAQVRKCPPVITVNASRPQPFMGVPVQ,TVNASRPQPF,0,GPR75,pancreatic adenocarcinoma,6,B4101,floor
99256,99,NAQVRKCPPVITVNASRPQPFMGVPVQ,TVNASRPQPF,0,GPR75,pancreatic adenocarcinoma,6,B5801,floor
99256,16,NAQVRKCPPVITVNASRPQPFMGVPVQ,TVNASRPQPF,0,GPR75,pancreatic adenocarcinoma,6,C0701,scoreable
99256,99,NAQVRKCPPVITVNASRPQPFMGVPVQ,TVNASRPQPF,0,GPR75,pancreatic adenocarcinoma,6,C1701,floor
99256,99,NAQVRKCPPVITVNASRPQPFMGVPVQ,ITVNASRPQPF,0,GPR75,pancreatic adenocarcinoma,6,A0205,floor
99256,13,NAQVRKCPPVITVNASRPQPFMGVPVQ,ITVNASRPQPF,0,GPR75,pancreatic adenocarcinoma,6,A3201,scoreable
99256,99,NAQVRKCPPVITVNASRPQPFMGVPVQ,ITVNASRPQPF,0,GPR75,pancreatic adenocarcinoma,6,B4101,floor
99256,15,NAQVRKCPPVITVNASRPQPFMGVPVQ,ITVNASRPQPF,0,GPR75,pancreatic adenocarcinoma,6,B5801,scoreable
99256,99,NAQVRKCPPVITVNASRPQPFMGVPVQ,ITVNASRPQPF,0,GPR75,pancreatic adenocarcinoma,6,C0701,floor
99256,99,NAQVRKCPPVITVNASRPQPFMGVPVQ,ITVNASRPQPF,0,GPR75,pancreatic adenocarcinoma,6,C1701,floor
99256,12,MTEYKLVVVGAVGVGKSALTIQLIQ,YKLVVVGAV,0,KRAS,pancreatic adenocarcinoma,6,A0205,scoreable
99256,99,MTEYKLVVVGAVGVGKSALTIQLIQ,YKLVVVGAV,0,KRAS,pancreatic adenocarcinoma,6,A3201,floor
99256,99,MTEYKLVVVGAVGVGKSALTIQLIQ,YKLVVVGAV,0,KRAS,pancreatic adenocarcinoma,6,B4101,floor
99256,99,MTEYKLVVVGAVGVGKSALTIQLIQ,YKLVVVGAV,0,KRAS,pancreatic adenocarcinoma,6,B5801,floor
99256,99,MTEYKLVVVGAVGVGKSALTIQLIQ,YKLVVVGAV,0,KRAS,pancreatic adenocarcinoma,6,C0701,floor
99256,99,MTEYKLVVVGAVGVGKSALTIQLIQ,YKLVVVGAV,0,KRAS,pancreatic adenocarcinoma,6,C1701,floor
99256,12,MTEYKLVVVGAVGVGKSALTIQLIQ,LVVVGAVGV,0,KRAS,pancreatic adenocarcinoma,6,A0205,scoreable
99256,99,MTEYKLVVVGAVGVGKSALTIQLIQ,LVVVGAVGV,0,KRAS,pancreatic adenocarcinoma,6,A3201,floor
99256,99,MTEYKLVVVGAVGVGKSALTIQLIQ,LVVVGAVGV,0,KRAS,pancreatic adenocarcinoma,6,B4101,floor
99256,99,MTEYKLVVVGAVGVGKSALTIQLIQ,LVVVGAVGV,0,KRAS,pancreatic adenocarcinoma,6,B5801,floor
99256,99,MTEYKLVVVGAVGVGKSALTIQLIQ,LVVVGAVGV,0,KRAS,pancreatic adenocarcinoma,6,C0701,floor
99256,99,MTEYKLVVVGAVGVGKSALTIQLIQ,LVVVGAVGV,0,KRAS,pancreatic adenocarcinoma,6,C1701,floor
99256,12,MTEYKLVVVGAVGVGKSALTIQLIQ,AVGVGKSAL,0,KRAS,pancreatic adenocarcinoma,6,A0205,scoreable
99256,99,MTEYKLVVVGAVGVGKSALTIQLIQ,AVGVGKSAL,0,KRAS,pancreatic adenocarcinoma,6,A3201,floor
99256,99,MTEYKLVVVGAVGVGKSALTIQLIQ,AVGVGKSAL,0,KRAS,pancreatic adenocarcinoma,6,B4101,floor
99256,99,MTEYKLVVVGAVGVGKSALTIQLIQ,AVGVGKSAL,0,KRAS,pancreatic adenocarcinoma,6,B5801,floor
99256,99,MTEYKLVVVGAVGVGKSALTIQLIQ,AVGVGKSAL,0,KRAS,pancreatic adenocarcinoma,6,C0701,floor
99256,99,MTEYKLVVVGAVGVGKSALTIQLIQ,AVGVGKSAL,0,KRAS,pancreatic adenocarcinoma,6,C1701,floor
99256,12,MTEYKLVVVGAVGVGKSALTIQLIQ,KLVVVGAVGV,0,KRAS,pancreatic adenocarcinoma,6,A0205,scoreable
99256,13,MTEYKLVVVGAVGVGKSALTIQLIQ,KLVVVGAVGV,0,KRAS,pancreatic adenocarcinoma,6,A3201,scoreable
99256,99,MTEYKLVVVGAVGVGKSALTIQLIQ,KLVVVGAVGV,0,KRAS,pancreatic adenocarcinoma,6,B4101,floor
99256,99,MTEYKLVVVGAVGVGKSALTIQLIQ,KLVVVGAVGV,0,KRAS,pancreatic adenocarcinoma,6,B5801,floor
99256,99,MTEYKLVVVGAVGVGKSALTIQLIQ,KLVVVGAVGV,0,KRAS,pancreatic adenocarcinoma,6,C0701,floor
99256,99,MTEYKLVVVGAVGVGKSALTIQLIQ,KLVVVGAVGV,0,KRAS,pancreatic adenocarcinoma,6,C1701,floor
99256,12,MTEYKLVVVGAVGVGKSALTIQLIQ,GAVGVGKSAL,0,KRAS,pancreatic adenocarcinoma,6,A0205,scoreable
99256,99,MTEYKLVVVGAVGVGKSALTIQLIQ,GAVGVGKSAL,0,KRAS,pancreatic adenocarcinoma,6,A3201,floor
99256,99,MTEYKLVVVGAVGVGKSALTIQLIQ,GAVGVGKSAL,0,KRAS,pancreatic adenocarcinoma,6,B4101,floor
99256,99,MTEYKLVVVGAVGVGKSALTIQLIQ,GAVGVGKSAL,0,KRAS,pancreatic adenocarcinoma,6,B5801,floor
99256,99,MTEYKLVVVGAVGVGKSALTIQLIQ,GAVGVGKSAL,0,KRAS,pancreatic adenocarcinoma,6,C0701,floor
99256,99,MTEYKLVVVGAVGVGKSALTIQLIQ,GAVGVGKSAL,0,KRAS,pancreatic adenocarcinoma,6,C1701,floor
99256,99,MTEYKLVVVGAVGVGKSALTIQLIQ,TEYKLVVVGAV,0,KRAS,pancreatic adenocarcinoma,6,A0205,floor
99256,99,MTEYKLVVVGAVGVGKSALTIQLIQ,TEYKLVVVGAV,0,KRAS,pancreatic adenocarcinoma,6,A3201,floor
99256,14,MTEYKLVVVGAVGVGKSALTIQLIQ,TEYKLVVVGAV,0,KRAS,pancreatic adenocarcinoma,6,B4101,scoreable
99256,99,MTEYKLVVVGAVGVGKSALTIQLIQ,TEYKLVVVGAV,0,KRAS,pancreatic adenocarcinoma,6,B5801,floor
99256,99,MTEYKLVVVGAVGVGKSALTIQLIQ,TEYKLVVVGAV,0,KRAS,pancreatic adenocarcinoma,6,C0701,floor
99256,99,MTEYKLVVVGAVGVGKSALTIQLIQ,TEYKLVVVGAV,0,KRAS,pancreatic adenocarcinoma,6,C1701,floor
99256,12,MTEYKLVVVGAVGVGKSALTIQLIQ,VVGAVGVGKSA,0,KRAS,pancreatic adenocarcinoma,6,A0205,scoreable
99256,99,MTEYKLVVVGAVGVGKSALTIQLIQ,VVGAVGVGKSA,0,KRAS,pancreatic adenocarcinoma,6,A3201,floor
99256,99,MTEYKLVVVGAVGVGKSALTIQLIQ,VVGAVGVGKSA,0,KRAS,pancreatic adenocarcinoma,6,B4101,floor
99256,99,MTEYKLVVVGAVGVGKSALTIQLIQ,VVGAVGVGKSA,0,KRAS,pancreatic adenocarcinoma,6,B5801,floor
99256,99,MTEYKLVVVGAVGVGKSALTIQLIQ,VVGAVGVGKSA,0,KRAS,pancreatic adenocarcinoma,6,C0701,floor
99256,99,MTEYKLVVVGAVGVGKSALTIQLIQ,VVGAVGVGKSA,0,KRAS,pancreatic adenocarcinoma,6,C1701,floor
99256,12,MTEYKLVVVGAVGVGKSALTIQLIQ,AVGVGKSALTI,0,KRAS,pancreatic adenocarcinoma,6,A0205,scoreable
99256,99,MTEYKLVVVGAVGVGKSALTIQLIQ,AVGVGKSALTI,0,KRAS,pancreatic adenocarcinoma,6,A3201,floor
99256,99,MTEYKLVVVGAVGVGKSALTIQLIQ,AVGVGKSALTI,0,KRAS,pancreatic adenocarcinoma,6,B4101,floor
99256,99,MTEYKLVVVGAVGVGKSALTIQLIQ,AVGVGKSALTI,0,KRAS,pancreatic adenocarcinoma,6,B5801,floor
99256,99,MTEYKLVVVGAVGVGKSALTIQLIQ,AVGVGKSALTI,0,KRAS,pancreatic adenocarcinoma,6,C0701,floor
99256,99,MTEYKLVVVGAVGVGKSALTIQLIQ,AVGVGKSALTI,0,KRAS,pancreatic adenocarcinoma,6,C1701,floor
99256,99,MTEYKLVVVGAVGVGKSALTIQLIQ,TEYKLVVVGAVG,0,KRAS,pancreatic adenocarcinoma,6,A0205,floor
99256,99,MTEYKLVVVGAVGVGKSALTIQLIQ,TEYKLVVVGAVG,0,KRAS,pancreatic adenocarcinoma,6,A3201,floor
99256,14,MTEYKLVVVGAVGVGKSALTIQLIQ,TEYKLVVVGAVG,0,KRAS,pancreatic adenocarcinoma,6,B4101,scoreable
99256,99,MTEYKLVVVGAVGVGKSALTIQLIQ,TEYKLVVVGAVG,0,KRAS,pancreatic adenocarcinoma,6,B5801,floor
99256,99,MTEYKLVVVGAVGVGKSALTIQLIQ,TEYKLVVVGAVG,0,KRAS,pancreatic adenocarcinoma,6,C0701,floor
99256,99,MTEYKLVVVGAVGVGKSALTIQLIQ,TEYKLVVVGAVG,0,KRAS,pancreatic adenocarcinoma,6,C1701,floor
99256,99,MTEYKLVVVGAVGVGKSALTIQLIQ,KLVVVGAVGVGK,0,KRAS,pancreatic adenocarcinoma,6,A0205,floor
99256,13,MTEYKLVVVGAVGVGKSALTIQLIQ,KLVVVGAVGVGK,0,KRAS,pancreatic adenocarcinoma,6,A3201,scoreable
99256,99,MTEYKLVVVGAVGVGKSALTIQLIQ,KLVVVGAVGVGK,0,KRAS,pancreatic adenocarcinoma,6,B4101,floor
99256,99,MTEYKLVVVGAVGVGKSALTIQLIQ,KLVVVGAVGVGK,0,KRAS,pancreatic adenocarcinoma,6,B5801,floor
99256,99,MTEYKLVVVGAVGVGKSALTIQLIQ,KLVVVGAVGVGK,0,KRAS,pancreatic adenocarcinoma,6,C0701,floor
99256,99,MTEYKLVVVGAVGVGKSALTIQLIQ,KLVVVGAVGVGK,0,KRAS,pancreatic adenocarcinoma,6,C1701,floor
99256,12,MTEYKLVVVGAVGVGKSALTIQLIQ,VVVGAVGVGKSA,0,KRAS,pancreatic adenocarcinoma,6,A0205,scoreable
99256,99,MTEYKLVVVGAVGVGKSALTIQLIQ,VVVGAVGVGKSA,0,KRAS,pancreatic adenocarcinoma,6,A3201,floor
99256,99,MTEYKLVVVGAVGVGKSALTIQLIQ,VVVGAVGVGKSA,0,KRAS,pancreatic adenocarcinoma,6,B4101,floor
99256,99,MTEYKLVVVGAVGVGKSALTIQLIQ,VVVGAVGVGKSA,0,KRAS,pancreatic adenocarcinoma,6,B5801,floor
99256,99,MTEYKLVVVGAVGVGKSALTIQLIQ,VVVGAVGVGKSA,0,KRAS,pancreatic adenocarcinoma,6,C0701,floor
99256,99,MTEYKLVVVGAVGVGKSALTIQLIQ,VVVGAVGVGKSA,0,KRAS,pancreatic adenocarcinoma,6,C1701,floor
99256,99,MDHHIPMHVLPEEIQKMLPEEK,MDHHIPMHV,0,LEKR1,pancreatic adenocarcinoma,6,A0205,floor
99256,99,MDHHIPMHVLPEEIQKMLPEEK,MDHHIPMHV,0,LEKR1,pancreatic adenocarcinoma,6,A3201,floor
99256,14,MDHHIPMHVLPEEIQKMLPEEK,MDHHIPMHV,0,LEKR1,pancreatic adenocarcinoma,6,B4101,scoreable
99256,99,MDHHIPMHVLPEEIQKMLPEEK,MDHHIPMHV,0,LEKR1,pancreatic adenocarcinoma,6,B5801,floor
99256,99,MDHHIPMHVLPEEIQKMLPEEK,MDHHIPMHV,0,LEKR1,pancreatic adenocarcinoma,6,C0701,floor
99256,99,MDHHIPMHVLPEEIQKMLPEEK,MDHHIPMHV,0,LEKR1,pancreatic adenocarcinoma,6,C1701,floor
99256,12,MDHHIPMHVLPEEIQKMLPEEK,PMHVLPEEI,0,LEKR1,pancreatic adenocarcinoma,6,A0205,scoreable
99256,99,MDHHIPMHVLPEEIQKMLPEEK,PMHVLPEEI,0,LEKR1,pancreatic adenocarcinoma,6,A3201,floor
99256,99,MDHHIPMHVLPEEIQKMLPEEK,PMHVLPEEI,0,LEKR1,pancreatic adenocarcinoma,6,B4101,floor
99256,99,MDHHIPMHVLPEEIQKMLPEEK,PMHVLPEEI,0,LEKR1,pancreatic adenocarcinoma,6,B5801,floor
99256,99,MDHHIPMHVLPEEIQKMLPEEK,PMHVLPEEI,0,LEKR1,pancreatic adenocarcinoma,6,C0701,floor
99256,99,MDHHIPMHVLPEEIQKMLPEEK,PMHVLPEEI,0,LEKR1,pancreatic adenocarcinoma,6,C1701,floor
99256,12,MDHHIPMHVLPEEIQKMLPEEK,VLPEEIQKM,0,LEKR1,pancreatic adenocarcinoma,6,A0205,scoreable
99256,99,MDHHIPMHVLPEEIQKMLPEEK,VLPEEIQKM,0,LEKR1,pancreatic adenocarcinoma,6,A3201,floor
99256,99,MDHHIPMHVLPEEIQKMLPEEK,VLPEEIQKM,0,LEKR1,pancreatic adenocarcinoma,6,B4101,floor
99256,99,MDHHIPMHVLPEEIQKMLPEEK,VLPEEIQKM,0,LEKR1,pancreatic adenocarcinoma,6,B5801,floor
99256,99,MDHHIPMHVLPEEIQKMLPEEK,VLPEEIQKM,0,LEKR1,pancreatic adenocarcinoma,6,C0701,floor
99256,99,MDHHIPMHVLPEEIQKMLPEEK,VLPEEIQKM,0,LEKR1,pancreatic adenocarcinoma,6,C1701,floor
99256,99,MDHHIPMHVLPEEIQKMLPEEK,IPMHVLPEEI,0,LEKR1,pancreatic adenocarcinoma,6,A0205,floor
99256,99,MDHHIPMHVLPEEIQKMLPEEK,IPMHVLPEEI,0,LEKR1,pancreatic adenocarcinoma,6,A3201,floor
99256,99,MDHHIPMHVLPEEIQKMLPEEK,IPMHVLPEEI,0,LEKR1,pancreatic adenocarcinoma,6,B4101,floor
99256,99,MDHHIPMHVLPEEIQKMLPEEK,IPMHVLPEEI,0,LEKR1,pancreatic adenocarcinoma,6,B5801,floor
99256,99,MDHHIPMHVLPEEIQKMLPEEK,IPMHVLPEEI,0,LEKR1,pancreatic adenocarcinoma,6,C0701,floor
99256,17,MDHHIPMHVLPEEIQKMLPEEK,IPMHVLPEEI,0,LEKR1,pancreatic adenocarcinoma,6,C1701,scoreable
99256,12,MDHHIPMHVLPEEIQKMLPEEK,HVLPEEIQKM,0,LEKR1,pancreatic adenocarcinoma,6,A0205,scoreable
99256,13,MDHHIPMHVLPEEIQKMLPEEK,HVLPEEIQKM,0,LEKR1,pancreatic adenocarcinoma,6,A3201,scoreable
99256,99,MDHHIPMHVLPEEIQKMLPEEK,HVLPEEIQKM,0,LEKR1,pancreatic adenocarcinoma,6,B4101,floor
99256,15,MDHHIPMHVLPEEIQKMLPEEK,HVLPEEIQKM,0,LEKR1,pancreatic adenocarcinoma,6,B5801,scoreable
99256,99,MDHHIPMHVLPEEIQKMLPEEK,HVLPEEIQKM,0,LEKR1,pancreatic adenocarcinoma,6,C0701,floor
99256,99,MDHHIPMHVLPEEIQKMLPEEK,HVLPEEIQKM,0,LEKR1,pancreatic adenocarcinoma,6,C1701,floor
99256,12,MDHHIPMHVLPEEIQKMLPEEK,VLPEEIQKML,0,LEKR1,pancreatic adenocarcinoma,6,A0205,scoreable
99256,99,MDHHIPMHVLPEEIQKMLPEEK,VLPEEIQKML,0,LEKR1,pancreatic adenocarcinoma,6,A3201,floor
99256,99,MDHHIPMHVLPEEIQKMLPEEK,VLPEEIQKML,0,LEKR1,pancreatic adenocarcinoma,6,B4101,floor
99256,99,MDHHIPMHVLPEEIQKMLPEEK,VLPEEIQKML,0,LEKR1,pancreatic adenocarcinoma,6,B5801,floor
99256,99,MDHHIPMHVLPEEIQKMLPEEK,VLPEEIQKML,0,LEKR1,pancreatic adenocarcinoma,6,C0701,floor
99256,99,MDHHIPMHVLPEEIQKMLPEEK,VLPEEIQKML,0,LEKR1,pancreatic adenocarcinoma,6,C1701,floor
99256,12,MDHHIPMHVLPEEIQKMLPEEK,HVLPEEIQKML,0,LEKR1,pancreatic adenocarcinoma,6,A0205,scoreable
99256,99,MDHHIPMHVLPEEIQKMLPEEK,HVLPEEIQKML,0,LEKR1,pancreatic adenocarcinoma,6,A3201,floor
99256,99,MDHHIPMHVLPEEIQKMLPEEK,HVLPEEIQKML,0,LEKR1,pancreatic adenocarcinoma,6,B4101,floor
99256,99,MDHHIPMHVLPEEIQKMLPEEK,HVLPEEIQKML,0,LEKR1,pancreatic adenocarcinoma,6,B5801,floor
99256,99,MDHHIPMHVLPEEIQKMLPEEK,HVLPEEIQKML,0,LEKR1,pancreatic adenocarcinoma,6,C0701,floor
99256,99,MDHHIPMHVLPEEIQKMLPEEK,HVLPEEIQKML,0,LEKR1,pancreatic adenocarcinoma,6,C1701,floor
99256,99,PVGQKLQLACRLQKVAALVENKVTDL,LQLACRLQK,1,PLXNB3,pancreatic adenocarcinoma,6,A0205,floor
99256,13,PVGQKLQLACRLQKVAALVENKVTDL,LQLACRLQK,1,PLXNB3,pancreatic adenocarcinoma,6,A3201,scoreable
99256,99,PVGQKLQLACRLQKVAALVENKVTDL,LQLACRLQK,1,PLXNB3,pancreatic adenocarcinoma,6,B4101,floor
99256,99,PVGQKLQLACRLQKVAALVENKVTDL,LQLACRLQK,1,PLXNB3,pancreatic adenocarcinoma,6,B5801,floor
99256,99,PVGQKLQLACRLQKVAALVENKVTDL,LQLACRLQK,1,PLXNB3,pancreatic adenocarcinoma,6,C0701,floor
99256,99,PVGQKLQLACRLQKVAALVENKVTDL,LQLACRLQK,1,PLXNB3,pancreatic adenocarcinoma,6,C1701,floor
99256,12,PVGQKLQLACRLQKVAALVENKVTDL,QLACRLQKV,1,PLXNB3,pancreatic adenocarcinoma,6,A0205,scoreable
99256,99,PVGQKLQLACRLQKVAALVENKVTDL,QLACRLQKV,1,PLXNB3,pancreatic adenocarcinoma,6,A3201,floor
99256,99,PVGQKLQLACRLQKVAALVENKVTDL,QLACRLQKV,1,PLXNB3,pancreatic adenocarcinoma,6,B4101,floor
99256,99,PVGQKLQLACRLQKVAALVENKVTDL,QLACRLQKV,1,PLXNB3,pancreatic adenocarcinoma,6,B5801,floor
99256,99,PVGQKLQLACRLQKVAALVENKVTDL,QLACRLQKV,1,PLXNB3,pancreatic adenocarcinoma,6,C0701,floor
99256,99,PVGQKLQLACRLQKVAALVENKVTDL,QLACRLQKV,1,PLXNB3,pancreatic adenocarcinoma,6,C1701,floor
99256,12,PVGQKLQLACRLQKVAALVENKVTDL,RLQKVAALV,1,PLXNB3,pancreatic adenocarcinoma,6,A0205,scoreable
99256,13,PVGQKLQLACRLQKVAALVENKVTDL,RLQKVAALV,1,PLXNB3,pancreatic adenocarcinoma,6,A3201,scoreable
99256,99,PVGQKLQLACRLQKVAALVENKVTDL,RLQKVAALV,1,PLXNB3,pancreatic adenocarcinoma,6,B4101,floor
99256,99,PVGQKLQLACRLQKVAALVENKVTDL,RLQKVAALV,1,PLXNB3,pancreatic adenocarcinoma,6,B5801,floor
99256,99,PVGQKLQLACRLQKVAALVENKVTDL,RLQKVAALV,1,PLXNB3,pancreatic adenocarcinoma,6,C0701,floor
99256,99,PVGQKLQLACRLQKVAALVENKVTDL,RLQKVAALV,1,PLXNB3,pancreatic adenocarcinoma,6,C1701,floor
99256,99,PVGQKLQLACRLQKVAALVENKVTDL,KVAALVENK,1,PLXNB3,pancreatic adenocarcinoma,6,A0205,floor
99256,13,PVGQKLQLACRLQKVAALVENKVTDL,KVAALVENK,1,PLXNB3,pancreatic adenocarcinoma,6,A3201,scoreable
99256,99,PVGQKLQLACRLQKVAALVENKVTDL,KVAALVENK,1,PLXNB3,pancreatic adenocarcinoma,6,B4101,floor
99256,99,PVGQKLQLACRLQKVAALVENKVTDL,KVAALVENK,1,PLXNB3,pancreatic adenocarcinoma,6,B5801,floor
99256,99,PVGQKLQLACRLQKVAALVENKVTDL,KVAALVENK,1,PLXNB3,pancreatic adenocarcinoma,6,C0701,floor
99256,99,PVGQKLQLACRLQKVAALVENKVTDL,KVAALVENK,1,PLXNB3,pancreatic adenocarcinoma,6,C1701,floor
99256,12,PVGQKLQLACRLQKVAALVENKVTDL,LQLACRLQKV,1,PLXNB3,pancreatic adenocarcinoma,6,A0205,scoreable
99256,99,PVGQKLQLACRLQKVAALVENKVTDL,LQLACRLQKV,1,PLXNB3,pancreatic adenocarcinoma,6,A3201,floor
99256,99,PVGQKLQLACRLQKVAALVENKVTDL,LQLACRLQKV,1,PLXNB3,pancreatic adenocarcinoma,6,B4101,floor
99256,99,PVGQKLQLACRLQKVAALVENKVTDL,LQLACRLQKV,1,PLXNB3,pancreatic adenocarcinoma,6,B5801,floor
99256,99,PVGQKLQLACRLQKVAALVENKVTDL,LQLACRLQKV,1,PLXNB3,pancreatic adenocarcinoma,6,C0701,floor
99256,99,PVGQKLQLACRLQKVAALVENKVTDL,LQLACRLQKV,1,PLXNB3,pancreatic adenocarcinoma,6,C1701,floor
99256,12,PVGQKLQLACRLQKVAALVENKVTDL,KVAALVENKV,1,PLXNB3,pancreatic adenocarcinoma,6,A0205,scoreable
99256,13,PVGQKLQLACRLQKVAALVENKVTDL,KVAALVENKV,1,PLXNB3,pancreatic adenocarcinoma,6,A3201,scoreable
99256,99,PVGQKLQLACRLQKVAALVENKVTDL,KVAALVENKV,1,PLXNB3,pancreatic adenocarcinoma,6,B4101,floor
99256,99,PVGQKLQLACRLQKVAALVENKVTDL,KVAALVENKV,1,PLXNB3,pancreatic adenocarcinoma,6,B5801,floor
99256,99,PVGQKLQLACRLQKVAALVENKVTDL,KVAALVENKV,1,PLXNB3,pancreatic adenocarcinoma,6,C0701,floor
99256,99,PVGQKLQLACRLQKVAALVENKVTDL,KVAALVENKV,1,PLXNB3,pancreatic adenocarcinoma,6,C1701,floor
99256,99,PVGQKLQLACRLQKVAALVENKVTDL,LACRLQKVAAL,1,PLXNB3,pancreatic adenocarcinoma,6,A0205,floor
99256,99,PVGQKLQLACRLQKVAALVENKVTDL,LACRLQKVAAL,1,PLXNB3,pancreatic adenocarcinoma,6,A3201,floor
99256,99,PVGQKLQLACRLQKVAALVENKVTDL,LACRLQKVAAL,1,PLXNB3,pancreatic adenocarcinoma,6,B4101,floor
99256,99,PVGQKLQLACRLQKVAALVENKVTDL,LACRLQKVAAL,1,PLXNB3,pancreatic adenocarcinoma,6,B5801,floor
99256,99,PVGQKLQLACRLQKVAALVENKVTDL,LACRLQKVAAL,1,PLXNB3,pancreatic adenocarcinoma,6,C0701,floor
99256,17,PVGQKLQLACRLQKVAALVENKVTDL,LACRLQKVAAL,1,PLXNB3,pancreatic adenocarcinoma,6,C1701,scoreable
99256,12,EPASAGLYFFVVIVSYANSCANPVLYG,GLYFFVVIV,0,SSTR5,pancreatic adenocarcinoma,6,A0205,scoreable
99256,99,EPASAGLYFFVVIVSYANSCANPVLYG,GLYFFVVIV,0,SSTR5,pancreatic adenocarcinoma,6,A3201,floor
99256,99,EPASAGLYFFVVIVSYANSCANPVLYG,GLYFFVVIV,0,SSTR5,pancreatic adenocarcinoma,6,B4101,floor
99256,99,EPASAGLYFFVVIVSYANSCANPVLYG,GLYFFVVIV,0,SSTR5,pancreatic adenocarcinoma,6,B5801,floor
99256,99,EPASAGLYFFVVIVSYANSCANPVLYG,GLYFFVVIV,0,SSTR5,pancreatic adenocarcinoma,6,C0701,floor
99256,99,EPASAGLYFFVVIVSYANSCANPVLYG,GLYFFVVIV,0,SSTR5,pancreatic adenocarcinoma,6,C1701,floor
99256,99,EPASAGLYFFVVIVSYANSCANPVLYG,YFFVVIVSY,0,SSTR5,pancreatic adenocarcinoma,6,A0205,floor
99256,99,EPASAGLYFFVVIVSYANSCANPVLYG,YFFVVIVSY,0,SSTR5,pancreatic adenocarcinoma,6,A3201,floor
99256,99,EPASAGLYFFVVIVSYANSCANPVLYG,YFFVVIVSY,0,SSTR5,pancreatic adenocarcinoma,6,B4101,floor
99256,99,EPASAGLYFFVVIVSYANSCANPVLYG,YFFVVIVSY,0,SSTR5,pancreatic adenocarcinoma,6,B5801,floor
99256,16,EPASAGLYFFVVIVSYANSCANPVLYG,YFFVVIVSY,0,SSTR5,pancreatic adenocarcinoma,6,C0701,scoreable
99256,99,EPASAGLYFFVVIVSYANSCANPVLYG,YFFVVIVSY,0,SSTR5,pancreatic adenocarcinoma,6,C1701,floor
99256,12,EPASAGLYFFVVIVSYANSCANPVLYG,FFVVIVSYA,0,SSTR5,pancreatic adenocarcinoma,6,A0205,scoreable
99256,99,EPASAGLYFFVVIVSYANSCANPVLYG,FFVVIVSYA,0,SSTR5,pancreatic adenocarcinoma,6,A3201,floor
99256,99,EPASAGLYFFVVIVSYANSCANPVLYG,FFVVIVSYA,0,SSTR5,pancreatic adenocarcinoma,6,B4101,floor
99256,99,EPASAGLYFFVVIVSYANSCANPVLYG,FFVVIVSYA,0,SSTR5,pancreatic adenocarcinoma,6,B5801,floor
99256,99,EPASAGLYFFVVIVSYANSCANPVLYG,FFVVIVSYA,0,SSTR5,pancreatic adenocarcinoma,6,C0701,floor
99256,99,EPASAGLYFFVVIVSYANSCANPVLYG,FFVVIVSYA,0,SSTR5,pancreatic adenocarcinoma,6,C1701,floor
99256,12,EPASAGLYFFVVIVSYANSCANPVLYG,VIVSYANSC,0,SSTR5,pancreatic adenocarcinoma,6,A0205,scoreable
99256,99,EPASAGLYFFVVIVSYANSCANPVLYG,VIVSYANSC,0,SSTR5,pancreatic adenocarcinoma,6,A3201,floor
99256,99,EPASAGLYFFVVIVSYANSCANPVLYG,VIVSYANSC,0,SSTR5,pancreatic adenocarcinoma,6,B4101,floor
99256,99,EPASAGLYFFVVIVSYANSCANPVLYG,VIVSYANSC,0,SSTR5,pancreatic adenocarcinoma,6,B5801,floor
99256,99,EPASAGLYFFVVIVSYANSCANPVLYG,VIVSYANSC,0,SSTR5,pancreatic adenocarcinoma,6,C0701,floor
99256,99,EPASAGLYFFVVIVSYANSCANPVLYG,VIVSYANSC,0,SSTR5,pancreatic adenocarcinoma,6,C1701,floor
99256,12,EPASAGLYFFVVIVSYANSCANPVLYG,IVSYANSCA,0,SSTR5,pancreatic adenocarcinoma,6,A0205,scoreable
99256,99,EPASAGLYFFVVIVSYANSCANPVLYG,IVSYANSCA,0,SSTR5,pancreatic adenocarcinoma,6,A3201,floor
99256,99,EPASAGLYFFVVIVSYANSCANPVLYG,IVSYANSCA,0,SSTR5,pancreatic adenocarcinoma,6,B4101,floor
99256,99,EPASAGLYFFVVIVSYANSCANPVLYG,IVSYANSCA,0,SSTR5,pancreatic adenocarcinoma,6,B5801,floor
99256,99,EPASAGLYFFVVIVSYANSCANPVLYG,IVSYANSCA,0,SSTR5,pancreatic adenocarcinoma,6,C0701,floor
99256,99,EPASAGLYFFVVIVSYANSCANPVLYG,IVSYANSCA,0,SSTR5,pancreatic adenocarcinoma,6,C1701,floor
99256,12,EPASAGLYFFVVIVSYANSCANPVLYG,VIVSYANSCA,0,SSTR5,pancreatic adenocarcinoma,6,A0205,scoreable
99256,99,EPASAGLYFFVVIVSYANSCANPVLYG,VIVSYANSCA,0,SSTR5,pancreatic adenocarcinoma,6,A3201,floor
99256,99,EPASAGLYFFVVIVSYANSCANPVLYG,VIVSYANSCA,0,SSTR5,pancreatic adenocarcinoma,6,B4101,floor
99256,99,EPASAGLYFFVVIVSYANSCANPVLYG,VIVSYANSCA,0,SSTR5,pancreatic adenocarcinoma,6,B5801,floor
99256,99,EPASAGLYFFVVIVSYANSCANPVLYG,VIVSYANSCA,0,SSTR5,pancreatic adenocarcinoma,6,C0701,floor
99256,99,EPASAGLYFFVVIVSYANSCANPVLYG,VIVSYANSCA,0,SSTR5,pancreatic adenocarcinoma,6,C1701,floor
99256,12,EPASAGLYFFVVIVSYANSCANPVLYG,VSYANSCANPV,0,SSTR5,pancreatic adenocarcinoma,6,A0205,scoreable
99256,99,EPASAGLYFFVVIVSYANSCANPVLYG,VSYANSCANPV,0,SSTR5,pancreatic adenocarcinoma,6,A3201,floor
99256,99,EPASAGLYFFVVIVSYANSCANPVLYG,VSYANSCANPV,0,SSTR5,pancreatic adenocarcinoma,6,B4101,floor
99256,99,EPASAGLYFFVVIVSYANSCANPVLYG,VSYANSCANPV,0,SSTR5,pancreatic adenocarcinoma,6,B5801,floor
99256,99,EPASAGLYFFVVIVSYANSCANPVLYG,VSYANSCANPV,0,SSTR5,pancreatic adenocarcinoma,6,C0701,floor
99256,17,EPASAGLYFFVVIVSYANSCANPVLYG,VSYANSCANPV,0,SSTR5,pancreatic adenocarcinoma,6,C1701,scoreable
99256,99,EPASAGLYFFVVIVSYANSCANPVLYG,VSYANSCANPVL,0,SSTR5,pancreatic adenocarcinoma,6,A0205,floor
99256,99,EPASAGLYFFVVIVSYANSCANPVLYG,VSYANSCANPVL,0,SSTR5,pancreatic adenocarcinoma,6,A3201,floor
99256,99,EPASAGLYFFVVIVSYANSCANPVLYG,VSYANSCANPVL,0,SSTR5,pancreatic adenocarcinoma,6,B4101,floor
99256,99,EPASAGLYFFVVIVSYANSCANPVLYG,VSYANSCANPVL,0,SSTR5,pancreatic adenocarcinoma,6,B5801,floor
99256,99,EPASAGLYFFVVIVSYANSCANPVLYG,VSYANSCANPVL,0,SSTR5,pancreatic adenocarcinoma,6,C0701,floor
99256,17,EPASAGLYFFVVIVSYANSCANPVLYG,VSYANSCANPVL,0,SSTR5,pancreatic adenocarcinoma,6,C1701,scoreable
99256,12,SLGDDVHDCDSHGLGKNPIIQEEENIF,DVHDCDSHGL,0,ZNF805,pancreatic adenocarcinoma,6,A0205,scoreable
99256,99,SLGDDVHDCDSHGLGKNPIIQEEENIF,DVHDCDSHGL,0,ZNF805,pancreatic adenocarcinoma,6,A3201,floor
99256,99,SLGDDVHDCDSHGLGKNPIIQEEENIF,DVHDCDSHGL,0,ZNF805,pancreatic adenocarcinoma,6,B4101,floor
99256,99,SLGDDVHDCDSHGLGKNPIIQEEENIF,DVHDCDSHGL,0,ZNF805,pancreatic adenocarcinoma,6,B5801,floor
99256,99,SLGDDVHDCDSHGLGKNPIIQEEENIF,DVHDCDSHGL,0,ZNF805,pancreatic adenocarcinoma,6,C0701,floor
99256,99,SLGDDVHDCDSHGLGKNPIIQEEENIF,DVHDCDSHGL,0,ZNF805,pancreatic adenocarcinoma,6,C1701,floor
99394,104,PTCKTKEFWATILGSAGPLPDYTPPEI,KEFWATILG,0,DPP8,pancreatic adenocarcinoma,11,A0101,floor
99394,104,PTCKTKEFWATILGSAGPLPDYTPPEI,KEFWATILG,0,DPP8,pancreatic adenocarcinoma,11,A3101,floor
99394,44,PTCKTKEFWATILGSAGPLPDYTPPEI,KEFWATILG,0,DPP8,pancreatic adenocarcinoma,11,B4402,scoreable
99394,104,PTCKTKEFWATILGSAGPLPDYTPPEI,KEFWATILG,0,DPP8,pancreatic adenocarcinoma,11,B5701,floor
99394,104,PTCKTKEFWATILGSAGPLPDYTPPEI,KEFWATILG,0,DPP8,pancreatic adenocarcinoma,11,C0501,floor
99394,104,PTCKTKEFWATILGSAGPLPDYTPPEI,KEFWATILG,0,DPP8,pancreatic adenocarcinoma,11,C0602,floor
99394,42,PTCKTKEFWATILGSAGPLPDYTPPEI,GSAGPLPDY,0,DPP8,pancreatic adenocarcinoma,11,A0101,scoreable
99394,104,PTCKTKEFWATILGSAGPLPDYTPPEI,GSAGPLPDY,0,DPP8,pancreatic adenocarcinoma,11,A3101,floor
99394,104,PTCKTKEFWATILGSAGPLPDYTPPEI,GSAGPLPDY,0,DPP8,pancreatic adenocarcinoma,11,B4402,floor
99394,45,PTCKTKEFWATILGSAGPLPDYTPPEI,GSAGPLPDY,0,DPP8,pancreatic adenocarcinoma,11,B5701,scoreable
99394,104,PTCKTKEFWATILGSAGPLPDYTPPEI,GSAGPLPDY,0,DPP8,pancreatic adenocarcinoma,11,C0501,floor
99394,104,PTCKTKEFWATILGSAGPLPDYTPPEI,GSAGPLPDY,0,DPP8,pancreatic adenocarcinoma,11,C0602,floor
99394,104,PTCKTKEFWATILGSAGPLPDYTPPEI,KEFWATILGS,0,DPP8,pancreatic adenocarcinoma,11,A0101,floor
99394,104,PTCKTKEFWATILGSAGPLPDYTPPEI,KEFWATILGS,0,DPP8,pancreatic adenocarcinoma,11,A3101,floor
99394,44,PTCKTKEFWATILGSAGPLPDYTPPEI,KEFWATILGS,0,DPP8,pancreatic adenocarcinoma,11,B4402,scoreable
99394,104,PTCKTKEFWATILGSAGPLPDYTPPEI,KEFWATILGS,0,DPP8,pancreatic adenocarcinoma,11,B5701,floor
99394,104,PTCKTKEFWATILGSAGPLPDYTPPEI,KEFWATILGS,0,DPP8,pancreatic adenocarcinoma,11,C0501,floor
99394,104,PTCKTKEFWATILGSAGPLPDYTPPEI,KEFWATILGS,0,DPP8,pancreatic adenocarcinoma,11,C0602,floor
99394,104,PTCKTKEFWATILGSAGPLPDYTPPEI,ATILGSAGPL,0,DPP8,pancreatic adenocarcinoma,11,A0101,floor
99394,104,PTCKTKEFWATILGSAGPLPDYTPPEI,ATILGSAGPL,0,DPP8,pancreatic adenocarcinoma,11,A3101,floor
99394,104,PTCKTKEFWATILGSAGPLPDYTPPEI,ATILGSAGPL,0,DPP8,pancreatic adenocarcinoma,11,B4402,floor
99394,45,PTCKTKEFWATILGSAGPLPDYTPPEI,ATILGSAGPL,0,DPP8,pancreatic adenocarcinoma,11,B5701,scoreable
99394,46,PTCKTKEFWATILGSAGPLPDYTPPEI,ATILGSAGPL,0,DPP8,pancreatic adenocarcinoma,11,C0501,scoreable
99394,47,PTCKTKEFWATILGSAGPLPDYTPPEI,ATILGSAGPL,0,DPP8,pancreatic adenocarcinoma,11,C0602,scoreable
99394,42,PTCKTKEFWATILGSAGPLPDYTPPEI,LGSAGPLPDY,0,DPP8,pancreatic adenocarcinoma,11,A0101,scoreable
99394,104,PTCKTKEFWATILGSAGPLPDYTPPEI,LGSAGPLPDY,0,DPP8,pancreatic adenocarcinoma,11,A3101,floor
99394,104,PTCKTKEFWATILGSAGPLPDYTPPEI,LGSAGPLPDY,0,DPP8,pancreatic adenocarcinoma,11,B4402,floor
99394,45,PTCKTKEFWATILGSAGPLPDYTPPEI,LGSAGPLPDY,0,DPP8,pancreatic adenocarcinoma,11,B5701,scoreable
99394,104,PTCKTKEFWATILGSAGPLPDYTPPEI,LGSAGPLPDY,0,DPP8,pancreatic adenocarcinoma,11,C0501,floor
99394,104,PTCKTKEFWATILGSAGPLPDYTPPEI,LGSAGPLPDY,0,DPP8,pancreatic adenocarcinoma,11,C0602,floor
99394,104,PTCKTKEFWATILGSAGPLPDYTPPEI,KEFWATILGSA,0,DPP8,pancreatic adenocarcinoma,11,A0101,floor
99394,104,PTCKTKEFWATILGSAGPLPDYTPPEI,KEFWATILGSA,0,DPP8,pancreatic adenocarcinoma,11,A3101,floor
99394,44,PTCKTKEFWATILGSAGPLPDYTPPEI,KEFWATILGSA,0,DPP8,pancreatic adenocarcinoma,11,B4402,scoreable
99394,104,PTCKTKEFWATILGSAGPLPDYTPPEI,KEFWATILGSA,0,DPP8,pancreatic adenocarcinoma,11,B5701,floor
99394,104,PTCKTKEFWATILGSAGPLPDYTPPEI,KEFWATILGSA,0,DPP8,pancreatic adenocarcinoma,11,C0501,floor
99394,104,PTCKTKEFWATILGSAGPLPDYTPPEI,KEFWATILGSA,0,DPP8,pancreatic adenocarcinoma,11,C0602,floor
99394,104,PTCKTKEFWATILGSAGPLPDYTPPEI,WATILGSAGPL,0,DPP8,pancreatic adenocarcinoma,11,A0101,floor
99394,104,PTCKTKEFWATILGSAGPLPDYTPPEI,WATILGSAGPL,0,DPP8,pancreatic adenocarcinoma,11,A3101,floor
99394,104,PTCKTKEFWATILGSAGPLPDYTPPEI,WATILGSAGPL,0,DPP8,pancreatic adenocarcinoma,11,B4402,floor
99394,104,PTCKTKEFWATILGSAGPLPDYTPPEI,WATILGSAGPL,0,DPP8,pancreatic adenocarcinoma,11,B5701,floor
99394,46,PTCKTKEFWATILGSAGPLPDYTPPEI,WATILGSAGPL,0,DPP8,pancreatic adenocarcinoma,11,C0501,scoreable
99394,104,PTCKTKEFWATILGSAGPLPDYTPPEI,WATILGSAGPL,0,DPP8,pancreatic adenocarcinoma,11,C0602,floor
99394,42,PTCKTKEFWATILGSAGPLPDYTPPEI,ILGSAGPLPDY,0,DPP8,pancreatic adenocarcinoma,11,A0101,scoreable
99394,104,PTCKTKEFWATILGSAGPLPDYTPPEI,ILGSAGPLPDY,0,DPP8,pancreatic adenocarcinoma,11,A3101,floor
99394,104,PTCKTKEFWATILGSAGPLPDYTPPEI,ILGSAGPLPDY,0,DPP8,pancreatic adenocarcinoma,11,B4402,floor
99394,45,PTCKTKEFWATILGSAGPLPDYTPPEI,ILGSAGPLPDY,0,DPP8,pancreatic adenocarcinoma,11,B5701,scoreable
99394,104,PTCKTKEFWATILGSAGPLPDYTPPEI,ILGSAGPLPDY,0,DPP8,pancreatic adenocarcinoma,11,C0501,floor
99394,104,PTCKTKEFWATILGSAGPLPDYTPPEI,ILGSAGPLPDY,0,DPP8,pancreatic adenocarcinoma,11,C0602,floor
99394,42,PTCKTKEFWATILGSAGPLPDYTPPEI,TILGSAGPLPDY,0,DPP8,pancreatic adenocarcinoma,11,A0101,scoreable
99394,104,PTCKTKEFWATILGSAGPLPDYTPPEI,TILGSAGPLPDY,0,DPP8,pancreatic adenocarcinoma,11,A3101,floor
99394,104,PTCKTKEFWATILGSAGPLPDYTPPEI,TILGSAGPLPDY,0,DPP8,pancreatic adenocarcinoma,11,B4402,floor
99394,104,PTCKTKEFWATILGSAGPLPDYTPPEI,TILGSAGPLPDY,0,DPP8,pancreatic adenocarcinoma,11,B5701,floor
99394,104,PTCKTKEFWATILGSAGPLPDYTPPEI,TILGSAGPLPDY,0,DPP8,pancreatic adenocarcinoma,11,C0501,floor
99394,104,PTCKTKEFWATILGSAGPLPDYTPPEI,TILGSAGPLPDY,0,DPP8,pancreatic adenocarcinoma,11,C0602,floor
99394,104,HLRVHTGEKPYECTVCRKAFSQFAYLA,GEKPYECTV,0,ZNF570,pancreatic adenocarcinoma,11,A0101,floor
99394,104,HLRVHTGEKPYECTVCRKAFSQFAYLA,GEKPYECTV,0,ZNF570,pancreatic adenocarcinoma,11,A3101,floor
99394,44,HLRVHTGEKPYECTVCRKAFSQFAYLA,GEKPYECTV,0,ZNF570,pancreatic adenocarcinoma,11,B4402,scoreable
99394,104,HLRVHTGEKPYECTVCRKAFSQFAYLA,GEKPYECTV,0,ZNF570,pancreatic adenocarcinoma,11,B5701,floor
99394,104,HLRVHTGEKPYECTVCRKAFSQFAYLA,GEKPYECTV,0,ZNF570,pancreatic adenocarcinoma,11,C0501,floor
99394,104,HLRVHTGEKPYECTVCRKAFSQFAYLA,GEKPYECTV,0,ZNF570,pancreatic adenocarcinoma,11,C0602,floor
99394,104,HLRVHTGEKPYECTVCRKAFSQFAYLA,KPYECTVCR,0,ZNF570,pancreatic adenocarcinoma,11,A0101,floor
99394,43,HLRVHTGEKPYECTVCRKAFSQFAYLA,KPYECTVCR,0,ZNF570,pancreatic adenocarcinoma,11,A3101,scoreable
99394,104,HLRVHTGEKPYECTVCRKAFSQFAYLA,KPYECTVCR,0,ZNF570,pancreatic adenocarcinoma,11,B4402,floor
99394,104,HLRVHTGEKPYECTVCRKAFSQFAYLA,KPYECTVCR,0,ZNF570,pancreatic adenocarcinoma,11,B5701,floor
99394,104,HLRVHTGEKPYECTVCRKAFSQFAYLA,KPYECTVCR,0,ZNF570,pancreatic adenocarcinoma,11,C0501,floor
99394,47,HLRVHTGEKPYECTVCRKAFSQFAYLA,KPYECTVCR,0,ZNF570,pancreatic adenocarcinoma,11,C0602,scoreable
99394,104,HLRVHTGEKPYECTVCRKAFSQFAYLA,YECTVCRKA,0,ZNF570,pancreatic adenocarcinoma,11,A0101,floor
99394,104,HLRVHTGEKPYECTVCRKAFSQFAYLA,YECTVCRKA,0,ZNF570,pancreatic adenocarcinoma,11,A3101,floor
99394,44,HLRVHTGEKPYECTVCRKAFSQFAYLA,YECTVCRKA,0,ZNF570,pancreatic adenocarcinoma,11,B4402,scoreable
99394,104,HLRVHTGEKPYECTVCRKAFSQFAYLA,YECTVCRKA,0,ZNF570,pancreatic adenocarcinoma,11,B5701,floor
99394,104,HLRVHTGEKPYECTVCRKAFSQFAYLA,YECTVCRKA,0,ZNF570,pancreatic adenocarcinoma,11,C0501,floor
99394,104,HLRVHTGEKPYECTVCRKAFSQFAYLA,YECTVCRKA,0,ZNF570,pancreatic adenocarcinoma,11,C0602,floor
99394,104,HLRVHTGEKPYECTVCRKAFSQFAYLA,GEKPYECTVC,0,ZNF570,pancreatic adenocarcinoma,11,A0101,floor
99394,104,HLRVHTGEKPYECTVCRKAFSQFAYLA,GEKPYECTVC,0,ZNF570,pancreatic adenocarcinoma,11,A3101,floor
99394,44,HLRVHTGEKPYECTVCRKAFSQFAYLA,GEKPYECTVC,0,ZNF570,pancreatic adenocarcinoma,11,B4402,scoreable
99394,104,HLRVHTGEKPYECTVCRKAFSQFAYLA,GEKPYECTVC,0,ZNF570,pancreatic adenocarcinoma,11,B5701,floor
99394,104,HLRVHTGEKPYECTVCRKAFSQFAYLA,GEKPYECTVC,0,ZNF570,pancreatic adenocarcinoma,11,C0501,floor
99394,104,HLRVHTGEKPYECTVCRKAFSQFAYLA,GEKPYECTVC,0,ZNF570,pancreatic adenocarcinoma,11,C0602,floor
99394,104,HLRVHTGEKPYECTVCRKAFSQFAYLA,KPYECTVCRK,0,ZNF570,pancreatic adenocarcinoma,11,A0101,floor
99394,43,HLRVHTGEKPYECTVCRKAFSQFAYLA,KPYECTVCRK,0,ZNF570,pancreatic adenocarcinoma,11,A3101,scoreable
99394,104,HLRVHTGEKPYECTVCRKAFSQFAYLA,KPYECTVCRK,0,ZNF570,pancreatic adenocarcinoma,11,B4402,floor
99394,104,HLRVHTGEKPYECTVCRKAFSQFAYLA,KPYECTVCRK,0,ZNF570,pancreatic adenocarcinoma,11,B5701,floor
99394,104,HLRVHTGEKPYECTVCRKAFSQFAYLA,KPYECTVCRK,0,ZNF570,pancreatic adenocarcinoma,11,C0501,floor
99394,104,HLRVHTGEKPYECTVCRKAFSQFAYLA,KPYECTVCRK,0,ZNF570,pancreatic adenocarcinoma,11,C0602,floor
99394,104,HLRVHTGEKPYECTVCRKAFSQFAYLA,YECTVCRKAF,0,ZNF570,pancreatic adenocarcinoma,11,A0101,floor
99394,104,HLRVHTGEKPYECTVCRKAFSQFAYLA,YECTVCRKAF,0,ZNF570,pancreatic adenocarcinoma,11,A3101,floor
99394,44,HLRVHTGEKPYECTVCRKAFSQFAYLA,YECTVCRKAF,0,ZNF570,pancreatic adenocarcinoma,11,B4402,scoreable
99394,104,HLRVHTGEKPYECTVCRKAFSQFAYLA,YECTVCRKAF,0,ZNF570,pancreatic adenocarcinoma,11,B5701,floor
99394,104,HLRVHTGEKPYECTVCRKAFSQFAYLA,YECTVCRKAF,0,ZNF570,pancreatic adenocarcinoma,11,C0501,floor
99394,104,HLRVHTGEKPYECTVCRKAFSQFAYLA,YECTVCRKAF,0,ZNF570,pancreatic adenocarcinoma,11,C0602,floor
99394,104,HLRVHTGEKPYECTVCRKAFSQFAYLA,TVCRKAFSQF,0,ZNF570,pancreatic adenocarcinoma,11,A0101,floor
99394,104,HLRVHTGEKPYECTVCRKAFSQFAYLA,TVCRKAFSQF,0,ZNF570,pancreatic adenocarcinoma,11,A3101,floor
99394,104,HLRVHTGEKPYECTVCRKAFSQFAYLA,TVCRKAFSQF,0,ZNF570,pancreatic adenocarcinoma,11,B4402,floor
99394,45,HLRVHTGEKPYECTVCRKAFSQFAYLA,TVCRKAFSQF,0,ZNF570,pancreatic adenocarcinoma,11,B5701,scoreable
99394,104,HLRVHTGEKPYECTVCRKAFSQFAYLA,TVCRKAFSQF,0,ZNF570,pancreatic adenocarcinoma,11,C0501,floor
99394,104,HLRVHTGEKPYECTVCRKAFSQFAYLA,TVCRKAFSQF,0,ZNF570,pancreatic adenocarcinoma,11,C0602,floor
99394,104,HLRVHTGEKPYECTVCRKAFSQFAYLA,HTGEKPYECTV,0,ZNF570,pancreatic adenocarcinoma,11,A0101,floor
99394,104,HLRVHTGEKPYECTVCRKAFSQFAYLA,HTGEKPYECTV,0,ZNF570,pancreatic adenocarcinoma,11,A3101,floor
99394,104,HLRVHTGEKPYECTVCRKAFSQFAYLA,HTGEKPYECTV,0,ZNF570,pancreatic adenocarcinoma,11,B4402,floor
99394,45,HLRVHTGEKPYECTVCRKAFSQFAYLA,HTGEKPYECTV,0,ZNF570,pancreatic adenocarcinoma,11,B5701,scoreable
99394,46,HLRVHTGEKPYECTVCRKAFSQFAYLA,HTGEKPYECTV,0,ZNF570,pancreatic adenocarcinoma,11,C0501,scoreable
99394,104,HLRVHTGEKPYECTVCRKAFSQFAYLA,HTGEKPYECTV,0,ZNF570,pancreatic adenocarcinoma,11,C0602,floor
99394,104,HLRVHTGEKPYECTVCRKAFSQFAYLA,GEKPYECTVCR,0,ZNF570,pancreatic adenocarcinoma,11,A0101,floor
99394,43,HLRVHTGEKPYECTVCRKAFSQFAYLA,GEKPYECTVCR,0,ZNF570,pancreatic adenocarcinoma,11,A3101,scoreable
99394,44,HLRVHTGEKPYECTVCRKAFSQFAYLA,GEKPYECTVCR,0,ZNF570,pancreatic adenocarcinoma,11,B4402,scoreable
99394,104,HLRVHTGEKPYECTVCRKAFSQFAYLA,GEKPYECTVCR,0,ZNF570,pancreatic adenocarcinoma,11,B5701,floor
99394,104,HLRVHTGEKPYECTVCRKAFSQFAYLA,GEKPYECTVCR,0,ZNF570,pancreatic adenocarcinoma,11,C0501,floor
99394,104,HLRVHTGEKPYECTVCRKAFSQFAYLA,GEKPYECTVCR,0,ZNF570,pancreatic adenocarcinoma,11,C0602,floor
99394,104,HLRVHTGEKPYECTVCRKAFSQFAYLA,CTVCRKAFSQF,0,ZNF570,pancreatic adenocarcinoma,11,A0101,floor
99394,104,HLRVHTGEKPYECTVCRKAFSQFAYLA,CTVCRKAFSQF,0,ZNF570,pancreatic adenocarcinoma,11,A3101,floor
99394,104,HLRVHTGEKPYECTVCRKAFSQFAYLA,CTVCRKAFSQF,0,ZNF570,pancreatic adenocarcinoma,11,B4402,floor
99394,45,HLRVHTGEKPYECTVCRKAFSQFAYLA,CTVCRKAFSQF,0,ZNF570,pancreatic adenocarcinoma,11,B5701,scoreable
99394,104,HLRVHTGEKPYECTVCRKAFSQFAYLA,CTVCRKAFSQF,0,ZNF570,pancreatic adenocarcinoma,11,C0501,floor
99394,104,HLRVHTGEKPYECTVCRKAFSQFAYLA,CTVCRKAFSQF,0,ZNF570,pancreatic adenocarcinoma,11,C0602,floor
99394,42,NVLNFYKEIEREEKYIRYLYKLCDLHK,KEIEREEKY,0,DOCK1,pancreatic adenocarcinoma,11,A0101,scoreable
99394,104,NVLNFYKEIEREEKYIRYLYKLCDLHK,KEIEREEKY,0,DOCK1,pancreatic adenocarcinoma,11,A3101,floor
99394,44,NVLNFYKEIEREEKYIRYLYKLCDLHK,KEIEREEKY,0,DOCK1,pancreatic adenocarcinoma,11,B4402,scoreable
99394,45,NVLNFYKEIEREEKYIRYLYKLCDLHK,KEIEREEKY,0,DOCK1,pancreatic adenocarcinoma,11,B5701,scoreable
99394,104,NVLNFYKEIEREEKYIRYLYKLCDLHK,KEIEREEKY,0,DOCK1,pancreatic adenocarcinoma,11,C0501,floor
99394,104,NVLNFYKEIEREEKYIRYLYKLCDLHK,KEIEREEKY,0,DOCK1,pancreatic adenocarcinoma,11,C0602,floor
99394,104,NVLNFYKEIEREEKYIRYLYKLCDLHK,IEREEKYIR,0,DOCK1,pancreatic adenocarcinoma,11,A0101,floor
99394,43,NVLNFYKEIEREEKYIRYLYKLCDLHK,IEREEKYIR,0,DOCK1,pancreatic adenocarcinoma,11,A3101,scoreable
99394,104,NVLNFYKEIEREEKYIRYLYKLCDLHK,IEREEKYIR,0,DOCK1,pancreatic adenocarcinoma,11,B4402,floor
99394,104,NVLNFYKEIEREEKYIRYLYKLCDLHK,IEREEKYIR,0,DOCK1,pancreatic adenocarcinoma,11,B5701,floor
99394,104,NVLNFYKEIEREEKYIRYLYKLCDLHK,IEREEKYIR,0,DOCK1,pancreatic adenocarcinoma,11,C0501,floor
99394,104,NVLNFYKEIEREEKYIRYLYKLCDLHK,IEREEKYIR,0,DOCK1,pancreatic adenocarcinoma,11,C0602,floor
99394,104,NVLNFYKEIEREEKYIRYLYKLCDLHK,EREEKYIRY,0,DOCK1,pancreatic adenocarcinoma,11,A0101,floor
99394,104,NVLNFYKEIEREEKYIRYLYKLCDLHK,EREEKYIRY,0,DOCK1,pancreatic adenocarcinoma,11,A3101,floor
99394,44,NVLNFYKEIEREEKYIRYLYKLCDLHK,EREEKYIRY,0,DOCK1,pancreatic adenocarcinoma,11,B4402,scoreable
99394,104,NVLNFYKEIEREEKYIRYLYKLCDLHK,EREEKYIRY,0,DOCK1,pancreatic adenocarcinoma,11,B5701,floor
99394,104,NVLNFYKEIEREEKYIRYLYKLCDLHK,EREEKYIRY,0,DOCK1,pancreatic adenocarcinoma,11,C0501,floor
99394,104,NVLNFYKEIEREEKYIRYLYKLCDLHK,EREEKYIRY,0,DOCK1,pancreatic adenocarcinoma,11,C0602,floor
99394,104,NVLNFYKEIEREEKYIRYLYKLCDLHK,REEKYIRYL,0,DOCK1,pancreatic adenocarcinoma,11,A0101,floor
99394,104,NVLNFYKEIEREEKYIRYLYKLCDLHK,REEKYIRYL,0,DOCK1,pancreatic adenocarcinoma,11,A3101,floor
99394,44,NVLNFYKEIEREEKYIRYLYKLCDLHK,REEKYIRYL,0,DOCK1,pancreatic adenocarcinoma,11,B4402,scoreable
99394,104,NVLNFYKEIEREEKYIRYLYKLCDLHK,REEKYIRYL,0,DOCK1,pancreatic adenocarcinoma,11,B5701,floor
99394,104,NVLNFYKEIEREEKYIRYLYKLCDLHK,REEKYIRYL,0,DOCK1,pancreatic adenocarcinoma,11,C0501,floor
99394,104,NVLNFYKEIEREEKYIRYLYKLCDLHK,REEKYIRYL,0,DOCK1,pancreatic adenocarcinoma,11,C0602,floor
99394,42,NVLNFYKEIEREEKYIRYLYKLCDLHK,EEKYIRYLY,0,DOCK1,pancreatic adenocarcinoma,11,A0101,scoreable
99394,104,NVLNFYKEIEREEKYIRYLYKLCDLHK,EEKYIRYLY,0,DOCK1,pancreatic adenocarcinoma,11,A3101,floor
99394,44,NVLNFYKEIEREEKYIRYLYKLCDLHK,EEKYIRYLY,0,DOCK1,pancreatic adenocarcinoma,11,B4402,scoreable
99394,104,NVLNFYKEIEREEKYIRYLYKLCDLHK,EEKYIRYLY,0,DOCK1,pancreatic adenocarcinoma,11,B5701,floor
99394,104,NVLNFYKEIEREEKYIRYLYKLCDLHK,EEKYIRYLY,0,DOCK1,pancreatic adenocarcinoma,11,C0501,floor
99394,104,NVLNFYKEIEREEKYIRYLYKLCDLHK,EEKYIRYLY,0,DOCK1,pancreatic adenocarcinoma,11,C0602,floor
99394,104,NVLNFYKEIEREEKYIRYLYKLCDLHK,EKYIRYLYK,0,DOCK1,pancreatic adenocarcinoma,11,A0101,floor
99394,43,NVLNFYKEIEREEKYIRYLYKLCDLHK,EKYIRYLYK,0,DOCK1,pancreatic adenocarcinoma,11,A3101,scoreable
99394,104,NVLNFYKEIEREEKYIRYLYKLCDLHK,EKYIRYLYK,0,DOCK1,pancreatic adenocarcinoma,11,B4402,floor
99394,104,NVLNFYKEIEREEKYIRYLYKLCDLHK,EKYIRYLYK,0,DOCK1,pancreatic adenocarcinoma,11,B5701,floor
99394,104,NVLNFYKEIEREEKYIRYLYKLCDLHK,EKYIRYLYK,0,DOCK1,pancreatic adenocarcinoma,11,C0501,floor
99394,104,NVLNFYKEIEREEKYIRYLYKLCDLHK,EKYIRYLYK,0,DOCK1,pancreatic adenocarcinoma,11,C0602,floor
99394,104,NVLNFYKEIEREEKYIRYLYKLCDLHK,KYIRYLYKL,0,DOCK1,pancreatic adenocarcinoma,11,A0101,floor
99394,43,NVLNFYKEIEREEKYIRYLYKLCDLHK,KYIRYLYKL,0,DOCK1,pancreatic adenocarcinoma,11,A3101,scoreable
99394,104,NVLNFYKEIEREEKYIRYLYKLCDLHK,KYIRYLYKL,0,DOCK1,pancreatic adenocarcinoma,11,B4402,floor
99394,45,NVLNFYKEIEREEKYIRYLYKLCDLHK,KYIRYLYKL,0,DOCK1,pancreatic adenocarcinoma,11,B5701,scoreable
99394,104,NVLNFYKEIEREEKYIRYLYKLCDLHK,KYIRYLYKL,0,DOCK1,pancreatic adenocarcinoma,11,C0501,floor
99394,104,NVLNFYKEIEREEKYIRYLYKLCDLHK,KYIRYLYKL,0,DOCK1,pancreatic adenocarcinoma,11,C0602,floor
99394,104,NVLNFYKEIEREEKYIRYLYKLCDLHK,FYKEIEREEK,0,DOCK1,pancreatic adenocarcinoma,11,A0101,floor
99394,43,NVLNFYKEIEREEKYIRYLYKLCDLHK,FYKEIEREEK,0,DOCK1,pancreatic adenocarcinoma,11,A3101,scoreable
99394,104,NVLNFYKEIEREEKYIRYLYKLCDLHK,FYKEIEREEK,0,DOCK1,pancreatic adenocarcinoma,11,B4402,floor
99394,104,NVLNFYKEIEREEKYIRYLYKLCDLHK,FYKEIEREEK,0,DOCK1,pancreatic adenocarcinoma,11,B5701,floor
99394,104,NVLNFYKEIEREEKYIRYLYKLCDLHK,FYKEIEREEK,0,DOCK1,pancreatic adenocarcinoma,11,C0501,floor
99394,104,NVLNFYKEIEREEKYIRYLYKLCDLHK,FYKEIEREEK,0,DOCK1,pancreatic adenocarcinoma,11,C0602,floor
99394,104,NVLNFYKEIEREEKYIRYLYKLCDLHK,KEIEREEKYI,0,DOCK1,pancreatic adenocarcinoma,11,A0101,floor
99394,104,NVLNFYKEIEREEKYIRYLYKLCDLHK,KEIEREEKYI,0,DOCK1,pancreatic adenocarcinoma,11,A3101,floor
99394,44,NVLNFYKEIEREEKYIRYLYKLCDLHK,KEIEREEKYI,0,DOCK1,pancreatic adenocarcinoma,11,B4402,scoreable
99394,104,NVLNFYKEIEREEKYIRYLYKLCDLHK,KEIEREEKYI,0,DOCK1,pancreatic adenocarcinoma,11,B5701,floor
99394,104,NVLNFYKEIEREEKYIRYLYKLCDLHK,KEIEREEKYI,0,DOCK1,pancreatic adenocarcinoma,11,C0501,floor
99394,104,NVLNFYKEIEREEKYIRYLYKLCDLHK,KEIEREEKYI,0,DOCK1,pancreatic adenocarcinoma,11,C0602,floor
99394,104,NVLNFYKEIEREEKYIRYLYKLCDLHK,EIEREEKYIR,0,DOCK1,pancreatic adenocarcinoma,11,A0101,floor
99394,43,NVLNFYKEIEREEKYIRYLYKLCDLHK,EIEREEKYIR,0,DOCK1,pancreatic adenocarcinoma,11,A3101,scoreable
99394,104,NVLNFYKEIEREEKYIRYLYKLCDLHK,EIEREEKYIR,0,DOCK1,pancreatic adenocarcinoma,11,B4402,floor
99394,104,NVLNFYKEIEREEKYIRYLYKLCDLHK,EIEREEKYIR,0,DOCK1,pancreatic adenocarcinoma,11,B5701,floor
99394,104,NVLNFYKEIEREEKYIRYLYKLCDLHK,EIEREEKYIR,0,DOCK1,pancreatic adenocarcinoma,11,C0501,floor
99394,104,NVLNFYKEIEREEKYIRYLYKLCDLHK,EIEREEKYIR,0,DOCK1,pancreatic adenocarcinoma,11,C0602,floor
99394,42,NVLNFYKEIEREEKYIRYLYKLCDLHK,IEREEKYIRY,0,DOCK1,pancreatic adenocarcinoma,11,A0101,scoreable
99394,104,NVLNFYKEIEREEKYIRYLYKLCDLHK,IEREEKYIRY,0,DOCK1,pancreatic adenocarcinoma,11,A3101,floor
99394,44,NVLNFYKEIEREEKYIRYLYKLCDLHK,IEREEKYIRY,0,DOCK1,pancreatic adenocarcinoma,11,B4402,scoreable
99394,104,NVLNFYKEIEREEKYIRYLYKLCDLHK,IEREEKYIRY,0,DOCK1,pancreatic adenocarcinoma,11,B5701,floor
99394,104,NVLNFYKEIEREEKYIRYLYKLCDLHK,IEREEKYIRY,0,DOCK1,pancreatic adenocarcinoma,11,C0501,floor
99394,104,NVLNFYKEIEREEKYIRYLYKLCDLHK,IEREEKYIRY,0,DOCK1,pancreatic adenocarcinoma,11,C0602,floor
99394,42,NVLNFYKEIEREEKYIRYLYKLCDLHK,REEKYIRYLY,0,DOCK1,pancreatic adenocarcinoma,11,A0101,scoreable
99394,104,NVLNFYKEIEREEKYIRYLYKLCDLHK,REEKYIRYLY,0,DOCK1,pancreatic adenocarcinoma,11,A3101,floor
99394,44,NVLNFYKEIEREEKYIRYLYKLCDLHK,REEKYIRYLY,0,DOCK1,pancreatic adenocarcinoma,11,B4402,scoreable
99394,104,NVLNFYKEIEREEKYIRYLYKLCDLHK,REEKYIRYLY,0,DOCK1,pancreatic adenocarcinoma,11,B5701,floor
99394,104,NVLNFYKEIEREEKYIRYLYKLCDLHK,REEKYIRYLY,0,DOCK1,pancreatic adenocarcinoma,11,C0501,floor
99394,104,NVLNFYKEIEREEKYIRYLYKLCDLHK,REEKYIRYLY,0,DOCK1,pancreatic adenocarcinoma,11,C0602,floor
99394,104,NVLNFYKEIEREEKYIRYLYKLCDLHK,NFYKEIEREEK,0,DOCK1,pancreatic adenocarcinoma,11,A0101,floor
99394,43,NVLNFYKEIEREEKYIRYLYKLCDLHK,NFYKEIEREEK,0,DOCK1,pancreatic adenocarcinoma,11,A3101,scoreable
99394,104,NVLNFYKEIEREEKYIRYLYKLCDLHK,NFYKEIEREEK,0,DOCK1,pancreatic adenocarcinoma,11,B4402,floor
99394,104,NVLNFYKEIEREEKYIRYLYKLCDLHK,NFYKEIEREEK,0,DOCK1,pancreatic adenocarcinoma,11,B5701,floor
99394,104,NVLNFYKEIEREEKYIRYLYKLCDLHK,NFYKEIEREEK,0,DOCK1,pancreatic adenocarcinoma,11,C0501,floor
99394,104,NVLNFYKEIEREEKYIRYLYKLCDLHK,NFYKEIEREEK,0,DOCK1,pancreatic adenocarcinoma,11,C0602,floor
99394,42,NVLNFYKEIEREEKYIRYLYKLCDLHK,FYKEIEREEKY,0,DOCK1,pancreatic adenocarcinoma,11,A0101,scoreable
99394,104,NVLNFYKEIEREEKYIRYLYKLCDLHK,FYKEIEREEKY,0,DOCK1,pancreatic adenocarcinoma,11,A3101,floor
99394,104,NVLNFYKEIEREEKYIRYLYKLCDLHK,FYKEIEREEKY,0,DOCK1,pancreatic adenocarcinoma,11,B4402,floor
99394,104,NVLNFYKEIEREEKYIRYLYKLCDLHK,FYKEIEREEKY,0,DOCK1,pancreatic adenocarcinoma,11,B5701,floor
99394,104,NVLNFYKEIEREEKYIRYLYKLCDLHK,FYKEIEREEKY,0,DOCK1,pancreatic adenocarcinoma,11,C0501,floor
99394,47,NVLNFYKEIEREEKYIRYLYKLCDLHK,FYKEIEREEKY,0,DOCK1,pancreatic adenocarcinoma,11,C0602,scoreable
99394,104,NVLNFYKEIEREEKYIRYLYKLCDLHK,KEIEREEKYIR,0,DOCK1,pancreatic adenocarcinoma,11,A0101,floor
99394,43,NVLNFYKEIEREEKYIRYLYKLCDLHK,KEIEREEKYIR,0,DOCK1,pancreatic adenocarcinoma,11,A3101,scoreable
99394,44,NVLNFYKEIEREEKYIRYLYKLCDLHK,KEIEREEKYIR,0,DOCK1,pancreatic adenocarcinoma,11,B4402,scoreable
99394,104,NVLNFYKEIEREEKYIRYLYKLCDLHK,KEIEREEKYIR,0,DOCK1,pancreatic adenocarcinoma,11,B5701,floor
99394,104,NVLNFYKEIEREEKYIRYLYKLCDLHK,KEIEREEKYIR,0,DOCK1,pancreatic adenocarcinoma,11,C0501,floor
99394,104,NVLNFYKEIEREEKYIRYLYKLCDLHK,KEIEREEKYIR,0,DOCK1,pancreatic adenocarcinoma,11,C0602,floor
99394,42,NVLNFYKEIEREEKYIRYLYKLCDLHK,EIEREEKYIRY,0,DOCK1,pancreatic adenocarcinoma,11,A0101,scoreable
99394,104,NVLNFYKEIEREEKYIRYLYKLCDLHK,EIEREEKYIRY,0,DOCK1,pancreatic adenocarcinoma,11,A3101,floor
99394,104,NVLNFYKEIEREEKYIRYLYKLCDLHK,EIEREEKYIRY,0,DOCK1,pancreatic adenocarcinoma,11,B4402,floor
99394,104,NVLNFYKEIEREEKYIRYLYKLCDLHK,EIEREEKYIRY,0,DOCK1,pancreatic adenocarcinoma,11,B5701,floor
99394,104,NVLNFYKEIEREEKYIRYLYKLCDLHK,EIEREEKYIRY,0,DOCK1,pancreatic adenocarcinoma,11,C0501,floor
99394,104,NVLNFYKEIEREEKYIRYLYKLCDLHK,EIEREEKYIRY,0,DOCK1,pancreatic adenocarcinoma,11,C0602,floor
99394,104,NVLNFYKEIEREEKYIRYLYKLCDLHK,IEREEKYIRYL,0,DOCK1,pancreatic adenocarcinoma,11,A0101,floor
99394,104,NVLNFYKEIEREEKYIRYLYKLCDLHK,IEREEKYIRYL,0,DOCK1,pancreatic adenocarcinoma,11,A3101,floor
99394,44,NVLNFYKEIEREEKYIRYLYKLCDLHK,IEREEKYIRYL,0,DOCK1,pancreatic adenocarcinoma,11,B4402,scoreable
99394,104,NVLNFYKEIEREEKYIRYLYKLCDLHK,IEREEKYIRYL,0,DOCK1,pancreatic adenocarcinoma,11,B5701,floor
99394,104,NVLNFYKEIEREEKYIRYLYKLCDLHK,IEREEKYIRYL,0,DOCK1,pancreatic adenocarcinoma,11,C0501,floor
99394,104,NVLNFYKEIEREEKYIRYLYKLCDLHK,IEREEKYIRYL,0,DOCK1,pancreatic adenocarcinoma,11,C0602,floor
99394,42,NVLNFYKEIEREEKYIRYLYKLCDLHK,KEIEREEKYIRY,0,DOCK1,pancreatic adenocarcinoma,11,A0101,scoreable
99394,104,NVLNFYKEIEREEKYIRYLYKLCDLHK,KEIEREEKYIRY,0,DOCK1,pancreatic adenocarcinoma,11,A3101,floor
99394,44,NVLNFYKEIEREEKYIRYLYKLCDLHK,KEIEREEKYIRY,0,DOCK1,pancreatic adenocarcinoma,11,B4402,scoreable
99394,104,NVLNFYKEIEREEKYIRYLYKLCDLHK,KEIEREEKYIRY,0,DOCK1,pancreatic adenocarcinoma,11,B5701,floor
99394,104,NVLNFYKEIEREEKYIRYLYKLCDLHK,KEIEREEKYIRY,0,DOCK1,pancreatic adenocarcinoma,11,C0501,floor
99394,104,NVLNFYKEIEREEKYIRYLYKLCDLHK,KEIEREEKYIRY,0,DOCK1,pancreatic adenocarcinoma,11,C0602,floor
99394,104,NVLNFYKEIEREEKYIRYLYKLCDLHK,IEREEKYIRYLY,0,DOCK1,pancreatic adenocarcinoma,11,A0101,floor
99394,104,NVLNFYKEIEREEKYIRYLYKLCDLHK,IEREEKYIRYLY,0,DOCK1,pancreatic adenocarcinoma,11,A3101,floor
99394,44,NVLNFYKEIEREEKYIRYLYKLCDLHK,IEREEKYIRYLY,0,DOCK1,pancreatic adenocarcinoma,11,B4402,scoreable
99394,104,NVLNFYKEIEREEKYIRYLYKLCDLHK,IEREEKYIRYLY,0,DOCK1,pancreatic adenocarcinoma,11,B5701,floor
99394,104,NVLNFYKEIEREEKYIRYLYKLCDLHK,IEREEKYIRYLY,0,DOCK1,pancreatic adenocarcinoma,11,C0501,floor
99394,104,NVLNFYKEIEREEKYIRYLYKLCDLHK,IEREEKYIRYLY,0,DOCK1,pancreatic adenocarcinoma,11,C0602,floor
99394,42,GPPTSACPNVLTPNRIPQFFIPPRLPD,LTPNRIPQF,0,C2CD4D,pancreatic adenocarcinoma,11,A0101,scoreable
99394,104,GPPTSACPNVLTPNRIPQFFIPPRLPD,LTPNRIPQF,0,C2CD4D,pancreatic adenocarcinoma,11,A3101,floor
99394,104,GPPTSACPNVLTPNRIPQFFIPPRLPD,LTPNRIPQF,0,C2CD4D,pancreatic adenocarcinoma,11,B4402,floor
99394,45,GPPTSACPNVLTPNRIPQFFIPPRLPD,LTPNRIPQF,0,C2CD4D,pancreatic adenocarcinoma,11,B5701,scoreable
99394,104,GPPTSACPNVLTPNRIPQFFIPPRLPD,LTPNRIPQF,0,C2CD4D,pancreatic adenocarcinoma,11,C0501,floor
99394,47,GPPTSACPNVLTPNRIPQFFIPPRLPD,LTPNRIPQF,0,C2CD4D,pancreatic adenocarcinoma,11,C0602,scoreable
99394,104,GPPTSACPNVLTPNRIPQFFIPPRLPD,TPNRIPQFF,0,C2CD4D,pancreatic adenocarcinoma,11,A0101,floor
99394,104,GPPTSACPNVLTPNRIPQFFIPPRLPD,TPNRIPQFF,0,C2CD4D,pancreatic adenocarcinoma,11,A3101,floor
99394,104,GPPTSACPNVLTPNRIPQFFIPPRLPD,TPNRIPQFF,0,C2CD4D,pancreatic adenocarcinoma,11,B4402,floor
99394,45,GPPTSACPNVLTPNRIPQFFIPPRLPD,TPNRIPQFF,0,C2CD4D,pancreatic adenocarcinoma,11,B5701,scoreable
99394,46,GPPTSACPNVLTPNRIPQFFIPPRLPD,TPNRIPQFF,0,C2CD4D,pancreatic adenocarcinoma,11,C0501,scoreable
99394,104,GPPTSACPNVLTPNRIPQFFIPPRLPD,TPNRIPQFF,0,C2CD4D,pancreatic adenocarcinoma,11,C0602,floor
99394,104,GPPTSACPNVLTPNRIPQFFIPPRLPD,ACPNVLTPNR,0,C2CD4D,pancreatic adenocarcinoma,11,A0101,floor
99394,43,GPPTSACPNVLTPNRIPQFFIPPRLPD,ACPNVLTPNR,0,C2CD4D,pancreatic adenocarcinoma,11,A3101,scoreable
99394,104,GPPTSACPNVLTPNRIPQFFIPPRLPD,ACPNVLTPNR,0,C2CD4D,pancreatic adenocarcinoma,11,B4402,floor
99394,104,GPPTSACPNVLTPNRIPQFFIPPRLPD,ACPNVLTPNR,0,C2CD4D,pancreatic adenocarcinoma,11,B5701,floor
99394,104,GPPTSACPNVLTPNRIPQFFIPPRLPD,ACPNVLTPNR,0,C2CD4D,pancreatic adenocarcinoma,11,C0501,floor
99394,104,GPPTSACPNVLTPNRIPQFFIPPRLPD,ACPNVLTPNR,0,C2CD4D,pancreatic adenocarcinoma,11,C0602,floor
99394,104,GPPTSACPNVLTPNRIPQFFIPPRLPD,VLTPNRIPQF,0,C2CD4D,pancreatic adenocarcinoma,11,A0101,floor
99394,104,GPPTSACPNVLTPNRIPQFFIPPRLPD,VLTPNRIPQF,0,C2CD4D,pancreatic adenocarcinoma,11,A3101,floor
99394,104,GPPTSACPNVLTPNRIPQFFIPPRLPD,VLTPNRIPQF,0,C2CD4D,pancreatic adenocarcinoma,11,B4402,floor
99394,45,GPPTSACPNVLTPNRIPQFFIPPRLPD,VLTPNRIPQF,0,C2CD4D,pancreatic adenocarcinoma,11,B5701,scoreable
99394,104,GPPTSACPNVLTPNRIPQFFIPPRLPD,VLTPNRIPQF,0,C2CD4D,pancreatic adenocarcinoma,11,C0501,floor
99394,47,GPPTSACPNVLTPNRIPQFFIPPRLPD,VLTPNRIPQF,0,C2CD4D,pancreatic adenocarcinoma,11,C0602,scoreable
99394,42,GPPTSACPNVLTPNRIPQFFIPPRLPD,LTPNRIPQFF,0,C2CD4D,pancreatic adenocarcinoma,11,A0101,scoreable
99394,104,GPPTSACPNVLTPNRIPQFFIPPRLPD,LTPNRIPQFF,0,C2CD4D,pancreatic adenocarcinoma,11,A3101,floor
99394,104,GPPTSACPNVLTPNRIPQFFIPPRLPD,LTPNRIPQFF,0,C2CD4D,pancreatic adenocarcinoma,11,B4402,floor
99394,45,GPPTSACPNVLTPNRIPQFFIPPRLPD,LTPNRIPQFF,0,C2CD4D,pancreatic adenocarcinoma,11,B5701,scoreable
99394,104,GPPTSACPNVLTPNRIPQFFIPPRLPD,LTPNRIPQFF,0,C2CD4D,pancreatic adenocarcinoma,11,C0501,floor
99394,47,GPPTSACPNVLTPNRIPQFFIPPRLPD,LTPNRIPQFF,0,C2CD4D,pancreatic adenocarcinoma,11,C0602,scoreable
99394,104,GPPTSACPNVLTPNRIPQFFIPPRLPD,SACPNVLTPNR,0,C2CD4D,pancreatic adenocarcinoma,11,A0101,floor
99394,43,GPPTSACPNVLTPNRIPQFFIPPRLPD,SACPNVLTPNR,0,C2CD4D,pancreatic adenocarcinoma,11,A3101,scoreable
99394,104,GPPTSACPNVLTPNRIPQFFIPPRLPD,SACPNVLTPNR,0,C2CD4D,pancreatic adenocarcinoma,11,B4402,floor
99394,104,GPPTSACPNVLTPNRIPQFFIPPRLPD,SACPNVLTPNR,0,C2CD4D,pancreatic adenocarcinoma,11,B5701,floor
99394,104,GPPTSACPNVLTPNRIPQFFIPPRLPD,SACPNVLTPNR,0,C2CD4D,pancreatic adenocarcinoma,11,C0501,floor
99394,47,GPPTSACPNVLTPNRIPQFFIPPRLPD,SACPNVLTPNR,0,C2CD4D,pancreatic adenocarcinoma,11,C0602,scoreable
99394,104,GPPTSACPNVLTPNRIPQFFIPPRLPD,NVLTPNRIPQF,0,C2CD4D,pancreatic adenocarcinoma,11,A0101,floor
99394,104,GPPTSACPNVLTPNRIPQFFIPPRLPD,NVLTPNRIPQF,0,C2CD4D,pancreatic adenocarcinoma,11,A3101,floor
99394,104,GPPTSACPNVLTPNRIPQFFIPPRLPD,NVLTPNRIPQF,0,C2CD4D,pancreatic adenocarcinoma,11,B4402,floor
99394,45,GPPTSACPNVLTPNRIPQFFIPPRLPD,NVLTPNRIPQF,0,C2CD4D,pancreatic adenocarcinoma,11,B5701,scoreable
99394,104,GPPTSACPNVLTPNRIPQFFIPPRLPD,NVLTPNRIPQF,0,C2CD4D,pancreatic adenocarcinoma,11,C0501,floor
99394,104,GPPTSACPNVLTPNRIPQFFIPPRLPD,NVLTPNRIPQF,0,C2CD4D,pancreatic adenocarcinoma,11,C0602,floor
99394,104,GPPTSACPNVLTPNRIPQFFIPPRLPD,VLTPNRIPQFF,0,C2CD4D,pancreatic adenocarcinoma,11,A0101,floor
99394,104,GPPTSACPNVLTPNRIPQFFIPPRLPD,VLTPNRIPQFF,0,C2CD4D,pancreatic adenocarcinoma,11,A3101,floor
99394,104,GPPTSACPNVLTPNRIPQFFIPPRLPD,VLTPNRIPQFF,0,C2CD4D,pancreatic adenocarcinoma,11,B4402,floor
99394,45,GPPTSACPNVLTPNRIPQFFIPPRLPD,VLTPNRIPQFF,0,C2CD4D,pancreatic adenocarcinoma,11,B5701,scoreable
99394,104,GPPTSACPNVLTPNRIPQFFIPPRLPD,VLTPNRIPQFF,0,C2CD4D,pancreatic adenocarcinoma,11,C0501,floor
99394,104,GPPTSACPNVLTPNRIPQFFIPPRLPD,VLTPNRIPQFF,0,C2CD4D,pancreatic adenocarcinoma,11,C0602,floor
99394,104,GPPTSACPNVLTPNRIPQFFIPPRLPD,TSACPNVLTPNR,0,C2CD4D,pancreatic adenocarcinoma,11,A0101,floor
99394,43,GPPTSACPNVLTPNRIPQFFIPPRLPD,TSACPNVLTPNR,0,C2CD4D,pancreatic adenocarcinoma,11,A3101,scoreable
99394,104,GPPTSACPNVLTPNRIPQFFIPPRLPD,TSACPNVLTPNR,0,C2CD4D,pancreatic adenocarcinoma,11,B4402,floor
99394,104,GPPTSACPNVLTPNRIPQFFIPPRLPD,TSACPNVLTPNR,0,C2CD4D,pancreatic adenocarcinoma,11,B5701,floor
99394,104,GPPTSACPNVLTPNRIPQFFIPPRLPD,TSACPNVLTPNR,0,C2CD4D,pancreatic adenocarcinoma,11,C0501,floor
99394,47,GPPTSACPNVLTPNRIPQFFIPPRLPD,TSACPNVLTPNR,0,C2CD4D,pancreatic adenocarcinoma,11,C0602,scoreable
99394,104,GPPTSACPNVLTPNRIPQFFIPPRLPD,SACPNVLTPNRI,0,C2CD4D,pancreatic adenocarcinoma,11,A0101,floor
99394,104,GPPTSACPNVLTPNRIPQFFIPPRLPD,SACPNVLTPNRI,0,C2CD4D,pancreatic adenocarcinoma,11,A3101,floor
99394,104,GPPTSACPNVLTPNRIPQFFIPPRLPD,SACPNVLTPNRI,0,C2CD4D,pancreatic adenocarcinoma,11,B4402,floor
99394,45,GPPTSACPNVLTPNRIPQFFIPPRLPD,SACPNVLTPNRI,0,C2CD4D,pancreatic adenocarcinoma,11,B5701,scoreable
99394,46,GPPTSACPNVLTPNRIPQFFIPPRLPD,SACPNVLTPNRI,0,C2CD4D,pancreatic adenocarcinoma,11,C0501,scoreable
99394,104,GPPTSACPNVLTPNRIPQFFIPPRLPD,SACPNVLTPNRI,0,C2CD4D,pancreatic adenocarcinoma,11,C0602,floor
99394,104,GPPTSACPNVLTPNRIPQFFIPPRLPD,NVLTPNRIPQFF,0,C2CD4D,pancreatic adenocarcinoma,11,A0101,floor
99394,104,GPPTSACPNVLTPNRIPQFFIPPRLPD,NVLTPNRIPQFF,0,C2CD4D,pancreatic adenocarcinoma,11,A3101,floor
99394,104,GPPTSACPNVLTPNRIPQFFIPPRLPD,NVLTPNRIPQFF,0,C2CD4D,pancreatic adenocarcinoma,11,B4402,floor
99394,45,GPPTSACPNVLTPNRIPQFFIPPRLPD,NVLTPNRIPQFF,0,C2CD4D,pancreatic adenocarcinoma,11,B5701,scoreable
99394,104,GPPTSACPNVLTPNRIPQFFIPPRLPD,NVLTPNRIPQFF,0,C2CD4D,pancreatic adenocarcinoma,11,C0501,floor
99394,104,GPPTSACPNVLTPNRIPQFFIPPRLPD,NVLTPNRIPQFF,0,C2CD4D,pancreatic adenocarcinoma,11,C0602,floor
99394,104,DQLKFVSNLYNQLAKTKSP,DQLKFVSNL,0,ARHGAP35,pancreatic adenocarcinoma,11,A0101,floor
99394,104,DQLKFVSNLYNQLAKTKSP,DQLKFVSNL,0,ARHGAP35,pancreatic adenocarcinoma,11,A3101,floor
99394,44,DQLKFVSNLYNQLAKTKSP,DQLKFVSNL,0,ARHGAP35,pancreatic adenocarcinoma,11,B4402,scoreable
99394,104,DQLKFVSNLYNQLAKTKSP,DQLKFVSNL,0,ARHGAP35,pancreatic adenocarcinoma,11,B5701,floor
99394,104,DQLKFVSNLYNQLAKTKSP,DQLKFVSNL,0,ARHGAP35,pancreatic adenocarcinoma,11,C0501,floor
99394,104,DQLKFVSNLYNQLAKTKSP,DQLKFVSNL,0,ARHGAP35,pancreatic adenocarcinoma,11,C0602,floor
99394,42,DQLKFVSNLYNQLAKTKSP,QLKFVSNLY,0,ARHGAP35,pancreatic adenocarcinoma,11,A0101,scoreable
99394,43,DQLKFVSNLYNQLAKTKSP,QLKFVSNLY,0,ARHGAP35,pancreatic adenocarcinoma,11,A3101,scoreable
99394,104,DQLKFVSNLYNQLAKTKSP,QLKFVSNLY,0,ARHGAP35,pancreatic adenocarcinoma,11,B4402,floor
99394,45,DQLKFVSNLYNQLAKTKSP,QLKFVSNLY,0,ARHGAP35,pancreatic adenocarcinoma,11,B5701,scoreable
99394,104,DQLKFVSNLYNQLAKTKSP,QLKFVSNLY,0,ARHGAP35,pancreatic adenocarcinoma,11,C0501,floor
99394,104,DQLKFVSNLYNQLAKTKSP,QLKFVSNLY,0,ARHGAP35,pancreatic adenocarcinoma,11,C0602,floor
99394,104,DQLKFVSNLYNQLAKTKSP,FVSNLYNQL,0,ARHGAP35,pancreatic adenocarcinoma,11,A0101,floor
99394,104,DQLKFVSNLYNQLAKTKSP,FVSNLYNQL,0,ARHGAP35,pancreatic adenocarcinoma,11,A3101,floor
99394,104,DQLKFVSNLYNQLAKTKSP,FVSNLYNQL,0,ARHGAP35,pancreatic adenocarcinoma,11,B4402,floor
99394,45,DQLKFVSNLYNQLAKTKSP,FVSNLYNQL,0,ARHGAP35,pancreatic adenocarcinoma,11,B5701,scoreable
99394,46,DQLKFVSNLYNQLAKTKSP,FVSNLYNQL,0,ARHGAP35,pancreatic adenocarcinoma,11,C0501,scoreable
99394,47,DQLKFVSNLYNQLAKTKSP,FVSNLYNQL,0,ARHGAP35,pancreatic adenocarcinoma,11,C0602,scoreable
99394,104,DQLKFVSNLYNQLAKTKSP,VSNLYNQLA,0,ARHGAP35,pancreatic adenocarcinoma,11,A0101,floor
99394,104,DQLKFVSNLYNQLAKTKSP,VSNLYNQLA,0,ARHGAP35,pancreatic adenocarcinoma,11,A3101,floor
99394,104,DQLKFVSNLYNQLAKTKSP,VSNLYNQLA,0,ARHGAP35,pancreatic adenocarcinoma,11,B4402,floor
99394,45,DQLKFVSNLYNQLAKTKSP,VSNLYNQLA,0,ARHGAP35,pancreatic adenocarcinoma,11,B5701,scoreable
99394,104,DQLKFVSNLYNQLAKTKSP,VSNLYNQLA,0,ARHGAP35,pancreatic adenocarcinoma,11,C0501,floor
99394,104,DQLKFVSNLYNQLAKTKSP,VSNLYNQLA,0,ARHGAP35,pancreatic adenocarcinoma,11,C0602,floor
99394,104,DQLKFVSNLYNQLAKTKSP,SNLYNQLAK,0,ARHGAP35,pancreatic adenocarcinoma,11,A0101,floor
99394,43,DQLKFVSNLYNQLAKTKSP,SNLYNQLAK,0,ARHGAP35,pancreatic adenocarcinoma,11,A3101,scoreable
99394,104,DQLKFVSNLYNQLAKTKSP,SNLYNQLAK,0,ARHGAP35,pancreatic adenocarcinoma,11,B4402,floor
99394,104,DQLKFVSNLYNQLAKTKSP,SNLYNQLAK,0,ARHGAP35,pancreatic adenocarcinoma,11,B5701,floor
99394,104,DQLKFVSNLYNQLAKTKSP,SNLYNQLAK,0,ARHGAP35,pancreatic adenocarcinoma,11,C0501,floor
99394,104,DQLKFVSNLYNQLAKTKSP,SNLYNQLAK,0,ARHGAP35,pancreatic adenocarcinoma,11,C0602,floor
99394,104,DQLKFVSNLYNQLAKTKSP,LYNQLAKTK,0,ARHGAP35,pancreatic adenocarcinoma,11,A0101,floor
99394,43,DQLKFVSNLYNQLAKTKSP,LYNQLAKTK,0,ARHGAP35,pancreatic adenocarcinoma,11,A3101,scoreable
99394,104,DQLKFVSNLYNQLAKTKSP,LYNQLAKTK,0,ARHGAP35,pancreatic adenocarcinoma,11,B4402,floor
99394,104,DQLKFVSNLYNQLAKTKSP,LYNQLAKTK,0,ARHGAP35,pancreatic adenocarcinoma,11,B5701,floor
99394,104,DQLKFVSNLYNQLAKTKSP,LYNQLAKTK,0,ARHGAP35,pancreatic adenocarcinoma,11,C0501,floor
99394,104,DQLKFVSNLYNQLAKTKSP,LYNQLAKTK,0,ARHGAP35,pancreatic adenocarcinoma,11,C0602,floor
99394,42,DQLKFVSNLYNQLAKTKSP,DQLKFVSNLY,0,ARHGAP35,pancreatic adenocarcinoma,11,A0101,scoreable
99394,104,DQLKFVSNLYNQLAKTKSP,DQLKFVSNLY,0,ARHGAP35,pancreatic adenocarcinoma,11,A3101,floor
99394,44,DQLKFVSNLYNQLAKTKSP,DQLKFVSNLY,0,ARHGAP35,pancreatic adenocarcinoma,11,B4402,scoreable
99394,104,DQLKFVSNLYNQLAKTKSP,DQLKFVSNLY,0,ARHGAP35,pancreatic adenocarcinoma,11,B5701,floor
99394,104,DQLKFVSNLYNQLAKTKSP,DQLKFVSNLY,0,ARHGAP35,pancreatic adenocarcinoma,11,C0501,floor
99394,104,DQLKFVSNLYNQLAKTKSP,DQLKFVSNLY,0,ARHGAP35,pancreatic adenocarcinoma,11,C0602,floor
99394,104,DQLKFVSNLYNQLAKTKSP,VSNLYNQLAK,0,ARHGAP35,pancreatic adenocarcinoma,11,A0101,floor
99394,43,DQLKFVSNLYNQLAKTKSP,VSNLYNQLAK,0,ARHGAP35,pancreatic adenocarcinoma,11,A3101,scoreable
99394,104,DQLKFVSNLYNQLAKTKSP,VSNLYNQLAK,0,ARHGAP35,pancreatic adenocarcinoma,11,B4402,floor
99394,104,DQLKFVSNLYNQLAKTKSP,VSNLYNQLAK,0,ARHGAP35,pancreatic adenocarcinoma,11,B5701,floor
99394,104,DQLKFVSNLYNQLAKTKSP,VSNLYNQLAK,0,ARHGAP35,pancreatic adenocarcinoma,11,C0501,floor
99394,47,DQLKFVSNLYNQLAKTKSP,VSNLYNQLAK,0,ARHGAP35,pancreatic adenocarcinoma,11,C0602,scoreable
99394,104,DQLKFVSNLYNQLAKTKSP,NLYNQLAKTK,0,ARHGAP35,pancreatic adenocarcinoma,11,A0101,floor
99394,43,DQLKFVSNLYNQLAKTKSP,NLYNQLAKTK,0,ARHGAP35,pancreatic adenocarcinoma,11,A3101,scoreable
99394,104,DQLKFVSNLYNQLAKTKSP,NLYNQLAKTK,0,ARHGAP35,pancreatic adenocarcinoma,11,B4402,floor
99394,104,DQLKFVSNLYNQLAKTKSP,NLYNQLAKTK,0,ARHGAP35,pancreatic adenocarcinoma,11,B5701,floor
99394,104,DQLKFVSNLYNQLAKTKSP,NLYNQLAKTK,0,ARHGAP35,pancreatic adenocarcinoma,11,C0501,floor
99394,104,DQLKFVSNLYNQLAKTKSP,NLYNQLAKTK,0,ARHGAP35,pancreatic adenocarcinoma,11,C0602,floor
99394,104,DQLKFVSNLYNQLAKTKSP,FVSNLYNQLAK,0,ARHGAP35,pancreatic adenocarcinoma,11,A0101,floor
99394,104,DQLKFVSNLYNQLAKTKSP,FVSNLYNQLAK,0,ARHGAP35,pancreatic adenocarcinoma,11,A3101,floor
99394,104,DQLKFVSNLYNQLAKTKSP,FVSNLYNQLAK,0,ARHGAP35,pancreatic adenocarcinoma,11,B4402,floor
99394,104,DQLKFVSNLYNQLAKTKSP,FVSNLYNQLAK,0,ARHGAP35,pancreatic adenocarcinoma,11,B5701,floor
99394,104,DQLKFVSNLYNQLAKTKSP,FVSNLYNQLAK,0,ARHGAP35,pancreatic adenocarcinoma,11,C0501,floor
99394,47,DQLKFVSNLYNQLAKTKSP,FVSNLYNQLAK,0,ARHGAP35,pancreatic adenocarcinoma,11,C0602,scoreable
99394,104,DQLKFVSNLYNQLAKTKSP,KFVSNLYNQLAK,0,ARHGAP35,pancreatic adenocarcinoma,11,A0101,floor
99394,43,DQLKFVSNLYNQLAKTKSP,KFVSNLYNQLAK,0,ARHGAP35,pancreatic adenocarcinoma,11,A3101,scoreable
99394,104,DQLKFVSNLYNQLAKTKSP,KFVSNLYNQLAK,0,ARHGAP35,pancreatic adenocarcinoma,11,B4402,floor
99394,104,DQLKFVSNLYNQLAKTKSP,KFVSNLYNQLAK,0,ARHGAP35,pancreatic adenocarcinoma,11,B5701,floor
99394,104,DQLKFVSNLYNQLAKTKSP,KFVSNLYNQLAK,0,ARHGAP35,pancreatic adenocarcinoma,11,C0501,floor
99394,104,DQLKFVSNLYNQLAKTKSP,KFVSNLYNQLAK,0,ARHGAP35,pancreatic adenocarcinoma,11,C0602,floor
99394,104,IQDGSKLSTLLNHNNDN,IQDGSKLSTL,0,NIPBL,pancreatic adenocarcinoma,11,A0101,floor
99394,104,IQDGSKLSTLLNHNNDN,IQDGSKLSTL,0,NIPBL,pancreatic adenocarcinoma,11,A3101,floor
99394,44,IQDGSKLSTLLNHNNDN,IQDGSKLSTL,0,NIPBL,pancreatic adenocarcinoma,11,B4402,scoreable
99394,104,IQDGSKLSTLLNHNNDN,IQDGSKLSTL,0,NIPBL,pancreatic adenocarcinoma,11,B5701,floor
99394,104,IQDGSKLSTLLNHNNDN,IQDGSKLSTL,0,NIPBL,pancreatic adenocarcinoma,11,C0501,floor
99394,104,IQDGSKLSTLLNHNNDN,IQDGSKLSTL,0,NIPBL,pancreatic adenocarcinoma,11,C0602,floor
99394,42,IQDGSKLSTLLNHNNDN,IQDGSKLSTLL,0,NIPBL,pancreatic adenocarcinoma,11,A0101,scoreable
99394,104,IQDGSKLSTLLNHNNDN,IQDGSKLSTLL,0,NIPBL,pancreatic adenocarcinoma,11,A3101,floor
99394,104,IQDGSKLSTLLNHNNDN,IQDGSKLSTLL,0,NIPBL,pancreatic adenocarcinoma,11,B4402,floor
99394,104,IQDGSKLSTLLNHNNDN,IQDGSKLSTLL,0,NIPBL,pancreatic adenocarcinoma,11,B5701,floor
99394,104,IQDGSKLSTLLNHNNDN,IQDGSKLSTLL,0,NIPBL,pancreatic adenocarcinoma,11,C0501,floor
99394,104,IQDGSKLSTLLNHNNDN,IQDGSKLSTLL,0,NIPBL,pancreatic adenocarcinoma,11,C0602,floor
99394,104,MTEYKLVVVGARGVGKSALTIQLIQ,YKLVVVGAR,0,KRAS,pancreatic adenocarcinoma,11,A0101,floor
99394,43,MTEYKLVVVGARGVGKSALTIQLIQ,YKLVVVGAR,0,KRAS,pancreatic adenocarcinoma,11,A3101,scoreable
99394,104,MTEYKLVVVGARGVGKSALTIQLIQ,YKLVVVGAR,0,KRAS,pancreatic adenocarcinoma,11,B4402,floor
99394,104,MTEYKLVVVGARGVGKSALTIQLIQ,YKLVVVGAR,0,KRAS,pancreatic adenocarcinoma,11,B5701,floor
99394,104,MTEYKLVVVGARGVGKSALTIQLIQ,YKLVVVGAR,0,KRAS,pancreatic adenocarcinoma,11,C0501,floor
99394,104,MTEYKLVVVGARGVGKSALTIQLIQ,YKLVVVGAR,0,KRAS,pancreatic adenocarcinoma,11,C0602,floor
99394,104,MTEYKLVVVGARGVGKSALTIQLIQ,VVGARGVGK,0,KRAS,pancreatic adenocarcinoma,11,A0101,floor
99394,43,MTEYKLVVVGARGVGKSALTIQLIQ,VVGARGVGK,0,KRAS,pancreatic adenocarcinoma,11,A3101,scoreable
99394,104,MTEYKLVVVGARGVGKSALTIQLIQ,VVGARGVGK,0,KRAS,pancreatic adenocarcinoma,11,B4402,floor
99394,104,MTEYKLVVVGARGVGKSALTIQLIQ,VVGARGVGK,0,KRAS,pancreatic adenocarcinoma,11,B5701,floor
99394,104,MTEYKLVVVGARGVGKSALTIQLIQ,VVGARGVGK,0,KRAS,pancreatic adenocarcinoma,11,C0501,floor
99394,104,MTEYKLVVVGARGVGKSALTIQLIQ,VVGARGVGK,0,KRAS,pancreatic adenocarcinoma,11,C0602,floor
99394,104,MTEYKLVVVGARGVGKSALTIQLIQ,EYKLVVVGAR,0,KRAS,pancreatic adenocarcinoma,11,A0101,floor
99394,43,MTEYKLVVVGARGVGKSALTIQLIQ,EYKLVVVGAR,0,KRAS,pancreatic adenocarcinoma,11,A3101,scoreable
99394,104,MTEYKLVVVGARGVGKSALTIQLIQ,EYKLVVVGAR,0,KRAS,pancreatic adenocarcinoma,11,B4402,floor
99394,104,MTEYKLVVVGARGVGKSALTIQLIQ,EYKLVVVGAR,0,KRAS,pancreatic adenocarcinoma,11,B5701,floor
99394,104,MTEYKLVVVGARGVGKSALTIQLIQ,EYKLVVVGAR,0,KRAS,pancreatic adenocarcinoma,11,C0501,floor
99394,104,MTEYKLVVVGARGVGKSALTIQLIQ,EYKLVVVGAR,0,KRAS,pancreatic adenocarcinoma,11,C0602,floor
99394,104,MTEYKLVVVGARGVGKSALTIQLIQ,VVVGARGVGK,0,KRAS,pancreatic adenocarcinoma,11,A0101,floor
99394,43,MTEYKLVVVGARGVGKSALTIQLIQ,VVVGARGVGK,0,KRAS,pancreatic adenocarcinoma,11,A3101,scoreable
99394,104,MTEYKLVVVGARGVGKSALTIQLIQ,VVVGARGVGK,0,KRAS,pancreatic adenocarcinoma,11,B4402,floor
99394,104,MTEYKLVVVGARGVGKSALTIQLIQ,VVVGARGVGK,0,KRAS,pancreatic adenocarcinoma,11,B5701,floor
99394,104,MTEYKLVVVGARGVGKSALTIQLIQ,VVVGARGVGK,0,KRAS,pancreatic adenocarcinoma,11,C0501,floor
99394,104,MTEYKLVVVGARGVGKSALTIQLIQ,VVVGARGVGK,0,KRAS,pancreatic adenocarcinoma,11,C0602,floor
99394,104,MTEYKLVVVGARGVGKSALTIQLIQ,GARGVGKSAL,0,KRAS,pancreatic adenocarcinoma,11,A0101,floor
99394,104,MTEYKLVVVGARGVGKSALTIQLIQ,GARGVGKSAL,0,KRAS,pancreatic adenocarcinoma,11,A3101,floor
99394,104,MTEYKLVVVGARGVGKSALTIQLIQ,GARGVGKSAL,0,KRAS,pancreatic adenocarcinoma,11,B4402,floor
99394,104,MTEYKLVVVGARGVGKSALTIQLIQ,GARGVGKSAL,0,KRAS,pancreatic adenocarcinoma,11,B5701,floor
99394,104,MTEYKLVVVGARGVGKSALTIQLIQ,GARGVGKSAL,0,KRAS,pancreatic adenocarcinoma,11,C0501,floor
99394,47,MTEYKLVVVGARGVGKSALTIQLIQ,GARGVGKSAL,0,KRAS,pancreatic adenocarcinoma,11,C0602,scoreable
99394,104,MTEYKLVVVGARGVGKSALTIQLIQ,RGVGKSALTI,0,KRAS,pancreatic adenocarcinoma,11,A0101,floor
99394,104,MTEYKLVVVGARGVGKSALTIQLIQ,RGVGKSALTI,0,KRAS,pancreatic adenocarcinoma,11,A3101,floor
99394,104,MTEYKLVVVGARGVGKSALTIQLIQ,RGVGKSALTI,0,KRAS,pancreatic adenocarcinoma,11,B4402,floor
99394,45,MTEYKLVVVGARGVGKSALTIQLIQ,RGVGKSALTI,0,KRAS,pancreatic adenocarcinoma,11,B5701,scoreable
99394,104,MTEYKLVVVGARGVGKSALTIQLIQ,RGVGKSALTI,0,KRAS,pancreatic adenocarcinoma,11,C0501,floor
99394,104,MTEYKLVVVGARGVGKSALTIQLIQ,RGVGKSALTI,0,KRAS,pancreatic adenocarcinoma,11,C0602,floor
99394,104,MTEYKLVVVGARGVGKSALTIQLIQ,TEYKLVVVGAR,0,KRAS,pancreatic adenocarcinoma,11,A0101,floor
99394,104,MTEYKLVVVGARGVGKSALTIQLIQ,TEYKLVVVGAR,0,KRAS,pancreatic adenocarcinoma,11,A3101,floor
99394,44,MTEYKLVVVGARGVGKSALTIQLIQ,TEYKLVVVGAR,0,KRAS,pancreatic adenocarcinoma,11,B4402,scoreable
99394,104,MTEYKLVVVGARGVGKSALTIQLIQ,TEYKLVVVGAR,0,KRAS,pancreatic adenocarcinoma,11,B5701,floor
99394,104,MTEYKLVVVGARGVGKSALTIQLIQ,TEYKLVVVGAR,0,KRAS,pancreatic adenocarcinoma,11,C0501,floor
99394,104,MTEYKLVVVGARGVGKSALTIQLIQ,TEYKLVVVGAR,0,KRAS,pancreatic adenocarcinoma,11,C0602,floor
99394,104,MTEYKLVVVGARGVGKSALTIQLIQ,KLVVVGARGVGK,0,KRAS,pancreatic adenocarcinoma,11,A0101,floor
99394,43,MTEYKLVVVGARGVGKSALTIQLIQ,KLVVVGARGVGK,0,KRAS,pancreatic adenocarcinoma,11,A3101,scoreable
99394,104,MTEYKLVVVGARGVGKSALTIQLIQ,KLVVVGARGVGK,0,KRAS,pancreatic adenocarcinoma,11,B4402,floor
99394,104,MTEYKLVVVGARGVGKSALTIQLIQ,KLVVVGARGVGK,0,KRAS,pancreatic adenocarcinoma,11,B5701,floor
99394,104,MTEYKLVVVGARGVGKSALTIQLIQ,KLVVVGARGVGK,0,KRAS,pancreatic adenocarcinoma,11,C0501,floor
99394,104,MTEYKLVVVGARGVGKSALTIQLIQ,KLVVVGARGVGK,0,KRAS,pancreatic adenocarcinoma,11,C0602,floor
99394,104,TKVWPHKDYPLIPAGKLVLNRNPVNYF,YPLIPAGKL,0,CAT,pancreatic adenocarcinoma,11,A0101,floor
99394,104,TKVWPHKDYPLIPAGKLVLNRNPVNYF,YPLIPAGKL,0,CAT,pancreatic adenocarcinoma,11,A3101,floor
99394,104,TKVWPHKDYPLIPAGKLVLNRNPVNYF,YPLIPAGKL,0,CAT,pancreatic adenocarcinoma,11,B4402,floor
99394,104,TKVWPHKDYPLIPAGKLVLNRNPVNYF,YPLIPAGKL,0,CAT,pancreatic adenocarcinoma,11,B5701,floor
99394,46,TKVWPHKDYPLIPAGKLVLNRNPVNYF,YPLIPAGKL,0,CAT,pancreatic adenocarcinoma,11,C0501,scoreable
99394,104,TKVWPHKDYPLIPAGKLVLNRNPVNYF,YPLIPAGKL,0,CAT,pancreatic adenocarcinoma,11,C0602,floor
99394,104,TKVWPHKDYPLIPAGKLVLNRNPVNYF,PAGKLVLNR,0,CAT,pancreatic adenocarcinoma,11,A0101,floor
99394,43,TKVWPHKDYPLIPAGKLVLNRNPVNYF,PAGKLVLNR,0,CAT,pancreatic adenocarcinoma,11,A3101,scoreable
99394,104,TKVWPHKDYPLIPAGKLVLNRNPVNYF,PAGKLVLNR,0,CAT,pancreatic adenocarcinoma,11,B4402,floor
99394,104,TKVWPHKDYPLIPAGKLVLNRNPVNYF,PAGKLVLNR,0,CAT,pancreatic adenocarcinoma,11,B5701,floor
99394,104,TKVWPHKDYPLIPAGKLVLNRNPVNYF,PAGKLVLNR,0,CAT,pancreatic adenocarcinoma,11,C0501,floor
99394,104,TKVWPHKDYPLIPAGKLVLNRNPVNYF,PAGKLVLNR,0,CAT,pancreatic adenocarcinoma,11,C0602,floor
99394,104,TKVWPHKDYPLIPAGKLVLNRNPVNYF,KDYPLIPAGK,0,CAT,pancreatic adenocarcinoma,11,A0101,floor
99394,43,TKVWPHKDYPLIPAGKLVLNRNPVNYF,KDYPLIPAGK,0,CAT,pancreatic adenocarcinoma,11,A3101,scoreable
99394,104,TKVWPHKDYPLIPAGKLVLNRNPVNYF,KDYPLIPAGK,0,CAT,pancreatic adenocarcinoma,11,B4402,floor
99394,104,TKVWPHKDYPLIPAGKLVLNRNPVNYF,KDYPLIPAGK,0,CAT,pancreatic adenocarcinoma,11,B5701,floor
99394,104,TKVWPHKDYPLIPAGKLVLNRNPVNYF,KDYPLIPAGK,0,CAT,pancreatic adenocarcinoma,11,C0501,floor
99394,104,TKVWPHKDYPLIPAGKLVLNRNPVNYF,KDYPLIPAGK,0,CAT,pancreatic adenocarcinoma,11,C0602,floor
99394,104,TKVWPHKDYPLIPAGKLVLNRNPVNYF,IPAGKLVLNR,0,CAT,pancreatic adenocarcinoma,11,A0101,floor
99394,43,TKVWPHKDYPLIPAGKLVLNRNPVNYF,IPAGKLVLNR,0,CAT,pancreatic adenocarcinoma,11,A3101,scoreable
99394,104,TKVWPHKDYPLIPAGKLVLNRNPVNYF,IPAGKLVLNR,0,CAT,pancreatic adenocarcinoma,11,B4402,floor
99394,104,TKVWPHKDYPLIPAGKLVLNRNPVNYF,IPAGKLVLNR,0,CAT,pancreatic adenocarcinoma,11,B5701,floor
99394,104,TKVWPHKDYPLIPAGKLVLNRNPVNYF,IPAGKLVLNR,0,CAT,pancreatic adenocarcinoma,11,C0501,floor
99394,47,TKVWPHKDYPLIPAGKLVLNRNPVNYF,IPAGKLVLNR,0,CAT,pancreatic adenocarcinoma,11,C0602,scoreable
99394,104,TKVWPHKDYPLIPAGKLVLNRNPVNYF,YPLIPAGKLVL,0,CAT,pancreatic adenocarcinoma,11,A0101,floor
99394,104,TKVWPHKDYPLIPAGKLVLNRNPVNYF,YPLIPAGKLVL,0,CAT,pancreatic adenocarcinoma,11,A3101,floor
99394,104,TKVWPHKDYPLIPAGKLVLNRNPVNYF,YPLIPAGKLVL,0,CAT,pancreatic adenocarcinoma,11,B4402,floor
99394,104,TKVWPHKDYPLIPAGKLVLNRNPVNYF,YPLIPAGKLVL,0,CAT,pancreatic adenocarcinoma,11,B5701,floor
99394,46,TKVWPHKDYPLIPAGKLVLNRNPVNYF,YPLIPAGKLVL,0,CAT,pancreatic adenocarcinoma,11,C0501,scoreable
99394,104,TKVWPHKDYPLIPAGKLVLNRNPVNYF,YPLIPAGKLVL,0,CAT,pancreatic adenocarcinoma,11,C0602,floor
99394,104,TKVWPHKDYPLIPAGKLVLNRNPVNYF,LIPAGKLVLNR,0,CAT,pancreatic adenocarcinoma,11,A0101,floor
99394,43,TKVWPHKDYPLIPAGKLVLNRNPVNYF,LIPAGKLVLNR,0,CAT,pancreatic adenocarcinoma,11,A3101,scoreable
99394,104,TKVWPHKDYPLIPAGKLVLNRNPVNYF,LIPAGKLVLNR,0,CAT,pancreatic adenocarcinoma,11,B4402,floor
99394,104,TKVWPHKDYPLIPAGKLVLNRNPVNYF,LIPAGKLVLNR,0,CAT,pancreatic adenocarcinoma,11,B5701,floor
99394,104,TKVWPHKDYPLIPAGKLVLNRNPVNYF,LIPAGKLVLNR,0,CAT,pancreatic adenocarcinoma,11,C0501,floor
99394,104,TKVWPHKDYPLIPAGKLVLNRNPVNYF,LIPAGKLVLNR,0,CAT,pancreatic adenocarcinoma,11,C0602,floor
99394,104,TKVWPHKDYPLIPAGKLVLNRNPVNYF,PLIPAGKLVLNR,0,CAT,pancreatic adenocarcinoma,11,A0101,floor
99394,43,TKVWPHKDYPLIPAGKLVLNRNPVNYF,PLIPAGKLVLNR,0,CAT,pancreatic adenocarcinoma,11,A3101,scoreable
99394,104,TKVWPHKDYPLIPAGKLVLNRNPVNYF,PLIPAGKLVLNR,0,CAT,pancreatic adenocarcinoma,11,B4402,floor
99394,104,TKVWPHKDYPLIPAGKLVLNRNPVNYF,PLIPAGKLVLNR,0,CAT,pancreatic adenocarcinoma,11,B5701,floor
99394,104,TKVWPHKDYPLIPAGKLVLNRNPVNYF,PLIPAGKLVLNR,0,CAT,pancreatic adenocarcinoma,11,C0501,floor
99394,104,TKVWPHKDYPLIPAGKLVLNRNPVNYF,PLIPAGKLVLNR,0,CAT,pancreatic adenocarcinoma,11,C0602,floor
99394,104,GVNYFTDLWNVMDMLGLFYFIAGIVFR,NVMDMLGLF,0,TRPM8,pancreatic adenocarcinoma,11,A0101,floor
99394,104,GVNYFTDLWNVMDMLGLFYFIAGIVFR,NVMDMLGLF,0,TRPM8,pancreatic adenocarcinoma,11,A3101,floor
99394,104,GVNYFTDLWNVMDMLGLFYFIAGIVFR,NVMDMLGLF,0,TRPM8,pancreatic adenocarcinoma,11,B4402,floor
99394,45,GVNYFTDLWNVMDMLGLFYFIAGIVFR,NVMDMLGLF,0,TRPM8,pancreatic adenocarcinoma,11,B5701,scoreable
99394,104,GVNYFTDLWNVMDMLGLFYFIAGIVFR,NVMDMLGLF,0,TRPM8,pancreatic adenocarcinoma,11,C0501,floor
99394,47,GVNYFTDLWNVMDMLGLFYFIAGIVFR,NVMDMLGLF,0,TRPM8,pancreatic adenocarcinoma,11,C0602,scoreable
99394,42,GVNYFTDLWNVMDMLGLFYFIAGIVFR,VMDMLGLFY,0,TRPM8,pancreatic adenocarcinoma,11,A0101,scoreable
99394,104,GVNYFTDLWNVMDMLGLFYFIAGIVFR,VMDMLGLFY,0,TRPM8,pancreatic adenocarcinoma,11,A3101,floor
99394,104,GVNYFTDLWNVMDMLGLFYFIAGIVFR,VMDMLGLFY,0,TRPM8,pancreatic adenocarcinoma,11,B4402,floor
99394,45,GVNYFTDLWNVMDMLGLFYFIAGIVFR,VMDMLGLFY,0,TRPM8,pancreatic adenocarcinoma,11,B5701,scoreable
99394,104,GVNYFTDLWNVMDMLGLFYFIAGIVFR,VMDMLGLFY,0,TRPM8,pancreatic adenocarcinoma,11,C0501,floor
99394,104,GVNYFTDLWNVMDMLGLFYFIAGIVFR,VMDMLGLFY,0,TRPM8,pancreatic adenocarcinoma,11,C0602,floor
99394,104,GVNYFTDLWNVMDMLGLFYFIAGIVFR,MDMLGLFYF,0,TRPM8,pancreatic adenocarcinoma,11,A0101,floor
99394,104,GVNYFTDLWNVMDMLGLFYFIAGIVFR,MDMLGLFYF,0,TRPM8,pancreatic adenocarcinoma,11,A3101,floor
99394,44,GVNYFTDLWNVMDMLGLFYFIAGIVFR,MDMLGLFYF,0,TRPM8,pancreatic adenocarcinoma,11,B4402,scoreable
99394,45,GVNYFTDLWNVMDMLGLFYFIAGIVFR,MDMLGLFYF,0,TRPM8,pancreatic adenocarcinoma,11,B5701,scoreable
99394,104,GVNYFTDLWNVMDMLGLFYFIAGIVFR,MDMLGLFYF,0,TRPM8,pancreatic adenocarcinoma,11,C0501,floor
99394,104,GVNYFTDLWNVMDMLGLFYFIAGIVFR,MDMLGLFYF,0,TRPM8,pancreatic adenocarcinoma,11,C0602,floor
99394,42,GVNYFTDLWNVMDMLGLFYFIAGIVFR,FTDLWNVMDM,0,TRPM8,pancreatic adenocarcinoma,11,A0101,scoreable
99394,104,GVNYFTDLWNVMDMLGLFYFIAGIVFR,FTDLWNVMDM,0,TRPM8,pancreatic adenocarcinoma,11,A3101,floor
99394,104,GVNYFTDLWNVMDMLGLFYFIAGIVFR,FTDLWNVMDM,0,TRPM8,pancreatic adenocarcinoma,11,B4402,floor
99394,45,GVNYFTDLWNVMDMLGLFYFIAGIVFR,FTDLWNVMDM,0,TRPM8,pancreatic adenocarcinoma,11,B5701,scoreable
99394,104,GVNYFTDLWNVMDMLGLFYFIAGIVFR,FTDLWNVMDM,0,TRPM8,pancreatic adenocarcinoma,11,C0501,floor
99394,104,GVNYFTDLWNVMDMLGLFYFIAGIVFR,FTDLWNVMDM,0,TRPM8,pancreatic adenocarcinoma,11,C0602,floor
99394,42,GVNYFTDLWNVMDMLGLFYFIAGIVFR,NVMDMLGLFY,0,TRPM8,pancreatic adenocarcinoma,11,A0101,scoreable
99394,43,GVNYFTDLWNVMDMLGLFYFIAGIVFR,NVMDMLGLFY,0,TRPM8,pancreatic adenocarcinoma,11,A3101,scoreable
99394,104,GVNYFTDLWNVMDMLGLFYFIAGIVFR,NVMDMLGLFY,0,TRPM8,pancreatic adenocarcinoma,11,B4402,floor
99394,45,GVNYFTDLWNVMDMLGLFYFIAGIVFR,NVMDMLGLFY,0,TRPM8,pancreatic adenocarcinoma,11,B5701,scoreable
99394,104,GVNYFTDLWNVMDMLGLFYFIAGIVFR,NVMDMLGLFY,0,TRPM8,pancreatic adenocarcinoma,11,C0501,floor
99394,104,GVNYFTDLWNVMDMLGLFYFIAGIVFR,NVMDMLGLFY,0,TRPM8,pancreatic adenocarcinoma,11,C0602,floor
99394,42,GVNYFTDLWNVMDMLGLFYFIAGIVFR,VMDMLGLFYF,0,TRPM8,pancreatic adenocarcinoma,11,A0101,scoreable
99394,104,GVNYFTDLWNVMDMLGLFYFIAGIVFR,VMDMLGLFYF,0,TRPM8,pancreatic adenocarcinoma,11,A3101,floor
99394,104,GVNYFTDLWNVMDMLGLFYFIAGIVFR,VMDMLGLFYF,0,TRPM8,pancreatic adenocarcinoma,11,B4402,floor
99394,45,GVNYFTDLWNVMDMLGLFYFIAGIVFR,VMDMLGLFYF,0,TRPM8,pancreatic adenocarcinoma,11,B5701,scoreable
99394,104,GVNYFTDLWNVMDMLGLFYFIAGIVFR,VMDMLGLFYF,0,TRPM8,pancreatic adenocarcinoma,11,C0501,floor
99394,104,GVNYFTDLWNVMDMLGLFYFIAGIVFR,VMDMLGLFYF,0,TRPM8,pancreatic adenocarcinoma,11,C0602,floor
99394,42,GVNYFTDLWNVMDMLGLFYFIAGIVFR,FTDLWNVMDML,0,TRPM8,pancreatic adenocarcinoma,11,A0101,scoreable
99394,104,GVNYFTDLWNVMDMLGLFYFIAGIVFR,FTDLWNVMDML,0,TRPM8,pancreatic adenocarcinoma,11,A3101,floor
99394,104,GVNYFTDLWNVMDMLGLFYFIAGIVFR,FTDLWNVMDML,0,TRPM8,pancreatic adenocarcinoma,11,B4402,floor
99394,45,GVNYFTDLWNVMDMLGLFYFIAGIVFR,FTDLWNVMDML,0,TRPM8,pancreatic adenocarcinoma,11,B5701,scoreable
99394,104,GVNYFTDLWNVMDMLGLFYFIAGIVFR,FTDLWNVMDML,0,TRPM8,pancreatic adenocarcinoma,11,C0501,floor
99394,104,GVNYFTDLWNVMDMLGLFYFIAGIVFR,FTDLWNVMDML,0,TRPM8,pancreatic adenocarcinoma,11,C0602,floor
99394,104,GVNYFTDLWNVMDMLGLFYFIAGIVFR,LWNVMDMLGLF,0,TRPM8,pancreatic adenocarcinoma,11,A0101,floor
99394,104,GVNYFTDLWNVMDMLGLFYFIAGIVFR,LWNVMDMLGLF,0,TRPM8,pancreatic adenocarcinoma,11,A3101,floor
99394,104,GVNYFTDLWNVMDMLGLFYFIAGIVFR,LWNVMDMLGLF,0,TRPM8,pancreatic adenocarcinoma,11,B4402,floor
99394,45,GVNYFTDLWNVMDMLGLFYFIAGIVFR,LWNVMDMLGLF,0,TRPM8,pancreatic adenocarcinoma,11,B5701,scoreable
99394,104,GVNYFTDLWNVMDMLGLFYFIAGIVFR,LWNVMDMLGLF,0,TRPM8,pancreatic adenocarcinoma,11,C0501,floor
99394,104,GVNYFTDLWNVMDMLGLFYFIAGIVFR,LWNVMDMLGLF,0,TRPM8,pancreatic adenocarcinoma,11,C0602,floor
99394,42,GVNYFTDLWNVMDMLGLFYFIAGIVFR,WNVMDMLGLFY,0,TRPM8,pancreatic adenocarcinoma,11,A0101,scoreable
99394,104,GVNYFTDLWNVMDMLGLFYFIAGIVFR,WNVMDMLGLFY,0,TRPM8,pancreatic adenocarcinoma,11,A3101,floor
99394,104,GVNYFTDLWNVMDMLGLFYFIAGIVFR,WNVMDMLGLFY,0,TRPM8,pancreatic adenocarcinoma,11,B4402,floor
99394,104,GVNYFTDLWNVMDMLGLFYFIAGIVFR,WNVMDMLGLFY,0,TRPM8,pancreatic adenocarcinoma,11,B5701,floor
99394,104,GVNYFTDLWNVMDMLGLFYFIAGIVFR,WNVMDMLGLFY,0,TRPM8,pancreatic adenocarcinoma,11,C0501,floor
99394,104,GVNYFTDLWNVMDMLGLFYFIAGIVFR,WNVMDMLGLFY,0,TRPM8,pancreatic adenocarcinoma,11,C0602,floor
99394,104,GVNYFTDLWNVMDMLGLFYFIAGIVFR,NVMDMLGLFYF,0,TRPM8,pancreatic adenocarcinoma,11,A0101,floor
99394,104,GVNYFTDLWNVMDMLGLFYFIAGIVFR,NVMDMLGLFYF,0,TRPM8,pancreatic adenocarcinoma,11,A3101,floor
99394,104,GVNYFTDLWNVMDMLGLFYFIAGIVFR,NVMDMLGLFYF,0,TRPM8,pancreatic adenocarcinoma,11,B4402,floor
99394,45,GVNYFTDLWNVMDMLGLFYFIAGIVFR,NVMDMLGLFYF,0,TRPM8,pancreatic adenocarcinoma,11,B5701,scoreable
99394,104,GVNYFTDLWNVMDMLGLFYFIAGIVFR,NVMDMLGLFYF,0,TRPM8,pancreatic adenocarcinoma,11,C0501,floor
99394,104,GVNYFTDLWNVMDMLGLFYFIAGIVFR,NVMDMLGLFYF,0,TRPM8,pancreatic adenocarcinoma,11,C0602,floor
99394,104,YATTRKPPAQSSKKMHPK,QSSKKMHPK,0,C6orf225,pancreatic adenocarcinoma,11,A0101,floor
99394,43,YATTRKPPAQSSKKMHPK,QSSKKMHPK,0,C6orf225,pancreatic adenocarcinoma,11,A3101,scoreable
99394,104,YATTRKPPAQSSKKMHPK,QSSKKMHPK,0,C6orf225,pancreatic adenocarcinoma,11,B4402,floor
99394,104,YATTRKPPAQSSKKMHPK,QSSKKMHPK,0,C6orf225,pancreatic adenocarcinoma,11,B5701,floor
99394,104,YATTRKPPAQSSKKMHPK,QSSKKMHPK,0,C6orf225,pancreatic adenocarcinoma,11,C0501,floor
99394,47,YATTRKPPAQSSKKMHPK,QSSKKMHPK,0,C6orf225,pancreatic adenocarcinoma,11,C0602,scoreable
99394,104,YATTRKPPAQSSKKMHPK,AQSSKKMHPK,0,C6orf225,pancreatic adenocarcinoma,11,A0101,floor
99394,43,YATTRKPPAQSSKKMHPK,AQSSKKMHPK,0,C6orf225,pancreatic adenocarcinoma,11,A3101,scoreable
99394,104,YATTRKPPAQSSKKMHPK,AQSSKKMHPK,0,C6orf225,pancreatic adenocarcinoma,11,B4402,floor
99394,104,YATTRKPPAQSSKKMHPK,AQSSKKMHPK,0,C6orf225,pancreatic adenocarcinoma,11,B5701,floor
99394,104,YATTRKPPAQSSKKMHPK,AQSSKKMHPK,0,C6orf225,pancreatic adenocarcinoma,11,C0501,floor
99394,47,YATTRKPPAQSSKKMHPK,AQSSKKMHPK,0,C6orf225,pancreatic adenocarcinoma,11,C0602,scoreable
99394,104,YATTRKPPAQSSKKMHPK,TRKPPAQSSKK,0,C6orf225,pancreatic adenocarcinoma,11,A0101,floor
99394,43,YATTRKPPAQSSKKMHPK,TRKPPAQSSKK,0,C6orf225,pancreatic adenocarcinoma,11,A3101,scoreable
99394,104,YATTRKPPAQSSKKMHPK,TRKPPAQSSKK,0,C6orf225,pancreatic adenocarcinoma,11,B4402,floor
99394,104,YATTRKPPAQSSKKMHPK,TRKPPAQSSKK,0,C6orf225,pancreatic adenocarcinoma,11,B5701,floor
99394,104,YATTRKPPAQSSKKMHPK,TRKPPAQSSKK,0,C6orf225,pancreatic adenocarcinoma,11,C0501,floor
99394,104,YATTRKPPAQSSKKMHPK,TRKPPAQSSKK,0,C6orf225,pancreatic adenocarcinoma,11,C0602,floor
99394,104,YATTRKPPAQSSKKMHPK,TTRKPPAQSSKK,0,C6orf225,pancreatic adenocarcinoma,11,A0101,floor
99394,43,YATTRKPPAQSSKKMHPK,TTRKPPAQSSKK,0,C6orf225,pancreatic adenocarcinoma,11,A3101,scoreable
99394,104,YATTRKPPAQSSKKMHPK,TTRKPPAQSSKK,0,C6orf225,pancreatic adenocarcinoma,11,B4402,floor
99394,104,YATTRKPPAQSSKKMHPK,TTRKPPAQSSKK,0,C6orf225,pancreatic adenocarcinoma,11,B5701,floor
99394,104,YATTRKPPAQSSKKMHPK,TTRKPPAQSSKK,0,C6orf225,pancreatic adenocarcinoma,11,C0501,floor
99394,104,YATTRKPPAQSSKKMHPK,TTRKPPAQSSKK,0,C6orf225,pancreatic adenocarcinoma,11,C0602,floor
99394,104,CIHEDMKRLLPVVQAPNIDGSDLHSAV,LPVVQAPNI,0,SACS,pancreatic adenocarcinoma,11,A0101,floor
99394,104,CIHEDMKRLLPVVQAPNIDGSDLHSAV,LPVVQAPNI,0,SACS,pancreatic adenocarcinoma,11,A3101,floor
99394,104,CIHEDMKRLLPVVQAPNIDGSDLHSAV,LPVVQAPNI,0,SACS,pancreatic adenocarcinoma,11,B4402,floor
99394,104,CIHEDMKRLLPVVQAPNIDGSDLHSAV,LPVVQAPNI,0,SACS,pancreatic adenocarcinoma,11,B5701,floor
99394,46,CIHEDMKRLLPVVQAPNIDGSDLHSAV,LPVVQAPNI,0,SACS,pancreatic adenocarcinoma,11,C0501,scoreable
99394,104,CIHEDMKRLLPVVQAPNIDGSDLHSAV,LPVVQAPNI,0,SACS,pancreatic adenocarcinoma,11,C0602,floor
99394,42,CIHEDMKRLLPVVQAPNIDGSDLHSAV,VQAPNIDGSDLH,0,SACS,pancreatic adenocarcinoma,11,A0101,scoreable
99394,104,CIHEDMKRLLPVVQAPNIDGSDLHSAV,VQAPNIDGSDLH,0,SACS,pancreatic adenocarcinoma,11,A3101,floor
99394,104,CIHEDMKRLLPVVQAPNIDGSDLHSAV,VQAPNIDGSDLH,0,SACS,pancreatic adenocarcinoma,11,B4402,floor
99394,104,CIHEDMKRLLPVVQAPNIDGSDLHSAV,VQAPNIDGSDLH,0,SACS,pancreatic adenocarcinoma,11,B5701,floor
99394,104,CIHEDMKRLLPVVQAPNIDGSDLHSAV,VQAPNIDGSDLH,0,SACS,pancreatic adenocarcinoma,11,C0501,floor
99394,104,CIHEDMKRLLPVVQAPNIDGSDLHSAV,VQAPNIDGSDLH,0,SACS,pancreatic adenocarcinoma,11,C0602,floor
99394,104,AKQLGLAEAAAVAVAAAVAAAAAAAAG,LAEAAAVAV,0,DEAF1,pancreatic adenocarcinoma,11,A0101,floor
99394,104,AKQLGLAEAAAVAVAAAVAAAAAAAAG,LAEAAAVAV,0,DEAF1,pancreatic adenocarcinoma,11,A3101,floor
99394,104,AKQLGLAEAAAVAVAAAVAAAAAAAAG,LAEAAAVAV,0,DEAF1,pancreatic adenocarcinoma,11,B4402,floor
99394,104,AKQLGLAEAAAVAVAAAVAAAAAAAAG,LAEAAAVAV,0,DEAF1,pancreatic adenocarcinoma,11,B5701,floor
99394,46,AKQLGLAEAAAVAVAAAVAAAAAAAAG,LAEAAAVAV,0,DEAF1,pancreatic adenocarcinoma,11,C0501,scoreable
99394,104,AKQLGLAEAAAVAVAAAVAAAAAAAAG,LAEAAAVAV,0,DEAF1,pancreatic adenocarcinoma,11,C0602,floor
99394,104,AKQLGLAEAAAVAVAAAVAAAAAAAAG,AEAAAVAVA,0,DEAF1,pancreatic adenocarcinoma,11,A0101,floor
99394,104,AKQLGLAEAAAVAVAAAVAAAAAAAAG,AEAAAVAVA,0,DEAF1,pancreatic adenocarcinoma,11,A3101,floor
99394,44,AKQLGLAEAAAVAVAAAVAAAAAAAAG,AEAAAVAVA,0,DEAF1,pancreatic adenocarcinoma,11,B4402,scoreable
99394,104,AKQLGLAEAAAVAVAAAVAAAAAAAAG,AEAAAVAVA,0,DEAF1,pancreatic adenocarcinoma,11,B5701,floor
99394,104,AKQLGLAEAAAVAVAAAVAAAAAAAAG,AEAAAVAVA,0,DEAF1,pancreatic adenocarcinoma,11,C0501,floor
99394,104,AKQLGLAEAAAVAVAAAVAAAAAAAAG,AEAAAVAVA,0,DEAF1,pancreatic adenocarcinoma,11,C0602,floor
99394,104,AKQLGLAEAAAVAVAAAVAAAAAAAAG,EAAAVAVAA,0,DEAF1,pancreatic adenocarcinoma,11,A0101,floor
99394,104,AKQLGLAEAAAVAVAAAVAAAAAAAAG,EAAAVAVAA,0,DEAF1,pancreatic adenocarcinoma,11,A3101,floor
99394,104,AKQLGLAEAAAVAVAAAVAAAAAAAAG,EAAAVAVAA,0,DEAF1,pancreatic adenocarcinoma,11,B4402,floor
99394,104,AKQLGLAEAAAVAVAAAVAAAAAAAAG,EAAAVAVAA,0,DEAF1,pancreatic adenocarcinoma,11,B5701,floor
99394,46,AKQLGLAEAAAVAVAAAVAAAAAAAAG,EAAAVAVAA,0,DEAF1,pancreatic adenocarcinoma,11,C0501,scoreable
99394,104,AKQLGLAEAAAVAVAAAVAAAAAAAAG,EAAAVAVAA,0,DEAF1,pancreatic adenocarcinoma,11,C0602,floor
99394,104,AKQLGLAEAAAVAVAAAVAAAAAAAAG,AAAVAVAAA,0,DEAF1,pancreatic adenocarcinoma,11,A0101,floor
99394,104,AKQLGLAEAAAVAVAAAVAAAAAAAAG,AAAVAVAAA,0,DEAF1,pancreatic adenocarcinoma,11,A3101,floor
99394,104,AKQLGLAEAAAVAVAAAVAAAAAAAAG,AAAVAVAAA,0,DEAF1,pancreatic adenocarcinoma,11,B4402,floor
99394,104,AKQLGLAEAAAVAVAAAVAAAAAAAAG,AAAVAVAAA,0,DEAF1,pancreatic adenocarcinoma,11,B5701,floor
99394,46,AKQLGLAEAAAVAVAAAVAAAAAAAAG,AAAVAVAAA,0,DEAF1,pancreatic adenocarcinoma,11,C0501,scoreable
99394,47,AKQLGLAEAAAVAVAAAVAAAAAAAAG,AAAVAVAAA,0,DEAF1,pancreatic adenocarcinoma,11,C0602,scoreable
99394,104,AKQLGLAEAAAVAVAAAVAAAAAAAAG,AAVAVAAAV,0,DEAF1,pancreatic adenocarcinoma,11,A0101,floor
99394,104,AKQLGLAEAAAVAVAAAVAAAAAAAAG,AAVAVAAAV,0,DEAF1,pancreatic adenocarcinoma,11,A3101,floor
99394,104,AKQLGLAEAAAVAVAAAVAAAAAAAAG,AAVAVAAAV,0,DEAF1,pancreatic adenocarcinoma,11,B4402,floor
99394,45,AKQLGLAEAAAVAVAAAVAAAAAAAAG,AAVAVAAAV,0,DEAF1,pancreatic adenocarcinoma,11,B5701,scoreable
99394,46,AKQLGLAEAAAVAVAAAVAAAAAAAAG,AAVAVAAAV,0,DEAF1,pancreatic adenocarcinoma,11,C0501,scoreable
99394,47,AKQLGLAEAAAVAVAAAVAAAAAAAAG,AAVAVAAAV,0,DEAF1,pancreatic adenocarcinoma,11,C0602,scoreable
99394,104,AKQLGLAEAAAVAVAAAVAAAAAAAAG,VAVAAAVAA,0,DEAF1,pancreatic adenocarcinoma,11,A0101,floor
99394,104,AKQLGLAEAAAVAVAAAVAAAAAAAAG,VAVAAAVAA,0,DEAF1,pancreatic adenocarcinoma,11,A3101,floor
99394,104,AKQLGLAEAAAVAVAAAVAAAAAAAAG,VAVAAAVAA,0,DEAF1,pancreatic adenocarcinoma,11,B4402,floor
99394,104,AKQLGLAEAAAVAVAAAVAAAAAAAAG,VAVAAAVAA,0,DEAF1,pancreatic adenocarcinoma,11,B5701,floor
99394,46,AKQLGLAEAAAVAVAAAVAAAAAAAAG,VAVAAAVAA,0,DEAF1,pancreatic adenocarcinoma,11,C0501,scoreable
99394,104,AKQLGLAEAAAVAVAAAVAAAAAAAAG,VAVAAAVAA,0,DEAF1,pancreatic adenocarcinoma,11,C0602,floor
99394,104,AKQLGLAEAAAVAVAAAVAAAAAAAAG,AVAAAVAAA,0,DEAF1,pancreatic adenocarcinoma,11,A0101,floor
99394,104,AKQLGLAEAAAVAVAAAVAAAAAAAAG,AVAAAVAAA,0,DEAF1,pancreatic adenocarcinoma,11,A3101,floor
99394,104,AKQLGLAEAAAVAVAAAVAAAAAAAAG,AVAAAVAAA,0,DEAF1,pancreatic adenocarcinoma,11,B4402,floor
99394,104,AKQLGLAEAAAVAVAAAVAAAAAAAAG,AVAAAVAAA,0,DEAF1,pancreatic adenocarcinoma,11,B5701,floor
99394,46,AKQLGLAEAAAVAVAAAVAAAAAAAAG,AVAAAVAAA,0,DEAF1,pancreatic adenocarcinoma,11,C0501,scoreable
99394,47,AKQLGLAEAAAVAVAAAVAAAAAAAAG,AVAAAVAAA,0,DEAF1,pancreatic adenocarcinoma,11,C0602,scoreable
99394,104,AKQLGLAEAAAVAVAAAVAAAAAAAAG,VAAAVAAAA,0,DEAF1,pancreatic adenocarcinoma,11,A0101,floor
99394,104,AKQLGLAEAAAVAVAAAVAAAAAAAAG,VAAAVAAAA,0,DEAF1,pancreatic adenocarcinoma,11,A3101,floor
99394,104,AKQLGLAEAAAVAVAAAVAAAAAAAAG,VAAAVAAAA,0,DEAF1,pancreatic adenocarcinoma,11,B4402,floor
99394,104,AKQLGLAEAAAVAVAAAVAAAAAAAAG,VAAAVAAAA,0,DEAF1,pancreatic adenocarcinoma,11,B5701,floor
99394,46,AKQLGLAEAAAVAVAAAVAAAAAAAAG,VAAAVAAAA,0,DEAF1,pancreatic adenocarcinoma,11,C0501,scoreable
99394,47,AKQLGLAEAAAVAVAAAVAAAAAAAAG,VAAAVAAAA,0,DEAF1,pancreatic adenocarcinoma,11,C0602,scoreable
99394,104,AKQLGLAEAAAVAVAAAVAAAAAAAAG,GLAEAAAVAV,0,DEAF1,pancreatic adenocarcinoma,11,A0101,floor
99394,104,AKQLGLAEAAAVAVAAAVAAAAAAAAG,GLAEAAAVAV,0,DEAF1,pancreatic adenocarcinoma,11,A3101,floor
99394,104,AKQLGLAEAAAVAVAAAVAAAAAAAAG,GLAEAAAVAV,0,DEAF1,pancreatic adenocarcinoma,11,B4402,floor
99394,104,AKQLGLAEAAAVAVAAAVAAAAAAAAG,GLAEAAAVAV,0,DEAF1,pancreatic adenocarcinoma,11,B5701,floor
99394,46,AKQLGLAEAAAVAVAAAVAAAAAAAAG,GLAEAAAVAV,0,DEAF1,pancreatic adenocarcinoma,11,C0501,scoreable
99394,47,AKQLGLAEAAAVAVAAAVAAAAAAAAG,GLAEAAAVAV,0,DEAF1,pancreatic adenocarcinoma,11,C0602,scoreable
99394,104,AKQLGLAEAAAVAVAAAVAAAAAAAAG,LAEAAAVAVA,0,DEAF1,pancreatic adenocarcinoma,11,A0101,floor
99394,104,AKQLGLAEAAAVAVAAAVAAAAAAAAG,LAEAAAVAVA,0,DEAF1,pancreatic adenocarcinoma,11,A3101,floor
99394,104,AKQLGLAEAAAVAVAAAVAAAAAAAAG,LAEAAAVAVA,0,DEAF1,pancreatic adenocarcinoma,11,B4402,floor
99394,104,AKQLGLAEAAAVAVAAAVAAAAAAAAG,LAEAAAVAVA,0,DEAF1,pancreatic adenocarcinoma,11,B5701,floor
99394,46,AKQLGLAEAAAVAVAAAVAAAAAAAAG,LAEAAAVAVA,0,DEAF1,pancreatic adenocarcinoma,11,C0501,scoreable
99394,104,AKQLGLAEAAAVAVAAAVAAAAAAAAG,LAEAAAVAVA,0,DEAF1,pancreatic adenocarcinoma,11,C0602,floor
99394,104,AKQLGLAEAAAVAVAAAVAAAAAAAAG,AEAAAVAVAA,0,DEAF1,pancreatic adenocarcinoma,11,A0101,floor
99394,104,AKQLGLAEAAAVAVAAAVAAAAAAAAG,AEAAAVAVAA,0,DEAF1,pancreatic adenocarcinoma,11,A3101,floor
99394,44,AKQLGLAEAAAVAVAAAVAAAAAAAAG,AEAAAVAVAA,0,DEAF1,pancreatic adenocarcinoma,11,B4402,scoreable
99394,104,AKQLGLAEAAAVAVAAAVAAAAAAAAG,AEAAAVAVAA,0,DEAF1,pancreatic adenocarcinoma,11,B5701,floor
99394,104,AKQLGLAEAAAVAVAAAVAAAAAAAAG,AEAAAVAVAA,0,DEAF1,pancreatic adenocarcinoma,11,C0501,floor
99394,104,AKQLGLAEAAAVAVAAAVAAAAAAAAG,AEAAAVAVAA,0,DEAF1,pancreatic adenocarcinoma,11,C0602,floor
99394,104,AKQLGLAEAAAVAVAAAVAAAAAAAAG,AAAVAVAAAV,0,DEAF1,pancreatic adenocarcinoma,11,A0101,floor
99394,104,AKQLGLAEAAAVAVAAAVAAAAAAAAG,AAAVAVAAAV,0,DEAF1,pancreatic adenocarcinoma,11,A3101,floor
99394,104,AKQLGLAEAAAVAVAAAVAAAAAAAAG,AAAVAVAAAV,0,DEAF1,pancreatic adenocarcinoma,11,B4402,floor
99394,45,AKQLGLAEAAAVAVAAAVAAAAAAAAG,AAAVAVAAAV,0,DEAF1,pancreatic adenocarcinoma,11,B5701,scoreable
99394,46,AKQLGLAEAAAVAVAAAVAAAAAAAAG,AAAVAVAAAV,0,DEAF1,pancreatic adenocarcinoma,11,C0501,scoreable
99394,47,AKQLGLAEAAAVAVAAAVAAAAAAAAG,AAAVAVAAAV,0,DEAF1,pancreatic adenocarcinoma,11,C0602,scoreable
99394,104,AKQLGLAEAAAVAVAAAVAAAAAAAAG,LAEAAAVAVAA,0,DEAF1,pancreatic adenocarcinoma,11,A0101,floor
99394,104,AKQLGLAEAAAVAVAAAVAAAAAAAAG,LAEAAAVAVAA,0,DEAF1,pancreatic adenocarcinoma,11,A3101,floor
99394,104,AKQLGLAEAAAVAVAAAVAAAAAAAAG,LAEAAAVAVAA,0,DEAF1,pancreatic adenocarcinoma,11,B4402,floor
99394,104,AKQLGLAEAAAVAVAAAVAAAAAAAAG,LAEAAAVAVAA,0,DEAF1,pancreatic adenocarcinoma,11,B5701,floor
99394,46,AKQLGLAEAAAVAVAAAVAAAAAAAAG,LAEAAAVAVAA,0,DEAF1,pancreatic adenocarcinoma,11,C0501,scoreable
99394,104,AKQLGLAEAAAVAVAAAVAAAAAAAAG,LAEAAAVAVAA,0,DEAF1,pancreatic adenocarcinoma,11,C0602,floor
99394,104,AKQLGLAEAAAVAVAAAVAAAAAAAAG,AEAAAVAVAAA,0,DEAF1,pancreatic adenocarcinoma,11,A0101,floor
99394,104,AKQLGLAEAAAVAVAAAVAAAAAAAAG,AEAAAVAVAAA,0,DEAF1,pancreatic adenocarcinoma,11,A3101,floor
99394,44,AKQLGLAEAAAVAVAAAVAAAAAAAAG,AEAAAVAVAAA,0,DEAF1,pancreatic adenocarcinoma,11,B4402,scoreable
99394,104,AKQLGLAEAAAVAVAAAVAAAAAAAAG,AEAAAVAVAAA,0,DEAF1,pancreatic adenocarcinoma,11,B5701,floor
99394,104,AKQLGLAEAAAVAVAAAVAAAAAAAAG,AEAAAVAVAAA,0,DEAF1,pancreatic adenocarcinoma,11,C0501,floor
99394,104,AKQLGLAEAAAVAVAAAVAAAAAAAAG,AEAAAVAVAAA,0,DEAF1,pancreatic adenocarcinoma,11,C0602,floor
99394,104,AKQLGLAEAAAVAVAAAVAAAAAAAAG,VAAAVAAAAAA,0,DEAF1,pancreatic adenocarcinoma,11,A0101,floor
99394,104,AKQLGLAEAAAVAVAAAVAAAAAAAAG,VAAAVAAAAAA,0,DEAF1,pancreatic adenocarcinoma,11,A3101,floor
99394,104,AKQLGLAEAAAVAVAAAVAAAAAAAAG,VAAAVAAAAAA,0,DEAF1,pancreatic adenocarcinoma,11,B4402,floor
99394,104,AKQLGLAEAAAVAVAAAVAAAAAAAAG,VAAAVAAAAAA,0,DEAF1,pancreatic adenocarcinoma,11,B5701,floor
99394,104,AKQLGLAEAAAVAVAAAVAAAAAAAAG,VAAAVAAAAAA,0,DEAF1,pancreatic adenocarcinoma,11,C0501,floor
99394,47,AKQLGLAEAAAVAVAAAVAAAAAAAAG,VAAAVAAAAAA,0,DEAF1,pancreatic adenocarcinoma,11,C0602,scoreable
99394,104,AKQLGLAEAAAVAVAAAVAAAAAAAAG,AEAAAVAVAAAV,0,DEAF1,pancreatic adenocarcinoma,11,A0101,floor
99394,104,AKQLGLAEAAAVAVAAAVAAAAAAAAG,AEAAAVAVAAAV,0,DEAF1,pancreatic adenocarcinoma,11,A3101,floor
99394,44,AKQLGLAEAAAVAVAAAVAAAAAAAAG,AEAAAVAVAAAV,0,DEAF1,pancreatic adenocarcinoma,11,B4402,scoreable
99394,104,AKQLGLAEAAAVAVAAAVAAAAAAAAG,AEAAAVAVAAAV,0,DEAF1,pancreatic adenocarcinoma,11,B5701,floor
99394,104,AKQLGLAEAAAVAVAAAVAAAAAAAAG,AEAAAVAVAAAV,0,DEAF1,pancreatic adenocarcinoma,11,C0501,floor
99394,104,AKQLGLAEAAAVAVAAAVAAAAAAAAG,AEAAAVAVAAAV,0,DEAF1,pancreatic adenocarcinoma,11,C0602,floor
99394,104,SNLDPSEVEKAKEEQKADFPAGIPECG,EEQKADFPA,0,VARS,pancreatic adenocarcinoma,11,A0101,floor
99394,104,SNLDPSEVEKAKEEQKADFPAGIPECG,EEQKADFPA,0,VARS,pancreatic adenocarcinoma,11,A3101,floor
99394,44,SNLDPSEVEKAKEEQKADFPAGIPECG,EEQKADFPA,0,VARS,pancreatic adenocarcinoma,11,B4402,scoreable
99394,104,SNLDPSEVEKAKEEQKADFPAGIPECG,EEQKADFPA,0,VARS,pancreatic adenocarcinoma,11,B5701,floor
99394,104,SNLDPSEVEKAKEEQKADFPAGIPECG,EEQKADFPA,0,VARS,pancreatic adenocarcinoma,11,C0501,floor
99394,104,SNLDPSEVEKAKEEQKADFPAGIPECG,EEQKADFPA,0,VARS,pancreatic adenocarcinoma,11,C0602,floor
99394,104,SNLDPSEVEKAKEEQKADFPAGIPECG,KAKEEQKADF,0,VARS,pancreatic adenocarcinoma,11,A0101,floor
99394,104,SNLDPSEVEKAKEEQKADFPAGIPECG,KAKEEQKADF,0,VARS,pancreatic adenocarcinoma,11,A3101,floor
99394,104,SNLDPSEVEKAKEEQKADFPAGIPECG,KAKEEQKADF,0,VARS,pancreatic adenocarcinoma,11,B4402,floor
99394,45,SNLDPSEVEKAKEEQKADFPAGIPECG,KAKEEQKADF,0,VARS,pancreatic adenocarcinoma,11,B5701,scoreable
99394,104,SNLDPSEVEKAKEEQKADFPAGIPECG,KAKEEQKADF,0,VARS,pancreatic adenocarcinoma,11,C0501,floor
99394,47,SNLDPSEVEKAKEEQKADFPAGIPECG,KAKEEQKADF,0,VARS,pancreatic adenocarcinoma,11,C0602,scoreable
99394,104,SNLDPSEVEKAKEEQKADFPAGIPECG,EEQKADFPAGI,0,VARS,pancreatic adenocarcinoma,11,A0101,floor
99394,104,SNLDPSEVEKAKEEQKADFPAGIPECG,EEQKADFPAGI,0,VARS,pancreatic adenocarcinoma,11,A3101,floor
99394,44,SNLDPSEVEKAKEEQKADFPAGIPECG,EEQKADFPAGI,0,VARS,pancreatic adenocarcinoma,11,B4402,scoreable
99394,104,SNLDPSEVEKAKEEQKADFPAGIPECG,EEQKADFPAGI,0,VARS,pancreatic adenocarcinoma,11,B5701,floor
99394,104,SNLDPSEVEKAKEEQKADFPAGIPECG,EEQKADFPAGI,0,VARS,pancreatic adenocarcinoma,11,C0501,floor
99394,104,SNLDPSEVEKAKEEQKADFPAGIPECG,EEQKADFPAGI,0,VARS,pancreatic adenocarcinoma,11,C0602,floor
99394,104,SNLDPSEVEKAKEEQKADFPAGIPECG,SEVEKAKEEQKA,0,VARS,pancreatic adenocarcinoma,11,A0101,floor
99394,104,SNLDPSEVEKAKEEQKADFPAGIPECG,SEVEKAKEEQKA,0,VARS,pancreatic adenocarcinoma,11,A3101,floor
99394,44,SNLDPSEVEKAKEEQKADFPAGIPECG,SEVEKAKEEQKA,0,VARS,pancreatic adenocarcinoma,11,B4402,scoreable
99394,104,SNLDPSEVEKAKEEQKADFPAGIPECG,SEVEKAKEEQKA,0,VARS,pancreatic adenocarcinoma,11,B5701,floor
99394,104,SNLDPSEVEKAKEEQKADFPAGIPECG,SEVEKAKEEQKA,0,VARS,pancreatic adenocarcinoma,11,C0501,floor
99394,104,SNLDPSEVEKAKEEQKADFPAGIPECG,SEVEKAKEEQKA,0,VARS,pancreatic adenocarcinoma,11,C0602,floor
99394,104,SNLDPSEVEKAKEEQKADFPAGIPECG,VEKAKEEQKADF,0,VARS,pancreatic adenocarcinoma,11,A0101,floor
99394,104,SNLDPSEVEKAKEEQKADFPAGIPECG,VEKAKEEQKADF,0,VARS,pancreatic adenocarcinoma,11,A3101,floor
99394,44,SNLDPSEVEKAKEEQKADFPAGIPECG,VEKAKEEQKADF,0,VARS,pancreatic adenocarcinoma,11,B4402,scoreable
99394,104,SNLDPSEVEKAKEEQKADFPAGIPECG,VEKAKEEQKADF,0,VARS,pancreatic adenocarcinoma,11,B5701,floor
99394,104,SNLDPSEVEKAKEEQKADFPAGIPECG,VEKAKEEQKADF,0,VARS,pancreatic adenocarcinoma,11,C0501,floor
99394,104,SNLDPSEVEKAKEEQKADFPAGIPECG,VEKAKEEQKADF,0,VARS,pancreatic adenocarcinoma,11,C0602,floor
99394,104,AKSVTCTYSPALNRMFCQLAKTCPVQL,CTYSPALNR,0,TP53,pancreatic adenocarcinoma,11,A0101,floor
99394,43,AKSVTCTYSPALNRMFCQLAKTCPVQL,CTYSPALNR,0,TP53,pancreatic adenocarcinoma,11,A3101,scoreable
99394,104,AKSVTCTYSPALNRMFCQLAKTCPVQL,CTYSPALNR,0,TP53,pancreatic adenocarcinoma,11,B4402,floor
99394,104,AKSVTCTYSPALNRMFCQLAKTCPVQL,CTYSPALNR,0,TP53,pancreatic adenocarcinoma,11,B5701,floor
99394,104,AKSVTCTYSPALNRMFCQLAKTCPVQL,CTYSPALNR,0,TP53,pancreatic adenocarcinoma,11,C0501,floor
99394,47,AKSVTCTYSPALNRMFCQLAKTCPVQL,CTYSPALNR,0,TP53,pancreatic adenocarcinoma,11,C0602,scoreable
99394,104,AKSVTCTYSPALNRMFCQLAKTCPVQL,TYSPALNRM,0,TP53,pancreatic adenocarcinoma,11,A0101,floor
99394,104,AKSVTCTYSPALNRMFCQLAKTCPVQL,TYSPALNRM,0,TP53,pancreatic adenocarcinoma,11,A3101,floor
99394,104,AKSVTCTYSPALNRMFCQLAKTCPVQL,TYSPALNRM,0,TP53,pancreatic adenocarcinoma,11,B4402,floor
99394,45,AKSVTCTYSPALNRMFCQLAKTCPVQL,TYSPALNRM,0,TP53,pancreatic adenocarcinoma,11,B5701,scoreable
99394,104,AKSVTCTYSPALNRMFCQLAKTCPVQL,TYSPALNRM,0,TP53,pancreatic adenocarcinoma,11,C0501,floor
99394,104,AKSVTCTYSPALNRMFCQLAKTCPVQL,TYSPALNRM,0,TP53,pancreatic adenocarcinoma,11,C0602,floor
99394,42,AKSVTCTYSPALNRMFCQLAKTCPVQL,YSPALNRMF,0,TP53,pancreatic adenocarcinoma,11,A0101,scoreable
99394,104,AKSVTCTYSPALNRMFCQLAKTCPVQL,YSPALNRMF,0,TP53,pancreatic adenocarcinoma,11,A3101,floor
99394,104,AKSVTCTYSPALNRMFCQLAKTCPVQL,YSPALNRMF,0,TP53,pancreatic adenocarcinoma,11,B4402,floor
99394,45,AKSVTCTYSPALNRMFCQLAKTCPVQL,YSPALNRMF,0,TP53,pancreatic adenocarcinoma,11,B5701,scoreable
99394,104,AKSVTCTYSPALNRMFCQLAKTCPVQL,YSPALNRMF,0,TP53,pancreatic adenocarcinoma,11,C0501,floor
99394,104,AKSVTCTYSPALNRMFCQLAKTCPVQL,YSPALNRMF,0,TP53,pancreatic adenocarcinoma,11,C0602,floor
99394,104,AKSVTCTYSPALNRMFCQLAKTCPVQL,ALNRMFCQL,0,TP53,pancreatic adenocarcinoma,11,A0101,floor
99394,104,AKSVTCTYSPALNRMFCQLAKTCPVQL,ALNRMFCQL,0,TP53,pancreatic adenocarcinoma,11,A3101,floor
99394,104,AKSVTCTYSPALNRMFCQLAKTCPVQL,ALNRMFCQL,0,TP53,pancreatic adenocarcinoma,11,B4402,floor
99394,45,AKSVTCTYSPALNRMFCQLAKTCPVQL,ALNRMFCQL,0,TP53,pancreatic adenocarcinoma,11,B5701,scoreable
99394,46,AKSVTCTYSPALNRMFCQLAKTCPVQL,ALNRMFCQL,0,TP53,pancreatic adenocarcinoma,11,C0501,scoreable
99394,104,AKSVTCTYSPALNRMFCQLAKTCPVQL,ALNRMFCQL,0,TP53,pancreatic adenocarcinoma,11,C0602,floor
99394,104,AKSVTCTYSPALNRMFCQLAKTCPVQL,NRMFCQLAK,0,TP53,pancreatic adenocarcinoma,11,A0101,floor
99394,43,AKSVTCTYSPALNRMFCQLAKTCPVQL,NRMFCQLAK,0,TP53,pancreatic adenocarcinoma,11,A3101,scoreable
99394,104,AKSVTCTYSPALNRMFCQLAKTCPVQL,NRMFCQLAK,0,TP53,pancreatic adenocarcinoma,11,B4402,floor
99394,104,AKSVTCTYSPALNRMFCQLAKTCPVQL,NRMFCQLAK,0,TP53,pancreatic adenocarcinoma,11,B5701,floor
99394,104,AKSVTCTYSPALNRMFCQLAKTCPVQL,NRMFCQLAK,0,TP53,pancreatic adenocarcinoma,11,C0501,floor
99394,104,AKSVTCTYSPALNRMFCQLAKTCPVQL,NRMFCQLAK,0,TP53,pancreatic adenocarcinoma,11,C0602,floor
99394,104,AKSVTCTYSPALNRMFCQLAKTCPVQL,RMFCQLAKT,0,TP53,pancreatic adenocarcinoma,11,A0101,floor
99394,43,AKSVTCTYSPALNRMFCQLAKTCPVQL,RMFCQLAKT,0,TP53,pancreatic adenocarcinoma,11,A3101,scoreable
99394,104,AKSVTCTYSPALNRMFCQLAKTCPVQL,RMFCQLAKT,0,TP53,pancreatic adenocarcinoma,11,B4402,floor
99394,104,AKSVTCTYSPALNRMFCQLAKTCPVQL,RMFCQLAKT,0,TP53,pancreatic adenocarcinoma,11,B5701,floor
99394,104,AKSVTCTYSPALNRMFCQLAKTCPVQL,RMFCQLAKT,0,TP53,pancreatic adenocarcinoma,11,C0501,floor
99394,104,AKSVTCTYSPALNRMFCQLAKTCPVQL,RMFCQLAKT,0,TP53,pancreatic adenocarcinoma,11,C0602,floor
99394,104,AKSVTCTYSPALNRMFCQLAKTCPVQL,TCTYSPALNR,0,TP53,pancreatic adenocarcinoma,11,A0101,floor
99394,43,AKSVTCTYSPALNRMFCQLAKTCPVQL,TCTYSPALNR,0,TP53,pancreatic adenocarcinoma,11,A3101,scoreable
99394,104,AKSVTCTYSPALNRMFCQLAKTCPVQL,TCTYSPALNR,0,TP53,pancreatic adenocarcinoma,11,B4402,floor
99394,104,AKSVTCTYSPALNRMFCQLAKTCPVQL,TCTYSPALNR,0,TP53,pancreatic adenocarcinoma,11,B5701,floor
99394,104,AKSVTCTYSPALNRMFCQLAKTCPVQL,TCTYSPALNR,0,TP53,pancreatic adenocarcinoma,11,C0501,floor
99394,104,AKSVTCTYSPALNRMFCQLAKTCPVQL,TCTYSPALNR,0,TP53,pancreatic adenocarcinoma,11,C0602,floor
99394,104,AKSVTCTYSPALNRMFCQLAKTCPVQL,CTYSPALNRM,0,TP53,pancreatic adenocarcinoma,11,A0101,floor
99394,104,AKSVTCTYSPALNRMFCQLAKTCPVQL,CTYSPALNRM,0,TP53,pancreatic adenocarcinoma,11,A3101,floor
99394,104,AKSVTCTYSPALNRMFCQLAKTCPVQL,CTYSPALNRM,0,TP53,pancreatic adenocarcinoma,11,B4402,floor
99394,45,AKSVTCTYSPALNRMFCQLAKTCPVQL,CTYSPALNRM,0,TP53,pancreatic adenocarcinoma,11,B5701,scoreable
99394,104,AKSVTCTYSPALNRMFCQLAKTCPVQL,CTYSPALNRM,0,TP53,pancreatic adenocarcinoma,11,C0501,floor
99394,47,AKSVTCTYSPALNRMFCQLAKTCPVQL,CTYSPALNRM,0,TP53,pancreatic adenocarcinoma,11,C0602,scoreable
99394,104,AKSVTCTYSPALNRMFCQLAKTCPVQL,TYSPALNRMF,0,TP53,pancreatic adenocarcinoma,11,A0101,floor
99394,104,AKSVTCTYSPALNRMFCQLAKTCPVQL,TYSPALNRMF,0,TP53,pancreatic adenocarcinoma,11,A3101,floor
99394,104,AKSVTCTYSPALNRMFCQLAKTCPVQL,TYSPALNRMF,0,TP53,pancreatic adenocarcinoma,11,B4402,floor
99394,45,AKSVTCTYSPALNRMFCQLAKTCPVQL,TYSPALNRMF,0,TP53,pancreatic adenocarcinoma,11,B5701,scoreable
99394,104,AKSVTCTYSPALNRMFCQLAKTCPVQL,TYSPALNRMF,0,TP53,pancreatic adenocarcinoma,11,C0501,floor
99394,104,AKSVTCTYSPALNRMFCQLAKTCPVQL,TYSPALNRMF,0,TP53,pancreatic adenocarcinoma,11,C0602,floor
99394,104,AKSVTCTYSPALNRMFCQLAKTCPVQL,LNRMFCQLAK,0,TP53,pancreatic adenocarcinoma,11,A0101,floor
99394,43,AKSVTCTYSPALNRMFCQLAKTCPVQL,LNRMFCQLAK,0,TP53,pancreatic adenocarcinoma,11,A3101,scoreable
99394,104,AKSVTCTYSPALNRMFCQLAKTCPVQL,LNRMFCQLAK,0,TP53,pancreatic adenocarcinoma,11,B4402,floor
99394,104,AKSVTCTYSPALNRMFCQLAKTCPVQL,LNRMFCQLAK,0,TP53,pancreatic adenocarcinoma,11,B5701,floor
99394,104,AKSVTCTYSPALNRMFCQLAKTCPVQL,LNRMFCQLAK,0,TP53,pancreatic adenocarcinoma,11,C0501,floor
99394,104,AKSVTCTYSPALNRMFCQLAKTCPVQL,LNRMFCQLAK,0,TP53,pancreatic adenocarcinoma,11,C0602,floor
99394,104,AKSVTCTYSPALNRMFCQLAKTCPVQL,VTCTYSPALNR,0,TP53,pancreatic adenocarcinoma,11,A0101,floor
99394,43,AKSVTCTYSPALNRMFCQLAKTCPVQL,VTCTYSPALNR,0,TP53,pancreatic adenocarcinoma,11,A3101,scoreable
99394,104,AKSVTCTYSPALNRMFCQLAKTCPVQL,VTCTYSPALNR,0,TP53,pancreatic adenocarcinoma,11,B4402,floor
99394,45,AKSVTCTYSPALNRMFCQLAKTCPVQL,VTCTYSPALNR,0,TP53,pancreatic adenocarcinoma,11,B5701,scoreable
99394,104,AKSVTCTYSPALNRMFCQLAKTCPVQL,VTCTYSPALNR,0,TP53,pancreatic adenocarcinoma,11,C0501,floor
99394,47,AKSVTCTYSPALNRMFCQLAKTCPVQL,VTCTYSPALNR,0,TP53,pancreatic adenocarcinoma,11,C0602,scoreable
99394,104,AKSVTCTYSPALNRMFCQLAKTCPVQL,CTYSPALNRMF,0,TP53,pancreatic adenocarcinoma,11,A0101,floor
99394,104,AKSVTCTYSPALNRMFCQLAKTCPVQL,CTYSPALNRMF,0,TP53,pancreatic adenocarcinoma,11,A3101,floor
99394,104,AKSVTCTYSPALNRMFCQLAKTCPVQL,CTYSPALNRMF,0,TP53,pancreatic adenocarcinoma,11,B4402,floor
99394,45,AKSVTCTYSPALNRMFCQLAKTCPVQL,CTYSPALNRMF,0,TP53,pancreatic adenocarcinoma,11,B5701,scoreable
99394,104,AKSVTCTYSPALNRMFCQLAKTCPVQL,CTYSPALNRMF,0,TP53,pancreatic adenocarcinoma,11,C0501,floor
99394,47,AKSVTCTYSPALNRMFCQLAKTCPVQL,CTYSPALNRMF,0,TP53,pancreatic adenocarcinoma,11,C0602,scoreable
99394,104,AKSVTCTYSPALNRMFCQLAKTCPVQL,SVTCTYSPALNR,0,TP53,pancreatic adenocarcinoma,11,A0101,floor
99394,43,AKSVTCTYSPALNRMFCQLAKTCPVQL,SVTCTYSPALNR,0,TP53,pancreatic adenocarcinoma,11,A3101,scoreable
99394,104,AKSVTCTYSPALNRMFCQLAKTCPVQL,SVTCTYSPALNR,0,TP53,pancreatic adenocarcinoma,11,B4402,floor
99394,104,AKSVTCTYSPALNRMFCQLAKTCPVQL,SVTCTYSPALNR,0,TP53,pancreatic adenocarcinoma,11,B5701,floor
99394,104,AKSVTCTYSPALNRMFCQLAKTCPVQL,SVTCTYSPALNR,0,TP53,pancreatic adenocarcinoma,11,C0501,floor
99394,47,AKSVTCTYSPALNRMFCQLAKTCPVQL,SVTCTYSPALNR,0,TP53,pancreatic adenocarcinoma,11,C0602,scoreable
99394,104,AKSVTCTYSPALNRMFCQLAKTCPVQL,VTCTYSPALNRM,0,TP53,pancreatic adenocarcinoma,11,A0101,floor
99394,104,AKSVTCTYSPALNRMFCQLAKTCPVQL,VTCTYSPALNRM,0,TP53,pancreatic adenocarcinoma,11,A3101,floor
99394,104,AKSVTCTYSPALNRMFCQLAKTCPVQL,VTCTYSPALNRM,0,TP53,pancreatic adenocarcinoma,11,B4402,floor
99394,45,AKSVTCTYSPALNRMFCQLAKTCPVQL,VTCTYSPALNRM,0,TP53,pancreatic adenocarcinoma,11,B5701,scoreable
99394,104,AKSVTCTYSPALNRMFCQLAKTCPVQL,VTCTYSPALNRM,0,TP53,pancreatic adenocarcinoma,11,C0501,floor
99394,104,AKSVTCTYSPALNRMFCQLAKTCPVQL,VTCTYSPALNRM,0,TP53,pancreatic adenocarcinoma,11,C0602,floor
99394,104,AKSVTCTYSPALNRMFCQLAKTCPVQL,CTYSPALNRMFC,0,TP53,pancreatic adenocarcinoma,11,A0101,floor
99394,104,AKSVTCTYSPALNRMFCQLAKTCPVQL,CTYSPALNRMFC,0,TP53,pancreatic adenocarcinoma,11,A3101,floor
99394,104,AKSVTCTYSPALNRMFCQLAKTCPVQL,CTYSPALNRMFC,0,TP53,pancreatic adenocarcinoma,11,B4402,floor
99394,45,AKSVTCTYSPALNRMFCQLAKTCPVQL,CTYSPALNRMFC,0,TP53,pancreatic adenocarcinoma,11,B5701,scoreable
99394,104,AKSVTCTYSPALNRMFCQLAKTCPVQL,CTYSPALNRMFC,0,TP53,pancreatic adenocarcinoma,11,C0501,floor
99394,104,AKSVTCTYSPALNRMFCQLAKTCPVQL,CTYSPALNRMFC,0,TP53,pancreatic adenocarcinoma,11,C0602,floor
99394,104,YGPYSSQYPDDYQNYPPGVRPESICSM,YQNYPPGVR,0,PLEKHA6,pancreatic adenocarcinoma,11,A0101,floor
99394,43,YGPYSSQYPDDYQNYPPGVRPESICSM,YQNYPPGVR,0,PLEKHA6,pancreatic adenocarcinoma,11,A3101,scoreable
99394,104,YGPYSSQYPDDYQNYPPGVRPESICSM,YQNYPPGVR,0,PLEKHA6,pancreatic adenocarcinoma,11,B4402,floor
99394,104,YGPYSSQYPDDYQNYPPGVRPESICSM,YQNYPPGVR,0,PLEKHA6,pancreatic adenocarcinoma,11,B5701,floor
99394,104,YGPYSSQYPDDYQNYPPGVRPESICSM,YQNYPPGVR,0,PLEKHA6,pancreatic adenocarcinoma,11,C0501,floor
99394,47,YGPYSSQYPDDYQNYPPGVRPESICSM,YQNYPPGVR,0,PLEKHA6,pancreatic adenocarcinoma,11,C0602,scoreable
99394,42,YGPYSSQYPDDYQNYPPGVRPESICSM,SQYPDDYQNY,0,PLEKHA6,pancreatic adenocarcinoma,11,A0101,scoreable
99394,104,YGPYSSQYPDDYQNYPPGVRPESICSM,SQYPDDYQNY,0,PLEKHA6,pancreatic adenocarcinoma,11,A3101,floor
99394,44,YGPYSSQYPDDYQNYPPGVRPESICSM,SQYPDDYQNY,0,PLEKHA6,pancreatic adenocarcinoma,11,B4402,scoreable
99394,45,YGPYSSQYPDDYQNYPPGVRPESICSM,SQYPDDYQNY,0,PLEKHA6,pancreatic adenocarcinoma,11,B5701,scoreable
99394,104,YGPYSSQYPDDYQNYPPGVRPESICSM,SQYPDDYQNY,0,PLEKHA6,pancreatic adenocarcinoma,11,C0501,floor
99394,104,YGPYSSQYPDDYQNYPPGVRPESICSM,SQYPDDYQNY,0,PLEKHA6,pancreatic adenocarcinoma,11,C0602,floor
99394,104,YGPYSSQYPDDYQNYPPGVRPESICSM,DYQNYPPGVR,0,PLEKHA6,pancreatic adenocarcinoma,11,A0101,floor
99394,43,YGPYSSQYPDDYQNYPPGVRPESICSM,DYQNYPPGVR,0,PLEKHA6,pancreatic adenocarcinoma,11,A3101,scoreable
99394,104,YGPYSSQYPDDYQNYPPGVRPESICSM,DYQNYPPGVR,0,PLEKHA6,pancreatic adenocarcinoma,11,B4402,floor
99394,104,YGPYSSQYPDDYQNYPPGVRPESICSM,DYQNYPPGVR,0,PLEKHA6,pancreatic adenocarcinoma,11,B5701,floor
99394,104,YGPYSSQYPDDYQNYPPGVRPESICSM,DYQNYPPGVR,0,PLEKHA6,pancreatic adenocarcinoma,11,C0501,floor
99394,104,YGPYSSQYPDDYQNYPPGVRPESICSM,DYQNYPPGVR,0,PLEKHA6,pancreatic adenocarcinoma,11,C0602,floor
99394,42,YGPYSSQYPDDYQNYPPGVRPESICSM,SSQYPDDYQNY,0,PLEKHA6,pancreatic adenocarcinoma,11,A0101,scoreable
99394,104,YGPYSSQYPDDYQNYPPGVRPESICSM,SSQYPDDYQNY,0,PLEKHA6,pancreatic adenocarcinoma,11,A3101,floor
99394,104,YGPYSSQYPDDYQNYPPGVRPESICSM,SSQYPDDYQNY,0,PLEKHA6,pancreatic adenocarcinoma,11,B4402,floor
99394,45,YGPYSSQYPDDYQNYPPGVRPESICSM,SSQYPDDYQNY,0,PLEKHA6,pancreatic adenocarcinoma,11,B5701,scoreable
99394,104,YGPYSSQYPDDYQNYPPGVRPESICSM,SSQYPDDYQNY,0,PLEKHA6,pancreatic adenocarcinoma,11,C0501,floor
99394,104,YGPYSSQYPDDYQNYPPGVRPESICSM,SSQYPDDYQNY,0,PLEKHA6,pancreatic adenocarcinoma,11,C0602,floor
99394,42,YGPYSSQYPDDYQNYPPGVRPESICSM,YSSQYPDDYQNY,0,PLEKHA6,pancreatic adenocarcinoma,11,A0101,scoreable
99394,104,YGPYSSQYPDDYQNYPPGVRPESICSM,YSSQYPDDYQNY,0,PLEKHA6,pancreatic adenocarcinoma,11,A3101,floor
99394,104,YGPYSSQYPDDYQNYPPGVRPESICSM,YSSQYPDDYQNY,0,PLEKHA6,pancreatic adenocarcinoma,11,B4402,floor
99394,45,YGPYSSQYPDDYQNYPPGVRPESICSM,YSSQYPDDYQNY,0,PLEKHA6,pancreatic adenocarcinoma,11,B5701,scoreable
99394,104,YGPYSSQYPDDYQNYPPGVRPESICSM,YSSQYPDDYQNY,0,PLEKHA6,pancreatic adenocarcinoma,11,C0501,floor
99394,47,YGPYSSQYPDDYQNYPPGVRPESICSM,YSSQYPDDYQNY,0,PLEKHA6,pancreatic adenocarcinoma,11,C0602,scoreable
99394,104,YGPYSSQYPDDYQNYPPGVRPESICSM,YPDDYQNYPPGV,0,PLEKHA6,pancreatic adenocarcinoma,11,A0101,floor
99394,104,YGPYSSQYPDDYQNYPPGVRPESICSM,YPDDYQNYPPGV,0,PLEKHA6,pancreatic adenocarcinoma,11,A3101,floor
99394,104,YGPYSSQYPDDYQNYPPGVRPESICSM,YPDDYQNYPPGV,0,PLEKHA6,pancreatic adenocarcinoma,11,B4402,floor
99394,104,YGPYSSQYPDDYQNYPPGVRPESICSM,YPDDYQNYPPGV,0,PLEKHA6,pancreatic adenocarcinoma,11,B5701,floor
99394,46,YGPYSSQYPDDYQNYPPGVRPESICSM,YPDDYQNYPPGV,0,PLEKHA6,pancreatic adenocarcinoma,11,C0501,scoreable
99394,104,YGPYSSQYPDDYQNYPPGVRPESICSM,YPDDYQNYPPGV,0,PLEKHA6,pancreatic adenocarcinoma,11,C0602,floor
99394,42,PGNLVYRFCDVKDDTYDLLYQQCDAQP,FCDVKDDTY,0,PRSS23,pancreatic adenocarcinoma,11,A0101,scoreable
99394,104,PGNLVYRFCDVKDDTYDLLYQQCDAQP,FCDVKDDTY,0,PRSS23,pancreatic adenocarcinoma,11,A3101,floor
99394,104,PGNLVYRFCDVKDDTYDLLYQQCDAQP,FCDVKDDTY,0,PRSS23,pancreatic adenocarcinoma,11,B4402,floor
99394,104,PGNLVYRFCDVKDDTYDLLYQQCDAQP,FCDVKDDTY,0,PRSS23,pancreatic adenocarcinoma,11,B5701,floor
99394,104,PGNLVYRFCDVKDDTYDLLYQQCDAQP,FCDVKDDTY,0,PRSS23,pancreatic adenocarcinoma,11,C0501,floor
99394,104,PGNLVYRFCDVKDDTYDLLYQQCDAQP,FCDVKDDTY,0,PRSS23,pancreatic adenocarcinoma,11,C0602,floor
99394,42,PGNLVYRFCDVKDDTYDLLYQQCDAQP,KDDTYDLLY,0,PRSS23,pancreatic adenocarcinoma,11,A0101,scoreable
99394,104,PGNLVYRFCDVKDDTYDLLYQQCDAQP,KDDTYDLLY,0,PRSS23,pancreatic adenocarcinoma,11,A3101,floor
99394,44,PGNLVYRFCDVKDDTYDLLYQQCDAQP,KDDTYDLLY,0,PRSS23,pancreatic adenocarcinoma,11,B4402,scoreable
99394,45,PGNLVYRFCDVKDDTYDLLYQQCDAQP,KDDTYDLLY,0,PRSS23,pancreatic adenocarcinoma,11,B5701,scoreable
99394,104,PGNLVYRFCDVKDDTYDLLYQQCDAQP,KDDTYDLLY,0,PRSS23,pancreatic adenocarcinoma,11,C0501,floor
99394,104,PGNLVYRFCDVKDDTYDLLYQQCDAQP,KDDTYDLLY,0,PRSS23,pancreatic adenocarcinoma,11,C0602,floor
99394,42,PGNLVYRFCDVKDDTYDLLYQQCDAQP,RFCDVKDDTY,0,PRSS23,pancreatic adenocarcinoma,11,A0101,scoreable
99394,104,PGNLVYRFCDVKDDTYDLLYQQCDAQP,RFCDVKDDTY,0,PRSS23,pancreatic adenocarcinoma,11,A3101,floor
99394,104,PGNLVYRFCDVKDDTYDLLYQQCDAQP,RFCDVKDDTY,0,PRSS23,pancreatic adenocarcinoma,11,B4402,floor
99394,45,PGNLVYRFCDVKDDTYDLLYQQCDAQP,RFCDVKDDTY,0,PRSS23,pancreatic adenocarcinoma,11,B5701,scoreable
99394,104,PGNLVYRFCDVKDDTYDLLYQQCDAQP,RFCDVKDDTY,0,PRSS23,pancreatic adenocarcinoma,11,C0501,floor
99394,104,PGNLVYRFCDVKDDTYDLLYQQCDAQP,RFCDVKDDTY,0,PRSS23,pancreatic adenocarcinoma,11,C0602,floor
99394,42,PGNLVYRFCDVKDDTYDLLYQQCDAQP,VKDDTYDLLY,0,PRSS23,pancreatic adenocarcinoma,11,A0101,scoreable
99394,104,PGNLVYRFCDVKDDTYDLLYQQCDAQP,VKDDTYDLLY,0,PRSS23,pancreatic adenocarcinoma,11,A3101,floor
99394,104,PGNLVYRFCDVKDDTYDLLYQQCDAQP,VKDDTYDLLY,0,PRSS23,pancreatic adenocarcinoma,11,B4402,floor
99394,45,PGNLVYRFCDVKDDTYDLLYQQCDAQP,VKDDTYDLLY,0,PRSS23,pancreatic adenocarcinoma,11,B5701,scoreable
99394,104,PGNLVYRFCDVKDDTYDLLYQQCDAQP,VKDDTYDLLY,0,PRSS23,pancreatic adenocarcinoma,11,C0501,floor
99394,104,PGNLVYRFCDVKDDTYDLLYQQCDAQP,VKDDTYDLLY,0,PRSS23,pancreatic adenocarcinoma,11,C0602,floor
99394,104,PGNLVYRFCDVKDDTYDLLYQQCDAQP,YRFCDVKDDTY,0,PRSS23,pancreatic adenocarcinoma,11,A0101,floor
99394,104,PGNLVYRFCDVKDDTYDLLYQQCDAQP,YRFCDVKDDTY,0,PRSS23,pancreatic adenocarcinoma,11,A3101,floor
99394,104,PGNLVYRFCDVKDDTYDLLYQQCDAQP,YRFCDVKDDTY,0,PRSS23,pancreatic adenocarcinoma,11,B4402,floor
99394,104,PGNLVYRFCDVKDDTYDLLYQQCDAQP,YRFCDVKDDTY,0,PRSS23,pancreatic adenocarcinoma,11,B5701,floor
99394,104,PGNLVYRFCDVKDDTYDLLYQQCDAQP,YRFCDVKDDTY,0,PRSS23,pancreatic adenocarcinoma,11,C0501,floor
99394,47,PGNLVYRFCDVKDDTYDLLYQQCDAQP,YRFCDVKDDTY,0,PRSS23,pancreatic adenocarcinoma,11,C0602,scoreable
99394,42,PGNLVYRFCDVKDDTYDLLYQQCDAQP,DVKDDTYDLLY,0,PRSS23,pancreatic adenocarcinoma,11,A0101,scoreable
99394,104,PGNLVYRFCDVKDDTYDLLYQQCDAQP,DVKDDTYDLLY,0,PRSS23,pancreatic adenocarcinoma,11,A3101,floor
99394,104,PGNLVYRFCDVKDDTYDLLYQQCDAQP,DVKDDTYDLLY,0,PRSS23,pancreatic adenocarcinoma,11,B4402,floor
99394,45,PGNLVYRFCDVKDDTYDLLYQQCDAQP,DVKDDTYDLLY,0,PRSS23,pancreatic adenocarcinoma,11,B5701,scoreable
99394,104,PGNLVYRFCDVKDDTYDLLYQQCDAQP,DVKDDTYDLLY,0,PRSS23,pancreatic adenocarcinoma,11,C0501,floor
99394,104,PGNLVYRFCDVKDDTYDLLYQQCDAQP,DVKDDTYDLLY,0,PRSS23,pancreatic adenocarcinoma,11,C0602,floor
99394,104,PGNLVYRFCDVKDDTYDLLYQQCDAQP,RFCDVKDDTYDL,0,PRSS23,pancreatic adenocarcinoma,11,A0101,floor
99394,104,PGNLVYRFCDVKDDTYDLLYQQCDAQP,RFCDVKDDTYDL,0,PRSS23,pancreatic adenocarcinoma,11,A3101,floor
99394,104,PGNLVYRFCDVKDDTYDLLYQQCDAQP,RFCDVKDDTYDL,0,PRSS23,pancreatic adenocarcinoma,11,B4402,floor
99394,45,PGNLVYRFCDVKDDTYDLLYQQCDAQP,RFCDVKDDTYDL,0,PRSS23,pancreatic adenocarcinoma,11,B5701,scoreable
99394,104,PGNLVYRFCDVKDDTYDLLYQQCDAQP,RFCDVKDDTYDL,0,PRSS23,pancreatic adenocarcinoma,11,C0501,floor
99394,104,PGNLVYRFCDVKDDTYDLLYQQCDAQP,RFCDVKDDTYDL,0,PRSS23,pancreatic adenocarcinoma,11,C0602,floor
99394,42,PGNLVYRFCDVKDDTYDLLYQQCDAQP,CDVKDDTYDLLY,0,PRSS23,pancreatic adenocarcinoma,11,A0101,scoreable
99394,104,PGNLVYRFCDVKDDTYDLLYQQCDAQP,CDVKDDTYDLLY,0,PRSS23,pancreatic adenocarcinoma,11,A3101,floor
99394,44,PGNLVYRFCDVKDDTYDLLYQQCDAQP,CDVKDDTYDLLY,0,PRSS23,pancreatic adenocarcinoma,11,B4402,scoreable
99394,104,PGNLVYRFCDVKDDTYDLLYQQCDAQP,CDVKDDTYDLLY,0,PRSS23,pancreatic adenocarcinoma,11,B5701,floor
99394,104,PGNLVYRFCDVKDDTYDLLYQQCDAQP,CDVKDDTYDLLY,0,PRSS23,pancreatic adenocarcinoma,11,C0501,floor
99394,104,PGNLVYRFCDVKDDTYDLLYQQCDAQP,CDVKDDTYDLLY,0,PRSS23,pancreatic adenocarcinoma,11,C0602,floor
99394,42,EEEEEETANVEMSKKLCSQYGTPVFSA,ETANVEMSK,0,MAP1A,pancreatic adenocarcinoma,11,A0101,scoreable
99394,43,EEEEEETANVEMSKKLCSQYGTPVFSA,ETANVEMSK,0,MAP1A,pancreatic adenocarcinoma,11,A3101,scoreable
99394,104,EEEEEETANVEMSKKLCSQYGTPVFSA,ETANVEMSK,0,MAP1A,pancreatic adenocarcinoma,11,B4402,floor
99394,104,EEEEEETANVEMSKKLCSQYGTPVFSA,ETANVEMSK,0,MAP1A,pancreatic adenocarcinoma,11,B5701,floor
99394,104,EEEEEETANVEMSKKLCSQYGTPVFSA,ETANVEMSK,0,MAP1A,pancreatic adenocarcinoma,11,C0501,floor
99394,47,EEEEEETANVEMSKKLCSQYGTPVFSA,ETANVEMSK,0,MAP1A,pancreatic adenocarcinoma,11,C0602,scoreable
99394,104,EEEEEETANVEMSKKLCSQYGTPVFSA,TANVEMSKK,0,MAP1A,pancreatic adenocarcinoma,11,A0101,floor
99394,43,EEEEEETANVEMSKKLCSQYGTPVFSA,TANVEMSKK,0,MAP1A,pancreatic adenocarcinoma,11,A3101,scoreable
99394,104,EEEEEETANVEMSKKLCSQYGTPVFSA,TANVEMSKK,0,MAP1A,pancreatic adenocarcinoma,11,B4402,floor
99394,104,EEEEEETANVEMSKKLCSQYGTPVFSA,TANVEMSKK,0,MAP1A,pancreatic adenocarcinoma,11,B5701,floor
99394,104,EEEEEETANVEMSKKLCSQYGTPVFSA,TANVEMSKK,0,MAP1A,pancreatic adenocarcinoma,11,C0501,floor
99394,104,EEEEEETANVEMSKKLCSQYGTPVFSA,TANVEMSKK,0,MAP1A,pancreatic adenocarcinoma,11,C0602,floor
99394,42,EEEEEETANVEMSKKLCSQYGTPVFSA,MSKKLCSQY,0,MAP1A,pancreatic adenocarcinoma,11,A0101,scoreable
99394,43,EEEEEETANVEMSKKLCSQYGTPVFSA,MSKKLCSQY,0,MAP1A,pancreatic adenocarcinoma,11,A3101,scoreable
99394,104,EEEEEETANVEMSKKLCSQYGTPVFSA,MSKKLCSQY,0,MAP1A,pancreatic adenocarcinoma,11,B4402,floor
99394,45,EEEEEETANVEMSKKLCSQYGTPVFSA,MSKKLCSQY,0,MAP1A,pancreatic adenocarcinoma,11,B5701,scoreable
99394,104,EEEEEETANVEMSKKLCSQYGTPVFSA,MSKKLCSQY,0,MAP1A,pancreatic adenocarcinoma,11,C0501,floor
99394,47,EEEEEETANVEMSKKLCSQYGTPVFSA,MSKKLCSQY,0,MAP1A,pancreatic adenocarcinoma,11,C0602,scoreable
99394,104,EEEEEETANVEMSKKLCSQYGTPVFSA,EETANVEMSK,0,MAP1A,pancreatic adenocarcinoma,11,A0101,floor
99394,104,EEEEEETANVEMSKKLCSQYGTPVFSA,EETANVEMSK,0,MAP1A,pancreatic adenocarcinoma,11,A3101,floor
99394,44,EEEEEETANVEMSKKLCSQYGTPVFSA,EETANVEMSK,0,MAP1A,pancreatic adenocarcinoma,11,B4402,scoreable
99394,104,EEEEEETANVEMSKKLCSQYGTPVFSA,EETANVEMSK,0,MAP1A,pancreatic adenocarcinoma,11,B5701,floor
99394,104,EEEEEETANVEMSKKLCSQYGTPVFSA,EETANVEMSK,0,MAP1A,pancreatic adenocarcinoma,11,C0501,floor
99394,104,EEEEEETANVEMSKKLCSQYGTPVFSA,EETANVEMSK,0,MAP1A,pancreatic adenocarcinoma,11,C0602,floor
99394,104,EEEEEETANVEMSKKLCSQYGTPVFSA,ETANVEMSKK,0,MAP1A,pancreatic adenocarcinoma,11,A0101,floor
99394,43,EEEEEETANVEMSKKLCSQYGTPVFSA,ETANVEMSKK,0,MAP1A,pancreatic adenocarcinoma,11,A3101,scoreable
99394,104,EEEEEETANVEMSKKLCSQYGTPVFSA,ETANVEMSKK,0,MAP1A,pancreatic adenocarcinoma,11,B4402,floor
99394,104,EEEEEETANVEMSKKLCSQYGTPVFSA,ETANVEMSKK,0,MAP1A,pancreatic adenocarcinoma,11,B5701,floor
99394,104,EEEEEETANVEMSKKLCSQYGTPVFSA,ETANVEMSKK,0,MAP1A,pancreatic adenocarcinoma,11,C0501,floor
99394,47,EEEEEETANVEMSKKLCSQYGTPVFSA,ETANVEMSKK,0,MAP1A,pancreatic adenocarcinoma,11,C0602,scoreable
99394,42,EEEEEETANVEMSKKLCSQYGTPVFSA,EMSKKLCSQY,0,MAP1A,pancreatic adenocarcinoma,11,A0101,scoreable
99394,104,EEEEEETANVEMSKKLCSQYGTPVFSA,EMSKKLCSQY,0,MAP1A,pancreatic adenocarcinoma,11,A3101,floor
99394,104,EEEEEETANVEMSKKLCSQYGTPVFSA,EMSKKLCSQY,0,MAP1A,pancreatic adenocarcinoma,11,B4402,floor
99394,104,EEEEEETANVEMSKKLCSQYGTPVFSA,EMSKKLCSQY,0,MAP1A,pancreatic adenocarcinoma,11,B5701,floor
99394,104,EEEEEETANVEMSKKLCSQYGTPVFSA,EMSKKLCSQY,0,MAP1A,pancreatic adenocarcinoma,11,C0501,floor
99394,104,EEEEEETANVEMSKKLCSQYGTPVFSA,EMSKKLCSQY,0,MAP1A,pancreatic adenocarcinoma,11,C0602,floor
99394,42,EEEEEETANVEMSKKLCSQYGTPVFSA,VEMSKKLCSQY,0,MAP1A,pancreatic adenocarcinoma,11,A0101,scoreable
99394,104,EEEEEETANVEMSKKLCSQYGTPVFSA,VEMSKKLCSQY,0,MAP1A,pancreatic adenocarcinoma,11,A3101,floor
99394,44,EEEEEETANVEMSKKLCSQYGTPVFSA,VEMSKKLCSQY,0,MAP1A,pancreatic adenocarcinoma,11,B4402,scoreable
99394,104,EEEEEETANVEMSKKLCSQYGTPVFSA,VEMSKKLCSQY,0,MAP1A,pancreatic adenocarcinoma,11,B5701,floor
99394,104,EEEEEETANVEMSKKLCSQYGTPVFSA,VEMSKKLCSQY,0,MAP1A,pancreatic adenocarcinoma,11,C0501,floor
99394,104,EEEEEETANVEMSKKLCSQYGTPVFSA,VEMSKKLCSQY,0,MAP1A,pancreatic adenocarcinoma,11,C0602,floor
99394,104,EEEEEETANVEMSKKLCSQYGTPVFSA,EETANVEMSKKL,0,MAP1A,pancreatic adenocarcinoma,11,A0101,floor
99394,104,EEEEEETANVEMSKKLCSQYGTPVFSA,EETANVEMSKKL,0,MAP1A,pancreatic adenocarcinoma,11,A3101,floor
99394,44,EEEEEETANVEMSKKLCSQYGTPVFSA,EETANVEMSKKL,0,MAP1A,pancreatic adenocarcinoma,11,B4402,scoreable
99394,104,EEEEEETANVEMSKKLCSQYGTPVFSA,EETANVEMSKKL,0,MAP1A,pancreatic adenocarcinoma,11,B5701,floor
99394,104,EEEEEETANVEMSKKLCSQYGTPVFSA,EETANVEMSKKL,0,MAP1A,pancreatic adenocarcinoma,11,C0501,floor
99394,104,EEEEEETANVEMSKKLCSQYGTPVFSA,EETANVEMSKKL,0,MAP1A,pancreatic adenocarcinoma,11,C0602,floor
99394,42,EEEEEETANVEMSKKLCSQYGTPVFSA,NVEMSKKLCSQY,0,MAP1A,pancreatic adenocarcinoma,11,A0101,scoreable
99394,104,EEEEEETANVEMSKKLCSQYGTPVFSA,NVEMSKKLCSQY,0,MAP1A,pancreatic adenocarcinoma,11,A3101,floor
99394,104,EEEEEETANVEMSKKLCSQYGTPVFSA,NVEMSKKLCSQY,0,MAP1A,pancreatic adenocarcinoma,11,B4402,floor
99394,104,EEEEEETANVEMSKKLCSQYGTPVFSA,NVEMSKKLCSQY,0,MAP1A,pancreatic adenocarcinoma,11,B5701,floor
99394,104,EEEEEETANVEMSKKLCSQYGTPVFSA,NVEMSKKLCSQY,0,MAP1A,pancreatic adenocarcinoma,11,C0501,floor
99394,104,EEEEEETANVEMSKKLCSQYGTPVFSA,NVEMSKKLCSQY,0,MAP1A,pancreatic adenocarcinoma,11,C0602,floor
99394,104,GAAGRARCLGPSARGLRSWAIAMSHGTCARLRGAPEAVTMPA,GAAGRARCL,0,CDKN2A,pancreatic adenocarcinoma,11,A0101,floor
99394,104,GAAGRARCLGPSARGLRSWAIAMSHGTCARLRGAPEAVTMPA,GAAGRARCL,0,CDKN2A,pancreatic adenocarcinoma,11,A3101,floor
99394,104,GAAGRARCLGPSARGLRSWAIAMSHGTCARLRGAPEAVTMPA,GAAGRARCL,0,CDKN2A,pancreatic adenocarcinoma,11,B4402,floor
99394,45,GAAGRARCLGPSARGLRSWAIAMSHGTCARLRGAPEAVTMPA,GAAGRARCL,0,CDKN2A,pancreatic adenocarcinoma,11,B5701,scoreable
99394,104,GAAGRARCLGPSARGLRSWAIAMSHGTCARLRGAPEAVTMPA,GAAGRARCL,0,CDKN2A,pancreatic adenocarcinoma,11,C0501,floor
99394,104,GAAGRARCLGPSARGLRSWAIAMSHGTCARLRGAPEAVTMPA,GAAGRARCL,0,CDKN2A,pancreatic adenocarcinoma,11,C0602,floor
99394,104,GAAGRARCLGPSARGLRSWAIAMSHGTCARLRGAPEAVTMPA,RARCLGPSA,0,CDKN2A,pancreatic adenocarcinoma,11,A0101,floor
99394,104,GAAGRARCLGPSARGLRSWAIAMSHGTCARLRGAPEAVTMPA,RARCLGPSA,0,CDKN2A,pancreatic adenocarcinoma,11,A3101,floor
99394,104,GAAGRARCLGPSARGLRSWAIAMSHGTCARLRGAPEAVTMPA,RARCLGPSA,0,CDKN2A,pancreatic adenocarcinoma,11,B4402,floor
99394,104,GAAGRARCLGPSARGLRSWAIAMSHGTCARLRGAPEAVTMPA,RARCLGPSA,0,CDKN2A,pancreatic adenocarcinoma,11,B5701,floor
99394,104,GAAGRARCLGPSARGLRSWAIAMSHGTCARLRGAPEAVTMPA,RARCLGPSA,0,CDKN2A,pancreatic adenocarcinoma,11,C0501,floor
99394,47,GAAGRARCLGPSARGLRSWAIAMSHGTCARLRGAPEAVTMPA,RARCLGPSA,0,CDKN2A,pancreatic adenocarcinoma,11,C0602,scoreable
99394,104,GAAGRARCLGPSARGLRSWAIAMSHGTCARLRGAPEAVTMPA,ARCLGPSAR,0,CDKN2A,pancreatic adenocarcinoma,11,A0101,floor
99394,43,GAAGRARCLGPSARGLRSWAIAMSHGTCARLRGAPEAVTMPA,ARCLGPSAR,0,CDKN2A,pancreatic adenocarcinoma,11,A3101,scoreable
99394,104,GAAGRARCLGPSARGLRSWAIAMSHGTCARLRGAPEAVTMPA,ARCLGPSAR,0,CDKN2A,pancreatic adenocarcinoma,11,B4402,floor
99394,104,GAAGRARCLGPSARGLRSWAIAMSHGTCARLRGAPEAVTMPA,ARCLGPSAR,0,CDKN2A,pancreatic adenocarcinoma,11,B5701,floor
99394,104,GAAGRARCLGPSARGLRSWAIAMSHGTCARLRGAPEAVTMPA,ARCLGPSAR,0,CDKN2A,pancreatic adenocarcinoma,11,C0501,floor
99394,104,GAAGRARCLGPSARGLRSWAIAMSHGTCARLRGAPEAVTMPA,ARCLGPSAR,0,CDKN2A,pancreatic adenocarcinoma,11,C0602,floor
99394,104,GAAGRARCLGPSARGLRSWAIAMSHGTCARLRGAPEAVTMPA,PSARGLRSW,0,CDKN2A,pancreatic adenocarcinoma,11,A0101,floor
99394,104,GAAGRARCLGPSARGLRSWAIAMSHGTCARLRGAPEAVTMPA,PSARGLRSW,0,CDKN2A,pancreatic adenocarcinoma,11,A3101,floor
99394,104,GAAGRARCLGPSARGLRSWAIAMSHGTCARLRGAPEAVTMPA,PSARGLRSW,0,CDKN2A,pancreatic adenocarcinoma,11,B4402,floor
99394,45,GAAGRARCLGPSARGLRSWAIAMSHGTCARLRGAPEAVTMPA,PSARGLRSW,0,CDKN2A,pancreatic adenocarcinoma,11,B5701,scoreable
99394,104,GAAGRARCLGPSARGLRSWAIAMSHGTCARLRGAPEAVTMPA,PSARGLRSW,0,CDKN2A,pancreatic adenocarcinoma,11,C0501,floor
99394,104,GAAGRARCLGPSARGLRSWAIAMSHGTCARLRGAPEAVTMPA,PSARGLRSW,0,CDKN2A,pancreatic adenocarcinoma,11,C0602,floor
99394,104,GAAGRARCLGPSARGLRSWAIAMSHGTCARLRGAPEAVTMPA,GLRSWAIAM,0,CDKN2A,pancreatic adenocarcinoma,11,A0101,floor
99394,104,GAAGRARCLGPSARGLRSWAIAMSHGTCARLRGAPEAVTMPA,GLRSWAIAM,0,CDKN2A,pancreatic adenocarcinoma,11,A3101,floor
99394,104,GAAGRARCLGPSARGLRSWAIAMSHGTCARLRGAPEAVTMPA,GLRSWAIAM,0,CDKN2A,pancreatic adenocarcinoma,11,B4402,floor
99394,104,GAAGRARCLGPSARGLRSWAIAMSHGTCARLRGAPEAVTMPA,GLRSWAIAM,0,CDKN2A,pancreatic adenocarcinoma,11,B5701,floor
99394,104,GAAGRARCLGPSARGLRSWAIAMSHGTCARLRGAPEAVTMPA,GLRSWAIAM,0,CDKN2A,pancreatic adenocarcinoma,11,C0501,floor
99394,47,GAAGRARCLGPSARGLRSWAIAMSHGTCARLRGAPEAVTMPA,GLRSWAIAM,0,CDKN2A,pancreatic adenocarcinoma,11,C0602,scoreable
99394,104,GAAGRARCLGPSARGLRSWAIAMSHGTCARLRGAPEAVTMPA,RSWAIAMSH,0,CDKN2A,pancreatic adenocarcinoma,11,A0101,floor
99394,43,GAAGRARCLGPSARGLRSWAIAMSHGTCARLRGAPEAVTMPA,RSWAIAMSH,0,CDKN2A,pancreatic adenocarcinoma,11,A3101,scoreable
99394,104,GAAGRARCLGPSARGLRSWAIAMSHGTCARLRGAPEAVTMPA,RSWAIAMSH,0,CDKN2A,pancreatic adenocarcinoma,11,B4402,floor
99394,45,GAAGRARCLGPSARGLRSWAIAMSHGTCARLRGAPEAVTMPA,RSWAIAMSH,0,CDKN2A,pancreatic adenocarcinoma,11,B5701,scoreable
99394,104,GAAGRARCLGPSARGLRSWAIAMSHGTCARLRGAPEAVTMPA,RSWAIAMSH,0,CDKN2A,pancreatic adenocarcinoma,11,C0501,floor
99394,47,GAAGRARCLGPSARGLRSWAIAMSHGTCARLRGAPEAVTMPA,RSWAIAMSH,0,CDKN2A,pancreatic adenocarcinoma,11,C0602,scoreable
99394,104,GAAGRARCLGPSARGLRSWAIAMSHGTCARLRGAPEAVTMPA,IAMSHGTCA,0,CDKN2A,pancreatic adenocarcinoma,11,A0101,floor
99394,104,GAAGRARCLGPSARGLRSWAIAMSHGTCARLRGAPEAVTMPA,IAMSHGTCA,0,CDKN2A,pancreatic adenocarcinoma,11,A3101,floor
99394,104,GAAGRARCLGPSARGLRSWAIAMSHGTCARLRGAPEAVTMPA,IAMSHGTCA,0,CDKN2A,pancreatic adenocarcinoma,11,B4402,floor
99394,104,GAAGRARCLGPSARGLRSWAIAMSHGTCARLRGAPEAVTMPA,IAMSHGTCA,0,CDKN2A,pancreatic adenocarcinoma,11,B5701,floor
99394,46,GAAGRARCLGPSARGLRSWAIAMSHGTCARLRGAPEAVTMPA,IAMSHGTCA,0,CDKN2A,pancreatic adenocarcinoma,11,C0501,scoreable
99394,47,GAAGRARCLGPSARGLRSWAIAMSHGTCARLRGAPEAVTMPA,IAMSHGTCA,0,CDKN2A,pancreatic adenocarcinoma,11,C0602,scoreable
99394,104,GAAGRARCLGPSARGLRSWAIAMSHGTCARLRGAPEAVTMPA,AMSHGTCAR,0,CDKN2A,pancreatic adenocarcinoma,11,A0101,floor
99394,43,GAAGRARCLGPSARGLRSWAIAMSHGTCARLRGAPEAVTMPA,AMSHGTCAR,0,CDKN2A,pancreatic adenocarcinoma,11,A3101,scoreable
99394,104,GAAGRARCLGPSARGLRSWAIAMSHGTCARLRGAPEAVTMPA,AMSHGTCAR,0,CDKN2A,pancreatic adenocarcinoma,11,B4402,floor
99394,104,GAAGRARCLGPSARGLRSWAIAMSHGTCARLRGAPEAVTMPA,AMSHGTCAR,0,CDKN2A,pancreatic adenocarcinoma,11,B5701,floor
99394,104,GAAGRARCLGPSARGLRSWAIAMSHGTCARLRGAPEAVTMPA,AMSHGTCAR,0,CDKN2A,pancreatic adenocarcinoma,11,C0501,floor
99394,47,GAAGRARCLGPSARGLRSWAIAMSHGTCARLRGAPEAVTMPA,AMSHGTCAR,0,CDKN2A,pancreatic adenocarcinoma,11,C0602,scoreable
99394,104,GAAGRARCLGPSARGLRSWAIAMSHGTCARLRGAPEAVTMPA,MSHGTCARL,0,CDKN2A,pancreatic adenocarcinoma,11,A0101,floor
99394,104,GAAGRARCLGPSARGLRSWAIAMSHGTCARLRGAPEAVTMPA,MSHGTCARL,0,CDKN2A,pancreatic adenocarcinoma,11,A3101,floor
99394,104,GAAGRARCLGPSARGLRSWAIAMSHGTCARLRGAPEAVTMPA,MSHGTCARL,0,CDKN2A,pancreatic adenocarcinoma,11,B4402,floor
99394,45,GAAGRARCLGPSARGLRSWAIAMSHGTCARLRGAPEAVTMPA,MSHGTCARL,0,CDKN2A,pancreatic adenocarcinoma,11,B5701,scoreable
99394,46,GAAGRARCLGPSARGLRSWAIAMSHGTCARLRGAPEAVTMPA,MSHGTCARL,0,CDKN2A,pancreatic adenocarcinoma,11,C0501,scoreable
99394,47,GAAGRARCLGPSARGLRSWAIAMSHGTCARLRGAPEAVTMPA,MSHGTCARL,0,CDKN2A,pancreatic adenocarcinoma,11,C0602,scoreable
99394,104,GAAGRARCLGPSARGLRSWAIAMSHGTCARLRGAPEAVTMPA,RLRGAPEAV,0,CDKN2A,pancreatic adenocarcinoma,11,A0101,floor
99394,104,GAAGRARCLGPSARGLRSWAIAMSHGTCARLRGAPEAVTMPA,RLRGAPEAV,0,CDKN2A,pancreatic adenocarcinoma,11,A3101,floor
99394,104,GAAGRARCLGPSARGLRSWAIAMSHGTCARLRGAPEAVTMPA,RLRGAPEAV,0,CDKN2A,pancreatic adenocarcinoma,11,B4402,floor
99394,104,GAAGRARCLGPSARGLRSWAIAMSHGTCARLRGAPEAVTMPA,RLRGAPEAV,0,CDKN2A,pancreatic adenocarcinoma,11,B5701,floor
99394,46,GAAGRARCLGPSARGLRSWAIAMSHGTCARLRGAPEAVTMPA,RLRGAPEAV,0,CDKN2A,pancreatic adenocarcinoma,11,C0501,scoreable
99394,47,GAAGRARCLGPSARGLRSWAIAMSHGTCARLRGAPEAVTMPA,RLRGAPEAV,0,CDKN2A,pancreatic adenocarcinoma,11,C0602,scoreable
99394,104,GAAGRARCLGPSARGLRSWAIAMSHGTCARLRGAPEAVTMPA,RGAPEAVTM,0,CDKN2A,pancreatic adenocarcinoma,11,A0101,floor
99394,104,GAAGRARCLGPSARGLRSWAIAMSHGTCARLRGAPEAVTMPA,RGAPEAVTM,0,CDKN2A,pancreatic adenocarcinoma,11,A3101,floor
99394,104,GAAGRARCLGPSARGLRSWAIAMSHGTCARLRGAPEAVTMPA,RGAPEAVTM,0,CDKN2A,pancreatic adenocarcinoma,11,B4402,floor
99394,45,GAAGRARCLGPSARGLRSWAIAMSHGTCARLRGAPEAVTMPA,RGAPEAVTM,0,CDKN2A,pancreatic adenocarcinoma,11,B5701,scoreable
99394,104,GAAGRARCLGPSARGLRSWAIAMSHGTCARLRGAPEAVTMPA,RGAPEAVTM,0,CDKN2A,pancreatic adenocarcinoma,11,C0501,floor
99394,104,GAAGRARCLGPSARGLRSWAIAMSHGTCARLRGAPEAVTMPA,RGAPEAVTM,0,CDKN2A,pancreatic adenocarcinoma,11,C0602,floor
99394,104,GAAGRARCLGPSARGLRSWAIAMSHGTCARLRGAPEAVTMPA,RARCLGPSAR,0,CDKN2A,pancreatic adenocarcinoma,11,A0101,floor
99394,43,GAAGRARCLGPSARGLRSWAIAMSHGTCARLRGAPEAVTMPA,RARCLGPSAR,0,CDKN2A,pancreatic adenocarcinoma,11,A3101,scoreable
99394,104,GAAGRARCLGPSARGLRSWAIAMSHGTCARLRGAPEAVTMPA,RARCLGPSAR,0,CDKN2A,pancreatic adenocarcinoma,11,B4402,floor
99394,104,GAAGRARCLGPSARGLRSWAIAMSHGTCARLRGAPEAVTMPA,RARCLGPSAR,0,CDKN2A,pancreatic adenocarcinoma,11,B5701,floor
99394,104,GAAGRARCLGPSARGLRSWAIAMSHGTCARLRGAPEAVTMPA,RARCLGPSAR,0,CDKN2A,pancreatic adenocarcinoma,11,C0501,floor
99394,47,GAAGRARCLGPSARGLRSWAIAMSHGTCARLRGAPEAVTMPA,RARCLGPSAR,0,CDKN2A,pancreatic adenocarcinoma,11,C0602,scoreable
99394,104,GAAGRARCLGPSARGLRSWAIAMSHGTCARLRGAPEAVTMPA,RCLGPSARGL,0,CDKN2A,pancreatic adenocarcinoma,11,A0101,floor
99394,104,GAAGRARCLGPSARGLRSWAIAMSHGTCARLRGAPEAVTMPA,RCLGPSARGL,0,CDKN2A,pancreatic adenocarcinoma,11,A3101,floor
99394,104,GAAGRARCLGPSARGLRSWAIAMSHGTCARLRGAPEAVTMPA,RCLGPSARGL,0,CDKN2A,pancreatic adenocarcinoma,11,B4402,floor
99394,45,GAAGRARCLGPSARGLRSWAIAMSHGTCARLRGAPEAVTMPA,RCLGPSARGL,0,CDKN2A,pancreatic adenocarcinoma,11,B5701,scoreable
99394,104,GAAGRARCLGPSARGLRSWAIAMSHGTCARLRGAPEAVTMPA,RCLGPSARGL,0,CDKN2A,pancreatic adenocarcinoma,11,C0501,floor
99394,104,GAAGRARCLGPSARGLRSWAIAMSHGTCARLRGAPEAVTMPA,RCLGPSARGL,0,CDKN2A,pancreatic adenocarcinoma,11,C0602,floor
99394,104,GAAGRARCLGPSARGLRSWAIAMSHGTCARLRGAPEAVTMPA,CLGPSARGLR,0,CDKN2A,pancreatic adenocarcinoma,11,A0101,floor
99394,43,GAAGRARCLGPSARGLRSWAIAMSHGTCARLRGAPEAVTMPA,CLGPSARGLR,0,CDKN2A,pancreatic adenocarcinoma,11,A3101,scoreable
99394,104,GAAGRARCLGPSARGLRSWAIAMSHGTCARLRGAPEAVTMPA,CLGPSARGLR,0,CDKN2A,pancreatic adenocarcinoma,11,B4402,floor
99394,104,GAAGRARCLGPSARGLRSWAIAMSHGTCARLRGAPEAVTMPA,CLGPSARGLR,0,CDKN2A,pancreatic adenocarcinoma,11,B5701,floor
99394,104,GAAGRARCLGPSARGLRSWAIAMSHGTCARLRGAPEAVTMPA,CLGPSARGLR,0,CDKN2A,pancreatic adenocarcinoma,11,C0501,floor
99394,104,GAAGRARCLGPSARGLRSWAIAMSHGTCARLRGAPEAVTMPA,CLGPSARGLR,0,CDKN2A,pancreatic adenocarcinoma,11,C0602,floor
99394,104,GAAGRARCLGPSARGLRSWAIAMSHGTCARLRGAPEAVTMPA,GPSARGLRSW,0,CDKN2A,pancreatic adenocarcinoma,11,A0101,floor
99394,104,GAAGRARCLGPSARGLRSWAIAMSHGTCARLRGAPEAVTMPA,GPSARGLRSW,0,CDKN2A,pancreatic adenocarcinoma,11,A3101,floor
99394,104,GAAGRARCLGPSARGLRSWAIAMSHGTCARLRGAPEAVTMPA,GPSARGLRSW,0,CDKN2A,pancreatic adenocarcinoma,11,B4402,floor
99394,45,GAAGRARCLGPSARGLRSWAIAMSHGTCARLRGAPEAVTMPA,GPSARGLRSW,0,CDKN2A,pancreatic adenocarcinoma,11,B5701,scoreable
99394,104,GAAGRARCLGPSARGLRSWAIAMSHGTCARLRGAPEAVTMPA,GPSARGLRSW,0,CDKN2A,pancreatic adenocarcinoma,11,C0501,floor
99394,104,GAAGRARCLGPSARGLRSWAIAMSHGTCARLRGAPEAVTMPA,GPSARGLRSW,0,CDKN2A,pancreatic adenocarcinoma,11,C0602,floor
99394,104,GAAGRARCLGPSARGLRSWAIAMSHGTCARLRGAPEAVTMPA,IAMSHGTCAR,0,CDKN2A,pancreatic adenocarcinoma,11,A0101,floor
99394,43,GAAGRARCLGPSARGLRSWAIAMSHGTCARLRGAPEAVTMPA,IAMSHGTCAR,0,CDKN2A,pancreatic adenocarcinoma,11,A3101,scoreable
99394,104,GAAGRARCLGPSARGLRSWAIAMSHGTCARLRGAPEAVTMPA,IAMSHGTCAR,0,CDKN2A,pancreatic adenocarcinoma,11,B4402,floor
99394,104,GAAGRARCLGPSARGLRSWAIAMSHGTCARLRGAPEAVTMPA,IAMSHGTCAR,0,CDKN2A,pancreatic adenocarcinoma,11,B5701,floor
99394,104,GAAGRARCLGPSARGLRSWAIAMSHGTCARLRGAPEAVTMPA,IAMSHGTCAR,0,CDKN2A,pancreatic adenocarcinoma,11,C0501,floor
99394,47,GAAGRARCLGPSARGLRSWAIAMSHGTCARLRGAPEAVTMPA,IAMSHGTCAR,0,CDKN2A,pancreatic adenocarcinoma,11,C0602,scoreable
99394,104,GAAGRARCLGPSARGLRSWAIAMSHGTCARLRGAPEAVTMPA,AMSHGTCARL,0,CDKN2A,pancreatic adenocarcinoma,11,A0101,floor
99394,43,GAAGRARCLGPSARGLRSWAIAMSHGTCARLRGAPEAVTMPA,AMSHGTCARL,0,CDKN2A,pancreatic adenocarcinoma,11,A3101,scoreable
99394,104,GAAGRARCLGPSARGLRSWAIAMSHGTCARLRGAPEAVTMPA,AMSHGTCARL,0,CDKN2A,pancreatic adenocarcinoma,11,B4402,floor
99394,104,GAAGRARCLGPSARGLRSWAIAMSHGTCARLRGAPEAVTMPA,AMSHGTCARL,0,CDKN2A,pancreatic adenocarcinoma,11,B5701,floor
99394,46,GAAGRARCLGPSARGLRSWAIAMSHGTCARLRGAPEAVTMPA,AMSHGTCARL,0,CDKN2A,pancreatic adenocarcinoma,11,C0501,scoreable
99394,47,GAAGRARCLGPSARGLRSWAIAMSHGTCARLRGAPEAVTMPA,AMSHGTCARL,0,CDKN2A,pancreatic adenocarcinoma,11,C0602,scoreable
99394,104,GAAGRARCLGPSARGLRSWAIAMSHGTCARLRGAPEAVTMPA,MSHGTCARLR,0,CDKN2A,pancreatic adenocarcinoma,11,A0101,floor
99394,43,GAAGRARCLGPSARGLRSWAIAMSHGTCARLRGAPEAVTMPA,MSHGTCARLR,0,CDKN2A,pancreatic adenocarcinoma,11,A3101,scoreable
99394,104,GAAGRARCLGPSARGLRSWAIAMSHGTCARLRGAPEAVTMPA,MSHGTCARLR,0,CDKN2A,pancreatic adenocarcinoma,11,B4402,floor
99394,104,GAAGRARCLGPSARGLRSWAIAMSHGTCARLRGAPEAVTMPA,MSHGTCARLR,0,CDKN2A,pancreatic adenocarcinoma,11,B5701,floor
99394,104,GAAGRARCLGPSARGLRSWAIAMSHGTCARLRGAPEAVTMPA,MSHGTCARLR,0,CDKN2A,pancreatic adenocarcinoma,11,C0501,floor
99394,104,GAAGRARCLGPSARGLRSWAIAMSHGTCARLRGAPEAVTMPA,MSHGTCARLR,0,CDKN2A,pancreatic adenocarcinoma,11,C0602,floor
99394,104,GAAGRARCLGPSARGLRSWAIAMSHGTCARLRGAPEAVTMPA,GAPEAVTMPA,0,CDKN2A,pancreatic adenocarcinoma,11,A0101,floor
99394,104,GAAGRARCLGPSARGLRSWAIAMSHGTCARLRGAPEAVTMPA,GAPEAVTMPA,0,CDKN2A,pancreatic adenocarcinoma,11,A3101,floor
99394,104,GAAGRARCLGPSARGLRSWAIAMSHGTCARLRGAPEAVTMPA,GAPEAVTMPA,0,CDKN2A,pancreatic adenocarcinoma,11,B4402,floor
99394,104,GAAGRARCLGPSARGLRSWAIAMSHGTCARLRGAPEAVTMPA,GAPEAVTMPA,0,CDKN2A,pancreatic adenocarcinoma,11,B5701,floor
99394,46,GAAGRARCLGPSARGLRSWAIAMSHGTCARLRGAPEAVTMPA,GAPEAVTMPA,0,CDKN2A,pancreatic adenocarcinoma,11,C0501,scoreable
99394,104,GAAGRARCLGPSARGLRSWAIAMSHGTCARLRGAPEAVTMPA,GAPEAVTMPA,0,CDKN2A,pancreatic adenocarcinoma,11,C0602,floor
99394,104,GAAGRARCLGPSARGLRSWAIAMSHGTCARLRGAPEAVTMPA,RCLGPSARGLR,0,CDKN2A,pancreatic adenocarcinoma,11,A0101,floor
99394,43,GAAGRARCLGPSARGLRSWAIAMSHGTCARLRGAPEAVTMPA,RCLGPSARGLR,0,CDKN2A,pancreatic adenocarcinoma,11,A3101,scoreable
99394,104,GAAGRARCLGPSARGLRSWAIAMSHGTCARLRGAPEAVTMPA,RCLGPSARGLR,0,CDKN2A,pancreatic adenocarcinoma,11,B4402,floor
99394,104,GAAGRARCLGPSARGLRSWAIAMSHGTCARLRGAPEAVTMPA,RCLGPSARGLR,0,CDKN2A,pancreatic adenocarcinoma,11,B5701,floor
99394,104,GAAGRARCLGPSARGLRSWAIAMSHGTCARLRGAPEAVTMPA,RCLGPSARGLR,0,CDKN2A,pancreatic adenocarcinoma,11,C0501,floor
99394,104,GAAGRARCLGPSARGLRSWAIAMSHGTCARLRGAPEAVTMPA,RCLGPSARGLR,0,CDKN2A,pancreatic adenocarcinoma,11,C0602,floor
99394,104,GAAGRARCLGPSARGLRSWAIAMSHGTCARLRGAPEAVTMPA,LGPSARGLRSW,0,CDKN2A,pancreatic adenocarcinoma,11,A0101,floor
99394,104,GAAGRARCLGPSARGLRSWAIAMSHGTCARLRGAPEAVTMPA,LGPSARGLRSW,0,CDKN2A,pancreatic adenocarcinoma,11,A3101,floor
99394,104,GAAGRARCLGPSARGLRSWAIAMSHGTCARLRGAPEAVTMPA,LGPSARGLRSW,0,CDKN2A,pancreatic adenocarcinoma,11,B4402,floor
99394,45,GAAGRARCLGPSARGLRSWAIAMSHGTCARLRGAPEAVTMPA,LGPSARGLRSW,0,CDKN2A,pancreatic adenocarcinoma,11,B5701,scoreable
99394,104,GAAGRARCLGPSARGLRSWAIAMSHGTCARLRGAPEAVTMPA,LGPSARGLRSW,0,CDKN2A,pancreatic adenocarcinoma,11,C0501,floor
99394,104,GAAGRARCLGPSARGLRSWAIAMSHGTCARLRGAPEAVTMPA,LGPSARGLRSW,0,CDKN2A,pancreatic adenocarcinoma,11,C0602,floor
99394,104,GAAGRARCLGPSARGLRSWAIAMSHGTCARLRGAPEAVTMPA,AIAMSHGTCAR,0,CDKN2A,pancreatic adenocarcinoma,11,A0101,floor
99394,43,GAAGRARCLGPSARGLRSWAIAMSHGTCARLRGAPEAVTMPA,AIAMSHGTCAR,0,CDKN2A,pancreatic adenocarcinoma,11,A3101,scoreable
99394,104,GAAGRARCLGPSARGLRSWAIAMSHGTCARLRGAPEAVTMPA,AIAMSHGTCAR,0,CDKN2A,pancreatic adenocarcinoma,11,B4402,floor
99394,104,GAAGRARCLGPSARGLRSWAIAMSHGTCARLRGAPEAVTMPA,AIAMSHGTCAR,0,CDKN2A,pancreatic adenocarcinoma,11,B5701,floor
99394,104,GAAGRARCLGPSARGLRSWAIAMSHGTCARLRGAPEAVTMPA,AIAMSHGTCAR,0,CDKN2A,pancreatic adenocarcinoma,11,C0501,floor
99394,47,GAAGRARCLGPSARGLRSWAIAMSHGTCARLRGAPEAVTMPA,AIAMSHGTCAR,0,CDKN2A,pancreatic adenocarcinoma,11,C0602,scoreable
99394,104,GAAGRARCLGPSARGLRSWAIAMSHGTCARLRGAPEAVTMPA,IAMSHGTCARL,0,CDKN2A,pancreatic adenocarcinoma,11,A0101,floor
99394,104,GAAGRARCLGPSARGLRSWAIAMSHGTCARLRGAPEAVTMPA,IAMSHGTCARL,0,CDKN2A,pancreatic adenocarcinoma,11,A3101,floor
99394,104,GAAGRARCLGPSARGLRSWAIAMSHGTCARLRGAPEAVTMPA,IAMSHGTCARL,0,CDKN2A,pancreatic adenocarcinoma,11,B4402,floor
99394,45,GAAGRARCLGPSARGLRSWAIAMSHGTCARLRGAPEAVTMPA,IAMSHGTCARL,0,CDKN2A,pancreatic adenocarcinoma,11,B5701,scoreable
99394,46,GAAGRARCLGPSARGLRSWAIAMSHGTCARLRGAPEAVTMPA,IAMSHGTCARL,0,CDKN2A,pancreatic adenocarcinoma,11,C0501,scoreable
99394,47,GAAGRARCLGPSARGLRSWAIAMSHGTCARLRGAPEAVTMPA,IAMSHGTCARL,0,CDKN2A,pancreatic adenocarcinoma,11,C0602,scoreable
99394,104,GAAGRARCLGPSARGLRSWAIAMSHGTCARLRGAPEAVTMPA,AMSHGTCARLR,0,CDKN2A,pancreatic adenocarcinoma,11,A0101,floor
99394,43,GAAGRARCLGPSARGLRSWAIAMSHGTCARLRGAPEAVTMPA,AMSHGTCARLR,0,CDKN2A,pancreatic adenocarcinoma,11,A3101,scoreable
99394,104,GAAGRARCLGPSARGLRSWAIAMSHGTCARLRGAPEAVTMPA,AMSHGTCARLR,0,CDKN2A,pancreatic adenocarcinoma,11,B4402,floor
99394,104,GAAGRARCLGPSARGLRSWAIAMSHGTCARLRGAPEAVTMPA,AMSHGTCARLR,0,CDKN2A,pancreatic adenocarcinoma,11,B5701,floor
99394,104,GAAGRARCLGPSARGLRSWAIAMSHGTCARLRGAPEAVTMPA,AMSHGTCARLR,0,CDKN2A,pancreatic adenocarcinoma,11,C0501,floor
99394,104,GAAGRARCLGPSARGLRSWAIAMSHGTCARLRGAPEAVTMPA,AMSHGTCARLR,0,CDKN2A,pancreatic adenocarcinoma,11,C0602,floor
99394,104,GAAGRARCLGPSARGLRSWAIAMSHGTCARLRGAPEAVTMPA,RLRGAPEAVTM,0,CDKN2A,pancreatic adenocarcinoma,11,A0101,floor
99394,104,GAAGRARCLGPSARGLRSWAIAMSHGTCARLRGAPEAVTMPA,RLRGAPEAVTM,0,CDKN2A,pancreatic adenocarcinoma,11,A3101,floor
99394,104,GAAGRARCLGPSARGLRSWAIAMSHGTCARLRGAPEAVTMPA,RLRGAPEAVTM,0,CDKN2A,pancreatic adenocarcinoma,11,B4402,floor
99394,45,GAAGRARCLGPSARGLRSWAIAMSHGTCARLRGAPEAVTMPA,RLRGAPEAVTM,0,CDKN2A,pancreatic adenocarcinoma,11,B5701,scoreable
99394,46,GAAGRARCLGPSARGLRSWAIAMSHGTCARLRGAPEAVTMPA,RLRGAPEAVTM,0,CDKN2A,pancreatic adenocarcinoma,11,C0501,scoreable
99394,47,GAAGRARCLGPSARGLRSWAIAMSHGTCARLRGAPEAVTMPA,RLRGAPEAVTM,0,CDKN2A,pancreatic adenocarcinoma,11,C0602,scoreable
99394,104,GAAGRARCLGPSARGLRSWAIAMSHGTCARLRGAPEAVTMPA,ARCLGPSARGLR,0,CDKN2A,pancreatic adenocarcinoma,11,A0101,floor
99394,43,GAAGRARCLGPSARGLRSWAIAMSHGTCARLRGAPEAVTMPA,ARCLGPSARGLR,0,CDKN2A,pancreatic adenocarcinoma,11,A3101,scoreable
99394,104,GAAGRARCLGPSARGLRSWAIAMSHGTCARLRGAPEAVTMPA,ARCLGPSARGLR,0,CDKN2A,pancreatic adenocarcinoma,11,B4402,floor
99394,104,GAAGRARCLGPSARGLRSWAIAMSHGTCARLRGAPEAVTMPA,ARCLGPSARGLR,0,CDKN2A,pancreatic adenocarcinoma,11,B5701,floor
99394,104,GAAGRARCLGPSARGLRSWAIAMSHGTCARLRGAPEAVTMPA,ARCLGPSARGLR,0,CDKN2A,pancreatic adenocarcinoma,11,C0501,floor
99394,104,GAAGRARCLGPSARGLRSWAIAMSHGTCARLRGAPEAVTMPA,ARCLGPSARGLR,0,CDKN2A,pancreatic adenocarcinoma,11,C0602,floor
99394,104,GAAGRARCLGPSARGLRSWAIAMSHGTCARLRGAPEAVTMPA,CLGPSARGLRSW,0,CDKN2A,pancreatic adenocarcinoma,11,A0101,floor
99394,104,GAAGRARCLGPSARGLRSWAIAMSHGTCARLRGAPEAVTMPA,CLGPSARGLRSW,0,CDKN2A,pancreatic adenocarcinoma,11,A3101,floor
99394,104,GAAGRARCLGPSARGLRSWAIAMSHGTCARLRGAPEAVTMPA,CLGPSARGLRSW,0,CDKN2A,pancreatic adenocarcinoma,11,B4402,floor
99394,45,GAAGRARCLGPSARGLRSWAIAMSHGTCARLRGAPEAVTMPA,CLGPSARGLRSW,0,CDKN2A,pancreatic adenocarcinoma,11,B5701,scoreable
99394,104,GAAGRARCLGPSARGLRSWAIAMSHGTCARLRGAPEAVTMPA,CLGPSARGLRSW,0,CDKN2A,pancreatic adenocarcinoma,11,C0501,floor
99394,104,GAAGRARCLGPSARGLRSWAIAMSHGTCARLRGAPEAVTMPA,CLGPSARGLRSW,0,CDKN2A,pancreatic adenocarcinoma,11,C0602,floor
99394,104,GAAGRARCLGPSARGLRSWAIAMSHGTCARLRGAPEAVTMPA,WAIAMSHGTCAR,0,CDKN2A,pancreatic adenocarcinoma,11,A0101,floor
99394,43,GAAGRARCLGPSARGLRSWAIAMSHGTCARLRGAPEAVTMPA,WAIAMSHGTCAR,0,CDKN2A,pancreatic adenocarcinoma,11,A3101,scoreable
99394,104,GAAGRARCLGPSARGLRSWAIAMSHGTCARLRGAPEAVTMPA,WAIAMSHGTCAR,0,CDKN2A,pancreatic adenocarcinoma,11,B4402,floor
99394,104,GAAGRARCLGPSARGLRSWAIAMSHGTCARLRGAPEAVTMPA,WAIAMSHGTCAR,0,CDKN2A,pancreatic adenocarcinoma,11,B5701,floor
99394,104,GAAGRARCLGPSARGLRSWAIAMSHGTCARLRGAPEAVTMPA,WAIAMSHGTCAR,0,CDKN2A,pancreatic adenocarcinoma,11,C0501,floor
99394,47,GAAGRARCLGPSARGLRSWAIAMSHGTCARLRGAPEAVTMPA,WAIAMSHGTCAR,0,CDKN2A,pancreatic adenocarcinoma,11,C0602,scoreable
99394,104,GAAGRARCLGPSARGLRSWAIAMSHGTCARLRGAPEAVTMPA,IAMSHGTCARLR,0,CDKN2A,pancreatic adenocarcinoma,11,A0101,floor
99394,43,GAAGRARCLGPSARGLRSWAIAMSHGTCARLRGAPEAVTMPA,IAMSHGTCARLR,0,CDKN2A,pancreatic adenocarcinoma,11,A3101,scoreable
99394,104,GAAGRARCLGPSARGLRSWAIAMSHGTCARLRGAPEAVTMPA,IAMSHGTCARLR,0,CDKN2A,pancreatic adenocarcinoma,11,B4402,floor
99394,104,GAAGRARCLGPSARGLRSWAIAMSHGTCARLRGAPEAVTMPA,IAMSHGTCARLR,0,CDKN2A,pancreatic adenocarcinoma,11,B5701,floor
99394,104,GAAGRARCLGPSARGLRSWAIAMSHGTCARLRGAPEAVTMPA,IAMSHGTCARLR,0,CDKN2A,pancreatic adenocarcinoma,11,C0501,floor
99394,47,GAAGRARCLGPSARGLRSWAIAMSHGTCARLRGAPEAVTMPA,IAMSHGTCARLR,0,CDKN2A,pancreatic adenocarcinoma,11,C0602,scoreable
99394,104,DPAKDRELWVREHKTATSALWTWRSRWACAASGGPAGEGGWA,AKDRELWVR,0,GAS7,pancreatic adenocarcinoma,11,A0101,floor
99394,43,DPAKDRELWVREHKTATSALWTWRSRWACAASGGPAGEGGWA,AKDRELWVR,0,GAS7,pancreatic adenocarcinoma,11,A3101,scoreable
99394,104,DPAKDRELWVREHKTATSALWTWRSRWACAASGGPAGEGGWA,AKDRELWVR,0,GAS7,pancreatic adenocarcinoma,11,B4402,floor
99394,104,DPAKDRELWVREHKTATSALWTWRSRWACAASGGPAGEGGWA,AKDRELWVR,0,GAS7,pancreatic adenocarcinoma,11,B5701,floor
99394,104,DPAKDRELWVREHKTATSALWTWRSRWACAASGGPAGEGGWA,AKDRELWVR,0,GAS7,pancreatic adenocarcinoma,11,C0501,floor
99394,104,DPAKDRELWVREHKTATSALWTWRSRWACAASGGPAGEGGWA,AKDRELWVR,0,GAS7,pancreatic adenocarcinoma,11,C0602,floor
99394,104,DPAKDRELWVREHKTATSALWTWRSRWACAASGGPAGEGGWA,RELWVREHK,0,GAS7,pancreatic adenocarcinoma,11,A0101,floor
99394,43,DPAKDRELWVREHKTATSALWTWRSRWACAASGGPAGEGGWA,RELWVREHK,0,GAS7,pancreatic adenocarcinoma,11,A3101,scoreable
99394,44,DPAKDRELWVREHKTATSALWTWRSRWACAASGGPAGEGGWA,RELWVREHK,0,GAS7,pancreatic adenocarcinoma,11,B4402,scoreable
99394,104,DPAKDRELWVREHKTATSALWTWRSRWACAASGGPAGEGGWA,RELWVREHK,0,GAS7,pancreatic adenocarcinoma,11,B5701,floor
99394,104,DPAKDRELWVREHKTATSALWTWRSRWACAASGGPAGEGGWA,RELWVREHK,0,GAS7,pancreatic adenocarcinoma,11,C0501,floor
99394,104,DPAKDRELWVREHKTATSALWTWRSRWACAASGGPAGEGGWA,RELWVREHK,0,GAS7,pancreatic adenocarcinoma,11,C0602,floor
99394,104,DPAKDRELWVREHKTATSALWTWRSRWACAASGGPAGEGGWA,REHKTATSA,0,GAS7,pancreatic adenocarcinoma,11,A0101,floor
99394,104,DPAKDRELWVREHKTATSALWTWRSRWACAASGGPAGEGGWA,REHKTATSA,0,GAS7,pancreatic adenocarcinoma,11,A3101,floor
99394,44,DPAKDRELWVREHKTATSALWTWRSRWACAASGGPAGEGGWA,REHKTATSA,0,GAS7,pancreatic adenocarcinoma,11,B4402,scoreable
99394,104,DPAKDRELWVREHKTATSALWTWRSRWACAASGGPAGEGGWA,REHKTATSA,0,GAS7,pancreatic adenocarcinoma,11,B5701,floor
99394,104,DPAKDRELWVREHKTATSALWTWRSRWACAASGGPAGEGGWA,REHKTATSA,0,GAS7,pancreatic adenocarcinoma,11,C0501,floor
99394,104,DPAKDRELWVREHKTATSALWTWRSRWACAASGGPAGEGGWA,REHKTATSA,0,GAS7,pancreatic adenocarcinoma,11,C0602,floor
99394,104,DPAKDRELWVREHKTATSALWTWRSRWACAASGGPAGEGGWA,HKTATSALW,0,GAS7,pancreatic adenocarcinoma,11,A0101,floor
99394,104,DPAKDRELWVREHKTATSALWTWRSRWACAASGGPAGEGGWA,HKTATSALW,0,GAS7,pancreatic adenocarcinoma,11,A3101,floor
99394,44,DPAKDRELWVREHKTATSALWTWRSRWACAASGGPAGEGGWA,HKTATSALW,0,GAS7,pancreatic adenocarcinoma,11,B4402,scoreable
99394,45,DPAKDRELWVREHKTATSALWTWRSRWACAASGGPAGEGGWA,HKTATSALW,0,GAS7,pancreatic adenocarcinoma,11,B5701,scoreable
99394,104,DPAKDRELWVREHKTATSALWTWRSRWACAASGGPAGEGGWA,HKTATSALW,0,GAS7,pancreatic adenocarcinoma,11,C0501,floor
99394,104,DPAKDRELWVREHKTATSALWTWRSRWACAASGGPAGEGGWA,HKTATSALW,0,GAS7,pancreatic adenocarcinoma,11,C0602,floor
99394,104,DPAKDRELWVREHKTATSALWTWRSRWACAASGGPAGEGGWA,KTATSALWT,0,GAS7,pancreatic adenocarcinoma,11,A0101,floor
99394,104,DPAKDRELWVREHKTATSALWTWRSRWACAASGGPAGEGGWA,KTATSALWT,0,GAS7,pancreatic adenocarcinoma,11,A3101,floor
99394,104,DPAKDRELWVREHKTATSALWTWRSRWACAASGGPAGEGGWA,KTATSALWT,0,GAS7,pancreatic adenocarcinoma,11,B4402,floor
99394,45,DPAKDRELWVREHKTATSALWTWRSRWACAASGGPAGEGGWA,KTATSALWT,0,GAS7,pancreatic adenocarcinoma,11,B5701,scoreable
99394,104,DPAKDRELWVREHKTATSALWTWRSRWACAASGGPAGEGGWA,KTATSALWT,0,GAS7,pancreatic adenocarcinoma,11,C0501,floor
99394,104,DPAKDRELWVREHKTATSALWTWRSRWACAASGGPAGEGGWA,KTATSALWT,0,GAS7,pancreatic adenocarcinoma,11,C0602,floor
99394,104,DPAKDRELWVREHKTATSALWTWRSRWACAASGGPAGEGGWA,TATSALWTW,0,GAS7,pancreatic adenocarcinoma,11,A0101,floor
99394,104,DPAKDRELWVREHKTATSALWTWRSRWACAASGGPAGEGGWA,TATSALWTW,0,GAS7,pancreatic adenocarcinoma,11,A3101,floor
99394,44,DPAKDRELWVREHKTATSALWTWRSRWACAASGGPAGEGGWA,TATSALWTW,0,GAS7,pancreatic adenocarcinoma,11,B4402,scoreable
99394,45,DPAKDRELWVREHKTATSALWTWRSRWACAASGGPAGEGGWA,TATSALWTW,0,GAS7,pancreatic adenocarcinoma,11,B5701,scoreable
99394,104,DPAKDRELWVREHKTATSALWTWRSRWACAASGGPAGEGGWA,TATSALWTW,0,GAS7,pancreatic adenocarcinoma,11,C0501,floor
99394,104,DPAKDRELWVREHKTATSALWTWRSRWACAASGGPAGEGGWA,TATSALWTW,0,GAS7,pancreatic adenocarcinoma,11,C0602,floor
99394,104,DPAKDRELWVREHKTATSALWTWRSRWACAASGGPAGEGGWA,ATSALWTWR,0,GAS7,pancreatic adenocarcinoma,11,A0101,floor
99394,43,DPAKDRELWVREHKTATSALWTWRSRWACAASGGPAGEGGWA,ATSALWTWR,0,GAS7,pancreatic adenocarcinoma,11,A3101,scoreable
99394,104,DPAKDRELWVREHKTATSALWTWRSRWACAASGGPAGEGGWA,ATSALWTWR,0,GAS7,pancreatic adenocarcinoma,11,B4402,floor
99394,104,DPAKDRELWVREHKTATSALWTWRSRWACAASGGPAGEGGWA,ATSALWTWR,0,GAS7,pancreatic adenocarcinoma,11,B5701,floor
99394,104,DPAKDRELWVREHKTATSALWTWRSRWACAASGGPAGEGGWA,ATSALWTWR,0,GAS7,pancreatic adenocarcinoma,11,C0501,floor
99394,47,DPAKDRELWVREHKTATSALWTWRSRWACAASGGPAGEGGWA,ATSALWTWR,0,GAS7,pancreatic adenocarcinoma,11,C0602,scoreable
99394,104,DPAKDRELWVREHKTATSALWTWRSRWACAASGGPAGEGGWA,SALWTWRSR,0,GAS7,pancreatic adenocarcinoma,11,A0101,floor
99394,43,DPAKDRELWVREHKTATSALWTWRSRWACAASGGPAGEGGWA,SALWTWRSR,0,GAS7,pancreatic adenocarcinoma,11,A3101,scoreable
99394,104,DPAKDRELWVREHKTATSALWTWRSRWACAASGGPAGEGGWA,SALWTWRSR,0,GAS7,pancreatic adenocarcinoma,11,B4402,floor
99394,104,DPAKDRELWVREHKTATSALWTWRSRWACAASGGPAGEGGWA,SALWTWRSR,0,GAS7,pancreatic adenocarcinoma,11,B5701,floor
99394,104,DPAKDRELWVREHKTATSALWTWRSRWACAASGGPAGEGGWA,SALWTWRSR,0,GAS7,pancreatic adenocarcinoma,11,C0501,floor
99394,47,DPAKDRELWVREHKTATSALWTWRSRWACAASGGPAGEGGWA,SALWTWRSR,0,GAS7,pancreatic adenocarcinoma,11,C0602,scoreable
99394,104,DPAKDRELWVREHKTATSALWTWRSRWACAASGGPAGEGGWA,ALWTWRSRW,0,GAS7,pancreatic adenocarcinoma,11,A0101,floor
99394,104,DPAKDRELWVREHKTATSALWTWRSRWACAASGGPAGEGGWA,ALWTWRSRW,0,GAS7,pancreatic adenocarcinoma,11,A3101,floor
99394,104,DPAKDRELWVREHKTATSALWTWRSRWACAASGGPAGEGGWA,ALWTWRSRW,0,GAS7,pancreatic adenocarcinoma,11,B4402,floor
99394,45,DPAKDRELWVREHKTATSALWTWRSRWACAASGGPAGEGGWA,ALWTWRSRW,0,GAS7,pancreatic adenocarcinoma,11,B5701,scoreable
99394,104,DPAKDRELWVREHKTATSALWTWRSRWACAASGGPAGEGGWA,ALWTWRSRW,0,GAS7,pancreatic adenocarcinoma,11,C0501,floor
99394,104,DPAKDRELWVREHKTATSALWTWRSRWACAASGGPAGEGGWA,ALWTWRSRW,0,GAS7,pancreatic adenocarcinoma,11,C0602,floor
99394,104,DPAKDRELWVREHKTATSALWTWRSRWACAASGGPAGEGGWA,PAKDRELWVR,0,GAS7,pancreatic adenocarcinoma,11,A0101,floor
99394,43,DPAKDRELWVREHKTATSALWTWRSRWACAASGGPAGEGGWA,PAKDRELWVR,0,GAS7,pancreatic adenocarcinoma,11,A3101,scoreable
99394,104,DPAKDRELWVREHKTATSALWTWRSRWACAASGGPAGEGGWA,PAKDRELWVR,0,GAS7,pancreatic adenocarcinoma,11,B4402,floor
99394,104,DPAKDRELWVREHKTATSALWTWRSRWACAASGGPAGEGGWA,PAKDRELWVR,0,GAS7,pancreatic adenocarcinoma,11,B5701,floor
99394,104,DPAKDRELWVREHKTATSALWTWRSRWACAASGGPAGEGGWA,PAKDRELWVR,0,GAS7,pancreatic adenocarcinoma,11,C0501,floor
99394,104,DPAKDRELWVREHKTATSALWTWRSRWACAASGGPAGEGGWA,PAKDRELWVR,0,GAS7,pancreatic adenocarcinoma,11,C0602,floor
99394,104,DPAKDRELWVREHKTATSALWTWRSRWACAASGGPAGEGGWA,RELWVREHKT,0,GAS7,pancreatic adenocarcinoma,11,A0101,floor
99394,104,DPAKDRELWVREHKTATSALWTWRSRWACAASGGPAGEGGWA,RELWVREHKT,0,GAS7,pancreatic adenocarcinoma,11,A3101,floor
99394,44,DPAKDRELWVREHKTATSALWTWRSRWACAASGGPAGEGGWA,RELWVREHKT,0,GAS7,pancreatic adenocarcinoma,11,B4402,scoreable
99394,104,DPAKDRELWVREHKTATSALWTWRSRWACAASGGPAGEGGWA,RELWVREHKT,0,GAS7,pancreatic adenocarcinoma,11,B5701,floor
99394,104,DPAKDRELWVREHKTATSALWTWRSRWACAASGGPAGEGGWA,RELWVREHKT,0,GAS7,pancreatic adenocarcinoma,11,C0501,floor
99394,104,DPAKDRELWVREHKTATSALWTWRSRWACAASGGPAGEGGWA,RELWVREHKT,0,GAS7,pancreatic adenocarcinoma,11,C0602,floor
99394,104,DPAKDRELWVREHKTATSALWTWRSRWACAASGGPAGEGGWA,REHKTATSAL,0,GAS7,pancreatic adenocarcinoma,11,A0101,floor
99394,104,DPAKDRELWVREHKTATSALWTWRSRWACAASGGPAGEGGWA,REHKTATSAL,0,GAS7,pancreatic adenocarcinoma,11,A3101,floor
99394,44,DPAKDRELWVREHKTATSALWTWRSRWACAASGGPAGEGGWA,REHKTATSAL,0,GAS7,pancreatic adenocarcinoma,11,B4402,scoreable
99394,104,DPAKDRELWVREHKTATSALWTWRSRWACAASGGPAGEGGWA,REHKTATSAL,0,GAS7,pancreatic adenocarcinoma,11,B5701,floor
99394,104,DPAKDRELWVREHKTATSALWTWRSRWACAASGGPAGEGGWA,REHKTATSAL,0,GAS7,pancreatic adenocarcinoma,11,C0501,floor
99394,104,DPAKDRELWVREHKTATSALWTWRSRWACAASGGPAGEGGWA,REHKTATSAL,0,GAS7,pancreatic adenocarcinoma,11,C0602,floor
99394,104,DPAKDRELWVREHKTATSALWTWRSRWACAASGGPAGEGGWA,EHKTATSALW,0,GAS7,pancreatic adenocarcinoma,11,A0101,floor
99394,104,DPAKDRELWVREHKTATSALWTWRSRWACAASGGPAGEGGWA,EHKTATSALW,0,GAS7,pancreatic adenocarcinoma,11,A3101,floor
99394,44,DPAKDRELWVREHKTATSALWTWRSRWACAASGGPAGEGGWA,EHKTATSALW,0,GAS7,pancreatic adenocarcinoma,11,B4402,scoreable
99394,45,DPAKDRELWVREHKTATSALWTWRSRWACAASGGPAGEGGWA,EHKTATSALW,0,GAS7,pancreatic adenocarcinoma,11,B5701,scoreable
99394,104,DPAKDRELWVREHKTATSALWTWRSRWACAASGGPAGEGGWA,EHKTATSALW,0,GAS7,pancreatic adenocarcinoma,11,C0501,floor
99394,104,DPAKDRELWVREHKTATSALWTWRSRWACAASGGPAGEGGWA,EHKTATSALW,0,GAS7,pancreatic adenocarcinoma,11,C0602,floor
99394,42,DPAKDRELWVREHKTATSALWTWRSRWACAASGGPAGEGGWA,KTATSALWTW,0,GAS7,pancreatic adenocarcinoma,11,A0101,scoreable
99394,104,DPAKDRELWVREHKTATSALWTWRSRWACAASGGPAGEGGWA,KTATSALWTW,0,GAS7,pancreatic adenocarcinoma,11,A3101,floor
99394,44,DPAKDRELWVREHKTATSALWTWRSRWACAASGGPAGEGGWA,KTATSALWTW,0,GAS7,pancreatic adenocarcinoma,11,B4402,scoreable
99394,45,DPAKDRELWVREHKTATSALWTWRSRWACAASGGPAGEGGWA,KTATSALWTW,0,GAS7,pancreatic adenocarcinoma,11,B5701,scoreable
99394,104,DPAKDRELWVREHKTATSALWTWRSRWACAASGGPAGEGGWA,KTATSALWTW,0,GAS7,pancreatic adenocarcinoma,11,C0501,floor
99394,104,DPAKDRELWVREHKTATSALWTWRSRWACAASGGPAGEGGWA,KTATSALWTW,0,GAS7,pancreatic adenocarcinoma,11,C0602,floor
99394,104,DPAKDRELWVREHKTATSALWTWRSRWACAASGGPAGEGGWA,TATSALWTWR,0,GAS7,pancreatic adenocarcinoma,11,A0101,floor
99394,43,DPAKDRELWVREHKTATSALWTWRSRWACAASGGPAGEGGWA,TATSALWTWR,0,GAS7,pancreatic adenocarcinoma,11,A3101,scoreable
99394,104,DPAKDRELWVREHKTATSALWTWRSRWACAASGGPAGEGGWA,TATSALWTWR,0,GAS7,pancreatic adenocarcinoma,11,B4402,floor
99394,104,DPAKDRELWVREHKTATSALWTWRSRWACAASGGPAGEGGWA,TATSALWTWR,0,GAS7,pancreatic adenocarcinoma,11,B5701,floor
99394,104,DPAKDRELWVREHKTATSALWTWRSRWACAASGGPAGEGGWA,TATSALWTWR,0,GAS7,pancreatic adenocarcinoma,11,C0501,floor
99394,104,DPAKDRELWVREHKTATSALWTWRSRWACAASGGPAGEGGWA,TATSALWTWR,0,GAS7,pancreatic adenocarcinoma,11,C0602,floor
99394,104,DPAKDRELWVREHKTATSALWTWRSRWACAASGGPAGEGGWA,TSALWTWRSR,0,GAS7,pancreatic adenocarcinoma,11,A0101,floor
99394,43,DPAKDRELWVREHKTATSALWTWRSRWACAASGGPAGEGGWA,TSALWTWRSR,0,GAS7,pancreatic adenocarcinoma,11,A3101,scoreable
99394,104,DPAKDRELWVREHKTATSALWTWRSRWACAASGGPAGEGGWA,TSALWTWRSR,0,GAS7,pancreatic adenocarcinoma,11,B4402,floor
99394,104,DPAKDRELWVREHKTATSALWTWRSRWACAASGGPAGEGGWA,TSALWTWRSR,0,GAS7,pancreatic adenocarcinoma,11,B5701,floor
99394,104,DPAKDRELWVREHKTATSALWTWRSRWACAASGGPAGEGGWA,TSALWTWRSR,0,GAS7,pancreatic adenocarcinoma,11,C0501,floor
99394,104,DPAKDRELWVREHKTATSALWTWRSRWACAASGGPAGEGGWA,TSALWTWRSR,0,GAS7,pancreatic adenocarcinoma,11,C0602,floor
99394,104,DPAKDRELWVREHKTATSALWTWRSRWACAASGGPAGEGGWA,SALWTWRSRW,0,GAS7,pancreatic adenocarcinoma,11,A0101,floor
99394,104,DPAKDRELWVREHKTATSALWTWRSRWACAASGGPAGEGGWA,SALWTWRSRW,0,GAS7,pancreatic adenocarcinoma,11,A3101,floor
99394,104,DPAKDRELWVREHKTATSALWTWRSRWACAASGGPAGEGGWA,SALWTWRSRW,0,GAS7,pancreatic adenocarcinoma,11,B4402,floor
99394,45,DPAKDRELWVREHKTATSALWTWRSRWACAASGGPAGEGGWA,SALWTWRSRW,0,GAS7,pancreatic adenocarcinoma,11,B5701,scoreable
99394,104,DPAKDRELWVREHKTATSALWTWRSRWACAASGGPAGEGGWA,SALWTWRSRW,0,GAS7,pancreatic adenocarcinoma,11,C0501,floor
99394,104,DPAKDRELWVREHKTATSALWTWRSRWACAASGGPAGEGGWA,SALWTWRSRW,0,GAS7,pancreatic adenocarcinoma,11,C0602,floor
99394,104,DPAKDRELWVREHKTATSALWTWRSRWACAASGGPAGEGGWA,SGGPAGEGGW,0,GAS7,pancreatic adenocarcinoma,11,A0101,floor
99394,104,DPAKDRELWVREHKTATSALWTWRSRWACAASGGPAGEGGWA,SGGPAGEGGW,0,GAS7,pancreatic adenocarcinoma,11,A3101,floor
99394,104,DPAKDRELWVREHKTATSALWTWRSRWACAASGGPAGEGGWA,SGGPAGEGGW,0,GAS7,pancreatic adenocarcinoma,11,B4402,floor
99394,45,DPAKDRELWVREHKTATSALWTWRSRWACAASGGPAGEGGWA,SGGPAGEGGW,0,GAS7,pancreatic adenocarcinoma,11,B5701,scoreable
99394,104,DPAKDRELWVREHKTATSALWTWRSRWACAASGGPAGEGGWA,SGGPAGEGGW,0,GAS7,pancreatic adenocarcinoma,11,C0501,floor
99394,104,DPAKDRELWVREHKTATSALWTWRSRWACAASGGPAGEGGWA,SGGPAGEGGW,0,GAS7,pancreatic adenocarcinoma,11,C0602,floor
99394,104,DPAKDRELWVREHKTATSALWTWRSRWACAASGGPAGEGGWA,RELWVREHKTA,0,GAS7,pancreatic adenocarcinoma,11,A0101,floor
99394,104,DPAKDRELWVREHKTATSALWTWRSRWACAASGGPAGEGGWA,RELWVREHKTA,0,GAS7,pancreatic adenocarcinoma,11,A3101,floor
99394,44,DPAKDRELWVREHKTATSALWTWRSRWACAASGGPAGEGGWA,RELWVREHKTA,0,GAS7,pancreatic adenocarcinoma,11,B4402,scoreable
99394,104,DPAKDRELWVREHKTATSALWTWRSRWACAASGGPAGEGGWA,RELWVREHKTA,0,GAS7,pancreatic adenocarcinoma,11,B5701,floor
99394,104,DPAKDRELWVREHKTATSALWTWRSRWACAASGGPAGEGGWA,RELWVREHKTA,0,GAS7,pancreatic adenocarcinoma,11,C0501,floor
99394,104,DPAKDRELWVREHKTATSALWTWRSRWACAASGGPAGEGGWA,RELWVREHKTA,0,GAS7,pancreatic adenocarcinoma,11,C0602,floor
99394,104,DPAKDRELWVREHKTATSALWTWRSRWACAASGGPAGEGGWA,REHKTATSALW,0,GAS7,pancreatic adenocarcinoma,11,A0101,floor
99394,104,DPAKDRELWVREHKTATSALWTWRSRWACAASGGPAGEGGWA,REHKTATSALW,0,GAS7,pancreatic adenocarcinoma,11,A3101,floor
99394,44,DPAKDRELWVREHKTATSALWTWRSRWACAASGGPAGEGGWA,REHKTATSALW,0,GAS7,pancreatic adenocarcinoma,11,B4402,scoreable
99394,45,DPAKDRELWVREHKTATSALWTWRSRWACAASGGPAGEGGWA,REHKTATSALW,0,GAS7,pancreatic adenocarcinoma,11,B5701,scoreable
99394,104,DPAKDRELWVREHKTATSALWTWRSRWACAASGGPAGEGGWA,REHKTATSALW,0,GAS7,pancreatic adenocarcinoma,11,C0501,floor
99394,104,DPAKDRELWVREHKTATSALWTWRSRWACAASGGPAGEGGWA,REHKTATSALW,0,GAS7,pancreatic adenocarcinoma,11,C0602,floor
99394,104,DPAKDRELWVREHKTATSALWTWRSRWACAASGGPAGEGGWA,HKTATSALWTW,0,GAS7,pancreatic adenocarcinoma,11,A0101,floor
99394,104,DPAKDRELWVREHKTATSALWTWRSRWACAASGGPAGEGGWA,HKTATSALWTW,0,GAS7,pancreatic adenocarcinoma,11,A3101,floor
99394,44,DPAKDRELWVREHKTATSALWTWRSRWACAASGGPAGEGGWA,HKTATSALWTW,0,GAS7,pancreatic adenocarcinoma,11,B4402,scoreable
99394,45,DPAKDRELWVREHKTATSALWTWRSRWACAASGGPAGEGGWA,HKTATSALWTW,0,GAS7,pancreatic adenocarcinoma,11,B5701,scoreable
99394,104,DPAKDRELWVREHKTATSALWTWRSRWACAASGGPAGEGGWA,HKTATSALWTW,0,GAS7,pancreatic adenocarcinoma,11,C0501,floor
99394,104,DPAKDRELWVREHKTATSALWTWRSRWACAASGGPAGEGGWA,HKTATSALWTW,0,GAS7,pancreatic adenocarcinoma,11,C0602,floor
99394,104,DPAKDRELWVREHKTATSALWTWRSRWACAASGGPAGEGGWA,KTATSALWTWR,0,GAS7,pancreatic adenocarcinoma,11,A0101,floor
99394,43,DPAKDRELWVREHKTATSALWTWRSRWACAASGGPAGEGGWA,KTATSALWTWR,0,GAS7,pancreatic adenocarcinoma,11,A3101,scoreable
99394,104,DPAKDRELWVREHKTATSALWTWRSRWACAASGGPAGEGGWA,KTATSALWTWR,0,GAS7,pancreatic adenocarcinoma,11,B4402,floor
99394,45,DPAKDRELWVREHKTATSALWTWRSRWACAASGGPAGEGGWA,KTATSALWTWR,0,GAS7,pancreatic adenocarcinoma,11,B5701,scoreable
99394,104,DPAKDRELWVREHKTATSALWTWRSRWACAASGGPAGEGGWA,KTATSALWTWR,0,GAS7,pancreatic adenocarcinoma,11,C0501,floor
99394,104,DPAKDRELWVREHKTATSALWTWRSRWACAASGGPAGEGGWA,KTATSALWTWR,0,GAS7,pancreatic adenocarcinoma,11,C0602,floor
99394,104,DPAKDRELWVREHKTATSALWTWRSRWACAASGGPAGEGGWA,ATSALWTWRSR,0,GAS7,pancreatic adenocarcinoma,11,A0101,floor
99394,43,DPAKDRELWVREHKTATSALWTWRSRWACAASGGPAGEGGWA,ATSALWTWRSR,0,GAS7,pancreatic adenocarcinoma,11,A3101,scoreable
99394,104,DPAKDRELWVREHKTATSALWTWRSRWACAASGGPAGEGGWA,ATSALWTWRSR,0,GAS7,pancreatic adenocarcinoma,11,B4402,floor
99394,104,DPAKDRELWVREHKTATSALWTWRSRWACAASGGPAGEGGWA,ATSALWTWRSR,0,GAS7,pancreatic adenocarcinoma,11,B5701,floor
99394,104,DPAKDRELWVREHKTATSALWTWRSRWACAASGGPAGEGGWA,ATSALWTWRSR,0,GAS7,pancreatic adenocarcinoma,11,C0501,floor
99394,104,DPAKDRELWVREHKTATSALWTWRSRWACAASGGPAGEGGWA,ATSALWTWRSR,0,GAS7,pancreatic adenocarcinoma,11,C0602,floor
99394,104,DPAKDRELWVREHKTATSALWTWRSRWACAASGGPAGEGGWA,TSALWTWRSRW,0,GAS7,pancreatic adenocarcinoma,11,A0101,floor
99394,104,DPAKDRELWVREHKTATSALWTWRSRWACAASGGPAGEGGWA,TSALWTWRSRW,0,GAS7,pancreatic adenocarcinoma,11,A3101,floor
99394,104,DPAKDRELWVREHKTATSALWTWRSRWACAASGGPAGEGGWA,TSALWTWRSRW,0,GAS7,pancreatic adenocarcinoma,11,B4402,floor
99394,45,DPAKDRELWVREHKTATSALWTWRSRWACAASGGPAGEGGWA,TSALWTWRSRW,0,GAS7,pancreatic adenocarcinoma,11,B5701,scoreable
99394,104,DPAKDRELWVREHKTATSALWTWRSRWACAASGGPAGEGGWA,TSALWTWRSRW,0,GAS7,pancreatic adenocarcinoma,11,C0501,floor
99394,104,DPAKDRELWVREHKTATSALWTWRSRWACAASGGPAGEGGWA,TSALWTWRSRW,0,GAS7,pancreatic adenocarcinoma,11,C0602,floor
99394,104,DPAKDRELWVREHKTATSALWTWRSRWACAASGGPAGEGGWA,ASGGPAGEGGW,0,GAS7,pancreatic adenocarcinoma,11,A0101,floor
99394,104,DPAKDRELWVREHKTATSALWTWRSRWACAASGGPAGEGGWA,ASGGPAGEGGW,0,GAS7,pancreatic adenocarcinoma,11,A3101,floor
99394,104,DPAKDRELWVREHKTATSALWTWRSRWACAASGGPAGEGGWA,ASGGPAGEGGW,0,GAS7,pancreatic adenocarcinoma,11,B4402,floor
99394,45,DPAKDRELWVREHKTATSALWTWRSRWACAASGGPAGEGGWA,ASGGPAGEGGW,0,GAS7,pancreatic adenocarcinoma,11,B5701,scoreable
99394,104,DPAKDRELWVREHKTATSALWTWRSRWACAASGGPAGEGGWA,ASGGPAGEGGW,0,GAS7,pancreatic adenocarcinoma,11,C0501,floor
99394,104,DPAKDRELWVREHKTATSALWTWRSRWACAASGGPAGEGGWA,ASGGPAGEGGW,0,GAS7,pancreatic adenocarcinoma,11,C0602,floor
99394,104,DPAKDRELWVREHKTATSALWTWRSRWACAASGGPAGEGGWA,EHKTATSALWTW,0,GAS7,pancreatic adenocarcinoma,11,A0101,floor
99394,104,DPAKDRELWVREHKTATSALWTWRSRWACAASGGPAGEGGWA,EHKTATSALWTW,0,GAS7,pancreatic adenocarcinoma,11,A3101,floor
99394,104,DPAKDRELWVREHKTATSALWTWRSRWACAASGGPAGEGGWA,EHKTATSALWTW,0,GAS7,pancreatic adenocarcinoma,11,B4402,floor
99394,45,DPAKDRELWVREHKTATSALWTWRSRWACAASGGPAGEGGWA,EHKTATSALWTW,0,GAS7,pancreatic adenocarcinoma,11,B5701,scoreable
99394,104,DPAKDRELWVREHKTATSALWTWRSRWACAASGGPAGEGGWA,EHKTATSALWTW,0,GAS7,pancreatic adenocarcinoma,11,C0501,floor
99394,104,DPAKDRELWVREHKTATSALWTWRSRWACAASGGPAGEGGWA,EHKTATSALWTW,0,GAS7,pancreatic adenocarcinoma,11,C0602,floor
99394,104,DPAKDRELWVREHKTATSALWTWRSRWACAASGGPAGEGGWA,ATSALWTWRSRW,0,GAS7,pancreatic adenocarcinoma,11,A0101,floor
99394,104,DPAKDRELWVREHKTATSALWTWRSRWACAASGGPAGEGGWA,ATSALWTWRSRW,0,GAS7,pancreatic adenocarcinoma,11,A3101,floor
99394,104,DPAKDRELWVREHKTATSALWTWRSRWACAASGGPAGEGGWA,ATSALWTWRSRW,0,GAS7,pancreatic adenocarcinoma,11,B4402,floor
99394,45,DPAKDRELWVREHKTATSALWTWRSRWACAASGGPAGEGGWA,ATSALWTWRSRW,0,GAS7,pancreatic adenocarcinoma,11,B5701,scoreable
99394,104,DPAKDRELWVREHKTATSALWTWRSRWACAASGGPAGEGGWA,ATSALWTWRSRW,0,GAS7,pancreatic adenocarcinoma,11,C0501,floor
99394,104,DPAKDRELWVREHKTATSALWTWRSRWACAASGGPAGEGGWA,ATSALWTWRSRW,0,GAS7,pancreatic adenocarcinoma,11,C0602,floor
99394,42,DPAKDRELWVREHKTATSALWTWRSRWACAASGGPAGEGGWA,AASGGPAGEGGW,0,GAS7,pancreatic adenocarcinoma,11,A0101,scoreable
99394,104,DPAKDRELWVREHKTATSALWTWRSRWACAASGGPAGEGGWA,AASGGPAGEGGW,0,GAS7,pancreatic adenocarcinoma,11,A3101,floor
99394,44,DPAKDRELWVREHKTATSALWTWRSRWACAASGGPAGEGGWA,AASGGPAGEGGW,0,GAS7,pancreatic adenocarcinoma,11,B4402,scoreable
99394,45,DPAKDRELWVREHKTATSALWTWRSRWACAASGGPAGEGGWA,AASGGPAGEGGW,0,GAS7,pancreatic adenocarcinoma,11,B5701,scoreable
99394,104,DPAKDRELWVREHKTATSALWTWRSRWACAASGGPAGEGGWA,AASGGPAGEGGW,0,GAS7,pancreatic adenocarcinoma,11,C0501,floor
99394,104,DPAKDRELWVREHKTATSALWTWRSRWACAASGGPAGEGGWA,AASGGPAGEGGW,0,GAS7,pancreatic adenocarcinoma,11,C0602,floor
99646,111,SPLLGHSLGNSKIVQAFPSKMHSPPTI,LGNSKIVQAF,0,MAST4,pancreatic adenocarcinoma,18,A0101,floor
99646,85,SPLLGHSLGNSKIVQAFPSKMHSPPTI,LGNSKIVQAF,0,MAST4,pancreatic adenocarcinoma,18,B0801,scoreable
99646,111,SPLLGHSLGNSKIVQAFPSKMHSPPTI,LGNSKIVQAF,0,MAST4,pancreatic adenocarcinoma,18,C0701,floor
99646,111,SPLLGHSLGNSKIVQAFPSKMHSPPTI,HSLGNSKIVQAF,0,MAST4,pancreatic adenocarcinoma,18,A0101,floor
99646,111,SPLLGHSLGNSKIVQAFPSKMHSPPTI,HSLGNSKIVQAF,0,MAST4,pancreatic adenocarcinoma,18,B0801,floor
99646,86,SPLLGHSLGNSKIVQAFPSKMHSPPTI,HSLGNSKIVQAF,0,MAST4,pancreatic adenocarcinoma,18,C0701,scoreable
99646,111,KGKLSLQDVAELIQARACQRVVVMVGA,QARACQRVV,0,SIRT3,pancreatic adenocarcinoma,18,A0101,floor
99646,85,KGKLSLQDVAELIQARACQRVVVMVGA,QARACQRVV,0,SIRT3,pancreatic adenocarcinoma,18,B0801,scoreable
99646,111,KGKLSLQDVAELIQARACQRVVVMVGA,QARACQRVV,0,SIRT3,pancreatic adenocarcinoma,18,C0701,floor
99646,84,LIAQDEEEFNKEHEFIQPSFGYFIRSP,EFIQPSFGY,0,CEP192,pancreatic adenocarcinoma,18,A0101,scoreable
99646,111,LIAQDEEEFNKEHEFIQPSFGYFIRSP,EFIQPSFGY,0,CEP192,pancreatic adenocarcinoma,18,B0801,floor
99646,111,LIAQDEEEFNKEHEFIQPSFGYFIRSP,EFIQPSFGY,0,CEP192,pancreatic adenocarcinoma,18,C0701,floor
99646,84,LIAQDEEEFNKEHEFIQPSFGYFIRSP,HEFIQPSFGY,0,CEP192,pancreatic adenocarcinoma,18,A0101,scoreable
99646,111,LIAQDEEEFNKEHEFIQPSFGYFIRSP,HEFIQPSFGY,0,CEP192,pancreatic adenocarcinoma,18,B0801,floor
99646,111,LIAQDEEEFNKEHEFIQPSFGYFIRSP,HEFIQPSFGY,0,CEP192,pancreatic adenocarcinoma,18,C0701,floor
99646,84,LIAQDEEEFNKEHEFIQPSFGYFIRSP,KEHEFIQPSFGY,0,CEP192,pancreatic adenocarcinoma,18,A0101,scoreable
99646,111,LIAQDEEEFNKEHEFIQPSFGYFIRSP,KEHEFIQPSFGY,0,CEP192,pancreatic adenocarcinoma,18,B0801,floor
99646,111,LIAQDEEEFNKEHEFIQPSFGYFIRSP,KEHEFIQPSFGY,0,CEP192,pancreatic adenocarcinoma,18,C0701,floor
99646,111,KYKDLEHKYQHLAILAHNQSEIIAQLE,EHKYQHLAI,0,ANGPTL2,pancreatic adenocarcinoma,18,A0101,floor
99646,85,KYKDLEHKYQHLAILAHNQSEIIAQLE,EHKYQHLAI,0,ANGPTL2,pancreatic adenocarcinoma,18,B0801,scoreable
99646,111,KYKDLEHKYQHLAILAHNQSEIIAQLE,EHKYQHLAI,0,ANGPTL2,pancreatic adenocarcinoma,18,C0701,floor
99646,111,KYKDLEHKYQHLAILAHNQSEIIAQLE,HKYQHLAIL,0,ANGPTL2,pancreatic adenocarcinoma,18,A0101,floor
99646,85,KYKDLEHKYQHLAILAHNQSEIIAQLE,HKYQHLAIL,0,ANGPTL2,pancreatic adenocarcinoma,18,B0801,scoreable
99646,86,KYKDLEHKYQHLAILAHNQSEIIAQLE,HKYQHLAIL,0,ANGPTL2,pancreatic adenocarcinoma,18,C0701,scoreable
99646,111,KYKDLEHKYQHLAILAHNQSEIIAQLE,YQHLAILAH,0,ANGPTL2,pancreatic adenocarcinoma,18,A0101,floor
99646,111,KYKDLEHKYQHLAILAHNQSEIIAQLE,YQHLAILAH,0,ANGPTL2,pancreatic adenocarcinoma,18,B0801,floor
99646,86,KYKDLEHKYQHLAILAHNQSEIIAQLE,YQHLAILAH,0,ANGPTL2,pancreatic adenocarcinoma,18,C0701,scoreable
99646,84,SLLISQTWSGDIGNYSCEIVSEGGNDS,QTWSGDIGNY,0,SDK1,pancreatic adenocarcinoma,18,A0101,scoreable
99646,111,SLLISQTWSGDIGNYSCEIVSEGGNDS,QTWSGDIGNY,0,SDK1,pancreatic adenocarcinoma,18,B0801,floor
99646,111,SLLISQTWSGDIGNYSCEIVSEGGNDS,QTWSGDIGNY,0,SDK1,pancreatic adenocarcinoma,18,C0701,floor
99646,84,SLLISQTWSGDIGNYSCEIVSEGGNDS,SQTWSGDIGNY,0,SDK1,pancreatic adenocarcinoma,18,A0101,scoreable
99646,111,SLLISQTWSGDIGNYSCEIVSEGGNDS,SQTWSGDIGNY,0,SDK1,pancreatic adenocarcinoma,18,B0801,floor
99646,111,SLLISQTWSGDIGNYSCEIVSEGGNDS,SQTWSGDIGNY,0,SDK1,pancreatic adenocarcinoma,18,C0701,floor
99646,84,SLLISQTWSGDIGNYSCEIVSEGGNDS,ISQTWSGDIGNY,0,SDK1,pancreatic adenocarcinoma,18,A0101,scoreable
99646,111,SLLISQTWSGDIGNYSCEIVSEGGNDS,ISQTWSGDIGNY,0,SDK1,pancreatic adenocarcinoma,18,B0801,floor
99646,111,SLLISQTWSGDIGNYSCEIVSEGGNDS,ISQTWSGDIGNY,0,SDK1,pancreatic adenocarcinoma,18,C0701,floor
99646,84,TKGGPIYIITEYCLYGDLVDYLHRNKH,YIITEYCLY,0,PDGFRB,pancreatic adenocarcinoma,18,A0101,scoreable
99646,111,TKGGPIYIITEYCLYGDLVDYLHRNKH,YIITEYCLY,0,PDGFRB,pancreatic adenocarcinoma,18,B0801,floor
99646,111,TKGGPIYIITEYCLYGDLVDYLHRNKH,YIITEYCLY,0,PDGFRB,pancreatic adenocarcinoma,18,C0701,floor
99646,84,TKGGPIYIITEYCLYGDLVDYLHRNKH,CLYGDLVDY,0,PDGFRB,pancreatic adenocarcinoma,18,A0101,scoreable
99646,111,TKGGPIYIITEYCLYGDLVDYLHRNKH,CLYGDLVDY,0,PDGFRB,pancreatic adenocarcinoma,18,B0801,floor
99646,111,TKGGPIYIITEYCLYGDLVDYLHRNKH,CLYGDLVDY,0,PDGFRB,pancreatic adenocarcinoma,18,C0701,floor
99646,84,TKGGPIYIITEYCLYGDLVDYLHRNKH,IYIITEYCLY,0,PDGFRB,pancreatic adenocarcinoma,18,A0101,scoreable
99646,111,TKGGPIYIITEYCLYGDLVDYLHRNKH,IYIITEYCLY,0,PDGFRB,pancreatic adenocarcinoma,18,B0801,floor
99646,111,TKGGPIYIITEYCLYGDLVDYLHRNKH,IYIITEYCLY,0,PDGFRB,pancreatic adenocarcinoma,18,C0701,floor
99646,84,TKGGPIYIITEYCLYGDLVDYLHRNKH,YCLYGDLVDY,0,PDGFRB,pancreatic adenocarcinoma,18,A0101,scoreable
99646,111,TKGGPIYIITEYCLYGDLVDYLHRNKH,YCLYGDLVDY,0,PDGFRB,pancreatic adenocarcinoma,18,B0801,floor
99646,111,TKGGPIYIITEYCLYGDLVDYLHRNKH,YCLYGDLVDY,0,PDGFRB,pancreatic adenocarcinoma,18,C0701,floor
99646,111,RLNFSVELSKMSSNKLKIKCIEEKKSASTESNSSEKQICKAEGRLEKCL,LSKMSSNKL,0,PRDM2,pancreatic adenocarcinoma,18,A0101,floor
99646,85,RLNFSVELSKMSSNKLKIKCIEEKKSASTESNSSEKQICKAEGRLEKCL,LSKMSSNKL,0,PRDM2,pancreatic adenocarcinoma,18,B0801,scoreable
99646,111,RLNFSVELSKMSSNKLKIKCIEEKKSASTESNSSEKQICKAEGRLEKCL,LSKMSSNKL,0,PRDM2,pancreatic adenocarcinoma,18,C0701,floor
99646,84,DMVPFVLPNVLLITEECTKEEYVKLIL,TEECTKEEY,0,SCYL2,pancreatic adenocarcinoma,18,A0101,scoreable
99646,111,DMVPFVLPNVLLITEECTKEEYVKLIL,TEECTKEEY,0,SCYL2,pancreatic adenocarcinoma,18,B0801,floor
99646,111,DMVPFVLPNVLLITEECTKEEYVKLIL,TEECTKEEY,0,SCYL2,pancreatic adenocarcinoma,18,C0701,floor
99646,84,DMVPFVLPNVLLITEECTKEEYVKLIL,ITEECTKEEY,0,SCYL2,pancreatic adenocarcinoma,18,A0101,scoreable
99646,111,DMVPFVLPNVLLITEECTKEEYVKLIL,ITEECTKEEY,0,SCYL2,pancreatic adenocarcinoma,18,B0801,floor
99646,111,DMVPFVLPNVLLITEECTKEEYVKLIL,ITEECTKEEY,0,SCYL2,pancreatic adenocarcinoma,18,C0701,floor
99646,84,DMVPFVLPNVLLITEECTKEEYVKLIL,LITEECTKEEY,0,SCYL2,pancreatic adenocarcinoma,18,A0101,scoreable
99646,111,DMVPFVLPNVLLITEECTKEEYVKLIL,LITEECTKEEY,0,SCYL2,pancreatic adenocarcinoma,18,B0801,floor
99646,111,DMVPFVLPNVLLITEECTKEEYVKLIL,LITEECTKEEY,0,SCYL2,pancreatic adenocarcinoma,18,C0701,floor
99646,84,DMVPFVLPNVLLITEECTKEEYVKLIL,ITEECTKEEYV,0,SCYL2,pancreatic adenocarcinoma,18,A0101,scoreable
99646,111,DMVPFVLPNVLLITEECTKEEYVKLIL,ITEECTKEEYV,0,SCYL2,pancreatic adenocarcinoma,18,B0801,floor
99646,111,DMVPFVLPNVLLITEECTKEEYVKLIL,ITEECTKEEYV,0,SCYL2,pancreatic adenocarcinoma,18,C0701,floor
99646,84,DMVPFVLPNVLLITEECTKEEYVKLIL,LLITEECTKEEY,0,SCYL2,pancreatic adenocarcinoma,18,A0101,scoreable
99646,111,DMVPFVLPNVLLITEECTKEEYVKLIL,LLITEECTKEEY,0,SCYL2,pancreatic adenocarcinoma,18,B0801,floor
99646,111,DMVPFVLPNVLLITEECTKEEYVKLIL,LLITEECTKEEY,0,SCYL2,pancreatic adenocarcinoma,18,C0701,floor
99646,84,DMVPFVLPNVLLITEECTKEEYVKLIL,ITEECTKEEYVK,0,SCYL2,pancreatic adenocarcinoma,18,A0101,scoreable
99646,111,DMVPFVLPNVLLITEECTKEEYVKLIL,ITEECTKEEYVK,0,SCYL2,pancreatic adenocarcinoma,18,B0801,floor
99646,111,DMVPFVLPNVLLITEECTKEEYVKLIL,ITEECTKEEYVK,0,SCYL2,pancreatic adenocarcinoma,18,C0701,floor
99646,84,DENSQTNGIADDRHSLSSADNLESDAQ,QTNGIADDRH,0,ARFGEF2,pancreatic adenocarcinoma,18,A0101,scoreable
99646,111,DENSQTNGIADDRHSLSSADNLESDAQ,QTNGIADDRH,0,ARFGEF2,pancreatic adenocarcinoma,18,B0801,floor
99646,111,DENSQTNGIADDRHSLSSADNLESDAQ,QTNGIADDRH,0,ARFGEF2,pancreatic adenocarcinoma,18,C0701,floor
99646,111,VLGGRDDDVAELIQARACQRVVVMVGA,QARACQRVV,0,SIRT3,pancreatic adenocarcinoma,18,A0101,floor
99646,85,VLGGRDDDVAELIQARACQRVVVMVGA,QARACQRVV,0,SIRT3,pancreatic adenocarcinoma,18,B0801,scoreable
99646,111,VLGGRDDDVAELIQARACQRVVVMVGA,QARACQRVV,0,SIRT3,pancreatic adenocarcinoma,18,C0701,floor
99646,111,MAGTALKRLMAAYKQLTLNPPEGIV,TALKRLMAA,0,UBE2G2,pancreatic adenocarcinoma,18,A0101,floor
99646,85,MAGTALKRLMAAYKQLTLNPPEGIV,TALKRLMAA,0,UBE2G2,pancreatic adenocarcinoma,18,B0801,scoreable
99646,111,MAGTALKRLMAAYKQLTLNPPEGIV,TALKRLMAA,0,UBE2G2,pancreatic adenocarcinoma,18,C0701,floor
99646,84,MAGTALKRLMAAYKQLTLNPPEGIV,ALKRLMAAY,0,UBE2G2,pancreatic adenocarcinoma,18,A0101,scoreable
99646,111,MAGTALKRLMAAYKQLTLNPPEGIV,ALKRLMAAY,0,UBE2G2,pancreatic adenocarcinoma,18,B0801,floor
99646,86,MAGTALKRLMAAYKQLTLNPPEGIV,ALKRLMAAY,0,UBE2G2,pancreatic adenocarcinoma,18,C0701,scoreable
99646,111,MAGTALKRLMAAYKQLTLNPPEGIV,RLMAAYKQL,0,UBE2G2,pancreatic adenocarcinoma,18,A0101,floor
99646,85,MAGTALKRLMAAYKQLTLNPPEGIV,RLMAAYKQL,0,UBE2G2,pancreatic adenocarcinoma,18,B0801,scoreable
99646,111,MAGTALKRLMAAYKQLTLNPPEGIV,RLMAAYKQL,0,UBE2G2,pancreatic adenocarcinoma,18,C0701,floor
99646,111,MAGTALKRLMAAYKQLTLNPPEGIV,MAAYKQLTL,0,UBE2G2,pancreatic adenocarcinoma,18,A0101,floor
99646,85,MAGTALKRLMAAYKQLTLNPPEGIV,MAAYKQLTL,0,UBE2G2,pancreatic adenocarcinoma,18,B0801,scoreable
99646,86,MAGTALKRLMAAYKQLTLNPPEGIV,MAAYKQLTL,0,UBE2G2,pancreatic adenocarcinoma,18,C0701,scoreable
99646,111,MAGTALKRLMAAYKQLTLNPPEGIV,LMAAYKQLTL,0,UBE2G2,pancreatic adenocarcinoma,18,A0101,floor
99646,85,MAGTALKRLMAAYKQLTLNPPEGIV,LMAAYKQLTL,0,UBE2G2,pancreatic adenocarcinoma,18,B0801,scoreable
99646,111,MAGTALKRLMAAYKQLTLNPPEGIV,LMAAYKQLTL,0,UBE2G2,pancreatic adenocarcinoma,18,C0701,floor
99646,111,LTFLLVSGSLASVFISFVAVGPRDIRL,SLASVFISF,0,SLC12A9,pancreatic adenocarcinoma,18,A0101,floor
99646,85,LTFLLVSGSLASVFISFVAVGPRDIRL,SLASVFISF,0,SLC12A9,pancreatic adenocarcinoma,18,B0801,scoreable
99646,86,LTFLLVSGSLASVFISFVAVGPRDIRL,SLASVFISF,0,SLC12A9,pancreatic adenocarcinoma,18,C0701,scoreable
99646,111,LTFLLVSGSLASVFISFVAVGPRDIRL,SVFISFVAV,0,SLC12A9,pancreatic adenocarcinoma,18,A0101,floor
99646,85,LTFLLVSGSLASVFISFVAVGPRDIRL,SVFISFVAV,0,SLC12A9,pancreatic adenocarcinoma,18,B0801,scoreable
99646,111,LTFLLVSGSLASVFISFVAVGPRDIRL,SVFISFVAV,0,SLC12A9,pancreatic adenocarcinoma,18,C0701,floor
99646,84,IYKQSQHMTEVVRHCPHHERCSDSDGL,MTEVVRHCPHH,0,TP53,pancreatic adenocarcinoma,18,A0101,scoreable
99646,111,IYKQSQHMTEVVRHCPHHERCSDSDGL,MTEVVRHCPHH,0,TP53,pancreatic adenocarcinoma,18,B0801,floor
99646,111,IYKQSQHMTEVVRHCPHHERCSDSDGL,MTEVVRHCPHH,0,TP53,pancreatic adenocarcinoma,18,C0701,floor
99646,111,DQELADLPKTYLRHPEASSPARPSKHS,KTYLRHPEA,0,PTPRN2,pancreatic adenocarcinoma,18,A0101,floor
99646,85,DQELADLPKTYLRHPEASSPARPSKHS,KTYLRHPEA,0,PTPRN2,pancreatic adenocarcinoma,18,B0801,scoreable
99646,111,DQELADLPKTYLRHPEASSPARPSKHS,KTYLRHPEA,0,PTPRN2,pancreatic adenocarcinoma,18,C0701,floor
99646,84,DQELADLPKTYLRHPEASSPARPSKHS,LADLPKTYLRH,0,PTPRN2,pancreatic adenocarcinoma,18,A0101,scoreable
99646,111,DQELADLPKTYLRHPEASSPARPSKHS,LADLPKTYLRH,0,PTPRN2,pancreatic adenocarcinoma,18,B0801,floor
99646,111,DQELADLPKTYLRHPEASSPARPSKHS,LADLPKTYLRH,0,PTPRN2,pancreatic adenocarcinoma,18,C0701,floor
99646,111,SLNDLLPIFAYPHMVGKSVTGGYVYRG,LPIFAYPHM,0,HHIPL1,pancreatic adenocarcinoma,18,A0101,floor
99646,85,SLNDLLPIFAYPHMVGKSVTGGYVYRG,LPIFAYPHM,0,HHIPL1,pancreatic adenocarcinoma,18,B0801,scoreable
99646,111,SLNDLLPIFAYPHMVGKSVTGGYVYRG,LPIFAYPHM,0,HHIPL1,pancreatic adenocarcinoma,18,C0701,floor
99646,111,SLNDLLPIFAYPHMVGKSVTGGYVYRG,YPHMVGKSV,0,HHIPL1,pancreatic adenocarcinoma,18,A0101,floor
99646,85,SLNDLLPIFAYPHMVGKSVTGGYVYRG,YPHMVGKSV,0,HHIPL1,pancreatic adenocarcinoma,18,B0801,scoreable
99646,111,SLNDLLPIFAYPHMVGKSVTGGYVYRG,YPHMVGKSV,0,HHIPL1,pancreatic adenocarcinoma,18,C0701,floor
99646,111,SLNDLLPIFAYPHMVGKSVTGGYVYRG,YPHMVGKSVT,0,HHIPL1,pancreatic adenocarcinoma,18,A0101,floor
99646,85,SLNDLLPIFAYPHMVGKSVTGGYVYRG,YPHMVGKSVT,0,HHIPL1,pancreatic adenocarcinoma,18,B0801,scoreable
99646,111,SLNDLLPIFAYPHMVGKSVTGGYVYRG,YPHMVGKSVT,0,HHIPL1,pancreatic adenocarcinoma,18,C0701,floor
99646,84,SLNDLLPIFAYPHMVGKSVTGGYVYRG,MVGKSVTGGY,0,HHIPL1,pancreatic adenocarcinoma,18,A0101,scoreable
99646,111,SLNDLLPIFAYPHMVGKSVTGGYVYRG,MVGKSVTGGY,0,HHIPL1,pancreatic adenocarcinoma,18,B0801,floor
99646,111,SLNDLLPIFAYPHMVGKSVTGGYVYRG,MVGKSVTGGY,0,HHIPL1,pancreatic adenocarcinoma,18,C0701,floor
99646,84,SLNDLLPIFAYPHMVGKSVTGGYVYRG,HMVGKSVTGGY,0,HHIPL1,pancreatic adenocarcinoma,18,A0101,scoreable
99646,111,SLNDLLPIFAYPHMVGKSVTGGYVYRG,HMVGKSVTGGY,0,HHIPL1,pancreatic adenocarcinoma,18,B0801,floor
99646,111,SLNDLLPIFAYPHMVGKSVTGGYVYRG,HMVGKSVTGGY,0,HHIPL1,pancreatic adenocarcinoma,18,C0701,floor
99646,84,SLNDLLPIFAYPHMVGKSVTGGYVYRG,MVGKSVTGGYVY,0,HHIPL1,pancreatic adenocarcinoma,18,A0101,scoreable
99646,111,SLNDLLPIFAYPHMVGKSVTGGYVYRG,MVGKSVTGGYVY,0,HHIPL1,pancreatic adenocarcinoma,18,B0801,floor
99646,111,SLNDLLPIFAYPHMVGKSVTGGYVYRG,MVGKSVTGGYVY,0,HHIPL1,pancreatic adenocarcinoma,18,C0701,floor
99221,96,LAYPERRRLAAAVRFLTMSSVISMSAP,RRLAAAVRF,0,ABCB10,pancreatic adenocarcinoma,3,A0301,floor
99221,7,LAYPERRRLAAAVRFLTMSSVISMSAP,RRLAAAVRF,0,ABCB10,pancreatic adenocarcinoma,3,A3201,scoreable
99221,96,LAYPERRRLAAAVRFLTMSSVISMSAP,RRLAAAVRF,0,ABCB10,pancreatic adenocarcinoma,3,B0702,floor
99221,96,LAYPERRRLAAAVRFLTMSSVISMSAP,RRLAAAVRF,0,ABCB10,pancreatic adenocarcinoma,3,B3502,floor
99221,96,LAYPERRRLAAAVRFLTMSSVISMSAP,RRLAAAVRF,0,ABCB10,pancreatic adenocarcinoma,3,C0401,floor
99221,96,LAYPERRRLAAAVRFLTMSSVISMSAP,RRLAAAVRF,0,ABCB10,pancreatic adenocarcinoma,3,C0702,floor
99221,6,LAYPERRRLAAAVRFLTMSSVISMSAP,RLAAAVRFL,0,ABCB10,pancreatic adenocarcinoma,3,A0301,scoreable
99221,7,LAYPERRRLAAAVRFLTMSSVISMSAP,RLAAAVRFL,0,ABCB10,pancreatic adenocarcinoma,3,A3201,scoreable
99221,8,LAYPERRRLAAAVRFLTMSSVISMSAP,RLAAAVRFL,0,ABCB10,pancreatic adenocarcinoma,3,B0702,scoreable
99221,96,LAYPERRRLAAAVRFLTMSSVISMSAP,RLAAAVRFL,0,ABCB10,pancreatic adenocarcinoma,3,B3502,floor
99221,96,LAYPERRRLAAAVRFLTMSSVISMSAP,RLAAAVRFL,0,ABCB10,pancreatic adenocarcinoma,3,C0401,floor
99221,96,LAYPERRRLAAAVRFLTMSSVISMSAP,RLAAAVRFL,0,ABCB10,pancreatic adenocarcinoma,3,C0702,floor
99221,96,LAYPERRRLAAAVRFLTMSSVISMSAP,AAAVRFLTM,0,ABCB10,pancreatic adenocarcinoma,3,A0301,floor
99221,96,LAYPERRRLAAAVRFLTMSSVISMSAP,AAAVRFLTM,0,ABCB10,pancreatic adenocarcinoma,3,A3201,floor
99221,8,LAYPERRRLAAAVRFLTMSSVISMSAP,AAAVRFLTM,0,ABCB10,pancreatic adenocarcinoma,3,B0702,scoreable
99221,9,LAYPERRRLAAAVRFLTMSSVISMSAP,AAAVRFLTM,0,ABCB10,pancreatic adenocarcinoma,3,B3502,scoreable
99221,10,LAYPERRRLAAAVRFLTMSSVISMSAP,AAAVRFLTM,0,ABCB10,pancreatic adenocarcinoma,3,C0401,scoreable
99221,11,LAYPERRRLAAAVRFLTMSSVISMSAP,AAAVRFLTM,0,ABCB10,pancreatic adenocarcinoma,3,C0702,scoreable
99221,96,LAYPERRRLAAAVRFLTMSSVISMSAP,RFLTMSSVI,0,ABCB10,pancreatic adenocarcinoma,3,A0301,floor
99221,7,LAYPERRRLAAAVRFLTMSSVISMSAP,RFLTMSSVI,0,ABCB10,pancreatic adenocarcinoma,3,A3201,scoreable
99221,96,LAYPERRRLAAAVRFLTMSSVISMSAP,RFLTMSSVI,0,ABCB10,pancreatic adenocarcinoma,3,B0702,floor
99221,96,LAYPERRRLAAAVRFLTMSSVISMSAP,RFLTMSSVI,0,ABCB10,pancreatic adenocarcinoma,3,B3502,floor
99221,96,LAYPERRRLAAAVRFLTMSSVISMSAP,RFLTMSSVI,0,ABCB10,pancreatic adenocarcinoma,3,C0401,floor
99221,96,LAYPERRRLAAAVRFLTMSSVISMSAP,RFLTMSSVI,0,ABCB10,pancreatic adenocarcinoma,3,C0702,floor
99221,96,LAYPERRRLAAAVRFLTMSSVISMSAP,LAAAVRFLTM,0,ABCB10,pancreatic adenocarcinoma,3,A0301,floor
99221,96,LAYPERRRLAAAVRFLTMSSVISMSAP,LAAAVRFLTM,0,ABCB10,pancreatic adenocarcinoma,3,A3201,floor
99221,8,LAYPERRRLAAAVRFLTMSSVISMSAP,LAAAVRFLTM,0,ABCB10,pancreatic adenocarcinoma,3,B0702,scoreable
99221,96,LAYPERRRLAAAVRFLTMSSVISMSAP,LAAAVRFLTM,0,ABCB10,pancreatic adenocarcinoma,3,B3502,floor
99221,96,LAYPERRRLAAAVRFLTMSSVISMSAP,LAAAVRFLTM,0,ABCB10,pancreatic adenocarcinoma,3,C0401,floor
99221,11,LAYPERRRLAAAVRFLTMSSVISMSAP,LAAAVRFLTM,0,ABCB10,pancreatic adenocarcinoma,3,C0702,scoreable
99221,96,LAYPERRRLAAAVRFLTMSSVISMSAP,RLAAAVRFLTM,0,ABCB10,pancreatic adenocarcinoma,3,A0301,floor
99221,7,LAYPERRRLAAAVRFLTMSSVISMSAP,RLAAAVRFLTM,0,ABCB10,pancreatic adenocarcinoma,3,A3201,scoreable
99221,96,LAYPERRRLAAAVRFLTMSSVISMSAP,RLAAAVRFLTM,0,ABCB10,pancreatic adenocarcinoma,3,B0702,floor
99221,96,LAYPERRRLAAAVRFLTMSSVISMSAP,RLAAAVRFLTM,0,ABCB10,pancreatic adenocarcinoma,3,B3502,floor
99221,96,LAYPERRRLAAAVRFLTMSSVISMSAP,RLAAAVRFLTM,0,ABCB10,pancreatic adenocarcinoma,3,C0401,floor
99221,96,LAYPERRRLAAAVRFLTMSSVISMSAP,RLAAAVRFLTM,0,ABCB10,pancreatic adenocarcinoma,3,C0702,floor
99221,96,LAYPERRRLAAAVRFLTMSSVISMSAP,RFLTMSSVISM,0,ABCB10,pancreatic adenocarcinoma,3,A0301,floor
99221,7,LAYPERRRLAAAVRFLTMSSVISMSAP,RFLTMSSVISM,0,ABCB10,pancreatic adenocarcinoma,3,A3201,scoreable
99221,96,LAYPERRRLAAAVRFLTMSSVISMSAP,RFLTMSSVISM,0,ABCB10,pancreatic adenocarcinoma,3,B0702,floor
99221,96,LAYPERRRLAAAVRFLTMSSVISMSAP,RFLTMSSVISM,0,ABCB10,pancreatic adenocarcinoma,3,B3502,floor
99221,96,LAYPERRRLAAAVRFLTMSSVISMSAP,RFLTMSSVISM,0,ABCB10,pancreatic adenocarcinoma,3,C0401,floor
99221,96,LAYPERRRLAAAVRFLTMSSVISMSAP,RFLTMSSVISM,0,ABCB10,pancreatic adenocarcinoma,3,C0702,floor
99221,6,YGNEPEIGEALKENVGPGKAVPREELF,ALKENVGPGK,0,AKR1A1,pancreatic adenocarcinoma,3,A0301,scoreable
99221,96,YGNEPEIGEALKENVGPGKAVPREELF,ALKENVGPGK,0,AKR1A1,pancreatic adenocarcinoma,3,A3201,floor
99221,96,YGNEPEIGEALKENVGPGKAVPREELF,ALKENVGPGK,0,AKR1A1,pancreatic adenocarcinoma,3,B0702,floor
99221,96,YGNEPEIGEALKENVGPGKAVPREELF,ALKENVGPGK,0,AKR1A1,pancreatic adenocarcinoma,3,B3502,floor
99221,96,YGNEPEIGEALKENVGPGKAVPREELF,ALKENVGPGK,0,AKR1A1,pancreatic adenocarcinoma,3,C0401,floor
99221,96,YGNEPEIGEALKENVGPGKAVPREELF,ALKENVGPGK,0,AKR1A1,pancreatic adenocarcinoma,3,C0702,floor
99221,6,YGNEPEIGEALKENVGPGKAVPREELF,NVGPGKAVPR,0,AKR1A1,pancreatic adenocarcinoma,3,A0301,scoreable
99221,96,YGNEPEIGEALKENVGPGKAVPREELF,NVGPGKAVPR,0,AKR1A1,pancreatic adenocarcinoma,3,A3201,floor
99221,96,YGNEPEIGEALKENVGPGKAVPREELF,NVGPGKAVPR,0,AKR1A1,pancreatic adenocarcinoma,3,B0702,floor
99221,96,YGNEPEIGEALKENVGPGKAVPREELF,NVGPGKAVPR,0,AKR1A1,pancreatic adenocarcinoma,3,B3502,floor
99221,96,YGNEPEIGEALKENVGPGKAVPREELF,NVGPGKAVPR,0,AKR1A1,pancreatic adenocarcinoma,3,C0401,floor
99221,96,YGNEPEIGEALKENVGPGKAVPREELF,NVGPGKAVPR,0,AKR1A1,pancreatic adenocarcinoma,3,C0702,floor
99221,6,YGNEPEIGEALKENVGPGKAVPREELF,EALKENVGPGK,0,AKR1A1,pancreatic adenocarcinoma,3,A0301,scoreable
99221,96,YGNEPEIGEALKENVGPGKAVPREELF,EALKENVGPGK,0,AKR1A1,pancreatic adenocarcinoma,3,A3201,floor
99221,96,YGNEPEIGEALKENVGPGKAVPREELF,EALKENVGPGK,0,AKR1A1,pancreatic adenocarcinoma,3,B0702,floor
99221,96,YGNEPEIGEALKENVGPGKAVPREELF,EALKENVGPGK,0,AKR1A1,pancreatic adenocarcinoma,3,B3502,floor
99221,96,YGNEPEIGEALKENVGPGKAVPREELF,EALKENVGPGK,0,AKR1A1,pancreatic adenocarcinoma,3,C0401,floor
99221,96,YGNEPEIGEALKENVGPGKAVPREELF,EALKENVGPGK,0,AKR1A1,pancreatic adenocarcinoma,3,C0702,floor
99221,96,MEVNHDDKVVTTEHFDLSQEMERLTLD,KVVTTEHFDL,0,ANKRD13A,pancreatic adenocarcinoma,3,A0301,floor
99221,7,MEVNHDDKVVTTEHFDLSQEMERLTLD,KVVTTEHFDL,0,ANKRD13A,pancreatic adenocarcinoma,3,A3201,scoreable
99221,96,MEVNHDDKVVTTEHFDLSQEMERLTLD,KVVTTEHFDL,0,ANKRD13A,pancreatic adenocarcinoma,3,B0702,floor
99221,96,MEVNHDDKVVTTEHFDLSQEMERLTLD,KVVTTEHFDL,0,ANKRD13A,pancreatic adenocarcinoma,3,B3502,floor
99221,96,MEVNHDDKVVTTEHFDLSQEMERLTLD,KVVTTEHFDL,0,ANKRD13A,pancreatic adenocarcinoma,3,C0401,floor
99221,96,MEVNHDDKVVTTEHFDLSQEMERLTLD,KVVTTEHFDL,0,ANKRD13A,pancreatic adenocarcinoma,3,C0702,floor
99221,96,ILSGNKFQDRYFVIRDGFLFLYKDVKS,KFQDRYFVI,0,ARAP2,pancreatic adenocarcinoma,3,A0301,floor
99221,7,ILSGNKFQDRYFVIRDGFLFLYKDVKS,KFQDRYFVI,0,ARAP2,pancreatic adenocarcinoma,3,A3201,scoreable
99221,96,ILSGNKFQDRYFVIRDGFLFLYKDVKS,KFQDRYFVI,0,ARAP2,pancreatic adenocarcinoma,3,B0702,floor
99221,96,ILSGNKFQDRYFVIRDGFLFLYKDVKS,KFQDRYFVI,0,ARAP2,pancreatic adenocarcinoma,3,B3502,floor
99221,10,ILSGNKFQDRYFVIRDGFLFLYKDVKS,KFQDRYFVI,0,ARAP2,pancreatic adenocarcinoma,3,C0401,scoreable
99221,96,ILSGNKFQDRYFVIRDGFLFLYKDVKS,KFQDRYFVI,0,ARAP2,pancreatic adenocarcinoma,3,C0702,floor
99221,6,ILSGNKFQDRYFVIRDGFLFLYKDVKS,FQDRYFVIR,0,ARAP2,pancreatic adenocarcinoma,3,A0301,scoreable
99221,96,ILSGNKFQDRYFVIRDGFLFLYKDVKS,FQDRYFVIR,0,ARAP2,pancreatic adenocarcinoma,3,A3201,floor
99221,96,ILSGNKFQDRYFVIRDGFLFLYKDVKS,FQDRYFVIR,0,ARAP2,pancreatic adenocarcinoma,3,B0702,floor
99221,96,ILSGNKFQDRYFVIRDGFLFLYKDVKS,FQDRYFVIR,0,ARAP2,pancreatic adenocarcinoma,3,B3502,floor
99221,96,ILSGNKFQDRYFVIRDGFLFLYKDVKS,FQDRYFVIR,0,ARAP2,pancreatic adenocarcinoma,3,C0401,floor
99221,96,ILSGNKFQDRYFVIRDGFLFLYKDVKS,FQDRYFVIR,0,ARAP2,pancreatic adenocarcinoma,3,C0702,floor
99221,96,ILSGNKFQDRYFVIRDGFLFLYKDVKS,RYFVIRDGF,0,ARAP2,pancreatic adenocarcinoma,3,A0301,floor
99221,7,ILSGNKFQDRYFVIRDGFLFLYKDVKS,RYFVIRDGF,0,ARAP2,pancreatic adenocarcinoma,3,A3201,scoreable
99221,96,ILSGNKFQDRYFVIRDGFLFLYKDVKS,RYFVIRDGF,0,ARAP2,pancreatic adenocarcinoma,3,B0702,floor
99221,96,ILSGNKFQDRYFVIRDGFLFLYKDVKS,RYFVIRDGF,0,ARAP2,pancreatic adenocarcinoma,3,B3502,floor
99221,96,ILSGNKFQDRYFVIRDGFLFLYKDVKS,RYFVIRDGF,0,ARAP2,pancreatic adenocarcinoma,3,C0401,floor
99221,96,ILSGNKFQDRYFVIRDGFLFLYKDVKS,RYFVIRDGF,0,ARAP2,pancreatic adenocarcinoma,3,C0702,floor
99221,96,ILSGNKFQDRYFVIRDGFLFLYKDVKS,FVIRDGFLF,0,ARAP2,pancreatic adenocarcinoma,3,A0301,floor
99221,7,ILSGNKFQDRYFVIRDGFLFLYKDVKS,FVIRDGFLF,0,ARAP2,pancreatic adenocarcinoma,3,A3201,scoreable
99221,96,ILSGNKFQDRYFVIRDGFLFLYKDVKS,FVIRDGFLF,0,ARAP2,pancreatic adenocarcinoma,3,B0702,floor
99221,9,ILSGNKFQDRYFVIRDGFLFLYKDVKS,FVIRDGFLF,0,ARAP2,pancreatic adenocarcinoma,3,B3502,scoreable
99221,96,ILSGNKFQDRYFVIRDGFLFLYKDVKS,FVIRDGFLF,0,ARAP2,pancreatic adenocarcinoma,3,C0401,floor
99221,11,ILSGNKFQDRYFVIRDGFLFLYKDVKS,FVIRDGFLF,0,ARAP2,pancreatic adenocarcinoma,3,C0702,scoreable
99221,6,ILSGNKFQDRYFVIRDGFLFLYKDVKS,VIRDGFLFL,0,ARAP2,pancreatic adenocarcinoma,3,A0301,scoreable
99221,96,ILSGNKFQDRYFVIRDGFLFLYKDVKS,VIRDGFLFL,0,ARAP2,pancreatic adenocarcinoma,3,A3201,floor
99221,8,ILSGNKFQDRYFVIRDGFLFLYKDVKS,VIRDGFLFL,0,ARAP2,pancreatic adenocarcinoma,3,B0702,scoreable
99221,96,ILSGNKFQDRYFVIRDGFLFLYKDVKS,VIRDGFLFL,0,ARAP2,pancreatic adenocarcinoma,3,B3502,floor
99221,10,ILSGNKFQDRYFVIRDGFLFLYKDVKS,VIRDGFLFL,0,ARAP2,pancreatic adenocarcinoma,3,C0401,scoreable
99221,96,ILSGNKFQDRYFVIRDGFLFLYKDVKS,VIRDGFLFL,0,ARAP2,pancreatic adenocarcinoma,3,C0702,floor
99221,96,ILSGNKFQDRYFVIRDGFLFLYKDVKS,IRDGFLFLY,0,ARAP2,pancreatic adenocarcinoma,3,A0301,floor
99221,7,ILSGNKFQDRYFVIRDGFLFLYKDVKS,IRDGFLFLY,0,ARAP2,pancreatic adenocarcinoma,3,A3201,scoreable
99221,96,ILSGNKFQDRYFVIRDGFLFLYKDVKS,IRDGFLFLY,0,ARAP2,pancreatic adenocarcinoma,3,B0702,floor
99221,96,ILSGNKFQDRYFVIRDGFLFLYKDVKS,IRDGFLFLY,0,ARAP2,pancreatic adenocarcinoma,3,B3502,floor
99221,96,ILSGNKFQDRYFVIRDGFLFLYKDVKS,IRDGFLFLY,0,ARAP2,pancreatic adenocarcinoma,3,C0401,floor
99221,96,ILSGNKFQDRYFVIRDGFLFLYKDVKS,IRDGFLFLY,0,ARAP2,pancreatic adenocarcinoma,3,C0702,floor
99221,6,ILSGNKFQDRYFVIRDGFLFLYKDVKS,VIRDGFLFLY,0,ARAP2,pancreatic adenocarcinoma,3,A0301,scoreable
99221,7,ILSGNKFQDRYFVIRDGFLFLYKDVKS,VIRDGFLFLY,0,ARAP2,pancreatic adenocarcinoma,3,A3201,scoreable
99221,96,ILSGNKFQDRYFVIRDGFLFLYKDVKS,VIRDGFLFLY,0,ARAP2,pancreatic adenocarcinoma,3,B0702,floor
99221,96,ILSGNKFQDRYFVIRDGFLFLYKDVKS,VIRDGFLFLY,0,ARAP2,pancreatic adenocarcinoma,3,B3502,floor
99221,96,ILSGNKFQDRYFVIRDGFLFLYKDVKS,VIRDGFLFLY,0,ARAP2,pancreatic adenocarcinoma,3,C0401,floor
99221,96,ILSGNKFQDRYFVIRDGFLFLYKDVKS,VIRDGFLFLY,0,ARAP2,pancreatic adenocarcinoma,3,C0702,floor
99221,6,ILSGNKFQDRYFVIRDGFLFLYKDVKS,IRDGFLFLYK,0,ARAP2,pancreatic adenocarcinoma,3,A0301,scoreable
99221,96,ILSGNKFQDRYFVIRDGFLFLYKDVKS,IRDGFLFLYK,0,ARAP2,pancreatic adenocarcinoma,3,A3201,floor
99221,96,ILSGNKFQDRYFVIRDGFLFLYKDVKS,IRDGFLFLYK,0,ARAP2,pancreatic adenocarcinoma,3,B0702,floor
99221,96,ILSGNKFQDRYFVIRDGFLFLYKDVKS,IRDGFLFLYK,0,ARAP2,pancreatic adenocarcinoma,3,B3502,floor
99221,96,ILSGNKFQDRYFVIRDGFLFLYKDVKS,IRDGFLFLYK,0,ARAP2,pancreatic adenocarcinoma,3,C0401,floor
99221,96,ILSGNKFQDRYFVIRDGFLFLYKDVKS,IRDGFLFLYK,0,ARAP2,pancreatic adenocarcinoma,3,C0702,floor
99221,96,ILSGNKFQDRYFVIRDGFLFLYKDVKS,RYFVIRDGFLF,0,ARAP2,pancreatic adenocarcinoma,3,A0301,floor
99221,7,ILSGNKFQDRYFVIRDGFLFLYKDVKS,RYFVIRDGFLF,0,ARAP2,pancreatic adenocarcinoma,3,A3201,scoreable
99221,96,ILSGNKFQDRYFVIRDGFLFLYKDVKS,RYFVIRDGFLF,0,ARAP2,pancreatic adenocarcinoma,3,B0702,floor
99221,96,ILSGNKFQDRYFVIRDGFLFLYKDVKS,RYFVIRDGFLF,0,ARAP2,pancreatic adenocarcinoma,3,B3502,floor
99221,96,ILSGNKFQDRYFVIRDGFLFLYKDVKS,RYFVIRDGFLF,0,ARAP2,pancreatic adenocarcinoma,3,C0401,floor
99221,96,ILSGNKFQDRYFVIRDGFLFLYKDVKS,RYFVIRDGFLF,0,ARAP2,pancreatic adenocarcinoma,3,C0702,floor
99221,96,ILSGNKFQDRYFVIRDGFLFLYKDVKS,YFVIRDGFLFL,0,ARAP2,pancreatic adenocarcinoma,3,A0301,floor
99221,96,ILSGNKFQDRYFVIRDGFLFLYKDVKS,YFVIRDGFLFL,0,ARAP2,pancreatic adenocarcinoma,3,A3201,floor
99221,96,ILSGNKFQDRYFVIRDGFLFLYKDVKS,YFVIRDGFLFL,0,ARAP2,pancreatic adenocarcinoma,3,B0702,floor
99221,96,ILSGNKFQDRYFVIRDGFLFLYKDVKS,YFVIRDGFLFL,0,ARAP2,pancreatic adenocarcinoma,3,B3502,floor
99221,10,ILSGNKFQDRYFVIRDGFLFLYKDVKS,YFVIRDGFLFL,0,ARAP2,pancreatic adenocarcinoma,3,C0401,scoreable
99221,96,ILSGNKFQDRYFVIRDGFLFLYKDVKS,YFVIRDGFLFL,0,ARAP2,pancreatic adenocarcinoma,3,C0702,floor
99221,96,ILSGNKFQDRYFVIRDGFLFLYKDVKS,FVIRDGFLFLY,0,ARAP2,pancreatic adenocarcinoma,3,A0301,floor
99221,7,ILSGNKFQDRYFVIRDGFLFLYKDVKS,FVIRDGFLFLY,0,ARAP2,pancreatic adenocarcinoma,3,A3201,scoreable
99221,96,ILSGNKFQDRYFVIRDGFLFLYKDVKS,FVIRDGFLFLY,0,ARAP2,pancreatic adenocarcinoma,3,B0702,floor
99221,96,ILSGNKFQDRYFVIRDGFLFLYKDVKS,FVIRDGFLFLY,0,ARAP2,pancreatic adenocarcinoma,3,B3502,floor
99221,96,ILSGNKFQDRYFVIRDGFLFLYKDVKS,FVIRDGFLFLY,0,ARAP2,pancreatic adenocarcinoma,3,C0401,floor
99221,96,ILSGNKFQDRYFVIRDGFLFLYKDVKS,FVIRDGFLFLY,0,ARAP2,pancreatic adenocarcinoma,3,C0702,floor
99221,6,ILSGNKFQDRYFVIRDGFLFLYKDVKS,VIRDGFLFLYK,0,ARAP2,pancreatic adenocarcinoma,3,A0301,scoreable
99221,96,ILSGNKFQDRYFVIRDGFLFLYKDVKS,VIRDGFLFLYK,0,ARAP2,pancreatic adenocarcinoma,3,A3201,floor
99221,96,ILSGNKFQDRYFVIRDGFLFLYKDVKS,VIRDGFLFLYK,0,ARAP2,pancreatic adenocarcinoma,3,B0702,floor
99221,96,ILSGNKFQDRYFVIRDGFLFLYKDVKS,VIRDGFLFLYK,0,ARAP2,pancreatic adenocarcinoma,3,B3502,floor
99221,96,ILSGNKFQDRYFVIRDGFLFLYKDVKS,VIRDGFLFLYK,0,ARAP2,pancreatic adenocarcinoma,3,C0401,floor
99221,96,ILSGNKFQDRYFVIRDGFLFLYKDVKS,VIRDGFLFLYK,0,ARAP2,pancreatic adenocarcinoma,3,C0702,floor
99221,96,RRGAQLRRPRHSHLTRARRCPGGLPGH,LRRPRHSHL,0,CDKN2A,pancreatic adenocarcinoma,3,A0301,floor
99221,96,RRGAQLRRPRHSHLTRARRCPGGLPGH,LRRPRHSHL,0,CDKN2A,pancreatic adenocarcinoma,3,A3201,floor
99221,8,RRGAQLRRPRHSHLTRARRCPGGLPGH,LRRPRHSHL,0,CDKN2A,pancreatic adenocarcinoma,3,B0702,scoreable
99221,96,RRGAQLRRPRHSHLTRARRCPGGLPGH,LRRPRHSHL,0,CDKN2A,pancreatic adenocarcinoma,3,B3502,floor
99221,96,RRGAQLRRPRHSHLTRARRCPGGLPGH,LRRPRHSHL,0,CDKN2A,pancreatic adenocarcinoma,3,C0401,floor
99221,96,RRGAQLRRPRHSHLTRARRCPGGLPGH,LRRPRHSHL,0,CDKN2A,pancreatic adenocarcinoma,3,C0702,floor
99221,6,RRGAQLRRPRHSHLTRARRCPGGLPGH,RPRHSHLTR,0,CDKN2A,pancreatic adenocarcinoma,3,A0301,scoreable
99221,96,RRGAQLRRPRHSHLTRARRCPGGLPGH,RPRHSHLTR,0,CDKN2A,pancreatic adenocarcinoma,3,A3201,floor
99221,8,RRGAQLRRPRHSHLTRARRCPGGLPGH,RPRHSHLTR,0,CDKN2A,pancreatic adenocarcinoma,3,B0702,scoreable
99221,96,RRGAQLRRPRHSHLTRARRCPGGLPGH,RPRHSHLTR,0,CDKN2A,pancreatic adenocarcinoma,3,B3502,floor
99221,96,RRGAQLRRPRHSHLTRARRCPGGLPGH,RPRHSHLTR,0,CDKN2A,pancreatic adenocarcinoma,3,C0401,floor
99221,96,RRGAQLRRPRHSHLTRARRCPGGLPGH,RPRHSHLTR,0,CDKN2A,pancreatic adenocarcinoma,3,C0702,floor
99221,96,RRGAQLRRPRHSHLTRARRCPGGLPGH,QLRRPRHSHL,0,CDKN2A,pancreatic adenocarcinoma,3,A0301,floor
99221,96,RRGAQLRRPRHSHLTRARRCPGGLPGH,QLRRPRHSHL,0,CDKN2A,pancreatic adenocarcinoma,3,A3201,floor
99221,8,RRGAQLRRPRHSHLTRARRCPGGLPGH,QLRRPRHSHL,0,CDKN2A,pancreatic adenocarcinoma,3,B0702,scoreable
99221,96,RRGAQLRRPRHSHLTRARRCPGGLPGH,QLRRPRHSHL,0,CDKN2A,pancreatic adenocarcinoma,3,B3502,floor
99221,96,RRGAQLRRPRHSHLTRARRCPGGLPGH,QLRRPRHSHL,0,CDKN2A,pancreatic adenocarcinoma,3,C0401,floor
99221,96,RRGAQLRRPRHSHLTRARRCPGGLPGH,QLRRPRHSHL,0,CDKN2A,pancreatic adenocarcinoma,3,C0702,floor
99221,96,RRGAQLRRPRHSHLTRARRCPGGLPGH,RPRHSHLTRA,0,CDKN2A,pancreatic adenocarcinoma,3,A0301,floor
99221,96,RRGAQLRRPRHSHLTRARRCPGGLPGH,RPRHSHLTRA,0,CDKN2A,pancreatic adenocarcinoma,3,A3201,floor
99221,8,RRGAQLRRPRHSHLTRARRCPGGLPGH,RPRHSHLTRA,0,CDKN2A,pancreatic adenocarcinoma,3,B0702,scoreable
99221,96,RRGAQLRRPRHSHLTRARRCPGGLPGH,RPRHSHLTRA,0,CDKN2A,pancreatic adenocarcinoma,3,B3502,floor
99221,96,RRGAQLRRPRHSHLTRARRCPGGLPGH,RPRHSHLTRA,0,CDKN2A,pancreatic adenocarcinoma,3,C0401,floor
99221,96,RRGAQLRRPRHSHLTRARRCPGGLPGH,RPRHSHLTRA,0,CDKN2A,pancreatic adenocarcinoma,3,C0702,floor
99221,96,RRGAQLRRPRHSHLTRARRCPGGLPGH,RPRHSHLTRAR,0,CDKN2A,pancreatic adenocarcinoma,3,A0301,floor
99221,96,RRGAQLRRPRHSHLTRARRCPGGLPGH,RPRHSHLTRAR,0,CDKN2A,pancreatic adenocarcinoma,3,A3201,floor
99221,8,RRGAQLRRPRHSHLTRARRCPGGLPGH,RPRHSHLTRAR,0,CDKN2A,pancreatic adenocarcinoma,3,B0702,scoreable
99221,96,RRGAQLRRPRHSHLTRARRCPGGLPGH,RPRHSHLTRAR,0,CDKN2A,pancreatic adenocarcinoma,3,B3502,floor
99221,96,RRGAQLRRPRHSHLTRARRCPGGLPGH,RPRHSHLTRAR,0,CDKN2A,pancreatic adenocarcinoma,3,C0401,floor
99221,96,RRGAQLRRPRHSHLTRARRCPGGLPGH,RPRHSHLTRAR,0,CDKN2A,pancreatic adenocarcinoma,3,C0702,floor
99221,96,MLKVVSRSVVCSDTR,MLKVVSRSV,0,CXorf56,pancreatic adenocarcinoma,3,A0301,floor
99221,96,MLKVVSRSVVCSDTR,MLKVVSRSV,0,CXorf56,pancreatic adenocarcinoma,3,A3201,floor
99221,8,MLKVVSRSVVCSDTR,MLKVVSRSV,0,CXorf56,pancreatic adenocarcinoma,3,B0702,scoreable
99221,96,MLKVVSRSVVCSDTR,MLKVVSRSV,0,CXorf56,pancreatic adenocarcinoma,3,B3502,floor
99221,96,MLKVVSRSVVCSDTR,MLKVVSRSV,0,CXorf56,pancreatic adenocarcinoma,3,C0401,floor
99221,96,MLKVVSRSVVCSDTR,MLKVVSRSV,0,CXorf56,pancreatic adenocarcinoma,3,C0702,floor
99221,6,YLEEAVMHLDHSDTITRDHMGSVMAQV,HLDHSDTITR,0,EDC4,pancreatic adenocarcinoma,3,A0301,scoreable
99221,96,YLEEAVMHLDHSDTITRDHMGSVMAQV,HLDHSDTITR,0,EDC4,pancreatic adenocarcinoma,3,A3201,floor
99221,96,YLEEAVMHLDHSDTITRDHMGSVMAQV,HLDHSDTITR,0,EDC4,pancreatic adenocarcinoma,3,B0702,floor
99221,96,YLEEAVMHLDHSDTITRDHMGSVMAQV,HLDHSDTITR,0,EDC4,pancreatic adenocarcinoma,3,B3502,floor
99221,96,YLEEAVMHLDHSDTITRDHMGSVMAQV,HLDHSDTITR,0,EDC4,pancreatic adenocarcinoma,3,C0401,floor
99221,96,YLEEAVMHLDHSDTITRDHMGSVMAQV,HLDHSDTITR,0,EDC4,pancreatic adenocarcinoma,3,C0702,floor
99221,96,YLEEAVMHLDHSDTITRDHMGSVMAQV,AVMHLDHSDTI,0,EDC4,pancreatic adenocarcinoma,3,A0301,floor
99221,7,YLEEAVMHLDHSDTITRDHMGSVMAQV,AVMHLDHSDTI,0,EDC4,pancreatic adenocarcinoma,3,A3201,scoreable
99221,96,YLEEAVMHLDHSDTITRDHMGSVMAQV,AVMHLDHSDTI,0,EDC4,pancreatic adenocarcinoma,3,B0702,floor
99221,96,YLEEAVMHLDHSDTITRDHMGSVMAQV,AVMHLDHSDTI,0,EDC4,pancreatic adenocarcinoma,3,B3502,floor
99221,96,YLEEAVMHLDHSDTITRDHMGSVMAQV,AVMHLDHSDTI,0,EDC4,pancreatic adenocarcinoma,3,C0401,floor
99221,96,YLEEAVMHLDHSDTITRDHMGSVMAQV,AVMHLDHSDTI,0,EDC4,pancreatic adenocarcinoma,3,C0702,floor
99221,96,MKGVKEHHEDHGIQESRRPCLSLASKY,IQESRRPCL,0,FAM178A,pancreatic adenocarcinoma,3,A0301,floor
99221,96,MKGVKEHHEDHGIQESRRPCLSLASKY,IQESRRPCL,0,FAM178A,pancreatic adenocarcinoma,3,A3201,floor
99221,8,MKGVKEHHEDHGIQESRRPCLSLASKY,IQESRRPCL,0,FAM178A,pancreatic adenocarcinoma,3,B0702,scoreable
99221,96,MKGVKEHHEDHGIQESRRPCLSLASKY,IQESRRPCL,0,FAM178A,pancreatic adenocarcinoma,3,B3502,floor
99221,96,MKGVKEHHEDHGIQESRRPCLSLASKY,IQESRRPCL,0,FAM178A,pancreatic adenocarcinoma,3,C0401,floor
99221,96,MKGVKEHHEDHGIQESRRPCLSLASKY,IQESRRPCL,0,FAM178A,pancreatic adenocarcinoma,3,C0702,floor
99221,96,MKGVKEHHEDHGIQESRRPCLSLASKY,GIQESRRPCL,0,FAM178A,pancreatic adenocarcinoma,3,A0301,floor
99221,96,MKGVKEHHEDHGIQESRRPCLSLASKY,GIQESRRPCL,0,FAM178A,pancreatic adenocarcinoma,3,A3201,floor
99221,8,MKGVKEHHEDHGIQESRRPCLSLASKY,GIQESRRPCL,0,FAM178A,pancreatic adenocarcinoma,3,B0702,scoreable
99221,96,MKGVKEHHEDHGIQESRRPCLSLASKY,GIQESRRPCL,0,FAM178A,pancreatic adenocarcinoma,3,B3502,floor
99221,96,MKGVKEHHEDHGIQESRRPCLSLASKY,GIQESRRPCL,0,FAM178A,pancreatic adenocarcinoma,3,C0401,floor
99221,96,MKGVKEHHEDHGIQESRRPCLSLASKY,GIQESRRPCL,0,FAM178A,pancreatic adenocarcinoma,3,C0702,floor
99221,96,IDSVKPRRSSLSRCSSMESPKSSLYRE,SSLSRCSSM,0,HIVEP3,pancreatic adenocarcinoma,3,A0301,floor
99221,7,IDSVKPRRSSLSRCSSMESPKSSLYRE,SSLSRCSSM,0,HIVEP3,pancreatic adenocarcinoma,3,A3201,scoreable
99221,8,IDSVKPRRSSLSRCSSMESPKSSLYRE,SSLSRCSSM,0,HIVEP3,pancreatic adenocarcinoma,3,B0702,scoreable
99221,96,IDSVKPRRSSLSRCSSMESPKSSLYRE,SSLSRCSSM,0,HIVEP3,pancreatic adenocarcinoma,3,B3502,floor
99221,10,IDSVKPRRSSLSRCSSMESPKSSLYRE,SSLSRCSSM,0,HIVEP3,pancreatic adenocarcinoma,3,C0401,scoreable
99221,96,IDSVKPRRSSLSRCSSMESPKSSLYRE,SSLSRCSSM,0,HIVEP3,pancreatic adenocarcinoma,3,C0702,floor
99221,6,IDSVKPRRSSLSRCSSMESPKSSLYRE,RCSSMESPK,0,HIVEP3,pancreatic adenocarcinoma,3,A0301,scoreable
99221,96,IDSVKPRRSSLSRCSSMESPKSSLYRE,RCSSMESPK,0,HIVEP3,pancreatic adenocarcinoma,3,A3201,floor
99221,96,IDSVKPRRSSLSRCSSMESPKSSLYRE,RCSSMESPK,0,HIVEP3,pancreatic adenocarcinoma,3,B0702,floor
99221,96,IDSVKPRRSSLSRCSSMESPKSSLYRE,RCSSMESPK,0,HIVEP3,pancreatic adenocarcinoma,3,B3502,floor
99221,96,IDSVKPRRSSLSRCSSMESPKSSLYRE,RCSSMESPK,0,HIVEP3,pancreatic adenocarcinoma,3,C0401,floor
99221,96,IDSVKPRRSSLSRCSSMESPKSSLYRE,RCSSMESPK,0,HIVEP3,pancreatic adenocarcinoma,3,C0702,floor
99221,96,IDSVKPRRSSLSRCSSMESPKSSLYRE,KPRRSSLSRC,0,HIVEP3,pancreatic adenocarcinoma,3,A0301,floor
99221,96,IDSVKPRRSSLSRCSSMESPKSSLYRE,KPRRSSLSRC,0,HIVEP3,pancreatic adenocarcinoma,3,A3201,floor
99221,8,IDSVKPRRSSLSRCSSMESPKSSLYRE,KPRRSSLSRC,0,HIVEP3,pancreatic adenocarcinoma,3,B0702,scoreable
99221,96,IDSVKPRRSSLSRCSSMESPKSSLYRE,KPRRSSLSRC,0,HIVEP3,pancreatic adenocarcinoma,3,B3502,floor
99221,96,IDSVKPRRSSLSRCSSMESPKSSLYRE,KPRRSSLSRC,0,HIVEP3,pancreatic adenocarcinoma,3,C0401,floor
99221,96,IDSVKPRRSSLSRCSSMESPKSSLYRE,KPRRSSLSRC,0,HIVEP3,pancreatic adenocarcinoma,3,C0702,floor
99221,96,IDSVKPRRSSLSRCSSMESPKSSLYRE,RSSLSRCSSM,0,HIVEP3,pancreatic adenocarcinoma,3,A0301,floor
99221,7,IDSVKPRRSSLSRCSSMESPKSSLYRE,RSSLSRCSSM,0,HIVEP3,pancreatic adenocarcinoma,3,A3201,scoreable
99221,8,IDSVKPRRSSLSRCSSMESPKSSLYRE,RSSLSRCSSM,0,HIVEP3,pancreatic adenocarcinoma,3,B0702,scoreable
99221,96,IDSVKPRRSSLSRCSSMESPKSSLYRE,RSSLSRCSSM,0,HIVEP3,pancreatic adenocarcinoma,3,B3502,floor
99221,96,IDSVKPRRSSLSRCSSMESPKSSLYRE,RSSLSRCSSM,0,HIVEP3,pancreatic adenocarcinoma,3,C0401,floor
99221,96,IDSVKPRRSSLSRCSSMESPKSSLYRE,RSSLSRCSSM,0,HIVEP3,pancreatic adenocarcinoma,3,C0702,floor
99221,6,IDSVKPRRSSLSRCSSMESPKSSLYRE,SRCSSMESPK,0,HIVEP3,pancreatic adenocarcinoma,3,A0301,scoreable
99221,96,IDSVKPRRSSLSRCSSMESPKSSLYRE,SRCSSMESPK,0,HIVEP3,pancreatic adenocarcinoma,3,A3201,floor
99221,96,IDSVKPRRSSLSRCSSMESPKSSLYRE,SRCSSMESPK,0,HIVEP3,pancreatic adenocarcinoma,3,B0702,floor
99221,96,IDSVKPRRSSLSRCSSMESPKSSLYRE,SRCSSMESPK,0,HIVEP3,pancreatic adenocarcinoma,3,B3502,floor
99221,96,IDSVKPRRSSLSRCSSMESPKSSLYRE,SRCSSMESPK,0,HIVEP3,pancreatic adenocarcinoma,3,C0401,floor
99221,96,IDSVKPRRSSLSRCSSMESPKSSLYRE,SRCSSMESPK,0,HIVEP3,pancreatic adenocarcinoma,3,C0702,floor
99221,96,IDSVKPRRSSLSRCSSMESPKSSLYRE,KPRRSSLSRCS,0,HIVEP3,pancreatic adenocarcinoma,3,A0301,floor
99221,96,IDSVKPRRSSLSRCSSMESPKSSLYRE,KPRRSSLSRCS,0,HIVEP3,pancreatic adenocarcinoma,3,A3201,floor
99221,8,IDSVKPRRSSLSRCSSMESPKSSLYRE,KPRRSSLSRCS,0,HIVEP3,pancreatic adenocarcinoma,3,B0702,scoreable
99221,96,IDSVKPRRSSLSRCSSMESPKSSLYRE,KPRRSSLSRCS,0,HIVEP3,pancreatic adenocarcinoma,3,B3502,floor
99221,96,IDSVKPRRSSLSRCSSMESPKSSLYRE,KPRRSSLSRCS,0,HIVEP3,pancreatic adenocarcinoma,3,C0401,floor
99221,96,IDSVKPRRSSLSRCSSMESPKSSLYRE,KPRRSSLSRCS,0,HIVEP3,pancreatic adenocarcinoma,3,C0702,floor
99221,6,IDSVKPRRSSLSRCSSMESPKSSLYRE,LSRCSSMESPK,0,HIVEP3,pancreatic adenocarcinoma,3,A0301,scoreable
99221,96,IDSVKPRRSSLSRCSSMESPKSSLYRE,LSRCSSMESPK,0,HIVEP3,pancreatic adenocarcinoma,3,A3201,floor
99221,96,IDSVKPRRSSLSRCSSMESPKSSLYRE,LSRCSSMESPK,0,HIVEP3,pancreatic adenocarcinoma,3,B0702,floor
99221,96,IDSVKPRRSSLSRCSSMESPKSSLYRE,LSRCSSMESPK,0,HIVEP3,pancreatic adenocarcinoma,3,B3502,floor
99221,96,IDSVKPRRSSLSRCSSMESPKSSLYRE,LSRCSSMESPK,0,HIVEP3,pancreatic adenocarcinoma,3,C0401,floor
99221,96,IDSVKPRRSSLSRCSSMESPKSSLYRE,LSRCSSMESPK,0,HIVEP3,pancreatic adenocarcinoma,3,C0702,floor
99221,96,IDSVKPRRSSLSRCSSMESPKSSLYRE,CSSMESPKSSL,0,HIVEP3,pancreatic adenocarcinoma,3,A0301,floor
99221,96,IDSVKPRRSSLSRCSSMESPKSSLYRE,CSSMESPKSSL,0,HIVEP3,pancreatic adenocarcinoma,3,A3201,floor
99221,8,IDSVKPRRSSLSRCSSMESPKSSLYRE,CSSMESPKSSL,0,HIVEP3,pancreatic adenocarcinoma,3,B0702,scoreable
99221,96,IDSVKPRRSSLSRCSSMESPKSSLYRE,CSSMESPKSSL,0,HIVEP3,pancreatic adenocarcinoma,3,B3502,floor
99221,96,IDSVKPRRSSLSRCSSMESPKSSLYRE,CSSMESPKSSL,0,HIVEP3,pancreatic adenocarcinoma,3,C0401,floor
99221,96,IDSVKPRRSSLSRCSSMESPKSSLYRE,CSSMESPKSSL,0,HIVEP3,pancreatic adenocarcinoma,3,C0702,floor
99221,6,IDSVKPRRSSLSRCSSMESPKSSLYRE,SLSRCSSMESPK,0,HIVEP3,pancreatic adenocarcinoma,3,A0301,scoreable
99221,96,IDSVKPRRSSLSRCSSMESPKSSLYRE,SLSRCSSMESPK,0,HIVEP3,pancreatic adenocarcinoma,3,A3201,floor
99221,96,IDSVKPRRSSLSRCSSMESPKSSLYRE,SLSRCSSMESPK,0,HIVEP3,pancreatic adenocarcinoma,3,B0702,floor
99221,96,IDSVKPRRSSLSRCSSMESPKSSLYRE,SLSRCSSMESPK,0,HIVEP3,pancreatic adenocarcinoma,3,B3502,floor
99221,96,IDSVKPRRSSLSRCSSMESPKSSLYRE,SLSRCSSMESPK,0,HIVEP3,pancreatic adenocarcinoma,3,C0401,floor
99221,96,IDSVKPRRSSLSRCSSMESPKSSLYRE,SLSRCSSMESPK,0,HIVEP3,pancreatic adenocarcinoma,3,C0702,floor
99221,6,MTEYKLVVVGADGVGKSALTIQLIQ,VVGADGVGK,0,KRAS,pancreatic adenocarcinoma,3,A0301,scoreable
99221,96,MTEYKLVVVGADGVGKSALTIQLIQ,VVGADGVGK,0,KRAS,pancreatic adenocarcinoma,3,A3201,floor
99221,96,MTEYKLVVVGADGVGKSALTIQLIQ,VVGADGVGK,0,KRAS,pancreatic adenocarcinoma,3,B0702,floor
99221,96,MTEYKLVVVGADGVGKSALTIQLIQ,VVGADGVGK,0,KRAS,pancreatic adenocarcinoma,3,B3502,floor
99221,96,MTEYKLVVVGADGVGKSALTIQLIQ,VVGADGVGK,0,KRAS,pancreatic adenocarcinoma,3,C0401,floor
99221,96,MTEYKLVVVGADGVGKSALTIQLIQ,VVGADGVGK,0,KRAS,pancreatic adenocarcinoma,3,C0702,floor
99221,96,MTEYKLVVVGADGVGKSALTIQLIQ,ADGVGKSAL,0,KRAS,pancreatic adenocarcinoma,3,A0301,floor
99221,96,MTEYKLVVVGADGVGKSALTIQLIQ,ADGVGKSAL,0,KRAS,pancreatic adenocarcinoma,3,A3201,floor
99221,8,MTEYKLVVVGADGVGKSALTIQLIQ,ADGVGKSAL,0,KRAS,pancreatic adenocarcinoma,3,B0702,scoreable
99221,96,MTEYKLVVVGADGVGKSALTIQLIQ,ADGVGKSAL,0,KRAS,pancreatic adenocarcinoma,3,B3502,floor
99221,96,MTEYKLVVVGADGVGKSALTIQLIQ,ADGVGKSAL,0,KRAS,pancreatic adenocarcinoma,3,C0401,floor
99221,96,MTEYKLVVVGADGVGKSALTIQLIQ,ADGVGKSAL,0,KRAS,pancreatic adenocarcinoma,3,C0702,floor
99221,6,MTEYKLVVVGADGVGKSALTIQLIQ,VVVGADGVGK,0,KRAS,pancreatic adenocarcinoma,3,A0301,scoreable
99221,96,MTEYKLVVVGADGVGKSALTIQLIQ,VVVGADGVGK,0,KRAS,pancreatic adenocarcinoma,3,A3201,floor
99221,96,MTEYKLVVVGADGVGKSALTIQLIQ,VVVGADGVGK,0,KRAS,pancreatic adenocarcinoma,3,B0702,floor
99221,96,MTEYKLVVVGADGVGKSALTIQLIQ,VVVGADGVGK,0,KRAS,pancreatic adenocarcinoma,3,B3502,floor
99221,96,MTEYKLVVVGADGVGKSALTIQLIQ,VVVGADGVGK,0,KRAS,pancreatic adenocarcinoma,3,C0401,floor
99221,96,MTEYKLVVVGADGVGKSALTIQLIQ,VVVGADGVGK,0,KRAS,pancreatic adenocarcinoma,3,C0702,floor
99221,96,MTEYKLVVVGADGVGKSALTIQLIQ,GADGVGKSAL,0,KRAS,pancreatic adenocarcinoma,3,A0301,floor
99221,96,MTEYKLVVVGADGVGKSALTIQLIQ,GADGVGKSAL,0,KRAS,pancreatic adenocarcinoma,3,A3201,floor
99221,8,MTEYKLVVVGADGVGKSALTIQLIQ,GADGVGKSAL,0,KRAS,pancreatic adenocarcinoma,3,B0702,scoreable
99221,9,MTEYKLVVVGADGVGKSALTIQLIQ,GADGVGKSAL,0,KRAS,pancreatic adenocarcinoma,3,B3502,scoreable
99221,96,MTEYKLVVVGADGVGKSALTIQLIQ,GADGVGKSAL,0,KRAS,pancreatic adenocarcinoma,3,C0401,floor
99221,96,MTEYKLVVVGADGVGKSALTIQLIQ,GADGVGKSAL,0,KRAS,pancreatic adenocarcinoma,3,C0702,floor
99221,6,MTEYKLVVVGADGVGKSALTIQLIQ,LVVVGADGVGK,0,KRAS,pancreatic adenocarcinoma,3,A0301,scoreable
99221,96,MTEYKLVVVGADGVGKSALTIQLIQ,LVVVGADGVGK,0,KRAS,pancreatic adenocarcinoma,3,A3201,floor
99221,96,MTEYKLVVVGADGVGKSALTIQLIQ,LVVVGADGVGK,0,KRAS,pancreatic adenocarcinoma,3,B0702,floor
99221,96,MTEYKLVVVGADGVGKSALTIQLIQ,LVVVGADGVGK,0,KRAS,pancreatic adenocarcinoma,3,B3502,floor
99221,96,MTEYKLVVVGADGVGKSALTIQLIQ,LVVVGADGVGK,0,KRAS,pancreatic adenocarcinoma,3,C0401,floor
99221,96,MTEYKLVVVGADGVGKSALTIQLIQ,LVVVGADGVGK,0,KRAS,pancreatic adenocarcinoma,3,C0702,floor
99221,96,MTEYKLVVVGADGVGKSALTIQLIQ,VGADGVGKSAL,0,KRAS,pancreatic adenocarcinoma,3,A0301,floor
99221,96,MTEYKLVVVGADGVGKSALTIQLIQ,VGADGVGKSAL,0,KRAS,pancreatic adenocarcinoma,3,A3201,floor
99221,8,MTEYKLVVVGADGVGKSALTIQLIQ,VGADGVGKSAL,0,KRAS,pancreatic adenocarcinoma,3,B0702,scoreable
99221,9,MTEYKLVVVGADGVGKSALTIQLIQ,VGADGVGKSAL,0,KRAS,pancreatic adenocarcinoma,3,B3502,scoreable
99221,96,MTEYKLVVVGADGVGKSALTIQLIQ,VGADGVGKSAL,0,KRAS,pancreatic adenocarcinoma,3,C0401,floor
99221,96,MTEYKLVVVGADGVGKSALTIQLIQ,VGADGVGKSAL,0,KRAS,pancreatic adenocarcinoma,3,C0702,floor
99221,6,MTEYKLVVVGADGVGKSALTIQLIQ,KLVVVGADGVGK,0,KRAS,pancreatic adenocarcinoma,3,A0301,scoreable
99221,96,MTEYKLVVVGADGVGKSALTIQLIQ,KLVVVGADGVGK,0,KRAS,pancreatic adenocarcinoma,3,A3201,floor
99221,96,MTEYKLVVVGADGVGKSALTIQLIQ,KLVVVGADGVGK,0,KRAS,pancreatic adenocarcinoma,3,B0702,floor
99221,96,MTEYKLVVVGADGVGKSALTIQLIQ,KLVVVGADGVGK,0,KRAS,pancreatic adenocarcinoma,3,B3502,floor
99221,96,MTEYKLVVVGADGVGKSALTIQLIQ,KLVVVGADGVGK,0,KRAS,pancreatic adenocarcinoma,3,C0401,floor
99221,96,MTEYKLVVVGADGVGKSALTIQLIQ,KLVVVGADGVGK,0,KRAS,pancreatic adenocarcinoma,3,C0702,floor
99221,96,MTEYKLVVVGADGVGKSALTIQLIQ,VVGADGVGKSAL,0,KRAS,pancreatic adenocarcinoma,3,A0301,floor
99221,96,MTEYKLVVVGADGVGKSALTIQLIQ,VVGADGVGKSAL,0,KRAS,pancreatic adenocarcinoma,3,A3201,floor
99221,8,MTEYKLVVVGADGVGKSALTIQLIQ,VVGADGVGKSAL,0,KRAS,pancreatic adenocarcinoma,3,B0702,scoreable
99221,96,MTEYKLVVVGADGVGKSALTIQLIQ,VVGADGVGKSAL,0,KRAS,pancreatic adenocarcinoma,3,B3502,floor
99221,96,MTEYKLVVVGADGVGKSALTIQLIQ,VVGADGVGKSAL,0,KRAS,pancreatic adenocarcinoma,3,C0401,floor
99221,96,MTEYKLVVVGADGVGKSALTIQLIQ,VVGADGVGKSAL,0,KRAS,pancreatic adenocarcinoma,3,C0702,floor
99221,96,PNYCSFEDSDCGFFPGGQGLWRRQANA,GFFPGGQGL,0,MAMDC4,pancreatic adenocarcinoma,3,A0301,floor
99221,96,PNYCSFEDSDCGFFPGGQGLWRRQANA,GFFPGGQGL,0,MAMDC4,pancreatic adenocarcinoma,3,A3201,floor
99221,8,PNYCSFEDSDCGFFPGGQGLWRRQANA,GFFPGGQGL,0,MAMDC4,pancreatic adenocarcinoma,3,B0702,scoreable
99221,96,PNYCSFEDSDCGFFPGGQGLWRRQANA,GFFPGGQGL,0,MAMDC4,pancreatic adenocarcinoma,3,B3502,floor
99221,96,PNYCSFEDSDCGFFPGGQGLWRRQANA,GFFPGGQGL,0,MAMDC4,pancreatic adenocarcinoma,3,C0401,floor
99221,96,PNYCSFEDSDCGFFPGGQGLWRRQANA,GFFPGGQGL,0,MAMDC4,pancreatic adenocarcinoma,3,C0702,floor
99221,96,PNYCSFEDSDCGFFPGGQGLWRRQANA,GFFPGGQGLW,0,MAMDC4,pancreatic adenocarcinoma,3,A0301,floor
99221,7,PNYCSFEDSDCGFFPGGQGLWRRQANA,GFFPGGQGLW,0,MAMDC4,pancreatic adenocarcinoma,3,A3201,scoreable
99221,96,PNYCSFEDSDCGFFPGGQGLWRRQANA,GFFPGGQGLW,0,MAMDC4,pancreatic adenocarcinoma,3,B0702,floor
99221,96,PNYCSFEDSDCGFFPGGQGLWRRQANA,GFFPGGQGLW,0,MAMDC4,pancreatic adenocarcinoma,3,B3502,floor
99221,96,PNYCSFEDSDCGFFPGGQGLWRRQANA,GFFPGGQGLW,0,MAMDC4,pancreatic adenocarcinoma,3,C0401,floor
99221,96,PNYCSFEDSDCGFFPGGQGLWRRQANA,GFFPGGQGLW,0,MAMDC4,pancreatic adenocarcinoma,3,C0702,floor
99221,96,PNYCSFEDSDCGFFPGGQGLWRRQANA,CSFEDSDCGFF,0,MAMDC4,pancreatic adenocarcinoma,3,A0301,floor
99221,7,PNYCSFEDSDCGFFPGGQGLWRRQANA,CSFEDSDCGFF,0,MAMDC4,pancreatic adenocarcinoma,3,A3201,scoreable
99221,96,PNYCSFEDSDCGFFPGGQGLWRRQANA,CSFEDSDCGFF,0,MAMDC4,pancreatic adenocarcinoma,3,B0702,floor
99221,96,PNYCSFEDSDCGFFPGGQGLWRRQANA,CSFEDSDCGFF,0,MAMDC4,pancreatic adenocarcinoma,3,B3502,floor
99221,96,PNYCSFEDSDCGFFPGGQGLWRRQANA,CSFEDSDCGFF,0,MAMDC4,pancreatic adenocarcinoma,3,C0401,floor
99221,96,PNYCSFEDSDCGFFPGGQGLWRRQANA,CSFEDSDCGFF,0,MAMDC4,pancreatic adenocarcinoma,3,C0702,floor
99221,6,PNYCSFEDSDCGFFPGGQGLWRRQANA,GFFPGGQGLWR,0,MAMDC4,pancreatic adenocarcinoma,3,A0301,scoreable
99221,96,PNYCSFEDSDCGFFPGGQGLWRRQANA,GFFPGGQGLWR,0,MAMDC4,pancreatic adenocarcinoma,3,A3201,floor
99221,96,PNYCSFEDSDCGFFPGGQGLWRRQANA,GFFPGGQGLWR,0,MAMDC4,pancreatic adenocarcinoma,3,B0702,floor
99221,96,PNYCSFEDSDCGFFPGGQGLWRRQANA,GFFPGGQGLWR,0,MAMDC4,pancreatic adenocarcinoma,3,B3502,floor
99221,96,PNYCSFEDSDCGFFPGGQGLWRRQANA,GFFPGGQGLWR,0,MAMDC4,pancreatic adenocarcinoma,3,C0401,floor
99221,96,PNYCSFEDSDCGFFPGGQGLWRRQANA,GFFPGGQGLWR,0,MAMDC4,pancreatic adenocarcinoma,3,C0702,floor
99221,6,PNYCSFEDSDCGFFPGGQGLWRRQANA,GFFPGGQGLWRR,0,MAMDC4,pancreatic adenocarcinoma,3,A0301,scoreable
99221,96,PNYCSFEDSDCGFFPGGQGLWRRQANA,GFFPGGQGLWRR,0,MAMDC4,pancreatic adenocarcinoma,3,A3201,floor
99221,96,PNYCSFEDSDCGFFPGGQGLWRRQANA,GFFPGGQGLWRR,0,MAMDC4,pancreatic adenocarcinoma,3,B0702,floor
99221,96,PNYCSFEDSDCGFFPGGQGLWRRQANA,GFFPGGQGLWRR,0,MAMDC4,pancreatic adenocarcinoma,3,B3502,floor
99221,96,PNYCSFEDSDCGFFPGGQGLWRRQANA,GFFPGGQGLWRR,0,MAMDC4,pancreatic adenocarcinoma,3,C0401,floor
99221,96,PNYCSFEDSDCGFFPGGQGLWRRQANA,GFFPGGQGLWRR,0,MAMDC4,pancreatic adenocarcinoma,3,C0702,floor
99221,96,PNYCSFEDSDCGFFPGGQGLWRRQANA,FPGGQGLWRRQA,0,MAMDC4,pancreatic adenocarcinoma,3,A0301,floor
99221,96,PNYCSFEDSDCGFFPGGQGLWRRQANA,FPGGQGLWRRQA,0,MAMDC4,pancreatic adenocarcinoma,3,A3201,floor
99221,8,PNYCSFEDSDCGFFPGGQGLWRRQANA,FPGGQGLWRRQA,0,MAMDC4,pancreatic adenocarcinoma,3,B0702,scoreable
99221,96,PNYCSFEDSDCGFFPGGQGLWRRQANA,FPGGQGLWRRQA,0,MAMDC4,pancreatic adenocarcinoma,3,B3502,floor
99221,96,PNYCSFEDSDCGFFPGGQGLWRRQANA,FPGGQGLWRRQA,0,MAMDC4,pancreatic adenocarcinoma,3,C0401,floor
99221,96,PNYCSFEDSDCGFFPGGQGLWRRQANA,FPGGQGLWRRQA,0,MAMDC4,pancreatic adenocarcinoma,3,C0702,floor
99221,96,LTPLAVICVVKIIWRTDKTEIKEAFLA,VICVVKIIW,0,PPAPDC1A,pancreatic adenocarcinoma,3,A0301,floor
99221,7,LTPLAVICVVKIIWRTDKTEIKEAFLA,VICVVKIIW,0,PPAPDC1A,pancreatic adenocarcinoma,3,A3201,scoreable
99221,96,LTPLAVICVVKIIWRTDKTEIKEAFLA,VICVVKIIW,0,PPAPDC1A,pancreatic adenocarcinoma,3,B0702,floor
99221,96,LTPLAVICVVKIIWRTDKTEIKEAFLA,VICVVKIIW,0,PPAPDC1A,pancreatic adenocarcinoma,3,B3502,floor
99221,96,LTPLAVICVVKIIWRTDKTEIKEAFLA,VICVVKIIW,0,PPAPDC1A,pancreatic adenocarcinoma,3,C0401,floor
99221,96,LTPLAVICVVKIIWRTDKTEIKEAFLA,VICVVKIIW,0,PPAPDC1A,pancreatic adenocarcinoma,3,C0702,floor
99221,96,LTPLAVICVVKIIWRTDKTEIKEAFLA,AVICVVKIIW,0,PPAPDC1A,pancreatic adenocarcinoma,3,A0301,floor
99221,7,LTPLAVICVVKIIWRTDKTEIKEAFLA,AVICVVKIIW,0,PPAPDC1A,pancreatic adenocarcinoma,3,A3201,scoreable
99221,96,LTPLAVICVVKIIWRTDKTEIKEAFLA,AVICVVKIIW,0,PPAPDC1A,pancreatic adenocarcinoma,3,B0702,floor
99221,96,LTPLAVICVVKIIWRTDKTEIKEAFLA,AVICVVKIIW,0,PPAPDC1A,pancreatic adenocarcinoma,3,B3502,floor
99221,96,LTPLAVICVVKIIWRTDKTEIKEAFLA,AVICVVKIIW,0,PPAPDC1A,pancreatic adenocarcinoma,3,C0401,floor
99221,96,LTPLAVICVVKIIWRTDKTEIKEAFLA,AVICVVKIIW,0,PPAPDC1A,pancreatic adenocarcinoma,3,C0702,floor
99221,6,LTPLAVICVVKIIWRTDKTEIKEAFLA,VICVVKIIWR,0,PPAPDC1A,pancreatic adenocarcinoma,3,A0301,scoreable
99221,96,LTPLAVICVVKIIWRTDKTEIKEAFLA,VICVVKIIWR,0,PPAPDC1A,pancreatic adenocarcinoma,3,A3201,floor
99221,96,LTPLAVICVVKIIWRTDKTEIKEAFLA,VICVVKIIWR,0,PPAPDC1A,pancreatic adenocarcinoma,3,B0702,floor
99221,96,LTPLAVICVVKIIWRTDKTEIKEAFLA,VICVVKIIWR,0,PPAPDC1A,pancreatic adenocarcinoma,3,B3502,floor
99221,96,LTPLAVICVVKIIWRTDKTEIKEAFLA,VICVVKIIWR,0,PPAPDC1A,pancreatic adenocarcinoma,3,C0401,floor
99221,96,LTPLAVICVVKIIWRTDKTEIKEAFLA,VICVVKIIWR,0,PPAPDC1A,pancreatic adenocarcinoma,3,C0702,floor
99221,6,LTPLAVICVVKIIWRTDKTEIKEAFLA,VVKIIWRTDK,0,PPAPDC1A,pancreatic adenocarcinoma,3,A0301,scoreable
99221,96,LTPLAVICVVKIIWRTDKTEIKEAFLA,VVKIIWRTDK,0,PPAPDC1A,pancreatic adenocarcinoma,3,A3201,floor
99221,96,LTPLAVICVVKIIWRTDKTEIKEAFLA,VVKIIWRTDK,0,PPAPDC1A,pancreatic adenocarcinoma,3,B0702,floor
99221,96,LTPLAVICVVKIIWRTDKTEIKEAFLA,VVKIIWRTDK,0,PPAPDC1A,pancreatic adenocarcinoma,3,B3502,floor
99221,96,LTPLAVICVVKIIWRTDKTEIKEAFLA,VVKIIWRTDK,0,PPAPDC1A,pancreatic adenocarcinoma,3,C0401,floor
99221,96,LTPLAVICVVKIIWRTDKTEIKEAFLA,VVKIIWRTDK,0,PPAPDC1A,pancreatic adenocarcinoma,3,C0702,floor
99221,6,LTPLAVICVVKIIWRTDKTEIKEAFLA,AVICVVKIIWR,0,PPAPDC1A,pancreatic adenocarcinoma,3,A0301,scoreable
99221,96,LTPLAVICVVKIIWRTDKTEIKEAFLA,AVICVVKIIWR,0,PPAPDC1A,pancreatic adenocarcinoma,3,A3201,floor
99221,96,LTPLAVICVVKIIWRTDKTEIKEAFLA,AVICVVKIIWR,0,PPAPDC1A,pancreatic adenocarcinoma,3,B0702,floor
99221,96,LTPLAVICVVKIIWRTDKTEIKEAFLA,AVICVVKIIWR,0,PPAPDC1A,pancreatic adenocarcinoma,3,B3502,floor
99221,96,LTPLAVICVVKIIWRTDKTEIKEAFLA,AVICVVKIIWR,0,PPAPDC1A,pancreatic adenocarcinoma,3,C0401,floor
99221,96,LTPLAVICVVKIIWRTDKTEIKEAFLA,AVICVVKIIWR,0,PPAPDC1A,pancreatic adenocarcinoma,3,C0702,floor
99221,96,LTPLAVICVVKIIWRTDKTEIKEAFLA,KIIWRTDKTEI,0,PPAPDC1A,pancreatic adenocarcinoma,3,A0301,floor
99221,7,LTPLAVICVVKIIWRTDKTEIKEAFLA,KIIWRTDKTEI,0,PPAPDC1A,pancreatic adenocarcinoma,3,A3201,scoreable
99221,96,LTPLAVICVVKIIWRTDKTEIKEAFLA,KIIWRTDKTEI,0,PPAPDC1A,pancreatic adenocarcinoma,3,B0702,floor
99221,96,LTPLAVICVVKIIWRTDKTEIKEAFLA,KIIWRTDKTEI,0,PPAPDC1A,pancreatic adenocarcinoma,3,B3502,floor
99221,96,LTPLAVICVVKIIWRTDKTEIKEAFLA,KIIWRTDKTEI,0,PPAPDC1A,pancreatic adenocarcinoma,3,C0401,floor
99221,96,LTPLAVICVVKIIWRTDKTEIKEAFLA,KIIWRTDKTEI,0,PPAPDC1A,pancreatic adenocarcinoma,3,C0702,floor
99221,6,LTPLAVICVVKIIWRTDKTEIKEAFLA,IIWRTDKTEIK,0,PPAPDC1A,pancreatic adenocarcinoma,3,A0301,scoreable
99221,96,LTPLAVICVVKIIWRTDKTEIKEAFLA,IIWRTDKTEIK,0,PPAPDC1A,pancreatic adenocarcinoma,3,A3201,floor
99221,96,LTPLAVICVVKIIWRTDKTEIKEAFLA,IIWRTDKTEIK,0,PPAPDC1A,pancreatic adenocarcinoma,3,B0702,floor
99221,96,LTPLAVICVVKIIWRTDKTEIKEAFLA,IIWRTDKTEIK,0,PPAPDC1A,pancreatic adenocarcinoma,3,B3502,floor
99221,96,LTPLAVICVVKIIWRTDKTEIKEAFLA,IIWRTDKTEIK,0,PPAPDC1A,pancreatic adenocarcinoma,3,C0401,floor
99221,96,LTPLAVICVVKIIWRTDKTEIKEAFLA,IIWRTDKTEIK,0,PPAPDC1A,pancreatic adenocarcinoma,3,C0702,floor
99221,6,LTPLAVICVVKIIWRTDKTEIKEAFLA,KIIWRTDKTEIK,0,PPAPDC1A,pancreatic adenocarcinoma,3,A0301,scoreable
99221,96,LTPLAVICVVKIIWRTDKTEIKEAFLA,KIIWRTDKTEIK,0,PPAPDC1A,pancreatic adenocarcinoma,3,A3201,floor
99221,96,LTPLAVICVVKIIWRTDKTEIKEAFLA,KIIWRTDKTEIK,0,PPAPDC1A,pancreatic adenocarcinoma,3,B0702,floor
99221,96,LTPLAVICVVKIIWRTDKTEIKEAFLA,KIIWRTDKTEIK,0,PPAPDC1A,pancreatic adenocarcinoma,3,B3502,floor
99221,96,LTPLAVICVVKIIWRTDKTEIKEAFLA,KIIWRTDKTEIK,0,PPAPDC1A,pancreatic adenocarcinoma,3,C0401,floor
99221,96,LTPLAVICVVKIIWRTDKTEIKEAFLA,KIIWRTDKTEIK,0,PPAPDC1A,pancreatic adenocarcinoma,3,C0702,floor
99221,96,KQKGRFRMKEREEIWQKIEELARLNPQ,RMKEREEIW,1,PPP2R5D,pancreatic adenocarcinoma,3,A0301,floor
99221,7,KQKGRFRMKEREEIWQKIEELARLNPQ,RMKEREEIW,1,PPP2R5D,pancreatic adenocarcinoma,3,A3201,scoreable
99221,96,KQKGRFRMKEREEIWQKIEELARLNPQ,RMKEREEIW,1,PPP2R5D,pancreatic adenocarcinoma,3,B0702,floor
99221,96,KQKGRFRMKEREEIWQKIEELARLNPQ,RMKEREEIW,1,PPP2R5D,pancreatic adenocarcinoma,3,B3502,floor
99221,96,KQKGRFRMKEREEIWQKIEELARLNPQ,RMKEREEIW,1,PPP2R5D,pancreatic adenocarcinoma,3,C0401,floor
99221,96,KQKGRFRMKEREEIWQKIEELARLNPQ,RMKEREEIW,1,PPP2R5D,pancreatic adenocarcinoma,3,C0702,floor
99221,6,KQKGRFRMKEREEIWQKIEELARLNPQ,KEREEIWQK,1,PPP2R5D,pancreatic adenocarcinoma,3,A0301,scoreable
99221,7,KQKGRFRMKEREEIWQKIEELARLNPQ,KEREEIWQK,1,PPP2R5D,pancreatic adenocarcinoma,3,A3201,scoreable
99221,96,KQKGRFRMKEREEIWQKIEELARLNPQ,KEREEIWQK,1,PPP2R5D,pancreatic adenocarcinoma,3,B0702,floor
99221,96,KQKGRFRMKEREEIWQKIEELARLNPQ,KEREEIWQK,1,PPP2R5D,pancreatic adenocarcinoma,3,B3502,floor
99221,96,KQKGRFRMKEREEIWQKIEELARLNPQ,KEREEIWQK,1,PPP2R5D,pancreatic adenocarcinoma,3,C0401,floor
99221,96,KQKGRFRMKEREEIWQKIEELARLNPQ,KEREEIWQK,1,PPP2R5D,pancreatic adenocarcinoma,3,C0702,floor
99221,96,KQKGRFRMKEREEIWQKIEELARLNPQ,EIWQKIEEL,1,PPP2R5D,pancreatic adenocarcinoma,3,A0301,floor
99221,96,KQKGRFRMKEREEIWQKIEELARLNPQ,EIWQKIEEL,1,PPP2R5D,pancreatic adenocarcinoma,3,A3201,floor
99221,8,KQKGRFRMKEREEIWQKIEELARLNPQ,EIWQKIEEL,1,PPP2R5D,pancreatic adenocarcinoma,3,B0702,scoreable
99221,9,KQKGRFRMKEREEIWQKIEELARLNPQ,EIWQKIEEL,1,PPP2R5D,pancreatic adenocarcinoma,3,B3502,scoreable
99221,96,KQKGRFRMKEREEIWQKIEELARLNPQ,EIWQKIEEL,1,PPP2R5D,pancreatic adenocarcinoma,3,C0401,floor
99221,96,KQKGRFRMKEREEIWQKIEELARLNPQ,EIWQKIEEL,1,PPP2R5D,pancreatic adenocarcinoma,3,C0702,floor
99221,96,KQKGRFRMKEREEIWQKIEELARLNPQ,FRMKEREEIW,1,PPP2R5D,pancreatic adenocarcinoma,3,A0301,floor
99221,7,KQKGRFRMKEREEIWQKIEELARLNPQ,FRMKEREEIW,1,PPP2R5D,pancreatic adenocarcinoma,3,A3201,scoreable
99221,96,KQKGRFRMKEREEIWQKIEELARLNPQ,FRMKEREEIW,1,PPP2R5D,pancreatic adenocarcinoma,3,B0702,floor
99221,96,KQKGRFRMKEREEIWQKIEELARLNPQ,FRMKEREEIW,1,PPP2R5D,pancreatic adenocarcinoma,3,B3502,floor
99221,96,KQKGRFRMKEREEIWQKIEELARLNPQ,FRMKEREEIW,1,PPP2R5D,pancreatic adenocarcinoma,3,C0401,floor
99221,96,KQKGRFRMKEREEIWQKIEELARLNPQ,FRMKEREEIW,1,PPP2R5D,pancreatic adenocarcinoma,3,C0702,floor
99221,96,KQKGRFRMKEREEIWQKIEELARLNPQ,RFRMKEREEIW,1,PPP2R5D,pancreatic adenocarcinoma,3,A0301,floor
99221,7,KQKGRFRMKEREEIWQKIEELARLNPQ,RFRMKEREEIW,1,PPP2R5D,pancreatic adenocarcinoma,3,A3201,scoreable
99221,96,KQKGRFRMKEREEIWQKIEELARLNPQ,RFRMKEREEIW,1,PPP2R5D,pancreatic adenocarcinoma,3,B0702,floor
99221,96,KQKGRFRMKEREEIWQKIEELARLNPQ,RFRMKEREEIW,1,PPP2R5D,pancreatic adenocarcinoma,3,B3502,floor
99221,96,KQKGRFRMKEREEIWQKIEELARLNPQ,RFRMKEREEIW,1,PPP2R5D,pancreatic adenocarcinoma,3,C0401,floor
99221,96,KQKGRFRMKEREEIWQKIEELARLNPQ,RFRMKEREEIW,1,PPP2R5D,pancreatic adenocarcinoma,3,C0702,floor
99221,6,KQKGRFRMKEREEIWQKIEELARLNPQ,RMKEREEIWQK,1,PPP2R5D,pancreatic adenocarcinoma,3,A0301,scoreable
99221,7,KQKGRFRMKEREEIWQKIEELARLNPQ,RMKEREEIWQK,1,PPP2R5D,pancreatic adenocarcinoma,3,A3201,scoreable
99221,96,KQKGRFRMKEREEIWQKIEELARLNPQ,RMKEREEIWQK,1,PPP2R5D,pancreatic adenocarcinoma,3,B0702,floor
99221,96,KQKGRFRMKEREEIWQKIEELARLNPQ,RMKEREEIWQK,1,PPP2R5D,pancreatic adenocarcinoma,3,B3502,floor
99221,96,KQKGRFRMKEREEIWQKIEELARLNPQ,RMKEREEIWQK,1,PPP2R5D,pancreatic adenocarcinoma,3,C0401,floor
99221,96,KQKGRFRMKEREEIWQKIEELARLNPQ,RMKEREEIWQK,1,PPP2R5D,pancreatic adenocarcinoma,3,C0702,floor
99221,6,KQKGRFRMKEREEIWQKIEELARLNPQ,EIWQKIEELAR,1,PPP2R5D,pancreatic adenocarcinoma,3,A0301,scoreable
99221,96,KQKGRFRMKEREEIWQKIEELARLNPQ,EIWQKIEELAR,1,PPP2R5D,pancreatic adenocarcinoma,3,A3201,floor
99221,96,KQKGRFRMKEREEIWQKIEELARLNPQ,EIWQKIEELAR,1,PPP2R5D,pancreatic adenocarcinoma,3,B0702,floor
99221,96,KQKGRFRMKEREEIWQKIEELARLNPQ,EIWQKIEELAR,1,PPP2R5D,pancreatic adenocarcinoma,3,B3502,floor
99221,96,KQKGRFRMKEREEIWQKIEELARLNPQ,EIWQKIEELAR,1,PPP2R5D,pancreatic adenocarcinoma,3,C0401,floor
99221,96,KQKGRFRMKEREEIWQKIEELARLNPQ,EIWQKIEELAR,1,PPP2R5D,pancreatic adenocarcinoma,3,C0702,floor
99221,96,HMTEVVRRCPHHEPCSDSDGLAPPQHL,EPCSDSDGL,0,TP53,pancreatic adenocarcinoma,3,A0301,floor
99221,96,HMTEVVRRCPHHEPCSDSDGLAPPQHL,EPCSDSDGL,0,TP53,pancreatic adenocarcinoma,3,A3201,floor
99221,8,HMTEVVRRCPHHEPCSDSDGLAPPQHL,EPCSDSDGL,0,TP53,pancreatic adenocarcinoma,3,B0702,scoreable
99221,9,HMTEVVRRCPHHEPCSDSDGLAPPQHL,EPCSDSDGL,0,TP53,pancreatic adenocarcinoma,3,B3502,scoreable
99221,96,HMTEVVRRCPHHEPCSDSDGLAPPQHL,EPCSDSDGL,0,TP53,pancreatic adenocarcinoma,3,C0401,floor
99221,96,HMTEVVRRCPHHEPCSDSDGLAPPQHL,EPCSDSDGL,0,TP53,pancreatic adenocarcinoma,3,C0702,floor
99221,96,HMTEVVRRCPHHEPCSDSDGLAPPQHL,EPCSDSDGLAP,0,TP53,pancreatic adenocarcinoma,3,A0301,floor
99221,96,HMTEVVRRCPHHEPCSDSDGLAPPQHL,EPCSDSDGLAP,0,TP53,pancreatic adenocarcinoma,3,A3201,floor
99221,8,HMTEVVRRCPHHEPCSDSDGLAPPQHL,EPCSDSDGLAP,0,TP53,pancreatic adenocarcinoma,3,B0702,scoreable
99221,96,HMTEVVRRCPHHEPCSDSDGLAPPQHL,EPCSDSDGLAP,0,TP53,pancreatic adenocarcinoma,3,B3502,floor
99221,96,HMTEVVRRCPHHEPCSDSDGLAPPQHL,EPCSDSDGLAP,0,TP53,pancreatic adenocarcinoma,3,C0401,floor
99221,96,HMTEVVRRCPHHEPCSDSDGLAPPQHL,EPCSDSDGLAP,0,TP53,pancreatic adenocarcinoma,3,C0702,floor
99221,6,GAQWAKLPVTPMPQEMAFPVPKGESWH,KLPVTPMPQ,0,WDR90,pancreatic adenocarcinoma,3,A0301,scoreable
99221,96,GAQWAKLPVTPMPQEMAFPVPKGESWH,KLPVTPMPQ,0,WDR90,pancreatic adenocarcinoma,3,A3201,floor
99221,96,GAQWAKLPVTPMPQEMAFPVPKGESWH,KLPVTPMPQ,0,WDR90,pancreatic adenocarcinoma,3,B0702,floor
99221,96,GAQWAKLPVTPMPQEMAFPVPKGESWH,KLPVTPMPQ,0,WDR90,pancreatic adenocarcinoma,3,B3502,floor
99221,96,GAQWAKLPVTPMPQEMAFPVPKGESWH,KLPVTPMPQ,0,WDR90,pancreatic adenocarcinoma,3,C0401,floor
99221,96,GAQWAKLPVTPMPQEMAFPVPKGESWH,KLPVTPMPQ,0,WDR90,pancreatic adenocarcinoma,3,C0702,floor
99221,96,GAQWAKLPVTPMPQEMAFPVPKGESWH,TPMPQEMAF,0,WDR90,pancreatic adenocarcinoma,3,A0301,floor
99221,96,GAQWAKLPVTPMPQEMAFPVPKGESWH,TPMPQEMAF,0,WDR90,pancreatic adenocarcinoma,3,A3201,floor
99221,8,GAQWAKLPVTPMPQEMAFPVPKGESWH,TPMPQEMAF,0,WDR90,pancreatic adenocarcinoma,3,B0702,scoreable
99221,9,GAQWAKLPVTPMPQEMAFPVPKGESWH,TPMPQEMAF,0,WDR90,pancreatic adenocarcinoma,3,B3502,scoreable
99221,10,GAQWAKLPVTPMPQEMAFPVPKGESWH,TPMPQEMAF,0,WDR90,pancreatic adenocarcinoma,3,C0401,scoreable
99221,11,GAQWAKLPVTPMPQEMAFPVPKGESWH,TPMPQEMAF,0,WDR90,pancreatic adenocarcinoma,3,C0702,scoreable
99221,96,GAQWAKLPVTPMPQEMAFPVPKGESWH,MPQEMAFPV,0,WDR90,pancreatic adenocarcinoma,3,A0301,floor
99221,96,GAQWAKLPVTPMPQEMAFPVPKGESWH,MPQEMAFPV,0,WDR90,pancreatic adenocarcinoma,3,A3201,floor
99221,8,GAQWAKLPVTPMPQEMAFPVPKGESWH,MPQEMAFPV,0,WDR90,pancreatic adenocarcinoma,3,B0702,scoreable
99221,9,GAQWAKLPVTPMPQEMAFPVPKGESWH,MPQEMAFPV,0,WDR90,pancreatic adenocarcinoma,3,B3502,scoreable
99221,10,GAQWAKLPVTPMPQEMAFPVPKGESWH,MPQEMAFPV,0,WDR90,pancreatic adenocarcinoma,3,C0401,scoreable
99221,96,GAQWAKLPVTPMPQEMAFPVPKGESWH,MPQEMAFPV,0,WDR90,pancreatic adenocarcinoma,3,C0702,floor
99221,6,GAQWAKLPVTPMPQEMAFPVPKGESWH,QEMAFPVPK,0,WDR90,pancreatic adenocarcinoma,3,A0301,scoreable
99221,96,GAQWAKLPVTPMPQEMAFPVPKGESWH,QEMAFPVPK,0,WDR90,pancreatic adenocarcinoma,3,A3201,floor
99221,96,GAQWAKLPVTPMPQEMAFPVPKGESWH,QEMAFPVPK,0,WDR90,pancreatic adenocarcinoma,3,B0702,floor
99221,96,GAQWAKLPVTPMPQEMAFPVPKGESWH,QEMAFPVPK,0,WDR90,pancreatic adenocarcinoma,3,B3502,floor
99221,96,GAQWAKLPVTPMPQEMAFPVPKGESWH,QEMAFPVPK,0,WDR90,pancreatic adenocarcinoma,3,C0401,floor
99221,96,GAQWAKLPVTPMPQEMAFPVPKGESWH,QEMAFPVPK,0,WDR90,pancreatic adenocarcinoma,3,C0702,floor
99221,96,GAQWAKLPVTPMPQEMAFPVPKGESWH,LPVTPMPQEM,0,WDR90,pancreatic adenocarcinoma,3,A0301,floor
99221,96,GAQWAKLPVTPMPQEMAFPVPKGESWH,LPVTPMPQEM,0,WDR90,pancreatic adenocarcinoma,3,A3201,floor
99221,8,GAQWAKLPVTPMPQEMAFPVPKGESWH,LPVTPMPQEM,0,WDR90,pancreatic adenocarcinoma,3,B0702,scoreable
99221,9,GAQWAKLPVTPMPQEMAFPVPKGESWH,LPVTPMPQEM,0,WDR90,pancreatic adenocarcinoma,3,B3502,scoreable
99221,96,GAQWAKLPVTPMPQEMAFPVPKGESWH,LPVTPMPQEM,0,WDR90,pancreatic adenocarcinoma,3,C0401,floor
99221,96,GAQWAKLPVTPMPQEMAFPVPKGESWH,LPVTPMPQEM,0,WDR90,pancreatic adenocarcinoma,3,C0702,floor
99221,96,GAQWAKLPVTPMPQEMAFPVPKGESWH,VTPMPQEMAF,0,WDR90,pancreatic adenocarcinoma,3,A0301,floor
99221,7,GAQWAKLPVTPMPQEMAFPVPKGESWH,VTPMPQEMAF,0,WDR90,pancreatic adenocarcinoma,3,A3201,scoreable
99221,96,GAQWAKLPVTPMPQEMAFPVPKGESWH,VTPMPQEMAF,0,WDR90,pancreatic adenocarcinoma,3,B0702,floor
99221,96,GAQWAKLPVTPMPQEMAFPVPKGESWH,VTPMPQEMAF,0,WDR90,pancreatic adenocarcinoma,3,B3502,floor
99221,96,GAQWAKLPVTPMPQEMAFPVPKGESWH,VTPMPQEMAF,0,WDR90,pancreatic adenocarcinoma,3,C0401,floor
99221,96,GAQWAKLPVTPMPQEMAFPVPKGESWH,VTPMPQEMAF,0,WDR90,pancreatic adenocarcinoma,3,C0702,floor
99221,96,GAQWAKLPVTPMPQEMAFPVPKGESWH,MPQEMAFPVP,0,WDR90,pancreatic adenocarcinoma,3,A0301,floor
99221,96,GAQWAKLPVTPMPQEMAFPVPKGESWH,MPQEMAFPVP,0,WDR90,pancreatic adenocarcinoma,3,A3201,floor
99221,8,GAQWAKLPVTPMPQEMAFPVPKGESWH,MPQEMAFPVP,0,WDR90,pancreatic adenocarcinoma,3,B0702,scoreable
99221,96,GAQWAKLPVTPMPQEMAFPVPKGESWH,MPQEMAFPVP,0,WDR90,pancreatic adenocarcinoma,3,B3502,floor
99221,96,GAQWAKLPVTPMPQEMAFPVPKGESWH,MPQEMAFPVP,0,WDR90,pancreatic adenocarcinoma,3,C0401,floor
99221,96,GAQWAKLPVTPMPQEMAFPVPKGESWH,MPQEMAFPVP,0,WDR90,pancreatic adenocarcinoma,3,C0702,floor
99221,96,GAQWAKLPVTPMPQEMAFPVPKGESWH,KLPVTPMPQEM,0,WDR90,pancreatic adenocarcinoma,3,A0301,floor
99221,7,GAQWAKLPVTPMPQEMAFPVPKGESWH,KLPVTPMPQEM,0,WDR90,pancreatic adenocarcinoma,3,A3201,scoreable
99221,96,GAQWAKLPVTPMPQEMAFPVPKGESWH,KLPVTPMPQEM,0,WDR90,pancreatic adenocarcinoma,3,B0702,floor
99221,96,GAQWAKLPVTPMPQEMAFPVPKGESWH,KLPVTPMPQEM,0,WDR90,pancreatic adenocarcinoma,3,B3502,floor
99221,96,GAQWAKLPVTPMPQEMAFPVPKGESWH,KLPVTPMPQEM,0,WDR90,pancreatic adenocarcinoma,3,C0401,floor
99221,96,GAQWAKLPVTPMPQEMAFPVPKGESWH,KLPVTPMPQEM,0,WDR90,pancreatic adenocarcinoma,3,C0702,floor
99221,96,GAQWAKLPVTPMPQEMAFPVPKGESWH,LPVTPMPQEMA,0,WDR90,pancreatic adenocarcinoma,3,A0301,floor
99221,96,GAQWAKLPVTPMPQEMAFPVPKGESWH,LPVTPMPQEMA,0,WDR90,pancreatic adenocarcinoma,3,A3201,floor
99221,8,GAQWAKLPVTPMPQEMAFPVPKGESWH,LPVTPMPQEMA,0,WDR90,pancreatic adenocarcinoma,3,B0702,scoreable
99221,9,GAQWAKLPVTPMPQEMAFPVPKGESWH,LPVTPMPQEMA,0,WDR90,pancreatic adenocarcinoma,3,B3502,scoreable
99221,96,GAQWAKLPVTPMPQEMAFPVPKGESWH,LPVTPMPQEMA,0,WDR90,pancreatic adenocarcinoma,3,C0401,floor
99221,96,GAQWAKLPVTPMPQEMAFPVPKGESWH,LPVTPMPQEMA,0,WDR90,pancreatic adenocarcinoma,3,C0702,floor
99221,96,GAQWAKLPVTPMPQEMAFPVPKGESWH,TPMPQEMAFPV,0,WDR90,pancreatic adenocarcinoma,3,A0301,floor
99221,96,GAQWAKLPVTPMPQEMAFPVPKGESWH,TPMPQEMAFPV,0,WDR90,pancreatic adenocarcinoma,3,A3201,floor
99221,8,GAQWAKLPVTPMPQEMAFPVPKGESWH,TPMPQEMAFPV,0,WDR90,pancreatic adenocarcinoma,3,B0702,scoreable
99221,9,GAQWAKLPVTPMPQEMAFPVPKGESWH,TPMPQEMAFPV,0,WDR90,pancreatic adenocarcinoma,3,B3502,scoreable
99221,96,GAQWAKLPVTPMPQEMAFPVPKGESWH,TPMPQEMAFPV,0,WDR90,pancreatic adenocarcinoma,3,C0401,floor
99221,96,GAQWAKLPVTPMPQEMAFPVPKGESWH,TPMPQEMAFPV,0,WDR90,pancreatic adenocarcinoma,3,C0702,floor
99221,96,GAQWAKLPVTPMPQEMAFPVPKGESWH,MPQEMAFPVPK,0,WDR90,pancreatic adenocarcinoma,3,A0301,floor
99221,96,GAQWAKLPVTPMPQEMAFPVPKGESWH,MPQEMAFPVPK,0,WDR90,pancreatic adenocarcinoma,3,A3201,floor
99221,8,GAQWAKLPVTPMPQEMAFPVPKGESWH,MPQEMAFPVPK,0,WDR90,pancreatic adenocarcinoma,3,B0702,scoreable
99221,96,GAQWAKLPVTPMPQEMAFPVPKGESWH,MPQEMAFPVPK,0,WDR90,pancreatic adenocarcinoma,3,B3502,floor
99221,96,GAQWAKLPVTPMPQEMAFPVPKGESWH,MPQEMAFPVPK,0,WDR90,pancreatic adenocarcinoma,3,C0401,floor
99221,96,GAQWAKLPVTPMPQEMAFPVPKGESWH,MPQEMAFPVPK,0,WDR90,pancreatic adenocarcinoma,3,C0702,floor
99221,96,GAQWAKLPVTPMPQEMAFPVPKGESWH,LPVTPMPQEMAF,0,WDR90,pancreatic adenocarcinoma,3,A0301,floor
99221,96,GAQWAKLPVTPMPQEMAFPVPKGESWH,LPVTPMPQEMAF,0,WDR90,pancreatic adenocarcinoma,3,A3201,floor
99221,8,GAQWAKLPVTPMPQEMAFPVPKGESWH,LPVTPMPQEMAF,0,WDR90,pancreatic adenocarcinoma,3,B0702,scoreable
99221,9,GAQWAKLPVTPMPQEMAFPVPKGESWH,LPVTPMPQEMAF,0,WDR90,pancreatic adenocarcinoma,3,B3502,scoreable
99221,96,GAQWAKLPVTPMPQEMAFPVPKGESWH,LPVTPMPQEMAF,0,WDR90,pancreatic adenocarcinoma,3,C0401,floor
99221,96,GAQWAKLPVTPMPQEMAFPVPKGESWH,LPVTPMPQEMAF,0,WDR90,pancreatic adenocarcinoma,3,C0702,floor
99221,96,GAQWAKLPVTPMPQEMAFPVPKGESWH,TPMPQEMAFPVP,0,WDR90,pancreatic adenocarcinoma,3,A0301,floor
99221,96,GAQWAKLPVTPMPQEMAFPVPKGESWH,TPMPQEMAFPVP,0,WDR90,pancreatic adenocarcinoma,3,A3201,floor
99221,8,GAQWAKLPVTPMPQEMAFPVPKGESWH,TPMPQEMAFPVP,0,WDR90,pancreatic adenocarcinoma,3,B0702,scoreable
99221,96,GAQWAKLPVTPMPQEMAFPVPKGESWH,TPMPQEMAFPVP,0,WDR90,pancreatic adenocarcinoma,3,B3502,floor
99221,96,GAQWAKLPVTPMPQEMAFPVPKGESWH,TPMPQEMAFPVP,0,WDR90,pancreatic adenocarcinoma,3,C0401,floor
99221,96,GAQWAKLPVTPMPQEMAFPVPKGESWH,TPMPQEMAFPVP,0,WDR90,pancreatic adenocarcinoma,3,C0702,floor
99221,6,SSSGRHEGRTTKRRYRKSVRSRSRHEK,RYRKSVRSR,0,WNK1,pancreatic adenocarcinoma,3,A0301,scoreable
99221,96,SSSGRHEGRTTKRRYRKSVRSRSRHEK,RYRKSVRSR,0,WNK1,pancreatic adenocarcinoma,3,A3201,floor
99221,96,SSSGRHEGRTTKRRYRKSVRSRSRHEK,RYRKSVRSR,0,WNK1,pancreatic adenocarcinoma,3,B0702,floor
99221,96,SSSGRHEGRTTKRRYRKSVRSRSRHEK,RYRKSVRSR,0,WNK1,pancreatic adenocarcinoma,3,B3502,floor
99221,96,SSSGRHEGRTTKRRYRKSVRSRSRHEK,RYRKSVRSR,0,WNK1,pancreatic adenocarcinoma,3,C0401,floor
99221,96,SSSGRHEGRTTKRRYRKSVRSRSRHEK,RYRKSVRSR,0,WNK1,pancreatic adenocarcinoma,3,C0702,floor
99366,103,VAIQAVLSLYASGHTTGIVLDSGDGVT,YASGHTTGI,0,ACTC1,pancreatic adenocarcinoma,10,A0101,floor
99366,37,VAIQAVLSLYASGHTTGIVLDSGDGVT,YASGHTTGI,0,ACTC1,pancreatic adenocarcinoma,10,A2601,scoreable
99366,38,VAIQAVLSLYASGHTTGIVLDSGDGVT,YASGHTTGI,0,ACTC1,pancreatic adenocarcinoma,10,B3801,scoreable
99366,39,VAIQAVLSLYASGHTTGIVLDSGDGVT,YASGHTTGI,0,ACTC1,pancreatic adenocarcinoma,10,B5701,scoreable
99366,40,VAIQAVLSLYASGHTTGIVLDSGDGVT,YASGHTTGI,0,ACTC1,pancreatic adenocarcinoma,10,C0602,scoreable
99366,41,VAIQAVLSLYASGHTTGIVLDSGDGVT,YASGHTTGI,0,ACTC1,pancreatic adenocarcinoma,10,C1203,scoreable
99366,103,VAIQAVLSLYASGHTTGIVLDSGDGVT,SGHTTGIVL,0,ACTC1,pancreatic adenocarcinoma,10,A0101,floor
99366,103,VAIQAVLSLYASGHTTGIVLDSGDGVT,SGHTTGIVL,0,ACTC1,pancreatic adenocarcinoma,10,A2601,floor
99366,38,VAIQAVLSLYASGHTTGIVLDSGDGVT,SGHTTGIVL,0,ACTC1,pancreatic adenocarcinoma,10,B3801,scoreable
99366,103,VAIQAVLSLYASGHTTGIVLDSGDGVT,SGHTTGIVL,0,ACTC1,pancreatic adenocarcinoma,10,B5701,floor
99366,103,VAIQAVLSLYASGHTTGIVLDSGDGVT,SGHTTGIVL,0,ACTC1,pancreatic adenocarcinoma,10,C0602,floor
99366,103,VAIQAVLSLYASGHTTGIVLDSGDGVT,SGHTTGIVL,0,ACTC1,pancreatic adenocarcinoma,10,C1203,floor
99366,103,VAIQAVLSLYASGHTTGIVLDSGDGVT,LSLYASGHTT,0,ACTC1,pancreatic adenocarcinoma,10,A0101,floor
99366,103,VAIQAVLSLYASGHTTGIVLDSGDGVT,LSLYASGHTT,0,ACTC1,pancreatic adenocarcinoma,10,A2601,floor
99366,103,VAIQAVLSLYASGHTTGIVLDSGDGVT,LSLYASGHTT,0,ACTC1,pancreatic adenocarcinoma,10,B3801,floor
99366,39,VAIQAVLSLYASGHTTGIVLDSGDGVT,LSLYASGHTT,0,ACTC1,pancreatic adenocarcinoma,10,B5701,scoreable
99366,103,VAIQAVLSLYASGHTTGIVLDSGDGVT,LSLYASGHTT,0,ACTC1,pancreatic adenocarcinoma,10,C0602,floor
99366,103,VAIQAVLSLYASGHTTGIVLDSGDGVT,LSLYASGHTT,0,ACTC1,pancreatic adenocarcinoma,10,C1203,floor
99366,103,VAIQAVLSLYASGHTTGIVLDSGDGVT,YASGHTTGIV,0,ACTC1,pancreatic adenocarcinoma,10,A0101,floor
99366,103,VAIQAVLSLYASGHTTGIVLDSGDGVT,YASGHTTGIV,0,ACTC1,pancreatic adenocarcinoma,10,A2601,floor
99366,103,VAIQAVLSLYASGHTTGIVLDSGDGVT,YASGHTTGIV,0,ACTC1,pancreatic adenocarcinoma,10,B3801,floor
99366,103,VAIQAVLSLYASGHTTGIVLDSGDGVT,YASGHTTGIV,0,ACTC1,pancreatic adenocarcinoma,10,B5701,floor
99366,40,VAIQAVLSLYASGHTTGIVLDSGDGVT,YASGHTTGIV,0,ACTC1,pancreatic adenocarcinoma,10,C0602,scoreable
99366,41,VAIQAVLSLYASGHTTGIVLDSGDGVT,YASGHTTGIV,0,ACTC1,pancreatic adenocarcinoma,10,C1203,scoreable
99366,103,VAIQAVLSLYASGHTTGIVLDSGDGVT,ASGHTTGIVL,0,ACTC1,pancreatic adenocarcinoma,10,A0101,floor
99366,103,VAIQAVLSLYASGHTTGIVLDSGDGVT,ASGHTTGIVL,0,ACTC1,pancreatic adenocarcinoma,10,A2601,floor
99366,103,VAIQAVLSLYASGHTTGIVLDSGDGVT,ASGHTTGIVL,0,ACTC1,pancreatic adenocarcinoma,10,B3801,floor
99366,39,VAIQAVLSLYASGHTTGIVLDSGDGVT,ASGHTTGIVL,0,ACTC1,pancreatic adenocarcinoma,10,B5701,scoreable
99366,103,VAIQAVLSLYASGHTTGIVLDSGDGVT,ASGHTTGIVL,0,ACTC1,pancreatic adenocarcinoma,10,C0602,floor
99366,103,VAIQAVLSLYASGHTTGIVLDSGDGVT,ASGHTTGIVL,0,ACTC1,pancreatic adenocarcinoma,10,C1203,floor
99366,103,VAIQAVLSLYASGHTTGIVLDSGDGVT,SLYASGHTTGI,0,ACTC1,pancreatic adenocarcinoma,10,A0101,floor
99366,103,VAIQAVLSLYASGHTTGIVLDSGDGVT,SLYASGHTTGI,0,ACTC1,pancreatic adenocarcinoma,10,A2601,floor
99366,103,VAIQAVLSLYASGHTTGIVLDSGDGVT,SLYASGHTTGI,0,ACTC1,pancreatic adenocarcinoma,10,B3801,floor
99366,103,VAIQAVLSLYASGHTTGIVLDSGDGVT,SLYASGHTTGI,0,ACTC1,pancreatic adenocarcinoma,10,B5701,floor
99366,40,VAIQAVLSLYASGHTTGIVLDSGDGVT,SLYASGHTTGI,0,ACTC1,pancreatic adenocarcinoma,10,C0602,scoreable
99366,103,VAIQAVLSLYASGHTTGIVLDSGDGVT,SLYASGHTTGI,0,ACTC1,pancreatic adenocarcinoma,10,C1203,floor
99366,103,VAIQAVLSLYASGHTTGIVLDSGDGVT,YASGHTTGIVL,0,ACTC1,pancreatic adenocarcinoma,10,A0101,floor
99366,103,VAIQAVLSLYASGHTTGIVLDSGDGVT,YASGHTTGIVL,0,ACTC1,pancreatic adenocarcinoma,10,A2601,floor
99366,38,VAIQAVLSLYASGHTTGIVLDSGDGVT,YASGHTTGIVL,0,ACTC1,pancreatic adenocarcinoma,10,B3801,scoreable
99366,39,VAIQAVLSLYASGHTTGIVLDSGDGVT,YASGHTTGIVL,0,ACTC1,pancreatic adenocarcinoma,10,B5701,scoreable
99366,40,VAIQAVLSLYASGHTTGIVLDSGDGVT,YASGHTTGIVL,0,ACTC1,pancreatic adenocarcinoma,10,C0602,scoreable
99366,41,VAIQAVLSLYASGHTTGIVLDSGDGVT,YASGHTTGIVL,0,ACTC1,pancreatic adenocarcinoma,10,C1203,scoreable
99366,103,GFYTCNATNALGYNSVSIAVTLAGKPL,TNALGYNSV,0,ADAMTSL1,pancreatic adenocarcinoma,10,A0101,floor
99366,103,GFYTCNATNALGYNSVSIAVTLAGKPL,TNALGYNSV,0,ADAMTSL1,pancreatic adenocarcinoma,10,A2601,floor
99366,38,GFYTCNATNALGYNSVSIAVTLAGKPL,TNALGYNSV,0,ADAMTSL1,pancreatic adenocarcinoma,10,B3801,scoreable
99366,103,GFYTCNATNALGYNSVSIAVTLAGKPL,TNALGYNSV,0,ADAMTSL1,pancreatic adenocarcinoma,10,B5701,floor
99366,103,GFYTCNATNALGYNSVSIAVTLAGKPL,TNALGYNSV,0,ADAMTSL1,pancreatic adenocarcinoma,10,C0602,floor
99366,103,GFYTCNATNALGYNSVSIAVTLAGKPL,TNALGYNSV,0,ADAMTSL1,pancreatic adenocarcinoma,10,C1203,floor
99366,103,GFYTCNATNALGYNSVSIAVTLAGKPL,NSVSIAVTL,0,ADAMTSL1,pancreatic adenocarcinoma,10,A0101,floor
99366,37,GFYTCNATNALGYNSVSIAVTLAGKPL,NSVSIAVTL,0,ADAMTSL1,pancreatic adenocarcinoma,10,A2601,scoreable
99366,38,GFYTCNATNALGYNSVSIAVTLAGKPL,NSVSIAVTL,0,ADAMTSL1,pancreatic adenocarcinoma,10,B3801,scoreable
99366,39,GFYTCNATNALGYNSVSIAVTLAGKPL,NSVSIAVTL,0,ADAMTSL1,pancreatic adenocarcinoma,10,B5701,scoreable
99366,103,GFYTCNATNALGYNSVSIAVTLAGKPL,NSVSIAVTL,0,ADAMTSL1,pancreatic adenocarcinoma,10,C0602,floor
99366,103,GFYTCNATNALGYNSVSIAVTLAGKPL,NSVSIAVTL,0,ADAMTSL1,pancreatic adenocarcinoma,10,C1203,floor
99366,103,GFYTCNATNALGYNSVSIAVTLAGKPL,ATNALGYNSV,0,ADAMTSL1,pancreatic adenocarcinoma,10,A0101,floor
99366,103,GFYTCNATNALGYNSVSIAVTLAGKPL,ATNALGYNSV,0,ADAMTSL1,pancreatic adenocarcinoma,10,A2601,floor
99366,103,GFYTCNATNALGYNSVSIAVTLAGKPL,ATNALGYNSV,0,ADAMTSL1,pancreatic adenocarcinoma,10,B3801,floor
99366,39,GFYTCNATNALGYNSVSIAVTLAGKPL,ATNALGYNSV,0,ADAMTSL1,pancreatic adenocarcinoma,10,B5701,scoreable
99366,103,GFYTCNATNALGYNSVSIAVTLAGKPL,ATNALGYNSV,0,ADAMTSL1,pancreatic adenocarcinoma,10,C0602,floor
99366,41,GFYTCNATNALGYNSVSIAVTLAGKPL,ATNALGYNSV,0,ADAMTSL1,pancreatic adenocarcinoma,10,C1203,scoreable
99366,103,GAGFLGMEVAAYLMEKAHSVSVVELEE,EVAAYLMEK,0,AIFM3,pancreatic adenocarcinoma,10,A0101,floor
99366,37,GAGFLGMEVAAYLMEKAHSVSVVELEE,EVAAYLMEK,0,AIFM3,pancreatic adenocarcinoma,10,A2601,scoreable
99366,103,GAGFLGMEVAAYLMEKAHSVSVVELEE,EVAAYLMEK,0,AIFM3,pancreatic adenocarcinoma,10,B3801,floor
99366,103,GAGFLGMEVAAYLMEKAHSVSVVELEE,EVAAYLMEK,0,AIFM3,pancreatic adenocarcinoma,10,B5701,floor
99366,103,GAGFLGMEVAAYLMEKAHSVSVVELEE,EVAAYLMEK,0,AIFM3,pancreatic adenocarcinoma,10,C0602,floor
99366,103,GAGFLGMEVAAYLMEKAHSVSVVELEE,EVAAYLMEK,0,AIFM3,pancreatic adenocarcinoma,10,C1203,floor
99366,103,GAGFLGMEVAAYLMEKAHSVSVVELEE,YLMEKAHSV,0,AIFM3,pancreatic adenocarcinoma,10,A0101,floor
99366,37,GAGFLGMEVAAYLMEKAHSVSVVELEE,YLMEKAHSV,0,AIFM3,pancreatic adenocarcinoma,10,A2601,scoreable
99366,38,GAGFLGMEVAAYLMEKAHSVSVVELEE,YLMEKAHSV,0,AIFM3,pancreatic adenocarcinoma,10,B3801,scoreable
99366,39,GAGFLGMEVAAYLMEKAHSVSVVELEE,YLMEKAHSV,0,AIFM3,pancreatic adenocarcinoma,10,B5701,scoreable
99366,40,GAGFLGMEVAAYLMEKAHSVSVVELEE,YLMEKAHSV,0,AIFM3,pancreatic adenocarcinoma,10,C0602,scoreable
99366,41,GAGFLGMEVAAYLMEKAHSVSVVELEE,YLMEKAHSV,0,AIFM3,pancreatic adenocarcinoma,10,C1203,scoreable
99366,103,GAGFLGMEVAAYLMEKAHSVSVVELEE,MEKAHSVSV,0,AIFM3,pancreatic adenocarcinoma,10,A0101,floor
99366,103,GAGFLGMEVAAYLMEKAHSVSVVELEE,MEKAHSVSV,0,AIFM3,pancreatic adenocarcinoma,10,A2601,floor
99366,38,GAGFLGMEVAAYLMEKAHSVSVVELEE,MEKAHSVSV,0,AIFM3,pancreatic adenocarcinoma,10,B3801,scoreable
99366,103,GAGFLGMEVAAYLMEKAHSVSVVELEE,MEKAHSVSV,0,AIFM3,pancreatic adenocarcinoma,10,B5701,floor
99366,103,GAGFLGMEVAAYLMEKAHSVSVVELEE,MEKAHSVSV,0,AIFM3,pancreatic adenocarcinoma,10,C0602,floor
99366,103,GAGFLGMEVAAYLMEKAHSVSVVELEE,MEKAHSVSV,0,AIFM3,pancreatic adenocarcinoma,10,C1203,floor
99366,103,GAGFLGMEVAAYLMEKAHSVSVVELEE,LGMEVAAYLM,0,AIFM3,pancreatic adenocarcinoma,10,A0101,floor
99366,103,GAGFLGMEVAAYLMEKAHSVSVVELEE,LGMEVAAYLM,0,AIFM3,pancreatic adenocarcinoma,10,A2601,floor
99366,103,GAGFLGMEVAAYLMEKAHSVSVVELEE,LGMEVAAYLM,0,AIFM3,pancreatic adenocarcinoma,10,B3801,floor
99366,39,GAGFLGMEVAAYLMEKAHSVSVVELEE,LGMEVAAYLM,0,AIFM3,pancreatic adenocarcinoma,10,B5701,scoreable
99366,103,GAGFLGMEVAAYLMEKAHSVSVVELEE,LGMEVAAYLM,0,AIFM3,pancreatic adenocarcinoma,10,C0602,floor
99366,103,GAGFLGMEVAAYLMEKAHSVSVVELEE,LGMEVAAYLM,0,AIFM3,pancreatic adenocarcinoma,10,C1203,floor
99366,103,GAGFLGMEVAAYLMEKAHSVSVVELEE,EVAAYLMEKA,0,AIFM3,pancreatic adenocarcinoma,10,A0101,floor
99366,37,GAGFLGMEVAAYLMEKAHSVSVVELEE,EVAAYLMEKA,0,AIFM3,pancreatic adenocarcinoma,10,A2601,scoreable
99366,103,GAGFLGMEVAAYLMEKAHSVSVVELEE,EVAAYLMEKA,0,AIFM3,pancreatic adenocarcinoma,10,B3801,floor
99366,103,GAGFLGMEVAAYLMEKAHSVSVVELEE,EVAAYLMEKA,0,AIFM3,pancreatic adenocarcinoma,10,B5701,floor
99366,103,GAGFLGMEVAAYLMEKAHSVSVVELEE,EVAAYLMEKA,0,AIFM3,pancreatic adenocarcinoma,10,C0602,floor
99366,103,GAGFLGMEVAAYLMEKAHSVSVVELEE,EVAAYLMEKA,0,AIFM3,pancreatic adenocarcinoma,10,C1203,floor
99366,103,GAGFLGMEVAAYLMEKAHSVSVVELEE,AAYLMEKAHSV,0,AIFM3,pancreatic adenocarcinoma,10,A0101,floor
99366,103,GAGFLGMEVAAYLMEKAHSVSVVELEE,AAYLMEKAHSV,0,AIFM3,pancreatic adenocarcinoma,10,A2601,floor
99366,103,GAGFLGMEVAAYLMEKAHSVSVVELEE,AAYLMEKAHSV,0,AIFM3,pancreatic adenocarcinoma,10,B3801,floor
99366,103,GAGFLGMEVAAYLMEKAHSVSVVELEE,AAYLMEKAHSV,0,AIFM3,pancreatic adenocarcinoma,10,B5701,floor
99366,103,GAGFLGMEVAAYLMEKAHSVSVVELEE,AAYLMEKAHSV,0,AIFM3,pancreatic adenocarcinoma,10,C0602,floor
99366,41,GAGFLGMEVAAYLMEKAHSVSVVELEE,AAYLMEKAHSV,0,AIFM3,pancreatic adenocarcinoma,10,C1203,scoreable
99366,103,GAGFLGMEVAAYLMEKAHSVSVVELEE,YLMEKAHSVSV,0,AIFM3,pancreatic adenocarcinoma,10,A0101,floor
99366,103,GAGFLGMEVAAYLMEKAHSVSVVELEE,YLMEKAHSVSV,0,AIFM3,pancreatic adenocarcinoma,10,A2601,floor
99366,103,GAGFLGMEVAAYLMEKAHSVSVVELEE,YLMEKAHSVSV,0,AIFM3,pancreatic adenocarcinoma,10,B3801,floor
99366,103,GAGFLGMEVAAYLMEKAHSVSVVELEE,YLMEKAHSVSV,0,AIFM3,pancreatic adenocarcinoma,10,B5701,floor
99366,103,GAGFLGMEVAAYLMEKAHSVSVVELEE,YLMEKAHSVSV,0,AIFM3,pancreatic adenocarcinoma,10,C0602,floor
99366,41,GAGFLGMEVAAYLMEKAHSVSVVELEE,YLMEKAHSVSV,0,AIFM3,pancreatic adenocarcinoma,10,C1203,scoreable
99366,103,VNVEEVQAIMEAYKSDPTEWAMYAKFD,AYKSDPTEW,0,CDO1,pancreatic adenocarcinoma,10,A0101,floor
99366,103,VNVEEVQAIMEAYKSDPTEWAMYAKFD,AYKSDPTEW,0,CDO1,pancreatic adenocarcinoma,10,A2601,floor
99366,103,VNVEEVQAIMEAYKSDPTEWAMYAKFD,AYKSDPTEW,0,CDO1,pancreatic adenocarcinoma,10,B3801,floor
99366,39,VNVEEVQAIMEAYKSDPTEWAMYAKFD,AYKSDPTEW,0,CDO1,pancreatic adenocarcinoma,10,B5701,scoreable
99366,103,VNVEEVQAIMEAYKSDPTEWAMYAKFD,AYKSDPTEW,0,CDO1,pancreatic adenocarcinoma,10,C0602,floor
99366,103,VNVEEVQAIMEAYKSDPTEWAMYAKFD,AYKSDPTEW,0,CDO1,pancreatic adenocarcinoma,10,C1203,floor
99366,36,VNVEEVQAIMEAYKSDPTEWAMYAKFD,KSDPTEWAM,0,CDO1,pancreatic adenocarcinoma,10,A0101,scoreable
99366,103,VNVEEVQAIMEAYKSDPTEWAMYAKFD,KSDPTEWAM,0,CDO1,pancreatic adenocarcinoma,10,A2601,floor
99366,38,VNVEEVQAIMEAYKSDPTEWAMYAKFD,KSDPTEWAM,0,CDO1,pancreatic adenocarcinoma,10,B3801,scoreable
99366,39,VNVEEVQAIMEAYKSDPTEWAMYAKFD,KSDPTEWAM,0,CDO1,pancreatic adenocarcinoma,10,B5701,scoreable
99366,103,VNVEEVQAIMEAYKSDPTEWAMYAKFD,KSDPTEWAM,0,CDO1,pancreatic adenocarcinoma,10,C0602,floor
99366,103,VNVEEVQAIMEAYKSDPTEWAMYAKFD,KSDPTEWAM,0,CDO1,pancreatic adenocarcinoma,10,C1203,floor
99366,103,VNVEEVQAIMEAYKSDPTEWAMYAKFD,EAYKSDPTEW,0,CDO1,pancreatic adenocarcinoma,10,A0101,floor
99366,37,VNVEEVQAIMEAYKSDPTEWAMYAKFD,EAYKSDPTEW,0,CDO1,pancreatic adenocarcinoma,10,A2601,scoreable
99366,103,VNVEEVQAIMEAYKSDPTEWAMYAKFD,EAYKSDPTEW,0,CDO1,pancreatic adenocarcinoma,10,B3801,floor
99366,39,VNVEEVQAIMEAYKSDPTEWAMYAKFD,EAYKSDPTEW,0,CDO1,pancreatic adenocarcinoma,10,B5701,scoreable
99366,103,VNVEEVQAIMEAYKSDPTEWAMYAKFD,EAYKSDPTEW,0,CDO1,pancreatic adenocarcinoma,10,C0602,floor
99366,103,VNVEEVQAIMEAYKSDPTEWAMYAKFD,EAYKSDPTEW,0,CDO1,pancreatic adenocarcinoma,10,C1203,floor
99366,103,VNVEEVQAIMEAYKSDPTEWAMYAKFD,YKSDPTEWAM,0,CDO1,pancreatic adenocarcinoma,10,A0101,floor
99366,103,VNVEEVQAIMEAYKSDPTEWAMYAKFD,YKSDPTEWAM,0,CDO1,pancreatic adenocarcinoma,10,A2601,floor
99366,38,VNVEEVQAIMEAYKSDPTEWAMYAKFD,YKSDPTEWAM,0,CDO1,pancreatic adenocarcinoma,10,B3801,scoreable
99366,103,VNVEEVQAIMEAYKSDPTEWAMYAKFD,YKSDPTEWAM,0,CDO1,pancreatic adenocarcinoma,10,B5701,floor
99366,40,VNVEEVQAIMEAYKSDPTEWAMYAKFD,YKSDPTEWAM,0,CDO1,pancreatic adenocarcinoma,10,C0602,scoreable
99366,103,VNVEEVQAIMEAYKSDPTEWAMYAKFD,YKSDPTEWAM,0,CDO1,pancreatic adenocarcinoma,10,C1203,floor
99366,36,VNVEEVQAIMEAYKSDPTEWAMYAKFD,KSDPTEWAMY,0,CDO1,pancreatic adenocarcinoma,10,A0101,scoreable
99366,103,VNVEEVQAIMEAYKSDPTEWAMYAKFD,KSDPTEWAMY,0,CDO1,pancreatic adenocarcinoma,10,A2601,floor
99366,103,VNVEEVQAIMEAYKSDPTEWAMYAKFD,KSDPTEWAMY,0,CDO1,pancreatic adenocarcinoma,10,B3801,floor
99366,39,VNVEEVQAIMEAYKSDPTEWAMYAKFD,KSDPTEWAMY,0,CDO1,pancreatic adenocarcinoma,10,B5701,scoreable
99366,103,VNVEEVQAIMEAYKSDPTEWAMYAKFD,KSDPTEWAMY,0,CDO1,pancreatic adenocarcinoma,10,C0602,floor
99366,103,VNVEEVQAIMEAYKSDPTEWAMYAKFD,KSDPTEWAMY,0,CDO1,pancreatic adenocarcinoma,10,C1203,floor
99366,103,VNVEEVQAIMEAYKSDPTEWAMYAKFD,MEAYKSDPTEW,0,CDO1,pancreatic adenocarcinoma,10,A0101,floor
99366,103,VNVEEVQAIMEAYKSDPTEWAMYAKFD,MEAYKSDPTEW,0,CDO1,pancreatic adenocarcinoma,10,A2601,floor
99366,38,VNVEEVQAIMEAYKSDPTEWAMYAKFD,MEAYKSDPTEW,0,CDO1,pancreatic adenocarcinoma,10,B3801,scoreable
99366,39,VNVEEVQAIMEAYKSDPTEWAMYAKFD,MEAYKSDPTEW,0,CDO1,pancreatic adenocarcinoma,10,B5701,scoreable
99366,103,VNVEEVQAIMEAYKSDPTEWAMYAKFD,MEAYKSDPTEW,0,CDO1,pancreatic adenocarcinoma,10,C0602,floor
99366,103,VNVEEVQAIMEAYKSDPTEWAMYAKFD,MEAYKSDPTEW,0,CDO1,pancreatic adenocarcinoma,10,C1203,floor
99366,36,VNVEEVQAIMEAYKSDPTEWAMYAKFD,YKSDPTEWAMY,0,CDO1,pancreatic adenocarcinoma,10,A0101,scoreable
99366,103,VNVEEVQAIMEAYKSDPTEWAMYAKFD,YKSDPTEWAMY,0,CDO1,pancreatic adenocarcinoma,10,A2601,floor
99366,103,VNVEEVQAIMEAYKSDPTEWAMYAKFD,YKSDPTEWAMY,0,CDO1,pancreatic adenocarcinoma,10,B3801,floor
99366,103,VNVEEVQAIMEAYKSDPTEWAMYAKFD,YKSDPTEWAMY,0,CDO1,pancreatic adenocarcinoma,10,B5701,floor
99366,40,VNVEEVQAIMEAYKSDPTEWAMYAKFD,YKSDPTEWAMY,0,CDO1,pancreatic adenocarcinoma,10,C0602,scoreable
99366,103,VNVEEVQAIMEAYKSDPTEWAMYAKFD,YKSDPTEWAMY,0,CDO1,pancreatic adenocarcinoma,10,C1203,floor
99366,36,VNVEEVQAIMEAYKSDPTEWAMYAKFD,KSDPTEWAMYA,0,CDO1,pancreatic adenocarcinoma,10,A0101,scoreable
99366,103,VNVEEVQAIMEAYKSDPTEWAMYAKFD,KSDPTEWAMYA,0,CDO1,pancreatic adenocarcinoma,10,A2601,floor
99366,103,VNVEEVQAIMEAYKSDPTEWAMYAKFD,KSDPTEWAMYA,0,CDO1,pancreatic adenocarcinoma,10,B3801,floor
99366,39,VNVEEVQAIMEAYKSDPTEWAMYAKFD,KSDPTEWAMYA,0,CDO1,pancreatic adenocarcinoma,10,B5701,scoreable
99366,103,VNVEEVQAIMEAYKSDPTEWAMYAKFD,KSDPTEWAMYA,0,CDO1,pancreatic adenocarcinoma,10,C0602,floor
99366,103,VNVEEVQAIMEAYKSDPTEWAMYAKFD,KSDPTEWAMYA,0,CDO1,pancreatic adenocarcinoma,10,C1203,floor
99366,103,VNVEEVQAIMEAYKSDPTEWAMYAKFD,IMEAYKSDPTEW,0,CDO1,pancreatic adenocarcinoma,10,A0101,floor
99366,103,VNVEEVQAIMEAYKSDPTEWAMYAKFD,IMEAYKSDPTEW,0,CDO1,pancreatic adenocarcinoma,10,A2601,floor
99366,103,VNVEEVQAIMEAYKSDPTEWAMYAKFD,IMEAYKSDPTEW,0,CDO1,pancreatic adenocarcinoma,10,B3801,floor
99366,39,VNVEEVQAIMEAYKSDPTEWAMYAKFD,IMEAYKSDPTEW,0,CDO1,pancreatic adenocarcinoma,10,B5701,scoreable
99366,103,VNVEEVQAIMEAYKSDPTEWAMYAKFD,IMEAYKSDPTEW,0,CDO1,pancreatic adenocarcinoma,10,C0602,floor
99366,103,VNVEEVQAIMEAYKSDPTEWAMYAKFD,IMEAYKSDPTEW,0,CDO1,pancreatic adenocarcinoma,10,C1203,floor
99366,103,VNVEEVQAIMEAYKSDPTEWAMYAKFD,EAYKSDPTEWAM,0,CDO1,pancreatic adenocarcinoma,10,A0101,floor
99366,37,VNVEEVQAIMEAYKSDPTEWAMYAKFD,EAYKSDPTEWAM,0,CDO1,pancreatic adenocarcinoma,10,A2601,scoreable
99366,103,VNVEEVQAIMEAYKSDPTEWAMYAKFD,EAYKSDPTEWAM,0,CDO1,pancreatic adenocarcinoma,10,B3801,floor
99366,39,VNVEEVQAIMEAYKSDPTEWAMYAKFD,EAYKSDPTEWAM,0,CDO1,pancreatic adenocarcinoma,10,B5701,scoreable
99366,103,VNVEEVQAIMEAYKSDPTEWAMYAKFD,EAYKSDPTEWAM,0,CDO1,pancreatic adenocarcinoma,10,C0602,floor
99366,41,VNVEEVQAIMEAYKSDPTEWAMYAKFD,EAYKSDPTEWAM,0,CDO1,pancreatic adenocarcinoma,10,C1203,scoreable
99366,36,VNVEEVQAIMEAYKSDPTEWAMYAKFD,KSDPTEWAMYAK,0,CDO1,pancreatic adenocarcinoma,10,A0101,scoreable
99366,103,VNVEEVQAIMEAYKSDPTEWAMYAKFD,KSDPTEWAMYAK,0,CDO1,pancreatic adenocarcinoma,10,A2601,floor
99366,103,VNVEEVQAIMEAYKSDPTEWAMYAKFD,KSDPTEWAMYAK,0,CDO1,pancreatic adenocarcinoma,10,B3801,floor
99366,103,VNVEEVQAIMEAYKSDPTEWAMYAKFD,KSDPTEWAMYAK,0,CDO1,pancreatic adenocarcinoma,10,B5701,floor
99366,103,VNVEEVQAIMEAYKSDPTEWAMYAKFD,KSDPTEWAMYAK,0,CDO1,pancreatic adenocarcinoma,10,C0602,floor
99366,103,VNVEEVQAIMEAYKSDPTEWAMYAKFD,KSDPTEWAMYAK,0,CDO1,pancreatic adenocarcinoma,10,C1203,floor
99366,103,QSLVSPGSCLEDFWATPFIECSGARGT,PGSCLEDFW,0,COL4A6,pancreatic adenocarcinoma,10,A0101,floor
99366,103,QSLVSPGSCLEDFWATPFIECSGARGT,PGSCLEDFW,0,COL4A6,pancreatic adenocarcinoma,10,A2601,floor
99366,103,QSLVSPGSCLEDFWATPFIECSGARGT,PGSCLEDFW,0,COL4A6,pancreatic adenocarcinoma,10,B3801,floor
99366,39,QSLVSPGSCLEDFWATPFIECSGARGT,PGSCLEDFW,0,COL4A6,pancreatic adenocarcinoma,10,B5701,scoreable
99366,103,QSLVSPGSCLEDFWATPFIECSGARGT,PGSCLEDFW,0,COL4A6,pancreatic adenocarcinoma,10,C0602,floor
99366,103,QSLVSPGSCLEDFWATPFIECSGARGT,PGSCLEDFW,0,COL4A6,pancreatic adenocarcinoma,10,C1203,floor
99366,36,QSLVSPGSCLEDFWATPFIECSGARGT,LEDFWATPF,0,COL4A6,pancreatic adenocarcinoma,10,A0101,scoreable
99366,103,QSLVSPGSCLEDFWATPFIECSGARGT,LEDFWATPF,0,COL4A6,pancreatic adenocarcinoma,10,A2601,floor
99366,38,QSLVSPGSCLEDFWATPFIECSGARGT,LEDFWATPF,0,COL4A6,pancreatic adenocarcinoma,10,B3801,scoreable
99366,103,QSLVSPGSCLEDFWATPFIECSGARGT,LEDFWATPF,0,COL4A6,pancreatic adenocarcinoma,10,B5701,floor
99366,103,QSLVSPGSCLEDFWATPFIECSGARGT,LEDFWATPF,0,COL4A6,pancreatic adenocarcinoma,10,C0602,floor
99366,103,QSLVSPGSCLEDFWATPFIECSGARGT,LEDFWATPF,0,COL4A6,pancreatic adenocarcinoma,10,C1203,floor
99366,103,QSLVSPGSCLEDFWATPFIECSGARGT,EDFWATPFI,0,COL4A6,pancreatic adenocarcinoma,10,A0101,floor
99366,103,QSLVSPGSCLEDFWATPFIECSGARGT,EDFWATPFI,0,COL4A6,pancreatic adenocarcinoma,10,A2601,floor
99366,38,QSLVSPGSCLEDFWATPFIECSGARGT,EDFWATPFI,0,COL4A6,pancreatic adenocarcinoma,10,B3801,scoreable
99366,103,QSLVSPGSCLEDFWATPFIECSGARGT,EDFWATPFI,0,COL4A6,pancreatic adenocarcinoma,10,B5701,floor
99366,103,QSLVSPGSCLEDFWATPFIECSGARGT,EDFWATPFI,0,COL4A6,pancreatic adenocarcinoma,10,C0602,floor
99366,103,QSLVSPGSCLEDFWATPFIECSGARGT,EDFWATPFI,0,COL4A6,pancreatic adenocarcinoma,10,C1203,floor
99366,103,QSLVSPGSCLEDFWATPFIECSGARGT,SPGSCLEDFW,0,COL4A6,pancreatic adenocarcinoma,10,A0101,floor
99366,103,QSLVSPGSCLEDFWATPFIECSGARGT,SPGSCLEDFW,0,COL4A6,pancreatic adenocarcinoma,10,A2601,floor
99366,103,QSLVSPGSCLEDFWATPFIECSGARGT,SPGSCLEDFW,0,COL4A6,pancreatic adenocarcinoma,10,B3801,floor
99366,39,QSLVSPGSCLEDFWATPFIECSGARGT,SPGSCLEDFW,0,COL4A6,pancreatic adenocarcinoma,10,B5701,scoreable
99366,103,QSLVSPGSCLEDFWATPFIECSGARGT,SPGSCLEDFW,0,COL4A6,pancreatic adenocarcinoma,10,C0602,floor
99366,103,QSLVSPGSCLEDFWATPFIECSGARGT,SPGSCLEDFW,0,COL4A6,pancreatic adenocarcinoma,10,C1203,floor
99366,36,QSLVSPGSCLEDFWATPFIECSGARGT,CLEDFWATPF,0,COL4A6,pancreatic adenocarcinoma,10,A0101,scoreable
99366,103,QSLVSPGSCLEDFWATPFIECSGARGT,CLEDFWATPF,0,COL4A6,pancreatic adenocarcinoma,10,A2601,floor
99366,103,QSLVSPGSCLEDFWATPFIECSGARGT,CLEDFWATPF,0,COL4A6,pancreatic adenocarcinoma,10,B3801,floor
99366,103,QSLVSPGSCLEDFWATPFIECSGARGT,CLEDFWATPF,0,COL4A6,pancreatic adenocarcinoma,10,B5701,floor
99366,103,QSLVSPGSCLEDFWATPFIECSGARGT,CLEDFWATPF,0,COL4A6,pancreatic adenocarcinoma,10,C0602,floor
99366,103,QSLVSPGSCLEDFWATPFIECSGARGT,CLEDFWATPF,0,COL4A6,pancreatic adenocarcinoma,10,C1203,floor
99366,36,QSLVSPGSCLEDFWATPFIECSGARGT,VSPGSCLEDFW,0,COL4A6,pancreatic adenocarcinoma,10,A0101,scoreable
99366,103,QSLVSPGSCLEDFWATPFIECSGARGT,VSPGSCLEDFW,0,COL4A6,pancreatic adenocarcinoma,10,A2601,floor
99366,103,QSLVSPGSCLEDFWATPFIECSGARGT,VSPGSCLEDFW,0,COL4A6,pancreatic adenocarcinoma,10,B3801,floor
99366,39,QSLVSPGSCLEDFWATPFIECSGARGT,VSPGSCLEDFW,0,COL4A6,pancreatic adenocarcinoma,10,B5701,scoreable
99366,103,QSLVSPGSCLEDFWATPFIECSGARGT,VSPGSCLEDFW,0,COL4A6,pancreatic adenocarcinoma,10,C0602,floor
99366,103,QSLVSPGSCLEDFWATPFIECSGARGT,VSPGSCLEDFW,0,COL4A6,pancreatic adenocarcinoma,10,C1203,floor
99366,103,QSLVSPGSCLEDFWATPFIECSGARGT,SCLEDFWATPF,0,COL4A6,pancreatic adenocarcinoma,10,A0101,floor
99366,103,QSLVSPGSCLEDFWATPFIECSGARGT,SCLEDFWATPF,0,COL4A6,pancreatic adenocarcinoma,10,A2601,floor
99366,103,QSLVSPGSCLEDFWATPFIECSGARGT,SCLEDFWATPF,0,COL4A6,pancreatic adenocarcinoma,10,B3801,floor
99366,39,QSLVSPGSCLEDFWATPFIECSGARGT,SCLEDFWATPF,0,COL4A6,pancreatic adenocarcinoma,10,B5701,scoreable
99366,103,QSLVSPGSCLEDFWATPFIECSGARGT,SCLEDFWATPF,0,COL4A6,pancreatic adenocarcinoma,10,C0602,floor
99366,103,QSLVSPGSCLEDFWATPFIECSGARGT,SCLEDFWATPF,0,COL4A6,pancreatic adenocarcinoma,10,C1203,floor
99366,36,QSLVSPGSCLEDFWATPFIECSGARGT,LVSPGSCLEDFW,0,COL4A6,pancreatic adenocarcinoma,10,A0101,scoreable
99366,103,QSLVSPGSCLEDFWATPFIECSGARGT,LVSPGSCLEDFW,0,COL4A6,pancreatic adenocarcinoma,10,A2601,floor
99366,103,QSLVSPGSCLEDFWATPFIECSGARGT,LVSPGSCLEDFW,0,COL4A6,pancreatic adenocarcinoma,10,B3801,floor
99366,39,QSLVSPGSCLEDFWATPFIECSGARGT,LVSPGSCLEDFW,0,COL4A6,pancreatic adenocarcinoma,10,B5701,scoreable
99366,103,QSLVSPGSCLEDFWATPFIECSGARGT,LVSPGSCLEDFW,0,COL4A6,pancreatic adenocarcinoma,10,C0602,floor
99366,103,QSLVSPGSCLEDFWATPFIECSGARGT,LVSPGSCLEDFW,0,COL4A6,pancreatic adenocarcinoma,10,C1203,floor
99366,103,QSLVSPGSCLEDFWATPFIECSGARGT,GSCLEDFWATPF,0,COL4A6,pancreatic adenocarcinoma,10,A0101,floor
99366,103,QSLVSPGSCLEDFWATPFIECSGARGT,GSCLEDFWATPF,0,COL4A6,pancreatic adenocarcinoma,10,A2601,floor
99366,103,QSLVSPGSCLEDFWATPFIECSGARGT,GSCLEDFWATPF,0,COL4A6,pancreatic adenocarcinoma,10,B3801,floor
99366,39,QSLVSPGSCLEDFWATPFIECSGARGT,GSCLEDFWATPF,0,COL4A6,pancreatic adenocarcinoma,10,B5701,scoreable
99366,103,QSLVSPGSCLEDFWATPFIECSGARGT,GSCLEDFWATPF,0,COL4A6,pancreatic adenocarcinoma,10,C0602,floor
99366,103,QSLVSPGSCLEDFWATPFIECSGARGT,GSCLEDFWATPF,0,COL4A6,pancreatic adenocarcinoma,10,C1203,floor
99366,103,QSLVSPGSCLEDFWATPFIECSGARGT,WATPFIECSGAR,0,COL4A6,pancreatic adenocarcinoma,10,A0101,floor
99366,103,QSLVSPGSCLEDFWATPFIECSGARGT,WATPFIECSGAR,0,COL4A6,pancreatic adenocarcinoma,10,A2601,floor
99366,103,QSLVSPGSCLEDFWATPFIECSGARGT,WATPFIECSGAR,0,COL4A6,pancreatic adenocarcinoma,10,B3801,floor
99366,103,QSLVSPGSCLEDFWATPFIECSGARGT,WATPFIECSGAR,0,COL4A6,pancreatic adenocarcinoma,10,B5701,floor
99366,40,QSLVSPGSCLEDFWATPFIECSGARGT,WATPFIECSGAR,0,COL4A6,pancreatic adenocarcinoma,10,C0602,scoreable
99366,41,QSLVSPGSCLEDFWATPFIECSGARGT,WATPFIECSGAR,0,COL4A6,pancreatic adenocarcinoma,10,C1203,scoreable
99366,103,MTEYKLVVVGAVGVGKSALTIQLIQ,VVVGAVGVGK,0,KRAS,pancreatic adenocarcinoma,10,A0101,floor
99366,37,MTEYKLVVVGAVGVGKSALTIQLIQ,VVVGAVGVGK,0,KRAS,pancreatic adenocarcinoma,10,A2601,scoreable
99366,103,MTEYKLVVVGAVGVGKSALTIQLIQ,VVVGAVGVGK,0,KRAS,pancreatic adenocarcinoma,10,B3801,floor
99366,103,MTEYKLVVVGAVGVGKSALTIQLIQ,VVVGAVGVGK,0,KRAS,pancreatic adenocarcinoma,10,B5701,floor
99366,103,MTEYKLVVVGAVGVGKSALTIQLIQ,VVVGAVGVGK,0,KRAS,pancreatic adenocarcinoma,10,C0602,floor
99366,103,MTEYKLVVVGAVGVGKSALTIQLIQ,VVVGAVGVGK,0,KRAS,pancreatic adenocarcinoma,10,C1203,floor
99366,103,MTEYKLVVVGAVGVGKSALTIQLIQ,GAVGVGKSAL,0,KRAS,pancreatic adenocarcinoma,10,A0101,floor
99366,103,MTEYKLVVVGAVGVGKSALTIQLIQ,GAVGVGKSAL,0,KRAS,pancreatic adenocarcinoma,10,A2601,floor
99366,103,MTEYKLVVVGAVGVGKSALTIQLIQ,GAVGVGKSAL,0,KRAS,pancreatic adenocarcinoma,10,B3801,floor
99366,103,MTEYKLVVVGAVGVGKSALTIQLIQ,GAVGVGKSAL,0,KRAS,pancreatic adenocarcinoma,10,B5701,floor
99366,40,MTEYKLVVVGAVGVGKSALTIQLIQ,GAVGVGKSAL,0,KRAS,pancreatic adenocarcinoma,10,C0602,scoreable
99366,41,MTEYKLVVVGAVGVGKSALTIQLIQ,GAVGVGKSAL,0,KRAS,pancreatic adenocarcinoma,10,C1203,scoreable
99366,36,LEPSLAQYSDVLSPTHAASETLEFGSE,YSDVLSPTH,0,PTPRZ1,pancreatic adenocarcinoma,10,A0101,scoreable
99366,103,LEPSLAQYSDVLSPTHAASETLEFGSE,YSDVLSPTH,0,PTPRZ1,pancreatic adenocarcinoma,10,A2601,floor
99366,103,LEPSLAQYSDVLSPTHAASETLEFGSE,YSDVLSPTH,0,PTPRZ1,pancreatic adenocarcinoma,10,B3801,floor
99366,39,LEPSLAQYSDVLSPTHAASETLEFGSE,YSDVLSPTH,0,PTPRZ1,pancreatic adenocarcinoma,10,B5701,scoreable
99366,103,LEPSLAQYSDVLSPTHAASETLEFGSE,YSDVLSPTH,0,PTPRZ1,pancreatic adenocarcinoma,10,C0602,floor
99366,103,LEPSLAQYSDVLSPTHAASETLEFGSE,YSDVLSPTH,0,PTPRZ1,pancreatic adenocarcinoma,10,C1203,floor
99366,103,LEPSLAQYSDVLSPTHAASETLEFGSE,PTHAASETL,0,PTPRZ1,pancreatic adenocarcinoma,10,A0101,floor
99366,103,LEPSLAQYSDVLSPTHAASETLEFGSE,PTHAASETL,0,PTPRZ1,pancreatic adenocarcinoma,10,A2601,floor
99366,103,LEPSLAQYSDVLSPTHAASETLEFGSE,PTHAASETL,0,PTPRZ1,pancreatic adenocarcinoma,10,B3801,floor
99366,39,LEPSLAQYSDVLSPTHAASETLEFGSE,PTHAASETL,0,PTPRZ1,pancreatic adenocarcinoma,10,B5701,scoreable
99366,103,LEPSLAQYSDVLSPTHAASETLEFGSE,PTHAASETL,0,PTPRZ1,pancreatic adenocarcinoma,10,C0602,floor
99366,103,LEPSLAQYSDVLSPTHAASETLEFGSE,PTHAASETL,0,PTPRZ1,pancreatic adenocarcinoma,10,C1203,floor
99366,103,LEPSLAQYSDVLSPTHAASETLEFGSE,SPTHAASETL,0,PTPRZ1,pancreatic adenocarcinoma,10,A0101,floor
99366,103,LEPSLAQYSDVLSPTHAASETLEFGSE,SPTHAASETL,0,PTPRZ1,pancreatic adenocarcinoma,10,A2601,floor
99366,38,LEPSLAQYSDVLSPTHAASETLEFGSE,SPTHAASETL,0,PTPRZ1,pancreatic adenocarcinoma,10,B3801,scoreable
99366,103,LEPSLAQYSDVLSPTHAASETLEFGSE,SPTHAASETL,0,PTPRZ1,pancreatic adenocarcinoma,10,B5701,floor
99366,103,LEPSLAQYSDVLSPTHAASETLEFGSE,SPTHAASETL,0,PTPRZ1,pancreatic adenocarcinoma,10,C0602,floor
99366,103,LEPSLAQYSDVLSPTHAASETLEFGSE,SPTHAASETL,0,PTPRZ1,pancreatic adenocarcinoma,10,C1203,floor
99366,103,LEPSLAQYSDVLSPTHAASETLEFGSE,AQYSDVLSPTH,0,PTPRZ1,pancreatic adenocarcinoma,10,A0101,floor
99366,103,LEPSLAQYSDVLSPTHAASETLEFGSE,AQYSDVLSPTH,0,PTPRZ1,pancreatic adenocarcinoma,10,A2601,floor
99366,103,LEPSLAQYSDVLSPTHAASETLEFGSE,AQYSDVLSPTH,0,PTPRZ1,pancreatic adenocarcinoma,10,B3801,floor
99366,103,LEPSLAQYSDVLSPTHAASETLEFGSE,AQYSDVLSPTH,0,PTPRZ1,pancreatic adenocarcinoma,10,B5701,floor
99366,40,LEPSLAQYSDVLSPTHAASETLEFGSE,AQYSDVLSPTH,0,PTPRZ1,pancreatic adenocarcinoma,10,C0602,scoreable
99366,103,LEPSLAQYSDVLSPTHAASETLEFGSE,AQYSDVLSPTH,0,PTPRZ1,pancreatic adenocarcinoma,10,C1203,floor
99366,36,LEPSLAQYSDVLSPTHAASETLEFGSE,YSDVLSPTHAA,0,PTPRZ1,pancreatic adenocarcinoma,10,A0101,scoreable
99366,103,LEPSLAQYSDVLSPTHAASETLEFGSE,YSDVLSPTHAA,0,PTPRZ1,pancreatic adenocarcinoma,10,A2601,floor
99366,103,LEPSLAQYSDVLSPTHAASETLEFGSE,YSDVLSPTHAA,0,PTPRZ1,pancreatic adenocarcinoma,10,B3801,floor
99366,103,LEPSLAQYSDVLSPTHAASETLEFGSE,YSDVLSPTHAA,0,PTPRZ1,pancreatic adenocarcinoma,10,B5701,floor
99366,103,LEPSLAQYSDVLSPTHAASETLEFGSE,YSDVLSPTHAA,0,PTPRZ1,pancreatic adenocarcinoma,10,C0602,floor
99366,103,LEPSLAQYSDVLSPTHAASETLEFGSE,YSDVLSPTHAA,0,PTPRZ1,pancreatic adenocarcinoma,10,C1203,floor
99366,103,LEPSLAQYSDVLSPTHAASETLEFGSE,LSPTHAASETL,0,PTPRZ1,pancreatic adenocarcinoma,10,A0101,floor
99366,103,LEPSLAQYSDVLSPTHAASETLEFGSE,LSPTHAASETL,0,PTPRZ1,pancreatic adenocarcinoma,10,A2601,floor
99366,103,LEPSLAQYSDVLSPTHAASETLEFGSE,LSPTHAASETL,0,PTPRZ1,pancreatic adenocarcinoma,10,B3801,floor
99366,39,LEPSLAQYSDVLSPTHAASETLEFGSE,LSPTHAASETL,0,PTPRZ1,pancreatic adenocarcinoma,10,B5701,scoreable
99366,103,LEPSLAQYSDVLSPTHAASETLEFGSE,LSPTHAASETL,0,PTPRZ1,pancreatic adenocarcinoma,10,C0602,floor
99366,103,LEPSLAQYSDVLSPTHAASETLEFGSE,LSPTHAASETL,0,PTPRZ1,pancreatic adenocarcinoma,10,C1203,floor
99366,103,LEPSLAQYSDVLSPTHAASETLEFGSE,PTHAASETLEF,0,PTPRZ1,pancreatic adenocarcinoma,10,A0101,floor
99366,103,LEPSLAQYSDVLSPTHAASETLEFGSE,PTHAASETLEF,0,PTPRZ1,pancreatic adenocarcinoma,10,A2601,floor
99366,103,LEPSLAQYSDVLSPTHAASETLEFGSE,PTHAASETLEF,0,PTPRZ1,pancreatic adenocarcinoma,10,B3801,floor
99366,39,LEPSLAQYSDVLSPTHAASETLEFGSE,PTHAASETLEF,0,PTPRZ1,pancreatic adenocarcinoma,10,B5701,scoreable
99366,103,LEPSLAQYSDVLSPTHAASETLEFGSE,PTHAASETLEF,0,PTPRZ1,pancreatic adenocarcinoma,10,C0602,floor
99366,103,LEPSLAQYSDVLSPTHAASETLEFGSE,PTHAASETLEF,0,PTPRZ1,pancreatic adenocarcinoma,10,C1203,floor
99366,103,SDQSVVECKEVLMVLDNYVRDFKALID,VECKEVLMV,0,SCAPER,pancreatic adenocarcinoma,10,A0101,floor
99366,103,SDQSVVECKEVLMVLDNYVRDFKALID,VECKEVLMV,0,SCAPER,pancreatic adenocarcinoma,10,A2601,floor
99366,38,SDQSVVECKEVLMVLDNYVRDFKALID,VECKEVLMV,0,SCAPER,pancreatic adenocarcinoma,10,B3801,scoreable
99366,103,SDQSVVECKEVLMVLDNYVRDFKALID,VECKEVLMV,0,SCAPER,pancreatic adenocarcinoma,10,B5701,floor
99366,103,SDQSVVECKEVLMVLDNYVRDFKALID,VECKEVLMV,0,SCAPER,pancreatic adenocarcinoma,10,C0602,floor
99366,103,SDQSVVECKEVLMVLDNYVRDFKALID,VECKEVLMV,0,SCAPER,pancreatic adenocarcinoma,10,C1203,floor
99366,36,SDQSVVECKEVLMVLDNYVRDFKALID,EVLMVLDNY,0,SCAPER,pancreatic adenocarcinoma,10,A0101,scoreable
99366,37,SDQSVVECKEVLMVLDNYVRDFKALID,EVLMVLDNY,0,SCAPER,pancreatic adenocarcinoma,10,A2601,scoreable
99366,103,SDQSVVECKEVLMVLDNYVRDFKALID,EVLMVLDNY,0,SCAPER,pancreatic adenocarcinoma,10,B3801,floor
99366,103,SDQSVVECKEVLMVLDNYVRDFKALID,EVLMVLDNY,0,SCAPER,pancreatic adenocarcinoma,10,B5701,floor
99366,103,SDQSVVECKEVLMVLDNYVRDFKALID,EVLMVLDNY,0,SCAPER,pancreatic adenocarcinoma,10,C0602,floor
99366,103,SDQSVVECKEVLMVLDNYVRDFKALID,EVLMVLDNY,0,SCAPER,pancreatic adenocarcinoma,10,C1203,floor
99366,36,SDQSVVECKEVLMVLDNYVRDFKALID,VLDNYVRDF,0,SCAPER,pancreatic adenocarcinoma,10,A0101,scoreable
99366,103,SDQSVVECKEVLMVLDNYVRDFKALID,VLDNYVRDF,0,SCAPER,pancreatic adenocarcinoma,10,A2601,floor
99366,103,SDQSVVECKEVLMVLDNYVRDFKALID,VLDNYVRDF,0,SCAPER,pancreatic adenocarcinoma,10,B3801,floor
99366,39,SDQSVVECKEVLMVLDNYVRDFKALID,VLDNYVRDF,0,SCAPER,pancreatic adenocarcinoma,10,B5701,scoreable
99366,103,SDQSVVECKEVLMVLDNYVRDFKALID,VLDNYVRDF,0,SCAPER,pancreatic adenocarcinoma,10,C0602,floor
99366,103,SDQSVVECKEVLMVLDNYVRDFKALID,VLDNYVRDF,0,SCAPER,pancreatic adenocarcinoma,10,C1203,floor
99366,103,SDQSVVECKEVLMVLDNYVRDFKALID,VECKEVLMVL,0,SCAPER,pancreatic adenocarcinoma,10,A0101,floor
99366,103,SDQSVVECKEVLMVLDNYVRDFKALID,VECKEVLMVL,0,SCAPER,pancreatic adenocarcinoma,10,A2601,floor
99366,38,SDQSVVECKEVLMVLDNYVRDFKALID,VECKEVLMVL,0,SCAPER,pancreatic adenocarcinoma,10,B3801,scoreable
99366,103,SDQSVVECKEVLMVLDNYVRDFKALID,VECKEVLMVL,0,SCAPER,pancreatic adenocarcinoma,10,B5701,floor
99366,103,SDQSVVECKEVLMVLDNYVRDFKALID,VECKEVLMVL,0,SCAPER,pancreatic adenocarcinoma,10,C0602,floor
99366,103,SDQSVVECKEVLMVLDNYVRDFKALID,VECKEVLMVL,0,SCAPER,pancreatic adenocarcinoma,10,C1203,floor
99366,36,SDQSVVECKEVLMVLDNYVRDFKALID,KEVLMVLDNY,0,SCAPER,pancreatic adenocarcinoma,10,A0101,scoreable
99366,103,SDQSVVECKEVLMVLDNYVRDFKALID,KEVLMVLDNY,0,SCAPER,pancreatic adenocarcinoma,10,A2601,floor
99366,103,SDQSVVECKEVLMVLDNYVRDFKALID,KEVLMVLDNY,0,SCAPER,pancreatic adenocarcinoma,10,B3801,floor
99366,103,SDQSVVECKEVLMVLDNYVRDFKALID,KEVLMVLDNY,0,SCAPER,pancreatic adenocarcinoma,10,B5701,floor
99366,103,SDQSVVECKEVLMVLDNYVRDFKALID,KEVLMVLDNY,0,SCAPER,pancreatic adenocarcinoma,10,C0602,floor
99366,103,SDQSVVECKEVLMVLDNYVRDFKALID,KEVLMVLDNY,0,SCAPER,pancreatic adenocarcinoma,10,C1203,floor
99366,103,SDQSVVECKEVLMVLDNYVRDFKALID,MVLDNYVRDF,0,SCAPER,pancreatic adenocarcinoma,10,A0101,floor
99366,103,SDQSVVECKEVLMVLDNYVRDFKALID,MVLDNYVRDF,0,SCAPER,pancreatic adenocarcinoma,10,A2601,floor
99366,103,SDQSVVECKEVLMVLDNYVRDFKALID,MVLDNYVRDF,0,SCAPER,pancreatic adenocarcinoma,10,B3801,floor
99366,39,SDQSVVECKEVLMVLDNYVRDFKALID,MVLDNYVRDF,0,SCAPER,pancreatic adenocarcinoma,10,B5701,scoreable
99366,103,SDQSVVECKEVLMVLDNYVRDFKALID,MVLDNYVRDF,0,SCAPER,pancreatic adenocarcinoma,10,C0602,floor
99366,41,SDQSVVECKEVLMVLDNYVRDFKALID,MVLDNYVRDF,0,SCAPER,pancreatic adenocarcinoma,10,C1203,scoreable
99366,36,SDQSVVECKEVLMVLDNYVRDFKALID,VLDNYVRDFK,0,SCAPER,pancreatic adenocarcinoma,10,A0101,scoreable
99366,103,SDQSVVECKEVLMVLDNYVRDFKALID,VLDNYVRDFK,0,SCAPER,pancreatic adenocarcinoma,10,A2601,floor
99366,103,SDQSVVECKEVLMVLDNYVRDFKALID,VLDNYVRDFK,0,SCAPER,pancreatic adenocarcinoma,10,B3801,floor
99366,103,SDQSVVECKEVLMVLDNYVRDFKALID,VLDNYVRDFK,0,SCAPER,pancreatic adenocarcinoma,10,B5701,floor
99366,103,SDQSVVECKEVLMVLDNYVRDFKALID,VLDNYVRDFK,0,SCAPER,pancreatic adenocarcinoma,10,C0602,floor
99366,103,SDQSVVECKEVLMVLDNYVRDFKALID,VLDNYVRDFK,0,SCAPER,pancreatic adenocarcinoma,10,C1203,floor
99366,103,SDQSVVECKEVLMVLDNYVRDFKALID,MVLDNYVRDFK,0,SCAPER,pancreatic adenocarcinoma,10,A0101,floor
99366,103,SDQSVVECKEVLMVLDNYVRDFKALID,MVLDNYVRDFK,0,SCAPER,pancreatic adenocarcinoma,10,A2601,floor
99366,103,SDQSVVECKEVLMVLDNYVRDFKALID,MVLDNYVRDFK,0,SCAPER,pancreatic adenocarcinoma,10,B3801,floor
99366,103,SDQSVVECKEVLMVLDNYVRDFKALID,MVLDNYVRDFK,0,SCAPER,pancreatic adenocarcinoma,10,B5701,floor
99366,40,SDQSVVECKEVLMVLDNYVRDFKALID,MVLDNYVRDFK,0,SCAPER,pancreatic adenocarcinoma,10,C0602,scoreable
99366,103,SDQSVVECKEVLMVLDNYVRDFKALID,MVLDNYVRDFK,0,SCAPER,pancreatic adenocarcinoma,10,C1203,floor
99366,103,NNKAVLERRYSDFVKLQKALLKTFREE,RRYSDFVKL,1,SNX20,pancreatic adenocarcinoma,10,A0101,floor
99366,103,NNKAVLERRYSDFVKLQKALLKTFREE,RRYSDFVKL,1,SNX20,pancreatic adenocarcinoma,10,A2601,floor
99366,38,NNKAVLERRYSDFVKLQKALLKTFREE,RRYSDFVKL,1,SNX20,pancreatic adenocarcinoma,10,B3801,scoreable
99366,103,NNKAVLERRYSDFVKLQKALLKTFREE,RRYSDFVKL,1,SNX20,pancreatic adenocarcinoma,10,B5701,floor
99366,103,NNKAVLERRYSDFVKLQKALLKTFREE,RRYSDFVKL,1,SNX20,pancreatic adenocarcinoma,10,C0602,floor
99366,103,NNKAVLERRYSDFVKLQKALLKTFREE,RRYSDFVKL,1,SNX20,pancreatic adenocarcinoma,10,C1203,floor
99366,36,NNKAVLERRYSDFVKLQKALLKTFREE,YSDFVKLQK,1,SNX20,pancreatic adenocarcinoma,10,A0101,scoreable
99366,103,NNKAVLERRYSDFVKLQKALLKTFREE,YSDFVKLQK,1,SNX20,pancreatic adenocarcinoma,10,A2601,floor
99366,103,NNKAVLERRYSDFVKLQKALLKTFREE,YSDFVKLQK,1,SNX20,pancreatic adenocarcinoma,10,B3801,floor
99366,103,NNKAVLERRYSDFVKLQKALLKTFREE,YSDFVKLQK,1,SNX20,pancreatic adenocarcinoma,10,B5701,floor
99366,103,NNKAVLERRYSDFVKLQKALLKTFREE,YSDFVKLQK,1,SNX20,pancreatic adenocarcinoma,10,C0602,floor
99366,103,NNKAVLERRYSDFVKLQKALLKTFREE,YSDFVKLQK,1,SNX20,pancreatic adenocarcinoma,10,C1203,floor
99366,103,NNKAVLERRYSDFVKLQKALLKTFREE,FVKLQKALL,1,SNX20,pancreatic adenocarcinoma,10,A0101,floor
99366,37,NNKAVLERRYSDFVKLQKALLKTFREE,FVKLQKALL,1,SNX20,pancreatic adenocarcinoma,10,A2601,scoreable
99366,103,NNKAVLERRYSDFVKLQKALLKTFREE,FVKLQKALL,1,SNX20,pancreatic adenocarcinoma,10,B3801,floor
99366,103,NNKAVLERRYSDFVKLQKALLKTFREE,FVKLQKALL,1,SNX20,pancreatic adenocarcinoma,10,B5701,floor
99366,40,NNKAVLERRYSDFVKLQKALLKTFREE,FVKLQKALL,1,SNX20,pancreatic adenocarcinoma,10,C0602,scoreable
99366,41,NNKAVLERRYSDFVKLQKALLKTFREE,FVKLQKALL,1,SNX20,pancreatic adenocarcinoma,10,C1203,scoreable
99366,36,NNKAVLERRYSDFVKLQKALLKTFREE,YSDFVKLQKA,1,SNX20,pancreatic adenocarcinoma,10,A0101,scoreable
99366,103,NNKAVLERRYSDFVKLQKALLKTFREE,YSDFVKLQKA,1,SNX20,pancreatic adenocarcinoma,10,A2601,floor
99366,103,NNKAVLERRYSDFVKLQKALLKTFREE,YSDFVKLQKA,1,SNX20,pancreatic adenocarcinoma,10,B3801,floor
99366,103,NNKAVLERRYSDFVKLQKALLKTFREE,YSDFVKLQKA,1,SNX20,pancreatic adenocarcinoma,10,B5701,floor
99366,103,NNKAVLERRYSDFVKLQKALLKTFREE,YSDFVKLQKA,1,SNX20,pancreatic adenocarcinoma,10,C0602,floor
99366,103,NNKAVLERRYSDFVKLQKALLKTFREE,YSDFVKLQKA,1,SNX20,pancreatic adenocarcinoma,10,C1203,floor
99366,36,NNKAVLERRYSDFVKLQKALLKTFREE,YSDFVKLQKAL,1,SNX20,pancreatic adenocarcinoma,10,A0101,scoreable
99366,103,NNKAVLERRYSDFVKLQKALLKTFREE,YSDFVKLQKAL,1,SNX20,pancreatic adenocarcinoma,10,A2601,floor
99366,103,NNKAVLERRYSDFVKLQKALLKTFREE,YSDFVKLQKAL,1,SNX20,pancreatic adenocarcinoma,10,B3801,floor
99366,39,NNKAVLERRYSDFVKLQKALLKTFREE,YSDFVKLQKAL,1,SNX20,pancreatic adenocarcinoma,10,B5701,scoreable
99366,103,NNKAVLERRYSDFVKLQKALLKTFREE,YSDFVKLQKAL,1,SNX20,pancreatic adenocarcinoma,10,C0602,floor
99366,103,NNKAVLERRYSDFVKLQKALLKTFREE,YSDFVKLQKAL,1,SNX20,pancreatic adenocarcinoma,10,C1203,floor
99366,36,NNKAVLERRYSDFVKLQKALLKTFREE,YSDFVKLQKALL,1,SNX20,pancreatic adenocarcinoma,10,A0101,scoreable
99366,103,NNKAVLERRYSDFVKLQKALLKTFREE,YSDFVKLQKALL,1,SNX20,pancreatic adenocarcinoma,10,A2601,floor
99366,103,NNKAVLERRYSDFVKLQKALLKTFREE,YSDFVKLQKALL,1,SNX20,pancreatic adenocarcinoma,10,B3801,floor
99366,103,NNKAVLERRYSDFVKLQKALLKTFREE,YSDFVKLQKALL,1,SNX20,pancreatic adenocarcinoma,10,B5701,floor
99366,103,NNKAVLERRYSDFVKLQKALLKTFREE,YSDFVKLQKALL,1,SNX20,pancreatic adenocarcinoma,10,C0602,floor
99366,103,NNKAVLERRYSDFVKLQKALLKTFREE,YSDFVKLQKALL,1,SNX20,pancreatic adenocarcinoma,10,C1203,floor
99366,103,ERCSDSDGLAPPQLLIRVEGNLRVEYL,GLAPPQLLI,0,TP53,pancreatic adenocarcinoma,10,A0101,floor
99366,103,ERCSDSDGLAPPQLLIRVEGNLRVEYL,GLAPPQLLI,0,TP53,pancreatic adenocarcinoma,10,A2601,floor
99366,103,ERCSDSDGLAPPQLLIRVEGNLRVEYL,GLAPPQLLI,0,TP53,pancreatic adenocarcinoma,10,B3801,floor
99366,39,ERCSDSDGLAPPQLLIRVEGNLRVEYL,GLAPPQLLI,0,TP53,pancreatic adenocarcinoma,10,B5701,scoreable
99366,103,ERCSDSDGLAPPQLLIRVEGNLRVEYL,GLAPPQLLI,0,TP53,pancreatic adenocarcinoma,10,C0602,floor
99366,103,ERCSDSDGLAPPQLLIRVEGNLRVEYL,GLAPPQLLI,0,TP53,pancreatic adenocarcinoma,10,C1203,floor
99366,36,ERCSDSDGLAPPQLLIRVEGNLRVEYL,DSDGLAPPQL,0,TP53,pancreatic adenocarcinoma,10,A0101,scoreable
99366,103,ERCSDSDGLAPPQLLIRVEGNLRVEYL,DSDGLAPPQL,0,TP53,pancreatic adenocarcinoma,10,A2601,floor
99366,38,ERCSDSDGLAPPQLLIRVEGNLRVEYL,DSDGLAPPQL,0,TP53,pancreatic adenocarcinoma,10,B3801,scoreable
99366,103,ERCSDSDGLAPPQLLIRVEGNLRVEYL,DSDGLAPPQL,0,TP53,pancreatic adenocarcinoma,10,B5701,floor
99366,103,ERCSDSDGLAPPQLLIRVEGNLRVEYL,DSDGLAPPQL,0,TP53,pancreatic adenocarcinoma,10,C0602,floor
99366,103,ERCSDSDGLAPPQLLIRVEGNLRVEYL,DSDGLAPPQL,0,TP53,pancreatic adenocarcinoma,10,C1203,floor
99366,103,ERCSDSDGLAPPQLLIRVEGNLRVEYL,SDSDGLAPPQL,0,TP53,pancreatic adenocarcinoma,10,A0101,floor
99366,103,ERCSDSDGLAPPQLLIRVEGNLRVEYL,SDSDGLAPPQL,0,TP53,pancreatic adenocarcinoma,10,A2601,floor
99366,38,ERCSDSDGLAPPQLLIRVEGNLRVEYL,SDSDGLAPPQL,0,TP53,pancreatic adenocarcinoma,10,B3801,scoreable
99366,103,ERCSDSDGLAPPQLLIRVEGNLRVEYL,SDSDGLAPPQL,0,TP53,pancreatic adenocarcinoma,10,B5701,floor
99366,103,ERCSDSDGLAPPQLLIRVEGNLRVEYL,SDSDGLAPPQL,0,TP53,pancreatic adenocarcinoma,10,C0602,floor
99366,103,ERCSDSDGLAPPQLLIRVEGNLRVEYL,SDSDGLAPPQL,0,TP53,pancreatic adenocarcinoma,10,C1203,floor
99366,36,ERCSDSDGLAPPQLLIRVEGNLRVEYL,CSDSDGLAPPQL,0,TP53,pancreatic adenocarcinoma,10,A0101,scoreable
99366,103,ERCSDSDGLAPPQLLIRVEGNLRVEYL,CSDSDGLAPPQL,0,TP53,pancreatic adenocarcinoma,10,A2601,floor
99366,103,ERCSDSDGLAPPQLLIRVEGNLRVEYL,CSDSDGLAPPQL,0,TP53,pancreatic adenocarcinoma,10,B3801,floor
99366,39,ERCSDSDGLAPPQLLIRVEGNLRVEYL,CSDSDGLAPPQL,0,TP53,pancreatic adenocarcinoma,10,B5701,scoreable
99366,103,ERCSDSDGLAPPQLLIRVEGNLRVEYL,CSDSDGLAPPQL,0,TP53,pancreatic adenocarcinoma,10,C0602,floor
99366,103,ERCSDSDGLAPPQLLIRVEGNLRVEYL,CSDSDGLAPPQL,0,TP53,pancreatic adenocarcinoma,10,C1203,floor
99559,108,DAAAAADASPSLNQEEVMKLLSIFESR,SPSLNQEEV,0,C10orf137,pancreatic adenocarcinoma,15,A1101,floor
99559,108,DAAAAADASPSLNQEEVMKLLSIFESR,SPSLNQEEV,0,C10orf137,pancreatic adenocarcinoma,15,A2601,floor
99559,68,DAAAAADASPSLNQEEVMKLLSIFESR,SPSLNQEEV,0,C10orf137,pancreatic adenocarcinoma,15,B0702,scoreable
99559,69,DAAAAADASPSLNQEEVMKLLSIFESR,SPSLNQEEV,0,C10orf137,pancreatic adenocarcinoma,15,B3801,scoreable
99559,108,DAAAAADASPSLNQEEVMKLLSIFESR,SPSLNQEEV,0,C10orf137,pancreatic adenocarcinoma,15,C0702,floor
99559,108,DAAAAADASPSLNQEEVMKLLSIFESR,SPSLNQEEV,0,C10orf137,pancreatic adenocarcinoma,15,C1203,floor
99559,66,DAAAAADASPSLNQEEVMKLLSIFESR,SLNQEEVMK,0,C10orf137,pancreatic adenocarcinoma,15,A1101,scoreable
99559,108,DAAAAADASPSLNQEEVMKLLSIFESR,SLNQEEVMK,0,C10orf137,pancreatic adenocarcinoma,15,A2601,floor
99559,108,DAAAAADASPSLNQEEVMKLLSIFESR,SLNQEEVMK,0,C10orf137,pancreatic adenocarcinoma,15,B0702,floor
99559,108,DAAAAADASPSLNQEEVMKLLSIFESR,SLNQEEVMK,0,C10orf137,pancreatic adenocarcinoma,15,B3801,floor
99559,108,DAAAAADASPSLNQEEVMKLLSIFESR,SLNQEEVMK,0,C10orf137,pancreatic adenocarcinoma,15,C0702,floor
99559,108,DAAAAADASPSLNQEEVMKLLSIFESR,SLNQEEVMK,0,C10orf137,pancreatic adenocarcinoma,15,C1203,floor
99559,108,DAAAAADASPSLNQEEVMKLLSIFESR,LNQEEVMKL,0,C10orf137,pancreatic adenocarcinoma,15,A1101,floor
99559,108,DAAAAADASPSLNQEEVMKLLSIFESR,LNQEEVMKL,0,C10orf137,pancreatic adenocarcinoma,15,A2601,floor
99559,108,DAAAAADASPSLNQEEVMKLLSIFESR,LNQEEVMKL,0,C10orf137,pancreatic adenocarcinoma,15,B0702,floor
99559,69,DAAAAADASPSLNQEEVMKLLSIFESR,LNQEEVMKL,0,C10orf137,pancreatic adenocarcinoma,15,B3801,scoreable
99559,108,DAAAAADASPSLNQEEVMKLLSIFESR,LNQEEVMKL,0,C10orf137,pancreatic adenocarcinoma,15,C0702,floor
99559,108,DAAAAADASPSLNQEEVMKLLSIFESR,LNQEEVMKL,0,C10orf137,pancreatic adenocarcinoma,15,C1203,floor
99559,108,DAAAAADASPSLNQEEVMKLLSIFESR,NQEEVMKLL,0,C10orf137,pancreatic adenocarcinoma,15,A1101,floor
99559,108,DAAAAADASPSLNQEEVMKLLSIFESR,NQEEVMKLL,0,C10orf137,pancreatic adenocarcinoma,15,A2601,floor
99559,108,DAAAAADASPSLNQEEVMKLLSIFESR,NQEEVMKLL,0,C10orf137,pancreatic adenocarcinoma,15,B0702,floor
99559,69,DAAAAADASPSLNQEEVMKLLSIFESR,NQEEVMKLL,0,C10orf137,pancreatic adenocarcinoma,15,B3801,scoreable
99559,108,DAAAAADASPSLNQEEVMKLLSIFESR,NQEEVMKLL,0,C10orf137,pancreatic adenocarcinoma,15,C0702,floor
99559,108,DAAAAADASPSLNQEEVMKLLSIFESR,NQEEVMKLL,0,C10orf137,pancreatic adenocarcinoma,15,C1203,floor
99559,108,DAAAAADASPSLNQEEVMKLLSIFESR,SPSLNQEEVM,0,C10orf137,pancreatic adenocarcinoma,15,A1101,floor
99559,108,DAAAAADASPSLNQEEVMKLLSIFESR,SPSLNQEEVM,0,C10orf137,pancreatic adenocarcinoma,15,A2601,floor
99559,68,DAAAAADASPSLNQEEVMKLLSIFESR,SPSLNQEEVM,0,C10orf137,pancreatic adenocarcinoma,15,B0702,scoreable
99559,108,DAAAAADASPSLNQEEVMKLLSIFESR,SPSLNQEEVM,0,C10orf137,pancreatic adenocarcinoma,15,B3801,floor
99559,108,DAAAAADASPSLNQEEVMKLLSIFESR,SPSLNQEEVM,0,C10orf137,pancreatic adenocarcinoma,15,C0702,floor
99559,108,DAAAAADASPSLNQEEVMKLLSIFESR,SPSLNQEEVM,0,C10orf137,pancreatic adenocarcinoma,15,C1203,floor
99559,66,DAAAAADASPSLNQEEVMKLLSIFESR,PSLNQEEVMK,0,C10orf137,pancreatic adenocarcinoma,15,A1101,scoreable
99559,108,DAAAAADASPSLNQEEVMKLLSIFESR,PSLNQEEVMK,0,C10orf137,pancreatic adenocarcinoma,15,A2601,floor
99559,108,DAAAAADASPSLNQEEVMKLLSIFESR,PSLNQEEVMK,0,C10orf137,pancreatic adenocarcinoma,15,B0702,floor
99559,108,DAAAAADASPSLNQEEVMKLLSIFESR,PSLNQEEVMK,0,C10orf137,pancreatic adenocarcinoma,15,B3801,floor
99559,108,DAAAAADASPSLNQEEVMKLLSIFESR,PSLNQEEVMK,0,C10orf137,pancreatic adenocarcinoma,15,C0702,floor
99559,108,DAAAAADASPSLNQEEVMKLLSIFESR,PSLNQEEVMK,0,C10orf137,pancreatic adenocarcinoma,15,C1203,floor
99559,108,DAAAAADASPSLNQEEVMKLLSIFESR,SLNQEEVMKL,0,C10orf137,pancreatic adenocarcinoma,15,A1101,floor
99559,108,DAAAAADASPSLNQEEVMKLLSIFESR,SLNQEEVMKL,0,C10orf137,pancreatic adenocarcinoma,15,A2601,floor
99559,108,DAAAAADASPSLNQEEVMKLLSIFESR,SLNQEEVMKL,0,C10orf137,pancreatic adenocarcinoma,15,B0702,floor
99559,69,DAAAAADASPSLNQEEVMKLLSIFESR,SLNQEEVMKL,0,C10orf137,pancreatic adenocarcinoma,15,B3801,scoreable
99559,108,DAAAAADASPSLNQEEVMKLLSIFESR,SLNQEEVMKL,0,C10orf137,pancreatic adenocarcinoma,15,C0702,floor
99559,108,DAAAAADASPSLNQEEVMKLLSIFESR,SLNQEEVMKL,0,C10orf137,pancreatic adenocarcinoma,15,C1203,floor
99559,66,DAAAAADASPSLNQEEVMKLLSIFESR,AAADASPSLNQ,0,C10orf137,pancreatic adenocarcinoma,15,A1101,scoreable
99559,108,DAAAAADASPSLNQEEVMKLLSIFESR,AAADASPSLNQ,0,C10orf137,pancreatic adenocarcinoma,15,A2601,floor
99559,108,DAAAAADASPSLNQEEVMKLLSIFESR,AAADASPSLNQ,0,C10orf137,pancreatic adenocarcinoma,15,B0702,floor
99559,108,DAAAAADASPSLNQEEVMKLLSIFESR,AAADASPSLNQ,0,C10orf137,pancreatic adenocarcinoma,15,B3801,floor
99559,108,DAAAAADASPSLNQEEVMKLLSIFESR,AAADASPSLNQ,0,C10orf137,pancreatic adenocarcinoma,15,C0702,floor
99559,108,DAAAAADASPSLNQEEVMKLLSIFESR,AAADASPSLNQ,0,C10orf137,pancreatic adenocarcinoma,15,C1203,floor
99559,66,DAAAAADASPSLNQEEVMKLLSIFESR,SPSLNQEEVMK,0,C10orf137,pancreatic adenocarcinoma,15,A1101,scoreable
99559,108,DAAAAADASPSLNQEEVMKLLSIFESR,SPSLNQEEVMK,0,C10orf137,pancreatic adenocarcinoma,15,A2601,floor
99559,68,DAAAAADASPSLNQEEVMKLLSIFESR,SPSLNQEEVMK,0,C10orf137,pancreatic adenocarcinoma,15,B0702,scoreable
99559,108,DAAAAADASPSLNQEEVMKLLSIFESR,SPSLNQEEVMK,0,C10orf137,pancreatic adenocarcinoma,15,B3801,floor
99559,108,DAAAAADASPSLNQEEVMKLLSIFESR,SPSLNQEEVMK,0,C10orf137,pancreatic adenocarcinoma,15,C0702,floor
99559,108,DAAAAADASPSLNQEEVMKLLSIFESR,SPSLNQEEVMK,0,C10orf137,pancreatic adenocarcinoma,15,C1203,floor
99559,108,DAAAAADASPSLNQEEVMKLLSIFESR,NQEEVMKLLSI,0,C10orf137,pancreatic adenocarcinoma,15,A1101,floor
99559,108,DAAAAADASPSLNQEEVMKLLSIFESR,NQEEVMKLLSI,0,C10orf137,pancreatic adenocarcinoma,15,A2601,floor
99559,108,DAAAAADASPSLNQEEVMKLLSIFESR,NQEEVMKLLSI,0,C10orf137,pancreatic adenocarcinoma,15,B0702,floor
99559,69,DAAAAADASPSLNQEEVMKLLSIFESR,NQEEVMKLLSI,0,C10orf137,pancreatic adenocarcinoma,15,B3801,scoreable
99559,108,DAAAAADASPSLNQEEVMKLLSIFESR,NQEEVMKLLSI,0,C10orf137,pancreatic adenocarcinoma,15,C0702,floor
99559,108,DAAAAADASPSLNQEEVMKLLSIFESR,NQEEVMKLLSI,0,C10orf137,pancreatic adenocarcinoma,15,C1203,floor
99559,66,DAAAAADASPSLNQEEVMKLLSIFESR,ASPSLNQEEVMK,0,C10orf137,pancreatic adenocarcinoma,15,A1101,scoreable
99559,108,DAAAAADASPSLNQEEVMKLLSIFESR,ASPSLNQEEVMK,0,C10orf137,pancreatic adenocarcinoma,15,A2601,floor
99559,108,DAAAAADASPSLNQEEVMKLLSIFESR,ASPSLNQEEVMK,0,C10orf137,pancreatic adenocarcinoma,15,B0702,floor
99559,108,DAAAAADASPSLNQEEVMKLLSIFESR,ASPSLNQEEVMK,0,C10orf137,pancreatic adenocarcinoma,15,B3801,floor
99559,108,DAAAAADASPSLNQEEVMKLLSIFESR,ASPSLNQEEVMK,0,C10orf137,pancreatic adenocarcinoma,15,C0702,floor
99559,108,DAAAAADASPSLNQEEVMKLLSIFESR,ASPSLNQEEVMK,0,C10orf137,pancreatic adenocarcinoma,15,C1203,floor
99559,108,DAAAAADASPSLNQEEVMKLLSIFESR,SPSLNQEEVMKL,0,C10orf137,pancreatic adenocarcinoma,15,A1101,floor
99559,108,DAAAAADASPSLNQEEVMKLLSIFESR,SPSLNQEEVMKL,0,C10orf137,pancreatic adenocarcinoma,15,A2601,floor
99559,68,DAAAAADASPSLNQEEVMKLLSIFESR,SPSLNQEEVMKL,0,C10orf137,pancreatic adenocarcinoma,15,B0702,scoreable
99559,108,DAAAAADASPSLNQEEVMKLLSIFESR,SPSLNQEEVMKL,0,C10orf137,pancreatic adenocarcinoma,15,B3801,floor
99559,108,DAAAAADASPSLNQEEVMKLLSIFESR,SPSLNQEEVMKL,0,C10orf137,pancreatic adenocarcinoma,15,C0702,floor
99559,108,DAAAAADASPSLNQEEVMKLLSIFESR,SPSLNQEEVMKL,0,C10orf137,pancreatic adenocarcinoma,15,C1203,floor
99559,108,PGIAISSLSVSPAICAVGSEDGFLRLW,SSLSVSPAI,0,WDR90,pancreatic adenocarcinoma,15,A1101,floor
99559,108,PGIAISSLSVSPAICAVGSEDGFLRLW,SSLSVSPAI,0,WDR90,pancreatic adenocarcinoma,15,A2601,floor
99559,108,PGIAISSLSVSPAICAVGSEDGFLRLW,SSLSVSPAI,0,WDR90,pancreatic adenocarcinoma,15,B0702,floor
99559,69,PGIAISSLSVSPAICAVGSEDGFLRLW,SSLSVSPAI,0,WDR90,pancreatic adenocarcinoma,15,B3801,scoreable
99559,108,PGIAISSLSVSPAICAVGSEDGFLRLW,SSLSVSPAI,0,WDR90,pancreatic adenocarcinoma,15,C0702,floor
99559,71,PGIAISSLSVSPAICAVGSEDGFLRLW,SSLSVSPAI,0,WDR90,pancreatic adenocarcinoma,15,C1203,scoreable
99559,108,PGIAISSLSVSPAICAVGSEDGFLRLW,SVSPAICAV,0,WDR90,pancreatic adenocarcinoma,15,A1101,floor
99559,67,PGIAISSLSVSPAICAVGSEDGFLRLW,SVSPAICAV,0,WDR90,pancreatic adenocarcinoma,15,A2601,scoreable
99559,68,PGIAISSLSVSPAICAVGSEDGFLRLW,SVSPAICAV,0,WDR90,pancreatic adenocarcinoma,15,B0702,scoreable
99559,108,PGIAISSLSVSPAICAVGSEDGFLRLW,SVSPAICAV,0,WDR90,pancreatic adenocarcinoma,15,B3801,floor
99559,70,PGIAISSLSVSPAICAVGSEDGFLRLW,SVSPAICAV,0,WDR90,pancreatic adenocarcinoma,15,C0702,scoreable
99559,71,PGIAISSLSVSPAICAVGSEDGFLRLW,SVSPAICAV,0,WDR90,pancreatic adenocarcinoma,15,C1203,scoreable
99559,108,PGIAISSLSVSPAICAVGSEDGFLRLW,SPAICAVGS,0,WDR90,pancreatic adenocarcinoma,15,A1101,floor
99559,108,PGIAISSLSVSPAICAVGSEDGFLRLW,SPAICAVGS,0,WDR90,pancreatic adenocarcinoma,15,A2601,floor
99559,68,PGIAISSLSVSPAICAVGSEDGFLRLW,SPAICAVGS,0,WDR90,pancreatic adenocarcinoma,15,B0702,scoreable
99559,108,PGIAISSLSVSPAICAVGSEDGFLRLW,SPAICAVGS,0,WDR90,pancreatic adenocarcinoma,15,B3801,floor
99559,108,PGIAISSLSVSPAICAVGSEDGFLRLW,SPAICAVGS,0,WDR90,pancreatic adenocarcinoma,15,C0702,floor
99559,108,PGIAISSLSVSPAICAVGSEDGFLRLW,SPAICAVGS,0,WDR90,pancreatic adenocarcinoma,15,C1203,floor
99559,108,PGIAISSLSVSPAICAVGSEDGFLRLW,LSVSPAICAV,0,WDR90,pancreatic adenocarcinoma,15,A1101,floor
99559,108,PGIAISSLSVSPAICAVGSEDGFLRLW,LSVSPAICAV,0,WDR90,pancreatic adenocarcinoma,15,A2601,floor
99559,108,PGIAISSLSVSPAICAVGSEDGFLRLW,LSVSPAICAV,0,WDR90,pancreatic adenocarcinoma,15,B0702,floor
99559,108,PGIAISSLSVSPAICAVGSEDGFLRLW,LSVSPAICAV,0,WDR90,pancreatic adenocarcinoma,15,B3801,floor
99559,108,PGIAISSLSVSPAICAVGSEDGFLRLW,LSVSPAICAV,0,WDR90,pancreatic adenocarcinoma,15,C0702,floor
99559,71,PGIAISSLSVSPAICAVGSEDGFLRLW,LSVSPAICAV,0,WDR90,pancreatic adenocarcinoma,15,C1203,scoreable
99559,108,PGIAISSLSVSPAICAVGSEDGFLRLW,AICAVGSEDGF,0,WDR90,pancreatic adenocarcinoma,15,A1101,floor
99559,108,PGIAISSLSVSPAICAVGSEDGFLRLW,AICAVGSEDGF,0,WDR90,pancreatic adenocarcinoma,15,A2601,floor
99559,108,PGIAISSLSVSPAICAVGSEDGFLRLW,AICAVGSEDGF,0,WDR90,pancreatic adenocarcinoma,15,B0702,floor
99559,108,PGIAISSLSVSPAICAVGSEDGFLRLW,AICAVGSEDGF,0,WDR90,pancreatic adenocarcinoma,15,B3801,floor
99559,108,PGIAISSLSVSPAICAVGSEDGFLRLW,AICAVGSEDGF,0,WDR90,pancreatic adenocarcinoma,15,C0702,floor
99559,71,PGIAISSLSVSPAICAVGSEDGFLRLW,AICAVGSEDGF,0,WDR90,pancreatic adenocarcinoma,15,C1203,scoreable
99559,108,PGIAISSLSVSPAICAVGSEDGFLRLW,SSLSVSPAICAV,0,WDR90,pancreatic adenocarcinoma,15,A1101,floor
99559,108,PGIAISSLSVSPAICAVGSEDGFLRLW,SSLSVSPAICAV,0,WDR90,pancreatic adenocarcinoma,15,A2601,floor
99559,108,PGIAISSLSVSPAICAVGSEDGFLRLW,SSLSVSPAICAV,0,WDR90,pancreatic adenocarcinoma,15,B0702,floor
99559,108,PGIAISSLSVSPAICAVGSEDGFLRLW,SSLSVSPAICAV,0,WDR90,pancreatic adenocarcinoma,15,B3801,floor
99559,108,PGIAISSLSVSPAICAVGSEDGFLRLW,SSLSVSPAICAV,0,WDR90,pancreatic adenocarcinoma,15,C0702,floor
99559,71,PGIAISSLSVSPAICAVGSEDGFLRLW,SSLSVSPAICAV,0,WDR90,pancreatic adenocarcinoma,15,C1203,scoreable
99559,66,PGIAISSLSVSPAICAVGSEDGFLRLW,ICAVGSEDGFLR,0,WDR90,pancreatic adenocarcinoma,15,A1101,scoreable
99559,108,PGIAISSLSVSPAICAVGSEDGFLRLW,ICAVGSEDGFLR,0,WDR90,pancreatic adenocarcinoma,15,A2601,floor
99559,108,PGIAISSLSVSPAICAVGSEDGFLRLW,ICAVGSEDGFLR,0,WDR90,pancreatic adenocarcinoma,15,B0702,floor
99559,108,PGIAISSLSVSPAICAVGSEDGFLRLW,ICAVGSEDGFLR,0,WDR90,pancreatic adenocarcinoma,15,B3801,floor
99559,108,PGIAISSLSVSPAICAVGSEDGFLRLW,ICAVGSEDGFLR,0,WDR90,pancreatic adenocarcinoma,15,C0702,floor
99559,108,PGIAISSLSVSPAICAVGSEDGFLRLW,ICAVGSEDGFLR,0,WDR90,pancreatic adenocarcinoma,15,C1203,floor
99559,66,VSELSSSPPGPYHKEPYVCKPEERFRA,SSPPGPYHK,0,PRKAB1,pancreatic adenocarcinoma,15,A1101,scoreable
99559,108,VSELSSSPPGPYHKEPYVCKPEERFRA,SSPPGPYHK,0,PRKAB1,pancreatic adenocarcinoma,15,A2601,floor
99559,108,VSELSSSPPGPYHKEPYVCKPEERFRA,SSPPGPYHK,0,PRKAB1,pancreatic adenocarcinoma,15,B0702,floor
99559,108,VSELSSSPPGPYHKEPYVCKPEERFRA,SSPPGPYHK,0,PRKAB1,pancreatic adenocarcinoma,15,B3801,floor
99559,108,VSELSSSPPGPYHKEPYVCKPEERFRA,SSPPGPYHK,0,PRKAB1,pancreatic adenocarcinoma,15,C0702,floor
99559,108,VSELSSSPPGPYHKEPYVCKPEERFRA,SSPPGPYHK,0,PRKAB1,pancreatic adenocarcinoma,15,C1203,floor
99559,108,VSELSSSPPGPYHKEPYVCKPEERFRA,GPYHKEPYV,0,PRKAB1,pancreatic adenocarcinoma,15,A1101,floor
99559,108,VSELSSSPPGPYHKEPYVCKPEERFRA,GPYHKEPYV,0,PRKAB1,pancreatic adenocarcinoma,15,A2601,floor
99559,68,VSELSSSPPGPYHKEPYVCKPEERFRA,GPYHKEPYV,0,PRKAB1,pancreatic adenocarcinoma,15,B0702,scoreable
99559,108,VSELSSSPPGPYHKEPYVCKPEERFRA,GPYHKEPYV,0,PRKAB1,pancreatic adenocarcinoma,15,B3801,floor
99559,108,VSELSSSPPGPYHKEPYVCKPEERFRA,GPYHKEPYV,0,PRKAB1,pancreatic adenocarcinoma,15,C0702,floor
99559,108,VSELSSSPPGPYHKEPYVCKPEERFRA,GPYHKEPYV,0,PRKAB1,pancreatic adenocarcinoma,15,C1203,floor
99559,66,VSELSSSPPGPYHKEPYVCKPEERFRA,YHKEPYVCK,0,PRKAB1,pancreatic adenocarcinoma,15,A1101,scoreable
99559,108,VSELSSSPPGPYHKEPYVCKPEERFRA,YHKEPYVCK,0,PRKAB1,pancreatic adenocarcinoma,15,A2601,floor
99559,108,VSELSSSPPGPYHKEPYVCKPEERFRA,YHKEPYVCK,0,PRKAB1,pancreatic adenocarcinoma,15,B0702,floor
99559,108,VSELSSSPPGPYHKEPYVCKPEERFRA,YHKEPYVCK,0,PRKAB1,pancreatic adenocarcinoma,15,B3801,floor
99559,108,VSELSSSPPGPYHKEPYVCKPEERFRA,YHKEPYVCK,0,PRKAB1,pancreatic adenocarcinoma,15,C0702,floor
99559,108,VSELSSSPPGPYHKEPYVCKPEERFRA,YHKEPYVCK,0,PRKAB1,pancreatic adenocarcinoma,15,C1203,floor
99559,66,VSELSSSPPGPYHKEPYVCKPEERFRA,SSSPPGPYHK,0,PRKAB1,pancreatic adenocarcinoma,15,A1101,scoreable
99559,108,VSELSSSPPGPYHKEPYVCKPEERFRA,SSSPPGPYHK,0,PRKAB1,pancreatic adenocarcinoma,15,A2601,floor
99559,108,VSELSSSPPGPYHKEPYVCKPEERFRA,SSSPPGPYHK,0,PRKAB1,pancreatic adenocarcinoma,15,B0702,floor
99559,108,VSELSSSPPGPYHKEPYVCKPEERFRA,SSSPPGPYHK,0,PRKAB1,pancreatic adenocarcinoma,15,B3801,floor
99559,108,VSELSSSPPGPYHKEPYVCKPEERFRA,SSSPPGPYHK,0,PRKAB1,pancreatic adenocarcinoma,15,C0702,floor
99559,108,VSELSSSPPGPYHKEPYVCKPEERFRA,SSSPPGPYHK,0,PRKAB1,pancreatic adenocarcinoma,15,C1203,floor
99559,108,VSELSSSPPGPYHKEPYVCKPEERFRA,SPPGPYHKEP,0,PRKAB1,pancreatic adenocarcinoma,15,A1101,floor
99559,108,VSELSSSPPGPYHKEPYVCKPEERFRA,SPPGPYHKEP,0,PRKAB1,pancreatic adenocarcinoma,15,A2601,floor
99559,68,VSELSSSPPGPYHKEPYVCKPEERFRA,SPPGPYHKEP,0,PRKAB1,pancreatic adenocarcinoma,15,B0702,scoreable
99559,108,VSELSSSPPGPYHKEPYVCKPEERFRA,SPPGPYHKEP,0,PRKAB1,pancreatic adenocarcinoma,15,B3801,floor
99559,108,VSELSSSPPGPYHKEPYVCKPEERFRA,SPPGPYHKEP,0,PRKAB1,pancreatic adenocarcinoma,15,C0702,floor
99559,108,VSELSSSPPGPYHKEPYVCKPEERFRA,SPPGPYHKEP,0,PRKAB1,pancreatic adenocarcinoma,15,C1203,floor
99559,108,VSELSSSPPGPYHKEPYVCKPEERFRA,PPGPYHKEPY,0,PRKAB1,pancreatic adenocarcinoma,15,A1101,floor
99559,108,VSELSSSPPGPYHKEPYVCKPEERFRA,PPGPYHKEPY,0,PRKAB1,pancreatic adenocarcinoma,15,A2601,floor
99559,68,VSELSSSPPGPYHKEPYVCKPEERFRA,PPGPYHKEPY,0,PRKAB1,pancreatic adenocarcinoma,15,B0702,scoreable
99559,108,VSELSSSPPGPYHKEPYVCKPEERFRA,PPGPYHKEPY,0,PRKAB1,pancreatic adenocarcinoma,15,B3801,floor
99559,108,VSELSSSPPGPYHKEPYVCKPEERFRA,PPGPYHKEPY,0,PRKAB1,pancreatic adenocarcinoma,15,C0702,floor
99559,108,VSELSSSPPGPYHKEPYVCKPEERFRA,PPGPYHKEPY,0,PRKAB1,pancreatic adenocarcinoma,15,C1203,floor
99559,108,VSELSSSPPGPYHKEPYVCKPEERFRA,GPYHKEPYVC,0,PRKAB1,pancreatic adenocarcinoma,15,A1101,floor
99559,108,VSELSSSPPGPYHKEPYVCKPEERFRA,GPYHKEPYVC,0,PRKAB1,pancreatic adenocarcinoma,15,A2601,floor
99559,68,VSELSSSPPGPYHKEPYVCKPEERFRA,GPYHKEPYVC,0,PRKAB1,pancreatic adenocarcinoma,15,B0702,scoreable
99559,108,VSELSSSPPGPYHKEPYVCKPEERFRA,GPYHKEPYVC,0,PRKAB1,pancreatic adenocarcinoma,15,B3801,floor
99559,108,VSELSSSPPGPYHKEPYVCKPEERFRA,GPYHKEPYVC,0,PRKAB1,pancreatic adenocarcinoma,15,C0702,floor
99559,108,VSELSSSPPGPYHKEPYVCKPEERFRA,GPYHKEPYVC,0,PRKAB1,pancreatic adenocarcinoma,15,C1203,floor
99559,66,VSELSSSPPGPYHKEPYVCKPEERFRA,LSSSPPGPYHK,0,PRKAB1,pancreatic adenocarcinoma,15,A1101,scoreable
99559,108,VSELSSSPPGPYHKEPYVCKPEERFRA,LSSSPPGPYHK,0,PRKAB1,pancreatic adenocarcinoma,15,A2601,floor
99559,108,VSELSSSPPGPYHKEPYVCKPEERFRA,LSSSPPGPYHK,0,PRKAB1,pancreatic adenocarcinoma,15,B0702,floor
99559,108,VSELSSSPPGPYHKEPYVCKPEERFRA,LSSSPPGPYHK,0,PRKAB1,pancreatic adenocarcinoma,15,B3801,floor
99559,108,VSELSSSPPGPYHKEPYVCKPEERFRA,LSSSPPGPYHK,0,PRKAB1,pancreatic adenocarcinoma,15,C0702,floor
99559,108,VSELSSSPPGPYHKEPYVCKPEERFRA,LSSSPPGPYHK,0,PRKAB1,pancreatic adenocarcinoma,15,C1203,floor
99559,66,VSELSSSPPGPYHKEPYVCKPEERFRA,SSSPPGPYHKE,0,PRKAB1,pancreatic adenocarcinoma,15,A1101,scoreable
99559,108,VSELSSSPPGPYHKEPYVCKPEERFRA,SSSPPGPYHKE,0,PRKAB1,pancreatic adenocarcinoma,15,A2601,floor
99559,108,VSELSSSPPGPYHKEPYVCKPEERFRA,SSSPPGPYHKE,0,PRKAB1,pancreatic adenocarcinoma,15,B0702,floor
99559,108,VSELSSSPPGPYHKEPYVCKPEERFRA,SSSPPGPYHKE,0,PRKAB1,pancreatic adenocarcinoma,15,B3801,floor
99559,108,VSELSSSPPGPYHKEPYVCKPEERFRA,SSSPPGPYHKE,0,PRKAB1,pancreatic adenocarcinoma,15,C0702,floor
99559,108,VSELSSSPPGPYHKEPYVCKPEERFRA,SSSPPGPYHKE,0,PRKAB1,pancreatic adenocarcinoma,15,C1203,floor
99559,108,VSELSSSPPGPYHKEPYVCKPEERFRA,SPPGPYHKEPY,0,PRKAB1,pancreatic adenocarcinoma,15,A1101,floor
99559,108,VSELSSSPPGPYHKEPYVCKPEERFRA,SPPGPYHKEPY,0,PRKAB1,pancreatic adenocarcinoma,15,A2601,floor
99559,68,VSELSSSPPGPYHKEPYVCKPEERFRA,SPPGPYHKEPY,0,PRKAB1,pancreatic adenocarcinoma,15,B0702,scoreable
99559,108,VSELSSSPPGPYHKEPYVCKPEERFRA,SPPGPYHKEPY,0,PRKAB1,pancreatic adenocarcinoma,15,B3801,floor
99559,108,VSELSSSPPGPYHKEPYVCKPEERFRA,SPPGPYHKEPY,0,PRKAB1,pancreatic adenocarcinoma,15,C0702,floor
99559,108,VSELSSSPPGPYHKEPYVCKPEERFRA,SPPGPYHKEPY,0,PRKAB1,pancreatic adenocarcinoma,15,C1203,floor
99559,108,VSELSSSPPGPYHKEPYVCKPEERFRA,PPGPYHKEPYV,0,PRKAB1,pancreatic adenocarcinoma,15,A1101,floor
99559,108,VSELSSSPPGPYHKEPYVCKPEERFRA,PPGPYHKEPYV,0,PRKAB1,pancreatic adenocarcinoma,15,A2601,floor
99559,68,VSELSSSPPGPYHKEPYVCKPEERFRA,PPGPYHKEPYV,0,PRKAB1,pancreatic adenocarcinoma,15,B0702,scoreable
99559,108,VSELSSSPPGPYHKEPYVCKPEERFRA,PPGPYHKEPYV,0,PRKAB1,pancreatic adenocarcinoma,15,B3801,floor
99559,108,VSELSSSPPGPYHKEPYVCKPEERFRA,PPGPYHKEPYV,0,PRKAB1,pancreatic adenocarcinoma,15,C0702,floor
99559,108,VSELSSSPPGPYHKEPYVCKPEERFRA,PPGPYHKEPYV,0,PRKAB1,pancreatic adenocarcinoma,15,C1203,floor
99559,66,VSELSSSPPGPYHKEPYVCKPEERFRA,ELSSSPPGPYHK,0,PRKAB1,pancreatic adenocarcinoma,15,A1101,scoreable
99559,108,VSELSSSPPGPYHKEPYVCKPEERFRA,ELSSSPPGPYHK,0,PRKAB1,pancreatic adenocarcinoma,15,A2601,floor
99559,108,VSELSSSPPGPYHKEPYVCKPEERFRA,ELSSSPPGPYHK,0,PRKAB1,pancreatic adenocarcinoma,15,B0702,floor
99559,108,VSELSSSPPGPYHKEPYVCKPEERFRA,ELSSSPPGPYHK,0,PRKAB1,pancreatic adenocarcinoma,15,B3801,floor
99559,108,VSELSSSPPGPYHKEPYVCKPEERFRA,ELSSSPPGPYHK,0,PRKAB1,pancreatic adenocarcinoma,15,C0702,floor
99559,108,VSELSSSPPGPYHKEPYVCKPEERFRA,ELSSSPPGPYHK,0,PRKAB1,pancreatic adenocarcinoma,15,C1203,floor
99559,108,VSELSSSPPGPYHKEPYVCKPEERFRA,SPPGPYHKEPYV,0,PRKAB1,pancreatic adenocarcinoma,15,A1101,floor
99559,108,VSELSSSPPGPYHKEPYVCKPEERFRA,SPPGPYHKEPYV,0,PRKAB1,pancreatic adenocarcinoma,15,A2601,floor
99559,68,VSELSSSPPGPYHKEPYVCKPEERFRA,SPPGPYHKEPYV,0,PRKAB1,pancreatic adenocarcinoma,15,B0702,scoreable
99559,108,VSELSSSPPGPYHKEPYVCKPEERFRA,SPPGPYHKEPYV,0,PRKAB1,pancreatic adenocarcinoma,15,B3801,floor
99559,108,VSELSSSPPGPYHKEPYVCKPEERFRA,SPPGPYHKEPYV,0,PRKAB1,pancreatic adenocarcinoma,15,C0702,floor
99559,108,VSELSSSPPGPYHKEPYVCKPEERFRA,SPPGPYHKEPYV,0,PRKAB1,pancreatic adenocarcinoma,15,C1203,floor
99559,66,MTEYKLVVVGARGVGKSALTIQLIQ,VVGARGVGK,0,KRAS,pancreatic adenocarcinoma,15,A1101,scoreable
99559,108,MTEYKLVVVGARGVGKSALTIQLIQ,VVGARGVGK,0,KRAS,pancreatic adenocarcinoma,15,A2601,floor
99559,108,MTEYKLVVVGARGVGKSALTIQLIQ,VVGARGVGK,0,KRAS,pancreatic adenocarcinoma,15,B0702,floor
99559,108,MTEYKLVVVGARGVGKSALTIQLIQ,VVGARGVGK,0,KRAS,pancreatic adenocarcinoma,15,B3801,floor
99559,108,MTEYKLVVVGARGVGKSALTIQLIQ,VVGARGVGK,0,KRAS,pancreatic adenocarcinoma,15,C0702,floor
99559,108,MTEYKLVVVGARGVGKSALTIQLIQ,VVGARGVGK,0,KRAS,pancreatic adenocarcinoma,15,C1203,floor
99559,108,MTEYKLVVVGARGVGKSALTIQLIQ,GARGVGKSA,0,KRAS,pancreatic adenocarcinoma,15,A1101,floor
99559,108,MTEYKLVVVGARGVGKSALTIQLIQ,GARGVGKSA,0,KRAS,pancreatic adenocarcinoma,15,A2601,floor
99559,68,MTEYKLVVVGARGVGKSALTIQLIQ,GARGVGKSA,0,KRAS,pancreatic adenocarcinoma,15,B0702,scoreable
99559,108,MTEYKLVVVGARGVGKSALTIQLIQ,GARGVGKSA,0,KRAS,pancreatic adenocarcinoma,15,B3801,floor
99559,108,MTEYKLVVVGARGVGKSALTIQLIQ,GARGVGKSA,0,KRAS,pancreatic adenocarcinoma,15,C0702,floor
99559,108,MTEYKLVVVGARGVGKSALTIQLIQ,GARGVGKSA,0,KRAS,pancreatic adenocarcinoma,15,C1203,floor
99559,108,MTEYKLVVVGARGVGKSALTIQLIQ,ARGVGKSAL,0,KRAS,pancreatic adenocarcinoma,15,A1101,floor
99559,108,MTEYKLVVVGARGVGKSALTIQLIQ,ARGVGKSAL,0,KRAS,pancreatic adenocarcinoma,15,A2601,floor
99559,68,MTEYKLVVVGARGVGKSALTIQLIQ,ARGVGKSAL,0,KRAS,pancreatic adenocarcinoma,15,B0702,scoreable
99559,69,MTEYKLVVVGARGVGKSALTIQLIQ,ARGVGKSAL,0,KRAS,pancreatic adenocarcinoma,15,B3801,scoreable
99559,108,MTEYKLVVVGARGVGKSALTIQLIQ,ARGVGKSAL,0,KRAS,pancreatic adenocarcinoma,15,C0702,floor
99559,108,MTEYKLVVVGARGVGKSALTIQLIQ,ARGVGKSAL,0,KRAS,pancreatic adenocarcinoma,15,C1203,floor
99559,66,MTEYKLVVVGARGVGKSALTIQLIQ,VVVGARGVGK,0,KRAS,pancreatic adenocarcinoma,15,A1101,scoreable
99559,108,MTEYKLVVVGARGVGKSALTIQLIQ,VVVGARGVGK,0,KRAS,pancreatic adenocarcinoma,15,A2601,floor
99559,108,MTEYKLVVVGARGVGKSALTIQLIQ,VVVGARGVGK,0,KRAS,pancreatic adenocarcinoma,15,B0702,floor
99559,108,MTEYKLVVVGARGVGKSALTIQLIQ,VVVGARGVGK,0,KRAS,pancreatic adenocarcinoma,15,B3801,floor
99559,108,MTEYKLVVVGARGVGKSALTIQLIQ,VVVGARGVGK,0,KRAS,pancreatic adenocarcinoma,15,C0702,floor
99559,108,MTEYKLVVVGARGVGKSALTIQLIQ,VVVGARGVGK,0,KRAS,pancreatic adenocarcinoma,15,C1203,floor
99559,108,MTEYKLVVVGARGVGKSALTIQLIQ,GARGVGKSAL,0,KRAS,pancreatic adenocarcinoma,15,A1101,floor
99559,108,MTEYKLVVVGARGVGKSALTIQLIQ,GARGVGKSAL,0,KRAS,pancreatic adenocarcinoma,15,A2601,floor
99559,68,MTEYKLVVVGARGVGKSALTIQLIQ,GARGVGKSAL,0,KRAS,pancreatic adenocarcinoma,15,B0702,scoreable
99559,108,MTEYKLVVVGARGVGKSALTIQLIQ,GARGVGKSAL,0,KRAS,pancreatic adenocarcinoma,15,B3801,floor
99559,108,MTEYKLVVVGARGVGKSALTIQLIQ,GARGVGKSAL,0,KRAS,pancreatic adenocarcinoma,15,C0702,floor
99559,71,MTEYKLVVVGARGVGKSALTIQLIQ,GARGVGKSAL,0,KRAS,pancreatic adenocarcinoma,15,C1203,scoreable
99559,66,MTEYKLVVVGARGVGKSALTIQLIQ,LVVVGARGVGK,0,KRAS,pancreatic adenocarcinoma,15,A1101,scoreable
99559,108,MTEYKLVVVGARGVGKSALTIQLIQ,LVVVGARGVGK,0,KRAS,pancreatic adenocarcinoma,15,A2601,floor
99559,108,MTEYKLVVVGARGVGKSALTIQLIQ,LVVVGARGVGK,0,KRAS,pancreatic adenocarcinoma,15,B0702,floor
99559,108,MTEYKLVVVGARGVGKSALTIQLIQ,LVVVGARGVGK,0,KRAS,pancreatic adenocarcinoma,15,B3801,floor
99559,108,MTEYKLVVVGARGVGKSALTIQLIQ,LVVVGARGVGK,0,KRAS,pancreatic adenocarcinoma,15,C0702,floor
99559,108,MTEYKLVVVGARGVGKSALTIQLIQ,LVVVGARGVGK,0,KRAS,pancreatic adenocarcinoma,15,C1203,floor
99559,108,MTEYKLVVVGARGVGKSALTIQLIQ,VGARGVGKSAL,0,KRAS,pancreatic adenocarcinoma,15,A1101,floor
99559,108,MTEYKLVVVGARGVGKSALTIQLIQ,VGARGVGKSAL,0,KRAS,pancreatic adenocarcinoma,15,A2601,floor
99559,68,MTEYKLVVVGARGVGKSALTIQLIQ,VGARGVGKSAL,0,KRAS,pancreatic adenocarcinoma,15,B0702,scoreable
99559,108,MTEYKLVVVGARGVGKSALTIQLIQ,VGARGVGKSAL,0,KRAS,pancreatic adenocarcinoma,15,B3801,floor
99559,108,MTEYKLVVVGARGVGKSALTIQLIQ,VGARGVGKSAL,0,KRAS,pancreatic adenocarcinoma,15,C0702,floor
99559,108,MTEYKLVVVGARGVGKSALTIQLIQ,VGARGVGKSAL,0,KRAS,pancreatic adenocarcinoma,15,C1203,floor
99559,108,MTEYKLVVVGARGVGKSALTIQLIQ,ARGVGKSALTI,0,KRAS,pancreatic adenocarcinoma,15,A1101,floor
99559,108,MTEYKLVVVGARGVGKSALTIQLIQ,ARGVGKSALTI,0,KRAS,pancreatic adenocarcinoma,15,A2601,floor
99559,108,MTEYKLVVVGARGVGKSALTIQLIQ,ARGVGKSALTI,0,KRAS,pancreatic adenocarcinoma,15,B0702,floor
99559,69,MTEYKLVVVGARGVGKSALTIQLIQ,ARGVGKSALTI,0,KRAS,pancreatic adenocarcinoma,15,B3801,scoreable
99559,108,MTEYKLVVVGARGVGKSALTIQLIQ,ARGVGKSALTI,0,KRAS,pancreatic adenocarcinoma,15,C0702,floor
99559,108,MTEYKLVVVGARGVGKSALTIQLIQ,ARGVGKSALTI,0,KRAS,pancreatic adenocarcinoma,15,C1203,floor
99559,66,MTEYKLVVVGARGVGKSALTIQLIQ,KLVVVGARGVGK,0,KRAS,pancreatic adenocarcinoma,15,A1101,scoreable
99559,108,MTEYKLVVVGARGVGKSALTIQLIQ,KLVVVGARGVGK,0,KRAS,pancreatic adenocarcinoma,15,A2601,floor
99559,108,MTEYKLVVVGARGVGKSALTIQLIQ,KLVVVGARGVGK,0,KRAS,pancreatic adenocarcinoma,15,B0702,floor
99559,108,MTEYKLVVVGARGVGKSALTIQLIQ,KLVVVGARGVGK,0,KRAS,pancreatic adenocarcinoma,15,B3801,floor
99559,108,MTEYKLVVVGARGVGKSALTIQLIQ,KLVVVGARGVGK,0,KRAS,pancreatic adenocarcinoma,15,C0702,floor
99559,108,MTEYKLVVVGARGVGKSALTIQLIQ,KLVVVGARGVGK,0,KRAS,pancreatic adenocarcinoma,15,C1203,floor
99559,108,MTEYKLVVVGARGVGKSALTIQLIQ,GARGVGKSALTI,0,KRAS,pancreatic adenocarcinoma,15,A1101,floor
99559,108,MTEYKLVVVGARGVGKSALTIQLIQ,GARGVGKSALTI,0,KRAS,pancreatic adenocarcinoma,15,A2601,floor
99559,68,MTEYKLVVVGARGVGKSALTIQLIQ,GARGVGKSALTI,0,KRAS,pancreatic adenocarcinoma,15,B0702,scoreable
99559,108,MTEYKLVVVGARGVGKSALTIQLIQ,GARGVGKSALTI,0,KRAS,pancreatic adenocarcinoma,15,B3801,floor
99559,108,MTEYKLVVVGARGVGKSALTIQLIQ,GARGVGKSALTI,0,KRAS,pancreatic adenocarcinoma,15,C0702,floor
99559,108,MTEYKLVVVGARGVGKSALTIQLIQ,GARGVGKSALTI,0,KRAS,pancreatic adenocarcinoma,15,C1203,floor
99559,108,QRVSFLKPLTRSKCDSTYSQLSPRHYY,TRSKCDSTY,0,ELFN2,pancreatic adenocarcinoma,15,A1101,floor
99559,108,QRVSFLKPLTRSKCDSTYSQLSPRHYY,TRSKCDSTY,0,ELFN2,pancreatic adenocarcinoma,15,A2601,floor
99559,108,QRVSFLKPLTRSKCDSTYSQLSPRHYY,TRSKCDSTY,0,ELFN2,pancreatic adenocarcinoma,15,B0702,floor
99559,69,QRVSFLKPLTRSKCDSTYSQLSPRHYY,TRSKCDSTY,0,ELFN2,pancreatic adenocarcinoma,15,B3801,scoreable
99559,108,QRVSFLKPLTRSKCDSTYSQLSPRHYY,TRSKCDSTY,0,ELFN2,pancreatic adenocarcinoma,15,C0702,floor
99559,108,QRVSFLKPLTRSKCDSTYSQLSPRHYY,TRSKCDSTY,0,ELFN2,pancreatic adenocarcinoma,15,C1203,floor
99559,108,QRVSFLKPLTRSKCDSTYSQLSPRHYY,KCDSTYSQL,0,ELFN2,pancreatic adenocarcinoma,15,A1101,floor
99559,108,QRVSFLKPLTRSKCDSTYSQLSPRHYY,KCDSTYSQL,0,ELFN2,pancreatic adenocarcinoma,15,A2601,floor
99559,68,QRVSFLKPLTRSKCDSTYSQLSPRHYY,KCDSTYSQL,0,ELFN2,pancreatic adenocarcinoma,15,B0702,scoreable
99559,69,QRVSFLKPLTRSKCDSTYSQLSPRHYY,KCDSTYSQL,0,ELFN2,pancreatic adenocarcinoma,15,B3801,scoreable
99559,108,QRVSFLKPLTRSKCDSTYSQLSPRHYY,KCDSTYSQL,0,ELFN2,pancreatic adenocarcinoma,15,C0702,floor
99559,108,QRVSFLKPLTRSKCDSTYSQLSPRHYY,KCDSTYSQL,0,ELFN2,pancreatic adenocarcinoma,15,C1203,floor
99559,108,QRVSFLKPLTRSKCDSTYSQLSPRHYY,LTRSKCDSTY,0,ELFN2,pancreatic adenocarcinoma,15,A1101,floor
99559,108,QRVSFLKPLTRSKCDSTYSQLSPRHYY,LTRSKCDSTY,0,ELFN2,pancreatic adenocarcinoma,15,A2601,floor
99559,108,QRVSFLKPLTRSKCDSTYSQLSPRHYY,LTRSKCDSTY,0,ELFN2,pancreatic adenocarcinoma,15,B0702,floor
99559,108,QRVSFLKPLTRSKCDSTYSQLSPRHYY,LTRSKCDSTY,0,ELFN2,pancreatic adenocarcinoma,15,B3801,floor
99559,108,QRVSFLKPLTRSKCDSTYSQLSPRHYY,LTRSKCDSTY,0,ELFN2,pancreatic adenocarcinoma,15,C0702,floor
99559,71,QRVSFLKPLTRSKCDSTYSQLSPRHYY,LTRSKCDSTY,0,ELFN2,pancreatic adenocarcinoma,15,C1203,scoreable
99559,108,QRVSFLKPLTRSKCDSTYSQLSPRHYY,SKCDSTYSQL,0,ELFN2,pancreatic adenocarcinoma,15,A1101,floor
99559,108,QRVSFLKPLTRSKCDSTYSQLSPRHYY,SKCDSTYSQL,0,ELFN2,pancreatic adenocarcinoma,15,A2601,floor
99559,108,QRVSFLKPLTRSKCDSTYSQLSPRHYY,SKCDSTYSQL,0,ELFN2,pancreatic adenocarcinoma,15,B0702,floor
99559,69,QRVSFLKPLTRSKCDSTYSQLSPRHYY,SKCDSTYSQL,0,ELFN2,pancreatic adenocarcinoma,15,B3801,scoreable
99559,108,QRVSFLKPLTRSKCDSTYSQLSPRHYY,SKCDSTYSQL,0,ELFN2,pancreatic adenocarcinoma,15,C0702,floor
99559,108,QRVSFLKPLTRSKCDSTYSQLSPRHYY,SKCDSTYSQL,0,ELFN2,pancreatic adenocarcinoma,15,C1203,floor
99559,108,QRVSFLKPLTRSKCDSTYSQLSPRHYY,RSKCDSTYSQL,0,ELFN2,pancreatic adenocarcinoma,15,A1101,floor
99559,108,QRVSFLKPLTRSKCDSTYSQLSPRHYY,RSKCDSTYSQL,0,ELFN2,pancreatic adenocarcinoma,15,A2601,floor
99559,108,QRVSFLKPLTRSKCDSTYSQLSPRHYY,RSKCDSTYSQL,0,ELFN2,pancreatic adenocarcinoma,15,B0702,floor
99559,108,QRVSFLKPLTRSKCDSTYSQLSPRHYY,RSKCDSTYSQL,0,ELFN2,pancreatic adenocarcinoma,15,B3801,floor
99559,108,QRVSFLKPLTRSKCDSTYSQLSPRHYY,RSKCDSTYSQL,0,ELFN2,pancreatic adenocarcinoma,15,C0702,floor
99559,71,QRVSFLKPLTRSKCDSTYSQLSPRHYY,RSKCDSTYSQL,0,ELFN2,pancreatic adenocarcinoma,15,C1203,scoreable
99559,108,QRVSFLKPLTRSKCDSTYSQLSPRHYY,KPLTRSKCDSTY,0,ELFN2,pancreatic adenocarcinoma,15,A1101,floor
99559,108,QRVSFLKPLTRSKCDSTYSQLSPRHYY,KPLTRSKCDSTY,0,ELFN2,pancreatic adenocarcinoma,15,A2601,floor
99559,68,QRVSFLKPLTRSKCDSTYSQLSPRHYY,KPLTRSKCDSTY,0,ELFN2,pancreatic adenocarcinoma,15,B0702,scoreable
99559,108,QRVSFLKPLTRSKCDSTYSQLSPRHYY,KPLTRSKCDSTY,0,ELFN2,pancreatic adenocarcinoma,15,B3801,floor
99559,108,QRVSFLKPLTRSKCDSTYSQLSPRHYY,KPLTRSKCDSTY,0,ELFN2,pancreatic adenocarcinoma,15,C0702,floor
99559,108,QRVSFLKPLTRSKCDSTYSQLSPRHYY,KPLTRSKCDSTY,0,ELFN2,pancreatic adenocarcinoma,15,C1203,floor
99559,108,RELRLEVIARGPLSGSRSATVPVTVDI,IARGPLSGS,0,DCHS1,pancreatic adenocarcinoma,15,A1101,floor
99559,108,RELRLEVIARGPLSGSRSATVPVTVDI,IARGPLSGS,0,DCHS1,pancreatic adenocarcinoma,15,A2601,floor
99559,68,RELRLEVIARGPLSGSRSATVPVTVDI,IARGPLSGS,0,DCHS1,pancreatic adenocarcinoma,15,B0702,scoreable
99559,108,RELRLEVIARGPLSGSRSATVPVTVDI,IARGPLSGS,0,DCHS1,pancreatic adenocarcinoma,15,B3801,floor
99559,108,RELRLEVIARGPLSGSRSATVPVTVDI,IARGPLSGS,0,DCHS1,pancreatic adenocarcinoma,15,C0702,floor
99559,108,RELRLEVIARGPLSGSRSATVPVTVDI,IARGPLSGS,0,DCHS1,pancreatic adenocarcinoma,15,C1203,floor
99559,108,RELRLEVIARGPLSGSRSATVPVTVDI,GPLSGSRSA,0,DCHS1,pancreatic adenocarcinoma,15,A1101,floor
99559,108,RELRLEVIARGPLSGSRSATVPVTVDI,GPLSGSRSA,0,DCHS1,pancreatic adenocarcinoma,15,A2601,floor
99559,68,RELRLEVIARGPLSGSRSATVPVTVDI,GPLSGSRSA,0,DCHS1,pancreatic adenocarcinoma,15,B0702,scoreable
99559,108,RELRLEVIARGPLSGSRSATVPVTVDI,GPLSGSRSA,0,DCHS1,pancreatic adenocarcinoma,15,B3801,floor
99559,108,RELRLEVIARGPLSGSRSATVPVTVDI,GPLSGSRSA,0,DCHS1,pancreatic adenocarcinoma,15,C0702,floor
99559,108,RELRLEVIARGPLSGSRSATVPVTVDI,GPLSGSRSA,0,DCHS1,pancreatic adenocarcinoma,15,C1203,floor
99559,66,RELRLEVIARGPLSGSRSATVPVTVDI,IARGPLSGSR,0,DCHS1,pancreatic adenocarcinoma,15,A1101,scoreable
99559,108,RELRLEVIARGPLSGSRSATVPVTVDI,IARGPLSGSR,0,DCHS1,pancreatic adenocarcinoma,15,A2601,floor
99559,108,RELRLEVIARGPLSGSRSATVPVTVDI,IARGPLSGSR,0,DCHS1,pancreatic adenocarcinoma,15,B0702,floor
99559,108,RELRLEVIARGPLSGSRSATVPVTVDI,IARGPLSGSR,0,DCHS1,pancreatic adenocarcinoma,15,B3801,floor
99559,108,RELRLEVIARGPLSGSRSATVPVTVDI,IARGPLSGSR,0,DCHS1,pancreatic adenocarcinoma,15,C0702,floor
99559,71,RELRLEVIARGPLSGSRSATVPVTVDI,IARGPLSGSR,0,DCHS1,pancreatic adenocarcinoma,15,C1203,scoreable
99559,108,RELRLEVIARGPLSGSRSATVPVTVDI,GPLSGSRSAT,0,DCHS1,pancreatic adenocarcinoma,15,A1101,floor
99559,108,RELRLEVIARGPLSGSRSATVPVTVDI,GPLSGSRSAT,0,DCHS1,pancreatic adenocarcinoma,15,A2601,floor
99559,68,RELRLEVIARGPLSGSRSATVPVTVDI,GPLSGSRSAT,0,DCHS1,pancreatic adenocarcinoma,15,B0702,scoreable
99559,108,RELRLEVIARGPLSGSRSATVPVTVDI,GPLSGSRSAT,0,DCHS1,pancreatic adenocarcinoma,15,B3801,floor
99559,108,RELRLEVIARGPLSGSRSATVPVTVDI,GPLSGSRSAT,0,DCHS1,pancreatic adenocarcinoma,15,C0702,floor
99559,108,RELRLEVIARGPLSGSRSATVPVTVDI,GPLSGSRSAT,0,DCHS1,pancreatic adenocarcinoma,15,C1203,floor
99559,66,RELRLEVIARGPLSGSRSATVPVTVDI,VIARGPLSGSR,0,DCHS1,pancreatic adenocarcinoma,15,A1101,scoreable
99559,108,RELRLEVIARGPLSGSRSATVPVTVDI,VIARGPLSGSR,0,DCHS1,pancreatic adenocarcinoma,15,A2601,floor
99559,108,RELRLEVIARGPLSGSRSATVPVTVDI,VIARGPLSGSR,0,DCHS1,pancreatic adenocarcinoma,15,B0702,floor
99559,108,RELRLEVIARGPLSGSRSATVPVTVDI,VIARGPLSGSR,0,DCHS1,pancreatic adenocarcinoma,15,B3801,floor
99559,108,RELRLEVIARGPLSGSRSATVPVTVDI,VIARGPLSGSR,0,DCHS1,pancreatic adenocarcinoma,15,C0702,floor
99559,108,RELRLEVIARGPLSGSRSATVPVTVDI,VIARGPLSGSR,0,DCHS1,pancreatic adenocarcinoma,15,C1203,floor
99559,108,RELRLEVIARGPLSGSRSATVPVTVDI,GPLSGSRSATV,0,DCHS1,pancreatic adenocarcinoma,15,A1101,floor
99559,108,RELRLEVIARGPLSGSRSATVPVTVDI,GPLSGSRSATV,0,DCHS1,pancreatic adenocarcinoma,15,A2601,floor
99559,68,RELRLEVIARGPLSGSRSATVPVTVDI,GPLSGSRSATV,0,DCHS1,pancreatic adenocarcinoma,15,B0702,scoreable
99559,108,RELRLEVIARGPLSGSRSATVPVTVDI,GPLSGSRSATV,0,DCHS1,pancreatic adenocarcinoma,15,B3801,floor
99559,108,RELRLEVIARGPLSGSRSATVPVTVDI,GPLSGSRSATV,0,DCHS1,pancreatic adenocarcinoma,15,C0702,floor
99559,108,RELRLEVIARGPLSGSRSATVPVTVDI,GPLSGSRSATV,0,DCHS1,pancreatic adenocarcinoma,15,C1203,floor
99559,66,RELRLEVIARGPLSGSRSATVPVTVDI,EVIARGPLSGSR,0,DCHS1,pancreatic adenocarcinoma,15,A1101,scoreable
99559,67,RELRLEVIARGPLSGSRSATVPVTVDI,EVIARGPLSGSR,0,DCHS1,pancreatic adenocarcinoma,15,A2601,scoreable
99559,108,RELRLEVIARGPLSGSRSATVPVTVDI,EVIARGPLSGSR,0,DCHS1,pancreatic adenocarcinoma,15,B0702,floor
99559,108,RELRLEVIARGPLSGSRSATVPVTVDI,EVIARGPLSGSR,0,DCHS1,pancreatic adenocarcinoma,15,B3801,floor
99559,108,RELRLEVIARGPLSGSRSATVPVTVDI,EVIARGPLSGSR,0,DCHS1,pancreatic adenocarcinoma,15,C0702,floor
99559,108,RELRLEVIARGPLSGSRSATVPVTVDI,EVIARGPLSGSR,0,DCHS1,pancreatic adenocarcinoma,15,C1203,floor
99559,108,RELRLEVIARGPLSGSRSATVPVTVDI,IARGPLSGSRSA,0,DCHS1,pancreatic adenocarcinoma,15,A1101,floor
99559,108,RELRLEVIARGPLSGSRSATVPVTVDI,IARGPLSGSRSA,0,DCHS1,pancreatic adenocarcinoma,15,A2601,floor
99559,68,RELRLEVIARGPLSGSRSATVPVTVDI,IARGPLSGSRSA,0,DCHS1,pancreatic adenocarcinoma,15,B0702,scoreable
99559,108,RELRLEVIARGPLSGSRSATVPVTVDI,IARGPLSGSRSA,0,DCHS1,pancreatic adenocarcinoma,15,B3801,floor
99559,108,RELRLEVIARGPLSGSRSATVPVTVDI,IARGPLSGSRSA,0,DCHS1,pancreatic adenocarcinoma,15,C0702,floor
99559,71,RELRLEVIARGPLSGSRSATVPVTVDI,IARGPLSGSRSA,0,DCHS1,pancreatic adenocarcinoma,15,C1203,scoreable
99559,108,RELRLEVIARGPLSGSRSATVPVTVDI,GPLSGSRSATVP,0,DCHS1,pancreatic adenocarcinoma,15,A1101,floor
99559,108,RELRLEVIARGPLSGSRSATVPVTVDI,GPLSGSRSATVP,0,DCHS1,pancreatic adenocarcinoma,15,A2601,floor
99559,68,RELRLEVIARGPLSGSRSATVPVTVDI,GPLSGSRSATVP,0,DCHS1,pancreatic adenocarcinoma,15,B0702,scoreable
99559,108,RELRLEVIARGPLSGSRSATVPVTVDI,GPLSGSRSATVP,0,DCHS1,pancreatic adenocarcinoma,15,B3801,floor
99559,108,RELRLEVIARGPLSGSRSATVPVTVDI,GPLSGSRSATVP,0,DCHS1,pancreatic adenocarcinoma,15,C0702,floor
99559,108,RELRLEVIARGPLSGSRSATVPVTVDI,GPLSGSRSATVP,0,DCHS1,pancreatic adenocarcinoma,15,C1203,floor
99559,108,KNLALKENVFMMVICIELKIPLFLVGK,KENVFMMVI,0,RNF213,pancreatic adenocarcinoma,15,A1101,floor
99559,108,KNLALKENVFMMVICIELKIPLFLVGK,KENVFMMVI,0,RNF213,pancreatic adenocarcinoma,15,A2601,floor
99559,108,KNLALKENVFMMVICIELKIPLFLVGK,KENVFMMVI,0,RNF213,pancreatic adenocarcinoma,15,B0702,floor
99559,69,KNLALKENVFMMVICIELKIPLFLVGK,KENVFMMVI,0,RNF213,pancreatic adenocarcinoma,15,B3801,scoreable
99559,108,KNLALKENVFMMVICIELKIPLFLVGK,KENVFMMVI,0,RNF213,pancreatic adenocarcinoma,15,C0702,floor
99559,108,KNLALKENVFMMVICIELKIPLFLVGK,KENVFMMVI,0,RNF213,pancreatic adenocarcinoma,15,C1203,floor
99559,108,KNLALKENVFMMVICIELKIPLFLVGK,FMMVICIEL,0,RNF213,pancreatic adenocarcinoma,15,A1101,floor
99559,108,KNLALKENVFMMVICIELKIPLFLVGK,FMMVICIEL,0,RNF213,pancreatic adenocarcinoma,15,A2601,floor
99559,68,KNLALKENVFMMVICIELKIPLFLVGK,FMMVICIEL,0,RNF213,pancreatic adenocarcinoma,15,B0702,scoreable
99559,69,KNLALKENVFMMVICIELKIPLFLVGK,FMMVICIEL,0,RNF213,pancreatic adenocarcinoma,15,B3801,scoreable
99559,70,KNLALKENVFMMVICIELKIPLFLVGK,FMMVICIEL,0,RNF213,pancreatic adenocarcinoma,15,C0702,scoreable
99559,71,KNLALKENVFMMVICIELKIPLFLVGK,FMMVICIEL,0,RNF213,pancreatic adenocarcinoma,15,C1203,scoreable
99559,66,KNLALKENVFMMVICIELKIPLFLVGK,MMVICIELK,0,RNF213,pancreatic adenocarcinoma,15,A1101,scoreable
99559,108,KNLALKENVFMMVICIELKIPLFLVGK,MMVICIELK,0,RNF213,pancreatic adenocarcinoma,15,A2601,floor
99559,108,KNLALKENVFMMVICIELKIPLFLVGK,MMVICIELK,0,RNF213,pancreatic adenocarcinoma,15,B0702,floor
99559,108,KNLALKENVFMMVICIELKIPLFLVGK,MMVICIELK,0,RNF213,pancreatic adenocarcinoma,15,B3801,floor
99559,108,KNLALKENVFMMVICIELKIPLFLVGK,MMVICIELK,0,RNF213,pancreatic adenocarcinoma,15,C0702,floor
99559,108,KNLALKENVFMMVICIELKIPLFLVGK,MMVICIELK,0,RNF213,pancreatic adenocarcinoma,15,C1203,floor
99559,108,KNLALKENVFMMVICIELKIPLFLVGK,ICIELKIPL,0,RNF213,pancreatic adenocarcinoma,15,A1101,floor
99559,108,KNLALKENVFMMVICIELKIPLFLVGK,ICIELKIPL,0,RNF213,pancreatic adenocarcinoma,15,A2601,floor
99559,68,KNLALKENVFMMVICIELKIPLFLVGK,ICIELKIPL,0,RNF213,pancreatic adenocarcinoma,15,B0702,scoreable
99559,108,KNLALKENVFMMVICIELKIPLFLVGK,ICIELKIPL,0,RNF213,pancreatic adenocarcinoma,15,B3801,floor
99559,70,KNLALKENVFMMVICIELKIPLFLVGK,ICIELKIPL,0,RNF213,pancreatic adenocarcinoma,15,C0702,scoreable
99559,108,KNLALKENVFMMVICIELKIPLFLVGK,ICIELKIPL,0,RNF213,pancreatic adenocarcinoma,15,C1203,floor
99559,66,KNLALKENVFMMVICIELKIPLFLVGK,FMMVICIELK,0,RNF213,pancreatic adenocarcinoma,15,A1101,scoreable
99559,108,KNLALKENVFMMVICIELKIPLFLVGK,FMMVICIELK,0,RNF213,pancreatic adenocarcinoma,15,A2601,floor
99559,108,KNLALKENVFMMVICIELKIPLFLVGK,FMMVICIELK,0,RNF213,pancreatic adenocarcinoma,15,B0702,floor
99559,108,KNLALKENVFMMVICIELKIPLFLVGK,FMMVICIELK,0,RNF213,pancreatic adenocarcinoma,15,B3801,floor
99559,108,KNLALKENVFMMVICIELKIPLFLVGK,FMMVICIELK,0,RNF213,pancreatic adenocarcinoma,15,C0702,floor
99559,108,KNLALKENVFMMVICIELKIPLFLVGK,FMMVICIELK,0,RNF213,pancreatic adenocarcinoma,15,C1203,floor
99559,66,KNLALKENVFMMVICIELKIPLFLVGK,NVFMMVICIELK,0,RNF213,pancreatic adenocarcinoma,15,A1101,scoreable
99559,108,KNLALKENVFMMVICIELKIPLFLVGK,NVFMMVICIELK,0,RNF213,pancreatic adenocarcinoma,15,A2601,floor
99559,108,KNLALKENVFMMVICIELKIPLFLVGK,NVFMMVICIELK,0,RNF213,pancreatic adenocarcinoma,15,B0702,floor
99559,108,KNLALKENVFMMVICIELKIPLFLVGK,NVFMMVICIELK,0,RNF213,pancreatic adenocarcinoma,15,B3801,floor
99559,108,KNLALKENVFMMVICIELKIPLFLVGK,NVFMMVICIELK,0,RNF213,pancreatic adenocarcinoma,15,C0702,floor
99559,108,KNLALKENVFMMVICIELKIPLFLVGK,NVFMMVICIELK,0,RNF213,pancreatic adenocarcinoma,15,C1203,floor
99559,108,GEETQRYCTDTGVFFRQESFFHWAFGV,RYCTDTGVF,0,PEPD,pancreatic adenocarcinoma,15,A1101,floor
99559,108,GEETQRYCTDTGVFFRQESFFHWAFGV,RYCTDTGVF,0,PEPD,pancreatic adenocarcinoma,15,A2601,floor
99559,108,GEETQRYCTDTGVFFRQESFFHWAFGV,RYCTDTGVF,0,PEPD,pancreatic adenocarcinoma,15,B0702,floor
99559,69,GEETQRYCTDTGVFFRQESFFHWAFGV,RYCTDTGVF,0,PEPD,pancreatic adenocarcinoma,15,B3801,scoreable
99559,108,GEETQRYCTDTGVFFRQESFFHWAFGV,RYCTDTGVF,0,PEPD,pancreatic adenocarcinoma,15,C0702,floor
99559,108,GEETQRYCTDTGVFFRQESFFHWAFGV,RYCTDTGVF,0,PEPD,pancreatic adenocarcinoma,15,C1203,floor
99559,108,GEETQRYCTDTGVFFRQESFFHWAFGV,YCTDTGVFF,0,PEPD,pancreatic adenocarcinoma,15,A1101,floor
99559,108,GEETQRYCTDTGVFFRQESFFHWAFGV,YCTDTGVFF,0,PEPD,pancreatic adenocarcinoma,15,A2601,floor
99559,108,GEETQRYCTDTGVFFRQESFFHWAFGV,YCTDTGVFF,0,PEPD,pancreatic adenocarcinoma,15,B0702,floor
99559,69,GEETQRYCTDTGVFFRQESFFHWAFGV,YCTDTGVFF,0,PEPD,pancreatic adenocarcinoma,15,B3801,scoreable
99559,108,GEETQRYCTDTGVFFRQESFFHWAFGV,YCTDTGVFF,0,PEPD,pancreatic adenocarcinoma,15,C0702,floor
99559,108,GEETQRYCTDTGVFFRQESFFHWAFGV,YCTDTGVFF,0,PEPD,pancreatic adenocarcinoma,15,C1203,floor
99559,66,GEETQRYCTDTGVFFRQESFFHWAFGV,CTDTGVFFR,0,PEPD,pancreatic adenocarcinoma,15,A1101,scoreable
99559,108,GEETQRYCTDTGVFFRQESFFHWAFGV,CTDTGVFFR,0,PEPD,pancreatic adenocarcinoma,15,A2601,floor
99559,108,GEETQRYCTDTGVFFRQESFFHWAFGV,CTDTGVFFR,0,PEPD,pancreatic adenocarcinoma,15,B0702,floor
99559,108,GEETQRYCTDTGVFFRQESFFHWAFGV,CTDTGVFFR,0,PEPD,pancreatic adenocarcinoma,15,B3801,floor
99559,108,GEETQRYCTDTGVFFRQESFFHWAFGV,CTDTGVFFR,0,PEPD,pancreatic adenocarcinoma,15,C0702,floor
99559,108,GEETQRYCTDTGVFFRQESFFHWAFGV,CTDTGVFFR,0,PEPD,pancreatic adenocarcinoma,15,C1203,floor
99559,108,GEETQRYCTDTGVFFRQESFFHWAFGV,GVFFRQESF,0,PEPD,pancreatic adenocarcinoma,15,A1101,floor
99559,67,GEETQRYCTDTGVFFRQESFFHWAFGV,GVFFRQESF,0,PEPD,pancreatic adenocarcinoma,15,A2601,scoreable
99559,108,GEETQRYCTDTGVFFRQESFFHWAFGV,GVFFRQESF,0,PEPD,pancreatic adenocarcinoma,15,B0702,floor
99559,108,GEETQRYCTDTGVFFRQESFFHWAFGV,GVFFRQESF,0,PEPD,pancreatic adenocarcinoma,15,B3801,floor
99559,108,GEETQRYCTDTGVFFRQESFFHWAFGV,GVFFRQESF,0,PEPD,pancreatic adenocarcinoma,15,C0702,floor
99559,71,GEETQRYCTDTGVFFRQESFFHWAFGV,GVFFRQESF,0,PEPD,pancreatic adenocarcinoma,15,C1203,scoreable
99559,108,GEETQRYCTDTGVFFRQESFFHWAFGV,QRYCTDTGVF,0,PEPD,pancreatic adenocarcinoma,15,A1101,floor
99559,108,GEETQRYCTDTGVFFRQESFFHWAFGV,QRYCTDTGVF,0,PEPD,pancreatic adenocarcinoma,15,A2601,floor
99559,108,GEETQRYCTDTGVFFRQESFFHWAFGV,QRYCTDTGVF,0,PEPD,pancreatic adenocarcinoma,15,B0702,floor
99559,69,GEETQRYCTDTGVFFRQESFFHWAFGV,QRYCTDTGVF,0,PEPD,pancreatic adenocarcinoma,15,B3801,scoreable
99559,108,GEETQRYCTDTGVFFRQESFFHWAFGV,QRYCTDTGVF,0,PEPD,pancreatic adenocarcinoma,15,C0702,floor
99559,108,GEETQRYCTDTGVFFRQESFFHWAFGV,QRYCTDTGVF,0,PEPD,pancreatic adenocarcinoma,15,C1203,floor
99559,108,GEETQRYCTDTGVFFRQESFFHWAFGV,RYCTDTGVFF,0,PEPD,pancreatic adenocarcinoma,15,A1101,floor
99559,108,GEETQRYCTDTGVFFRQESFFHWAFGV,RYCTDTGVFF,0,PEPD,pancreatic adenocarcinoma,15,A2601,floor
99559,108,GEETQRYCTDTGVFFRQESFFHWAFGV,RYCTDTGVFF,0,PEPD,pancreatic adenocarcinoma,15,B0702,floor
99559,69,GEETQRYCTDTGVFFRQESFFHWAFGV,RYCTDTGVFF,0,PEPD,pancreatic adenocarcinoma,15,B3801,scoreable
99559,108,GEETQRYCTDTGVFFRQESFFHWAFGV,RYCTDTGVFF,0,PEPD,pancreatic adenocarcinoma,15,C0702,floor
99559,108,GEETQRYCTDTGVFFRQESFFHWAFGV,RYCTDTGVFF,0,PEPD,pancreatic adenocarcinoma,15,C1203,floor
99559,66,GEETQRYCTDTGVFFRQESFFHWAFGV,YCTDTGVFFR,0,PEPD,pancreatic adenocarcinoma,15,A1101,scoreable
99559,108,GEETQRYCTDTGVFFRQESFFHWAFGV,YCTDTGVFFR,0,PEPD,pancreatic adenocarcinoma,15,A2601,floor
99559,108,GEETQRYCTDTGVFFRQESFFHWAFGV,YCTDTGVFFR,0,PEPD,pancreatic adenocarcinoma,15,B0702,floor
99559,108,GEETQRYCTDTGVFFRQESFFHWAFGV,YCTDTGVFFR,0,PEPD,pancreatic adenocarcinoma,15,B3801,floor
99559,108,GEETQRYCTDTGVFFRQESFFHWAFGV,YCTDTGVFFR,0,PEPD,pancreatic adenocarcinoma,15,C0702,floor
99559,108,GEETQRYCTDTGVFFRQESFFHWAFGV,YCTDTGVFFR,0,PEPD,pancreatic adenocarcinoma,15,C1203,floor
99559,66,GEETQRYCTDTGVFFRQESFFHWAFGV,CTDTGVFFRQ,0,PEPD,pancreatic adenocarcinoma,15,A1101,scoreable
99559,108,GEETQRYCTDTGVFFRQESFFHWAFGV,CTDTGVFFRQ,0,PEPD,pancreatic adenocarcinoma,15,A2601,floor
99559,108,GEETQRYCTDTGVFFRQESFFHWAFGV,CTDTGVFFRQ,0,PEPD,pancreatic adenocarcinoma,15,B0702,floor
99559,108,GEETQRYCTDTGVFFRQESFFHWAFGV,CTDTGVFFRQ,0,PEPD,pancreatic adenocarcinoma,15,B3801,floor
99559,108,GEETQRYCTDTGVFFRQESFFHWAFGV,CTDTGVFFRQ,0,PEPD,pancreatic adenocarcinoma,15,C0702,floor
99559,108,GEETQRYCTDTGVFFRQESFFHWAFGV,CTDTGVFFRQ,0,PEPD,pancreatic adenocarcinoma,15,C1203,floor
99559,108,GEETQRYCTDTGVFFRQESFFHWAFGV,TQRYCTDTGVF,0,PEPD,pancreatic adenocarcinoma,15,A1101,floor
99559,108,GEETQRYCTDTGVFFRQESFFHWAFGV,TQRYCTDTGVF,0,PEPD,pancreatic adenocarcinoma,15,A2601,floor
99559,108,GEETQRYCTDTGVFFRQESFFHWAFGV,TQRYCTDTGVF,0,PEPD,pancreatic adenocarcinoma,15,B0702,floor
99559,108,GEETQRYCTDTGVFFRQESFFHWAFGV,TQRYCTDTGVF,0,PEPD,pancreatic adenocarcinoma,15,B3801,floor
99559,70,GEETQRYCTDTGVFFRQESFFHWAFGV,TQRYCTDTGVF,0,PEPD,pancreatic adenocarcinoma,15,C0702,scoreable
99559,108,GEETQRYCTDTGVFFRQESFFHWAFGV,TQRYCTDTGVF,0,PEPD,pancreatic adenocarcinoma,15,C1203,floor
99559,108,GEETQRYCTDTGVFFRQESFFHWAFGV,QRYCTDTGVFF,0,PEPD,pancreatic adenocarcinoma,15,A1101,floor
99559,108,GEETQRYCTDTGVFFRQESFFHWAFGV,QRYCTDTGVFF,0,PEPD,pancreatic adenocarcinoma,15,A2601,floor
99559,108,GEETQRYCTDTGVFFRQESFFHWAFGV,QRYCTDTGVFF,0,PEPD,pancreatic adenocarcinoma,15,B0702,floor
99559,69,GEETQRYCTDTGVFFRQESFFHWAFGV,QRYCTDTGVFF,0,PEPD,pancreatic adenocarcinoma,15,B3801,scoreable
99559,108,GEETQRYCTDTGVFFRQESFFHWAFGV,QRYCTDTGVFF,0,PEPD,pancreatic adenocarcinoma,15,C0702,floor
99559,108,GEETQRYCTDTGVFFRQESFFHWAFGV,QRYCTDTGVFF,0,PEPD,pancreatic adenocarcinoma,15,C1203,floor
99559,66,GEETQRYCTDTGVFFRQESFFHWAFGV,RYCTDTGVFFR,0,PEPD,pancreatic adenocarcinoma,15,A1101,scoreable
99559,108,GEETQRYCTDTGVFFRQESFFHWAFGV,RYCTDTGVFFR,0,PEPD,pancreatic adenocarcinoma,15,A2601,floor
99559,108,GEETQRYCTDTGVFFRQESFFHWAFGV,RYCTDTGVFFR,0,PEPD,pancreatic adenocarcinoma,15,B0702,floor
99559,108,GEETQRYCTDTGVFFRQESFFHWAFGV,RYCTDTGVFFR,0,PEPD,pancreatic adenocarcinoma,15,B3801,floor
99559,108,GEETQRYCTDTGVFFRQESFFHWAFGV,RYCTDTGVFFR,0,PEPD,pancreatic adenocarcinoma,15,C0702,floor
99559,108,GEETQRYCTDTGVFFRQESFFHWAFGV,RYCTDTGVFFR,0,PEPD,pancreatic adenocarcinoma,15,C1203,floor
99559,108,GEETQRYCTDTGVFFRQESFFHWAFGV,TQRYCTDTGVFF,0,PEPD,pancreatic adenocarcinoma,15,A1101,floor
99559,108,GEETQRYCTDTGVFFRQESFFHWAFGV,TQRYCTDTGVFF,0,PEPD,pancreatic adenocarcinoma,15,A2601,floor
99559,108,GEETQRYCTDTGVFFRQESFFHWAFGV,TQRYCTDTGVFF,0,PEPD,pancreatic adenocarcinoma,15,B0702,floor
99559,108,GEETQRYCTDTGVFFRQESFFHWAFGV,TQRYCTDTGVFF,0,PEPD,pancreatic adenocarcinoma,15,B3801,floor
99559,70,GEETQRYCTDTGVFFRQESFFHWAFGV,TQRYCTDTGVFF,0,PEPD,pancreatic adenocarcinoma,15,C0702,scoreable
99559,108,GEETQRYCTDTGVFFRQESFFHWAFGV,TQRYCTDTGVFF,0,PEPD,pancreatic adenocarcinoma,15,C1203,floor
99559,66,PPSQGVGLASLVARLLISQAMGLALYV,VGLASLVAR,0,GPAA1,pancreatic adenocarcinoma,15,A1101,scoreable
99559,108,PPSQGVGLASLVARLLISQAMGLALYV,VGLASLVAR,0,GPAA1,pancreatic adenocarcinoma,15,A2601,floor
99559,108,PPSQGVGLASLVARLLISQAMGLALYV,VGLASLVAR,0,GPAA1,pancreatic adenocarcinoma,15,B0702,floor
99559,108,PPSQGVGLASLVARLLISQAMGLALYV,VGLASLVAR,0,GPAA1,pancreatic adenocarcinoma,15,B3801,floor
99559,108,PPSQGVGLASLVARLLISQAMGLALYV,VGLASLVAR,0,GPAA1,pancreatic adenocarcinoma,15,C0702,floor
99559,108,PPSQGVGLASLVARLLISQAMGLALYV,VGLASLVAR,0,GPAA1,pancreatic adenocarcinoma,15,C1203,floor
99559,108,PPSQGVGLASLVARLLISQAMGLALYV,LASLVARLL,0,GPAA1,pancreatic adenocarcinoma,15,A1101,floor
99559,108,PPSQGVGLASLVARLLISQAMGLALYV,LASLVARLL,0,GPAA1,pancreatic adenocarcinoma,15,A2601,floor
99559,68,PPSQGVGLASLVARLLISQAMGLALYV,LASLVARLL,0,GPAA1,pancreatic adenocarcinoma,15,B0702,scoreable
99559,108,PPSQGVGLASLVARLLISQAMGLALYV,LASLVARLL,0,GPAA1,pancreatic adenocarcinoma,15,B3801,floor
99559,108,PPSQGVGLASLVARLLISQAMGLALYV,LASLVARLL,0,GPAA1,pancreatic adenocarcinoma,15,C0702,floor
99559,108,PPSQGVGLASLVARLLISQAMGLALYV,LASLVARLL,0,GPAA1,pancreatic adenocarcinoma,15,C1203,floor
99559,108,PPSQGVGLASLVARLLISQAMGLALYV,VARLLISQA,0,GPAA1,pancreatic adenocarcinoma,15,A1101,floor
99559,108,PPSQGVGLASLVARLLISQAMGLALYV,VARLLISQA,0,GPAA1,pancreatic adenocarcinoma,15,A2601,floor
99559,68,PPSQGVGLASLVARLLISQAMGLALYV,VARLLISQA,0,GPAA1,pancreatic adenocarcinoma,15,B0702,scoreable
99559,108,PPSQGVGLASLVARLLISQAMGLALYV,VARLLISQA,0,GPAA1,pancreatic adenocarcinoma,15,B3801,floor
99559,108,PPSQGVGLASLVARLLISQAMGLALYV,VARLLISQA,0,GPAA1,pancreatic adenocarcinoma,15,C0702,floor
99559,71,PPSQGVGLASLVARLLISQAMGLALYV,VARLLISQA,0,GPAA1,pancreatic adenocarcinoma,15,C1203,scoreable
99559,108,PPSQGVGLASLVARLLISQAMGLALYV,ARLLISQAM,0,GPAA1,pancreatic adenocarcinoma,15,A1101,floor
99559,108,PPSQGVGLASLVARLLISQAMGLALYV,ARLLISQAM,0,GPAA1,pancreatic adenocarcinoma,15,A2601,floor
99559,108,PPSQGVGLASLVARLLISQAMGLALYV,ARLLISQAM,0,GPAA1,pancreatic adenocarcinoma,15,B0702,floor
99559,69,PPSQGVGLASLVARLLISQAMGLALYV,ARLLISQAM,0,GPAA1,pancreatic adenocarcinoma,15,B3801,scoreable
99559,108,PPSQGVGLASLVARLLISQAMGLALYV,ARLLISQAM,0,GPAA1,pancreatic adenocarcinoma,15,C0702,floor
99559,108,PPSQGVGLASLVARLLISQAMGLALYV,ARLLISQAM,0,GPAA1,pancreatic adenocarcinoma,15,C1203,floor
99559,66,PPSQGVGLASLVARLLISQAMGLALYV,GVGLASLVAR,0,GPAA1,pancreatic adenocarcinoma,15,A1101,scoreable
99559,108,PPSQGVGLASLVARLLISQAMGLALYV,GVGLASLVAR,0,GPAA1,pancreatic adenocarcinoma,15,A2601,floor
99559,108,PPSQGVGLASLVARLLISQAMGLALYV,GVGLASLVAR,0,GPAA1,pancreatic adenocarcinoma,15,B0702,floor
99559,108,PPSQGVGLASLVARLLISQAMGLALYV,GVGLASLVAR,0,GPAA1,pancreatic adenocarcinoma,15,B3801,floor
99559,108,PPSQGVGLASLVARLLISQAMGLALYV,GVGLASLVAR,0,GPAA1,pancreatic adenocarcinoma,15,C0702,floor
99559,108,PPSQGVGLASLVARLLISQAMGLALYV,GVGLASLVAR,0,GPAA1,pancreatic adenocarcinoma,15,C1203,floor
99559,108,PPSQGVGLASLVARLLISQAMGLALYV,VARLLISQAM,0,GPAA1,pancreatic adenocarcinoma,15,A1101,floor
99559,108,PPSQGVGLASLVARLLISQAMGLALYV,VARLLISQAM,0,GPAA1,pancreatic adenocarcinoma,15,A2601,floor
99559,68,PPSQGVGLASLVARLLISQAMGLALYV,VARLLISQAM,0,GPAA1,pancreatic adenocarcinoma,15,B0702,scoreable
99559,108,PPSQGVGLASLVARLLISQAMGLALYV,VARLLISQAM,0,GPAA1,pancreatic adenocarcinoma,15,B3801,floor
99559,108,PPSQGVGLASLVARLLISQAMGLALYV,VARLLISQAM,0,GPAA1,pancreatic adenocarcinoma,15,C0702,floor
99559,71,PPSQGVGLASLVARLLISQAMGLALYV,VARLLISQAM,0,GPAA1,pancreatic adenocarcinoma,15,C1203,scoreable
99559,66,PPSQGVGLASLVARLLISQAMGLALYV,QGVGLASLVAR,0,GPAA1,pancreatic adenocarcinoma,15,A1101,scoreable
99559,108,PPSQGVGLASLVARLLISQAMGLALYV,QGVGLASLVAR,0,GPAA1,pancreatic adenocarcinoma,15,A2601,floor
99559,108,PPSQGVGLASLVARLLISQAMGLALYV,QGVGLASLVAR,0,GPAA1,pancreatic adenocarcinoma,15,B0702,floor
99559,108,PPSQGVGLASLVARLLISQAMGLALYV,QGVGLASLVAR,0,GPAA1,pancreatic adenocarcinoma,15,B3801,floor
99559,108,PPSQGVGLASLVARLLISQAMGLALYV,QGVGLASLVAR,0,GPAA1,pancreatic adenocarcinoma,15,C0702,floor
99559,108,PPSQGVGLASLVARLLISQAMGLALYV,QGVGLASLVAR,0,GPAA1,pancreatic adenocarcinoma,15,C1203,floor
99559,66,PPSQGVGLASLVARLLISQAMGLALYV,SQGVGLASLVAR,0,GPAA1,pancreatic adenocarcinoma,15,A1101,scoreable
99559,108,PPSQGVGLASLVARLLISQAMGLALYV,SQGVGLASLVAR,0,GPAA1,pancreatic adenocarcinoma,15,A2601,floor
99559,108,PPSQGVGLASLVARLLISQAMGLALYV,SQGVGLASLVAR,0,GPAA1,pancreatic adenocarcinoma,15,B0702,floor
99559,108,PPSQGVGLASLVARLLISQAMGLALYV,SQGVGLASLVAR,0,GPAA1,pancreatic adenocarcinoma,15,B3801,floor
99559,108,PPSQGVGLASLVARLLISQAMGLALYV,SQGVGLASLVAR,0,GPAA1,pancreatic adenocarcinoma,15,C0702,floor
99559,108,PPSQGVGLASLVARLLISQAMGLALYV,SQGVGLASLVAR,0,GPAA1,pancreatic adenocarcinoma,15,C1203,floor
99559,108,GPRSTDDTWPRGSCSNSSSEAVLGQEE,WPRGSCSNS,0,RAB11FIP5,pancreatic adenocarcinoma,15,A1101,floor
99559,108,GPRSTDDTWPRGSCSNSSSEAVLGQEE,WPRGSCSNS,0,RAB11FIP5,pancreatic adenocarcinoma,15,A2601,floor
99559,68,GPRSTDDTWPRGSCSNSSSEAVLGQEE,WPRGSCSNS,0,RAB11FIP5,pancreatic adenocarcinoma,15,B0702,scoreable
99559,108,GPRSTDDTWPRGSCSNSSSEAVLGQEE,WPRGSCSNS,0,RAB11FIP5,pancreatic adenocarcinoma,15,B3801,floor
99559,108,GPRSTDDTWPRGSCSNSSSEAVLGQEE,WPRGSCSNS,0,RAB11FIP5,pancreatic adenocarcinoma,15,C0702,floor
99559,108,GPRSTDDTWPRGSCSNSSSEAVLGQEE,WPRGSCSNS,0,RAB11FIP5,pancreatic adenocarcinoma,15,C1203,floor
99559,108,GPRSTDDTWPRGSCSNSSSEAVLGQEE,WPRGSCSNSSSE,0,RAB11FIP5,pancreatic adenocarcinoma,15,A1101,floor
99559,108,GPRSTDDTWPRGSCSNSSSEAVLGQEE,WPRGSCSNSSSE,0,RAB11FIP5,pancreatic adenocarcinoma,15,A2601,floor
99559,68,GPRSTDDTWPRGSCSNSSSEAVLGQEE,WPRGSCSNSSSE,0,RAB11FIP5,pancreatic adenocarcinoma,15,B0702,scoreable
99559,108,GPRSTDDTWPRGSCSNSSSEAVLGQEE,WPRGSCSNSSSE,0,RAB11FIP5,pancreatic adenocarcinoma,15,B3801,floor
99559,108,GPRSTDDTWPRGSCSNSSSEAVLGQEE,WPRGSCSNSSSE,0,RAB11FIP5,pancreatic adenocarcinoma,15,C0702,floor
99559,108,GPRSTDDTWPRGSCSNSSSEAVLGQEE,WPRGSCSNSSSE,0,RAB11FIP5,pancreatic adenocarcinoma,15,C1203,floor
99559,66,HAASGKNKRKALCRDHDSDSSGKDPRN,RDHDSDSSGK,0,SLC39A6,pancreatic adenocarcinoma,15,A1101,scoreable
99559,108,HAASGKNKRKALCRDHDSDSSGKDPRN,RDHDSDSSGK,0,SLC39A6,pancreatic adenocarcinoma,15,A2601,floor
99559,108,HAASGKNKRKALCRDHDSDSSGKDPRN,RDHDSDSSGK,0,SLC39A6,pancreatic adenocarcinoma,15,B0702,floor
99559,108,HAASGKNKRKALCRDHDSDSSGKDPRN,RDHDSDSSGK,0,SLC39A6,pancreatic adenocarcinoma,15,B3801,floor
99559,108,HAASGKNKRKALCRDHDSDSSGKDPRN,RDHDSDSSGK,0,SLC39A6,pancreatic adenocarcinoma,15,C0702,floor
99559,108,HAASGKNKRKALCRDHDSDSSGKDPRN,RDHDSDSSGK,0,SLC39A6,pancreatic adenocarcinoma,15,C1203,floor
99559,66,LTECCGNSNLRFENWFRRRKARDTFVL,NLRFENWFR,0,PLEKHG4,pancreatic adenocarcinoma,15,A1101,scoreable
99559,108,LTECCGNSNLRFENWFRRRKARDTFVL,NLRFENWFR,0,PLEKHG4,pancreatic adenocarcinoma,15,A2601,floor
99559,108,LTECCGNSNLRFENWFRRRKARDTFVL,NLRFENWFR,0,PLEKHG4,pancreatic adenocarcinoma,15,B0702,floor
99559,108,LTECCGNSNLRFENWFRRRKARDTFVL,NLRFENWFR,0,PLEKHG4,pancreatic adenocarcinoma,15,B3801,floor
99559,108,LTECCGNSNLRFENWFRRRKARDTFVL,NLRFENWFR,0,PLEKHG4,pancreatic adenocarcinoma,15,C0702,floor
99559,108,LTECCGNSNLRFENWFRRRKARDTFVL,NLRFENWFR,0,PLEKHG4,pancreatic adenocarcinoma,15,C1203,floor
99559,66,LTECCGNSNLRFENWFRRRKARDTFVL,LRFENWFRR,0,PLEKHG4,pancreatic adenocarcinoma,15,A1101,scoreable
99559,108,LTECCGNSNLRFENWFRRRKARDTFVL,LRFENWFRR,0,PLEKHG4,pancreatic adenocarcinoma,15,A2601,floor
99559,108,LTECCGNSNLRFENWFRRRKARDTFVL,LRFENWFRR,0,PLEKHG4,pancreatic adenocarcinoma,15,B0702,floor
99559,108,LTECCGNSNLRFENWFRRRKARDTFVL,LRFENWFRR,0,PLEKHG4,pancreatic adenocarcinoma,15,B3801,floor
99559,108,LTECCGNSNLRFENWFRRRKARDTFVL,LRFENWFRR,0,PLEKHG4,pancreatic adenocarcinoma,15,C0702,floor
99559,108,LTECCGNSNLRFENWFRRRKARDTFVL,LRFENWFRR,0,PLEKHG4,pancreatic adenocarcinoma,15,C1203,floor
99559,66,LTECCGNSNLRFENWFRRRKARDTFVL,FENWFRRRK,0,PLEKHG4,pancreatic adenocarcinoma,15,A1101,scoreable
99559,108,LTECCGNSNLRFENWFRRRKARDTFVL,FENWFRRRK,0,PLEKHG4,pancreatic adenocarcinoma,15,A2601,floor
99559,108,LTECCGNSNLRFENWFRRRKARDTFVL,FENWFRRRK,0,PLEKHG4,pancreatic adenocarcinoma,15,B0702,floor
99559,108,LTECCGNSNLRFENWFRRRKARDTFVL,FENWFRRRK,0,PLEKHG4,pancreatic adenocarcinoma,15,B3801,floor
99559,108,LTECCGNSNLRFENWFRRRKARDTFVL,FENWFRRRK,0,PLEKHG4,pancreatic adenocarcinoma,15,C0702,floor
99559,108,LTECCGNSNLRFENWFRRRKARDTFVL,FENWFRRRK,0,PLEKHG4,pancreatic adenocarcinoma,15,C1203,floor
99559,66,LTECCGNSNLRFENWFRRRKARDTFVL,SNLRFENWFR,0,PLEKHG4,pancreatic adenocarcinoma,15,A1101,scoreable
99559,108,LTECCGNSNLRFENWFRRRKARDTFVL,SNLRFENWFR,0,PLEKHG4,pancreatic adenocarcinoma,15,A2601,floor
99559,108,LTECCGNSNLRFENWFRRRKARDTFVL,SNLRFENWFR,0,PLEKHG4,pancreatic adenocarcinoma,15,B0702,floor
99559,108,LTECCGNSNLRFENWFRRRKARDTFVL,SNLRFENWFR,0,PLEKHG4,pancreatic adenocarcinoma,15,B3801,floor
99559,108,LTECCGNSNLRFENWFRRRKARDTFVL,SNLRFENWFR,0,PLEKHG4,pancreatic adenocarcinoma,15,C0702,floor
99559,108,LTECCGNSNLRFENWFRRRKARDTFVL,SNLRFENWFR,0,PLEKHG4,pancreatic adenocarcinoma,15,C1203,floor
99559,66,LTECCGNSNLRFENWFRRRKARDTFVL,NLRFENWFRR,0,PLEKHG4,pancreatic adenocarcinoma,15,A1101,scoreable
99559,108,LTECCGNSNLRFENWFRRRKARDTFVL,NLRFENWFRR,0,PLEKHG4,pancreatic adenocarcinoma,15,A2601,floor
99559,108,LTECCGNSNLRFENWFRRRKARDTFVL,NLRFENWFRR,0,PLEKHG4,pancreatic adenocarcinoma,15,B0702,floor
99559,108,LTECCGNSNLRFENWFRRRKARDTFVL,NLRFENWFRR,0,PLEKHG4,pancreatic adenocarcinoma,15,B3801,floor
99559,108,LTECCGNSNLRFENWFRRRKARDTFVL,NLRFENWFRR,0,PLEKHG4,pancreatic adenocarcinoma,15,C0702,floor
99559,108,LTECCGNSNLRFENWFRRRKARDTFVL,NLRFENWFRR,0,PLEKHG4,pancreatic adenocarcinoma,15,C1203,floor
99559,66,LTECCGNSNLRFENWFRRRKARDTFVL,RFENWFRRRK,0,PLEKHG4,pancreatic adenocarcinoma,15,A1101,scoreable
99559,108,LTECCGNSNLRFENWFRRRKARDTFVL,RFENWFRRRK,0,PLEKHG4,pancreatic adenocarcinoma,15,A2601,floor
99559,108,LTECCGNSNLRFENWFRRRKARDTFVL,RFENWFRRRK,0,PLEKHG4,pancreatic adenocarcinoma,15,B0702,floor
99559,108,LTECCGNSNLRFENWFRRRKARDTFVL,RFENWFRRRK,0,PLEKHG4,pancreatic adenocarcinoma,15,B3801,floor
99559,108,LTECCGNSNLRFENWFRRRKARDTFVL,RFENWFRRRK,0,PLEKHG4,pancreatic adenocarcinoma,15,C0702,floor
99559,108,LTECCGNSNLRFENWFRRRKARDTFVL,RFENWFRRRK,0,PLEKHG4,pancreatic adenocarcinoma,15,C1203,floor
99559,108,QVQELELKLSGQNTMGSQDSLLEITFR,LKLSGQNTM,0,NOS1AP,pancreatic adenocarcinoma,15,A1101,floor
99559,108,QVQELELKLSGQNTMGSQDSLLEITFR,LKLSGQNTM,0,NOS1AP,pancreatic adenocarcinoma,15,A2601,floor
99559,108,QVQELELKLSGQNTMGSQDSLLEITFR,LKLSGQNTM,0,NOS1AP,pancreatic adenocarcinoma,15,B0702,floor
99559,69,QVQELELKLSGQNTMGSQDSLLEITFR,LKLSGQNTM,0,NOS1AP,pancreatic adenocarcinoma,15,B3801,scoreable
99559,108,QVQELELKLSGQNTMGSQDSLLEITFR,LKLSGQNTM,0,NOS1AP,pancreatic adenocarcinoma,15,C0702,floor
99559,108,QVQELELKLSGQNTMGSQDSLLEITFR,LKLSGQNTM,0,NOS1AP,pancreatic adenocarcinoma,15,C1203,floor
99559,108,QVQELELKLSGQNTMGSQDSLLEITFR,NTMGSQDSL,0,NOS1AP,pancreatic adenocarcinoma,15,A1101,floor
99559,67,QVQELELKLSGQNTMGSQDSLLEITFR,NTMGSQDSL,0,NOS1AP,pancreatic adenocarcinoma,15,A2601,scoreable
99559,108,QVQELELKLSGQNTMGSQDSLLEITFR,NTMGSQDSL,0,NOS1AP,pancreatic adenocarcinoma,15,B0702,floor
99559,69,QVQELELKLSGQNTMGSQDSLLEITFR,NTMGSQDSL,0,NOS1AP,pancreatic adenocarcinoma,15,B3801,scoreable
99559,108,QVQELELKLSGQNTMGSQDSLLEITFR,NTMGSQDSL,0,NOS1AP,pancreatic adenocarcinoma,15,C0702,floor
99559,71,QVQELELKLSGQNTMGSQDSLLEITFR,NTMGSQDSL,0,NOS1AP,pancreatic adenocarcinoma,15,C1203,scoreable
99559,108,QVQELELKLSGQNTMGSQDSLLEITFR,TMGSQDSLL,0,NOS1AP,pancreatic adenocarcinoma,15,A1101,floor
99559,108,QVQELELKLSGQNTMGSQDSLLEITFR,TMGSQDSLL,0,NOS1AP,pancreatic adenocarcinoma,15,A2601,floor
99559,108,QVQELELKLSGQNTMGSQDSLLEITFR,TMGSQDSLL,0,NOS1AP,pancreatic adenocarcinoma,15,B0702,floor
99559,69,QVQELELKLSGQNTMGSQDSLLEITFR,TMGSQDSLL,0,NOS1AP,pancreatic adenocarcinoma,15,B3801,scoreable
99559,108,QVQELELKLSGQNTMGSQDSLLEITFR,TMGSQDSLL,0,NOS1AP,pancreatic adenocarcinoma,15,C0702,floor
99559,108,QVQELELKLSGQNTMGSQDSLLEITFR,TMGSQDSLL,0,NOS1AP,pancreatic adenocarcinoma,15,C1203,floor
99559,108,QVQELELKLSGQNTMGSQDSLLEITFR,LELKLSGQNTM,0,NOS1AP,pancreatic adenocarcinoma,15,A1101,floor
99559,108,QVQELELKLSGQNTMGSQDSLLEITFR,LELKLSGQNTM,0,NOS1AP,pancreatic adenocarcinoma,15,A2601,floor
99559,108,QVQELELKLSGQNTMGSQDSLLEITFR,LELKLSGQNTM,0,NOS1AP,pancreatic adenocarcinoma,15,B0702,floor
99559,69,QVQELELKLSGQNTMGSQDSLLEITFR,LELKLSGQNTM,0,NOS1AP,pancreatic adenocarcinoma,15,B3801,scoreable
99559,108,QVQELELKLSGQNTMGSQDSLLEITFR,LELKLSGQNTM,0,NOS1AP,pancreatic adenocarcinoma,15,C0702,floor
99559,108,QVQELELKLSGQNTMGSQDSLLEITFR,LELKLSGQNTM,0,NOS1AP,pancreatic adenocarcinoma,15,C1203,floor
99559,108,QVQELELKLSGQNTMGSQDSLLEITFR,GQNTMGSQDSL,0,NOS1AP,pancreatic adenocarcinoma,15,A1101,floor
99559,108,QVQELELKLSGQNTMGSQDSLLEITFR,GQNTMGSQDSL,0,NOS1AP,pancreatic adenocarcinoma,15,A2601,floor
99559,108,QVQELELKLSGQNTMGSQDSLLEITFR,GQNTMGSQDSL,0,NOS1AP,pancreatic adenocarcinoma,15,B0702,floor
99559,69,QVQELELKLSGQNTMGSQDSLLEITFR,GQNTMGSQDSL,0,NOS1AP,pancreatic adenocarcinoma,15,B3801,scoreable
99559,108,QVQELELKLSGQNTMGSQDSLLEITFR,GQNTMGSQDSL,0,NOS1AP,pancreatic adenocarcinoma,15,C0702,floor
99559,108,QVQELELKLSGQNTMGSQDSLLEITFR,GQNTMGSQDSL,0,NOS1AP,pancreatic adenocarcinoma,15,C1203,floor
99559,108,QVQELELKLSGQNTMGSQDSLLEITFR,GQNTMGSQDSLL,0,NOS1AP,pancreatic adenocarcinoma,15,A1101,floor
99559,108,QVQELELKLSGQNTMGSQDSLLEITFR,GQNTMGSQDSLL,0,NOS1AP,pancreatic adenocarcinoma,15,A2601,floor
99559,108,QVQELELKLSGQNTMGSQDSLLEITFR,GQNTMGSQDSLL,0,NOS1AP,pancreatic adenocarcinoma,15,B0702,floor
99559,69,QVQELELKLSGQNTMGSQDSLLEITFR,GQNTMGSQDSLL,0,NOS1AP,pancreatic adenocarcinoma,15,B3801,scoreable
99559,108,QVQELELKLSGQNTMGSQDSLLEITFR,GQNTMGSQDSLL,0,NOS1AP,pancreatic adenocarcinoma,15,C0702,floor
99559,108,QVQELELKLSGQNTMGSQDSLLEITFR,GQNTMGSQDSLL,0,NOS1AP,pancreatic adenocarcinoma,15,C1203,floor
99559,108,VFEEGGDVDDLLDII,DVDDLLDII,0,XRCC5,pancreatic adenocarcinoma,15,A1101,floor
99559,108,VFEEGGDVDDLLDII,DVDDLLDII,0,XRCC5,pancreatic adenocarcinoma,15,A2601,floor
99559,108,VFEEGGDVDDLLDII,DVDDLLDII,0,XRCC5,pancreatic adenocarcinoma,15,B0702,floor
99559,69,VFEEGGDVDDLLDII,DVDDLLDII,0,XRCC5,pancreatic adenocarcinoma,15,B3801,scoreable
99559,108,VFEEGGDVDDLLDII,DVDDLLDII,0,XRCC5,pancreatic adenocarcinoma,15,C0702,floor
99559,108,VFEEGGDVDDLLDII,DVDDLLDII,0,XRCC5,pancreatic adenocarcinoma,15,C1203,floor
99559,108,VFEEGGDVDDLLDII,GDVDDLLDII,0,XRCC5,pancreatic adenocarcinoma,15,A1101,floor
99559,108,VFEEGGDVDDLLDII,GDVDDLLDII,0,XRCC5,pancreatic adenocarcinoma,15,A2601,floor
99559,108,VFEEGGDVDDLLDII,GDVDDLLDII,0,XRCC5,pancreatic adenocarcinoma,15,B0702,floor
99559,69,VFEEGGDVDDLLDII,GDVDDLLDII,0,XRCC5,pancreatic adenocarcinoma,15,B3801,scoreable
99559,108,VFEEGGDVDDLLDII,GDVDDLLDII,0,XRCC5,pancreatic adenocarcinoma,15,C0702,floor
99559,108,VFEEGGDVDDLLDII,GDVDDLLDII,0,XRCC5,pancreatic adenocarcinoma,15,C1203,floor
99559,108,MQKDLENITSKEIITELEMQMVCNLRE,ENITSKEII,0,SSH2,pancreatic adenocarcinoma,15,A1101,floor
99559,108,MQKDLENITSKEIITELEMQMVCNLRE,ENITSKEII,0,SSH2,pancreatic adenocarcinoma,15,A2601,floor
99559,108,MQKDLENITSKEIITELEMQMVCNLRE,ENITSKEII,0,SSH2,pancreatic adenocarcinoma,15,B0702,floor
99559,69,MQKDLENITSKEIITELEMQMVCNLRE,ENITSKEII,0,SSH2,pancreatic adenocarcinoma,15,B3801,scoreable
99559,108,MQKDLENITSKEIITELEMQMVCNLRE,ENITSKEII,0,SSH2,pancreatic adenocarcinoma,15,C0702,floor
99559,108,MQKDLENITSKEIITELEMQMVCNLRE,ENITSKEII,0,SSH2,pancreatic adenocarcinoma,15,C1203,floor
99559,108,MQKDLENITSKEIITELEMQMVCNLRE,TSKEIITEL,0,SSH2,pancreatic adenocarcinoma,15,A1101,floor
99559,67,MQKDLENITSKEIITELEMQMVCNLRE,TSKEIITEL,0,SSH2,pancreatic adenocarcinoma,15,A2601,scoreable
99559,68,MQKDLENITSKEIITELEMQMVCNLRE,TSKEIITEL,0,SSH2,pancreatic adenocarcinoma,15,B0702,scoreable
99559,69,MQKDLENITSKEIITELEMQMVCNLRE,TSKEIITEL,0,SSH2,pancreatic adenocarcinoma,15,B3801,scoreable
99559,70,MQKDLENITSKEIITELEMQMVCNLRE,TSKEIITEL,0,SSH2,pancreatic adenocarcinoma,15,C0702,scoreable
99559,71,MQKDLENITSKEIITELEMQMVCNLRE,TSKEIITEL,0,SSH2,pancreatic adenocarcinoma,15,C1203,scoreable
99559,108,MQKDLENITSKEIITELEMQMVCNLRE,KEIITELEM,0,SSH2,pancreatic adenocarcinoma,15,A1101,floor
99559,108,MQKDLENITSKEIITELEMQMVCNLRE,KEIITELEM,0,SSH2,pancreatic adenocarcinoma,15,A2601,floor
99559,108,MQKDLENITSKEIITELEMQMVCNLRE,KEIITELEM,0,SSH2,pancreatic adenocarcinoma,15,B0702,floor
99559,69,MQKDLENITSKEIITELEMQMVCNLRE,KEIITELEM,0,SSH2,pancreatic adenocarcinoma,15,B3801,scoreable
99559,108,MQKDLENITSKEIITELEMQMVCNLRE,KEIITELEM,0,SSH2,pancreatic adenocarcinoma,15,C0702,floor
99559,108,MQKDLENITSKEIITELEMQMVCNLRE,KEIITELEM,0,SSH2,pancreatic adenocarcinoma,15,C1203,floor
99559,108,MQKDLENITSKEIITELEMQMVCNLRE,ITSKEIITEL,0,SSH2,pancreatic adenocarcinoma,15,A1101,floor
99559,108,MQKDLENITSKEIITELEMQMVCNLRE,ITSKEIITEL,0,SSH2,pancreatic adenocarcinoma,15,A2601,floor
99559,108,MQKDLENITSKEIITELEMQMVCNLRE,ITSKEIITEL,0,SSH2,pancreatic adenocarcinoma,15,B0702,floor
99559,108,MQKDLENITSKEIITELEMQMVCNLRE,ITSKEIITEL,0,SSH2,pancreatic adenocarcinoma,15,B3801,floor
99559,108,MQKDLENITSKEIITELEMQMVCNLRE,ITSKEIITEL,0,SSH2,pancreatic adenocarcinoma,15,C0702,floor
99559,71,MQKDLENITSKEIITELEMQMVCNLRE,ITSKEIITEL,0,SSH2,pancreatic adenocarcinoma,15,C1203,scoreable
99559,108,MQKDLENITSKEIITELEMQMVCNLRE,EIITELEMQM,0,SSH2,pancreatic adenocarcinoma,15,A1101,floor
99559,67,MQKDLENITSKEIITELEMQMVCNLRE,EIITELEMQM,0,SSH2,pancreatic adenocarcinoma,15,A2601,scoreable
99559,108,MQKDLENITSKEIITELEMQMVCNLRE,EIITELEMQM,0,SSH2,pancreatic adenocarcinoma,15,B0702,floor
99559,108,MQKDLENITSKEIITELEMQMVCNLRE,EIITELEMQM,0,SSH2,pancreatic adenocarcinoma,15,B3801,floor
99559,108,MQKDLENITSKEIITELEMQMVCNLRE,EIITELEMQM,0,SSH2,pancreatic adenocarcinoma,15,C0702,floor
99559,108,MQKDLENITSKEIITELEMQMVCNLRE,EIITELEMQM,0,SSH2,pancreatic adenocarcinoma,15,C1203,floor
99559,108,MQKDLENITSKEIITELEMQMVCNLRE,TSKEIITELEM,0,SSH2,pancreatic adenocarcinoma,15,A1101,floor
99559,108,MQKDLENITSKEIITELEMQMVCNLRE,TSKEIITELEM,0,SSH2,pancreatic adenocarcinoma,15,A2601,floor
99559,108,MQKDLENITSKEIITELEMQMVCNLRE,TSKEIITELEM,0,SSH2,pancreatic adenocarcinoma,15,B0702,floor
99559,108,MQKDLENITSKEIITELEMQMVCNLRE,TSKEIITELEM,0,SSH2,pancreatic adenocarcinoma,15,B3801,floor
99559,108,MQKDLENITSKEIITELEMQMVCNLRE,TSKEIITELEM,0,SSH2,pancreatic adenocarcinoma,15,C0702,floor
99559,71,MQKDLENITSKEIITELEMQMVCNLRE,TSKEIITELEM,0,SSH2,pancreatic adenocarcinoma,15,C1203,scoreable
99559,108,KLRQPARPPLTPHIFEPRPVRGPLLRS,ARPPLTPHI,0,SIPA1,pancreatic adenocarcinoma,15,A1101,floor
99559,108,KLRQPARPPLTPHIFEPRPVRGPLLRS,ARPPLTPHI,0,SIPA1,pancreatic adenocarcinoma,15,A2601,floor
99559,108,KLRQPARPPLTPHIFEPRPVRGPLLRS,ARPPLTPHI,0,SIPA1,pancreatic adenocarcinoma,15,B0702,floor
99559,69,KLRQPARPPLTPHIFEPRPVRGPLLRS,ARPPLTPHI,0,SIPA1,pancreatic adenocarcinoma,15,B3801,scoreable
99559,108,KLRQPARPPLTPHIFEPRPVRGPLLRS,ARPPLTPHI,0,SIPA1,pancreatic adenocarcinoma,15,C0702,floor
99559,108,KLRQPARPPLTPHIFEPRPVRGPLLRS,ARPPLTPHI,0,SIPA1,pancreatic adenocarcinoma,15,C1203,floor
99559,108,KLRQPARPPLTPHIFEPRPVRGPLLRS,RPPLTPHIF,0,SIPA1,pancreatic adenocarcinoma,15,A1101,floor
99559,108,KLRQPARPPLTPHIFEPRPVRGPLLRS,RPPLTPHIF,0,SIPA1,pancreatic adenocarcinoma,15,A2601,floor
99559,68,KLRQPARPPLTPHIFEPRPVRGPLLRS,RPPLTPHIF,0,SIPA1,pancreatic adenocarcinoma,15,B0702,scoreable
99559,69,KLRQPARPPLTPHIFEPRPVRGPLLRS,RPPLTPHIF,0,SIPA1,pancreatic adenocarcinoma,15,B3801,scoreable
99559,108,KLRQPARPPLTPHIFEPRPVRGPLLRS,RPPLTPHIF,0,SIPA1,pancreatic adenocarcinoma,15,C0702,floor
99559,108,KLRQPARPPLTPHIFEPRPVRGPLLRS,RPPLTPHIF,0,SIPA1,pancreatic adenocarcinoma,15,C1203,floor
99559,66,KLRQPARPPLTPHIFEPRPVRGPLLRS,LTPHIFEPR,0,SIPA1,pancreatic adenocarcinoma,15,A1101,scoreable
99559,67,KLRQPARPPLTPHIFEPRPVRGPLLRS,LTPHIFEPR,0,SIPA1,pancreatic adenocarcinoma,15,A2601,scoreable
99559,108,KLRQPARPPLTPHIFEPRPVRGPLLRS,LTPHIFEPR,0,SIPA1,pancreatic adenocarcinoma,15,B0702,floor
99559,108,KLRQPARPPLTPHIFEPRPVRGPLLRS,LTPHIFEPR,0,SIPA1,pancreatic adenocarcinoma,15,B3801,floor
99559,108,KLRQPARPPLTPHIFEPRPVRGPLLRS,LTPHIFEPR,0,SIPA1,pancreatic adenocarcinoma,15,C0702,floor
99559,71,KLRQPARPPLTPHIFEPRPVRGPLLRS,LTPHIFEPR,0,SIPA1,pancreatic adenocarcinoma,15,C1203,scoreable
99559,108,KLRQPARPPLTPHIFEPRPVRGPLLRS,PHIFEPRPV,0,SIPA1,pancreatic adenocarcinoma,15,A1101,floor
99559,108,KLRQPARPPLTPHIFEPRPVRGPLLRS,PHIFEPRPV,0,SIPA1,pancreatic adenocarcinoma,15,A2601,floor
99559,108,KLRQPARPPLTPHIFEPRPVRGPLLRS,PHIFEPRPV,0,SIPA1,pancreatic adenocarcinoma,15,B0702,floor
99559,69,KLRQPARPPLTPHIFEPRPVRGPLLRS,PHIFEPRPV,0,SIPA1,pancreatic adenocarcinoma,15,B3801,scoreable
99559,108,KLRQPARPPLTPHIFEPRPVRGPLLRS,PHIFEPRPV,0,SIPA1,pancreatic adenocarcinoma,15,C0702,floor
99559,108,KLRQPARPPLTPHIFEPRPVRGPLLRS,PHIFEPRPV,0,SIPA1,pancreatic adenocarcinoma,15,C1203,floor
99559,66,KLRQPARPPLTPHIFEPRPVRGPLLRS,HIFEPRPVR,0,SIPA1,pancreatic adenocarcinoma,15,A1101,scoreable
99559,67,KLRQPARPPLTPHIFEPRPVRGPLLRS,HIFEPRPVR,0,SIPA1,pancreatic adenocarcinoma,15,A2601,scoreable
99559,108,KLRQPARPPLTPHIFEPRPVRGPLLRS,HIFEPRPVR,0,SIPA1,pancreatic adenocarcinoma,15,B0702,floor
99559,108,KLRQPARPPLTPHIFEPRPVRGPLLRS,HIFEPRPVR,0,SIPA1,pancreatic adenocarcinoma,15,B3801,floor
99559,108,KLRQPARPPLTPHIFEPRPVRGPLLRS,HIFEPRPVR,0,SIPA1,pancreatic adenocarcinoma,15,C0702,floor
99559,108,KLRQPARPPLTPHIFEPRPVRGPLLRS,HIFEPRPVR,0,SIPA1,pancreatic adenocarcinoma,15,C1203,floor
99559,108,KLRQPARPPLTPHIFEPRPVRGPLLRS,PARPPLTPHI,0,SIPA1,pancreatic adenocarcinoma,15,A1101,floor
99559,108,KLRQPARPPLTPHIFEPRPVRGPLLRS,PARPPLTPHI,0,SIPA1,pancreatic adenocarcinoma,15,A2601,floor
99559,68,KLRQPARPPLTPHIFEPRPVRGPLLRS,PARPPLTPHI,0,SIPA1,pancreatic adenocarcinoma,15,B0702,scoreable
99559,108,KLRQPARPPLTPHIFEPRPVRGPLLRS,PARPPLTPHI,0,SIPA1,pancreatic adenocarcinoma,15,B3801,floor
99559,108,KLRQPARPPLTPHIFEPRPVRGPLLRS,PARPPLTPHI,0,SIPA1,pancreatic adenocarcinoma,15,C0702,floor
99559,108,KLRQPARPPLTPHIFEPRPVRGPLLRS,PARPPLTPHI,0,SIPA1,pancreatic adenocarcinoma,15,C1203,floor
99559,108,KLRQPARPPLTPHIFEPRPVRGPLLRS,ARPPLTPHIF,0,SIPA1,pancreatic adenocarcinoma,15,A1101,floor
99559,108,KLRQPARPPLTPHIFEPRPVRGPLLRS,ARPPLTPHIF,0,SIPA1,pancreatic adenocarcinoma,15,A2601,floor
99559,68,KLRQPARPPLTPHIFEPRPVRGPLLRS,ARPPLTPHIF,0,SIPA1,pancreatic adenocarcinoma,15,B0702,scoreable
99559,69,KLRQPARPPLTPHIFEPRPVRGPLLRS,ARPPLTPHIF,0,SIPA1,pancreatic adenocarcinoma,15,B3801,scoreable
99559,108,KLRQPARPPLTPHIFEPRPVRGPLLRS,ARPPLTPHIF,0,SIPA1,pancreatic adenocarcinoma,15,C0702,floor
99559,108,KLRQPARPPLTPHIFEPRPVRGPLLRS,ARPPLTPHIF,0,SIPA1,pancreatic adenocarcinoma,15,C1203,floor
99559,108,KLRQPARPPLTPHIFEPRPVRGPLLRS,TPHIFEPRPV,0,SIPA1,pancreatic adenocarcinoma,15,A1101,floor
99559,108,KLRQPARPPLTPHIFEPRPVRGPLLRS,TPHIFEPRPV,0,SIPA1,pancreatic adenocarcinoma,15,A2601,floor
99559,68,KLRQPARPPLTPHIFEPRPVRGPLLRS,TPHIFEPRPV,0,SIPA1,pancreatic adenocarcinoma,15,B0702,scoreable
99559,108,KLRQPARPPLTPHIFEPRPVRGPLLRS,TPHIFEPRPV,0,SIPA1,pancreatic adenocarcinoma,15,B3801,floor
99559,108,KLRQPARPPLTPHIFEPRPVRGPLLRS,TPHIFEPRPV,0,SIPA1,pancreatic adenocarcinoma,15,C0702,floor
99559,108,KLRQPARPPLTPHIFEPRPVRGPLLRS,TPHIFEPRPV,0,SIPA1,pancreatic adenocarcinoma,15,C1203,floor
99559,108,KLRQPARPPLTPHIFEPRPVRGPLLRS,QPARPPLTPHI,0,SIPA1,pancreatic adenocarcinoma,15,A1101,floor
99559,108,KLRQPARPPLTPHIFEPRPVRGPLLRS,QPARPPLTPHI,0,SIPA1,pancreatic adenocarcinoma,15,A2601,floor
99559,68,KLRQPARPPLTPHIFEPRPVRGPLLRS,QPARPPLTPHI,0,SIPA1,pancreatic adenocarcinoma,15,B0702,scoreable
99559,108,KLRQPARPPLTPHIFEPRPVRGPLLRS,QPARPPLTPHI,0,SIPA1,pancreatic adenocarcinoma,15,B3801,floor
99559,108,KLRQPARPPLTPHIFEPRPVRGPLLRS,QPARPPLTPHI,0,SIPA1,pancreatic adenocarcinoma,15,C0702,floor
99559,108,KLRQPARPPLTPHIFEPRPVRGPLLRS,QPARPPLTPHI,0,SIPA1,pancreatic adenocarcinoma,15,C1203,floor
99559,108,KLRQPARPPLTPHIFEPRPVRGPLLRS,PARPPLTPHIF,0,SIPA1,pancreatic adenocarcinoma,15,A1101,floor
99559,108,KLRQPARPPLTPHIFEPRPVRGPLLRS,PARPPLTPHIF,0,SIPA1,pancreatic adenocarcinoma,15,A2601,floor
99559,68,KLRQPARPPLTPHIFEPRPVRGPLLRS,PARPPLTPHIF,0,SIPA1,pancreatic adenocarcinoma,15,B0702,scoreable
99559,108,KLRQPARPPLTPHIFEPRPVRGPLLRS,PARPPLTPHIF,0,SIPA1,pancreatic adenocarcinoma,15,B3801,floor
99559,108,KLRQPARPPLTPHIFEPRPVRGPLLRS,PARPPLTPHIF,0,SIPA1,pancreatic adenocarcinoma,15,C0702,floor
99559,71,KLRQPARPPLTPHIFEPRPVRGPLLRS,PARPPLTPHIF,0,SIPA1,pancreatic adenocarcinoma,15,C1203,scoreable
99559,108,KLRQPARPPLTPHIFEPRPVRGPLLRS,TPHIFEPRPVR,0,SIPA1,pancreatic adenocarcinoma,15,A1101,floor
99559,108,KLRQPARPPLTPHIFEPRPVRGPLLRS,TPHIFEPRPVR,0,SIPA1,pancreatic adenocarcinoma,15,A2601,floor
99559,68,KLRQPARPPLTPHIFEPRPVRGPLLRS,TPHIFEPRPVR,0,SIPA1,pancreatic adenocarcinoma,15,B0702,scoreable
99559,108,KLRQPARPPLTPHIFEPRPVRGPLLRS,TPHIFEPRPVR,0,SIPA1,pancreatic adenocarcinoma,15,B3801,floor
99559,108,KLRQPARPPLTPHIFEPRPVRGPLLRS,TPHIFEPRPVR,0,SIPA1,pancreatic adenocarcinoma,15,C0702,floor
99559,108,KLRQPARPPLTPHIFEPRPVRGPLLRS,TPHIFEPRPVR,0,SIPA1,pancreatic adenocarcinoma,15,C1203,floor
99559,108,KLRQPARPPLTPHIFEPRPVRGPLLRS,QPARPPLTPHIF,0,SIPA1,pancreatic adenocarcinoma,15,A1101,floor
99559,108,KLRQPARPPLTPHIFEPRPVRGPLLRS,QPARPPLTPHIF,0,SIPA1,pancreatic adenocarcinoma,15,A2601,floor
99559,68,KLRQPARPPLTPHIFEPRPVRGPLLRS,QPARPPLTPHIF,0,SIPA1,pancreatic adenocarcinoma,15,B0702,scoreable
99559,108,KLRQPARPPLTPHIFEPRPVRGPLLRS,QPARPPLTPHIF,0,SIPA1,pancreatic adenocarcinoma,15,B3801,floor
99559,108,KLRQPARPPLTPHIFEPRPVRGPLLRS,QPARPPLTPHIF,0,SIPA1,pancreatic adenocarcinoma,15,C0702,floor
99559,108,KLRQPARPPLTPHIFEPRPVRGPLLRS,QPARPPLTPHIF,0,SIPA1,pancreatic adenocarcinoma,15,C1203,floor
99559,108,KLRQPARPPLTPHIFEPRPVRGPLLRS,HIFEPRPVRGPL,0,SIPA1,pancreatic adenocarcinoma,15,A1101,floor
99559,108,KLRQPARPPLTPHIFEPRPVRGPLLRS,HIFEPRPVRGPL,0,SIPA1,pancreatic adenocarcinoma,15,A2601,floor
99559,108,KLRQPARPPLTPHIFEPRPVRGPLLRS,HIFEPRPVRGPL,0,SIPA1,pancreatic adenocarcinoma,15,B0702,floor
99559,108,KLRQPARPPLTPHIFEPRPVRGPLLRS,HIFEPRPVRGPL,0,SIPA1,pancreatic adenocarcinoma,15,B3801,floor
99559,108,KLRQPARPPLTPHIFEPRPVRGPLLRS,HIFEPRPVRGPL,0,SIPA1,pancreatic adenocarcinoma,15,C0702,floor
99559,71,KLRQPARPPLTPHIFEPRPVRGPLLRS,HIFEPRPVRGPL,0,SIPA1,pancreatic adenocarcinoma,15,C1203,scoreable
99553,60,YRDRDWRWVLLRLYKAGARVKIMDYED,WVLLRLYKA,1,APOBEC3D,pancreatic adenocarcinoma,14,A0201,scoreable
99553,107,YRDRDWRWVLLRLYKAGARVKIMDYED,WVLLRLYKA,1,APOBEC3D,pancreatic adenocarcinoma,14,A6801,floor
99553,107,YRDRDWRWVLLRLYKAGARVKIMDYED,WVLLRLYKA,1,APOBEC3D,pancreatic adenocarcinoma,14,B0702,floor
99553,107,YRDRDWRWVLLRLYKAGARVKIMDYED,WVLLRLYKA,1,APOBEC3D,pancreatic adenocarcinoma,14,B3501,floor
99553,107,YRDRDWRWVLLRLYKAGARVKIMDYED,WVLLRLYKA,1,APOBEC3D,pancreatic adenocarcinoma,14,C0401,floor
99553,107,YRDRDWRWVLLRLYKAGARVKIMDYED,WVLLRLYKA,1,APOBEC3D,pancreatic adenocarcinoma,14,C0702,floor
99553,60,YRDRDWRWVLLRLYKAGARVKIMDYED,LLRLYKAGA,1,APOBEC3D,pancreatic adenocarcinoma,14,A0201,scoreable
99553,107,YRDRDWRWVLLRLYKAGARVKIMDYED,LLRLYKAGA,1,APOBEC3D,pancreatic adenocarcinoma,14,A6801,floor
99553,107,YRDRDWRWVLLRLYKAGARVKIMDYED,LLRLYKAGA,1,APOBEC3D,pancreatic adenocarcinoma,14,B0702,floor
99553,107,YRDRDWRWVLLRLYKAGARVKIMDYED,LLRLYKAGA,1,APOBEC3D,pancreatic adenocarcinoma,14,B3501,floor
99553,107,YRDRDWRWVLLRLYKAGARVKIMDYED,LLRLYKAGA,1,APOBEC3D,pancreatic adenocarcinoma,14,C0401,floor
99553,107,YRDRDWRWVLLRLYKAGARVKIMDYED,LLRLYKAGA,1,APOBEC3D,pancreatic adenocarcinoma,14,C0702,floor
99553,60,YRDRDWRWVLLRLYKAGARVKIMDYED,RLYKAGARV,1,APOBEC3D,pancreatic adenocarcinoma,14,A0201,scoreable
99553,107,YRDRDWRWVLLRLYKAGARVKIMDYED,RLYKAGARV,1,APOBEC3D,pancreatic adenocarcinoma,14,A6801,floor
99553,107,YRDRDWRWVLLRLYKAGARVKIMDYED,RLYKAGARV,1,APOBEC3D,pancreatic adenocarcinoma,14,B0702,floor
99553,107,YRDRDWRWVLLRLYKAGARVKIMDYED,RLYKAGARV,1,APOBEC3D,pancreatic adenocarcinoma,14,B3501,floor
99553,107,YRDRDWRWVLLRLYKAGARVKIMDYED,RLYKAGARV,1,APOBEC3D,pancreatic adenocarcinoma,14,C0401,floor
99553,107,YRDRDWRWVLLRLYKAGARVKIMDYED,RLYKAGARV,1,APOBEC3D,pancreatic adenocarcinoma,14,C0702,floor
99553,60,YRDRDWRWVLLRLYKAGARVKIMDYED,VLLRLYKAGA,1,APOBEC3D,pancreatic adenocarcinoma,14,A0201,scoreable
99553,107,YRDRDWRWVLLRLYKAGARVKIMDYED,VLLRLYKAGA,1,APOBEC3D,pancreatic adenocarcinoma,14,A6801,floor
99553,107,YRDRDWRWVLLRLYKAGARVKIMDYED,VLLRLYKAGA,1,APOBEC3D,pancreatic adenocarcinoma,14,B0702,floor
99553,107,YRDRDWRWVLLRLYKAGARVKIMDYED,VLLRLYKAGA,1,APOBEC3D,pancreatic adenocarcinoma,14,B3501,floor
99553,107,YRDRDWRWVLLRLYKAGARVKIMDYED,VLLRLYKAGA,1,APOBEC3D,pancreatic adenocarcinoma,14,C0401,floor
99553,107,YRDRDWRWVLLRLYKAGARVKIMDYED,VLLRLYKAGA,1,APOBEC3D,pancreatic adenocarcinoma,14,C0702,floor
99553,60,YRDRDWRWVLLRLYKAGARVKIMDYED,RLYKAGARVKI,1,APOBEC3D,pancreatic adenocarcinoma,14,A0201,scoreable
99553,107,YRDRDWRWVLLRLYKAGARVKIMDYED,RLYKAGARVKI,1,APOBEC3D,pancreatic adenocarcinoma,14,A6801,floor
99553,107,YRDRDWRWVLLRLYKAGARVKIMDYED,RLYKAGARVKI,1,APOBEC3D,pancreatic adenocarcinoma,14,B0702,floor
99553,107,YRDRDWRWVLLRLYKAGARVKIMDYED,RLYKAGARVKI,1,APOBEC3D,pancreatic adenocarcinoma,14,B3501,floor
99553,107,YRDRDWRWVLLRLYKAGARVKIMDYED,RLYKAGARVKI,1,APOBEC3D,pancreatic adenocarcinoma,14,C0401,floor
99553,107,YRDRDWRWVLLRLYKAGARVKIMDYED,RLYKAGARVKI,1,APOBEC3D,pancreatic adenocarcinoma,14,C0702,floor
99553,60,YRDRDWRWVLLRLYKAGARVKIMDYEG,WVLLRLYKA,1,APOBEC3D,pancreatic adenocarcinoma,14,A0201,scoreable
99553,107,YRDRDWRWVLLRLYKAGARVKIMDYEG,WVLLRLYKA,1,APOBEC3D,pancreatic adenocarcinoma,14,A6801,floor
99553,107,YRDRDWRWVLLRLYKAGARVKIMDYEG,WVLLRLYKA,1,APOBEC3D,pancreatic adenocarcinoma,14,B0702,floor
99553,107,YRDRDWRWVLLRLYKAGARVKIMDYEG,WVLLRLYKA,1,APOBEC3D,pancreatic adenocarcinoma,14,B3501,floor
99553,107,YRDRDWRWVLLRLYKAGARVKIMDYEG,WVLLRLYKA,1,APOBEC3D,pancreatic adenocarcinoma,14,C0401,floor
99553,107,YRDRDWRWVLLRLYKAGARVKIMDYEG,WVLLRLYKA,1,APOBEC3D,pancreatic adenocarcinoma,14,C0702,floor
99553,60,YRDRDWRWVLLRLYKAGARVKIMDYEG,LLRLYKAGA,1,APOBEC3D,pancreatic adenocarcinoma,14,A0201,scoreable
99553,107,YRDRDWRWVLLRLYKAGARVKIMDYEG,LLRLYKAGA,1,APOBEC3D,pancreatic adenocarcinoma,14,A6801,floor
99553,107,YRDRDWRWVLLRLYKAGARVKIMDYEG,LLRLYKAGA,1,APOBEC3D,pancreatic adenocarcinoma,14,B0702,floor
99553,107,YRDRDWRWVLLRLYKAGARVKIMDYEG,LLRLYKAGA,1,APOBEC3D,pancreatic adenocarcinoma,14,B3501,floor
99553,107,YRDRDWRWVLLRLYKAGARVKIMDYEG,LLRLYKAGA,1,APOBEC3D,pancreatic adenocarcinoma,14,C0401,floor
99553,107,YRDRDWRWVLLRLYKAGARVKIMDYEG,LLRLYKAGA,1,APOBEC3D,pancreatic adenocarcinoma,14,C0702,floor
99553,60,YRDRDWRWVLLRLYKAGARVKIMDYEG,RLYKAGARV,1,APOBEC3D,pancreatic adenocarcinoma,14,A0201,scoreable
99553,107,YRDRDWRWVLLRLYKAGARVKIMDYEG,RLYKAGARV,1,APOBEC3D,pancreatic adenocarcinoma,14,A6801,floor
99553,107,YRDRDWRWVLLRLYKAGARVKIMDYEG,RLYKAGARV,1,APOBEC3D,pancreatic adenocarcinoma,14,B0702,floor
99553,107,YRDRDWRWVLLRLYKAGARVKIMDYEG,RLYKAGARV,1,APOBEC3D,pancreatic adenocarcinoma,14,B3501,floor
99553,107,YRDRDWRWVLLRLYKAGARVKIMDYEG,RLYKAGARV,1,APOBEC3D,pancreatic adenocarcinoma,14,C0401,floor
99553,107,YRDRDWRWVLLRLYKAGARVKIMDYEG,RLYKAGARV,1,APOBEC3D,pancreatic adenocarcinoma,14,C0702,floor
99553,60,YRDRDWRWVLLRLYKAGARVKIMDYEG,VLLRLYKAGA,1,APOBEC3D,pancreatic adenocarcinoma,14,A0201,scoreable
99553,107,YRDRDWRWVLLRLYKAGARVKIMDYEG,VLLRLYKAGA,1,APOBEC3D,pancreatic adenocarcinoma,14,A6801,floor
99553,107,YRDRDWRWVLLRLYKAGARVKIMDYEG,VLLRLYKAGA,1,APOBEC3D,pancreatic adenocarcinoma,14,B0702,floor
99553,107,YRDRDWRWVLLRLYKAGARVKIMDYEG,VLLRLYKAGA,1,APOBEC3D,pancreatic adenocarcinoma,14,B3501,floor
99553,107,YRDRDWRWVLLRLYKAGARVKIMDYEG,VLLRLYKAGA,1,APOBEC3D,pancreatic adenocarcinoma,14,C0401,floor
99553,107,YRDRDWRWVLLRLYKAGARVKIMDYEG,VLLRLYKAGA,1,APOBEC3D,pancreatic adenocarcinoma,14,C0702,floor
99553,60,YRDRDWRWVLLRLYKAGARVKIMDYEG,RLYKAGARVKI,1,APOBEC3D,pancreatic adenocarcinoma,14,A0201,scoreable
99553,107,YRDRDWRWVLLRLYKAGARVKIMDYEG,RLYKAGARVKI,1,APOBEC3D,pancreatic adenocarcinoma,14,A6801,floor
99553,107,YRDRDWRWVLLRLYKAGARVKIMDYEG,RLYKAGARVKI,1,APOBEC3D,pancreatic adenocarcinoma,14,B0702,floor
99553,107,YRDRDWRWVLLRLYKAGARVKIMDYEG,RLYKAGARVKI,1,APOBEC3D,pancreatic adenocarcinoma,14,B3501,floor
99553,107,YRDRDWRWVLLRLYKAGARVKIMDYEG,RLYKAGARVKI,1,APOBEC3D,pancreatic adenocarcinoma,14,C0401,floor
99553,107,YRDRDWRWVLLRLYKAGARVKIMDYEG,RLYKAGARVKI,1,APOBEC3D,pancreatic adenocarcinoma,14,C0702,floor
99553,107,LPTRASRSQRAASKDMTSDEERMVICE,ASKDMTSDEER,0,CIC,pancreatic adenocarcinoma,14,A0201,floor
99553,61,LPTRASRSQRAASKDMTSDEERMVICE,ASKDMTSDEER,0,CIC,pancreatic adenocarcinoma,14,A6801,scoreable
99553,107,LPTRASRSQRAASKDMTSDEERMVICE,ASKDMTSDEER,0,CIC,pancreatic adenocarcinoma,14,B0702,floor
99553,107,LPTRASRSQRAASKDMTSDEERMVICE,ASKDMTSDEER,0,CIC,pancreatic adenocarcinoma,14,B3501,floor
99553,107,LPTRASRSQRAASKDMTSDEERMVICE,ASKDMTSDEER,0,CIC,pancreatic adenocarcinoma,14,C0401,floor
99553,107,LPTRASRSQRAASKDMTSDEERMVICE,ASKDMTSDEER,0,CIC,pancreatic adenocarcinoma,14,C0702,floor
99553,60,QGFVGREVLSFHRSLLAAAPGLGPRAV,EVLSFHRSL,1,CXorf38,pancreatic adenocarcinoma,14,A0201,scoreable
99553,61,QGFVGREVLSFHRSLLAAAPGLGPRAV,EVLSFHRSL,1,CXorf38,pancreatic adenocarcinoma,14,A6801,scoreable
99553,62,QGFVGREVLSFHRSLLAAAPGLGPRAV,EVLSFHRSL,1,CXorf38,pancreatic adenocarcinoma,14,B0702,scoreable
99553,63,QGFVGREVLSFHRSLLAAAPGLGPRAV,EVLSFHRSL,1,CXorf38,pancreatic adenocarcinoma,14,B3501,scoreable
99553,107,QGFVGREVLSFHRSLLAAAPGLGPRAV,EVLSFHRSL,1,CXorf38,pancreatic adenocarcinoma,14,C0401,floor
99553,107,QGFVGREVLSFHRSLLAAAPGLGPRAV,EVLSFHRSL,1,CXorf38,pancreatic adenocarcinoma,14,C0702,floor
99553,60,QGFVGREVLSFHRSLLAAAPGLGPRAV,VLSFHRSLL,1,CXorf38,pancreatic adenocarcinoma,14,A0201,scoreable
99553,107,QGFVGREVLSFHRSLLAAAPGLGPRAV,VLSFHRSLL,1,CXorf38,pancreatic adenocarcinoma,14,A6801,floor
99553,62,QGFVGREVLSFHRSLLAAAPGLGPRAV,VLSFHRSLL,1,CXorf38,pancreatic adenocarcinoma,14,B0702,scoreable
99553,107,QGFVGREVLSFHRSLLAAAPGLGPRAV,VLSFHRSLL,1,CXorf38,pancreatic adenocarcinoma,14,B3501,floor
99553,107,QGFVGREVLSFHRSLLAAAPGLGPRAV,VLSFHRSLL,1,CXorf38,pancreatic adenocarcinoma,14,C0401,floor
99553,107,QGFVGREVLSFHRSLLAAAPGLGPRAV,VLSFHRSLL,1,CXorf38,pancreatic adenocarcinoma,14,C0702,floor
99553,60,QGFVGREVLSFHRSLLAAAPGLGPRAV,LSFHRSLLA,1,CXorf38,pancreatic adenocarcinoma,14,A0201,scoreable
99553,107,QGFVGREVLSFHRSLLAAAPGLGPRAV,LSFHRSLLA,1,CXorf38,pancreatic adenocarcinoma,14,A6801,floor
99553,107,QGFVGREVLSFHRSLLAAAPGLGPRAV,LSFHRSLLA,1,CXorf38,pancreatic adenocarcinoma,14,B0702,floor
99553,107,QGFVGREVLSFHRSLLAAAPGLGPRAV,LSFHRSLLA,1,CXorf38,pancreatic adenocarcinoma,14,B3501,floor
99553,107,QGFVGREVLSFHRSLLAAAPGLGPRAV,LSFHRSLLA,1,CXorf38,pancreatic adenocarcinoma,14,C0401,floor
99553,107,QGFVGREVLSFHRSLLAAAPGLGPRAV,LSFHRSLLA,1,CXorf38,pancreatic adenocarcinoma,14,C0702,floor
99553,107,QGFVGREVLSFHRSLLAAAPGLGPRAV,FHRSLLAAA,1,CXorf38,pancreatic adenocarcinoma,14,A0201,floor
99553,107,QGFVGREVLSFHRSLLAAAPGLGPRAV,FHRSLLAAA,1,CXorf38,pancreatic adenocarcinoma,14,A6801,floor
99553,107,QGFVGREVLSFHRSLLAAAPGLGPRAV,FHRSLLAAA,1,CXorf38,pancreatic adenocarcinoma,14,B0702,floor
99553,107,QGFVGREVLSFHRSLLAAAPGLGPRAV,FHRSLLAAA,1,CXorf38,pancreatic adenocarcinoma,14,B3501,floor
99553,107,QGFVGREVLSFHRSLLAAAPGLGPRAV,FHRSLLAAA,1,CXorf38,pancreatic adenocarcinoma,14,C0401,floor
99553,65,QGFVGREVLSFHRSLLAAAPGLGPRAV,FHRSLLAAA,1,CXorf38,pancreatic adenocarcinoma,14,C0702,scoreable
99553,60,QGFVGREVLSFHRSLLAAAPGLGPRAV,SLLAAAPGL,1,CXorf38,pancreatic adenocarcinoma,14,A0201,scoreable
99553,107,QGFVGREVLSFHRSLLAAAPGLGPRAV,SLLAAAPGL,1,CXorf38,pancreatic adenocarcinoma,14,A6801,floor
99553,62,QGFVGREVLSFHRSLLAAAPGLGPRAV,SLLAAAPGL,1,CXorf38,pancreatic adenocarcinoma,14,B0702,scoreable
99553,107,QGFVGREVLSFHRSLLAAAPGLGPRAV,SLLAAAPGL,1,CXorf38,pancreatic adenocarcinoma,14,B3501,floor
99553,107,QGFVGREVLSFHRSLLAAAPGLGPRAV,SLLAAAPGL,1,CXorf38,pancreatic adenocarcinoma,14,C0401,floor
99553,107,QGFVGREVLSFHRSLLAAAPGLGPRAV,SLLAAAPGL,1,CXorf38,pancreatic adenocarcinoma,14,C0702,floor
99553,107,QGFVGREVLSFHRSLLAAAPGLGPRAV,EVLSFHRSLL,1,CXorf38,pancreatic adenocarcinoma,14,A0201,floor
99553,61,QGFVGREVLSFHRSLLAAAPGLGPRAV,EVLSFHRSLL,1,CXorf38,pancreatic adenocarcinoma,14,A6801,scoreable
99553,107,QGFVGREVLSFHRSLLAAAPGLGPRAV,EVLSFHRSLL,1,CXorf38,pancreatic adenocarcinoma,14,B0702,floor
99553,107,QGFVGREVLSFHRSLLAAAPGLGPRAV,EVLSFHRSLL,1,CXorf38,pancreatic adenocarcinoma,14,B3501,floor
99553,107,QGFVGREVLSFHRSLLAAAPGLGPRAV,EVLSFHRSLL,1,CXorf38,pancreatic adenocarcinoma,14,C0401,floor
99553,107,QGFVGREVLSFHRSLLAAAPGLGPRAV,EVLSFHRSLL,1,CXorf38,pancreatic adenocarcinoma,14,C0702,floor
99553,60,QGFVGREVLSFHRSLLAAAPGLGPRAV,VLSFHRSLLA,1,CXorf38,pancreatic adenocarcinoma,14,A0201,scoreable
99553,107,QGFVGREVLSFHRSLLAAAPGLGPRAV,VLSFHRSLLA,1,CXorf38,pancreatic adenocarcinoma,14,A6801,floor
99553,107,QGFVGREVLSFHRSLLAAAPGLGPRAV,VLSFHRSLLA,1,CXorf38,pancreatic adenocarcinoma,14,B0702,floor
99553,107,QGFVGREVLSFHRSLLAAAPGLGPRAV,VLSFHRSLLA,1,CXorf38,pancreatic adenocarcinoma,14,B3501,floor
99553,107,QGFVGREVLSFHRSLLAAAPGLGPRAV,VLSFHRSLLA,1,CXorf38,pancreatic adenocarcinoma,14,C0401,floor
99553,107,QGFVGREVLSFHRSLLAAAPGLGPRAV,VLSFHRSLLA,1,CXorf38,pancreatic adenocarcinoma,14,C0702,floor
99553,60,QGFVGREVLSFHRSLLAAAPGLGPRAV,RSLLAAAPGL,1,CXorf38,pancreatic adenocarcinoma,14,A0201,scoreable
99553,107,QGFVGREVLSFHRSLLAAAPGLGPRAV,RSLLAAAPGL,1,CXorf38,pancreatic adenocarcinoma,14,A6801,floor
99553,107,QGFVGREVLSFHRSLLAAAPGLGPRAV,RSLLAAAPGL,1,CXorf38,pancreatic adenocarcinoma,14,B0702,floor
99553,107,QGFVGREVLSFHRSLLAAAPGLGPRAV,RSLLAAAPGL,1,CXorf38,pancreatic adenocarcinoma,14,B3501,floor
99553,107,QGFVGREVLSFHRSLLAAAPGLGPRAV,RSLLAAAPGL,1,CXorf38,pancreatic adenocarcinoma,14,C0401,floor
99553,107,QGFVGREVLSFHRSLLAAAPGLGPRAV,RSLLAAAPGL,1,CXorf38,pancreatic adenocarcinoma,14,C0702,floor
99553,107,QGFVGREVLSFHRSLLAAAPGLGPRAV,SLLAAAPGLGPR,1,CXorf38,pancreatic adenocarcinoma,14,A0201,floor
99553,61,QGFVGREVLSFHRSLLAAAPGLGPRAV,SLLAAAPGLGPR,1,CXorf38,pancreatic adenocarcinoma,14,A6801,scoreable
99553,107,QGFVGREVLSFHRSLLAAAPGLGPRAV,SLLAAAPGLGPR,1,CXorf38,pancreatic adenocarcinoma,14,B0702,floor
99553,107,QGFVGREVLSFHRSLLAAAPGLGPRAV,SLLAAAPGLGPR,1,CXorf38,pancreatic adenocarcinoma,14,B3501,floor
99553,107,QGFVGREVLSFHRSLLAAAPGLGPRAV,SLLAAAPGLGPR,1,CXorf38,pancreatic adenocarcinoma,14,C0401,floor
99553,107,QGFVGREVLSFHRSLLAAAPGLGPRAV,SLLAAAPGLGPR,1,CXorf38,pancreatic adenocarcinoma,14,C0702,floor
99553,60,LRTDALLGEFRMDMGTIYREPRHAYLR,LLGEFRMDM,0,DYSF,pancreatic adenocarcinoma,14,A0201,scoreable
99553,107,LRTDALLGEFRMDMGTIYREPRHAYLR,LLGEFRMDM,0,DYSF,pancreatic adenocarcinoma,14,A6801,floor
99553,107,LRTDALLGEFRMDMGTIYREPRHAYLR,LLGEFRMDM,0,DYSF,pancreatic adenocarcinoma,14,B0702,floor
99553,107,LRTDALLGEFRMDMGTIYREPRHAYLR,LLGEFRMDM,0,DYSF,pancreatic adenocarcinoma,14,B3501,floor
99553,107,LRTDALLGEFRMDMGTIYREPRHAYLR,LLGEFRMDM,0,DYSF,pancreatic adenocarcinoma,14,C0401,floor
99553,107,LRTDALLGEFRMDMGTIYREPRHAYLR,LLGEFRMDM,0,DYSF,pancreatic adenocarcinoma,14,C0702,floor
99553,107,LRTDALLGEFRMDMGTIYREPRHAYLR,FRMDMGTIY,0,DYSF,pancreatic adenocarcinoma,14,A0201,floor
99553,107,LRTDALLGEFRMDMGTIYREPRHAYLR,FRMDMGTIY,0,DYSF,pancreatic adenocarcinoma,14,A6801,floor
99553,107,LRTDALLGEFRMDMGTIYREPRHAYLR,FRMDMGTIY,0,DYSF,pancreatic adenocarcinoma,14,B0702,floor
99553,63,LRTDALLGEFRMDMGTIYREPRHAYLR,FRMDMGTIY,0,DYSF,pancreatic adenocarcinoma,14,B3501,scoreable
99553,107,LRTDALLGEFRMDMGTIYREPRHAYLR,FRMDMGTIY,0,DYSF,pancreatic adenocarcinoma,14,C0401,floor
99553,65,LRTDALLGEFRMDMGTIYREPRHAYLR,FRMDMGTIY,0,DYSF,pancreatic adenocarcinoma,14,C0702,scoreable
99553,107,LRTDALLGEFRMDMGTIYREPRHAYLR,RMDMGTIYR,0,DYSF,pancreatic adenocarcinoma,14,A0201,floor
99553,61,LRTDALLGEFRMDMGTIYREPRHAYLR,RMDMGTIYR,0,DYSF,pancreatic adenocarcinoma,14,A6801,scoreable
99553,107,LRTDALLGEFRMDMGTIYREPRHAYLR,RMDMGTIYR,0,DYSF,pancreatic adenocarcinoma,14,B0702,floor
99553,107,LRTDALLGEFRMDMGTIYREPRHAYLR,RMDMGTIYR,0,DYSF,pancreatic adenocarcinoma,14,B3501,floor
99553,107,LRTDALLGEFRMDMGTIYREPRHAYLR,RMDMGTIYR,0,DYSF,pancreatic adenocarcinoma,14,C0401,floor
99553,107,LRTDALLGEFRMDMGTIYREPRHAYLR,RMDMGTIYR,0,DYSF,pancreatic adenocarcinoma,14,C0702,floor
99553,107,LRTDALLGEFRMDMGTIYREPRHAYLR,MGTIYREPR,0,DYSF,pancreatic adenocarcinoma,14,A0201,floor
99553,61,LRTDALLGEFRMDMGTIYREPRHAYLR,MGTIYREPR,0,DYSF,pancreatic adenocarcinoma,14,A6801,scoreable
99553,107,LRTDALLGEFRMDMGTIYREPRHAYLR,MGTIYREPR,0,DYSF,pancreatic adenocarcinoma,14,B0702,floor
99553,107,LRTDALLGEFRMDMGTIYREPRHAYLR,MGTIYREPR,0,DYSF,pancreatic adenocarcinoma,14,B3501,floor
99553,107,LRTDALLGEFRMDMGTIYREPRHAYLR,MGTIYREPR,0,DYSF,pancreatic adenocarcinoma,14,C0401,floor
99553,107,LRTDALLGEFRMDMGTIYREPRHAYLR,MGTIYREPR,0,DYSF,pancreatic adenocarcinoma,14,C0702,floor
99553,60,LRTDALLGEFRMDMGTIYREPRHAYLR,ALLGEFRMDM,0,DYSF,pancreatic adenocarcinoma,14,A0201,scoreable
99553,107,LRTDALLGEFRMDMGTIYREPRHAYLR,ALLGEFRMDM,0,DYSF,pancreatic adenocarcinoma,14,A6801,floor
99553,107,LRTDALLGEFRMDMGTIYREPRHAYLR,ALLGEFRMDM,0,DYSF,pancreatic adenocarcinoma,14,B0702,floor
99553,107,LRTDALLGEFRMDMGTIYREPRHAYLR,ALLGEFRMDM,0,DYSF,pancreatic adenocarcinoma,14,B3501,floor
99553,107,LRTDALLGEFRMDMGTIYREPRHAYLR,ALLGEFRMDM,0,DYSF,pancreatic adenocarcinoma,14,C0401,floor
99553,107,LRTDALLGEFRMDMGTIYREPRHAYLR,ALLGEFRMDM,0,DYSF,pancreatic adenocarcinoma,14,C0702,floor
99553,107,LRTDALLGEFRMDMGTIYREPRHAYLR,FRMDMGTIYR,0,DYSF,pancreatic adenocarcinoma,14,A0201,floor
99553,61,LRTDALLGEFRMDMGTIYREPRHAYLR,FRMDMGTIYR,0,DYSF,pancreatic adenocarcinoma,14,A6801,scoreable
99553,107,LRTDALLGEFRMDMGTIYREPRHAYLR,FRMDMGTIYR,0,DYSF,pancreatic adenocarcinoma,14,B0702,floor
99553,107,LRTDALLGEFRMDMGTIYREPRHAYLR,FRMDMGTIYR,0,DYSF,pancreatic adenocarcinoma,14,B3501,floor
99553,107,LRTDALLGEFRMDMGTIYREPRHAYLR,FRMDMGTIYR,0,DYSF,pancreatic adenocarcinoma,14,C0401,floor
99553,107,LRTDALLGEFRMDMGTIYREPRHAYLR,FRMDMGTIYR,0,DYSF,pancreatic adenocarcinoma,14,C0702,floor
99553,107,LRTDALLGEFRMDMGTIYREPRHAYLR,DMGTIYREPR,0,DYSF,pancreatic adenocarcinoma,14,A0201,floor
99553,61,LRTDALLGEFRMDMGTIYREPRHAYLR,DMGTIYREPR,0,DYSF,pancreatic adenocarcinoma,14,A6801,scoreable
99553,107,LRTDALLGEFRMDMGTIYREPRHAYLR,DMGTIYREPR,0,DYSF,pancreatic adenocarcinoma,14,B0702,floor
99553,107,LRTDALLGEFRMDMGTIYREPRHAYLR,DMGTIYREPR,0,DYSF,pancreatic adenocarcinoma,14,B3501,floor
99553,107,LRTDALLGEFRMDMGTIYREPRHAYLR,DMGTIYREPR,0,DYSF,pancreatic adenocarcinoma,14,C0401,floor
99553,107,LRTDALLGEFRMDMGTIYREPRHAYLR,DMGTIYREPR,0,DYSF,pancreatic adenocarcinoma,14,C0702,floor
99553,107,LRTDALLGEFRMDMGTIYREPRHAYLR,EFRMDMGTIYR,0,DYSF,pancreatic adenocarcinoma,14,A0201,floor
99553,61,LRTDALLGEFRMDMGTIYREPRHAYLR,EFRMDMGTIYR,0,DYSF,pancreatic adenocarcinoma,14,A6801,scoreable
99553,107,LRTDALLGEFRMDMGTIYREPRHAYLR,EFRMDMGTIYR,0,DYSF,pancreatic adenocarcinoma,14,B0702,floor
99553,107,LRTDALLGEFRMDMGTIYREPRHAYLR,EFRMDMGTIYR,0,DYSF,pancreatic adenocarcinoma,14,B3501,floor
99553,107,LRTDALLGEFRMDMGTIYREPRHAYLR,EFRMDMGTIYR,0,DYSF,pancreatic adenocarcinoma,14,C0401,floor
99553,107,LRTDALLGEFRMDMGTIYREPRHAYLR,EFRMDMGTIYR,0,DYSF,pancreatic adenocarcinoma,14,C0702,floor
99553,60,TPIMDSTISTATTSLALQARRNPAGTK,TISTATTSL,1,GLI3,pancreatic adenocarcinoma,14,A0201,scoreable
99553,107,TPIMDSTISTATTSLALQARRNPAGTK,TISTATTSL,1,GLI3,pancreatic adenocarcinoma,14,A6801,floor
99553,62,TPIMDSTISTATTSLALQARRNPAGTK,TISTATTSL,1,GLI3,pancreatic adenocarcinoma,14,B0702,scoreable
99553,63,TPIMDSTISTATTSLALQARRNPAGTK,TISTATTSL,1,GLI3,pancreatic adenocarcinoma,14,B3501,scoreable
99553,64,TPIMDSTISTATTSLALQARRNPAGTK,TISTATTSL,1,GLI3,pancreatic adenocarcinoma,14,C0401,scoreable
99553,107,TPIMDSTISTATTSLALQARRNPAGTK,TISTATTSL,1,GLI3,pancreatic adenocarcinoma,14,C0702,floor
99553,60,TPIMDSTISTATTSLALQARRNPAGTK,STATTSLAL,1,GLI3,pancreatic adenocarcinoma,14,A0201,scoreable
99553,61,TPIMDSTISTATTSLALQARRNPAGTK,STATTSLAL,1,GLI3,pancreatic adenocarcinoma,14,A6801,scoreable
99553,62,TPIMDSTISTATTSLALQARRNPAGTK,STATTSLAL,1,GLI3,pancreatic adenocarcinoma,14,B0702,scoreable
99553,63,TPIMDSTISTATTSLALQARRNPAGTK,STATTSLAL,1,GLI3,pancreatic adenocarcinoma,14,B3501,scoreable
99553,107,TPIMDSTISTATTSLALQARRNPAGTK,STATTSLAL,1,GLI3,pancreatic adenocarcinoma,14,C0401,floor
99553,107,TPIMDSTISTATTSLALQARRNPAGTK,STATTSLAL,1,GLI3,pancreatic adenocarcinoma,14,C0702,floor
99553,60,TPIMDSTISTATTSLALQARRNPAGTK,ATTSLALQA,1,GLI3,pancreatic adenocarcinoma,14,A0201,scoreable
99553,107,TPIMDSTISTATTSLALQARRNPAGTK,ATTSLALQA,1,GLI3,pancreatic adenocarcinoma,14,A6801,floor
99553,107,TPIMDSTISTATTSLALQARRNPAGTK,ATTSLALQA,1,GLI3,pancreatic adenocarcinoma,14,B0702,floor
99553,107,TPIMDSTISTATTSLALQARRNPAGTK,ATTSLALQA,1,GLI3,pancreatic adenocarcinoma,14,B3501,floor
99553,107,TPIMDSTISTATTSLALQARRNPAGTK,ATTSLALQA,1,GLI3,pancreatic adenocarcinoma,14,C0401,floor
99553,107,TPIMDSTISTATTSLALQARRNPAGTK,ATTSLALQA,1,GLI3,pancreatic adenocarcinoma,14,C0702,floor
99553,107,TPIMDSTISTATTSLALQARRNPAGTK,TTSLALQAR,1,GLI3,pancreatic adenocarcinoma,14,A0201,floor
99553,61,TPIMDSTISTATTSLALQARRNPAGTK,TTSLALQAR,1,GLI3,pancreatic adenocarcinoma,14,A6801,scoreable
99553,107,TPIMDSTISTATTSLALQARRNPAGTK,TTSLALQAR,1,GLI3,pancreatic adenocarcinoma,14,B0702,floor
99553,107,TPIMDSTISTATTSLALQARRNPAGTK,TTSLALQAR,1,GLI3,pancreatic adenocarcinoma,14,B3501,floor
99553,107,TPIMDSTISTATTSLALQARRNPAGTK,TTSLALQAR,1,GLI3,pancreatic adenocarcinoma,14,C0401,floor
99553,107,TPIMDSTISTATTSLALQARRNPAGTK,TTSLALQAR,1,GLI3,pancreatic adenocarcinoma,14,C0702,floor
99553,107,TPIMDSTISTATTSLALQARRNPAGTK,TSLALQARR,1,GLI3,pancreatic adenocarcinoma,14,A0201,floor
99553,61,TPIMDSTISTATTSLALQARRNPAGTK,TSLALQARR,1,GLI3,pancreatic adenocarcinoma,14,A6801,scoreable
99553,107,TPIMDSTISTATTSLALQARRNPAGTK,TSLALQARR,1,GLI3,pancreatic adenocarcinoma,14,B0702,floor
99553,107,TPIMDSTISTATTSLALQARRNPAGTK,TSLALQARR,1,GLI3,pancreatic adenocarcinoma,14,B3501,floor
99553,107,TPIMDSTISTATTSLALQARRNPAGTK,TSLALQARR,1,GLI3,pancreatic adenocarcinoma,14,C0401,floor
99553,107,TPIMDSTISTATTSLALQARRNPAGTK,TSLALQARR,1,GLI3,pancreatic adenocarcinoma,14,C0702,floor
99553,60,TPIMDSTISTATTSLALQARRNPAGTK,STISTATTSL,1,GLI3,pancreatic adenocarcinoma,14,A0201,scoreable
99553,61,TPIMDSTISTATTSLALQARRNPAGTK,STISTATTSL,1,GLI3,pancreatic adenocarcinoma,14,A6801,scoreable
99553,62,TPIMDSTISTATTSLALQARRNPAGTK,STISTATTSL,1,GLI3,pancreatic adenocarcinoma,14,B0702,scoreable
99553,63,TPIMDSTISTATTSLALQARRNPAGTK,STISTATTSL,1,GLI3,pancreatic adenocarcinoma,14,B3501,scoreable
99553,64,TPIMDSTISTATTSLALQARRNPAGTK,STISTATTSL,1,GLI3,pancreatic adenocarcinoma,14,C0401,scoreable
99553,65,TPIMDSTISTATTSLALQARRNPAGTK,STISTATTSL,1,GLI3,pancreatic adenocarcinoma,14,C0702,scoreable
99553,107,TPIMDSTISTATTSLALQARRNPAGTK,STATTSLALQ,1,GLI3,pancreatic adenocarcinoma,14,A0201,floor
99553,61,TPIMDSTISTATTSLALQARRNPAGTK,STATTSLALQ,1,GLI3,pancreatic adenocarcinoma,14,A6801,scoreable
99553,107,TPIMDSTISTATTSLALQARRNPAGTK,STATTSLALQ,1,GLI3,pancreatic adenocarcinoma,14,B0702,floor
99553,107,TPIMDSTISTATTSLALQARRNPAGTK,STATTSLALQ,1,GLI3,pancreatic adenocarcinoma,14,B3501,floor
99553,107,TPIMDSTISTATTSLALQARRNPAGTK,STATTSLALQ,1,GLI3,pancreatic adenocarcinoma,14,C0401,floor
99553,107,TPIMDSTISTATTSLALQARRNPAGTK,STATTSLALQ,1,GLI3,pancreatic adenocarcinoma,14,C0702,floor
99553,107,TPIMDSTISTATTSLALQARRNPAGTK,ATTSLALQAR,1,GLI3,pancreatic adenocarcinoma,14,A0201,floor
99553,61,TPIMDSTISTATTSLALQARRNPAGTK,ATTSLALQAR,1,GLI3,pancreatic adenocarcinoma,14,A6801,scoreable
99553,107,TPIMDSTISTATTSLALQARRNPAGTK,ATTSLALQAR,1,GLI3,pancreatic adenocarcinoma,14,B0702,floor
99553,107,TPIMDSTISTATTSLALQARRNPAGTK,ATTSLALQAR,1,GLI3,pancreatic adenocarcinoma,14,B3501,floor
99553,107,TPIMDSTISTATTSLALQARRNPAGTK,ATTSLALQAR,1,GLI3,pancreatic adenocarcinoma,14,C0401,floor
99553,107,TPIMDSTISTATTSLALQARRNPAGTK,ATTSLALQAR,1,GLI3,pancreatic adenocarcinoma,14,C0702,floor
99553,107,TPIMDSTISTATTSLALQARRNPAGTK,TTSLALQARR,1,GLI3,pancreatic adenocarcinoma,14,A0201,floor
99553,61,TPIMDSTISTATTSLALQARRNPAGTK,TTSLALQARR,1,GLI3,pancreatic adenocarcinoma,14,A6801,scoreable
99553,107,TPIMDSTISTATTSLALQARRNPAGTK,TTSLALQARR,1,GLI3,pancreatic adenocarcinoma,14,B0702,floor
99553,107,TPIMDSTISTATTSLALQARRNPAGTK,TTSLALQARR,1,GLI3,pancreatic adenocarcinoma,14,B3501,floor
99553,107,TPIMDSTISTATTSLALQARRNPAGTK,TTSLALQARR,1,GLI3,pancreatic adenocarcinoma,14,C0401,floor
99553,107,TPIMDSTISTATTSLALQARRNPAGTK,TTSLALQARR,1,GLI3,pancreatic adenocarcinoma,14,C0702,floor
99553,60,TPIMDSTISTATTSLALQARRNPAGTK,TISTATTSLAL,1,GLI3,pancreatic adenocarcinoma,14,A0201,scoreable
99553,107,TPIMDSTISTATTSLALQARRNPAGTK,TISTATTSLAL,1,GLI3,pancreatic adenocarcinoma,14,A6801,floor
99553,107,TPIMDSTISTATTSLALQARRNPAGTK,TISTATTSLAL,1,GLI3,pancreatic adenocarcinoma,14,B0702,floor
99553,107,TPIMDSTISTATTSLALQARRNPAGTK,TISTATTSLAL,1,GLI3,pancreatic adenocarcinoma,14,B3501,floor
99553,107,TPIMDSTISTATTSLALQARRNPAGTK,TISTATTSLAL,1,GLI3,pancreatic adenocarcinoma,14,C0401,floor
99553,107,TPIMDSTISTATTSLALQARRNPAGTK,TISTATTSLAL,1,GLI3,pancreatic adenocarcinoma,14,C0702,floor
99553,107,TPIMDSTISTATTSLALQARRNPAGTK,TATTSLALQAR,1,GLI3,pancreatic adenocarcinoma,14,A0201,floor
99553,61,TPIMDSTISTATTSLALQARRNPAGTK,TATTSLALQAR,1,GLI3,pancreatic adenocarcinoma,14,A6801,scoreable
99553,107,TPIMDSTISTATTSLALQARRNPAGTK,TATTSLALQAR,1,GLI3,pancreatic adenocarcinoma,14,B0702,floor
99553,107,TPIMDSTISTATTSLALQARRNPAGTK,TATTSLALQAR,1,GLI3,pancreatic adenocarcinoma,14,B3501,floor
99553,107,TPIMDSTISTATTSLALQARRNPAGTK,TATTSLALQAR,1,GLI3,pancreatic adenocarcinoma,14,C0401,floor
99553,107,TPIMDSTISTATTSLALQARRNPAGTK,TATTSLALQAR,1,GLI3,pancreatic adenocarcinoma,14,C0702,floor
99553,107,TPIMDSTISTATTSLALQARRNPAGTK,ATTSLALQARR,1,GLI3,pancreatic adenocarcinoma,14,A0201,floor
99553,61,TPIMDSTISTATTSLALQARRNPAGTK,ATTSLALQARR,1,GLI3,pancreatic adenocarcinoma,14,A6801,scoreable
99553,107,TPIMDSTISTATTSLALQARRNPAGTK,ATTSLALQARR,1,GLI3,pancreatic adenocarcinoma,14,B0702,floor
99553,107,TPIMDSTISTATTSLALQARRNPAGTK,ATTSLALQARR,1,GLI3,pancreatic adenocarcinoma,14,B3501,floor
99553,107,TPIMDSTISTATTSLALQARRNPAGTK,ATTSLALQARR,1,GLI3,pancreatic adenocarcinoma,14,C0401,floor
99553,107,TPIMDSTISTATTSLALQARRNPAGTK,ATTSLALQARR,1,GLI3,pancreatic adenocarcinoma,14,C0702,floor
99553,107,TPIMDSTISTATTSLALQARRNPAGTK,STATTSLALQAR,1,GLI3,pancreatic adenocarcinoma,14,A0201,floor
99553,61,TPIMDSTISTATTSLALQARRNPAGTK,STATTSLALQAR,1,GLI3,pancreatic adenocarcinoma,14,A6801,scoreable
99553,107,TPIMDSTISTATTSLALQARRNPAGTK,STATTSLALQAR,1,GLI3,pancreatic adenocarcinoma,14,B0702,floor
99553,107,TPIMDSTISTATTSLALQARRNPAGTK,STATTSLALQAR,1,GLI3,pancreatic adenocarcinoma,14,B3501,floor
99553,107,TPIMDSTISTATTSLALQARRNPAGTK,STATTSLALQAR,1,GLI3,pancreatic adenocarcinoma,14,C0401,floor
99553,107,TPIMDSTISTATTSLALQARRNPAGTK,STATTSLALQAR,1,GLI3,pancreatic adenocarcinoma,14,C0702,floor
99553,60,RYQRSLPGESEEMKEEVDQVTLYSYKV,EMKEEVDQV,0,ITIH2,pancreatic adenocarcinoma,14,A0201,scoreable
99553,107,RYQRSLPGESEEMKEEVDQVTLYSYKV,EMKEEVDQV,0,ITIH2,pancreatic adenocarcinoma,14,A6801,floor
99553,107,RYQRSLPGESEEMKEEVDQVTLYSYKV,EMKEEVDQV,0,ITIH2,pancreatic adenocarcinoma,14,B0702,floor
99553,107,RYQRSLPGESEEMKEEVDQVTLYSYKV,EMKEEVDQV,0,ITIH2,pancreatic adenocarcinoma,14,B3501,floor
99553,107,RYQRSLPGESEEMKEEVDQVTLYSYKV,EMKEEVDQV,0,ITIH2,pancreatic adenocarcinoma,14,C0401,floor
99553,107,RYQRSLPGESEEMKEEVDQVTLYSYKV,EMKEEVDQV,0,ITIH2,pancreatic adenocarcinoma,14,C0702,floor
99553,60,RYQRSLPGESEEMKEEVDQVTLYSYKV,GESEEMKEEV,0,ITIH2,pancreatic adenocarcinoma,14,A0201,scoreable
99553,107,RYQRSLPGESEEMKEEVDQVTLYSYKV,GESEEMKEEV,0,ITIH2,pancreatic adenocarcinoma,14,A6801,floor
99553,107,RYQRSLPGESEEMKEEVDQVTLYSYKV,GESEEMKEEV,0,ITIH2,pancreatic adenocarcinoma,14,B0702,floor
99553,107,RYQRSLPGESEEMKEEVDQVTLYSYKV,GESEEMKEEV,0,ITIH2,pancreatic adenocarcinoma,14,B3501,floor
99553,107,RYQRSLPGESEEMKEEVDQVTLYSYKV,GESEEMKEEV,0,ITIH2,pancreatic adenocarcinoma,14,C0401,floor
99553,107,RYQRSLPGESEEMKEEVDQVTLYSYKV,GESEEMKEEV,0,ITIH2,pancreatic adenocarcinoma,14,C0702,floor
99553,60,RYQRSLPGESEEMKEEVDQVTLYSYKV,EMKEEVDQVTL,0,ITIH2,pancreatic adenocarcinoma,14,A0201,scoreable
99553,107,RYQRSLPGESEEMKEEVDQVTLYSYKV,EMKEEVDQVTL,0,ITIH2,pancreatic adenocarcinoma,14,A6801,floor
99553,107,RYQRSLPGESEEMKEEVDQVTLYSYKV,EMKEEVDQVTL,0,ITIH2,pancreatic adenocarcinoma,14,B0702,floor
99553,107,RYQRSLPGESEEMKEEVDQVTLYSYKV,EMKEEVDQVTL,0,ITIH2,pancreatic adenocarcinoma,14,B3501,floor
99553,107,RYQRSLPGESEEMKEEVDQVTLYSYKV,EMKEEVDQVTL,0,ITIH2,pancreatic adenocarcinoma,14,C0401,floor
99553,107,RYQRSLPGESEEMKEEVDQVTLYSYKV,EMKEEVDQVTL,0,ITIH2,pancreatic adenocarcinoma,14,C0702,floor
99553,107,RYQRSLPGESEEMKEEVDQVTLYSYKV,EMKEEVDQVTLY,0,ITIH2,pancreatic adenocarcinoma,14,A0201,floor
99553,107,RYQRSLPGESEEMKEEVDQVTLYSYKV,EMKEEVDQVTLY,0,ITIH2,pancreatic adenocarcinoma,14,A6801,floor
99553,107,RYQRSLPGESEEMKEEVDQVTLYSYKV,EMKEEVDQVTLY,0,ITIH2,pancreatic adenocarcinoma,14,B0702,floor
99553,63,RYQRSLPGESEEMKEEVDQVTLYSYKV,EMKEEVDQVTLY,0,ITIH2,pancreatic adenocarcinoma,14,B3501,scoreable
99553,107,RYQRSLPGESEEMKEEVDQVTLYSYKV,EMKEEVDQVTLY,0,ITIH2,pancreatic adenocarcinoma,14,C0401,floor
99553,107,RYQRSLPGESEEMKEEVDQVTLYSYKV,EMKEEVDQVTLY,0,ITIH2,pancreatic adenocarcinoma,14,C0702,floor
99553,60,MTEYKLVVVGAVGVGKSALTIQLIQ,LVVVGAVGV,1,KRAS,pancreatic adenocarcinoma,14,A0201,scoreable
99553,107,MTEYKLVVVGAVGVGKSALTIQLIQ,LVVVGAVGV,1,KRAS,pancreatic adenocarcinoma,14,A6801,floor
99553,107,MTEYKLVVVGAVGVGKSALTIQLIQ,LVVVGAVGV,1,KRAS,pancreatic adenocarcinoma,14,B0702,floor
99553,107,MTEYKLVVVGAVGVGKSALTIQLIQ,LVVVGAVGV,1,KRAS,pancreatic adenocarcinoma,14,B3501,floor
99553,107,MTEYKLVVVGAVGVGKSALTIQLIQ,LVVVGAVGV,1,KRAS,pancreatic adenocarcinoma,14,C0401,floor
99553,107,MTEYKLVVVGAVGVGKSALTIQLIQ,LVVVGAVGV,1,KRAS,pancreatic adenocarcinoma,14,C0702,floor
99553,107,MTEYKLVVVGAVGVGKSALTIQLIQ,VVGAVGVGK,1,KRAS,pancreatic adenocarcinoma,14,A0201,floor
99553,61,MTEYKLVVVGAVGVGKSALTIQLIQ,VVGAVGVGK,1,KRAS,pancreatic adenocarcinoma,14,A6801,scoreable
99553,107,MTEYKLVVVGAVGVGKSALTIQLIQ,VVGAVGVGK,1,KRAS,pancreatic adenocarcinoma,14,B0702,floor
99553,107,MTEYKLVVVGAVGVGKSALTIQLIQ,VVGAVGVGK,1,KRAS,pancreatic adenocarcinoma,14,B3501,floor
99553,107,MTEYKLVVVGAVGVGKSALTIQLIQ,VVGAVGVGK,1,KRAS,pancreatic adenocarcinoma,14,C0401,floor
99553,107,MTEYKLVVVGAVGVGKSALTIQLIQ,VVGAVGVGK,1,KRAS,pancreatic adenocarcinoma,14,C0702,floor
99553,107,MTEYKLVVVGAVGVGKSALTIQLIQ,GAVGVGKSA,1,KRAS,pancreatic adenocarcinoma,14,A0201,floor
99553,107,MTEYKLVVVGAVGVGKSALTIQLIQ,GAVGVGKSA,1,KRAS,pancreatic adenocarcinoma,14,A6801,floor
99553,62,MTEYKLVVVGAVGVGKSALTIQLIQ,GAVGVGKSA,1,KRAS,pancreatic adenocarcinoma,14,B0702,scoreable
99553,107,MTEYKLVVVGAVGVGKSALTIQLIQ,GAVGVGKSA,1,KRAS,pancreatic adenocarcinoma,14,B3501,floor
99553,107,MTEYKLVVVGAVGVGKSALTIQLIQ,GAVGVGKSA,1,KRAS,pancreatic adenocarcinoma,14,C0401,floor
99553,107,MTEYKLVVVGAVGVGKSALTIQLIQ,GAVGVGKSA,1,KRAS,pancreatic adenocarcinoma,14,C0702,floor
99553,60,MTEYKLVVVGAVGVGKSALTIQLIQ,AVGVGKSAL,1,KRAS,pancreatic adenocarcinoma,14,A0201,scoreable
99553,107,MTEYKLVVVGAVGVGKSALTIQLIQ,AVGVGKSAL,1,KRAS,pancreatic adenocarcinoma,14,A6801,floor
99553,62,MTEYKLVVVGAVGVGKSALTIQLIQ,AVGVGKSAL,1,KRAS,pancreatic adenocarcinoma,14,B0702,scoreable
99553,107,MTEYKLVVVGAVGVGKSALTIQLIQ,AVGVGKSAL,1,KRAS,pancreatic adenocarcinoma,14,B3501,floor
99553,107,MTEYKLVVVGAVGVGKSALTIQLIQ,AVGVGKSAL,1,KRAS,pancreatic adenocarcinoma,14,C0401,floor
99553,107,MTEYKLVVVGAVGVGKSALTIQLIQ,AVGVGKSAL,1,KRAS,pancreatic adenocarcinoma,14,C0702,floor
99553,60,MTEYKLVVVGAVGVGKSALTIQLIQ,KLVVVGAVGV,1,KRAS,pancreatic adenocarcinoma,14,A0201,scoreable
99553,107,MTEYKLVVVGAVGVGKSALTIQLIQ,KLVVVGAVGV,1,KRAS,pancreatic adenocarcinoma,14,A6801,floor
99553,107,MTEYKLVVVGAVGVGKSALTIQLIQ,KLVVVGAVGV,1,KRAS,pancreatic adenocarcinoma,14,B0702,floor
99553,107,MTEYKLVVVGAVGVGKSALTIQLIQ,KLVVVGAVGV,1,KRAS,pancreatic adenocarcinoma,14,B3501,floor
99553,107,MTEYKLVVVGAVGVGKSALTIQLIQ,KLVVVGAVGV,1,KRAS,pancreatic adenocarcinoma,14,C0401,floor
99553,107,MTEYKLVVVGAVGVGKSALTIQLIQ,KLVVVGAVGV,1,KRAS,pancreatic adenocarcinoma,14,C0702,floor
99553,107,MTEYKLVVVGAVGVGKSALTIQLIQ,VVVGAVGVGK,1,KRAS,pancreatic adenocarcinoma,14,A0201,floor
99553,61,MTEYKLVVVGAVGVGKSALTIQLIQ,VVVGAVGVGK,1,KRAS,pancreatic adenocarcinoma,14,A6801,scoreable
99553,107,MTEYKLVVVGAVGVGKSALTIQLIQ,VVVGAVGVGK,1,KRAS,pancreatic adenocarcinoma,14,B0702,floor
99553,107,MTEYKLVVVGAVGVGKSALTIQLIQ,VVVGAVGVGK,1,KRAS,pancreatic adenocarcinoma,14,B3501,floor
99553,107,MTEYKLVVVGAVGVGKSALTIQLIQ,VVVGAVGVGK,1,KRAS,pancreatic adenocarcinoma,14,C0401,floor
99553,107,MTEYKLVVVGAVGVGKSALTIQLIQ,VVVGAVGVGK,1,KRAS,pancreatic adenocarcinoma,14,C0702,floor
99553,107,MTEYKLVVVGAVGVGKSALTIQLIQ,GAVGVGKSAL,1,KRAS,pancreatic adenocarcinoma,14,A0201,floor
99553,107,MTEYKLVVVGAVGVGKSALTIQLIQ,GAVGVGKSAL,1,KRAS,pancreatic adenocarcinoma,14,A6801,floor
99553,62,MTEYKLVVVGAVGVGKSALTIQLIQ,GAVGVGKSAL,1,KRAS,pancreatic adenocarcinoma,14,B0702,scoreable
99553,63,MTEYKLVVVGAVGVGKSALTIQLIQ,GAVGVGKSAL,1,KRAS,pancreatic adenocarcinoma,14,B3501,scoreable
99553,107,MTEYKLVVVGAVGVGKSALTIQLIQ,GAVGVGKSAL,1,KRAS,pancreatic adenocarcinoma,14,C0401,floor
99553,107,MTEYKLVVVGAVGVGKSALTIQLIQ,GAVGVGKSAL,1,KRAS,pancreatic adenocarcinoma,14,C0702,floor
99553,107,MTEYKLVVVGAVGVGKSALTIQLIQ,LVVVGAVGVGK,1,KRAS,pancreatic adenocarcinoma,14,A0201,floor
99553,61,MTEYKLVVVGAVGVGKSALTIQLIQ,LVVVGAVGVGK,1,KRAS,pancreatic adenocarcinoma,14,A6801,scoreable
99553,107,MTEYKLVVVGAVGVGKSALTIQLIQ,LVVVGAVGVGK,1,KRAS,pancreatic adenocarcinoma,14,B0702,floor
99553,107,MTEYKLVVVGAVGVGKSALTIQLIQ,LVVVGAVGVGK,1,KRAS,pancreatic adenocarcinoma,14,B3501,floor
99553,107,MTEYKLVVVGAVGVGKSALTIQLIQ,LVVVGAVGVGK,1,KRAS,pancreatic adenocarcinoma,14,C0401,floor
99553,107,MTEYKLVVVGAVGVGKSALTIQLIQ,LVVVGAVGVGK,1,KRAS,pancreatic adenocarcinoma,14,C0702,floor
99553,107,MTEYKLVVVGAVGVGKSALTIQLIQ,VGAVGVGKSAL,1,KRAS,pancreatic adenocarcinoma,14,A0201,floor
99553,107,MTEYKLVVVGAVGVGKSALTIQLIQ,VGAVGVGKSAL,1,KRAS,pancreatic adenocarcinoma,14,A6801,floor
99553,62,MTEYKLVVVGAVGVGKSALTIQLIQ,VGAVGVGKSAL,1,KRAS,pancreatic adenocarcinoma,14,B0702,scoreable
99553,107,MTEYKLVVVGAVGVGKSALTIQLIQ,VGAVGVGKSAL,1,KRAS,pancreatic adenocarcinoma,14,B3501,floor
99553,107,MTEYKLVVVGAVGVGKSALTIQLIQ,VGAVGVGKSAL,1,KRAS,pancreatic adenocarcinoma,14,C0401,floor
99553,107,MTEYKLVVVGAVGVGKSALTIQLIQ,VGAVGVGKSAL,1,KRAS,pancreatic adenocarcinoma,14,C0702,floor
99553,107,MTEYKLVVVGAVGVGKSALTIQLIQ,KLVVVGAVGVGK,1,KRAS,pancreatic adenocarcinoma,14,A0201,floor
99553,61,MTEYKLVVVGAVGVGKSALTIQLIQ,KLVVVGAVGVGK,1,KRAS,pancreatic adenocarcinoma,14,A6801,scoreable
99553,107,MTEYKLVVVGAVGVGKSALTIQLIQ,KLVVVGAVGVGK,1,KRAS,pancreatic adenocarcinoma,14,B0702,floor
99553,107,MTEYKLVVVGAVGVGKSALTIQLIQ,KLVVVGAVGVGK,1,KRAS,pancreatic adenocarcinoma,14,B3501,floor
99553,107,MTEYKLVVVGAVGVGKSALTIQLIQ,KLVVVGAVGVGK,1,KRAS,pancreatic adenocarcinoma,14,C0401,floor
99553,107,MTEYKLVVVGAVGVGKSALTIQLIQ,KLVVVGAVGVGK,1,KRAS,pancreatic adenocarcinoma,14,C0702,floor
99553,107,MTEYKLVVVGAVGVGKSALTIQLIQ,VVGAVGVGKSAL,1,KRAS,pancreatic adenocarcinoma,14,A0201,floor
99553,107,MTEYKLVVVGAVGVGKSALTIQLIQ,VVGAVGVGKSAL,1,KRAS,pancreatic adenocarcinoma,14,A6801,floor
99553,62,MTEYKLVVVGAVGVGKSALTIQLIQ,VVGAVGVGKSAL,1,KRAS,pancreatic adenocarcinoma,14,B0702,scoreable
99553,107,MTEYKLVVVGAVGVGKSALTIQLIQ,VVGAVGVGKSAL,1,KRAS,pancreatic adenocarcinoma,14,B3501,floor
99553,107,MTEYKLVVVGAVGVGKSALTIQLIQ,VVGAVGVGKSAL,1,KRAS,pancreatic adenocarcinoma,14,C0401,floor
99553,107,MTEYKLVVVGAVGVGKSALTIQLIQ,VVGAVGVGKSAL,1,KRAS,pancreatic adenocarcinoma,14,C0702,floor
99553,107,GRRSPSPGNSPSGGTVKSESPGVRRKR,NSPSGGTVK,1,MAP3K1,pancreatic adenocarcinoma,14,A0201,floor
99553,61,GRRSPSPGNSPSGGTVKSESPGVRRKR,NSPSGGTVK,1,MAP3K1,pancreatic adenocarcinoma,14,A6801,scoreable
99553,107,GRRSPSPGNSPSGGTVKSESPGVRRKR,NSPSGGTVK,1,MAP3K1,pancreatic adenocarcinoma,14,B0702,floor
99553,107,GRRSPSPGNSPSGGTVKSESPGVRRKR,NSPSGGTVK,1,MAP3K1,pancreatic adenocarcinoma,14,B3501,floor
99553,107,GRRSPSPGNSPSGGTVKSESPGVRRKR,NSPSGGTVK,1,MAP3K1,pancreatic adenocarcinoma,14,C0401,floor
99553,107,GRRSPSPGNSPSGGTVKSESPGVRRKR,NSPSGGTVK,1,MAP3K1,pancreatic adenocarcinoma,14,C0702,floor
99553,107,GRRSPSPGNSPSGGTVKSESPGVRRKR,SPSGGTVKS,1,MAP3K1,pancreatic adenocarcinoma,14,A0201,floor
99553,107,GRRSPSPGNSPSGGTVKSESPGVRRKR,SPSGGTVKS,1,MAP3K1,pancreatic adenocarcinoma,14,A6801,floor
99553,62,GRRSPSPGNSPSGGTVKSESPGVRRKR,SPSGGTVKS,1,MAP3K1,pancreatic adenocarcinoma,14,B0702,scoreable
99553,107,GRRSPSPGNSPSGGTVKSESPGVRRKR,SPSGGTVKS,1,MAP3K1,pancreatic adenocarcinoma,14,B3501,floor
99553,107,GRRSPSPGNSPSGGTVKSESPGVRRKR,SPSGGTVKS,1,MAP3K1,pancreatic adenocarcinoma,14,C0401,floor
99553,107,GRRSPSPGNSPSGGTVKSESPGVRRKR,SPSGGTVKS,1,MAP3K1,pancreatic adenocarcinoma,14,C0702,floor
99553,107,GRRSPSPGNSPSGGTVKSESPGVRRKR,SPSGGTVKSE,1,MAP3K1,pancreatic adenocarcinoma,14,A0201,floor
99553,107,GRRSPSPGNSPSGGTVKSESPGVRRKR,SPSGGTVKSE,1,MAP3K1,pancreatic adenocarcinoma,14,A6801,floor
99553,62,GRRSPSPGNSPSGGTVKSESPGVRRKR,SPSGGTVKSE,1,MAP3K1,pancreatic adenocarcinoma,14,B0702,scoreable
99553,107,GRRSPSPGNSPSGGTVKSESPGVRRKR,SPSGGTVKSE,1,MAP3K1,pancreatic adenocarcinoma,14,B3501,floor
99553,107,GRRSPSPGNSPSGGTVKSESPGVRRKR,SPSGGTVKSE,1,MAP3K1,pancreatic adenocarcinoma,14,C0401,floor
99553,107,GRRSPSPGNSPSGGTVKSESPGVRRKR,SPSGGTVKSE,1,MAP3K1,pancreatic adenocarcinoma,14,C0702,floor
99553,60,GRRSPSPGNSPSGGTVKSESPGVRRKR,GTVKSESPGV,1,MAP3K1,pancreatic adenocarcinoma,14,A0201,scoreable
99553,107,GRRSPSPGNSPSGGTVKSESPGVRRKR,GTVKSESPGV,1,MAP3K1,pancreatic adenocarcinoma,14,A6801,floor
99553,107,GRRSPSPGNSPSGGTVKSESPGVRRKR,GTVKSESPGV,1,MAP3K1,pancreatic adenocarcinoma,14,B0702,floor
99553,107,GRRSPSPGNSPSGGTVKSESPGVRRKR,GTVKSESPGV,1,MAP3K1,pancreatic adenocarcinoma,14,B3501,floor
99553,107,GRRSPSPGNSPSGGTVKSESPGVRRKR,GTVKSESPGV,1,MAP3K1,pancreatic adenocarcinoma,14,C0401,floor
99553,107,GRRSPSPGNSPSGGTVKSESPGVRRKR,GTVKSESPGV,1,MAP3K1,pancreatic adenocarcinoma,14,C0702,floor
99553,107,GRRSPSPGNSPSGGTVKSESPGVRRKR,SPGNSPSGGTV,1,MAP3K1,pancreatic adenocarcinoma,14,A0201,floor
99553,107,GRRSPSPGNSPSGGTVKSESPGVRRKR,SPGNSPSGGTV,1,MAP3K1,pancreatic adenocarcinoma,14,A6801,floor
99553,62,GRRSPSPGNSPSGGTVKSESPGVRRKR,SPGNSPSGGTV,1,MAP3K1,pancreatic adenocarcinoma,14,B0702,scoreable
99553,63,GRRSPSPGNSPSGGTVKSESPGVRRKR,SPGNSPSGGTV,1,MAP3K1,pancreatic adenocarcinoma,14,B3501,scoreable
99553,107,GRRSPSPGNSPSGGTVKSESPGVRRKR,SPGNSPSGGTV,1,MAP3K1,pancreatic adenocarcinoma,14,C0401,floor
99553,107,GRRSPSPGNSPSGGTVKSESPGVRRKR,SPGNSPSGGTV,1,MAP3K1,pancreatic adenocarcinoma,14,C0702,floor
99553,107,GRRSPSPGNSPSGGTVKSESPGVRRKR,GTVKSESPGVR,1,MAP3K1,pancreatic adenocarcinoma,14,A0201,floor
99553,61,GRRSPSPGNSPSGGTVKSESPGVRRKR,GTVKSESPGVR,1,MAP3K1,pancreatic adenocarcinoma,14,A6801,scoreable
99553,107,GRRSPSPGNSPSGGTVKSESPGVRRKR,GTVKSESPGVR,1,MAP3K1,pancreatic adenocarcinoma,14,B0702,floor
99553,107,GRRSPSPGNSPSGGTVKSESPGVRRKR,GTVKSESPGVR,1,MAP3K1,pancreatic adenocarcinoma,14,B3501,floor
99553,107,GRRSPSPGNSPSGGTVKSESPGVRRKR,GTVKSESPGVR,1,MAP3K1,pancreatic adenocarcinoma,14,C0401,floor
99553,107,GRRSPSPGNSPSGGTVKSESPGVRRKR,GTVKSESPGVR,1,MAP3K1,pancreatic adenocarcinoma,14,C0702,floor
99553,107,GRRSPSPGNSPSGGTVKSESPGVRRKR,SPGNSPSGGTVK,1,MAP3K1,pancreatic adenocarcinoma,14,A0201,floor
99553,107,GRRSPSPGNSPSGGTVKSESPGVRRKR,SPGNSPSGGTVK,1,MAP3K1,pancreatic adenocarcinoma,14,A6801,floor
99553,62,GRRSPSPGNSPSGGTVKSESPGVRRKR,SPGNSPSGGTVK,1,MAP3K1,pancreatic adenocarcinoma,14,B0702,scoreable
99553,107,GRRSPSPGNSPSGGTVKSESPGVRRKR,SPGNSPSGGTVK,1,MAP3K1,pancreatic adenocarcinoma,14,B3501,floor
99553,107,GRRSPSPGNSPSGGTVKSESPGVRRKR,SPGNSPSGGTVK,1,MAP3K1,pancreatic adenocarcinoma,14,C0401,floor
99553,107,GRRSPSPGNSPSGGTVKSESPGVRRKR,SPGNSPSGGTVK,1,MAP3K1,pancreatic adenocarcinoma,14,C0702,floor
99553,107,GRRSPSPGNSPSGGTVKSESPGVRRKR,SPSGGTVKSESP,1,MAP3K1,pancreatic adenocarcinoma,14,A0201,floor
99553,107,GRRSPSPGNSPSGGTVKSESPGVRRKR,SPSGGTVKSESP,1,MAP3K1,pancreatic adenocarcinoma,14,A6801,floor
99553,62,GRRSPSPGNSPSGGTVKSESPGVRRKR,SPSGGTVKSESP,1,MAP3K1,pancreatic adenocarcinoma,14,B0702,scoreable
99553,107,GRRSPSPGNSPSGGTVKSESPGVRRKR,SPSGGTVKSESP,1,MAP3K1,pancreatic adenocarcinoma,14,B3501,floor
99553,107,GRRSPSPGNSPSGGTVKSESPGVRRKR,SPSGGTVKSESP,1,MAP3K1,pancreatic adenocarcinoma,14,C0401,floor
99553,107,GRRSPSPGNSPSGGTVKSESPGVRRKR,SPSGGTVKSESP,1,MAP3K1,pancreatic adenocarcinoma,14,C0702,floor
99553,107,GRRSPSPGNSPSGGTVKSESPGVRRKR,GTVKSESPGVRR,1,MAP3K1,pancreatic adenocarcinoma,14,A0201,floor
99553,61,GRRSPSPGNSPSGGTVKSESPGVRRKR,GTVKSESPGVRR,1,MAP3K1,pancreatic adenocarcinoma,14,A6801,scoreable
99553,107,GRRSPSPGNSPSGGTVKSESPGVRRKR,GTVKSESPGVRR,1,MAP3K1,pancreatic adenocarcinoma,14,B0702,floor
99553,107,GRRSPSPGNSPSGGTVKSESPGVRRKR,GTVKSESPGVRR,1,MAP3K1,pancreatic adenocarcinoma,14,B3501,floor
99553,107,GRRSPSPGNSPSGGTVKSESPGVRRKR,GTVKSESPGVRR,1,MAP3K1,pancreatic adenocarcinoma,14,C0401,floor
99553,107,GRRSPSPGNSPSGGTVKSESPGVRRKR,GTVKSESPGVRR,1,MAP3K1,pancreatic adenocarcinoma,14,C0702,floor
99553,60,DIATFLGTVKEYPSLSPKEFYNEFELL,GTVKEYPSL,1,MCF2L2,pancreatic adenocarcinoma,14,A0201,scoreable
99553,107,DIATFLGTVKEYPSLSPKEFYNEFELL,GTVKEYPSL,1,MCF2L2,pancreatic adenocarcinoma,14,A6801,floor
99553,107,DIATFLGTVKEYPSLSPKEFYNEFELL,GTVKEYPSL,1,MCF2L2,pancreatic adenocarcinoma,14,B0702,floor
99553,107,DIATFLGTVKEYPSLSPKEFYNEFELL,GTVKEYPSL,1,MCF2L2,pancreatic adenocarcinoma,14,B3501,floor
99553,107,DIATFLGTVKEYPSLSPKEFYNEFELL,GTVKEYPSL,1,MCF2L2,pancreatic adenocarcinoma,14,C0401,floor
99553,107,DIATFLGTVKEYPSLSPKEFYNEFELL,GTVKEYPSL,1,MCF2L2,pancreatic adenocarcinoma,14,C0702,floor
99553,107,DIATFLGTVKEYPSLSPKEFYNEFELL,YPSLSPKEF,1,MCF2L2,pancreatic adenocarcinoma,14,A0201,floor
99553,107,DIATFLGTVKEYPSLSPKEFYNEFELL,YPSLSPKEF,1,MCF2L2,pancreatic adenocarcinoma,14,A6801,floor
99553,62,DIATFLGTVKEYPSLSPKEFYNEFELL,YPSLSPKEF,1,MCF2L2,pancreatic adenocarcinoma,14,B0702,scoreable
99553,63,DIATFLGTVKEYPSLSPKEFYNEFELL,YPSLSPKEF,1,MCF2L2,pancreatic adenocarcinoma,14,B3501,scoreable
99553,64,DIATFLGTVKEYPSLSPKEFYNEFELL,YPSLSPKEF,1,MCF2L2,pancreatic adenocarcinoma,14,C0401,scoreable
99553,65,DIATFLGTVKEYPSLSPKEFYNEFELL,YPSLSPKEF,1,MCF2L2,pancreatic adenocarcinoma,14,C0702,scoreable
99553,60,DIATFLGTVKEYPSLSPKEFYNEFELL,FLGTVKEYPS,1,MCF2L2,pancreatic adenocarcinoma,14,A0201,scoreable
99553,107,DIATFLGTVKEYPSLSPKEFYNEFELL,FLGTVKEYPS,1,MCF2L2,pancreatic adenocarcinoma,14,A6801,floor
99553,107,DIATFLGTVKEYPSLSPKEFYNEFELL,FLGTVKEYPS,1,MCF2L2,pancreatic adenocarcinoma,14,B0702,floor
99553,107,DIATFLGTVKEYPSLSPKEFYNEFELL,FLGTVKEYPS,1,MCF2L2,pancreatic adenocarcinoma,14,B3501,floor
99553,107,DIATFLGTVKEYPSLSPKEFYNEFELL,FLGTVKEYPS,1,MCF2L2,pancreatic adenocarcinoma,14,C0401,floor
99553,107,DIATFLGTVKEYPSLSPKEFYNEFELL,FLGTVKEYPS,1,MCF2L2,pancreatic adenocarcinoma,14,C0702,floor
99553,107,DIATFLGTVKEYPSLSPKEFYNEFELL,YPSLSPKEFY,1,MCF2L2,pancreatic adenocarcinoma,14,A0201,floor
99553,107,DIATFLGTVKEYPSLSPKEFYNEFELL,YPSLSPKEFY,1,MCF2L2,pancreatic adenocarcinoma,14,A6801,floor
99553,62,DIATFLGTVKEYPSLSPKEFYNEFELL,YPSLSPKEFY,1,MCF2L2,pancreatic adenocarcinoma,14,B0702,scoreable
99553,63,DIATFLGTVKEYPSLSPKEFYNEFELL,YPSLSPKEFY,1,MCF2L2,pancreatic adenocarcinoma,14,B3501,scoreable
99553,107,DIATFLGTVKEYPSLSPKEFYNEFELL,YPSLSPKEFY,1,MCF2L2,pancreatic adenocarcinoma,14,C0401,floor
99553,107,DIATFLGTVKEYPSLSPKEFYNEFELL,YPSLSPKEFY,1,MCF2L2,pancreatic adenocarcinoma,14,C0702,floor
99553,60,DIATFLGTVKEYPSLSPKEFYNEFELL,FLGTVKEYPSL,1,MCF2L2,pancreatic adenocarcinoma,14,A0201,scoreable
99553,107,DIATFLGTVKEYPSLSPKEFYNEFELL,FLGTVKEYPSL,1,MCF2L2,pancreatic adenocarcinoma,14,A6801,floor
99553,107,DIATFLGTVKEYPSLSPKEFYNEFELL,FLGTVKEYPSL,1,MCF2L2,pancreatic adenocarcinoma,14,B0702,floor
99553,107,DIATFLGTVKEYPSLSPKEFYNEFELL,FLGTVKEYPSL,1,MCF2L2,pancreatic adenocarcinoma,14,B3501,floor
99553,107,DIATFLGTVKEYPSLSPKEFYNEFELL,FLGTVKEYPSL,1,MCF2L2,pancreatic adenocarcinoma,14,C0401,floor
99553,107,DIATFLGTVKEYPSLSPKEFYNEFELL,FLGTVKEYPSL,1,MCF2L2,pancreatic adenocarcinoma,14,C0702,floor
99553,107,DIATFLGTVKEYPSLSPKEFYNEFELL,TVKEYPSLSPK,1,MCF2L2,pancreatic adenocarcinoma,14,A0201,floor
99553,61,DIATFLGTVKEYPSLSPKEFYNEFELL,TVKEYPSLSPK,1,MCF2L2,pancreatic adenocarcinoma,14,A6801,scoreable
99553,107,DIATFLGTVKEYPSLSPKEFYNEFELL,TVKEYPSLSPK,1,MCF2L2,pancreatic adenocarcinoma,14,B0702,floor
99553,107,DIATFLGTVKEYPSLSPKEFYNEFELL,TVKEYPSLSPK,1,MCF2L2,pancreatic adenocarcinoma,14,B3501,floor
99553,107,DIATFLGTVKEYPSLSPKEFYNEFELL,TVKEYPSLSPK,1,MCF2L2,pancreatic adenocarcinoma,14,C0401,floor
99553,107,DIATFLGTVKEYPSLSPKEFYNEFELL,TVKEYPSLSPK,1,MCF2L2,pancreatic adenocarcinoma,14,C0702,floor
99553,107,DIATFLGTVKEYPSLSPKEFYNEFELL,SLSPKEFYNEF,1,MCF2L2,pancreatic adenocarcinoma,14,A0201,floor
99553,107,DIATFLGTVKEYPSLSPKEFYNEFELL,SLSPKEFYNEF,1,MCF2L2,pancreatic adenocarcinoma,14,A6801,floor
99553,107,DIATFLGTVKEYPSLSPKEFYNEFELL,SLSPKEFYNEF,1,MCF2L2,pancreatic adenocarcinoma,14,B0702,floor
99553,107,DIATFLGTVKEYPSLSPKEFYNEFELL,SLSPKEFYNEF,1,MCF2L2,pancreatic adenocarcinoma,14,B3501,floor
99553,107,DIATFLGTVKEYPSLSPKEFYNEFELL,SLSPKEFYNEF,1,MCF2L2,pancreatic adenocarcinoma,14,C0401,floor
99553,65,DIATFLGTVKEYPSLSPKEFYNEFELL,SLSPKEFYNEF,1,MCF2L2,pancreatic adenocarcinoma,14,C0702,scoreable
99553,60,YEKKPNVFKLKTAAWRVLLFQTQSPEE,NVFKLKTAA,1,PSD3,pancreatic adenocarcinoma,14,A0201,scoreable
99553,107,YEKKPNVFKLKTAAWRVLLFQTQSPEE,NVFKLKTAA,1,PSD3,pancreatic adenocarcinoma,14,A6801,floor
99553,107,YEKKPNVFKLKTAAWRVLLFQTQSPEE,NVFKLKTAA,1,PSD3,pancreatic adenocarcinoma,14,B0702,floor
99553,107,YEKKPNVFKLKTAAWRVLLFQTQSPEE,NVFKLKTAA,1,PSD3,pancreatic adenocarcinoma,14,B3501,floor
99553,107,YEKKPNVFKLKTAAWRVLLFQTQSPEE,NVFKLKTAA,1,PSD3,pancreatic adenocarcinoma,14,C0401,floor
99553,107,YEKKPNVFKLKTAAWRVLLFQTQSPEE,NVFKLKTAA,1,PSD3,pancreatic adenocarcinoma,14,C0702,floor
99553,107,YEKKPNVFKLKTAAWRVLLFQTQSPEE,FKLKTAAWR,1,PSD3,pancreatic adenocarcinoma,14,A0201,floor
99553,61,YEKKPNVFKLKTAAWRVLLFQTQSPEE,FKLKTAAWR,1,PSD3,pancreatic adenocarcinoma,14,A6801,scoreable
99553,107,YEKKPNVFKLKTAAWRVLLFQTQSPEE,FKLKTAAWR,1,PSD3,pancreatic adenocarcinoma,14,B0702,floor
99553,107,YEKKPNVFKLKTAAWRVLLFQTQSPEE,FKLKTAAWR,1,PSD3,pancreatic adenocarcinoma,14,B3501,floor
99553,107,YEKKPNVFKLKTAAWRVLLFQTQSPEE,FKLKTAAWR,1,PSD3,pancreatic adenocarcinoma,14,C0401,floor
99553,107,YEKKPNVFKLKTAAWRVLLFQTQSPEE,FKLKTAAWR,1,PSD3,pancreatic adenocarcinoma,14,C0702,floor
99553,60,YEKKPNVFKLKTAAWRVLLFQTQSPEE,KLKTAAWRV,1,PSD3,pancreatic adenocarcinoma,14,A0201,scoreable
99553,107,YEKKPNVFKLKTAAWRVLLFQTQSPEE,KLKTAAWRV,1,PSD3,pancreatic adenocarcinoma,14,A6801,floor
99553,107,YEKKPNVFKLKTAAWRVLLFQTQSPEE,KLKTAAWRV,1,PSD3,pancreatic adenocarcinoma,14,B0702,floor
99553,107,YEKKPNVFKLKTAAWRVLLFQTQSPEE,KLKTAAWRV,1,PSD3,pancreatic adenocarcinoma,14,B3501,floor
99553,107,YEKKPNVFKLKTAAWRVLLFQTQSPEE,KLKTAAWRV,1,PSD3,pancreatic adenocarcinoma,14,C0401,floor
99553,107,YEKKPNVFKLKTAAWRVLLFQTQSPEE,KLKTAAWRV,1,PSD3,pancreatic adenocarcinoma,14,C0702,floor
99553,60,YEKKPNVFKLKTAAWRVLLFQTQSPEE,KTAAWRVLL,1,PSD3,pancreatic adenocarcinoma,14,A0201,scoreable
99553,61,YEKKPNVFKLKTAAWRVLLFQTQSPEE,KTAAWRVLL,1,PSD3,pancreatic adenocarcinoma,14,A6801,scoreable
99553,62,YEKKPNVFKLKTAAWRVLLFQTQSPEE,KTAAWRVLL,1,PSD3,pancreatic adenocarcinoma,14,B0702,scoreable
99553,107,YEKKPNVFKLKTAAWRVLLFQTQSPEE,KTAAWRVLL,1,PSD3,pancreatic adenocarcinoma,14,B3501,floor
99553,64,YEKKPNVFKLKTAAWRVLLFQTQSPEE,KTAAWRVLL,1,PSD3,pancreatic adenocarcinoma,14,C0401,scoreable
99553,107,YEKKPNVFKLKTAAWRVLLFQTQSPEE,KTAAWRVLL,1,PSD3,pancreatic adenocarcinoma,14,C0702,floor
99553,107,YEKKPNVFKLKTAAWRVLLFQTQSPEE,TAAWRVLLF,1,PSD3,pancreatic adenocarcinoma,14,A0201,floor
99553,61,YEKKPNVFKLKTAAWRVLLFQTQSPEE,TAAWRVLLF,1,PSD3,pancreatic adenocarcinoma,14,A6801,scoreable
99553,62,YEKKPNVFKLKTAAWRVLLFQTQSPEE,TAAWRVLLF,1,PSD3,pancreatic adenocarcinoma,14,B0702,scoreable
99553,63,YEKKPNVFKLKTAAWRVLLFQTQSPEE,TAAWRVLLF,1,PSD3,pancreatic adenocarcinoma,14,B3501,scoreable
99553,64,YEKKPNVFKLKTAAWRVLLFQTQSPEE,TAAWRVLLF,1,PSD3,pancreatic adenocarcinoma,14,C0401,scoreable
99553,65,YEKKPNVFKLKTAAWRVLLFQTQSPEE,TAAWRVLLF,1,PSD3,pancreatic adenocarcinoma,14,C0702,scoreable
99553,107,YEKKPNVFKLKTAAWRVLLFQTQSPEE,KTAAWRVLLF,1,PSD3,pancreatic adenocarcinoma,14,A0201,floor
99553,61,YEKKPNVFKLKTAAWRVLLFQTQSPEE,KTAAWRVLLF,1,PSD3,pancreatic adenocarcinoma,14,A6801,scoreable
99553,107,YEKKPNVFKLKTAAWRVLLFQTQSPEE,KTAAWRVLLF,1,PSD3,pancreatic adenocarcinoma,14,B0702,floor
99553,107,YEKKPNVFKLKTAAWRVLLFQTQSPEE,KTAAWRVLLF,1,PSD3,pancreatic adenocarcinoma,14,B3501,floor
99553,107,YEKKPNVFKLKTAAWRVLLFQTQSPEE,KTAAWRVLLF,1,PSD3,pancreatic adenocarcinoma,14,C0401,floor
99553,107,YEKKPNVFKLKTAAWRVLLFQTQSPEE,KTAAWRVLLF,1,PSD3,pancreatic adenocarcinoma,14,C0702,floor
99553,107,YEKKPNVFKLKTAAWRVLLFQTQSPEE,KPNVFKLKTAA,1,PSD3,pancreatic adenocarcinoma,14,A0201,floor
99553,107,YEKKPNVFKLKTAAWRVLLFQTQSPEE,KPNVFKLKTAA,1,PSD3,pancreatic adenocarcinoma,14,A6801,floor
99553,62,YEKKPNVFKLKTAAWRVLLFQTQSPEE,KPNVFKLKTAA,1,PSD3,pancreatic adenocarcinoma,14,B0702,scoreable
99553,107,YEKKPNVFKLKTAAWRVLLFQTQSPEE,KPNVFKLKTAA,1,PSD3,pancreatic adenocarcinoma,14,B3501,floor
99553,107,YEKKPNVFKLKTAAWRVLLFQTQSPEE,KPNVFKLKTAA,1,PSD3,pancreatic adenocarcinoma,14,C0401,floor
99553,107,YEKKPNVFKLKTAAWRVLLFQTQSPEE,KPNVFKLKTAA,1,PSD3,pancreatic adenocarcinoma,14,C0702,floor
99553,107,YEKKPNVFKLKTAAWRVLLFQTQSPEE,NVFKLKTAAWR,1,PSD3,pancreatic adenocarcinoma,14,A0201,floor
99553,61,YEKKPNVFKLKTAAWRVLLFQTQSPEE,NVFKLKTAAWR,1,PSD3,pancreatic adenocarcinoma,14,A6801,scoreable
99553,107,YEKKPNVFKLKTAAWRVLLFQTQSPEE,NVFKLKTAAWR,1,PSD3,pancreatic adenocarcinoma,14,B0702,floor
99553,107,YEKKPNVFKLKTAAWRVLLFQTQSPEE,NVFKLKTAAWR,1,PSD3,pancreatic adenocarcinoma,14,B3501,floor
99553,107,YEKKPNVFKLKTAAWRVLLFQTQSPEE,NVFKLKTAAWR,1,PSD3,pancreatic adenocarcinoma,14,C0401,floor
99553,107,YEKKPNVFKLKTAAWRVLLFQTQSPEE,NVFKLKTAAWR,1,PSD3,pancreatic adenocarcinoma,14,C0702,floor
99553,107,YEKKPNVFKLKTAAWRVLLFQTQSPEE,KPNVFKLKTAAW,1,PSD3,pancreatic adenocarcinoma,14,A0201,floor
99553,107,YEKKPNVFKLKTAAWRVLLFQTQSPEE,KPNVFKLKTAAW,1,PSD3,pancreatic adenocarcinoma,14,A6801,floor
99553,62,YEKKPNVFKLKTAAWRVLLFQTQSPEE,KPNVFKLKTAAW,1,PSD3,pancreatic adenocarcinoma,14,B0702,scoreable
99553,107,YEKKPNVFKLKTAAWRVLLFQTQSPEE,KPNVFKLKTAAW,1,PSD3,pancreatic adenocarcinoma,14,B3501,floor
99553,107,YEKKPNVFKLKTAAWRVLLFQTQSPEE,KPNVFKLKTAAW,1,PSD3,pancreatic adenocarcinoma,14,C0401,floor
99553,107,YEKKPNVFKLKTAAWRVLLFQTQSPEE,KPNVFKLKTAAW,1,PSD3,pancreatic adenocarcinoma,14,C0702,floor
99553,107,DLSDTRTRYLGSRLVKLFRVRMQGQEA,RTRYLGSRL,0,SF3B3,pancreatic adenocarcinoma,14,A0201,floor
99553,107,DLSDTRTRYLGSRLVKLFRVRMQGQEA,RTRYLGSRL,0,SF3B3,pancreatic adenocarcinoma,14,A6801,floor
99553,62,DLSDTRTRYLGSRLVKLFRVRMQGQEA,RTRYLGSRL,0,SF3B3,pancreatic adenocarcinoma,14,B0702,scoreable
99553,107,DLSDTRTRYLGSRLVKLFRVRMQGQEA,RTRYLGSRL,0,SF3B3,pancreatic adenocarcinoma,14,B3501,floor
99553,107,DLSDTRTRYLGSRLVKLFRVRMQGQEA,RTRYLGSRL,0,SF3B3,pancreatic adenocarcinoma,14,C0401,floor
99553,107,DLSDTRTRYLGSRLVKLFRVRMQGQEA,RTRYLGSRL,0,SF3B3,pancreatic adenocarcinoma,14,C0702,floor
99553,60,DLSDTRTRYLGSRLVKLFRVRMQGQEA,YLGSRLVKL,0,SF3B3,pancreatic adenocarcinoma,14,A0201,scoreable
99553,107,DLSDTRTRYLGSRLVKLFRVRMQGQEA,YLGSRLVKL,0,SF3B3,pancreatic adenocarcinoma,14,A6801,floor
99553,62,DLSDTRTRYLGSRLVKLFRVRMQGQEA,YLGSRLVKL,0,SF3B3,pancreatic adenocarcinoma,14,B0702,scoreable
99553,107,DLSDTRTRYLGSRLVKLFRVRMQGQEA,YLGSRLVKL,0,SF3B3,pancreatic adenocarcinoma,14,B3501,floor
99553,64,DLSDTRTRYLGSRLVKLFRVRMQGQEA,YLGSRLVKL,0,SF3B3,pancreatic adenocarcinoma,14,C0401,scoreable
99553,107,DLSDTRTRYLGSRLVKLFRVRMQGQEA,YLGSRLVKL,0,SF3B3,pancreatic adenocarcinoma,14,C0702,floor
99553,107,DLSDTRTRYLGSRLVKLFRVRMQGQEA,LGSRLVKLF,0,SF3B3,pancreatic adenocarcinoma,14,A0201,floor
99553,107,DLSDTRTRYLGSRLVKLFRVRMQGQEA,LGSRLVKLF,0,SF3B3,pancreatic adenocarcinoma,14,A6801,floor
99553,107,DLSDTRTRYLGSRLVKLFRVRMQGQEA,LGSRLVKLF,0,SF3B3,pancreatic adenocarcinoma,14,B0702,floor
99553,63,DLSDTRTRYLGSRLVKLFRVRMQGQEA,LGSRLVKLF,0,SF3B3,pancreatic adenocarcinoma,14,B3501,scoreable
99553,107,DLSDTRTRYLGSRLVKLFRVRMQGQEA,LGSRLVKLF,0,SF3B3,pancreatic adenocarcinoma,14,C0401,floor
99553,107,DLSDTRTRYLGSRLVKLFRVRMQGQEA,LGSRLVKLF,0,SF3B3,pancreatic adenocarcinoma,14,C0702,floor
99553,107,DLSDTRTRYLGSRLVKLFRVRMQGQEA,GSRLVKLFR,0,SF3B3,pancreatic adenocarcinoma,14,A0201,floor
99553,61,DLSDTRTRYLGSRLVKLFRVRMQGQEA,GSRLVKLFR,0,SF3B3,pancreatic adenocarcinoma,14,A6801,scoreable
99553,107,DLSDTRTRYLGSRLVKLFRVRMQGQEA,GSRLVKLFR,0,SF3B3,pancreatic adenocarcinoma,14,B0702,floor
99553,107,DLSDTRTRYLGSRLVKLFRVRMQGQEA,GSRLVKLFR,0,SF3B3,pancreatic adenocarcinoma,14,B3501,floor
99553,107,DLSDTRTRYLGSRLVKLFRVRMQGQEA,GSRLVKLFR,0,SF3B3,pancreatic adenocarcinoma,14,C0401,floor
99553,107,DLSDTRTRYLGSRLVKLFRVRMQGQEA,GSRLVKLFR,0,SF3B3,pancreatic adenocarcinoma,14,C0702,floor
99553,60,DLSDTRTRYLGSRLVKLFRVRMQGQEA,SRLVKLFRV,0,SF3B3,pancreatic adenocarcinoma,14,A0201,scoreable
99553,107,DLSDTRTRYLGSRLVKLFRVRMQGQEA,SRLVKLFRV,0,SF3B3,pancreatic adenocarcinoma,14,A6801,floor
99553,107,DLSDTRTRYLGSRLVKLFRVRMQGQEA,SRLVKLFRV,0,SF3B3,pancreatic adenocarcinoma,14,B0702,floor
99553,107,DLSDTRTRYLGSRLVKLFRVRMQGQEA,SRLVKLFRV,0,SF3B3,pancreatic adenocarcinoma,14,B3501,floor
99553,107,DLSDTRTRYLGSRLVKLFRVRMQGQEA,SRLVKLFRV,0,SF3B3,pancreatic adenocarcinoma,14,C0401,floor
99553,107,DLSDTRTRYLGSRLVKLFRVRMQGQEA,SRLVKLFRV,0,SF3B3,pancreatic adenocarcinoma,14,C0702,floor
99553,107,DLSDTRTRYLGSRLVKLFRVRMQGQEA,RLVKLFRVR,0,SF3B3,pancreatic adenocarcinoma,14,A0201,floor
99553,61,DLSDTRTRYLGSRLVKLFRVRMQGQEA,RLVKLFRVR,0,SF3B3,pancreatic adenocarcinoma,14,A6801,scoreable
99553,107,DLSDTRTRYLGSRLVKLFRVRMQGQEA,RLVKLFRVR,0,SF3B3,pancreatic adenocarcinoma,14,B0702,floor
99553,107,DLSDTRTRYLGSRLVKLFRVRMQGQEA,RLVKLFRVR,0,SF3B3,pancreatic adenocarcinoma,14,B3501,floor
99553,107,DLSDTRTRYLGSRLVKLFRVRMQGQEA,RLVKLFRVR,0,SF3B3,pancreatic adenocarcinoma,14,C0401,floor
99553,107,DLSDTRTRYLGSRLVKLFRVRMQGQEA,RLVKLFRVR,0,SF3B3,pancreatic adenocarcinoma,14,C0702,floor
99553,107,DLSDTRTRYLGSRLVKLFRVRMQGQEA,LVKLFRVRM,0,SF3B3,pancreatic adenocarcinoma,14,A0201,floor
99553,107,DLSDTRTRYLGSRLVKLFRVRMQGQEA,LVKLFRVRM,0,SF3B3,pancreatic adenocarcinoma,14,A6801,floor
99553,62,DLSDTRTRYLGSRLVKLFRVRMQGQEA,LVKLFRVRM,0,SF3B3,pancreatic adenocarcinoma,14,B0702,scoreable
99553,107,DLSDTRTRYLGSRLVKLFRVRMQGQEA,LVKLFRVRM,0,SF3B3,pancreatic adenocarcinoma,14,B3501,floor
99553,107,DLSDTRTRYLGSRLVKLFRVRMQGQEA,LVKLFRVRM,0,SF3B3,pancreatic adenocarcinoma,14,C0401,floor
99553,107,DLSDTRTRYLGSRLVKLFRVRMQGQEA,LVKLFRVRM,0,SF3B3,pancreatic adenocarcinoma,14,C0702,floor
99553,107,DLSDTRTRYLGSRLVKLFRVRMQGQEA,LGSRLVKLFR,0,SF3B3,pancreatic adenocarcinoma,14,A0201,floor
99553,61,DLSDTRTRYLGSRLVKLFRVRMQGQEA,LGSRLVKLFR,0,SF3B3,pancreatic adenocarcinoma,14,A6801,scoreable
99553,107,DLSDTRTRYLGSRLVKLFRVRMQGQEA,LGSRLVKLFR,0,SF3B3,pancreatic adenocarcinoma,14,B0702,floor
99553,107,DLSDTRTRYLGSRLVKLFRVRMQGQEA,LGSRLVKLFR,0,SF3B3,pancreatic adenocarcinoma,14,B3501,floor
99553,107,DLSDTRTRYLGSRLVKLFRVRMQGQEA,LGSRLVKLFR,0,SF3B3,pancreatic adenocarcinoma,14,C0401,floor
99553,107,DLSDTRTRYLGSRLVKLFRVRMQGQEA,LGSRLVKLFR,0,SF3B3,pancreatic adenocarcinoma,14,C0702,floor
99553,107,VRNESTGSLGTQGHLCNKTSEGMDGCE,GTQGHLCNK,0,WNT5A,pancreatic adenocarcinoma,14,A0201,floor
99553,61,VRNESTGSLGTQGHLCNKTSEGMDGCE,GTQGHLCNK,0,WNT5A,pancreatic adenocarcinoma,14,A6801,scoreable
99553,107,VRNESTGSLGTQGHLCNKTSEGMDGCE,GTQGHLCNK,0,WNT5A,pancreatic adenocarcinoma,14,B0702,floor
99553,107,VRNESTGSLGTQGHLCNKTSEGMDGCE,GTQGHLCNK,0,WNT5A,pancreatic adenocarcinoma,14,B3501,floor
99553,107,VRNESTGSLGTQGHLCNKTSEGMDGCE,GTQGHLCNK,0,WNT5A,pancreatic adenocarcinoma,14,C0401,floor
99553,107,VRNESTGSLGTQGHLCNKTSEGMDGCE,GTQGHLCNK,0,WNT5A,pancreatic adenocarcinoma,14,C0702,floor
99553,107,VRNESTGSLGTQGHLCNKTSEGMDGCE,STGSLGTQGH,0,WNT5A,pancreatic adenocarcinoma,14,A0201,floor
99553,61,VRNESTGSLGTQGHLCNKTSEGMDGCE,STGSLGTQGH,0,WNT5A,pancreatic adenocarcinoma,14,A6801,scoreable
99553,107,VRNESTGSLGTQGHLCNKTSEGMDGCE,STGSLGTQGH,0,WNT5A,pancreatic adenocarcinoma,14,B0702,floor
99553,107,VRNESTGSLGTQGHLCNKTSEGMDGCE,STGSLGTQGH,0,WNT5A,pancreatic adenocarcinoma,14,B3501,floor
99553,107,VRNESTGSLGTQGHLCNKTSEGMDGCE,STGSLGTQGH,0,WNT5A,pancreatic adenocarcinoma,14,C0401,floor
99553,107,VRNESTGSLGTQGHLCNKTSEGMDGCE,STGSLGTQGH,0,WNT5A,pancreatic adenocarcinoma,14,C0702,floor
99553,107,VRNESTGSLGTQGHLCNKTSEGMDGCE,LGTQGHLCNK,0,WNT5A,pancreatic adenocarcinoma,14,A0201,floor
99553,61,VRNESTGSLGTQGHLCNKTSEGMDGCE,LGTQGHLCNK,0,WNT5A,pancreatic adenocarcinoma,14,A6801,scoreable
99553,107,VRNESTGSLGTQGHLCNKTSEGMDGCE,LGTQGHLCNK,0,WNT5A,pancreatic adenocarcinoma,14,B0702,floor
99553,107,VRNESTGSLGTQGHLCNKTSEGMDGCE,LGTQGHLCNK,0,WNT5A,pancreatic adenocarcinoma,14,B3501,floor
99553,107,VRNESTGSLGTQGHLCNKTSEGMDGCE,LGTQGHLCNK,0,WNT5A,pancreatic adenocarcinoma,14,C0401,floor
99553,107,VRNESTGSLGTQGHLCNKTSEGMDGCE,LGTQGHLCNK,0,WNT5A,pancreatic adenocarcinoma,14,C0702,floor
99553,60,VRNESTGSLGTQGHLCNKTSEGMDGCE,HLCNKTSEGM,0,WNT5A,pancreatic adenocarcinoma,14,A0201,scoreable
99553,107,VRNESTGSLGTQGHLCNKTSEGMDGCE,HLCNKTSEGM,0,WNT5A,pancreatic adenocarcinoma,14,A6801,floor
99553,107,VRNESTGSLGTQGHLCNKTSEGMDGCE,HLCNKTSEGM,0,WNT5A,pancreatic adenocarcinoma,14,B0702,floor
99553,107,VRNESTGSLGTQGHLCNKTSEGMDGCE,HLCNKTSEGM,0,WNT5A,pancreatic adenocarcinoma,14,B3501,floor
99553,107,VRNESTGSLGTQGHLCNKTSEGMDGCE,HLCNKTSEGM,0,WNT5A,pancreatic adenocarcinoma,14,C0401,floor
99553,107,VRNESTGSLGTQGHLCNKTSEGMDGCE,HLCNKTSEGM,0,WNT5A,pancreatic adenocarcinoma,14,C0702,floor
99553,107,VRNESTGSLGTQGHLCNKTSEGMDGCE,ESTGSLGTQGH,0,WNT5A,pancreatic adenocarcinoma,14,A0201,floor
99553,61,VRNESTGSLGTQGHLCNKTSEGMDGCE,ESTGSLGTQGH,0,WNT5A,pancreatic adenocarcinoma,14,A6801,scoreable
99553,107,VRNESTGSLGTQGHLCNKTSEGMDGCE,ESTGSLGTQGH,0,WNT5A,pancreatic adenocarcinoma,14,B0702,floor
99553,107,VRNESTGSLGTQGHLCNKTSEGMDGCE,ESTGSLGTQGH,0,WNT5A,pancreatic adenocarcinoma,14,B3501,floor
99553,107,VRNESTGSLGTQGHLCNKTSEGMDGCE,ESTGSLGTQGH,0,WNT5A,pancreatic adenocarcinoma,14,C0401,floor
99553,107,VRNESTGSLGTQGHLCNKTSEGMDGCE,ESTGSLGTQGH,0,WNT5A,pancreatic adenocarcinoma,14,C0702,floor
99553,107,VRNESTGSLGTQGHLCNKTSEGMDGCE,SLGTQGHLCNK,0,WNT5A,pancreatic adenocarcinoma,14,A0201,floor
99553,61,VRNESTGSLGTQGHLCNKTSEGMDGCE,SLGTQGHLCNK,0,WNT5A,pancreatic adenocarcinoma,14,A6801,scoreable
99553,107,VRNESTGSLGTQGHLCNKTSEGMDGCE,SLGTQGHLCNK,0,WNT5A,pancreatic adenocarcinoma,14,B0702,floor
99553,107,VRNESTGSLGTQGHLCNKTSEGMDGCE,SLGTQGHLCNK,0,WNT5A,pancreatic adenocarcinoma,14,B3501,floor
99553,107,VRNESTGSLGTQGHLCNKTSEGMDGCE,SLGTQGHLCNK,0,WNT5A,pancreatic adenocarcinoma,14,C0401,floor
99553,107,VRNESTGSLGTQGHLCNKTSEGMDGCE,SLGTQGHLCNK,0,WNT5A,pancreatic adenocarcinoma,14,C0702,floor
99553,107,VRNESTGSLGTQGHLCNKTSEGMDGCE,GSLGTQGHLCNK,0,WNT5A,pancreatic adenocarcinoma,14,A0201,floor
99553,61,VRNESTGSLGTQGHLCNKTSEGMDGCE,GSLGTQGHLCNK,0,WNT5A,pancreatic adenocarcinoma,14,A6801,scoreable
99553,107,VRNESTGSLGTQGHLCNKTSEGMDGCE,GSLGTQGHLCNK,0,WNT5A,pancreatic adenocarcinoma,14,B0702,floor
99553,107,VRNESTGSLGTQGHLCNKTSEGMDGCE,GSLGTQGHLCNK,0,WNT5A,pancreatic adenocarcinoma,14,B3501,floor
99553,107,VRNESTGSLGTQGHLCNKTSEGMDGCE,GSLGTQGHLCNK,0,WNT5A,pancreatic adenocarcinoma,14,C0401,floor
99553,107,VRNESTGSLGTQGHLCNKTSEGMDGCE,GSLGTQGHLCNK,0,WNT5A,pancreatic adenocarcinoma,14,C0702,floor
99553,107,ERTEEEMLWDESIFGF,EMLWDESIF,0,ZMAT1,pancreatic adenocarcinoma,14,A0201,floor
99553,107,ERTEEEMLWDESIFGF,EMLWDESIF,0,ZMAT1,pancreatic adenocarcinoma,14,A6801,floor
99553,107,ERTEEEMLWDESIFGF,EMLWDESIF,0,ZMAT1,pancreatic adenocarcinoma,14,B0702,floor
99553,63,ERTEEEMLWDESIFGF,EMLWDESIF,0,ZMAT1,pancreatic adenocarcinoma,14,B3501,scoreable
99553,107,ERTEEEMLWDESIFGF,EMLWDESIF,0,ZMAT1,pancreatic adenocarcinoma,14,C0401,floor
99553,107,ERTEEEMLWDESIFGF,EMLWDESIF,0,ZMAT1,pancreatic adenocarcinoma,14,C0702,floor
99553,60,ERTEEEMLWDESIFGF,MLWDESIFG,0,ZMAT1,pancreatic adenocarcinoma,14,A0201,scoreable
99553,107,ERTEEEMLWDESIFGF,MLWDESIFG,0,ZMAT1,pancreatic adenocarcinoma,14,A6801,floor
99553,107,ERTEEEMLWDESIFGF,MLWDESIFG,0,ZMAT1,pancreatic adenocarcinoma,14,B0702,floor
99553,107,ERTEEEMLWDESIFGF,MLWDESIFG,0,ZMAT1,pancreatic adenocarcinoma,14,B3501,floor
99553,107,ERTEEEMLWDESIFGF,MLWDESIFG,0,ZMAT1,pancreatic adenocarcinoma,14,C0401,floor
99553,107,ERTEEEMLWDESIFGF,MLWDESIFG,0,ZMAT1,pancreatic adenocarcinoma,14,C0702,floor
99553,60,ERTEEEMLWDESIFGF,LWDESIFGF,0,ZMAT1,pancreatic adenocarcinoma,14,A0201,scoreable
99553,107,ERTEEEMLWDESIFGF,LWDESIFGF,0,ZMAT1,pancreatic adenocarcinoma,14,A6801,floor
99553,107,ERTEEEMLWDESIFGF,LWDESIFGF,0,ZMAT1,pancreatic adenocarcinoma,14,B0702,floor
99553,63,ERTEEEMLWDESIFGF,LWDESIFGF,0,ZMAT1,pancreatic adenocarcinoma,14,B3501,scoreable
99553,107,ERTEEEMLWDESIFGF,LWDESIFGF,0,ZMAT1,pancreatic adenocarcinoma,14,C0401,floor
99553,107,ERTEEEMLWDESIFGF,LWDESIFGF,0,ZMAT1,pancreatic adenocarcinoma,14,C0702,floor
99553,60,ERTEEEMLWDESIFGF,MLWDESIFGF,0,ZMAT1,pancreatic adenocarcinoma,14,A0201,scoreable
99553,107,ERTEEEMLWDESIFGF,MLWDESIFGF,0,ZMAT1,pancreatic adenocarcinoma,14,A6801,floor
99553,107,ERTEEEMLWDESIFGF,MLWDESIFGF,0,ZMAT1,pancreatic adenocarcinoma,14,B0702,floor
99553,63,ERTEEEMLWDESIFGF,MLWDESIFGF,0,ZMAT1,pancreatic adenocarcinoma,14,B3501,scoreable
99553,107,ERTEEEMLWDESIFGF,MLWDESIFGF,0,ZMAT1,pancreatic adenocarcinoma,14,C0401,floor
99553,107,ERTEEEMLWDESIFGF,MLWDESIFGF,0,ZMAT1,pancreatic adenocarcinoma,14,C0702,floor
99593,109,REPHVPGTSCAHPNSRKQNHLPKLLHP,HPNSRKQNH,0,C19orf66,pancreatic adenocarcinoma,16,A0101,floor
99593,109,REPHVPGTSCAHPNSRKQNHLPKLLHP,HPNSRKQNH,0,C19orf66,pancreatic adenocarcinoma,16,A0201,floor
99593,74,REPHVPGTSCAHPNSRKQNHLPKLLHP,HPNSRKQNH,0,C19orf66,pancreatic adenocarcinoma,16,B0801,scoreable
99593,109,REPHVPGTSCAHPNSRKQNHLPKLLHP,HPNSRKQNH,0,C19orf66,pancreatic adenocarcinoma,16,B2705,floor
99593,109,REPHVPGTSCAHPNSRKQNHLPKLLHP,HPNSRKQNH,0,C19orf66,pancreatic adenocarcinoma,16,C0202,floor
99593,109,REPHVPGTSCAHPNSRKQNHLPKLLHP,HPNSRKQNH,0,C19orf66,pancreatic adenocarcinoma,16,C0701,floor
99593,109,REPHVPGTSCAHPNSRKQNHLPKLLHP,RKQNHLPKL,0,C19orf66,pancreatic adenocarcinoma,16,A0101,floor
99593,109,REPHVPGTSCAHPNSRKQNHLPKLLHP,RKQNHLPKL,0,C19orf66,pancreatic adenocarcinoma,16,A0201,floor
99593,109,REPHVPGTSCAHPNSRKQNHLPKLLHP,RKQNHLPKL,0,C19orf66,pancreatic adenocarcinoma,16,B0801,floor
99593,75,REPHVPGTSCAHPNSRKQNHLPKLLHP,RKQNHLPKL,0,C19orf66,pancreatic adenocarcinoma,16,B2705,scoreable
99593,109,REPHVPGTSCAHPNSRKQNHLPKLLHP,RKQNHLPKL,0,C19orf66,pancreatic adenocarcinoma,16,C0202,floor
99593,109,REPHVPGTSCAHPNSRKQNHLPKLLHP,RKQNHLPKL,0,C19orf66,pancreatic adenocarcinoma,16,C0701,floor
99593,109,REPHVPGTSCAHPNSRKQNHLPKLLHP,KQNHLPKLL,0,C19orf66,pancreatic adenocarcinoma,16,A0101,floor
99593,73,REPHVPGTSCAHPNSRKQNHLPKLLHP,KQNHLPKLL,0,C19orf66,pancreatic adenocarcinoma,16,A0201,scoreable
99593,109,REPHVPGTSCAHPNSRKQNHLPKLLHP,KQNHLPKLL,0,C19orf66,pancreatic adenocarcinoma,16,B0801,floor
99593,75,REPHVPGTSCAHPNSRKQNHLPKLLHP,KQNHLPKLL,0,C19orf66,pancreatic adenocarcinoma,16,B2705,scoreable
99593,76,REPHVPGTSCAHPNSRKQNHLPKLLHP,KQNHLPKLL,0,C19orf66,pancreatic adenocarcinoma,16,C0202,scoreable
99593,109,REPHVPGTSCAHPNSRKQNHLPKLLHP,KQNHLPKLL,0,C19orf66,pancreatic adenocarcinoma,16,C0701,floor
99593,109,REPHVPGTSCAHPNSRKQNHLPKLLHP,GTSCAHPNSR,0,C19orf66,pancreatic adenocarcinoma,16,A0101,floor
99593,109,REPHVPGTSCAHPNSRKQNHLPKLLHP,GTSCAHPNSR,0,C19orf66,pancreatic adenocarcinoma,16,A0201,floor
99593,109,REPHVPGTSCAHPNSRKQNHLPKLLHP,GTSCAHPNSR,0,C19orf66,pancreatic adenocarcinoma,16,B0801,floor
99593,109,REPHVPGTSCAHPNSRKQNHLPKLLHP,GTSCAHPNSR,0,C19orf66,pancreatic adenocarcinoma,16,B2705,floor
99593,76,REPHVPGTSCAHPNSRKQNHLPKLLHP,GTSCAHPNSR,0,C19orf66,pancreatic adenocarcinoma,16,C0202,scoreable
99593,109,REPHVPGTSCAHPNSRKQNHLPKLLHP,GTSCAHPNSR,0,C19orf66,pancreatic adenocarcinoma,16,C0701,floor
99593,109,REPHVPGTSCAHPNSRKQNHLPKLLHP,HPNSRKQNHL,0,C19orf66,pancreatic adenocarcinoma,16,A0101,floor
99593,109,REPHVPGTSCAHPNSRKQNHLPKLLHP,HPNSRKQNHL,0,C19orf66,pancreatic adenocarcinoma,16,A0201,floor
99593,74,REPHVPGTSCAHPNSRKQNHLPKLLHP,HPNSRKQNHL,0,C19orf66,pancreatic adenocarcinoma,16,B0801,scoreable
99593,109,REPHVPGTSCAHPNSRKQNHLPKLLHP,HPNSRKQNHL,0,C19orf66,pancreatic adenocarcinoma,16,B2705,floor
99593,109,REPHVPGTSCAHPNSRKQNHLPKLLHP,HPNSRKQNHL,0,C19orf66,pancreatic adenocarcinoma,16,C0202,floor
99593,109,REPHVPGTSCAHPNSRKQNHLPKLLHP,HPNSRKQNHL,0,C19orf66,pancreatic adenocarcinoma,16,C0701,floor
99593,109,REPHVPGTSCAHPNSRKQNHLPKLLHP,SRKQNHLPKL,0,C19orf66,pancreatic adenocarcinoma,16,A0101,floor
99593,109,REPHVPGTSCAHPNSRKQNHLPKLLHP,SRKQNHLPKL,0,C19orf66,pancreatic adenocarcinoma,16,A0201,floor
99593,74,REPHVPGTSCAHPNSRKQNHLPKLLHP,SRKQNHLPKL,0,C19orf66,pancreatic adenocarcinoma,16,B0801,scoreable
99593,75,REPHVPGTSCAHPNSRKQNHLPKLLHP,SRKQNHLPKL,0,C19orf66,pancreatic adenocarcinoma,16,B2705,scoreable
99593,109,REPHVPGTSCAHPNSRKQNHLPKLLHP,SRKQNHLPKL,0,C19orf66,pancreatic adenocarcinoma,16,C0202,floor
99593,109,REPHVPGTSCAHPNSRKQNHLPKLLHP,SRKQNHLPKL,0,C19orf66,pancreatic adenocarcinoma,16,C0701,floor
99593,109,REPHVPGTSCAHPNSRKQNHLPKLLHP,RKQNHLPKLL,0,C19orf66,pancreatic adenocarcinoma,16,A0101,floor
99593,109,REPHVPGTSCAHPNSRKQNHLPKLLHP,RKQNHLPKLL,0,C19orf66,pancreatic adenocarcinoma,16,A0201,floor
99593,109,REPHVPGTSCAHPNSRKQNHLPKLLHP,RKQNHLPKLL,0,C19orf66,pancreatic adenocarcinoma,16,B0801,floor
99593,75,REPHVPGTSCAHPNSRKQNHLPKLLHP,RKQNHLPKLL,0,C19orf66,pancreatic adenocarcinoma,16,B2705,scoreable
99593,109,REPHVPGTSCAHPNSRKQNHLPKLLHP,RKQNHLPKLL,0,C19orf66,pancreatic adenocarcinoma,16,C0202,floor
99593,109,REPHVPGTSCAHPNSRKQNHLPKLLHP,RKQNHLPKLL,0,C19orf66,pancreatic adenocarcinoma,16,C0701,floor
99593,109,REPHVPGTSCAHPNSRKQNHLPKLLHP,KQNHLPKLLH,0,C19orf66,pancreatic adenocarcinoma,16,A0101,floor
99593,109,REPHVPGTSCAHPNSRKQNHLPKLLHP,KQNHLPKLLH,0,C19orf66,pancreatic adenocarcinoma,16,A0201,floor
99593,109,REPHVPGTSCAHPNSRKQNHLPKLLHP,KQNHLPKLLH,0,C19orf66,pancreatic adenocarcinoma,16,B0801,floor
99593,75,REPHVPGTSCAHPNSRKQNHLPKLLHP,KQNHLPKLLH,0,C19orf66,pancreatic adenocarcinoma,16,B2705,scoreable
99593,109,REPHVPGTSCAHPNSRKQNHLPKLLHP,KQNHLPKLLH,0,C19orf66,pancreatic adenocarcinoma,16,C0202,floor
99593,109,REPHVPGTSCAHPNSRKQNHLPKLLHP,KQNHLPKLLH,0,C19orf66,pancreatic adenocarcinoma,16,C0701,floor
99593,109,REPHVPGTSCAHPNSRKQNHLPKLLHP,SRKQNHLPKLL,0,C19orf66,pancreatic adenocarcinoma,16,A0101,floor
99593,109,REPHVPGTSCAHPNSRKQNHLPKLLHP,SRKQNHLPKLL,0,C19orf66,pancreatic adenocarcinoma,16,A0201,floor
99593,109,REPHVPGTSCAHPNSRKQNHLPKLLHP,SRKQNHLPKLL,0,C19orf66,pancreatic adenocarcinoma,16,B0801,floor
99593,75,REPHVPGTSCAHPNSRKQNHLPKLLHP,SRKQNHLPKLL,0,C19orf66,pancreatic adenocarcinoma,16,B2705,scoreable
99593,109,REPHVPGTSCAHPNSRKQNHLPKLLHP,SRKQNHLPKLL,0,C19orf66,pancreatic adenocarcinoma,16,C0202,floor
99593,109,REPHVPGTSCAHPNSRKQNHLPKLLHP,SRKQNHLPKLL,0,C19orf66,pancreatic adenocarcinoma,16,C0701,floor
99593,109,REPHVPGTSCAHPNSRKQNHLPKLLHP,RKQNHLPKLLH,0,C19orf66,pancreatic adenocarcinoma,16,A0101,floor
99593,109,REPHVPGTSCAHPNSRKQNHLPKLLHP,RKQNHLPKLLH,0,C19orf66,pancreatic adenocarcinoma,16,A0201,floor
99593,109,REPHVPGTSCAHPNSRKQNHLPKLLHP,RKQNHLPKLLH,0,C19orf66,pancreatic adenocarcinoma,16,B0801,floor
99593,75,REPHVPGTSCAHPNSRKQNHLPKLLHP,RKQNHLPKLLH,0,C19orf66,pancreatic adenocarcinoma,16,B2705,scoreable
99593,109,REPHVPGTSCAHPNSRKQNHLPKLLHP,RKQNHLPKLLH,0,C19orf66,pancreatic adenocarcinoma,16,C0202,floor
99593,109,REPHVPGTSCAHPNSRKQNHLPKLLHP,RKQNHLPKLLH,0,C19orf66,pancreatic adenocarcinoma,16,C0701,floor
99593,109,REPHVPGTSCAHPNSRKQNHLPKLLHP,CAHPNSRKQNHL,0,C19orf66,pancreatic adenocarcinoma,16,A0101,floor
99593,109,REPHVPGTSCAHPNSRKQNHLPKLLHP,CAHPNSRKQNHL,0,C19orf66,pancreatic adenocarcinoma,16,A0201,floor
99593,109,REPHVPGTSCAHPNSRKQNHLPKLLHP,CAHPNSRKQNHL,0,C19orf66,pancreatic adenocarcinoma,16,B0801,floor
99593,109,REPHVPGTSCAHPNSRKQNHLPKLLHP,CAHPNSRKQNHL,0,C19orf66,pancreatic adenocarcinoma,16,B2705,floor
99593,76,REPHVPGTSCAHPNSRKQNHLPKLLHP,CAHPNSRKQNHL,0,C19orf66,pancreatic adenocarcinoma,16,C0202,scoreable
99593,109,REPHVPGTSCAHPNSRKQNHLPKLLHP,CAHPNSRKQNHL,0,C19orf66,pancreatic adenocarcinoma,16,C0701,floor
99593,109,REPHVPGTSCAHPNSRKQNHLPKLLHP,HPNSRKQNHLPK,0,C19orf66,pancreatic adenocarcinoma,16,A0101,floor
99593,109,REPHVPGTSCAHPNSRKQNHLPKLLHP,HPNSRKQNHLPK,0,C19orf66,pancreatic adenocarcinoma,16,A0201,floor
99593,109,REPHVPGTSCAHPNSRKQNHLPKLLHP,HPNSRKQNHLPK,0,C19orf66,pancreatic adenocarcinoma,16,B0801,floor
99593,75,REPHVPGTSCAHPNSRKQNHLPKLLHP,HPNSRKQNHLPK,0,C19orf66,pancreatic adenocarcinoma,16,B2705,scoreable
99593,109,REPHVPGTSCAHPNSRKQNHLPKLLHP,HPNSRKQNHLPK,0,C19orf66,pancreatic adenocarcinoma,16,C0202,floor
99593,109,REPHVPGTSCAHPNSRKQNHLPKLLHP,HPNSRKQNHLPK,0,C19orf66,pancreatic adenocarcinoma,16,C0701,floor
99593,109,REPHVPGTSCAHPNSRKQNHLPKLLHP,SRKQNHLPKLLH,0,C19orf66,pancreatic adenocarcinoma,16,A0101,floor
99593,109,REPHVPGTSCAHPNSRKQNHLPKLLHP,SRKQNHLPKLLH,0,C19orf66,pancreatic adenocarcinoma,16,A0201,floor
99593,109,REPHVPGTSCAHPNSRKQNHLPKLLHP,SRKQNHLPKLLH,0,C19orf66,pancreatic adenocarcinoma,16,B0801,floor
99593,75,REPHVPGTSCAHPNSRKQNHLPKLLHP,SRKQNHLPKLLH,0,C19orf66,pancreatic adenocarcinoma,16,B2705,scoreable
99593,109,REPHVPGTSCAHPNSRKQNHLPKLLHP,SRKQNHLPKLLH,0,C19orf66,pancreatic adenocarcinoma,16,C0202,floor
99593,109,REPHVPGTSCAHPNSRKQNHLPKLLHP,SRKQNHLPKLLH,0,C19orf66,pancreatic adenocarcinoma,16,C0701,floor
99593,109,AHPNSRKQNHLPKLLHPSNPHISSGST,HPNSRKQNH,0,C19orf66,pancreatic adenocarcinoma,16,A0101,floor
99593,109,AHPNSRKQNHLPKLLHPSNPHISSGST,HPNSRKQNH,0,C19orf66,pancreatic adenocarcinoma,16,A0201,floor
99593,74,AHPNSRKQNHLPKLLHPSNPHISSGST,HPNSRKQNH,0,C19orf66,pancreatic adenocarcinoma,16,B0801,scoreable
99593,109,AHPNSRKQNHLPKLLHPSNPHISSGST,HPNSRKQNH,0,C19orf66,pancreatic adenocarcinoma,16,B2705,floor
99593,109,AHPNSRKQNHLPKLLHPSNPHISSGST,HPNSRKQNH,0,C19orf66,pancreatic adenocarcinoma,16,C0202,floor
99593,109,AHPNSRKQNHLPKLLHPSNPHISSGST,HPNSRKQNH,0,C19orf66,pancreatic adenocarcinoma,16,C0701,floor
99593,109,AHPNSRKQNHLPKLLHPSNPHISSGST,RKQNHLPKL,0,C19orf66,pancreatic adenocarcinoma,16,A0101,floor
99593,109,AHPNSRKQNHLPKLLHPSNPHISSGST,RKQNHLPKL,0,C19orf66,pancreatic adenocarcinoma,16,A0201,floor
99593,109,AHPNSRKQNHLPKLLHPSNPHISSGST,RKQNHLPKL,0,C19orf66,pancreatic adenocarcinoma,16,B0801,floor
99593,75,AHPNSRKQNHLPKLLHPSNPHISSGST,RKQNHLPKL,0,C19orf66,pancreatic adenocarcinoma,16,B2705,scoreable
99593,109,AHPNSRKQNHLPKLLHPSNPHISSGST,RKQNHLPKL,0,C19orf66,pancreatic adenocarcinoma,16,C0202,floor
99593,109,AHPNSRKQNHLPKLLHPSNPHISSGST,RKQNHLPKL,0,C19orf66,pancreatic adenocarcinoma,16,C0701,floor
99593,109,AHPNSRKQNHLPKLLHPSNPHISSGST,KQNHLPKLL,0,C19orf66,pancreatic adenocarcinoma,16,A0101,floor
99593,73,AHPNSRKQNHLPKLLHPSNPHISSGST,KQNHLPKLL,0,C19orf66,pancreatic adenocarcinoma,16,A0201,scoreable
99593,109,AHPNSRKQNHLPKLLHPSNPHISSGST,KQNHLPKLL,0,C19orf66,pancreatic adenocarcinoma,16,B0801,floor
99593,75,AHPNSRKQNHLPKLLHPSNPHISSGST,KQNHLPKLL,0,C19orf66,pancreatic adenocarcinoma,16,B2705,scoreable
99593,76,AHPNSRKQNHLPKLLHPSNPHISSGST,KQNHLPKLL,0,C19orf66,pancreatic adenocarcinoma,16,C0202,scoreable
99593,109,AHPNSRKQNHLPKLLHPSNPHISSGST,KQNHLPKLL,0,C19orf66,pancreatic adenocarcinoma,16,C0701,floor
99593,109,AHPNSRKQNHLPKLLHPSNPHISSGST,HLPKLLHPS,0,C19orf66,pancreatic adenocarcinoma,16,A0101,floor
99593,73,AHPNSRKQNHLPKLLHPSNPHISSGST,HLPKLLHPS,0,C19orf66,pancreatic adenocarcinoma,16,A0201,scoreable
99593,109,AHPNSRKQNHLPKLLHPSNPHISSGST,HLPKLLHPS,0,C19orf66,pancreatic adenocarcinoma,16,B0801,floor
99593,109,AHPNSRKQNHLPKLLHPSNPHISSGST,HLPKLLHPS,0,C19orf66,pancreatic adenocarcinoma,16,B2705,floor
99593,109,AHPNSRKQNHLPKLLHPSNPHISSGST,HLPKLLHPS,0,C19orf66,pancreatic adenocarcinoma,16,C0202,floor
99593,109,AHPNSRKQNHLPKLLHPSNPHISSGST,HLPKLLHPS,0,C19orf66,pancreatic adenocarcinoma,16,C0701,floor
99593,109,AHPNSRKQNHLPKLLHPSNPHISSGST,KLLHPSNPH,0,C19orf66,pancreatic adenocarcinoma,16,A0101,floor
99593,109,AHPNSRKQNHLPKLLHPSNPHISSGST,KLLHPSNPH,0,C19orf66,pancreatic adenocarcinoma,16,A0201,floor
99593,109,AHPNSRKQNHLPKLLHPSNPHISSGST,KLLHPSNPH,0,C19orf66,pancreatic adenocarcinoma,16,B0801,floor
99593,75,AHPNSRKQNHLPKLLHPSNPHISSGST,KLLHPSNPH,0,C19orf66,pancreatic adenocarcinoma,16,B2705,scoreable
99593,76,AHPNSRKQNHLPKLLHPSNPHISSGST,KLLHPSNPH,0,C19orf66,pancreatic adenocarcinoma,16,C0202,scoreable
99593,109,AHPNSRKQNHLPKLLHPSNPHISSGST,KLLHPSNPH,0,C19orf66,pancreatic adenocarcinoma,16,C0701,floor
99593,109,AHPNSRKQNHLPKLLHPSNPHISSGST,LLHPSNPHI,0,C19orf66,pancreatic adenocarcinoma,16,A0101,floor
99593,73,AHPNSRKQNHLPKLLHPSNPHISSGST,LLHPSNPHI,0,C19orf66,pancreatic adenocarcinoma,16,A0201,scoreable
99593,109,AHPNSRKQNHLPKLLHPSNPHISSGST,LLHPSNPHI,0,C19orf66,pancreatic adenocarcinoma,16,B0801,floor
99593,109,AHPNSRKQNHLPKLLHPSNPHISSGST,LLHPSNPHI,0,C19orf66,pancreatic adenocarcinoma,16,B2705,floor
99593,76,AHPNSRKQNHLPKLLHPSNPHISSGST,LLHPSNPHI,0,C19orf66,pancreatic adenocarcinoma,16,C0202,scoreable
99593,109,AHPNSRKQNHLPKLLHPSNPHISSGST,LLHPSNPHI,0,C19orf66,pancreatic adenocarcinoma,16,C0701,floor
99593,109,AHPNSRKQNHLPKLLHPSNPHISSGST,HPNSRKQNHL,0,C19orf66,pancreatic adenocarcinoma,16,A0101,floor
99593,109,AHPNSRKQNHLPKLLHPSNPHISSGST,HPNSRKQNHL,0,C19orf66,pancreatic adenocarcinoma,16,A0201,floor
99593,74,AHPNSRKQNHLPKLLHPSNPHISSGST,HPNSRKQNHL,0,C19orf66,pancreatic adenocarcinoma,16,B0801,scoreable
99593,109,AHPNSRKQNHLPKLLHPSNPHISSGST,HPNSRKQNHL,0,C19orf66,pancreatic adenocarcinoma,16,B2705,floor
99593,109,AHPNSRKQNHLPKLLHPSNPHISSGST,HPNSRKQNHL,0,C19orf66,pancreatic adenocarcinoma,16,C0202,floor
99593,109,AHPNSRKQNHLPKLLHPSNPHISSGST,HPNSRKQNHL,0,C19orf66,pancreatic adenocarcinoma,16,C0701,floor
99593,109,AHPNSRKQNHLPKLLHPSNPHISSGST,SRKQNHLPKL,0,C19orf66,pancreatic adenocarcinoma,16,A0101,floor
99593,109,AHPNSRKQNHLPKLLHPSNPHISSGST,SRKQNHLPKL,0,C19orf66,pancreatic adenocarcinoma,16,A0201,floor
99593,74,AHPNSRKQNHLPKLLHPSNPHISSGST,SRKQNHLPKL,0,C19orf66,pancreatic adenocarcinoma,16,B0801,scoreable
99593,75,AHPNSRKQNHLPKLLHPSNPHISSGST,SRKQNHLPKL,0,C19orf66,pancreatic adenocarcinoma,16,B2705,scoreable
99593,109,AHPNSRKQNHLPKLLHPSNPHISSGST,SRKQNHLPKL,0,C19orf66,pancreatic adenocarcinoma,16,C0202,floor
99593,109,AHPNSRKQNHLPKLLHPSNPHISSGST,SRKQNHLPKL,0,C19orf66,pancreatic adenocarcinoma,16,C0701,floor
99593,109,AHPNSRKQNHLPKLLHPSNPHISSGST,RKQNHLPKLL,0,C19orf66,pancreatic adenocarcinoma,16,A0101,floor
99593,109,AHPNSRKQNHLPKLLHPSNPHISSGST,RKQNHLPKLL,0,C19orf66,pancreatic adenocarcinoma,16,A0201,floor
99593,109,AHPNSRKQNHLPKLLHPSNPHISSGST,RKQNHLPKLL,0,C19orf66,pancreatic adenocarcinoma,16,B0801,floor
99593,75,AHPNSRKQNHLPKLLHPSNPHISSGST,RKQNHLPKLL,0,C19orf66,pancreatic adenocarcinoma,16,B2705,scoreable
99593,109,AHPNSRKQNHLPKLLHPSNPHISSGST,RKQNHLPKLL,0,C19orf66,pancreatic adenocarcinoma,16,C0202,floor
99593,109,AHPNSRKQNHLPKLLHPSNPHISSGST,RKQNHLPKLL,0,C19orf66,pancreatic adenocarcinoma,16,C0701,floor
99593,109,AHPNSRKQNHLPKLLHPSNPHISSGST,KQNHLPKLLH,0,C19orf66,pancreatic adenocarcinoma,16,A0101,floor
99593,109,AHPNSRKQNHLPKLLHPSNPHISSGST,KQNHLPKLLH,0,C19orf66,pancreatic adenocarcinoma,16,A0201,floor
99593,109,AHPNSRKQNHLPKLLHPSNPHISSGST,KQNHLPKLLH,0,C19orf66,pancreatic adenocarcinoma,16,B0801,floor
99593,75,AHPNSRKQNHLPKLLHPSNPHISSGST,KQNHLPKLLH,0,C19orf66,pancreatic adenocarcinoma,16,B2705,scoreable
99593,109,AHPNSRKQNHLPKLLHPSNPHISSGST,KQNHLPKLLH,0,C19orf66,pancreatic adenocarcinoma,16,C0202,floor
99593,109,AHPNSRKQNHLPKLLHPSNPHISSGST,KQNHLPKLLH,0,C19orf66,pancreatic adenocarcinoma,16,C0701,floor
99593,109,AHPNSRKQNHLPKLLHPSNPHISSGST,KLLHPSNPHI,0,C19orf66,pancreatic adenocarcinoma,16,A0101,floor
99593,73,AHPNSRKQNHLPKLLHPSNPHISSGST,KLLHPSNPHI,0,C19orf66,pancreatic adenocarcinoma,16,A0201,scoreable
99593,109,AHPNSRKQNHLPKLLHPSNPHISSGST,KLLHPSNPHI,0,C19orf66,pancreatic adenocarcinoma,16,B0801,floor
99593,75,AHPNSRKQNHLPKLLHPSNPHISSGST,KLLHPSNPHI,0,C19orf66,pancreatic adenocarcinoma,16,B2705,scoreable
99593,109,AHPNSRKQNHLPKLLHPSNPHISSGST,KLLHPSNPHI,0,C19orf66,pancreatic adenocarcinoma,16,C0202,floor
99593,109,AHPNSRKQNHLPKLLHPSNPHISSGST,KLLHPSNPHI,0,C19orf66,pancreatic adenocarcinoma,16,C0701,floor
99593,109,AHPNSRKQNHLPKLLHPSNPHISSGST,SRKQNHLPKLL,0,C19orf66,pancreatic adenocarcinoma,16,A0101,floor
99593,109,AHPNSRKQNHLPKLLHPSNPHISSGST,SRKQNHLPKLL,0,C19orf66,pancreatic adenocarcinoma,16,A0201,floor
99593,109,AHPNSRKQNHLPKLLHPSNPHISSGST,SRKQNHLPKLL,0,C19orf66,pancreatic adenocarcinoma,16,B0801,floor
99593,75,AHPNSRKQNHLPKLLHPSNPHISSGST,SRKQNHLPKLL,0,C19orf66,pancreatic adenocarcinoma,16,B2705,scoreable
99593,109,AHPNSRKQNHLPKLLHPSNPHISSGST,SRKQNHLPKLL,0,C19orf66,pancreatic adenocarcinoma,16,C0202,floor
99593,109,AHPNSRKQNHLPKLLHPSNPHISSGST,SRKQNHLPKLL,0,C19orf66,pancreatic adenocarcinoma,16,C0701,floor
99593,109,AHPNSRKQNHLPKLLHPSNPHISSGST,RKQNHLPKLLH,0,C19orf66,pancreatic adenocarcinoma,16,A0101,floor
99593,109,AHPNSRKQNHLPKLLHPSNPHISSGST,RKQNHLPKLLH,0,C19orf66,pancreatic adenocarcinoma,16,A0201,floor
99593,109,AHPNSRKQNHLPKLLHPSNPHISSGST,RKQNHLPKLLH,0,C19orf66,pancreatic adenocarcinoma,16,B0801,floor
99593,75,AHPNSRKQNHLPKLLHPSNPHISSGST,RKQNHLPKLLH,0,C19orf66,pancreatic adenocarcinoma,16,B2705,scoreable
99593,109,AHPNSRKQNHLPKLLHPSNPHISSGST,RKQNHLPKLLH,0,C19orf66,pancreatic adenocarcinoma,16,C0202,floor
99593,109,AHPNSRKQNHLPKLLHPSNPHISSGST,RKQNHLPKLLH,0,C19orf66,pancreatic adenocarcinoma,16,C0701,floor
99593,109,AHPNSRKQNHLPKLLHPSNPHISSGST,HPNSRKQNHLPK,0,C19orf66,pancreatic adenocarcinoma,16,A0101,floor
99593,109,AHPNSRKQNHLPKLLHPSNPHISSGST,HPNSRKQNHLPK,0,C19orf66,pancreatic adenocarcinoma,16,A0201,floor
99593,109,AHPNSRKQNHLPKLLHPSNPHISSGST,HPNSRKQNHLPK,0,C19orf66,pancreatic adenocarcinoma,16,B0801,floor
99593,75,AHPNSRKQNHLPKLLHPSNPHISSGST,HPNSRKQNHLPK,0,C19orf66,pancreatic adenocarcinoma,16,B2705,scoreable
99593,109,AHPNSRKQNHLPKLLHPSNPHISSGST,HPNSRKQNHLPK,0,C19orf66,pancreatic adenocarcinoma,16,C0202,floor
99593,109,AHPNSRKQNHLPKLLHPSNPHISSGST,HPNSRKQNHLPK,0,C19orf66,pancreatic adenocarcinoma,16,C0701,floor
99593,109,AHPNSRKQNHLPKLLHPSNPHISSGST,SRKQNHLPKLLH,0,C19orf66,pancreatic adenocarcinoma,16,A0101,floor
99593,109,AHPNSRKQNHLPKLLHPSNPHISSGST,SRKQNHLPKLLH,0,C19orf66,pancreatic adenocarcinoma,16,A0201,floor
99593,109,AHPNSRKQNHLPKLLHPSNPHISSGST,SRKQNHLPKLLH,0,C19orf66,pancreatic adenocarcinoma,16,B0801,floor
99593,75,AHPNSRKQNHLPKLLHPSNPHISSGST,SRKQNHLPKLLH,0,C19orf66,pancreatic adenocarcinoma,16,B2705,scoreable
99593,109,AHPNSRKQNHLPKLLHPSNPHISSGST,SRKQNHLPKLLH,0,C19orf66,pancreatic adenocarcinoma,16,C0202,floor
99593,109,AHPNSRKQNHLPKLLHPSNPHISSGST,SRKQNHLPKLLH,0,C19orf66,pancreatic adenocarcinoma,16,C0701,floor
99593,72,FHAHEEATDKITEHIKEEMSKDQPDYA,EATDKITEH,0,DOCK2,pancreatic adenocarcinoma,16,A0101,scoreable
99593,109,FHAHEEATDKITEHIKEEMSKDQPDYA,EATDKITEH,0,DOCK2,pancreatic adenocarcinoma,16,A0201,floor
99593,109,FHAHEEATDKITEHIKEEMSKDQPDYA,EATDKITEH,0,DOCK2,pancreatic adenocarcinoma,16,B0801,floor
99593,109,FHAHEEATDKITEHIKEEMSKDQPDYA,EATDKITEH,0,DOCK2,pancreatic adenocarcinoma,16,B2705,floor
99593,76,FHAHEEATDKITEHIKEEMSKDQPDYA,EATDKITEH,0,DOCK2,pancreatic adenocarcinoma,16,C0202,scoreable
99593,109,FHAHEEATDKITEHIKEEMSKDQPDYA,EATDKITEH,0,DOCK2,pancreatic adenocarcinoma,16,C0701,floor
99593,72,FHAHEEATDKITEHIKEEMSKDQPDYA,ATDKITEHI,0,DOCK2,pancreatic adenocarcinoma,16,A0101,scoreable
99593,73,FHAHEEATDKITEHIKEEMSKDQPDYA,ATDKITEHI,0,DOCK2,pancreatic adenocarcinoma,16,A0201,scoreable
99593,109,FHAHEEATDKITEHIKEEMSKDQPDYA,ATDKITEHI,0,DOCK2,pancreatic adenocarcinoma,16,B0801,floor
99593,109,FHAHEEATDKITEHIKEEMSKDQPDYA,ATDKITEHI,0,DOCK2,pancreatic adenocarcinoma,16,B2705,floor
99593,76,FHAHEEATDKITEHIKEEMSKDQPDYA,ATDKITEHI,0,DOCK2,pancreatic adenocarcinoma,16,C0202,scoreable
99593,109,FHAHEEATDKITEHIKEEMSKDQPDYA,ATDKITEHI,0,DOCK2,pancreatic adenocarcinoma,16,C0701,floor
99593,72,FHAHEEATDKITEHIKEEMSKDQPDYA,ITEHIKEEM,0,DOCK2,pancreatic adenocarcinoma,16,A0101,scoreable
99593,109,FHAHEEATDKITEHIKEEMSKDQPDYA,ITEHIKEEM,0,DOCK2,pancreatic adenocarcinoma,16,A0201,floor
99593,109,FHAHEEATDKITEHIKEEMSKDQPDYA,ITEHIKEEM,0,DOCK2,pancreatic adenocarcinoma,16,B0801,floor
99593,109,FHAHEEATDKITEHIKEEMSKDQPDYA,ITEHIKEEM,0,DOCK2,pancreatic adenocarcinoma,16,B2705,floor
99593,76,FHAHEEATDKITEHIKEEMSKDQPDYA,ITEHIKEEM,0,DOCK2,pancreatic adenocarcinoma,16,C0202,scoreable
99593,109,FHAHEEATDKITEHIKEEMSKDQPDYA,ITEHIKEEM,0,DOCK2,pancreatic adenocarcinoma,16,C0701,floor
99593,109,FHAHEEATDKITEHIKEEMSKDQPDYA,EHIKEEMSK,0,DOCK2,pancreatic adenocarcinoma,16,A0101,floor
99593,109,FHAHEEATDKITEHIKEEMSKDQPDYA,EHIKEEMSK,0,DOCK2,pancreatic adenocarcinoma,16,A0201,floor
99593,109,FHAHEEATDKITEHIKEEMSKDQPDYA,EHIKEEMSK,0,DOCK2,pancreatic adenocarcinoma,16,B0801,floor
99593,75,FHAHEEATDKITEHIKEEMSKDQPDYA,EHIKEEMSK,0,DOCK2,pancreatic adenocarcinoma,16,B2705,scoreable
99593,109,FHAHEEATDKITEHIKEEMSKDQPDYA,EHIKEEMSK,0,DOCK2,pancreatic adenocarcinoma,16,C0202,floor
99593,109,FHAHEEATDKITEHIKEEMSKDQPDYA,EHIKEEMSK,0,DOCK2,pancreatic adenocarcinoma,16,C0701,floor
99593,109,FHAHEEATDKITEHIKEEMSKDQPDYA,EATDKITEHI,0,DOCK2,pancreatic adenocarcinoma,16,A0101,floor
99593,109,FHAHEEATDKITEHIKEEMSKDQPDYA,EATDKITEHI,0,DOCK2,pancreatic adenocarcinoma,16,A0201,floor
99593,109,FHAHEEATDKITEHIKEEMSKDQPDYA,EATDKITEHI,0,DOCK2,pancreatic adenocarcinoma,16,B0801,floor
99593,109,FHAHEEATDKITEHIKEEMSKDQPDYA,EATDKITEHI,0,DOCK2,pancreatic adenocarcinoma,16,B2705,floor
99593,76,FHAHEEATDKITEHIKEEMSKDQPDYA,EATDKITEHI,0,DOCK2,pancreatic adenocarcinoma,16,C0202,scoreable
99593,109,FHAHEEATDKITEHIKEEMSKDQPDYA,EATDKITEHI,0,DOCK2,pancreatic adenocarcinoma,16,C0701,floor
99593,72,FHAHEEATDKITEHIKEEMSKDQPDYA,ATDKITEHIK,0,DOCK2,pancreatic adenocarcinoma,16,A0101,scoreable
99593,109,FHAHEEATDKITEHIKEEMSKDQPDYA,ATDKITEHIK,0,DOCK2,pancreatic adenocarcinoma,16,A0201,floor
99593,109,FHAHEEATDKITEHIKEEMSKDQPDYA,ATDKITEHIK,0,DOCK2,pancreatic adenocarcinoma,16,B0801,floor
99593,109,FHAHEEATDKITEHIKEEMSKDQPDYA,ATDKITEHIK,0,DOCK2,pancreatic adenocarcinoma,16,B2705,floor
99593,109,FHAHEEATDKITEHIKEEMSKDQPDYA,ATDKITEHIK,0,DOCK2,pancreatic adenocarcinoma,16,C0202,floor
99593,109,FHAHEEATDKITEHIKEEMSKDQPDYA,ATDKITEHIK,0,DOCK2,pancreatic adenocarcinoma,16,C0701,floor
99593,109,FHAHEEATDKITEHIKEEMSKDQPDYA,KITEHIKEEM,0,DOCK2,pancreatic adenocarcinoma,16,A0101,floor
99593,73,FHAHEEATDKITEHIKEEMSKDQPDYA,KITEHIKEEM,0,DOCK2,pancreatic adenocarcinoma,16,A0201,scoreable
99593,109,FHAHEEATDKITEHIKEEMSKDQPDYA,KITEHIKEEM,0,DOCK2,pancreatic adenocarcinoma,16,B0801,floor
99593,109,FHAHEEATDKITEHIKEEMSKDQPDYA,KITEHIKEEM,0,DOCK2,pancreatic adenocarcinoma,16,B2705,floor
99593,76,FHAHEEATDKITEHIKEEMSKDQPDYA,KITEHIKEEM,0,DOCK2,pancreatic adenocarcinoma,16,C0202,scoreable
99593,109,FHAHEEATDKITEHIKEEMSKDQPDYA,KITEHIKEEM,0,DOCK2,pancreatic adenocarcinoma,16,C0701,floor
99593,109,FHAHEEATDKITEHIKEEMSKDQPDYA,TEHIKEEMSK,0,DOCK2,pancreatic adenocarcinoma,16,A0101,floor
99593,109,FHAHEEATDKITEHIKEEMSKDQPDYA,TEHIKEEMSK,0,DOCK2,pancreatic adenocarcinoma,16,A0201,floor
99593,109,FHAHEEATDKITEHIKEEMSKDQPDYA,TEHIKEEMSK,0,DOCK2,pancreatic adenocarcinoma,16,B0801,floor
99593,75,FHAHEEATDKITEHIKEEMSKDQPDYA,TEHIKEEMSK,0,DOCK2,pancreatic adenocarcinoma,16,B2705,scoreable
99593,109,FHAHEEATDKITEHIKEEMSKDQPDYA,TEHIKEEMSK,0,DOCK2,pancreatic adenocarcinoma,16,C0202,floor
99593,109,FHAHEEATDKITEHIKEEMSKDQPDYA,TEHIKEEMSK,0,DOCK2,pancreatic adenocarcinoma,16,C0701,floor
99593,72,FHAHEEATDKITEHIKEEMSKDQPDYA,ITEHIKEEMSK,0,DOCK2,pancreatic adenocarcinoma,16,A0101,scoreable
99593,109,FHAHEEATDKITEHIKEEMSKDQPDYA,ITEHIKEEMSK,0,DOCK2,pancreatic adenocarcinoma,16,A0201,floor
99593,109,FHAHEEATDKITEHIKEEMSKDQPDYA,ITEHIKEEMSK,0,DOCK2,pancreatic adenocarcinoma,16,B0801,floor
99593,109,FHAHEEATDKITEHIKEEMSKDQPDYA,ITEHIKEEMSK,0,DOCK2,pancreatic adenocarcinoma,16,B2705,floor
99593,109,FHAHEEATDKITEHIKEEMSKDQPDYA,ITEHIKEEMSK,0,DOCK2,pancreatic adenocarcinoma,16,C0202,floor
99593,109,FHAHEEATDKITEHIKEEMSKDQPDYA,ITEHIKEEMSK,0,DOCK2,pancreatic adenocarcinoma,16,C0701,floor
99593,109,FHAHEEATDKITEHIKEEMSKDQPDYA,KITEHIKEEMSK,0,DOCK2,pancreatic adenocarcinoma,16,A0101,floor
99593,109,FHAHEEATDKITEHIKEEMSKDQPDYA,KITEHIKEEMSK,0,DOCK2,pancreatic adenocarcinoma,16,A0201,floor
99593,109,FHAHEEATDKITEHIKEEMSKDQPDYA,KITEHIKEEMSK,0,DOCK2,pancreatic adenocarcinoma,16,B0801,floor
99593,75,FHAHEEATDKITEHIKEEMSKDQPDYA,KITEHIKEEMSK,0,DOCK2,pancreatic adenocarcinoma,16,B2705,scoreable
99593,109,FHAHEEATDKITEHIKEEMSKDQPDYA,KITEHIKEEMSK,0,DOCK2,pancreatic adenocarcinoma,16,C0202,floor
99593,109,FHAHEEATDKITEHIKEEMSKDQPDYA,KITEHIKEEMSK,0,DOCK2,pancreatic adenocarcinoma,16,C0701,floor
99593,109,VISPCLLDFLEKAPETIPITPVERNYT,FLEKAPETI,0,KIAA1109,pancreatic adenocarcinoma,16,A0101,floor
99593,73,VISPCLLDFLEKAPETIPITPVERNYT,FLEKAPETI,0,KIAA1109,pancreatic adenocarcinoma,16,A0201,scoreable
99593,109,VISPCLLDFLEKAPETIPITPVERNYT,FLEKAPETI,0,KIAA1109,pancreatic adenocarcinoma,16,B0801,floor
99593,109,VISPCLLDFLEKAPETIPITPVERNYT,FLEKAPETI,0,KIAA1109,pancreatic adenocarcinoma,16,B2705,floor
99593,76,VISPCLLDFLEKAPETIPITPVERNYT,FLEKAPETI,0,KIAA1109,pancreatic adenocarcinoma,16,C0202,scoreable
99593,109,VISPCLLDFLEKAPETIPITPVERNYT,FLEKAPETI,0,KIAA1109,pancreatic adenocarcinoma,16,C0701,floor
99593,109,VISPCLLDFLEKAPETIPITPVERNYT,KAPETIPIT,0,KIAA1109,pancreatic adenocarcinoma,16,A0101,floor
99593,73,VISPCLLDFLEKAPETIPITPVERNYT,KAPETIPIT,0,KIAA1109,pancreatic adenocarcinoma,16,A0201,scoreable
99593,109,VISPCLLDFLEKAPETIPITPVERNYT,KAPETIPIT,0,KIAA1109,pancreatic adenocarcinoma,16,B0801,floor
99593,109,VISPCLLDFLEKAPETIPITPVERNYT,KAPETIPIT,0,KIAA1109,pancreatic adenocarcinoma,16,B2705,floor
99593,109,VISPCLLDFLEKAPETIPITPVERNYT,KAPETIPIT,0,KIAA1109,pancreatic adenocarcinoma,16,C0202,floor
99593,109,VISPCLLDFLEKAPETIPITPVERNYT,KAPETIPIT,0,KIAA1109,pancreatic adenocarcinoma,16,C0701,floor
99593,109,VISPCLLDFLEKAPETIPITPVERNYT,APETIPITPV,0,KIAA1109,pancreatic adenocarcinoma,16,A0101,floor
99593,109,VISPCLLDFLEKAPETIPITPVERNYT,APETIPITPV,0,KIAA1109,pancreatic adenocarcinoma,16,A0201,floor
99593,74,VISPCLLDFLEKAPETIPITPVERNYT,APETIPITPV,0,KIAA1109,pancreatic adenocarcinoma,16,B0801,scoreable
99593,109,VISPCLLDFLEKAPETIPITPVERNYT,APETIPITPV,0,KIAA1109,pancreatic adenocarcinoma,16,B2705,floor
99593,109,VISPCLLDFLEKAPETIPITPVERNYT,APETIPITPV,0,KIAA1109,pancreatic adenocarcinoma,16,C0202,floor
99593,109,VISPCLLDFLEKAPETIPITPVERNYT,APETIPITPV,0,KIAA1109,pancreatic adenocarcinoma,16,C0701,floor
99593,109,VISPCLLDFLEKAPETIPITPVERNYT,FLEKAPETIPI,0,KIAA1109,pancreatic adenocarcinoma,16,A0101,floor
99593,73,VISPCLLDFLEKAPETIPITPVERNYT,FLEKAPETIPI,0,KIAA1109,pancreatic adenocarcinoma,16,A0201,scoreable
99593,109,VISPCLLDFLEKAPETIPITPVERNYT,FLEKAPETIPI,0,KIAA1109,pancreatic adenocarcinoma,16,B0801,floor
99593,109,VISPCLLDFLEKAPETIPITPVERNYT,FLEKAPETIPI,0,KIAA1109,pancreatic adenocarcinoma,16,B2705,floor
99593,109,VISPCLLDFLEKAPETIPITPVERNYT,FLEKAPETIPI,0,KIAA1109,pancreatic adenocarcinoma,16,C0202,floor
99593,109,VISPCLLDFLEKAPETIPITPVERNYT,FLEKAPETIPI,0,KIAA1109,pancreatic adenocarcinoma,16,C0701,floor
99593,109,VISPCLLDFLEKAPETIPITPVERNYT,KAPETIPITPV,0,KIAA1109,pancreatic adenocarcinoma,16,A0101,floor
99593,73,VISPCLLDFLEKAPETIPITPVERNYT,KAPETIPITPV,0,KIAA1109,pancreatic adenocarcinoma,16,A0201,scoreable
99593,109,VISPCLLDFLEKAPETIPITPVERNYT,KAPETIPITPV,0,KIAA1109,pancreatic adenocarcinoma,16,B0801,floor
99593,109,VISPCLLDFLEKAPETIPITPVERNYT,KAPETIPITPV,0,KIAA1109,pancreatic adenocarcinoma,16,B2705,floor
99593,76,VISPCLLDFLEKAPETIPITPVERNYT,KAPETIPITPV,0,KIAA1109,pancreatic adenocarcinoma,16,C0202,scoreable
99593,109,VISPCLLDFLEKAPETIPITPVERNYT,KAPETIPITPV,0,KIAA1109,pancreatic adenocarcinoma,16,C0701,floor
99593,109,IINKHTDESLGDCAFLNTCFHMDTCKY,ESLGDCAFL,1,METTL3,pancreatic adenocarcinoma,16,A0101,floor
99593,109,IINKHTDESLGDCAFLNTCFHMDTCKY,ESLGDCAFL,1,METTL3,pancreatic adenocarcinoma,16,A0201,floor
99593,109,IINKHTDESLGDCAFLNTCFHMDTCKY,ESLGDCAFL,1,METTL3,pancreatic adenocarcinoma,16,B0801,floor
99593,109,IINKHTDESLGDCAFLNTCFHMDTCKY,ESLGDCAFL,1,METTL3,pancreatic adenocarcinoma,16,B2705,floor
99593,76,IINKHTDESLGDCAFLNTCFHMDTCKY,ESLGDCAFL,1,METTL3,pancreatic adenocarcinoma,16,C0202,scoreable
99593,109,IINKHTDESLGDCAFLNTCFHMDTCKY,ESLGDCAFL,1,METTL3,pancreatic adenocarcinoma,16,C0701,floor
99593,109,IINKHTDESLGDCAFLNTCFHMDTCKY,CAFLNTCFH,1,METTL3,pancreatic adenocarcinoma,16,A0101,floor
99593,109,IINKHTDESLGDCAFLNTCFHMDTCKY,CAFLNTCFH,1,METTL3,pancreatic adenocarcinoma,16,A0201,floor
99593,109,IINKHTDESLGDCAFLNTCFHMDTCKY,CAFLNTCFH,1,METTL3,pancreatic adenocarcinoma,16,B0801,floor
99593,109,IINKHTDESLGDCAFLNTCFHMDTCKY,CAFLNTCFH,1,METTL3,pancreatic adenocarcinoma,16,B2705,floor
99593,76,IINKHTDESLGDCAFLNTCFHMDTCKY,CAFLNTCFH,1,METTL3,pancreatic adenocarcinoma,16,C0202,scoreable
99593,109,IINKHTDESLGDCAFLNTCFHMDTCKY,CAFLNTCFH,1,METTL3,pancreatic adenocarcinoma,16,C0701,floor
99593,109,IINKHTDESLGDCAFLNTCFHMDTCKY,AFLNTCFHM,1,METTL3,pancreatic adenocarcinoma,16,A0101,floor
99593,73,IINKHTDESLGDCAFLNTCFHMDTCKY,AFLNTCFHM,1,METTL3,pancreatic adenocarcinoma,16,A0201,scoreable
99593,109,IINKHTDESLGDCAFLNTCFHMDTCKY,AFLNTCFHM,1,METTL3,pancreatic adenocarcinoma,16,B0801,floor
99593,75,IINKHTDESLGDCAFLNTCFHMDTCKY,AFLNTCFHM,1,METTL3,pancreatic adenocarcinoma,16,B2705,scoreable
99593,109,IINKHTDESLGDCAFLNTCFHMDTCKY,AFLNTCFHM,1,METTL3,pancreatic adenocarcinoma,16,C0202,floor
99593,109,IINKHTDESLGDCAFLNTCFHMDTCKY,AFLNTCFHM,1,METTL3,pancreatic adenocarcinoma,16,C0701,floor
99593,72,IINKHTDESLGDCAFLNTCFHMDTCKY,HTDESLGDCA,1,METTL3,pancreatic adenocarcinoma,16,A0101,scoreable
99593,109,IINKHTDESLGDCAFLNTCFHMDTCKY,HTDESLGDCA,1,METTL3,pancreatic adenocarcinoma,16,A0201,floor
99593,109,IINKHTDESLGDCAFLNTCFHMDTCKY,HTDESLGDCA,1,METTL3,pancreatic adenocarcinoma,16,B0801,floor
99593,109,IINKHTDESLGDCAFLNTCFHMDTCKY,HTDESLGDCA,1,METTL3,pancreatic adenocarcinoma,16,B2705,floor
99593,76,IINKHTDESLGDCAFLNTCFHMDTCKY,HTDESLGDCA,1,METTL3,pancreatic adenocarcinoma,16,C0202,scoreable
99593,109,IINKHTDESLGDCAFLNTCFHMDTCKY,HTDESLGDCA,1,METTL3,pancreatic adenocarcinoma,16,C0701,floor
99593,109,IINKHTDESLGDCAFLNTCFHMDTCKY,SLGDCAFLNT,1,METTL3,pancreatic adenocarcinoma,16,A0101,floor
99593,73,IINKHTDESLGDCAFLNTCFHMDTCKY,SLGDCAFLNT,1,METTL3,pancreatic adenocarcinoma,16,A0201,scoreable
99593,109,IINKHTDESLGDCAFLNTCFHMDTCKY,SLGDCAFLNT,1,METTL3,pancreatic adenocarcinoma,16,B0801,floor
99593,109,IINKHTDESLGDCAFLNTCFHMDTCKY,SLGDCAFLNT,1,METTL3,pancreatic adenocarcinoma,16,B2705,floor
99593,109,IINKHTDESLGDCAFLNTCFHMDTCKY,SLGDCAFLNT,1,METTL3,pancreatic adenocarcinoma,16,C0202,floor
99593,109,IINKHTDESLGDCAFLNTCFHMDTCKY,SLGDCAFLNT,1,METTL3,pancreatic adenocarcinoma,16,C0701,floor
99593,109,IINKHTDESLGDCAFLNTCFHMDTCKY,CAFLNTCFHM,1,METTL3,pancreatic adenocarcinoma,16,A0101,floor
99593,73,IINKHTDESLGDCAFLNTCFHMDTCKY,CAFLNTCFHM,1,METTL3,pancreatic adenocarcinoma,16,A0201,scoreable
99593,109,IINKHTDESLGDCAFLNTCFHMDTCKY,CAFLNTCFHM,1,METTL3,pancreatic adenocarcinoma,16,B0801,floor
99593,109,IINKHTDESLGDCAFLNTCFHMDTCKY,CAFLNTCFHM,1,METTL3,pancreatic adenocarcinoma,16,B2705,floor
99593,76,IINKHTDESLGDCAFLNTCFHMDTCKY,CAFLNTCFHM,1,METTL3,pancreatic adenocarcinoma,16,C0202,scoreable
99593,109,IINKHTDESLGDCAFLNTCFHMDTCKY,CAFLNTCFHM,1,METTL3,pancreatic adenocarcinoma,16,C0701,floor
99593,72,IINKHTDESLGDCAFLNTCFHMDTCKY,HTDESLGDCAF,1,METTL3,pancreatic adenocarcinoma,16,A0101,scoreable
99593,73,IINKHTDESLGDCAFLNTCFHMDTCKY,HTDESLGDCAF,1,METTL3,pancreatic adenocarcinoma,16,A0201,scoreable
99593,109,IINKHTDESLGDCAFLNTCFHMDTCKY,HTDESLGDCAF,1,METTL3,pancreatic adenocarcinoma,16,B0801,floor
99593,109,IINKHTDESLGDCAFLNTCFHMDTCKY,HTDESLGDCAF,1,METTL3,pancreatic adenocarcinoma,16,B2705,floor
99593,76,IINKHTDESLGDCAFLNTCFHMDTCKY,HTDESLGDCAF,1,METTL3,pancreatic adenocarcinoma,16,C0202,scoreable
99593,109,IINKHTDESLGDCAFLNTCFHMDTCKY,HTDESLGDCAF,1,METTL3,pancreatic adenocarcinoma,16,C0701,floor
99593,109,IINKHTDESLGDCAFLNTCFHMDTCKY,SLGDCAFLNTC,1,METTL3,pancreatic adenocarcinoma,16,A0101,floor
99593,73,IINKHTDESLGDCAFLNTCFHMDTCKY,SLGDCAFLNTC,1,METTL3,pancreatic adenocarcinoma,16,A0201,scoreable
99593,109,IINKHTDESLGDCAFLNTCFHMDTCKY,SLGDCAFLNTC,1,METTL3,pancreatic adenocarcinoma,16,B0801,floor
99593,109,IINKHTDESLGDCAFLNTCFHMDTCKY,SLGDCAFLNTC,1,METTL3,pancreatic adenocarcinoma,16,B2705,floor
99593,109,IINKHTDESLGDCAFLNTCFHMDTCKY,SLGDCAFLNTC,1,METTL3,pancreatic adenocarcinoma,16,C0202,floor
99593,109,IINKHTDESLGDCAFLNTCFHMDTCKY,SLGDCAFLNTC,1,METTL3,pancreatic adenocarcinoma,16,C0701,floor
99593,72,IINKHTDESLGDCAFLNTCFHMDTCKY,LGDCAFLNTCF,1,METTL3,pancreatic adenocarcinoma,16,A0101,scoreable
99593,109,IINKHTDESLGDCAFLNTCFHMDTCKY,LGDCAFLNTCF,1,METTL3,pancreatic adenocarcinoma,16,A0201,floor
99593,109,IINKHTDESLGDCAFLNTCFHMDTCKY,LGDCAFLNTCF,1,METTL3,pancreatic adenocarcinoma,16,B0801,floor
99593,109,IINKHTDESLGDCAFLNTCFHMDTCKY,LGDCAFLNTCF,1,METTL3,pancreatic adenocarcinoma,16,B2705,floor
99593,76,IINKHTDESLGDCAFLNTCFHMDTCKY,LGDCAFLNTCF,1,METTL3,pancreatic adenocarcinoma,16,C0202,scoreable
99593,109,IINKHTDESLGDCAFLNTCFHMDTCKY,LGDCAFLNTCF,1,METTL3,pancreatic adenocarcinoma,16,C0701,floor
99593,109,IINKHTDESLGDCAFLNTCFHMDTCKY,KHTDESLGDCAF,1,METTL3,pancreatic adenocarcinoma,16,A0101,floor
99593,109,IINKHTDESLGDCAFLNTCFHMDTCKY,KHTDESLGDCAF,1,METTL3,pancreatic adenocarcinoma,16,A0201,floor
99593,109,IINKHTDESLGDCAFLNTCFHMDTCKY,KHTDESLGDCAF,1,METTL3,pancreatic adenocarcinoma,16,B0801,floor
99593,75,IINKHTDESLGDCAFLNTCFHMDTCKY,KHTDESLGDCAF,1,METTL3,pancreatic adenocarcinoma,16,B2705,scoreable
99593,109,IINKHTDESLGDCAFLNTCFHMDTCKY,KHTDESLGDCAF,1,METTL3,pancreatic adenocarcinoma,16,C0202,floor
99593,109,IINKHTDESLGDCAFLNTCFHMDTCKY,KHTDESLGDCAF,1,METTL3,pancreatic adenocarcinoma,16,C0701,floor
99593,72,IINKHTDESLGDCAFLNTCFHMDTCKY,HTDESLGDCAFL,1,METTL3,pancreatic adenocarcinoma,16,A0101,scoreable
99593,109,IINKHTDESLGDCAFLNTCFHMDTCKY,HTDESLGDCAFL,1,METTL3,pancreatic adenocarcinoma,16,A0201,floor
99593,109,IINKHTDESLGDCAFLNTCFHMDTCKY,HTDESLGDCAFL,1,METTL3,pancreatic adenocarcinoma,16,B0801,floor
99593,109,IINKHTDESLGDCAFLNTCFHMDTCKY,HTDESLGDCAFL,1,METTL3,pancreatic adenocarcinoma,16,B2705,floor
99593,76,IINKHTDESLGDCAFLNTCFHMDTCKY,HTDESLGDCAFL,1,METTL3,pancreatic adenocarcinoma,16,C0202,scoreable
99593,109,IINKHTDESLGDCAFLNTCFHMDTCKY,HTDESLGDCAFL,1,METTL3,pancreatic adenocarcinoma,16,C0701,floor
99593,109,IINKHTDESLGDCAFLNTCFHMDTCKY,SLGDCAFLNTCF,1,METTL3,pancreatic adenocarcinoma,16,A0101,floor
99593,109,IINKHTDESLGDCAFLNTCFHMDTCKY,SLGDCAFLNTCF,1,METTL3,pancreatic adenocarcinoma,16,A0201,floor
99593,109,IINKHTDESLGDCAFLNTCFHMDTCKY,SLGDCAFLNTCF,1,METTL3,pancreatic adenocarcinoma,16,B0801,floor
99593,109,IINKHTDESLGDCAFLNTCFHMDTCKY,SLGDCAFLNTCF,1,METTL3,pancreatic adenocarcinoma,16,B2705,floor
99593,76,IINKHTDESLGDCAFLNTCFHMDTCKY,SLGDCAFLNTCF,1,METTL3,pancreatic adenocarcinoma,16,C0202,scoreable
99593,109,IINKHTDESLGDCAFLNTCFHMDTCKY,SLGDCAFLNTCF,1,METTL3,pancreatic adenocarcinoma,16,C0701,floor
99593,109,RDKEPVFAVTGMPKNVDRAREEIEAHI,VFAVTGMPK,0,MEX3D,pancreatic adenocarcinoma,16,A0101,floor
99593,109,RDKEPVFAVTGMPKNVDRAREEIEAHI,VFAVTGMPK,0,MEX3D,pancreatic adenocarcinoma,16,A0201,floor
99593,109,RDKEPVFAVTGMPKNVDRAREEIEAHI,VFAVTGMPK,0,MEX3D,pancreatic adenocarcinoma,16,B0801,floor
99593,75,RDKEPVFAVTGMPKNVDRAREEIEAHI,VFAVTGMPK,0,MEX3D,pancreatic adenocarcinoma,16,B2705,scoreable
99593,109,RDKEPVFAVTGMPKNVDRAREEIEAHI,VFAVTGMPK,0,MEX3D,pancreatic adenocarcinoma,16,C0202,floor
99593,109,RDKEPVFAVTGMPKNVDRAREEIEAHI,VFAVTGMPK,0,MEX3D,pancreatic adenocarcinoma,16,C0701,floor
99593,109,RDKEPVFAVTGMPKNVDRAREEIEAHI,AVTGMPKNV,0,MEX3D,pancreatic adenocarcinoma,16,A0101,floor
99593,73,RDKEPVFAVTGMPKNVDRAREEIEAHI,AVTGMPKNV,0,MEX3D,pancreatic adenocarcinoma,16,A0201,scoreable
99593,109,RDKEPVFAVTGMPKNVDRAREEIEAHI,AVTGMPKNV,0,MEX3D,pancreatic adenocarcinoma,16,B0801,floor
99593,109,RDKEPVFAVTGMPKNVDRAREEIEAHI,AVTGMPKNV,0,MEX3D,pancreatic adenocarcinoma,16,B2705,floor
99593,109,RDKEPVFAVTGMPKNVDRAREEIEAHI,AVTGMPKNV,0,MEX3D,pancreatic adenocarcinoma,16,C0202,floor
99593,109,RDKEPVFAVTGMPKNVDRAREEIEAHI,AVTGMPKNV,0,MEX3D,pancreatic adenocarcinoma,16,C0701,floor
99593,109,RDKEPVFAVTGMPKNVDRAREEIEAHI,GMPKNVDRA,0,MEX3D,pancreatic adenocarcinoma,16,A0101,floor
99593,73,RDKEPVFAVTGMPKNVDRAREEIEAHI,GMPKNVDRA,0,MEX3D,pancreatic adenocarcinoma,16,A0201,scoreable
99593,109,RDKEPVFAVTGMPKNVDRAREEIEAHI,GMPKNVDRA,0,MEX3D,pancreatic adenocarcinoma,16,B0801,floor
99593,109,RDKEPVFAVTGMPKNVDRAREEIEAHI,GMPKNVDRA,0,MEX3D,pancreatic adenocarcinoma,16,B2705,floor
99593,109,RDKEPVFAVTGMPKNVDRAREEIEAHI,GMPKNVDRA,0,MEX3D,pancreatic adenocarcinoma,16,C0202,floor
99593,109,RDKEPVFAVTGMPKNVDRAREEIEAHI,GMPKNVDRA,0,MEX3D,pancreatic adenocarcinoma,16,C0701,floor
99593,109,RDKEPVFAVTGMPKNVDRAREEIEAHI,MPKNVDRAR,0,MEX3D,pancreatic adenocarcinoma,16,A0101,floor
99593,109,RDKEPVFAVTGMPKNVDRAREEIEAHI,MPKNVDRAR,0,MEX3D,pancreatic adenocarcinoma,16,A0201,floor
99593,74,RDKEPVFAVTGMPKNVDRAREEIEAHI,MPKNVDRAR,0,MEX3D,pancreatic adenocarcinoma,16,B0801,scoreable
99593,109,RDKEPVFAVTGMPKNVDRAREEIEAHI,MPKNVDRAR,0,MEX3D,pancreatic adenocarcinoma,16,B2705,floor
99593,109,RDKEPVFAVTGMPKNVDRAREEIEAHI,MPKNVDRAR,0,MEX3D,pancreatic adenocarcinoma,16,C0202,floor
99593,109,RDKEPVFAVTGMPKNVDRAREEIEAHI,MPKNVDRAR,0,MEX3D,pancreatic adenocarcinoma,16,C0701,floor
99593,109,RDKEPVFAVTGMPKNVDRAREEIEAHI,PVFAVTGMPK,0,MEX3D,pancreatic adenocarcinoma,16,A0101,floor
99593,109,RDKEPVFAVTGMPKNVDRAREEIEAHI,PVFAVTGMPK,0,MEX3D,pancreatic adenocarcinoma,16,A0201,floor
99593,109,RDKEPVFAVTGMPKNVDRAREEIEAHI,PVFAVTGMPK,0,MEX3D,pancreatic adenocarcinoma,16,B0801,floor
99593,75,RDKEPVFAVTGMPKNVDRAREEIEAHI,PVFAVTGMPK,0,MEX3D,pancreatic adenocarcinoma,16,B2705,scoreable
99593,109,RDKEPVFAVTGMPKNVDRAREEIEAHI,PVFAVTGMPK,0,MEX3D,pancreatic adenocarcinoma,16,C0202,floor
99593,109,RDKEPVFAVTGMPKNVDRAREEIEAHI,PVFAVTGMPK,0,MEX3D,pancreatic adenocarcinoma,16,C0701,floor
99593,109,RDKEPVFAVTGMPKNVDRAREEIEAHI,FAVTGMPKNV,0,MEX3D,pancreatic adenocarcinoma,16,A0101,floor
99593,73,RDKEPVFAVTGMPKNVDRAREEIEAHI,FAVTGMPKNV,0,MEX3D,pancreatic adenocarcinoma,16,A0201,scoreable
99593,109,RDKEPVFAVTGMPKNVDRAREEIEAHI,FAVTGMPKNV,0,MEX3D,pancreatic adenocarcinoma,16,B0801,floor
99593,109,RDKEPVFAVTGMPKNVDRAREEIEAHI,FAVTGMPKNV,0,MEX3D,pancreatic adenocarcinoma,16,B2705,floor
99593,76,RDKEPVFAVTGMPKNVDRAREEIEAHI,FAVTGMPKNV,0,MEX3D,pancreatic adenocarcinoma,16,C0202,scoreable
99593,109,RDKEPVFAVTGMPKNVDRAREEIEAHI,FAVTGMPKNV,0,MEX3D,pancreatic adenocarcinoma,16,C0701,floor
99593,109,RDKEPVFAVTGMPKNVDRAREEIEAHI,KEPVFAVTGMPK,0,MEX3D,pancreatic adenocarcinoma,16,A0101,floor
99593,109,RDKEPVFAVTGMPKNVDRAREEIEAHI,KEPVFAVTGMPK,0,MEX3D,pancreatic adenocarcinoma,16,A0201,floor
99593,109,RDKEPVFAVTGMPKNVDRAREEIEAHI,KEPVFAVTGMPK,0,MEX3D,pancreatic adenocarcinoma,16,B0801,floor
99593,75,RDKEPVFAVTGMPKNVDRAREEIEAHI,KEPVFAVTGMPK,0,MEX3D,pancreatic adenocarcinoma,16,B2705,scoreable
99593,109,RDKEPVFAVTGMPKNVDRAREEIEAHI,KEPVFAVTGMPK,0,MEX3D,pancreatic adenocarcinoma,16,C0202,floor
99593,109,RDKEPVFAVTGMPKNVDRAREEIEAHI,KEPVFAVTGMPK,0,MEX3D,pancreatic adenocarcinoma,16,C0701,floor
99593,109,RDKEPVFAVTGMPKNVDRAREEIEAHI,FAVTGMPKNVDR,0,MEX3D,pancreatic adenocarcinoma,16,A0101,floor
99593,109,RDKEPVFAVTGMPKNVDRAREEIEAHI,FAVTGMPKNVDR,0,MEX3D,pancreatic adenocarcinoma,16,A0201,floor
99593,109,RDKEPVFAVTGMPKNVDRAREEIEAHI,FAVTGMPKNVDR,0,MEX3D,pancreatic adenocarcinoma,16,B0801,floor
99593,109,RDKEPVFAVTGMPKNVDRAREEIEAHI,FAVTGMPKNVDR,0,MEX3D,pancreatic adenocarcinoma,16,B2705,floor
99593,76,RDKEPVFAVTGMPKNVDRAREEIEAHI,FAVTGMPKNVDR,0,MEX3D,pancreatic adenocarcinoma,16,C0202,scoreable
99593,109,RDKEPVFAVTGMPKNVDRAREEIEAHI,FAVTGMPKNVDR,0,MEX3D,pancreatic adenocarcinoma,16,C0701,floor
99593,109,RDKEPVFAVTGMPKNVDRAREEIEAHI,MPKNVDRAREEI,0,MEX3D,pancreatic adenocarcinoma,16,A0101,floor
99593,109,RDKEPVFAVTGMPKNVDRAREEIEAHI,MPKNVDRAREEI,0,MEX3D,pancreatic adenocarcinoma,16,A0201,floor
99593,74,RDKEPVFAVTGMPKNVDRAREEIEAHI,MPKNVDRAREEI,0,MEX3D,pancreatic adenocarcinoma,16,B0801,scoreable
99593,109,RDKEPVFAVTGMPKNVDRAREEIEAHI,MPKNVDRAREEI,0,MEX3D,pancreatic adenocarcinoma,16,B2705,floor
99593,109,RDKEPVFAVTGMPKNVDRAREEIEAHI,MPKNVDRAREEI,0,MEX3D,pancreatic adenocarcinoma,16,C0202,floor
99593,109,RDKEPVFAVTGMPKNVDRAREEIEAHI,MPKNVDRAREEI,0,MEX3D,pancreatic adenocarcinoma,16,C0701,floor
99593,109,NTVAQKLCHLLGMKVMEFTRAILTPRI,KLCHLLGMK,0,MYH10,pancreatic adenocarcinoma,16,A0101,floor
99593,73,NTVAQKLCHLLGMKVMEFTRAILTPRI,KLCHLLGMK,0,MYH10,pancreatic adenocarcinoma,16,A0201,scoreable
99593,109,NTVAQKLCHLLGMKVMEFTRAILTPRI,KLCHLLGMK,0,MYH10,pancreatic adenocarcinoma,16,B0801,floor
99593,75,NTVAQKLCHLLGMKVMEFTRAILTPRI,KLCHLLGMK,0,MYH10,pancreatic adenocarcinoma,16,B2705,scoreable
99593,109,NTVAQKLCHLLGMKVMEFTRAILTPRI,KLCHLLGMK,0,MYH10,pancreatic adenocarcinoma,16,C0202,floor
99593,109,NTVAQKLCHLLGMKVMEFTRAILTPRI,KLCHLLGMK,0,MYH10,pancreatic adenocarcinoma,16,C0701,floor
99593,109,NTVAQKLCHLLGMKVMEFTRAILTPRI,LCHLLGMKV,0,MYH10,pancreatic adenocarcinoma,16,A0101,floor
99593,73,NTVAQKLCHLLGMKVMEFTRAILTPRI,LCHLLGMKV,0,MYH10,pancreatic adenocarcinoma,16,A0201,scoreable
99593,109,NTVAQKLCHLLGMKVMEFTRAILTPRI,LCHLLGMKV,0,MYH10,pancreatic adenocarcinoma,16,B0801,floor
99593,109,NTVAQKLCHLLGMKVMEFTRAILTPRI,LCHLLGMKV,0,MYH10,pancreatic adenocarcinoma,16,B2705,floor
99593,109,NTVAQKLCHLLGMKVMEFTRAILTPRI,LCHLLGMKV,0,MYH10,pancreatic adenocarcinoma,16,C0202,floor
99593,109,NTVAQKLCHLLGMKVMEFTRAILTPRI,LCHLLGMKV,0,MYH10,pancreatic adenocarcinoma,16,C0701,floor
99593,109,NTVAQKLCHLLGMKVMEFTRAILTPRI,LLGMKVMEF,0,MYH10,pancreatic adenocarcinoma,16,A0101,floor
99593,73,NTVAQKLCHLLGMKVMEFTRAILTPRI,LLGMKVMEF,0,MYH10,pancreatic adenocarcinoma,16,A0201,scoreable
99593,109,NTVAQKLCHLLGMKVMEFTRAILTPRI,LLGMKVMEF,0,MYH10,pancreatic adenocarcinoma,16,B0801,floor
99593,109,NTVAQKLCHLLGMKVMEFTRAILTPRI,LLGMKVMEF,0,MYH10,pancreatic adenocarcinoma,16,B2705,floor
99593,76,NTVAQKLCHLLGMKVMEFTRAILTPRI,LLGMKVMEF,0,MYH10,pancreatic adenocarcinoma,16,C0202,scoreable
99593,109,NTVAQKLCHLLGMKVMEFTRAILTPRI,LLGMKVMEF,0,MYH10,pancreatic adenocarcinoma,16,C0701,floor
99593,109,NTVAQKLCHLLGMKVMEFTRAILTPRI,KVMEFTRAI,0,MYH10,pancreatic adenocarcinoma,16,A0101,floor
99593,73,NTVAQKLCHLLGMKVMEFTRAILTPRI,KVMEFTRAI,0,MYH10,pancreatic adenocarcinoma,16,A0201,scoreable
99593,74,NTVAQKLCHLLGMKVMEFTRAILTPRI,KVMEFTRAI,0,MYH10,pancreatic adenocarcinoma,16,B0801,scoreable
99593,75,NTVAQKLCHLLGMKVMEFTRAILTPRI,KVMEFTRAI,0,MYH10,pancreatic adenocarcinoma,16,B2705,scoreable
99593,76,NTVAQKLCHLLGMKVMEFTRAILTPRI,KVMEFTRAI,0,MYH10,pancreatic adenocarcinoma,16,C0202,scoreable
99593,109,NTVAQKLCHLLGMKVMEFTRAILTPRI,KVMEFTRAI,0,MYH10,pancreatic adenocarcinoma,16,C0701,floor
99593,109,NTVAQKLCHLLGMKVMEFTRAILTPRI,QKLCHLLGMK,0,MYH10,pancreatic adenocarcinoma,16,A0101,floor
99593,109,NTVAQKLCHLLGMKVMEFTRAILTPRI,QKLCHLLGMK,0,MYH10,pancreatic adenocarcinoma,16,A0201,floor
99593,109,NTVAQKLCHLLGMKVMEFTRAILTPRI,QKLCHLLGMK,0,MYH10,pancreatic adenocarcinoma,16,B0801,floor
99593,75,NTVAQKLCHLLGMKVMEFTRAILTPRI,QKLCHLLGMK,0,MYH10,pancreatic adenocarcinoma,16,B2705,scoreable
99593,109,NTVAQKLCHLLGMKVMEFTRAILTPRI,QKLCHLLGMK,0,MYH10,pancreatic adenocarcinoma,16,C0202,floor
99593,109,NTVAQKLCHLLGMKVMEFTRAILTPRI,QKLCHLLGMK,0,MYH10,pancreatic adenocarcinoma,16,C0701,floor
99593,109,NTVAQKLCHLLGMKVMEFTRAILTPRI,KLCHLLGMKV,0,MYH10,pancreatic adenocarcinoma,16,A0101,floor
99593,73,NTVAQKLCHLLGMKVMEFTRAILTPRI,KLCHLLGMKV,0,MYH10,pancreatic adenocarcinoma,16,A0201,scoreable
99593,109,NTVAQKLCHLLGMKVMEFTRAILTPRI,KLCHLLGMKV,0,MYH10,pancreatic adenocarcinoma,16,B0801,floor
99593,109,NTVAQKLCHLLGMKVMEFTRAILTPRI,KLCHLLGMKV,0,MYH10,pancreatic adenocarcinoma,16,B2705,floor
99593,109,NTVAQKLCHLLGMKVMEFTRAILTPRI,KLCHLLGMKV,0,MYH10,pancreatic adenocarcinoma,16,C0202,floor
99593,109,NTVAQKLCHLLGMKVMEFTRAILTPRI,KLCHLLGMKV,0,MYH10,pancreatic adenocarcinoma,16,C0701,floor
99593,109,NTVAQKLCHLLGMKVMEFTRAILTPRI,HLLGMKVMEF,0,MYH10,pancreatic adenocarcinoma,16,A0101,floor
99593,73,NTVAQKLCHLLGMKVMEFTRAILTPRI,HLLGMKVMEF,0,MYH10,pancreatic adenocarcinoma,16,A0201,scoreable
99593,74,NTVAQKLCHLLGMKVMEFTRAILTPRI,HLLGMKVMEF,0,MYH10,pancreatic adenocarcinoma,16,B0801,scoreable
99593,75,NTVAQKLCHLLGMKVMEFTRAILTPRI,HLLGMKVMEF,0,MYH10,pancreatic adenocarcinoma,16,B2705,scoreable
99593,76,NTVAQKLCHLLGMKVMEFTRAILTPRI,HLLGMKVMEF,0,MYH10,pancreatic adenocarcinoma,16,C0202,scoreable
99593,109,NTVAQKLCHLLGMKVMEFTRAILTPRI,HLLGMKVMEF,0,MYH10,pancreatic adenocarcinoma,16,C0701,floor
99593,109,NTVAQKLCHLLGMKVMEFTRAILTPRI,KVMEFTRAIL,0,MYH10,pancreatic adenocarcinoma,16,A0101,floor
99593,73,NTVAQKLCHLLGMKVMEFTRAILTPRI,KVMEFTRAIL,0,MYH10,pancreatic adenocarcinoma,16,A0201,scoreable
99593,74,NTVAQKLCHLLGMKVMEFTRAILTPRI,KVMEFTRAIL,0,MYH10,pancreatic adenocarcinoma,16,B0801,scoreable
99593,75,NTVAQKLCHLLGMKVMEFTRAILTPRI,KVMEFTRAIL,0,MYH10,pancreatic adenocarcinoma,16,B2705,scoreable
99593,76,NTVAQKLCHLLGMKVMEFTRAILTPRI,KVMEFTRAIL,0,MYH10,pancreatic adenocarcinoma,16,C0202,scoreable
99593,77,NTVAQKLCHLLGMKVMEFTRAILTPRI,KVMEFTRAIL,0,MYH10,pancreatic adenocarcinoma,16,C0701,scoreable
99593,109,NTVAQKLCHLLGMKVMEFTRAILTPRI,AQKLCHLLGMK,0,MYH10,pancreatic adenocarcinoma,16,A0101,floor
99593,109,NTVAQKLCHLLGMKVMEFTRAILTPRI,AQKLCHLLGMK,0,MYH10,pancreatic adenocarcinoma,16,A0201,floor
99593,109,NTVAQKLCHLLGMKVMEFTRAILTPRI,AQKLCHLLGMK,0,MYH10,pancreatic adenocarcinoma,16,B0801,floor
99593,75,NTVAQKLCHLLGMKVMEFTRAILTPRI,AQKLCHLLGMK,0,MYH10,pancreatic adenocarcinoma,16,B2705,scoreable
99593,109,NTVAQKLCHLLGMKVMEFTRAILTPRI,AQKLCHLLGMK,0,MYH10,pancreatic adenocarcinoma,16,C0202,floor
99593,109,NTVAQKLCHLLGMKVMEFTRAILTPRI,AQKLCHLLGMK,0,MYH10,pancreatic adenocarcinoma,16,C0701,floor
99593,72,DDPSIIPILYDHEYATFEDILEEIERK,IPILYDHEY,0,NELF,pancreatic adenocarcinoma,16,A0101,scoreable
99593,109,DDPSIIPILYDHEYATFEDILEEIERK,IPILYDHEY,0,NELF,pancreatic adenocarcinoma,16,A0201,floor
99593,109,DDPSIIPILYDHEYATFEDILEEIERK,IPILYDHEY,0,NELF,pancreatic adenocarcinoma,16,B0801,floor
99593,109,DDPSIIPILYDHEYATFEDILEEIERK,IPILYDHEY,0,NELF,pancreatic adenocarcinoma,16,B2705,floor
99593,76,DDPSIIPILYDHEYATFEDILEEIERK,IPILYDHEY,0,NELF,pancreatic adenocarcinoma,16,C0202,scoreable
99593,109,DDPSIIPILYDHEYATFEDILEEIERK,IPILYDHEY,0,NELF,pancreatic adenocarcinoma,16,C0701,floor
99593,109,DDPSIIPILYDHEYATFEDILEEIERK,ILYDHEYAT,0,NELF,pancreatic adenocarcinoma,16,A0101,floor
99593,73,DDPSIIPILYDHEYATFEDILEEIERK,ILYDHEYAT,0,NELF,pancreatic adenocarcinoma,16,A0201,scoreable
99593,109,DDPSIIPILYDHEYATFEDILEEIERK,ILYDHEYAT,0,NELF,pancreatic adenocarcinoma,16,B0801,floor
99593,109,DDPSIIPILYDHEYATFEDILEEIERK,ILYDHEYAT,0,NELF,pancreatic adenocarcinoma,16,B2705,floor
99593,109,DDPSIIPILYDHEYATFEDILEEIERK,ILYDHEYAT,0,NELF,pancreatic adenocarcinoma,16,C0202,floor
99593,109,DDPSIIPILYDHEYATFEDILEEIERK,ILYDHEYAT,0,NELF,pancreatic adenocarcinoma,16,C0701,floor
99593,72,DDPSIIPILYDHEYATFEDILEEIERK,LYDHEYATF,0,NELF,pancreatic adenocarcinoma,16,A0101,scoreable
99593,73,DDPSIIPILYDHEYATFEDILEEIERK,LYDHEYATF,0,NELF,pancreatic adenocarcinoma,16,A0201,scoreable
99593,109,DDPSIIPILYDHEYATFEDILEEIERK,LYDHEYATF,0,NELF,pancreatic adenocarcinoma,16,B0801,floor
99593,109,DDPSIIPILYDHEYATFEDILEEIERK,LYDHEYATF,0,NELF,pancreatic adenocarcinoma,16,B2705,floor
99593,109,DDPSIIPILYDHEYATFEDILEEIERK,LYDHEYATF,0,NELF,pancreatic adenocarcinoma,16,C0202,floor
99593,109,DDPSIIPILYDHEYATFEDILEEIERK,LYDHEYATF,0,NELF,pancreatic adenocarcinoma,16,C0701,floor
99593,72,DDPSIIPILYDHEYATFEDILEEIERK,IIPILYDHEY,0,NELF,pancreatic adenocarcinoma,16,A0101,scoreable
99593,109,DDPSIIPILYDHEYATFEDILEEIERK,IIPILYDHEY,0,NELF,pancreatic adenocarcinoma,16,A0201,floor
99593,109,DDPSIIPILYDHEYATFEDILEEIERK,IIPILYDHEY,0,NELF,pancreatic adenocarcinoma,16,B0801,floor
99593,109,DDPSIIPILYDHEYATFEDILEEIERK,IIPILYDHEY,0,NELF,pancreatic adenocarcinoma,16,B2705,floor
99593,76,DDPSIIPILYDHEYATFEDILEEIERK,IIPILYDHEY,0,NELF,pancreatic adenocarcinoma,16,C0202,scoreable
99593,109,DDPSIIPILYDHEYATFEDILEEIERK,IIPILYDHEY,0,NELF,pancreatic adenocarcinoma,16,C0701,floor
99593,109,DDPSIIPILYDHEYATFEDILEEIERK,ILYDHEYATF,0,NELF,pancreatic adenocarcinoma,16,A0101,floor
99593,73,DDPSIIPILYDHEYATFEDILEEIERK,ILYDHEYATF,0,NELF,pancreatic adenocarcinoma,16,A0201,scoreable
99593,74,DDPSIIPILYDHEYATFEDILEEIERK,ILYDHEYATF,0,NELF,pancreatic adenocarcinoma,16,B0801,scoreable
99593,109,DDPSIIPILYDHEYATFEDILEEIERK,ILYDHEYATF,0,NELF,pancreatic adenocarcinoma,16,B2705,floor
99593,76,DDPSIIPILYDHEYATFEDILEEIERK,ILYDHEYATF,0,NELF,pancreatic adenocarcinoma,16,C0202,scoreable
99593,77,DDPSIIPILYDHEYATFEDILEEIERK,ILYDHEYATF,0,NELF,pancreatic adenocarcinoma,16,C0701,scoreable
99593,72,DDPSIIPILYDHEYATFEDILEEIERK,SIIPILYDHEY,0,NELF,pancreatic adenocarcinoma,16,A0101,scoreable
99593,109,DDPSIIPILYDHEYATFEDILEEIERK,SIIPILYDHEY,0,NELF,pancreatic adenocarcinoma,16,A0201,floor
99593,109,DDPSIIPILYDHEYATFEDILEEIERK,SIIPILYDHEY,0,NELF,pancreatic adenocarcinoma,16,B0801,floor
99593,109,DDPSIIPILYDHEYATFEDILEEIERK,SIIPILYDHEY,0,NELF,pancreatic adenocarcinoma,16,B2705,floor
99593,76,DDPSIIPILYDHEYATFEDILEEIERK,SIIPILYDHEY,0,NELF,pancreatic adenocarcinoma,16,C0202,scoreable
99593,109,DDPSIIPILYDHEYATFEDILEEIERK,SIIPILYDHEY,0,NELF,pancreatic adenocarcinoma,16,C0701,floor
99593,109,DDPSIIPILYDHEYATFEDILEEIERK,YATFEDILEEI,0,NELF,pancreatic adenocarcinoma,16,A0101,floor
99593,109,DDPSIIPILYDHEYATFEDILEEIERK,YATFEDILEEI,0,NELF,pancreatic adenocarcinoma,16,A0201,floor
99593,109,DDPSIIPILYDHEYATFEDILEEIERK,YATFEDILEEI,0,NELF,pancreatic adenocarcinoma,16,B0801,floor
99593,109,DDPSIIPILYDHEYATFEDILEEIERK,YATFEDILEEI,0,NELF,pancreatic adenocarcinoma,16,B2705,floor
99593,76,DDPSIIPILYDHEYATFEDILEEIERK,YATFEDILEEI,0,NELF,pancreatic adenocarcinoma,16,C0202,scoreable
99593,109,DDPSIIPILYDHEYATFEDILEEIERK,YATFEDILEEI,0,NELF,pancreatic adenocarcinoma,16,C0701,floor
99593,109,KTEKDIFSDINLKRENILQFLTAEERK,LKRENILQF,0,TGFBR2,pancreatic adenocarcinoma,16,A0101,floor
99593,109,KTEKDIFSDINLKRENILQFLTAEERK,LKRENILQF,0,TGFBR2,pancreatic adenocarcinoma,16,A0201,floor
99593,74,KTEKDIFSDINLKRENILQFLTAEERK,LKRENILQF,0,TGFBR2,pancreatic adenocarcinoma,16,B0801,scoreable
99593,75,KTEKDIFSDINLKRENILQFLTAEERK,LKRENILQF,0,TGFBR2,pancreatic adenocarcinoma,16,B2705,scoreable
99593,76,KTEKDIFSDINLKRENILQFLTAEERK,LKRENILQF,0,TGFBR2,pancreatic adenocarcinoma,16,C0202,scoreable
99593,109,KTEKDIFSDINLKRENILQFLTAEERK,LKRENILQF,0,TGFBR2,pancreatic adenocarcinoma,16,C0701,floor
99593,109,KTEKDIFSDINLKRENILQFLTAEERK,KRENILQFL,0,TGFBR2,pancreatic adenocarcinoma,16,A0101,floor
99593,109,KTEKDIFSDINLKRENILQFLTAEERK,KRENILQFL,0,TGFBR2,pancreatic adenocarcinoma,16,A0201,floor
99593,109,KTEKDIFSDINLKRENILQFLTAEERK,KRENILQFL,0,TGFBR2,pancreatic adenocarcinoma,16,B0801,floor
99593,75,KTEKDIFSDINLKRENILQFLTAEERK,KRENILQFL,0,TGFBR2,pancreatic adenocarcinoma,16,B2705,scoreable
99593,109,KTEKDIFSDINLKRENILQFLTAEERK,KRENILQFL,0,TGFBR2,pancreatic adenocarcinoma,16,C0202,floor
99593,109,KTEKDIFSDINLKRENILQFLTAEERK,KRENILQFL,0,TGFBR2,pancreatic adenocarcinoma,16,C0701,floor
99593,109,KTEKDIFSDINLKRENILQFLTAEERK,RENILQFLT,0,TGFBR2,pancreatic adenocarcinoma,16,A0101,floor
99593,109,KTEKDIFSDINLKRENILQFLTAEERK,RENILQFLT,0,TGFBR2,pancreatic adenocarcinoma,16,A0201,floor
99593,109,KTEKDIFSDINLKRENILQFLTAEERK,RENILQFLT,0,TGFBR2,pancreatic adenocarcinoma,16,B0801,floor
99593,75,KTEKDIFSDINLKRENILQFLTAEERK,RENILQFLT,0,TGFBR2,pancreatic adenocarcinoma,16,B2705,scoreable
99593,109,KTEKDIFSDINLKRENILQFLTAEERK,RENILQFLT,0,TGFBR2,pancreatic adenocarcinoma,16,C0202,floor
99593,109,KTEKDIFSDINLKRENILQFLTAEERK,RENILQFLT,0,TGFBR2,pancreatic adenocarcinoma,16,C0701,floor
99593,109,KTEKDIFSDINLKRENILQFLTAEERK,NLKRENILQF,0,TGFBR2,pancreatic adenocarcinoma,16,A0101,floor
99593,109,KTEKDIFSDINLKRENILQFLTAEERK,NLKRENILQF,0,TGFBR2,pancreatic adenocarcinoma,16,A0201,floor
99593,109,KTEKDIFSDINLKRENILQFLTAEERK,NLKRENILQF,0,TGFBR2,pancreatic adenocarcinoma,16,B0801,floor
99593,109,KTEKDIFSDINLKRENILQFLTAEERK,NLKRENILQF,0,TGFBR2,pancreatic adenocarcinoma,16,B2705,floor
99593,76,KTEKDIFSDINLKRENILQFLTAEERK,NLKRENILQF,0,TGFBR2,pancreatic adenocarcinoma,16,C0202,scoreable
99593,109,KTEKDIFSDINLKRENILQFLTAEERK,NLKRENILQF,0,TGFBR2,pancreatic adenocarcinoma,16,C0701,floor
99593,109,KTEKDIFSDINLKRENILQFLTAEERK,KRENILQFLT,0,TGFBR2,pancreatic adenocarcinoma,16,A0101,floor
99593,109,KTEKDIFSDINLKRENILQFLTAEERK,KRENILQFLT,0,TGFBR2,pancreatic adenocarcinoma,16,A0201,floor
99593,109,KTEKDIFSDINLKRENILQFLTAEERK,KRENILQFLT,0,TGFBR2,pancreatic adenocarcinoma,16,B0801,floor
99593,75,KTEKDIFSDINLKRENILQFLTAEERK,KRENILQFLT,0,TGFBR2,pancreatic adenocarcinoma,16,B2705,scoreable
99593,109,KTEKDIFSDINLKRENILQFLTAEERK,KRENILQFLT,0,TGFBR2,pancreatic adenocarcinoma,16,C0202,floor
99593,109,KTEKDIFSDINLKRENILQFLTAEERK,KRENILQFLT,0,TGFBR2,pancreatic adenocarcinoma,16,C0701,floor
99593,109,KTEKDIFSDINLKRENILQFLTAEERK,KDIFSDINLKR,0,TGFBR2,pancreatic adenocarcinoma,16,A0101,floor
99593,109,KTEKDIFSDINLKRENILQFLTAEERK,KDIFSDINLKR,0,TGFBR2,pancreatic adenocarcinoma,16,A0201,floor
99593,109,KTEKDIFSDINLKRENILQFLTAEERK,KDIFSDINLKR,0,TGFBR2,pancreatic adenocarcinoma,16,B0801,floor
99593,75,KTEKDIFSDINLKRENILQFLTAEERK,KDIFSDINLKR,0,TGFBR2,pancreatic adenocarcinoma,16,B2705,scoreable
99593,109,KTEKDIFSDINLKRENILQFLTAEERK,KDIFSDINLKR,0,TGFBR2,pancreatic adenocarcinoma,16,C0202,floor
99593,109,KTEKDIFSDINLKRENILQFLTAEERK,KDIFSDINLKR,0,TGFBR2,pancreatic adenocarcinoma,16,C0701,floor
99593,72,KTEKDIFSDINLKRENILQFLTAEERK,FSDINLKRENI,0,TGFBR2,pancreatic adenocarcinoma,16,A0101,scoreable
99593,109,KTEKDIFSDINLKRENILQFLTAEERK,FSDINLKRENI,0,TGFBR2,pancreatic adenocarcinoma,16,A0201,floor
99593,109,KTEKDIFSDINLKRENILQFLTAEERK,FSDINLKRENI,0,TGFBR2,pancreatic adenocarcinoma,16,B0801,floor
99593,109,KTEKDIFSDINLKRENILQFLTAEERK,FSDINLKRENI,0,TGFBR2,pancreatic adenocarcinoma,16,B2705,floor
99593,109,KTEKDIFSDINLKRENILQFLTAEERK,FSDINLKRENI,0,TGFBR2,pancreatic adenocarcinoma,16,C0202,floor
99593,109,KTEKDIFSDINLKRENILQFLTAEERK,FSDINLKRENI,0,TGFBR2,pancreatic adenocarcinoma,16,C0701,floor
99593,109,KTEKDIFSDINLKRENILQFLTAEERK,KRENILQFLTA,0,TGFBR2,pancreatic adenocarcinoma,16,A0101,floor
99593,109,KTEKDIFSDINLKRENILQFLTAEERK,KRENILQFLTA,0,TGFBR2,pancreatic adenocarcinoma,16,A0201,floor
99593,109,KTEKDIFSDINLKRENILQFLTAEERK,KRENILQFLTA,0,TGFBR2,pancreatic adenocarcinoma,16,B0801,floor
99593,75,KTEKDIFSDINLKRENILQFLTAEERK,KRENILQFLTA,0,TGFBR2,pancreatic adenocarcinoma,16,B2705,scoreable
99593,109,KTEKDIFSDINLKRENILQFLTAEERK,KRENILQFLTA,0,TGFBR2,pancreatic adenocarcinoma,16,C0202,floor
99593,109,KTEKDIFSDINLKRENILQFLTAEERK,KRENILQFLTA,0,TGFBR2,pancreatic adenocarcinoma,16,C0701,floor
99593,72,KTEKDIFSDINLKRENILQFLTAEERK,FSDINLKRENIL,0,TGFBR2,pancreatic adenocarcinoma,16,A0101,scoreable
99593,109,KTEKDIFSDINLKRENILQFLTAEERK,FSDINLKRENIL,0,TGFBR2,pancreatic adenocarcinoma,16,A0201,floor
99593,109,KTEKDIFSDINLKRENILQFLTAEERK,FSDINLKRENIL,0,TGFBR2,pancreatic adenocarcinoma,16,B0801,floor
99593,109,KTEKDIFSDINLKRENILQFLTAEERK,FSDINLKRENIL,0,TGFBR2,pancreatic adenocarcinoma,16,B2705,floor
99593,109,KTEKDIFSDINLKRENILQFLTAEERK,FSDINLKRENIL,0,TGFBR2,pancreatic adenocarcinoma,16,C0202,floor
99593,109,KTEKDIFSDINLKRENILQFLTAEERK,FSDINLKRENIL,0,TGFBR2,pancreatic adenocarcinoma,16,C0701,floor
99593,109,ASMLNDELSHINAWLNMGILGSYDPQQ,ELSHINAWL,1,TRAF7,pancreatic adenocarcinoma,16,A0101,floor
99593,73,ASMLNDELSHINAWLNMGILGSYDPQQ,ELSHINAWL,1,TRAF7,pancreatic adenocarcinoma,16,A0201,scoreable
99593,109,ASMLNDELSHINAWLNMGILGSYDPQQ,ELSHINAWL,1,TRAF7,pancreatic adenocarcinoma,16,B0801,floor
99593,109,ASMLNDELSHINAWLNMGILGSYDPQQ,ELSHINAWL,1,TRAF7,pancreatic adenocarcinoma,16,B2705,floor
99593,76,ASMLNDELSHINAWLNMGILGSYDPQQ,ELSHINAWL,1,TRAF7,pancreatic adenocarcinoma,16,C0202,scoreable
99593,109,ASMLNDELSHINAWLNMGILGSYDPQQ,ELSHINAWL,1,TRAF7,pancreatic adenocarcinoma,16,C0701,floor
99593,109,ASMLNDELSHINAWLNMGILGSYDPQQ,INAWLNMGI,1,TRAF7,pancreatic adenocarcinoma,16,A0101,floor
99593,73,ASMLNDELSHINAWLNMGILGSYDPQQ,INAWLNMGI,1,TRAF7,pancreatic adenocarcinoma,16,A0201,scoreable
99593,109,ASMLNDELSHINAWLNMGILGSYDPQQ,INAWLNMGI,1,TRAF7,pancreatic adenocarcinoma,16,B0801,floor
99593,109,ASMLNDELSHINAWLNMGILGSYDPQQ,INAWLNMGI,1,TRAF7,pancreatic adenocarcinoma,16,B2705,floor
99593,109,ASMLNDELSHINAWLNMGILGSYDPQQ,INAWLNMGI,1,TRAF7,pancreatic adenocarcinoma,16,C0202,floor
99593,109,ASMLNDELSHINAWLNMGILGSYDPQQ,INAWLNMGI,1,TRAF7,pancreatic adenocarcinoma,16,C0701,floor
99593,109,ASMLNDELSHINAWLNMGILGSYDPQQ,NAWLNMGIL,1,TRAF7,pancreatic adenocarcinoma,16,A0101,floor
99593,109,ASMLNDELSHINAWLNMGILGSYDPQQ,NAWLNMGIL,1,TRAF7,pancreatic adenocarcinoma,16,A0201,floor
99593,109,ASMLNDELSHINAWLNMGILGSYDPQQ,NAWLNMGIL,1,TRAF7,pancreatic adenocarcinoma,16,B0801,floor
99593,109,ASMLNDELSHINAWLNMGILGSYDPQQ,NAWLNMGIL,1,TRAF7,pancreatic adenocarcinoma,16,B2705,floor
99593,76,ASMLNDELSHINAWLNMGILGSYDPQQ,NAWLNMGIL,1,TRAF7,pancreatic adenocarcinoma,16,C0202,scoreable
99593,109,ASMLNDELSHINAWLNMGILGSYDPQQ,NAWLNMGIL,1,TRAF7,pancreatic adenocarcinoma,16,C0701,floor
99593,109,ASMLNDELSHINAWLNMGILGSYDPQQ,WLNMGILGS,1,TRAF7,pancreatic adenocarcinoma,16,A0101,floor
99593,73,ASMLNDELSHINAWLNMGILGSYDPQQ,WLNMGILGS,1,TRAF7,pancreatic adenocarcinoma,16,A0201,scoreable
99593,109,ASMLNDELSHINAWLNMGILGSYDPQQ,WLNMGILGS,1,TRAF7,pancreatic adenocarcinoma,16,B0801,floor
99593,109,ASMLNDELSHINAWLNMGILGSYDPQQ,WLNMGILGS,1,TRAF7,pancreatic adenocarcinoma,16,B2705,floor
99593,109,ASMLNDELSHINAWLNMGILGSYDPQQ,WLNMGILGS,1,TRAF7,pancreatic adenocarcinoma,16,C0202,floor
99593,109,ASMLNDELSHINAWLNMGILGSYDPQQ,WLNMGILGS,1,TRAF7,pancreatic adenocarcinoma,16,C0701,floor
99593,109,ASMLNDELSHINAWLNMGILGSYDPQQ,LSHINAWLNM,1,TRAF7,pancreatic adenocarcinoma,16,A0101,floor
99593,109,ASMLNDELSHINAWLNMGILGSYDPQQ,LSHINAWLNM,1,TRAF7,pancreatic adenocarcinoma,16,A0201,floor
99593,109,ASMLNDELSHINAWLNMGILGSYDPQQ,LSHINAWLNM,1,TRAF7,pancreatic adenocarcinoma,16,B0801,floor
99593,109,ASMLNDELSHINAWLNMGILGSYDPQQ,LSHINAWLNM,1,TRAF7,pancreatic adenocarcinoma,16,B2705,floor
99593,76,ASMLNDELSHINAWLNMGILGSYDPQQ,LSHINAWLNM,1,TRAF7,pancreatic adenocarcinoma,16,C0202,scoreable
99593,109,ASMLNDELSHINAWLNMGILGSYDPQQ,LSHINAWLNM,1,TRAF7,pancreatic adenocarcinoma,16,C0701,floor
99593,109,ASMLNDELSHINAWLNMGILGSYDPQQ,HINAWLNMGI,1,TRAF7,pancreatic adenocarcinoma,16,A0101,floor
99593,73,ASMLNDELSHINAWLNMGILGSYDPQQ,HINAWLNMGI,1,TRAF7,pancreatic adenocarcinoma,16,A0201,scoreable
99593,109,ASMLNDELSHINAWLNMGILGSYDPQQ,HINAWLNMGI,1,TRAF7,pancreatic adenocarcinoma,16,B0801,floor
99593,109,ASMLNDELSHINAWLNMGILGSYDPQQ,HINAWLNMGI,1,TRAF7,pancreatic adenocarcinoma,16,B2705,floor
99593,76,ASMLNDELSHINAWLNMGILGSYDPQQ,HINAWLNMGI,1,TRAF7,pancreatic adenocarcinoma,16,C0202,scoreable
99593,109,ASMLNDELSHINAWLNMGILGSYDPQQ,HINAWLNMGI,1,TRAF7,pancreatic adenocarcinoma,16,C0701,floor
99593,72,ASMLNDELSHINAWLNMGILGSYDPQQ,WLNMGILGSY,1,TRAF7,pancreatic adenocarcinoma,16,A0101,scoreable
99593,73,ASMLNDELSHINAWLNMGILGSYDPQQ,WLNMGILGSY,1,TRAF7,pancreatic adenocarcinoma,16,A0201,scoreable
99593,109,ASMLNDELSHINAWLNMGILGSYDPQQ,WLNMGILGSY,1,TRAF7,pancreatic adenocarcinoma,16,B0801,floor
99593,109,ASMLNDELSHINAWLNMGILGSYDPQQ,WLNMGILGSY,1,TRAF7,pancreatic adenocarcinoma,16,B2705,floor
99593,76,ASMLNDELSHINAWLNMGILGSYDPQQ,WLNMGILGSY,1,TRAF7,pancreatic adenocarcinoma,16,C0202,scoreable
99593,109,ASMLNDELSHINAWLNMGILGSYDPQQ,WLNMGILGSY,1,TRAF7,pancreatic adenocarcinoma,16,C0701,floor
99593,72,ASMLNDELSHINAWLNMGILGSYDPQQ,LNDELSHINAW,1,TRAF7,pancreatic adenocarcinoma,16,A0101,scoreable
99593,109,ASMLNDELSHINAWLNMGILGSYDPQQ,LNDELSHINAW,1,TRAF7,pancreatic adenocarcinoma,16,A0201,floor
99593,109,ASMLNDELSHINAWLNMGILGSYDPQQ,LNDELSHINAW,1,TRAF7,pancreatic adenocarcinoma,16,B0801,floor
99593,109,ASMLNDELSHINAWLNMGILGSYDPQQ,LNDELSHINAW,1,TRAF7,pancreatic adenocarcinoma,16,B2705,floor
99593,109,ASMLNDELSHINAWLNMGILGSYDPQQ,LNDELSHINAW,1,TRAF7,pancreatic adenocarcinoma,16,C0202,floor
99593,109,ASMLNDELSHINAWLNMGILGSYDPQQ,LNDELSHINAW,1,TRAF7,pancreatic adenocarcinoma,16,C0701,floor
99593,72,ASMLNDELSHINAWLNMGILGSYDPQQ,MLNDELSHINAW,1,TRAF7,pancreatic adenocarcinoma,16,A0101,scoreable
99593,73,ASMLNDELSHINAWLNMGILGSYDPQQ,MLNDELSHINAW,1,TRAF7,pancreatic adenocarcinoma,16,A0201,scoreable
99593,109,ASMLNDELSHINAWLNMGILGSYDPQQ,MLNDELSHINAW,1,TRAF7,pancreatic adenocarcinoma,16,B0801,floor
99593,109,ASMLNDELSHINAWLNMGILGSYDPQQ,MLNDELSHINAW,1,TRAF7,pancreatic adenocarcinoma,16,B2705,floor
99593,76,ASMLNDELSHINAWLNMGILGSYDPQQ,MLNDELSHINAW,1,TRAF7,pancreatic adenocarcinoma,16,C0202,scoreable
99593,109,ASMLNDELSHINAWLNMGILGSYDPQQ,MLNDELSHINAW,1,TRAF7,pancreatic adenocarcinoma,16,C0701,floor
99593,72,ASMLNDELSHINAWLNMGILGSYDPQQ,NAWLNMGILGSY,1,TRAF7,pancreatic adenocarcinoma,16,A0101,scoreable
99593,109,ASMLNDELSHINAWLNMGILGSYDPQQ,NAWLNMGILGSY,1,TRAF7,pancreatic adenocarcinoma,16,A0201,floor
99593,109,ASMLNDELSHINAWLNMGILGSYDPQQ,NAWLNMGILGSY,1,TRAF7,pancreatic adenocarcinoma,16,B0801,floor
99593,109,ASMLNDELSHINAWLNMGILGSYDPQQ,NAWLNMGILGSY,1,TRAF7,pancreatic adenocarcinoma,16,B2705,floor
99593,76,ASMLNDELSHINAWLNMGILGSYDPQQ,NAWLNMGILGSY,1,TRAF7,pancreatic adenocarcinoma,16,C0202,scoreable
99593,109,ASMLNDELSHINAWLNMGILGSYDPQQ,NAWLNMGILGSY,1,TRAF7,pancreatic adenocarcinoma,16,C0701,floor
99593,109,RGFRYPEAAGPREVLSRLRELCGQWLQ,EAAGPREVL,0,ZKSCAN4,pancreatic adenocarcinoma,16,A0101,floor
99593,109,RGFRYPEAAGPREVLSRLRELCGQWLQ,EAAGPREVL,0,ZKSCAN4,pancreatic adenocarcinoma,16,A0201,floor
99593,109,RGFRYPEAAGPREVLSRLRELCGQWLQ,EAAGPREVL,0,ZKSCAN4,pancreatic adenocarcinoma,16,B0801,floor
99593,109,RGFRYPEAAGPREVLSRLRELCGQWLQ,EAAGPREVL,0,ZKSCAN4,pancreatic adenocarcinoma,16,B2705,floor
99593,76,RGFRYPEAAGPREVLSRLRELCGQWLQ,EAAGPREVL,0,ZKSCAN4,pancreatic adenocarcinoma,16,C0202,scoreable
99593,109,RGFRYPEAAGPREVLSRLRELCGQWLQ,EAAGPREVL,0,ZKSCAN4,pancreatic adenocarcinoma,16,C0701,floor
99593,109,RGFRYPEAAGPREVLSRLRELCGQWLQ,GPREVLSRL,0,ZKSCAN4,pancreatic adenocarcinoma,16,A0101,floor
99593,109,RGFRYPEAAGPREVLSRLRELCGQWLQ,GPREVLSRL,0,ZKSCAN4,pancreatic adenocarcinoma,16,A0201,floor
99593,74,RGFRYPEAAGPREVLSRLRELCGQWLQ,GPREVLSRL,0,ZKSCAN4,pancreatic adenocarcinoma,16,B0801,scoreable
99593,109,RGFRYPEAAGPREVLSRLRELCGQWLQ,GPREVLSRL,0,ZKSCAN4,pancreatic adenocarcinoma,16,B2705,floor
99593,76,RGFRYPEAAGPREVLSRLRELCGQWLQ,GPREVLSRL,0,ZKSCAN4,pancreatic adenocarcinoma,16,C0202,scoreable
99593,109,RGFRYPEAAGPREVLSRLRELCGQWLQ,GPREVLSRL,0,ZKSCAN4,pancreatic adenocarcinoma,16,C0701,floor
99593,109,RGFRYPEAAGPREVLSRLRELCGQWLQ,EVLSRLREL,0,ZKSCAN4,pancreatic adenocarcinoma,16,A0101,floor
99593,73,RGFRYPEAAGPREVLSRLRELCGQWLQ,EVLSRLREL,0,ZKSCAN4,pancreatic adenocarcinoma,16,A0201,scoreable
99593,74,RGFRYPEAAGPREVLSRLRELCGQWLQ,EVLSRLREL,0,ZKSCAN4,pancreatic adenocarcinoma,16,B0801,scoreable
99593,109,RGFRYPEAAGPREVLSRLRELCGQWLQ,EVLSRLREL,0,ZKSCAN4,pancreatic adenocarcinoma,16,B2705,floor
99593,76,RGFRYPEAAGPREVLSRLRELCGQWLQ,EVLSRLREL,0,ZKSCAN4,pancreatic adenocarcinoma,16,C0202,scoreable
99593,109,RGFRYPEAAGPREVLSRLRELCGQWLQ,EVLSRLREL,0,ZKSCAN4,pancreatic adenocarcinoma,16,C0701,floor
99593,109,RGFRYPEAAGPREVLSRLRELCGQWLQ,YPEAAGPREV,0,ZKSCAN4,pancreatic adenocarcinoma,16,A0101,floor
99593,109,RGFRYPEAAGPREVLSRLRELCGQWLQ,YPEAAGPREV,0,ZKSCAN4,pancreatic adenocarcinoma,16,A0201,floor
99593,74,RGFRYPEAAGPREVLSRLRELCGQWLQ,YPEAAGPREV,0,ZKSCAN4,pancreatic adenocarcinoma,16,B0801,scoreable
99593,109,RGFRYPEAAGPREVLSRLRELCGQWLQ,YPEAAGPREV,0,ZKSCAN4,pancreatic adenocarcinoma,16,B2705,floor
99593,76,RGFRYPEAAGPREVLSRLRELCGQWLQ,YPEAAGPREV,0,ZKSCAN4,pancreatic adenocarcinoma,16,C0202,scoreable
99593,109,RGFRYPEAAGPREVLSRLRELCGQWLQ,YPEAAGPREV,0,ZKSCAN4,pancreatic adenocarcinoma,16,C0701,floor
99593,109,RGFRYPEAAGPREVLSRLRELCGQWLQ,REVLSRLREL,0,ZKSCAN4,pancreatic adenocarcinoma,16,A0101,floor
99593,109,RGFRYPEAAGPREVLSRLRELCGQWLQ,REVLSRLREL,0,ZKSCAN4,pancreatic adenocarcinoma,16,A0201,floor
99593,109,RGFRYPEAAGPREVLSRLRELCGQWLQ,REVLSRLREL,0,ZKSCAN4,pancreatic adenocarcinoma,16,B0801,floor
99593,75,RGFRYPEAAGPREVLSRLRELCGQWLQ,REVLSRLREL,0,ZKSCAN4,pancreatic adenocarcinoma,16,B2705,scoreable
99593,109,RGFRYPEAAGPREVLSRLRELCGQWLQ,REVLSRLREL,0,ZKSCAN4,pancreatic adenocarcinoma,16,C0202,floor
99593,109,RGFRYPEAAGPREVLSRLRELCGQWLQ,REVLSRLREL,0,ZKSCAN4,pancreatic adenocarcinoma,16,C0701,floor
99593,109,RGFRYPEAAGPREVLSRLRELCGQWLQ,YPEAAGPREVL,0,ZKSCAN4,pancreatic adenocarcinoma,16,A0101,floor
99593,109,RGFRYPEAAGPREVLSRLRELCGQWLQ,YPEAAGPREVL,0,ZKSCAN4,pancreatic adenocarcinoma,16,A0201,floor
99593,74,RGFRYPEAAGPREVLSRLRELCGQWLQ,YPEAAGPREVL,0,ZKSCAN4,pancreatic adenocarcinoma,16,B0801,scoreable
99593,109,RGFRYPEAAGPREVLSRLRELCGQWLQ,YPEAAGPREVL,0,ZKSCAN4,pancreatic adenocarcinoma,16,B2705,floor
99593,76,RGFRYPEAAGPREVLSRLRELCGQWLQ,YPEAAGPREVL,0,ZKSCAN4,pancreatic adenocarcinoma,16,C0202,scoreable
99593,109,RGFRYPEAAGPREVLSRLRELCGQWLQ,YPEAAGPREVL,0,ZKSCAN4,pancreatic adenocarcinoma,16,C0701,floor
99593,109,RGFRYPEAAGPREVLSRLRELCGQWLQ,EAAGPREVLSR,0,ZKSCAN4,pancreatic adenocarcinoma,16,A0101,floor
99593,109,RGFRYPEAAGPREVLSRLRELCGQWLQ,EAAGPREVLSR,0,ZKSCAN4,pancreatic adenocarcinoma,16,A0201,floor
99593,109,RGFRYPEAAGPREVLSRLRELCGQWLQ,EAAGPREVLSR,0,ZKSCAN4,pancreatic adenocarcinoma,16,B0801,floor
99593,109,RGFRYPEAAGPREVLSRLRELCGQWLQ,EAAGPREVLSR,0,ZKSCAN4,pancreatic adenocarcinoma,16,B2705,floor
99593,76,RGFRYPEAAGPREVLSRLRELCGQWLQ,EAAGPREVLSR,0,ZKSCAN4,pancreatic adenocarcinoma,16,C0202,scoreable
99593,109,RGFRYPEAAGPREVLSRLRELCGQWLQ,EAAGPREVLSR,0,ZKSCAN4,pancreatic adenocarcinoma,16,C0701,floor
99593,109,RGFRYPEAAGPREVLSRLRELCGQWLQ,AAGPREVLSRL,0,ZKSCAN4,pancreatic adenocarcinoma,16,A0101,floor
99593,109,RGFRYPEAAGPREVLSRLRELCGQWLQ,AAGPREVLSRL,0,ZKSCAN4,pancreatic adenocarcinoma,16,A0201,floor
99593,109,RGFRYPEAAGPREVLSRLRELCGQWLQ,AAGPREVLSRL,0,ZKSCAN4,pancreatic adenocarcinoma,16,B0801,floor
99593,109,RGFRYPEAAGPREVLSRLRELCGQWLQ,AAGPREVLSRL,0,ZKSCAN4,pancreatic adenocarcinoma,16,B2705,floor
99593,76,RGFRYPEAAGPREVLSRLRELCGQWLQ,AAGPREVLSRL,0,ZKSCAN4,pancreatic adenocarcinoma,16,C0202,scoreable
99593,109,RGFRYPEAAGPREVLSRLRELCGQWLQ,AAGPREVLSRL,0,ZKSCAN4,pancreatic adenocarcinoma,16,C0701,floor
99593,109,RGFRYPEAAGPREVLSRLRELCGQWLQ,FRYPEAAGPREV,0,ZKSCAN4,pancreatic adenocarcinoma,16,A0101,floor
99593,109,RGFRYPEAAGPREVLSRLRELCGQWLQ,FRYPEAAGPREV,0,ZKSCAN4,pancreatic adenocarcinoma,16,A0201,floor
99593,109,RGFRYPEAAGPREVLSRLRELCGQWLQ,FRYPEAAGPREV,0,ZKSCAN4,pancreatic adenocarcinoma,16,B0801,floor
99593,75,RGFRYPEAAGPREVLSRLRELCGQWLQ,FRYPEAAGPREV,0,ZKSCAN4,pancreatic adenocarcinoma,16,B2705,scoreable
99593,109,RGFRYPEAAGPREVLSRLRELCGQWLQ,FRYPEAAGPREV,0,ZKSCAN4,pancreatic adenocarcinoma,16,C0202,floor
99593,109,RGFRYPEAAGPREVLSRLRELCGQWLQ,FRYPEAAGPREV,0,ZKSCAN4,pancreatic adenocarcinoma,16,C0701,floor
99593,109,RGFRYPEAAGPREVLSRLRELCGQWLQ,EAAGPREVLSRL,0,ZKSCAN4,pancreatic adenocarcinoma,16,A0101,floor
99593,109,RGFRYPEAAGPREVLSRLRELCGQWLQ,EAAGPREVLSRL,0,ZKSCAN4,pancreatic adenocarcinoma,16,A0201,floor
99593,109,RGFRYPEAAGPREVLSRLRELCGQWLQ,EAAGPREVLSRL,0,ZKSCAN4,pancreatic adenocarcinoma,16,B0801,floor
99593,109,RGFRYPEAAGPREVLSRLRELCGQWLQ,EAAGPREVLSRL,0,ZKSCAN4,pancreatic adenocarcinoma,16,B2705,floor
99593,76,RGFRYPEAAGPREVLSRLRELCGQWLQ,EAAGPREVLSRL,0,ZKSCAN4,pancreatic adenocarcinoma,16,C0202,scoreable
99593,109,RGFRYPEAAGPREVLSRLRELCGQWLQ,EAAGPREVLSRL,0,ZKSCAN4,pancreatic adenocarcinoma,16,C0701,floor
99593,109,RGFRYPEAAGPREVLSRLRELCGQWLQ,GPREVLSRLREL,0,ZKSCAN4,pancreatic adenocarcinoma,16,A0101,floor
99593,109,RGFRYPEAAGPREVLSRLRELCGQWLQ,GPREVLSRLREL,0,ZKSCAN4,pancreatic adenocarcinoma,16,A0201,floor
99593,74,RGFRYPEAAGPREVLSRLRELCGQWLQ,GPREVLSRLREL,0,ZKSCAN4,pancreatic adenocarcinoma,16,B0801,scoreable
99593,109,RGFRYPEAAGPREVLSRLRELCGQWLQ,GPREVLSRLREL,0,ZKSCAN4,pancreatic adenocarcinoma,16,B2705,floor
99593,109,RGFRYPEAAGPREVLSRLRELCGQWLQ,GPREVLSRLREL,0,ZKSCAN4,pancreatic adenocarcinoma,16,C0202,floor
99593,109,RGFRYPEAAGPREVLSRLRELCGQWLQ,GPREVLSRLREL,0,ZKSCAN4,pancreatic adenocarcinoma,16,C0701,floor
99593,109,YVCNKCGKSFRGSADLIKHHRIHTGEK,KSFRGSADL,1,ZNF594,pancreatic adenocarcinoma,16,A0101,floor
99593,73,YVCNKCGKSFRGSADLIKHHRIHTGEK,KSFRGSADL,1,ZNF594,pancreatic adenocarcinoma,16,A0201,scoreable
99593,109,YVCNKCGKSFRGSADLIKHHRIHTGEK,KSFRGSADL,1,ZNF594,pancreatic adenocarcinoma,16,B0801,floor
99593,75,YVCNKCGKSFRGSADLIKHHRIHTGEK,KSFRGSADL,1,ZNF594,pancreatic adenocarcinoma,16,B2705,scoreable
99593,76,YVCNKCGKSFRGSADLIKHHRIHTGEK,KSFRGSADL,1,ZNF594,pancreatic adenocarcinoma,16,C0202,scoreable
99593,109,YVCNKCGKSFRGSADLIKHHRIHTGEK,KSFRGSADL,1,ZNF594,pancreatic adenocarcinoma,16,C0701,floor
99593,109,YVCNKCGKSFRGSADLIKHHRIHTGEK,FRGSADLIK,1,ZNF594,pancreatic adenocarcinoma,16,A0101,floor
99593,109,YVCNKCGKSFRGSADLIKHHRIHTGEK,FRGSADLIK,1,ZNF594,pancreatic adenocarcinoma,16,A0201,floor
99593,109,YVCNKCGKSFRGSADLIKHHRIHTGEK,FRGSADLIK,1,ZNF594,pancreatic adenocarcinoma,16,B0801,floor
99593,75,YVCNKCGKSFRGSADLIKHHRIHTGEK,FRGSADLIK,1,ZNF594,pancreatic adenocarcinoma,16,B2705,scoreable
99593,109,YVCNKCGKSFRGSADLIKHHRIHTGEK,FRGSADLIK,1,ZNF594,pancreatic adenocarcinoma,16,C0202,floor
99593,109,YVCNKCGKSFRGSADLIKHHRIHTGEK,FRGSADLIK,1,ZNF594,pancreatic adenocarcinoma,16,C0701,floor
99593,72,YVCNKCGKSFRGSADLIKHHRIHTGEK,SADLIKHHR,1,ZNF594,pancreatic adenocarcinoma,16,A0101,scoreable
99593,109,YVCNKCGKSFRGSADLIKHHRIHTGEK,SADLIKHHR,1,ZNF594,pancreatic adenocarcinoma,16,A0201,floor
99593,109,YVCNKCGKSFRGSADLIKHHRIHTGEK,SADLIKHHR,1,ZNF594,pancreatic adenocarcinoma,16,B0801,floor
99593,109,YVCNKCGKSFRGSADLIKHHRIHTGEK,SADLIKHHR,1,ZNF594,pancreatic adenocarcinoma,16,B2705,floor
99593,109,YVCNKCGKSFRGSADLIKHHRIHTGEK,SADLIKHHR,1,ZNF594,pancreatic adenocarcinoma,16,C0202,floor
99593,109,YVCNKCGKSFRGSADLIKHHRIHTGEK,SADLIKHHR,1,ZNF594,pancreatic adenocarcinoma,16,C0701,floor
99593,109,YVCNKCGKSFRGSADLIKHHRIHTGEK,KSFRGSADLI,1,ZNF594,pancreatic adenocarcinoma,16,A0101,floor
99593,109,YVCNKCGKSFRGSADLIKHHRIHTGEK,KSFRGSADLI,1,ZNF594,pancreatic adenocarcinoma,16,A0201,floor
99593,109,YVCNKCGKSFRGSADLIKHHRIHTGEK,KSFRGSADLI,1,ZNF594,pancreatic adenocarcinoma,16,B0801,floor
99593,75,YVCNKCGKSFRGSADLIKHHRIHTGEK,KSFRGSADLI,1,ZNF594,pancreatic adenocarcinoma,16,B2705,scoreable
99593,76,YVCNKCGKSFRGSADLIKHHRIHTGEK,KSFRGSADLI,1,ZNF594,pancreatic adenocarcinoma,16,C0202,scoreable
99593,109,YVCNKCGKSFRGSADLIKHHRIHTGEK,KSFRGSADLI,1,ZNF594,pancreatic adenocarcinoma,16,C0701,floor
99593,109,YVCNKCGKSFRGSADLIKHHRIHTGEK,FRGSADLIKH,1,ZNF594,pancreatic adenocarcinoma,16,A0101,floor
99593,109,YVCNKCGKSFRGSADLIKHHRIHTGEK,FRGSADLIKH,1,ZNF594,pancreatic adenocarcinoma,16,A0201,floor
99593,109,YVCNKCGKSFRGSADLIKHHRIHTGEK,FRGSADLIKH,1,ZNF594,pancreatic adenocarcinoma,16,B0801,floor
99593,75,YVCNKCGKSFRGSADLIKHHRIHTGEK,FRGSADLIKH,1,ZNF594,pancreatic adenocarcinoma,16,B2705,scoreable
99593,109,YVCNKCGKSFRGSADLIKHHRIHTGEK,FRGSADLIKH,1,ZNF594,pancreatic adenocarcinoma,16,C0202,floor
99593,109,YVCNKCGKSFRGSADLIKHHRIHTGEK,FRGSADLIKH,1,ZNF594,pancreatic adenocarcinoma,16,C0701,floor
99593,109,YVCNKCGKSFRGSADLIKHHRIHTGEK,GSADLIKHHR,1,ZNF594,pancreatic adenocarcinoma,16,A0101,floor
99593,109,YVCNKCGKSFRGSADLIKHHRIHTGEK,GSADLIKHHR,1,ZNF594,pancreatic adenocarcinoma,16,A0201,floor
99593,109,YVCNKCGKSFRGSADLIKHHRIHTGEK,GSADLIKHHR,1,ZNF594,pancreatic adenocarcinoma,16,B0801,floor
99593,75,YVCNKCGKSFRGSADLIKHHRIHTGEK,GSADLIKHHR,1,ZNF594,pancreatic adenocarcinoma,16,B2705,scoreable
99593,109,YVCNKCGKSFRGSADLIKHHRIHTGEK,GSADLIKHHR,1,ZNF594,pancreatic adenocarcinoma,16,C0202,floor
99593,109,YVCNKCGKSFRGSADLIKHHRIHTGEK,GSADLIKHHR,1,ZNF594,pancreatic adenocarcinoma,16,C0701,floor
99593,72,YVCNKCGKSFRGSADLIKHHRIHTGEK,SADLIKHHRI,1,ZNF594,pancreatic adenocarcinoma,16,A0101,scoreable
99593,109,YVCNKCGKSFRGSADLIKHHRIHTGEK,SADLIKHHRI,1,ZNF594,pancreatic adenocarcinoma,16,A0201,floor
99593,109,YVCNKCGKSFRGSADLIKHHRIHTGEK,SADLIKHHRI,1,ZNF594,pancreatic adenocarcinoma,16,B0801,floor
99593,109,YVCNKCGKSFRGSADLIKHHRIHTGEK,SADLIKHHRI,1,ZNF594,pancreatic adenocarcinoma,16,B2705,floor
99593,76,YVCNKCGKSFRGSADLIKHHRIHTGEK,SADLIKHHRI,1,ZNF594,pancreatic adenocarcinoma,16,C0202,scoreable
99593,109,YVCNKCGKSFRGSADLIKHHRIHTGEK,SADLIKHHRI,1,ZNF594,pancreatic adenocarcinoma,16,C0701,floor
99593,109,YVCNKCGKSFRGSADLIKHHRIHTGEK,KSFRGSADLIK,1,ZNF594,pancreatic adenocarcinoma,16,A0101,floor
99593,109,YVCNKCGKSFRGSADLIKHHRIHTGEK,KSFRGSADLIK,1,ZNF594,pancreatic adenocarcinoma,16,A0201,floor
99593,109,YVCNKCGKSFRGSADLIKHHRIHTGEK,KSFRGSADLIK,1,ZNF594,pancreatic adenocarcinoma,16,B0801,floor
99593,75,YVCNKCGKSFRGSADLIKHHRIHTGEK,KSFRGSADLIK,1,ZNF594,pancreatic adenocarcinoma,16,B2705,scoreable
99593,109,YVCNKCGKSFRGSADLIKHHRIHTGEK,KSFRGSADLIK,1,ZNF594,pancreatic adenocarcinoma,16,C0202,floor
99593,109,YVCNKCGKSFRGSADLIKHHRIHTGEK,KSFRGSADLIK,1,ZNF594,pancreatic adenocarcinoma,16,C0701,floor
99593,109,YVCNKCGKSFRGSADLIKHHRIHTGEK,FRGSADLIKHH,1,ZNF594,pancreatic adenocarcinoma,16,A0101,floor
99593,109,YVCNKCGKSFRGSADLIKHHRIHTGEK,FRGSADLIKHH,1,ZNF594,pancreatic adenocarcinoma,16,A0201,floor
99593,109,YVCNKCGKSFRGSADLIKHHRIHTGEK,FRGSADLIKHH,1,ZNF594,pancreatic adenocarcinoma,16,B0801,floor
99593,75,YVCNKCGKSFRGSADLIKHHRIHTGEK,FRGSADLIKHH,1,ZNF594,pancreatic adenocarcinoma,16,B2705,scoreable
99593,109,YVCNKCGKSFRGSADLIKHHRIHTGEK,FRGSADLIKHH,1,ZNF594,pancreatic adenocarcinoma,16,C0202,floor
99593,109,YVCNKCGKSFRGSADLIKHHRIHTGEK,FRGSADLIKHH,1,ZNF594,pancreatic adenocarcinoma,16,C0701,floor
99593,109,YVCNKCGKSFRGSADLIKHHRIHTGEK,RGSADLIKHHR,1,ZNF594,pancreatic adenocarcinoma,16,A0101,floor
99593,109,YVCNKCGKSFRGSADLIKHHRIHTGEK,RGSADLIKHHR,1,ZNF594,pancreatic adenocarcinoma,16,A0201,floor
99593,109,YVCNKCGKSFRGSADLIKHHRIHTGEK,RGSADLIKHHR,1,ZNF594,pancreatic adenocarcinoma,16,B0801,floor
99593,75,YVCNKCGKSFRGSADLIKHHRIHTGEK,RGSADLIKHHR,1,ZNF594,pancreatic adenocarcinoma,16,B2705,scoreable
99593,109,YVCNKCGKSFRGSADLIKHHRIHTGEK,RGSADLIKHHR,1,ZNF594,pancreatic adenocarcinoma,16,C0202,floor
99593,109,YVCNKCGKSFRGSADLIKHHRIHTGEK,RGSADLIKHHR,1,ZNF594,pancreatic adenocarcinoma,16,C0701,floor
99593,109,YVCNKCGKSFRGSADLIKHHRIHTGEK,GSADLIKHHRI,1,ZNF594,pancreatic adenocarcinoma,16,A0101,floor
99593,109,YVCNKCGKSFRGSADLIKHHRIHTGEK,GSADLIKHHRI,1,ZNF594,pancreatic adenocarcinoma,16,A0201,floor
99593,109,YVCNKCGKSFRGSADLIKHHRIHTGEK,GSADLIKHHRI,1,ZNF594,pancreatic adenocarcinoma,16,B0801,floor
99593,109,YVCNKCGKSFRGSADLIKHHRIHTGEK,GSADLIKHHRI,1,ZNF594,pancreatic adenocarcinoma,16,B2705,floor
99593,76,YVCNKCGKSFRGSADLIKHHRIHTGEK,GSADLIKHHRI,1,ZNF594,pancreatic adenocarcinoma,16,C0202,scoreable
99593,109,YVCNKCGKSFRGSADLIKHHRIHTGEK,GSADLIKHHRI,1,ZNF594,pancreatic adenocarcinoma,16,C0701,floor
99593,72,YVCNKCGKSFRGSADLIKHHRIHTGEK,SADLIKHHRIH,1,ZNF594,pancreatic adenocarcinoma,16,A0101,scoreable
99593,109,YVCNKCGKSFRGSADLIKHHRIHTGEK,SADLIKHHRIH,1,ZNF594,pancreatic adenocarcinoma,16,A0201,floor
99593,109,YVCNKCGKSFRGSADLIKHHRIHTGEK,SADLIKHHRIH,1,ZNF594,pancreatic adenocarcinoma,16,B0801,floor
99593,109,YVCNKCGKSFRGSADLIKHHRIHTGEK,SADLIKHHRIH,1,ZNF594,pancreatic adenocarcinoma,16,B2705,floor
99593,109,YVCNKCGKSFRGSADLIKHHRIHTGEK,SADLIKHHRIH,1,ZNF594,pancreatic adenocarcinoma,16,C0202,floor
99593,109,YVCNKCGKSFRGSADLIKHHRIHTGEK,SADLIKHHRIH,1,ZNF594,pancreatic adenocarcinoma,16,C0701,floor
99593,109,YVCNKCGKSFRGSADLIKHHRIHTGEK,GKSFRGSADLIK,1,ZNF594,pancreatic adenocarcinoma,16,A0101,floor
99593,109,YVCNKCGKSFRGSADLIKHHRIHTGEK,GKSFRGSADLIK,1,ZNF594,pancreatic adenocarcinoma,16,A0201,floor
99593,109,YVCNKCGKSFRGSADLIKHHRIHTGEK,GKSFRGSADLIK,1,ZNF594,pancreatic adenocarcinoma,16,B0801,floor
99593,75,YVCNKCGKSFRGSADLIKHHRIHTGEK,GKSFRGSADLIK,1,ZNF594,pancreatic adenocarcinoma,16,B2705,scoreable
99593,109,YVCNKCGKSFRGSADLIKHHRIHTGEK,GKSFRGSADLIK,1,ZNF594,pancreatic adenocarcinoma,16,C0202,floor
99593,109,YVCNKCGKSFRGSADLIKHHRIHTGEK,GKSFRGSADLIK,1,ZNF594,pancreatic adenocarcinoma,16,C0701,floor
99593,109,YVCNKCGKSFRGSADLIKHHRIHTGEK,KSFRGSADLIKH,1,ZNF594,pancreatic adenocarcinoma,16,A0101,floor
99593,109,YVCNKCGKSFRGSADLIKHHRIHTGEK,KSFRGSADLIKH,1,ZNF594,pancreatic adenocarcinoma,16,A0201,floor
99593,109,YVCNKCGKSFRGSADLIKHHRIHTGEK,KSFRGSADLIKH,1,ZNF594,pancreatic adenocarcinoma,16,B0801,floor
99593,75,YVCNKCGKSFRGSADLIKHHRIHTGEK,KSFRGSADLIKH,1,ZNF594,pancreatic adenocarcinoma,16,B2705,scoreable
99593,76,YVCNKCGKSFRGSADLIKHHRIHTGEK,KSFRGSADLIKH,1,ZNF594,pancreatic adenocarcinoma,16,C0202,scoreable
99593,109,YVCNKCGKSFRGSADLIKHHRIHTGEK,KSFRGSADLIKH,1,ZNF594,pancreatic adenocarcinoma,16,C0701,floor
99593,109,YVCNKCGKSFRGSADLIKHHRIHTGEK,FRGSADLIKHHR,1,ZNF594,pancreatic adenocarcinoma,16,A0101,floor
99593,109,YVCNKCGKSFRGSADLIKHHRIHTGEK,FRGSADLIKHHR,1,ZNF594,pancreatic adenocarcinoma,16,A0201,floor
99593,109,YVCNKCGKSFRGSADLIKHHRIHTGEK,FRGSADLIKHHR,1,ZNF594,pancreatic adenocarcinoma,16,B0801,floor
99593,75,YVCNKCGKSFRGSADLIKHHRIHTGEK,FRGSADLIKHHR,1,ZNF594,pancreatic adenocarcinoma,16,B2705,scoreable
99593,109,YVCNKCGKSFRGSADLIKHHRIHTGEK,FRGSADLIKHHR,1,ZNF594,pancreatic adenocarcinoma,16,C0202,floor
99593,109,YVCNKCGKSFRGSADLIKHHRIHTGEK,FRGSADLIKHHR,1,ZNF594,pancreatic adenocarcinoma,16,C0701,floor
99838,87,MTEYKLVVVGADGVGKSALTIQLIQ,LVVVGADGV,0,KRAS,pancreatic adenocarcinoma,20,A0201,scoreable
99838,113,MTEYKLVVVGADGVGKSALTIQLIQ,LVVVGADGV,0,KRAS,pancreatic adenocarcinoma,20,A0301,floor
99838,113,MTEYKLVVVGADGVGKSALTIQLIQ,LVVVGADGV,0,KRAS,pancreatic adenocarcinoma,20,B0702,floor
99838,113,MTEYKLVVVGADGVGKSALTIQLIQ,LVVVGADGV,0,KRAS,pancreatic adenocarcinoma,20,B5105,floor
99838,113,MTEYKLVVVGADGVGKSALTIQLIQ,LVVVGADGV,0,KRAS,pancreatic adenocarcinoma,20,C0401,floor
99838,113,MTEYKLVVVGADGVGKSALTIQLIQ,LVVVGADGV,0,KRAS,pancreatic adenocarcinoma,20,C0702,floor
99838,113,MTEYKLVVVGADGVGKSALTIQLIQ,VVGADGVGK,0,KRAS,pancreatic adenocarcinoma,20,A0201,floor
99838,88,MTEYKLVVVGADGVGKSALTIQLIQ,VVGADGVGK,0,KRAS,pancreatic adenocarcinoma,20,A0301,scoreable
99838,113,MTEYKLVVVGADGVGKSALTIQLIQ,VVGADGVGK,0,KRAS,pancreatic adenocarcinoma,20,B0702,floor
99838,113,MTEYKLVVVGADGVGKSALTIQLIQ,VVGADGVGK,0,KRAS,pancreatic adenocarcinoma,20,B5105,floor
99838,113,MTEYKLVVVGADGVGKSALTIQLIQ,VVGADGVGK,0,KRAS,pancreatic adenocarcinoma,20,C0401,floor
99838,113,MTEYKLVVVGADGVGKSALTIQLIQ,VVGADGVGK,0,KRAS,pancreatic adenocarcinoma,20,C0702,floor
99838,113,MTEYKLVVVGADGVGKSALTIQLIQ,ADGVGKSAL,0,KRAS,pancreatic adenocarcinoma,20,A0201,floor
99838,113,MTEYKLVVVGADGVGKSALTIQLIQ,ADGVGKSAL,0,KRAS,pancreatic adenocarcinoma,20,A0301,floor
99838,89,MTEYKLVVVGADGVGKSALTIQLIQ,ADGVGKSAL,0,KRAS,pancreatic adenocarcinoma,20,B0702,scoreable
99838,113,MTEYKLVVVGADGVGKSALTIQLIQ,ADGVGKSAL,0,KRAS,pancreatic adenocarcinoma,20,B5105,floor
99838,113,MTEYKLVVVGADGVGKSALTIQLIQ,ADGVGKSAL,0,KRAS,pancreatic adenocarcinoma,20,C0401,floor
99838,113,MTEYKLVVVGADGVGKSALTIQLIQ,ADGVGKSAL,0,KRAS,pancreatic adenocarcinoma,20,C0702,floor
99838,87,MTEYKLVVVGADGVGKSALTIQLIQ,KLVVVGADGV,0,KRAS,pancreatic adenocarcinoma,20,A0201,scoreable
99838,113,MTEYKLVVVGADGVGKSALTIQLIQ,KLVVVGADGV,0,KRAS,pancreatic adenocarcinoma,20,A0301,floor
99838,113,MTEYKLVVVGADGVGKSALTIQLIQ,KLVVVGADGV,0,KRAS,pancreatic adenocarcinoma,20,B0702,floor
99838,113,MTEYKLVVVGADGVGKSALTIQLIQ,KLVVVGADGV,0,KRAS,pancreatic adenocarcinoma,20,B5105,floor
99838,113,MTEYKLVVVGADGVGKSALTIQLIQ,KLVVVGADGV,0,KRAS,pancreatic adenocarcinoma,20,C0401,floor
99838,113,MTEYKLVVVGADGVGKSALTIQLIQ,KLVVVGADGV,0,KRAS,pancreatic adenocarcinoma,20,C0702,floor
99838,113,MTEYKLVVVGADGVGKSALTIQLIQ,VVVGADGVGK,0,KRAS,pancreatic adenocarcinoma,20,A0201,floor
99838,88,MTEYKLVVVGADGVGKSALTIQLIQ,VVVGADGVGK,0,KRAS,pancreatic adenocarcinoma,20,A0301,scoreable
99838,113,MTEYKLVVVGADGVGKSALTIQLIQ,VVVGADGVGK,0,KRAS,pancreatic adenocarcinoma,20,B0702,floor
99838,113,MTEYKLVVVGADGVGKSALTIQLIQ,VVVGADGVGK,0,KRAS,pancreatic adenocarcinoma,20,B5105,floor
99838,113,MTEYKLVVVGADGVGKSALTIQLIQ,VVVGADGVGK,0,KRAS,pancreatic adenocarcinoma,20,C0401,floor
99838,113,MTEYKLVVVGADGVGKSALTIQLIQ,VVVGADGVGK,0,KRAS,pancreatic adenocarcinoma,20,C0702,floor
99838,113,MTEYKLVVVGADGVGKSALTIQLIQ,GADGVGKSAL,0,KRAS,pancreatic adenocarcinoma,20,A0201,floor
99838,113,MTEYKLVVVGADGVGKSALTIQLIQ,GADGVGKSAL,0,KRAS,pancreatic adenocarcinoma,20,A0301,floor
99838,89,MTEYKLVVVGADGVGKSALTIQLIQ,GADGVGKSAL,0,KRAS,pancreatic adenocarcinoma,20,B0702,scoreable
99838,113,MTEYKLVVVGADGVGKSALTIQLIQ,GADGVGKSAL,0,KRAS,pancreatic adenocarcinoma,20,B5105,floor
99838,113,MTEYKLVVVGADGVGKSALTIQLIQ,GADGVGKSAL,0,KRAS,pancreatic adenocarcinoma,20,C0401,floor
99838,113,MTEYKLVVVGADGVGKSALTIQLIQ,GADGVGKSAL,0,KRAS,pancreatic adenocarcinoma,20,C0702,floor
99838,113,MTEYKLVVVGADGVGKSALTIQLIQ,LVVVGADGVGK,0,KRAS,pancreatic adenocarcinoma,20,A0201,floor
99838,88,MTEYKLVVVGADGVGKSALTIQLIQ,LVVVGADGVGK,0,KRAS,pancreatic adenocarcinoma,20,A0301,scoreable
99838,113,MTEYKLVVVGADGVGKSALTIQLIQ,LVVVGADGVGK,0,KRAS,pancreatic adenocarcinoma,20,B0702,floor
99838,113,MTEYKLVVVGADGVGKSALTIQLIQ,LVVVGADGVGK,0,KRAS,pancreatic adenocarcinoma,20,B5105,floor
99838,113,MTEYKLVVVGADGVGKSALTIQLIQ,LVVVGADGVGK,0,KRAS,pancreatic adenocarcinoma,20,C0401,floor
99838,113,MTEYKLVVVGADGVGKSALTIQLIQ,LVVVGADGVGK,0,KRAS,pancreatic adenocarcinoma,20,C0702,floor
99838,113,MTEYKLVVVGADGVGKSALTIQLIQ,VGADGVGKSAL,0,KRAS,pancreatic adenocarcinoma,20,A0201,floor
99838,113,MTEYKLVVVGADGVGKSALTIQLIQ,VGADGVGKSAL,0,KRAS,pancreatic adenocarcinoma,20,A0301,floor
99838,89,MTEYKLVVVGADGVGKSALTIQLIQ,VGADGVGKSAL,0,KRAS,pancreatic adenocarcinoma,20,B0702,scoreable
99838,113,MTEYKLVVVGADGVGKSALTIQLIQ,VGADGVGKSAL,0,KRAS,pancreatic adenocarcinoma,20,B5105,floor
99838,113,MTEYKLVVVGADGVGKSALTIQLIQ,VGADGVGKSAL,0,KRAS,pancreatic adenocarcinoma,20,C0401,floor
99838,113,MTEYKLVVVGADGVGKSALTIQLIQ,VGADGVGKSAL,0,KRAS,pancreatic adenocarcinoma,20,C0702,floor
99838,113,MTEYKLVVVGADGVGKSALTIQLIQ,KLVVVGADGVGK,0,KRAS,pancreatic adenocarcinoma,20,A0201,floor
99838,88,MTEYKLVVVGADGVGKSALTIQLIQ,KLVVVGADGVGK,0,KRAS,pancreatic adenocarcinoma,20,A0301,scoreable
99838,113,MTEYKLVVVGADGVGKSALTIQLIQ,KLVVVGADGVGK,0,KRAS,pancreatic adenocarcinoma,20,B0702,floor
99838,113,MTEYKLVVVGADGVGKSALTIQLIQ,KLVVVGADGVGK,0,KRAS,pancreatic adenocarcinoma,20,B5105,floor
99838,113,MTEYKLVVVGADGVGKSALTIQLIQ,KLVVVGADGVGK,0,KRAS,pancreatic adenocarcinoma,20,C0401,floor
99838,113,MTEYKLVVVGADGVGKSALTIQLIQ,KLVVVGADGVGK,0,KRAS,pancreatic adenocarcinoma,20,C0702,floor
99838,87,MTEYKLVVVGADGVGKSALTIQLIQ,VVVGADGVGKSA,0,KRAS,pancreatic adenocarcinoma,20,A0201,scoreable
99838,113,MTEYKLVVVGADGVGKSALTIQLIQ,VVVGADGVGKSA,0,KRAS,pancreatic adenocarcinoma,20,A0301,floor
99838,113,MTEYKLVVVGADGVGKSALTIQLIQ,VVVGADGVGKSA,0,KRAS,pancreatic adenocarcinoma,20,B0702,floor
99838,113,MTEYKLVVVGADGVGKSALTIQLIQ,VVVGADGVGKSA,0,KRAS,pancreatic adenocarcinoma,20,B5105,floor
99838,113,MTEYKLVVVGADGVGKSALTIQLIQ,VVVGADGVGKSA,0,KRAS,pancreatic adenocarcinoma,20,C0401,floor
99838,113,MTEYKLVVVGADGVGKSALTIQLIQ,VVVGADGVGKSA,0,KRAS,pancreatic adenocarcinoma,20,C0702,floor
99838,87,MTEYKLVVVGADGVGKSALTIQLIQ,VVGADGVGKSAL,0,KRAS,pancreatic adenocarcinoma,20,A0201,scoreable
99838,113,MTEYKLVVVGADGVGKSALTIQLIQ,VVGADGVGKSAL,0,KRAS,pancreatic adenocarcinoma,20,A0301,floor
99838,89,MTEYKLVVVGADGVGKSALTIQLIQ,VVGADGVGKSAL,0,KRAS,pancreatic adenocarcinoma,20,B0702,scoreable
99838,113,MTEYKLVVVGADGVGKSALTIQLIQ,VVGADGVGKSAL,0,KRAS,pancreatic adenocarcinoma,20,B5105,floor
99838,113,MTEYKLVVVGADGVGKSALTIQLIQ,VVGADGVGKSAL,0,KRAS,pancreatic adenocarcinoma,20,C0401,floor
99838,113,MTEYKLVVVGADGVGKSALTIQLIQ,VVGADGVGKSAL,0,KRAS,pancreatic adenocarcinoma,20,C0702,floor
99838,87,NPLEFENFSWRGYTQMAPVQPRIVARL,FSWRGYTQM,0,LAMA5,pancreatic adenocarcinoma,20,A0201,scoreable
99838,113,NPLEFENFSWRGYTQMAPVQPRIVARL,FSWRGYTQM,0,LAMA5,pancreatic adenocarcinoma,20,A0301,floor
99838,89,NPLEFENFSWRGYTQMAPVQPRIVARL,FSWRGYTQM,0,LAMA5,pancreatic adenocarcinoma,20,B0702,scoreable
99838,90,NPLEFENFSWRGYTQMAPVQPRIVARL,FSWRGYTQM,0,LAMA5,pancreatic adenocarcinoma,20,B5105,scoreable
99838,91,NPLEFENFSWRGYTQMAPVQPRIVARL,FSWRGYTQM,0,LAMA5,pancreatic adenocarcinoma,20,C0401,scoreable
99838,92,NPLEFENFSWRGYTQMAPVQPRIVARL,FSWRGYTQM,0,LAMA5,pancreatic adenocarcinoma,20,C0702,scoreable
99838,87,NPLEFENFSWRGYTQMAPVQPRIVARL,RGYTQMAPV,0,LAMA5,pancreatic adenocarcinoma,20,A0201,scoreable
99838,113,NPLEFENFSWRGYTQMAPVQPRIVARL,RGYTQMAPV,0,LAMA5,pancreatic adenocarcinoma,20,A0301,floor
99838,113,NPLEFENFSWRGYTQMAPVQPRIVARL,RGYTQMAPV,0,LAMA5,pancreatic adenocarcinoma,20,B0702,floor
99838,113,NPLEFENFSWRGYTQMAPVQPRIVARL,RGYTQMAPV,0,LAMA5,pancreatic adenocarcinoma,20,B5105,floor
99838,113,NPLEFENFSWRGYTQMAPVQPRIVARL,RGYTQMAPV,0,LAMA5,pancreatic adenocarcinoma,20,C0401,floor
99838,113,NPLEFENFSWRGYTQMAPVQPRIVARL,RGYTQMAPV,0,LAMA5,pancreatic adenocarcinoma,20,C0702,floor
99838,113,NPLEFENFSWRGYTQMAPVQPRIVARL,TQMAPVQPR,0,LAMA5,pancreatic adenocarcinoma,20,A0201,floor
99838,88,NPLEFENFSWRGYTQMAPVQPRIVARL,TQMAPVQPR,0,LAMA5,pancreatic adenocarcinoma,20,A0301,scoreable
99838,113,NPLEFENFSWRGYTQMAPVQPRIVARL,TQMAPVQPR,0,LAMA5,pancreatic adenocarcinoma,20,B0702,floor
99838,113,NPLEFENFSWRGYTQMAPVQPRIVARL,TQMAPVQPR,0,LAMA5,pancreatic adenocarcinoma,20,B5105,floor
99838,113,NPLEFENFSWRGYTQMAPVQPRIVARL,TQMAPVQPR,0,LAMA5,pancreatic adenocarcinoma,20,C0401,floor
99838,113,NPLEFENFSWRGYTQMAPVQPRIVARL,TQMAPVQPR,0,LAMA5,pancreatic adenocarcinoma,20,C0702,floor
99838,113,NPLEFENFSWRGYTQMAPVQPRIVARL,YTQMAPVQPR,0,LAMA5,pancreatic adenocarcinoma,20,A0201,floor
99838,88,NPLEFENFSWRGYTQMAPVQPRIVARL,YTQMAPVQPR,0,LAMA5,pancreatic adenocarcinoma,20,A0301,scoreable
99838,113,NPLEFENFSWRGYTQMAPVQPRIVARL,YTQMAPVQPR,0,LAMA5,pancreatic adenocarcinoma,20,B0702,floor
99838,113,NPLEFENFSWRGYTQMAPVQPRIVARL,YTQMAPVQPR,0,LAMA5,pancreatic adenocarcinoma,20,B5105,floor
99838,113,NPLEFENFSWRGYTQMAPVQPRIVARL,YTQMAPVQPR,0,LAMA5,pancreatic adenocarcinoma,20,C0401,floor
99838,113,NPLEFENFSWRGYTQMAPVQPRIVARL,YTQMAPVQPR,0,LAMA5,pancreatic adenocarcinoma,20,C0702,floor
99838,87,NPLEFENFSWRGYTQMAPVQPRIVARL,TQMAPVQPRI,0,LAMA5,pancreatic adenocarcinoma,20,A0201,scoreable
99838,113,NPLEFENFSWRGYTQMAPVQPRIVARL,TQMAPVQPRI,0,LAMA5,pancreatic adenocarcinoma,20,A0301,floor
99838,113,NPLEFENFSWRGYTQMAPVQPRIVARL,TQMAPVQPRI,0,LAMA5,pancreatic adenocarcinoma,20,B0702,floor
99838,113,NPLEFENFSWRGYTQMAPVQPRIVARL,TQMAPVQPRI,0,LAMA5,pancreatic adenocarcinoma,20,B5105,floor
99838,113,NPLEFENFSWRGYTQMAPVQPRIVARL,TQMAPVQPRI,0,LAMA5,pancreatic adenocarcinoma,20,C0401,floor
99838,113,NPLEFENFSWRGYTQMAPVQPRIVARL,TQMAPVQPRI,0,LAMA5,pancreatic adenocarcinoma,20,C0702,floor
99838,113,VGKASQPSFSIKGCSKLGGFSDDLHKT,QPSFSIKGC,0,ODF3,pancreatic adenocarcinoma,20,A0201,floor
99838,113,VGKASQPSFSIKGCSKLGGFSDDLHKT,QPSFSIKGC,0,ODF3,pancreatic adenocarcinoma,20,A0301,floor
99838,89,VGKASQPSFSIKGCSKLGGFSDDLHKT,QPSFSIKGC,0,ODF3,pancreatic adenocarcinoma,20,B0702,scoreable
99838,113,VGKASQPSFSIKGCSKLGGFSDDLHKT,QPSFSIKGC,0,ODF3,pancreatic adenocarcinoma,20,B5105,floor
99838,113,VGKASQPSFSIKGCSKLGGFSDDLHKT,QPSFSIKGC,0,ODF3,pancreatic adenocarcinoma,20,C0401,floor
99838,113,VGKASQPSFSIKGCSKLGGFSDDLHKT,QPSFSIKGC,0,ODF3,pancreatic adenocarcinoma,20,C0702,floor
99838,87,VGKASQPSFSIKGCSKLGGFSDDLHKT,FSIKGCSKL,0,ODF3,pancreatic adenocarcinoma,20,A0201,scoreable
99838,113,VGKASQPSFSIKGCSKLGGFSDDLHKT,FSIKGCSKL,0,ODF3,pancreatic adenocarcinoma,20,A0301,floor
99838,89,VGKASQPSFSIKGCSKLGGFSDDLHKT,FSIKGCSKL,0,ODF3,pancreatic adenocarcinoma,20,B0702,scoreable
99838,90,VGKASQPSFSIKGCSKLGGFSDDLHKT,FSIKGCSKL,0,ODF3,pancreatic adenocarcinoma,20,B5105,scoreable
99838,91,VGKASQPSFSIKGCSKLGGFSDDLHKT,FSIKGCSKL,0,ODF3,pancreatic adenocarcinoma,20,C0401,scoreable
99838,92,VGKASQPSFSIKGCSKLGGFSDDLHKT,FSIKGCSKL,0,ODF3,pancreatic adenocarcinoma,20,C0702,scoreable
99838,113,VGKASQPSFSIKGCSKLGGFSDDLHKT,PSFSIKGCSK,0,ODF3,pancreatic adenocarcinoma,20,A0201,floor
99838,88,VGKASQPSFSIKGCSKLGGFSDDLHKT,PSFSIKGCSK,0,ODF3,pancreatic adenocarcinoma,20,A0301,scoreable
99838,113,VGKASQPSFSIKGCSKLGGFSDDLHKT,PSFSIKGCSK,0,ODF3,pancreatic adenocarcinoma,20,B0702,floor
99838,113,VGKASQPSFSIKGCSKLGGFSDDLHKT,PSFSIKGCSK,0,ODF3,pancreatic adenocarcinoma,20,B5105,floor
99838,113,VGKASQPSFSIKGCSKLGGFSDDLHKT,PSFSIKGCSK,0,ODF3,pancreatic adenocarcinoma,20,C0401,floor
99838,113,VGKASQPSFSIKGCSKLGGFSDDLHKT,PSFSIKGCSK,0,ODF3,pancreatic adenocarcinoma,20,C0702,floor
99838,113,VGKASQPSFSIKGCSKLGGFSDDLHKT,QPSFSIKGCSK,0,ODF3,pancreatic adenocarcinoma,20,A0201,floor
99838,113,VGKASQPSFSIKGCSKLGGFSDDLHKT,QPSFSIKGCSK,0,ODF3,pancreatic adenocarcinoma,20,A0301,floor
99838,89,VGKASQPSFSIKGCSKLGGFSDDLHKT,QPSFSIKGCSK,0,ODF3,pancreatic adenocarcinoma,20,B0702,scoreable
99838,113,VGKASQPSFSIKGCSKLGGFSDDLHKT,QPSFSIKGCSK,0,ODF3,pancreatic adenocarcinoma,20,B5105,floor
99838,113,VGKASQPSFSIKGCSKLGGFSDDLHKT,QPSFSIKGCSK,0,ODF3,pancreatic adenocarcinoma,20,C0401,floor
99838,113,VGKASQPSFSIKGCSKLGGFSDDLHKT,QPSFSIKGCSK,0,ODF3,pancreatic adenocarcinoma,20,C0702,floor
99838,113,VGKASQPSFSIKGCSKLGGFSDDLHKT,SQPSFSIKGCSK,0,ODF3,pancreatic adenocarcinoma,20,A0201,floor
99838,88,VGKASQPSFSIKGCSKLGGFSDDLHKT,SQPSFSIKGCSK,0,ODF3,pancreatic adenocarcinoma,20,A0301,scoreable
99838,113,VGKASQPSFSIKGCSKLGGFSDDLHKT,SQPSFSIKGCSK,0,ODF3,pancreatic adenocarcinoma,20,B0702,floor
99838,113,VGKASQPSFSIKGCSKLGGFSDDLHKT,SQPSFSIKGCSK,0,ODF3,pancreatic adenocarcinoma,20,B5105,floor
99838,113,VGKASQPSFSIKGCSKLGGFSDDLHKT,SQPSFSIKGCSK,0,ODF3,pancreatic adenocarcinoma,20,C0401,floor
99838,113,VGKASQPSFSIKGCSKLGGFSDDLHKT,SQPSFSIKGCSK,0,ODF3,pancreatic adenocarcinoma,20,C0702,floor
99838,113,VGKASQPSFSIKGCSKLGGFSDDLHKT,QPSFSIKGCSKL,0,ODF3,pancreatic adenocarcinoma,20,A0201,floor
99838,113,VGKASQPSFSIKGCSKLGGFSDDLHKT,QPSFSIKGCSKL,0,ODF3,pancreatic adenocarcinoma,20,A0301,floor
99838,89,VGKASQPSFSIKGCSKLGGFSDDLHKT,QPSFSIKGCSKL,0,ODF3,pancreatic adenocarcinoma,20,B0702,scoreable
99838,113,VGKASQPSFSIKGCSKLGGFSDDLHKT,QPSFSIKGCSKL,0,ODF3,pancreatic adenocarcinoma,20,B5105,floor
99838,113,VGKASQPSFSIKGCSKLGGFSDDLHKT,QPSFSIKGCSKL,0,ODF3,pancreatic adenocarcinoma,20,C0401,floor
99838,113,VGKASQPSFSIKGCSKLGGFSDDLHKT,QPSFSIKGCSKL,0,ODF3,pancreatic adenocarcinoma,20,C0702,floor
99838,113,ISMRVRFFPYNYHSQKERTVH,FPYNYHSQK,0,PDZD11,pancreatic adenocarcinoma,20,A0201,floor
99838,88,ISMRVRFFPYNYHSQKERTVH,FPYNYHSQK,0,PDZD11,pancreatic adenocarcinoma,20,A0301,scoreable
99838,89,ISMRVRFFPYNYHSQKERTVH,FPYNYHSQK,0,PDZD11,pancreatic adenocarcinoma,20,B0702,scoreable
99838,113,ISMRVRFFPYNYHSQKERTVH,FPYNYHSQK,0,PDZD11,pancreatic adenocarcinoma,20,B5105,floor
99838,113,ISMRVRFFPYNYHSQKERTVH,FPYNYHSQK,0,PDZD11,pancreatic adenocarcinoma,20,C0401,floor
99838,92,ISMRVRFFPYNYHSQKERTVH,FPYNYHSQK,0,PDZD11,pancreatic adenocarcinoma,20,C0702,scoreable
99838,113,ISMRVRFFPYNYHSQKERTVH,RFFPYNYHSQK,0,PDZD11,pancreatic adenocarcinoma,20,A0201,floor
99838,88,ISMRVRFFPYNYHSQKERTVH,RFFPYNYHSQK,0,PDZD11,pancreatic adenocarcinoma,20,A0301,scoreable
99838,113,ISMRVRFFPYNYHSQKERTVH,RFFPYNYHSQK,0,PDZD11,pancreatic adenocarcinoma,20,B0702,floor
99838,113,ISMRVRFFPYNYHSQKERTVH,RFFPYNYHSQK,0,PDZD11,pancreatic adenocarcinoma,20,B5105,floor
99838,113,ISMRVRFFPYNYHSQKERTVH,RFFPYNYHSQK,0,PDZD11,pancreatic adenocarcinoma,20,C0401,floor
99838,113,ISMRVRFFPYNYHSQKERTVH,RFFPYNYHSQK,0,PDZD11,pancreatic adenocarcinoma,20,C0702,floor
99838,87,ITGSKESLFSCTLMASEEAMAVLEEVV,SLFSCTLMA,0,RADIL,pancreatic adenocarcinoma,20,A0201,scoreable
99838,88,ITGSKESLFSCTLMASEEAMAVLEEVV,SLFSCTLMA,0,RADIL,pancreatic adenocarcinoma,20,A0301,scoreable
99838,113,ITGSKESLFSCTLMASEEAMAVLEEVV,SLFSCTLMA,0,RADIL,pancreatic adenocarcinoma,20,B0702,floor
99838,113,ITGSKESLFSCTLMASEEAMAVLEEVV,SLFSCTLMA,0,RADIL,pancreatic adenocarcinoma,20,B5105,floor
99838,113,ITGSKESLFSCTLMASEEAMAVLEEVV,SLFSCTLMA,0,RADIL,pancreatic adenocarcinoma,20,C0401,floor
99838,113,ITGSKESLFSCTLMASEEAMAVLEEVV,SLFSCTLMA,0,RADIL,pancreatic adenocarcinoma,20,C0702,floor
99838,87,ITGSKESLFSCTLMASEEAMAVLEEVV,TLMASEEAM,0,RADIL,pancreatic adenocarcinoma,20,A0201,scoreable
99838,113,ITGSKESLFSCTLMASEEAMAVLEEVV,TLMASEEAM,0,RADIL,pancreatic adenocarcinoma,20,A0301,floor
99838,89,ITGSKESLFSCTLMASEEAMAVLEEVV,TLMASEEAM,0,RADIL,pancreatic adenocarcinoma,20,B0702,scoreable
99838,113,ITGSKESLFSCTLMASEEAMAVLEEVV,TLMASEEAM,0,RADIL,pancreatic adenocarcinoma,20,B5105,floor
99838,113,ITGSKESLFSCTLMASEEAMAVLEEVV,TLMASEEAM,0,RADIL,pancreatic adenocarcinoma,20,C0401,floor
99838,113,ITGSKESLFSCTLMASEEAMAVLEEVV,TLMASEEAM,0,RADIL,pancreatic adenocarcinoma,20,C0702,floor
99838,87,ITGSKESLFSCTLMASEEAMAVLEEVV,LMASEEAMA,0,RADIL,pancreatic adenocarcinoma,20,A0201,scoreable
99838,113,ITGSKESLFSCTLMASEEAMAVLEEVV,LMASEEAMA,0,RADIL,pancreatic adenocarcinoma,20,A0301,floor
99838,113,ITGSKESLFSCTLMASEEAMAVLEEVV,LMASEEAMA,0,RADIL,pancreatic adenocarcinoma,20,B0702,floor
99838,113,ITGSKESLFSCTLMASEEAMAVLEEVV,LMASEEAMA,0,RADIL,pancreatic adenocarcinoma,20,B5105,floor
99838,113,ITGSKESLFSCTLMASEEAMAVLEEVV,LMASEEAMA,0,RADIL,pancreatic adenocarcinoma,20,C0401,floor
99838,113,ITGSKESLFSCTLMASEEAMAVLEEVV,LMASEEAMA,0,RADIL,pancreatic adenocarcinoma,20,C0702,floor
99838,87,ITGSKESLFSCTLMASEEAMAVLEEVV,MASEEAMAV,0,RADIL,pancreatic adenocarcinoma,20,A0201,scoreable
99838,113,ITGSKESLFSCTLMASEEAMAVLEEVV,MASEEAMAV,0,RADIL,pancreatic adenocarcinoma,20,A0301,floor
99838,89,ITGSKESLFSCTLMASEEAMAVLEEVV,MASEEAMAV,0,RADIL,pancreatic adenocarcinoma,20,B0702,scoreable
99838,90,ITGSKESLFSCTLMASEEAMAVLEEVV,MASEEAMAV,0,RADIL,pancreatic adenocarcinoma,20,B5105,scoreable
99838,91,ITGSKESLFSCTLMASEEAMAVLEEVV,MASEEAMAV,0,RADIL,pancreatic adenocarcinoma,20,C0401,scoreable
99838,113,ITGSKESLFSCTLMASEEAMAVLEEVV,MASEEAMAV,0,RADIL,pancreatic adenocarcinoma,20,C0702,floor
99838,87,ITGSKESLFSCTLMASEEAMAVLEEVV,SLFSCTLMAS,0,RADIL,pancreatic adenocarcinoma,20,A0201,scoreable
99838,113,ITGSKESLFSCTLMASEEAMAVLEEVV,SLFSCTLMAS,0,RADIL,pancreatic adenocarcinoma,20,A0301,floor
99838,113,ITGSKESLFSCTLMASEEAMAVLEEVV,SLFSCTLMAS,0,RADIL,pancreatic adenocarcinoma,20,B0702,floor
99838,113,ITGSKESLFSCTLMASEEAMAVLEEVV,SLFSCTLMAS,0,RADIL,pancreatic adenocarcinoma,20,B5105,floor
99838,113,ITGSKESLFSCTLMASEEAMAVLEEVV,SLFSCTLMAS,0,RADIL,pancreatic adenocarcinoma,20,C0401,floor
99838,113,ITGSKESLFSCTLMASEEAMAVLEEVV,SLFSCTLMAS,0,RADIL,pancreatic adenocarcinoma,20,C0702,floor
99838,87,ITGSKESLFSCTLMASEEAMAVLEEVV,TLMASEEAMA,0,RADIL,pancreatic adenocarcinoma,20,A0201,scoreable
99838,113,ITGSKESLFSCTLMASEEAMAVLEEVV,TLMASEEAMA,0,RADIL,pancreatic adenocarcinoma,20,A0301,floor
99838,113,ITGSKESLFSCTLMASEEAMAVLEEVV,TLMASEEAMA,0,RADIL,pancreatic adenocarcinoma,20,B0702,floor
99838,113,ITGSKESLFSCTLMASEEAMAVLEEVV,TLMASEEAMA,0,RADIL,pancreatic adenocarcinoma,20,B5105,floor
99838,113,ITGSKESLFSCTLMASEEAMAVLEEVV,TLMASEEAMA,0,RADIL,pancreatic adenocarcinoma,20,C0401,floor
99838,113,ITGSKESLFSCTLMASEEAMAVLEEVV,TLMASEEAMA,0,RADIL,pancreatic adenocarcinoma,20,C0702,floor
99838,87,ITGSKESLFSCTLMASEEAMAVLEEVV,LMASEEAMAV,0,RADIL,pancreatic adenocarcinoma,20,A0201,scoreable
99838,113,ITGSKESLFSCTLMASEEAMAVLEEVV,LMASEEAMAV,0,RADIL,pancreatic adenocarcinoma,20,A0301,floor
99838,113,ITGSKESLFSCTLMASEEAMAVLEEVV,LMASEEAMAV,0,RADIL,pancreatic adenocarcinoma,20,B0702,floor
99838,113,ITGSKESLFSCTLMASEEAMAVLEEVV,LMASEEAMAV,0,RADIL,pancreatic adenocarcinoma,20,B5105,floor
99838,113,ITGSKESLFSCTLMASEEAMAVLEEVV,LMASEEAMAV,0,RADIL,pancreatic adenocarcinoma,20,C0401,floor
99838,113,ITGSKESLFSCTLMASEEAMAVLEEVV,LMASEEAMAV,0,RADIL,pancreatic adenocarcinoma,20,C0702,floor
99838,87,ITGSKESLFSCTLMASEEAMAVLEEVV,MASEEAMAVL,0,RADIL,pancreatic adenocarcinoma,20,A0201,scoreable
99838,113,ITGSKESLFSCTLMASEEAMAVLEEVV,MASEEAMAVL,0,RADIL,pancreatic adenocarcinoma,20,A0301,floor
99838,89,ITGSKESLFSCTLMASEEAMAVLEEVV,MASEEAMAVL,0,RADIL,pancreatic adenocarcinoma,20,B0702,scoreable
99838,90,ITGSKESLFSCTLMASEEAMAVLEEVV,MASEEAMAVL,0,RADIL,pancreatic adenocarcinoma,20,B5105,scoreable
99838,91,ITGSKESLFSCTLMASEEAMAVLEEVV,MASEEAMAVL,0,RADIL,pancreatic adenocarcinoma,20,C0401,scoreable
99838,92,ITGSKESLFSCTLMASEEAMAVLEEVV,MASEEAMAVL,0,RADIL,pancreatic adenocarcinoma,20,C0702,scoreable
99838,87,ITGSKESLFSCTLMASEEAMAVLEEVV,TLMASEEAMAV,0,RADIL,pancreatic adenocarcinoma,20,A0201,scoreable
99838,113,ITGSKESLFSCTLMASEEAMAVLEEVV,TLMASEEAMAV,0,RADIL,pancreatic adenocarcinoma,20,A0301,floor
99838,113,ITGSKESLFSCTLMASEEAMAVLEEVV,TLMASEEAMAV,0,RADIL,pancreatic adenocarcinoma,20,B0702,floor
99838,113,ITGSKESLFSCTLMASEEAMAVLEEVV,TLMASEEAMAV,0,RADIL,pancreatic adenocarcinoma,20,B5105,floor
99838,113,ITGSKESLFSCTLMASEEAMAVLEEVV,TLMASEEAMAV,0,RADIL,pancreatic adenocarcinoma,20,C0401,floor
99838,113,ITGSKESLFSCTLMASEEAMAVLEEVV,TLMASEEAMAV,0,RADIL,pancreatic adenocarcinoma,20,C0702,floor
99838,87,ITGSKESLFSCTLMASEEAMAVLEEVV,LMASEEAMAVL,0,RADIL,pancreatic adenocarcinoma,20,A0201,scoreable
99838,113,ITGSKESLFSCTLMASEEAMAVLEEVV,LMASEEAMAVL,0,RADIL,pancreatic adenocarcinoma,20,A0301,floor
99838,113,ITGSKESLFSCTLMASEEAMAVLEEVV,LMASEEAMAVL,0,RADIL,pancreatic adenocarcinoma,20,B0702,floor
99838,113,ITGSKESLFSCTLMASEEAMAVLEEVV,LMASEEAMAVL,0,RADIL,pancreatic adenocarcinoma,20,B5105,floor
99838,113,ITGSKESLFSCTLMASEEAMAVLEEVV,LMASEEAMAVL,0,RADIL,pancreatic adenocarcinoma,20,C0401,floor
99838,113,ITGSKESLFSCTLMASEEAMAVLEEVV,LMASEEAMAVL,0,RADIL,pancreatic adenocarcinoma,20,C0702,floor
99838,87,ITGSKESLFSCTLMASEEAMAVLEEVV,TLMASEEAMAVL,0,RADIL,pancreatic adenocarcinoma,20,A0201,scoreable
99838,113,ITGSKESLFSCTLMASEEAMAVLEEVV,TLMASEEAMAVL,0,RADIL,pancreatic adenocarcinoma,20,A0301,floor
99838,113,ITGSKESLFSCTLMASEEAMAVLEEVV,TLMASEEAMAVL,0,RADIL,pancreatic adenocarcinoma,20,B0702,floor
99838,113,ITGSKESLFSCTLMASEEAMAVLEEVV,TLMASEEAMAVL,0,RADIL,pancreatic adenocarcinoma,20,B5105,floor
99838,113,ITGSKESLFSCTLMASEEAMAVLEEVV,TLMASEEAMAVL,0,RADIL,pancreatic adenocarcinoma,20,C0401,floor
99838,113,ITGSKESLFSCTLMASEEAMAVLEEVV,TLMASEEAMAVL,0,RADIL,pancreatic adenocarcinoma,20,C0702,floor
99838,113,DLCPLKNRVDSSLSAPPAQEETFAPGP,SAPPAQEETF,0,SLITRK1,pancreatic adenocarcinoma,20,A0201,floor
99838,113,DLCPLKNRVDSSLSAPPAQEETFAPGP,SAPPAQEETF,0,SLITRK1,pancreatic adenocarcinoma,20,A0301,floor
99838,89,DLCPLKNRVDSSLSAPPAQEETFAPGP,SAPPAQEETF,0,SLITRK1,pancreatic adenocarcinoma,20,B0702,scoreable
99838,113,DLCPLKNRVDSSLSAPPAQEETFAPGP,SAPPAQEETF,0,SLITRK1,pancreatic adenocarcinoma,20,B5105,floor
99838,113,DLCPLKNRVDSSLSAPPAQEETFAPGP,SAPPAQEETF,0,SLITRK1,pancreatic adenocarcinoma,20,C0401,floor
99838,113,DLCPLKNRVDSSLSAPPAQEETFAPGP,SAPPAQEETF,0,SLITRK1,pancreatic adenocarcinoma,20,C0702,floor
99838,113,QMGSPSIRCSSVSYRHQVW,SPSIRCSSV,0,SMAD3,pancreatic adenocarcinoma,20,A0201,floor
99838,113,QMGSPSIRCSSVSYRHQVW,SPSIRCSSV,0,SMAD3,pancreatic adenocarcinoma,20,A0301,floor
99838,89,QMGSPSIRCSSVSYRHQVW,SPSIRCSSV,0,SMAD3,pancreatic adenocarcinoma,20,B0702,scoreable
99838,90,QMGSPSIRCSSVSYRHQVW,SPSIRCSSV,0,SMAD3,pancreatic adenocarcinoma,20,B5105,scoreable
99838,91,QMGSPSIRCSSVSYRHQVW,SPSIRCSSV,0,SMAD3,pancreatic adenocarcinoma,20,C0401,scoreable
99838,113,QMGSPSIRCSSVSYRHQVW,SPSIRCSSV,0,SMAD3,pancreatic adenocarcinoma,20,C0702,floor
99838,113,QMGSPSIRCSSVSYRHQVW,SIRCSSVSY,0,SMAD3,pancreatic adenocarcinoma,20,A0201,floor
99838,88,QMGSPSIRCSSVSYRHQVW,SIRCSSVSY,0,SMAD3,pancreatic adenocarcinoma,20,A0301,scoreable
99838,89,QMGSPSIRCSSVSYRHQVW,SIRCSSVSY,0,SMAD3,pancreatic adenocarcinoma,20,B0702,scoreable
99838,113,QMGSPSIRCSSVSYRHQVW,SIRCSSVSY,0,SMAD3,pancreatic adenocarcinoma,20,B5105,floor
99838,113,QMGSPSIRCSSVSYRHQVW,SIRCSSVSY,0,SMAD3,pancreatic adenocarcinoma,20,C0401,floor
99838,92,QMGSPSIRCSSVSYRHQVW,SIRCSSVSY,0,SMAD3,pancreatic adenocarcinoma,20,C0702,scoreable
99838,87,QMGSPSIRCSSVSYRHQVW,SSVSYRHQV,0,SMAD3,pancreatic adenocarcinoma,20,A0201,scoreable
99838,113,QMGSPSIRCSSVSYRHQVW,SSVSYRHQV,0,SMAD3,pancreatic adenocarcinoma,20,A0301,floor
99838,113,QMGSPSIRCSSVSYRHQVW,SSVSYRHQV,0,SMAD3,pancreatic adenocarcinoma,20,B0702,floor
99838,90,QMGSPSIRCSSVSYRHQVW,SSVSYRHQV,0,SMAD3,pancreatic adenocarcinoma,20,B5105,scoreable
99838,113,QMGSPSIRCSSVSYRHQVW,SSVSYRHQV,0,SMAD3,pancreatic adenocarcinoma,20,C0401,floor
99838,113,QMGSPSIRCSSVSYRHQVW,SSVSYRHQV,0,SMAD3,pancreatic adenocarcinoma,20,C0702,floor
99838,87,QMGSPSIRCSSVSYRHQVW,GSPSIRCSSV,0,SMAD3,pancreatic adenocarcinoma,20,A0201,scoreable
99838,113,QMGSPSIRCSSVSYRHQVW,GSPSIRCSSV,0,SMAD3,pancreatic adenocarcinoma,20,A0301,floor
99838,113,QMGSPSIRCSSVSYRHQVW,GSPSIRCSSV,0,SMAD3,pancreatic adenocarcinoma,20,B0702,floor
99838,113,QMGSPSIRCSSVSYRHQVW,GSPSIRCSSV,0,SMAD3,pancreatic adenocarcinoma,20,B5105,floor
99838,113,QMGSPSIRCSSVSYRHQVW,GSPSIRCSSV,0,SMAD3,pancreatic adenocarcinoma,20,C0401,floor
99838,113,QMGSPSIRCSSVSYRHQVW,GSPSIRCSSV,0,SMAD3,pancreatic adenocarcinoma,20,C0702,floor
99838,113,QMGSPSIRCSSVSYRHQVW,SPSIRCSSVS,0,SMAD3,pancreatic adenocarcinoma,20,A0201,floor
99838,113,QMGSPSIRCSSVSYRHQVW,SPSIRCSSVS,0,SMAD3,pancreatic adenocarcinoma,20,A0301,floor
99838,89,QMGSPSIRCSSVSYRHQVW,SPSIRCSSVS,0,SMAD3,pancreatic adenocarcinoma,20,B0702,scoreable
99838,113,QMGSPSIRCSSVSYRHQVW,SPSIRCSSVS,0,SMAD3,pancreatic adenocarcinoma,20,B5105,floor
99838,113,QMGSPSIRCSSVSYRHQVW,SPSIRCSSVS,0,SMAD3,pancreatic adenocarcinoma,20,C0401,floor
99838,113,QMGSPSIRCSSVSYRHQVW,SPSIRCSSVS,0,SMAD3,pancreatic adenocarcinoma,20,C0702,floor
99838,113,QMGSPSIRCSSVSYRHQVW,SIRCSSVSYR,0,SMAD3,pancreatic adenocarcinoma,20,A0201,floor
99838,88,QMGSPSIRCSSVSYRHQVW,SIRCSSVSYR,0,SMAD3,pancreatic adenocarcinoma,20,A0301,scoreable
99838,113,QMGSPSIRCSSVSYRHQVW,SIRCSSVSYR,0,SMAD3,pancreatic adenocarcinoma,20,B0702,floor
99838,113,QMGSPSIRCSSVSYRHQVW,SIRCSSVSYR,0,SMAD3,pancreatic adenocarcinoma,20,B5105,floor
99838,113,QMGSPSIRCSSVSYRHQVW,SIRCSSVSYR,0,SMAD3,pancreatic adenocarcinoma,20,C0401,floor
99838,113,QMGSPSIRCSSVSYRHQVW,SIRCSSVSYR,0,SMAD3,pancreatic adenocarcinoma,20,C0702,floor
99838,113,QMGSPSIRCSSVSYRHQVW,MGSPSIRCSSV,0,SMAD3,pancreatic adenocarcinoma,20,A0201,floor
99838,113,QMGSPSIRCSSVSYRHQVW,MGSPSIRCSSV,0,SMAD3,pancreatic adenocarcinoma,20,A0301,floor
99838,89,QMGSPSIRCSSVSYRHQVW,MGSPSIRCSSV,0,SMAD3,pancreatic adenocarcinoma,20,B0702,scoreable
99838,90,QMGSPSIRCSSVSYRHQVW,MGSPSIRCSSV,0,SMAD3,pancreatic adenocarcinoma,20,B5105,scoreable
99838,113,QMGSPSIRCSSVSYRHQVW,MGSPSIRCSSV,0,SMAD3,pancreatic adenocarcinoma,20,C0401,floor
99838,113,QMGSPSIRCSSVSYRHQVW,MGSPSIRCSSV,0,SMAD3,pancreatic adenocarcinoma,20,C0702,floor
99838,113,QMGSPSIRCSSVSYRHQVW,SPSIRCSSVSY,0,SMAD3,pancreatic adenocarcinoma,20,A0201,floor
99838,113,QMGSPSIRCSSVSYRHQVW,SPSIRCSSVSY,0,SMAD3,pancreatic adenocarcinoma,20,A0301,floor
99838,89,QMGSPSIRCSSVSYRHQVW,SPSIRCSSVSY,0,SMAD3,pancreatic adenocarcinoma,20,B0702,scoreable
99838,113,QMGSPSIRCSSVSYRHQVW,SPSIRCSSVSY,0,SMAD3,pancreatic adenocarcinoma,20,B5105,floor
99838,113,QMGSPSIRCSSVSYRHQVW,SPSIRCSSVSY,0,SMAD3,pancreatic adenocarcinoma,20,C0401,floor
99838,113,QMGSPSIRCSSVSYRHQVW,SPSIRCSSVSY,0,SMAD3,pancreatic adenocarcinoma,20,C0702,floor
99838,87,PGSGGKAGRGRWRMVQSHLAAGKLNLS,RMVQSHLAA,0,SYT7,pancreatic adenocarcinoma,20,A0201,scoreable
99838,88,PGSGGKAGRGRWRMVQSHLAAGKLNLS,RMVQSHLAA,0,SYT7,pancreatic adenocarcinoma,20,A0301,scoreable
99838,113,PGSGGKAGRGRWRMVQSHLAAGKLNLS,RMVQSHLAA,0,SYT7,pancreatic adenocarcinoma,20,B0702,floor
99838,113,PGSGGKAGRGRWRMVQSHLAAGKLNLS,RMVQSHLAA,0,SYT7,pancreatic adenocarcinoma,20,B5105,floor
99838,113,PGSGGKAGRGRWRMVQSHLAAGKLNLS,RMVQSHLAA,0,SYT7,pancreatic adenocarcinoma,20,C0401,floor
99838,113,PGSGGKAGRGRWRMVQSHLAAGKLNLS,RMVQSHLAA,0,SYT7,pancreatic adenocarcinoma,20,C0702,floor
99838,113,PGSGGKAGRGRWRMVQSHLAAGKLNLS,MVQSHLAAGK,0,SYT7,pancreatic adenocarcinoma,20,A0201,floor
99838,88,PGSGGKAGRGRWRMVQSHLAAGKLNLS,MVQSHLAAGK,0,SYT7,pancreatic adenocarcinoma,20,A0301,scoreable
99838,113,PGSGGKAGRGRWRMVQSHLAAGKLNLS,MVQSHLAAGK,0,SYT7,pancreatic adenocarcinoma,20,B0702,floor
99838,113,PGSGGKAGRGRWRMVQSHLAAGKLNLS,MVQSHLAAGK,0,SYT7,pancreatic adenocarcinoma,20,B5105,floor
99838,113,PGSGGKAGRGRWRMVQSHLAAGKLNLS,MVQSHLAAGK,0,SYT7,pancreatic adenocarcinoma,20,C0401,floor
99838,113,PGSGGKAGRGRWRMVQSHLAAGKLNLS,MVQSHLAAGK,0,SYT7,pancreatic adenocarcinoma,20,C0702,floor
99838,113,PGSGGKAGRGRWRMVQSHLAAGKLNLS,RMVQSHLAAGK,0,SYT7,pancreatic adenocarcinoma,20,A0201,floor
99838,88,PGSGGKAGRGRWRMVQSHLAAGKLNLS,RMVQSHLAAGK,0,SYT7,pancreatic adenocarcinoma,20,A0301,scoreable
99838,113,PGSGGKAGRGRWRMVQSHLAAGKLNLS,RMVQSHLAAGK,0,SYT7,pancreatic adenocarcinoma,20,B0702,floor
99838,113,PGSGGKAGRGRWRMVQSHLAAGKLNLS,RMVQSHLAAGK,0,SYT7,pancreatic adenocarcinoma,20,B5105,floor
99838,113,PGSGGKAGRGRWRMVQSHLAAGKLNLS,RMVQSHLAAGK,0,SYT7,pancreatic adenocarcinoma,20,C0401,floor
99838,113,PGSGGKAGRGRWRMVQSHLAAGKLNLS,RMVQSHLAAGK,0,SYT7,pancreatic adenocarcinoma,20,C0702,floor
99838,113,MITFRPIIFSSLVVVTFV,MITFRPIIF,1,TAS2R43,pancreatic adenocarcinoma,20,A0201,floor
99838,113,MITFRPIIFSSLVVVTFV,MITFRPIIF,1,TAS2R43,pancreatic adenocarcinoma,20,A0301,floor
99838,89,MITFRPIIFSSLVVVTFV,MITFRPIIF,1,TAS2R43,pancreatic adenocarcinoma,20,B0702,scoreable
99838,113,MITFRPIIFSSLVVVTFV,MITFRPIIF,1,TAS2R43,pancreatic adenocarcinoma,20,B5105,floor
99838,113,MITFRPIIFSSLVVVTFV,MITFRPIIF,1,TAS2R43,pancreatic adenocarcinoma,20,C0401,floor
99838,92,MITFRPIIFSSLVVVTFV,MITFRPIIF,1,TAS2R43,pancreatic adenocarcinoma,20,C0702,scoreable
99838,113,MITFRPIIFSSLVVVTFV,FRPIIFSSL,1,TAS2R43,pancreatic adenocarcinoma,20,A0201,floor
99838,113,MITFRPIIFSSLVVVTFV,FRPIIFSSL,1,TAS2R43,pancreatic adenocarcinoma,20,A0301,floor
99838,89,MITFRPIIFSSLVVVTFV,FRPIIFSSL,1,TAS2R43,pancreatic adenocarcinoma,20,B0702,scoreable
99838,113,MITFRPIIFSSLVVVTFV,FRPIIFSSL,1,TAS2R43,pancreatic adenocarcinoma,20,B5105,floor
99838,113,MITFRPIIFSSLVVVTFV,FRPIIFSSL,1,TAS2R43,pancreatic adenocarcinoma,20,C0401,floor
99838,113,MITFRPIIFSSLVVVTFV,FRPIIFSSL,1,TAS2R43,pancreatic adenocarcinoma,20,C0702,floor
99838,113,MITFRPIIFSSLVVVTFV,RPIIFSSLV,1,TAS2R43,pancreatic adenocarcinoma,20,A0201,floor
99838,113,MITFRPIIFSSLVVVTFV,RPIIFSSLV,1,TAS2R43,pancreatic adenocarcinoma,20,A0301,floor
99838,89,MITFRPIIFSSLVVVTFV,RPIIFSSLV,1,TAS2R43,pancreatic adenocarcinoma,20,B0702,scoreable
99838,90,MITFRPIIFSSLVVVTFV,RPIIFSSLV,1,TAS2R43,pancreatic adenocarcinoma,20,B5105,scoreable
99838,113,MITFRPIIFSSLVVVTFV,RPIIFSSLV,1,TAS2R43,pancreatic adenocarcinoma,20,C0401,floor
99838,113,MITFRPIIFSSLVVVTFV,RPIIFSSLV,1,TAS2R43,pancreatic adenocarcinoma,20,C0702,floor
99838,113,MITFRPIIFSSLVVVTFV,TFRPIIFSSL,1,TAS2R43,pancreatic adenocarcinoma,20,A0201,floor
99838,113,MITFRPIIFSSLVVVTFV,TFRPIIFSSL,1,TAS2R43,pancreatic adenocarcinoma,20,A0301,floor
99838,113,MITFRPIIFSSLVVVTFV,TFRPIIFSSL,1,TAS2R43,pancreatic adenocarcinoma,20,B0702,floor
99838,113,MITFRPIIFSSLVVVTFV,TFRPIIFSSL,1,TAS2R43,pancreatic adenocarcinoma,20,B5105,floor
99838,91,MITFRPIIFSSLVVVTFV,TFRPIIFSSL,1,TAS2R43,pancreatic adenocarcinoma,20,C0401,scoreable
99838,113,MITFRPIIFSSLVVVTFV,TFRPIIFSSL,1,TAS2R43,pancreatic adenocarcinoma,20,C0702,floor
99838,113,MITFRPIIFSSLVVVTFV,RPIIFSSLVV,1,TAS2R43,pancreatic adenocarcinoma,20,A0201,floor
99838,113,MITFRPIIFSSLVVVTFV,RPIIFSSLVV,1,TAS2R43,pancreatic adenocarcinoma,20,A0301,floor
99838,89,MITFRPIIFSSLVVVTFV,RPIIFSSLVV,1,TAS2R43,pancreatic adenocarcinoma,20,B0702,scoreable
99838,90,MITFRPIIFSSLVVVTFV,RPIIFSSLVV,1,TAS2R43,pancreatic adenocarcinoma,20,B5105,scoreable
99838,113,MITFRPIIFSSLVVVTFV,RPIIFSSLVV,1,TAS2R43,pancreatic adenocarcinoma,20,C0401,floor
99838,113,MITFRPIIFSSLVVVTFV,RPIIFSSLVV,1,TAS2R43,pancreatic adenocarcinoma,20,C0702,floor
99838,113,MITFRPIIFSSLVVVTFV,RPIIFSSLVVV,1,TAS2R43,pancreatic adenocarcinoma,20,A0201,floor
99838,113,MITFRPIIFSSLVVVTFV,RPIIFSSLVVV,1,TAS2R43,pancreatic adenocarcinoma,20,A0301,floor
99838,89,MITFRPIIFSSLVVVTFV,RPIIFSSLVVV,1,TAS2R43,pancreatic adenocarcinoma,20,B0702,scoreable
99838,90,MITFRPIIFSSLVVVTFV,RPIIFSSLVVV,1,TAS2R43,pancreatic adenocarcinoma,20,B5105,scoreable
99838,113,MITFRPIIFSSLVVVTFV,RPIIFSSLVVV,1,TAS2R43,pancreatic adenocarcinoma,20,C0401,floor
99838,113,MITFRPIIFSSLVVVTFV,RPIIFSSLVVV,1,TAS2R43,pancreatic adenocarcinoma,20,C0702,floor
99838,113,PSIPQVPNYRLSMMIPDWLQAIQNYMK,VPNYRLSMM,0,VASH2,pancreatic adenocarcinoma,20,A0201,floor
99838,113,PSIPQVPNYRLSMMIPDWLQAIQNYMK,VPNYRLSMM,0,VASH2,pancreatic adenocarcinoma,20,A0301,floor
99838,89,PSIPQVPNYRLSMMIPDWLQAIQNYMK,VPNYRLSMM,0,VASH2,pancreatic adenocarcinoma,20,B0702,scoreable
99838,90,PSIPQVPNYRLSMMIPDWLQAIQNYMK,VPNYRLSMM,0,VASH2,pancreatic adenocarcinoma,20,B5105,scoreable
99838,91,PSIPQVPNYRLSMMIPDWLQAIQNYMK,VPNYRLSMM,0,VASH2,pancreatic adenocarcinoma,20,C0401,scoreable
99838,113,PSIPQVPNYRLSMMIPDWLQAIQNYMK,VPNYRLSMM,0,VASH2,pancreatic adenocarcinoma,20,C0702,floor
99838,87,PSIPQVPNYRLSMMIPDWLQAIQNYMK,LSMMIPDWL,0,VASH2,pancreatic adenocarcinoma,20,A0201,scoreable
99838,113,PSIPQVPNYRLSMMIPDWLQAIQNYMK,LSMMIPDWL,0,VASH2,pancreatic adenocarcinoma,20,A0301,floor
99838,113,PSIPQVPNYRLSMMIPDWLQAIQNYMK,LSMMIPDWL,0,VASH2,pancreatic adenocarcinoma,20,B0702,floor
99838,90,PSIPQVPNYRLSMMIPDWLQAIQNYMK,LSMMIPDWL,0,VASH2,pancreatic adenocarcinoma,20,B5105,scoreable
99838,113,PSIPQVPNYRLSMMIPDWLQAIQNYMK,LSMMIPDWL,0,VASH2,pancreatic adenocarcinoma,20,C0401,floor
99838,113,PSIPQVPNYRLSMMIPDWLQAIQNYMK,LSMMIPDWL,0,VASH2,pancreatic adenocarcinoma,20,C0702,floor
99838,87,PSIPQVPNYRLSMMIPDWLQAIQNYMK,MMIPDWLQA,0,VASH2,pancreatic adenocarcinoma,20,A0201,scoreable
99838,113,PSIPQVPNYRLSMMIPDWLQAIQNYMK,MMIPDWLQA,0,VASH2,pancreatic adenocarcinoma,20,A0301,floor
99838,113,PSIPQVPNYRLSMMIPDWLQAIQNYMK,MMIPDWLQA,0,VASH2,pancreatic adenocarcinoma,20,B0702,floor
99838,113,PSIPQVPNYRLSMMIPDWLQAIQNYMK,MMIPDWLQA,0,VASH2,pancreatic adenocarcinoma,20,B5105,floor
99838,113,PSIPQVPNYRLSMMIPDWLQAIQNYMK,MMIPDWLQA,0,VASH2,pancreatic adenocarcinoma,20,C0401,floor
99838,113,PSIPQVPNYRLSMMIPDWLQAIQNYMK,MMIPDWLQA,0,VASH2,pancreatic adenocarcinoma,20,C0702,floor
99838,87,PSIPQVPNYRLSMMIPDWLQAIQNYMK,MIPDWLQAI,0,VASH2,pancreatic adenocarcinoma,20,A0201,scoreable
99838,113,PSIPQVPNYRLSMMIPDWLQAIQNYMK,MIPDWLQAI,0,VASH2,pancreatic adenocarcinoma,20,A0301,floor
99838,89,PSIPQVPNYRLSMMIPDWLQAIQNYMK,MIPDWLQAI,0,VASH2,pancreatic adenocarcinoma,20,B0702,scoreable
99838,90,PSIPQVPNYRLSMMIPDWLQAIQNYMK,MIPDWLQAI,0,VASH2,pancreatic adenocarcinoma,20,B5105,scoreable
99838,91,PSIPQVPNYRLSMMIPDWLQAIQNYMK,MIPDWLQAI,0,VASH2,pancreatic adenocarcinoma,20,C0401,scoreable
99838,113,PSIPQVPNYRLSMMIPDWLQAIQNYMK,MIPDWLQAI,0,VASH2,pancreatic adenocarcinoma,20,C0702,floor
99838,113,PSIPQVPNYRLSMMIPDWLQAIQNYMK,VPNYRLSMMI,0,VASH2,pancreatic adenocarcinoma,20,A0201,floor
99838,113,PSIPQVPNYRLSMMIPDWLQAIQNYMK,VPNYRLSMMI,0,VASH2,pancreatic adenocarcinoma,20,A0301,floor
99838,89,PSIPQVPNYRLSMMIPDWLQAIQNYMK,VPNYRLSMMI,0,VASH2,pancreatic adenocarcinoma,20,B0702,scoreable
99838,90,PSIPQVPNYRLSMMIPDWLQAIQNYMK,VPNYRLSMMI,0,VASH2,pancreatic adenocarcinoma,20,B5105,scoreable
99838,113,PSIPQVPNYRLSMMIPDWLQAIQNYMK,VPNYRLSMMI,0,VASH2,pancreatic adenocarcinoma,20,C0401,floor
99838,113,PSIPQVPNYRLSMMIPDWLQAIQNYMK,VPNYRLSMMI,0,VASH2,pancreatic adenocarcinoma,20,C0702,floor
99838,87,PSIPQVPNYRLSMMIPDWLQAIQNYMK,RLSMMIPDWL,0,VASH2,pancreatic adenocarcinoma,20,A0201,scoreable
99838,113,PSIPQVPNYRLSMMIPDWLQAIQNYMK,RLSMMIPDWL,0,VASH2,pancreatic adenocarcinoma,20,A0301,floor
99838,113,PSIPQVPNYRLSMMIPDWLQAIQNYMK,RLSMMIPDWL,0,VASH2,pancreatic adenocarcinoma,20,B0702,floor
99838,113,PSIPQVPNYRLSMMIPDWLQAIQNYMK,RLSMMIPDWL,0,VASH2,pancreatic adenocarcinoma,20,B5105,floor
99838,113,PSIPQVPNYRLSMMIPDWLQAIQNYMK,RLSMMIPDWL,0,VASH2,pancreatic adenocarcinoma,20,C0401,floor
99838,113,PSIPQVPNYRLSMMIPDWLQAIQNYMK,RLSMMIPDWL,0,VASH2,pancreatic adenocarcinoma,20,C0702,floor
99838,87,PSIPQVPNYRLSMMIPDWLQAIQNYMK,SMMIPDWLQA,0,VASH2,pancreatic adenocarcinoma,20,A0201,scoreable
99838,113,PSIPQVPNYRLSMMIPDWLQAIQNYMK,SMMIPDWLQA,0,VASH2,pancreatic adenocarcinoma,20,A0301,floor
99838,113,PSIPQVPNYRLSMMIPDWLQAIQNYMK,SMMIPDWLQA,0,VASH2,pancreatic adenocarcinoma,20,B0702,floor
99838,113,PSIPQVPNYRLSMMIPDWLQAIQNYMK,SMMIPDWLQA,0,VASH2,pancreatic adenocarcinoma,20,B5105,floor
99838,113,PSIPQVPNYRLSMMIPDWLQAIQNYMK,SMMIPDWLQA,0,VASH2,pancreatic adenocarcinoma,20,C0401,floor
99838,113,PSIPQVPNYRLSMMIPDWLQAIQNYMK,SMMIPDWLQA,0,VASH2,pancreatic adenocarcinoma,20,C0702,floor
99838,87,PSIPQVPNYRLSMMIPDWLQAIQNYMK,MMIPDWLQAI,0,VASH2,pancreatic adenocarcinoma,20,A0201,scoreable
99838,113,PSIPQVPNYRLSMMIPDWLQAIQNYMK,MMIPDWLQAI,0,VASH2,pancreatic adenocarcinoma,20,A0301,floor
99838,113,PSIPQVPNYRLSMMIPDWLQAIQNYMK,MMIPDWLQAI,0,VASH2,pancreatic adenocarcinoma,20,B0702,floor
99838,90,PSIPQVPNYRLSMMIPDWLQAIQNYMK,MMIPDWLQAI,0,VASH2,pancreatic adenocarcinoma,20,B5105,scoreable
99838,91,PSIPQVPNYRLSMMIPDWLQAIQNYMK,MMIPDWLQAI,0,VASH2,pancreatic adenocarcinoma,20,C0401,scoreable
99838,113,PSIPQVPNYRLSMMIPDWLQAIQNYMK,MMIPDWLQAI,0,VASH2,pancreatic adenocarcinoma,20,C0702,floor
99838,87,PSIPQVPNYRLSMMIPDWLQAIQNYMK,SMMIPDWLQAI,0,VASH2,pancreatic adenocarcinoma,20,A0201,scoreable
99838,113,PSIPQVPNYRLSMMIPDWLQAIQNYMK,SMMIPDWLQAI,0,VASH2,pancreatic adenocarcinoma,20,A0301,floor
99838,113,PSIPQVPNYRLSMMIPDWLQAIQNYMK,SMMIPDWLQAI,0,VASH2,pancreatic adenocarcinoma,20,B0702,floor
99838,113,PSIPQVPNYRLSMMIPDWLQAIQNYMK,SMMIPDWLQAI,0,VASH2,pancreatic adenocarcinoma,20,B5105,floor
99838,113,PSIPQVPNYRLSMMIPDWLQAIQNYMK,SMMIPDWLQAI,0,VASH2,pancreatic adenocarcinoma,20,C0401,floor
99838,113,PSIPQVPNYRLSMMIPDWLQAIQNYMK,SMMIPDWLQAI,0,VASH2,pancreatic adenocarcinoma,20,C0702,floor
99838,113,PSIPQVPNYRLSMMIPDWLQAIQNYMK,IPQVPNYRLSMM,0,VASH2,pancreatic adenocarcinoma,20,A0201,floor
99838,113,PSIPQVPNYRLSMMIPDWLQAIQNYMK,IPQVPNYRLSMM,0,VASH2,pancreatic adenocarcinoma,20,A0301,floor
99838,89,PSIPQVPNYRLSMMIPDWLQAIQNYMK,IPQVPNYRLSMM,0,VASH2,pancreatic adenocarcinoma,20,B0702,scoreable
99838,113,PSIPQVPNYRLSMMIPDWLQAIQNYMK,IPQVPNYRLSMM,0,VASH2,pancreatic adenocarcinoma,20,B5105,floor
99838,113,PSIPQVPNYRLSMMIPDWLQAIQNYMK,IPQVPNYRLSMM,0,VASH2,pancreatic adenocarcinoma,20,C0401,floor
99838,113,PSIPQVPNYRLSMMIPDWLQAIQNYMK,IPQVPNYRLSMM,0,VASH2,pancreatic adenocarcinoma,20,C0702,floor
99351,30,SYFLHDGAQSLLQNEDQLYTALWHRRR,LLQNEDQLY,0,USP44,pancreatic adenocarcinoma,9,A0101,scoreable
99351,102,SYFLHDGAQSLLQNEDQLYTALWHRRR,LLQNEDQLY,0,USP44,pancreatic adenocarcinoma,9,A6801,floor
99351,102,SYFLHDGAQSLLQNEDQLYTALWHRRR,LLQNEDQLY,0,USP44,pancreatic adenocarcinoma,9,B0801,floor
99351,102,SYFLHDGAQSLLQNEDQLYTALWHRRR,LLQNEDQLY,0,USP44,pancreatic adenocarcinoma,9,B4402,floor
99351,102,SYFLHDGAQSLLQNEDQLYTALWHRRR,LLQNEDQLY,0,USP44,pancreatic adenocarcinoma,9,C0501,floor
99351,102,SYFLHDGAQSLLQNEDQLYTALWHRRR,LLQNEDQLY,0,USP44,pancreatic adenocarcinoma,9,C0701,floor
99351,102,SYFLHDGAQSLLQNEDQLYTALWHRRR,NEDQLYTAL,0,USP44,pancreatic adenocarcinoma,9,A0101,floor
99351,102,SYFLHDGAQSLLQNEDQLYTALWHRRR,NEDQLYTAL,0,USP44,pancreatic adenocarcinoma,9,A6801,floor
99351,102,SYFLHDGAQSLLQNEDQLYTALWHRRR,NEDQLYTAL,0,USP44,pancreatic adenocarcinoma,9,B0801,floor
99351,33,SYFLHDGAQSLLQNEDQLYTALWHRRR,NEDQLYTAL,0,USP44,pancreatic adenocarcinoma,9,B4402,scoreable
99351,102,SYFLHDGAQSLLQNEDQLYTALWHRRR,NEDQLYTAL,0,USP44,pancreatic adenocarcinoma,9,C0501,floor
99351,102,SYFLHDGAQSLLQNEDQLYTALWHRRR,NEDQLYTAL,0,USP44,pancreatic adenocarcinoma,9,C0701,floor
99351,30,SYFLHDGAQSLLQNEDQLYTALWHRRR,SLLQNEDQLY,0,USP44,pancreatic adenocarcinoma,9,A0101,scoreable
99351,102,SYFLHDGAQSLLQNEDQLYTALWHRRR,SLLQNEDQLY,0,USP44,pancreatic adenocarcinoma,9,A6801,floor
99351,102,SYFLHDGAQSLLQNEDQLYTALWHRRR,SLLQNEDQLY,0,USP44,pancreatic adenocarcinoma,9,B0801,floor
99351,102,SYFLHDGAQSLLQNEDQLYTALWHRRR,SLLQNEDQLY,0,USP44,pancreatic adenocarcinoma,9,B4402,floor
99351,102,SYFLHDGAQSLLQNEDQLYTALWHRRR,SLLQNEDQLY,0,USP44,pancreatic adenocarcinoma,9,C0501,floor
99351,102,SYFLHDGAQSLLQNEDQLYTALWHRRR,SLLQNEDQLY,0,USP44,pancreatic adenocarcinoma,9,C0701,floor
99351,30,SYFLHDGAQSLLQNEDQLYTALWHRRR,NEDQLYTALW,0,USP44,pancreatic adenocarcinoma,9,A0101,scoreable
99351,102,SYFLHDGAQSLLQNEDQLYTALWHRRR,NEDQLYTALW,0,USP44,pancreatic adenocarcinoma,9,A6801,floor
99351,102,SYFLHDGAQSLLQNEDQLYTALWHRRR,NEDQLYTALW,0,USP44,pancreatic adenocarcinoma,9,B0801,floor
99351,33,SYFLHDGAQSLLQNEDQLYTALWHRRR,NEDQLYTALW,0,USP44,pancreatic adenocarcinoma,9,B4402,scoreable
99351,102,SYFLHDGAQSLLQNEDQLYTALWHRRR,NEDQLYTALW,0,USP44,pancreatic adenocarcinoma,9,C0501,floor
99351,102,SYFLHDGAQSLLQNEDQLYTALWHRRR,NEDQLYTALW,0,USP44,pancreatic adenocarcinoma,9,C0701,floor
99351,30,SYFLHDGAQSLLQNEDQLYTALWHRRR,QSLLQNEDQLY,0,USP44,pancreatic adenocarcinoma,9,A0101,scoreable
99351,102,SYFLHDGAQSLLQNEDQLYTALWHRRR,QSLLQNEDQLY,0,USP44,pancreatic adenocarcinoma,9,A6801,floor
99351,102,SYFLHDGAQSLLQNEDQLYTALWHRRR,QSLLQNEDQLY,0,USP44,pancreatic adenocarcinoma,9,B0801,floor
99351,102,SYFLHDGAQSLLQNEDQLYTALWHRRR,QSLLQNEDQLY,0,USP44,pancreatic adenocarcinoma,9,B4402,floor
99351,102,SYFLHDGAQSLLQNEDQLYTALWHRRR,QSLLQNEDQLY,0,USP44,pancreatic adenocarcinoma,9,C0501,floor
99351,102,SYFLHDGAQSLLQNEDQLYTALWHRRR,QSLLQNEDQLY,0,USP44,pancreatic adenocarcinoma,9,C0701,floor
99351,102,SYFLHDGAQSLLQNEDQLYTALWHRRR,LQNEDQLYTAL,0,USP44,pancreatic adenocarcinoma,9,A0101,floor
99351,102,SYFLHDGAQSLLQNEDQLYTALWHRRR,LQNEDQLYTAL,0,USP44,pancreatic adenocarcinoma,9,A6801,floor
99351,102,SYFLHDGAQSLLQNEDQLYTALWHRRR,LQNEDQLYTAL,0,USP44,pancreatic adenocarcinoma,9,B0801,floor
99351,102,SYFLHDGAQSLLQNEDQLYTALWHRRR,LQNEDQLYTAL,0,USP44,pancreatic adenocarcinoma,9,B4402,floor
99351,34,SYFLHDGAQSLLQNEDQLYTALWHRRR,LQNEDQLYTAL,0,USP44,pancreatic adenocarcinoma,9,C0501,scoreable
99351,35,SYFLHDGAQSLLQNEDQLYTALWHRRR,LQNEDQLYTAL,0,USP44,pancreatic adenocarcinoma,9,C0701,scoreable
99351,102,SYFLHDGAQSLLQNEDQLYTALWHRRR,QNEDQLYTALW,0,USP44,pancreatic adenocarcinoma,9,A0101,floor
99351,102,SYFLHDGAQSLLQNEDQLYTALWHRRR,QNEDQLYTALW,0,USP44,pancreatic adenocarcinoma,9,A6801,floor
99351,102,SYFLHDGAQSLLQNEDQLYTALWHRRR,QNEDQLYTALW,0,USP44,pancreatic adenocarcinoma,9,B0801,floor
99351,33,SYFLHDGAQSLLQNEDQLYTALWHRRR,QNEDQLYTALW,0,USP44,pancreatic adenocarcinoma,9,B4402,scoreable
99351,102,SYFLHDGAQSLLQNEDQLYTALWHRRR,QNEDQLYTALW,0,USP44,pancreatic adenocarcinoma,9,C0501,floor
99351,102,SYFLHDGAQSLLQNEDQLYTALWHRRR,QNEDQLYTALW,0,USP44,pancreatic adenocarcinoma,9,C0701,floor
99351,102,SYFLHDGAQSLLQNEDQLYTALWHRRR,NEDQLYTALWH,0,USP44,pancreatic adenocarcinoma,9,A0101,floor
99351,102,SYFLHDGAQSLLQNEDQLYTALWHRRR,NEDQLYTALWH,0,USP44,pancreatic adenocarcinoma,9,A6801,floor
99351,102,SYFLHDGAQSLLQNEDQLYTALWHRRR,NEDQLYTALWH,0,USP44,pancreatic adenocarcinoma,9,B0801,floor
99351,33,SYFLHDGAQSLLQNEDQLYTALWHRRR,NEDQLYTALWH,0,USP44,pancreatic adenocarcinoma,9,B4402,scoreable
99351,102,SYFLHDGAQSLLQNEDQLYTALWHRRR,NEDQLYTALWH,0,USP44,pancreatic adenocarcinoma,9,C0501,floor
99351,102,SYFLHDGAQSLLQNEDQLYTALWHRRR,NEDQLYTALWH,0,USP44,pancreatic adenocarcinoma,9,C0701,floor
99351,30,SYFLHDGAQSLLQNEDQLYTALWHRRR,AQSLLQNEDQLY,0,USP44,pancreatic adenocarcinoma,9,A0101,scoreable
99351,102,SYFLHDGAQSLLQNEDQLYTALWHRRR,AQSLLQNEDQLY,0,USP44,pancreatic adenocarcinoma,9,A6801,floor
99351,102,SYFLHDGAQSLLQNEDQLYTALWHRRR,AQSLLQNEDQLY,0,USP44,pancreatic adenocarcinoma,9,B0801,floor
99351,33,SYFLHDGAQSLLQNEDQLYTALWHRRR,AQSLLQNEDQLY,0,USP44,pancreatic adenocarcinoma,9,B4402,scoreable
99351,102,SYFLHDGAQSLLQNEDQLYTALWHRRR,AQSLLQNEDQLY,0,USP44,pancreatic adenocarcinoma,9,C0501,floor
99351,102,SYFLHDGAQSLLQNEDQLYTALWHRRR,AQSLLQNEDQLY,0,USP44,pancreatic adenocarcinoma,9,C0701,floor
99351,102,SYFLHDGAQSLLQNEDQLYTALWHRRR,LQNEDQLYTALW,0,USP44,pancreatic adenocarcinoma,9,A0101,floor
99351,102,SYFLHDGAQSLLQNEDQLYTALWHRRR,LQNEDQLYTALW,0,USP44,pancreatic adenocarcinoma,9,A6801,floor
99351,102,SYFLHDGAQSLLQNEDQLYTALWHRRR,LQNEDQLYTALW,0,USP44,pancreatic adenocarcinoma,9,B0801,floor
99351,33,SYFLHDGAQSLLQNEDQLYTALWHRRR,LQNEDQLYTALW,0,USP44,pancreatic adenocarcinoma,9,B4402,scoreable
99351,102,SYFLHDGAQSLLQNEDQLYTALWHRRR,LQNEDQLYTALW,0,USP44,pancreatic adenocarcinoma,9,C0501,floor
99351,102,SYFLHDGAQSLLQNEDQLYTALWHRRR,LQNEDQLYTALW,0,USP44,pancreatic adenocarcinoma,9,C0701,floor
99351,102,MTEYKLVVVGADGVGKSALTIQLIQ,VVGADGVGK,0,KRAS,pancreatic adenocarcinoma,9,A0101,floor
99351,31,MTEYKLVVVGADGVGKSALTIQLIQ,VVGADGVGK,0,KRAS,pancreatic adenocarcinoma,9,A6801,scoreable
99351,102,MTEYKLVVVGADGVGKSALTIQLIQ,VVGADGVGK,0,KRAS,pancreatic adenocarcinoma,9,B0801,floor
99351,102,MTEYKLVVVGADGVGKSALTIQLIQ,VVGADGVGK,0,KRAS,pancreatic adenocarcinoma,9,B4402,floor
99351,102,MTEYKLVVVGADGVGKSALTIQLIQ,VVGADGVGK,0,KRAS,pancreatic adenocarcinoma,9,C0501,floor
99351,102,MTEYKLVVVGADGVGKSALTIQLIQ,VVGADGVGK,0,KRAS,pancreatic adenocarcinoma,9,C0701,floor
99351,102,MTEYKLVVVGADGVGKSALTIQLIQ,VVVGADGVGK,0,KRAS,pancreatic adenocarcinoma,9,A0101,floor
99351,31,MTEYKLVVVGADGVGKSALTIQLIQ,VVVGADGVGK,0,KRAS,pancreatic adenocarcinoma,9,A6801,scoreable
99351,102,MTEYKLVVVGADGVGKSALTIQLIQ,VVVGADGVGK,0,KRAS,pancreatic adenocarcinoma,9,B0801,floor
99351,102,MTEYKLVVVGADGVGKSALTIQLIQ,VVVGADGVGK,0,KRAS,pancreatic adenocarcinoma,9,B4402,floor
99351,102,MTEYKLVVVGADGVGKSALTIQLIQ,VVVGADGVGK,0,KRAS,pancreatic adenocarcinoma,9,C0501,floor
99351,102,MTEYKLVVVGADGVGKSALTIQLIQ,VVVGADGVGK,0,KRAS,pancreatic adenocarcinoma,9,C0701,floor
99351,102,MTEYKLVVVGADGVGKSALTIQLIQ,LVVVGADGVGK,0,KRAS,pancreatic adenocarcinoma,9,A0101,floor
99351,31,MTEYKLVVVGADGVGKSALTIQLIQ,LVVVGADGVGK,0,KRAS,pancreatic adenocarcinoma,9,A6801,scoreable
99351,102,MTEYKLVVVGADGVGKSALTIQLIQ,LVVVGADGVGK,0,KRAS,pancreatic adenocarcinoma,9,B0801,floor
99351,102,MTEYKLVVVGADGVGKSALTIQLIQ,LVVVGADGVGK,0,KRAS,pancreatic adenocarcinoma,9,B4402,floor
99351,102,MTEYKLVVVGADGVGKSALTIQLIQ,LVVVGADGVGK,0,KRAS,pancreatic adenocarcinoma,9,C0501,floor
99351,102,MTEYKLVVVGADGVGKSALTIQLIQ,LVVVGADGVGK,0,KRAS,pancreatic adenocarcinoma,9,C0701,floor
99351,102,MTEYKLVVVGADGVGKSALTIQLIQ,KLVVVGADGVGK,0,KRAS,pancreatic adenocarcinoma,9,A0101,floor
99351,31,MTEYKLVVVGADGVGKSALTIQLIQ,KLVVVGADGVGK,0,KRAS,pancreatic adenocarcinoma,9,A6801,scoreable
99351,102,MTEYKLVVVGADGVGKSALTIQLIQ,KLVVVGADGVGK,0,KRAS,pancreatic adenocarcinoma,9,B0801,floor
99351,102,MTEYKLVVVGADGVGKSALTIQLIQ,KLVVVGADGVGK,0,KRAS,pancreatic adenocarcinoma,9,B4402,floor
99351,102,MTEYKLVVVGADGVGKSALTIQLIQ,KLVVVGADGVGK,0,KRAS,pancreatic adenocarcinoma,9,C0501,floor
99351,102,MTEYKLVVVGADGVGKSALTIQLIQ,KLVVVGADGVGK,0,KRAS,pancreatic adenocarcinoma,9,C0701,floor
99351,30,TSIASVADTAEEKCVPYYDLFMPSLKH,TAEEKCVPY,0,IPO5,pancreatic adenocarcinoma,9,A0101,scoreable
99351,102,TSIASVADTAEEKCVPYYDLFMPSLKH,TAEEKCVPY,0,IPO5,pancreatic adenocarcinoma,9,A6801,floor
99351,102,TSIASVADTAEEKCVPYYDLFMPSLKH,TAEEKCVPY,0,IPO5,pancreatic adenocarcinoma,9,B0801,floor
99351,102,TSIASVADTAEEKCVPYYDLFMPSLKH,TAEEKCVPY,0,IPO5,pancreatic adenocarcinoma,9,B4402,floor
99351,102,TSIASVADTAEEKCVPYYDLFMPSLKH,TAEEKCVPY,0,IPO5,pancreatic adenocarcinoma,9,C0501,floor
99351,102,TSIASVADTAEEKCVPYYDLFMPSLKH,TAEEKCVPY,0,IPO5,pancreatic adenocarcinoma,9,C0701,floor
99351,30,TSIASVADTAEEKCVPYYDLFMPSLKH,AEEKCVPYY,0,IPO5,pancreatic adenocarcinoma,9,A0101,scoreable
99351,102,TSIASVADTAEEKCVPYYDLFMPSLKH,AEEKCVPYY,0,IPO5,pancreatic adenocarcinoma,9,A6801,floor
99351,102,TSIASVADTAEEKCVPYYDLFMPSLKH,AEEKCVPYY,0,IPO5,pancreatic adenocarcinoma,9,B0801,floor
99351,33,TSIASVADTAEEKCVPYYDLFMPSLKH,AEEKCVPYY,0,IPO5,pancreatic adenocarcinoma,9,B4402,scoreable
99351,102,TSIASVADTAEEKCVPYYDLFMPSLKH,AEEKCVPYY,0,IPO5,pancreatic adenocarcinoma,9,C0501,floor
99351,102,TSIASVADTAEEKCVPYYDLFMPSLKH,AEEKCVPYY,0,IPO5,pancreatic adenocarcinoma,9,C0701,floor
99351,30,TSIASVADTAEEKCVPYYDLFMPSLKH,DTAEEKCVPY,0,IPO5,pancreatic adenocarcinoma,9,A0101,scoreable
99351,31,TSIASVADTAEEKCVPYYDLFMPSLKH,DTAEEKCVPY,0,IPO5,pancreatic adenocarcinoma,9,A6801,scoreable
99351,102,TSIASVADTAEEKCVPYYDLFMPSLKH,DTAEEKCVPY,0,IPO5,pancreatic adenocarcinoma,9,B0801,floor
99351,102,TSIASVADTAEEKCVPYYDLFMPSLKH,DTAEEKCVPY,0,IPO5,pancreatic adenocarcinoma,9,B4402,floor
99351,102,TSIASVADTAEEKCVPYYDLFMPSLKH,DTAEEKCVPY,0,IPO5,pancreatic adenocarcinoma,9,C0501,floor
99351,102,TSIASVADTAEEKCVPYYDLFMPSLKH,DTAEEKCVPY,0,IPO5,pancreatic adenocarcinoma,9,C0701,floor
99351,30,TSIASVADTAEEKCVPYYDLFMPSLKH,TAEEKCVPYY,0,IPO5,pancreatic adenocarcinoma,9,A0101,scoreable
99351,102,TSIASVADTAEEKCVPYYDLFMPSLKH,TAEEKCVPYY,0,IPO5,pancreatic adenocarcinoma,9,A6801,floor
99351,102,TSIASVADTAEEKCVPYYDLFMPSLKH,TAEEKCVPYY,0,IPO5,pancreatic adenocarcinoma,9,B0801,floor
99351,102,TSIASVADTAEEKCVPYYDLFMPSLKH,TAEEKCVPYY,0,IPO5,pancreatic adenocarcinoma,9,B4402,floor
99351,102,TSIASVADTAEEKCVPYYDLFMPSLKH,TAEEKCVPYY,0,IPO5,pancreatic adenocarcinoma,9,C0501,floor
99351,102,TSIASVADTAEEKCVPYYDLFMPSLKH,TAEEKCVPYY,0,IPO5,pancreatic adenocarcinoma,9,C0701,floor
99351,102,TSIASVADTAEEKCVPYYDLFMPSLKH,EEKCVPYYDL,0,IPO5,pancreatic adenocarcinoma,9,A0101,floor
99351,102,TSIASVADTAEEKCVPYYDLFMPSLKH,EEKCVPYYDL,0,IPO5,pancreatic adenocarcinoma,9,A6801,floor
99351,102,TSIASVADTAEEKCVPYYDLFMPSLKH,EEKCVPYYDL,0,IPO5,pancreatic adenocarcinoma,9,B0801,floor
99351,33,TSIASVADTAEEKCVPYYDLFMPSLKH,EEKCVPYYDL,0,IPO5,pancreatic adenocarcinoma,9,B4402,scoreable
99351,102,TSIASVADTAEEKCVPYYDLFMPSLKH,EEKCVPYYDL,0,IPO5,pancreatic adenocarcinoma,9,C0501,floor
99351,102,TSIASVADTAEEKCVPYYDLFMPSLKH,EEKCVPYYDL,0,IPO5,pancreatic adenocarcinoma,9,C0701,floor
99351,102,TSIASVADTAEEKCVPYYDLFMPSLKH,SVADTAEEKCV,0,IPO5,pancreatic adenocarcinoma,9,A0101,floor
99351,102,TSIASVADTAEEKCVPYYDLFMPSLKH,SVADTAEEKCV,0,IPO5,pancreatic adenocarcinoma,9,A6801,floor
99351,102,TSIASVADTAEEKCVPYYDLFMPSLKH,SVADTAEEKCV,0,IPO5,pancreatic adenocarcinoma,9,B0801,floor
99351,102,TSIASVADTAEEKCVPYYDLFMPSLKH,SVADTAEEKCV,0,IPO5,pancreatic adenocarcinoma,9,B4402,floor
99351,34,TSIASVADTAEEKCVPYYDLFMPSLKH,SVADTAEEKCV,0,IPO5,pancreatic adenocarcinoma,9,C0501,scoreable
99351,102,TSIASVADTAEEKCVPYYDLFMPSLKH,SVADTAEEKCV,0,IPO5,pancreatic adenocarcinoma,9,C0701,floor
99351,102,TSIASVADTAEEKCVPYYDLFMPSLKH,ADTAEEKCVPY,0,IPO5,pancreatic adenocarcinoma,9,A0101,floor
99351,102,TSIASVADTAEEKCVPYYDLFMPSLKH,ADTAEEKCVPY,0,IPO5,pancreatic adenocarcinoma,9,A6801,floor
99351,102,TSIASVADTAEEKCVPYYDLFMPSLKH,ADTAEEKCVPY,0,IPO5,pancreatic adenocarcinoma,9,B0801,floor
99351,33,TSIASVADTAEEKCVPYYDLFMPSLKH,ADTAEEKCVPY,0,IPO5,pancreatic adenocarcinoma,9,B4402,scoreable
99351,102,TSIASVADTAEEKCVPYYDLFMPSLKH,ADTAEEKCVPY,0,IPO5,pancreatic adenocarcinoma,9,C0501,floor
99351,102,TSIASVADTAEEKCVPYYDLFMPSLKH,ADTAEEKCVPY,0,IPO5,pancreatic adenocarcinoma,9,C0701,floor
99351,30,TSIASVADTAEEKCVPYYDLFMPSLKH,DTAEEKCVPYY,0,IPO5,pancreatic adenocarcinoma,9,A0101,scoreable
99351,31,TSIASVADTAEEKCVPYYDLFMPSLKH,DTAEEKCVPYY,0,IPO5,pancreatic adenocarcinoma,9,A6801,scoreable
99351,102,TSIASVADTAEEKCVPYYDLFMPSLKH,DTAEEKCVPYY,0,IPO5,pancreatic adenocarcinoma,9,B0801,floor
99351,102,TSIASVADTAEEKCVPYYDLFMPSLKH,DTAEEKCVPYY,0,IPO5,pancreatic adenocarcinoma,9,B4402,floor
99351,102,TSIASVADTAEEKCVPYYDLFMPSLKH,DTAEEKCVPYY,0,IPO5,pancreatic adenocarcinoma,9,C0501,floor
99351,102,TSIASVADTAEEKCVPYYDLFMPSLKH,DTAEEKCVPYY,0,IPO5,pancreatic adenocarcinoma,9,C0701,floor
99351,102,TSIASVADTAEEKCVPYYDLFMPSLKH,AEEKCVPYYDL,0,IPO5,pancreatic adenocarcinoma,9,A0101,floor
99351,102,TSIASVADTAEEKCVPYYDLFMPSLKH,AEEKCVPYYDL,0,IPO5,pancreatic adenocarcinoma,9,A6801,floor
99351,102,TSIASVADTAEEKCVPYYDLFMPSLKH,AEEKCVPYYDL,0,IPO5,pancreatic adenocarcinoma,9,B0801,floor
99351,33,TSIASVADTAEEKCVPYYDLFMPSLKH,AEEKCVPYYDL,0,IPO5,pancreatic adenocarcinoma,9,B4402,scoreable
99351,102,TSIASVADTAEEKCVPYYDLFMPSLKH,AEEKCVPYYDL,0,IPO5,pancreatic adenocarcinoma,9,C0501,floor
99351,102,TSIASVADTAEEKCVPYYDLFMPSLKH,AEEKCVPYYDL,0,IPO5,pancreatic adenocarcinoma,9,C0701,floor
99351,102,TSIASVADTAEEKCVPYYDLFMPSLKH,EEKCVPYYDLF,0,IPO5,pancreatic adenocarcinoma,9,A0101,floor
99351,102,TSIASVADTAEEKCVPYYDLFMPSLKH,EEKCVPYYDLF,0,IPO5,pancreatic adenocarcinoma,9,A6801,floor
99351,102,TSIASVADTAEEKCVPYYDLFMPSLKH,EEKCVPYYDLF,0,IPO5,pancreatic adenocarcinoma,9,B0801,floor
99351,33,TSIASVADTAEEKCVPYYDLFMPSLKH,EEKCVPYYDLF,0,IPO5,pancreatic adenocarcinoma,9,B4402,scoreable
99351,102,TSIASVADTAEEKCVPYYDLFMPSLKH,EEKCVPYYDLF,0,IPO5,pancreatic adenocarcinoma,9,C0501,floor
99351,102,TSIASVADTAEEKCVPYYDLFMPSLKH,EEKCVPYYDLF,0,IPO5,pancreatic adenocarcinoma,9,C0701,floor
99351,30,TSIASVADTAEEKCVPYYDLFMPSLKH,VADTAEEKCVPY,0,IPO5,pancreatic adenocarcinoma,9,A0101,scoreable
99351,102,TSIASVADTAEEKCVPYYDLFMPSLKH,VADTAEEKCVPY,0,IPO5,pancreatic adenocarcinoma,9,A6801,floor
99351,102,TSIASVADTAEEKCVPYYDLFMPSLKH,VADTAEEKCVPY,0,IPO5,pancreatic adenocarcinoma,9,B0801,floor
99351,102,TSIASVADTAEEKCVPYYDLFMPSLKH,VADTAEEKCVPY,0,IPO5,pancreatic adenocarcinoma,9,B4402,floor
99351,102,TSIASVADTAEEKCVPYYDLFMPSLKH,VADTAEEKCVPY,0,IPO5,pancreatic adenocarcinoma,9,C0501,floor
99351,102,TSIASVADTAEEKCVPYYDLFMPSLKH,VADTAEEKCVPY,0,IPO5,pancreatic adenocarcinoma,9,C0701,floor
99351,30,TSIASVADTAEEKCVPYYDLFMPSLKH,ADTAEEKCVPYY,0,IPO5,pancreatic adenocarcinoma,9,A0101,scoreable
99351,102,TSIASVADTAEEKCVPYYDLFMPSLKH,ADTAEEKCVPYY,0,IPO5,pancreatic adenocarcinoma,9,A6801,floor
99351,102,TSIASVADTAEEKCVPYYDLFMPSLKH,ADTAEEKCVPYY,0,IPO5,pancreatic adenocarcinoma,9,B0801,floor
99351,102,TSIASVADTAEEKCVPYYDLFMPSLKH,ADTAEEKCVPYY,0,IPO5,pancreatic adenocarcinoma,9,B4402,floor
99351,102,TSIASVADTAEEKCVPYYDLFMPSLKH,ADTAEEKCVPYY,0,IPO5,pancreatic adenocarcinoma,9,C0501,floor
99351,102,TSIASVADTAEEKCVPYYDLFMPSLKH,ADTAEEKCVPYY,0,IPO5,pancreatic adenocarcinoma,9,C0701,floor
99351,102,TSIASVADTAEEKCVPYYDLFMPSLKH,AEEKCVPYYDLF,0,IPO5,pancreatic adenocarcinoma,9,A0101,floor
99351,102,TSIASVADTAEEKCVPYYDLFMPSLKH,AEEKCVPYYDLF,0,IPO5,pancreatic adenocarcinoma,9,A6801,floor
99351,102,TSIASVADTAEEKCVPYYDLFMPSLKH,AEEKCVPYYDLF,0,IPO5,pancreatic adenocarcinoma,9,B0801,floor
99351,33,TSIASVADTAEEKCVPYYDLFMPSLKH,AEEKCVPYYDLF,0,IPO5,pancreatic adenocarcinoma,9,B4402,scoreable
99351,102,TSIASVADTAEEKCVPYYDLFMPSLKH,AEEKCVPYYDLF,0,IPO5,pancreatic adenocarcinoma,9,C0501,floor
99351,102,TSIASVADTAEEKCVPYYDLFMPSLKH,AEEKCVPYYDLF,0,IPO5,pancreatic adenocarcinoma,9,C0701,floor
99351,102,YVVYENMKQALGVMSR,NMKQALGVM,0,SLC25A23,pancreatic adenocarcinoma,9,A0101,floor
99351,102,YVVYENMKQALGVMSR,NMKQALGVM,0,SLC25A23,pancreatic adenocarcinoma,9,A6801,floor
99351,32,YVVYENMKQALGVMSR,NMKQALGVM,0,SLC25A23,pancreatic adenocarcinoma,9,B0801,scoreable
99351,102,YVVYENMKQALGVMSR,NMKQALGVM,0,SLC25A23,pancreatic adenocarcinoma,9,B4402,floor
99351,102,YVVYENMKQALGVMSR,NMKQALGVM,0,SLC25A23,pancreatic adenocarcinoma,9,C0501,floor
99351,102,YVVYENMKQALGVMSR,NMKQALGVM,0,SLC25A23,pancreatic adenocarcinoma,9,C0701,floor
99351,102,YVVYENMKQALGVMSR,KQALGVMSR,0,SLC25A23,pancreatic adenocarcinoma,9,A0101,floor
99351,31,YVVYENMKQALGVMSR,KQALGVMSR,0,SLC25A23,pancreatic adenocarcinoma,9,A6801,scoreable
99351,102,YVVYENMKQALGVMSR,KQALGVMSR,0,SLC25A23,pancreatic adenocarcinoma,9,B0801,floor
99351,102,YVVYENMKQALGVMSR,KQALGVMSR,0,SLC25A23,pancreatic adenocarcinoma,9,B4402,floor
99351,102,YVVYENMKQALGVMSR,KQALGVMSR,0,SLC25A23,pancreatic adenocarcinoma,9,C0501,floor
99351,102,YVVYENMKQALGVMSR,KQALGVMSR,0,SLC25A23,pancreatic adenocarcinoma,9,C0701,floor
99351,102,YVVYENMKQALGVMSR,YENMKQALGVM,0,SLC25A23,pancreatic adenocarcinoma,9,A0101,floor
99351,102,YVVYENMKQALGVMSR,YENMKQALGVM,0,SLC25A23,pancreatic adenocarcinoma,9,A6801,floor
99351,102,YVVYENMKQALGVMSR,YENMKQALGVM,0,SLC25A23,pancreatic adenocarcinoma,9,B0801,floor
99351,33,YVVYENMKQALGVMSR,YENMKQALGVM,0,SLC25A23,pancreatic adenocarcinoma,9,B4402,scoreable
99351,102,YVVYENMKQALGVMSR,YENMKQALGVM,0,SLC25A23,pancreatic adenocarcinoma,9,C0501,floor
99351,102,YVVYENMKQALGVMSR,YENMKQALGVM,0,SLC25A23,pancreatic adenocarcinoma,9,C0701,floor
99351,102,YVVYENMKQALGVMSR,NMKQALGVMSR,0,SLC25A23,pancreatic adenocarcinoma,9,A0101,floor
99351,31,YVVYENMKQALGVMSR,NMKQALGVMSR,0,SLC25A23,pancreatic adenocarcinoma,9,A6801,scoreable
99351,102,YVVYENMKQALGVMSR,NMKQALGVMSR,0,SLC25A23,pancreatic adenocarcinoma,9,B0801,floor
99351,102,YVVYENMKQALGVMSR,NMKQALGVMSR,0,SLC25A23,pancreatic adenocarcinoma,9,B4402,floor
99351,102,YVVYENMKQALGVMSR,NMKQALGVMSR,0,SLC25A23,pancreatic adenocarcinoma,9,C0501,floor
99351,102,YVVYENMKQALGVMSR,NMKQALGVMSR,0,SLC25A23,pancreatic adenocarcinoma,9,C0701,floor
99351,102,YVVYENMKQALGVMSR,ENMKQALGVMSR,0,SLC25A23,pancreatic adenocarcinoma,9,A0101,floor
99351,31,YVVYENMKQALGVMSR,ENMKQALGVMSR,0,SLC25A23,pancreatic adenocarcinoma,9,A6801,scoreable
99351,102,YVVYENMKQALGVMSR,ENMKQALGVMSR,0,SLC25A23,pancreatic adenocarcinoma,9,B0801,floor
99351,102,YVVYENMKQALGVMSR,ENMKQALGVMSR,0,SLC25A23,pancreatic adenocarcinoma,9,B4402,floor
99351,102,YVVYENMKQALGVMSR,ENMKQALGVMSR,0,SLC25A23,pancreatic adenocarcinoma,9,C0501,floor
99351,102,YVVYENMKQALGVMSR,ENMKQALGVMSR,0,SLC25A23,pancreatic adenocarcinoma,9,C0701,floor
99351,102,HHGFHPTTVCKIPTSCSLKIFNNQEFA,KIPTSCSLK,0,SMAD5,pancreatic adenocarcinoma,9,A0101,floor
99351,31,HHGFHPTTVCKIPTSCSLKIFNNQEFA,KIPTSCSLK,0,SMAD5,pancreatic adenocarcinoma,9,A6801,scoreable
99351,102,HHGFHPTTVCKIPTSCSLKIFNNQEFA,KIPTSCSLK,0,SMAD5,pancreatic adenocarcinoma,9,B0801,floor
99351,102,HHGFHPTTVCKIPTSCSLKIFNNQEFA,KIPTSCSLK,0,SMAD5,pancreatic adenocarcinoma,9,B4402,floor
99351,102,HHGFHPTTVCKIPTSCSLKIFNNQEFA,KIPTSCSLK,0,SMAD5,pancreatic adenocarcinoma,9,C0501,floor
99351,102,HHGFHPTTVCKIPTSCSLKIFNNQEFA,KIPTSCSLK,0,SMAD5,pancreatic adenocarcinoma,9,C0701,floor
99351,102,HHGFHPTTVCKIPTSCSLKIFNNQEFA,IPTSCSLKI,0,SMAD5,pancreatic adenocarcinoma,9,A0101,floor
99351,102,HHGFHPTTVCKIPTSCSLKIFNNQEFA,IPTSCSLKI,0,SMAD5,pancreatic adenocarcinoma,9,A6801,floor
99351,102,HHGFHPTTVCKIPTSCSLKIFNNQEFA,IPTSCSLKI,0,SMAD5,pancreatic adenocarcinoma,9,B0801,floor
99351,102,HHGFHPTTVCKIPTSCSLKIFNNQEFA,IPTSCSLKI,0,SMAD5,pancreatic adenocarcinoma,9,B4402,floor
99351,34,HHGFHPTTVCKIPTSCSLKIFNNQEFA,IPTSCSLKI,0,SMAD5,pancreatic adenocarcinoma,9,C0501,scoreable
99351,102,HHGFHPTTVCKIPTSCSLKIFNNQEFA,IPTSCSLKI,0,SMAD5,pancreatic adenocarcinoma,9,C0701,floor
99351,102,HHGFHPTTVCKIPTSCSLKIFNNQEFA,CKIPTSCSLK,0,SMAD5,pancreatic adenocarcinoma,9,A0101,floor
99351,31,HHGFHPTTVCKIPTSCSLKIFNNQEFA,CKIPTSCSLK,0,SMAD5,pancreatic adenocarcinoma,9,A6801,scoreable
99351,102,HHGFHPTTVCKIPTSCSLKIFNNQEFA,CKIPTSCSLK,0,SMAD5,pancreatic adenocarcinoma,9,B0801,floor
99351,102,HHGFHPTTVCKIPTSCSLKIFNNQEFA,CKIPTSCSLK,0,SMAD5,pancreatic adenocarcinoma,9,B4402,floor
99351,102,HHGFHPTTVCKIPTSCSLKIFNNQEFA,CKIPTSCSLK,0,SMAD5,pancreatic adenocarcinoma,9,C0501,floor
99351,102,HHGFHPTTVCKIPTSCSLKIFNNQEFA,CKIPTSCSLK,0,SMAD5,pancreatic adenocarcinoma,9,C0701,floor
99351,102,HHGFHPTTVCKIPTSCSLKIFNNQEFA,IPTSCSLKIF,0,SMAD5,pancreatic adenocarcinoma,9,A0101,floor
99351,102,HHGFHPTTVCKIPTSCSLKIFNNQEFA,IPTSCSLKIF,0,SMAD5,pancreatic adenocarcinoma,9,A6801,floor
99351,32,HHGFHPTTVCKIPTSCSLKIFNNQEFA,IPTSCSLKIF,0,SMAD5,pancreatic adenocarcinoma,9,B0801,scoreable
99351,102,HHGFHPTTVCKIPTSCSLKIFNNQEFA,IPTSCSLKIF,0,SMAD5,pancreatic adenocarcinoma,9,B4402,floor
99351,102,HHGFHPTTVCKIPTSCSLKIFNNQEFA,IPTSCSLKIF,0,SMAD5,pancreatic adenocarcinoma,9,C0501,floor
99351,102,HHGFHPTTVCKIPTSCSLKIFNNQEFA,IPTSCSLKIF,0,SMAD5,pancreatic adenocarcinoma,9,C0701,floor
99351,102,HHGFHPTTVCKIPTSCSLKIFNNQEFA,TVCKIPTSCSL,0,SMAD5,pancreatic adenocarcinoma,9,A0101,floor
99351,102,HHGFHPTTVCKIPTSCSLKIFNNQEFA,TVCKIPTSCSL,0,SMAD5,pancreatic adenocarcinoma,9,A6801,floor
99351,102,HHGFHPTTVCKIPTSCSLKIFNNQEFA,TVCKIPTSCSL,0,SMAD5,pancreatic adenocarcinoma,9,B0801,floor
99351,102,HHGFHPTTVCKIPTSCSLKIFNNQEFA,TVCKIPTSCSL,0,SMAD5,pancreatic adenocarcinoma,9,B4402,floor
99351,34,HHGFHPTTVCKIPTSCSLKIFNNQEFA,TVCKIPTSCSL,0,SMAD5,pancreatic adenocarcinoma,9,C0501,scoreable
99351,102,HHGFHPTTVCKIPTSCSLKIFNNQEFA,TVCKIPTSCSL,0,SMAD5,pancreatic adenocarcinoma,9,C0701,floor
99351,102,HHGFHPTTVCKIPTSCSLKIFNNQEFA,TVCKIPTSCSLK,0,SMAD5,pancreatic adenocarcinoma,9,A0101,floor
99351,31,HHGFHPTTVCKIPTSCSLKIFNNQEFA,TVCKIPTSCSLK,0,SMAD5,pancreatic adenocarcinoma,9,A6801,scoreable
99351,102,HHGFHPTTVCKIPTSCSLKIFNNQEFA,TVCKIPTSCSLK,0,SMAD5,pancreatic adenocarcinoma,9,B0801,floor
99351,102,HHGFHPTTVCKIPTSCSLKIFNNQEFA,TVCKIPTSCSLK,0,SMAD5,pancreatic adenocarcinoma,9,B4402,floor
99351,102,HHGFHPTTVCKIPTSCSLKIFNNQEFA,TVCKIPTSCSLK,0,SMAD5,pancreatic adenocarcinoma,9,C0501,floor
99351,102,HHGFHPTTVCKIPTSCSLKIFNNQEFA,TVCKIPTSCSLK,0,SMAD5,pancreatic adenocarcinoma,9,C0701,floor
99351,30,GVPIPIFIKFGYYLPHVDPEYAGRASL,YLPHVDPEY,0,IGSF9B,pancreatic adenocarcinoma,9,A0101,scoreable
99351,31,GVPIPIFIKFGYYLPHVDPEYAGRASL,YLPHVDPEY,0,IGSF9B,pancreatic adenocarcinoma,9,A6801,scoreable
99351,102,GVPIPIFIKFGYYLPHVDPEYAGRASL,YLPHVDPEY,0,IGSF9B,pancreatic adenocarcinoma,9,B0801,floor
99351,102,GVPIPIFIKFGYYLPHVDPEYAGRASL,YLPHVDPEY,0,IGSF9B,pancreatic adenocarcinoma,9,B4402,floor
99351,34,GVPIPIFIKFGYYLPHVDPEYAGRASL,YLPHVDPEY,0,IGSF9B,pancreatic adenocarcinoma,9,C0501,scoreable
99351,102,GVPIPIFIKFGYYLPHVDPEYAGRASL,YLPHVDPEY,0,IGSF9B,pancreatic adenocarcinoma,9,C0701,floor
99351,30,GVPIPIFIKFGYYLPHVDPEYAGRASL,YYLPHVDPEY,0,IGSF9B,pancreatic adenocarcinoma,9,A0101,scoreable
99351,102,GVPIPIFIKFGYYLPHVDPEYAGRASL,YYLPHVDPEY,0,IGSF9B,pancreatic adenocarcinoma,9,A6801,floor
99351,102,GVPIPIFIKFGYYLPHVDPEYAGRASL,YYLPHVDPEY,0,IGSF9B,pancreatic adenocarcinoma,9,B0801,floor
99351,102,GVPIPIFIKFGYYLPHVDPEYAGRASL,YYLPHVDPEY,0,IGSF9B,pancreatic adenocarcinoma,9,B4402,floor
99351,102,GVPIPIFIKFGYYLPHVDPEYAGRASL,YYLPHVDPEY,0,IGSF9B,pancreatic adenocarcinoma,9,C0501,floor
99351,102,GVPIPIFIKFGYYLPHVDPEYAGRASL,YYLPHVDPEY,0,IGSF9B,pancreatic adenocarcinoma,9,C0701,floor
99351,102,GVPIPIFIKFGYYLPHVDPEYAGRASL,LPHVDPEYAGR,0,IGSF9B,pancreatic adenocarcinoma,9,A0101,floor
99351,31,GVPIPIFIKFGYYLPHVDPEYAGRASL,LPHVDPEYAGR,0,IGSF9B,pancreatic adenocarcinoma,9,A6801,scoreable
99351,102,GVPIPIFIKFGYYLPHVDPEYAGRASL,LPHVDPEYAGR,0,IGSF9B,pancreatic adenocarcinoma,9,B0801,floor
99351,102,GVPIPIFIKFGYYLPHVDPEYAGRASL,LPHVDPEYAGR,0,IGSF9B,pancreatic adenocarcinoma,9,B4402,floor
99351,102,GVPIPIFIKFGYYLPHVDPEYAGRASL,LPHVDPEYAGR,0,IGSF9B,pancreatic adenocarcinoma,9,C0501,floor
99351,102,GVPIPIFIKFGYYLPHVDPEYAGRASL,LPHVDPEYAGR,0,IGSF9B,pancreatic adenocarcinoma,9,C0701,floor
99351,102,GVPIPIFIKFGYYLPHVDPEYAGRASL,YLPHVDPEYAGR,0,IGSF9B,pancreatic adenocarcinoma,9,A0101,floor
99351,31,GVPIPIFIKFGYYLPHVDPEYAGRASL,YLPHVDPEYAGR,0,IGSF9B,pancreatic adenocarcinoma,9,A6801,scoreable
99351,102,GVPIPIFIKFGYYLPHVDPEYAGRASL,YLPHVDPEYAGR,0,IGSF9B,pancreatic adenocarcinoma,9,B0801,floor
99351,102,GVPIPIFIKFGYYLPHVDPEYAGRASL,YLPHVDPEYAGR,0,IGSF9B,pancreatic adenocarcinoma,9,B4402,floor
99351,102,GVPIPIFIKFGYYLPHVDPEYAGRASL,YLPHVDPEYAGR,0,IGSF9B,pancreatic adenocarcinoma,9,C0501,floor
99351,102,GVPIPIFIKFGYYLPHVDPEYAGRASL,YLPHVDPEYAGR,0,IGSF9B,pancreatic adenocarcinoma,9,C0701,floor
99351,102,RGLEGPGGLEGRLEATGQARPPAPRPF,EATGQARPPAPR,0,IGSF9B,pancreatic adenocarcinoma,9,A0101,floor
99351,31,RGLEGPGGLEGRLEATGQARPPAPRPF,EATGQARPPAPR,0,IGSF9B,pancreatic adenocarcinoma,9,A6801,scoreable
99351,102,RGLEGPGGLEGRLEATGQARPPAPRPF,EATGQARPPAPR,0,IGSF9B,pancreatic adenocarcinoma,9,B0801,floor
99351,102,RGLEGPGGLEGRLEATGQARPPAPRPF,EATGQARPPAPR,0,IGSF9B,pancreatic adenocarcinoma,9,B4402,floor
99351,102,RGLEGPGGLEGRLEATGQARPPAPRPF,EATGQARPPAPR,0,IGSF9B,pancreatic adenocarcinoma,9,C0501,floor
99351,102,RGLEGPGGLEGRLEATGQARPPAPRPF,EATGQARPPAPR,0,IGSF9B,pancreatic adenocarcinoma,9,C0701,floor
99351,102,IVSSIFRTNTFLEVP,FRTNTFLEV,0,FAM192A,pancreatic adenocarcinoma,9,A0101,floor
99351,102,IVSSIFRTNTFLEVP,FRTNTFLEV,0,FAM192A,pancreatic adenocarcinoma,9,A6801,floor
99351,32,IVSSIFRTNTFLEVP,FRTNTFLEV,0,FAM192A,pancreatic adenocarcinoma,9,B0801,scoreable
99351,102,IVSSIFRTNTFLEVP,FRTNTFLEV,0,FAM192A,pancreatic adenocarcinoma,9,B4402,floor
99351,102,IVSSIFRTNTFLEVP,FRTNTFLEV,0,FAM192A,pancreatic adenocarcinoma,9,C0501,floor
99351,102,IVSSIFRTNTFLEVP,FRTNTFLEV,0,FAM192A,pancreatic adenocarcinoma,9,C0701,floor
99351,30,VGSDCTTIHYNYMYNSSCMGGMNRRPI,TTIHYNYMY,0,TP53,pancreatic adenocarcinoma,9,A0101,scoreable
99351,31,VGSDCTTIHYNYMYNSSCMGGMNRRPI,TTIHYNYMY,0,TP53,pancreatic adenocarcinoma,9,A6801,scoreable
99351,102,VGSDCTTIHYNYMYNSSCMGGMNRRPI,TTIHYNYMY,0,TP53,pancreatic adenocarcinoma,9,B0801,floor
99351,102,VGSDCTTIHYNYMYNSSCMGGMNRRPI,TTIHYNYMY,0,TP53,pancreatic adenocarcinoma,9,B4402,floor
99351,102,VGSDCTTIHYNYMYNSSCMGGMNRRPI,TTIHYNYMY,0,TP53,pancreatic adenocarcinoma,9,C0501,floor
99351,102,VGSDCTTIHYNYMYNSSCMGGMNRRPI,TTIHYNYMY,0,TP53,pancreatic adenocarcinoma,9,C0701,floor
99351,30,VGSDCTTIHYNYMYNSSCMGGMNRRPI,CTTIHYNYMY,0,TP53,pancreatic adenocarcinoma,9,A0101,scoreable
99351,31,VGSDCTTIHYNYMYNSSCMGGMNRRPI,CTTIHYNYMY,0,TP53,pancreatic adenocarcinoma,9,A6801,scoreable
99351,102,VGSDCTTIHYNYMYNSSCMGGMNRRPI,CTTIHYNYMY,0,TP53,pancreatic adenocarcinoma,9,B0801,floor
99351,102,VGSDCTTIHYNYMYNSSCMGGMNRRPI,CTTIHYNYMY,0,TP53,pancreatic adenocarcinoma,9,B4402,floor
99351,102,VGSDCTTIHYNYMYNSSCMGGMNRRPI,CTTIHYNYMY,0,TP53,pancreatic adenocarcinoma,9,C0501,floor
99351,102,VGSDCTTIHYNYMYNSSCMGGMNRRPI,CTTIHYNYMY,0,TP53,pancreatic adenocarcinoma,9,C0701,floor
99351,102,VGSDCTTIHYNYMYNSSCMGGMNRRPI,YNSSCMGGMNR,0,TP53,pancreatic adenocarcinoma,9,A0101,floor
99351,31,VGSDCTTIHYNYMYNSSCMGGMNRRPI,YNSSCMGGMNR,0,TP53,pancreatic adenocarcinoma,9,A6801,scoreable
99351,102,VGSDCTTIHYNYMYNSSCMGGMNRRPI,YNSSCMGGMNR,0,TP53,pancreatic adenocarcinoma,9,B0801,floor
99351,102,VGSDCTTIHYNYMYNSSCMGGMNRRPI,YNSSCMGGMNR,0,TP53,pancreatic adenocarcinoma,9,B4402,floor
99351,102,VGSDCTTIHYNYMYNSSCMGGMNRRPI,YNSSCMGGMNR,0,TP53,pancreatic adenocarcinoma,9,C0501,floor
99351,102,VGSDCTTIHYNYMYNSSCMGGMNRRPI,YNSSCMGGMNR,0,TP53,pancreatic adenocarcinoma,9,C0701,floor
99351,30,VGSDCTTIHYNYMYNSSCMGGMNRRPI,SDCTTIHYNYMY,0,TP53,pancreatic adenocarcinoma,9,A0101,scoreable
99351,102,VGSDCTTIHYNYMYNSSCMGGMNRRPI,SDCTTIHYNYMY,0,TP53,pancreatic adenocarcinoma,9,A6801,floor
99351,102,VGSDCTTIHYNYMYNSSCMGGMNRRPI,SDCTTIHYNYMY,0,TP53,pancreatic adenocarcinoma,9,B0801,floor
99351,102,VGSDCTTIHYNYMYNSSCMGGMNRRPI,SDCTTIHYNYMY,0,TP53,pancreatic adenocarcinoma,9,B4402,floor
99351,102,VGSDCTTIHYNYMYNSSCMGGMNRRPI,SDCTTIHYNYMY,0,TP53,pancreatic adenocarcinoma,9,C0501,floor
99351,102,VGSDCTTIHYNYMYNSSCMGGMNRRPI,SDCTTIHYNYMY,0,TP53,pancreatic adenocarcinoma,9,C0701,floor
99351,102,VGSDCTTIHYNYMYNSSCMGGMNRRPI,MYNSSCMGGMNR,0,TP53,pancreatic adenocarcinoma,9,A0101,floor
99351,31,VGSDCTTIHYNYMYNSSCMGGMNRRPI,MYNSSCMGGMNR,0,TP53,pancreatic adenocarcinoma,9,A6801,scoreable
99351,102,VGSDCTTIHYNYMYNSSCMGGMNRRPI,MYNSSCMGGMNR,0,TP53,pancreatic adenocarcinoma,9,B0801,floor
99351,102,VGSDCTTIHYNYMYNSSCMGGMNRRPI,MYNSSCMGGMNR,0,TP53,pancreatic adenocarcinoma,9,B4402,floor
99351,102,VGSDCTTIHYNYMYNSSCMGGMNRRPI,MYNSSCMGGMNR,0,TP53,pancreatic adenocarcinoma,9,C0501,floor
99351,102,VGSDCTTIHYNYMYNSSCMGGMNRRPI,MYNSSCMGGMNR,0,TP53,pancreatic adenocarcinoma,9,C0701,floor
99351,102,VGSDCTTIHYNYMYNSSCMGGMNRRPI,YNSSCMGGMNRR,0,TP53,pancreatic adenocarcinoma,9,A0101,floor
99351,31,VGSDCTTIHYNYMYNSSCMGGMNRRPI,YNSSCMGGMNRR,0,TP53,pancreatic adenocarcinoma,9,A6801,scoreable
99351,102,VGSDCTTIHYNYMYNSSCMGGMNRRPI,YNSSCMGGMNRR,0,TP53,pancreatic adenocarcinoma,9,B0801,floor
99351,102,VGSDCTTIHYNYMYNSSCMGGMNRRPI,YNSSCMGGMNRR,0,TP53,pancreatic adenocarcinoma,9,B4402,floor
99351,102,VGSDCTTIHYNYMYNSSCMGGMNRRPI,YNSSCMGGMNRR,0,TP53,pancreatic adenocarcinoma,9,C0501,floor
99351,102,VGSDCTTIHYNYMYNSSCMGGMNRRPI,YNSSCMGGMNRR,0,TP53,pancreatic adenocarcinoma,9,C0701,floor
99351,30,STRMDVVHLQEQLYLKLQQRQARETGI,VVHLQEQLY,0,DNALI1,pancreatic adenocarcinoma,9,A0101,scoreable
99351,31,STRMDVVHLQEQLYLKLQQRQARETGI,VVHLQEQLY,0,DNALI1,pancreatic adenocarcinoma,9,A6801,scoreable
99351,102,STRMDVVHLQEQLYLKLQQRQARETGI,VVHLQEQLY,0,DNALI1,pancreatic adenocarcinoma,9,B0801,floor
99351,102,STRMDVVHLQEQLYLKLQQRQARETGI,VVHLQEQLY,0,DNALI1,pancreatic adenocarcinoma,9,B4402,floor
99351,102,STRMDVVHLQEQLYLKLQQRQARETGI,VVHLQEQLY,0,DNALI1,pancreatic adenocarcinoma,9,C0501,floor
99351,102,STRMDVVHLQEQLYLKLQQRQARETGI,VVHLQEQLY,0,DNALI1,pancreatic adenocarcinoma,9,C0701,floor
99351,30,STRMDVVHLQEQLYLKLQQRQARETGI,HLQEQLYLK,0,DNALI1,pancreatic adenocarcinoma,9,A0101,scoreable
99351,31,STRMDVVHLQEQLYLKLQQRQARETGI,HLQEQLYLK,0,DNALI1,pancreatic adenocarcinoma,9,A6801,scoreable
99351,102,STRMDVVHLQEQLYLKLQQRQARETGI,HLQEQLYLK,0,DNALI1,pancreatic adenocarcinoma,9,B0801,floor
99351,102,STRMDVVHLQEQLYLKLQQRQARETGI,HLQEQLYLK,0,DNALI1,pancreatic adenocarcinoma,9,B4402,floor
99351,102,STRMDVVHLQEQLYLKLQQRQARETGI,HLQEQLYLK,0,DNALI1,pancreatic adenocarcinoma,9,C0501,floor
99351,102,STRMDVVHLQEQLYLKLQQRQARETGI,HLQEQLYLK,0,DNALI1,pancreatic adenocarcinoma,9,C0701,floor
99351,102,STRMDVVHLQEQLYLKLQQRQARETGI,QLYLKLQQR,0,DNALI1,pancreatic adenocarcinoma,9,A0101,floor
99351,31,STRMDVVHLQEQLYLKLQQRQARETGI,QLYLKLQQR,0,DNALI1,pancreatic adenocarcinoma,9,A6801,scoreable
99351,102,STRMDVVHLQEQLYLKLQQRQARETGI,QLYLKLQQR,0,DNALI1,pancreatic adenocarcinoma,9,B0801,floor
99351,102,STRMDVVHLQEQLYLKLQQRQARETGI,QLYLKLQQR,0,DNALI1,pancreatic adenocarcinoma,9,B4402,floor
99351,102,STRMDVVHLQEQLYLKLQQRQARETGI,QLYLKLQQR,0,DNALI1,pancreatic adenocarcinoma,9,C0501,floor
99351,102,STRMDVVHLQEQLYLKLQQRQARETGI,QLYLKLQQR,0,DNALI1,pancreatic adenocarcinoma,9,C0701,floor
99351,102,STRMDVVHLQEQLYLKLQQRQARETGI,YLKLQQRQA,0,DNALI1,pancreatic adenocarcinoma,9,A0101,floor
99351,102,STRMDVVHLQEQLYLKLQQRQARETGI,YLKLQQRQA,0,DNALI1,pancreatic adenocarcinoma,9,A6801,floor
99351,32,STRMDVVHLQEQLYLKLQQRQARETGI,YLKLQQRQA,0,DNALI1,pancreatic adenocarcinoma,9,B0801,scoreable
99351,102,STRMDVVHLQEQLYLKLQQRQARETGI,YLKLQQRQA,0,DNALI1,pancreatic adenocarcinoma,9,B4402,floor
99351,102,STRMDVVHLQEQLYLKLQQRQARETGI,YLKLQQRQA,0,DNALI1,pancreatic adenocarcinoma,9,C0501,floor
99351,102,STRMDVVHLQEQLYLKLQQRQARETGI,YLKLQQRQA,0,DNALI1,pancreatic adenocarcinoma,9,C0701,floor
99351,30,STRMDVVHLQEQLYLKLQQRQARETGI,DVVHLQEQLY,0,DNALI1,pancreatic adenocarcinoma,9,A0101,scoreable
99351,31,STRMDVVHLQEQLYLKLQQRQARETGI,DVVHLQEQLY,0,DNALI1,pancreatic adenocarcinoma,9,A6801,scoreable
99351,102,STRMDVVHLQEQLYLKLQQRQARETGI,DVVHLQEQLY,0,DNALI1,pancreatic adenocarcinoma,9,B0801,floor
99351,102,STRMDVVHLQEQLYLKLQQRQARETGI,DVVHLQEQLY,0,DNALI1,pancreatic adenocarcinoma,9,B4402,floor
99351,102,STRMDVVHLQEQLYLKLQQRQARETGI,DVVHLQEQLY,0,DNALI1,pancreatic adenocarcinoma,9,C0501,floor
99351,102,STRMDVVHLQEQLYLKLQQRQARETGI,DVVHLQEQLY,0,DNALI1,pancreatic adenocarcinoma,9,C0701,floor
99351,102,STRMDVVHLQEQLYLKLQQRQARETGI,HLQEQLYLKL,0,DNALI1,pancreatic adenocarcinoma,9,A0101,floor
99351,102,STRMDVVHLQEQLYLKLQQRQARETGI,HLQEQLYLKL,0,DNALI1,pancreatic adenocarcinoma,9,A6801,floor
99351,32,STRMDVVHLQEQLYLKLQQRQARETGI,HLQEQLYLKL,0,DNALI1,pancreatic adenocarcinoma,9,B0801,scoreable
99351,102,STRMDVVHLQEQLYLKLQQRQARETGI,HLQEQLYLKL,0,DNALI1,pancreatic adenocarcinoma,9,B4402,floor
99351,34,STRMDVVHLQEQLYLKLQQRQARETGI,HLQEQLYLKL,0,DNALI1,pancreatic adenocarcinoma,9,C0501,scoreable
99351,102,STRMDVVHLQEQLYLKLQQRQARETGI,HLQEQLYLKL,0,DNALI1,pancreatic adenocarcinoma,9,C0701,floor
99351,102,STRMDVVHLQEQLYLKLQQRQARETGI,EQLYLKLQQR,0,DNALI1,pancreatic adenocarcinoma,9,A0101,floor
99351,31,STRMDVVHLQEQLYLKLQQRQARETGI,EQLYLKLQQR,0,DNALI1,pancreatic adenocarcinoma,9,A6801,scoreable
99351,102,STRMDVVHLQEQLYLKLQQRQARETGI,EQLYLKLQQR,0,DNALI1,pancreatic adenocarcinoma,9,B0801,floor
99351,102,STRMDVVHLQEQLYLKLQQRQARETGI,EQLYLKLQQR,0,DNALI1,pancreatic adenocarcinoma,9,B4402,floor
99351,102,STRMDVVHLQEQLYLKLQQRQARETGI,EQLYLKLQQR,0,DNALI1,pancreatic adenocarcinoma,9,C0501,floor
99351,102,STRMDVVHLQEQLYLKLQQRQARETGI,EQLYLKLQQR,0,DNALI1,pancreatic adenocarcinoma,9,C0701,floor
99351,30,STRMDVVHLQEQLYLKLQQRQARETGI,MDVVHLQEQLY,0,DNALI1,pancreatic adenocarcinoma,9,A0101,scoreable
99351,102,STRMDVVHLQEQLYLKLQQRQARETGI,MDVVHLQEQLY,0,DNALI1,pancreatic adenocarcinoma,9,A6801,floor
99351,102,STRMDVVHLQEQLYLKLQQRQARETGI,MDVVHLQEQLY,0,DNALI1,pancreatic adenocarcinoma,9,B0801,floor
99351,33,STRMDVVHLQEQLYLKLQQRQARETGI,MDVVHLQEQLY,0,DNALI1,pancreatic adenocarcinoma,9,B4402,scoreable
99351,102,STRMDVVHLQEQLYLKLQQRQARETGI,MDVVHLQEQLY,0,DNALI1,pancreatic adenocarcinoma,9,C0501,floor
99351,102,STRMDVVHLQEQLYLKLQQRQARETGI,MDVVHLQEQLY,0,DNALI1,pancreatic adenocarcinoma,9,C0701,floor
99351,102,STRMDVVHLQEQLYLKLQQRQARETGI,VVHLQEQLYLK,0,DNALI1,pancreatic adenocarcinoma,9,A0101,floor
99351,31,STRMDVVHLQEQLYLKLQQRQARETGI,VVHLQEQLYLK,0,DNALI1,pancreatic adenocarcinoma,9,A6801,scoreable
99351,102,STRMDVVHLQEQLYLKLQQRQARETGI,VVHLQEQLYLK,0,DNALI1,pancreatic adenocarcinoma,9,B0801,floor
99351,102,STRMDVVHLQEQLYLKLQQRQARETGI,VVHLQEQLYLK,0,DNALI1,pancreatic adenocarcinoma,9,B4402,floor
99351,102,STRMDVVHLQEQLYLKLQQRQARETGI,VVHLQEQLYLK,0,DNALI1,pancreatic adenocarcinoma,9,C0501,floor
99351,102,STRMDVVHLQEQLYLKLQQRQARETGI,VVHLQEQLYLK,0,DNALI1,pancreatic adenocarcinoma,9,C0701,floor
99351,102,STRMDVVHLQEQLYLKLQQRQARETGI,QEQLYLKLQQR,0,DNALI1,pancreatic adenocarcinoma,9,A0101,floor
99351,102,STRMDVVHLQEQLYLKLQQRQARETGI,QEQLYLKLQQR,0,DNALI1,pancreatic adenocarcinoma,9,A6801,floor
99351,102,STRMDVVHLQEQLYLKLQQRQARETGI,QEQLYLKLQQR,0,DNALI1,pancreatic adenocarcinoma,9,B0801,floor
99351,33,STRMDVVHLQEQLYLKLQQRQARETGI,QEQLYLKLQQR,0,DNALI1,pancreatic adenocarcinoma,9,B4402,scoreable
99351,102,STRMDVVHLQEQLYLKLQQRQARETGI,QEQLYLKLQQR,0,DNALI1,pancreatic adenocarcinoma,9,C0501,floor
99351,102,STRMDVVHLQEQLYLKLQQRQARETGI,QEQLYLKLQQR,0,DNALI1,pancreatic adenocarcinoma,9,C0701,floor
99351,30,STRMDVVHLQEQLYLKLQQRQARETGI,RMDVVHLQEQLY,0,DNALI1,pancreatic adenocarcinoma,9,A0101,scoreable
99351,102,STRMDVVHLQEQLYLKLQQRQARETGI,RMDVVHLQEQLY,0,DNALI1,pancreatic adenocarcinoma,9,A6801,floor
99351,102,STRMDVVHLQEQLYLKLQQRQARETGI,RMDVVHLQEQLY,0,DNALI1,pancreatic adenocarcinoma,9,B0801,floor
99351,102,STRMDVVHLQEQLYLKLQQRQARETGI,RMDVVHLQEQLY,0,DNALI1,pancreatic adenocarcinoma,9,B4402,floor
99351,102,STRMDVVHLQEQLYLKLQQRQARETGI,RMDVVHLQEQLY,0,DNALI1,pancreatic adenocarcinoma,9,C0501,floor
99351,102,STRMDVVHLQEQLYLKLQQRQARETGI,RMDVVHLQEQLY,0,DNALI1,pancreatic adenocarcinoma,9,C0701,floor
99351,102,STRMDVVHLQEQLYLKLQQRQARETGI,DVVHLQEQLYLK,0,DNALI1,pancreatic adenocarcinoma,9,A0101,floor
99351,31,STRMDVVHLQEQLYLKLQQRQARETGI,DVVHLQEQLYLK,0,DNALI1,pancreatic adenocarcinoma,9,A6801,scoreable
99351,102,STRMDVVHLQEQLYLKLQQRQARETGI,DVVHLQEQLYLK,0,DNALI1,pancreatic adenocarcinoma,9,B0801,floor
99351,102,STRMDVVHLQEQLYLKLQQRQARETGI,DVVHLQEQLYLK,0,DNALI1,pancreatic adenocarcinoma,9,B4402,floor
99351,102,STRMDVVHLQEQLYLKLQQRQARETGI,DVVHLQEQLYLK,0,DNALI1,pancreatic adenocarcinoma,9,C0501,floor
99351,102,STRMDVVHLQEQLYLKLQQRQARETGI,DVVHLQEQLYLK,0,DNALI1,pancreatic adenocarcinoma,9,C0701,floor
99299,100,PDMLADGTRLQLAAVPVGVLRTPGLRC,GTRLQLAAV,0,EXD3,pancreatic adenocarcinoma,7,A3301,floor
99299,100,PDMLADGTRLQLAAVPVGVLRTPGLRC,GTRLQLAAV,0,EXD3,pancreatic adenocarcinoma,7,A6801,floor
99299,100,PDMLADGTRLQLAAVPVGVLRTPGLRC,GTRLQLAAV,0,EXD3,pancreatic adenocarcinoma,7,B1302,floor
99299,21,PDMLADGTRLQLAAVPVGVLRTPGLRC,GTRLQLAAV,0,EXD3,pancreatic adenocarcinoma,7,B1516,scoreable
99299,22,PDMLADGTRLQLAAVPVGVLRTPGLRC,GTRLQLAAV,0,EXD3,pancreatic adenocarcinoma,7,C0602,scoreable
99299,100,PDMLADGTRLQLAAVPVGVLRTPGLRC,GTRLQLAAV,0,EXD3,pancreatic adenocarcinoma,7,C1402,floor
99299,100,PDMLADGTRLQLAAVPVGVLRTPGLRC,RLQLAAVPV,0,EXD3,pancreatic adenocarcinoma,7,A3301,floor
99299,100,PDMLADGTRLQLAAVPVGVLRTPGLRC,RLQLAAVPV,0,EXD3,pancreatic adenocarcinoma,7,A6801,floor
99299,20,PDMLADGTRLQLAAVPVGVLRTPGLRC,RLQLAAVPV,0,EXD3,pancreatic adenocarcinoma,7,B1302,scoreable
99299,100,PDMLADGTRLQLAAVPVGVLRTPGLRC,RLQLAAVPV,0,EXD3,pancreatic adenocarcinoma,7,B1516,floor
99299,100,PDMLADGTRLQLAAVPVGVLRTPGLRC,RLQLAAVPV,0,EXD3,pancreatic adenocarcinoma,7,C0602,floor
99299,100,PDMLADGTRLQLAAVPVGVLRTPGLRC,RLQLAAVPV,0,EXD3,pancreatic adenocarcinoma,7,C1402,floor
99299,100,PDMLADGTRLQLAAVPVGVLRTPGLRC,LQLAAVPVG,0,EXD3,pancreatic adenocarcinoma,7,A3301,floor
99299,100,PDMLADGTRLQLAAVPVGVLRTPGLRC,LQLAAVPVG,0,EXD3,pancreatic adenocarcinoma,7,A6801,floor
99299,20,PDMLADGTRLQLAAVPVGVLRTPGLRC,LQLAAVPVG,0,EXD3,pancreatic adenocarcinoma,7,B1302,scoreable
99299,100,PDMLADGTRLQLAAVPVGVLRTPGLRC,LQLAAVPVG,0,EXD3,pancreatic adenocarcinoma,7,B1516,floor
99299,100,PDMLADGTRLQLAAVPVGVLRTPGLRC,LQLAAVPVG,0,EXD3,pancreatic adenocarcinoma,7,C0602,floor
99299,100,PDMLADGTRLQLAAVPVGVLRTPGLRC,LQLAAVPVG,0,EXD3,pancreatic adenocarcinoma,7,C1402,floor
99299,100,PDMLADGTRLQLAAVPVGVLRTPGLRC,QLAAVPVGV,0,EXD3,pancreatic adenocarcinoma,7,A3301,floor
99299,100,PDMLADGTRLQLAAVPVGVLRTPGLRC,QLAAVPVGV,0,EXD3,pancreatic adenocarcinoma,7,A6801,floor
99299,20,PDMLADGTRLQLAAVPVGVLRTPGLRC,QLAAVPVGV,0,EXD3,pancreatic adenocarcinoma,7,B1302,scoreable
99299,100,PDMLADGTRLQLAAVPVGVLRTPGLRC,QLAAVPVGV,0,EXD3,pancreatic adenocarcinoma,7,B1516,floor
99299,100,PDMLADGTRLQLAAVPVGVLRTPGLRC,QLAAVPVGV,0,EXD3,pancreatic adenocarcinoma,7,C0602,floor
99299,100,PDMLADGTRLQLAAVPVGVLRTPGLRC,QLAAVPVGV,0,EXD3,pancreatic adenocarcinoma,7,C1402,floor
99299,100,PDMLADGTRLQLAAVPVGVLRTPGLRC,LAAVPVGVL,0,EXD3,pancreatic adenocarcinoma,7,A3301,floor
99299,100,PDMLADGTRLQLAAVPVGVLRTPGLRC,LAAVPVGVL,0,EXD3,pancreatic adenocarcinoma,7,A6801,floor
99299,100,PDMLADGTRLQLAAVPVGVLRTPGLRC,LAAVPVGVL,0,EXD3,pancreatic adenocarcinoma,7,B1302,floor
99299,21,PDMLADGTRLQLAAVPVGVLRTPGLRC,LAAVPVGVL,0,EXD3,pancreatic adenocarcinoma,7,B1516,scoreable
99299,22,PDMLADGTRLQLAAVPVGVLRTPGLRC,LAAVPVGVL,0,EXD3,pancreatic adenocarcinoma,7,C0602,scoreable
99299,100,PDMLADGTRLQLAAVPVGVLRTPGLRC,LAAVPVGVL,0,EXD3,pancreatic adenocarcinoma,7,C1402,floor
99299,18,PDMLADGTRLQLAAVPVGVLRTPGLRC,AAVPVGVLR,0,EXD3,pancreatic adenocarcinoma,7,A3301,scoreable
99299,19,PDMLADGTRLQLAAVPVGVLRTPGLRC,AAVPVGVLR,0,EXD3,pancreatic adenocarcinoma,7,A6801,scoreable
99299,100,PDMLADGTRLQLAAVPVGVLRTPGLRC,AAVPVGVLR,0,EXD3,pancreatic adenocarcinoma,7,B1302,floor
99299,21,PDMLADGTRLQLAAVPVGVLRTPGLRC,AAVPVGVLR,0,EXD3,pancreatic adenocarcinoma,7,B1516,scoreable
99299,22,PDMLADGTRLQLAAVPVGVLRTPGLRC,AAVPVGVLR,0,EXD3,pancreatic adenocarcinoma,7,C0602,scoreable
99299,100,PDMLADGTRLQLAAVPVGVLRTPGLRC,AAVPVGVLR,0,EXD3,pancreatic adenocarcinoma,7,C1402,floor
99299,100,PDMLADGTRLQLAAVPVGVLRTPGLRC,LQLAAVPVGV,0,EXD3,pancreatic adenocarcinoma,7,A3301,floor
99299,100,PDMLADGTRLQLAAVPVGVLRTPGLRC,LQLAAVPVGV,0,EXD3,pancreatic adenocarcinoma,7,A6801,floor
99299,20,PDMLADGTRLQLAAVPVGVLRTPGLRC,LQLAAVPVGV,0,EXD3,pancreatic adenocarcinoma,7,B1302,scoreable
99299,100,PDMLADGTRLQLAAVPVGVLRTPGLRC,LQLAAVPVGV,0,EXD3,pancreatic adenocarcinoma,7,B1516,floor
99299,100,PDMLADGTRLQLAAVPVGVLRTPGLRC,LQLAAVPVGV,0,EXD3,pancreatic adenocarcinoma,7,C0602,floor
99299,100,PDMLADGTRLQLAAVPVGVLRTPGLRC,LQLAAVPVGV,0,EXD3,pancreatic adenocarcinoma,7,C1402,floor
99299,100,PDMLADGTRLQLAAVPVGVLRTPGLRC,QLAAVPVGVL,0,EXD3,pancreatic adenocarcinoma,7,A3301,floor
99299,100,PDMLADGTRLQLAAVPVGVLRTPGLRC,QLAAVPVGVL,0,EXD3,pancreatic adenocarcinoma,7,A6801,floor
99299,20,PDMLADGTRLQLAAVPVGVLRTPGLRC,QLAAVPVGVL,0,EXD3,pancreatic adenocarcinoma,7,B1302,scoreable
99299,100,PDMLADGTRLQLAAVPVGVLRTPGLRC,QLAAVPVGVL,0,EXD3,pancreatic adenocarcinoma,7,B1516,floor
99299,100,PDMLADGTRLQLAAVPVGVLRTPGLRC,QLAAVPVGVL,0,EXD3,pancreatic adenocarcinoma,7,C0602,floor
99299,100,PDMLADGTRLQLAAVPVGVLRTPGLRC,QLAAVPVGVL,0,EXD3,pancreatic adenocarcinoma,7,C1402,floor
99299,18,PDMLADGTRLQLAAVPVGVLRTPGLRC,LAAVPVGVLR,0,EXD3,pancreatic adenocarcinoma,7,A3301,scoreable
99299,19,PDMLADGTRLQLAAVPVGVLRTPGLRC,LAAVPVGVLR,0,EXD3,pancreatic adenocarcinoma,7,A6801,scoreable
99299,100,PDMLADGTRLQLAAVPVGVLRTPGLRC,LAAVPVGVLR,0,EXD3,pancreatic adenocarcinoma,7,B1302,floor
99299,100,PDMLADGTRLQLAAVPVGVLRTPGLRC,LAAVPVGVLR,0,EXD3,pancreatic adenocarcinoma,7,B1516,floor
99299,22,PDMLADGTRLQLAAVPVGVLRTPGLRC,LAAVPVGVLR,0,EXD3,pancreatic adenocarcinoma,7,C0602,scoreable
99299,100,PDMLADGTRLQLAAVPVGVLRTPGLRC,LAAVPVGVLR,0,EXD3,pancreatic adenocarcinoma,7,C1402,floor
99299,100,PDMLADGTRLQLAAVPVGVLRTPGLRC,RLQLAAVPVGV,0,EXD3,pancreatic adenocarcinoma,7,A3301,floor
99299,100,PDMLADGTRLQLAAVPVGVLRTPGLRC,RLQLAAVPVGV,0,EXD3,pancreatic adenocarcinoma,7,A6801,floor
99299,20,PDMLADGTRLQLAAVPVGVLRTPGLRC,RLQLAAVPVGV,0,EXD3,pancreatic adenocarcinoma,7,B1302,scoreable
99299,100,PDMLADGTRLQLAAVPVGVLRTPGLRC,RLQLAAVPVGV,0,EXD3,pancreatic adenocarcinoma,7,B1516,floor
99299,100,PDMLADGTRLQLAAVPVGVLRTPGLRC,RLQLAAVPVGV,0,EXD3,pancreatic adenocarcinoma,7,C0602,floor
99299,100,PDMLADGTRLQLAAVPVGVLRTPGLRC,RLQLAAVPVGV,0,EXD3,pancreatic adenocarcinoma,7,C1402,floor
99299,100,PDMLADGTRLQLAAVPVGVLRTPGLRC,LQLAAVPVGVL,0,EXD3,pancreatic adenocarcinoma,7,A3301,floor
99299,100,PDMLADGTRLQLAAVPVGVLRTPGLRC,LQLAAVPVGVL,0,EXD3,pancreatic adenocarcinoma,7,A6801,floor
99299,20,PDMLADGTRLQLAAVPVGVLRTPGLRC,LQLAAVPVGVL,0,EXD3,pancreatic adenocarcinoma,7,B1302,scoreable
99299,100,PDMLADGTRLQLAAVPVGVLRTPGLRC,LQLAAVPVGVL,0,EXD3,pancreatic adenocarcinoma,7,B1516,floor
99299,100,PDMLADGTRLQLAAVPVGVLRTPGLRC,LQLAAVPVGVL,0,EXD3,pancreatic adenocarcinoma,7,C0602,floor
99299,100,PDMLADGTRLQLAAVPVGVLRTPGLRC,LQLAAVPVGVL,0,EXD3,pancreatic adenocarcinoma,7,C1402,floor
99299,18,PDMLADGTRLQLAAVPVGVLRTPGLRC,QLAAVPVGVLR,0,EXD3,pancreatic adenocarcinoma,7,A3301,scoreable
99299,19,PDMLADGTRLQLAAVPVGVLRTPGLRC,QLAAVPVGVLR,0,EXD3,pancreatic adenocarcinoma,7,A6801,scoreable
99299,100,PDMLADGTRLQLAAVPVGVLRTPGLRC,QLAAVPVGVLR,0,EXD3,pancreatic adenocarcinoma,7,B1302,floor
99299,100,PDMLADGTRLQLAAVPVGVLRTPGLRC,QLAAVPVGVLR,0,EXD3,pancreatic adenocarcinoma,7,B1516,floor
99299,100,PDMLADGTRLQLAAVPVGVLRTPGLRC,QLAAVPVGVLR,0,EXD3,pancreatic adenocarcinoma,7,C0602,floor
99299,100,PDMLADGTRLQLAAVPVGVLRTPGLRC,QLAAVPVGVLR,0,EXD3,pancreatic adenocarcinoma,7,C1402,floor
99299,100,VVLWDKIVLRGDNLKLLLKDMKTKYFF,IVLRGDNLK,0,SPCS3,pancreatic adenocarcinoma,7,A3301,floor
99299,19,VVLWDKIVLRGDNLKLLLKDMKTKYFF,IVLRGDNLK,0,SPCS3,pancreatic adenocarcinoma,7,A6801,scoreable
99299,100,VVLWDKIVLRGDNLKLLLKDMKTKYFF,IVLRGDNLK,0,SPCS3,pancreatic adenocarcinoma,7,B1302,floor
99299,100,VVLWDKIVLRGDNLKLLLKDMKTKYFF,IVLRGDNLK,0,SPCS3,pancreatic adenocarcinoma,7,B1516,floor
99299,100,VVLWDKIVLRGDNLKLLLKDMKTKYFF,IVLRGDNLK,0,SPCS3,pancreatic adenocarcinoma,7,C0602,floor
99299,100,VVLWDKIVLRGDNLKLLLKDMKTKYFF,IVLRGDNLK,0,SPCS3,pancreatic adenocarcinoma,7,C1402,floor
99299,100,VVLWDKIVLRGDNLKLLLKDMKTKYFF,VLRGDNLKL,0,SPCS3,pancreatic adenocarcinoma,7,A3301,floor
99299,100,VVLWDKIVLRGDNLKLLLKDMKTKYFF,VLRGDNLKL,0,SPCS3,pancreatic adenocarcinoma,7,A6801,floor
99299,100,VVLWDKIVLRGDNLKLLLKDMKTKYFF,VLRGDNLKL,0,SPCS3,pancreatic adenocarcinoma,7,B1302,floor
99299,100,VVLWDKIVLRGDNLKLLLKDMKTKYFF,VLRGDNLKL,0,SPCS3,pancreatic adenocarcinoma,7,B1516,floor
99299,22,VVLWDKIVLRGDNLKLLLKDMKTKYFF,VLRGDNLKL,0,SPCS3,pancreatic adenocarcinoma,7,C0602,scoreable
99299,100,VVLWDKIVLRGDNLKLLLKDMKTKYFF,VLRGDNLKL,0,SPCS3,pancreatic adenocarcinoma,7,C1402,floor
99299,100,VVLWDKIVLRGDNLKLLLKDMKTKYFF,KIVLRGDNLK,0,SPCS3,pancreatic adenocarcinoma,7,A3301,floor
99299,19,VVLWDKIVLRGDNLKLLLKDMKTKYFF,KIVLRGDNLK,0,SPCS3,pancreatic adenocarcinoma,7,A6801,scoreable
99299,100,VVLWDKIVLRGDNLKLLLKDMKTKYFF,KIVLRGDNLK,0,SPCS3,pancreatic adenocarcinoma,7,B1302,floor
99299,100,VVLWDKIVLRGDNLKLLLKDMKTKYFF,KIVLRGDNLK,0,SPCS3,pancreatic adenocarcinoma,7,B1516,floor
99299,100,VVLWDKIVLRGDNLKLLLKDMKTKYFF,KIVLRGDNLK,0,SPCS3,pancreatic adenocarcinoma,7,C0602,floor
99299,100,VVLWDKIVLRGDNLKLLLKDMKTKYFF,KIVLRGDNLK,0,SPCS3,pancreatic adenocarcinoma,7,C1402,floor
99299,100,VVLWDKIVLRGDNLKLLLKDMKTKYFF,IVLRGDNLKL,0,SPCS3,pancreatic adenocarcinoma,7,A3301,floor
99299,100,VVLWDKIVLRGDNLKLLLKDMKTKYFF,IVLRGDNLKL,0,SPCS3,pancreatic adenocarcinoma,7,A6801,floor
99299,20,VVLWDKIVLRGDNLKLLLKDMKTKYFF,IVLRGDNLKL,0,SPCS3,pancreatic adenocarcinoma,7,B1302,scoreable
99299,21,VVLWDKIVLRGDNLKLLLKDMKTKYFF,IVLRGDNLKL,0,SPCS3,pancreatic adenocarcinoma,7,B1516,scoreable
99299,100,VVLWDKIVLRGDNLKLLLKDMKTKYFF,IVLRGDNLKL,0,SPCS3,pancreatic adenocarcinoma,7,C0602,floor
99299,100,VVLWDKIVLRGDNLKLLLKDMKTKYFF,IVLRGDNLKL,0,SPCS3,pancreatic adenocarcinoma,7,C1402,floor
99299,100,VVLWDKIVLRGDNLKLLLKDMKTKYFF,VLRGDNLKLLL,0,SPCS3,pancreatic adenocarcinoma,7,A3301,floor
99299,100,VVLWDKIVLRGDNLKLLLKDMKTKYFF,VLRGDNLKLLL,0,SPCS3,pancreatic adenocarcinoma,7,A6801,floor
99299,20,VVLWDKIVLRGDNLKLLLKDMKTKYFF,VLRGDNLKLLL,0,SPCS3,pancreatic adenocarcinoma,7,B1302,scoreable
99299,100,VVLWDKIVLRGDNLKLLLKDMKTKYFF,VLRGDNLKLLL,0,SPCS3,pancreatic adenocarcinoma,7,B1516,floor
99299,100,VVLWDKIVLRGDNLKLLLKDMKTKYFF,VLRGDNLKLLL,0,SPCS3,pancreatic adenocarcinoma,7,C0602,floor
99299,100,VVLWDKIVLRGDNLKLLLKDMKTKYFF,VLRGDNLKLLL,0,SPCS3,pancreatic adenocarcinoma,7,C1402,floor
99299,100,LEPSADAPEPDCGYPPPVAPSRLLPLK,DAPEPDCGY,0,NDST1,pancreatic adenocarcinoma,7,A3301,floor
99299,19,LEPSADAPEPDCGYPPPVAPSRLLPLK,DAPEPDCGY,0,NDST1,pancreatic adenocarcinoma,7,A6801,scoreable
99299,100,LEPSADAPEPDCGYPPPVAPSRLLPLK,DAPEPDCGY,0,NDST1,pancreatic adenocarcinoma,7,B1302,floor
99299,100,LEPSADAPEPDCGYPPPVAPSRLLPLK,DAPEPDCGY,0,NDST1,pancreatic adenocarcinoma,7,B1516,floor
99299,100,LEPSADAPEPDCGYPPPVAPSRLLPLK,DAPEPDCGY,0,NDST1,pancreatic adenocarcinoma,7,C0602,floor
99299,100,LEPSADAPEPDCGYPPPVAPSRLLPLK,DAPEPDCGY,0,NDST1,pancreatic adenocarcinoma,7,C1402,floor
99299,18,LEPSADAPEPDCGYPPPVAPSRLLPLK,YPPPVAPSR,0,NDST1,pancreatic adenocarcinoma,7,A3301,scoreable
99299,19,LEPSADAPEPDCGYPPPVAPSRLLPLK,YPPPVAPSR,0,NDST1,pancreatic adenocarcinoma,7,A6801,scoreable
99299,100,LEPSADAPEPDCGYPPPVAPSRLLPLK,YPPPVAPSR,0,NDST1,pancreatic adenocarcinoma,7,B1302,floor
99299,100,LEPSADAPEPDCGYPPPVAPSRLLPLK,YPPPVAPSR,0,NDST1,pancreatic adenocarcinoma,7,B1516,floor
99299,22,LEPSADAPEPDCGYPPPVAPSRLLPLK,YPPPVAPSR,0,NDST1,pancreatic adenocarcinoma,7,C0602,scoreable
99299,100,LEPSADAPEPDCGYPPPVAPSRLLPLK,YPPPVAPSR,0,NDST1,pancreatic adenocarcinoma,7,C1402,floor
99299,18,LEPSADAPEPDCGYPPPVAPSRLLPLK,GYPPPVAPSR,0,NDST1,pancreatic adenocarcinoma,7,A3301,scoreable
99299,100,LEPSADAPEPDCGYPPPVAPSRLLPLK,GYPPPVAPSR,0,NDST1,pancreatic adenocarcinoma,7,A6801,floor
99299,100,LEPSADAPEPDCGYPPPVAPSRLLPLK,GYPPPVAPSR,0,NDST1,pancreatic adenocarcinoma,7,B1302,floor
99299,100,LEPSADAPEPDCGYPPPVAPSRLLPLK,GYPPPVAPSR,0,NDST1,pancreatic adenocarcinoma,7,B1516,floor
99299,100,LEPSADAPEPDCGYPPPVAPSRLLPLK,GYPPPVAPSR,0,NDST1,pancreatic adenocarcinoma,7,C0602,floor
99299,100,LEPSADAPEPDCGYPPPVAPSRLLPLK,GYPPPVAPSR,0,NDST1,pancreatic adenocarcinoma,7,C1402,floor
99299,100,LEPSADAPEPDCGYPPPVAPSRLLPLK,SADAPEPDCGY,0,NDST1,pancreatic adenocarcinoma,7,A3301,floor
99299,100,LEPSADAPEPDCGYPPPVAPSRLLPLK,SADAPEPDCGY,0,NDST1,pancreatic adenocarcinoma,7,A6801,floor
99299,100,LEPSADAPEPDCGYPPPVAPSRLLPLK,SADAPEPDCGY,0,NDST1,pancreatic adenocarcinoma,7,B1302,floor
99299,21,LEPSADAPEPDCGYPPPVAPSRLLPLK,SADAPEPDCGY,0,NDST1,pancreatic adenocarcinoma,7,B1516,scoreable
99299,100,LEPSADAPEPDCGYPPPVAPSRLLPLK,SADAPEPDCGY,0,NDST1,pancreatic adenocarcinoma,7,C0602,floor
99299,100,LEPSADAPEPDCGYPPPVAPSRLLPLK,SADAPEPDCGY,0,NDST1,pancreatic adenocarcinoma,7,C1402,floor
99299,18,LEPSADAPEPDCGYPPPVAPSRLLPLK,CGYPPPVAPSR,0,NDST1,pancreatic adenocarcinoma,7,A3301,scoreable
99299,19,LEPSADAPEPDCGYPPPVAPSRLLPLK,CGYPPPVAPSR,0,NDST1,pancreatic adenocarcinoma,7,A6801,scoreable
99299,100,LEPSADAPEPDCGYPPPVAPSRLLPLK,CGYPPPVAPSR,0,NDST1,pancreatic adenocarcinoma,7,B1302,floor
99299,100,LEPSADAPEPDCGYPPPVAPSRLLPLK,CGYPPPVAPSR,0,NDST1,pancreatic adenocarcinoma,7,B1516,floor
99299,100,LEPSADAPEPDCGYPPPVAPSRLLPLK,CGYPPPVAPSR,0,NDST1,pancreatic adenocarcinoma,7,C0602,floor
99299,100,LEPSADAPEPDCGYPPPVAPSRLLPLK,CGYPPPVAPSR,0,NDST1,pancreatic adenocarcinoma,7,C1402,floor
99299,18,LEPSADAPEPDCGYPPPVAPSRLLPLK,DCGYPPPVAPSR,0,NDST1,pancreatic adenocarcinoma,7,A3301,scoreable
99299,19,LEPSADAPEPDCGYPPPVAPSRLLPLK,DCGYPPPVAPSR,0,NDST1,pancreatic adenocarcinoma,7,A6801,scoreable
99299,100,LEPSADAPEPDCGYPPPVAPSRLLPLK,DCGYPPPVAPSR,0,NDST1,pancreatic adenocarcinoma,7,B1302,floor
99299,100,LEPSADAPEPDCGYPPPVAPSRLLPLK,DCGYPPPVAPSR,0,NDST1,pancreatic adenocarcinoma,7,B1516,floor
99299,100,LEPSADAPEPDCGYPPPVAPSRLLPLK,DCGYPPPVAPSR,0,NDST1,pancreatic adenocarcinoma,7,C0602,floor
99299,100,LEPSADAPEPDCGYPPPVAPSRLLPLK,DCGYPPPVAPSR,0,NDST1,pancreatic adenocarcinoma,7,C1402,floor
99299,100,TQFFRGNLAGLTLCSGKLADKKVIDCL,LTLCSGKLA,0,CLSTN1,pancreatic adenocarcinoma,7,A3301,floor
99299,100,TQFFRGNLAGLTLCSGKLADKKVIDCL,LTLCSGKLA,0,CLSTN1,pancreatic adenocarcinoma,7,A6801,floor
99299,100,TQFFRGNLAGLTLCSGKLADKKVIDCL,LTLCSGKLA,0,CLSTN1,pancreatic adenocarcinoma,7,B1302,floor
99299,21,TQFFRGNLAGLTLCSGKLADKKVIDCL,LTLCSGKLA,0,CLSTN1,pancreatic adenocarcinoma,7,B1516,scoreable
99299,100,TQFFRGNLAGLTLCSGKLADKKVIDCL,LTLCSGKLA,0,CLSTN1,pancreatic adenocarcinoma,7,C0602,floor
99299,100,TQFFRGNLAGLTLCSGKLADKKVIDCL,LTLCSGKLA,0,CLSTN1,pancreatic adenocarcinoma,7,C1402,floor
99299,100,TQFFRGNLAGLTLCSGKLADKKVIDCL,LAGLTLCSGK,0,CLSTN1,pancreatic adenocarcinoma,7,A3301,floor
99299,19,TQFFRGNLAGLTLCSGKLADKKVIDCL,LAGLTLCSGK,0,CLSTN1,pancreatic adenocarcinoma,7,A6801,scoreable
99299,100,TQFFRGNLAGLTLCSGKLADKKVIDCL,LAGLTLCSGK,0,CLSTN1,pancreatic adenocarcinoma,7,B1302,floor
99299,100,TQFFRGNLAGLTLCSGKLADKKVIDCL,LAGLTLCSGK,0,CLSTN1,pancreatic adenocarcinoma,7,B1516,floor
99299,100,TQFFRGNLAGLTLCSGKLADKKVIDCL,LAGLTLCSGK,0,CLSTN1,pancreatic adenocarcinoma,7,C0602,floor
99299,100,TQFFRGNLAGLTLCSGKLADKKVIDCL,LAGLTLCSGK,0,CLSTN1,pancreatic adenocarcinoma,7,C1402,floor
99299,100,TQFFRGNLAGLTLCSGKLADKKVIDCL,TLCSGKLADK,0,CLSTN1,pancreatic adenocarcinoma,7,A3301,floor
99299,19,TQFFRGNLAGLTLCSGKLADKKVIDCL,TLCSGKLADK,0,CLSTN1,pancreatic adenocarcinoma,7,A6801,scoreable
99299,100,TQFFRGNLAGLTLCSGKLADKKVIDCL,TLCSGKLADK,0,CLSTN1,pancreatic adenocarcinoma,7,B1302,floor
99299,100,TQFFRGNLAGLTLCSGKLADKKVIDCL,TLCSGKLADK,0,CLSTN1,pancreatic adenocarcinoma,7,B1516,floor
99299,100,TQFFRGNLAGLTLCSGKLADKKVIDCL,TLCSGKLADK,0,CLSTN1,pancreatic adenocarcinoma,7,C0602,floor
99299,100,TQFFRGNLAGLTLCSGKLADKKVIDCL,TLCSGKLADK,0,CLSTN1,pancreatic adenocarcinoma,7,C1402,floor
99299,18,TQFFRGNLAGLTLCSGKLADKKVIDCL,NLAGLTLCSGK,0,CLSTN1,pancreatic adenocarcinoma,7,A3301,scoreable
99299,19,TQFFRGNLAGLTLCSGKLADKKVIDCL,NLAGLTLCSGK,0,CLSTN1,pancreatic adenocarcinoma,7,A6801,scoreable
99299,100,TQFFRGNLAGLTLCSGKLADKKVIDCL,NLAGLTLCSGK,0,CLSTN1,pancreatic adenocarcinoma,7,B1302,floor
99299,100,TQFFRGNLAGLTLCSGKLADKKVIDCL,NLAGLTLCSGK,0,CLSTN1,pancreatic adenocarcinoma,7,B1516,floor
99299,100,TQFFRGNLAGLTLCSGKLADKKVIDCL,NLAGLTLCSGK,0,CLSTN1,pancreatic adenocarcinoma,7,C0602,floor
99299,100,TQFFRGNLAGLTLCSGKLADKKVIDCL,NLAGLTLCSGK,0,CLSTN1,pancreatic adenocarcinoma,7,C1402,floor
99299,100,TQFFRGNLAGLTLCSGKLADKKVIDCL,LTLCSGKLADK,0,CLSTN1,pancreatic adenocarcinoma,7,A3301,floor
99299,19,TQFFRGNLAGLTLCSGKLADKKVIDCL,LTLCSGKLADK,0,CLSTN1,pancreatic adenocarcinoma,7,A6801,scoreable
99299,100,TQFFRGNLAGLTLCSGKLADKKVIDCL,LTLCSGKLADK,0,CLSTN1,pancreatic adenocarcinoma,7,B1302,floor
99299,100,TQFFRGNLAGLTLCSGKLADKKVIDCL,LTLCSGKLADK,0,CLSTN1,pancreatic adenocarcinoma,7,B1516,floor
99299,22,TQFFRGNLAGLTLCSGKLADKKVIDCL,LTLCSGKLADK,0,CLSTN1,pancreatic adenocarcinoma,7,C0602,scoreable
99299,100,TQFFRGNLAGLTLCSGKLADKKVIDCL,LTLCSGKLADK,0,CLSTN1,pancreatic adenocarcinoma,7,C1402,floor
99299,100,TQFFRGNLAGLTLCSGKLADKKVIDCL,TLCSGKLADKKV,0,CLSTN1,pancreatic adenocarcinoma,7,A3301,floor
99299,100,TQFFRGNLAGLTLCSGKLADKKVIDCL,TLCSGKLADKKV,0,CLSTN1,pancreatic adenocarcinoma,7,A6801,floor
99299,20,TQFFRGNLAGLTLCSGKLADKKVIDCL,TLCSGKLADKKV,0,CLSTN1,pancreatic adenocarcinoma,7,B1302,scoreable
99299,100,TQFFRGNLAGLTLCSGKLADKKVIDCL,TLCSGKLADKKV,0,CLSTN1,pancreatic adenocarcinoma,7,B1516,floor
99299,100,TQFFRGNLAGLTLCSGKLADKKVIDCL,TLCSGKLADKKV,0,CLSTN1,pancreatic adenocarcinoma,7,C0602,floor
99299,100,TQFFRGNLAGLTLCSGKLADKKVIDCL,TLCSGKLADKKV,0,CLSTN1,pancreatic adenocarcinoma,7,C1402,floor
99299,100,WPFGNALCKTVIATDYYNMFTSTFTLT,ALCKTVIAT,0,OPRL1,pancreatic adenocarcinoma,7,A3301,floor
99299,100,WPFGNALCKTVIATDYYNMFTSTFTLT,ALCKTVIAT,0,OPRL1,pancreatic adenocarcinoma,7,A6801,floor
99299,20,WPFGNALCKTVIATDYYNMFTSTFTLT,ALCKTVIAT,0,OPRL1,pancreatic adenocarcinoma,7,B1302,scoreable
99299,100,WPFGNALCKTVIATDYYNMFTSTFTLT,ALCKTVIAT,0,OPRL1,pancreatic adenocarcinoma,7,B1516,floor
99299,100,WPFGNALCKTVIATDYYNMFTSTFTLT,ALCKTVIAT,0,OPRL1,pancreatic adenocarcinoma,7,C0602,floor
99299,100,WPFGNALCKTVIATDYYNMFTSTFTLT,ALCKTVIAT,0,OPRL1,pancreatic adenocarcinoma,7,C1402,floor
99299,100,WPFGNALCKTVIATDYYNMFTSTFTLT,KTVIATDYY,0,OPRL1,pancreatic adenocarcinoma,7,A3301,floor
99299,19,WPFGNALCKTVIATDYYNMFTSTFTLT,KTVIATDYY,0,OPRL1,pancreatic adenocarcinoma,7,A6801,scoreable
99299,100,WPFGNALCKTVIATDYYNMFTSTFTLT,KTVIATDYY,0,OPRL1,pancreatic adenocarcinoma,7,B1302,floor
99299,21,WPFGNALCKTVIATDYYNMFTSTFTLT,KTVIATDYY,0,OPRL1,pancreatic adenocarcinoma,7,B1516,scoreable
99299,22,WPFGNALCKTVIATDYYNMFTSTFTLT,KTVIATDYY,0,OPRL1,pancreatic adenocarcinoma,7,C0602,scoreable
99299,100,WPFGNALCKTVIATDYYNMFTSTFTLT,KTVIATDYY,0,OPRL1,pancreatic adenocarcinoma,7,C1402,floor
99299,100,WPFGNALCKTVIATDYYNMFTSTFTLT,IATDYYNMF,0,OPRL1,pancreatic adenocarcinoma,7,A3301,floor
99299,100,WPFGNALCKTVIATDYYNMFTSTFTLT,IATDYYNMF,0,OPRL1,pancreatic adenocarcinoma,7,A6801,floor
99299,100,WPFGNALCKTVIATDYYNMFTSTFTLT,IATDYYNMF,0,OPRL1,pancreatic adenocarcinoma,7,B1302,floor
99299,21,WPFGNALCKTVIATDYYNMFTSTFTLT,IATDYYNMF,0,OPRL1,pancreatic adenocarcinoma,7,B1516,scoreable
99299,22,WPFGNALCKTVIATDYYNMFTSTFTLT,IATDYYNMF,0,OPRL1,pancreatic adenocarcinoma,7,C0602,scoreable
99299,100,WPFGNALCKTVIATDYYNMFTSTFTLT,IATDYYNMF,0,OPRL1,pancreatic adenocarcinoma,7,C1402,floor
99299,100,WPFGNALCKTVIATDYYNMFTSTFTLT,VIATDYYNMF,0,OPRL1,pancreatic adenocarcinoma,7,A3301,floor
99299,100,WPFGNALCKTVIATDYYNMFTSTFTLT,VIATDYYNMF,0,OPRL1,pancreatic adenocarcinoma,7,A6801,floor
99299,100,WPFGNALCKTVIATDYYNMFTSTFTLT,VIATDYYNMF,0,OPRL1,pancreatic adenocarcinoma,7,B1302,floor
99299,21,WPFGNALCKTVIATDYYNMFTSTFTLT,VIATDYYNMF,0,OPRL1,pancreatic adenocarcinoma,7,B1516,scoreable
99299,100,WPFGNALCKTVIATDYYNMFTSTFTLT,VIATDYYNMF,0,OPRL1,pancreatic adenocarcinoma,7,C0602,floor
99299,100,WPFGNALCKTVIATDYYNMFTSTFTLT,VIATDYYNMF,0,OPRL1,pancreatic adenocarcinoma,7,C1402,floor
99299,100,WPFGNALCKTVIATDYYNMFTSTFTLT,KTVIATDYYNM,0,OPRL1,pancreatic adenocarcinoma,7,A3301,floor
99299,100,WPFGNALCKTVIATDYYNMFTSTFTLT,KTVIATDYYNM,0,OPRL1,pancreatic adenocarcinoma,7,A6801,floor
99299,100,WPFGNALCKTVIATDYYNMFTSTFTLT,KTVIATDYYNM,0,OPRL1,pancreatic adenocarcinoma,7,B1302,floor
99299,21,WPFGNALCKTVIATDYYNMFTSTFTLT,KTVIATDYYNM,0,OPRL1,pancreatic adenocarcinoma,7,B1516,scoreable
99299,100,WPFGNALCKTVIATDYYNMFTSTFTLT,KTVIATDYYNM,0,OPRL1,pancreatic adenocarcinoma,7,C0602,floor
99299,100,WPFGNALCKTVIATDYYNMFTSTFTLT,KTVIATDYYNM,0,OPRL1,pancreatic adenocarcinoma,7,C1402,floor
99299,100,WPFGNALCKTVIATDYYNMFTSTFTLT,KTVIATDYYNMF,0,OPRL1,pancreatic adenocarcinoma,7,A3301,floor
99299,100,WPFGNALCKTVIATDYYNMFTSTFTLT,KTVIATDYYNMF,0,OPRL1,pancreatic adenocarcinoma,7,A6801,floor
99299,100,WPFGNALCKTVIATDYYNMFTSTFTLT,KTVIATDYYNMF,0,OPRL1,pancreatic adenocarcinoma,7,B1302,floor
99299,21,WPFGNALCKTVIATDYYNMFTSTFTLT,KTVIATDYYNMF,0,OPRL1,pancreatic adenocarcinoma,7,B1516,scoreable
99299,100,WPFGNALCKTVIATDYYNMFTSTFTLT,KTVIATDYYNMF,0,OPRL1,pancreatic adenocarcinoma,7,C0602,floor
99299,100,WPFGNALCKTVIATDYYNMFTSTFTLT,KTVIATDYYNMF,0,OPRL1,pancreatic adenocarcinoma,7,C1402,floor
99299,100,MTEYKLVVVGADGVGKSALTIQLIQ,VVGADGVGK,0,KRAS,pancreatic adenocarcinoma,7,A3301,floor
99299,19,MTEYKLVVVGADGVGKSALTIQLIQ,VVGADGVGK,0,KRAS,pancreatic adenocarcinoma,7,A6801,scoreable
99299,100,MTEYKLVVVGADGVGKSALTIQLIQ,VVGADGVGK,0,KRAS,pancreatic adenocarcinoma,7,B1302,floor
99299,100,MTEYKLVVVGADGVGKSALTIQLIQ,VVGADGVGK,0,KRAS,pancreatic adenocarcinoma,7,B1516,floor
99299,100,MTEYKLVVVGADGVGKSALTIQLIQ,VVGADGVGK,0,KRAS,pancreatic adenocarcinoma,7,C0602,floor
99299,100,MTEYKLVVVGADGVGKSALTIQLIQ,VVGADGVGK,0,KRAS,pancreatic adenocarcinoma,7,C1402,floor
99299,100,MTEYKLVVVGADGVGKSALTIQLIQ,KLVVVGADGV,0,KRAS,pancreatic adenocarcinoma,7,A3301,floor
99299,100,MTEYKLVVVGADGVGKSALTIQLIQ,KLVVVGADGV,0,KRAS,pancreatic adenocarcinoma,7,A6801,floor
99299,20,MTEYKLVVVGADGVGKSALTIQLIQ,KLVVVGADGV,0,KRAS,pancreatic adenocarcinoma,7,B1302,scoreable
99299,100,MTEYKLVVVGADGVGKSALTIQLIQ,KLVVVGADGV,0,KRAS,pancreatic adenocarcinoma,7,B1516,floor
99299,100,MTEYKLVVVGADGVGKSALTIQLIQ,KLVVVGADGV,0,KRAS,pancreatic adenocarcinoma,7,C0602,floor
99299,100,MTEYKLVVVGADGVGKSALTIQLIQ,KLVVVGADGV,0,KRAS,pancreatic adenocarcinoma,7,C1402,floor
99299,18,MTEYKLVVVGADGVGKSALTIQLIQ,VVVGADGVGK,0,KRAS,pancreatic adenocarcinoma,7,A3301,scoreable
99299,19,MTEYKLVVVGADGVGKSALTIQLIQ,VVVGADGVGK,0,KRAS,pancreatic adenocarcinoma,7,A6801,scoreable
99299,100,MTEYKLVVVGADGVGKSALTIQLIQ,VVVGADGVGK,0,KRAS,pancreatic adenocarcinoma,7,B1302,floor
99299,100,MTEYKLVVVGADGVGKSALTIQLIQ,VVVGADGVGK,0,KRAS,pancreatic adenocarcinoma,7,B1516,floor
99299,100,MTEYKLVVVGADGVGKSALTIQLIQ,VVVGADGVGK,0,KRAS,pancreatic adenocarcinoma,7,C0602,floor
99299,100,MTEYKLVVVGADGVGKSALTIQLIQ,VVVGADGVGK,0,KRAS,pancreatic adenocarcinoma,7,C1402,floor
99299,100,MTEYKLVVVGADGVGKSALTIQLIQ,LVVVGADGVGK,0,KRAS,pancreatic adenocarcinoma,7,A3301,floor
99299,19,MTEYKLVVVGADGVGKSALTIQLIQ,LVVVGADGVGK,0,KRAS,pancreatic adenocarcinoma,7,A6801,scoreable
99299,100,MTEYKLVVVGADGVGKSALTIQLIQ,LVVVGADGVGK,0,KRAS,pancreatic adenocarcinoma,7,B1302,floor
99299,100,MTEYKLVVVGADGVGKSALTIQLIQ,LVVVGADGVGK,0,KRAS,pancreatic adenocarcinoma,7,B1516,floor
99299,100,MTEYKLVVVGADGVGKSALTIQLIQ,LVVVGADGVGK,0,KRAS,pancreatic adenocarcinoma,7,C0602,floor
99299,100,MTEYKLVVVGADGVGKSALTIQLIQ,LVVVGADGVGK,0,KRAS,pancreatic adenocarcinoma,7,C1402,floor
99299,100,MTEYKLVVVGADGVGKSALTIQLIQ,KLVVVGADGVGK,0,KRAS,pancreatic adenocarcinoma,7,A3301,floor
99299,19,MTEYKLVVVGADGVGKSALTIQLIQ,KLVVVGADGVGK,0,KRAS,pancreatic adenocarcinoma,7,A6801,scoreable
99299,100,MTEYKLVVVGADGVGKSALTIQLIQ,KLVVVGADGVGK,0,KRAS,pancreatic adenocarcinoma,7,B1302,floor
99299,100,MTEYKLVVVGADGVGKSALTIQLIQ,KLVVVGADGVGK,0,KRAS,pancreatic adenocarcinoma,7,B1516,floor
99299,100,MTEYKLVVVGADGVGKSALTIQLIQ,KLVVVGADGVGK,0,KRAS,pancreatic adenocarcinoma,7,C0602,floor
99299,100,MTEYKLVVVGADGVGKSALTIQLIQ,KLVVVGADGVGK,0,KRAS,pancreatic adenocarcinoma,7,C1402,floor
99299,100,MTEYKLVVVGADGVGKSALTIQLIQ,GADGVGKSALTI,0,KRAS,pancreatic adenocarcinoma,7,A3301,floor
99299,100,MTEYKLVVVGADGVGKSALTIQLIQ,GADGVGKSALTI,0,KRAS,pancreatic adenocarcinoma,7,A6801,floor
99299,20,MTEYKLVVVGADGVGKSALTIQLIQ,GADGVGKSALTI,0,KRAS,pancreatic adenocarcinoma,7,B1302,scoreable
99299,100,MTEYKLVVVGADGVGKSALTIQLIQ,GADGVGKSALTI,0,KRAS,pancreatic adenocarcinoma,7,B1516,floor
99299,100,MTEYKLVVVGADGVGKSALTIQLIQ,GADGVGKSALTI,0,KRAS,pancreatic adenocarcinoma,7,C0602,floor
99299,100,MTEYKLVVVGADGVGKSALTIQLIQ,GADGVGKSALTI,0,KRAS,pancreatic adenocarcinoma,7,C1402,floor
99299,100,GPGAWTASKLGGISDALPTVAAPRPVC,GISDALPTV,0,PDCD2L,pancreatic adenocarcinoma,7,A3301,floor
99299,100,GPGAWTASKLGGISDALPTVAAPRPVC,GISDALPTV,0,PDCD2L,pancreatic adenocarcinoma,7,A6801,floor
99299,20,GPGAWTASKLGGISDALPTVAAPRPVC,GISDALPTV,0,PDCD2L,pancreatic adenocarcinoma,7,B1302,scoreable
99299,21,GPGAWTASKLGGISDALPTVAAPRPVC,GISDALPTV,0,PDCD2L,pancreatic adenocarcinoma,7,B1516,scoreable
99299,100,GPGAWTASKLGGISDALPTVAAPRPVC,GISDALPTV,0,PDCD2L,pancreatic adenocarcinoma,7,C0602,floor
99299,100,GPGAWTASKLGGISDALPTVAAPRPVC,GISDALPTV,0,PDCD2L,pancreatic adenocarcinoma,7,C1402,floor
99299,100,GPGAWTASKLGGISDALPTVAAPRPVC,GGISDALPTV,0,PDCD2L,pancreatic adenocarcinoma,7,A3301,floor
99299,100,GPGAWTASKLGGISDALPTVAAPRPVC,GGISDALPTV,0,PDCD2L,pancreatic adenocarcinoma,7,A6801,floor
99299,20,GPGAWTASKLGGISDALPTVAAPRPVC,GGISDALPTV,0,PDCD2L,pancreatic adenocarcinoma,7,B1302,scoreable
99299,100,GPGAWTASKLGGISDALPTVAAPRPVC,GGISDALPTV,0,PDCD2L,pancreatic adenocarcinoma,7,B1516,floor
99299,100,GPGAWTASKLGGISDALPTVAAPRPVC,GGISDALPTV,0,PDCD2L,pancreatic adenocarcinoma,7,C0602,floor
99299,100,GPGAWTASKLGGISDALPTVAAPRPVC,GGISDALPTV,0,PDCD2L,pancreatic adenocarcinoma,7,C1402,floor
99299,100,GPGAWTASKLGGISDALPTVAAPRPVC,GISDALPTVA,0,PDCD2L,pancreatic adenocarcinoma,7,A3301,floor
99299,100,GPGAWTASKLGGISDALPTVAAPRPVC,GISDALPTVA,0,PDCD2L,pancreatic adenocarcinoma,7,A6801,floor
99299,20,GPGAWTASKLGGISDALPTVAAPRPVC,GISDALPTVA,0,PDCD2L,pancreatic adenocarcinoma,7,B1302,scoreable
99299,100,GPGAWTASKLGGISDALPTVAAPRPVC,GISDALPTVA,0,PDCD2L,pancreatic adenocarcinoma,7,B1516,floor
99299,100,GPGAWTASKLGGISDALPTVAAPRPVC,GISDALPTVA,0,PDCD2L,pancreatic adenocarcinoma,7,C0602,floor
99299,100,GPGAWTASKLGGISDALPTVAAPRPVC,GISDALPTVA,0,PDCD2L,pancreatic adenocarcinoma,7,C1402,floor
99299,100,GPGAWTASKLGGISDALPTVAAPRPVC,ASKLGGISDAL,0,PDCD2L,pancreatic adenocarcinoma,7,A3301,floor
99299,100,GPGAWTASKLGGISDALPTVAAPRPVC,ASKLGGISDAL,0,PDCD2L,pancreatic adenocarcinoma,7,A6801,floor
99299,100,GPGAWTASKLGGISDALPTVAAPRPVC,ASKLGGISDAL,0,PDCD2L,pancreatic adenocarcinoma,7,B1302,floor
99299,21,GPGAWTASKLGGISDALPTVAAPRPVC,ASKLGGISDAL,0,PDCD2L,pancreatic adenocarcinoma,7,B1516,scoreable
99299,100,GPGAWTASKLGGISDALPTVAAPRPVC,ASKLGGISDAL,0,PDCD2L,pancreatic adenocarcinoma,7,C0602,floor
99299,100,GPGAWTASKLGGISDALPTVAAPRPVC,ASKLGGISDAL,0,PDCD2L,pancreatic adenocarcinoma,7,C1402,floor
99299,100,GPGAWTASKLGGISDALPTVAAPRPVC,GISDALPTVAA,0,PDCD2L,pancreatic adenocarcinoma,7,A3301,floor
99299,100,GPGAWTASKLGGISDALPTVAAPRPVC,GISDALPTVAA,0,PDCD2L,pancreatic adenocarcinoma,7,A6801,floor
99299,20,GPGAWTASKLGGISDALPTVAAPRPVC,GISDALPTVAA,0,PDCD2L,pancreatic adenocarcinoma,7,B1302,scoreable
99299,100,GPGAWTASKLGGISDALPTVAAPRPVC,GISDALPTVAA,0,PDCD2L,pancreatic adenocarcinoma,7,B1516,floor
99299,100,GPGAWTASKLGGISDALPTVAAPRPVC,GISDALPTVAA,0,PDCD2L,pancreatic adenocarcinoma,7,C0602,floor
99299,100,GPGAWTASKLGGISDALPTVAAPRPVC,GISDALPTVAA,0,PDCD2L,pancreatic adenocarcinoma,7,C1402,floor
99299,18,GPGAWTASKLGGISDALPTVAAPRPVC,SDALPTVAAPR,0,PDCD2L,pancreatic adenocarcinoma,7,A3301,scoreable
99299,19,GPGAWTASKLGGISDALPTVAAPRPVC,SDALPTVAAPR,0,PDCD2L,pancreatic adenocarcinoma,7,A6801,scoreable
99299,100,GPGAWTASKLGGISDALPTVAAPRPVC,SDALPTVAAPR,0,PDCD2L,pancreatic adenocarcinoma,7,B1302,floor
99299,100,GPGAWTASKLGGISDALPTVAAPRPVC,SDALPTVAAPR,0,PDCD2L,pancreatic adenocarcinoma,7,B1516,floor
99299,100,GPGAWTASKLGGISDALPTVAAPRPVC,SDALPTVAAPR,0,PDCD2L,pancreatic adenocarcinoma,7,C0602,floor
99299,100,GPGAWTASKLGGISDALPTVAAPRPVC,SDALPTVAAPR,0,PDCD2L,pancreatic adenocarcinoma,7,C1402,floor
99299,100,GPGAWTASKLGGISDALPTVAAPRPVC,TASKLGGISDAL,0,PDCD2L,pancreatic adenocarcinoma,7,A3301,floor
99299,100,GPGAWTASKLGGISDALPTVAAPRPVC,TASKLGGISDAL,0,PDCD2L,pancreatic adenocarcinoma,7,A6801,floor
99299,100,GPGAWTASKLGGISDALPTVAAPRPVC,TASKLGGISDAL,0,PDCD2L,pancreatic adenocarcinoma,7,B1302,floor
99299,100,GPGAWTASKLGGISDALPTVAAPRPVC,TASKLGGISDAL,0,PDCD2L,pancreatic adenocarcinoma,7,B1516,floor
99299,22,GPGAWTASKLGGISDALPTVAAPRPVC,TASKLGGISDAL,0,PDCD2L,pancreatic adenocarcinoma,7,C0602,scoreable
99299,100,GPGAWTASKLGGISDALPTVAAPRPVC,TASKLGGISDAL,0,PDCD2L,pancreatic adenocarcinoma,7,C1402,floor
99299,100,GPGAWTASKLGGISDALPTVAAPRPVC,KLGGISDALPTV,0,PDCD2L,pancreatic adenocarcinoma,7,A3301,floor
99299,100,GPGAWTASKLGGISDALPTVAAPRPVC,KLGGISDALPTV,0,PDCD2L,pancreatic adenocarcinoma,7,A6801,floor
99299,20,GPGAWTASKLGGISDALPTVAAPRPVC,KLGGISDALPTV,0,PDCD2L,pancreatic adenocarcinoma,7,B1302,scoreable
99299,100,GPGAWTASKLGGISDALPTVAAPRPVC,KLGGISDALPTV,0,PDCD2L,pancreatic adenocarcinoma,7,B1516,floor
99299,100,GPGAWTASKLGGISDALPTVAAPRPVC,KLGGISDALPTV,0,PDCD2L,pancreatic adenocarcinoma,7,C0602,floor
99299,100,GPGAWTASKLGGISDALPTVAAPRPVC,KLGGISDALPTV,0,PDCD2L,pancreatic adenocarcinoma,7,C1402,floor
99299,100,GPGAWTASKLGGISDALPTVAAPRPVC,ISDALPTVAAPR,0,PDCD2L,pancreatic adenocarcinoma,7,A3301,floor
99299,100,GPGAWTASKLGGISDALPTVAAPRPVC,ISDALPTVAAPR,0,PDCD2L,pancreatic adenocarcinoma,7,A6801,floor
99299,100,GPGAWTASKLGGISDALPTVAAPRPVC,ISDALPTVAAPR,0,PDCD2L,pancreatic adenocarcinoma,7,B1302,floor
99299,100,GPGAWTASKLGGISDALPTVAAPRPVC,ISDALPTVAAPR,0,PDCD2L,pancreatic adenocarcinoma,7,B1516,floor
99299,22,GPGAWTASKLGGISDALPTVAAPRPVC,ISDALPTVAAPR,0,PDCD2L,pancreatic adenocarcinoma,7,C0602,scoreable
99299,100,GPGAWTASKLGGISDALPTVAAPRPVC,ISDALPTVAAPR,0,PDCD2L,pancreatic adenocarcinoma,7,C1402,floor
99299,100,DRTPLPVDPRVNIMPSGGLYIQNVVQG,NIMPSGGLY,0,PXDN,pancreatic adenocarcinoma,7,A3301,floor
99299,19,DRTPLPVDPRVNIMPSGGLYIQNVVQG,NIMPSGGLY,0,PXDN,pancreatic adenocarcinoma,7,A6801,scoreable
99299,100,DRTPLPVDPRVNIMPSGGLYIQNVVQG,NIMPSGGLY,0,PXDN,pancreatic adenocarcinoma,7,B1302,floor
99299,21,DRTPLPVDPRVNIMPSGGLYIQNVVQG,NIMPSGGLY,0,PXDN,pancreatic adenocarcinoma,7,B1516,scoreable
99299,22,DRTPLPVDPRVNIMPSGGLYIQNVVQG,NIMPSGGLY,0,PXDN,pancreatic adenocarcinoma,7,C0602,scoreable
99299,100,DRTPLPVDPRVNIMPSGGLYIQNVVQG,NIMPSGGLY,0,PXDN,pancreatic adenocarcinoma,7,C1402,floor
99299,100,DRTPLPVDPRVNIMPSGGLYIQNVVQG,IMPSGGLYI,0,PXDN,pancreatic adenocarcinoma,7,A3301,floor
99299,100,DRTPLPVDPRVNIMPSGGLYIQNVVQG,IMPSGGLYI,0,PXDN,pancreatic adenocarcinoma,7,A6801,floor
99299,20,DRTPLPVDPRVNIMPSGGLYIQNVVQG,IMPSGGLYI,0,PXDN,pancreatic adenocarcinoma,7,B1302,scoreable
99299,21,DRTPLPVDPRVNIMPSGGLYIQNVVQG,IMPSGGLYI,0,PXDN,pancreatic adenocarcinoma,7,B1516,scoreable
99299,100,DRTPLPVDPRVNIMPSGGLYIQNVVQG,IMPSGGLYI,0,PXDN,pancreatic adenocarcinoma,7,C0602,floor
99299,100,DRTPLPVDPRVNIMPSGGLYIQNVVQG,IMPSGGLYI,0,PXDN,pancreatic adenocarcinoma,7,C1402,floor
99299,100,DRTPLPVDPRVNIMPSGGLYIQNVVQG,LPVDPRVNIM,0,PXDN,pancreatic adenocarcinoma,7,A3301,floor
99299,100,DRTPLPVDPRVNIMPSGGLYIQNVVQG,LPVDPRVNIM,0,PXDN,pancreatic adenocarcinoma,7,A6801,floor
99299,100,DRTPLPVDPRVNIMPSGGLYIQNVVQG,LPVDPRVNIM,0,PXDN,pancreatic adenocarcinoma,7,B1302,floor
99299,100,DRTPLPVDPRVNIMPSGGLYIQNVVQG,LPVDPRVNIM,0,PXDN,pancreatic adenocarcinoma,7,B1516,floor
99299,22,DRTPLPVDPRVNIMPSGGLYIQNVVQG,LPVDPRVNIM,0,PXDN,pancreatic adenocarcinoma,7,C0602,scoreable
99299,100,DRTPLPVDPRVNIMPSGGLYIQNVVQG,LPVDPRVNIM,0,PXDN,pancreatic adenocarcinoma,7,C1402,floor
99299,100,DRTPLPVDPRVNIMPSGGLYIQNVVQG,VNIMPSGGLY,0,PXDN,pancreatic adenocarcinoma,7,A3301,floor
99299,100,DRTPLPVDPRVNIMPSGGLYIQNVVQG,VNIMPSGGLY,0,PXDN,pancreatic adenocarcinoma,7,A6801,floor
99299,100,DRTPLPVDPRVNIMPSGGLYIQNVVQG,VNIMPSGGLY,0,PXDN,pancreatic adenocarcinoma,7,B1302,floor
99299,21,DRTPLPVDPRVNIMPSGGLYIQNVVQG,VNIMPSGGLY,0,PXDN,pancreatic adenocarcinoma,7,B1516,scoreable
99299,100,DRTPLPVDPRVNIMPSGGLYIQNVVQG,VNIMPSGGLY,0,PXDN,pancreatic adenocarcinoma,7,C0602,floor
99299,100,DRTPLPVDPRVNIMPSGGLYIQNVVQG,VNIMPSGGLY,0,PXDN,pancreatic adenocarcinoma,7,C1402,floor
99299,100,DRTPLPVDPRVNIMPSGGLYIQNVVQG,NIMPSGGLYI,0,PXDN,pancreatic adenocarcinoma,7,A3301,floor
99299,100,DRTPLPVDPRVNIMPSGGLYIQNVVQG,NIMPSGGLYI,0,PXDN,pancreatic adenocarcinoma,7,A6801,floor
99299,20,DRTPLPVDPRVNIMPSGGLYIQNVVQG,NIMPSGGLYI,0,PXDN,pancreatic adenocarcinoma,7,B1302,scoreable
99299,21,DRTPLPVDPRVNIMPSGGLYIQNVVQG,NIMPSGGLYI,0,PXDN,pancreatic adenocarcinoma,7,B1516,scoreable
99299,100,DRTPLPVDPRVNIMPSGGLYIQNVVQG,NIMPSGGLYI,0,PXDN,pancreatic adenocarcinoma,7,C0602,floor
99299,100,DRTPLPVDPRVNIMPSGGLYIQNVVQG,NIMPSGGLYI,0,PXDN,pancreatic adenocarcinoma,7,C1402,floor
99299,100,DRTPLPVDPRVNIMPSGGLYIQNVVQG,RVNIMPSGGLY,0,PXDN,pancreatic adenocarcinoma,7,A3301,floor
99299,100,DRTPLPVDPRVNIMPSGGLYIQNVVQG,RVNIMPSGGLY,0,PXDN,pancreatic adenocarcinoma,7,A6801,floor
99299,100,DRTPLPVDPRVNIMPSGGLYIQNVVQG,RVNIMPSGGLY,0,PXDN,pancreatic adenocarcinoma,7,B1302,floor
99299,21,DRTPLPVDPRVNIMPSGGLYIQNVVQG,RVNIMPSGGLY,0,PXDN,pancreatic adenocarcinoma,7,B1516,scoreable
99299,100,DRTPLPVDPRVNIMPSGGLYIQNVVQG,RVNIMPSGGLY,0,PXDN,pancreatic adenocarcinoma,7,C0602,floor
99299,100,DRTPLPVDPRVNIMPSGGLYIQNVVQG,RVNIMPSGGLY,0,PXDN,pancreatic adenocarcinoma,7,C1402,floor
99299,100,DRTPLPVDPRVNIMPSGGLYIQNVVQG,VNIMPSGGLYI,0,PXDN,pancreatic adenocarcinoma,7,A3301,floor
99299,100,DRTPLPVDPRVNIMPSGGLYIQNVVQG,VNIMPSGGLYI,0,PXDN,pancreatic adenocarcinoma,7,A6801,floor
99299,20,DRTPLPVDPRVNIMPSGGLYIQNVVQG,VNIMPSGGLYI,0,PXDN,pancreatic adenocarcinoma,7,B1302,scoreable
99299,100,DRTPLPVDPRVNIMPSGGLYIQNVVQG,VNIMPSGGLYI,0,PXDN,pancreatic adenocarcinoma,7,B1516,floor
99299,100,DRTPLPVDPRVNIMPSGGLYIQNVVQG,VNIMPSGGLYI,0,PXDN,pancreatic adenocarcinoma,7,C0602,floor
99299,100,DRTPLPVDPRVNIMPSGGLYIQNVVQG,VNIMPSGGLYI,0,PXDN,pancreatic adenocarcinoma,7,C1402,floor
99299,100,TGAICVNSKEPEVFLENRVHKQELELL,NSKEPEVFL,0,ANGPTL2,pancreatic adenocarcinoma,7,A3301,floor
99299,100,TGAICVNSKEPEVFLENRVHKQELELL,NSKEPEVFL,0,ANGPTL2,pancreatic adenocarcinoma,7,A6801,floor
99299,100,TGAICVNSKEPEVFLENRVHKQELELL,NSKEPEVFL,0,ANGPTL2,pancreatic adenocarcinoma,7,B1302,floor
99299,21,TGAICVNSKEPEVFLENRVHKQELELL,NSKEPEVFL,0,ANGPTL2,pancreatic adenocarcinoma,7,B1516,scoreable
99299,100,TGAICVNSKEPEVFLENRVHKQELELL,NSKEPEVFL,0,ANGPTL2,pancreatic adenocarcinoma,7,C0602,floor
99299,100,TGAICVNSKEPEVFLENRVHKQELELL,NSKEPEVFL,0,ANGPTL2,pancreatic adenocarcinoma,7,C1402,floor
99299,18,TGAICVNSKEPEVFLENRVHKQELELL,EPEVFLENR,0,ANGPTL2,pancreatic adenocarcinoma,7,A3301,scoreable
99299,19,TGAICVNSKEPEVFLENRVHKQELELL,EPEVFLENR,0,ANGPTL2,pancreatic adenocarcinoma,7,A6801,scoreable
99299,100,TGAICVNSKEPEVFLENRVHKQELELL,EPEVFLENR,0,ANGPTL2,pancreatic adenocarcinoma,7,B1302,floor
99299,100,TGAICVNSKEPEVFLENRVHKQELELL,EPEVFLENR,0,ANGPTL2,pancreatic adenocarcinoma,7,B1516,floor
99299,100,TGAICVNSKEPEVFLENRVHKQELELL,EPEVFLENR,0,ANGPTL2,pancreatic adenocarcinoma,7,C0602,floor
99299,100,TGAICVNSKEPEVFLENRVHKQELELL,EPEVFLENR,0,ANGPTL2,pancreatic adenocarcinoma,7,C1402,floor
99299,100,TGAICVNSKEPEVFLENRVHKQELELL,EVFLENRVH,0,ANGPTL2,pancreatic adenocarcinoma,7,A3301,floor
99299,19,TGAICVNSKEPEVFLENRVHKQELELL,EVFLENRVH,0,ANGPTL2,pancreatic adenocarcinoma,7,A6801,scoreable
99299,100,TGAICVNSKEPEVFLENRVHKQELELL,EVFLENRVH,0,ANGPTL2,pancreatic adenocarcinoma,7,B1302,floor
99299,100,TGAICVNSKEPEVFLENRVHKQELELL,EVFLENRVH,0,ANGPTL2,pancreatic adenocarcinoma,7,B1516,floor
99299,100,TGAICVNSKEPEVFLENRVHKQELELL,EVFLENRVH,0,ANGPTL2,pancreatic adenocarcinoma,7,C0602,floor
99299,100,TGAICVNSKEPEVFLENRVHKQELELL,EVFLENRVH,0,ANGPTL2,pancreatic adenocarcinoma,7,C1402,floor
99299,18,TGAICVNSKEPEVFLENRVHKQELELL,VFLENRVHK,0,ANGPTL2,pancreatic adenocarcinoma,7,A3301,scoreable
99299,100,TGAICVNSKEPEVFLENRVHKQELELL,VFLENRVHK,0,ANGPTL2,pancreatic adenocarcinoma,7,A6801,floor
99299,100,TGAICVNSKEPEVFLENRVHKQELELL,VFLENRVHK,0,ANGPTL2,pancreatic adenocarcinoma,7,B1302,floor
99299,100,TGAICVNSKEPEVFLENRVHKQELELL,VFLENRVHK,0,ANGPTL2,pancreatic adenocarcinoma,7,B1516,floor
99299,100,TGAICVNSKEPEVFLENRVHKQELELL,VFLENRVHK,0,ANGPTL2,pancreatic adenocarcinoma,7,C0602,floor
99299,100,TGAICVNSKEPEVFLENRVHKQELELL,VFLENRVHK,0,ANGPTL2,pancreatic adenocarcinoma,7,C1402,floor
99299,100,TGAICVNSKEPEVFLENRVHKQELELL,CVNSKEPEVF,0,ANGPTL2,pancreatic adenocarcinoma,7,A3301,floor
99299,100,TGAICVNSKEPEVFLENRVHKQELELL,CVNSKEPEVF,0,ANGPTL2,pancreatic adenocarcinoma,7,A6801,floor
99299,100,TGAICVNSKEPEVFLENRVHKQELELL,CVNSKEPEVF,0,ANGPTL2,pancreatic adenocarcinoma,7,B1302,floor
99299,21,TGAICVNSKEPEVFLENRVHKQELELL,CVNSKEPEVF,0,ANGPTL2,pancreatic adenocarcinoma,7,B1516,scoreable
99299,100,TGAICVNSKEPEVFLENRVHKQELELL,CVNSKEPEVF,0,ANGPTL2,pancreatic adenocarcinoma,7,C0602,floor
99299,100,TGAICVNSKEPEVFLENRVHKQELELL,CVNSKEPEVF,0,ANGPTL2,pancreatic adenocarcinoma,7,C1402,floor
99299,18,TGAICVNSKEPEVFLENRVHKQELELL,EVFLENRVHK,0,ANGPTL2,pancreatic adenocarcinoma,7,A3301,scoreable
99299,19,TGAICVNSKEPEVFLENRVHKQELELL,EVFLENRVHK,0,ANGPTL2,pancreatic adenocarcinoma,7,A6801,scoreable
99299,100,TGAICVNSKEPEVFLENRVHKQELELL,EVFLENRVHK,0,ANGPTL2,pancreatic adenocarcinoma,7,B1302,floor
99299,100,TGAICVNSKEPEVFLENRVHKQELELL,EVFLENRVHK,0,ANGPTL2,pancreatic adenocarcinoma,7,B1516,floor
99299,100,TGAICVNSKEPEVFLENRVHKQELELL,EVFLENRVHK,0,ANGPTL2,pancreatic adenocarcinoma,7,C0602,floor
99299,100,TGAICVNSKEPEVFLENRVHKQELELL,EVFLENRVHK,0,ANGPTL2,pancreatic adenocarcinoma,7,C1402,floor
99299,100,TGAICVNSKEPEVFLENRVHKQELELL,ICVNSKEPEVF,0,ANGPTL2,pancreatic adenocarcinoma,7,A3301,floor
99299,100,TGAICVNSKEPEVFLENRVHKQELELL,ICVNSKEPEVF,0,ANGPTL2,pancreatic adenocarcinoma,7,A6801,floor
99299,100,TGAICVNSKEPEVFLENRVHKQELELL,ICVNSKEPEVF,0,ANGPTL2,pancreatic adenocarcinoma,7,B1302,floor
99299,21,TGAICVNSKEPEVFLENRVHKQELELL,ICVNSKEPEVF,0,ANGPTL2,pancreatic adenocarcinoma,7,B1516,scoreable
99299,100,TGAICVNSKEPEVFLENRVHKQELELL,ICVNSKEPEVF,0,ANGPTL2,pancreatic adenocarcinoma,7,C0602,floor
99299,100,TGAICVNSKEPEVFLENRVHKQELELL,ICVNSKEPEVF,0,ANGPTL2,pancreatic adenocarcinoma,7,C1402,floor
99299,100,TGAICVNSKEPEVFLENRVHKQELELL,KEPEVFLENRV,0,ANGPTL2,pancreatic adenocarcinoma,7,A3301,floor
99299,100,TGAICVNSKEPEVFLENRVHKQELELL,KEPEVFLENRV,0,ANGPTL2,pancreatic adenocarcinoma,7,A6801,floor
99299,20,TGAICVNSKEPEVFLENRVHKQELELL,KEPEVFLENRV,0,ANGPTL2,pancreatic adenocarcinoma,7,B1302,scoreable
99299,100,TGAICVNSKEPEVFLENRVHKQELELL,KEPEVFLENRV,0,ANGPTL2,pancreatic adenocarcinoma,7,B1516,floor
99299,100,TGAICVNSKEPEVFLENRVHKQELELL,KEPEVFLENRV,0,ANGPTL2,pancreatic adenocarcinoma,7,C0602,floor
99299,100,TGAICVNSKEPEVFLENRVHKQELELL,KEPEVFLENRV,0,ANGPTL2,pancreatic adenocarcinoma,7,C1402,floor
99299,100,TGAICVNSKEPEVFLENRVHKQELELL,EVFLENRVHKQ,0,ANGPTL2,pancreatic adenocarcinoma,7,A3301,floor
99299,19,TGAICVNSKEPEVFLENRVHKQELELL,EVFLENRVHKQ,0,ANGPTL2,pancreatic adenocarcinoma,7,A6801,scoreable
99299,100,TGAICVNSKEPEVFLENRVHKQELELL,EVFLENRVHKQ,0,ANGPTL2,pancreatic adenocarcinoma,7,B1302,floor
99299,100,TGAICVNSKEPEVFLENRVHKQELELL,EVFLENRVHKQ,0,ANGPTL2,pancreatic adenocarcinoma,7,B1516,floor
99299,100,TGAICVNSKEPEVFLENRVHKQELELL,EVFLENRVHKQ,0,ANGPTL2,pancreatic adenocarcinoma,7,C0602,floor
99299,100,TGAICVNSKEPEVFLENRVHKQELELL,EVFLENRVHKQ,0,ANGPTL2,pancreatic adenocarcinoma,7,C1402,floor
99299,18,TGAICVNSKEPEVFLENRVHKQELELL,NSKEPEVFLENR,0,ANGPTL2,pancreatic adenocarcinoma,7,A3301,scoreable
99299,19,TGAICVNSKEPEVFLENRVHKQELELL,NSKEPEVFLENR,0,ANGPTL2,pancreatic adenocarcinoma,7,A6801,scoreable
99299,100,TGAICVNSKEPEVFLENRVHKQELELL,NSKEPEVFLENR,0,ANGPTL2,pancreatic adenocarcinoma,7,B1302,floor
99299,100,TGAICVNSKEPEVFLENRVHKQELELL,NSKEPEVFLENR,0,ANGPTL2,pancreatic adenocarcinoma,7,B1516,floor
99299,100,TGAICVNSKEPEVFLENRVHKQELELL,NSKEPEVFLENR,0,ANGPTL2,pancreatic adenocarcinoma,7,C0602,floor
99299,100,TGAICVNSKEPEVFLENRVHKQELELL,NSKEPEVFLENR,0,ANGPTL2,pancreatic adenocarcinoma,7,C1402,floor
99299,100,LPYDSLGYNAPHHSFAGYPPGYPMQAY,GYNAPHHSF,0,SETD2,pancreatic adenocarcinoma,7,A3301,floor
99299,100,LPYDSLGYNAPHHSFAGYPPGYPMQAY,GYNAPHHSF,0,SETD2,pancreatic adenocarcinoma,7,A6801,floor
99299,100,LPYDSLGYNAPHHSFAGYPPGYPMQAY,GYNAPHHSF,0,SETD2,pancreatic adenocarcinoma,7,B1302,floor
99299,21,LPYDSLGYNAPHHSFAGYPPGYPMQAY,GYNAPHHSF,0,SETD2,pancreatic adenocarcinoma,7,B1516,scoreable
99299,100,LPYDSLGYNAPHHSFAGYPPGYPMQAY,GYNAPHHSF,0,SETD2,pancreatic adenocarcinoma,7,C0602,floor
99299,100,LPYDSLGYNAPHHSFAGYPPGYPMQAY,GYNAPHHSF,0,SETD2,pancreatic adenocarcinoma,7,C1402,floor
99299,100,LPYDSLGYNAPHHSFAGYPPGYPMQAY,YNAPHHSFA,0,SETD2,pancreatic adenocarcinoma,7,A3301,floor
99299,100,LPYDSLGYNAPHHSFAGYPPGYPMQAY,YNAPHHSFA,0,SETD2,pancreatic adenocarcinoma,7,A6801,floor
99299,100,LPYDSLGYNAPHHSFAGYPPGYPMQAY,YNAPHHSFA,0,SETD2,pancreatic adenocarcinoma,7,B1302,floor
99299,100,LPYDSLGYNAPHHSFAGYPPGYPMQAY,YNAPHHSFA,0,SETD2,pancreatic adenocarcinoma,7,B1516,floor
99299,22,LPYDSLGYNAPHHSFAGYPPGYPMQAY,YNAPHHSFA,0,SETD2,pancreatic adenocarcinoma,7,C0602,scoreable
99299,100,LPYDSLGYNAPHHSFAGYPPGYPMQAY,YNAPHHSFA,0,SETD2,pancreatic adenocarcinoma,7,C1402,floor
99299,100,LPYDSLGYNAPHHSFAGYPPGYPMQAY,APHHSFAGY,0,SETD2,pancreatic adenocarcinoma,7,A3301,floor
99299,100,LPYDSLGYNAPHHSFAGYPPGYPMQAY,APHHSFAGY,0,SETD2,pancreatic adenocarcinoma,7,A6801,floor
99299,100,LPYDSLGYNAPHHSFAGYPPGYPMQAY,APHHSFAGY,0,SETD2,pancreatic adenocarcinoma,7,B1302,floor
99299,21,LPYDSLGYNAPHHSFAGYPPGYPMQAY,APHHSFAGY,0,SETD2,pancreatic adenocarcinoma,7,B1516,scoreable
99299,22,LPYDSLGYNAPHHSFAGYPPGYPMQAY,APHHSFAGY,0,SETD2,pancreatic adenocarcinoma,7,C0602,scoreable
99299,100,LPYDSLGYNAPHHSFAGYPPGYPMQAY,APHHSFAGY,0,SETD2,pancreatic adenocarcinoma,7,C1402,floor
99299,100,LPYDSLGYNAPHHSFAGYPPGYPMQAY,SFAGYPPGY,0,SETD2,pancreatic adenocarcinoma,7,A3301,floor
99299,100,LPYDSLGYNAPHHSFAGYPPGYPMQAY,SFAGYPPGY,0,SETD2,pancreatic adenocarcinoma,7,A6801,floor
99299,100,LPYDSLGYNAPHHSFAGYPPGYPMQAY,SFAGYPPGY,0,SETD2,pancreatic adenocarcinoma,7,B1302,floor
99299,21,LPYDSLGYNAPHHSFAGYPPGYPMQAY,SFAGYPPGY,0,SETD2,pancreatic adenocarcinoma,7,B1516,scoreable
99299,100,LPYDSLGYNAPHHSFAGYPPGYPMQAY,SFAGYPPGY,0,SETD2,pancreatic adenocarcinoma,7,C0602,floor
99299,100,LPYDSLGYNAPHHSFAGYPPGYPMQAY,SFAGYPPGY,0,SETD2,pancreatic adenocarcinoma,7,C1402,floor
99299,100,LPYDSLGYNAPHHSFAGYPPGYPMQAY,LGYNAPHHSF,0,SETD2,pancreatic adenocarcinoma,7,A3301,floor
99299,100,LPYDSLGYNAPHHSFAGYPPGYPMQAY,LGYNAPHHSF,0,SETD2,pancreatic adenocarcinoma,7,A6801,floor
99299,100,LPYDSLGYNAPHHSFAGYPPGYPMQAY,LGYNAPHHSF,0,SETD2,pancreatic adenocarcinoma,7,B1302,floor
99299,21,LPYDSLGYNAPHHSFAGYPPGYPMQAY,LGYNAPHHSF,0,SETD2,pancreatic adenocarcinoma,7,B1516,scoreable
99299,22,LPYDSLGYNAPHHSFAGYPPGYPMQAY,LGYNAPHHSF,0,SETD2,pancreatic adenocarcinoma,7,C0602,scoreable
99299,100,LPYDSLGYNAPHHSFAGYPPGYPMQAY,LGYNAPHHSF,0,SETD2,pancreatic adenocarcinoma,7,C1402,floor
99299,100,LPYDSLGYNAPHHSFAGYPPGYPMQAY,NAPHHSFAGY,0,SETD2,pancreatic adenocarcinoma,7,A3301,floor
99299,19,LPYDSLGYNAPHHSFAGYPPGYPMQAY,NAPHHSFAGY,0,SETD2,pancreatic adenocarcinoma,7,A6801,scoreable
99299,100,LPYDSLGYNAPHHSFAGYPPGYPMQAY,NAPHHSFAGY,0,SETD2,pancreatic adenocarcinoma,7,B1302,floor
99299,21,LPYDSLGYNAPHHSFAGYPPGYPMQAY,NAPHHSFAGY,0,SETD2,pancreatic adenocarcinoma,7,B1516,scoreable
99299,100,LPYDSLGYNAPHHSFAGYPPGYPMQAY,NAPHHSFAGY,0,SETD2,pancreatic adenocarcinoma,7,C0602,floor
99299,100,LPYDSLGYNAPHHSFAGYPPGYPMQAY,NAPHHSFAGY,0,SETD2,pancreatic adenocarcinoma,7,C1402,floor
99299,18,LPYDSLGYNAPHHSFAGYPPGYPMQAY,HSFAGYPPGY,0,SETD2,pancreatic adenocarcinoma,7,A3301,scoreable
99299,19,LPYDSLGYNAPHHSFAGYPPGYPMQAY,HSFAGYPPGY,0,SETD2,pancreatic adenocarcinoma,7,A6801,scoreable
99299,100,LPYDSLGYNAPHHSFAGYPPGYPMQAY,HSFAGYPPGY,0,SETD2,pancreatic adenocarcinoma,7,B1302,floor
99299,21,LPYDSLGYNAPHHSFAGYPPGYPMQAY,HSFAGYPPGY,0,SETD2,pancreatic adenocarcinoma,7,B1516,scoreable
99299,22,LPYDSLGYNAPHHSFAGYPPGYPMQAY,HSFAGYPPGY,0,SETD2,pancreatic adenocarcinoma,7,C0602,scoreable
99299,100,LPYDSLGYNAPHHSFAGYPPGYPMQAY,HSFAGYPPGY,0,SETD2,pancreatic adenocarcinoma,7,C1402,floor
99299,100,LPYDSLGYNAPHHSFAGYPPGYPMQAY,YNAPHHSFAGY,0,SETD2,pancreatic adenocarcinoma,7,A3301,floor
99299,100,LPYDSLGYNAPHHSFAGYPPGYPMQAY,YNAPHHSFAGY,0,SETD2,pancreatic adenocarcinoma,7,A6801,floor
99299,100,LPYDSLGYNAPHHSFAGYPPGYPMQAY,YNAPHHSFAGY,0,SETD2,pancreatic adenocarcinoma,7,B1302,floor
99299,100,LPYDSLGYNAPHHSFAGYPPGYPMQAY,YNAPHHSFAGY,0,SETD2,pancreatic adenocarcinoma,7,B1516,floor
99299,22,LPYDSLGYNAPHHSFAGYPPGYPMQAY,YNAPHHSFAGY,0,SETD2,pancreatic adenocarcinoma,7,C0602,scoreable
99299,100,LPYDSLGYNAPHHSFAGYPPGYPMQAY,YNAPHHSFAGY,0,SETD2,pancreatic adenocarcinoma,7,C1402,floor
99299,100,LPYDSLGYNAPHHSFAGYPPGYPMQAY,DSLGYNAPHHSF,0,SETD2,pancreatic adenocarcinoma,7,A3301,floor
99299,100,LPYDSLGYNAPHHSFAGYPPGYPMQAY,DSLGYNAPHHSF,0,SETD2,pancreatic adenocarcinoma,7,A6801,floor
99299,100,LPYDSLGYNAPHHSFAGYPPGYPMQAY,DSLGYNAPHHSF,0,SETD2,pancreatic adenocarcinoma,7,B1302,floor
99299,21,LPYDSLGYNAPHHSFAGYPPGYPMQAY,DSLGYNAPHHSF,0,SETD2,pancreatic adenocarcinoma,7,B1516,scoreable
99299,100,LPYDSLGYNAPHHSFAGYPPGYPMQAY,DSLGYNAPHHSF,0,SETD2,pancreatic adenocarcinoma,7,C0602,floor
99299,100,LPYDSLGYNAPHHSFAGYPPGYPMQAY,DSLGYNAPHHSF,0,SETD2,pancreatic adenocarcinoma,7,C1402,floor
99299,100,LPYDSLGYNAPHHSFAGYPPGYPMQAY,HSFAGYPPGYPM,0,SETD2,pancreatic adenocarcinoma,7,A3301,floor
99299,100,LPYDSLGYNAPHHSFAGYPPGYPMQAY,HSFAGYPPGYPM,0,SETD2,pancreatic adenocarcinoma,7,A6801,floor
99299,100,LPYDSLGYNAPHHSFAGYPPGYPMQAY,HSFAGYPPGYPM,0,SETD2,pancreatic adenocarcinoma,7,B1302,floor
99299,21,LPYDSLGYNAPHHSFAGYPPGYPMQAY,HSFAGYPPGYPM,0,SETD2,pancreatic adenocarcinoma,7,B1516,scoreable
99299,22,LPYDSLGYNAPHHSFAGYPPGYPMQAY,HSFAGYPPGYPM,0,SETD2,pancreatic adenocarcinoma,7,C0602,scoreable
99299,100,LPYDSLGYNAPHHSFAGYPPGYPMQAY,HSFAGYPPGYPM,0,SETD2,pancreatic adenocarcinoma,7,C1402,floor
99299,100,FHHFHSKRGMWSRCQMKTL,RGMWSRCQM,0,B4GALNT3,pancreatic adenocarcinoma,7,A3301,floor
99299,100,FHHFHSKRGMWSRCQMKTL,RGMWSRCQM,0,B4GALNT3,pancreatic adenocarcinoma,7,A6801,floor
99299,20,FHHFHSKRGMWSRCQMKTL,RGMWSRCQM,0,B4GALNT3,pancreatic adenocarcinoma,7,B1302,scoreable
99299,21,FHHFHSKRGMWSRCQMKTL,RGMWSRCQM,0,B4GALNT3,pancreatic adenocarcinoma,7,B1516,scoreable
99299,22,FHHFHSKRGMWSRCQMKTL,RGMWSRCQM,0,B4GALNT3,pancreatic adenocarcinoma,7,C0602,scoreable
99299,100,FHHFHSKRGMWSRCQMKTL,RGMWSRCQM,0,B4GALNT3,pancreatic adenocarcinoma,7,C1402,floor
99299,18,FHHFHSKRGMWSRCQMKTL,GMWSRCQMK,0,B4GALNT3,pancreatic adenocarcinoma,7,A3301,scoreable
99299,19,FHHFHSKRGMWSRCQMKTL,GMWSRCQMK,0,B4GALNT3,pancreatic adenocarcinoma,7,A6801,scoreable
99299,100,FHHFHSKRGMWSRCQMKTL,GMWSRCQMK,0,B4GALNT3,pancreatic adenocarcinoma,7,B1302,floor
99299,100,FHHFHSKRGMWSRCQMKTL,GMWSRCQMK,0,B4GALNT3,pancreatic adenocarcinoma,7,B1516,floor
99299,100,FHHFHSKRGMWSRCQMKTL,GMWSRCQMK,0,B4GALNT3,pancreatic adenocarcinoma,7,C0602,floor
99299,100,FHHFHSKRGMWSRCQMKTL,GMWSRCQMK,0,B4GALNT3,pancreatic adenocarcinoma,7,C1402,floor
99299,100,FHHFHSKRGMWSRCQMKTL,WSRCQMKTL,0,B4GALNT3,pancreatic adenocarcinoma,7,A3301,floor
99299,100,FHHFHSKRGMWSRCQMKTL,WSRCQMKTL,0,B4GALNT3,pancreatic adenocarcinoma,7,A6801,floor
99299,100,FHHFHSKRGMWSRCQMKTL,WSRCQMKTL,0,B4GALNT3,pancreatic adenocarcinoma,7,B1302,floor
99299,21,FHHFHSKRGMWSRCQMKTL,WSRCQMKTL,0,B4GALNT3,pancreatic adenocarcinoma,7,B1516,scoreable
99299,22,FHHFHSKRGMWSRCQMKTL,WSRCQMKTL,0,B4GALNT3,pancreatic adenocarcinoma,7,C0602,scoreable
99299,100,FHHFHSKRGMWSRCQMKTL,WSRCQMKTL,0,B4GALNT3,pancreatic adenocarcinoma,7,C1402,floor
99299,100,FHHFHSKRGMWSRCQMKTL,GMWSRCQMKTL,0,B4GALNT3,pancreatic adenocarcinoma,7,A3301,floor
99299,100,FHHFHSKRGMWSRCQMKTL,GMWSRCQMKTL,0,B4GALNT3,pancreatic adenocarcinoma,7,A6801,floor
99299,20,FHHFHSKRGMWSRCQMKTL,GMWSRCQMKTL,0,B4GALNT3,pancreatic adenocarcinoma,7,B1302,scoreable
99299,100,FHHFHSKRGMWSRCQMKTL,GMWSRCQMKTL,0,B4GALNT3,pancreatic adenocarcinoma,7,B1516,floor
99299,100,FHHFHSKRGMWSRCQMKTL,GMWSRCQMKTL,0,B4GALNT3,pancreatic adenocarcinoma,7,C0602,floor
99299,100,FHHFHSKRGMWSRCQMKTL,GMWSRCQMKTL,0,B4GALNT3,pancreatic adenocarcinoma,7,C1402,floor
99299,100,NKVGLLDLELNRLMKALFLALVALSIV,LELNRLMKA,0,ATP9B,pancreatic adenocarcinoma,7,A3301,floor
99299,100,NKVGLLDLELNRLMKALFLALVALSIV,LELNRLMKA,0,ATP9B,pancreatic adenocarcinoma,7,A6801,floor
99299,20,NKVGLLDLELNRLMKALFLALVALSIV,LELNRLMKA,0,ATP9B,pancreatic adenocarcinoma,7,B1302,scoreable
99299,100,NKVGLLDLELNRLMKALFLALVALSIV,LELNRLMKA,0,ATP9B,pancreatic adenocarcinoma,7,B1516,floor
99299,100,NKVGLLDLELNRLMKALFLALVALSIV,LELNRLMKA,0,ATP9B,pancreatic adenocarcinoma,7,C0602,floor
99299,100,NKVGLLDLELNRLMKALFLALVALSIV,LELNRLMKA,0,ATP9B,pancreatic adenocarcinoma,7,C1402,floor
99299,100,NKVGLLDLELNRLMKALFLALVALSIV,NRLMKALFL,0,ATP9B,pancreatic adenocarcinoma,7,A3301,floor
99299,100,NKVGLLDLELNRLMKALFLALVALSIV,NRLMKALFL,0,ATP9B,pancreatic adenocarcinoma,7,A6801,floor
99299,20,NKVGLLDLELNRLMKALFLALVALSIV,NRLMKALFL,0,ATP9B,pancreatic adenocarcinoma,7,B1302,scoreable
99299,100,NKVGLLDLELNRLMKALFLALVALSIV,NRLMKALFL,0,ATP9B,pancreatic adenocarcinoma,7,B1516,floor
99299,100,NKVGLLDLELNRLMKALFLALVALSIV,NRLMKALFL,0,ATP9B,pancreatic adenocarcinoma,7,C0602,floor
99299,100,NKVGLLDLELNRLMKALFLALVALSIV,NRLMKALFL,0,ATP9B,pancreatic adenocarcinoma,7,C1402,floor
99299,100,NKVGLLDLELNRLMKALFLALVALSIV,RLMKALFLA,0,ATP9B,pancreatic adenocarcinoma,7,A3301,floor
99299,100,NKVGLLDLELNRLMKALFLALVALSIV,RLMKALFLA,0,ATP9B,pancreatic adenocarcinoma,7,A6801,floor
99299,20,NKVGLLDLELNRLMKALFLALVALSIV,RLMKALFLA,0,ATP9B,pancreatic adenocarcinoma,7,B1302,scoreable
99299,100,NKVGLLDLELNRLMKALFLALVALSIV,RLMKALFLA,0,ATP9B,pancreatic adenocarcinoma,7,B1516,floor
99299,100,NKVGLLDLELNRLMKALFLALVALSIV,RLMKALFLA,0,ATP9B,pancreatic adenocarcinoma,7,C0602,floor
99299,100,NKVGLLDLELNRLMKALFLALVALSIV,RLMKALFLA,0,ATP9B,pancreatic adenocarcinoma,7,C1402,floor
99299,100,NKVGLLDLELNRLMKALFLALVALSIV,LMKALFLAL,0,ATP9B,pancreatic adenocarcinoma,7,A3301,floor
99299,100,NKVGLLDLELNRLMKALFLALVALSIV,LMKALFLAL,0,ATP9B,pancreatic adenocarcinoma,7,A6801,floor
99299,20,NKVGLLDLELNRLMKALFLALVALSIV,LMKALFLAL,0,ATP9B,pancreatic adenocarcinoma,7,B1302,scoreable
99299,21,NKVGLLDLELNRLMKALFLALVALSIV,LMKALFLAL,0,ATP9B,pancreatic adenocarcinoma,7,B1516,scoreable
99299,22,NKVGLLDLELNRLMKALFLALVALSIV,LMKALFLAL,0,ATP9B,pancreatic adenocarcinoma,7,C0602,scoreable
99299,23,NKVGLLDLELNRLMKALFLALVALSIV,LMKALFLAL,0,ATP9B,pancreatic adenocarcinoma,7,C1402,scoreable
99299,100,NKVGLLDLELNRLMKALFLALVALSIV,MKALFLALV,0,ATP9B,pancreatic adenocarcinoma,7,A3301,floor
99299,100,NKVGLLDLELNRLMKALFLALVALSIV,MKALFLALV,0,ATP9B,pancreatic adenocarcinoma,7,A6801,floor
99299,20,NKVGLLDLELNRLMKALFLALVALSIV,MKALFLALV,0,ATP9B,pancreatic adenocarcinoma,7,B1302,scoreable
99299,100,NKVGLLDLELNRLMKALFLALVALSIV,MKALFLALV,0,ATP9B,pancreatic adenocarcinoma,7,B1516,floor
99299,100,NKVGLLDLELNRLMKALFLALVALSIV,MKALFLALV,0,ATP9B,pancreatic adenocarcinoma,7,C0602,floor
99299,100,NKVGLLDLELNRLMKALFLALVALSIV,MKALFLALV,0,ATP9B,pancreatic adenocarcinoma,7,C1402,floor
99299,100,NKVGLLDLELNRLMKALFLALVALSIV,LELNRLMKAL,0,ATP9B,pancreatic adenocarcinoma,7,A3301,floor
99299,100,NKVGLLDLELNRLMKALFLALVALSIV,LELNRLMKAL,0,ATP9B,pancreatic adenocarcinoma,7,A6801,floor
99299,20,NKVGLLDLELNRLMKALFLALVALSIV,LELNRLMKAL,0,ATP9B,pancreatic adenocarcinoma,7,B1302,scoreable
99299,100,NKVGLLDLELNRLMKALFLALVALSIV,LELNRLMKAL,0,ATP9B,pancreatic adenocarcinoma,7,B1516,floor
99299,100,NKVGLLDLELNRLMKALFLALVALSIV,LELNRLMKAL,0,ATP9B,pancreatic adenocarcinoma,7,C0602,floor
99299,100,NKVGLLDLELNRLMKALFLALVALSIV,LELNRLMKAL,0,ATP9B,pancreatic adenocarcinoma,7,C1402,floor
99299,100,NKVGLLDLELNRLMKALFLALVALSIV,RLMKALFLAL,0,ATP9B,pancreatic adenocarcinoma,7,A3301,floor
99299,100,NKVGLLDLELNRLMKALFLALVALSIV,RLMKALFLAL,0,ATP9B,pancreatic adenocarcinoma,7,A6801,floor
99299,20,NKVGLLDLELNRLMKALFLALVALSIV,RLMKALFLAL,0,ATP9B,pancreatic adenocarcinoma,7,B1302,scoreable
99299,100,NKVGLLDLELNRLMKALFLALVALSIV,RLMKALFLAL,0,ATP9B,pancreatic adenocarcinoma,7,B1516,floor
99299,22,NKVGLLDLELNRLMKALFLALVALSIV,RLMKALFLAL,0,ATP9B,pancreatic adenocarcinoma,7,C0602,scoreable
99299,100,NKVGLLDLELNRLMKALFLALVALSIV,RLMKALFLAL,0,ATP9B,pancreatic adenocarcinoma,7,C1402,floor
99299,100,NKVGLLDLELNRLMKALFLALVALSIV,GLLDLELNRLM,0,ATP9B,pancreatic adenocarcinoma,7,A3301,floor
99299,100,NKVGLLDLELNRLMKALFLALVALSIV,GLLDLELNRLM,0,ATP9B,pancreatic adenocarcinoma,7,A6801,floor
99299,20,NKVGLLDLELNRLMKALFLALVALSIV,GLLDLELNRLM,0,ATP9B,pancreatic adenocarcinoma,7,B1302,scoreable
99299,100,NKVGLLDLELNRLMKALFLALVALSIV,GLLDLELNRLM,0,ATP9B,pancreatic adenocarcinoma,7,B1516,floor
99299,100,NKVGLLDLELNRLMKALFLALVALSIV,GLLDLELNRLM,0,ATP9B,pancreatic adenocarcinoma,7,C0602,floor
99299,100,NKVGLLDLELNRLMKALFLALVALSIV,GLLDLELNRLM,0,ATP9B,pancreatic adenocarcinoma,7,C1402,floor
99299,100,NKVGLLDLELNRLMKALFLALVALSIV,RLMKALFLALV,0,ATP9B,pancreatic adenocarcinoma,7,A3301,floor
99299,100,NKVGLLDLELNRLMKALFLALVALSIV,RLMKALFLALV,0,ATP9B,pancreatic adenocarcinoma,7,A6801,floor
99299,20,NKVGLLDLELNRLMKALFLALVALSIV,RLMKALFLALV,0,ATP9B,pancreatic adenocarcinoma,7,B1302,scoreable
99299,100,NKVGLLDLELNRLMKALFLALVALSIV,RLMKALFLALV,0,ATP9B,pancreatic adenocarcinoma,7,B1516,floor
99299,100,NKVGLLDLELNRLMKALFLALVALSIV,RLMKALFLALV,0,ATP9B,pancreatic adenocarcinoma,7,C0602,floor
99299,100,NKVGLLDLELNRLMKALFLALVALSIV,RLMKALFLALV,0,ATP9B,pancreatic adenocarcinoma,7,C1402,floor
99299,100,NKVGLLDLELNRLMKALFLALVALSIV,GLLDLELNRLMK,0,ATP9B,pancreatic adenocarcinoma,7,A3301,floor
99299,19,NKVGLLDLELNRLMKALFLALVALSIV,GLLDLELNRLMK,0,ATP9B,pancreatic adenocarcinoma,7,A6801,scoreable
99299,100,NKVGLLDLELNRLMKALFLALVALSIV,GLLDLELNRLMK,0,ATP9B,pancreatic adenocarcinoma,7,B1302,floor
99299,100,NKVGLLDLELNRLMKALFLALVALSIV,GLLDLELNRLMK,0,ATP9B,pancreatic adenocarcinoma,7,B1516,floor
99299,100,NKVGLLDLELNRLMKALFLALVALSIV,GLLDLELNRLMK,0,ATP9B,pancreatic adenocarcinoma,7,C0602,floor
99299,100,NKVGLLDLELNRLMKALFLALVALSIV,GLLDLELNRLMK,0,ATP9B,pancreatic adenocarcinoma,7,C1402,floor
99299,100,QREGVPDNIKSFYEVNHIWKFRYDRPF,KSFYEVNHI,0,DOCK4,pancreatic adenocarcinoma,7,A3301,floor
99299,100,QREGVPDNIKSFYEVNHIWKFRYDRPF,KSFYEVNHI,0,DOCK4,pancreatic adenocarcinoma,7,A6801,floor
99299,20,QREGVPDNIKSFYEVNHIWKFRYDRPF,KSFYEVNHI,0,DOCK4,pancreatic adenocarcinoma,7,B1302,scoreable
99299,21,QREGVPDNIKSFYEVNHIWKFRYDRPF,KSFYEVNHI,0,DOCK4,pancreatic adenocarcinoma,7,B1516,scoreable
99299,22,QREGVPDNIKSFYEVNHIWKFRYDRPF,KSFYEVNHI,0,DOCK4,pancreatic adenocarcinoma,7,C0602,scoreable
99299,100,QREGVPDNIKSFYEVNHIWKFRYDRPF,KSFYEVNHI,0,DOCK4,pancreatic adenocarcinoma,7,C1402,floor
99299,100,QREGVPDNIKSFYEVNHIWKFRYDRPF,SFYEVNHIW,0,DOCK4,pancreatic adenocarcinoma,7,A3301,floor
99299,100,QREGVPDNIKSFYEVNHIWKFRYDRPF,SFYEVNHIW,0,DOCK4,pancreatic adenocarcinoma,7,A6801,floor
99299,20,QREGVPDNIKSFYEVNHIWKFRYDRPF,SFYEVNHIW,0,DOCK4,pancreatic adenocarcinoma,7,B1302,scoreable
99299,21,QREGVPDNIKSFYEVNHIWKFRYDRPF,SFYEVNHIW,0,DOCK4,pancreatic adenocarcinoma,7,B1516,scoreable
99299,22,QREGVPDNIKSFYEVNHIWKFRYDRPF,SFYEVNHIW,0,DOCK4,pancreatic adenocarcinoma,7,C0602,scoreable
99299,100,QREGVPDNIKSFYEVNHIWKFRYDRPF,SFYEVNHIW,0,DOCK4,pancreatic adenocarcinoma,7,C1402,floor
99299,18,QREGVPDNIKSFYEVNHIWKFRYDRPF,FYEVNHIWK,0,DOCK4,pancreatic adenocarcinoma,7,A3301,scoreable
99299,100,QREGVPDNIKSFYEVNHIWKFRYDRPF,FYEVNHIWK,0,DOCK4,pancreatic adenocarcinoma,7,A6801,floor
99299,100,QREGVPDNIKSFYEVNHIWKFRYDRPF,FYEVNHIWK,0,DOCK4,pancreatic adenocarcinoma,7,B1302,floor
99299,100,QREGVPDNIKSFYEVNHIWKFRYDRPF,FYEVNHIWK,0,DOCK4,pancreatic adenocarcinoma,7,B1516,floor
99299,100,QREGVPDNIKSFYEVNHIWKFRYDRPF,FYEVNHIWK,0,DOCK4,pancreatic adenocarcinoma,7,C0602,floor
99299,100,QREGVPDNIKSFYEVNHIWKFRYDRPF,FYEVNHIWK,0,DOCK4,pancreatic adenocarcinoma,7,C1402,floor
99299,100,QREGVPDNIKSFYEVNHIWKFRYDRPF,YEVNHIWKF,0,DOCK4,pancreatic adenocarcinoma,7,A3301,floor
99299,100,QREGVPDNIKSFYEVNHIWKFRYDRPF,YEVNHIWKF,0,DOCK4,pancreatic adenocarcinoma,7,A6801,floor
99299,20,QREGVPDNIKSFYEVNHIWKFRYDRPF,YEVNHIWKF,0,DOCK4,pancreatic adenocarcinoma,7,B1302,scoreable
99299,21,QREGVPDNIKSFYEVNHIWKFRYDRPF,YEVNHIWKF,0,DOCK4,pancreatic adenocarcinoma,7,B1516,scoreable
99299,100,QREGVPDNIKSFYEVNHIWKFRYDRPF,YEVNHIWKF,0,DOCK4,pancreatic adenocarcinoma,7,C0602,floor
99299,100,QREGVPDNIKSFYEVNHIWKFRYDRPF,YEVNHIWKF,0,DOCK4,pancreatic adenocarcinoma,7,C1402,floor
99299,18,QREGVPDNIKSFYEVNHIWKFRYDRPF,EVNHIWKFR,0,DOCK4,pancreatic adenocarcinoma,7,A3301,scoreable
99299,19,QREGVPDNIKSFYEVNHIWKFRYDRPF,EVNHIWKFR,0,DOCK4,pancreatic adenocarcinoma,7,A6801,scoreable
99299,100,QREGVPDNIKSFYEVNHIWKFRYDRPF,EVNHIWKFR,0,DOCK4,pancreatic adenocarcinoma,7,B1302,floor
99299,100,QREGVPDNIKSFYEVNHIWKFRYDRPF,EVNHIWKFR,0,DOCK4,pancreatic adenocarcinoma,7,B1516,floor
99299,100,QREGVPDNIKSFYEVNHIWKFRYDRPF,EVNHIWKFR,0,DOCK4,pancreatic adenocarcinoma,7,C0602,floor
99299,100,QREGVPDNIKSFYEVNHIWKFRYDRPF,EVNHIWKFR,0,DOCK4,pancreatic adenocarcinoma,7,C1402,floor
99299,100,QREGVPDNIKSFYEVNHIWKFRYDRPF,KSFYEVNHIW,0,DOCK4,pancreatic adenocarcinoma,7,A3301,floor
99299,100,QREGVPDNIKSFYEVNHIWKFRYDRPF,KSFYEVNHIW,0,DOCK4,pancreatic adenocarcinoma,7,A6801,floor
99299,20,QREGVPDNIKSFYEVNHIWKFRYDRPF,KSFYEVNHIW,0,DOCK4,pancreatic adenocarcinoma,7,B1302,scoreable
99299,21,QREGVPDNIKSFYEVNHIWKFRYDRPF,KSFYEVNHIW,0,DOCK4,pancreatic adenocarcinoma,7,B1516,scoreable
99299,100,QREGVPDNIKSFYEVNHIWKFRYDRPF,KSFYEVNHIW,0,DOCK4,pancreatic adenocarcinoma,7,C0602,floor
99299,100,QREGVPDNIKSFYEVNHIWKFRYDRPF,KSFYEVNHIW,0,DOCK4,pancreatic adenocarcinoma,7,C1402,floor
99299,18,QREGVPDNIKSFYEVNHIWKFRYDRPF,SFYEVNHIWK,0,DOCK4,pancreatic adenocarcinoma,7,A3301,scoreable
99299,19,QREGVPDNIKSFYEVNHIWKFRYDRPF,SFYEVNHIWK,0,DOCK4,pancreatic adenocarcinoma,7,A6801,scoreable
99299,100,QREGVPDNIKSFYEVNHIWKFRYDRPF,SFYEVNHIWK,0,DOCK4,pancreatic adenocarcinoma,7,B1302,floor
99299,100,QREGVPDNIKSFYEVNHIWKFRYDRPF,SFYEVNHIWK,0,DOCK4,pancreatic adenocarcinoma,7,B1516,floor
99299,100,QREGVPDNIKSFYEVNHIWKFRYDRPF,SFYEVNHIWK,0,DOCK4,pancreatic adenocarcinoma,7,C0602,floor
99299,100,QREGVPDNIKSFYEVNHIWKFRYDRPF,SFYEVNHIWK,0,DOCK4,pancreatic adenocarcinoma,7,C1402,floor
99299,18,QREGVPDNIKSFYEVNHIWKFRYDRPF,YEVNHIWKFR,0,DOCK4,pancreatic adenocarcinoma,7,A3301,scoreable
99299,19,QREGVPDNIKSFYEVNHIWKFRYDRPF,YEVNHIWKFR,0,DOCK4,pancreatic adenocarcinoma,7,A6801,scoreable
99299,100,QREGVPDNIKSFYEVNHIWKFRYDRPF,YEVNHIWKFR,0,DOCK4,pancreatic adenocarcinoma,7,B1302,floor
99299,100,QREGVPDNIKSFYEVNHIWKFRYDRPF,YEVNHIWKFR,0,DOCK4,pancreatic adenocarcinoma,7,B1516,floor
99299,22,QREGVPDNIKSFYEVNHIWKFRYDRPF,YEVNHIWKFR,0,DOCK4,pancreatic adenocarcinoma,7,C0602,scoreable
99299,100,QREGVPDNIKSFYEVNHIWKFRYDRPF,YEVNHIWKFR,0,DOCK4,pancreatic adenocarcinoma,7,C1402,floor
99299,18,QREGVPDNIKSFYEVNHIWKFRYDRPF,EVNHIWKFRY,0,DOCK4,pancreatic adenocarcinoma,7,A3301,scoreable
99299,19,QREGVPDNIKSFYEVNHIWKFRYDRPF,EVNHIWKFRY,0,DOCK4,pancreatic adenocarcinoma,7,A6801,scoreable
99299,100,QREGVPDNIKSFYEVNHIWKFRYDRPF,EVNHIWKFRY,0,DOCK4,pancreatic adenocarcinoma,7,B1302,floor
99299,100,QREGVPDNIKSFYEVNHIWKFRYDRPF,EVNHIWKFRY,0,DOCK4,pancreatic adenocarcinoma,7,B1516,floor
99299,100,QREGVPDNIKSFYEVNHIWKFRYDRPF,EVNHIWKFRY,0,DOCK4,pancreatic adenocarcinoma,7,C0602,floor
99299,100,QREGVPDNIKSFYEVNHIWKFRYDRPF,EVNHIWKFRY,0,DOCK4,pancreatic adenocarcinoma,7,C1402,floor
99299,100,QREGVPDNIKSFYEVNHIWKFRYDRPF,KSFYEVNHIWK,0,DOCK4,pancreatic adenocarcinoma,7,A3301,floor
99299,19,QREGVPDNIKSFYEVNHIWKFRYDRPF,KSFYEVNHIWK,0,DOCK4,pancreatic adenocarcinoma,7,A6801,scoreable
99299,100,QREGVPDNIKSFYEVNHIWKFRYDRPF,KSFYEVNHIWK,0,DOCK4,pancreatic adenocarcinoma,7,B1302,floor
99299,100,QREGVPDNIKSFYEVNHIWKFRYDRPF,KSFYEVNHIWK,0,DOCK4,pancreatic adenocarcinoma,7,B1516,floor
99299,22,QREGVPDNIKSFYEVNHIWKFRYDRPF,KSFYEVNHIWK,0,DOCK4,pancreatic adenocarcinoma,7,C0602,scoreable
99299,100,QREGVPDNIKSFYEVNHIWKFRYDRPF,KSFYEVNHIWK,0,DOCK4,pancreatic adenocarcinoma,7,C1402,floor
99299,100,QREGVPDNIKSFYEVNHIWKFRYDRPF,SFYEVNHIWKF,0,DOCK4,pancreatic adenocarcinoma,7,A3301,floor
99299,100,QREGVPDNIKSFYEVNHIWKFRYDRPF,SFYEVNHIWKF,0,DOCK4,pancreatic adenocarcinoma,7,A6801,floor
99299,100,QREGVPDNIKSFYEVNHIWKFRYDRPF,SFYEVNHIWKF,0,DOCK4,pancreatic adenocarcinoma,7,B1302,floor
99299,100,QREGVPDNIKSFYEVNHIWKFRYDRPF,SFYEVNHIWKF,0,DOCK4,pancreatic adenocarcinoma,7,B1516,floor
99299,22,QREGVPDNIKSFYEVNHIWKFRYDRPF,SFYEVNHIWKF,0,DOCK4,pancreatic adenocarcinoma,7,C0602,scoreable
99299,23,QREGVPDNIKSFYEVNHIWKFRYDRPF,SFYEVNHIWKF,0,DOCK4,pancreatic adenocarcinoma,7,C1402,scoreable
99299,18,QREGVPDNIKSFYEVNHIWKFRYDRPF,FYEVNHIWKFR,0,DOCK4,pancreatic adenocarcinoma,7,A3301,scoreable
99299,100,QREGVPDNIKSFYEVNHIWKFRYDRPF,FYEVNHIWKFR,0,DOCK4,pancreatic adenocarcinoma,7,A6801,floor
99299,100,QREGVPDNIKSFYEVNHIWKFRYDRPF,FYEVNHIWKFR,0,DOCK4,pancreatic adenocarcinoma,7,B1302,floor
99299,100,QREGVPDNIKSFYEVNHIWKFRYDRPF,FYEVNHIWKFR,0,DOCK4,pancreatic adenocarcinoma,7,B1516,floor
99299,100,QREGVPDNIKSFYEVNHIWKFRYDRPF,FYEVNHIWKFR,0,DOCK4,pancreatic adenocarcinoma,7,C0602,floor
99299,100,QREGVPDNIKSFYEVNHIWKFRYDRPF,FYEVNHIWKFR,0,DOCK4,pancreatic adenocarcinoma,7,C1402,floor
99299,100,QREGVPDNIKSFYEVNHIWKFRYDRPF,GVPDNIKSFYEV,0,DOCK4,pancreatic adenocarcinoma,7,A3301,floor
99299,100,QREGVPDNIKSFYEVNHIWKFRYDRPF,GVPDNIKSFYEV,0,DOCK4,pancreatic adenocarcinoma,7,A6801,floor
99299,20,QREGVPDNIKSFYEVNHIWKFRYDRPF,GVPDNIKSFYEV,0,DOCK4,pancreatic adenocarcinoma,7,B1302,scoreable
99299,100,QREGVPDNIKSFYEVNHIWKFRYDRPF,GVPDNIKSFYEV,0,DOCK4,pancreatic adenocarcinoma,7,B1516,floor
99299,100,QREGVPDNIKSFYEVNHIWKFRYDRPF,GVPDNIKSFYEV,0,DOCK4,pancreatic adenocarcinoma,7,C0602,floor
99299,100,QREGVPDNIKSFYEVNHIWKFRYDRPF,GVPDNIKSFYEV,0,DOCK4,pancreatic adenocarcinoma,7,C1402,floor
99299,100,QREGVPDNIKSFYEVNHIWKFRYDRPF,KSFYEVNHIWKF,0,DOCK4,pancreatic adenocarcinoma,7,A3301,floor
99299,100,QREGVPDNIKSFYEVNHIWKFRYDRPF,KSFYEVNHIWKF,0,DOCK4,pancreatic adenocarcinoma,7,A6801,floor
99299,100,QREGVPDNIKSFYEVNHIWKFRYDRPF,KSFYEVNHIWKF,0,DOCK4,pancreatic adenocarcinoma,7,B1302,floor
99299,21,QREGVPDNIKSFYEVNHIWKFRYDRPF,KSFYEVNHIWKF,0,DOCK4,pancreatic adenocarcinoma,7,B1516,scoreable
99299,100,QREGVPDNIKSFYEVNHIWKFRYDRPF,KSFYEVNHIWKF,0,DOCK4,pancreatic adenocarcinoma,7,C0602,floor
99299,100,QREGVPDNIKSFYEVNHIWKFRYDRPF,KSFYEVNHIWKF,0,DOCK4,pancreatic adenocarcinoma,7,C1402,floor
99299,18,QREGVPDNIKSFYEVNHIWKFRYDRPF,SFYEVNHIWKFR,0,DOCK4,pancreatic adenocarcinoma,7,A3301,scoreable
99299,100,QREGVPDNIKSFYEVNHIWKFRYDRPF,SFYEVNHIWKFR,0,DOCK4,pancreatic adenocarcinoma,7,A6801,floor
99299,100,QREGVPDNIKSFYEVNHIWKFRYDRPF,SFYEVNHIWKFR,0,DOCK4,pancreatic adenocarcinoma,7,B1302,floor
99299,100,QREGVPDNIKSFYEVNHIWKFRYDRPF,SFYEVNHIWKFR,0,DOCK4,pancreatic adenocarcinoma,7,B1516,floor
99299,100,QREGVPDNIKSFYEVNHIWKFRYDRPF,SFYEVNHIWKFR,0,DOCK4,pancreatic adenocarcinoma,7,C0602,floor
99299,100,QREGVPDNIKSFYEVNHIWKFRYDRPF,SFYEVNHIWKFR,0,DOCK4,pancreatic adenocarcinoma,7,C1402,floor
99299,100,QELALGCLARTSTPKHTHLAVSFGRSV,CLARTSTPK,0,IGSF8,pancreatic adenocarcinoma,7,A3301,floor
99299,19,QELALGCLARTSTPKHTHLAVSFGRSV,CLARTSTPK,0,IGSF8,pancreatic adenocarcinoma,7,A6801,scoreable
99299,100,QELALGCLARTSTPKHTHLAVSFGRSV,CLARTSTPK,0,IGSF8,pancreatic adenocarcinoma,7,B1302,floor
99299,100,QELALGCLARTSTPKHTHLAVSFGRSV,CLARTSTPK,0,IGSF8,pancreatic adenocarcinoma,7,B1516,floor
99299,100,QELALGCLARTSTPKHTHLAVSFGRSV,CLARTSTPK,0,IGSF8,pancreatic adenocarcinoma,7,C0602,floor
99299,100,QELALGCLARTSTPKHTHLAVSFGRSV,CLARTSTPK,0,IGSF8,pancreatic adenocarcinoma,7,C1402,floor
99299,100,QELALGCLARTSTPKHTHLAVSFGRSV,RTSTPKHTH,0,IGSF8,pancreatic adenocarcinoma,7,A3301,floor
99299,19,QELALGCLARTSTPKHTHLAVSFGRSV,RTSTPKHTH,0,IGSF8,pancreatic adenocarcinoma,7,A6801,scoreable
99299,100,QELALGCLARTSTPKHTHLAVSFGRSV,RTSTPKHTH,0,IGSF8,pancreatic adenocarcinoma,7,B1302,floor
99299,21,QELALGCLARTSTPKHTHLAVSFGRSV,RTSTPKHTH,0,IGSF8,pancreatic adenocarcinoma,7,B1516,scoreable
99299,100,QELALGCLARTSTPKHTHLAVSFGRSV,RTSTPKHTH,0,IGSF8,pancreatic adenocarcinoma,7,C0602,floor
99299,100,QELALGCLARTSTPKHTHLAVSFGRSV,RTSTPKHTH,0,IGSF8,pancreatic adenocarcinoma,7,C1402,floor
99299,100,QELALGCLARTSTPKHTHLAVSFGRSV,TSTPKHTHL,0,IGSF8,pancreatic adenocarcinoma,7,A3301,floor
99299,100,QELALGCLARTSTPKHTHLAVSFGRSV,TSTPKHTHL,0,IGSF8,pancreatic adenocarcinoma,7,A6801,floor
99299,100,QELALGCLARTSTPKHTHLAVSFGRSV,TSTPKHTHL,0,IGSF8,pancreatic adenocarcinoma,7,B1302,floor
99299,21,QELALGCLARTSTPKHTHLAVSFGRSV,TSTPKHTHL,0,IGSF8,pancreatic adenocarcinoma,7,B1516,scoreable
99299,100,QELALGCLARTSTPKHTHLAVSFGRSV,TSTPKHTHL,0,IGSF8,pancreatic adenocarcinoma,7,C0602,floor
99299,100,QELALGCLARTSTPKHTHLAVSFGRSV,TSTPKHTHL,0,IGSF8,pancreatic adenocarcinoma,7,C1402,floor
99299,18,QELALGCLARTSTPKHTHLAVSFGRSV,STPKHTHLA,0,IGSF8,pancreatic adenocarcinoma,7,A3301,scoreable
99299,19,QELALGCLARTSTPKHTHLAVSFGRSV,STPKHTHLA,0,IGSF8,pancreatic adenocarcinoma,7,A6801,scoreable
99299,100,QELALGCLARTSTPKHTHLAVSFGRSV,STPKHTHLA,0,IGSF8,pancreatic adenocarcinoma,7,B1302,floor
99299,100,QELALGCLARTSTPKHTHLAVSFGRSV,STPKHTHLA,0,IGSF8,pancreatic adenocarcinoma,7,B1516,floor
99299,100,QELALGCLARTSTPKHTHLAVSFGRSV,STPKHTHLA,0,IGSF8,pancreatic adenocarcinoma,7,C0602,floor
99299,100,QELALGCLARTSTPKHTHLAVSFGRSV,STPKHTHLA,0,IGSF8,pancreatic adenocarcinoma,7,C1402,floor
99299,100,QELALGCLARTSTPKHTHLAVSFGRSV,TPKHTHLAV,0,IGSF8,pancreatic adenocarcinoma,7,A3301,floor
99299,100,QELALGCLARTSTPKHTHLAVSFGRSV,TPKHTHLAV,0,IGSF8,pancreatic adenocarcinoma,7,A6801,floor
99299,100,QELALGCLARTSTPKHTHLAVSFGRSV,TPKHTHLAV,0,IGSF8,pancreatic adenocarcinoma,7,B1302,floor
99299,100,QELALGCLARTSTPKHTHLAVSFGRSV,TPKHTHLAV,0,IGSF8,pancreatic adenocarcinoma,7,B1516,floor
99299,100,QELALGCLARTSTPKHTHLAVSFGRSV,TPKHTHLAV,0,IGSF8,pancreatic adenocarcinoma,7,C0602,floor
99299,23,QELALGCLARTSTPKHTHLAVSFGRSV,TPKHTHLAV,0,IGSF8,pancreatic adenocarcinoma,7,C1402,scoreable
99299,100,QELALGCLARTSTPKHTHLAVSFGRSV,RTSTPKHTHL,0,IGSF8,pancreatic adenocarcinoma,7,A3301,floor
99299,100,QELALGCLARTSTPKHTHLAVSFGRSV,RTSTPKHTHL,0,IGSF8,pancreatic adenocarcinoma,7,A6801,floor
99299,20,QELALGCLARTSTPKHTHLAVSFGRSV,RTSTPKHTHL,0,IGSF8,pancreatic adenocarcinoma,7,B1302,scoreable
99299,21,QELALGCLARTSTPKHTHLAVSFGRSV,RTSTPKHTHL,0,IGSF8,pancreatic adenocarcinoma,7,B1516,scoreable
99299,22,QELALGCLARTSTPKHTHLAVSFGRSV,RTSTPKHTHL,0,IGSF8,pancreatic adenocarcinoma,7,C0602,scoreable
99299,100,QELALGCLARTSTPKHTHLAVSFGRSV,RTSTPKHTHL,0,IGSF8,pancreatic adenocarcinoma,7,C1402,floor
99299,100,QELALGCLARTSTPKHTHLAVSFGRSV,STPKHTHLAV,0,IGSF8,pancreatic adenocarcinoma,7,A3301,floor
99299,100,QELALGCLARTSTPKHTHLAVSFGRSV,STPKHTHLAV,0,IGSF8,pancreatic adenocarcinoma,7,A6801,floor
99299,20,QELALGCLARTSTPKHTHLAVSFGRSV,STPKHTHLAV,0,IGSF8,pancreatic adenocarcinoma,7,B1302,scoreable
99299,21,QELALGCLARTSTPKHTHLAVSFGRSV,STPKHTHLAV,0,IGSF8,pancreatic adenocarcinoma,7,B1516,scoreable
99299,100,QELALGCLARTSTPKHTHLAVSFGRSV,STPKHTHLAV,0,IGSF8,pancreatic adenocarcinoma,7,C0602,floor
99299,100,QELALGCLARTSTPKHTHLAVSFGRSV,STPKHTHLAV,0,IGSF8,pancreatic adenocarcinoma,7,C1402,floor
99299,100,THPEPKTAHLHFPVAGRLGLSSHAIIA,KTAHLHFPV,0,VWA3B,pancreatic adenocarcinoma,7,A3301,floor
99299,19,THPEPKTAHLHFPVAGRLGLSSHAIIA,KTAHLHFPV,0,VWA3B,pancreatic adenocarcinoma,7,A6801,scoreable
99299,20,THPEPKTAHLHFPVAGRLGLSSHAIIA,KTAHLHFPV,0,VWA3B,pancreatic adenocarcinoma,7,B1302,scoreable
99299,21,THPEPKTAHLHFPVAGRLGLSSHAIIA,KTAHLHFPV,0,VWA3B,pancreatic adenocarcinoma,7,B1516,scoreable
99299,22,THPEPKTAHLHFPVAGRLGLSSHAIIA,KTAHLHFPV,0,VWA3B,pancreatic adenocarcinoma,7,C0602,scoreable
99299,100,THPEPKTAHLHFPVAGRLGLSSHAIIA,KTAHLHFPV,0,VWA3B,pancreatic adenocarcinoma,7,C1402,floor
99299,100,THPEPKTAHLHFPVAGRLGLSSHAIIA,TAHLHFPVA,0,VWA3B,pancreatic adenocarcinoma,7,A3301,floor
99299,100,THPEPKTAHLHFPVAGRLGLSSHAIIA,TAHLHFPVA,0,VWA3B,pancreatic adenocarcinoma,7,A6801,floor
99299,20,THPEPKTAHLHFPVAGRLGLSSHAIIA,TAHLHFPVA,0,VWA3B,pancreatic adenocarcinoma,7,B1302,scoreable
99299,21,THPEPKTAHLHFPVAGRLGLSSHAIIA,TAHLHFPVA,0,VWA3B,pancreatic adenocarcinoma,7,B1516,scoreable
99299,22,THPEPKTAHLHFPVAGRLGLSSHAIIA,TAHLHFPVA,0,VWA3B,pancreatic adenocarcinoma,7,C0602,scoreable
99299,100,THPEPKTAHLHFPVAGRLGLSSHAIIA,TAHLHFPVA,0,VWA3B,pancreatic adenocarcinoma,7,C1402,floor
99299,18,THPEPKTAHLHFPVAGRLGLSSHAIIA,HLHFPVAGR,0,VWA3B,pancreatic adenocarcinoma,7,A3301,scoreable
99299,19,THPEPKTAHLHFPVAGRLGLSSHAIIA,HLHFPVAGR,0,VWA3B,pancreatic adenocarcinoma,7,A6801,scoreable
99299,100,THPEPKTAHLHFPVAGRLGLSSHAIIA,HLHFPVAGR,0,VWA3B,pancreatic adenocarcinoma,7,B1302,floor
99299,100,THPEPKTAHLHFPVAGRLGLSSHAIIA,HLHFPVAGR,0,VWA3B,pancreatic adenocarcinoma,7,B1516,floor
99299,100,THPEPKTAHLHFPVAGRLGLSSHAIIA,HLHFPVAGR,0,VWA3B,pancreatic adenocarcinoma,7,C0602,floor
99299,100,THPEPKTAHLHFPVAGRLGLSSHAIIA,HLHFPVAGR,0,VWA3B,pancreatic adenocarcinoma,7,C1402,floor
99299,18,THPEPKTAHLHFPVAGRLGLSSHAIIA,AHLHFPVAGR,0,VWA3B,pancreatic adenocarcinoma,7,A3301,scoreable
99299,19,THPEPKTAHLHFPVAGRLGLSSHAIIA,AHLHFPVAGR,0,VWA3B,pancreatic adenocarcinoma,7,A6801,scoreable
99299,100,THPEPKTAHLHFPVAGRLGLSSHAIIA,AHLHFPVAGR,0,VWA3B,pancreatic adenocarcinoma,7,B1302,floor
99299,100,THPEPKTAHLHFPVAGRLGLSSHAIIA,AHLHFPVAGR,0,VWA3B,pancreatic adenocarcinoma,7,B1516,floor
99299,100,THPEPKTAHLHFPVAGRLGLSSHAIIA,AHLHFPVAGR,0,VWA3B,pancreatic adenocarcinoma,7,C0602,floor
99299,100,THPEPKTAHLHFPVAGRLGLSSHAIIA,AHLHFPVAGR,0,VWA3B,pancreatic adenocarcinoma,7,C1402,floor
99299,18,THPEPKTAHLHFPVAGRLGLSSHAIIA,TAHLHFPVAGR,0,VWA3B,pancreatic adenocarcinoma,7,A3301,scoreable
99299,19,THPEPKTAHLHFPVAGRLGLSSHAIIA,TAHLHFPVAGR,0,VWA3B,pancreatic adenocarcinoma,7,A6801,scoreable
99299,100,THPEPKTAHLHFPVAGRLGLSSHAIIA,TAHLHFPVAGR,0,VWA3B,pancreatic adenocarcinoma,7,B1302,floor
99299,100,THPEPKTAHLHFPVAGRLGLSSHAIIA,TAHLHFPVAGR,0,VWA3B,pancreatic adenocarcinoma,7,B1516,floor
99299,22,THPEPKTAHLHFPVAGRLGLSSHAIIA,TAHLHFPVAGR,0,VWA3B,pancreatic adenocarcinoma,7,C0602,scoreable
99299,100,THPEPKTAHLHFPVAGRLGLSSHAIIA,TAHLHFPVAGR,0,VWA3B,pancreatic adenocarcinoma,7,C1402,floor
99299,100,THPEPKTAHLHFPVAGRLGLSSHAIIA,LHFPVAGRLGL,0,VWA3B,pancreatic adenocarcinoma,7,A3301,floor
99299,100,THPEPKTAHLHFPVAGRLGLSSHAIIA,LHFPVAGRLGL,0,VWA3B,pancreatic adenocarcinoma,7,A6801,floor
99299,20,THPEPKTAHLHFPVAGRLGLSSHAIIA,LHFPVAGRLGL,0,VWA3B,pancreatic adenocarcinoma,7,B1302,scoreable
99299,100,THPEPKTAHLHFPVAGRLGLSSHAIIA,LHFPVAGRLGL,0,VWA3B,pancreatic adenocarcinoma,7,B1516,floor
99299,100,THPEPKTAHLHFPVAGRLGLSSHAIIA,LHFPVAGRLGL,0,VWA3B,pancreatic adenocarcinoma,7,C0602,floor
99299,100,THPEPKTAHLHFPVAGRLGLSSHAIIA,LHFPVAGRLGL,0,VWA3B,pancreatic adenocarcinoma,7,C1402,floor
99299,100,THPEPKTAHLHFPVAGRLGLSSHAIIA,KTAHLHFPVAGR,0,VWA3B,pancreatic adenocarcinoma,7,A3301,floor
99299,19,THPEPKTAHLHFPVAGRLGLSSHAIIA,KTAHLHFPVAGR,0,VWA3B,pancreatic adenocarcinoma,7,A6801,scoreable
99299,100,THPEPKTAHLHFPVAGRLGLSSHAIIA,KTAHLHFPVAGR,0,VWA3B,pancreatic adenocarcinoma,7,B1302,floor
99299,100,THPEPKTAHLHFPVAGRLGLSSHAIIA,KTAHLHFPVAGR,0,VWA3B,pancreatic adenocarcinoma,7,B1516,floor
99299,100,THPEPKTAHLHFPVAGRLGLSSHAIIA,KTAHLHFPVAGR,0,VWA3B,pancreatic adenocarcinoma,7,C0602,floor
99299,100,THPEPKTAHLHFPVAGRLGLSSHAIIA,KTAHLHFPVAGR,0,VWA3B,pancreatic adenocarcinoma,7,C1402,floor
99299,100,EAITDKIFQISKTTEEYAVCPDLKVDL,QISKTTEEY,0,PGM1,pancreatic adenocarcinoma,7,A3301,floor
99299,19,EAITDKIFQISKTTEEYAVCPDLKVDL,QISKTTEEY,0,PGM1,pancreatic adenocarcinoma,7,A6801,scoreable
99299,100,EAITDKIFQISKTTEEYAVCPDLKVDL,QISKTTEEY,0,PGM1,pancreatic adenocarcinoma,7,B1302,floor
99299,21,EAITDKIFQISKTTEEYAVCPDLKVDL,QISKTTEEY,0,PGM1,pancreatic adenocarcinoma,7,B1516,scoreable
99299,100,EAITDKIFQISKTTEEYAVCPDLKVDL,QISKTTEEY,0,PGM1,pancreatic adenocarcinoma,7,C0602,floor
99299,100,EAITDKIFQISKTTEEYAVCPDLKVDL,QISKTTEEY,0,PGM1,pancreatic adenocarcinoma,7,C1402,floor
99299,100,EAITDKIFQISKTTEEYAVCPDLKVDL,KTTEEYAVC,0,PGM1,pancreatic adenocarcinoma,7,A3301,floor
99299,100,EAITDKIFQISKTTEEYAVCPDLKVDL,KTTEEYAVC,0,PGM1,pancreatic adenocarcinoma,7,A6801,floor
99299,100,EAITDKIFQISKTTEEYAVCPDLKVDL,KTTEEYAVC,0,PGM1,pancreatic adenocarcinoma,7,B1302,floor
99299,21,EAITDKIFQISKTTEEYAVCPDLKVDL,KTTEEYAVC,0,PGM1,pancreatic adenocarcinoma,7,B1516,scoreable
99299,100,EAITDKIFQISKTTEEYAVCPDLKVDL,KTTEEYAVC,0,PGM1,pancreatic adenocarcinoma,7,C0602,floor
99299,100,EAITDKIFQISKTTEEYAVCPDLKVDL,KTTEEYAVC,0,PGM1,pancreatic adenocarcinoma,7,C1402,floor
99299,100,EAITDKIFQISKTTEEYAVCPDLKVDL,FQISKTTEEY,0,PGM1,pancreatic adenocarcinoma,7,A3301,floor
99299,100,EAITDKIFQISKTTEEYAVCPDLKVDL,FQISKTTEEY,0,PGM1,pancreatic adenocarcinoma,7,A6801,floor
99299,20,EAITDKIFQISKTTEEYAVCPDLKVDL,FQISKTTEEY,0,PGM1,pancreatic adenocarcinoma,7,B1302,scoreable
99299,21,EAITDKIFQISKTTEEYAVCPDLKVDL,FQISKTTEEY,0,PGM1,pancreatic adenocarcinoma,7,B1516,scoreable
99299,22,EAITDKIFQISKTTEEYAVCPDLKVDL,FQISKTTEEY,0,PGM1,pancreatic adenocarcinoma,7,C0602,scoreable
99299,100,EAITDKIFQISKTTEEYAVCPDLKVDL,FQISKTTEEY,0,PGM1,pancreatic adenocarcinoma,7,C1402,floor
99299,100,EAITDKIFQISKTTEEYAVCPDLKVDL,FQISKTTEEYA,0,PGM1,pancreatic adenocarcinoma,7,A3301,floor
99299,100,EAITDKIFQISKTTEEYAVCPDLKVDL,FQISKTTEEYA,0,PGM1,pancreatic adenocarcinoma,7,A6801,floor
99299,20,EAITDKIFQISKTTEEYAVCPDLKVDL,FQISKTTEEYA,0,PGM1,pancreatic adenocarcinoma,7,B1302,scoreable
99299,100,EAITDKIFQISKTTEEYAVCPDLKVDL,FQISKTTEEYA,0,PGM1,pancreatic adenocarcinoma,7,B1516,floor
99299,100,EAITDKIFQISKTTEEYAVCPDLKVDL,FQISKTTEEYA,0,PGM1,pancreatic adenocarcinoma,7,C0602,floor
99299,100,EAITDKIFQISKTTEEYAVCPDLKVDL,FQISKTTEEYA,0,PGM1,pancreatic adenocarcinoma,7,C1402,floor
99299,100,EAITDKIFQISKTTEEYAVCPDLKVDL,QISKTTEEYAV,0,PGM1,pancreatic adenocarcinoma,7,A3301,floor
99299,100,EAITDKIFQISKTTEEYAVCPDLKVDL,QISKTTEEYAV,0,PGM1,pancreatic adenocarcinoma,7,A6801,floor
99299,20,EAITDKIFQISKTTEEYAVCPDLKVDL,QISKTTEEYAV,0,PGM1,pancreatic adenocarcinoma,7,B1302,scoreable
99299,100,EAITDKIFQISKTTEEYAVCPDLKVDL,QISKTTEEYAV,0,PGM1,pancreatic adenocarcinoma,7,B1516,floor
99299,100,EAITDKIFQISKTTEEYAVCPDLKVDL,QISKTTEEYAV,0,PGM1,pancreatic adenocarcinoma,7,C0602,floor
99299,100,EAITDKIFQISKTTEEYAVCPDLKVDL,QISKTTEEYAV,0,PGM1,pancreatic adenocarcinoma,7,C1402,floor
99299,100,EAITDKIFQISKTTEEYAVCPDLKVDL,KIFQISKTTEEY,0,PGM1,pancreatic adenocarcinoma,7,A3301,floor
99299,100,EAITDKIFQISKTTEEYAVCPDLKVDL,KIFQISKTTEEY,0,PGM1,pancreatic adenocarcinoma,7,A6801,floor
99299,20,EAITDKIFQISKTTEEYAVCPDLKVDL,KIFQISKTTEEY,0,PGM1,pancreatic adenocarcinoma,7,B1302,scoreable
99299,21,EAITDKIFQISKTTEEYAVCPDLKVDL,KIFQISKTTEEY,0,PGM1,pancreatic adenocarcinoma,7,B1516,scoreable
99299,100,EAITDKIFQISKTTEEYAVCPDLKVDL,KIFQISKTTEEY,0,PGM1,pancreatic adenocarcinoma,7,C0602,floor
99299,100,EAITDKIFQISKTTEEYAVCPDLKVDL,KIFQISKTTEEY,0,PGM1,pancreatic adenocarcinoma,7,C1402,floor
99299,100,EAITDKIFQISKTTEEYAVCPDLKVDL,FQISKTTEEYAV,0,PGM1,pancreatic adenocarcinoma,7,A3301,floor
99299,100,EAITDKIFQISKTTEEYAVCPDLKVDL,FQISKTTEEYAV,0,PGM1,pancreatic adenocarcinoma,7,A6801,floor
99299,20,EAITDKIFQISKTTEEYAVCPDLKVDL,FQISKTTEEYAV,0,PGM1,pancreatic adenocarcinoma,7,B1302,scoreable
99299,100,EAITDKIFQISKTTEEYAVCPDLKVDL,FQISKTTEEYAV,0,PGM1,pancreatic adenocarcinoma,7,B1516,floor
99299,100,EAITDKIFQISKTTEEYAVCPDLKVDL,FQISKTTEEYAV,0,PGM1,pancreatic adenocarcinoma,7,C0602,floor
99299,100,EAITDKIFQISKTTEEYAVCPDLKVDL,FQISKTTEEYAV,0,PGM1,pancreatic adenocarcinoma,7,C1402,floor
99299,100,EAITDKIFQISKTTEEYAVCPDLKVDL,TTEEYAVCPDLK,0,PGM1,pancreatic adenocarcinoma,7,A3301,floor
99299,19,EAITDKIFQISKTTEEYAVCPDLKVDL,TTEEYAVCPDLK,0,PGM1,pancreatic adenocarcinoma,7,A6801,scoreable
99299,100,EAITDKIFQISKTTEEYAVCPDLKVDL,TTEEYAVCPDLK,0,PGM1,pancreatic adenocarcinoma,7,B1302,floor
99299,100,EAITDKIFQISKTTEEYAVCPDLKVDL,TTEEYAVCPDLK,0,PGM1,pancreatic adenocarcinoma,7,B1516,floor
99299,100,EAITDKIFQISKTTEEYAVCPDLKVDL,TTEEYAVCPDLK,0,PGM1,pancreatic adenocarcinoma,7,C0602,floor
99299,100,EAITDKIFQISKTTEEYAVCPDLKVDL,TTEEYAVCPDLK,0,PGM1,pancreatic adenocarcinoma,7,C1402,floor
99299,100,VKLQRIEDLPTMVSLGNSFLHKLCSGF,TMVSLGNSF,0,VWF,pancreatic adenocarcinoma,7,A3301,floor
99299,100,VKLQRIEDLPTMVSLGNSFLHKLCSGF,TMVSLGNSF,0,VWF,pancreatic adenocarcinoma,7,A6801,floor
99299,100,VKLQRIEDLPTMVSLGNSFLHKLCSGF,TMVSLGNSF,0,VWF,pancreatic adenocarcinoma,7,B1302,floor
99299,21,VKLQRIEDLPTMVSLGNSFLHKLCSGF,TMVSLGNSF,0,VWF,pancreatic adenocarcinoma,7,B1516,scoreable
99299,22,VKLQRIEDLPTMVSLGNSFLHKLCSGF,TMVSLGNSF,0,VWF,pancreatic adenocarcinoma,7,C0602,scoreable
99299,100,VKLQRIEDLPTMVSLGNSFLHKLCSGF,TMVSLGNSF,0,VWF,pancreatic adenocarcinoma,7,C1402,floor
99299,100,VKLQRIEDLPTMVSLGNSFLHKLCSGF,MVSLGNSFL,0,VWF,pancreatic adenocarcinoma,7,A3301,floor
99299,19,VKLQRIEDLPTMVSLGNSFLHKLCSGF,MVSLGNSFL,0,VWF,pancreatic adenocarcinoma,7,A6801,scoreable
99299,100,VKLQRIEDLPTMVSLGNSFLHKLCSGF,MVSLGNSFL,0,VWF,pancreatic adenocarcinoma,7,B1302,floor
99299,21,VKLQRIEDLPTMVSLGNSFLHKLCSGF,MVSLGNSFL,0,VWF,pancreatic adenocarcinoma,7,B1516,scoreable
99299,100,VKLQRIEDLPTMVSLGNSFLHKLCSGF,MVSLGNSFL,0,VWF,pancreatic adenocarcinoma,7,C0602,floor
99299,100,VKLQRIEDLPTMVSLGNSFLHKLCSGF,MVSLGNSFL,0,VWF,pancreatic adenocarcinoma,7,C1402,floor
99299,100,VKLQRIEDLPTMVSLGNSFLHKLCSGF,VSLGNSFLH,0,VWF,pancreatic adenocarcinoma,7,A3301,floor
99299,19,VKLQRIEDLPTMVSLGNSFLHKLCSGF,VSLGNSFLH,0,VWF,pancreatic adenocarcinoma,7,A6801,scoreable
99299,100,VKLQRIEDLPTMVSLGNSFLHKLCSGF,VSLGNSFLH,0,VWF,pancreatic adenocarcinoma,7,B1302,floor
99299,21,VKLQRIEDLPTMVSLGNSFLHKLCSGF,VSLGNSFLH,0,VWF,pancreatic adenocarcinoma,7,B1516,scoreable
99299,100,VKLQRIEDLPTMVSLGNSFLHKLCSGF,VSLGNSFLH,0,VWF,pancreatic adenocarcinoma,7,C0602,floor
99299,100,VKLQRIEDLPTMVSLGNSFLHKLCSGF,VSLGNSFLH,0,VWF,pancreatic adenocarcinoma,7,C1402,floor
99299,100,VKLQRIEDLPTMVSLGNSFLHKLCSGF,SLGNSFLHK,0,VWF,pancreatic adenocarcinoma,7,A3301,floor
99299,19,VKLQRIEDLPTMVSLGNSFLHKLCSGF,SLGNSFLHK,0,VWF,pancreatic adenocarcinoma,7,A6801,scoreable
99299,100,VKLQRIEDLPTMVSLGNSFLHKLCSGF,SLGNSFLHK,0,VWF,pancreatic adenocarcinoma,7,B1302,floor
99299,100,VKLQRIEDLPTMVSLGNSFLHKLCSGF,SLGNSFLHK,0,VWF,pancreatic adenocarcinoma,7,B1516,floor
99299,100,VKLQRIEDLPTMVSLGNSFLHKLCSGF,SLGNSFLHK,0,VWF,pancreatic adenocarcinoma,7,C0602,floor
99299,100,VKLQRIEDLPTMVSLGNSFLHKLCSGF,SLGNSFLHK,0,VWF,pancreatic adenocarcinoma,7,C1402,floor
99299,100,VKLQRIEDLPTMVSLGNSFLHKLCSGF,IEDLPTMVSL,0,VWF,pancreatic adenocarcinoma,7,A3301,floor
99299,100,VKLQRIEDLPTMVSLGNSFLHKLCSGF,IEDLPTMVSL,0,VWF,pancreatic adenocarcinoma,7,A6801,floor
99299,20,VKLQRIEDLPTMVSLGNSFLHKLCSGF,IEDLPTMVSL,0,VWF,pancreatic adenocarcinoma,7,B1302,scoreable
99299,100,VKLQRIEDLPTMVSLGNSFLHKLCSGF,IEDLPTMVSL,0,VWF,pancreatic adenocarcinoma,7,B1516,floor
99299,100,VKLQRIEDLPTMVSLGNSFLHKLCSGF,IEDLPTMVSL,0,VWF,pancreatic adenocarcinoma,7,C0602,floor
99299,100,VKLQRIEDLPTMVSLGNSFLHKLCSGF,IEDLPTMVSL,0,VWF,pancreatic adenocarcinoma,7,C1402,floor
99299,100,VKLQRIEDLPTMVSLGNSFLHKLCSGF,PTMVSLGNSF,0,VWF,pancreatic adenocarcinoma,7,A3301,floor
99299,100,VKLQRIEDLPTMVSLGNSFLHKLCSGF,PTMVSLGNSF,0,VWF,pancreatic adenocarcinoma,7,A6801,floor
99299,100,VKLQRIEDLPTMVSLGNSFLHKLCSGF,PTMVSLGNSF,0,VWF,pancreatic adenocarcinoma,7,B1302,floor
99299,21,VKLQRIEDLPTMVSLGNSFLHKLCSGF,PTMVSLGNSF,0,VWF,pancreatic adenocarcinoma,7,B1516,scoreable
99299,100,VKLQRIEDLPTMVSLGNSFLHKLCSGF,PTMVSLGNSF,0,VWF,pancreatic adenocarcinoma,7,C0602,floor
99299,100,VKLQRIEDLPTMVSLGNSFLHKLCSGF,PTMVSLGNSF,0,VWF,pancreatic adenocarcinoma,7,C1402,floor
99299,100,VKLQRIEDLPTMVSLGNSFLHKLCSGF,MVSLGNSFLH,0,VWF,pancreatic adenocarcinoma,7,A3301,floor
99299,19,VKLQRIEDLPTMVSLGNSFLHKLCSGF,MVSLGNSFLH,0,VWF,pancreatic adenocarcinoma,7,A6801,scoreable
99299,100,VKLQRIEDLPTMVSLGNSFLHKLCSGF,MVSLGNSFLH,0,VWF,pancreatic adenocarcinoma,7,B1302,floor
99299,100,VKLQRIEDLPTMVSLGNSFLHKLCSGF,MVSLGNSFLH,0,VWF,pancreatic adenocarcinoma,7,B1516,floor
99299,100,VKLQRIEDLPTMVSLGNSFLHKLCSGF,MVSLGNSFLH,0,VWF,pancreatic adenocarcinoma,7,C0602,floor
99299,100,VKLQRIEDLPTMVSLGNSFLHKLCSGF,MVSLGNSFLH,0,VWF,pancreatic adenocarcinoma,7,C1402,floor
99299,18,VKLQRIEDLPTMVSLGNSFLHKLCSGF,VSLGNSFLHK,0,VWF,pancreatic adenocarcinoma,7,A3301,scoreable
99299,19,VKLQRIEDLPTMVSLGNSFLHKLCSGF,VSLGNSFLHK,0,VWF,pancreatic adenocarcinoma,7,A6801,scoreable
99299,100,VKLQRIEDLPTMVSLGNSFLHKLCSGF,VSLGNSFLHK,0,VWF,pancreatic adenocarcinoma,7,B1302,floor
99299,100,VKLQRIEDLPTMVSLGNSFLHKLCSGF,VSLGNSFLHK,0,VWF,pancreatic adenocarcinoma,7,B1516,floor
99299,100,VKLQRIEDLPTMVSLGNSFLHKLCSGF,VSLGNSFLHK,0,VWF,pancreatic adenocarcinoma,7,C0602,floor
99299,100,VKLQRIEDLPTMVSLGNSFLHKLCSGF,VSLGNSFLHK,0,VWF,pancreatic adenocarcinoma,7,C1402,floor
99299,100,VKLQRIEDLPTMVSLGNSFLHKLCSGF,SLGNSFLHKL,0,VWF,pancreatic adenocarcinoma,7,A3301,floor
99299,100,VKLQRIEDLPTMVSLGNSFLHKLCSGF,SLGNSFLHKL,0,VWF,pancreatic adenocarcinoma,7,A6801,floor
99299,20,VKLQRIEDLPTMVSLGNSFLHKLCSGF,SLGNSFLHKL,0,VWF,pancreatic adenocarcinoma,7,B1302,scoreable
99299,100,VKLQRIEDLPTMVSLGNSFLHKLCSGF,SLGNSFLHKL,0,VWF,pancreatic adenocarcinoma,7,B1516,floor
99299,100,VKLQRIEDLPTMVSLGNSFLHKLCSGF,SLGNSFLHKL,0,VWF,pancreatic adenocarcinoma,7,C0602,floor
99299,100,VKLQRIEDLPTMVSLGNSFLHKLCSGF,SLGNSFLHKL,0,VWF,pancreatic adenocarcinoma,7,C1402,floor
99299,100,VKLQRIEDLPTMVSLGNSFLHKLCSGF,MVSLGNSFLHK,0,VWF,pancreatic adenocarcinoma,7,A3301,floor
99299,19,VKLQRIEDLPTMVSLGNSFLHKLCSGF,MVSLGNSFLHK,0,VWF,pancreatic adenocarcinoma,7,A6801,scoreable
99299,100,VKLQRIEDLPTMVSLGNSFLHKLCSGF,MVSLGNSFLHK,0,VWF,pancreatic adenocarcinoma,7,B1302,floor
99299,100,VKLQRIEDLPTMVSLGNSFLHKLCSGF,MVSLGNSFLHK,0,VWF,pancreatic adenocarcinoma,7,B1516,floor
99299,22,VKLQRIEDLPTMVSLGNSFLHKLCSGF,MVSLGNSFLHK,0,VWF,pancreatic adenocarcinoma,7,C0602,scoreable
99299,100,VKLQRIEDLPTMVSLGNSFLHKLCSGF,MVSLGNSFLHK,0,VWF,pancreatic adenocarcinoma,7,C1402,floor
99299,100,VKLQRIEDLPTMVSLGNSFLHKLCSGF,VSLGNSFLHKL,0,VWF,pancreatic adenocarcinoma,7,A3301,floor
99299,100,VKLQRIEDLPTMVSLGNSFLHKLCSGF,VSLGNSFLHKL,0,VWF,pancreatic adenocarcinoma,7,A6801,floor
99299,20,VKLQRIEDLPTMVSLGNSFLHKLCSGF,VSLGNSFLHKL,0,VWF,pancreatic adenocarcinoma,7,B1302,scoreable
99299,21,VKLQRIEDLPTMVSLGNSFLHKLCSGF,VSLGNSFLHKL,0,VWF,pancreatic adenocarcinoma,7,B1516,scoreable
99299,100,VKLQRIEDLPTMVSLGNSFLHKLCSGF,VSLGNSFLHKL,0,VWF,pancreatic adenocarcinoma,7,C0602,floor
99299,100,VKLQRIEDLPTMVSLGNSFLHKLCSGF,VSLGNSFLHKL,0,VWF,pancreatic adenocarcinoma,7,C1402,floor
99299,100,VKLQRIEDLPTMVSLGNSFLHKLCSGF,QRIEDLPTMVSL,0,VWF,pancreatic adenocarcinoma,7,A3301,floor
99299,100,VKLQRIEDLPTMVSLGNSFLHKLCSGF,QRIEDLPTMVSL,0,VWF,pancreatic adenocarcinoma,7,A6801,floor
99299,20,VKLQRIEDLPTMVSLGNSFLHKLCSGF,QRIEDLPTMVSL,0,VWF,pancreatic adenocarcinoma,7,B1302,scoreable
99299,100,VKLQRIEDLPTMVSLGNSFLHKLCSGF,QRIEDLPTMVSL,0,VWF,pancreatic adenocarcinoma,7,B1516,floor
99299,100,VKLQRIEDLPTMVSLGNSFLHKLCSGF,QRIEDLPTMVSL,0,VWF,pancreatic adenocarcinoma,7,C0602,floor
99299,100,VKLQRIEDLPTMVSLGNSFLHKLCSGF,QRIEDLPTMVSL,0,VWF,pancreatic adenocarcinoma,7,C1402,floor
99299,18,VKLQRIEDLPTMVSLGNSFLHKLCSGF,TMVSLGNSFLHK,0,VWF,pancreatic adenocarcinoma,7,A3301,scoreable
99299,19,VKLQRIEDLPTMVSLGNSFLHKLCSGF,TMVSLGNSFLHK,0,VWF,pancreatic adenocarcinoma,7,A6801,scoreable
99299,100,VKLQRIEDLPTMVSLGNSFLHKLCSGF,TMVSLGNSFLHK,0,VWF,pancreatic adenocarcinoma,7,B1302,floor
99299,100,VKLQRIEDLPTMVSLGNSFLHKLCSGF,TMVSLGNSFLHK,0,VWF,pancreatic adenocarcinoma,7,B1516,floor
99299,100,VKLQRIEDLPTMVSLGNSFLHKLCSGF,TMVSLGNSFLHK,0,VWF,pancreatic adenocarcinoma,7,C0602,floor
99299,100,VKLQRIEDLPTMVSLGNSFLHKLCSGF,TMVSLGNSFLHK,0,VWF,pancreatic adenocarcinoma,7,C1402,floor
99299,100,LAHVMTLYKTHSYMRDCATWVNVVCRY,TLYKTHSYM,0,FRY,pancreatic adenocarcinoma,7,A3301,floor
99299,100,LAHVMTLYKTHSYMRDCATWVNVVCRY,TLYKTHSYM,0,FRY,pancreatic adenocarcinoma,7,A6801,floor
99299,20,LAHVMTLYKTHSYMRDCATWVNVVCRY,TLYKTHSYM,0,FRY,pancreatic adenocarcinoma,7,B1302,scoreable
99299,21,LAHVMTLYKTHSYMRDCATWVNVVCRY,TLYKTHSYM,0,FRY,pancreatic adenocarcinoma,7,B1516,scoreable
99299,22,LAHVMTLYKTHSYMRDCATWVNVVCRY,TLYKTHSYM,0,FRY,pancreatic adenocarcinoma,7,C0602,scoreable
99299,100,LAHVMTLYKTHSYMRDCATWVNVVCRY,TLYKTHSYM,0,FRY,pancreatic adenocarcinoma,7,C1402,floor
99299,18,LAHVMTLYKTHSYMRDCATWVNVVCRY,LYKTHSYMR,0,FRY,pancreatic adenocarcinoma,7,A3301,scoreable
99299,19,LAHVMTLYKTHSYMRDCATWVNVVCRY,LYKTHSYMR,0,FRY,pancreatic adenocarcinoma,7,A6801,scoreable
99299,100,LAHVMTLYKTHSYMRDCATWVNVVCRY,LYKTHSYMR,0,FRY,pancreatic adenocarcinoma,7,B1302,floor
99299,100,LAHVMTLYKTHSYMRDCATWVNVVCRY,LYKTHSYMR,0,FRY,pancreatic adenocarcinoma,7,B1516,floor
99299,100,LAHVMTLYKTHSYMRDCATWVNVVCRY,LYKTHSYMR,0,FRY,pancreatic adenocarcinoma,7,C0602,floor
99299,100,LAHVMTLYKTHSYMRDCATWVNVVCRY,LYKTHSYMR,0,FRY,pancreatic adenocarcinoma,7,C1402,floor
99299,100,LAHVMTLYKTHSYMRDCATWVNVVCRY,SYMRDCATW,0,FRY,pancreatic adenocarcinoma,7,A3301,floor
99299,100,LAHVMTLYKTHSYMRDCATWVNVVCRY,SYMRDCATW,0,FRY,pancreatic adenocarcinoma,7,A6801,floor
99299,100,LAHVMTLYKTHSYMRDCATWVNVVCRY,SYMRDCATW,0,FRY,pancreatic adenocarcinoma,7,B1302,floor
99299,21,LAHVMTLYKTHSYMRDCATWVNVVCRY,SYMRDCATW,0,FRY,pancreatic adenocarcinoma,7,B1516,scoreable
99299,100,LAHVMTLYKTHSYMRDCATWVNVVCRY,SYMRDCATW,0,FRY,pancreatic adenocarcinoma,7,C0602,floor
99299,100,LAHVMTLYKTHSYMRDCATWVNVVCRY,SYMRDCATW,0,FRY,pancreatic adenocarcinoma,7,C1402,floor
99299,100,LAHVMTLYKTHSYMRDCATWVNVVCRY,YMRDCATWV,0,FRY,pancreatic adenocarcinoma,7,A3301,floor
99299,100,LAHVMTLYKTHSYMRDCATWVNVVCRY,YMRDCATWV,0,FRY,pancreatic adenocarcinoma,7,A6801,floor
99299,20,LAHVMTLYKTHSYMRDCATWVNVVCRY,YMRDCATWV,0,FRY,pancreatic adenocarcinoma,7,B1302,scoreable
99299,21,LAHVMTLYKTHSYMRDCATWVNVVCRY,YMRDCATWV,0,FRY,pancreatic adenocarcinoma,7,B1516,scoreable
99299,22,LAHVMTLYKTHSYMRDCATWVNVVCRY,YMRDCATWV,0,FRY,pancreatic adenocarcinoma,7,C0602,scoreable
99299,100,LAHVMTLYKTHSYMRDCATWVNVVCRY,YMRDCATWV,0,FRY,pancreatic adenocarcinoma,7,C1402,floor
99299,100,LAHVMTLYKTHSYMRDCATWVNVVCRY,MTLYKTHSYM,0,FRY,pancreatic adenocarcinoma,7,A3301,floor
99299,100,LAHVMTLYKTHSYMRDCATWVNVVCRY,MTLYKTHSYM,0,FRY,pancreatic adenocarcinoma,7,A6801,floor
99299,100,LAHVMTLYKTHSYMRDCATWVNVVCRY,MTLYKTHSYM,0,FRY,pancreatic adenocarcinoma,7,B1302,floor
99299,21,LAHVMTLYKTHSYMRDCATWVNVVCRY,MTLYKTHSYM,0,FRY,pancreatic adenocarcinoma,7,B1516,scoreable
99299,100,LAHVMTLYKTHSYMRDCATWVNVVCRY,MTLYKTHSYM,0,FRY,pancreatic adenocarcinoma,7,C0602,floor
99299,100,LAHVMTLYKTHSYMRDCATWVNVVCRY,MTLYKTHSYM,0,FRY,pancreatic adenocarcinoma,7,C1402,floor
99299,18,LAHVMTLYKTHSYMRDCATWVNVVCRY,TLYKTHSYMR,0,FRY,pancreatic adenocarcinoma,7,A3301,scoreable
99299,19,LAHVMTLYKTHSYMRDCATWVNVVCRY,TLYKTHSYMR,0,FRY,pancreatic adenocarcinoma,7,A6801,scoreable
99299,100,LAHVMTLYKTHSYMRDCATWVNVVCRY,TLYKTHSYMR,0,FRY,pancreatic adenocarcinoma,7,B1302,floor
99299,100,LAHVMTLYKTHSYMRDCATWVNVVCRY,TLYKTHSYMR,0,FRY,pancreatic adenocarcinoma,7,B1516,floor
99299,100,LAHVMTLYKTHSYMRDCATWVNVVCRY,TLYKTHSYMR,0,FRY,pancreatic adenocarcinoma,7,C0602,floor
99299,100,LAHVMTLYKTHSYMRDCATWVNVVCRY,TLYKTHSYMR,0,FRY,pancreatic adenocarcinoma,7,C1402,floor
99299,100,LAHVMTLYKTHSYMRDCATWVNVVCRY,HSYMRDCATW,0,FRY,pancreatic adenocarcinoma,7,A3301,floor
99299,100,LAHVMTLYKTHSYMRDCATWVNVVCRY,HSYMRDCATW,0,FRY,pancreatic adenocarcinoma,7,A6801,floor
99299,100,LAHVMTLYKTHSYMRDCATWVNVVCRY,HSYMRDCATW,0,FRY,pancreatic adenocarcinoma,7,B1302,floor
99299,21,LAHVMTLYKTHSYMRDCATWVNVVCRY,HSYMRDCATW,0,FRY,pancreatic adenocarcinoma,7,B1516,scoreable
99299,100,LAHVMTLYKTHSYMRDCATWVNVVCRY,HSYMRDCATW,0,FRY,pancreatic adenocarcinoma,7,C0602,floor
99299,100,LAHVMTLYKTHSYMRDCATWVNVVCRY,HSYMRDCATW,0,FRY,pancreatic adenocarcinoma,7,C1402,floor
99299,100,LAHVMTLYKTHSYMRDCATWVNVVCRY,MRDCATWVNV,0,FRY,pancreatic adenocarcinoma,7,A3301,floor
99299,100,LAHVMTLYKTHSYMRDCATWVNVVCRY,MRDCATWVNV,0,FRY,pancreatic adenocarcinoma,7,A6801,floor
99299,20,LAHVMTLYKTHSYMRDCATWVNVVCRY,MRDCATWVNV,0,FRY,pancreatic adenocarcinoma,7,B1302,scoreable
99299,100,LAHVMTLYKTHSYMRDCATWVNVVCRY,MRDCATWVNV,0,FRY,pancreatic adenocarcinoma,7,B1516,floor
99299,100,LAHVMTLYKTHSYMRDCATWVNVVCRY,MRDCATWVNV,0,FRY,pancreatic adenocarcinoma,7,C0602,floor
99299,100,LAHVMTLYKTHSYMRDCATWVNVVCRY,MRDCATWVNV,0,FRY,pancreatic adenocarcinoma,7,C1402,floor
99299,18,LAHVMTLYKTHSYMRDCATWVNVVCRY,MTLYKTHSYMR,0,FRY,pancreatic adenocarcinoma,7,A3301,scoreable
99299,19,LAHVMTLYKTHSYMRDCATWVNVVCRY,MTLYKTHSYMR,0,FRY,pancreatic adenocarcinoma,7,A6801,scoreable
99299,100,LAHVMTLYKTHSYMRDCATWVNVVCRY,MTLYKTHSYMR,0,FRY,pancreatic adenocarcinoma,7,B1302,floor
99299,100,LAHVMTLYKTHSYMRDCATWVNVVCRY,MTLYKTHSYMR,0,FRY,pancreatic adenocarcinoma,7,B1516,floor
99299,100,LAHVMTLYKTHSYMRDCATWVNVVCRY,MTLYKTHSYMR,0,FRY,pancreatic adenocarcinoma,7,C0602,floor
99299,100,LAHVMTLYKTHSYMRDCATWVNVVCRY,MTLYKTHSYMR,0,FRY,pancreatic adenocarcinoma,7,C1402,floor
99299,100,LAHVMTLYKTHSYMRDCATWVNVVCRY,YMRDCATWVNV,0,FRY,pancreatic adenocarcinoma,7,A3301,floor
99299,100,LAHVMTLYKTHSYMRDCATWVNVVCRY,YMRDCATWVNV,0,FRY,pancreatic adenocarcinoma,7,A6801,floor
99299,20,LAHVMTLYKTHSYMRDCATWVNVVCRY,YMRDCATWVNV,0,FRY,pancreatic adenocarcinoma,7,B1302,scoreable
99299,100,LAHVMTLYKTHSYMRDCATWVNVVCRY,YMRDCATWVNV,0,FRY,pancreatic adenocarcinoma,7,B1516,floor
99299,100,LAHVMTLYKTHSYMRDCATWVNVVCRY,YMRDCATWVNV,0,FRY,pancreatic adenocarcinoma,7,C0602,floor
99299,100,LAHVMTLYKTHSYMRDCATWVNVVCRY,YMRDCATWVNV,0,FRY,pancreatic adenocarcinoma,7,C1402,floor
99299,100,LAHVMTLYKTHSYMRDCATWVNVVCRY,KTHSYMRDCATW,0,FRY,pancreatic adenocarcinoma,7,A3301,floor
99299,100,LAHVMTLYKTHSYMRDCATWVNVVCRY,KTHSYMRDCATW,0,FRY,pancreatic adenocarcinoma,7,A6801,floor
99299,100,LAHVMTLYKTHSYMRDCATWVNVVCRY,KTHSYMRDCATW,0,FRY,pancreatic adenocarcinoma,7,B1302,floor
99299,21,LAHVMTLYKTHSYMRDCATWVNVVCRY,KTHSYMRDCATW,0,FRY,pancreatic adenocarcinoma,7,B1516,scoreable
99299,100,LAHVMTLYKTHSYMRDCATWVNVVCRY,KTHSYMRDCATW,0,FRY,pancreatic adenocarcinoma,7,C0602,floor
99299,100,LAHVMTLYKTHSYMRDCATWVNVVCRY,KTHSYMRDCATW,0,FRY,pancreatic adenocarcinoma,7,C1402,floor
99299,100,SDTTASTPISTFSHVQRMSISVPDILS,STPISTFSH,0,MUC16,pancreatic adenocarcinoma,7,A3301,floor
99299,19,SDTTASTPISTFSHVQRMSISVPDILS,STPISTFSH,0,MUC16,pancreatic adenocarcinoma,7,A6801,scoreable
99299,100,SDTTASTPISTFSHVQRMSISVPDILS,STPISTFSH,0,MUC16,pancreatic adenocarcinoma,7,B1302,floor
99299,100,SDTTASTPISTFSHVQRMSISVPDILS,STPISTFSH,0,MUC16,pancreatic adenocarcinoma,7,B1516,floor
99299,100,SDTTASTPISTFSHVQRMSISVPDILS,STPISTFSH,0,MUC16,pancreatic adenocarcinoma,7,C0602,floor
99299,100,SDTTASTPISTFSHVQRMSISVPDILS,STPISTFSH,0,MUC16,pancreatic adenocarcinoma,7,C1402,floor
99299,100,SDTTASTPISTFSHVQRMSISVPDILS,TPISTFSHV,0,MUC16,pancreatic adenocarcinoma,7,A3301,floor
99299,100,SDTTASTPISTFSHVQRMSISVPDILS,TPISTFSHV,0,MUC16,pancreatic adenocarcinoma,7,A6801,floor
99299,100,SDTTASTPISTFSHVQRMSISVPDILS,TPISTFSHV,0,MUC16,pancreatic adenocarcinoma,7,B1302,floor
99299,100,SDTTASTPISTFSHVQRMSISVPDILS,TPISTFSHV,0,MUC16,pancreatic adenocarcinoma,7,B1516,floor
99299,22,SDTTASTPISTFSHVQRMSISVPDILS,TPISTFSHV,0,MUC16,pancreatic adenocarcinoma,7,C0602,scoreable
99299,100,SDTTASTPISTFSHVQRMSISVPDILS,TPISTFSHV,0,MUC16,pancreatic adenocarcinoma,7,C1402,floor
99299,18,SDTTASTPISTFSHVQRMSISVPDILS,ISTFSHVQR,0,MUC16,pancreatic adenocarcinoma,7,A3301,scoreable
99299,19,SDTTASTPISTFSHVQRMSISVPDILS,ISTFSHVQR,0,MUC16,pancreatic adenocarcinoma,7,A6801,scoreable
99299,100,SDTTASTPISTFSHVQRMSISVPDILS,ISTFSHVQR,0,MUC16,pancreatic adenocarcinoma,7,B1302,floor
99299,100,SDTTASTPISTFSHVQRMSISVPDILS,ISTFSHVQR,0,MUC16,pancreatic adenocarcinoma,7,B1516,floor
99299,22,SDTTASTPISTFSHVQRMSISVPDILS,ISTFSHVQR,0,MUC16,pancreatic adenocarcinoma,7,C0602,scoreable
99299,100,SDTTASTPISTFSHVQRMSISVPDILS,ISTFSHVQR,0,MUC16,pancreatic adenocarcinoma,7,C1402,floor
99299,18,SDTTASTPISTFSHVQRMSISVPDILS,STFSHVQRM,0,MUC16,pancreatic adenocarcinoma,7,A3301,scoreable
99299,19,SDTTASTPISTFSHVQRMSISVPDILS,STFSHVQRM,0,MUC16,pancreatic adenocarcinoma,7,A6801,scoreable
99299,20,SDTTASTPISTFSHVQRMSISVPDILS,STFSHVQRM,0,MUC16,pancreatic adenocarcinoma,7,B1302,scoreable
99299,21,SDTTASTPISTFSHVQRMSISVPDILS,STFSHVQRM,0,MUC16,pancreatic adenocarcinoma,7,B1516,scoreable
99299,22,SDTTASTPISTFSHVQRMSISVPDILS,STFSHVQRM,0,MUC16,pancreatic adenocarcinoma,7,C0602,scoreable
99299,100,SDTTASTPISTFSHVQRMSISVPDILS,STFSHVQRM,0,MUC16,pancreatic adenocarcinoma,7,C1402,floor
99299,100,SDTTASTPISTFSHVQRMSISVPDILS,FSHVQRMSI,0,MUC16,pancreatic adenocarcinoma,7,A3301,floor
99299,100,SDTTASTPISTFSHVQRMSISVPDILS,FSHVQRMSI,0,MUC16,pancreatic adenocarcinoma,7,A6801,floor
99299,20,SDTTASTPISTFSHVQRMSISVPDILS,FSHVQRMSI,0,MUC16,pancreatic adenocarcinoma,7,B1302,scoreable
99299,21,SDTTASTPISTFSHVQRMSISVPDILS,FSHVQRMSI,0,MUC16,pancreatic adenocarcinoma,7,B1516,scoreable
99299,22,SDTTASTPISTFSHVQRMSISVPDILS,FSHVQRMSI,0,MUC16,pancreatic adenocarcinoma,7,C0602,scoreable
99299,100,SDTTASTPISTFSHVQRMSISVPDILS,FSHVQRMSI,0,MUC16,pancreatic adenocarcinoma,7,C1402,floor
99299,100,SDTTASTPISTFSHVQRMSISVPDILS,HVQRMSISV,0,MUC16,pancreatic adenocarcinoma,7,A3301,floor
99299,100,SDTTASTPISTFSHVQRMSISVPDILS,HVQRMSISV,0,MUC16,pancreatic adenocarcinoma,7,A6801,floor
99299,20,SDTTASTPISTFSHVQRMSISVPDILS,HVQRMSISV,0,MUC16,pancreatic adenocarcinoma,7,B1302,scoreable
99299,100,SDTTASTPISTFSHVQRMSISVPDILS,HVQRMSISV,0,MUC16,pancreatic adenocarcinoma,7,B1516,floor
99299,22,SDTTASTPISTFSHVQRMSISVPDILS,HVQRMSISV,0,MUC16,pancreatic adenocarcinoma,7,C0602,scoreable
99299,100,SDTTASTPISTFSHVQRMSISVPDILS,HVQRMSISV,0,MUC16,pancreatic adenocarcinoma,7,C1402,floor
99299,100,SDTTASTPISTFSHVQRMSISVPDILS,STPISTFSHV,0,MUC16,pancreatic adenocarcinoma,7,A3301,floor
99299,19,SDTTASTPISTFSHVQRMSISVPDILS,STPISTFSHV,0,MUC16,pancreatic adenocarcinoma,7,A6801,scoreable
99299,100,SDTTASTPISTFSHVQRMSISVPDILS,STPISTFSHV,0,MUC16,pancreatic adenocarcinoma,7,B1302,floor
99299,100,SDTTASTPISTFSHVQRMSISVPDILS,STPISTFSHV,0,MUC16,pancreatic adenocarcinoma,7,B1516,floor
99299,100,SDTTASTPISTFSHVQRMSISVPDILS,STPISTFSHV,0,MUC16,pancreatic adenocarcinoma,7,C0602,floor
99299,100,SDTTASTPISTFSHVQRMSISVPDILS,STPISTFSHV,0,MUC16,pancreatic adenocarcinoma,7,C1402,floor
99299,18,SDTTASTPISTFSHVQRMSISVPDILS,PISTFSHVQR,0,MUC16,pancreatic adenocarcinoma,7,A3301,scoreable
99299,19,SDTTASTPISTFSHVQRMSISVPDILS,PISTFSHVQR,0,MUC16,pancreatic adenocarcinoma,7,A6801,scoreable
99299,100,SDTTASTPISTFSHVQRMSISVPDILS,PISTFSHVQR,0,MUC16,pancreatic adenocarcinoma,7,B1302,floor
99299,100,SDTTASTPISTFSHVQRMSISVPDILS,PISTFSHVQR,0,MUC16,pancreatic adenocarcinoma,7,B1516,floor
99299,100,SDTTASTPISTFSHVQRMSISVPDILS,PISTFSHVQR,0,MUC16,pancreatic adenocarcinoma,7,C0602,floor
99299,100,SDTTASTPISTFSHVQRMSISVPDILS,PISTFSHVQR,0,MUC16,pancreatic adenocarcinoma,7,C1402,floor
99299,100,SDTTASTPISTFSHVQRMSISVPDILS,SHVQRMSISV,0,MUC16,pancreatic adenocarcinoma,7,A3301,floor
99299,100,SDTTASTPISTFSHVQRMSISVPDILS,SHVQRMSISV,0,MUC16,pancreatic adenocarcinoma,7,A6801,floor
99299,20,SDTTASTPISTFSHVQRMSISVPDILS,SHVQRMSISV,0,MUC16,pancreatic adenocarcinoma,7,B1302,scoreable
99299,100,SDTTASTPISTFSHVQRMSISVPDILS,SHVQRMSISV,0,MUC16,pancreatic adenocarcinoma,7,B1516,floor
99299,100,SDTTASTPISTFSHVQRMSISVPDILS,SHVQRMSISV,0,MUC16,pancreatic adenocarcinoma,7,C0602,floor
99299,100,SDTTASTPISTFSHVQRMSISVPDILS,SHVQRMSISV,0,MUC16,pancreatic adenocarcinoma,7,C1402,floor
99299,100,SDTTASTPISTFSHVQRMSISVPDILS,ASTPISTFSHV,0,MUC16,pancreatic adenocarcinoma,7,A3301,floor
99299,100,SDTTASTPISTFSHVQRMSISVPDILS,ASTPISTFSHV,0,MUC16,pancreatic adenocarcinoma,7,A6801,floor
99299,100,SDTTASTPISTFSHVQRMSISVPDILS,ASTPISTFSHV,0,MUC16,pancreatic adenocarcinoma,7,B1302,floor
99299,21,SDTTASTPISTFSHVQRMSISVPDILS,ASTPISTFSHV,0,MUC16,pancreatic adenocarcinoma,7,B1516,scoreable
99299,100,SDTTASTPISTFSHVQRMSISVPDILS,ASTPISTFSHV,0,MUC16,pancreatic adenocarcinoma,7,C0602,floor
99299,100,SDTTASTPISTFSHVQRMSISVPDILS,ASTPISTFSHV,0,MUC16,pancreatic adenocarcinoma,7,C1402,floor
99299,18,SDTTASTPISTFSHVQRMSISVPDILS,TPISTFSHVQR,0,MUC16,pancreatic adenocarcinoma,7,A3301,scoreable
99299,19,SDTTASTPISTFSHVQRMSISVPDILS,TPISTFSHVQR,0,MUC16,pancreatic adenocarcinoma,7,A6801,scoreable
99299,100,SDTTASTPISTFSHVQRMSISVPDILS,TPISTFSHVQR,0,MUC16,pancreatic adenocarcinoma,7,B1302,floor
99299,100,SDTTASTPISTFSHVQRMSISVPDILS,TPISTFSHVQR,0,MUC16,pancreatic adenocarcinoma,7,B1516,floor
99299,100,SDTTASTPISTFSHVQRMSISVPDILS,TPISTFSHVQR,0,MUC16,pancreatic adenocarcinoma,7,C0602,floor
99299,100,SDTTASTPISTFSHVQRMSISVPDILS,TPISTFSHVQR,0,MUC16,pancreatic adenocarcinoma,7,C1402,floor
99299,100,SDTTASTPISTFSHVQRMSISVPDILS,STFSHVQRMSI,0,MUC16,pancreatic adenocarcinoma,7,A3301,floor
99299,100,SDTTASTPISTFSHVQRMSISVPDILS,STFSHVQRMSI,0,MUC16,pancreatic adenocarcinoma,7,A6801,floor
99299,20,SDTTASTPISTFSHVQRMSISVPDILS,STFSHVQRMSI,0,MUC16,pancreatic adenocarcinoma,7,B1302,scoreable
99299,21,SDTTASTPISTFSHVQRMSISVPDILS,STFSHVQRMSI,0,MUC16,pancreatic adenocarcinoma,7,B1516,scoreable
99299,100,SDTTASTPISTFSHVQRMSISVPDILS,STFSHVQRMSI,0,MUC16,pancreatic adenocarcinoma,7,C0602,floor
99299,100,SDTTASTPISTFSHVQRMSISVPDILS,STFSHVQRMSI,0,MUC16,pancreatic adenocarcinoma,7,C1402,floor
99299,100,SDTTASTPISTFSHVQRMSISVPDILS,STPISTFSHVQR,0,MUC16,pancreatic adenocarcinoma,7,A3301,floor
99299,19,SDTTASTPISTFSHVQRMSISVPDILS,STPISTFSHVQR,0,MUC16,pancreatic adenocarcinoma,7,A6801,scoreable
99299,100,SDTTASTPISTFSHVQRMSISVPDILS,STPISTFSHVQR,0,MUC16,pancreatic adenocarcinoma,7,B1302,floor
99299,100,SDTTASTPISTFSHVQRMSISVPDILS,STPISTFSHVQR,0,MUC16,pancreatic adenocarcinoma,7,B1516,floor
99299,100,SDTTASTPISTFSHVQRMSISVPDILS,STPISTFSHVQR,0,MUC16,pancreatic adenocarcinoma,7,C0602,floor
99299,100,SDTTASTPISTFSHVQRMSISVPDILS,STPISTFSHVQR,0,MUC16,pancreatic adenocarcinoma,7,C1402,floor
99299,100,AQKEKELEKQRESTATDVLQKKQEAES,RESTATDVL,0,DNAJC11,pancreatic adenocarcinoma,7,A3301,floor
99299,100,AQKEKELEKQRESTATDVLQKKQEAES,RESTATDVL,0,DNAJC11,pancreatic adenocarcinoma,7,A6801,floor
99299,20,AQKEKELEKQRESTATDVLQKKQEAES,RESTATDVL,0,DNAJC11,pancreatic adenocarcinoma,7,B1302,scoreable
99299,100,AQKEKELEKQRESTATDVLQKKQEAES,RESTATDVL,0,DNAJC11,pancreatic adenocarcinoma,7,B1516,floor
99299,100,AQKEKELEKQRESTATDVLQKKQEAES,RESTATDVL,0,DNAJC11,pancreatic adenocarcinoma,7,C0602,floor
99299,100,AQKEKELEKQRESTATDVLQKKQEAES,RESTATDVL,0,DNAJC11,pancreatic adenocarcinoma,7,C1402,floor
99299,18,AQKEKELEKQRESTATDVLQKKQEAES,STATDVLQK,0,DNAJC11,pancreatic adenocarcinoma,7,A3301,scoreable
99299,19,AQKEKELEKQRESTATDVLQKKQEAES,STATDVLQK,0,DNAJC11,pancreatic adenocarcinoma,7,A6801,scoreable
99299,100,AQKEKELEKQRESTATDVLQKKQEAES,STATDVLQK,0,DNAJC11,pancreatic adenocarcinoma,7,B1302,floor
99299,100,AQKEKELEKQRESTATDVLQKKQEAES,STATDVLQK,0,DNAJC11,pancreatic adenocarcinoma,7,B1516,floor
99299,100,AQKEKELEKQRESTATDVLQKKQEAES,STATDVLQK,0,DNAJC11,pancreatic adenocarcinoma,7,C0602,floor
99299,100,AQKEKELEKQRESTATDVLQKKQEAES,STATDVLQK,0,DNAJC11,pancreatic adenocarcinoma,7,C1402,floor
99299,18,AQKEKELEKQRESTATDVLQKKQEAES,TATDVLQKK,0,DNAJC11,pancreatic adenocarcinoma,7,A3301,scoreable
99299,19,AQKEKELEKQRESTATDVLQKKQEAES,TATDVLQKK,0,DNAJC11,pancreatic adenocarcinoma,7,A6801,scoreable
99299,100,AQKEKELEKQRESTATDVLQKKQEAES,TATDVLQKK,0,DNAJC11,pancreatic adenocarcinoma,7,B1302,floor
99299,100,AQKEKELEKQRESTATDVLQKKQEAES,TATDVLQKK,0,DNAJC11,pancreatic adenocarcinoma,7,B1516,floor
99299,22,AQKEKELEKQRESTATDVLQKKQEAES,TATDVLQKK,0,DNAJC11,pancreatic adenocarcinoma,7,C0602,scoreable
99299,100,AQKEKELEKQRESTATDVLQKKQEAES,TATDVLQKK,0,DNAJC11,pancreatic adenocarcinoma,7,C1402,floor
99299,100,AQKEKELEKQRESTATDVLQKKQEAES,KQRESTATDV,0,DNAJC11,pancreatic adenocarcinoma,7,A3301,floor
99299,100,AQKEKELEKQRESTATDVLQKKQEAES,KQRESTATDV,0,DNAJC11,pancreatic adenocarcinoma,7,A6801,floor
99299,20,AQKEKELEKQRESTATDVLQKKQEAES,KQRESTATDV,0,DNAJC11,pancreatic adenocarcinoma,7,B1302,scoreable
99299,100,AQKEKELEKQRESTATDVLQKKQEAES,KQRESTATDV,0,DNAJC11,pancreatic adenocarcinoma,7,B1516,floor
99299,100,AQKEKELEKQRESTATDVLQKKQEAES,KQRESTATDV,0,DNAJC11,pancreatic adenocarcinoma,7,C0602,floor
99299,100,AQKEKELEKQRESTATDVLQKKQEAES,KQRESTATDV,0,DNAJC11,pancreatic adenocarcinoma,7,C1402,floor
99299,18,AQKEKELEKQRESTATDVLQKKQEAES,ESTATDVLQK,0,DNAJC11,pancreatic adenocarcinoma,7,A3301,scoreable
99299,19,AQKEKELEKQRESTATDVLQKKQEAES,ESTATDVLQK,0,DNAJC11,pancreatic adenocarcinoma,7,A6801,scoreable
99299,100,AQKEKELEKQRESTATDVLQKKQEAES,ESTATDVLQK,0,DNAJC11,pancreatic adenocarcinoma,7,B1302,floor
99299,100,AQKEKELEKQRESTATDVLQKKQEAES,ESTATDVLQK,0,DNAJC11,pancreatic adenocarcinoma,7,B1516,floor
99299,100,AQKEKELEKQRESTATDVLQKKQEAES,ESTATDVLQK,0,DNAJC11,pancreatic adenocarcinoma,7,C0602,floor
99299,100,AQKEKELEKQRESTATDVLQKKQEAES,ESTATDVLQK,0,DNAJC11,pancreatic adenocarcinoma,7,C1402,floor
99299,18,AQKEKELEKQRESTATDVLQKKQEAES,STATDVLQKK,0,DNAJC11,pancreatic adenocarcinoma,7,A3301,scoreable
99299,19,AQKEKELEKQRESTATDVLQKKQEAES,STATDVLQKK,0,DNAJC11,pancreatic adenocarcinoma,7,A6801,scoreable
99299,100,AQKEKELEKQRESTATDVLQKKQEAES,STATDVLQKK,0,DNAJC11,pancreatic adenocarcinoma,7,B1302,floor
99299,100,AQKEKELEKQRESTATDVLQKKQEAES,STATDVLQKK,0,DNAJC11,pancreatic adenocarcinoma,7,B1516,floor
99299,22,AQKEKELEKQRESTATDVLQKKQEAES,STATDVLQKK,0,DNAJC11,pancreatic adenocarcinoma,7,C0602,scoreable
99299,100,AQKEKELEKQRESTATDVLQKKQEAES,STATDVLQKK,0,DNAJC11,pancreatic adenocarcinoma,7,C1402,floor
99299,100,AQKEKELEKQRESTATDVLQKKQEAES,KELEKQRESTA,0,DNAJC11,pancreatic adenocarcinoma,7,A3301,floor
99299,100,AQKEKELEKQRESTATDVLQKKQEAES,KELEKQRESTA,0,DNAJC11,pancreatic adenocarcinoma,7,A6801,floor
99299,20,AQKEKELEKQRESTATDVLQKKQEAES,KELEKQRESTA,0,DNAJC11,pancreatic adenocarcinoma,7,B1302,scoreable
99299,100,AQKEKELEKQRESTATDVLQKKQEAES,KELEKQRESTA,0,DNAJC11,pancreatic adenocarcinoma,7,B1516,floor
99299,100,AQKEKELEKQRESTATDVLQKKQEAES,KELEKQRESTA,0,DNAJC11,pancreatic adenocarcinoma,7,C0602,floor
99299,100,AQKEKELEKQRESTATDVLQKKQEAES,KELEKQRESTA,0,DNAJC11,pancreatic adenocarcinoma,7,C1402,floor
99299,100,AQKEKELEKQRESTATDVLQKKQEAES,KQRESTATDVL,0,DNAJC11,pancreatic adenocarcinoma,7,A3301,floor
99299,100,AQKEKELEKQRESTATDVLQKKQEAES,KQRESTATDVL,0,DNAJC11,pancreatic adenocarcinoma,7,A6801,floor
99299,20,AQKEKELEKQRESTATDVLQKKQEAES,KQRESTATDVL,0,DNAJC11,pancreatic adenocarcinoma,7,B1302,scoreable
99299,100,AQKEKELEKQRESTATDVLQKKQEAES,KQRESTATDVL,0,DNAJC11,pancreatic adenocarcinoma,7,B1516,floor
99299,22,AQKEKELEKQRESTATDVLQKKQEAES,KQRESTATDVL,0,DNAJC11,pancreatic adenocarcinoma,7,C0602,scoreable
99299,100,AQKEKELEKQRESTATDVLQKKQEAES,KQRESTATDVL,0,DNAJC11,pancreatic adenocarcinoma,7,C1402,floor
99299,18,AQKEKELEKQRESTATDVLQKKQEAES,ESTATDVLQKK,0,DNAJC11,pancreatic adenocarcinoma,7,A3301,scoreable
99299,19,AQKEKELEKQRESTATDVLQKKQEAES,ESTATDVLQKK,0,DNAJC11,pancreatic adenocarcinoma,7,A6801,scoreable
99299,100,AQKEKELEKQRESTATDVLQKKQEAES,ESTATDVLQKK,0,DNAJC11,pancreatic adenocarcinoma,7,B1302,floor
99299,100,AQKEKELEKQRESTATDVLQKKQEAES,ESTATDVLQKK,0,DNAJC11,pancreatic adenocarcinoma,7,B1516,floor
99299,100,AQKEKELEKQRESTATDVLQKKQEAES,ESTATDVLQKK,0,DNAJC11,pancreatic adenocarcinoma,7,C0602,floor
99299,100,AQKEKELEKQRESTATDVLQKKQEAES,ESTATDVLQKK,0,DNAJC11,pancreatic adenocarcinoma,7,C1402,floor
99122,93,MTEYKLVVVGACGVGKSALTIQLIQ,VVVGACGVGK,0,KRAS,pancreatic adenocarcinoma,0,A2402,floor
99122,1,MTEYKLVVVGACGVGKSALTIQLIQ,VVVGACGVGK,0,KRAS,pancreatic adenocarcinoma,0,A2601,scoreable
99122,93,MTEYKLVVVGACGVGKSALTIQLIQ,VVVGACGVGK,0,KRAS,pancreatic adenocarcinoma,0,B3502,floor
99122,93,MTEYKLVVVGACGVGKSALTIQLIQ,VVVGACGVGK,0,KRAS,pancreatic adenocarcinoma,0,B3801,floor
99122,93,MTEYKLVVVGACGVGKSALTIQLIQ,VVVGACGVGK,0,KRAS,pancreatic adenocarcinoma,0,C0401,floor
99122,93,MTEYKLVVVGACGVGKSALTIQLIQ,VVVGACGVGK,0,KRAS,pancreatic adenocarcinoma,0,C1203,floor
99122,93,MTEYKLVVVGACGVGKSALTIQLIQ,GACGVGKSAL,0,KRAS,pancreatic adenocarcinoma,0,A2402,floor
99122,93,MTEYKLVVVGACGVGKSALTIQLIQ,GACGVGKSAL,0,KRAS,pancreatic adenocarcinoma,0,A2601,floor
99122,2,MTEYKLVVVGACGVGKSALTIQLIQ,GACGVGKSAL,0,KRAS,pancreatic adenocarcinoma,0,B3502,scoreable
99122,93,MTEYKLVVVGACGVGKSALTIQLIQ,GACGVGKSAL,0,KRAS,pancreatic adenocarcinoma,0,B3801,floor
99122,93,MTEYKLVVVGACGVGKSALTIQLIQ,GACGVGKSAL,0,KRAS,pancreatic adenocarcinoma,0,C0401,floor
99122,5,MTEYKLVVVGACGVGKSALTIQLIQ,GACGVGKSAL,0,KRAS,pancreatic adenocarcinoma,0,C1203,scoreable
99122,93,PASEAETVLCVWPVRLTLSPLTAFSDA,ETVLCVWPV,0,LRRC26,pancreatic adenocarcinoma,0,A2402,floor
99122,1,PASEAETVLCVWPVRLTLSPLTAFSDA,ETVLCVWPV,0,LRRC26,pancreatic adenocarcinoma,0,A2601,scoreable
99122,93,PASEAETVLCVWPVRLTLSPLTAFSDA,ETVLCVWPV,0,LRRC26,pancreatic adenocarcinoma,0,B3502,floor
99122,93,PASEAETVLCVWPVRLTLSPLTAFSDA,ETVLCVWPV,0,LRRC26,pancreatic adenocarcinoma,0,B3801,floor
99122,93,PASEAETVLCVWPVRLTLSPLTAFSDA,ETVLCVWPV,0,LRRC26,pancreatic adenocarcinoma,0,C0401,floor
99122,93,PASEAETVLCVWPVRLTLSPLTAFSDA,ETVLCVWPV,0,LRRC26,pancreatic adenocarcinoma,0,C1203,floor
99122,0,PASEAETVLCVWPVRLTLSPLTAFSDA,VLCVWPVRL,0,LRRC26,pancreatic adenocarcinoma,0,A2402,scoreable
99122,93,PASEAETVLCVWPVRLTLSPLTAFSDA,VLCVWPVRL,0,LRRC26,pancreatic adenocarcinoma,0,A2601,floor
99122,93,PASEAETVLCVWPVRLTLSPLTAFSDA,VLCVWPVRL,0,LRRC26,pancreatic adenocarcinoma,0,B3502,floor
99122,93,PASEAETVLCVWPVRLTLSPLTAFSDA,VLCVWPVRL,0,LRRC26,pancreatic adenocarcinoma,0,B3801,floor
99122,93,PASEAETVLCVWPVRLTLSPLTAFSDA,VLCVWPVRL,0,LRRC26,pancreatic adenocarcinoma,0,C0401,floor
99122,93,PASEAETVLCVWPVRLTLSPLTAFSDA,VLCVWPVRL,0,LRRC26,pancreatic adenocarcinoma,0,C1203,floor
99122,0,PASEAETVLCVWPVRLTLSPLTAFSDA,CVWPVRLTL,0,LRRC26,pancreatic adenocarcinoma,0,A2402,scoreable
99122,93,PASEAETVLCVWPVRLTLSPLTAFSDA,CVWPVRLTL,0,LRRC26,pancreatic adenocarcinoma,0,A2601,floor
99122,2,PASEAETVLCVWPVRLTLSPLTAFSDA,CVWPVRLTL,0,LRRC26,pancreatic adenocarcinoma,0,B3502,scoreable
99122,3,PASEAETVLCVWPVRLTLSPLTAFSDA,CVWPVRLTL,0,LRRC26,pancreatic adenocarcinoma,0,B3801,scoreable
99122,4,PASEAETVLCVWPVRLTLSPLTAFSDA,CVWPVRLTL,0,LRRC26,pancreatic adenocarcinoma,0,C0401,scoreable
99122,93,PASEAETVLCVWPVRLTLSPLTAFSDA,CVWPVRLTL,0,LRRC26,pancreatic adenocarcinoma,0,C1203,floor
99122,93,PASEAETVLCVWPVRLTLSPLTAFSDA,WPVRLTLSP,0,LRRC26,pancreatic adenocarcinoma,0,A2402,floor
99122,93,PASEAETVLCVWPVRLTLSPLTAFSDA,WPVRLTLSP,0,LRRC26,pancreatic adenocarcinoma,0,A2601,floor
99122,2,PASEAETVLCVWPVRLTLSPLTAFSDA,WPVRLTLSP,0,LRRC26,pancreatic adenocarcinoma,0,B3502,scoreable
99122,93,PASEAETVLCVWPVRLTLSPLTAFSDA,WPVRLTLSP,0,LRRC26,pancreatic adenocarcinoma,0,B3801,floor
99122,93,PASEAETVLCVWPVRLTLSPLTAFSDA,WPVRLTLSP,0,LRRC26,pancreatic adenocarcinoma,0,C0401,floor
99122,93,PASEAETVLCVWPVRLTLSPLTAFSDA,WPVRLTLSP,0,LRRC26,pancreatic adenocarcinoma,0,C1203,floor
99122,93,PASEAETVLCVWPVRLTLSPLTAFSDA,PVRLTLSPL,0,LRRC26,pancreatic adenocarcinoma,0,A2402,floor
99122,93,PASEAETVLCVWPVRLTLSPLTAFSDA,PVRLTLSPL,0,LRRC26,pancreatic adenocarcinoma,0,A2601,floor
99122,93,PASEAETVLCVWPVRLTLSPLTAFSDA,PVRLTLSPL,0,LRRC26,pancreatic adenocarcinoma,0,B3502,floor
99122,93,PASEAETVLCVWPVRLTLSPLTAFSDA,PVRLTLSPL,0,LRRC26,pancreatic adenocarcinoma,0,B3801,floor
99122,93,PASEAETVLCVWPVRLTLSPLTAFSDA,PVRLTLSPL,0,LRRC26,pancreatic adenocarcinoma,0,C0401,floor
99122,5,PASEAETVLCVWPVRLTLSPLTAFSDA,PVRLTLSPL,0,LRRC26,pancreatic adenocarcinoma,0,C1203,scoreable
99122,93,PASEAETVLCVWPVRLTLSPLTAFSDA,ETVLCVWPVR,0,LRRC26,pancreatic adenocarcinoma,0,A2402,floor
99122,1,PASEAETVLCVWPVRLTLSPLTAFSDA,ETVLCVWPVR,0,LRRC26,pancreatic adenocarcinoma,0,A2601,scoreable
99122,93,PASEAETVLCVWPVRLTLSPLTAFSDA,ETVLCVWPVR,0,LRRC26,pancreatic adenocarcinoma,0,B3502,floor
99122,93,PASEAETVLCVWPVRLTLSPLTAFSDA,ETVLCVWPVR,0,LRRC26,pancreatic adenocarcinoma,0,B3801,floor
99122,93,PASEAETVLCVWPVRLTLSPLTAFSDA,ETVLCVWPVR,0,LRRC26,pancreatic adenocarcinoma,0,C0401,floor
99122,93,PASEAETVLCVWPVRLTLSPLTAFSDA,ETVLCVWPVR,0,LRRC26,pancreatic adenocarcinoma,0,C1203,floor
99122,93,PASEAETVLCVWPVRLTLSPLTAFSDA,WPVRLTLSPL,0,LRRC26,pancreatic adenocarcinoma,0,A2402,floor
99122,93,PASEAETVLCVWPVRLTLSPLTAFSDA,WPVRLTLSPL,0,LRRC26,pancreatic adenocarcinoma,0,A2601,floor
99122,2,PASEAETVLCVWPVRLTLSPLTAFSDA,WPVRLTLSPL,0,LRRC26,pancreatic adenocarcinoma,0,B3502,scoreable
99122,93,PASEAETVLCVWPVRLTLSPLTAFSDA,WPVRLTLSPL,0,LRRC26,pancreatic adenocarcinoma,0,B3801,floor
99122,93,PASEAETVLCVWPVRLTLSPLTAFSDA,WPVRLTLSPL,0,LRRC26,pancreatic adenocarcinoma,0,C0401,floor
99122,93,PASEAETVLCVWPVRLTLSPLTAFSDA,WPVRLTLSPL,0,LRRC26,pancreatic adenocarcinoma,0,C1203,floor
99122,0,PASEAETVLCVWPVRLTLSPLTAFSDA,VWPVRLTLSPL,0,LRRC26,pancreatic adenocarcinoma,0,A2402,scoreable
99122,93,PASEAETVLCVWPVRLTLSPLTAFSDA,VWPVRLTLSPL,0,LRRC26,pancreatic adenocarcinoma,0,A2601,floor
99122,93,PASEAETVLCVWPVRLTLSPLTAFSDA,VWPVRLTLSPL,0,LRRC26,pancreatic adenocarcinoma,0,B3502,floor
99122,93,PASEAETVLCVWPVRLTLSPLTAFSDA,VWPVRLTLSPL,0,LRRC26,pancreatic adenocarcinoma,0,B3801,floor
99122,93,PASEAETVLCVWPVRLTLSPLTAFSDA,VWPVRLTLSPL,0,LRRC26,pancreatic adenocarcinoma,0,C0401,floor
99122,93,PASEAETVLCVWPVRLTLSPLTAFSDA,VWPVRLTLSPL,0,LRRC26,pancreatic adenocarcinoma,0,C1203,floor
99122,93,PASEAETVLCVWPVRLTLSPLTAFSDA,VRLTLSPLTAF,0,LRRC26,pancreatic adenocarcinoma,0,A2402,floor
99122,93,PASEAETVLCVWPVRLTLSPLTAFSDA,VRLTLSPLTAF,0,LRRC26,pancreatic adenocarcinoma,0,A2601,floor
99122,93,PASEAETVLCVWPVRLTLSPLTAFSDA,VRLTLSPLTAF,0,LRRC26,pancreatic adenocarcinoma,0,B3502,floor
99122,3,PASEAETVLCVWPVRLTLSPLTAFSDA,VRLTLSPLTAF,0,LRRC26,pancreatic adenocarcinoma,0,B3801,scoreable
99122,93,PASEAETVLCVWPVRLTLSPLTAFSDA,VRLTLSPLTAF,0,LRRC26,pancreatic adenocarcinoma,0,C0401,floor
99122,93,PASEAETVLCVWPVRLTLSPLTAFSDA,VRLTLSPLTAF,0,LRRC26,pancreatic adenocarcinoma,0,C1203,floor
99122,93,GQEDYDRLRPLSYTDTDVILMCFSVDS,LSYTDTDVI,0,RHOB,pancreatic adenocarcinoma,0,A2402,floor
99122,93,GQEDYDRLRPLSYTDTDVILMCFSVDS,LSYTDTDVI,0,RHOB,pancreatic adenocarcinoma,0,A2601,floor
99122,93,GQEDYDRLRPLSYTDTDVILMCFSVDS,LSYTDTDVI,0,RHOB,pancreatic adenocarcinoma,0,B3502,floor
99122,3,GQEDYDRLRPLSYTDTDVILMCFSVDS,LSYTDTDVI,0,RHOB,pancreatic adenocarcinoma,0,B3801,scoreable
99122,93,GQEDYDRLRPLSYTDTDVILMCFSVDS,LSYTDTDVI,0,RHOB,pancreatic adenocarcinoma,0,C0401,floor
99122,93,GQEDYDRLRPLSYTDTDVILMCFSVDS,LSYTDTDVI,0,RHOB,pancreatic adenocarcinoma,0,C1203,floor
99122,0,GQEDYDRLRPLSYTDTDVILMCFSVDS,SYTDTDVIL,0,RHOB,pancreatic adenocarcinoma,0,A2402,scoreable
99122,93,GQEDYDRLRPLSYTDTDVILMCFSVDS,SYTDTDVIL,0,RHOB,pancreatic adenocarcinoma,0,A2601,floor
99122,93,GQEDYDRLRPLSYTDTDVILMCFSVDS,SYTDTDVIL,0,RHOB,pancreatic adenocarcinoma,0,B3502,floor
99122,3,GQEDYDRLRPLSYTDTDVILMCFSVDS,SYTDTDVIL,0,RHOB,pancreatic adenocarcinoma,0,B3801,scoreable
99122,93,GQEDYDRLRPLSYTDTDVILMCFSVDS,SYTDTDVIL,0,RHOB,pancreatic adenocarcinoma,0,C0401,floor
99122,93,GQEDYDRLRPLSYTDTDVILMCFSVDS,SYTDTDVIL,0,RHOB,pancreatic adenocarcinoma,0,C1203,floor
99122,93,GQEDYDRLRPLSYTDTDVILMCFSVDS,YTDTDVILM,0,RHOB,pancreatic adenocarcinoma,0,A2402,floor
99122,1,GQEDYDRLRPLSYTDTDVILMCFSVDS,YTDTDVILM,0,RHOB,pancreatic adenocarcinoma,0,A2601,scoreable
99122,2,GQEDYDRLRPLSYTDTDVILMCFSVDS,YTDTDVILM,0,RHOB,pancreatic adenocarcinoma,0,B3502,scoreable
99122,3,GQEDYDRLRPLSYTDTDVILMCFSVDS,YTDTDVILM,0,RHOB,pancreatic adenocarcinoma,0,B3801,scoreable
99122,93,GQEDYDRLRPLSYTDTDVILMCFSVDS,YTDTDVILM,0,RHOB,pancreatic adenocarcinoma,0,C0401,floor
99122,93,GQEDYDRLRPLSYTDTDVILMCFSVDS,YTDTDVILM,0,RHOB,pancreatic adenocarcinoma,0,C1203,floor
99122,0,GQEDYDRLRPLSYTDTDVILMCFSVDS,SYTDTDVILM,0,RHOB,pancreatic adenocarcinoma,0,A2402,scoreable
99122,93,GQEDYDRLRPLSYTDTDVILMCFSVDS,SYTDTDVILM,0,RHOB,pancreatic adenocarcinoma,0,A2601,floor
99122,93,GQEDYDRLRPLSYTDTDVILMCFSVDS,SYTDTDVILM,0,RHOB,pancreatic adenocarcinoma,0,B3502,floor
99122,3,GQEDYDRLRPLSYTDTDVILMCFSVDS,SYTDTDVILM,0,RHOB,pancreatic adenocarcinoma,0,B3801,scoreable
99122,93,GQEDYDRLRPLSYTDTDVILMCFSVDS,SYTDTDVILM,0,RHOB,pancreatic adenocarcinoma,0,C0401,floor
99122,93,GQEDYDRLRPLSYTDTDVILMCFSVDS,SYTDTDVILM,0,RHOB,pancreatic adenocarcinoma,0,C1203,floor
99122,93,GQEDYDRLRPLSYTDTDVILMCFSVDS,RPLSYTDTDVI,0,RHOB,pancreatic adenocarcinoma,0,A2402,floor
99122,93,GQEDYDRLRPLSYTDTDVILMCFSVDS,RPLSYTDTDVI,0,RHOB,pancreatic adenocarcinoma,0,A2601,floor
99122,2,GQEDYDRLRPLSYTDTDVILMCFSVDS,RPLSYTDTDVI,0,RHOB,pancreatic adenocarcinoma,0,B3502,scoreable
99122,93,GQEDYDRLRPLSYTDTDVILMCFSVDS,RPLSYTDTDVI,0,RHOB,pancreatic adenocarcinoma,0,B3801,floor
99122,93,GQEDYDRLRPLSYTDTDVILMCFSVDS,RPLSYTDTDVI,0,RHOB,pancreatic adenocarcinoma,0,C0401,floor
99122,93,GQEDYDRLRPLSYTDTDVILMCFSVDS,RPLSYTDTDVI,0,RHOB,pancreatic adenocarcinoma,0,C1203,floor
99122,0,GQEDYDRLRPLSYTDTDVILMCFSVDS,SYTDTDVILMC,0,RHOB,pancreatic adenocarcinoma,0,A2402,scoreable
99122,93,GQEDYDRLRPLSYTDTDVILMCFSVDS,SYTDTDVILMC,0,RHOB,pancreatic adenocarcinoma,0,A2601,floor
99122,93,GQEDYDRLRPLSYTDTDVILMCFSVDS,SYTDTDVILMC,0,RHOB,pancreatic adenocarcinoma,0,B3502,floor
99122,93,GQEDYDRLRPLSYTDTDVILMCFSVDS,SYTDTDVILMC,0,RHOB,pancreatic adenocarcinoma,0,B3801,floor
99122,93,GQEDYDRLRPLSYTDTDVILMCFSVDS,SYTDTDVILMC,0,RHOB,pancreatic adenocarcinoma,0,C0401,floor
99122,93,GQEDYDRLRPLSYTDTDVILMCFSVDS,SYTDTDVILMC,0,RHOB,pancreatic adenocarcinoma,0,C1203,floor
99122,0,GQEDYDRLRPLSYTDTDVILMCFSVDS,YTDTDVILMCF,0,RHOB,pancreatic adenocarcinoma,0,A2402,scoreable
99122,93,GQEDYDRLRPLSYTDTDVILMCFSVDS,YTDTDVILMCF,0,RHOB,pancreatic adenocarcinoma,0,A2601,floor
99122,93,GQEDYDRLRPLSYTDTDVILMCFSVDS,YTDTDVILMCF,0,RHOB,pancreatic adenocarcinoma,0,B3502,floor
99122,93,GQEDYDRLRPLSYTDTDVILMCFSVDS,YTDTDVILMCF,0,RHOB,pancreatic adenocarcinoma,0,B3801,floor
99122,93,GQEDYDRLRPLSYTDTDVILMCFSVDS,YTDTDVILMCF,0,RHOB,pancreatic adenocarcinoma,0,C0401,floor
99122,93,GQEDYDRLRPLSYTDTDVILMCFSVDS,YTDTDVILMCF,0,RHOB,pancreatic adenocarcinoma,0,C1203,floor
99122,93,GQEDYDRLRPLSYTDTDVILMCFSVDS,RPLSYTDTDVIL,0,RHOB,pancreatic adenocarcinoma,0,A2402,floor
99122,93,GQEDYDRLRPLSYTDTDVILMCFSVDS,RPLSYTDTDVIL,0,RHOB,pancreatic adenocarcinoma,0,A2601,floor
99122,2,GQEDYDRLRPLSYTDTDVILMCFSVDS,RPLSYTDTDVIL,0,RHOB,pancreatic adenocarcinoma,0,B3502,scoreable
99122,93,GQEDYDRLRPLSYTDTDVILMCFSVDS,RPLSYTDTDVIL,0,RHOB,pancreatic adenocarcinoma,0,B3801,floor
99122,93,GQEDYDRLRPLSYTDTDVILMCFSVDS,RPLSYTDTDVIL,0,RHOB,pancreatic adenocarcinoma,0,C0401,floor
99122,93,GQEDYDRLRPLSYTDTDVILMCFSVDS,RPLSYTDTDVIL,0,RHOB,pancreatic adenocarcinoma,0,C1203,floor
99122,0,GQEDYDRLRPLSYTDTDVILMCFSVDS,SYTDTDVILMCF,0,RHOB,pancreatic adenocarcinoma,0,A2402,scoreable
99122,93,GQEDYDRLRPLSYTDTDVILMCFSVDS,SYTDTDVILMCF,0,RHOB,pancreatic adenocarcinoma,0,A2601,floor
99122,93,GQEDYDRLRPLSYTDTDVILMCFSVDS,SYTDTDVILMCF,0,RHOB,pancreatic adenocarcinoma,0,B3502,floor
99122,93,GQEDYDRLRPLSYTDTDVILMCFSVDS,SYTDTDVILMCF,0,RHOB,pancreatic adenocarcinoma,0,B3801,floor
99122,93,GQEDYDRLRPLSYTDTDVILMCFSVDS,SYTDTDVILMCF,0,RHOB,pancreatic adenocarcinoma,0,C0401,floor
99122,93,GQEDYDRLRPLSYTDTDVILMCFSVDS,SYTDTDVILMCF,0,RHOB,pancreatic adenocarcinoma,0,C1203,floor
99122,0,MLHGTMTAWRGMRPEV,MLHGTMTAW,0,BOC,pancreatic adenocarcinoma,0,A2402,scoreable
99122,93,MLHGTMTAWRGMRPEV,MLHGTMTAW,0,BOC,pancreatic adenocarcinoma,0,A2601,floor
99122,93,MLHGTMTAWRGMRPEV,MLHGTMTAW,0,BOC,pancreatic adenocarcinoma,0,B3502,floor
99122,93,MLHGTMTAWRGMRPEV,MLHGTMTAW,0,BOC,pancreatic adenocarcinoma,0,B3801,floor
99122,93,MLHGTMTAWRGMRPEV,MLHGTMTAW,0,BOC,pancreatic adenocarcinoma,0,C0401,floor
99122,5,MLHGTMTAWRGMRPEV,MLHGTMTAW,0,BOC,pancreatic adenocarcinoma,0,C1203,scoreable
99122,93,EALTSDYLYYISNKYKGMPGGRNLYKI,YLYYISNKY,0,DPP4,pancreatic adenocarcinoma,0,A2402,floor
99122,1,EALTSDYLYYISNKYKGMPGGRNLYKI,YLYYISNKY,0,DPP4,pancreatic adenocarcinoma,0,A2601,scoreable
99122,93,EALTSDYLYYISNKYKGMPGGRNLYKI,YLYYISNKY,0,DPP4,pancreatic adenocarcinoma,0,B3502,floor
99122,93,EALTSDYLYYISNKYKGMPGGRNLYKI,YLYYISNKY,0,DPP4,pancreatic adenocarcinoma,0,B3801,floor
99122,93,EALTSDYLYYISNKYKGMPGGRNLYKI,YLYYISNKY,0,DPP4,pancreatic adenocarcinoma,0,C0401,floor
99122,5,EALTSDYLYYISNKYKGMPGGRNLYKI,YLYYISNKY,0,DPP4,pancreatic adenocarcinoma,0,C1203,scoreable
99122,0,EALTSDYLYYISNKYKGMPGGRNLYKI,YYISNKYKG,0,DPP4,pancreatic adenocarcinoma,0,A2402,scoreable
99122,93,EALTSDYLYYISNKYKGMPGGRNLYKI,YYISNKYKG,0,DPP4,pancreatic adenocarcinoma,0,A2601,floor
99122,93,EALTSDYLYYISNKYKGMPGGRNLYKI,YYISNKYKG,0,DPP4,pancreatic adenocarcinoma,0,B3502,floor
99122,93,EALTSDYLYYISNKYKGMPGGRNLYKI,YYISNKYKG,0,DPP4,pancreatic adenocarcinoma,0,B3801,floor
99122,93,EALTSDYLYYISNKYKGMPGGRNLYKI,YYISNKYKG,0,DPP4,pancreatic adenocarcinoma,0,C0401,floor
99122,93,EALTSDYLYYISNKYKGMPGGRNLYKI,YYISNKYKG,0,DPP4,pancreatic adenocarcinoma,0,C1203,floor
99122,93,EALTSDYLYYISNKYKGMPGGRNLYKI,YISNKYKGM,0,DPP4,pancreatic adenocarcinoma,0,A2402,floor
99122,1,EALTSDYLYYISNKYKGMPGGRNLYKI,YISNKYKGM,0,DPP4,pancreatic adenocarcinoma,0,A2601,scoreable
99122,93,EALTSDYLYYISNKYKGMPGGRNLYKI,YISNKYKGM,0,DPP4,pancreatic adenocarcinoma,0,B3502,floor
99122,93,EALTSDYLYYISNKYKGMPGGRNLYKI,YISNKYKGM,0,DPP4,pancreatic adenocarcinoma,0,B3801,floor
99122,93,EALTSDYLYYISNKYKGMPGGRNLYKI,YISNKYKGM,0,DPP4,pancreatic adenocarcinoma,0,C0401,floor
99122,5,EALTSDYLYYISNKYKGMPGGRNLYKI,YISNKYKGM,0,DPP4,pancreatic adenocarcinoma,0,C1203,scoreable
99122,0,EALTSDYLYYISNKYKGMPGGRNLYKI,DYLYYISNKY,0,DPP4,pancreatic adenocarcinoma,0,A2402,scoreable
99122,93,EALTSDYLYYISNKYKGMPGGRNLYKI,DYLYYISNKY,0,DPP4,pancreatic adenocarcinoma,0,A2601,floor
99122,93,EALTSDYLYYISNKYKGMPGGRNLYKI,DYLYYISNKY,0,DPP4,pancreatic adenocarcinoma,0,B3502,floor
99122,93,EALTSDYLYYISNKYKGMPGGRNLYKI,DYLYYISNKY,0,DPP4,pancreatic adenocarcinoma,0,B3801,floor
99122,93,EALTSDYLYYISNKYKGMPGGRNLYKI,DYLYYISNKY,0,DPP4,pancreatic adenocarcinoma,0,C0401,floor
99122,93,EALTSDYLYYISNKYKGMPGGRNLYKI,DYLYYISNKY,0,DPP4,pancreatic adenocarcinoma,0,C1203,floor
99122,0,EALTSDYLYYISNKYKGMPGGRNLYKI,YYISNKYKGM,0,DPP4,pancreatic adenocarcinoma,0,A2402,scoreable
99122,93,EALTSDYLYYISNKYKGMPGGRNLYKI,YYISNKYKGM,0,DPP4,pancreatic adenocarcinoma,0,A2601,floor
99122,93,EALTSDYLYYISNKYKGMPGGRNLYKI,YYISNKYKGM,0,DPP4,pancreatic adenocarcinoma,0,B3502,floor
99122,93,EALTSDYLYYISNKYKGMPGGRNLYKI,YYISNKYKGM,0,DPP4,pancreatic adenocarcinoma,0,B3801,floor
99122,4,EALTSDYLYYISNKYKGMPGGRNLYKI,YYISNKYKGM,0,DPP4,pancreatic adenocarcinoma,0,C0401,scoreable
99122,93,EALTSDYLYYISNKYKGMPGGRNLYKI,YYISNKYKGM,0,DPP4,pancreatic adenocarcinoma,0,C1203,floor
99122,0,EALTSDYLYYISNKYKGMPGGRNLYKI,LYYISNKYKGM,0,DPP4,pancreatic adenocarcinoma,0,A2402,scoreable
99122,93,EALTSDYLYYISNKYKGMPGGRNLYKI,LYYISNKYKGM,0,DPP4,pancreatic adenocarcinoma,0,A2601,floor
99122,93,EALTSDYLYYISNKYKGMPGGRNLYKI,LYYISNKYKGM,0,DPP4,pancreatic adenocarcinoma,0,B3502,floor
99122,93,EALTSDYLYYISNKYKGMPGGRNLYKI,LYYISNKYKGM,0,DPP4,pancreatic adenocarcinoma,0,B3801,floor
99122,93,EALTSDYLYYISNKYKGMPGGRNLYKI,LYYISNKYKGM,0,DPP4,pancreatic adenocarcinoma,0,C0401,floor
99122,93,EALTSDYLYYISNKYKGMPGGRNLYKI,LYYISNKYKGM,0,DPP4,pancreatic adenocarcinoma,0,C1203,floor
99122,0,EALTSDYLYYISNKYKGMPGGRNLYKI,KYKGMPGGRNL,0,DPP4,pancreatic adenocarcinoma,0,A2402,scoreable
99122,93,EALTSDYLYYISNKYKGMPGGRNLYKI,KYKGMPGGRNL,0,DPP4,pancreatic adenocarcinoma,0,A2601,floor
99122,93,EALTSDYLYYISNKYKGMPGGRNLYKI,KYKGMPGGRNL,0,DPP4,pancreatic adenocarcinoma,0,B3502,floor
99122,93,EALTSDYLYYISNKYKGMPGGRNLYKI,KYKGMPGGRNL,0,DPP4,pancreatic adenocarcinoma,0,B3801,floor
99122,93,EALTSDYLYYISNKYKGMPGGRNLYKI,KYKGMPGGRNL,0,DPP4,pancreatic adenocarcinoma,0,C0401,floor
99122,93,EALTSDYLYYISNKYKGMPGGRNLYKI,KYKGMPGGRNL,0,DPP4,pancreatic adenocarcinoma,0,C1203,floor
99122,93,EALTSDYLYYISNKYKGMPGGRNLYKI,NKYKGMPGGRNL,0,DPP4,pancreatic adenocarcinoma,0,A2402,floor
99122,93,EALTSDYLYYISNKYKGMPGGRNLYKI,NKYKGMPGGRNL,0,DPP4,pancreatic adenocarcinoma,0,A2601,floor
99122,93,EALTSDYLYYISNKYKGMPGGRNLYKI,NKYKGMPGGRNL,0,DPP4,pancreatic adenocarcinoma,0,B3502,floor
99122,3,EALTSDYLYYISNKYKGMPGGRNLYKI,NKYKGMPGGRNL,0,DPP4,pancreatic adenocarcinoma,0,B3801,scoreable
99122,93,EALTSDYLYYISNKYKGMPGGRNLYKI,NKYKGMPGGRNL,0,DPP4,pancreatic adenocarcinoma,0,C0401,floor
99122,93,EALTSDYLYYISNKYKGMPGGRNLYKI,NKYKGMPGGRNL,0,DPP4,pancreatic adenocarcinoma,0,C1203,floor
99122,0,EALTSDYLYYISNKYKGMPGGRNLYKI,KYKGMPGGRNLY,0,DPP4,pancreatic adenocarcinoma,0,A2402,scoreable
99122,93,EALTSDYLYYISNKYKGMPGGRNLYKI,KYKGMPGGRNLY,0,DPP4,pancreatic adenocarcinoma,0,A2601,floor
99122,93,EALTSDYLYYISNKYKGMPGGRNLYKI,KYKGMPGGRNLY,0,DPP4,pancreatic adenocarcinoma,0,B3502,floor
99122,93,EALTSDYLYYISNKYKGMPGGRNLYKI,KYKGMPGGRNLY,0,DPP4,pancreatic adenocarcinoma,0,B3801,floor
99122,93,EALTSDYLYYISNKYKGMPGGRNLYKI,KYKGMPGGRNLY,0,DPP4,pancreatic adenocarcinoma,0,C0401,floor
99122,93,EALTSDYLYYISNKYKGMPGGRNLYKI,KYKGMPGGRNLY,0,DPP4,pancreatic adenocarcinoma,0,C1203,floor
99122,0,KLRDDQYTLEHMHSFGMYNYLHCDSWY,YTLEHMHSF,0,NUDCD1,pancreatic adenocarcinoma,0,A2402,scoreable
99122,1,KLRDDQYTLEHMHSFGMYNYLHCDSWY,YTLEHMHSF,0,NUDCD1,pancreatic adenocarcinoma,0,A2601,scoreable
99122,2,KLRDDQYTLEHMHSFGMYNYLHCDSWY,YTLEHMHSF,0,NUDCD1,pancreatic adenocarcinoma,0,B3502,scoreable
99122,3,KLRDDQYTLEHMHSFGMYNYLHCDSWY,YTLEHMHSF,0,NUDCD1,pancreatic adenocarcinoma,0,B3801,scoreable
99122,4,KLRDDQYTLEHMHSFGMYNYLHCDSWY,YTLEHMHSF,0,NUDCD1,pancreatic adenocarcinoma,0,C0401,scoreable
99122,5,KLRDDQYTLEHMHSFGMYNYLHCDSWY,YTLEHMHSF,0,NUDCD1,pancreatic adenocarcinoma,0,C1203,scoreable
99122,93,KLRDDQYTLEHMHSFGMYNYLHCDSWY,LEHMHSFGM,0,NUDCD1,pancreatic adenocarcinoma,0,A2402,floor
99122,93,KLRDDQYTLEHMHSFGMYNYLHCDSWY,LEHMHSFGM,0,NUDCD1,pancreatic adenocarcinoma,0,A2601,floor
99122,93,KLRDDQYTLEHMHSFGMYNYLHCDSWY,LEHMHSFGM,0,NUDCD1,pancreatic adenocarcinoma,0,B3502,floor
99122,3,KLRDDQYTLEHMHSFGMYNYLHCDSWY,LEHMHSFGM,0,NUDCD1,pancreatic adenocarcinoma,0,B3801,scoreable
99122,93,KLRDDQYTLEHMHSFGMYNYLHCDSWY,LEHMHSFGM,0,NUDCD1,pancreatic adenocarcinoma,0,C0401,floor
99122,93,KLRDDQYTLEHMHSFGMYNYLHCDSWY,LEHMHSFGM,0,NUDCD1,pancreatic adenocarcinoma,0,C1203,floor
99122,93,KLRDDQYTLEHMHSFGMYNYLHCDSWY,EHMHSFGMY,0,NUDCD1,pancreatic adenocarcinoma,0,A2402,floor
99122,93,KLRDDQYTLEHMHSFGMYNYLHCDSWY,EHMHSFGMY,0,NUDCD1,pancreatic adenocarcinoma,0,A2601,floor
99122,93,KLRDDQYTLEHMHSFGMYNYLHCDSWY,EHMHSFGMY,0,NUDCD1,pancreatic adenocarcinoma,0,B3502,floor
99122,3,KLRDDQYTLEHMHSFGMYNYLHCDSWY,EHMHSFGMY,0,NUDCD1,pancreatic adenocarcinoma,0,B3801,scoreable
99122,93,KLRDDQYTLEHMHSFGMYNYLHCDSWY,EHMHSFGMY,0,NUDCD1,pancreatic adenocarcinoma,0,C0401,floor
99122,93,KLRDDQYTLEHMHSFGMYNYLHCDSWY,EHMHSFGMY,0,NUDCD1,pancreatic adenocarcinoma,0,C1203,floor
99122,93,KLRDDQYTLEHMHSFGMYNYLHCDSWY,MHSFGMYNY,0,NUDCD1,pancreatic adenocarcinoma,0,A2402,floor
99122,93,KLRDDQYTLEHMHSFGMYNYLHCDSWY,MHSFGMYNY,0,NUDCD1,pancreatic adenocarcinoma,0,A2601,floor
99122,93,KLRDDQYTLEHMHSFGMYNYLHCDSWY,MHSFGMYNY,0,NUDCD1,pancreatic adenocarcinoma,0,B3502,floor
99122,3,KLRDDQYTLEHMHSFGMYNYLHCDSWY,MHSFGMYNY,0,NUDCD1,pancreatic adenocarcinoma,0,B3801,scoreable
99122,93,KLRDDQYTLEHMHSFGMYNYLHCDSWY,MHSFGMYNY,0,NUDCD1,pancreatic adenocarcinoma,0,C0401,floor
99122,93,KLRDDQYTLEHMHSFGMYNYLHCDSWY,MHSFGMYNY,0,NUDCD1,pancreatic adenocarcinoma,0,C1203,floor
99122,0,KLRDDQYTLEHMHSFGMYNYLHCDSWY,HSFGMYNYL,0,NUDCD1,pancreatic adenocarcinoma,0,A2402,scoreable
99122,1,KLRDDQYTLEHMHSFGMYNYLHCDSWY,HSFGMYNYL,0,NUDCD1,pancreatic adenocarcinoma,0,A2601,scoreable
99122,2,KLRDDQYTLEHMHSFGMYNYLHCDSWY,HSFGMYNYL,0,NUDCD1,pancreatic adenocarcinoma,0,B3502,scoreable
99122,3,KLRDDQYTLEHMHSFGMYNYLHCDSWY,HSFGMYNYL,0,NUDCD1,pancreatic adenocarcinoma,0,B3801,scoreable
99122,4,KLRDDQYTLEHMHSFGMYNYLHCDSWY,HSFGMYNYL,0,NUDCD1,pancreatic adenocarcinoma,0,C0401,scoreable
99122,5,KLRDDQYTLEHMHSFGMYNYLHCDSWY,HSFGMYNYL,0,NUDCD1,pancreatic adenocarcinoma,0,C1203,scoreable
99122,0,KLRDDQYTLEHMHSFGMYNYLHCDSWY,QYTLEHMHSF,0,NUDCD1,pancreatic adenocarcinoma,0,A2402,scoreable
99122,93,KLRDDQYTLEHMHSFGMYNYLHCDSWY,QYTLEHMHSF,0,NUDCD1,pancreatic adenocarcinoma,0,A2601,floor
99122,93,KLRDDQYTLEHMHSFGMYNYLHCDSWY,QYTLEHMHSF,0,NUDCD1,pancreatic adenocarcinoma,0,B3502,floor
99122,93,KLRDDQYTLEHMHSFGMYNYLHCDSWY,QYTLEHMHSF,0,NUDCD1,pancreatic adenocarcinoma,0,B3801,floor
99122,93,KLRDDQYTLEHMHSFGMYNYLHCDSWY,QYTLEHMHSF,0,NUDCD1,pancreatic adenocarcinoma,0,C0401,floor
99122,93,KLRDDQYTLEHMHSFGMYNYLHCDSWY,QYTLEHMHSF,0,NUDCD1,pancreatic adenocarcinoma,0,C1203,floor
99122,93,KLRDDQYTLEHMHSFGMYNYLHCDSWY,HMHSFGMYNY,0,NUDCD1,pancreatic adenocarcinoma,0,A2402,floor
99122,1,KLRDDQYTLEHMHSFGMYNYLHCDSWY,HMHSFGMYNY,0,NUDCD1,pancreatic adenocarcinoma,0,A2601,scoreable
99122,93,KLRDDQYTLEHMHSFGMYNYLHCDSWY,HMHSFGMYNY,0,NUDCD1,pancreatic adenocarcinoma,0,B3502,floor
99122,93,KLRDDQYTLEHMHSFGMYNYLHCDSWY,HMHSFGMYNY,0,NUDCD1,pancreatic adenocarcinoma,0,B3801,floor
99122,93,KLRDDQYTLEHMHSFGMYNYLHCDSWY,HMHSFGMYNY,0,NUDCD1,pancreatic adenocarcinoma,0,C0401,floor
99122,93,KLRDDQYTLEHMHSFGMYNYLHCDSWY,HMHSFGMYNY,0,NUDCD1,pancreatic adenocarcinoma,0,C1203,floor
99122,0,KLRDDQYTLEHMHSFGMYNYLHCDSWY,MHSFGMYNYL,0,NUDCD1,pancreatic adenocarcinoma,0,A2402,scoreable
99122,93,KLRDDQYTLEHMHSFGMYNYLHCDSWY,MHSFGMYNYL,0,NUDCD1,pancreatic adenocarcinoma,0,A2601,floor
99122,93,KLRDDQYTLEHMHSFGMYNYLHCDSWY,MHSFGMYNYL,0,NUDCD1,pancreatic adenocarcinoma,0,B3502,floor
99122,3,KLRDDQYTLEHMHSFGMYNYLHCDSWY,MHSFGMYNYL,0,NUDCD1,pancreatic adenocarcinoma,0,B3801,scoreable
99122,93,KLRDDQYTLEHMHSFGMYNYLHCDSWY,MHSFGMYNYL,0,NUDCD1,pancreatic adenocarcinoma,0,C0401,floor
99122,93,KLRDDQYTLEHMHSFGMYNYLHCDSWY,MHSFGMYNYL,0,NUDCD1,pancreatic adenocarcinoma,0,C1203,floor
99122,93,KLRDDQYTLEHMHSFGMYNYLHCDSWY,DQYTLEHMHSF,0,NUDCD1,pancreatic adenocarcinoma,0,A2402,floor
99122,93,KLRDDQYTLEHMHSFGMYNYLHCDSWY,DQYTLEHMHSF,0,NUDCD1,pancreatic adenocarcinoma,0,A2601,floor
99122,93,KLRDDQYTLEHMHSFGMYNYLHCDSWY,DQYTLEHMHSF,0,NUDCD1,pancreatic adenocarcinoma,0,B3502,floor
99122,3,KLRDDQYTLEHMHSFGMYNYLHCDSWY,DQYTLEHMHSF,0,NUDCD1,pancreatic adenocarcinoma,0,B3801,scoreable
99122,93,KLRDDQYTLEHMHSFGMYNYLHCDSWY,DQYTLEHMHSF,0,NUDCD1,pancreatic adenocarcinoma,0,C0401,floor
99122,93,KLRDDQYTLEHMHSFGMYNYLHCDSWY,DQYTLEHMHSF,0,NUDCD1,pancreatic adenocarcinoma,0,C1203,floor
99122,93,KLRDDQYTLEHMHSFGMYNYLHCDSWY,YTLEHMHSFGM,0,NUDCD1,pancreatic adenocarcinoma,0,A2402,floor
99122,93,KLRDDQYTLEHMHSFGMYNYLHCDSWY,YTLEHMHSFGM,0,NUDCD1,pancreatic adenocarcinoma,0,A2601,floor
99122,93,KLRDDQYTLEHMHSFGMYNYLHCDSWY,YTLEHMHSFGM,0,NUDCD1,pancreatic adenocarcinoma,0,B3502,floor
99122,93,KLRDDQYTLEHMHSFGMYNYLHCDSWY,YTLEHMHSFGM,0,NUDCD1,pancreatic adenocarcinoma,0,B3801,floor
99122,93,KLRDDQYTLEHMHSFGMYNYLHCDSWY,YTLEHMHSFGM,0,NUDCD1,pancreatic adenocarcinoma,0,C0401,floor
99122,5,KLRDDQYTLEHMHSFGMYNYLHCDSWY,YTLEHMHSFGM,0,NUDCD1,pancreatic adenocarcinoma,0,C1203,scoreable
99122,93,KLRDDQYTLEHMHSFGMYNYLHCDSWY,EHMHSFGMYNY,0,NUDCD1,pancreatic adenocarcinoma,0,A2402,floor
99122,93,KLRDDQYTLEHMHSFGMYNYLHCDSWY,EHMHSFGMYNY,0,NUDCD1,pancreatic adenocarcinoma,0,A2601,floor
99122,93,KLRDDQYTLEHMHSFGMYNYLHCDSWY,EHMHSFGMYNY,0,NUDCD1,pancreatic adenocarcinoma,0,B3502,floor
99122,3,KLRDDQYTLEHMHSFGMYNYLHCDSWY,EHMHSFGMYNY,0,NUDCD1,pancreatic adenocarcinoma,0,B3801,scoreable
99122,93,KLRDDQYTLEHMHSFGMYNYLHCDSWY,EHMHSFGMYNY,0,NUDCD1,pancreatic adenocarcinoma,0,C0401,floor
99122,93,KLRDDQYTLEHMHSFGMYNYLHCDSWY,EHMHSFGMYNY,0,NUDCD1,pancreatic adenocarcinoma,0,C1203,floor
99122,93,KLRDDQYTLEHMHSFGMYNYLHCDSWY,HMHSFGMYNYL,0,NUDCD1,pancreatic adenocarcinoma,0,A2402,floor
99122,93,KLRDDQYTLEHMHSFGMYNYLHCDSWY,HMHSFGMYNYL,0,NUDCD1,pancreatic adenocarcinoma,0,A2601,floor
99122,93,KLRDDQYTLEHMHSFGMYNYLHCDSWY,HMHSFGMYNYL,0,NUDCD1,pancreatic adenocarcinoma,0,B3502,floor
99122,93,KLRDDQYTLEHMHSFGMYNYLHCDSWY,HMHSFGMYNYL,0,NUDCD1,pancreatic adenocarcinoma,0,B3801,floor
99122,93,KLRDDQYTLEHMHSFGMYNYLHCDSWY,HMHSFGMYNYL,0,NUDCD1,pancreatic adenocarcinoma,0,C0401,floor
99122,5,KLRDDQYTLEHMHSFGMYNYLHCDSWY,HMHSFGMYNYL,0,NUDCD1,pancreatic adenocarcinoma,0,C1203,scoreable
99122,93,KLRDDQYTLEHMHSFGMYNYLHCDSWY,YTLEHMHSFGMY,0,NUDCD1,pancreatic adenocarcinoma,0,A2402,floor
99122,1,KLRDDQYTLEHMHSFGMYNYLHCDSWY,YTLEHMHSFGMY,0,NUDCD1,pancreatic adenocarcinoma,0,A2601,scoreable
99122,93,KLRDDQYTLEHMHSFGMYNYLHCDSWY,YTLEHMHSFGMY,0,NUDCD1,pancreatic adenocarcinoma,0,B3502,floor
99122,93,KLRDDQYTLEHMHSFGMYNYLHCDSWY,YTLEHMHSFGMY,0,NUDCD1,pancreatic adenocarcinoma,0,B3801,floor
99122,93,KLRDDQYTLEHMHSFGMYNYLHCDSWY,YTLEHMHSFGMY,0,NUDCD1,pancreatic adenocarcinoma,0,C0401,floor
99122,5,KLRDDQYTLEHMHSFGMYNYLHCDSWY,YTLEHMHSFGMY,0,NUDCD1,pancreatic adenocarcinoma,0,C1203,scoreable
99122,93,LYLRDFRDNTVRVKDTDWKELYRKRHI,VKDTDWKEL,0,FBXO7,pancreatic adenocarcinoma,0,A2402,floor
99122,93,LYLRDFRDNTVRVKDTDWKELYRKRHI,VKDTDWKEL,0,FBXO7,pancreatic adenocarcinoma,0,A2601,floor
99122,93,LYLRDFRDNTVRVKDTDWKELYRKRHI,VKDTDWKEL,0,FBXO7,pancreatic adenocarcinoma,0,B3502,floor
99122,3,LYLRDFRDNTVRVKDTDWKELYRKRHI,VKDTDWKEL,0,FBXO7,pancreatic adenocarcinoma,0,B3801,scoreable
99122,93,LYLRDFRDNTVRVKDTDWKELYRKRHI,VKDTDWKEL,0,FBXO7,pancreatic adenocarcinoma,0,C0401,floor
99122,93,LYLRDFRDNTVRVKDTDWKELYRKRHI,VKDTDWKEL,0,FBXO7,pancreatic adenocarcinoma,0,C1203,floor
99122,93,LYLRDFRDNTVRVKDTDWKELYRKRHI,RVKDTDWKEL,0,FBXO7,pancreatic adenocarcinoma,0,A2402,floor
99122,93,LYLRDFRDNTVRVKDTDWKELYRKRHI,RVKDTDWKEL,0,FBXO7,pancreatic adenocarcinoma,0,A2601,floor
99122,93,LYLRDFRDNTVRVKDTDWKELYRKRHI,RVKDTDWKEL,0,FBXO7,pancreatic adenocarcinoma,0,B3502,floor
99122,93,LYLRDFRDNTVRVKDTDWKELYRKRHI,RVKDTDWKEL,0,FBXO7,pancreatic adenocarcinoma,0,B3801,floor
99122,93,LYLRDFRDNTVRVKDTDWKELYRKRHI,RVKDTDWKEL,0,FBXO7,pancreatic adenocarcinoma,0,C0401,floor
99122,5,LYLRDFRDNTVRVKDTDWKELYRKRHI,RVKDTDWKEL,0,FBXO7,pancreatic adenocarcinoma,0,C1203,scoreable
99122,93,LYLRDFRDNTVRVKDTDWKELYRKRHI,VRVKDTDWKEL,0,FBXO7,pancreatic adenocarcinoma,0,A2402,floor
99122,93,LYLRDFRDNTVRVKDTDWKELYRKRHI,VRVKDTDWKEL,0,FBXO7,pancreatic adenocarcinoma,0,A2601,floor
99122,93,LYLRDFRDNTVRVKDTDWKELYRKRHI,VRVKDTDWKEL,0,FBXO7,pancreatic adenocarcinoma,0,B3502,floor
99122,3,LYLRDFRDNTVRVKDTDWKELYRKRHI,VRVKDTDWKEL,0,FBXO7,pancreatic adenocarcinoma,0,B3801,scoreable
99122,93,LYLRDFRDNTVRVKDTDWKELYRKRHI,VRVKDTDWKEL,0,FBXO7,pancreatic adenocarcinoma,0,C0401,floor
99122,93,LYLRDFRDNTVRVKDTDWKELYRKRHI,VRVKDTDWKEL,0,FBXO7,pancreatic adenocarcinoma,0,C1203,floor
99122,93,LYLRDFRDNTVRVKDTDWKELYRKRHI,RVKDTDWKELY,0,FBXO7,pancreatic adenocarcinoma,0,A2402,floor
99122,1,LYLRDFRDNTVRVKDTDWKELYRKRHI,RVKDTDWKELY,0,FBXO7,pancreatic adenocarcinoma,0,A2601,scoreable
99122,93,LYLRDFRDNTVRVKDTDWKELYRKRHI,RVKDTDWKELY,0,FBXO7,pancreatic adenocarcinoma,0,B3502,floor
99122,93,LYLRDFRDNTVRVKDTDWKELYRKRHI,RVKDTDWKELY,0,FBXO7,pancreatic adenocarcinoma,0,B3801,floor
99122,93,LYLRDFRDNTVRVKDTDWKELYRKRHI,RVKDTDWKELY,0,FBXO7,pancreatic adenocarcinoma,0,C0401,floor
99122,5,LYLRDFRDNTVRVKDTDWKELYRKRHI,RVKDTDWKELY,0,FBXO7,pancreatic adenocarcinoma,0,C1203,scoreable
99122,93,CFVLKHIHQELDKDLGESEGLSDDEET,IHQELDKDL,0,ANK1,pancreatic adenocarcinoma,0,A2402,floor
99122,93,CFVLKHIHQELDKDLGESEGLSDDEET,IHQELDKDL,0,ANK1,pancreatic adenocarcinoma,0,A2601,floor
99122,93,CFVLKHIHQELDKDLGESEGLSDDEET,IHQELDKDL,0,ANK1,pancreatic adenocarcinoma,0,B3502,floor
99122,3,CFVLKHIHQELDKDLGESEGLSDDEET,IHQELDKDL,0,ANK1,pancreatic adenocarcinoma,0,B3801,scoreable
99122,93,CFVLKHIHQELDKDLGESEGLSDDEET,IHQELDKDL,0,ANK1,pancreatic adenocarcinoma,0,C0401,floor
99122,93,CFVLKHIHQELDKDLGESEGLSDDEET,IHQELDKDL,0,ANK1,pancreatic adenocarcinoma,0,C1203,floor
99122,93,CFVLKHIHQELDKDLGESEGLSDDEET,DKDLGESEGL,0,ANK1,pancreatic adenocarcinoma,0,A2402,floor
99122,93,CFVLKHIHQELDKDLGESEGLSDDEET,DKDLGESEGL,0,ANK1,pancreatic adenocarcinoma,0,A2601,floor
99122,93,CFVLKHIHQELDKDLGESEGLSDDEET,DKDLGESEGL,0,ANK1,pancreatic adenocarcinoma,0,B3502,floor
99122,3,CFVLKHIHQELDKDLGESEGLSDDEET,DKDLGESEGL,0,ANK1,pancreatic adenocarcinoma,0,B3801,scoreable
99122,93,CFVLKHIHQELDKDLGESEGLSDDEET,DKDLGESEGL,0,ANK1,pancreatic adenocarcinoma,0,C0401,floor
99122,93,CFVLKHIHQELDKDLGESEGLSDDEET,DKDLGESEGL,0,ANK1,pancreatic adenocarcinoma,0,C1203,floor
99122,93,CFVLKHIHQELDKDLGESEGLSDDEET,KHIHQELDKDL,0,ANK1,pancreatic adenocarcinoma,0,A2402,floor
99122,93,CFVLKHIHQELDKDLGESEGLSDDEET,KHIHQELDKDL,0,ANK1,pancreatic adenocarcinoma,0,A2601,floor
99122,93,CFVLKHIHQELDKDLGESEGLSDDEET,KHIHQELDKDL,0,ANK1,pancreatic adenocarcinoma,0,B3502,floor
99122,3,CFVLKHIHQELDKDLGESEGLSDDEET,KHIHQELDKDL,0,ANK1,pancreatic adenocarcinoma,0,B3801,scoreable
99122,93,CFVLKHIHQELDKDLGESEGLSDDEET,KHIHQELDKDL,0,ANK1,pancreatic adenocarcinoma,0,C0401,floor
99122,93,CFVLKHIHQELDKDLGESEGLSDDEET,KHIHQELDKDL,0,ANK1,pancreatic adenocarcinoma,0,C1203,floor
99122,0,HCLGDLLQLSFASFQRDLFEDGWLEFV,LLQLSFASF,0,CABIN1,pancreatic adenocarcinoma,0,A2402,scoreable
99122,93,HCLGDLLQLSFASFQRDLFEDGWLEFV,LLQLSFASF,0,CABIN1,pancreatic adenocarcinoma,0,A2601,floor
99122,93,HCLGDLLQLSFASFQRDLFEDGWLEFV,LLQLSFASF,0,CABIN1,pancreatic adenocarcinoma,0,B3502,floor
99122,93,HCLGDLLQLSFASFQRDLFEDGWLEFV,LLQLSFASF,0,CABIN1,pancreatic adenocarcinoma,0,B3801,floor
99122,93,HCLGDLLQLSFASFQRDLFEDGWLEFV,LLQLSFASF,0,CABIN1,pancreatic adenocarcinoma,0,C0401,floor
99122,5,HCLGDLLQLSFASFQRDLFEDGWLEFV,LLQLSFASF,0,CABIN1,pancreatic adenocarcinoma,0,C1203,scoreable
99122,0,HCLGDLLQLSFASFQRDLFEDGWLEFV,FASFQRDLF,0,CABIN1,pancreatic adenocarcinoma,0,A2402,scoreable
99122,93,HCLGDLLQLSFASFQRDLFEDGWLEFV,FASFQRDLF,0,CABIN1,pancreatic adenocarcinoma,0,A2601,floor
99122,2,HCLGDLLQLSFASFQRDLFEDGWLEFV,FASFQRDLF,0,CABIN1,pancreatic adenocarcinoma,0,B3502,scoreable
99122,3,HCLGDLLQLSFASFQRDLFEDGWLEFV,FASFQRDLF,0,CABIN1,pancreatic adenocarcinoma,0,B3801,scoreable
99122,93,HCLGDLLQLSFASFQRDLFEDGWLEFV,FASFQRDLF,0,CABIN1,pancreatic adenocarcinoma,0,C0401,floor
99122,93,HCLGDLLQLSFASFQRDLFEDGWLEFV,FASFQRDLF,0,CABIN1,pancreatic adenocarcinoma,0,C1203,floor
99122,0,HCLGDLLQLSFASFQRDLFEDGWLEFV,DLLQLSFASF,0,CABIN1,pancreatic adenocarcinoma,0,A2402,scoreable
99122,1,HCLGDLLQLSFASFQRDLFEDGWLEFV,DLLQLSFASF,0,CABIN1,pancreatic adenocarcinoma,0,A2601,scoreable
99122,93,HCLGDLLQLSFASFQRDLFEDGWLEFV,DLLQLSFASF,0,CABIN1,pancreatic adenocarcinoma,0,B3502,floor
99122,93,HCLGDLLQLSFASFQRDLFEDGWLEFV,DLLQLSFASF,0,CABIN1,pancreatic adenocarcinoma,0,B3801,floor
99122,93,HCLGDLLQLSFASFQRDLFEDGWLEFV,DLLQLSFASF,0,CABIN1,pancreatic adenocarcinoma,0,C0401,floor
99122,93,HCLGDLLQLSFASFQRDLFEDGWLEFV,DLLQLSFASF,0,CABIN1,pancreatic adenocarcinoma,0,C1203,floor
99122,0,HCLGDLLQLSFASFQRDLFEDGWLEFV,SFASFQRDLF,0,CABIN1,pancreatic adenocarcinoma,0,A2402,scoreable
99122,93,HCLGDLLQLSFASFQRDLFEDGWLEFV,SFASFQRDLF,0,CABIN1,pancreatic adenocarcinoma,0,A2601,floor
99122,93,HCLGDLLQLSFASFQRDLFEDGWLEFV,SFASFQRDLF,0,CABIN1,pancreatic adenocarcinoma,0,B3502,floor
99122,93,HCLGDLLQLSFASFQRDLFEDGWLEFV,SFASFQRDLF,0,CABIN1,pancreatic adenocarcinoma,0,B3801,floor
99122,93,HCLGDLLQLSFASFQRDLFEDGWLEFV,SFASFQRDLF,0,CABIN1,pancreatic adenocarcinoma,0,C0401,floor
99122,93,HCLGDLLQLSFASFQRDLFEDGWLEFV,SFASFQRDLF,0,CABIN1,pancreatic adenocarcinoma,0,C1203,floor
99122,93,HCLGDLLQLSFASFQRDLFEDGWLEFV,FQRDLFEDGW,0,CABIN1,pancreatic adenocarcinoma,0,A2402,floor
99122,93,HCLGDLLQLSFASFQRDLFEDGWLEFV,FQRDLFEDGW,0,CABIN1,pancreatic adenocarcinoma,0,A2601,floor
99122,93,HCLGDLLQLSFASFQRDLFEDGWLEFV,FQRDLFEDGW,0,CABIN1,pancreatic adenocarcinoma,0,B3502,floor
99122,3,HCLGDLLQLSFASFQRDLFEDGWLEFV,FQRDLFEDGW,0,CABIN1,pancreatic adenocarcinoma,0,B3801,scoreable
99122,93,HCLGDLLQLSFASFQRDLFEDGWLEFV,FQRDLFEDGW,0,CABIN1,pancreatic adenocarcinoma,0,C0401,floor
99122,93,HCLGDLLQLSFASFQRDLFEDGWLEFV,FQRDLFEDGW,0,CABIN1,pancreatic adenocarcinoma,0,C1203,floor
99122,0,HCLGDLLQLSFASFQRDLFEDGWLEFV,SFQRDLFEDGW,0,CABIN1,pancreatic adenocarcinoma,0,A2402,scoreable
99122,93,HCLGDLLQLSFASFQRDLFEDGWLEFV,SFQRDLFEDGW,0,CABIN1,pancreatic adenocarcinoma,0,A2601,floor
99122,93,HCLGDLLQLSFASFQRDLFEDGWLEFV,SFQRDLFEDGW,0,CABIN1,pancreatic adenocarcinoma,0,B3502,floor
99122,93,HCLGDLLQLSFASFQRDLFEDGWLEFV,SFQRDLFEDGW,0,CABIN1,pancreatic adenocarcinoma,0,B3801,floor
99122,93,HCLGDLLQLSFASFQRDLFEDGWLEFV,SFQRDLFEDGW,0,CABIN1,pancreatic adenocarcinoma,0,C0401,floor
99122,93,HCLGDLLQLSFASFQRDLFEDGWLEFV,SFQRDLFEDGW,0,CABIN1,pancreatic adenocarcinoma,0,C1203,floor
99122,93,EQYSVVVEEVPLQAGESLPYHSVYYED,VPLQAGESL,0,ASCC2,pancreatic adenocarcinoma,0,A2402,floor
99122,93,EQYSVVVEEVPLQAGESLPYHSVYYED,VPLQAGESL,0,ASCC2,pancreatic adenocarcinoma,0,A2601,floor
99122,2,EQYSVVVEEVPLQAGESLPYHSVYYED,VPLQAGESL,0,ASCC2,pancreatic adenocarcinoma,0,B3502,scoreable
99122,3,EQYSVVVEEVPLQAGESLPYHSVYYED,VPLQAGESL,0,ASCC2,pancreatic adenocarcinoma,0,B3801,scoreable
99122,4,EQYSVVVEEVPLQAGESLPYHSVYYED,VPLQAGESL,0,ASCC2,pancreatic adenocarcinoma,0,C0401,scoreable
99122,5,EQYSVVVEEVPLQAGESLPYHSVYYED,VPLQAGESL,0,ASCC2,pancreatic adenocarcinoma,0,C1203,scoreable
99122,93,EQYSVVVEEVPLQAGESLPYHSVYYED,LQAGESLPY,0,ASCC2,pancreatic adenocarcinoma,0,A2402,floor
99122,93,EQYSVVVEEVPLQAGESLPYHSVYYED,LQAGESLPY,0,ASCC2,pancreatic adenocarcinoma,0,A2601,floor
99122,93,EQYSVVVEEVPLQAGESLPYHSVYYED,LQAGESLPY,0,ASCC2,pancreatic adenocarcinoma,0,B3502,floor
99122,93,EQYSVVVEEVPLQAGESLPYHSVYYED,LQAGESLPY,0,ASCC2,pancreatic adenocarcinoma,0,B3801,floor
99122,93,EQYSVVVEEVPLQAGESLPYHSVYYED,LQAGESLPY,0,ASCC2,pancreatic adenocarcinoma,0,C0401,floor
99122,5,EQYSVVVEEVPLQAGESLPYHSVYYED,LQAGESLPY,0,ASCC2,pancreatic adenocarcinoma,0,C1203,scoreable
99122,93,EQYSVVVEEVPLQAGESLPYHSVYYED,EVPLQAGESL,0,ASCC2,pancreatic adenocarcinoma,0,A2402,floor
99122,1,EQYSVVVEEVPLQAGESLPYHSVYYED,EVPLQAGESL,0,ASCC2,pancreatic adenocarcinoma,0,A2601,scoreable
99122,93,EQYSVVVEEVPLQAGESLPYHSVYYED,EVPLQAGESL,0,ASCC2,pancreatic adenocarcinoma,0,B3502,floor
99122,93,EQYSVVVEEVPLQAGESLPYHSVYYED,EVPLQAGESL,0,ASCC2,pancreatic adenocarcinoma,0,B3801,floor
99122,93,EQYSVVVEEVPLQAGESLPYHSVYYED,EVPLQAGESL,0,ASCC2,pancreatic adenocarcinoma,0,C0401,floor
99122,93,EQYSVVVEEVPLQAGESLPYHSVYYED,EVPLQAGESL,0,ASCC2,pancreatic adenocarcinoma,0,C1203,floor
99122,93,EQYSVVVEEVPLQAGESLPYHSVYYED,EEVPLQAGESL,0,ASCC2,pancreatic adenocarcinoma,0,A2402,floor
99122,93,EQYSVVVEEVPLQAGESLPYHSVYYED,EEVPLQAGESL,0,ASCC2,pancreatic adenocarcinoma,0,A2601,floor
99122,93,EQYSVVVEEVPLQAGESLPYHSVYYED,EEVPLQAGESL,0,ASCC2,pancreatic adenocarcinoma,0,B3502,floor
99122,3,EQYSVVVEEVPLQAGESLPYHSVYYED,EEVPLQAGESL,0,ASCC2,pancreatic adenocarcinoma,0,B3801,scoreable
99122,93,EQYSVVVEEVPLQAGESLPYHSVYYED,EEVPLQAGESL,0,ASCC2,pancreatic adenocarcinoma,0,C0401,floor
99122,93,EQYSVVVEEVPLQAGESLPYHSVYYED,EEVPLQAGESL,0,ASCC2,pancreatic adenocarcinoma,0,C1203,floor
99122,93,EQYSVVVEEVPLQAGESLPYHSVYYED,VPLQAGESLPY,0,ASCC2,pancreatic adenocarcinoma,0,A2402,floor
99122,93,EQYSVVVEEVPLQAGESLPYHSVYYED,VPLQAGESLPY,0,ASCC2,pancreatic adenocarcinoma,0,A2601,floor
99122,2,EQYSVVVEEVPLQAGESLPYHSVYYED,VPLQAGESLPY,0,ASCC2,pancreatic adenocarcinoma,0,B3502,scoreable
99122,93,EQYSVVVEEVPLQAGESLPYHSVYYED,VPLQAGESLPY,0,ASCC2,pancreatic adenocarcinoma,0,B3801,floor
99122,93,EQYSVVVEEVPLQAGESLPYHSVYYED,VPLQAGESLPY,0,ASCC2,pancreatic adenocarcinoma,0,C0401,floor
99122,5,EQYSVVVEEVPLQAGESLPYHSVYYED,VPLQAGESLPY,0,ASCC2,pancreatic adenocarcinoma,0,C1203,scoreable
99122,93,GALPNAPNSYGRRLIQVGRGSAAGAGD,APNSYGRRL,0,CDKN2A,pancreatic adenocarcinoma,0,A2402,floor
99122,93,GALPNAPNSYGRRLIQVGRGSAAGAGD,APNSYGRRL,0,CDKN2A,pancreatic adenocarcinoma,0,A2601,floor
99122,2,GALPNAPNSYGRRLIQVGRGSAAGAGD,APNSYGRRL,0,CDKN2A,pancreatic adenocarcinoma,0,B3502,scoreable
99122,93,GALPNAPNSYGRRLIQVGRGSAAGAGD,APNSYGRRL,0,CDKN2A,pancreatic adenocarcinoma,0,B3801,floor
99122,93,GALPNAPNSYGRRLIQVGRGSAAGAGD,APNSYGRRL,0,CDKN2A,pancreatic adenocarcinoma,0,C0401,floor
99122,93,GALPNAPNSYGRRLIQVGRGSAAGAGD,APNSYGRRL,0,CDKN2A,pancreatic adenocarcinoma,0,C1203,floor
99122,0,GALPNAPNSYGRRLIQVGRGSAAGAGD,SYGRRLIQV,0,CDKN2A,pancreatic adenocarcinoma,0,A2402,scoreable
99122,93,GALPNAPNSYGRRLIQVGRGSAAGAGD,SYGRRLIQV,0,CDKN2A,pancreatic adenocarcinoma,0,A2601,floor
99122,93,GALPNAPNSYGRRLIQVGRGSAAGAGD,SYGRRLIQV,0,CDKN2A,pancreatic adenocarcinoma,0,B3502,floor
99122,93,GALPNAPNSYGRRLIQVGRGSAAGAGD,SYGRRLIQV,0,CDKN2A,pancreatic adenocarcinoma,0,B3801,floor
99122,93,GALPNAPNSYGRRLIQVGRGSAAGAGD,SYGRRLIQV,0,CDKN2A,pancreatic adenocarcinoma,0,C0401,floor
99122,93,GALPNAPNSYGRRLIQVGRGSAAGAGD,SYGRRLIQV,0,CDKN2A,pancreatic adenocarcinoma,0,C1203,floor
99122,93,GALPNAPNSYGRRLIQVGRGSAAGAGD,LPNAPNSYGRRL,0,CDKN2A,pancreatic adenocarcinoma,0,A2402,floor
99122,93,GALPNAPNSYGRRLIQVGRGSAAGAGD,LPNAPNSYGRRL,0,CDKN2A,pancreatic adenocarcinoma,0,A2601,floor
99122,2,GALPNAPNSYGRRLIQVGRGSAAGAGD,LPNAPNSYGRRL,0,CDKN2A,pancreatic adenocarcinoma,0,B3502,scoreable
99122,93,GALPNAPNSYGRRLIQVGRGSAAGAGD,LPNAPNSYGRRL,0,CDKN2A,pancreatic adenocarcinoma,0,B3801,floor
99122,93,GALPNAPNSYGRRLIQVGRGSAAGAGD,LPNAPNSYGRRL,0,CDKN2A,pancreatic adenocarcinoma,0,C0401,floor
99122,93,GALPNAPNSYGRRLIQVGRGSAAGAGD,LPNAPNSYGRRL,0,CDKN2A,pancreatic adenocarcinoma,0,C1203,floor
99122,93,CTRTLQAEGRAKKCKSLIITQDTTARA,GRAKKCKSL,0,ATOH8,pancreatic adenocarcinoma,0,A2402,floor
99122,93,CTRTLQAEGRAKKCKSLIITQDTTARA,GRAKKCKSL,0,ATOH8,pancreatic adenocarcinoma,0,A2601,floor
99122,93,CTRTLQAEGRAKKCKSLIITQDTTARA,GRAKKCKSL,0,ATOH8,pancreatic adenocarcinoma,0,B3502,floor
99122,3,CTRTLQAEGRAKKCKSLIITQDTTARA,GRAKKCKSL,0,ATOH8,pancreatic adenocarcinoma,0,B3801,scoreable
99122,93,CTRTLQAEGRAKKCKSLIITQDTTARA,GRAKKCKSL,0,ATOH8,pancreatic adenocarcinoma,0,C0401,floor
99122,93,CTRTLQAEGRAKKCKSLIITQDTTARA,GRAKKCKSL,0,ATOH8,pancreatic adenocarcinoma,0,C1203,floor
99122,93,CTRTLQAEGRAKKCKSLIITQDTTARA,RAKKCKSLII,0,ATOH8,pancreatic adenocarcinoma,0,A2402,floor
99122,93,CTRTLQAEGRAKKCKSLIITQDTTARA,RAKKCKSLII,0,ATOH8,pancreatic adenocarcinoma,0,A2601,floor
99122,93,CTRTLQAEGRAKKCKSLIITQDTTARA,RAKKCKSLII,0,ATOH8,pancreatic adenocarcinoma,0,B3502,floor
99122,93,CTRTLQAEGRAKKCKSLIITQDTTARA,RAKKCKSLII,0,ATOH8,pancreatic adenocarcinoma,0,B3801,floor
99122,93,CTRTLQAEGRAKKCKSLIITQDTTARA,RAKKCKSLII,0,ATOH8,pancreatic adenocarcinoma,0,C0401,floor
99122,5,CTRTLQAEGRAKKCKSLIITQDTTARA,RAKKCKSLII,0,ATOH8,pancreatic adenocarcinoma,0,C1203,scoreable
99122,93,EDLVVQVTAVPGQLHLPGGVVFHYRPG,QVTAVPGQL,0,ACAN,pancreatic adenocarcinoma,0,A2402,floor
99122,1,EDLVVQVTAVPGQLHLPGGVVFHYRPG,QVTAVPGQL,0,ACAN,pancreatic adenocarcinoma,0,A2601,scoreable
99122,93,EDLVVQVTAVPGQLHLPGGVVFHYRPG,QVTAVPGQL,0,ACAN,pancreatic adenocarcinoma,0,B3502,floor
99122,93,EDLVVQVTAVPGQLHLPGGVVFHYRPG,QVTAVPGQL,0,ACAN,pancreatic adenocarcinoma,0,B3801,floor
99122,93,EDLVVQVTAVPGQLHLPGGVVFHYRPG,QVTAVPGQL,0,ACAN,pancreatic adenocarcinoma,0,C0401,floor
99122,93,EDLVVQVTAVPGQLHLPGGVVFHYRPG,QVTAVPGQL,0,ACAN,pancreatic adenocarcinoma,0,C1203,floor
99122,0,EDLVVQVTAVPGQLHLPGGVVFHYRPG,TAVPGQLHL,0,ACAN,pancreatic adenocarcinoma,0,A2402,scoreable
99122,1,EDLVVQVTAVPGQLHLPGGVVFHYRPG,TAVPGQLHL,0,ACAN,pancreatic adenocarcinoma,0,A2601,scoreable
99122,2,EDLVVQVTAVPGQLHLPGGVVFHYRPG,TAVPGQLHL,0,ACAN,pancreatic adenocarcinoma,0,B3502,scoreable
99122,3,EDLVVQVTAVPGQLHLPGGVVFHYRPG,TAVPGQLHL,0,ACAN,pancreatic adenocarcinoma,0,B3801,scoreable
99122,93,EDLVVQVTAVPGQLHLPGGVVFHYRPG,TAVPGQLHL,0,ACAN,pancreatic adenocarcinoma,0,C0401,floor
99122,93,EDLVVQVTAVPGQLHLPGGVVFHYRPG,TAVPGQLHL,0,ACAN,pancreatic adenocarcinoma,0,C1203,floor
99122,93,EDLVVQVTAVPGQLHLPGGVVFHYRPG,GQLHLPGGV,0,ACAN,pancreatic adenocarcinoma,0,A2402,floor
99122,93,EDLVVQVTAVPGQLHLPGGVVFHYRPG,GQLHLPGGV,0,ACAN,pancreatic adenocarcinoma,0,A2601,floor
99122,93,EDLVVQVTAVPGQLHLPGGVVFHYRPG,GQLHLPGGV,0,ACAN,pancreatic adenocarcinoma,0,B3502,floor
99122,3,EDLVVQVTAVPGQLHLPGGVVFHYRPG,GQLHLPGGV,0,ACAN,pancreatic adenocarcinoma,0,B3801,scoreable
99122,93,EDLVVQVTAVPGQLHLPGGVVFHYRPG,GQLHLPGGV,0,ACAN,pancreatic adenocarcinoma,0,C0401,floor
99122,93,EDLVVQVTAVPGQLHLPGGVVFHYRPG,GQLHLPGGV,0,ACAN,pancreatic adenocarcinoma,0,C1203,floor
99122,0,EDLVVQVTAVPGQLHLPGGVVFHYRPG,LHLPGGVVF,0,ACAN,pancreatic adenocarcinoma,0,A2402,scoreable
99122,93,EDLVVQVTAVPGQLHLPGGVVFHYRPG,LHLPGGVVF,0,ACAN,pancreatic adenocarcinoma,0,A2601,floor
99122,93,EDLVVQVTAVPGQLHLPGGVVFHYRPG,LHLPGGVVF,0,ACAN,pancreatic adenocarcinoma,0,B3502,floor
99122,3,EDLVVQVTAVPGQLHLPGGVVFHYRPG,LHLPGGVVF,0,ACAN,pancreatic adenocarcinoma,0,B3801,scoreable
99122,93,EDLVVQVTAVPGQLHLPGGVVFHYRPG,LHLPGGVVF,0,ACAN,pancreatic adenocarcinoma,0,C0401,floor
99122,93,EDLVVQVTAVPGQLHLPGGVVFHYRPG,LHLPGGVVF,0,ACAN,pancreatic adenocarcinoma,0,C1203,floor
99122,93,EDLVVQVTAVPGQLHLPGGVVFHYRPG,VQVTAVPGQL,0,ACAN,pancreatic adenocarcinoma,0,A2402,floor
99122,93,EDLVVQVTAVPGQLHLPGGVVFHYRPG,VQVTAVPGQL,0,ACAN,pancreatic adenocarcinoma,0,A2601,floor
99122,93,EDLVVQVTAVPGQLHLPGGVVFHYRPG,VQVTAVPGQL,0,ACAN,pancreatic adenocarcinoma,0,B3502,floor
99122,3,EDLVVQVTAVPGQLHLPGGVVFHYRPG,VQVTAVPGQL,0,ACAN,pancreatic adenocarcinoma,0,B3801,scoreable
99122,93,EDLVVQVTAVPGQLHLPGGVVFHYRPG,VQVTAVPGQL,0,ACAN,pancreatic adenocarcinoma,0,C0401,floor
99122,93,EDLVVQVTAVPGQLHLPGGVVFHYRPG,VQVTAVPGQL,0,ACAN,pancreatic adenocarcinoma,0,C1203,floor
99122,93,EDLVVQVTAVPGQLHLPGGVVFHYRPG,GQLHLPGGVV,0,ACAN,pancreatic adenocarcinoma,0,A2402,floor
99122,93,EDLVVQVTAVPGQLHLPGGVVFHYRPG,GQLHLPGGVV,0,ACAN,pancreatic adenocarcinoma,0,A2601,floor
99122,93,EDLVVQVTAVPGQLHLPGGVVFHYRPG,GQLHLPGGVV,0,ACAN,pancreatic adenocarcinoma,0,B3502,floor
99122,3,EDLVVQVTAVPGQLHLPGGVVFHYRPG,GQLHLPGGVV,0,ACAN,pancreatic adenocarcinoma,0,B3801,scoreable
99122,93,EDLVVQVTAVPGQLHLPGGVVFHYRPG,GQLHLPGGVV,0,ACAN,pancreatic adenocarcinoma,0,C0401,floor
99122,93,EDLVVQVTAVPGQLHLPGGVVFHYRPG,GQLHLPGGVV,0,ACAN,pancreatic adenocarcinoma,0,C1203,floor
99122,0,EDLVVQVTAVPGQLHLPGGVVFHYRPG,QLHLPGGVVF,0,ACAN,pancreatic adenocarcinoma,0,A2402,scoreable
99122,93,EDLVVQVTAVPGQLHLPGGVVFHYRPG,QLHLPGGVVF,0,ACAN,pancreatic adenocarcinoma,0,A2601,floor
99122,93,EDLVVQVTAVPGQLHLPGGVVFHYRPG,QLHLPGGVVF,0,ACAN,pancreatic adenocarcinoma,0,B3502,floor
99122,3,EDLVVQVTAVPGQLHLPGGVVFHYRPG,QLHLPGGVVF,0,ACAN,pancreatic adenocarcinoma,0,B3801,scoreable
99122,93,EDLVVQVTAVPGQLHLPGGVVFHYRPG,QLHLPGGVVF,0,ACAN,pancreatic adenocarcinoma,0,C0401,floor
99122,5,EDLVVQVTAVPGQLHLPGGVVFHYRPG,QLHLPGGVVF,0,ACAN,pancreatic adenocarcinoma,0,C1203,scoreable
99122,0,EDLVVQVTAVPGQLHLPGGVVFHYRPG,GQLHLPGGVVF,0,ACAN,pancreatic adenocarcinoma,0,A2402,scoreable
99122,93,EDLVVQVTAVPGQLHLPGGVVFHYRPG,GQLHLPGGVVF,0,ACAN,pancreatic adenocarcinoma,0,A2601,floor
99122,93,EDLVVQVTAVPGQLHLPGGVVFHYRPG,GQLHLPGGVVF,0,ACAN,pancreatic adenocarcinoma,0,B3502,floor
99122,3,EDLVVQVTAVPGQLHLPGGVVFHYRPG,GQLHLPGGVVF,0,ACAN,pancreatic adenocarcinoma,0,B3801,scoreable
99122,93,EDLVVQVTAVPGQLHLPGGVVFHYRPG,GQLHLPGGVVF,0,ACAN,pancreatic adenocarcinoma,0,C0401,floor
99122,93,EDLVVQVTAVPGQLHLPGGVVFHYRPG,GQLHLPGGVVF,0,ACAN,pancreatic adenocarcinoma,0,C1203,floor
99122,0,EDLVVQVTAVPGQLHLPGGVVFHYRPG,LHLPGGVVFHY,0,ACAN,pancreatic adenocarcinoma,0,A2402,scoreable
99122,93,EDLVVQVTAVPGQLHLPGGVVFHYRPG,LHLPGGVVFHY,0,ACAN,pancreatic adenocarcinoma,0,A2601,floor
99122,93,EDLVVQVTAVPGQLHLPGGVVFHYRPG,LHLPGGVVFHY,0,ACAN,pancreatic adenocarcinoma,0,B3502,floor
99122,3,EDLVVQVTAVPGQLHLPGGVVFHYRPG,LHLPGGVVFHY,0,ACAN,pancreatic adenocarcinoma,0,B3801,scoreable
99122,93,EDLVVQVTAVPGQLHLPGGVVFHYRPG,LHLPGGVVFHY,0,ACAN,pancreatic adenocarcinoma,0,C0401,floor
99122,93,EDLVVQVTAVPGQLHLPGGVVFHYRPG,LHLPGGVVFHY,0,ACAN,pancreatic adenocarcinoma,0,C1203,floor
99122,93,VLYRNCVYTYRILTNEDDKFTVQASEG,ILTNEDDKF,0,INPP5D,pancreatic adenocarcinoma,0,A2402,floor
99122,93,VLYRNCVYTYRILTNEDDKFTVQASEG,ILTNEDDKF,0,INPP5D,pancreatic adenocarcinoma,0,A2601,floor
99122,93,VLYRNCVYTYRILTNEDDKFTVQASEG,ILTNEDDKF,0,INPP5D,pancreatic adenocarcinoma,0,B3502,floor
99122,3,VLYRNCVYTYRILTNEDDKFTVQASEG,ILTNEDDKF,0,INPP5D,pancreatic adenocarcinoma,0,B3801,scoreable
99122,93,VLYRNCVYTYRILTNEDDKFTVQASEG,ILTNEDDKF,0,INPP5D,pancreatic adenocarcinoma,0,C0401,floor
99122,93,VLYRNCVYTYRILTNEDDKFTVQASEG,ILTNEDDKF,0,INPP5D,pancreatic adenocarcinoma,0,C1203,floor
99122,0,VLYRNCVYTYRILTNEDDKFTVQASEG,RILTNEDDKF,0,INPP5D,pancreatic adenocarcinoma,0,A2402,scoreable
99122,93,VLYRNCVYTYRILTNEDDKFTVQASEG,RILTNEDDKF,0,INPP5D,pancreatic adenocarcinoma,0,A2601,floor
99122,93,VLYRNCVYTYRILTNEDDKFTVQASEG,RILTNEDDKF,0,INPP5D,pancreatic adenocarcinoma,0,B3502,floor
99122,93,VLYRNCVYTYRILTNEDDKFTVQASEG,RILTNEDDKF,0,INPP5D,pancreatic adenocarcinoma,0,B3801,floor
99122,93,VLYRNCVYTYRILTNEDDKFTVQASEG,RILTNEDDKF,0,INPP5D,pancreatic adenocarcinoma,0,C0401,floor
99122,93,VLYRNCVYTYRILTNEDDKFTVQASEG,RILTNEDDKF,0,INPP5D,pancreatic adenocarcinoma,0,C1203,floor
99122,93,VLYRNCVYTYRILTNEDDKFTVQASEG,YRILTNEDDKF,0,INPP5D,pancreatic adenocarcinoma,0,A2402,floor
99122,93,VLYRNCVYTYRILTNEDDKFTVQASEG,YRILTNEDDKF,0,INPP5D,pancreatic adenocarcinoma,0,A2601,floor
99122,93,VLYRNCVYTYRILTNEDDKFTVQASEG,YRILTNEDDKF,0,INPP5D,pancreatic adenocarcinoma,0,B3502,floor
99122,3,VLYRNCVYTYRILTNEDDKFTVQASEG,YRILTNEDDKF,0,INPP5D,pancreatic adenocarcinoma,0,B3801,scoreable
99122,93,VLYRNCVYTYRILTNEDDKFTVQASEG,YRILTNEDDKF,0,INPP5D,pancreatic adenocarcinoma,0,C0401,floor
99122,93,VLYRNCVYTYRILTNEDDKFTVQASEG,YRILTNEDDKF,0,INPP5D,pancreatic adenocarcinoma,0,C1203,floor
99122,0,VLYRNCVYTYRILTNEDDKFTVQASEG,TYRILTNEDDKF,0,INPP5D,pancreatic adenocarcinoma,0,A2402,scoreable
99122,93,VLYRNCVYTYRILTNEDDKFTVQASEG,TYRILTNEDDKF,0,INPP5D,pancreatic adenocarcinoma,0,A2601,floor
99122,93,VLYRNCVYTYRILTNEDDKFTVQASEG,TYRILTNEDDKF,0,INPP5D,pancreatic adenocarcinoma,0,B3502,floor
99122,93,VLYRNCVYTYRILTNEDDKFTVQASEG,TYRILTNEDDKF,0,INPP5D,pancreatic adenocarcinoma,0,B3801,floor
99122,93,VLYRNCVYTYRILTNEDDKFTVQASEG,TYRILTNEDDKF,0,INPP5D,pancreatic adenocarcinoma,0,C0401,floor
99122,93,VLYRNCVYTYRILTNEDDKFTVQASEG,TYRILTNEDDKF,0,INPP5D,pancreatic adenocarcinoma,0,C1203,floor
99122,93,KIFSEESVPLFGPTLPTPPVFTDHQEF,ESVPLFGPT,0,GARNL3,pancreatic adenocarcinoma,0,A2402,floor
99122,1,KIFSEESVPLFGPTLPTPPVFTDHQEF,ESVPLFGPT,0,GARNL3,pancreatic adenocarcinoma,0,A2601,scoreable
99122,93,KIFSEESVPLFGPTLPTPPVFTDHQEF,ESVPLFGPT,0,GARNL3,pancreatic adenocarcinoma,0,B3502,floor
99122,93,KIFSEESVPLFGPTLPTPPVFTDHQEF,ESVPLFGPT,0,GARNL3,pancreatic adenocarcinoma,0,B3801,floor
99122,93,KIFSEESVPLFGPTLPTPPVFTDHQEF,ESVPLFGPT,0,GARNL3,pancreatic adenocarcinoma,0,C0401,floor
99122,93,KIFSEESVPLFGPTLPTPPVFTDHQEF,ESVPLFGPT,0,GARNL3,pancreatic adenocarcinoma,0,C1203,floor
99122,0,KIFSEESVPLFGPTLPTPPVFTDHQEF,SVPLFGPTL,0,GARNL3,pancreatic adenocarcinoma,0,A2402,scoreable
99122,93,KIFSEESVPLFGPTLPTPPVFTDHQEF,SVPLFGPTL,0,GARNL3,pancreatic adenocarcinoma,0,A2601,floor
99122,2,KIFSEESVPLFGPTLPTPPVFTDHQEF,SVPLFGPTL,0,GARNL3,pancreatic adenocarcinoma,0,B3502,scoreable
99122,3,KIFSEESVPLFGPTLPTPPVFTDHQEF,SVPLFGPTL,0,GARNL3,pancreatic adenocarcinoma,0,B3801,scoreable
99122,4,KIFSEESVPLFGPTLPTPPVFTDHQEF,SVPLFGPTL,0,GARNL3,pancreatic adenocarcinoma,0,C0401,scoreable
99122,93,KIFSEESVPLFGPTLPTPPVFTDHQEF,SVPLFGPTL,0,GARNL3,pancreatic adenocarcinoma,0,C1203,floor
99122,93,KIFSEESVPLFGPTLPTPPVFTDHQEF,GPTLPTPPV,0,GARNL3,pancreatic adenocarcinoma,0,A2402,floor
99122,93,KIFSEESVPLFGPTLPTPPVFTDHQEF,GPTLPTPPV,0,GARNL3,pancreatic adenocarcinoma,0,A2601,floor
99122,2,KIFSEESVPLFGPTLPTPPVFTDHQEF,GPTLPTPPV,0,GARNL3,pancreatic adenocarcinoma,0,B3502,scoreable
99122,93,KIFSEESVPLFGPTLPTPPVFTDHQEF,GPTLPTPPV,0,GARNL3,pancreatic adenocarcinoma,0,B3801,floor
99122,4,KIFSEESVPLFGPTLPTPPVFTDHQEF,GPTLPTPPV,0,GARNL3,pancreatic adenocarcinoma,0,C0401,scoreable
99122,93,KIFSEESVPLFGPTLPTPPVFTDHQEF,GPTLPTPPV,0,GARNL3,pancreatic adenocarcinoma,0,C1203,floor
99122,0,KIFSEESVPLFGPTLPTPPVFTDHQEF,PTLPTPPVF,0,GARNL3,pancreatic adenocarcinoma,0,A2402,scoreable
99122,93,KIFSEESVPLFGPTLPTPPVFTDHQEF,PTLPTPPVF,0,GARNL3,pancreatic adenocarcinoma,0,A2601,floor
99122,93,KIFSEESVPLFGPTLPTPPVFTDHQEF,PTLPTPPVF,0,GARNL3,pancreatic adenocarcinoma,0,B3502,floor
99122,93,KIFSEESVPLFGPTLPTPPVFTDHQEF,PTLPTPPVF,0,GARNL3,pancreatic adenocarcinoma,0,B3801,floor
99122,93,KIFSEESVPLFGPTLPTPPVFTDHQEF,PTLPTPPVF,0,GARNL3,pancreatic adenocarcinoma,0,C0401,floor
99122,93,KIFSEESVPLFGPTLPTPPVFTDHQEF,PTLPTPPVF,0,GARNL3,pancreatic adenocarcinoma,0,C1203,floor
99122,93,KIFSEESVPLFGPTLPTPPVFTDHQEF,ESVPLFGPTL,0,GARNL3,pancreatic adenocarcinoma,0,A2402,floor
99122,1,KIFSEESVPLFGPTLPTPPVFTDHQEF,ESVPLFGPTL,0,GARNL3,pancreatic adenocarcinoma,0,A2601,scoreable
99122,93,KIFSEESVPLFGPTLPTPPVFTDHQEF,ESVPLFGPTL,0,GARNL3,pancreatic adenocarcinoma,0,B3502,floor
99122,93,KIFSEESVPLFGPTLPTPPVFTDHQEF,ESVPLFGPTL,0,GARNL3,pancreatic adenocarcinoma,0,B3801,floor
99122,93,KIFSEESVPLFGPTLPTPPVFTDHQEF,ESVPLFGPTL,0,GARNL3,pancreatic adenocarcinoma,0,C0401,floor
99122,93,KIFSEESVPLFGPTLPTPPVFTDHQEF,ESVPLFGPTL,0,GARNL3,pancreatic adenocarcinoma,0,C1203,floor
99122,93,KIFSEESVPLFGPTLPTPPVFTDHQEF,VPLFGPTLPT,0,GARNL3,pancreatic adenocarcinoma,0,A2402,floor
99122,93,KIFSEESVPLFGPTLPTPPVFTDHQEF,VPLFGPTLPT,0,GARNL3,pancreatic adenocarcinoma,0,A2601,floor
99122,2,KIFSEESVPLFGPTLPTPPVFTDHQEF,VPLFGPTLPT,0,GARNL3,pancreatic adenocarcinoma,0,B3502,scoreable
99122,93,KIFSEESVPLFGPTLPTPPVFTDHQEF,VPLFGPTLPT,0,GARNL3,pancreatic adenocarcinoma,0,B3801,floor
99122,93,KIFSEESVPLFGPTLPTPPVFTDHQEF,VPLFGPTLPT,0,GARNL3,pancreatic adenocarcinoma,0,C0401,floor
99122,93,KIFSEESVPLFGPTLPTPPVFTDHQEF,VPLFGPTLPT,0,GARNL3,pancreatic adenocarcinoma,0,C1203,floor
99122,93,KIFSEESVPLFGPTLPTPPVFTDHQEF,GPTLPTPPVF,0,GARNL3,pancreatic adenocarcinoma,0,A2402,floor
99122,93,KIFSEESVPLFGPTLPTPPVFTDHQEF,GPTLPTPPVF,0,GARNL3,pancreatic adenocarcinoma,0,A2601,floor
99122,2,KIFSEESVPLFGPTLPTPPVFTDHQEF,GPTLPTPPVF,0,GARNL3,pancreatic adenocarcinoma,0,B3502,scoreable
99122,93,KIFSEESVPLFGPTLPTPPVFTDHQEF,GPTLPTPPVF,0,GARNL3,pancreatic adenocarcinoma,0,B3801,floor
99122,93,KIFSEESVPLFGPTLPTPPVFTDHQEF,GPTLPTPPVF,0,GARNL3,pancreatic adenocarcinoma,0,C0401,floor
99122,5,KIFSEESVPLFGPTLPTPPVFTDHQEF,GPTLPTPPVF,0,GARNL3,pancreatic adenocarcinoma,0,C1203,scoreable
99122,93,KIFSEESVPLFGPTLPTPPVFTDHQEF,EESVPLFGPTL,0,GARNL3,pancreatic adenocarcinoma,0,A2402,floor
99122,93,KIFSEESVPLFGPTLPTPPVFTDHQEF,EESVPLFGPTL,0,GARNL3,pancreatic adenocarcinoma,0,A2601,floor
99122,93,KIFSEESVPLFGPTLPTPPVFTDHQEF,EESVPLFGPTL,0,GARNL3,pancreatic adenocarcinoma,0,B3502,floor
99122,3,KIFSEESVPLFGPTLPTPPVFTDHQEF,EESVPLFGPTL,0,GARNL3,pancreatic adenocarcinoma,0,B3801,scoreable
99122,93,KIFSEESVPLFGPTLPTPPVFTDHQEF,EESVPLFGPTL,0,GARNL3,pancreatic adenocarcinoma,0,C0401,floor
99122,93,KIFSEESVPLFGPTLPTPPVFTDHQEF,EESVPLFGPTL,0,GARNL3,pancreatic adenocarcinoma,0,C1203,floor
99122,0,KIFSEESVPLFGPTLPTPPVFTDHQEF,FGPTLPTPPVF,0,GARNL3,pancreatic adenocarcinoma,0,A2402,scoreable
99122,93,KIFSEESVPLFGPTLPTPPVFTDHQEF,FGPTLPTPPVF,0,GARNL3,pancreatic adenocarcinoma,0,A2601,floor
99122,93,KIFSEESVPLFGPTLPTPPVFTDHQEF,FGPTLPTPPVF,0,GARNL3,pancreatic adenocarcinoma,0,B3502,floor
99122,93,KIFSEESVPLFGPTLPTPPVFTDHQEF,FGPTLPTPPVF,0,GARNL3,pancreatic adenocarcinoma,0,B3801,floor
99122,93,KIFSEESVPLFGPTLPTPPVFTDHQEF,FGPTLPTPPVF,0,GARNL3,pancreatic adenocarcinoma,0,C0401,floor
99122,93,KIFSEESVPLFGPTLPTPPVFTDHQEF,FGPTLPTPPVF,0,GARNL3,pancreatic adenocarcinoma,0,C1203,floor
99122,0,KIFSEESVPLFGPTLPTPPVFTDHQEF,LFGPTLPTPPVF,0,GARNL3,pancreatic adenocarcinoma,0,A2402,scoreable
99122,93,KIFSEESVPLFGPTLPTPPVFTDHQEF,LFGPTLPTPPVF,0,GARNL3,pancreatic adenocarcinoma,0,A2601,floor
99122,93,KIFSEESVPLFGPTLPTPPVFTDHQEF,LFGPTLPTPPVF,0,GARNL3,pancreatic adenocarcinoma,0,B3502,floor
99122,93,KIFSEESVPLFGPTLPTPPVFTDHQEF,LFGPTLPTPPVF,0,GARNL3,pancreatic adenocarcinoma,0,B3801,floor
99122,93,KIFSEESVPLFGPTLPTPPVFTDHQEF,LFGPTLPTPPVF,0,GARNL3,pancreatic adenocarcinoma,0,C0401,floor
99122,93,KIFSEESVPLFGPTLPTPPVFTDHQEF,LFGPTLPTPPVF,0,GARNL3,pancreatic adenocarcinoma,0,C1203,floor
99122,93,GALPNAPNSYGRRLIQVMMMGSARVAE,APNSYGRRL,0,CDKN2A,pancreatic adenocarcinoma,0,A2402,floor
99122,93,GALPNAPNSYGRRLIQVMMMGSARVAE,APNSYGRRL,0,CDKN2A,pancreatic adenocarcinoma,0,A2601,floor
99122,2,GALPNAPNSYGRRLIQVMMMGSARVAE,APNSYGRRL,0,CDKN2A,pancreatic adenocarcinoma,0,B3502,scoreable
99122,93,GALPNAPNSYGRRLIQVMMMGSARVAE,APNSYGRRL,0,CDKN2A,pancreatic adenocarcinoma,0,B3801,floor
99122,93,GALPNAPNSYGRRLIQVMMMGSARVAE,APNSYGRRL,0,CDKN2A,pancreatic adenocarcinoma,0,C0401,floor
99122,93,GALPNAPNSYGRRLIQVMMMGSARVAE,APNSYGRRL,0,CDKN2A,pancreatic adenocarcinoma,0,C1203,floor
99122,0,GALPNAPNSYGRRLIQVMMMGSARVAE,SYGRRLIQV,0,CDKN2A,pancreatic adenocarcinoma,0,A2402,scoreable
99122,93,GALPNAPNSYGRRLIQVMMMGSARVAE,SYGRRLIQV,0,CDKN2A,pancreatic adenocarcinoma,0,A2601,floor
99122,93,GALPNAPNSYGRRLIQVMMMGSARVAE,SYGRRLIQV,0,CDKN2A,pancreatic adenocarcinoma,0,B3502,floor
99122,93,GALPNAPNSYGRRLIQVMMMGSARVAE,SYGRRLIQV,0,CDKN2A,pancreatic adenocarcinoma,0,B3801,floor
99122,93,GALPNAPNSYGRRLIQVMMMGSARVAE,SYGRRLIQV,0,CDKN2A,pancreatic adenocarcinoma,0,C0401,floor
99122,93,GALPNAPNSYGRRLIQVMMMGSARVAE,SYGRRLIQV,0,CDKN2A,pancreatic adenocarcinoma,0,C1203,floor
99122,93,GALPNAPNSYGRRLIQVMMMGSARVAE,YGRRLIQVM,0,CDKN2A,pancreatic adenocarcinoma,0,A2402,floor
99122,93,GALPNAPNSYGRRLIQVMMMGSARVAE,YGRRLIQVM,0,CDKN2A,pancreatic adenocarcinoma,0,A2601,floor
99122,93,GALPNAPNSYGRRLIQVMMMGSARVAE,YGRRLIQVM,0,CDKN2A,pancreatic adenocarcinoma,0,B3502,floor
99122,93,GALPNAPNSYGRRLIQVMMMGSARVAE,YGRRLIQVM,0,CDKN2A,pancreatic adenocarcinoma,0,B3801,floor
99122,93,GALPNAPNSYGRRLIQVMMMGSARVAE,YGRRLIQVM,0,CDKN2A,pancreatic adenocarcinoma,0,C0401,floor
99122,5,GALPNAPNSYGRRLIQVMMMGSARVAE,YGRRLIQVM,0,CDKN2A,pancreatic adenocarcinoma,0,C1203,scoreable
99122,93,GALPNAPNSYGRRLIQVMMMGSARVAE,RRLIQVMMM,0,CDKN2A,pancreatic adenocarcinoma,0,A2402,floor
99122,93,GALPNAPNSYGRRLIQVMMMGSARVAE,RRLIQVMMM,0,CDKN2A,pancreatic adenocarcinoma,0,A2601,floor
99122,93,GALPNAPNSYGRRLIQVMMMGSARVAE,RRLIQVMMM,0,CDKN2A,pancreatic adenocarcinoma,0,B3502,floor
99122,3,GALPNAPNSYGRRLIQVMMMGSARVAE,RRLIQVMMM,0,CDKN2A,pancreatic adenocarcinoma,0,B3801,scoreable
99122,93,GALPNAPNSYGRRLIQVMMMGSARVAE,RRLIQVMMM,0,CDKN2A,pancreatic adenocarcinoma,0,C0401,floor
99122,93,GALPNAPNSYGRRLIQVMMMGSARVAE,RRLIQVMMM,0,CDKN2A,pancreatic adenocarcinoma,0,C1203,floor
99122,0,GALPNAPNSYGRRLIQVMMMGSARVAE,SYGRRLIQVM,0,CDKN2A,pancreatic adenocarcinoma,0,A2402,scoreable
99122,93,GALPNAPNSYGRRLIQVMMMGSARVAE,SYGRRLIQVM,0,CDKN2A,pancreatic adenocarcinoma,0,A2601,floor
99122,93,GALPNAPNSYGRRLIQVMMMGSARVAE,SYGRRLIQVM,0,CDKN2A,pancreatic adenocarcinoma,0,B3502,floor
99122,93,GALPNAPNSYGRRLIQVMMMGSARVAE,SYGRRLIQVM,0,CDKN2A,pancreatic adenocarcinoma,0,B3801,floor
99122,93,GALPNAPNSYGRRLIQVMMMGSARVAE,SYGRRLIQVM,0,CDKN2A,pancreatic adenocarcinoma,0,C0401,floor
99122,93,GALPNAPNSYGRRLIQVMMMGSARVAE,SYGRRLIQVM,0,CDKN2A,pancreatic adenocarcinoma,0,C1203,floor
99122,93,GALPNAPNSYGRRLIQVMMMGSARVAE,NSYGRRLIQVM,0,CDKN2A,pancreatic adenocarcinoma,0,A2402,floor
99122,93,GALPNAPNSYGRRLIQVMMMGSARVAE,NSYGRRLIQVM,0,CDKN2A,pancreatic adenocarcinoma,0,A2601,floor
99122,93,GALPNAPNSYGRRLIQVMMMGSARVAE,NSYGRRLIQVM,0,CDKN2A,pancreatic adenocarcinoma,0,B3502,floor
99122,93,GALPNAPNSYGRRLIQVMMMGSARVAE,NSYGRRLIQVM,0,CDKN2A,pancreatic adenocarcinoma,0,B3801,floor
99122,93,GALPNAPNSYGRRLIQVMMMGSARVAE,NSYGRRLIQVM,0,CDKN2A,pancreatic adenocarcinoma,0,C0401,floor
99122,5,GALPNAPNSYGRRLIQVMMMGSARVAE,NSYGRRLIQVM,0,CDKN2A,pancreatic adenocarcinoma,0,C1203,scoreable
99122,0,GALPNAPNSYGRRLIQVMMMGSARVAE,SYGRRLIQVMM,0,CDKN2A,pancreatic adenocarcinoma,0,A2402,scoreable
99122,93,GALPNAPNSYGRRLIQVMMMGSARVAE,SYGRRLIQVMM,0,CDKN2A,pancreatic adenocarcinoma,0,A2601,floor
99122,93,GALPNAPNSYGRRLIQVMMMGSARVAE,SYGRRLIQVMM,0,CDKN2A,pancreatic adenocarcinoma,0,B3502,floor
99122,93,GALPNAPNSYGRRLIQVMMMGSARVAE,SYGRRLIQVMM,0,CDKN2A,pancreatic adenocarcinoma,0,B3801,floor
99122,93,GALPNAPNSYGRRLIQVMMMGSARVAE,SYGRRLIQVMM,0,CDKN2A,pancreatic adenocarcinoma,0,C0401,floor
99122,93,GALPNAPNSYGRRLIQVMMMGSARVAE,SYGRRLIQVMM,0,CDKN2A,pancreatic adenocarcinoma,0,C1203,floor
99122,93,GALPNAPNSYGRRLIQVMMMGSARVAE,LPNAPNSYGRRL,0,CDKN2A,pancreatic adenocarcinoma,0,A2402,floor
99122,93,GALPNAPNSYGRRLIQVMMMGSARVAE,LPNAPNSYGRRL,0,CDKN2A,pancreatic adenocarcinoma,0,A2601,floor
99122,2,GALPNAPNSYGRRLIQVMMMGSARVAE,LPNAPNSYGRRL,0,CDKN2A,pancreatic adenocarcinoma,0,B3502,scoreable
99122,93,GALPNAPNSYGRRLIQVMMMGSARVAE,LPNAPNSYGRRL,0,CDKN2A,pancreatic adenocarcinoma,0,B3801,floor
99122,93,GALPNAPNSYGRRLIQVMMMGSARVAE,LPNAPNSYGRRL,0,CDKN2A,pancreatic adenocarcinoma,0,C0401,floor
99122,93,GALPNAPNSYGRRLIQVMMMGSARVAE,LPNAPNSYGRRL,0,CDKN2A,pancreatic adenocarcinoma,0,C1203,floor
99122,93,PHHERCSDSDGLALPQHLIRVEGNLRV,CSDSDGLAL,0,TP53,pancreatic adenocarcinoma,0,A2402,floor
99122,93,PHHERCSDSDGLALPQHLIRVEGNLRV,CSDSDGLAL,0,TP53,pancreatic adenocarcinoma,0,A2601,floor
99122,2,PHHERCSDSDGLALPQHLIRVEGNLRV,CSDSDGLAL,0,TP53,pancreatic adenocarcinoma,0,B3502,scoreable
99122,3,PHHERCSDSDGLALPQHLIRVEGNLRV,CSDSDGLAL,0,TP53,pancreatic adenocarcinoma,0,B3801,scoreable
99122,93,PHHERCSDSDGLALPQHLIRVEGNLRV,CSDSDGLAL,0,TP53,pancreatic adenocarcinoma,0,C0401,floor
99122,93,PHHERCSDSDGLALPQHLIRVEGNLRV,CSDSDGLAL,0,TP53,pancreatic adenocarcinoma,0,C1203,floor
99122,0,PHHERCSDSDGLALPQHLIRVEGNLRV,ALPQHLIRV,0,TP53,pancreatic adenocarcinoma,0,A2402,scoreable
99122,93,PHHERCSDSDGLALPQHLIRVEGNLRV,ALPQHLIRV,0,TP53,pancreatic adenocarcinoma,0,A2601,floor
99122,93,PHHERCSDSDGLALPQHLIRVEGNLRV,ALPQHLIRV,0,TP53,pancreatic adenocarcinoma,0,B3502,floor
99122,93,PHHERCSDSDGLALPQHLIRVEGNLRV,ALPQHLIRV,0,TP53,pancreatic adenocarcinoma,0,B3801,floor
99122,93,PHHERCSDSDGLALPQHLIRVEGNLRV,ALPQHLIRV,0,TP53,pancreatic adenocarcinoma,0,C0401,floor
99122,93,PHHERCSDSDGLALPQHLIRVEGNLRV,ALPQHLIRV,0,TP53,pancreatic adenocarcinoma,0,C1203,floor
99122,93,PHHERCSDSDGLALPQHLIRVEGNLRV,RCSDSDGLAL,0,TP53,pancreatic adenocarcinoma,0,A2402,floor
99122,93,PHHERCSDSDGLALPQHLIRVEGNLRV,RCSDSDGLAL,0,TP53,pancreatic adenocarcinoma,0,A2601,floor
99122,93,PHHERCSDSDGLALPQHLIRVEGNLRV,RCSDSDGLAL,0,TP53,pancreatic adenocarcinoma,0,B3502,floor
99122,3,PHHERCSDSDGLALPQHLIRVEGNLRV,RCSDSDGLAL,0,TP53,pancreatic adenocarcinoma,0,B3801,scoreable
99122,93,PHHERCSDSDGLALPQHLIRVEGNLRV,RCSDSDGLAL,0,TP53,pancreatic adenocarcinoma,0,C0401,floor
99122,93,PHHERCSDSDGLALPQHLIRVEGNLRV,RCSDSDGLAL,0,TP53,pancreatic adenocarcinoma,0,C1203,floor
99122,93,PHHERCSDSDGLALPQHLIRVEGNLRV,ERCSDSDGLAL,0,TP53,pancreatic adenocarcinoma,0,A2402,floor
99122,93,PHHERCSDSDGLALPQHLIRVEGNLRV,ERCSDSDGLAL,0,TP53,pancreatic adenocarcinoma,0,A2601,floor
99122,93,PHHERCSDSDGLALPQHLIRVEGNLRV,ERCSDSDGLAL,0,TP53,pancreatic adenocarcinoma,0,B3502,floor
99122,3,PHHERCSDSDGLALPQHLIRVEGNLRV,ERCSDSDGLAL,0,TP53,pancreatic adenocarcinoma,0,B3801,scoreable
99122,93,PHHERCSDSDGLALPQHLIRVEGNLRV,ERCSDSDGLAL,0,TP53,pancreatic adenocarcinoma,0,C0401,floor
99122,93,PHHERCSDSDGLALPQHLIRVEGNLRV,ERCSDSDGLAL,0,TP53,pancreatic adenocarcinoma,0,C1203,floor
99122,93,PHHERCSDSDGLALPQHLIRVEGNLRV,HERCSDSDGLAL,0,TP53,pancreatic adenocarcinoma,0,A2402,floor
99122,93,PHHERCSDSDGLALPQHLIRVEGNLRV,HERCSDSDGLAL,0,TP53,pancreatic adenocarcinoma,0,A2601,floor
99122,93,PHHERCSDSDGLALPQHLIRVEGNLRV,HERCSDSDGLAL,0,TP53,pancreatic adenocarcinoma,0,B3502,floor
99122,3,PHHERCSDSDGLALPQHLIRVEGNLRV,HERCSDSDGLAL,0,TP53,pancreatic adenocarcinoma,0,B3801,scoreable
99122,93,PHHERCSDSDGLALPQHLIRVEGNLRV,HERCSDSDGLAL,0,TP53,pancreatic adenocarcinoma,0,C0401,floor
99122,93,PHHERCSDSDGLALPQHLIRVEGNLRV,HERCSDSDGLAL,0,TP53,pancreatic adenocarcinoma,0,C1203,floor
99122,93,FYKVIQTHPHANKPPLKDSFTYEDYRW,HPHANKPPL,0,SETD3,pancreatic adenocarcinoma,0,A2402,floor
99122,93,FYKVIQTHPHANKPPLKDSFTYEDYRW,HPHANKPPL,0,SETD3,pancreatic adenocarcinoma,0,A2601,floor
99122,2,FYKVIQTHPHANKPPLKDSFTYEDYRW,HPHANKPPL,0,SETD3,pancreatic adenocarcinoma,0,B3502,scoreable
99122,3,FYKVIQTHPHANKPPLKDSFTYEDYRW,HPHANKPPL,0,SETD3,pancreatic adenocarcinoma,0,B3801,scoreable
99122,4,FYKVIQTHPHANKPPLKDSFTYEDYRW,HPHANKPPL,0,SETD3,pancreatic adenocarcinoma,0,C0401,scoreable
99122,5,FYKVIQTHPHANKPPLKDSFTYEDYRW,HPHANKPPL,0,SETD3,pancreatic adenocarcinoma,0,C1203,scoreable
99122,93,FYKVIQTHPHANKPPLKDSFTYEDYRW,NKPPLKDSF,0,SETD3,pancreatic adenocarcinoma,0,A2402,floor
99122,93,FYKVIQTHPHANKPPLKDSFTYEDYRW,NKPPLKDSF,0,SETD3,pancreatic adenocarcinoma,0,A2601,floor
99122,93,FYKVIQTHPHANKPPLKDSFTYEDYRW,NKPPLKDSF,0,SETD3,pancreatic adenocarcinoma,0,B3502,floor
99122,3,FYKVIQTHPHANKPPLKDSFTYEDYRW,NKPPLKDSF,0,SETD3,pancreatic adenocarcinoma,0,B3801,scoreable
99122,93,FYKVIQTHPHANKPPLKDSFTYEDYRW,NKPPLKDSF,0,SETD3,pancreatic adenocarcinoma,0,C0401,floor
99122,93,FYKVIQTHPHANKPPLKDSFTYEDYRW,NKPPLKDSF,0,SETD3,pancreatic adenocarcinoma,0,C1203,floor
99122,93,FYKVIQTHPHANKPPLKDSFTYEDYRW,THPHANKPPL,0,SETD3,pancreatic adenocarcinoma,0,A2402,floor
99122,93,FYKVIQTHPHANKPPLKDSFTYEDYRW,THPHANKPPL,0,SETD3,pancreatic adenocarcinoma,0,A2601,floor
99122,93,FYKVIQTHPHANKPPLKDSFTYEDYRW,THPHANKPPL,0,SETD3,pancreatic adenocarcinoma,0,B3502,floor
99122,3,FYKVIQTHPHANKPPLKDSFTYEDYRW,THPHANKPPL,0,SETD3,pancreatic adenocarcinoma,0,B3801,scoreable
99122,93,FYKVIQTHPHANKPPLKDSFTYEDYRW,THPHANKPPL,0,SETD3,pancreatic adenocarcinoma,0,C0401,floor
99122,93,FYKVIQTHPHANKPPLKDSFTYEDYRW,THPHANKPPL,0,SETD3,pancreatic adenocarcinoma,0,C1203,floor
99122,93,FYKVIQTHPHANKPPLKDSFTYEDYRW,QTHPHANKPPL,0,SETD3,pancreatic adenocarcinoma,0,A2402,floor
99122,93,FYKVIQTHPHANKPPLKDSFTYEDYRW,QTHPHANKPPL,0,SETD3,pancreatic adenocarcinoma,0,A2601,floor
99122,93,FYKVIQTHPHANKPPLKDSFTYEDYRW,QTHPHANKPPL,0,SETD3,pancreatic adenocarcinoma,0,B3502,floor
99122,93,FYKVIQTHPHANKPPLKDSFTYEDYRW,QTHPHANKPPL,0,SETD3,pancreatic adenocarcinoma,0,B3801,floor
99122,93,FYKVIQTHPHANKPPLKDSFTYEDYRW,QTHPHANKPPL,0,SETD3,pancreatic adenocarcinoma,0,C0401,floor
99122,5,FYKVIQTHPHANKPPLKDSFTYEDYRW,QTHPHANKPPL,0,SETD3,pancreatic adenocarcinoma,0,C1203,scoreable
99122,93,FYKVIQTHPHANKPPLKDSFTYEDYRW,HANKPPLKDSF,0,SETD3,pancreatic adenocarcinoma,0,A2402,floor
99122,93,FYKVIQTHPHANKPPLKDSFTYEDYRW,HANKPPLKDSF,0,SETD3,pancreatic adenocarcinoma,0,A2601,floor
99122,2,FYKVIQTHPHANKPPLKDSFTYEDYRW,HANKPPLKDSF,0,SETD3,pancreatic adenocarcinoma,0,B3502,scoreable
99122,3,FYKVIQTHPHANKPPLKDSFTYEDYRW,HANKPPLKDSF,0,SETD3,pancreatic adenocarcinoma,0,B3801,scoreable
99122,93,FYKVIQTHPHANKPPLKDSFTYEDYRW,HANKPPLKDSF,0,SETD3,pancreatic adenocarcinoma,0,C0401,floor
99122,5,FYKVIQTHPHANKPPLKDSFTYEDYRW,HANKPPLKDSF,0,SETD3,pancreatic adenocarcinoma,0,C1203,scoreable
99316,24,GQVGDPGERGPPGCPGLPGADGLPGPP,RGPPGCPGL,0,COL5A1,pancreatic adenocarcinoma,8,A0201,scoreable
99316,101,GQVGDPGERGPPGCPGLPGADGLPGPP,RGPPGCPGL,0,COL5A1,pancreatic adenocarcinoma,8,A0301,floor
99316,26,GQVGDPGERGPPGCPGLPGADGLPGPP,RGPPGCPGL,0,COL5A1,pancreatic adenocarcinoma,8,B0702,scoreable
99316,101,GQVGDPGERGPPGCPGLPGADGLPGPP,RGPPGCPGL,0,COL5A1,pancreatic adenocarcinoma,8,B3508,floor
99316,101,GQVGDPGERGPPGCPGLPGADGLPGPP,RGPPGCPGL,0,COL5A1,pancreatic adenocarcinoma,8,C0202,floor
99316,101,GQVGDPGERGPPGCPGLPGADGLPGPP,RGPPGCPGL,0,COL5A1,pancreatic adenocarcinoma,8,C0702,floor
99316,101,GQVGDPGERGPPGCPGLPGADGLPGPP,ERGPPGCPGL,0,COL5A1,pancreatic adenocarcinoma,8,A0201,floor
99316,101,GQVGDPGERGPPGCPGLPGADGLPGPP,ERGPPGCPGL,0,COL5A1,pancreatic adenocarcinoma,8,A0301,floor
99316,26,GQVGDPGERGPPGCPGLPGADGLPGPP,ERGPPGCPGL,0,COL5A1,pancreatic adenocarcinoma,8,B0702,scoreable
99316,101,GQVGDPGERGPPGCPGLPGADGLPGPP,ERGPPGCPGL,0,COL5A1,pancreatic adenocarcinoma,8,B3508,floor
99316,101,GQVGDPGERGPPGCPGLPGADGLPGPP,ERGPPGCPGL,0,COL5A1,pancreatic adenocarcinoma,8,C0202,floor
99316,101,GQVGDPGERGPPGCPGLPGADGLPGPP,ERGPPGCPGL,0,COL5A1,pancreatic adenocarcinoma,8,C0702,floor
99316,101,GQVGDPGERGPPGCPGLPGADGLPGPP,GPPGCPGLPG,0,COL5A1,pancreatic adenocarcinoma,8,A0201,floor
99316,101,GQVGDPGERGPPGCPGLPGADGLPGPP,GPPGCPGLPG,0,COL5A1,pancreatic adenocarcinoma,8,A0301,floor
99316,26,GQVGDPGERGPPGCPGLPGADGLPGPP,GPPGCPGLPG,0,COL5A1,pancreatic adenocarcinoma,8,B0702,scoreable
99316,101,GQVGDPGERGPPGCPGLPGADGLPGPP,GPPGCPGLPG,0,COL5A1,pancreatic adenocarcinoma,8,B3508,floor
99316,101,GQVGDPGERGPPGCPGLPGADGLPGPP,GPPGCPGLPG,0,COL5A1,pancreatic adenocarcinoma,8,C0202,floor
99316,101,GQVGDPGERGPPGCPGLPGADGLPGPP,GPPGCPGLPG,0,COL5A1,pancreatic adenocarcinoma,8,C0702,floor
99316,101,GQVGDPGERGPPGCPGLPGADGLPGPP,PPGCPGLPGA,0,COL5A1,pancreatic adenocarcinoma,8,A0201,floor
99316,101,GQVGDPGERGPPGCPGLPGADGLPGPP,PPGCPGLPGA,0,COL5A1,pancreatic adenocarcinoma,8,A0301,floor
99316,26,GQVGDPGERGPPGCPGLPGADGLPGPP,PPGCPGLPGA,0,COL5A1,pancreatic adenocarcinoma,8,B0702,scoreable
99316,101,GQVGDPGERGPPGCPGLPGADGLPGPP,PPGCPGLPGA,0,COL5A1,pancreatic adenocarcinoma,8,B3508,floor
99316,101,GQVGDPGERGPPGCPGLPGADGLPGPP,PPGCPGLPGA,0,COL5A1,pancreatic adenocarcinoma,8,C0202,floor
99316,101,GQVGDPGERGPPGCPGLPGADGLPGPP,PPGCPGLPGA,0,COL5A1,pancreatic adenocarcinoma,8,C0702,floor
99316,101,GQVGDPGERGPPGCPGLPGADGLPGPP,CPGLPGADGL,0,COL5A1,pancreatic adenocarcinoma,8,A0201,floor
99316,101,GQVGDPGERGPPGCPGLPGADGLPGPP,CPGLPGADGL,0,COL5A1,pancreatic adenocarcinoma,8,A0301,floor
99316,26,GQVGDPGERGPPGCPGLPGADGLPGPP,CPGLPGADGL,0,COL5A1,pancreatic adenocarcinoma,8,B0702,scoreable
99316,27,GQVGDPGERGPPGCPGLPGADGLPGPP,CPGLPGADGL,0,COL5A1,pancreatic adenocarcinoma,8,B3508,scoreable
99316,101,GQVGDPGERGPPGCPGLPGADGLPGPP,CPGLPGADGL,0,COL5A1,pancreatic adenocarcinoma,8,C0202,floor
99316,101,GQVGDPGERGPPGCPGLPGADGLPGPP,CPGLPGADGL,0,COL5A1,pancreatic adenocarcinoma,8,C0702,floor
99316,101,GQVGDPGERGPPGCPGLPGADGLPGPP,GERGPPGCPGL,0,COL5A1,pancreatic adenocarcinoma,8,A0201,floor
99316,101,GQVGDPGERGPPGCPGLPGADGLPGPP,GERGPPGCPGL,0,COL5A1,pancreatic adenocarcinoma,8,A0301,floor
99316,26,GQVGDPGERGPPGCPGLPGADGLPGPP,GERGPPGCPGL,0,COL5A1,pancreatic adenocarcinoma,8,B0702,scoreable
99316,101,GQVGDPGERGPPGCPGLPGADGLPGPP,GERGPPGCPGL,0,COL5A1,pancreatic adenocarcinoma,8,B3508,floor
99316,101,GQVGDPGERGPPGCPGLPGADGLPGPP,GERGPPGCPGL,0,COL5A1,pancreatic adenocarcinoma,8,C0202,floor
99316,101,GQVGDPGERGPPGCPGLPGADGLPGPP,GERGPPGCPGL,0,COL5A1,pancreatic adenocarcinoma,8,C0702,floor
99316,101,GQVGDPGERGPPGCPGLPGADGLPGPP,GPPGCPGLPGA,0,COL5A1,pancreatic adenocarcinoma,8,A0201,floor
99316,101,GQVGDPGERGPPGCPGLPGADGLPGPP,GPPGCPGLPGA,0,COL5A1,pancreatic adenocarcinoma,8,A0301,floor
99316,26,GQVGDPGERGPPGCPGLPGADGLPGPP,GPPGCPGLPGA,0,COL5A1,pancreatic adenocarcinoma,8,B0702,scoreable
99316,101,GQVGDPGERGPPGCPGLPGADGLPGPP,GPPGCPGLPGA,0,COL5A1,pancreatic adenocarcinoma,8,B3508,floor
99316,101,GQVGDPGERGPPGCPGLPGADGLPGPP,GPPGCPGLPGA,0,COL5A1,pancreatic adenocarcinoma,8,C0202,floor
99316,101,GQVGDPGERGPPGCPGLPGADGLPGPP,GPPGCPGLPGA,0,COL5A1,pancreatic adenocarcinoma,8,C0702,floor
99316,101,GQVGDPGERGPPGCPGLPGADGLPGPP,DPGERGPPGCPG,0,COL5A1,pancreatic adenocarcinoma,8,A0201,floor
99316,101,GQVGDPGERGPPGCPGLPGADGLPGPP,DPGERGPPGCPG,0,COL5A1,pancreatic adenocarcinoma,8,A0301,floor
99316,26,GQVGDPGERGPPGCPGLPGADGLPGPP,DPGERGPPGCPG,0,COL5A1,pancreatic adenocarcinoma,8,B0702,scoreable
99316,101,GQVGDPGERGPPGCPGLPGADGLPGPP,DPGERGPPGCPG,0,COL5A1,pancreatic adenocarcinoma,8,B3508,floor
99316,101,GQVGDPGERGPPGCPGLPGADGLPGPP,DPGERGPPGCPG,0,COL5A1,pancreatic adenocarcinoma,8,C0202,floor
99316,101,GQVGDPGERGPPGCPGLPGADGLPGPP,DPGERGPPGCPG,0,COL5A1,pancreatic adenocarcinoma,8,C0702,floor
99316,101,GQVGDPGERGPPGCPGLPGADGLPGPP,CPGLPGADGLPG,0,COL5A1,pancreatic adenocarcinoma,8,A0201,floor
99316,101,GQVGDPGERGPPGCPGLPGADGLPGPP,CPGLPGADGLPG,0,COL5A1,pancreatic adenocarcinoma,8,A0301,floor
99316,26,GQVGDPGERGPPGCPGLPGADGLPGPP,CPGLPGADGLPG,0,COL5A1,pancreatic adenocarcinoma,8,B0702,scoreable
99316,101,GQVGDPGERGPPGCPGLPGADGLPGPP,CPGLPGADGLPG,0,COL5A1,pancreatic adenocarcinoma,8,B3508,floor
99316,101,GQVGDPGERGPPGCPGLPGADGLPGPP,CPGLPGADGLPG,0,COL5A1,pancreatic adenocarcinoma,8,C0202,floor
99316,101,GQVGDPGERGPPGCPGLPGADGLPGPP,CPGLPGADGLPG,0,COL5A1,pancreatic adenocarcinoma,8,C0702,floor
99316,24,PGSLEMGLLTFRDMAIEFSPEEWQCLD,GLLTFRDMA,0,ZNF91,pancreatic adenocarcinoma,8,A0201,scoreable
99316,101,PGSLEMGLLTFRDMAIEFSPEEWQCLD,GLLTFRDMA,0,ZNF91,pancreatic adenocarcinoma,8,A0301,floor
99316,101,PGSLEMGLLTFRDMAIEFSPEEWQCLD,GLLTFRDMA,0,ZNF91,pancreatic adenocarcinoma,8,B0702,floor
99316,101,PGSLEMGLLTFRDMAIEFSPEEWQCLD,GLLTFRDMA,0,ZNF91,pancreatic adenocarcinoma,8,B3508,floor
99316,101,PGSLEMGLLTFRDMAIEFSPEEWQCLD,GLLTFRDMA,0,ZNF91,pancreatic adenocarcinoma,8,C0202,floor
99316,101,PGSLEMGLLTFRDMAIEFSPEEWQCLD,GLLTFRDMA,0,ZNF91,pancreatic adenocarcinoma,8,C0702,floor
99316,24,PGSLEMGLLTFRDMAIEFSPEEWQCLD,LLTFRDMAI,0,ZNF91,pancreatic adenocarcinoma,8,A0201,scoreable
99316,101,PGSLEMGLLTFRDMAIEFSPEEWQCLD,LLTFRDMAI,0,ZNF91,pancreatic adenocarcinoma,8,A0301,floor
99316,101,PGSLEMGLLTFRDMAIEFSPEEWQCLD,LLTFRDMAI,0,ZNF91,pancreatic adenocarcinoma,8,B0702,floor
99316,101,PGSLEMGLLTFRDMAIEFSPEEWQCLD,LLTFRDMAI,0,ZNF91,pancreatic adenocarcinoma,8,B3508,floor
99316,101,PGSLEMGLLTFRDMAIEFSPEEWQCLD,LLTFRDMAI,0,ZNF91,pancreatic adenocarcinoma,8,C0202,floor
99316,101,PGSLEMGLLTFRDMAIEFSPEEWQCLD,LLTFRDMAI,0,ZNF91,pancreatic adenocarcinoma,8,C0702,floor
99316,101,PGSLEMGLLTFRDMAIEFSPEEWQCLD,TFRDMAIEF,0,ZNF91,pancreatic adenocarcinoma,8,A0201,floor
99316,101,PGSLEMGLLTFRDMAIEFSPEEWQCLD,TFRDMAIEF,0,ZNF91,pancreatic adenocarcinoma,8,A0301,floor
99316,26,PGSLEMGLLTFRDMAIEFSPEEWQCLD,TFRDMAIEF,0,ZNF91,pancreatic adenocarcinoma,8,B0702,scoreable
99316,101,PGSLEMGLLTFRDMAIEFSPEEWQCLD,TFRDMAIEF,0,ZNF91,pancreatic adenocarcinoma,8,B3508,floor
99316,28,PGSLEMGLLTFRDMAIEFSPEEWQCLD,TFRDMAIEF,0,ZNF91,pancreatic adenocarcinoma,8,C0202,scoreable
99316,101,PGSLEMGLLTFRDMAIEFSPEEWQCLD,TFRDMAIEF,0,ZNF91,pancreatic adenocarcinoma,8,C0702,floor
99316,101,PGSLEMGLLTFRDMAIEFSPEEWQCLD,MAIEFSPEE,0,ZNF91,pancreatic adenocarcinoma,8,A0201,floor
99316,101,PGSLEMGLLTFRDMAIEFSPEEWQCLD,MAIEFSPEE,0,ZNF91,pancreatic adenocarcinoma,8,A0301,floor
99316,101,PGSLEMGLLTFRDMAIEFSPEEWQCLD,MAIEFSPEE,0,ZNF91,pancreatic adenocarcinoma,8,B0702,floor
99316,101,PGSLEMGLLTFRDMAIEFSPEEWQCLD,MAIEFSPEE,0,ZNF91,pancreatic adenocarcinoma,8,B3508,floor
99316,28,PGSLEMGLLTFRDMAIEFSPEEWQCLD,MAIEFSPEE,0,ZNF91,pancreatic adenocarcinoma,8,C0202,scoreable
99316,101,PGSLEMGLLTFRDMAIEFSPEEWQCLD,MAIEFSPEE,0,ZNF91,pancreatic adenocarcinoma,8,C0702,floor
99316,24,PGSLEMGLLTFRDMAIEFSPEEWQCLD,GLLTFRDMAI,0,ZNF91,pancreatic adenocarcinoma,8,A0201,scoreable
99316,101,PGSLEMGLLTFRDMAIEFSPEEWQCLD,GLLTFRDMAI,0,ZNF91,pancreatic adenocarcinoma,8,A0301,floor
99316,101,PGSLEMGLLTFRDMAIEFSPEEWQCLD,GLLTFRDMAI,0,ZNF91,pancreatic adenocarcinoma,8,B0702,floor
99316,101,PGSLEMGLLTFRDMAIEFSPEEWQCLD,GLLTFRDMAI,0,ZNF91,pancreatic adenocarcinoma,8,B3508,floor
99316,101,PGSLEMGLLTFRDMAIEFSPEEWQCLD,GLLTFRDMAI,0,ZNF91,pancreatic adenocarcinoma,8,C0202,floor
99316,101,PGSLEMGLLTFRDMAIEFSPEEWQCLD,GLLTFRDMAI,0,ZNF91,pancreatic adenocarcinoma,8,C0702,floor
99316,101,PGSLEMGLLTFRDMAIEFSPEEWQCLD,LTFRDMAIEF,0,ZNF91,pancreatic adenocarcinoma,8,A0201,floor
99316,101,PGSLEMGLLTFRDMAIEFSPEEWQCLD,LTFRDMAIEF,0,ZNF91,pancreatic adenocarcinoma,8,A0301,floor
99316,101,PGSLEMGLLTFRDMAIEFSPEEWQCLD,LTFRDMAIEF,0,ZNF91,pancreatic adenocarcinoma,8,B0702,floor
99316,27,PGSLEMGLLTFRDMAIEFSPEEWQCLD,LTFRDMAIEF,0,ZNF91,pancreatic adenocarcinoma,8,B3508,scoreable
99316,28,PGSLEMGLLTFRDMAIEFSPEEWQCLD,LTFRDMAIEF,0,ZNF91,pancreatic adenocarcinoma,8,C0202,scoreable
99316,29,PGSLEMGLLTFRDMAIEFSPEEWQCLD,LTFRDMAIEF,0,ZNF91,pancreatic adenocarcinoma,8,C0702,scoreable
99316,101,PGSLEMGLLTFRDMAIEFSPEEWQCLD,MAIEFSPEEW,0,ZNF91,pancreatic adenocarcinoma,8,A0201,floor
99316,101,PGSLEMGLLTFRDMAIEFSPEEWQCLD,MAIEFSPEEW,0,ZNF91,pancreatic adenocarcinoma,8,A0301,floor
99316,101,PGSLEMGLLTFRDMAIEFSPEEWQCLD,MAIEFSPEEW,0,ZNF91,pancreatic adenocarcinoma,8,B0702,floor
99316,27,PGSLEMGLLTFRDMAIEFSPEEWQCLD,MAIEFSPEEW,0,ZNF91,pancreatic adenocarcinoma,8,B3508,scoreable
99316,28,PGSLEMGLLTFRDMAIEFSPEEWQCLD,MAIEFSPEEW,0,ZNF91,pancreatic adenocarcinoma,8,C0202,scoreable
99316,29,PGSLEMGLLTFRDMAIEFSPEEWQCLD,MAIEFSPEEW,0,ZNF91,pancreatic adenocarcinoma,8,C0702,scoreable
99316,24,MTEYKLVVVGADGVGKSALTIQLIQ,LVVVGADGV,0,KRAS,pancreatic adenocarcinoma,8,A0201,scoreable
99316,101,MTEYKLVVVGADGVGKSALTIQLIQ,LVVVGADGV,0,KRAS,pancreatic adenocarcinoma,8,A0301,floor
99316,101,MTEYKLVVVGADGVGKSALTIQLIQ,LVVVGADGV,0,KRAS,pancreatic adenocarcinoma,8,B0702,floor
99316,101,MTEYKLVVVGADGVGKSALTIQLIQ,LVVVGADGV,0,KRAS,pancreatic adenocarcinoma,8,B3508,floor
99316,101,MTEYKLVVVGADGVGKSALTIQLIQ,LVVVGADGV,0,KRAS,pancreatic adenocarcinoma,8,C0202,floor
99316,101,MTEYKLVVVGADGVGKSALTIQLIQ,LVVVGADGV,0,KRAS,pancreatic adenocarcinoma,8,C0702,floor
99316,101,MTEYKLVVVGADGVGKSALTIQLIQ,VVGADGVGK,0,KRAS,pancreatic adenocarcinoma,8,A0201,floor
99316,25,MTEYKLVVVGADGVGKSALTIQLIQ,VVGADGVGK,0,KRAS,pancreatic adenocarcinoma,8,A0301,scoreable
99316,101,MTEYKLVVVGADGVGKSALTIQLIQ,VVGADGVGK,0,KRAS,pancreatic adenocarcinoma,8,B0702,floor
99316,101,MTEYKLVVVGADGVGKSALTIQLIQ,VVGADGVGK,0,KRAS,pancreatic adenocarcinoma,8,B3508,floor
99316,101,MTEYKLVVVGADGVGKSALTIQLIQ,VVGADGVGK,0,KRAS,pancreatic adenocarcinoma,8,C0202,floor
99316,101,MTEYKLVVVGADGVGKSALTIQLIQ,VVGADGVGK,0,KRAS,pancreatic adenocarcinoma,8,C0702,floor
99316,101,MTEYKLVVVGADGVGKSALTIQLIQ,ADGVGKSAL,0,KRAS,pancreatic adenocarcinoma,8,A0201,floor
99316,101,MTEYKLVVVGADGVGKSALTIQLIQ,ADGVGKSAL,0,KRAS,pancreatic adenocarcinoma,8,A0301,floor
99316,26,MTEYKLVVVGADGVGKSALTIQLIQ,ADGVGKSAL,0,KRAS,pancreatic adenocarcinoma,8,B0702,scoreable
99316,101,MTEYKLVVVGADGVGKSALTIQLIQ,ADGVGKSAL,0,KRAS,pancreatic adenocarcinoma,8,B3508,floor
99316,101,MTEYKLVVVGADGVGKSALTIQLIQ,ADGVGKSAL,0,KRAS,pancreatic adenocarcinoma,8,C0202,floor
99316,101,MTEYKLVVVGADGVGKSALTIQLIQ,ADGVGKSAL,0,KRAS,pancreatic adenocarcinoma,8,C0702,floor
99316,24,MTEYKLVVVGADGVGKSALTIQLIQ,KLVVVGADGV,0,KRAS,pancreatic adenocarcinoma,8,A0201,scoreable
99316,101,MTEYKLVVVGADGVGKSALTIQLIQ,KLVVVGADGV,0,KRAS,pancreatic adenocarcinoma,8,A0301,floor
99316,101,MTEYKLVVVGADGVGKSALTIQLIQ,KLVVVGADGV,0,KRAS,pancreatic adenocarcinoma,8,B0702,floor
99316,101,MTEYKLVVVGADGVGKSALTIQLIQ,KLVVVGADGV,0,KRAS,pancreatic adenocarcinoma,8,B3508,floor
99316,101,MTEYKLVVVGADGVGKSALTIQLIQ,KLVVVGADGV,0,KRAS,pancreatic adenocarcinoma,8,C0202,floor
99316,101,MTEYKLVVVGADGVGKSALTIQLIQ,KLVVVGADGV,0,KRAS,pancreatic adenocarcinoma,8,C0702,floor
99316,101,MTEYKLVVVGADGVGKSALTIQLIQ,VVVGADGVGK,0,KRAS,pancreatic adenocarcinoma,8,A0201,floor
99316,25,MTEYKLVVVGADGVGKSALTIQLIQ,VVVGADGVGK,0,KRAS,pancreatic adenocarcinoma,8,A0301,scoreable
99316,101,MTEYKLVVVGADGVGKSALTIQLIQ,VVVGADGVGK,0,KRAS,pancreatic adenocarcinoma,8,B0702,floor
99316,101,MTEYKLVVVGADGVGKSALTIQLIQ,VVVGADGVGK,0,KRAS,pancreatic adenocarcinoma,8,B3508,floor
99316,101,MTEYKLVVVGADGVGKSALTIQLIQ,VVVGADGVGK,0,KRAS,pancreatic adenocarcinoma,8,C0202,floor
99316,101,MTEYKLVVVGADGVGKSALTIQLIQ,VVVGADGVGK,0,KRAS,pancreatic adenocarcinoma,8,C0702,floor
99316,101,MTEYKLVVVGADGVGKSALTIQLIQ,GADGVGKSAL,0,KRAS,pancreatic adenocarcinoma,8,A0201,floor
99316,101,MTEYKLVVVGADGVGKSALTIQLIQ,GADGVGKSAL,0,KRAS,pancreatic adenocarcinoma,8,A0301,floor
99316,26,MTEYKLVVVGADGVGKSALTIQLIQ,GADGVGKSAL,0,KRAS,pancreatic adenocarcinoma,8,B0702,scoreable
99316,101,MTEYKLVVVGADGVGKSALTIQLIQ,GADGVGKSAL,0,KRAS,pancreatic adenocarcinoma,8,B3508,floor
99316,28,MTEYKLVVVGADGVGKSALTIQLIQ,GADGVGKSAL,0,KRAS,pancreatic adenocarcinoma,8,C0202,scoreable
99316,101,MTEYKLVVVGADGVGKSALTIQLIQ,GADGVGKSAL,0,KRAS,pancreatic adenocarcinoma,8,C0702,floor
99316,101,MTEYKLVVVGADGVGKSALTIQLIQ,LVVVGADGVGK,0,KRAS,pancreatic adenocarcinoma,8,A0201,floor
99316,25,MTEYKLVVVGADGVGKSALTIQLIQ,LVVVGADGVGK,0,KRAS,pancreatic adenocarcinoma,8,A0301,scoreable
99316,101,MTEYKLVVVGADGVGKSALTIQLIQ,LVVVGADGVGK,0,KRAS,pancreatic adenocarcinoma,8,B0702,floor
99316,101,MTEYKLVVVGADGVGKSALTIQLIQ,LVVVGADGVGK,0,KRAS,pancreatic adenocarcinoma,8,B3508,floor
99316,101,MTEYKLVVVGADGVGKSALTIQLIQ,LVVVGADGVGK,0,KRAS,pancreatic adenocarcinoma,8,C0202,floor
99316,101,MTEYKLVVVGADGVGKSALTIQLIQ,LVVVGADGVGK,0,KRAS,pancreatic adenocarcinoma,8,C0702,floor
99316,101,MTEYKLVVVGADGVGKSALTIQLIQ,VGADGVGKSAL,0,KRAS,pancreatic adenocarcinoma,8,A0201,floor
99316,101,MTEYKLVVVGADGVGKSALTIQLIQ,VGADGVGKSAL,0,KRAS,pancreatic adenocarcinoma,8,A0301,floor
99316,26,MTEYKLVVVGADGVGKSALTIQLIQ,VGADGVGKSAL,0,KRAS,pancreatic adenocarcinoma,8,B0702,scoreable
99316,101,MTEYKLVVVGADGVGKSALTIQLIQ,VGADGVGKSAL,0,KRAS,pancreatic adenocarcinoma,8,B3508,floor
99316,28,MTEYKLVVVGADGVGKSALTIQLIQ,VGADGVGKSAL,0,KRAS,pancreatic adenocarcinoma,8,C0202,scoreable
99316,101,MTEYKLVVVGADGVGKSALTIQLIQ,VGADGVGKSAL,0,KRAS,pancreatic adenocarcinoma,8,C0702,floor
99316,101,MTEYKLVVVGADGVGKSALTIQLIQ,KLVVVGADGVGK,0,KRAS,pancreatic adenocarcinoma,8,A0201,floor
99316,25,MTEYKLVVVGADGVGKSALTIQLIQ,KLVVVGADGVGK,0,KRAS,pancreatic adenocarcinoma,8,A0301,scoreable
99316,101,MTEYKLVVVGADGVGKSALTIQLIQ,KLVVVGADGVGK,0,KRAS,pancreatic adenocarcinoma,8,B0702,floor
99316,101,MTEYKLVVVGADGVGKSALTIQLIQ,KLVVVGADGVGK,0,KRAS,pancreatic adenocarcinoma,8,B3508,floor
99316,101,MTEYKLVVVGADGVGKSALTIQLIQ,KLVVVGADGVGK,0,KRAS,pancreatic adenocarcinoma,8,C0202,floor
99316,101,MTEYKLVVVGADGVGKSALTIQLIQ,KLVVVGADGVGK,0,KRAS,pancreatic adenocarcinoma,8,C0702,floor
99316,24,MTEYKLVVVGADGVGKSALTIQLIQ,VVVGADGVGKSA,0,KRAS,pancreatic adenocarcinoma,8,A0201,scoreable
99316,101,MTEYKLVVVGADGVGKSALTIQLIQ,VVVGADGVGKSA,0,KRAS,pancreatic adenocarcinoma,8,A0301,floor
99316,101,MTEYKLVVVGADGVGKSALTIQLIQ,VVVGADGVGKSA,0,KRAS,pancreatic adenocarcinoma,8,B0702,floor
99316,101,MTEYKLVVVGADGVGKSALTIQLIQ,VVVGADGVGKSA,0,KRAS,pancreatic adenocarcinoma,8,B3508,floor
99316,28,MTEYKLVVVGADGVGKSALTIQLIQ,VVVGADGVGKSA,0,KRAS,pancreatic adenocarcinoma,8,C0202,scoreable
99316,101,MTEYKLVVVGADGVGKSALTIQLIQ,VVVGADGVGKSA,0,KRAS,pancreatic adenocarcinoma,8,C0702,floor
99316,24,MTEYKLVVVGADGVGKSALTIQLIQ,VVGADGVGKSAL,0,KRAS,pancreatic adenocarcinoma,8,A0201,scoreable
99316,101,MTEYKLVVVGADGVGKSALTIQLIQ,VVGADGVGKSAL,0,KRAS,pancreatic adenocarcinoma,8,A0301,floor
99316,26,MTEYKLVVVGADGVGKSALTIQLIQ,VVGADGVGKSAL,0,KRAS,pancreatic adenocarcinoma,8,B0702,scoreable
99316,101,MTEYKLVVVGADGVGKSALTIQLIQ,VVGADGVGKSAL,0,KRAS,pancreatic adenocarcinoma,8,B3508,floor
99316,28,MTEYKLVVVGADGVGKSALTIQLIQ,VVGADGVGKSAL,0,KRAS,pancreatic adenocarcinoma,8,C0202,scoreable
99316,101,MTEYKLVVVGADGVGKSALTIQLIQ,VVGADGVGKSAL,0,KRAS,pancreatic adenocarcinoma,8,C0702,floor
99316,101,SGLFLEDELDIIGHNTDCGKEAEKRFE,IGHNTDCGK,0,MED13,pancreatic adenocarcinoma,8,A0201,floor
99316,25,SGLFLEDELDIIGHNTDCGKEAEKRFE,IGHNTDCGK,0,MED13,pancreatic adenocarcinoma,8,A0301,scoreable
99316,101,SGLFLEDELDIIGHNTDCGKEAEKRFE,IGHNTDCGK,0,MED13,pancreatic adenocarcinoma,8,B0702,floor
99316,101,SGLFLEDELDIIGHNTDCGKEAEKRFE,IGHNTDCGK,0,MED13,pancreatic adenocarcinoma,8,B3508,floor
99316,101,SGLFLEDELDIIGHNTDCGKEAEKRFE,IGHNTDCGK,0,MED13,pancreatic adenocarcinoma,8,C0202,floor
99316,101,SGLFLEDELDIIGHNTDCGKEAEKRFE,IGHNTDCGK,0,MED13,pancreatic adenocarcinoma,8,C0702,floor
99316,101,SGLFLEDELDIIGHNTDCGKEAEKRFE,IIGHNTDCGK,0,MED13,pancreatic adenocarcinoma,8,A0201,floor
99316,25,SGLFLEDELDIIGHNTDCGKEAEKRFE,IIGHNTDCGK,0,MED13,pancreatic adenocarcinoma,8,A0301,scoreable
99316,101,SGLFLEDELDIIGHNTDCGKEAEKRFE,IIGHNTDCGK,0,MED13,pancreatic adenocarcinoma,8,B0702,floor
99316,101,SGLFLEDELDIIGHNTDCGKEAEKRFE,IIGHNTDCGK,0,MED13,pancreatic adenocarcinoma,8,B3508,floor
99316,101,SGLFLEDELDIIGHNTDCGKEAEKRFE,IIGHNTDCGK,0,MED13,pancreatic adenocarcinoma,8,C0202,floor
99316,101,SGLFLEDELDIIGHNTDCGKEAEKRFE,IIGHNTDCGK,0,MED13,pancreatic adenocarcinoma,8,C0702,floor
99316,24,SGLFLEDELDIIGHNTDCGKEAEKRFE,FLEDELDIIGH,0,MED13,pancreatic adenocarcinoma,8,A0201,scoreable
99316,101,SGLFLEDELDIIGHNTDCGKEAEKRFE,FLEDELDIIGH,0,MED13,pancreatic adenocarcinoma,8,A0301,floor
99316,101,SGLFLEDELDIIGHNTDCGKEAEKRFE,FLEDELDIIGH,0,MED13,pancreatic adenocarcinoma,8,B0702,floor
99316,101,SGLFLEDELDIIGHNTDCGKEAEKRFE,FLEDELDIIGH,0,MED13,pancreatic adenocarcinoma,8,B3508,floor
99316,101,SGLFLEDELDIIGHNTDCGKEAEKRFE,FLEDELDIIGH,0,MED13,pancreatic adenocarcinoma,8,C0202,floor
99316,101,SGLFLEDELDIIGHNTDCGKEAEKRFE,FLEDELDIIGH,0,MED13,pancreatic adenocarcinoma,8,C0702,floor
99316,101,SGLFLEDELDIIGHNTDCGKEAEKRFE,DIIGHNTDCGK,0,MED13,pancreatic adenocarcinoma,8,A0201,floor
99316,25,SGLFLEDELDIIGHNTDCGKEAEKRFE,DIIGHNTDCGK,0,MED13,pancreatic adenocarcinoma,8,A0301,scoreable
99316,101,SGLFLEDELDIIGHNTDCGKEAEKRFE,DIIGHNTDCGK,0,MED13,pancreatic adenocarcinoma,8,B0702,floor
99316,101,SGLFLEDELDIIGHNTDCGKEAEKRFE,DIIGHNTDCGK,0,MED13,pancreatic adenocarcinoma,8,B3508,floor
99316,101,SGLFLEDELDIIGHNTDCGKEAEKRFE,DIIGHNTDCGK,0,MED13,pancreatic adenocarcinoma,8,C0202,floor
99316,101,SGLFLEDELDIIGHNTDCGKEAEKRFE,DIIGHNTDCGK,0,MED13,pancreatic adenocarcinoma,8,C0702,floor
99316,101,PRSKANPWGSFMGIWQMPLKIPPARVT,NPWGSFMGI,0,C1orf192,pancreatic adenocarcinoma,8,A0201,floor
99316,101,PRSKANPWGSFMGIWQMPLKIPPARVT,NPWGSFMGI,0,C1orf192,pancreatic adenocarcinoma,8,A0301,floor
99316,26,PRSKANPWGSFMGIWQMPLKIPPARVT,NPWGSFMGI,0,C1orf192,pancreatic adenocarcinoma,8,B0702,scoreable
99316,27,PRSKANPWGSFMGIWQMPLKIPPARVT,NPWGSFMGI,0,C1orf192,pancreatic adenocarcinoma,8,B3508,scoreable
99316,101,PRSKANPWGSFMGIWQMPLKIPPARVT,NPWGSFMGI,0,C1orf192,pancreatic adenocarcinoma,8,C0202,floor
99316,101,PRSKANPWGSFMGIWQMPLKIPPARVT,NPWGSFMGI,0,C1orf192,pancreatic adenocarcinoma,8,C0702,floor
99316,24,PRSKANPWGSFMGIWQMPLKIPPARVT,GSFMGIWQM,0,C1orf192,pancreatic adenocarcinoma,8,A0201,scoreable
99316,101,PRSKANPWGSFMGIWQMPLKIPPARVT,GSFMGIWQM,0,C1orf192,pancreatic adenocarcinoma,8,A0301,floor
99316,101,PRSKANPWGSFMGIWQMPLKIPPARVT,GSFMGIWQM,0,C1orf192,pancreatic adenocarcinoma,8,B0702,floor
99316,101,PRSKANPWGSFMGIWQMPLKIPPARVT,GSFMGIWQM,0,C1orf192,pancreatic adenocarcinoma,8,B3508,floor
99316,28,PRSKANPWGSFMGIWQMPLKIPPARVT,GSFMGIWQM,0,C1orf192,pancreatic adenocarcinoma,8,C0202,scoreable
99316,101,PRSKANPWGSFMGIWQMPLKIPPARVT,GSFMGIWQM,0,C1orf192,pancreatic adenocarcinoma,8,C0702,floor
99316,24,PRSKANPWGSFMGIWQMPLKIPPARVT,FMGIWQMPL,0,C1orf192,pancreatic adenocarcinoma,8,A0201,scoreable
99316,101,PRSKANPWGSFMGIWQMPLKIPPARVT,FMGIWQMPL,0,C1orf192,pancreatic adenocarcinoma,8,A0301,floor
99316,101,PRSKANPWGSFMGIWQMPLKIPPARVT,FMGIWQMPL,0,C1orf192,pancreatic adenocarcinoma,8,B0702,floor
99316,101,PRSKANPWGSFMGIWQMPLKIPPARVT,FMGIWQMPL,0,C1orf192,pancreatic adenocarcinoma,8,B3508,floor
99316,28,PRSKANPWGSFMGIWQMPLKIPPARVT,FMGIWQMPL,0,C1orf192,pancreatic adenocarcinoma,8,C0202,scoreable
99316,29,PRSKANPWGSFMGIWQMPLKIPPARVT,FMGIWQMPL,0,C1orf192,pancreatic adenocarcinoma,8,C0702,scoreable
99316,24,PRSKANPWGSFMGIWQMPLKIPPARVT,GIWQMPLKI,0,C1orf192,pancreatic adenocarcinoma,8,A0201,scoreable
99316,101,PRSKANPWGSFMGIWQMPLKIPPARVT,GIWQMPLKI,0,C1orf192,pancreatic adenocarcinoma,8,A0301,floor
99316,101,PRSKANPWGSFMGIWQMPLKIPPARVT,GIWQMPLKI,0,C1orf192,pancreatic adenocarcinoma,8,B0702,floor
99316,101,PRSKANPWGSFMGIWQMPLKIPPARVT,GIWQMPLKI,0,C1orf192,pancreatic adenocarcinoma,8,B3508,floor
99316,101,PRSKANPWGSFMGIWQMPLKIPPARVT,GIWQMPLKI,0,C1orf192,pancreatic adenocarcinoma,8,C0202,floor
99316,101,PRSKANPWGSFMGIWQMPLKIPPARVT,GIWQMPLKI,0,C1orf192,pancreatic adenocarcinoma,8,C0702,floor
99316,101,PRSKANPWGSFMGIWQMPLKIPPARVT,NPWGSFMGIW,0,C1orf192,pancreatic adenocarcinoma,8,A0201,floor
99316,101,PRSKANPWGSFMGIWQMPLKIPPARVT,NPWGSFMGIW,0,C1orf192,pancreatic adenocarcinoma,8,A0301,floor
99316,101,PRSKANPWGSFMGIWQMPLKIPPARVT,NPWGSFMGIW,0,C1orf192,pancreatic adenocarcinoma,8,B0702,floor
99316,27,PRSKANPWGSFMGIWQMPLKIPPARVT,NPWGSFMGIW,0,C1orf192,pancreatic adenocarcinoma,8,B3508,scoreable
99316,101,PRSKANPWGSFMGIWQMPLKIPPARVT,NPWGSFMGIW,0,C1orf192,pancreatic adenocarcinoma,8,C0202,floor
99316,101,PRSKANPWGSFMGIWQMPLKIPPARVT,NPWGSFMGIW,0,C1orf192,pancreatic adenocarcinoma,8,C0702,floor
99316,24,PRSKANPWGSFMGIWQMPLKIPPARVT,FMGIWQMPLK,0,C1orf192,pancreatic adenocarcinoma,8,A0201,scoreable
99316,25,PRSKANPWGSFMGIWQMPLKIPPARVT,FMGIWQMPLK,0,C1orf192,pancreatic adenocarcinoma,8,A0301,scoreable
99316,101,PRSKANPWGSFMGIWQMPLKIPPARVT,FMGIWQMPLK,0,C1orf192,pancreatic adenocarcinoma,8,B0702,floor
99316,101,PRSKANPWGSFMGIWQMPLKIPPARVT,FMGIWQMPLK,0,C1orf192,pancreatic adenocarcinoma,8,B3508,floor
99316,101,PRSKANPWGSFMGIWQMPLKIPPARVT,FMGIWQMPLK,0,C1orf192,pancreatic adenocarcinoma,8,C0202,floor
99316,101,PRSKANPWGSFMGIWQMPLKIPPARVT,FMGIWQMPLK,0,C1orf192,pancreatic adenocarcinoma,8,C0702,floor
99316,101,PRSKANPWGSFMGIWQMPLKIPPARVT,KANPWGSFMGI,0,C1orf192,pancreatic adenocarcinoma,8,A0201,floor
99316,101,PRSKANPWGSFMGIWQMPLKIPPARVT,KANPWGSFMGI,0,C1orf192,pancreatic adenocarcinoma,8,A0301,floor
99316,101,PRSKANPWGSFMGIWQMPLKIPPARVT,KANPWGSFMGI,0,C1orf192,pancreatic adenocarcinoma,8,B0702,floor
99316,101,PRSKANPWGSFMGIWQMPLKIPPARVT,KANPWGSFMGI,0,C1orf192,pancreatic adenocarcinoma,8,B3508,floor
99316,28,PRSKANPWGSFMGIWQMPLKIPPARVT,KANPWGSFMGI,0,C1orf192,pancreatic adenocarcinoma,8,C0202,scoreable
99316,101,PRSKANPWGSFMGIWQMPLKIPPARVT,KANPWGSFMGI,0,C1orf192,pancreatic adenocarcinoma,8,C0702,floor
99316,101,PRSKANPWGSFMGIWQMPLKIPPARVT,SFMGIWQMPLK,0,C1orf192,pancreatic adenocarcinoma,8,A0201,floor
99316,25,PRSKANPWGSFMGIWQMPLKIPPARVT,SFMGIWQMPLK,0,C1orf192,pancreatic adenocarcinoma,8,A0301,scoreable
99316,101,PRSKANPWGSFMGIWQMPLKIPPARVT,SFMGIWQMPLK,0,C1orf192,pancreatic adenocarcinoma,8,B0702,floor
99316,101,PRSKANPWGSFMGIWQMPLKIPPARVT,SFMGIWQMPLK,0,C1orf192,pancreatic adenocarcinoma,8,B3508,floor
99316,101,PRSKANPWGSFMGIWQMPLKIPPARVT,SFMGIWQMPLK,0,C1orf192,pancreatic adenocarcinoma,8,C0202,floor
99316,101,PRSKANPWGSFMGIWQMPLKIPPARVT,SFMGIWQMPLK,0,C1orf192,pancreatic adenocarcinoma,8,C0702,floor
99316,24,PRSKANPWGSFMGIWQMPLKIPPARVT,FMGIWQMPLKI,0,C1orf192,pancreatic adenocarcinoma,8,A0201,scoreable
99316,101,PRSKANPWGSFMGIWQMPLKIPPARVT,FMGIWQMPLKI,0,C1orf192,pancreatic adenocarcinoma,8,A0301,floor
99316,101,PRSKANPWGSFMGIWQMPLKIPPARVT,FMGIWQMPLKI,0,C1orf192,pancreatic adenocarcinoma,8,B0702,floor
99316,101,PRSKANPWGSFMGIWQMPLKIPPARVT,FMGIWQMPLKI,0,C1orf192,pancreatic adenocarcinoma,8,B3508,floor
99316,101,PRSKANPWGSFMGIWQMPLKIPPARVT,FMGIWQMPLKI,0,C1orf192,pancreatic adenocarcinoma,8,C0202,floor
99316,101,PRSKANPWGSFMGIWQMPLKIPPARVT,FMGIWQMPLKI,0,C1orf192,pancreatic adenocarcinoma,8,C0702,floor
99316,101,PRSKANPWGSFMGIWQMPLKIPPARVT,KANPWGSFMGIW,0,C1orf192,pancreatic adenocarcinoma,8,A0201,floor
99316,101,PRSKANPWGSFMGIWQMPLKIPPARVT,KANPWGSFMGIW,0,C1orf192,pancreatic adenocarcinoma,8,A0301,floor
99316,101,PRSKANPWGSFMGIWQMPLKIPPARVT,KANPWGSFMGIW,0,C1orf192,pancreatic adenocarcinoma,8,B0702,floor
99316,101,PRSKANPWGSFMGIWQMPLKIPPARVT,KANPWGSFMGIW,0,C1orf192,pancreatic adenocarcinoma,8,B3508,floor
99316,28,PRSKANPWGSFMGIWQMPLKIPPARVT,KANPWGSFMGIW,0,C1orf192,pancreatic adenocarcinoma,8,C0202,scoreable
99316,101,PRSKANPWGSFMGIWQMPLKIPPARVT,KANPWGSFMGIW,0,C1orf192,pancreatic adenocarcinoma,8,C0702,floor
99316,101,PRSKANPWGSFMGIWQMPLKIPPARVT,NPWGSFMGIWQM,0,C1orf192,pancreatic adenocarcinoma,8,A0201,floor
99316,101,PRSKANPWGSFMGIWQMPLKIPPARVT,NPWGSFMGIWQM,0,C1orf192,pancreatic adenocarcinoma,8,A0301,floor
99316,26,PRSKANPWGSFMGIWQMPLKIPPARVT,NPWGSFMGIWQM,0,C1orf192,pancreatic adenocarcinoma,8,B0702,scoreable
99316,27,PRSKANPWGSFMGIWQMPLKIPPARVT,NPWGSFMGIWQM,0,C1orf192,pancreatic adenocarcinoma,8,B3508,scoreable
99316,101,PRSKANPWGSFMGIWQMPLKIPPARVT,NPWGSFMGIWQM,0,C1orf192,pancreatic adenocarcinoma,8,C0202,floor
99316,101,PRSKANPWGSFMGIWQMPLKIPPARVT,NPWGSFMGIWQM,0,C1orf192,pancreatic adenocarcinoma,8,C0702,floor
99316,101,PRSKANPWGSFMGIWQMPLKIPPARVT,GSFMGIWQMPLK,0,C1orf192,pancreatic adenocarcinoma,8,A0201,floor
99316,25,PRSKANPWGSFMGIWQMPLKIPPARVT,GSFMGIWQMPLK,0,C1orf192,pancreatic adenocarcinoma,8,A0301,scoreable
99316,101,PRSKANPWGSFMGIWQMPLKIPPARVT,GSFMGIWQMPLK,0,C1orf192,pancreatic adenocarcinoma,8,B0702,floor
99316,101,PRSKANPWGSFMGIWQMPLKIPPARVT,GSFMGIWQMPLK,0,C1orf192,pancreatic adenocarcinoma,8,B3508,floor
99316,101,PRSKANPWGSFMGIWQMPLKIPPARVT,GSFMGIWQMPLK,0,C1orf192,pancreatic adenocarcinoma,8,C0202,floor
99316,101,PRSKANPWGSFMGIWQMPLKIPPARVT,GSFMGIWQMPLK,0,C1orf192,pancreatic adenocarcinoma,8,C0702,floor
99316,24,VIVAGSNGWYNYRYQADACHAYQIIHR,YQADACHAY,0,LGMN,pancreatic adenocarcinoma,8,A0201,scoreable
99316,25,VIVAGSNGWYNYRYQADACHAYQIIHR,YQADACHAY,0,LGMN,pancreatic adenocarcinoma,8,A0301,scoreable
99316,101,VIVAGSNGWYNYRYQADACHAYQIIHR,YQADACHAY,0,LGMN,pancreatic adenocarcinoma,8,B0702,floor
99316,27,VIVAGSNGWYNYRYQADACHAYQIIHR,YQADACHAY,0,LGMN,pancreatic adenocarcinoma,8,B3508,scoreable
99316,28,VIVAGSNGWYNYRYQADACHAYQIIHR,YQADACHAY,0,LGMN,pancreatic adenocarcinoma,8,C0202,scoreable
99316,29,VIVAGSNGWYNYRYQADACHAYQIIHR,YQADACHAY,0,LGMN,pancreatic adenocarcinoma,8,C0702,scoreable
99316,101,VIVAGSNGWYNYRYQADACHAYQIIHR,GSNGWYNYRY,0,LGMN,pancreatic adenocarcinoma,8,A0201,floor
99316,25,VIVAGSNGWYNYRYQADACHAYQIIHR,GSNGWYNYRY,0,LGMN,pancreatic adenocarcinoma,8,A0301,scoreable
99316,101,VIVAGSNGWYNYRYQADACHAYQIIHR,GSNGWYNYRY,0,LGMN,pancreatic adenocarcinoma,8,B0702,floor
99316,101,VIVAGSNGWYNYRYQADACHAYQIIHR,GSNGWYNYRY,0,LGMN,pancreatic adenocarcinoma,8,B3508,floor
99316,28,VIVAGSNGWYNYRYQADACHAYQIIHR,GSNGWYNYRY,0,LGMN,pancreatic adenocarcinoma,8,C0202,scoreable
99316,101,VIVAGSNGWYNYRYQADACHAYQIIHR,GSNGWYNYRY,0,LGMN,pancreatic adenocarcinoma,8,C0702,floor
99316,101,VIVAGSNGWYNYRYQADACHAYQIIHR,RYQADACHAY,0,LGMN,pancreatic adenocarcinoma,8,A0201,floor
99316,101,VIVAGSNGWYNYRYQADACHAYQIIHR,RYQADACHAY,0,LGMN,pancreatic adenocarcinoma,8,A0301,floor
99316,101,VIVAGSNGWYNYRYQADACHAYQIIHR,RYQADACHAY,0,LGMN,pancreatic adenocarcinoma,8,B0702,floor
99316,101,VIVAGSNGWYNYRYQADACHAYQIIHR,RYQADACHAY,0,LGMN,pancreatic adenocarcinoma,8,B3508,floor
99316,28,VIVAGSNGWYNYRYQADACHAYQIIHR,RYQADACHAY,0,LGMN,pancreatic adenocarcinoma,8,C0202,scoreable
99316,101,VIVAGSNGWYNYRYQADACHAYQIIHR,RYQADACHAY,0,LGMN,pancreatic adenocarcinoma,8,C0702,floor
99316,101,VIVAGSNGWYNYRYQADACHAYQIIHR,YQADACHAYQ,0,LGMN,pancreatic adenocarcinoma,8,A0201,floor
99316,101,VIVAGSNGWYNYRYQADACHAYQIIHR,YQADACHAYQ,0,LGMN,pancreatic adenocarcinoma,8,A0301,floor
99316,101,VIVAGSNGWYNYRYQADACHAYQIIHR,YQADACHAYQ,0,LGMN,pancreatic adenocarcinoma,8,B0702,floor
99316,101,VIVAGSNGWYNYRYQADACHAYQIIHR,YQADACHAYQ,0,LGMN,pancreatic adenocarcinoma,8,B3508,floor
99316,28,VIVAGSNGWYNYRYQADACHAYQIIHR,YQADACHAYQ,0,LGMN,pancreatic adenocarcinoma,8,C0202,scoreable
99316,101,VIVAGSNGWYNYRYQADACHAYQIIHR,YQADACHAYQ,0,LGMN,pancreatic adenocarcinoma,8,C0702,floor
99316,101,VIVAGSNGWYNYRYQADACHAYQIIHR,YRYQADACHAY,0,LGMN,pancreatic adenocarcinoma,8,A0201,floor
99316,101,VIVAGSNGWYNYRYQADACHAYQIIHR,YRYQADACHAY,0,LGMN,pancreatic adenocarcinoma,8,A0301,floor
99316,101,VIVAGSNGWYNYRYQADACHAYQIIHR,YRYQADACHAY,0,LGMN,pancreatic adenocarcinoma,8,B0702,floor
99316,27,VIVAGSNGWYNYRYQADACHAYQIIHR,YRYQADACHAY,0,LGMN,pancreatic adenocarcinoma,8,B3508,scoreable
99316,28,VIVAGSNGWYNYRYQADACHAYQIIHR,YRYQADACHAY,0,LGMN,pancreatic adenocarcinoma,8,C0202,scoreable
99316,29,VIVAGSNGWYNYRYQADACHAYQIIHR,YRYQADACHAY,0,LGMN,pancreatic adenocarcinoma,8,C0702,scoreable
99316,24,VIVAGSNGWYNYRYQADACHAYQIIHR,YQADACHAYQI,0,LGMN,pancreatic adenocarcinoma,8,A0201,scoreable
99316,101,VIVAGSNGWYNYRYQADACHAYQIIHR,YQADACHAYQI,0,LGMN,pancreatic adenocarcinoma,8,A0301,floor
99316,101,VIVAGSNGWYNYRYQADACHAYQIIHR,YQADACHAYQI,0,LGMN,pancreatic adenocarcinoma,8,B0702,floor
99316,101,VIVAGSNGWYNYRYQADACHAYQIIHR,YQADACHAYQI,0,LGMN,pancreatic adenocarcinoma,8,B3508,floor
99316,28,VIVAGSNGWYNYRYQADACHAYQIIHR,YQADACHAYQI,0,LGMN,pancreatic adenocarcinoma,8,C0202,scoreable
99316,29,VIVAGSNGWYNYRYQADACHAYQIIHR,YQADACHAYQI,0,LGMN,pancreatic adenocarcinoma,8,C0702,scoreable
99316,101,VTCTYSPALNKMFYQLAKTCPVQLWVD,SPALNKMFY,0,TP53,pancreatic adenocarcinoma,8,A0201,floor
99316,101,VTCTYSPALNKMFYQLAKTCPVQLWVD,SPALNKMFY,0,TP53,pancreatic adenocarcinoma,8,A0301,floor
99316,26,VTCTYSPALNKMFYQLAKTCPVQLWVD,SPALNKMFY,0,TP53,pancreatic adenocarcinoma,8,B0702,scoreable
99316,27,VTCTYSPALNKMFYQLAKTCPVQLWVD,SPALNKMFY,0,TP53,pancreatic adenocarcinoma,8,B3508,scoreable
99316,28,VTCTYSPALNKMFYQLAKTCPVQLWVD,SPALNKMFY,0,TP53,pancreatic adenocarcinoma,8,C0202,scoreable
99316,101,VTCTYSPALNKMFYQLAKTCPVQLWVD,SPALNKMFY,0,TP53,pancreatic adenocarcinoma,8,C0702,floor
99316,24,VTCTYSPALNKMFYQLAKTCPVQLWVD,ALNKMFYQL,0,TP53,pancreatic adenocarcinoma,8,A0201,scoreable
99316,25,VTCTYSPALNKMFYQLAKTCPVQLWVD,ALNKMFYQL,0,TP53,pancreatic adenocarcinoma,8,A0301,scoreable
99316,101,VTCTYSPALNKMFYQLAKTCPVQLWVD,ALNKMFYQL,0,TP53,pancreatic adenocarcinoma,8,B0702,floor
99316,101,VTCTYSPALNKMFYQLAKTCPVQLWVD,ALNKMFYQL,0,TP53,pancreatic adenocarcinoma,8,B3508,floor
99316,28,VTCTYSPALNKMFYQLAKTCPVQLWVD,ALNKMFYQL,0,TP53,pancreatic adenocarcinoma,8,C0202,scoreable
99316,101,VTCTYSPALNKMFYQLAKTCPVQLWVD,ALNKMFYQL,0,TP53,pancreatic adenocarcinoma,8,C0702,floor
99316,101,VTCTYSPALNKMFYQLAKTCPVQLWVD,NKMFYQLAK,0,TP53,pancreatic adenocarcinoma,8,A0201,floor
99316,25,VTCTYSPALNKMFYQLAKTCPVQLWVD,NKMFYQLAK,0,TP53,pancreatic adenocarcinoma,8,A0301,scoreable
99316,101,VTCTYSPALNKMFYQLAKTCPVQLWVD,NKMFYQLAK,0,TP53,pancreatic adenocarcinoma,8,B0702,floor
99316,101,VTCTYSPALNKMFYQLAKTCPVQLWVD,NKMFYQLAK,0,TP53,pancreatic adenocarcinoma,8,B3508,floor
99316,101,VTCTYSPALNKMFYQLAKTCPVQLWVD,NKMFYQLAK,0,TP53,pancreatic adenocarcinoma,8,C0202,floor
99316,101,VTCTYSPALNKMFYQLAKTCPVQLWVD,NKMFYQLAK,0,TP53,pancreatic adenocarcinoma,8,C0702,floor
99316,24,VTCTYSPALNKMFYQLAKTCPVQLWVD,KMFYQLAKT,0,TP53,pancreatic adenocarcinoma,8,A0201,scoreable
99316,101,VTCTYSPALNKMFYQLAKTCPVQLWVD,KMFYQLAKT,0,TP53,pancreatic adenocarcinoma,8,A0301,floor
99316,101,VTCTYSPALNKMFYQLAKTCPVQLWVD,KMFYQLAKT,0,TP53,pancreatic adenocarcinoma,8,B0702,floor
99316,101,VTCTYSPALNKMFYQLAKTCPVQLWVD,KMFYQLAKT,0,TP53,pancreatic adenocarcinoma,8,B3508,floor
99316,101,VTCTYSPALNKMFYQLAKTCPVQLWVD,KMFYQLAKT,0,TP53,pancreatic adenocarcinoma,8,C0202,floor
99316,101,VTCTYSPALNKMFYQLAKTCPVQLWVD,KMFYQLAKT,0,TP53,pancreatic adenocarcinoma,8,C0702,floor
99316,24,VTCTYSPALNKMFYQLAKTCPVQLWVD,YQLAKTCPV,0,TP53,pancreatic adenocarcinoma,8,A0201,scoreable
99316,101,VTCTYSPALNKMFYQLAKTCPVQLWVD,YQLAKTCPV,0,TP53,pancreatic adenocarcinoma,8,A0301,floor
99316,101,VTCTYSPALNKMFYQLAKTCPVQLWVD,YQLAKTCPV,0,TP53,pancreatic adenocarcinoma,8,B0702,floor
99316,101,VTCTYSPALNKMFYQLAKTCPVQLWVD,YQLAKTCPV,0,TP53,pancreatic adenocarcinoma,8,B3508,floor
99316,28,VTCTYSPALNKMFYQLAKTCPVQLWVD,YQLAKTCPV,0,TP53,pancreatic adenocarcinoma,8,C0202,scoreable
99316,29,VTCTYSPALNKMFYQLAKTCPVQLWVD,YQLAKTCPV,0,TP53,pancreatic adenocarcinoma,8,C0702,scoreable
99316,101,VTCTYSPALNKMFYQLAKTCPVQLWVD,YSPALNKMFY,0,TP53,pancreatic adenocarcinoma,8,A0201,floor
99316,101,VTCTYSPALNKMFYQLAKTCPVQLWVD,YSPALNKMFY,0,TP53,pancreatic adenocarcinoma,8,A0301,floor
99316,101,VTCTYSPALNKMFYQLAKTCPVQLWVD,YSPALNKMFY,0,TP53,pancreatic adenocarcinoma,8,B0702,floor
99316,27,VTCTYSPALNKMFYQLAKTCPVQLWVD,YSPALNKMFY,0,TP53,pancreatic adenocarcinoma,8,B3508,scoreable
99316,28,VTCTYSPALNKMFYQLAKTCPVQLWVD,YSPALNKMFY,0,TP53,pancreatic adenocarcinoma,8,C0202,scoreable
99316,101,VTCTYSPALNKMFYQLAKTCPVQLWVD,YSPALNKMFY,0,TP53,pancreatic adenocarcinoma,8,C0702,floor
99316,24,VTCTYSPALNKMFYQLAKTCPVQLWVD,ALNKMFYQLA,0,TP53,pancreatic adenocarcinoma,8,A0201,scoreable
99316,101,VTCTYSPALNKMFYQLAKTCPVQLWVD,ALNKMFYQLA,0,TP53,pancreatic adenocarcinoma,8,A0301,floor
99316,101,VTCTYSPALNKMFYQLAKTCPVQLWVD,ALNKMFYQLA,0,TP53,pancreatic adenocarcinoma,8,B0702,floor
99316,101,VTCTYSPALNKMFYQLAKTCPVQLWVD,ALNKMFYQLA,0,TP53,pancreatic adenocarcinoma,8,B3508,floor
99316,101,VTCTYSPALNKMFYQLAKTCPVQLWVD,ALNKMFYQLA,0,TP53,pancreatic adenocarcinoma,8,C0202,floor
99316,101,VTCTYSPALNKMFYQLAKTCPVQLWVD,ALNKMFYQLA,0,TP53,pancreatic adenocarcinoma,8,C0702,floor
99316,101,VTCTYSPALNKMFYQLAKTCPVQLWVD,LNKMFYQLAK,0,TP53,pancreatic adenocarcinoma,8,A0201,floor
99316,25,VTCTYSPALNKMFYQLAKTCPVQLWVD,LNKMFYQLAK,0,TP53,pancreatic adenocarcinoma,8,A0301,scoreable
99316,101,VTCTYSPALNKMFYQLAKTCPVQLWVD,LNKMFYQLAK,0,TP53,pancreatic adenocarcinoma,8,B0702,floor
99316,101,VTCTYSPALNKMFYQLAKTCPVQLWVD,LNKMFYQLAK,0,TP53,pancreatic adenocarcinoma,8,B3508,floor
99316,101,VTCTYSPALNKMFYQLAKTCPVQLWVD,LNKMFYQLAK,0,TP53,pancreatic adenocarcinoma,8,C0202,floor
99316,101,VTCTYSPALNKMFYQLAKTCPVQLWVD,LNKMFYQLAK,0,TP53,pancreatic adenocarcinoma,8,C0702,floor
99316,101,VTCTYSPALNKMFYQLAKTCPVQLWVD,SPALNKMFYQL,0,TP53,pancreatic adenocarcinoma,8,A0201,floor
99316,101,VTCTYSPALNKMFYQLAKTCPVQLWVD,SPALNKMFYQL,0,TP53,pancreatic adenocarcinoma,8,A0301,floor
99316,26,VTCTYSPALNKMFYQLAKTCPVQLWVD,SPALNKMFYQL,0,TP53,pancreatic adenocarcinoma,8,B0702,scoreable
99316,27,VTCTYSPALNKMFYQLAKTCPVQLWVD,SPALNKMFYQL,0,TP53,pancreatic adenocarcinoma,8,B3508,scoreable
99316,101,VTCTYSPALNKMFYQLAKTCPVQLWVD,SPALNKMFYQL,0,TP53,pancreatic adenocarcinoma,8,C0202,floor
99316,101,VTCTYSPALNKMFYQLAKTCPVQLWVD,SPALNKMFYQL,0,TP53,pancreatic adenocarcinoma,8,C0702,floor
99316,101,VTCTYSPALNKMFYQLAKTCPVQLWVD,ALNKMFYQLAK,0,TP53,pancreatic adenocarcinoma,8,A0201,floor
99316,25,VTCTYSPALNKMFYQLAKTCPVQLWVD,ALNKMFYQLAK,0,TP53,pancreatic adenocarcinoma,8,A0301,scoreable
99316,101,VTCTYSPALNKMFYQLAKTCPVQLWVD,ALNKMFYQLAK,0,TP53,pancreatic adenocarcinoma,8,B0702,floor
99316,101,VTCTYSPALNKMFYQLAKTCPVQLWVD,ALNKMFYQLAK,0,TP53,pancreatic adenocarcinoma,8,B3508,floor
99316,101,VTCTYSPALNKMFYQLAKTCPVQLWVD,ALNKMFYQLAK,0,TP53,pancreatic adenocarcinoma,8,C0202,floor
99316,101,VTCTYSPALNKMFYQLAKTCPVQLWVD,ALNKMFYQLAK,0,TP53,pancreatic adenocarcinoma,8,C0702,floor
99316,24,VTCTYSPALNKMFYQLAKTCPVQLWVD,YQLAKTCPVQL,0,TP53,pancreatic adenocarcinoma,8,A0201,scoreable
99316,101,VTCTYSPALNKMFYQLAKTCPVQLWVD,YQLAKTCPVQL,0,TP53,pancreatic adenocarcinoma,8,A0301,floor
99316,101,VTCTYSPALNKMFYQLAKTCPVQLWVD,YQLAKTCPVQL,0,TP53,pancreatic adenocarcinoma,8,B0702,floor
99316,101,VTCTYSPALNKMFYQLAKTCPVQLWVD,YQLAKTCPVQL,0,TP53,pancreatic adenocarcinoma,8,B3508,floor
99316,101,VTCTYSPALNKMFYQLAKTCPVQLWVD,YQLAKTCPVQL,0,TP53,pancreatic adenocarcinoma,8,C0202,floor
99316,29,VTCTYSPALNKMFYQLAKTCPVQLWVD,YQLAKTCPVQL,0,TP53,pancreatic adenocarcinoma,8,C0702,scoreable
99316,101,VTCTYSPALNKMFYQLAKTCPVQLWVD,CTYSPALNKMFY,0,TP53,pancreatic adenocarcinoma,8,A0201,floor
99316,25,VTCTYSPALNKMFYQLAKTCPVQLWVD,CTYSPALNKMFY,0,TP53,pancreatic adenocarcinoma,8,A0301,scoreable
99316,101,VTCTYSPALNKMFYQLAKTCPVQLWVD,CTYSPALNKMFY,0,TP53,pancreatic adenocarcinoma,8,B0702,floor
99316,101,VTCTYSPALNKMFYQLAKTCPVQLWVD,CTYSPALNKMFY,0,TP53,pancreatic adenocarcinoma,8,B3508,floor
99316,28,VTCTYSPALNKMFYQLAKTCPVQLWVD,CTYSPALNKMFY,0,TP53,pancreatic adenocarcinoma,8,C0202,scoreable
99316,101,VTCTYSPALNKMFYQLAKTCPVQLWVD,CTYSPALNKMFY,0,TP53,pancreatic adenocarcinoma,8,C0702,floor
99316,101,PDSIHSSSLPVTSRLTSGLVKTTELLG,SSSLPVTSR,0,MUC16,pancreatic adenocarcinoma,8,A0201,floor
99316,25,PDSIHSSSLPVTSRLTSGLVKTTELLG,SSSLPVTSR,0,MUC16,pancreatic adenocarcinoma,8,A0301,scoreable
99316,101,PDSIHSSSLPVTSRLTSGLVKTTELLG,SSSLPVTSR,0,MUC16,pancreatic adenocarcinoma,8,B0702,floor
99316,101,PDSIHSSSLPVTSRLTSGLVKTTELLG,SSSLPVTSR,0,MUC16,pancreatic adenocarcinoma,8,B3508,floor
99316,101,PDSIHSSSLPVTSRLTSGLVKTTELLG,SSSLPVTSR,0,MUC16,pancreatic adenocarcinoma,8,C0202,floor
99316,101,PDSIHSSSLPVTSRLTSGLVKTTELLG,SSSLPVTSR,0,MUC16,pancreatic adenocarcinoma,8,C0702,floor
99316,24,PDSIHSSSLPVTSRLTSGLVKTTELLG,SSLPVTSRL,0,MUC16,pancreatic adenocarcinoma,8,A0201,scoreable
99316,101,PDSIHSSSLPVTSRLTSGLVKTTELLG,SSLPVTSRL,0,MUC16,pancreatic adenocarcinoma,8,A0301,floor
99316,101,PDSIHSSSLPVTSRLTSGLVKTTELLG,SSLPVTSRL,0,MUC16,pancreatic adenocarcinoma,8,B0702,floor
99316,27,PDSIHSSSLPVTSRLTSGLVKTTELLG,SSLPVTSRL,0,MUC16,pancreatic adenocarcinoma,8,B3508,scoreable
99316,28,PDSIHSSSLPVTSRLTSGLVKTTELLG,SSLPVTSRL,0,MUC16,pancreatic adenocarcinoma,8,C0202,scoreable
99316,29,PDSIHSSSLPVTSRLTSGLVKTTELLG,SSLPVTSRL,0,MUC16,pancreatic adenocarcinoma,8,C0702,scoreable
99316,24,PDSIHSSSLPVTSRLTSGLVKTTELLG,SLPVTSRLT,0,MUC16,pancreatic adenocarcinoma,8,A0201,scoreable
99316,101,PDSIHSSSLPVTSRLTSGLVKTTELLG,SLPVTSRLT,0,MUC16,pancreatic adenocarcinoma,8,A0301,floor
99316,101,PDSIHSSSLPVTSRLTSGLVKTTELLG,SLPVTSRLT,0,MUC16,pancreatic adenocarcinoma,8,B0702,floor
99316,101,PDSIHSSSLPVTSRLTSGLVKTTELLG,SLPVTSRLT,0,MUC16,pancreatic adenocarcinoma,8,B3508,floor
99316,101,PDSIHSSSLPVTSRLTSGLVKTTELLG,SLPVTSRLT,0,MUC16,pancreatic adenocarcinoma,8,C0202,floor
99316,101,PDSIHSSSLPVTSRLTSGLVKTTELLG,SLPVTSRLT,0,MUC16,pancreatic adenocarcinoma,8,C0702,floor
99316,101,PDSIHSSSLPVTSRLTSGLVKTTELLG,LPVTSRLTS,0,MUC16,pancreatic adenocarcinoma,8,A0201,floor
99316,101,PDSIHSSSLPVTSRLTSGLVKTTELLG,LPVTSRLTS,0,MUC16,pancreatic adenocarcinoma,8,A0301,floor
99316,26,PDSIHSSSLPVTSRLTSGLVKTTELLG,LPVTSRLTS,0,MUC16,pancreatic adenocarcinoma,8,B0702,scoreable
99316,27,PDSIHSSSLPVTSRLTSGLVKTTELLG,LPVTSRLTS,0,MUC16,pancreatic adenocarcinoma,8,B3508,scoreable
99316,101,PDSIHSSSLPVTSRLTSGLVKTTELLG,LPVTSRLTS,0,MUC16,pancreatic adenocarcinoma,8,C0202,floor
99316,101,PDSIHSSSLPVTSRLTSGLVKTTELLG,LPVTSRLTS,0,MUC16,pancreatic adenocarcinoma,8,C0702,floor
99316,24,PDSIHSSSLPVTSRLTSGLVKTTELLG,VTSRLTSGL,0,MUC16,pancreatic adenocarcinoma,8,A0201,scoreable
99316,101,PDSIHSSSLPVTSRLTSGLVKTTELLG,VTSRLTSGL,0,MUC16,pancreatic adenocarcinoma,8,A0301,floor
99316,101,PDSIHSSSLPVTSRLTSGLVKTTELLG,VTSRLTSGL,0,MUC16,pancreatic adenocarcinoma,8,B0702,floor
99316,101,PDSIHSSSLPVTSRLTSGLVKTTELLG,VTSRLTSGL,0,MUC16,pancreatic adenocarcinoma,8,B3508,floor
99316,28,PDSIHSSSLPVTSRLTSGLVKTTELLG,VTSRLTSGL,0,MUC16,pancreatic adenocarcinoma,8,C0202,scoreable
99316,101,PDSIHSSSLPVTSRLTSGLVKTTELLG,VTSRLTSGL,0,MUC16,pancreatic adenocarcinoma,8,C0702,floor
99316,101,PDSIHSSSLPVTSRLTSGLVKTTELLG,TSRLTSGLV,0,MUC16,pancreatic adenocarcinoma,8,A0201,floor
99316,101,PDSIHSSSLPVTSRLTSGLVKTTELLG,TSRLTSGLV,0,MUC16,pancreatic adenocarcinoma,8,A0301,floor
99316,101,PDSIHSSSLPVTSRLTSGLVKTTELLG,TSRLTSGLV,0,MUC16,pancreatic adenocarcinoma,8,B0702,floor
99316,101,PDSIHSSSLPVTSRLTSGLVKTTELLG,TSRLTSGLV,0,MUC16,pancreatic adenocarcinoma,8,B3508,floor
99316,28,PDSIHSSSLPVTSRLTSGLVKTTELLG,TSRLTSGLV,0,MUC16,pancreatic adenocarcinoma,8,C0202,scoreable
99316,101,PDSIHSSSLPVTSRLTSGLVKTTELLG,TSRLTSGLV,0,MUC16,pancreatic adenocarcinoma,8,C0702,floor
99316,101,PDSIHSSSLPVTSRLTSGLVKTTELLG,SRLTSGLVK,0,MUC16,pancreatic adenocarcinoma,8,A0201,floor
99316,25,PDSIHSSSLPVTSRLTSGLVKTTELLG,SRLTSGLVK,0,MUC16,pancreatic adenocarcinoma,8,A0301,scoreable
99316,101,PDSIHSSSLPVTSRLTSGLVKTTELLG,SRLTSGLVK,0,MUC16,pancreatic adenocarcinoma,8,B0702,floor
99316,101,PDSIHSSSLPVTSRLTSGLVKTTELLG,SRLTSGLVK,0,MUC16,pancreatic adenocarcinoma,8,B3508,floor
99316,101,PDSIHSSSLPVTSRLTSGLVKTTELLG,SRLTSGLVK,0,MUC16,pancreatic adenocarcinoma,8,C0202,floor
99316,101,PDSIHSSSLPVTSRLTSGLVKTTELLG,SRLTSGLVK,0,MUC16,pancreatic adenocarcinoma,8,C0702,floor
99316,24,PDSIHSSSLPVTSRLTSGLVKTTELLG,RLTSGLVKT,0,MUC16,pancreatic adenocarcinoma,8,A0201,scoreable
99316,101,PDSIHSSSLPVTSRLTSGLVKTTELLG,RLTSGLVKT,0,MUC16,pancreatic adenocarcinoma,8,A0301,floor
99316,101,PDSIHSSSLPVTSRLTSGLVKTTELLG,RLTSGLVKT,0,MUC16,pancreatic adenocarcinoma,8,B0702,floor
99316,101,PDSIHSSSLPVTSRLTSGLVKTTELLG,RLTSGLVKT,0,MUC16,pancreatic adenocarcinoma,8,B3508,floor
99316,101,PDSIHSSSLPVTSRLTSGLVKTTELLG,RLTSGLVKT,0,MUC16,pancreatic adenocarcinoma,8,C0202,floor
99316,101,PDSIHSSSLPVTSRLTSGLVKTTELLG,RLTSGLVKT,0,MUC16,pancreatic adenocarcinoma,8,C0702,floor
99316,101,PDSIHSSSLPVTSRLTSGLVKTTELLG,HSSSLPVTSR,0,MUC16,pancreatic adenocarcinoma,8,A0201,floor
99316,25,PDSIHSSSLPVTSRLTSGLVKTTELLG,HSSSLPVTSR,0,MUC16,pancreatic adenocarcinoma,8,A0301,scoreable
99316,101,PDSIHSSSLPVTSRLTSGLVKTTELLG,HSSSLPVTSR,0,MUC16,pancreatic adenocarcinoma,8,B0702,floor
99316,101,PDSIHSSSLPVTSRLTSGLVKTTELLG,HSSSLPVTSR,0,MUC16,pancreatic adenocarcinoma,8,B3508,floor
99316,28,PDSIHSSSLPVTSRLTSGLVKTTELLG,HSSSLPVTSR,0,MUC16,pancreatic adenocarcinoma,8,C0202,scoreable
99316,101,PDSIHSSSLPVTSRLTSGLVKTTELLG,HSSSLPVTSR,0,MUC16,pancreatic adenocarcinoma,8,C0702,floor
99316,101,PDSIHSSSLPVTSRLTSGLVKTTELLG,SSSLPVTSRL,0,MUC16,pancreatic adenocarcinoma,8,A0201,floor
99316,101,PDSIHSSSLPVTSRLTSGLVKTTELLG,SSSLPVTSRL,0,MUC16,pancreatic adenocarcinoma,8,A0301,floor
99316,101,PDSIHSSSLPVTSRLTSGLVKTTELLG,SSSLPVTSRL,0,MUC16,pancreatic adenocarcinoma,8,B0702,floor
99316,101,PDSIHSSSLPVTSRLTSGLVKTTELLG,SSSLPVTSRL,0,MUC16,pancreatic adenocarcinoma,8,B3508,floor
99316,28,PDSIHSSSLPVTSRLTSGLVKTTELLG,SSSLPVTSRL,0,MUC16,pancreatic adenocarcinoma,8,C0202,scoreable
99316,101,PDSIHSSSLPVTSRLTSGLVKTTELLG,SSSLPVTSRL,0,MUC16,pancreatic adenocarcinoma,8,C0702,floor
99316,101,PDSIHSSSLPVTSRLTSGLVKTTELLG,LPVTSRLTSG,0,MUC16,pancreatic adenocarcinoma,8,A0201,floor
99316,101,PDSIHSSSLPVTSRLTSGLVKTTELLG,LPVTSRLTSG,0,MUC16,pancreatic adenocarcinoma,8,A0301,floor
99316,26,PDSIHSSSLPVTSRLTSGLVKTTELLG,LPVTSRLTSG,0,MUC16,pancreatic adenocarcinoma,8,B0702,scoreable
99316,27,PDSIHSSSLPVTSRLTSGLVKTTELLG,LPVTSRLTSG,0,MUC16,pancreatic adenocarcinoma,8,B3508,scoreable
99316,101,PDSIHSSSLPVTSRLTSGLVKTTELLG,LPVTSRLTSG,0,MUC16,pancreatic adenocarcinoma,8,C0202,floor
99316,101,PDSIHSSSLPVTSRLTSGLVKTTELLG,LPVTSRLTSG,0,MUC16,pancreatic adenocarcinoma,8,C0702,floor
99316,101,PDSIHSSSLPVTSRLTSGLVKTTELLG,VTSRLTSGLV,0,MUC16,pancreatic adenocarcinoma,8,A0201,floor
99316,101,PDSIHSSSLPVTSRLTSGLVKTTELLG,VTSRLTSGLV,0,MUC16,pancreatic adenocarcinoma,8,A0301,floor
99316,101,PDSIHSSSLPVTSRLTSGLVKTTELLG,VTSRLTSGLV,0,MUC16,pancreatic adenocarcinoma,8,B0702,floor
99316,101,PDSIHSSSLPVTSRLTSGLVKTTELLG,VTSRLTSGLV,0,MUC16,pancreatic adenocarcinoma,8,B3508,floor
99316,28,PDSIHSSSLPVTSRLTSGLVKTTELLG,VTSRLTSGLV,0,MUC16,pancreatic adenocarcinoma,8,C0202,scoreable
99316,101,PDSIHSSSLPVTSRLTSGLVKTTELLG,VTSRLTSGLV,0,MUC16,pancreatic adenocarcinoma,8,C0702,floor
99316,101,PDSIHSSSLPVTSRLTSGLVKTTELLG,TSRLTSGLVK,0,MUC16,pancreatic adenocarcinoma,8,A0201,floor
99316,25,PDSIHSSSLPVTSRLTSGLVKTTELLG,TSRLTSGLVK,0,MUC16,pancreatic adenocarcinoma,8,A0301,scoreable
99316,101,PDSIHSSSLPVTSRLTSGLVKTTELLG,TSRLTSGLVK,0,MUC16,pancreatic adenocarcinoma,8,B0702,floor
99316,101,PDSIHSSSLPVTSRLTSGLVKTTELLG,TSRLTSGLVK,0,MUC16,pancreatic adenocarcinoma,8,B3508,floor
99316,101,PDSIHSSSLPVTSRLTSGLVKTTELLG,TSRLTSGLVK,0,MUC16,pancreatic adenocarcinoma,8,C0202,floor
99316,101,PDSIHSSSLPVTSRLTSGLVKTTELLG,TSRLTSGLVK,0,MUC16,pancreatic adenocarcinoma,8,C0702,floor
99316,24,PDSIHSSSLPVTSRLTSGLVKTTELLG,RLTSGLVKTT,0,MUC16,pancreatic adenocarcinoma,8,A0201,scoreable
99316,101,PDSIHSSSLPVTSRLTSGLVKTTELLG,RLTSGLVKTT,0,MUC16,pancreatic adenocarcinoma,8,A0301,floor
99316,101,PDSIHSSSLPVTSRLTSGLVKTTELLG,RLTSGLVKTT,0,MUC16,pancreatic adenocarcinoma,8,B0702,floor
99316,101,PDSIHSSSLPVTSRLTSGLVKTTELLG,RLTSGLVKTT,0,MUC16,pancreatic adenocarcinoma,8,B3508,floor
99316,101,PDSIHSSSLPVTSRLTSGLVKTTELLG,RLTSGLVKTT,0,MUC16,pancreatic adenocarcinoma,8,C0202,floor
99316,101,PDSIHSSSLPVTSRLTSGLVKTTELLG,RLTSGLVKTT,0,MUC16,pancreatic adenocarcinoma,8,C0702,floor
99316,101,PDSIHSSSLPVTSRLTSGLVKTTELLG,HSSSLPVTSRL,0,MUC16,pancreatic adenocarcinoma,8,A0201,floor
99316,101,PDSIHSSSLPVTSRLTSGLVKTTELLG,HSSSLPVTSRL,0,MUC16,pancreatic adenocarcinoma,8,A0301,floor
99316,101,PDSIHSSSLPVTSRLTSGLVKTTELLG,HSSSLPVTSRL,0,MUC16,pancreatic adenocarcinoma,8,B0702,floor
99316,101,PDSIHSSSLPVTSRLTSGLVKTTELLG,HSSSLPVTSRL,0,MUC16,pancreatic adenocarcinoma,8,B3508,floor
99316,28,PDSIHSSSLPVTSRLTSGLVKTTELLG,HSSSLPVTSRL,0,MUC16,pancreatic adenocarcinoma,8,C0202,scoreable
99316,101,PDSIHSSSLPVTSRLTSGLVKTTELLG,HSSSLPVTSRL,0,MUC16,pancreatic adenocarcinoma,8,C0702,floor
99316,101,PDSIHSSSLPVTSRLTSGLVKTTELLG,LPVTSRLTSGL,0,MUC16,pancreatic adenocarcinoma,8,A0201,floor
99316,101,PDSIHSSSLPVTSRLTSGLVKTTELLG,LPVTSRLTSGL,0,MUC16,pancreatic adenocarcinoma,8,A0301,floor
99316,26,PDSIHSSSLPVTSRLTSGLVKTTELLG,LPVTSRLTSGL,0,MUC16,pancreatic adenocarcinoma,8,B0702,scoreable
99316,27,PDSIHSSSLPVTSRLTSGLVKTTELLG,LPVTSRLTSGL,0,MUC16,pancreatic adenocarcinoma,8,B3508,scoreable
99316,101,PDSIHSSSLPVTSRLTSGLVKTTELLG,LPVTSRLTSGL,0,MUC16,pancreatic adenocarcinoma,8,C0202,floor
99316,101,PDSIHSSSLPVTSRLTSGLVKTTELLG,LPVTSRLTSGL,0,MUC16,pancreatic adenocarcinoma,8,C0702,floor
99316,101,PDSIHSSSLPVTSRLTSGLVKTTELLG,VTSRLTSGLVK,0,MUC16,pancreatic adenocarcinoma,8,A0201,floor
99316,25,PDSIHSSSLPVTSRLTSGLVKTTELLG,VTSRLTSGLVK,0,MUC16,pancreatic adenocarcinoma,8,A0301,scoreable
99316,101,PDSIHSSSLPVTSRLTSGLVKTTELLG,VTSRLTSGLVK,0,MUC16,pancreatic adenocarcinoma,8,B0702,floor
99316,101,PDSIHSSSLPVTSRLTSGLVKTTELLG,VTSRLTSGLVK,0,MUC16,pancreatic adenocarcinoma,8,B3508,floor
99316,101,PDSIHSSSLPVTSRLTSGLVKTTELLG,VTSRLTSGLVK,0,MUC16,pancreatic adenocarcinoma,8,C0202,floor
99316,101,PDSIHSSSLPVTSRLTSGLVKTTELLG,VTSRLTSGLVK,0,MUC16,pancreatic adenocarcinoma,8,C0702,floor
99316,101,PDSIHSSSLPVTSRLTSGLVKTTELLG,SIHSSSLPVTSR,0,MUC16,pancreatic adenocarcinoma,8,A0201,floor
99316,25,PDSIHSSSLPVTSRLTSGLVKTTELLG,SIHSSSLPVTSR,0,MUC16,pancreatic adenocarcinoma,8,A0301,scoreable
99316,101,PDSIHSSSLPVTSRLTSGLVKTTELLG,SIHSSSLPVTSR,0,MUC16,pancreatic adenocarcinoma,8,B0702,floor
99316,101,PDSIHSSSLPVTSRLTSGLVKTTELLG,SIHSSSLPVTSR,0,MUC16,pancreatic adenocarcinoma,8,B3508,floor
99316,28,PDSIHSSSLPVTSRLTSGLVKTTELLG,SIHSSSLPVTSR,0,MUC16,pancreatic adenocarcinoma,8,C0202,scoreable
99316,101,PDSIHSSSLPVTSRLTSGLVKTTELLG,SIHSSSLPVTSR,0,MUC16,pancreatic adenocarcinoma,8,C0702,floor
99316,101,APSSKKGKARLSPGSVGVISPYRKQVE,KARLSPGSV,0,MOV10,pancreatic adenocarcinoma,8,A0201,floor
99316,101,APSSKKGKARLSPGSVGVISPYRKQVE,KARLSPGSV,0,MOV10,pancreatic adenocarcinoma,8,A0301,floor
99316,26,APSSKKGKARLSPGSVGVISPYRKQVE,KARLSPGSV,0,MOV10,pancreatic adenocarcinoma,8,B0702,scoreable
99316,101,APSSKKGKARLSPGSVGVISPYRKQVE,KARLSPGSV,0,MOV10,pancreatic adenocarcinoma,8,B3508,floor
99316,28,APSSKKGKARLSPGSVGVISPYRKQVE,KARLSPGSV,0,MOV10,pancreatic adenocarcinoma,8,C0202,scoreable
99316,101,APSSKKGKARLSPGSVGVISPYRKQVE,KARLSPGSV,0,MOV10,pancreatic adenocarcinoma,8,C0702,floor
99316,24,APSSKKGKARLSPGSVGVISPYRKQVE,RLSPGSVGV,0,MOV10,pancreatic adenocarcinoma,8,A0201,scoreable
99316,25,APSSKKGKARLSPGSVGVISPYRKQVE,RLSPGSVGV,0,MOV10,pancreatic adenocarcinoma,8,A0301,scoreable
99316,26,APSSKKGKARLSPGSVGVISPYRKQVE,RLSPGSVGV,0,MOV10,pancreatic adenocarcinoma,8,B0702,scoreable
99316,101,APSSKKGKARLSPGSVGVISPYRKQVE,RLSPGSVGV,0,MOV10,pancreatic adenocarcinoma,8,B3508,floor
99316,28,APSSKKGKARLSPGSVGVISPYRKQVE,RLSPGSVGV,0,MOV10,pancreatic adenocarcinoma,8,C0202,scoreable
99316,101,APSSKKGKARLSPGSVGVISPYRKQVE,RLSPGSVGV,0,MOV10,pancreatic adenocarcinoma,8,C0702,floor
99316,101,APSSKKGKARLSPGSVGVISPYRKQVE,LSPGSVGVI,0,MOV10,pancreatic adenocarcinoma,8,A0201,floor
99316,101,APSSKKGKARLSPGSVGVISPYRKQVE,LSPGSVGVI,0,MOV10,pancreatic adenocarcinoma,8,A0301,floor
99316,101,APSSKKGKARLSPGSVGVISPYRKQVE,LSPGSVGVI,0,MOV10,pancreatic adenocarcinoma,8,B0702,floor
99316,101,APSSKKGKARLSPGSVGVISPYRKQVE,LSPGSVGVI,0,MOV10,pancreatic adenocarcinoma,8,B3508,floor
99316,28,APSSKKGKARLSPGSVGVISPYRKQVE,LSPGSVGVI,0,MOV10,pancreatic adenocarcinoma,8,C0202,scoreable
99316,101,APSSKKGKARLSPGSVGVISPYRKQVE,LSPGSVGVI,0,MOV10,pancreatic adenocarcinoma,8,C0702,floor
99316,101,APSSKKGKARLSPGSVGVISPYRKQVE,SPGSVGVIS,0,MOV10,pancreatic adenocarcinoma,8,A0201,floor
99316,101,APSSKKGKARLSPGSVGVISPYRKQVE,SPGSVGVIS,0,MOV10,pancreatic adenocarcinoma,8,A0301,floor
99316,26,APSSKKGKARLSPGSVGVISPYRKQVE,SPGSVGVIS,0,MOV10,pancreatic adenocarcinoma,8,B0702,scoreable
99316,101,APSSKKGKARLSPGSVGVISPYRKQVE,SPGSVGVIS,0,MOV10,pancreatic adenocarcinoma,8,B3508,floor
99316,101,APSSKKGKARLSPGSVGVISPYRKQVE,SPGSVGVIS,0,MOV10,pancreatic adenocarcinoma,8,C0202,floor
99316,101,APSSKKGKARLSPGSVGVISPYRKQVE,SPGSVGVIS,0,MOV10,pancreatic adenocarcinoma,8,C0702,floor
99316,101,APSSKKGKARLSPGSVGVISPYRKQVE,GSVGVISPY,0,MOV10,pancreatic adenocarcinoma,8,A0201,floor
99316,101,APSSKKGKARLSPGSVGVISPYRKQVE,GSVGVISPY,0,MOV10,pancreatic adenocarcinoma,8,A0301,floor
99316,101,APSSKKGKARLSPGSVGVISPYRKQVE,GSVGVISPY,0,MOV10,pancreatic adenocarcinoma,8,B0702,floor
99316,27,APSSKKGKARLSPGSVGVISPYRKQVE,GSVGVISPY,0,MOV10,pancreatic adenocarcinoma,8,B3508,scoreable
99316,28,APSSKKGKARLSPGSVGVISPYRKQVE,GSVGVISPY,0,MOV10,pancreatic adenocarcinoma,8,C0202,scoreable
99316,101,APSSKKGKARLSPGSVGVISPYRKQVE,GSVGVISPY,0,MOV10,pancreatic adenocarcinoma,8,C0702,floor
99316,24,APSSKKGKARLSPGSVGVISPYRKQVE,RLSPGSVGVI,0,MOV10,pancreatic adenocarcinoma,8,A0201,scoreable
99316,101,APSSKKGKARLSPGSVGVISPYRKQVE,RLSPGSVGVI,0,MOV10,pancreatic adenocarcinoma,8,A0301,floor
99316,26,APSSKKGKARLSPGSVGVISPYRKQVE,RLSPGSVGVI,0,MOV10,pancreatic adenocarcinoma,8,B0702,scoreable
99316,101,APSSKKGKARLSPGSVGVISPYRKQVE,RLSPGSVGVI,0,MOV10,pancreatic adenocarcinoma,8,B3508,floor
99316,28,APSSKKGKARLSPGSVGVISPYRKQVE,RLSPGSVGVI,0,MOV10,pancreatic adenocarcinoma,8,C0202,scoreable
99316,101,APSSKKGKARLSPGSVGVISPYRKQVE,RLSPGSVGVI,0,MOV10,pancreatic adenocarcinoma,8,C0702,floor
99316,101,APSSKKGKARLSPGSVGVISPYRKQVE,SPGSVGVISP,0,MOV10,pancreatic adenocarcinoma,8,A0201,floor
99316,101,APSSKKGKARLSPGSVGVISPYRKQVE,SPGSVGVISP,0,MOV10,pancreatic adenocarcinoma,8,A0301,floor
99316,26,APSSKKGKARLSPGSVGVISPYRKQVE,SPGSVGVISP,0,MOV10,pancreatic adenocarcinoma,8,B0702,scoreable
99316,101,APSSKKGKARLSPGSVGVISPYRKQVE,SPGSVGVISP,0,MOV10,pancreatic adenocarcinoma,8,B3508,floor
99316,101,APSSKKGKARLSPGSVGVISPYRKQVE,SPGSVGVISP,0,MOV10,pancreatic adenocarcinoma,8,C0202,floor
99316,101,APSSKKGKARLSPGSVGVISPYRKQVE,SPGSVGVISP,0,MOV10,pancreatic adenocarcinoma,8,C0702,floor
99316,101,APSSKKGKARLSPGSVGVISPYRKQVE,GSVGVISPYR,0,MOV10,pancreatic adenocarcinoma,8,A0201,floor
99316,25,APSSKKGKARLSPGSVGVISPYRKQVE,GSVGVISPYR,0,MOV10,pancreatic adenocarcinoma,8,A0301,scoreable
99316,101,APSSKKGKARLSPGSVGVISPYRKQVE,GSVGVISPYR,0,MOV10,pancreatic adenocarcinoma,8,B0702,floor
99316,101,APSSKKGKARLSPGSVGVISPYRKQVE,GSVGVISPYR,0,MOV10,pancreatic adenocarcinoma,8,B3508,floor
99316,28,APSSKKGKARLSPGSVGVISPYRKQVE,GSVGVISPYR,0,MOV10,pancreatic adenocarcinoma,8,C0202,scoreable
99316,101,APSSKKGKARLSPGSVGVISPYRKQVE,GSVGVISPYR,0,MOV10,pancreatic adenocarcinoma,8,C0702,floor
99316,101,APSSKKGKARLSPGSVGVISPYRKQVE,KARLSPGSVGV,0,MOV10,pancreatic adenocarcinoma,8,A0201,floor
99316,101,APSSKKGKARLSPGSVGVISPYRKQVE,KARLSPGSVGV,0,MOV10,pancreatic adenocarcinoma,8,A0301,floor
99316,26,APSSKKGKARLSPGSVGVISPYRKQVE,KARLSPGSVGV,0,MOV10,pancreatic adenocarcinoma,8,B0702,scoreable
99316,101,APSSKKGKARLSPGSVGVISPYRKQVE,KARLSPGSVGV,0,MOV10,pancreatic adenocarcinoma,8,B3508,floor
99316,28,APSSKKGKARLSPGSVGVISPYRKQVE,KARLSPGSVGV,0,MOV10,pancreatic adenocarcinoma,8,C0202,scoreable
99316,101,APSSKKGKARLSPGSVGVISPYRKQVE,KARLSPGSVGV,0,MOV10,pancreatic adenocarcinoma,8,C0702,floor
99316,24,APSSKKGKARLSPGSVGVISPYRKQVE,RLSPGSVGVIS,0,MOV10,pancreatic adenocarcinoma,8,A0201,scoreable
99316,101,APSSKKGKARLSPGSVGVISPYRKQVE,RLSPGSVGVIS,0,MOV10,pancreatic adenocarcinoma,8,A0301,floor
99316,101,APSSKKGKARLSPGSVGVISPYRKQVE,RLSPGSVGVIS,0,MOV10,pancreatic adenocarcinoma,8,B0702,floor
99316,101,APSSKKGKARLSPGSVGVISPYRKQVE,RLSPGSVGVIS,0,MOV10,pancreatic adenocarcinoma,8,B3508,floor
99316,101,APSSKKGKARLSPGSVGVISPYRKQVE,RLSPGSVGVIS,0,MOV10,pancreatic adenocarcinoma,8,C0202,floor
99316,101,APSSKKGKARLSPGSVGVISPYRKQVE,RLSPGSVGVIS,0,MOV10,pancreatic adenocarcinoma,8,C0702,floor
99316,101,APSSKKGKARLSPGSVGVISPYRKQVE,SPGSVGVISPY,0,MOV10,pancreatic adenocarcinoma,8,A0201,floor
99316,101,APSSKKGKARLSPGSVGVISPYRKQVE,SPGSVGVISPY,0,MOV10,pancreatic adenocarcinoma,8,A0301,floor
99316,26,APSSKKGKARLSPGSVGVISPYRKQVE,SPGSVGVISPY,0,MOV10,pancreatic adenocarcinoma,8,B0702,scoreable
99316,27,APSSKKGKARLSPGSVGVISPYRKQVE,SPGSVGVISPY,0,MOV10,pancreatic adenocarcinoma,8,B3508,scoreable
99316,28,APSSKKGKARLSPGSVGVISPYRKQVE,SPGSVGVISPY,0,MOV10,pancreatic adenocarcinoma,8,C0202,scoreable
99316,101,APSSKKGKARLSPGSVGVISPYRKQVE,SPGSVGVISPY,0,MOV10,pancreatic adenocarcinoma,8,C0702,floor
99316,101,APSSKKGKARLSPGSVGVISPYRKQVE,GSVGVISPYRK,0,MOV10,pancreatic adenocarcinoma,8,A0201,floor
99316,25,APSSKKGKARLSPGSVGVISPYRKQVE,GSVGVISPYRK,0,MOV10,pancreatic adenocarcinoma,8,A0301,scoreable
99316,101,APSSKKGKARLSPGSVGVISPYRKQVE,GSVGVISPYRK,0,MOV10,pancreatic adenocarcinoma,8,B0702,floor
99316,101,APSSKKGKARLSPGSVGVISPYRKQVE,GSVGVISPYRK,0,MOV10,pancreatic adenocarcinoma,8,B3508,floor
99316,101,APSSKKGKARLSPGSVGVISPYRKQVE,GSVGVISPYRK,0,MOV10,pancreatic adenocarcinoma,8,C0202,floor
99316,101,APSSKKGKARLSPGSVGVISPYRKQVE,GSVGVISPYRK,0,MOV10,pancreatic adenocarcinoma,8,C0702,floor
99316,101,APSSKKGKARLSPGSVGVISPYRKQVE,KARLSPGSVGVI,0,MOV10,pancreatic adenocarcinoma,8,A0201,floor
99316,101,APSSKKGKARLSPGSVGVISPYRKQVE,KARLSPGSVGVI,0,MOV10,pancreatic adenocarcinoma,8,A0301,floor
99316,101,APSSKKGKARLSPGSVGVISPYRKQVE,KARLSPGSVGVI,0,MOV10,pancreatic adenocarcinoma,8,B0702,floor
99316,101,APSSKKGKARLSPGSVGVISPYRKQVE,KARLSPGSVGVI,0,MOV10,pancreatic adenocarcinoma,8,B3508,floor
99316,28,APSSKKGKARLSPGSVGVISPYRKQVE,KARLSPGSVGVI,0,MOV10,pancreatic adenocarcinoma,8,C0202,scoreable
99316,101,APSSKKGKARLSPGSVGVISPYRKQVE,KARLSPGSVGVI,0,MOV10,pancreatic adenocarcinoma,8,C0702,floor
99316,101,APSSKKGKARLSPGSVGVISPYRKQVE,LSPGSVGVISPY,0,MOV10,pancreatic adenocarcinoma,8,A0201,floor
99316,101,APSSKKGKARLSPGSVGVISPYRKQVE,LSPGSVGVISPY,0,MOV10,pancreatic adenocarcinoma,8,A0301,floor
99316,101,APSSKKGKARLSPGSVGVISPYRKQVE,LSPGSVGVISPY,0,MOV10,pancreatic adenocarcinoma,8,B0702,floor
99316,27,APSSKKGKARLSPGSVGVISPYRKQVE,LSPGSVGVISPY,0,MOV10,pancreatic adenocarcinoma,8,B3508,scoreable
99316,28,APSSKKGKARLSPGSVGVISPYRKQVE,LSPGSVGVISPY,0,MOV10,pancreatic adenocarcinoma,8,C0202,scoreable
99316,101,APSSKKGKARLSPGSVGVISPYRKQVE,LSPGSVGVISPY,0,MOV10,pancreatic adenocarcinoma,8,C0702,floor
99316,101,YAFLDGTFSKYLCHCFHLRSNTPLQPR,GTFSKYLCH,0,CCRL2,pancreatic adenocarcinoma,8,A0201,floor
99316,25,YAFLDGTFSKYLCHCFHLRSNTPLQPR,GTFSKYLCH,0,CCRL2,pancreatic adenocarcinoma,8,A0301,scoreable
99316,101,YAFLDGTFSKYLCHCFHLRSNTPLQPR,GTFSKYLCH,0,CCRL2,pancreatic adenocarcinoma,8,B0702,floor
99316,101,YAFLDGTFSKYLCHCFHLRSNTPLQPR,GTFSKYLCH,0,CCRL2,pancreatic adenocarcinoma,8,B3508,floor
99316,28,YAFLDGTFSKYLCHCFHLRSNTPLQPR,GTFSKYLCH,0,CCRL2,pancreatic adenocarcinoma,8,C0202,scoreable
99316,101,YAFLDGTFSKYLCHCFHLRSNTPLQPR,GTFSKYLCH,0,CCRL2,pancreatic adenocarcinoma,8,C0702,floor
99316,101,YAFLDGTFSKYLCHCFHLRSNTPLQPR,FSKYLCHCF,0,CCRL2,pancreatic adenocarcinoma,8,A0201,floor
99316,101,YAFLDGTFSKYLCHCFHLRSNTPLQPR,FSKYLCHCF,0,CCRL2,pancreatic adenocarcinoma,8,A0301,floor
99316,26,YAFLDGTFSKYLCHCFHLRSNTPLQPR,FSKYLCHCF,0,CCRL2,pancreatic adenocarcinoma,8,B0702,scoreable
99316,27,YAFLDGTFSKYLCHCFHLRSNTPLQPR,FSKYLCHCF,0,CCRL2,pancreatic adenocarcinoma,8,B3508,scoreable
99316,28,YAFLDGTFSKYLCHCFHLRSNTPLQPR,FSKYLCHCF,0,CCRL2,pancreatic adenocarcinoma,8,C0202,scoreable
99316,29,YAFLDGTFSKYLCHCFHLRSNTPLQPR,FSKYLCHCF,0,CCRL2,pancreatic adenocarcinoma,8,C0702,scoreable
99316,24,YAFLDGTFSKYLCHCFHLRSNTPLQPR,KYLCHCFHL,0,CCRL2,pancreatic adenocarcinoma,8,A0201,scoreable
99316,101,YAFLDGTFSKYLCHCFHLRSNTPLQPR,KYLCHCFHL,0,CCRL2,pancreatic adenocarcinoma,8,A0301,floor
99316,101,YAFLDGTFSKYLCHCFHLRSNTPLQPR,KYLCHCFHL,0,CCRL2,pancreatic adenocarcinoma,8,B0702,floor
99316,101,YAFLDGTFSKYLCHCFHLRSNTPLQPR,KYLCHCFHL,0,CCRL2,pancreatic adenocarcinoma,8,B3508,floor
99316,101,YAFLDGTFSKYLCHCFHLRSNTPLQPR,KYLCHCFHL,0,CCRL2,pancreatic adenocarcinoma,8,C0202,floor
99316,101,YAFLDGTFSKYLCHCFHLRSNTPLQPR,KYLCHCFHL,0,CCRL2,pancreatic adenocarcinoma,8,C0702,floor
99316,24,YAFLDGTFSKYLCHCFHLRSNTPLQPR,YLCHCFHLR,0,CCRL2,pancreatic adenocarcinoma,8,A0201,scoreable
99316,25,YAFLDGTFSKYLCHCFHLRSNTPLQPR,YLCHCFHLR,0,CCRL2,pancreatic adenocarcinoma,8,A0301,scoreable
99316,101,YAFLDGTFSKYLCHCFHLRSNTPLQPR,YLCHCFHLR,0,CCRL2,pancreatic adenocarcinoma,8,B0702,floor
99316,101,YAFLDGTFSKYLCHCFHLRSNTPLQPR,YLCHCFHLR,0,CCRL2,pancreatic adenocarcinoma,8,B3508,floor
99316,28,YAFLDGTFSKYLCHCFHLRSNTPLQPR,YLCHCFHLR,0,CCRL2,pancreatic adenocarcinoma,8,C0202,scoreable
99316,101,YAFLDGTFSKYLCHCFHLRSNTPLQPR,YLCHCFHLR,0,CCRL2,pancreatic adenocarcinoma,8,C0702,floor
99316,101,YAFLDGTFSKYLCHCFHLRSNTPLQPR,KYLCHCFHLR,0,CCRL2,pancreatic adenocarcinoma,8,A0201,floor
99316,25,YAFLDGTFSKYLCHCFHLRSNTPLQPR,KYLCHCFHLR,0,CCRL2,pancreatic adenocarcinoma,8,A0301,scoreable
99316,101,YAFLDGTFSKYLCHCFHLRSNTPLQPR,KYLCHCFHLR,0,CCRL2,pancreatic adenocarcinoma,8,B0702,floor
99316,101,YAFLDGTFSKYLCHCFHLRSNTPLQPR,KYLCHCFHLR,0,CCRL2,pancreatic adenocarcinoma,8,B3508,floor
99316,101,YAFLDGTFSKYLCHCFHLRSNTPLQPR,KYLCHCFHLR,0,CCRL2,pancreatic adenocarcinoma,8,C0202,floor
99316,101,YAFLDGTFSKYLCHCFHLRSNTPLQPR,KYLCHCFHLR,0,CCRL2,pancreatic adenocarcinoma,8,C0702,floor
99316,101,YAFLDGTFSKYLCHCFHLRSNTPLQPR,GTFSKYLCHCF,0,CCRL2,pancreatic adenocarcinoma,8,A0201,floor
99316,101,YAFLDGTFSKYLCHCFHLRSNTPLQPR,GTFSKYLCHCF,0,CCRL2,pancreatic adenocarcinoma,8,A0301,floor
99316,101,YAFLDGTFSKYLCHCFHLRSNTPLQPR,GTFSKYLCHCF,0,CCRL2,pancreatic adenocarcinoma,8,B0702,floor
99316,101,YAFLDGTFSKYLCHCFHLRSNTPLQPR,GTFSKYLCHCF,0,CCRL2,pancreatic adenocarcinoma,8,B3508,floor
99316,28,YAFLDGTFSKYLCHCFHLRSNTPLQPR,GTFSKYLCHCF,0,CCRL2,pancreatic adenocarcinoma,8,C0202,scoreable
99316,101,YAFLDGTFSKYLCHCFHLRSNTPLQPR,GTFSKYLCHCF,0,CCRL2,pancreatic adenocarcinoma,8,C0702,floor
99628,110,RSTDFDRTLMSAEVNLAGLFPPNGMQR,TLMSAEVNL,1,ACP2,pancreatic adenocarcinoma,17,A0101,floor
99628,79,RSTDFDRTLMSAEVNLAGLFPPNGMQR,TLMSAEVNL,1,ACP2,pancreatic adenocarcinoma,17,A0201,scoreable
99628,110,RSTDFDRTLMSAEVNLAGLFPPNGMQR,TLMSAEVNL,1,ACP2,pancreatic adenocarcinoma,17,B0801,floor
99628,110,RSTDFDRTLMSAEVNLAGLFPPNGMQR,TLMSAEVNL,1,ACP2,pancreatic adenocarcinoma,17,B4101,floor
99628,110,RSTDFDRTLMSAEVNLAGLFPPNGMQR,TLMSAEVNL,1,ACP2,pancreatic adenocarcinoma,17,C0701,floor
99628,110,RSTDFDRTLMSAEVNLAGLFPPNGMQR,TLMSAEVNL,1,ACP2,pancreatic adenocarcinoma,17,C1701,floor
99628,110,RSTDFDRTLMSAEVNLAGLFPPNGMQR,LMSAEVNLA,1,ACP2,pancreatic adenocarcinoma,17,A0101,floor
99628,79,RSTDFDRTLMSAEVNLAGLFPPNGMQR,LMSAEVNLA,1,ACP2,pancreatic adenocarcinoma,17,A0201,scoreable
99628,110,RSTDFDRTLMSAEVNLAGLFPPNGMQR,LMSAEVNLA,1,ACP2,pancreatic adenocarcinoma,17,B0801,floor
99628,110,RSTDFDRTLMSAEVNLAGLFPPNGMQR,LMSAEVNLA,1,ACP2,pancreatic adenocarcinoma,17,B4101,floor
99628,110,RSTDFDRTLMSAEVNLAGLFPPNGMQR,LMSAEVNLA,1,ACP2,pancreatic adenocarcinoma,17,C0701,floor
99628,110,RSTDFDRTLMSAEVNLAGLFPPNGMQR,LMSAEVNLA,1,ACP2,pancreatic adenocarcinoma,17,C1701,floor
99628,110,RSTDFDRTLMSAEVNLAGLFPPNGMQR,RTLMSAEVNL,1,ACP2,pancreatic adenocarcinoma,17,A0101,floor
99628,79,RSTDFDRTLMSAEVNLAGLFPPNGMQR,RTLMSAEVNL,1,ACP2,pancreatic adenocarcinoma,17,A0201,scoreable
99628,110,RSTDFDRTLMSAEVNLAGLFPPNGMQR,RTLMSAEVNL,1,ACP2,pancreatic adenocarcinoma,17,B0801,floor
99628,110,RSTDFDRTLMSAEVNLAGLFPPNGMQR,RTLMSAEVNL,1,ACP2,pancreatic adenocarcinoma,17,B4101,floor
99628,110,RSTDFDRTLMSAEVNLAGLFPPNGMQR,RTLMSAEVNL,1,ACP2,pancreatic adenocarcinoma,17,C0701,floor
99628,110,RSTDFDRTLMSAEVNLAGLFPPNGMQR,RTLMSAEVNL,1,ACP2,pancreatic adenocarcinoma,17,C1701,floor
99628,110,RSTDFDRTLMSAEVNLAGLFPPNGMQR,TLMSAEVNLA,1,ACP2,pancreatic adenocarcinoma,17,A0101,floor
99628,79,RSTDFDRTLMSAEVNLAGLFPPNGMQR,TLMSAEVNLA,1,ACP2,pancreatic adenocarcinoma,17,A0201,scoreable
99628,110,RSTDFDRTLMSAEVNLAGLFPPNGMQR,TLMSAEVNLA,1,ACP2,pancreatic adenocarcinoma,17,B0801,floor
99628,110,RSTDFDRTLMSAEVNLAGLFPPNGMQR,TLMSAEVNLA,1,ACP2,pancreatic adenocarcinoma,17,B4101,floor
99628,110,RSTDFDRTLMSAEVNLAGLFPPNGMQR,TLMSAEVNLA,1,ACP2,pancreatic adenocarcinoma,17,C0701,floor
99628,110,RSTDFDRTLMSAEVNLAGLFPPNGMQR,TLMSAEVNLA,1,ACP2,pancreatic adenocarcinoma,17,C1701,floor
99628,110,RSTDFDRTLMSAEVNLAGLFPPNGMQR,MSAEVNLAGL,1,ACP2,pancreatic adenocarcinoma,17,A0101,floor
99628,79,RSTDFDRTLMSAEVNLAGLFPPNGMQR,MSAEVNLAGL,1,ACP2,pancreatic adenocarcinoma,17,A0201,scoreable
99628,110,RSTDFDRTLMSAEVNLAGLFPPNGMQR,MSAEVNLAGL,1,ACP2,pancreatic adenocarcinoma,17,B0801,floor
99628,110,RSTDFDRTLMSAEVNLAGLFPPNGMQR,MSAEVNLAGL,1,ACP2,pancreatic adenocarcinoma,17,B4101,floor
99628,82,RSTDFDRTLMSAEVNLAGLFPPNGMQR,MSAEVNLAGL,1,ACP2,pancreatic adenocarcinoma,17,C0701,scoreable
99628,83,RSTDFDRTLMSAEVNLAGLFPPNGMQR,MSAEVNLAGL,1,ACP2,pancreatic adenocarcinoma,17,C1701,scoreable
99628,78,RSTDFDRTLMSAEVNLAGLFPPNGMQR,SAEVNLAGLF,1,ACP2,pancreatic adenocarcinoma,17,A0101,scoreable
99628,110,RSTDFDRTLMSAEVNLAGLFPPNGMQR,SAEVNLAGLF,1,ACP2,pancreatic adenocarcinoma,17,A0201,floor
99628,110,RSTDFDRTLMSAEVNLAGLFPPNGMQR,SAEVNLAGLF,1,ACP2,pancreatic adenocarcinoma,17,B0801,floor
99628,110,RSTDFDRTLMSAEVNLAGLFPPNGMQR,SAEVNLAGLF,1,ACP2,pancreatic adenocarcinoma,17,B4101,floor
99628,110,RSTDFDRTLMSAEVNLAGLFPPNGMQR,SAEVNLAGLF,1,ACP2,pancreatic adenocarcinoma,17,C0701,floor
99628,110,RSTDFDRTLMSAEVNLAGLFPPNGMQR,SAEVNLAGLF,1,ACP2,pancreatic adenocarcinoma,17,C1701,floor
99628,110,RSTDFDRTLMSAEVNLAGLFPPNGMQR,LMSAEVNLAGL,1,ACP2,pancreatic adenocarcinoma,17,A0101,floor
99628,79,RSTDFDRTLMSAEVNLAGLFPPNGMQR,LMSAEVNLAGL,1,ACP2,pancreatic adenocarcinoma,17,A0201,scoreable
99628,110,RSTDFDRTLMSAEVNLAGLFPPNGMQR,LMSAEVNLAGL,1,ACP2,pancreatic adenocarcinoma,17,B0801,floor
99628,110,RSTDFDRTLMSAEVNLAGLFPPNGMQR,LMSAEVNLAGL,1,ACP2,pancreatic adenocarcinoma,17,B4101,floor
99628,110,RSTDFDRTLMSAEVNLAGLFPPNGMQR,LMSAEVNLAGL,1,ACP2,pancreatic adenocarcinoma,17,C0701,floor
99628,110,RSTDFDRTLMSAEVNLAGLFPPNGMQR,LMSAEVNLAGL,1,ACP2,pancreatic adenocarcinoma,17,C1701,floor
99628,78,RSTDFDRTLMSAEVNLAGLFPPNGMQR,MSAEVNLAGLF,1,ACP2,pancreatic adenocarcinoma,17,A0101,scoreable
99628,110,RSTDFDRTLMSAEVNLAGLFPPNGMQR,MSAEVNLAGLF,1,ACP2,pancreatic adenocarcinoma,17,A0201,floor
99628,110,RSTDFDRTLMSAEVNLAGLFPPNGMQR,MSAEVNLAGLF,1,ACP2,pancreatic adenocarcinoma,17,B0801,floor
99628,110,RSTDFDRTLMSAEVNLAGLFPPNGMQR,MSAEVNLAGLF,1,ACP2,pancreatic adenocarcinoma,17,B4101,floor
99628,82,RSTDFDRTLMSAEVNLAGLFPPNGMQR,MSAEVNLAGLF,1,ACP2,pancreatic adenocarcinoma,17,C0701,scoreable
99628,110,RSTDFDRTLMSAEVNLAGLFPPNGMQR,MSAEVNLAGLF,1,ACP2,pancreatic adenocarcinoma,17,C1701,floor
99628,110,RSTDFDRTLMSAEVNLAGLFPPNGMQR,AEVNLAGLFPP,1,ACP2,pancreatic adenocarcinoma,17,A0101,floor
99628,110,RSTDFDRTLMSAEVNLAGLFPPNGMQR,AEVNLAGLFPP,1,ACP2,pancreatic adenocarcinoma,17,A0201,floor
99628,110,RSTDFDRTLMSAEVNLAGLFPPNGMQR,AEVNLAGLFPP,1,ACP2,pancreatic adenocarcinoma,17,B0801,floor
99628,81,RSTDFDRTLMSAEVNLAGLFPPNGMQR,AEVNLAGLFPP,1,ACP2,pancreatic adenocarcinoma,17,B4101,scoreable
99628,110,RSTDFDRTLMSAEVNLAGLFPPNGMQR,AEVNLAGLFPP,1,ACP2,pancreatic adenocarcinoma,17,C0701,floor
99628,110,RSTDFDRTLMSAEVNLAGLFPPNGMQR,AEVNLAGLFPP,1,ACP2,pancreatic adenocarcinoma,17,C1701,floor
99628,110,RSTDFDRTLMSAEVNLAGLFPPNGMQR,TDFDRTLMSAEV,1,ACP2,pancreatic adenocarcinoma,17,A0101,floor
99628,110,RSTDFDRTLMSAEVNLAGLFPPNGMQR,TDFDRTLMSAEV,1,ACP2,pancreatic adenocarcinoma,17,A0201,floor
99628,110,RSTDFDRTLMSAEVNLAGLFPPNGMQR,TDFDRTLMSAEV,1,ACP2,pancreatic adenocarcinoma,17,B0801,floor
99628,81,RSTDFDRTLMSAEVNLAGLFPPNGMQR,TDFDRTLMSAEV,1,ACP2,pancreatic adenocarcinoma,17,B4101,scoreable
99628,110,RSTDFDRTLMSAEVNLAGLFPPNGMQR,TDFDRTLMSAEV,1,ACP2,pancreatic adenocarcinoma,17,C0701,floor
99628,110,RSTDFDRTLMSAEVNLAGLFPPNGMQR,TDFDRTLMSAEV,1,ACP2,pancreatic adenocarcinoma,17,C1701,floor
99628,110,RSTDFDRTLMSAEVNLAGLFPPNGMQR,TLMSAEVNLAGL,1,ACP2,pancreatic adenocarcinoma,17,A0101,floor
99628,79,RSTDFDRTLMSAEVNLAGLFPPNGMQR,TLMSAEVNLAGL,1,ACP2,pancreatic adenocarcinoma,17,A0201,scoreable
99628,110,RSTDFDRTLMSAEVNLAGLFPPNGMQR,TLMSAEVNLAGL,1,ACP2,pancreatic adenocarcinoma,17,B0801,floor
99628,110,RSTDFDRTLMSAEVNLAGLFPPNGMQR,TLMSAEVNLAGL,1,ACP2,pancreatic adenocarcinoma,17,B4101,floor
99628,110,RSTDFDRTLMSAEVNLAGLFPPNGMQR,TLMSAEVNLAGL,1,ACP2,pancreatic adenocarcinoma,17,C0701,floor
99628,110,RSTDFDRTLMSAEVNLAGLFPPNGMQR,TLMSAEVNLAGL,1,ACP2,pancreatic adenocarcinoma,17,C1701,floor
99628,110,KILLEVVKTTAAVAETIGRHVLGILDR,TTAAVAETI,0,AKAP9,pancreatic adenocarcinoma,17,A0101,floor
99628,79,KILLEVVKTTAAVAETIGRHVLGILDR,TTAAVAETI,0,AKAP9,pancreatic adenocarcinoma,17,A0201,scoreable
99628,110,KILLEVVKTTAAVAETIGRHVLGILDR,TTAAVAETI,0,AKAP9,pancreatic adenocarcinoma,17,B0801,floor
99628,110,KILLEVVKTTAAVAETIGRHVLGILDR,TTAAVAETI,0,AKAP9,pancreatic adenocarcinoma,17,B4101,floor
99628,110,KILLEVVKTTAAVAETIGRHVLGILDR,TTAAVAETI,0,AKAP9,pancreatic adenocarcinoma,17,C0701,floor
99628,110,KILLEVVKTTAAVAETIGRHVLGILDR,TTAAVAETI,0,AKAP9,pancreatic adenocarcinoma,17,C1701,floor
99628,110,KILLEVVKTTAAVAETIGRHVLGILDR,AETIGRHVL,0,AKAP9,pancreatic adenocarcinoma,17,A0101,floor
99628,110,KILLEVVKTTAAVAETIGRHVLGILDR,AETIGRHVL,0,AKAP9,pancreatic adenocarcinoma,17,A0201,floor
99628,110,KILLEVVKTTAAVAETIGRHVLGILDR,AETIGRHVL,0,AKAP9,pancreatic adenocarcinoma,17,B0801,floor
99628,81,KILLEVVKTTAAVAETIGRHVLGILDR,AETIGRHVL,0,AKAP9,pancreatic adenocarcinoma,17,B4101,scoreable
99628,110,KILLEVVKTTAAVAETIGRHVLGILDR,AETIGRHVL,0,AKAP9,pancreatic adenocarcinoma,17,C0701,floor
99628,110,KILLEVVKTTAAVAETIGRHVLGILDR,AETIGRHVL,0,AKAP9,pancreatic adenocarcinoma,17,C1701,floor
99628,110,KILLEVVKTTAAVAETIGRHVLGILDR,AVAETIGRHV,0,AKAP9,pancreatic adenocarcinoma,17,A0101,floor
99628,79,KILLEVVKTTAAVAETIGRHVLGILDR,AVAETIGRHV,0,AKAP9,pancreatic adenocarcinoma,17,A0201,scoreable
99628,110,KILLEVVKTTAAVAETIGRHVLGILDR,AVAETIGRHV,0,AKAP9,pancreatic adenocarcinoma,17,B0801,floor
99628,110,KILLEVVKTTAAVAETIGRHVLGILDR,AVAETIGRHV,0,AKAP9,pancreatic adenocarcinoma,17,B4101,floor
99628,110,KILLEVVKTTAAVAETIGRHVLGILDR,AVAETIGRHV,0,AKAP9,pancreatic adenocarcinoma,17,C0701,floor
99628,110,KILLEVVKTTAAVAETIGRHVLGILDR,AVAETIGRHV,0,AKAP9,pancreatic adenocarcinoma,17,C1701,floor
99628,110,KILLEVVKTTAAVAETIGRHVLGILDR,LEVVKTTAAVA,0,AKAP9,pancreatic adenocarcinoma,17,A0101,floor
99628,110,KILLEVVKTTAAVAETIGRHVLGILDR,LEVVKTTAAVA,0,AKAP9,pancreatic adenocarcinoma,17,A0201,floor
99628,110,KILLEVVKTTAAVAETIGRHVLGILDR,LEVVKTTAAVA,0,AKAP9,pancreatic adenocarcinoma,17,B0801,floor
99628,81,KILLEVVKTTAAVAETIGRHVLGILDR,LEVVKTTAAVA,0,AKAP9,pancreatic adenocarcinoma,17,B4101,scoreable
99628,110,KILLEVVKTTAAVAETIGRHVLGILDR,LEVVKTTAAVA,0,AKAP9,pancreatic adenocarcinoma,17,C0701,floor
99628,110,KILLEVVKTTAAVAETIGRHVLGILDR,LEVVKTTAAVA,0,AKAP9,pancreatic adenocarcinoma,17,C1701,floor
99628,110,KILLEVVKTTAAVAETIGRHVLGILDR,AVAETIGRHVL,0,AKAP9,pancreatic adenocarcinoma,17,A0101,floor
99628,79,KILLEVVKTTAAVAETIGRHVLGILDR,AVAETIGRHVL,0,AKAP9,pancreatic adenocarcinoma,17,A0201,scoreable
99628,110,KILLEVVKTTAAVAETIGRHVLGILDR,AVAETIGRHVL,0,AKAP9,pancreatic adenocarcinoma,17,B0801,floor
99628,110,KILLEVVKTTAAVAETIGRHVLGILDR,AVAETIGRHVL,0,AKAP9,pancreatic adenocarcinoma,17,B4101,floor
99628,110,KILLEVVKTTAAVAETIGRHVLGILDR,AVAETIGRHVL,0,AKAP9,pancreatic adenocarcinoma,17,C0701,floor
99628,83,KILLEVVKTTAAVAETIGRHVLGILDR,AVAETIGRHVL,0,AKAP9,pancreatic adenocarcinoma,17,C1701,scoreable
99628,110,KILLEVVKTTAAVAETIGRHVLGILDR,AETIGRHVLGI,0,AKAP9,pancreatic adenocarcinoma,17,A0101,floor
99628,110,KILLEVVKTTAAVAETIGRHVLGILDR,AETIGRHVLGI,0,AKAP9,pancreatic adenocarcinoma,17,A0201,floor
99628,110,KILLEVVKTTAAVAETIGRHVLGILDR,AETIGRHVLGI,0,AKAP9,pancreatic adenocarcinoma,17,B0801,floor
99628,81,KILLEVVKTTAAVAETIGRHVLGILDR,AETIGRHVLGI,0,AKAP9,pancreatic adenocarcinoma,17,B4101,scoreable
99628,110,KILLEVVKTTAAVAETIGRHVLGILDR,AETIGRHVLGI,0,AKAP9,pancreatic adenocarcinoma,17,C0701,floor
99628,110,KILLEVVKTTAAVAETIGRHVLGILDR,AETIGRHVLGI,0,AKAP9,pancreatic adenocarcinoma,17,C1701,floor
99628,110,KILLEVVKTTAAVAETIGRHVLGILDR,AETIGRHVLGIL,0,AKAP9,pancreatic adenocarcinoma,17,A0101,floor
99628,110,KILLEVVKTTAAVAETIGRHVLGILDR,AETIGRHVLGIL,0,AKAP9,pancreatic adenocarcinoma,17,A0201,floor
99628,110,KILLEVVKTTAAVAETIGRHVLGILDR,AETIGRHVLGIL,0,AKAP9,pancreatic adenocarcinoma,17,B0801,floor
99628,81,KILLEVVKTTAAVAETIGRHVLGILDR,AETIGRHVLGIL,0,AKAP9,pancreatic adenocarcinoma,17,B4101,scoreable
99628,110,KILLEVVKTTAAVAETIGRHVLGILDR,AETIGRHVLGIL,0,AKAP9,pancreatic adenocarcinoma,17,C0701,floor
99628,110,KILLEVVKTTAAVAETIGRHVLGILDR,AETIGRHVLGIL,0,AKAP9,pancreatic adenocarcinoma,17,C1701,floor
99628,110,QKRPEILKHEMKVLFVKYNDPIYVKLE,ILKHEMKVL,0,AP1B1,pancreatic adenocarcinoma,17,A0101,floor
99628,79,QKRPEILKHEMKVLFVKYNDPIYVKLE,ILKHEMKVL,0,AP1B1,pancreatic adenocarcinoma,17,A0201,scoreable
99628,80,QKRPEILKHEMKVLFVKYNDPIYVKLE,ILKHEMKVL,0,AP1B1,pancreatic adenocarcinoma,17,B0801,scoreable
99628,110,QKRPEILKHEMKVLFVKYNDPIYVKLE,ILKHEMKVL,0,AP1B1,pancreatic adenocarcinoma,17,B4101,floor
99628,110,QKRPEILKHEMKVLFVKYNDPIYVKLE,ILKHEMKVL,0,AP1B1,pancreatic adenocarcinoma,17,C0701,floor
99628,110,QKRPEILKHEMKVLFVKYNDPIYVKLE,ILKHEMKVL,0,AP1B1,pancreatic adenocarcinoma,17,C1701,floor
99628,110,QKRPEILKHEMKVLFVKYNDPIYVKLE,HEMKVLFVK,0,AP1B1,pancreatic adenocarcinoma,17,A0101,floor
99628,110,QKRPEILKHEMKVLFVKYNDPIYVKLE,HEMKVLFVK,0,AP1B1,pancreatic adenocarcinoma,17,A0201,floor
99628,110,QKRPEILKHEMKVLFVKYNDPIYVKLE,HEMKVLFVK,0,AP1B1,pancreatic adenocarcinoma,17,B0801,floor
99628,81,QKRPEILKHEMKVLFVKYNDPIYVKLE,HEMKVLFVK,0,AP1B1,pancreatic adenocarcinoma,17,B4101,scoreable
99628,110,QKRPEILKHEMKVLFVKYNDPIYVKLE,HEMKVLFVK,0,AP1B1,pancreatic adenocarcinoma,17,C0701,floor
99628,110,QKRPEILKHEMKVLFVKYNDPIYVKLE,HEMKVLFVK,0,AP1B1,pancreatic adenocarcinoma,17,C1701,floor
99628,78,QKRPEILKHEMKVLFVKYNDPIYVKLE,EMKVLFVKY,0,AP1B1,pancreatic adenocarcinoma,17,A0101,scoreable
99628,110,QKRPEILKHEMKVLFVKYNDPIYVKLE,EMKVLFVKY,0,AP1B1,pancreatic adenocarcinoma,17,A0201,floor
99628,110,QKRPEILKHEMKVLFVKYNDPIYVKLE,EMKVLFVKY,0,AP1B1,pancreatic adenocarcinoma,17,B0801,floor
99628,110,QKRPEILKHEMKVLFVKYNDPIYVKLE,EMKVLFVKY,0,AP1B1,pancreatic adenocarcinoma,17,B4101,floor
99628,110,QKRPEILKHEMKVLFVKYNDPIYVKLE,EMKVLFVKY,0,AP1B1,pancreatic adenocarcinoma,17,C0701,floor
99628,110,QKRPEILKHEMKVLFVKYNDPIYVKLE,EMKVLFVKY,0,AP1B1,pancreatic adenocarcinoma,17,C1701,floor
99628,78,QKRPEILKHEMKVLFVKYNDPIYVKLE,HEMKVLFVKY,0,AP1B1,pancreatic adenocarcinoma,17,A0101,scoreable
99628,110,QKRPEILKHEMKVLFVKYNDPIYVKLE,HEMKVLFVKY,0,AP1B1,pancreatic adenocarcinoma,17,A0201,floor
99628,110,QKRPEILKHEMKVLFVKYNDPIYVKLE,HEMKVLFVKY,0,AP1B1,pancreatic adenocarcinoma,17,B0801,floor
99628,81,QKRPEILKHEMKVLFVKYNDPIYVKLE,HEMKVLFVKY,0,AP1B1,pancreatic adenocarcinoma,17,B4101,scoreable
99628,110,QKRPEILKHEMKVLFVKYNDPIYVKLE,HEMKVLFVKY,0,AP1B1,pancreatic adenocarcinoma,17,C0701,floor
99628,110,QKRPEILKHEMKVLFVKYNDPIYVKLE,HEMKVLFVKY,0,AP1B1,pancreatic adenocarcinoma,17,C1701,floor
99628,110,QKRPEILKHEMKVLFVKYNDPIYVKLE,VLFVKYNDPI,0,AP1B1,pancreatic adenocarcinoma,17,A0101,floor
99628,79,QKRPEILKHEMKVLFVKYNDPIYVKLE,VLFVKYNDPI,0,AP1B1,pancreatic adenocarcinoma,17,A0201,scoreable
99628,110,QKRPEILKHEMKVLFVKYNDPIYVKLE,VLFVKYNDPI,0,AP1B1,pancreatic adenocarcinoma,17,B0801,floor
99628,110,QKRPEILKHEMKVLFVKYNDPIYVKLE,VLFVKYNDPI,0,AP1B1,pancreatic adenocarcinoma,17,B4101,floor
99628,110,QKRPEILKHEMKVLFVKYNDPIYVKLE,VLFVKYNDPI,0,AP1B1,pancreatic adenocarcinoma,17,C0701,floor
99628,110,QKRPEILKHEMKVLFVKYNDPIYVKLE,VLFVKYNDPI,0,AP1B1,pancreatic adenocarcinoma,17,C1701,floor
99628,110,LNKDPNLGLNRDPCHLPKQEPISIIDQ,GLNRDPCHL,0,BCORL1,pancreatic adenocarcinoma,17,A0101,floor
99628,79,LNKDPNLGLNRDPCHLPKQEPISIIDQ,GLNRDPCHL,0,BCORL1,pancreatic adenocarcinoma,17,A0201,scoreable
99628,110,LNKDPNLGLNRDPCHLPKQEPISIIDQ,GLNRDPCHL,0,BCORL1,pancreatic adenocarcinoma,17,B0801,floor
99628,110,LNKDPNLGLNRDPCHLPKQEPISIIDQ,GLNRDPCHL,0,BCORL1,pancreatic adenocarcinoma,17,B4101,floor
99628,110,LNKDPNLGLNRDPCHLPKQEPISIIDQ,GLNRDPCHL,0,BCORL1,pancreatic adenocarcinoma,17,C0701,floor
99628,110,LNKDPNLGLNRDPCHLPKQEPISIIDQ,GLNRDPCHL,0,BCORL1,pancreatic adenocarcinoma,17,C1701,floor
99628,110,AIQWDKSMCVKNSAGVEIKRIMAKAFK,KSMCVKNSA,0,C2orf29,pancreatic adenocarcinoma,17,A0101,floor
99628,79,AIQWDKSMCVKNSAGVEIKRIMAKAFK,KSMCVKNSA,0,C2orf29,pancreatic adenocarcinoma,17,A0201,scoreable
99628,110,AIQWDKSMCVKNSAGVEIKRIMAKAFK,KSMCVKNSA,0,C2orf29,pancreatic adenocarcinoma,17,B0801,floor
99628,110,AIQWDKSMCVKNSAGVEIKRIMAKAFK,KSMCVKNSA,0,C2orf29,pancreatic adenocarcinoma,17,B4101,floor
99628,110,AIQWDKSMCVKNSAGVEIKRIMAKAFK,KSMCVKNSA,0,C2orf29,pancreatic adenocarcinoma,17,C0701,floor
99628,110,AIQWDKSMCVKNSAGVEIKRIMAKAFK,KSMCVKNSA,0,C2orf29,pancreatic adenocarcinoma,17,C1701,floor
99628,110,AIQWDKSMCVKNSAGVEIKRIMAKAFK,VKNSAGVEI,0,C2orf29,pancreatic adenocarcinoma,17,A0101,floor
99628,110,AIQWDKSMCVKNSAGVEIKRIMAKAFK,VKNSAGVEI,0,C2orf29,pancreatic adenocarcinoma,17,A0201,floor
99628,110,AIQWDKSMCVKNSAGVEIKRIMAKAFK,VKNSAGVEI,0,C2orf29,pancreatic adenocarcinoma,17,B0801,floor
99628,81,AIQWDKSMCVKNSAGVEIKRIMAKAFK,VKNSAGVEI,0,C2orf29,pancreatic adenocarcinoma,17,B4101,scoreable
99628,110,AIQWDKSMCVKNSAGVEIKRIMAKAFK,VKNSAGVEI,0,C2orf29,pancreatic adenocarcinoma,17,C0701,floor
99628,110,AIQWDKSMCVKNSAGVEIKRIMAKAFK,VKNSAGVEI,0,C2orf29,pancreatic adenocarcinoma,17,C1701,floor
99628,110,AIQWDKSMCVKNSAGVEIKRIMAKAFK,SMCVKNSAGV,0,C2orf29,pancreatic adenocarcinoma,17,A0101,floor
99628,79,AIQWDKSMCVKNSAGVEIKRIMAKAFK,SMCVKNSAGV,0,C2orf29,pancreatic adenocarcinoma,17,A0201,scoreable
99628,110,AIQWDKSMCVKNSAGVEIKRIMAKAFK,SMCVKNSAGV,0,C2orf29,pancreatic adenocarcinoma,17,B0801,floor
99628,110,AIQWDKSMCVKNSAGVEIKRIMAKAFK,SMCVKNSAGV,0,C2orf29,pancreatic adenocarcinoma,17,B4101,floor
99628,110,AIQWDKSMCVKNSAGVEIKRIMAKAFK,SMCVKNSAGV,0,C2orf29,pancreatic adenocarcinoma,17,C0701,floor
99628,110,AIQWDKSMCVKNSAGVEIKRIMAKAFK,SMCVKNSAGV,0,C2orf29,pancreatic adenocarcinoma,17,C1701,floor
99628,110,AIQWDKSMCVKNSAGVEIKRIMAKAFK,SMCVKNSAGVEI,0,C2orf29,pancreatic adenocarcinoma,17,A0101,floor
99628,79,AIQWDKSMCVKNSAGVEIKRIMAKAFK,SMCVKNSAGVEI,0,C2orf29,pancreatic adenocarcinoma,17,A0201,scoreable
99628,110,AIQWDKSMCVKNSAGVEIKRIMAKAFK,SMCVKNSAGVEI,0,C2orf29,pancreatic adenocarcinoma,17,B0801,floor
99628,110,AIQWDKSMCVKNSAGVEIKRIMAKAFK,SMCVKNSAGVEI,0,C2orf29,pancreatic adenocarcinoma,17,B4101,floor
99628,110,AIQWDKSMCVKNSAGVEIKRIMAKAFK,SMCVKNSAGVEI,0,C2orf29,pancreatic adenocarcinoma,17,C0701,floor
99628,110,AIQWDKSMCVKNSAGVEIKRIMAKAFK,SMCVKNSAGVEI,0,C2orf29,pancreatic adenocarcinoma,17,C1701,floor
99628,110,IHMFHCRMVLTYHKWWVCFWHWDGLVS,VLTYHKWWV,0,CLN8,pancreatic adenocarcinoma,17,A0101,floor
99628,79,IHMFHCRMVLTYHKWWVCFWHWDGLVS,VLTYHKWWV,0,CLN8,pancreatic adenocarcinoma,17,A0201,scoreable
99628,110,IHMFHCRMVLTYHKWWVCFWHWDGLVS,VLTYHKWWV,0,CLN8,pancreatic adenocarcinoma,17,B0801,floor
99628,110,IHMFHCRMVLTYHKWWVCFWHWDGLVS,VLTYHKWWV,0,CLN8,pancreatic adenocarcinoma,17,B4101,floor
99628,110,IHMFHCRMVLTYHKWWVCFWHWDGLVS,VLTYHKWWV,0,CLN8,pancreatic adenocarcinoma,17,C0701,floor
99628,110,IHMFHCRMVLTYHKWWVCFWHWDGLVS,VLTYHKWWV,0,CLN8,pancreatic adenocarcinoma,17,C1701,floor
99628,110,IHMFHCRMVLTYHKWWVCFWHWDGLVS,YHKWWVCFW,0,CLN8,pancreatic adenocarcinoma,17,A0101,floor
99628,110,IHMFHCRMVLTYHKWWVCFWHWDGLVS,YHKWWVCFW,0,CLN8,pancreatic adenocarcinoma,17,A0201,floor
99628,110,IHMFHCRMVLTYHKWWVCFWHWDGLVS,YHKWWVCFW,0,CLN8,pancreatic adenocarcinoma,17,B0801,floor
99628,110,IHMFHCRMVLTYHKWWVCFWHWDGLVS,YHKWWVCFW,0,CLN8,pancreatic adenocarcinoma,17,B4101,floor
99628,82,IHMFHCRMVLTYHKWWVCFWHWDGLVS,YHKWWVCFW,0,CLN8,pancreatic adenocarcinoma,17,C0701,scoreable
99628,110,IHMFHCRMVLTYHKWWVCFWHWDGLVS,YHKWWVCFW,0,CLN8,pancreatic adenocarcinoma,17,C1701,floor
99628,110,IHMFHCRMVLTYHKWWVCFWHWDGLVS,MVLTYHKWWV,0,CLN8,pancreatic adenocarcinoma,17,A0101,floor
99628,79,IHMFHCRMVLTYHKWWVCFWHWDGLVS,MVLTYHKWWV,0,CLN8,pancreatic adenocarcinoma,17,A0201,scoreable
99628,110,IHMFHCRMVLTYHKWWVCFWHWDGLVS,MVLTYHKWWV,0,CLN8,pancreatic adenocarcinoma,17,B0801,floor
99628,110,IHMFHCRMVLTYHKWWVCFWHWDGLVS,MVLTYHKWWV,0,CLN8,pancreatic adenocarcinoma,17,B4101,floor
99628,110,IHMFHCRMVLTYHKWWVCFWHWDGLVS,MVLTYHKWWV,0,CLN8,pancreatic adenocarcinoma,17,C0701,floor
99628,110,IHMFHCRMVLTYHKWWVCFWHWDGLVS,MVLTYHKWWV,0,CLN8,pancreatic adenocarcinoma,17,C1701,floor
99628,110,LKQILNAAYHVEVMFHSGSSVTRMLWE,AAYHVEVMF,0,DSTYK,pancreatic adenocarcinoma,17,A0101,floor
99628,110,LKQILNAAYHVEVMFHSGSSVTRMLWE,AAYHVEVMF,0,DSTYK,pancreatic adenocarcinoma,17,A0201,floor
99628,110,LKQILNAAYHVEVMFHSGSSVTRMLWE,AAYHVEVMF,0,DSTYK,pancreatic adenocarcinoma,17,B0801,floor
99628,110,LKQILNAAYHVEVMFHSGSSVTRMLWE,AAYHVEVMF,0,DSTYK,pancreatic adenocarcinoma,17,B4101,floor
99628,82,LKQILNAAYHVEVMFHSGSSVTRMLWE,AAYHVEVMF,0,DSTYK,pancreatic adenocarcinoma,17,C0701,scoreable
99628,83,LKQILNAAYHVEVMFHSGSSVTRMLWE,AAYHVEVMF,0,DSTYK,pancreatic adenocarcinoma,17,C1701,scoreable
99628,110,LKQILNAAYHVEVMFHSGSSVTRMLWE,VEVMFHSGS,0,DSTYK,pancreatic adenocarcinoma,17,A0101,floor
99628,110,LKQILNAAYHVEVMFHSGSSVTRMLWE,VEVMFHSGS,0,DSTYK,pancreatic adenocarcinoma,17,A0201,floor
99628,110,LKQILNAAYHVEVMFHSGSSVTRMLWE,VEVMFHSGS,0,DSTYK,pancreatic adenocarcinoma,17,B0801,floor
99628,81,LKQILNAAYHVEVMFHSGSSVTRMLWE,VEVMFHSGS,0,DSTYK,pancreatic adenocarcinoma,17,B4101,scoreable
99628,110,LKQILNAAYHVEVMFHSGSSVTRMLWE,VEVMFHSGS,0,DSTYK,pancreatic adenocarcinoma,17,C0701,floor
99628,110,LKQILNAAYHVEVMFHSGSSVTRMLWE,VEVMFHSGS,0,DSTYK,pancreatic adenocarcinoma,17,C1701,floor
99628,110,LKQILNAAYHVEVMFHSGSSVTRMLWE,VMFHSGSSV,0,DSTYK,pancreatic adenocarcinoma,17,A0101,floor
99628,79,LKQILNAAYHVEVMFHSGSSVTRMLWE,VMFHSGSSV,0,DSTYK,pancreatic adenocarcinoma,17,A0201,scoreable
99628,110,LKQILNAAYHVEVMFHSGSSVTRMLWE,VMFHSGSSV,0,DSTYK,pancreatic adenocarcinoma,17,B0801,floor
99628,110,LKQILNAAYHVEVMFHSGSSVTRMLWE,VMFHSGSSV,0,DSTYK,pancreatic adenocarcinoma,17,B4101,floor
99628,110,LKQILNAAYHVEVMFHSGSSVTRMLWE,VMFHSGSSV,0,DSTYK,pancreatic adenocarcinoma,17,C0701,floor
99628,110,LKQILNAAYHVEVMFHSGSSVTRMLWE,VMFHSGSSV,0,DSTYK,pancreatic adenocarcinoma,17,C1701,floor
99628,110,LKQILNAAYHVEVMFHSGSSVTRMLWE,VEVMFHSGSS,0,DSTYK,pancreatic adenocarcinoma,17,A0101,floor
99628,110,LKQILNAAYHVEVMFHSGSSVTRMLWE,VEVMFHSGSS,0,DSTYK,pancreatic adenocarcinoma,17,A0201,floor
99628,110,LKQILNAAYHVEVMFHSGSSVTRMLWE,VEVMFHSGSS,0,DSTYK,pancreatic adenocarcinoma,17,B0801,floor
99628,81,LKQILNAAYHVEVMFHSGSSVTRMLWE,VEVMFHSGSS,0,DSTYK,pancreatic adenocarcinoma,17,B4101,scoreable
99628,110,LKQILNAAYHVEVMFHSGSSVTRMLWE,VEVMFHSGSS,0,DSTYK,pancreatic adenocarcinoma,17,C0701,floor
99628,110,LKQILNAAYHVEVMFHSGSSVTRMLWE,VEVMFHSGSS,0,DSTYK,pancreatic adenocarcinoma,17,C1701,floor
99628,110,LKQILNAAYHVEVMFHSGSSVTRMLWE,EVMFHSGSSV,0,DSTYK,pancreatic adenocarcinoma,17,A0101,floor
99628,79,LKQILNAAYHVEVMFHSGSSVTRMLWE,EVMFHSGSSV,0,DSTYK,pancreatic adenocarcinoma,17,A0201,scoreable
99628,110,LKQILNAAYHVEVMFHSGSSVTRMLWE,EVMFHSGSSV,0,DSTYK,pancreatic adenocarcinoma,17,B0801,floor
99628,110,LKQILNAAYHVEVMFHSGSSVTRMLWE,EVMFHSGSSV,0,DSTYK,pancreatic adenocarcinoma,17,B4101,floor
99628,110,LKQILNAAYHVEVMFHSGSSVTRMLWE,EVMFHSGSSV,0,DSTYK,pancreatic adenocarcinoma,17,C0701,floor
99628,110,LKQILNAAYHVEVMFHSGSSVTRMLWE,EVMFHSGSSV,0,DSTYK,pancreatic adenocarcinoma,17,C1701,floor
99628,110,LKQILNAAYHVEVMFHSGSSVTRMLWE,VMFHSGSSVT,0,DSTYK,pancreatic adenocarcinoma,17,A0101,floor
99628,79,LKQILNAAYHVEVMFHSGSSVTRMLWE,VMFHSGSSVT,0,DSTYK,pancreatic adenocarcinoma,17,A0201,scoreable
99628,110,LKQILNAAYHVEVMFHSGSSVTRMLWE,VMFHSGSSVT,0,DSTYK,pancreatic adenocarcinoma,17,B0801,floor
99628,110,LKQILNAAYHVEVMFHSGSSVTRMLWE,VMFHSGSSVT,0,DSTYK,pancreatic adenocarcinoma,17,B4101,floor
99628,110,LKQILNAAYHVEVMFHSGSSVTRMLWE,VMFHSGSSVT,0,DSTYK,pancreatic adenocarcinoma,17,C0701,floor
99628,110,LKQILNAAYHVEVMFHSGSSVTRMLWE,VMFHSGSSVT,0,DSTYK,pancreatic adenocarcinoma,17,C1701,floor
99628,110,LKQILNAAYHVEVMFHSGSSVTRMLWE,VEVMFHSGSSV,0,DSTYK,pancreatic adenocarcinoma,17,A0101,floor
99628,110,LKQILNAAYHVEVMFHSGSSVTRMLWE,VEVMFHSGSSV,0,DSTYK,pancreatic adenocarcinoma,17,A0201,floor
99628,110,LKQILNAAYHVEVMFHSGSSVTRMLWE,VEVMFHSGSSV,0,DSTYK,pancreatic adenocarcinoma,17,B0801,floor
99628,81,LKQILNAAYHVEVMFHSGSSVTRMLWE,VEVMFHSGSSV,0,DSTYK,pancreatic adenocarcinoma,17,B4101,scoreable
99628,110,LKQILNAAYHVEVMFHSGSSVTRMLWE,VEVMFHSGSSV,0,DSTYK,pancreatic adenocarcinoma,17,C0701,floor
99628,110,LKQILNAAYHVEVMFHSGSSVTRMLWE,VEVMFHSGSSV,0,DSTYK,pancreatic adenocarcinoma,17,C1701,floor
99628,110,LKQILNAAYHVEVMFHSGSSVTRMLWE,VEVMFHSGSSVT,0,DSTYK,pancreatic adenocarcinoma,17,A0101,floor
99628,110,LKQILNAAYHVEVMFHSGSSVTRMLWE,VEVMFHSGSSVT,0,DSTYK,pancreatic adenocarcinoma,17,A0201,floor
99628,110,LKQILNAAYHVEVMFHSGSSVTRMLWE,VEVMFHSGSSVT,0,DSTYK,pancreatic adenocarcinoma,17,B0801,floor
99628,81,LKQILNAAYHVEVMFHSGSSVTRMLWE,VEVMFHSGSSVT,0,DSTYK,pancreatic adenocarcinoma,17,B4101,scoreable
99628,110,LKQILNAAYHVEVMFHSGSSVTRMLWE,VEVMFHSGSSVT,0,DSTYK,pancreatic adenocarcinoma,17,C0701,floor
99628,110,LKQILNAAYHVEVMFHSGSSVTRMLWE,VEVMFHSGSSVT,0,DSTYK,pancreatic adenocarcinoma,17,C1701,floor
99628,110,LKQILNAAYHVEVMFHSGSSVTRMLWE,VMFHSGSSVTRM,0,DSTYK,pancreatic adenocarcinoma,17,A0101,floor
99628,79,LKQILNAAYHVEVMFHSGSSVTRMLWE,VMFHSGSSVTRM,0,DSTYK,pancreatic adenocarcinoma,17,A0201,scoreable
99628,110,LKQILNAAYHVEVMFHSGSSVTRMLWE,VMFHSGSSVTRM,0,DSTYK,pancreatic adenocarcinoma,17,B0801,floor
99628,110,LKQILNAAYHVEVMFHSGSSVTRMLWE,VMFHSGSSVTRM,0,DSTYK,pancreatic adenocarcinoma,17,B4101,floor
99628,110,LKQILNAAYHVEVMFHSGSSVTRMLWE,VMFHSGSSVTRM,0,DSTYK,pancreatic adenocarcinoma,17,C0701,floor
99628,110,LKQILNAAYHVEVMFHSGSSVTRMLWE,VMFHSGSSVTRM,0,DSTYK,pancreatic adenocarcinoma,17,C1701,floor
99628,78,FVGLEDCDKATRDTMLHFSFFVTIGDM,ATRDTMLHF,1,IFT140,pancreatic adenocarcinoma,17,A0101,scoreable
99628,110,FVGLEDCDKATRDTMLHFSFFVTIGDM,ATRDTMLHF,1,IFT140,pancreatic adenocarcinoma,17,A0201,floor
99628,110,FVGLEDCDKATRDTMLHFSFFVTIGDM,ATRDTMLHF,1,IFT140,pancreatic adenocarcinoma,17,B0801,floor
99628,110,FVGLEDCDKATRDTMLHFSFFVTIGDM,ATRDTMLHF,1,IFT140,pancreatic adenocarcinoma,17,B4101,floor
99628,82,FVGLEDCDKATRDTMLHFSFFVTIGDM,ATRDTMLHF,1,IFT140,pancreatic adenocarcinoma,17,C0701,scoreable
99628,110,FVGLEDCDKATRDTMLHFSFFVTIGDM,ATRDTMLHF,1,IFT140,pancreatic adenocarcinoma,17,C1701,floor
99628,78,FVGLEDCDKATRDTMLHFSFFVTIGDM,DTMLHFSFF,1,IFT140,pancreatic adenocarcinoma,17,A0101,scoreable
99628,110,FVGLEDCDKATRDTMLHFSFFVTIGDM,DTMLHFSFF,1,IFT140,pancreatic adenocarcinoma,17,A0201,floor
99628,110,FVGLEDCDKATRDTMLHFSFFVTIGDM,DTMLHFSFF,1,IFT140,pancreatic adenocarcinoma,17,B0801,floor
99628,110,FVGLEDCDKATRDTMLHFSFFVTIGDM,DTMLHFSFF,1,IFT140,pancreatic adenocarcinoma,17,B4101,floor
99628,110,FVGLEDCDKATRDTMLHFSFFVTIGDM,DTMLHFSFF,1,IFT140,pancreatic adenocarcinoma,17,C0701,floor
99628,110,FVGLEDCDKATRDTMLHFSFFVTIGDM,DTMLHFSFF,1,IFT140,pancreatic adenocarcinoma,17,C1701,floor
99628,110,FVGLEDCDKATRDTMLHFSFFVTIGDM,TMLHFSFFV,1,IFT140,pancreatic adenocarcinoma,17,A0101,floor
99628,79,FVGLEDCDKATRDTMLHFSFFVTIGDM,TMLHFSFFV,1,IFT140,pancreatic adenocarcinoma,17,A0201,scoreable
99628,110,FVGLEDCDKATRDTMLHFSFFVTIGDM,TMLHFSFFV,1,IFT140,pancreatic adenocarcinoma,17,B0801,floor
99628,110,FVGLEDCDKATRDTMLHFSFFVTIGDM,TMLHFSFFV,1,IFT140,pancreatic adenocarcinoma,17,B4101,floor
99628,110,FVGLEDCDKATRDTMLHFSFFVTIGDM,TMLHFSFFV,1,IFT140,pancreatic adenocarcinoma,17,C0701,floor
99628,110,FVGLEDCDKATRDTMLHFSFFVTIGDM,TMLHFSFFV,1,IFT140,pancreatic adenocarcinoma,17,C1701,floor
99628,110,FVGLEDCDKATRDTMLHFSFFVTIGDM,DTMLHFSFFV,1,IFT140,pancreatic adenocarcinoma,17,A0101,floor
99628,79,FVGLEDCDKATRDTMLHFSFFVTIGDM,DTMLHFSFFV,1,IFT140,pancreatic adenocarcinoma,17,A0201,scoreable
99628,110,FVGLEDCDKATRDTMLHFSFFVTIGDM,DTMLHFSFFV,1,IFT140,pancreatic adenocarcinoma,17,B0801,floor
99628,110,FVGLEDCDKATRDTMLHFSFFVTIGDM,DTMLHFSFFV,1,IFT140,pancreatic adenocarcinoma,17,B4101,floor
99628,110,FVGLEDCDKATRDTMLHFSFFVTIGDM,DTMLHFSFFV,1,IFT140,pancreatic adenocarcinoma,17,C0701,floor
99628,110,FVGLEDCDKATRDTMLHFSFFVTIGDM,DTMLHFSFFV,1,IFT140,pancreatic adenocarcinoma,17,C1701,floor
99628,110,FVGLEDCDKATRDTMLHFSFFVTIGDM,TMLHFSFFVT,1,IFT140,pancreatic adenocarcinoma,17,A0101,floor
99628,79,FVGLEDCDKATRDTMLHFSFFVTIGDM,TMLHFSFFVT,1,IFT140,pancreatic adenocarcinoma,17,A0201,scoreable
99628,110,FVGLEDCDKATRDTMLHFSFFVTIGDM,TMLHFSFFVT,1,IFT140,pancreatic adenocarcinoma,17,B0801,floor
99628,110,FVGLEDCDKATRDTMLHFSFFVTIGDM,TMLHFSFFVT,1,IFT140,pancreatic adenocarcinoma,17,B4101,floor
99628,110,FVGLEDCDKATRDTMLHFSFFVTIGDM,TMLHFSFFVT,1,IFT140,pancreatic adenocarcinoma,17,C0701,floor
99628,110,FVGLEDCDKATRDTMLHFSFFVTIGDM,TMLHFSFFVT,1,IFT140,pancreatic adenocarcinoma,17,C1701,floor
99628,110,FVGLEDCDKATRDTMLHFSFFVTIGDM,ATRDTMLHFSF,1,IFT140,pancreatic adenocarcinoma,17,A0101,floor
99628,110,FVGLEDCDKATRDTMLHFSFFVTIGDM,ATRDTMLHFSF,1,IFT140,pancreatic adenocarcinoma,17,A0201,floor
99628,110,FVGLEDCDKATRDTMLHFSFFVTIGDM,ATRDTMLHFSF,1,IFT140,pancreatic adenocarcinoma,17,B0801,floor
99628,110,FVGLEDCDKATRDTMLHFSFFVTIGDM,ATRDTMLHFSF,1,IFT140,pancreatic adenocarcinoma,17,B4101,floor
99628,82,FVGLEDCDKATRDTMLHFSFFVTIGDM,ATRDTMLHFSF,1,IFT140,pancreatic adenocarcinoma,17,C0701,scoreable
99628,110,FVGLEDCDKATRDTMLHFSFFVTIGDM,ATRDTMLHFSF,1,IFT140,pancreatic adenocarcinoma,17,C1701,floor
99628,110,FVGLEDCDKATRDTMLHFSFFVTIGDM,TMLHFSFFVTI,1,IFT140,pancreatic adenocarcinoma,17,A0101,floor
99628,79,FVGLEDCDKATRDTMLHFSFFVTIGDM,TMLHFSFFVTI,1,IFT140,pancreatic adenocarcinoma,17,A0201,scoreable
99628,110,FVGLEDCDKATRDTMLHFSFFVTIGDM,TMLHFSFFVTI,1,IFT140,pancreatic adenocarcinoma,17,B0801,floor
99628,110,FVGLEDCDKATRDTMLHFSFFVTIGDM,TMLHFSFFVTI,1,IFT140,pancreatic adenocarcinoma,17,B4101,floor
99628,110,FVGLEDCDKATRDTMLHFSFFVTIGDM,TMLHFSFFVTI,1,IFT140,pancreatic adenocarcinoma,17,C0701,floor
99628,110,FVGLEDCDKATRDTMLHFSFFVTIGDM,TMLHFSFFVTI,1,IFT140,pancreatic adenocarcinoma,17,C1701,floor
99628,110,LIFTNEGRALKTAASLAEGLSLVVSPD,RALKTAASL,1,TMEM43,pancreatic adenocarcinoma,17,A0101,floor
99628,79,LIFTNEGRALKTAASLAEGLSLVVSPD,RALKTAASL,1,TMEM43,pancreatic adenocarcinoma,17,A0201,scoreable
99628,110,LIFTNEGRALKTAASLAEGLSLVVSPD,RALKTAASL,1,TMEM43,pancreatic adenocarcinoma,17,B0801,floor
99628,110,LIFTNEGRALKTAASLAEGLSLVVSPD,RALKTAASL,1,TMEM43,pancreatic adenocarcinoma,17,B4101,floor
99628,110,LIFTNEGRALKTAASLAEGLSLVVSPD,RALKTAASL,1,TMEM43,pancreatic adenocarcinoma,17,C0701,floor
99628,110,LIFTNEGRALKTAASLAEGLSLVVSPD,RALKTAASL,1,TMEM43,pancreatic adenocarcinoma,17,C1701,floor
99628,110,LIFTNEGRALKTAASLAEGLSLVVSPD,ALKTAASLA,1,TMEM43,pancreatic adenocarcinoma,17,A0101,floor
99628,79,LIFTNEGRALKTAASLAEGLSLVVSPD,ALKTAASLA,1,TMEM43,pancreatic adenocarcinoma,17,A0201,scoreable
99628,110,LIFTNEGRALKTAASLAEGLSLVVSPD,ALKTAASLA,1,TMEM43,pancreatic adenocarcinoma,17,B0801,floor
99628,110,LIFTNEGRALKTAASLAEGLSLVVSPD,ALKTAASLA,1,TMEM43,pancreatic adenocarcinoma,17,B4101,floor
99628,110,LIFTNEGRALKTAASLAEGLSLVVSPD,ALKTAASLA,1,TMEM43,pancreatic adenocarcinoma,17,C0701,floor
99628,110,LIFTNEGRALKTAASLAEGLSLVVSPD,ALKTAASLA,1,TMEM43,pancreatic adenocarcinoma,17,C1701,floor
99628,110,LIFTNEGRALKTAASLAEGLSLVVSPD,TAASLAEGL,1,TMEM43,pancreatic adenocarcinoma,17,A0101,floor
99628,79,LIFTNEGRALKTAASLAEGLSLVVSPD,TAASLAEGL,1,TMEM43,pancreatic adenocarcinoma,17,A0201,scoreable
99628,110,LIFTNEGRALKTAASLAEGLSLVVSPD,TAASLAEGL,1,TMEM43,pancreatic adenocarcinoma,17,B0801,floor
99628,110,LIFTNEGRALKTAASLAEGLSLVVSPD,TAASLAEGL,1,TMEM43,pancreatic adenocarcinoma,17,B4101,floor
99628,110,LIFTNEGRALKTAASLAEGLSLVVSPD,TAASLAEGL,1,TMEM43,pancreatic adenocarcinoma,17,C0701,floor
99628,110,LIFTNEGRALKTAASLAEGLSLVVSPD,TAASLAEGL,1,TMEM43,pancreatic adenocarcinoma,17,C1701,floor
99628,110,LIFTNEGRALKTAASLAEGLSLVVSPD,ASLAEGLSL,1,TMEM43,pancreatic adenocarcinoma,17,A0101,floor
99628,79,LIFTNEGRALKTAASLAEGLSLVVSPD,ASLAEGLSL,1,TMEM43,pancreatic adenocarcinoma,17,A0201,scoreable
99628,110,LIFTNEGRALKTAASLAEGLSLVVSPD,ASLAEGLSL,1,TMEM43,pancreatic adenocarcinoma,17,B0801,floor
99628,110,LIFTNEGRALKTAASLAEGLSLVVSPD,ASLAEGLSL,1,TMEM43,pancreatic adenocarcinoma,17,B4101,floor
99628,110,LIFTNEGRALKTAASLAEGLSLVVSPD,ASLAEGLSL,1,TMEM43,pancreatic adenocarcinoma,17,C0701,floor
99628,110,LIFTNEGRALKTAASLAEGLSLVVSPD,ASLAEGLSL,1,TMEM43,pancreatic adenocarcinoma,17,C1701,floor
99628,110,LIFTNEGRALKTAASLAEGLSLVVSPD,NEGRALKTAA,1,TMEM43,pancreatic adenocarcinoma,17,A0101,floor
99628,110,LIFTNEGRALKTAASLAEGLSLVVSPD,NEGRALKTAA,1,TMEM43,pancreatic adenocarcinoma,17,A0201,floor
99628,110,LIFTNEGRALKTAASLAEGLSLVVSPD,NEGRALKTAA,1,TMEM43,pancreatic adenocarcinoma,17,B0801,floor
99628,81,LIFTNEGRALKTAASLAEGLSLVVSPD,NEGRALKTAA,1,TMEM43,pancreatic adenocarcinoma,17,B4101,scoreable
99628,110,LIFTNEGRALKTAASLAEGLSLVVSPD,NEGRALKTAA,1,TMEM43,pancreatic adenocarcinoma,17,C0701,floor
99628,110,LIFTNEGRALKTAASLAEGLSLVVSPD,NEGRALKTAA,1,TMEM43,pancreatic adenocarcinoma,17,C1701,floor
99628,110,LIFTNEGRALKTAASLAEGLSLVVSPD,KTAASLAEGL,1,TMEM43,pancreatic adenocarcinoma,17,A0101,floor
99628,79,LIFTNEGRALKTAASLAEGLSLVVSPD,KTAASLAEGL,1,TMEM43,pancreatic adenocarcinoma,17,A0201,scoreable
99628,110,LIFTNEGRALKTAASLAEGLSLVVSPD,KTAASLAEGL,1,TMEM43,pancreatic adenocarcinoma,17,B0801,floor
99628,110,LIFTNEGRALKTAASLAEGLSLVVSPD,KTAASLAEGL,1,TMEM43,pancreatic adenocarcinoma,17,B4101,floor
99628,110,LIFTNEGRALKTAASLAEGLSLVVSPD,KTAASLAEGL,1,TMEM43,pancreatic adenocarcinoma,17,C0701,floor
99628,110,LIFTNEGRALKTAASLAEGLSLVVSPD,KTAASLAEGL,1,TMEM43,pancreatic adenocarcinoma,17,C1701,floor
99628,110,LIFTNEGRALKTAASLAEGLSLVVSPD,ASLAEGLSLV,1,TMEM43,pancreatic adenocarcinoma,17,A0101,floor
99628,79,LIFTNEGRALKTAASLAEGLSLVVSPD,ASLAEGLSLV,1,TMEM43,pancreatic adenocarcinoma,17,A0201,scoreable
99628,110,LIFTNEGRALKTAASLAEGLSLVVSPD,ASLAEGLSLV,1,TMEM43,pancreatic adenocarcinoma,17,B0801,floor
99628,110,LIFTNEGRALKTAASLAEGLSLVVSPD,ASLAEGLSLV,1,TMEM43,pancreatic adenocarcinoma,17,B4101,floor
99628,110,LIFTNEGRALKTAASLAEGLSLVVSPD,ASLAEGLSLV,1,TMEM43,pancreatic adenocarcinoma,17,C0701,floor
99628,110,LIFTNEGRALKTAASLAEGLSLVVSPD,ASLAEGLSLV,1,TMEM43,pancreatic adenocarcinoma,17,C1701,floor
99628,110,LIFTNEGRALKTAASLAEGLSLVVSPD,EGRALKTAASL,1,TMEM43,pancreatic adenocarcinoma,17,A0101,floor
99628,110,LIFTNEGRALKTAASLAEGLSLVVSPD,EGRALKTAASL,1,TMEM43,pancreatic adenocarcinoma,17,A0201,floor
99628,80,LIFTNEGRALKTAASLAEGLSLVVSPD,EGRALKTAASL,1,TMEM43,pancreatic adenocarcinoma,17,B0801,scoreable
99628,110,LIFTNEGRALKTAASLAEGLSLVVSPD,EGRALKTAASL,1,TMEM43,pancreatic adenocarcinoma,17,B4101,floor
99628,110,LIFTNEGRALKTAASLAEGLSLVVSPD,EGRALKTAASL,1,TMEM43,pancreatic adenocarcinoma,17,C0701,floor
99628,110,LIFTNEGRALKTAASLAEGLSLVVSPD,EGRALKTAASL,1,TMEM43,pancreatic adenocarcinoma,17,C1701,floor
99628,78,PYEPPEVGSDCTTFHYNYMCNSSCMGG,GSDCTTFHY,0,TP53,pancreatic adenocarcinoma,17,A0101,scoreable
99628,110,PYEPPEVGSDCTTFHYNYMCNSSCMGG,GSDCTTFHY,0,TP53,pancreatic adenocarcinoma,17,A0201,floor
99628,110,PYEPPEVGSDCTTFHYNYMCNSSCMGG,GSDCTTFHY,0,TP53,pancreatic adenocarcinoma,17,B0801,floor
99628,110,PYEPPEVGSDCTTFHYNYMCNSSCMGG,GSDCTTFHY,0,TP53,pancreatic adenocarcinoma,17,B4101,floor
99628,110,PYEPPEVGSDCTTFHYNYMCNSSCMGG,GSDCTTFHY,0,TP53,pancreatic adenocarcinoma,17,C0701,floor
99628,110,PYEPPEVGSDCTTFHYNYMCNSSCMGG,GSDCTTFHY,0,TP53,pancreatic adenocarcinoma,17,C1701,floor
99628,78,PYEPPEVGSDCTTFHYNYMCNSSCMGG,DCTTFHYNY,0,TP53,pancreatic adenocarcinoma,17,A0101,scoreable
99628,110,PYEPPEVGSDCTTFHYNYMCNSSCMGG,DCTTFHYNY,0,TP53,pancreatic adenocarcinoma,17,A0201,floor
99628,110,PYEPPEVGSDCTTFHYNYMCNSSCMGG,DCTTFHYNY,0,TP53,pancreatic adenocarcinoma,17,B0801,floor
99628,110,PYEPPEVGSDCTTFHYNYMCNSSCMGG,DCTTFHYNY,0,TP53,pancreatic adenocarcinoma,17,B4101,floor
99628,110,PYEPPEVGSDCTTFHYNYMCNSSCMGG,DCTTFHYNY,0,TP53,pancreatic adenocarcinoma,17,C0701,floor
99628,110,PYEPPEVGSDCTTFHYNYMCNSSCMGG,DCTTFHYNY,0,TP53,pancreatic adenocarcinoma,17,C1701,floor
99628,78,PYEPPEVGSDCTTFHYNYMCNSSCMGG,CTTFHYNYM,0,TP53,pancreatic adenocarcinoma,17,A0101,scoreable
99628,110,PYEPPEVGSDCTTFHYNYMCNSSCMGG,CTTFHYNYM,0,TP53,pancreatic adenocarcinoma,17,A0201,floor
99628,110,PYEPPEVGSDCTTFHYNYMCNSSCMGG,CTTFHYNYM,0,TP53,pancreatic adenocarcinoma,17,B0801,floor
99628,110,PYEPPEVGSDCTTFHYNYMCNSSCMGG,CTTFHYNYM,0,TP53,pancreatic adenocarcinoma,17,B4101,floor
99628,110,PYEPPEVGSDCTTFHYNYMCNSSCMGG,CTTFHYNYM,0,TP53,pancreatic adenocarcinoma,17,C0701,floor
99628,110,PYEPPEVGSDCTTFHYNYMCNSSCMGG,CTTFHYNYM,0,TP53,pancreatic adenocarcinoma,17,C1701,floor
99628,78,PYEPPEVGSDCTTFHYNYMCNSSCMGG,VGSDCTTFHY,0,TP53,pancreatic adenocarcinoma,17,A0101,scoreable
99628,110,PYEPPEVGSDCTTFHYNYMCNSSCMGG,VGSDCTTFHY,0,TP53,pancreatic adenocarcinoma,17,A0201,floor
99628,110,PYEPPEVGSDCTTFHYNYMCNSSCMGG,VGSDCTTFHY,0,TP53,pancreatic adenocarcinoma,17,B0801,floor
99628,110,PYEPPEVGSDCTTFHYNYMCNSSCMGG,VGSDCTTFHY,0,TP53,pancreatic adenocarcinoma,17,B4101,floor
99628,110,PYEPPEVGSDCTTFHYNYMCNSSCMGG,VGSDCTTFHY,0,TP53,pancreatic adenocarcinoma,17,C0701,floor
99628,110,PYEPPEVGSDCTTFHYNYMCNSSCMGG,VGSDCTTFHY,0,TP53,pancreatic adenocarcinoma,17,C1701,floor
99628,78,PYEPPEVGSDCTTFHYNYMCNSSCMGG,SDCTTFHYNY,0,TP53,pancreatic adenocarcinoma,17,A0101,scoreable
99628,110,PYEPPEVGSDCTTFHYNYMCNSSCMGG,SDCTTFHYNY,0,TP53,pancreatic adenocarcinoma,17,A0201,floor
99628,110,PYEPPEVGSDCTTFHYNYMCNSSCMGG,SDCTTFHYNY,0,TP53,pancreatic adenocarcinoma,17,B0801,floor
99628,110,PYEPPEVGSDCTTFHYNYMCNSSCMGG,SDCTTFHYNY,0,TP53,pancreatic adenocarcinoma,17,B4101,floor
99628,110,PYEPPEVGSDCTTFHYNYMCNSSCMGG,SDCTTFHYNY,0,TP53,pancreatic adenocarcinoma,17,C0701,floor
99628,110,PYEPPEVGSDCTTFHYNYMCNSSCMGG,SDCTTFHYNY,0,TP53,pancreatic adenocarcinoma,17,C1701,floor
99628,78,PYEPPEVGSDCTTFHYNYMCNSSCMGG,EVGSDCTTFHY,0,TP53,pancreatic adenocarcinoma,17,A0101,scoreable
99628,110,PYEPPEVGSDCTTFHYNYMCNSSCMGG,EVGSDCTTFHY,0,TP53,pancreatic adenocarcinoma,17,A0201,floor
99628,110,PYEPPEVGSDCTTFHYNYMCNSSCMGG,EVGSDCTTFHY,0,TP53,pancreatic adenocarcinoma,17,B0801,floor
99628,110,PYEPPEVGSDCTTFHYNYMCNSSCMGG,EVGSDCTTFHY,0,TP53,pancreatic adenocarcinoma,17,B4101,floor
99628,110,PYEPPEVGSDCTTFHYNYMCNSSCMGG,EVGSDCTTFHY,0,TP53,pancreatic adenocarcinoma,17,C0701,floor
99628,110,PYEPPEVGSDCTTFHYNYMCNSSCMGG,EVGSDCTTFHY,0,TP53,pancreatic adenocarcinoma,17,C1701,floor
99628,78,PYEPPEVGSDCTTFHYNYMCNSSCMGG,GSDCTTFHYNY,0,TP53,pancreatic adenocarcinoma,17,A0101,scoreable
99628,110,PYEPPEVGSDCTTFHYNYMCNSSCMGG,GSDCTTFHYNY,0,TP53,pancreatic adenocarcinoma,17,A0201,floor
99628,110,PYEPPEVGSDCTTFHYNYMCNSSCMGG,GSDCTTFHYNY,0,TP53,pancreatic adenocarcinoma,17,B0801,floor
99628,110,PYEPPEVGSDCTTFHYNYMCNSSCMGG,GSDCTTFHYNY,0,TP53,pancreatic adenocarcinoma,17,B4101,floor
99628,110,PYEPPEVGSDCTTFHYNYMCNSSCMGG,GSDCTTFHYNY,0,TP53,pancreatic adenocarcinoma,17,C0701,floor
99628,110,PYEPPEVGSDCTTFHYNYMCNSSCMGG,GSDCTTFHYNY,0,TP53,pancreatic adenocarcinoma,17,C1701,floor
99628,110,PYEPPEVGSDCTTFHYNYMCNSSCMGG,EPPEVGSDCTTF,0,TP53,pancreatic adenocarcinoma,17,A0101,floor
99628,110,PYEPPEVGSDCTTFHYNYMCNSSCMGG,EPPEVGSDCTTF,0,TP53,pancreatic adenocarcinoma,17,A0201,floor
99628,80,PYEPPEVGSDCTTFHYNYMCNSSCMGG,EPPEVGSDCTTF,0,TP53,pancreatic adenocarcinoma,17,B0801,scoreable
99628,110,PYEPPEVGSDCTTFHYNYMCNSSCMGG,EPPEVGSDCTTF,0,TP53,pancreatic adenocarcinoma,17,B4101,floor
99628,110,PYEPPEVGSDCTTFHYNYMCNSSCMGG,EPPEVGSDCTTF,0,TP53,pancreatic adenocarcinoma,17,C0701,floor
99628,110,PYEPPEVGSDCTTFHYNYMCNSSCMGG,EPPEVGSDCTTF,0,TP53,pancreatic adenocarcinoma,17,C1701,floor
99628,78,PYEPPEVGSDCTTFHYNYMCNSSCMGG,PEVGSDCTTFHY,0,TP53,pancreatic adenocarcinoma,17,A0101,scoreable
99628,110,PYEPPEVGSDCTTFHYNYMCNSSCMGG,PEVGSDCTTFHY,0,TP53,pancreatic adenocarcinoma,17,A0201,floor
99628,110,PYEPPEVGSDCTTFHYNYMCNSSCMGG,PEVGSDCTTFHY,0,TP53,pancreatic adenocarcinoma,17,B0801,floor
99628,110,PYEPPEVGSDCTTFHYNYMCNSSCMGG,PEVGSDCTTFHY,0,TP53,pancreatic adenocarcinoma,17,B4101,floor
99628,110,PYEPPEVGSDCTTFHYNYMCNSSCMGG,PEVGSDCTTFHY,0,TP53,pancreatic adenocarcinoma,17,C0701,floor
99628,110,PYEPPEVGSDCTTFHYNYMCNSSCMGG,PEVGSDCTTFHY,0,TP53,pancreatic adenocarcinoma,17,C1701,floor
99628,78,PYEPPEVGSDCTTFHYNYMCNSSCMGG,VGSDCTTFHYNY,0,TP53,pancreatic adenocarcinoma,17,A0101,scoreable
99628,110,PYEPPEVGSDCTTFHYNYMCNSSCMGG,VGSDCTTFHYNY,0,TP53,pancreatic adenocarcinoma,17,A0201,floor
99628,110,PYEPPEVGSDCTTFHYNYMCNSSCMGG,VGSDCTTFHYNY,0,TP53,pancreatic adenocarcinoma,17,B0801,floor
99628,110,PYEPPEVGSDCTTFHYNYMCNSSCMGG,VGSDCTTFHYNY,0,TP53,pancreatic adenocarcinoma,17,B4101,floor
99628,110,PYEPPEVGSDCTTFHYNYMCNSSCMGG,VGSDCTTFHYNY,0,TP53,pancreatic adenocarcinoma,17,C0701,floor
99628,110,PYEPPEVGSDCTTFHYNYMCNSSCMGG,VGSDCTTFHYNY,0,TP53,pancreatic adenocarcinoma,17,C1701,floor
99628,78,PYEPPEVGSDCTTFHYNYMCNSSCMGG,GSDCTTFHYNYM,0,TP53,pancreatic adenocarcinoma,17,A0101,scoreable
99628,110,PYEPPEVGSDCTTFHYNYMCNSSCMGG,GSDCTTFHYNYM,0,TP53,pancreatic adenocarcinoma,17,A0201,floor
99628,110,PYEPPEVGSDCTTFHYNYMCNSSCMGG,GSDCTTFHYNYM,0,TP53,pancreatic adenocarcinoma,17,B0801,floor
99628,110,PYEPPEVGSDCTTFHYNYMCNSSCMGG,GSDCTTFHYNYM,0,TP53,pancreatic adenocarcinoma,17,B4101,floor
99628,110,PYEPPEVGSDCTTFHYNYMCNSSCMGG,GSDCTTFHYNYM,0,TP53,pancreatic adenocarcinoma,17,C0701,floor
99628,110,PYEPPEVGSDCTTFHYNYMCNSSCMGG,GSDCTTFHYNYM,0,TP53,pancreatic adenocarcinoma,17,C1701,floor
99429,105,IYKQSQHMTEVVRHCPHHERCSDSDGL,HMTEVVRHC,0,TP53,pancreatic adenocarcinoma,12,A0101,floor
99429,49,IYKQSQHMTEVVRHCPHHERCSDSDGL,HMTEVVRHC,0,TP53,pancreatic adenocarcinoma,12,A0201,scoreable
99429,105,IYKQSQHMTEVVRHCPHHERCSDSDGL,HMTEVVRHC,0,TP53,pancreatic adenocarcinoma,12,B5101,floor
99429,105,IYKQSQHMTEVVRHCPHHERCSDSDGL,HMTEVVRHC,0,TP53,pancreatic adenocarcinoma,12,B5701,floor
99429,105,IYKQSQHMTEVVRHCPHHERCSDSDGL,HMTEVVRHC,0,TP53,pancreatic adenocarcinoma,12,C0602,floor
99429,53,IYKQSQHMTEVVRHCPHHERCSDSDGL,HMTEVVRHC,0,TP53,pancreatic adenocarcinoma,12,C1502,scoreable
99429,105,IYKQSQHMTEVVRHCPHHERCSDSDGL,VVRHCPHHER,0,TP53,pancreatic adenocarcinoma,12,A0101,floor
99429,105,IYKQSQHMTEVVRHCPHHERCSDSDGL,VVRHCPHHER,0,TP53,pancreatic adenocarcinoma,12,A0201,floor
99429,105,IYKQSQHMTEVVRHCPHHERCSDSDGL,VVRHCPHHER,0,TP53,pancreatic adenocarcinoma,12,B5101,floor
99429,105,IYKQSQHMTEVVRHCPHHERCSDSDGL,VVRHCPHHER,0,TP53,pancreatic adenocarcinoma,12,B5701,floor
99429,52,IYKQSQHMTEVVRHCPHHERCSDSDGL,VVRHCPHHER,0,TP53,pancreatic adenocarcinoma,12,C0602,scoreable
99429,105,IYKQSQHMTEVVRHCPHHERCSDSDGL,VVRHCPHHER,0,TP53,pancreatic adenocarcinoma,12,C1502,floor
99429,48,IYKQSQHMTEVVRHCPHHERCSDSDGL,MTEVVRHCPHH,0,TP53,pancreatic adenocarcinoma,12,A0101,scoreable
99429,105,IYKQSQHMTEVVRHCPHHERCSDSDGL,MTEVVRHCPHH,0,TP53,pancreatic adenocarcinoma,12,A0201,floor
99429,105,IYKQSQHMTEVVRHCPHHERCSDSDGL,MTEVVRHCPHH,0,TP53,pancreatic adenocarcinoma,12,B5101,floor
99429,105,IYKQSQHMTEVVRHCPHHERCSDSDGL,MTEVVRHCPHH,0,TP53,pancreatic adenocarcinoma,12,B5701,floor
99429,105,IYKQSQHMTEVVRHCPHHERCSDSDGL,MTEVVRHCPHH,0,TP53,pancreatic adenocarcinoma,12,C0602,floor
99429,105,IYKQSQHMTEVVRHCPHHERCSDSDGL,MTEVVRHCPHH,0,TP53,pancreatic adenocarcinoma,12,C1502,floor
99429,105,EEPESTEEEAKGSVQDIDHLDFKIGVE,EAKGSVQDI,0,RASGRF1,pancreatic adenocarcinoma,12,A0101,floor
99429,105,EEPESTEEEAKGSVQDIDHLDFKIGVE,EAKGSVQDI,0,RASGRF1,pancreatic adenocarcinoma,12,A0201,floor
99429,50,EEPESTEEEAKGSVQDIDHLDFKIGVE,EAKGSVQDI,0,RASGRF1,pancreatic adenocarcinoma,12,B5101,scoreable
99429,105,EEPESTEEEAKGSVQDIDHLDFKIGVE,EAKGSVQDI,0,RASGRF1,pancreatic adenocarcinoma,12,B5701,floor
99429,105,EEPESTEEEAKGSVQDIDHLDFKIGVE,EAKGSVQDI,0,RASGRF1,pancreatic adenocarcinoma,12,C0602,floor
99429,105,EEPESTEEEAKGSVQDIDHLDFKIGVE,EAKGSVQDI,0,RASGRF1,pancreatic adenocarcinoma,12,C1502,floor
99429,105,EEPESTEEEAKGSVQDIDHLDFKIGVE,GSVQDIDHL,0,RASGRF1,pancreatic adenocarcinoma,12,A0101,floor
99429,49,EEPESTEEEAKGSVQDIDHLDFKIGVE,GSVQDIDHL,0,RASGRF1,pancreatic adenocarcinoma,12,A0201,scoreable
99429,105,EEPESTEEEAKGSVQDIDHLDFKIGVE,GSVQDIDHL,0,RASGRF1,pancreatic adenocarcinoma,12,B5101,floor
99429,51,EEPESTEEEAKGSVQDIDHLDFKIGVE,GSVQDIDHL,0,RASGRF1,pancreatic adenocarcinoma,12,B5701,scoreable
99429,105,EEPESTEEEAKGSVQDIDHLDFKIGVE,GSVQDIDHL,0,RASGRF1,pancreatic adenocarcinoma,12,C0602,floor
99429,105,EEPESTEEEAKGSVQDIDHLDFKIGVE,GSVQDIDHL,0,RASGRF1,pancreatic adenocarcinoma,12,C1502,floor
99429,48,EEPESTEEEAKGSVQDIDHLDFKIGVE,VQDIDHLDF,0,RASGRF1,pancreatic adenocarcinoma,12,A0101,scoreable
99429,105,EEPESTEEEAKGSVQDIDHLDFKIGVE,VQDIDHLDF,0,RASGRF1,pancreatic adenocarcinoma,12,A0201,floor
99429,105,EEPESTEEEAKGSVQDIDHLDFKIGVE,VQDIDHLDF,0,RASGRF1,pancreatic adenocarcinoma,12,B5101,floor
99429,51,EEPESTEEEAKGSVQDIDHLDFKIGVE,VQDIDHLDF,0,RASGRF1,pancreatic adenocarcinoma,12,B5701,scoreable
99429,105,EEPESTEEEAKGSVQDIDHLDFKIGVE,VQDIDHLDF,0,RASGRF1,pancreatic adenocarcinoma,12,C0602,floor
99429,105,EEPESTEEEAKGSVQDIDHLDFKIGVE,VQDIDHLDF,0,RASGRF1,pancreatic adenocarcinoma,12,C1502,floor
99429,48,EEPESTEEEAKGSVQDIDHLDFKIGVE,SVQDIDHLDF,0,RASGRF1,pancreatic adenocarcinoma,12,A0101,scoreable
99429,49,EEPESTEEEAKGSVQDIDHLDFKIGVE,SVQDIDHLDF,0,RASGRF1,pancreatic adenocarcinoma,12,A0201,scoreable
99429,105,EEPESTEEEAKGSVQDIDHLDFKIGVE,SVQDIDHLDF,0,RASGRF1,pancreatic adenocarcinoma,12,B5101,floor
99429,51,EEPESTEEEAKGSVQDIDHLDFKIGVE,SVQDIDHLDF,0,RASGRF1,pancreatic adenocarcinoma,12,B5701,scoreable
99429,105,EEPESTEEEAKGSVQDIDHLDFKIGVE,SVQDIDHLDF,0,RASGRF1,pancreatic adenocarcinoma,12,C0602,floor
99429,53,EEPESTEEEAKGSVQDIDHLDFKIGVE,SVQDIDHLDF,0,RASGRF1,pancreatic adenocarcinoma,12,C1502,scoreable
99429,48,EEPESTEEEAKGSVQDIDHLDFKIGVE,VQDIDHLDFK,0,RASGRF1,pancreatic adenocarcinoma,12,A0101,scoreable
99429,105,EEPESTEEEAKGSVQDIDHLDFKIGVE,VQDIDHLDFK,0,RASGRF1,pancreatic adenocarcinoma,12,A0201,floor
99429,105,EEPESTEEEAKGSVQDIDHLDFKIGVE,VQDIDHLDFK,0,RASGRF1,pancreatic adenocarcinoma,12,B5101,floor
99429,105,EEPESTEEEAKGSVQDIDHLDFKIGVE,VQDIDHLDFK,0,RASGRF1,pancreatic adenocarcinoma,12,B5701,floor
99429,105,EEPESTEEEAKGSVQDIDHLDFKIGVE,VQDIDHLDFK,0,RASGRF1,pancreatic adenocarcinoma,12,C0602,floor
99429,105,EEPESTEEEAKGSVQDIDHLDFKIGVE,VQDIDHLDFK,0,RASGRF1,pancreatic adenocarcinoma,12,C1502,floor
99429,105,EEPESTEEEAKGSVQDIDHLDFKIGVE,GSVQDIDHLDF,0,RASGRF1,pancreatic adenocarcinoma,12,A0101,floor
99429,105,EEPESTEEEAKGSVQDIDHLDFKIGVE,GSVQDIDHLDF,0,RASGRF1,pancreatic adenocarcinoma,12,A0201,floor
99429,105,EEPESTEEEAKGSVQDIDHLDFKIGVE,GSVQDIDHLDF,0,RASGRF1,pancreatic adenocarcinoma,12,B5101,floor
99429,51,EEPESTEEEAKGSVQDIDHLDFKIGVE,GSVQDIDHLDF,0,RASGRF1,pancreatic adenocarcinoma,12,B5701,scoreable
99429,105,EEPESTEEEAKGSVQDIDHLDFKIGVE,GSVQDIDHLDF,0,RASGRF1,pancreatic adenocarcinoma,12,C0602,floor
99429,105,EEPESTEEEAKGSVQDIDHLDFKIGVE,GSVQDIDHLDF,0,RASGRF1,pancreatic adenocarcinoma,12,C1502,floor
99429,48,EEPESTEEEAKGSVQDIDHLDFKIGVE,SVQDIDHLDFK,0,RASGRF1,pancreatic adenocarcinoma,12,A0101,scoreable
99429,105,EEPESTEEEAKGSVQDIDHLDFKIGVE,SVQDIDHLDFK,0,RASGRF1,pancreatic adenocarcinoma,12,A0201,floor
99429,105,EEPESTEEEAKGSVQDIDHLDFKIGVE,SVQDIDHLDFK,0,RASGRF1,pancreatic adenocarcinoma,12,B5101,floor
99429,105,EEPESTEEEAKGSVQDIDHLDFKIGVE,SVQDIDHLDFK,0,RASGRF1,pancreatic adenocarcinoma,12,B5701,floor
99429,52,EEPESTEEEAKGSVQDIDHLDFKIGVE,SVQDIDHLDFK,0,RASGRF1,pancreatic adenocarcinoma,12,C0602,scoreable
99429,105,EEPESTEEEAKGSVQDIDHLDFKIGVE,SVQDIDHLDFK,0,RASGRF1,pancreatic adenocarcinoma,12,C1502,floor
99429,105,EEPESTEEEAKGSVQDIDHLDFKIGVE,KGSVQDIDHLDF,0,RASGRF1,pancreatic adenocarcinoma,12,A0101,floor
99429,105,EEPESTEEEAKGSVQDIDHLDFKIGVE,KGSVQDIDHLDF,0,RASGRF1,pancreatic adenocarcinoma,12,A0201,floor
99429,105,EEPESTEEEAKGSVQDIDHLDFKIGVE,KGSVQDIDHLDF,0,RASGRF1,pancreatic adenocarcinoma,12,B5101,floor
99429,51,EEPESTEEEAKGSVQDIDHLDFKIGVE,KGSVQDIDHLDF,0,RASGRF1,pancreatic adenocarcinoma,12,B5701,scoreable
99429,105,EEPESTEEEAKGSVQDIDHLDFKIGVE,KGSVQDIDHLDF,0,RASGRF1,pancreatic adenocarcinoma,12,C0602,floor
99429,105,EEPESTEEEAKGSVQDIDHLDFKIGVE,KGSVQDIDHLDF,0,RASGRF1,pancreatic adenocarcinoma,12,C1502,floor
99429,48,EEPESTEEEAKGSVQDIDHLDFKIGVE,GSVQDIDHLDFK,0,RASGRF1,pancreatic adenocarcinoma,12,A0101,scoreable
99429,105,EEPESTEEEAKGSVQDIDHLDFKIGVE,GSVQDIDHLDFK,0,RASGRF1,pancreatic adenocarcinoma,12,A0201,floor
99429,105,EEPESTEEEAKGSVQDIDHLDFKIGVE,GSVQDIDHLDFK,0,RASGRF1,pancreatic adenocarcinoma,12,B5101,floor
99429,105,EEPESTEEEAKGSVQDIDHLDFKIGVE,GSVQDIDHLDFK,0,RASGRF1,pancreatic adenocarcinoma,12,B5701,floor
99429,105,EEPESTEEEAKGSVQDIDHLDFKIGVE,GSVQDIDHLDFK,0,RASGRF1,pancreatic adenocarcinoma,12,C0602,floor
99429,105,EEPESTEEEAKGSVQDIDHLDFKIGVE,GSVQDIDHLDFK,0,RASGRF1,pancreatic adenocarcinoma,12,C1502,floor
99429,105,EEPESTEEEAKGSVQDIDHLDFKIGVE,SVQDIDHLDFKI,0,RASGRF1,pancreatic adenocarcinoma,12,A0101,floor
99429,49,EEPESTEEEAKGSVQDIDHLDFKIGVE,SVQDIDHLDFKI,0,RASGRF1,pancreatic adenocarcinoma,12,A0201,scoreable
99429,105,EEPESTEEEAKGSVQDIDHLDFKIGVE,SVQDIDHLDFKI,0,RASGRF1,pancreatic adenocarcinoma,12,B5101,floor
99429,105,EEPESTEEEAKGSVQDIDHLDFKIGVE,SVQDIDHLDFKI,0,RASGRF1,pancreatic adenocarcinoma,12,B5701,floor
99429,105,EEPESTEEEAKGSVQDIDHLDFKIGVE,SVQDIDHLDFKI,0,RASGRF1,pancreatic adenocarcinoma,12,C0602,floor
99429,53,EEPESTEEEAKGSVQDIDHLDFKIGVE,SVQDIDHLDFKI,0,RASGRF1,pancreatic adenocarcinoma,12,C1502,scoreable
99429,105,EGQFKDIITKVANIELCYRALQFYLDY,DIITKVANI,0,CLTCL1,pancreatic adenocarcinoma,12,A0101,floor
99429,49,EGQFKDIITKVANIELCYRALQFYLDY,DIITKVANI,0,CLTCL1,pancreatic adenocarcinoma,12,A0201,scoreable
99429,105,EGQFKDIITKVANIELCYRALQFYLDY,DIITKVANI,0,CLTCL1,pancreatic adenocarcinoma,12,B5101,floor
99429,105,EGQFKDIITKVANIELCYRALQFYLDY,DIITKVANI,0,CLTCL1,pancreatic adenocarcinoma,12,B5701,floor
99429,105,EGQFKDIITKVANIELCYRALQFYLDY,DIITKVANI,0,CLTCL1,pancreatic adenocarcinoma,12,C0602,floor
99429,105,EGQFKDIITKVANIELCYRALQFYLDY,DIITKVANI,0,CLTCL1,pancreatic adenocarcinoma,12,C1502,floor
99429,105,EGQFKDIITKVANIELCYRALQFYLDY,ITKVANIEL,0,CLTCL1,pancreatic adenocarcinoma,12,A0101,floor
99429,105,EGQFKDIITKVANIELCYRALQFYLDY,ITKVANIEL,0,CLTCL1,pancreatic adenocarcinoma,12,A0201,floor
99429,50,EGQFKDIITKVANIELCYRALQFYLDY,ITKVANIEL,0,CLTCL1,pancreatic adenocarcinoma,12,B5101,scoreable
99429,51,EGQFKDIITKVANIELCYRALQFYLDY,ITKVANIEL,0,CLTCL1,pancreatic adenocarcinoma,12,B5701,scoreable
99429,52,EGQFKDIITKVANIELCYRALQFYLDY,ITKVANIEL,0,CLTCL1,pancreatic adenocarcinoma,12,C0602,scoreable
99429,53,EGQFKDIITKVANIELCYRALQFYLDY,ITKVANIEL,0,CLTCL1,pancreatic adenocarcinoma,12,C1502,scoreable
99429,48,EGQFKDIITKVANIELCYRALQFYLDY,KVANIELCY,0,CLTCL1,pancreatic adenocarcinoma,12,A0101,scoreable
99429,105,EGQFKDIITKVANIELCYRALQFYLDY,KVANIELCY,0,CLTCL1,pancreatic adenocarcinoma,12,A0201,floor
99429,105,EGQFKDIITKVANIELCYRALQFYLDY,KVANIELCY,0,CLTCL1,pancreatic adenocarcinoma,12,B5101,floor
99429,51,EGQFKDIITKVANIELCYRALQFYLDY,KVANIELCY,0,CLTCL1,pancreatic adenocarcinoma,12,B5701,scoreable
99429,52,EGQFKDIITKVANIELCYRALQFYLDY,KVANIELCY,0,CLTCL1,pancreatic adenocarcinoma,12,C0602,scoreable
99429,53,EGQFKDIITKVANIELCYRALQFYLDY,KVANIELCY,0,CLTCL1,pancreatic adenocarcinoma,12,C1502,scoreable
99429,105,EGQFKDIITKVANIELCYRALQFYLDY,VANIELCYR,0,CLTCL1,pancreatic adenocarcinoma,12,A0101,floor
99429,105,EGQFKDIITKVANIELCYRALQFYLDY,VANIELCYR,0,CLTCL1,pancreatic adenocarcinoma,12,A0201,floor
99429,105,EGQFKDIITKVANIELCYRALQFYLDY,VANIELCYR,0,CLTCL1,pancreatic adenocarcinoma,12,B5101,floor
99429,105,EGQFKDIITKVANIELCYRALQFYLDY,VANIELCYR,0,CLTCL1,pancreatic adenocarcinoma,12,B5701,floor
99429,52,EGQFKDIITKVANIELCYRALQFYLDY,VANIELCYR,0,CLTCL1,pancreatic adenocarcinoma,12,C0602,scoreable
99429,105,EGQFKDIITKVANIELCYRALQFYLDY,VANIELCYR,0,CLTCL1,pancreatic adenocarcinoma,12,C1502,floor
99429,105,EGQFKDIITKVANIELCYRALQFYLDY,ANIELCYRA,0,CLTCL1,pancreatic adenocarcinoma,12,A0101,floor
99429,49,EGQFKDIITKVANIELCYRALQFYLDY,ANIELCYRA,0,CLTCL1,pancreatic adenocarcinoma,12,A0201,scoreable
99429,105,EGQFKDIITKVANIELCYRALQFYLDY,ANIELCYRA,0,CLTCL1,pancreatic adenocarcinoma,12,B5101,floor
99429,105,EGQFKDIITKVANIELCYRALQFYLDY,ANIELCYRA,0,CLTCL1,pancreatic adenocarcinoma,12,B5701,floor
99429,105,EGQFKDIITKVANIELCYRALQFYLDY,ANIELCYRA,0,CLTCL1,pancreatic adenocarcinoma,12,C0602,floor
99429,105,EGQFKDIITKVANIELCYRALQFYLDY,ANIELCYRA,0,CLTCL1,pancreatic adenocarcinoma,12,C1502,floor
99429,105,EGQFKDIITKVANIELCYRALQFYLDY,IITKVANIEL,0,CLTCL1,pancreatic adenocarcinoma,12,A0101,floor
99429,49,EGQFKDIITKVANIELCYRALQFYLDY,IITKVANIEL,0,CLTCL1,pancreatic adenocarcinoma,12,A0201,scoreable
99429,105,EGQFKDIITKVANIELCYRALQFYLDY,IITKVANIEL,0,CLTCL1,pancreatic adenocarcinoma,12,B5101,floor
99429,105,EGQFKDIITKVANIELCYRALQFYLDY,IITKVANIEL,0,CLTCL1,pancreatic adenocarcinoma,12,B5701,floor
99429,52,EGQFKDIITKVANIELCYRALQFYLDY,IITKVANIEL,0,CLTCL1,pancreatic adenocarcinoma,12,C0602,scoreable
99429,53,EGQFKDIITKVANIELCYRALQFYLDY,IITKVANIEL,0,CLTCL1,pancreatic adenocarcinoma,12,C1502,scoreable
99429,105,EGQFKDIITKVANIELCYRALQFYLDY,KVANIELCYR,0,CLTCL1,pancreatic adenocarcinoma,12,A0101,floor
99429,105,EGQFKDIITKVANIELCYRALQFYLDY,KVANIELCYR,0,CLTCL1,pancreatic adenocarcinoma,12,A0201,floor
99429,105,EGQFKDIITKVANIELCYRALQFYLDY,KVANIELCYR,0,CLTCL1,pancreatic adenocarcinoma,12,B5101,floor
99429,105,EGQFKDIITKVANIELCYRALQFYLDY,KVANIELCYR,0,CLTCL1,pancreatic adenocarcinoma,12,B5701,floor
99429,52,EGQFKDIITKVANIELCYRALQFYLDY,KVANIELCYR,0,CLTCL1,pancreatic adenocarcinoma,12,C0602,scoreable
99429,105,EGQFKDIITKVANIELCYRALQFYLDY,KVANIELCYR,0,CLTCL1,pancreatic adenocarcinoma,12,C1502,floor
99429,48,EGQFKDIITKVANIELCYRALQFYLDY,ITKVANIELCY,0,CLTCL1,pancreatic adenocarcinoma,12,A0101,scoreable
99429,105,EGQFKDIITKVANIELCYRALQFYLDY,ITKVANIELCY,0,CLTCL1,pancreatic adenocarcinoma,12,A0201,floor
99429,105,EGQFKDIITKVANIELCYRALQFYLDY,ITKVANIELCY,0,CLTCL1,pancreatic adenocarcinoma,12,B5101,floor
99429,51,EGQFKDIITKVANIELCYRALQFYLDY,ITKVANIELCY,0,CLTCL1,pancreatic adenocarcinoma,12,B5701,scoreable
99429,105,EGQFKDIITKVANIELCYRALQFYLDY,ITKVANIELCY,0,CLTCL1,pancreatic adenocarcinoma,12,C0602,floor
99429,105,EGQFKDIITKVANIELCYRALQFYLDY,ITKVANIELCY,0,CLTCL1,pancreatic adenocarcinoma,12,C1502,floor
99429,48,EGQFKDIITKVANIELCYRALQFYLDY,NIELCYRALQFY,0,CLTCL1,pancreatic adenocarcinoma,12,A0101,scoreable
99429,105,EGQFKDIITKVANIELCYRALQFYLDY,NIELCYRALQFY,0,CLTCL1,pancreatic adenocarcinoma,12,A0201,floor
99429,105,EGQFKDIITKVANIELCYRALQFYLDY,NIELCYRALQFY,0,CLTCL1,pancreatic adenocarcinoma,12,B5101,floor
99429,105,EGQFKDIITKVANIELCYRALQFYLDY,NIELCYRALQFY,0,CLTCL1,pancreatic adenocarcinoma,12,B5701,floor
99429,105,EGQFKDIITKVANIELCYRALQFYLDY,NIELCYRALQFY,0,CLTCL1,pancreatic adenocarcinoma,12,C0602,floor
99429,105,EGQFKDIITKVANIELCYRALQFYLDY,NIELCYRALQFY,0,CLTCL1,pancreatic adenocarcinoma,12,C1502,floor
99429,105,PTVPDCLRADVRVHPSESQKCSFYLAD,RVHPSESQKC,0,ENPP3,pancreatic adenocarcinoma,12,A0101,floor
99429,105,PTVPDCLRADVRVHPSESQKCSFYLAD,RVHPSESQKC,0,ENPP3,pancreatic adenocarcinoma,12,A0201,floor
99429,105,PTVPDCLRADVRVHPSESQKCSFYLAD,RVHPSESQKC,0,ENPP3,pancreatic adenocarcinoma,12,B5101,floor
99429,51,PTVPDCLRADVRVHPSESQKCSFYLAD,RVHPSESQKC,0,ENPP3,pancreatic adenocarcinoma,12,B5701,scoreable
99429,105,PTVPDCLRADVRVHPSESQKCSFYLAD,RVHPSESQKC,0,ENPP3,pancreatic adenocarcinoma,12,C0602,floor
99429,105,PTVPDCLRADVRVHPSESQKCSFYLAD,RVHPSESQKC,0,ENPP3,pancreatic adenocarcinoma,12,C1502,floor
99429,105,PTVPDCLRADVRVHPSESQKCSFYLAD,HPSESQKCSF,0,ENPP3,pancreatic adenocarcinoma,12,A0101,floor
99429,105,PTVPDCLRADVRVHPSESQKCSFYLAD,HPSESQKCSF,0,ENPP3,pancreatic adenocarcinoma,12,A0201,floor
99429,50,PTVPDCLRADVRVHPSESQKCSFYLAD,HPSESQKCSF,0,ENPP3,pancreatic adenocarcinoma,12,B5101,scoreable
99429,105,PTVPDCLRADVRVHPSESQKCSFYLAD,HPSESQKCSF,0,ENPP3,pancreatic adenocarcinoma,12,B5701,floor
99429,52,PTVPDCLRADVRVHPSESQKCSFYLAD,HPSESQKCSF,0,ENPP3,pancreatic adenocarcinoma,12,C0602,scoreable
99429,105,PTVPDCLRADVRVHPSESQKCSFYLAD,HPSESQKCSF,0,ENPP3,pancreatic adenocarcinoma,12,C1502,floor
99429,48,PTVPDCLRADVRVHPSESQKCSFYLAD,HPSESQKCSFY,0,ENPP3,pancreatic adenocarcinoma,12,A0101,scoreable
99429,105,PTVPDCLRADVRVHPSESQKCSFYLAD,HPSESQKCSFY,0,ENPP3,pancreatic adenocarcinoma,12,A0201,floor
99429,105,PTVPDCLRADVRVHPSESQKCSFYLAD,HPSESQKCSFY,0,ENPP3,pancreatic adenocarcinoma,12,B5101,floor
99429,51,PTVPDCLRADVRVHPSESQKCSFYLAD,HPSESQKCSFY,0,ENPP3,pancreatic adenocarcinoma,12,B5701,scoreable
99429,105,PTVPDCLRADVRVHPSESQKCSFYLAD,HPSESQKCSFY,0,ENPP3,pancreatic adenocarcinoma,12,C0602,floor
99429,105,PTVPDCLRADVRVHPSESQKCSFYLAD,HPSESQKCSFY,0,ENPP3,pancreatic adenocarcinoma,12,C1502,floor
99429,105,PTVPDCLRADVRVHPSESQKCSFYLAD,RVHPSESQKCSF,0,ENPP3,pancreatic adenocarcinoma,12,A0101,floor
99429,105,PTVPDCLRADVRVHPSESQKCSFYLAD,RVHPSESQKCSF,0,ENPP3,pancreatic adenocarcinoma,12,A0201,floor
99429,105,PTVPDCLRADVRVHPSESQKCSFYLAD,RVHPSESQKCSF,0,ENPP3,pancreatic adenocarcinoma,12,B5101,floor
99429,51,PTVPDCLRADVRVHPSESQKCSFYLAD,RVHPSESQKCSF,0,ENPP3,pancreatic adenocarcinoma,12,B5701,scoreable
99429,52,PTVPDCLRADVRVHPSESQKCSFYLAD,RVHPSESQKCSF,0,ENPP3,pancreatic adenocarcinoma,12,C0602,scoreable
99429,53,PTVPDCLRADVRVHPSESQKCSFYLAD,RVHPSESQKCSF,0,ENPP3,pancreatic adenocarcinoma,12,C1502,scoreable
99429,105,ASRHAIMRSPQMVFAIVRTMQNTNDVE,IMRSPQMVF,0,CTNNB1,pancreatic adenocarcinoma,12,A0101,floor
99429,105,ASRHAIMRSPQMVFAIVRTMQNTNDVE,IMRSPQMVF,0,CTNNB1,pancreatic adenocarcinoma,12,A0201,floor
99429,105,ASRHAIMRSPQMVFAIVRTMQNTNDVE,IMRSPQMVF,0,CTNNB1,pancreatic adenocarcinoma,12,B5101,floor
99429,51,ASRHAIMRSPQMVFAIVRTMQNTNDVE,IMRSPQMVF,0,CTNNB1,pancreatic adenocarcinoma,12,B5701,scoreable
99429,52,ASRHAIMRSPQMVFAIVRTMQNTNDVE,IMRSPQMVF,0,CTNNB1,pancreatic adenocarcinoma,12,C0602,scoreable
99429,53,ASRHAIMRSPQMVFAIVRTMQNTNDVE,IMRSPQMVF,0,CTNNB1,pancreatic adenocarcinoma,12,C1502,scoreable
99429,105,ASRHAIMRSPQMVFAIVRTMQNTNDVE,RSPQMVFAI,0,CTNNB1,pancreatic adenocarcinoma,12,A0101,floor
99429,49,ASRHAIMRSPQMVFAIVRTMQNTNDVE,RSPQMVFAI,0,CTNNB1,pancreatic adenocarcinoma,12,A0201,scoreable
99429,50,ASRHAIMRSPQMVFAIVRTMQNTNDVE,RSPQMVFAI,0,CTNNB1,pancreatic adenocarcinoma,12,B5101,scoreable
99429,51,ASRHAIMRSPQMVFAIVRTMQNTNDVE,RSPQMVFAI,0,CTNNB1,pancreatic adenocarcinoma,12,B5701,scoreable
99429,105,ASRHAIMRSPQMVFAIVRTMQNTNDVE,RSPQMVFAI,0,CTNNB1,pancreatic adenocarcinoma,12,C0602,floor
99429,53,ASRHAIMRSPQMVFAIVRTMQNTNDVE,RSPQMVFAI,0,CTNNB1,pancreatic adenocarcinoma,12,C1502,scoreable
99429,105,ASRHAIMRSPQMVFAIVRTMQNTNDVE,SPQMVFAIV,0,CTNNB1,pancreatic adenocarcinoma,12,A0101,floor
99429,105,ASRHAIMRSPQMVFAIVRTMQNTNDVE,SPQMVFAIV,0,CTNNB1,pancreatic adenocarcinoma,12,A0201,floor
99429,50,ASRHAIMRSPQMVFAIVRTMQNTNDVE,SPQMVFAIV,0,CTNNB1,pancreatic adenocarcinoma,12,B5101,scoreable
99429,105,ASRHAIMRSPQMVFAIVRTMQNTNDVE,SPQMVFAIV,0,CTNNB1,pancreatic adenocarcinoma,12,B5701,floor
99429,105,ASRHAIMRSPQMVFAIVRTMQNTNDVE,SPQMVFAIV,0,CTNNB1,pancreatic adenocarcinoma,12,C0602,floor
99429,53,ASRHAIMRSPQMVFAIVRTMQNTNDVE,SPQMVFAIV,0,CTNNB1,pancreatic adenocarcinoma,12,C1502,scoreable
99429,105,ASRHAIMRSPQMVFAIVRTMQNTNDVE,QMVFAIVRT,0,CTNNB1,pancreatic adenocarcinoma,12,A0101,floor
99429,49,ASRHAIMRSPQMVFAIVRTMQNTNDVE,QMVFAIVRT,0,CTNNB1,pancreatic adenocarcinoma,12,A0201,scoreable
99429,105,ASRHAIMRSPQMVFAIVRTMQNTNDVE,QMVFAIVRT,0,CTNNB1,pancreatic adenocarcinoma,12,B5101,floor
99429,105,ASRHAIMRSPQMVFAIVRTMQNTNDVE,QMVFAIVRT,0,CTNNB1,pancreatic adenocarcinoma,12,B5701,floor
99429,105,ASRHAIMRSPQMVFAIVRTMQNTNDVE,QMVFAIVRT,0,CTNNB1,pancreatic adenocarcinoma,12,C0602,floor
99429,105,ASRHAIMRSPQMVFAIVRTMQNTNDVE,QMVFAIVRT,0,CTNNB1,pancreatic adenocarcinoma,12,C1502,floor
99429,105,ASRHAIMRSPQMVFAIVRTMQNTNDVE,MVFAIVRTM,0,CTNNB1,pancreatic adenocarcinoma,12,A0101,floor
99429,49,ASRHAIMRSPQMVFAIVRTMQNTNDVE,MVFAIVRTM,0,CTNNB1,pancreatic adenocarcinoma,12,A0201,scoreable
99429,50,ASRHAIMRSPQMVFAIVRTMQNTNDVE,MVFAIVRTM,0,CTNNB1,pancreatic adenocarcinoma,12,B5101,scoreable
99429,51,ASRHAIMRSPQMVFAIVRTMQNTNDVE,MVFAIVRTM,0,CTNNB1,pancreatic adenocarcinoma,12,B5701,scoreable
99429,52,ASRHAIMRSPQMVFAIVRTMQNTNDVE,MVFAIVRTM,0,CTNNB1,pancreatic adenocarcinoma,12,C0602,scoreable
99429,53,ASRHAIMRSPQMVFAIVRTMQNTNDVE,MVFAIVRTM,0,CTNNB1,pancreatic adenocarcinoma,12,C1502,scoreable
99429,105,ASRHAIMRSPQMVFAIVRTMQNTNDVE,AIMRSPQMVF,0,CTNNB1,pancreatic adenocarcinoma,12,A0101,floor
99429,105,ASRHAIMRSPQMVFAIVRTMQNTNDVE,AIMRSPQMVF,0,CTNNB1,pancreatic adenocarcinoma,12,A0201,floor
99429,105,ASRHAIMRSPQMVFAIVRTMQNTNDVE,AIMRSPQMVF,0,CTNNB1,pancreatic adenocarcinoma,12,B5101,floor
99429,51,ASRHAIMRSPQMVFAIVRTMQNTNDVE,AIMRSPQMVF,0,CTNNB1,pancreatic adenocarcinoma,12,B5701,scoreable
99429,105,ASRHAIMRSPQMVFAIVRTMQNTNDVE,AIMRSPQMVF,0,CTNNB1,pancreatic adenocarcinoma,12,C0602,floor
99429,53,ASRHAIMRSPQMVFAIVRTMQNTNDVE,AIMRSPQMVF,0,CTNNB1,pancreatic adenocarcinoma,12,C1502,scoreable
99429,105,ASRHAIMRSPQMVFAIVRTMQNTNDVE,IMRSPQMVFA,0,CTNNB1,pancreatic adenocarcinoma,12,A0101,floor
99429,49,ASRHAIMRSPQMVFAIVRTMQNTNDVE,IMRSPQMVFA,0,CTNNB1,pancreatic adenocarcinoma,12,A0201,scoreable
99429,105,ASRHAIMRSPQMVFAIVRTMQNTNDVE,IMRSPQMVFA,0,CTNNB1,pancreatic adenocarcinoma,12,B5101,floor
99429,105,ASRHAIMRSPQMVFAIVRTMQNTNDVE,IMRSPQMVFA,0,CTNNB1,pancreatic adenocarcinoma,12,B5701,floor
99429,105,ASRHAIMRSPQMVFAIVRTMQNTNDVE,IMRSPQMVFA,0,CTNNB1,pancreatic adenocarcinoma,12,C0602,floor
99429,105,ASRHAIMRSPQMVFAIVRTMQNTNDVE,IMRSPQMVFA,0,CTNNB1,pancreatic adenocarcinoma,12,C1502,floor
99429,105,ASRHAIMRSPQMVFAIVRTMQNTNDVE,RSPQMVFAIV,0,CTNNB1,pancreatic adenocarcinoma,12,A0101,floor
99429,105,ASRHAIMRSPQMVFAIVRTMQNTNDVE,RSPQMVFAIV,0,CTNNB1,pancreatic adenocarcinoma,12,A0201,floor
99429,105,ASRHAIMRSPQMVFAIVRTMQNTNDVE,RSPQMVFAIV,0,CTNNB1,pancreatic adenocarcinoma,12,B5101,floor
99429,105,ASRHAIMRSPQMVFAIVRTMQNTNDVE,RSPQMVFAIV,0,CTNNB1,pancreatic adenocarcinoma,12,B5701,floor
99429,105,ASRHAIMRSPQMVFAIVRTMQNTNDVE,RSPQMVFAIV,0,CTNNB1,pancreatic adenocarcinoma,12,C0602,floor
99429,53,ASRHAIMRSPQMVFAIVRTMQNTNDVE,RSPQMVFAIV,0,CTNNB1,pancreatic adenocarcinoma,12,C1502,scoreable
99429,105,ASRHAIMRSPQMVFAIVRTMQNTNDVE,HAIMRSPQMVF,0,CTNNB1,pancreatic adenocarcinoma,12,A0101,floor
99429,105,ASRHAIMRSPQMVFAIVRTMQNTNDVE,HAIMRSPQMVF,0,CTNNB1,pancreatic adenocarcinoma,12,A0201,floor
99429,105,ASRHAIMRSPQMVFAIVRTMQNTNDVE,HAIMRSPQMVF,0,CTNNB1,pancreatic adenocarcinoma,12,B5101,floor
99429,51,ASRHAIMRSPQMVFAIVRTMQNTNDVE,HAIMRSPQMVF,0,CTNNB1,pancreatic adenocarcinoma,12,B5701,scoreable
99429,52,ASRHAIMRSPQMVFAIVRTMQNTNDVE,HAIMRSPQMVF,0,CTNNB1,pancreatic adenocarcinoma,12,C0602,scoreable
99429,53,ASRHAIMRSPQMVFAIVRTMQNTNDVE,HAIMRSPQMVF,0,CTNNB1,pancreatic adenocarcinoma,12,C1502,scoreable
99429,105,ASRHAIMRSPQMVFAIVRTMQNTNDVE,AIMRSPQMVFA,0,CTNNB1,pancreatic adenocarcinoma,12,A0101,floor
99429,49,ASRHAIMRSPQMVFAIVRTMQNTNDVE,AIMRSPQMVFA,0,CTNNB1,pancreatic adenocarcinoma,12,A0201,scoreable
99429,105,ASRHAIMRSPQMVFAIVRTMQNTNDVE,AIMRSPQMVFA,0,CTNNB1,pancreatic adenocarcinoma,12,B5101,floor
99429,105,ASRHAIMRSPQMVFAIVRTMQNTNDVE,AIMRSPQMVFA,0,CTNNB1,pancreatic adenocarcinoma,12,B5701,floor
99429,105,ASRHAIMRSPQMVFAIVRTMQNTNDVE,AIMRSPQMVFA,0,CTNNB1,pancreatic adenocarcinoma,12,C0602,floor
99429,105,ASRHAIMRSPQMVFAIVRTMQNTNDVE,AIMRSPQMVFA,0,CTNNB1,pancreatic adenocarcinoma,12,C1502,floor
99429,105,ASTKHLRGDGLKDINETMLDSLSFVML,GLKDINETM,0,CYP8B1,pancreatic adenocarcinoma,12,A0101,floor
99429,49,ASTKHLRGDGLKDINETMLDSLSFVML,GLKDINETM,0,CYP8B1,pancreatic adenocarcinoma,12,A0201,scoreable
99429,105,ASTKHLRGDGLKDINETMLDSLSFVML,GLKDINETM,0,CYP8B1,pancreatic adenocarcinoma,12,B5101,floor
99429,105,ASTKHLRGDGLKDINETMLDSLSFVML,GLKDINETM,0,CYP8B1,pancreatic adenocarcinoma,12,B5701,floor
99429,52,ASTKHLRGDGLKDINETMLDSLSFVML,GLKDINETM,0,CYP8B1,pancreatic adenocarcinoma,12,C0602,scoreable
99429,53,ASTKHLRGDGLKDINETMLDSLSFVML,GLKDINETM,0,CYP8B1,pancreatic adenocarcinoma,12,C1502,scoreable
99429,105,ASTKHLRGDGLKDINETMLDSLSFVML,HLRGDGLKDI,0,CYP8B1,pancreatic adenocarcinoma,12,A0101,floor
99429,49,ASTKHLRGDGLKDINETMLDSLSFVML,HLRGDGLKDI,0,CYP8B1,pancreatic adenocarcinoma,12,A0201,scoreable
99429,105,ASTKHLRGDGLKDINETMLDSLSFVML,HLRGDGLKDI,0,CYP8B1,pancreatic adenocarcinoma,12,B5101,floor
99429,105,ASTKHLRGDGLKDINETMLDSLSFVML,HLRGDGLKDI,0,CYP8B1,pancreatic adenocarcinoma,12,B5701,floor
99429,105,ASTKHLRGDGLKDINETMLDSLSFVML,HLRGDGLKDI,0,CYP8B1,pancreatic adenocarcinoma,12,C0602,floor
99429,105,ASTKHLRGDGLKDINETMLDSLSFVML,HLRGDGLKDI,0,CYP8B1,pancreatic adenocarcinoma,12,C1502,floor
99429,105,ASTKHLRGDGLKDINETMLDSLSFVML,GLKDINETML,0,CYP8B1,pancreatic adenocarcinoma,12,A0101,floor
99429,49,ASTKHLRGDGLKDINETMLDSLSFVML,GLKDINETML,0,CYP8B1,pancreatic adenocarcinoma,12,A0201,scoreable
99429,105,ASTKHLRGDGLKDINETMLDSLSFVML,GLKDINETML,0,CYP8B1,pancreatic adenocarcinoma,12,B5101,floor
99429,105,ASTKHLRGDGLKDINETMLDSLSFVML,GLKDINETML,0,CYP8B1,pancreatic adenocarcinoma,12,B5701,floor
99429,52,ASTKHLRGDGLKDINETMLDSLSFVML,GLKDINETML,0,CYP8B1,pancreatic adenocarcinoma,12,C0602,scoreable
99429,53,ASTKHLRGDGLKDINETMLDSLSFVML,GLKDINETML,0,CYP8B1,pancreatic adenocarcinoma,12,C1502,scoreable
99429,105,ASTKHLRGDGLKDINETMLDSLSFVML,RGDGLKDINETM,0,CYP8B1,pancreatic adenocarcinoma,12,A0101,floor
99429,105,ASTKHLRGDGLKDINETMLDSLSFVML,RGDGLKDINETM,0,CYP8B1,pancreatic adenocarcinoma,12,A0201,floor
99429,105,ASTKHLRGDGLKDINETMLDSLSFVML,RGDGLKDINETM,0,CYP8B1,pancreatic adenocarcinoma,12,B5101,floor
99429,51,ASTKHLRGDGLKDINETMLDSLSFVML,RGDGLKDINETM,0,CYP8B1,pancreatic adenocarcinoma,12,B5701,scoreable
99429,105,ASTKHLRGDGLKDINETMLDSLSFVML,RGDGLKDINETM,0,CYP8B1,pancreatic adenocarcinoma,12,C0602,floor
99429,105,ASTKHLRGDGLKDINETMLDSLSFVML,RGDGLKDINETM,0,CYP8B1,pancreatic adenocarcinoma,12,C1502,floor
99429,105,VPPGRAAAPPPGPLTASVFAGAGSAPA,AAAPPPGPL,0,FOXD2,pancreatic adenocarcinoma,12,A0101,floor
99429,105,VPPGRAAAPPPGPLTASVFAGAGSAPA,AAAPPPGPL,0,FOXD2,pancreatic adenocarcinoma,12,A0201,floor
99429,105,VPPGRAAAPPPGPLTASVFAGAGSAPA,AAAPPPGPL,0,FOXD2,pancreatic adenocarcinoma,12,B5101,floor
99429,51,VPPGRAAAPPPGPLTASVFAGAGSAPA,AAAPPPGPL,0,FOXD2,pancreatic adenocarcinoma,12,B5701,scoreable
99429,52,VPPGRAAAPPPGPLTASVFAGAGSAPA,AAAPPPGPL,0,FOXD2,pancreatic adenocarcinoma,12,C0602,scoreable
99429,53,VPPGRAAAPPPGPLTASVFAGAGSAPA,AAAPPPGPL,0,FOXD2,pancreatic adenocarcinoma,12,C1502,scoreable
99429,105,VPPGRAAAPPPGPLTASVFAGAGSAPA,APPPGPLTA,0,FOXD2,pancreatic adenocarcinoma,12,A0101,floor
99429,105,VPPGRAAAPPPGPLTASVFAGAGSAPA,APPPGPLTA,0,FOXD2,pancreatic adenocarcinoma,12,A0201,floor
99429,50,VPPGRAAAPPPGPLTASVFAGAGSAPA,APPPGPLTA,0,FOXD2,pancreatic adenocarcinoma,12,B5101,scoreable
99429,105,VPPGRAAAPPPGPLTASVFAGAGSAPA,APPPGPLTA,0,FOXD2,pancreatic adenocarcinoma,12,B5701,floor
99429,105,VPPGRAAAPPPGPLTASVFAGAGSAPA,APPPGPLTA,0,FOXD2,pancreatic adenocarcinoma,12,C0602,floor
99429,53,VPPGRAAAPPPGPLTASVFAGAGSAPA,APPPGPLTA,0,FOXD2,pancreatic adenocarcinoma,12,C1502,scoreable
99429,105,VPPGRAAAPPPGPLTASVFAGAGSAPA,PPGPLTASV,0,FOXD2,pancreatic adenocarcinoma,12,A0101,floor
99429,105,VPPGRAAAPPPGPLTASVFAGAGSAPA,PPGPLTASV,0,FOXD2,pancreatic adenocarcinoma,12,A0201,floor
99429,50,VPPGRAAAPPPGPLTASVFAGAGSAPA,PPGPLTASV,0,FOXD2,pancreatic adenocarcinoma,12,B5101,scoreable
99429,105,VPPGRAAAPPPGPLTASVFAGAGSAPA,PPGPLTASV,0,FOXD2,pancreatic adenocarcinoma,12,B5701,floor
99429,105,VPPGRAAAPPPGPLTASVFAGAGSAPA,PPGPLTASV,0,FOXD2,pancreatic adenocarcinoma,12,C0602,floor
99429,105,VPPGRAAAPPPGPLTASVFAGAGSAPA,PPGPLTASV,0,FOXD2,pancreatic adenocarcinoma,12,C1502,floor
99429,105,VPPGRAAAPPPGPLTASVFAGAGSAPA,GPLTASVFA,0,FOXD2,pancreatic adenocarcinoma,12,A0101,floor
99429,105,VPPGRAAAPPPGPLTASVFAGAGSAPA,GPLTASVFA,0,FOXD2,pancreatic adenocarcinoma,12,A0201,floor
99429,50,VPPGRAAAPPPGPLTASVFAGAGSAPA,GPLTASVFA,0,FOXD2,pancreatic adenocarcinoma,12,B5101,scoreable
99429,105,VPPGRAAAPPPGPLTASVFAGAGSAPA,GPLTASVFA,0,FOXD2,pancreatic adenocarcinoma,12,B5701,floor
99429,105,VPPGRAAAPPPGPLTASVFAGAGSAPA,GPLTASVFA,0,FOXD2,pancreatic adenocarcinoma,12,C0602,floor
99429,105,VPPGRAAAPPPGPLTASVFAGAGSAPA,GPLTASVFA,0,FOXD2,pancreatic adenocarcinoma,12,C1502,floor
99429,105,VPPGRAAAPPPGPLTASVFAGAGSAPA,LTASVFAGA,0,FOXD2,pancreatic adenocarcinoma,12,A0101,floor
99429,49,VPPGRAAAPPPGPLTASVFAGAGSAPA,LTASVFAGA,0,FOXD2,pancreatic adenocarcinoma,12,A0201,scoreable
99429,105,VPPGRAAAPPPGPLTASVFAGAGSAPA,LTASVFAGA,0,FOXD2,pancreatic adenocarcinoma,12,B5101,floor
99429,51,VPPGRAAAPPPGPLTASVFAGAGSAPA,LTASVFAGA,0,FOXD2,pancreatic adenocarcinoma,12,B5701,scoreable
99429,105,VPPGRAAAPPPGPLTASVFAGAGSAPA,LTASVFAGA,0,FOXD2,pancreatic adenocarcinoma,12,C0602,floor
99429,53,VPPGRAAAPPPGPLTASVFAGAGSAPA,LTASVFAGA,0,FOXD2,pancreatic adenocarcinoma,12,C1502,scoreable
99429,105,VPPGRAAAPPPGPLTASVFAGAGSAPA,RAAAPPPGPL,0,FOXD2,pancreatic adenocarcinoma,12,A0101,floor
99429,49,VPPGRAAAPPPGPLTASVFAGAGSAPA,RAAAPPPGPL,0,FOXD2,pancreatic adenocarcinoma,12,A0201,scoreable
99429,50,VPPGRAAAPPPGPLTASVFAGAGSAPA,RAAAPPPGPL,0,FOXD2,pancreatic adenocarcinoma,12,B5101,scoreable
99429,51,VPPGRAAAPPPGPLTASVFAGAGSAPA,RAAAPPPGPL,0,FOXD2,pancreatic adenocarcinoma,12,B5701,scoreable
99429,52,VPPGRAAAPPPGPLTASVFAGAGSAPA,RAAAPPPGPL,0,FOXD2,pancreatic adenocarcinoma,12,C0602,scoreable
99429,53,VPPGRAAAPPPGPLTASVFAGAGSAPA,RAAAPPPGPL,0,FOXD2,pancreatic adenocarcinoma,12,C1502,scoreable
99429,105,VPPGRAAAPPPGPLTASVFAGAGSAPA,AAPPPGPLTA,0,FOXD2,pancreatic adenocarcinoma,12,A0101,floor
99429,49,VPPGRAAAPPPGPLTASVFAGAGSAPA,AAPPPGPLTA,0,FOXD2,pancreatic adenocarcinoma,12,A0201,scoreable
99429,105,VPPGRAAAPPPGPLTASVFAGAGSAPA,AAPPPGPLTA,0,FOXD2,pancreatic adenocarcinoma,12,B5101,floor
99429,105,VPPGRAAAPPPGPLTASVFAGAGSAPA,AAPPPGPLTA,0,FOXD2,pancreatic adenocarcinoma,12,B5701,floor
99429,105,VPPGRAAAPPPGPLTASVFAGAGSAPA,AAPPPGPLTA,0,FOXD2,pancreatic adenocarcinoma,12,C0602,floor
99429,53,VPPGRAAAPPPGPLTASVFAGAGSAPA,AAPPPGPLTA,0,FOXD2,pancreatic adenocarcinoma,12,C1502,scoreable
99429,105,VPPGRAAAPPPGPLTASVFAGAGSAPA,PPPGPLTASV,0,FOXD2,pancreatic adenocarcinoma,12,A0101,floor
99429,105,VPPGRAAAPPPGPLTASVFAGAGSAPA,PPPGPLTASV,0,FOXD2,pancreatic adenocarcinoma,12,A0201,floor
99429,50,VPPGRAAAPPPGPLTASVFAGAGSAPA,PPPGPLTASV,0,FOXD2,pancreatic adenocarcinoma,12,B5101,scoreable
99429,105,VPPGRAAAPPPGPLTASVFAGAGSAPA,PPPGPLTASV,0,FOXD2,pancreatic adenocarcinoma,12,B5701,floor
99429,105,VPPGRAAAPPPGPLTASVFAGAGSAPA,PPPGPLTASV,0,FOXD2,pancreatic adenocarcinoma,12,C0602,floor
99429,105,VPPGRAAAPPPGPLTASVFAGAGSAPA,PPPGPLTASV,0,FOXD2,pancreatic adenocarcinoma,12,C1502,floor
99429,105,VPPGRAAAPPPGPLTASVFAGAGSAPA,AAAPPPGPLTA,0,FOXD2,pancreatic adenocarcinoma,12,A0101,floor
99429,49,VPPGRAAAPPPGPLTASVFAGAGSAPA,AAAPPPGPLTA,0,FOXD2,pancreatic adenocarcinoma,12,A0201,scoreable
99429,50,VPPGRAAAPPPGPLTASVFAGAGSAPA,AAAPPPGPLTA,0,FOXD2,pancreatic adenocarcinoma,12,B5101,scoreable
99429,105,VPPGRAAAPPPGPLTASVFAGAGSAPA,AAAPPPGPLTA,0,FOXD2,pancreatic adenocarcinoma,12,B5701,floor
99429,105,VPPGRAAAPPPGPLTASVFAGAGSAPA,AAAPPPGPLTA,0,FOXD2,pancreatic adenocarcinoma,12,C0602,floor
99429,53,VPPGRAAAPPPGPLTASVFAGAGSAPA,AAAPPPGPLTA,0,FOXD2,pancreatic adenocarcinoma,12,C1502,scoreable
99429,105,VPPGRAAAPPPGPLTASVFAGAGSAPA,APPPGPLTASV,0,FOXD2,pancreatic adenocarcinoma,12,A0101,floor
99429,49,VPPGRAAAPPPGPLTASVFAGAGSAPA,APPPGPLTASV,0,FOXD2,pancreatic adenocarcinoma,12,A0201,scoreable
99429,50,VPPGRAAAPPPGPLTASVFAGAGSAPA,APPPGPLTASV,0,FOXD2,pancreatic adenocarcinoma,12,B5101,scoreable
99429,105,VPPGRAAAPPPGPLTASVFAGAGSAPA,APPPGPLTASV,0,FOXD2,pancreatic adenocarcinoma,12,B5701,floor
99429,105,VPPGRAAAPPPGPLTASVFAGAGSAPA,APPPGPLTASV,0,FOXD2,pancreatic adenocarcinoma,12,C0602,floor
99429,53,VPPGRAAAPPPGPLTASVFAGAGSAPA,APPPGPLTASV,0,FOXD2,pancreatic adenocarcinoma,12,C1502,scoreable
99429,105,VPPGRAAAPPPGPLTASVFAGAGSAPA,RAAAPPPGPLTA,0,FOXD2,pancreatic adenocarcinoma,12,A0101,floor
99429,105,VPPGRAAAPPPGPLTASVFAGAGSAPA,RAAAPPPGPLTA,0,FOXD2,pancreatic adenocarcinoma,12,A0201,floor
99429,50,VPPGRAAAPPPGPLTASVFAGAGSAPA,RAAAPPPGPLTA,0,FOXD2,pancreatic adenocarcinoma,12,B5101,scoreable
99429,51,VPPGRAAAPPPGPLTASVFAGAGSAPA,RAAAPPPGPLTA,0,FOXD2,pancreatic adenocarcinoma,12,B5701,scoreable
99429,105,VPPGRAAAPPPGPLTASVFAGAGSAPA,RAAAPPPGPLTA,0,FOXD2,pancreatic adenocarcinoma,12,C0602,floor
99429,53,VPPGRAAAPPPGPLTASVFAGAGSAPA,RAAAPPPGPLTA,0,FOXD2,pancreatic adenocarcinoma,12,C1502,scoreable
99429,105,VPPGRAAAPPPGPLTASVFAGAGSAPA,AAAPPPGPLTAS,0,FOXD2,pancreatic adenocarcinoma,12,A0101,floor
99429,105,VPPGRAAAPPPGPLTASVFAGAGSAPA,AAAPPPGPLTAS,0,FOXD2,pancreatic adenocarcinoma,12,A0201,floor
99429,105,VPPGRAAAPPPGPLTASVFAGAGSAPA,AAAPPPGPLTAS,0,FOXD2,pancreatic adenocarcinoma,12,B5101,floor
99429,105,VPPGRAAAPPPGPLTASVFAGAGSAPA,AAAPPPGPLTAS,0,FOXD2,pancreatic adenocarcinoma,12,B5701,floor
99429,105,VPPGRAAAPPPGPLTASVFAGAGSAPA,AAAPPPGPLTAS,0,FOXD2,pancreatic adenocarcinoma,12,C0602,floor
99429,53,VPPGRAAAPPPGPLTASVFAGAGSAPA,AAAPPPGPLTAS,0,FOXD2,pancreatic adenocarcinoma,12,C1502,scoreable
99429,105,VPPGRAAAPPPGPLTASVFAGAGSAPA,AAPPPGPLTASV,0,FOXD2,pancreatic adenocarcinoma,12,A0101,floor
99429,49,VPPGRAAAPPPGPLTASVFAGAGSAPA,AAPPPGPLTASV,0,FOXD2,pancreatic adenocarcinoma,12,A0201,scoreable
99429,50,VPPGRAAAPPPGPLTASVFAGAGSAPA,AAPPPGPLTASV,0,FOXD2,pancreatic adenocarcinoma,12,B5101,scoreable
99429,105,VPPGRAAAPPPGPLTASVFAGAGSAPA,AAPPPGPLTASV,0,FOXD2,pancreatic adenocarcinoma,12,B5701,floor
99429,105,VPPGRAAAPPPGPLTASVFAGAGSAPA,AAPPPGPLTASV,0,FOXD2,pancreatic adenocarcinoma,12,C0602,floor
99429,53,VPPGRAAAPPPGPLTASVFAGAGSAPA,AAPPPGPLTASV,0,FOXD2,pancreatic adenocarcinoma,12,C1502,scoreable
99429,105,VPPGRAAAPPPGPLTASVFAGAGSAPA,APPPGPLTASVF,0,FOXD2,pancreatic adenocarcinoma,12,A0101,floor
99429,105,VPPGRAAAPPPGPLTASVFAGAGSAPA,APPPGPLTASVF,0,FOXD2,pancreatic adenocarcinoma,12,A0201,floor
99429,50,VPPGRAAAPPPGPLTASVFAGAGSAPA,APPPGPLTASVF,0,FOXD2,pancreatic adenocarcinoma,12,B5101,scoreable
99429,105,VPPGRAAAPPPGPLTASVFAGAGSAPA,APPPGPLTASVF,0,FOXD2,pancreatic adenocarcinoma,12,B5701,floor
99429,105,VPPGRAAAPPPGPLTASVFAGAGSAPA,APPPGPLTASVF,0,FOXD2,pancreatic adenocarcinoma,12,C0602,floor
99429,105,VPPGRAAAPPPGPLTASVFAGAGSAPA,APPPGPLTASVF,0,FOXD2,pancreatic adenocarcinoma,12,C1502,floor
99435,106,VLEEMPPFPERESFILAKLKRKKGPGA,PPFPERESF,0,AP2A1,pancreatic adenocarcinoma,13,A1101,floor
99435,106,VLEEMPPFPERESFILAKLKRKKGPGA,PPFPERESF,0,AP2A1,pancreatic adenocarcinoma,13,A6802,floor
99435,106,VLEEMPPFPERESFILAKLKRKKGPGA,PPFPERESF,0,AP2A1,pancreatic adenocarcinoma,13,B1402,floor
99435,106,VLEEMPPFPERESFILAKLKRKKGPGA,PPFPERESF,0,AP2A1,pancreatic adenocarcinoma,13,B5201,floor
99435,106,VLEEMPPFPERESFILAKLKRKKGPGA,PPFPERESF,0,AP2A1,pancreatic adenocarcinoma,13,C0802,floor
99435,59,VLEEMPPFPERESFILAKLKRKKGPGA,PPFPERESF,0,AP2A1,pancreatic adenocarcinoma,13,C1202,scoreable
99435,106,VLEEMPPFPERESFILAKLKRKKGPGA,PERESFILA,0,AP2A1,pancreatic adenocarcinoma,13,A1101,floor
99435,106,VLEEMPPFPERESFILAKLKRKKGPGA,PERESFILA,0,AP2A1,pancreatic adenocarcinoma,13,A6802,floor
99435,106,VLEEMPPFPERESFILAKLKRKKGPGA,PERESFILA,0,AP2A1,pancreatic adenocarcinoma,13,B1402,floor
99435,57,VLEEMPPFPERESFILAKLKRKKGPGA,PERESFILA,0,AP2A1,pancreatic adenocarcinoma,13,B5201,scoreable
99435,106,VLEEMPPFPERESFILAKLKRKKGPGA,PERESFILA,0,AP2A1,pancreatic adenocarcinoma,13,C0802,floor
99435,106,VLEEMPPFPERESFILAKLKRKKGPGA,PERESFILA,0,AP2A1,pancreatic adenocarcinoma,13,C1202,floor
99435,54,VLEEMPPFPERESFILAKLKRKKGPGA,ERESFILAK,0,AP2A1,pancreatic adenocarcinoma,13,A1101,scoreable
99435,106,VLEEMPPFPERESFILAKLKRKKGPGA,ERESFILAK,0,AP2A1,pancreatic adenocarcinoma,13,A6802,floor
99435,106,VLEEMPPFPERESFILAKLKRKKGPGA,ERESFILAK,0,AP2A1,pancreatic adenocarcinoma,13,B1402,floor
99435,106,VLEEMPPFPERESFILAKLKRKKGPGA,ERESFILAK,0,AP2A1,pancreatic adenocarcinoma,13,B5201,floor
99435,106,VLEEMPPFPERESFILAKLKRKKGPGA,ERESFILAK,0,AP2A1,pancreatic adenocarcinoma,13,C0802,floor
99435,106,VLEEMPPFPERESFILAKLKRKKGPGA,ERESFILAK,0,AP2A1,pancreatic adenocarcinoma,13,C1202,floor
99435,106,VLEEMPPFPERESFILAKLKRKKGPGA,RESFILAKL,0,AP2A1,pancreatic adenocarcinoma,13,A1101,floor
99435,106,VLEEMPPFPERESFILAKLKRKKGPGA,RESFILAKL,0,AP2A1,pancreatic adenocarcinoma,13,A6802,floor
99435,106,VLEEMPPFPERESFILAKLKRKKGPGA,RESFILAKL,0,AP2A1,pancreatic adenocarcinoma,13,B1402,floor
99435,57,VLEEMPPFPERESFILAKLKRKKGPGA,RESFILAKL,0,AP2A1,pancreatic adenocarcinoma,13,B5201,scoreable
99435,106,VLEEMPPFPERESFILAKLKRKKGPGA,RESFILAKL,0,AP2A1,pancreatic adenocarcinoma,13,C0802,floor
99435,59,VLEEMPPFPERESFILAKLKRKKGPGA,RESFILAKL,0,AP2A1,pancreatic adenocarcinoma,13,C1202,scoreable
99435,54,VLEEMPPFPERESFILAKLKRKKGPGA,ESFILAKLK,0,AP2A1,pancreatic adenocarcinoma,13,A1101,scoreable
99435,106,VLEEMPPFPERESFILAKLKRKKGPGA,ESFILAKLK,0,AP2A1,pancreatic adenocarcinoma,13,A6802,floor
99435,106,VLEEMPPFPERESFILAKLKRKKGPGA,ESFILAKLK,0,AP2A1,pancreatic adenocarcinoma,13,B1402,floor
99435,106,VLEEMPPFPERESFILAKLKRKKGPGA,ESFILAKLK,0,AP2A1,pancreatic adenocarcinoma,13,B5201,floor
99435,106,VLEEMPPFPERESFILAKLKRKKGPGA,ESFILAKLK,0,AP2A1,pancreatic adenocarcinoma,13,C0802,floor
99435,106,VLEEMPPFPERESFILAKLKRKKGPGA,ESFILAKLK,0,AP2A1,pancreatic adenocarcinoma,13,C1202,floor
99435,54,VLEEMPPFPERESFILAKLKRKKGPGA,SFILAKLKR,0,AP2A1,pancreatic adenocarcinoma,13,A1101,scoreable
99435,106,VLEEMPPFPERESFILAKLKRKKGPGA,SFILAKLKR,0,AP2A1,pancreatic adenocarcinoma,13,A6802,floor
99435,106,VLEEMPPFPERESFILAKLKRKKGPGA,SFILAKLKR,0,AP2A1,pancreatic adenocarcinoma,13,B1402,floor
99435,106,VLEEMPPFPERESFILAKLKRKKGPGA,SFILAKLKR,0,AP2A1,pancreatic adenocarcinoma,13,B5201,floor
99435,106,VLEEMPPFPERESFILAKLKRKKGPGA,SFILAKLKR,0,AP2A1,pancreatic adenocarcinoma,13,C0802,floor
99435,106,VLEEMPPFPERESFILAKLKRKKGPGA,SFILAKLKR,0,AP2A1,pancreatic adenocarcinoma,13,C1202,floor
99435,54,VLEEMPPFPERESFILAKLKRKKGPGA,FILAKLKRK,0,AP2A1,pancreatic adenocarcinoma,13,A1101,scoreable
99435,106,VLEEMPPFPERESFILAKLKRKKGPGA,FILAKLKRK,0,AP2A1,pancreatic adenocarcinoma,13,A6802,floor
99435,106,VLEEMPPFPERESFILAKLKRKKGPGA,FILAKLKRK,0,AP2A1,pancreatic adenocarcinoma,13,B1402,floor
99435,106,VLEEMPPFPERESFILAKLKRKKGPGA,FILAKLKRK,0,AP2A1,pancreatic adenocarcinoma,13,B5201,floor
99435,106,VLEEMPPFPERESFILAKLKRKKGPGA,FILAKLKRK,0,AP2A1,pancreatic adenocarcinoma,13,C0802,floor
99435,106,VLEEMPPFPERESFILAKLKRKKGPGA,FILAKLKRK,0,AP2A1,pancreatic adenocarcinoma,13,C1202,floor
99435,106,VLEEMPPFPERESFILAKLKRKKGPGA,MPPFPERESF,0,AP2A1,pancreatic adenocarcinoma,13,A1101,floor
99435,106,VLEEMPPFPERESFILAKLKRKKGPGA,MPPFPERESF,0,AP2A1,pancreatic adenocarcinoma,13,A6802,floor
99435,106,VLEEMPPFPERESFILAKLKRKKGPGA,MPPFPERESF,0,AP2A1,pancreatic adenocarcinoma,13,B1402,floor
99435,106,VLEEMPPFPERESFILAKLKRKKGPGA,MPPFPERESF,0,AP2A1,pancreatic adenocarcinoma,13,B5201,floor
99435,106,VLEEMPPFPERESFILAKLKRKKGPGA,MPPFPERESF,0,AP2A1,pancreatic adenocarcinoma,13,C0802,floor
99435,59,VLEEMPPFPERESFILAKLKRKKGPGA,MPPFPERESF,0,AP2A1,pancreatic adenocarcinoma,13,C1202,scoreable
99435,106,VLEEMPPFPERESFILAKLKRKKGPGA,ERESFILAKL,0,AP2A1,pancreatic adenocarcinoma,13,A1101,floor
99435,106,VLEEMPPFPERESFILAKLKRKKGPGA,ERESFILAKL,0,AP2A1,pancreatic adenocarcinoma,13,A6802,floor
99435,56,VLEEMPPFPERESFILAKLKRKKGPGA,ERESFILAKL,0,AP2A1,pancreatic adenocarcinoma,13,B1402,scoreable
99435,106,VLEEMPPFPERESFILAKLKRKKGPGA,ERESFILAKL,0,AP2A1,pancreatic adenocarcinoma,13,B5201,floor
99435,106,VLEEMPPFPERESFILAKLKRKKGPGA,ERESFILAKL,0,AP2A1,pancreatic adenocarcinoma,13,C0802,floor
99435,106,VLEEMPPFPERESFILAKLKRKKGPGA,ERESFILAKL,0,AP2A1,pancreatic adenocarcinoma,13,C1202,floor
99435,54,VLEEMPPFPERESFILAKLKRKKGPGA,RESFILAKLK,0,AP2A1,pancreatic adenocarcinoma,13,A1101,scoreable
99435,106,VLEEMPPFPERESFILAKLKRKKGPGA,RESFILAKLK,0,AP2A1,pancreatic adenocarcinoma,13,A6802,floor
99435,106,VLEEMPPFPERESFILAKLKRKKGPGA,RESFILAKLK,0,AP2A1,pancreatic adenocarcinoma,13,B1402,floor
99435,106,VLEEMPPFPERESFILAKLKRKKGPGA,RESFILAKLK,0,AP2A1,pancreatic adenocarcinoma,13,B5201,floor
99435,106,VLEEMPPFPERESFILAKLKRKKGPGA,RESFILAKLK,0,AP2A1,pancreatic adenocarcinoma,13,C0802,floor
99435,106,VLEEMPPFPERESFILAKLKRKKGPGA,RESFILAKLK,0,AP2A1,pancreatic adenocarcinoma,13,C1202,floor
99435,54,VLEEMPPFPERESFILAKLKRKKGPGA,ESFILAKLKR,0,AP2A1,pancreatic adenocarcinoma,13,A1101,scoreable
99435,106,VLEEMPPFPERESFILAKLKRKKGPGA,ESFILAKLKR,0,AP2A1,pancreatic adenocarcinoma,13,A6802,floor
99435,106,VLEEMPPFPERESFILAKLKRKKGPGA,ESFILAKLKR,0,AP2A1,pancreatic adenocarcinoma,13,B1402,floor
99435,106,VLEEMPPFPERESFILAKLKRKKGPGA,ESFILAKLKR,0,AP2A1,pancreatic adenocarcinoma,13,B5201,floor
99435,106,VLEEMPPFPERESFILAKLKRKKGPGA,ESFILAKLKR,0,AP2A1,pancreatic adenocarcinoma,13,C0802,floor
99435,106,VLEEMPPFPERESFILAKLKRKKGPGA,ESFILAKLKR,0,AP2A1,pancreatic adenocarcinoma,13,C1202,floor
99435,54,VLEEMPPFPERESFILAKLKRKKGPGA,SFILAKLKRK,0,AP2A1,pancreatic adenocarcinoma,13,A1101,scoreable
99435,106,VLEEMPPFPERESFILAKLKRKKGPGA,SFILAKLKRK,0,AP2A1,pancreatic adenocarcinoma,13,A6802,floor
99435,106,VLEEMPPFPERESFILAKLKRKKGPGA,SFILAKLKRK,0,AP2A1,pancreatic adenocarcinoma,13,B1402,floor
99435,106,VLEEMPPFPERESFILAKLKRKKGPGA,SFILAKLKRK,0,AP2A1,pancreatic adenocarcinoma,13,B5201,floor
99435,106,VLEEMPPFPERESFILAKLKRKKGPGA,SFILAKLKRK,0,AP2A1,pancreatic adenocarcinoma,13,C0802,floor
99435,106,VLEEMPPFPERESFILAKLKRKKGPGA,SFILAKLKRK,0,AP2A1,pancreatic adenocarcinoma,13,C1202,floor
99435,54,VLEEMPPFPERESFILAKLKRKKGPGA,FILAKLKRKK,0,AP2A1,pancreatic adenocarcinoma,13,A1101,scoreable
99435,106,VLEEMPPFPERESFILAKLKRKKGPGA,FILAKLKRKK,0,AP2A1,pancreatic adenocarcinoma,13,A6802,floor
99435,106,VLEEMPPFPERESFILAKLKRKKGPGA,FILAKLKRKK,0,AP2A1,pancreatic adenocarcinoma,13,B1402,floor
99435,106,VLEEMPPFPERESFILAKLKRKKGPGA,FILAKLKRKK,0,AP2A1,pancreatic adenocarcinoma,13,B5201,floor
99435,106,VLEEMPPFPERESFILAKLKRKKGPGA,FILAKLKRKK,0,AP2A1,pancreatic adenocarcinoma,13,C0802,floor
99435,106,VLEEMPPFPERESFILAKLKRKKGPGA,FILAKLKRKK,0,AP2A1,pancreatic adenocarcinoma,13,C1202,floor
99435,106,VLEEMPPFPERESFILAKLKRKKGPGA,EMPPFPERESF,0,AP2A1,pancreatic adenocarcinoma,13,A1101,floor
99435,106,VLEEMPPFPERESFILAKLKRKKGPGA,EMPPFPERESF,0,AP2A1,pancreatic adenocarcinoma,13,A6802,floor
99435,106,VLEEMPPFPERESFILAKLKRKKGPGA,EMPPFPERESF,0,AP2A1,pancreatic adenocarcinoma,13,B1402,floor
99435,106,VLEEMPPFPERESFILAKLKRKKGPGA,EMPPFPERESF,0,AP2A1,pancreatic adenocarcinoma,13,B5201,floor
99435,106,VLEEMPPFPERESFILAKLKRKKGPGA,EMPPFPERESF,0,AP2A1,pancreatic adenocarcinoma,13,C0802,floor
99435,59,VLEEMPPFPERESFILAKLKRKKGPGA,EMPPFPERESF,0,AP2A1,pancreatic adenocarcinoma,13,C1202,scoreable
99435,54,VLEEMPPFPERESFILAKLKRKKGPGA,ESFILAKLKRK,0,AP2A1,pancreatic adenocarcinoma,13,A1101,scoreable
99435,106,VLEEMPPFPERESFILAKLKRKKGPGA,ESFILAKLKRK,0,AP2A1,pancreatic adenocarcinoma,13,A6802,floor
99435,106,VLEEMPPFPERESFILAKLKRKKGPGA,ESFILAKLKRK,0,AP2A1,pancreatic adenocarcinoma,13,B1402,floor
99435,106,VLEEMPPFPERESFILAKLKRKKGPGA,ESFILAKLKRK,0,AP2A1,pancreatic adenocarcinoma,13,B5201,floor
99435,106,VLEEMPPFPERESFILAKLKRKKGPGA,ESFILAKLKRK,0,AP2A1,pancreatic adenocarcinoma,13,C0802,floor
99435,106,VLEEMPPFPERESFILAKLKRKKGPGA,ESFILAKLKRK,0,AP2A1,pancreatic adenocarcinoma,13,C1202,floor
99435,106,VLEEMPPFPERESFILAKLKRKKGPGA,EEMPPFPERESF,0,AP2A1,pancreatic adenocarcinoma,13,A1101,floor
99435,106,VLEEMPPFPERESFILAKLKRKKGPGA,EEMPPFPERESF,0,AP2A1,pancreatic adenocarcinoma,13,A6802,floor
99435,106,VLEEMPPFPERESFILAKLKRKKGPGA,EEMPPFPERESF,0,AP2A1,pancreatic adenocarcinoma,13,B1402,floor
99435,57,VLEEMPPFPERESFILAKLKRKKGPGA,EEMPPFPERESF,0,AP2A1,pancreatic adenocarcinoma,13,B5201,scoreable
99435,106,VLEEMPPFPERESFILAKLKRKKGPGA,EEMPPFPERESF,0,AP2A1,pancreatic adenocarcinoma,13,C0802,floor
99435,59,VLEEMPPFPERESFILAKLKRKKGPGA,EEMPPFPERESF,0,AP2A1,pancreatic adenocarcinoma,13,C1202,scoreable
99435,54,EGGIDYQAGDTYVPTSDYKDNFGSSSF,DTYVPTSDY,0,CDK13,pancreatic adenocarcinoma,13,A1101,scoreable
99435,106,EGGIDYQAGDTYVPTSDYKDNFGSSSF,DTYVPTSDY,0,CDK13,pancreatic adenocarcinoma,13,A6802,floor
99435,106,EGGIDYQAGDTYVPTSDYKDNFGSSSF,DTYVPTSDY,0,CDK13,pancreatic adenocarcinoma,13,B1402,floor
99435,106,EGGIDYQAGDTYVPTSDYKDNFGSSSF,DTYVPTSDY,0,CDK13,pancreatic adenocarcinoma,13,B5201,floor
99435,106,EGGIDYQAGDTYVPTSDYKDNFGSSSF,DTYVPTSDY,0,CDK13,pancreatic adenocarcinoma,13,C0802,floor
99435,106,EGGIDYQAGDTYVPTSDYKDNFGSSSF,DTYVPTSDY,0,CDK13,pancreatic adenocarcinoma,13,C1202,floor
99435,54,EGGIDYQAGDTYVPTSDYKDNFGSSSF,TYVPTSDYK,0,CDK13,pancreatic adenocarcinoma,13,A1101,scoreable
99435,106,EGGIDYQAGDTYVPTSDYKDNFGSSSF,TYVPTSDYK,0,CDK13,pancreatic adenocarcinoma,13,A6802,floor
99435,106,EGGIDYQAGDTYVPTSDYKDNFGSSSF,TYVPTSDYK,0,CDK13,pancreatic adenocarcinoma,13,B1402,floor
99435,106,EGGIDYQAGDTYVPTSDYKDNFGSSSF,TYVPTSDYK,0,CDK13,pancreatic adenocarcinoma,13,B5201,floor
99435,106,EGGIDYQAGDTYVPTSDYKDNFGSSSF,TYVPTSDYK,0,CDK13,pancreatic adenocarcinoma,13,C0802,floor
99435,106,EGGIDYQAGDTYVPTSDYKDNFGSSSF,TYVPTSDYK,0,CDK13,pancreatic adenocarcinoma,13,C1202,floor
99435,106,EGGIDYQAGDTYVPTSDYKDNFGSSSF,YQAGDTYVPT,0,CDK13,pancreatic adenocarcinoma,13,A1101,floor
99435,106,EGGIDYQAGDTYVPTSDYKDNFGSSSF,YQAGDTYVPT,0,CDK13,pancreatic adenocarcinoma,13,A6802,floor
99435,106,EGGIDYQAGDTYVPTSDYKDNFGSSSF,YQAGDTYVPT,0,CDK13,pancreatic adenocarcinoma,13,B1402,floor
99435,57,EGGIDYQAGDTYVPTSDYKDNFGSSSF,YQAGDTYVPT,0,CDK13,pancreatic adenocarcinoma,13,B5201,scoreable
99435,106,EGGIDYQAGDTYVPTSDYKDNFGSSSF,YQAGDTYVPT,0,CDK13,pancreatic adenocarcinoma,13,C0802,floor
99435,106,EGGIDYQAGDTYVPTSDYKDNFGSSSF,YQAGDTYVPT,0,CDK13,pancreatic adenocarcinoma,13,C1202,floor
99435,54,EGGIDYQAGDTYVPTSDYKDNFGSSSF,DTYVPTSDYK,0,CDK13,pancreatic adenocarcinoma,13,A1101,scoreable
99435,106,EGGIDYQAGDTYVPTSDYKDNFGSSSF,DTYVPTSDYK,0,CDK13,pancreatic adenocarcinoma,13,A6802,floor
99435,106,EGGIDYQAGDTYVPTSDYKDNFGSSSF,DTYVPTSDYK,0,CDK13,pancreatic adenocarcinoma,13,B1402,floor
99435,106,EGGIDYQAGDTYVPTSDYKDNFGSSSF,DTYVPTSDYK,0,CDK13,pancreatic adenocarcinoma,13,B5201,floor
99435,106,EGGIDYQAGDTYVPTSDYKDNFGSSSF,DTYVPTSDYK,0,CDK13,pancreatic adenocarcinoma,13,C0802,floor
99435,106,EGGIDYQAGDTYVPTSDYKDNFGSSSF,DTYVPTSDYK,0,CDK13,pancreatic adenocarcinoma,13,C1202,floor
99435,106,EGGIDYQAGDTYVPTSDYKDNFGSSSF,YVPTSDYKDNF,0,CDK13,pancreatic adenocarcinoma,13,A1101,floor
99435,106,EGGIDYQAGDTYVPTSDYKDNFGSSSF,YVPTSDYKDNF,0,CDK13,pancreatic adenocarcinoma,13,A6802,floor
99435,106,EGGIDYQAGDTYVPTSDYKDNFGSSSF,YVPTSDYKDNF,0,CDK13,pancreatic adenocarcinoma,13,B1402,floor
99435,106,EGGIDYQAGDTYVPTSDYKDNFGSSSF,YVPTSDYKDNF,0,CDK13,pancreatic adenocarcinoma,13,B5201,floor
99435,106,EGGIDYQAGDTYVPTSDYKDNFGSSSF,YVPTSDYKDNF,0,CDK13,pancreatic adenocarcinoma,13,C0802,floor
99435,59,EGGIDYQAGDTYVPTSDYKDNFGSSSF,YVPTSDYKDNF,0,CDK13,pancreatic adenocarcinoma,13,C1202,scoreable
99435,106,EGGIDYQAGDTYVPTSDYKDNFGSSSF,QAGDTYVPTSDY,0,CDK13,pancreatic adenocarcinoma,13,A1101,floor
99435,106,EGGIDYQAGDTYVPTSDYKDNFGSSSF,QAGDTYVPTSDY,0,CDK13,pancreatic adenocarcinoma,13,A6802,floor
99435,106,EGGIDYQAGDTYVPTSDYKDNFGSSSF,QAGDTYVPTSDY,0,CDK13,pancreatic adenocarcinoma,13,B1402,floor
99435,106,EGGIDYQAGDTYVPTSDYKDNFGSSSF,QAGDTYVPTSDY,0,CDK13,pancreatic adenocarcinoma,13,B5201,floor
99435,106,EGGIDYQAGDTYVPTSDYKDNFGSSSF,QAGDTYVPTSDY,0,CDK13,pancreatic adenocarcinoma,13,C0802,floor
99435,59,EGGIDYQAGDTYVPTSDYKDNFGSSSF,QAGDTYVPTSDY,0,CDK13,pancreatic adenocarcinoma,13,C1202,scoreable
99435,54,EGGIDYQAGDTYVPTSDYKDNFGSSSF,AGDTYVPTSDYK,0,CDK13,pancreatic adenocarcinoma,13,A1101,scoreable
99435,106,EGGIDYQAGDTYVPTSDYKDNFGSSSF,AGDTYVPTSDYK,0,CDK13,pancreatic adenocarcinoma,13,A6802,floor
99435,106,EGGIDYQAGDTYVPTSDYKDNFGSSSF,AGDTYVPTSDYK,0,CDK13,pancreatic adenocarcinoma,13,B1402,floor
99435,106,EGGIDYQAGDTYVPTSDYKDNFGSSSF,AGDTYVPTSDYK,0,CDK13,pancreatic adenocarcinoma,13,B5201,floor
99435,106,EGGIDYQAGDTYVPTSDYKDNFGSSSF,AGDTYVPTSDYK,0,CDK13,pancreatic adenocarcinoma,13,C0802,floor
99435,106,EGGIDYQAGDTYVPTSDYKDNFGSSSF,AGDTYVPTSDYK,0,CDK13,pancreatic adenocarcinoma,13,C1202,floor
99435,54,HTLHFITLVGTQGHHAGGHGIEFAPMY,ITLVGTQGH,0,DDR2,pancreatic adenocarcinoma,13,A1101,scoreable
99435,106,HTLHFITLVGTQGHHAGGHGIEFAPMY,ITLVGTQGH,0,DDR2,pancreatic adenocarcinoma,13,A6802,floor
99435,106,HTLHFITLVGTQGHHAGGHGIEFAPMY,ITLVGTQGH,0,DDR2,pancreatic adenocarcinoma,13,B1402,floor
99435,106,HTLHFITLVGTQGHHAGGHGIEFAPMY,ITLVGTQGH,0,DDR2,pancreatic adenocarcinoma,13,B5201,floor
99435,106,HTLHFITLVGTQGHHAGGHGIEFAPMY,ITLVGTQGH,0,DDR2,pancreatic adenocarcinoma,13,C0802,floor
99435,106,HTLHFITLVGTQGHHAGGHGIEFAPMY,ITLVGTQGH,0,DDR2,pancreatic adenocarcinoma,13,C1202,floor
99435,54,HTLHFITLVGTQGHHAGGHGIEFAPMY,TLVGTQGHH,0,DDR2,pancreatic adenocarcinoma,13,A1101,scoreable
99435,106,HTLHFITLVGTQGHHAGGHGIEFAPMY,TLVGTQGHH,0,DDR2,pancreatic adenocarcinoma,13,A6802,floor
99435,106,HTLHFITLVGTQGHHAGGHGIEFAPMY,TLVGTQGHH,0,DDR2,pancreatic adenocarcinoma,13,B1402,floor
99435,106,HTLHFITLVGTQGHHAGGHGIEFAPMY,TLVGTQGHH,0,DDR2,pancreatic adenocarcinoma,13,B5201,floor
99435,106,HTLHFITLVGTQGHHAGGHGIEFAPMY,TLVGTQGHH,0,DDR2,pancreatic adenocarcinoma,13,C0802,floor
99435,106,HTLHFITLVGTQGHHAGGHGIEFAPMY,TLVGTQGHH,0,DDR2,pancreatic adenocarcinoma,13,C1202,floor
99435,106,HTLHFITLVGTQGHHAGGHGIEFAPMY,LVGTQGHHA,0,DDR2,pancreatic adenocarcinoma,13,A1101,floor
99435,55,HTLHFITLVGTQGHHAGGHGIEFAPMY,LVGTQGHHA,0,DDR2,pancreatic adenocarcinoma,13,A6802,scoreable
99435,106,HTLHFITLVGTQGHHAGGHGIEFAPMY,LVGTQGHHA,0,DDR2,pancreatic adenocarcinoma,13,B1402,floor
99435,106,HTLHFITLVGTQGHHAGGHGIEFAPMY,LVGTQGHHA,0,DDR2,pancreatic adenocarcinoma,13,B5201,floor
99435,106,HTLHFITLVGTQGHHAGGHGIEFAPMY,LVGTQGHHA,0,DDR2,pancreatic adenocarcinoma,13,C0802,floor
99435,106,HTLHFITLVGTQGHHAGGHGIEFAPMY,LVGTQGHHA,0,DDR2,pancreatic adenocarcinoma,13,C1202,floor
99435,106,HTLHFITLVGTQGHHAGGHGIEFAPMY,GHHAGGHGI,0,DDR2,pancreatic adenocarcinoma,13,A1101,floor
99435,106,HTLHFITLVGTQGHHAGGHGIEFAPMY,GHHAGGHGI,0,DDR2,pancreatic adenocarcinoma,13,A6802,floor
99435,56,HTLHFITLVGTQGHHAGGHGIEFAPMY,GHHAGGHGI,0,DDR2,pancreatic adenocarcinoma,13,B1402,scoreable
99435,57,HTLHFITLVGTQGHHAGGHGIEFAPMY,GHHAGGHGI,0,DDR2,pancreatic adenocarcinoma,13,B5201,scoreable
99435,106,HTLHFITLVGTQGHHAGGHGIEFAPMY,GHHAGGHGI,0,DDR2,pancreatic adenocarcinoma,13,C0802,floor
99435,106,HTLHFITLVGTQGHHAGGHGIEFAPMY,GHHAGGHGI,0,DDR2,pancreatic adenocarcinoma,13,C1202,floor
99435,106,HTLHFITLVGTQGHHAGGHGIEFAPMY,FITLVGTQGH,0,DDR2,pancreatic adenocarcinoma,13,A1101,floor
99435,106,HTLHFITLVGTQGHHAGGHGIEFAPMY,FITLVGTQGH,0,DDR2,pancreatic adenocarcinoma,13,A6802,floor
99435,106,HTLHFITLVGTQGHHAGGHGIEFAPMY,FITLVGTQGH,0,DDR2,pancreatic adenocarcinoma,13,B1402,floor
99435,106,HTLHFITLVGTQGHHAGGHGIEFAPMY,FITLVGTQGH,0,DDR2,pancreatic adenocarcinoma,13,B5201,floor
99435,106,HTLHFITLVGTQGHHAGGHGIEFAPMY,FITLVGTQGH,0,DDR2,pancreatic adenocarcinoma,13,C0802,floor
99435,59,HTLHFITLVGTQGHHAGGHGIEFAPMY,FITLVGTQGH,0,DDR2,pancreatic adenocarcinoma,13,C1202,scoreable
99435,54,HTLHFITLVGTQGHHAGGHGIEFAPMY,ITLVGTQGHH,0,DDR2,pancreatic adenocarcinoma,13,A1101,scoreable
99435,106,HTLHFITLVGTQGHHAGGHGIEFAPMY,ITLVGTQGHH,0,DDR2,pancreatic adenocarcinoma,13,A6802,floor
99435,106,HTLHFITLVGTQGHHAGGHGIEFAPMY,ITLVGTQGHH,0,DDR2,pancreatic adenocarcinoma,13,B1402,floor
99435,106,HTLHFITLVGTQGHHAGGHGIEFAPMY,ITLVGTQGHH,0,DDR2,pancreatic adenocarcinoma,13,B5201,floor
99435,106,HTLHFITLVGTQGHHAGGHGIEFAPMY,ITLVGTQGHH,0,DDR2,pancreatic adenocarcinoma,13,C0802,floor
99435,106,HTLHFITLVGTQGHHAGGHGIEFAPMY,ITLVGTQGHH,0,DDR2,pancreatic adenocarcinoma,13,C1202,floor
99435,106,HTLHFITLVGTQGHHAGGHGIEFAPMY,QGHHAGGHGI,0,DDR2,pancreatic adenocarcinoma,13,A1101,floor
99435,106,HTLHFITLVGTQGHHAGGHGIEFAPMY,QGHHAGGHGI,0,DDR2,pancreatic adenocarcinoma,13,A6802,floor
99435,106,HTLHFITLVGTQGHHAGGHGIEFAPMY,QGHHAGGHGI,0,DDR2,pancreatic adenocarcinoma,13,B1402,floor
99435,57,HTLHFITLVGTQGHHAGGHGIEFAPMY,QGHHAGGHGI,0,DDR2,pancreatic adenocarcinoma,13,B5201,scoreable
99435,106,HTLHFITLVGTQGHHAGGHGIEFAPMY,QGHHAGGHGI,0,DDR2,pancreatic adenocarcinoma,13,C0802,floor
99435,106,HTLHFITLVGTQGHHAGGHGIEFAPMY,QGHHAGGHGI,0,DDR2,pancreatic adenocarcinoma,13,C1202,floor
99435,106,HTLHFITLVGTQGHHAGGHGIEFAPMY,HHAGGHGIEF,0,DDR2,pancreatic adenocarcinoma,13,A1101,floor
99435,106,HTLHFITLVGTQGHHAGGHGIEFAPMY,HHAGGHGIEF,0,DDR2,pancreatic adenocarcinoma,13,A6802,floor
99435,56,HTLHFITLVGTQGHHAGGHGIEFAPMY,HHAGGHGIEF,0,DDR2,pancreatic adenocarcinoma,13,B1402,scoreable
99435,57,HTLHFITLVGTQGHHAGGHGIEFAPMY,HHAGGHGIEF,0,DDR2,pancreatic adenocarcinoma,13,B5201,scoreable
99435,106,HTLHFITLVGTQGHHAGGHGIEFAPMY,HHAGGHGIEF,0,DDR2,pancreatic adenocarcinoma,13,C0802,floor
99435,59,HTLHFITLVGTQGHHAGGHGIEFAPMY,HHAGGHGIEF,0,DDR2,pancreatic adenocarcinoma,13,C1202,scoreable
99435,106,HTLHFITLVGTQGHHAGGHGIEFAPMY,TQGHHAGGHGI,0,DDR2,pancreatic adenocarcinoma,13,A1101,floor
99435,106,HTLHFITLVGTQGHHAGGHGIEFAPMY,TQGHHAGGHGI,0,DDR2,pancreatic adenocarcinoma,13,A6802,floor
99435,106,HTLHFITLVGTQGHHAGGHGIEFAPMY,TQGHHAGGHGI,0,DDR2,pancreatic adenocarcinoma,13,B1402,floor
99435,57,HTLHFITLVGTQGHHAGGHGIEFAPMY,TQGHHAGGHGI,0,DDR2,pancreatic adenocarcinoma,13,B5201,scoreable
99435,106,HTLHFITLVGTQGHHAGGHGIEFAPMY,TQGHHAGGHGI,0,DDR2,pancreatic adenocarcinoma,13,C0802,floor
99435,106,HTLHFITLVGTQGHHAGGHGIEFAPMY,TQGHHAGGHGI,0,DDR2,pancreatic adenocarcinoma,13,C1202,floor
99435,106,HTLHFITLVGTQGHHAGGHGIEFAPMY,GHHAGGHGIEF,0,DDR2,pancreatic adenocarcinoma,13,A1101,floor
99435,106,HTLHFITLVGTQGHHAGGHGIEFAPMY,GHHAGGHGIEF,0,DDR2,pancreatic adenocarcinoma,13,A6802,floor
99435,106,HTLHFITLVGTQGHHAGGHGIEFAPMY,GHHAGGHGIEF,0,DDR2,pancreatic adenocarcinoma,13,B1402,floor
99435,57,HTLHFITLVGTQGHHAGGHGIEFAPMY,GHHAGGHGIEF,0,DDR2,pancreatic adenocarcinoma,13,B5201,scoreable
99435,106,HTLHFITLVGTQGHHAGGHGIEFAPMY,GHHAGGHGIEF,0,DDR2,pancreatic adenocarcinoma,13,C0802,floor
99435,59,HTLHFITLVGTQGHHAGGHGIEFAPMY,GHHAGGHGIEF,0,DDR2,pancreatic adenocarcinoma,13,C1202,scoreable
99435,106,HTLHFITLVGTQGHHAGGHGIEFAPMY,GTQGHHAGGHGI,0,DDR2,pancreatic adenocarcinoma,13,A1101,floor
99435,106,HTLHFITLVGTQGHHAGGHGIEFAPMY,GTQGHHAGGHGI,0,DDR2,pancreatic adenocarcinoma,13,A6802,floor
99435,106,HTLHFITLVGTQGHHAGGHGIEFAPMY,GTQGHHAGGHGI,0,DDR2,pancreatic adenocarcinoma,13,B1402,floor
99435,106,HTLHFITLVGTQGHHAGGHGIEFAPMY,GTQGHHAGGHGI,0,DDR2,pancreatic adenocarcinoma,13,B5201,floor
99435,106,HTLHFITLVGTQGHHAGGHGIEFAPMY,GTQGHHAGGHGI,0,DDR2,pancreatic adenocarcinoma,13,C0802,floor
99435,59,HTLHFITLVGTQGHHAGGHGIEFAPMY,GTQGHHAGGHGI,0,DDR2,pancreatic adenocarcinoma,13,C1202,scoreable
99435,106,HTLHFITLVGTQGHHAGGHGIEFAPMY,QGHHAGGHGIEF,0,DDR2,pancreatic adenocarcinoma,13,A1101,floor
99435,106,HTLHFITLVGTQGHHAGGHGIEFAPMY,QGHHAGGHGIEF,0,DDR2,pancreatic adenocarcinoma,13,A6802,floor
99435,106,HTLHFITLVGTQGHHAGGHGIEFAPMY,QGHHAGGHGIEF,0,DDR2,pancreatic adenocarcinoma,13,B1402,floor
99435,106,HTLHFITLVGTQGHHAGGHGIEFAPMY,QGHHAGGHGIEF,0,DDR2,pancreatic adenocarcinoma,13,B5201,floor
99435,106,HTLHFITLVGTQGHHAGGHGIEFAPMY,QGHHAGGHGIEF,0,DDR2,pancreatic adenocarcinoma,13,C0802,floor
99435,59,HTLHFITLVGTQGHHAGGHGIEFAPMY,QGHHAGGHGIEF,0,DDR2,pancreatic adenocarcinoma,13,C1202,scoreable
99435,54,LTSQTRLRLSGMLHGLVNVGWMDCATQ,RLRLSGMLH,0,DNAJC10,pancreatic adenocarcinoma,13,A1101,scoreable
99435,106,LTSQTRLRLSGMLHGLVNVGWMDCATQ,RLRLSGMLH,0,DNAJC10,pancreatic adenocarcinoma,13,A6802,floor
99435,106,LTSQTRLRLSGMLHGLVNVGWMDCATQ,RLRLSGMLH,0,DNAJC10,pancreatic adenocarcinoma,13,B1402,floor
99435,106,LTSQTRLRLSGMLHGLVNVGWMDCATQ,RLRLSGMLH,0,DNAJC10,pancreatic adenocarcinoma,13,B5201,floor
99435,106,LTSQTRLRLSGMLHGLVNVGWMDCATQ,RLRLSGMLH,0,DNAJC10,pancreatic adenocarcinoma,13,C0802,floor
99435,106,LTSQTRLRLSGMLHGLVNVGWMDCATQ,RLRLSGMLH,0,DNAJC10,pancreatic adenocarcinoma,13,C1202,floor
99435,106,LTSQTRLRLSGMLHGLVNVGWMDCATQ,RLSGMLHGL,0,DNAJC10,pancreatic adenocarcinoma,13,A1101,floor
99435,55,LTSQTRLRLSGMLHGLVNVGWMDCATQ,RLSGMLHGL,0,DNAJC10,pancreatic adenocarcinoma,13,A6802,scoreable
99435,106,LTSQTRLRLSGMLHGLVNVGWMDCATQ,RLSGMLHGL,0,DNAJC10,pancreatic adenocarcinoma,13,B1402,floor
99435,57,LTSQTRLRLSGMLHGLVNVGWMDCATQ,RLSGMLHGL,0,DNAJC10,pancreatic adenocarcinoma,13,B5201,scoreable
99435,106,LTSQTRLRLSGMLHGLVNVGWMDCATQ,RLSGMLHGL,0,DNAJC10,pancreatic adenocarcinoma,13,C0802,floor
99435,59,LTSQTRLRLSGMLHGLVNVGWMDCATQ,RLSGMLHGL,0,DNAJC10,pancreatic adenocarcinoma,13,C1202,scoreable
99435,106,LTSQTRLRLSGMLHGLVNVGWMDCATQ,GMLHGLVNV,0,DNAJC10,pancreatic adenocarcinoma,13,A1101,floor
99435,106,LTSQTRLRLSGMLHGLVNVGWMDCATQ,GMLHGLVNV,0,DNAJC10,pancreatic adenocarcinoma,13,A6802,floor
99435,106,LTSQTRLRLSGMLHGLVNVGWMDCATQ,GMLHGLVNV,0,DNAJC10,pancreatic adenocarcinoma,13,B1402,floor
99435,57,LTSQTRLRLSGMLHGLVNVGWMDCATQ,GMLHGLVNV,0,DNAJC10,pancreatic adenocarcinoma,13,B5201,scoreable
99435,106,LTSQTRLRLSGMLHGLVNVGWMDCATQ,GMLHGLVNV,0,DNAJC10,pancreatic adenocarcinoma,13,C0802,floor
99435,106,LTSQTRLRLSGMLHGLVNVGWMDCATQ,GMLHGLVNV,0,DNAJC10,pancreatic adenocarcinoma,13,C1202,floor
99435,106,LTSQTRLRLSGMLHGLVNVGWMDCATQ,LRLSGMLHGL,0,DNAJC10,pancreatic adenocarcinoma,13,A1101,floor
99435,106,LTSQTRLRLSGMLHGLVNVGWMDCATQ,LRLSGMLHGL,0,DNAJC10,pancreatic adenocarcinoma,13,A6802,floor
99435,56,LTSQTRLRLSGMLHGLVNVGWMDCATQ,LRLSGMLHGL,0,DNAJC10,pancreatic adenocarcinoma,13,B1402,scoreable
99435,106,LTSQTRLRLSGMLHGLVNVGWMDCATQ,LRLSGMLHGL,0,DNAJC10,pancreatic adenocarcinoma,13,B5201,floor
99435,106,LTSQTRLRLSGMLHGLVNVGWMDCATQ,LRLSGMLHGL,0,DNAJC10,pancreatic adenocarcinoma,13,C0802,floor
99435,106,LTSQTRLRLSGMLHGLVNVGWMDCATQ,LRLSGMLHGL,0,DNAJC10,pancreatic adenocarcinoma,13,C1202,floor
99435,106,LTSQTRLRLSGMLHGLVNVGWMDCATQ,RLSGMLHGLV,0,DNAJC10,pancreatic adenocarcinoma,13,A1101,floor
99435,106,LTSQTRLRLSGMLHGLVNVGWMDCATQ,RLSGMLHGLV,0,DNAJC10,pancreatic adenocarcinoma,13,A6802,floor
99435,106,LTSQTRLRLSGMLHGLVNVGWMDCATQ,RLSGMLHGLV,0,DNAJC10,pancreatic adenocarcinoma,13,B1402,floor
99435,57,LTSQTRLRLSGMLHGLVNVGWMDCATQ,RLSGMLHGLV,0,DNAJC10,pancreatic adenocarcinoma,13,B5201,scoreable
99435,106,LTSQTRLRLSGMLHGLVNVGWMDCATQ,RLSGMLHGLV,0,DNAJC10,pancreatic adenocarcinoma,13,C0802,floor
99435,106,LTSQTRLRLSGMLHGLVNVGWMDCATQ,RLSGMLHGLV,0,DNAJC10,pancreatic adenocarcinoma,13,C1202,floor
99435,106,LTSQTRLRLSGMLHGLVNVGWMDCATQ,SGMLHGLVNV,0,DNAJC10,pancreatic adenocarcinoma,13,A1101,floor
99435,106,LTSQTRLRLSGMLHGLVNVGWMDCATQ,SGMLHGLVNV,0,DNAJC10,pancreatic adenocarcinoma,13,A6802,floor
99435,106,LTSQTRLRLSGMLHGLVNVGWMDCATQ,SGMLHGLVNV,0,DNAJC10,pancreatic adenocarcinoma,13,B1402,floor
99435,57,LTSQTRLRLSGMLHGLVNVGWMDCATQ,SGMLHGLVNV,0,DNAJC10,pancreatic adenocarcinoma,13,B5201,scoreable
99435,106,LTSQTRLRLSGMLHGLVNVGWMDCATQ,SGMLHGLVNV,0,DNAJC10,pancreatic adenocarcinoma,13,C0802,floor
99435,106,LTSQTRLRLSGMLHGLVNVGWMDCATQ,SGMLHGLVNV,0,DNAJC10,pancreatic adenocarcinoma,13,C1202,floor
99435,106,LTSQTRLRLSGMLHGLVNVGWMDCATQ,MLHGLVNVGW,0,DNAJC10,pancreatic adenocarcinoma,13,A1101,floor
99435,106,LTSQTRLRLSGMLHGLVNVGWMDCATQ,MLHGLVNVGW,0,DNAJC10,pancreatic adenocarcinoma,13,A6802,floor
99435,106,LTSQTRLRLSGMLHGLVNVGWMDCATQ,MLHGLVNVGW,0,DNAJC10,pancreatic adenocarcinoma,13,B1402,floor
99435,57,LTSQTRLRLSGMLHGLVNVGWMDCATQ,MLHGLVNVGW,0,DNAJC10,pancreatic adenocarcinoma,13,B5201,scoreable
99435,106,LTSQTRLRLSGMLHGLVNVGWMDCATQ,MLHGLVNVGW,0,DNAJC10,pancreatic adenocarcinoma,13,C0802,floor
99435,59,LTSQTRLRLSGMLHGLVNVGWMDCATQ,MLHGLVNVGW,0,DNAJC10,pancreatic adenocarcinoma,13,C1202,scoreable
99435,106,LTSQTRLRLSGMLHGLVNVGWMDCATQ,TRLRLSGMLHGL,0,DNAJC10,pancreatic adenocarcinoma,13,A1101,floor
99435,106,LTSQTRLRLSGMLHGLVNVGWMDCATQ,TRLRLSGMLHGL,0,DNAJC10,pancreatic adenocarcinoma,13,A6802,floor
99435,56,LTSQTRLRLSGMLHGLVNVGWMDCATQ,TRLRLSGMLHGL,0,DNAJC10,pancreatic adenocarcinoma,13,B1402,scoreable
99435,106,LTSQTRLRLSGMLHGLVNVGWMDCATQ,TRLRLSGMLHGL,0,DNAJC10,pancreatic adenocarcinoma,13,B5201,floor
99435,106,LTSQTRLRLSGMLHGLVNVGWMDCATQ,TRLRLSGMLHGL,0,DNAJC10,pancreatic adenocarcinoma,13,C0802,floor
99435,106,LTSQTRLRLSGMLHGLVNVGWMDCATQ,TRLRLSGMLHGL,0,DNAJC10,pancreatic adenocarcinoma,13,C1202,floor
99435,54,PGNPRELIAYSQYSRPSDIPQWNSDKP,LIAYSQYSR,0,IDS,pancreatic adenocarcinoma,13,A1101,scoreable
99435,106,PGNPRELIAYSQYSRPSDIPQWNSDKP,LIAYSQYSR,0,IDS,pancreatic adenocarcinoma,13,A6802,floor
99435,106,PGNPRELIAYSQYSRPSDIPQWNSDKP,LIAYSQYSR,0,IDS,pancreatic adenocarcinoma,13,B1402,floor
99435,106,PGNPRELIAYSQYSRPSDIPQWNSDKP,LIAYSQYSR,0,IDS,pancreatic adenocarcinoma,13,B5201,floor
99435,106,PGNPRELIAYSQYSRPSDIPQWNSDKP,LIAYSQYSR,0,IDS,pancreatic adenocarcinoma,13,C0802,floor
99435,106,PGNPRELIAYSQYSRPSDIPQWNSDKP,LIAYSQYSR,0,IDS,pancreatic adenocarcinoma,13,C1202,floor
99435,106,PGNPRELIAYSQYSRPSDIPQWNSDKP,SQYSRPSDI,0,IDS,pancreatic adenocarcinoma,13,A1101,floor
99435,106,PGNPRELIAYSQYSRPSDIPQWNSDKP,SQYSRPSDI,0,IDS,pancreatic adenocarcinoma,13,A6802,floor
99435,56,PGNPRELIAYSQYSRPSDIPQWNSDKP,SQYSRPSDI,0,IDS,pancreatic adenocarcinoma,13,B1402,scoreable
99435,57,PGNPRELIAYSQYSRPSDIPQWNSDKP,SQYSRPSDI,0,IDS,pancreatic adenocarcinoma,13,B5201,scoreable
99435,106,PGNPRELIAYSQYSRPSDIPQWNSDKP,SQYSRPSDI,0,IDS,pancreatic adenocarcinoma,13,C0802,floor
99435,106,PGNPRELIAYSQYSRPSDIPQWNSDKP,SQYSRPSDI,0,IDS,pancreatic adenocarcinoma,13,C1202,floor
99435,54,PGNPRELIAYSQYSRPSDIPQWNSDKP,ELIAYSQYSR,0,IDS,pancreatic adenocarcinoma,13,A1101,scoreable
99435,106,PGNPRELIAYSQYSRPSDIPQWNSDKP,ELIAYSQYSR,0,IDS,pancreatic adenocarcinoma,13,A6802,floor
99435,106,PGNPRELIAYSQYSRPSDIPQWNSDKP,ELIAYSQYSR,0,IDS,pancreatic adenocarcinoma,13,B1402,floor
99435,106,PGNPRELIAYSQYSRPSDIPQWNSDKP,ELIAYSQYSR,0,IDS,pancreatic adenocarcinoma,13,B5201,floor
99435,106,PGNPRELIAYSQYSRPSDIPQWNSDKP,ELIAYSQYSR,0,IDS,pancreatic adenocarcinoma,13,C0802,floor
99435,106,PGNPRELIAYSQYSRPSDIPQWNSDKP,ELIAYSQYSR,0,IDS,pancreatic adenocarcinoma,13,C1202,floor
99435,106,PGNPRELIAYSQYSRPSDIPQWNSDKP,YSQYSRPSDI,0,IDS,pancreatic adenocarcinoma,13,A1101,floor
99435,106,PGNPRELIAYSQYSRPSDIPQWNSDKP,YSQYSRPSDI,0,IDS,pancreatic adenocarcinoma,13,A6802,floor
99435,106,PGNPRELIAYSQYSRPSDIPQWNSDKP,YSQYSRPSDI,0,IDS,pancreatic adenocarcinoma,13,B1402,floor
99435,57,PGNPRELIAYSQYSRPSDIPQWNSDKP,YSQYSRPSDI,0,IDS,pancreatic adenocarcinoma,13,B5201,scoreable
99435,106,PGNPRELIAYSQYSRPSDIPQWNSDKP,YSQYSRPSDI,0,IDS,pancreatic adenocarcinoma,13,C0802,floor
99435,106,PGNPRELIAYSQYSRPSDIPQWNSDKP,YSQYSRPSDI,0,IDS,pancreatic adenocarcinoma,13,C1202,floor
99435,106,PGNPRELIAYSQYSRPSDIPQWNSDKP,YSRPSDIPQW,0,IDS,pancreatic adenocarcinoma,13,A1101,floor
99435,106,PGNPRELIAYSQYSRPSDIPQWNSDKP,YSRPSDIPQW,0,IDS,pancreatic adenocarcinoma,13,A6802,floor
99435,106,PGNPRELIAYSQYSRPSDIPQWNSDKP,YSRPSDIPQW,0,IDS,pancreatic adenocarcinoma,13,B1402,floor
99435,106,PGNPRELIAYSQYSRPSDIPQWNSDKP,YSRPSDIPQW,0,IDS,pancreatic adenocarcinoma,13,B5201,floor
99435,106,PGNPRELIAYSQYSRPSDIPQWNSDKP,YSRPSDIPQW,0,IDS,pancreatic adenocarcinoma,13,C0802,floor
99435,59,PGNPRELIAYSQYSRPSDIPQWNSDKP,YSRPSDIPQW,0,IDS,pancreatic adenocarcinoma,13,C1202,scoreable
99435,106,PGNPRELIAYSQYSRPSDIPQWNSDKP,SQYSRPSDIPQW,0,IDS,pancreatic adenocarcinoma,13,A1101,floor
99435,106,PGNPRELIAYSQYSRPSDIPQWNSDKP,SQYSRPSDIPQW,0,IDS,pancreatic adenocarcinoma,13,A6802,floor
99435,106,PGNPRELIAYSQYSRPSDIPQWNSDKP,SQYSRPSDIPQW,0,IDS,pancreatic adenocarcinoma,13,B1402,floor
99435,57,PGNPRELIAYSQYSRPSDIPQWNSDKP,SQYSRPSDIPQW,0,IDS,pancreatic adenocarcinoma,13,B5201,scoreable
99435,106,PGNPRELIAYSQYSRPSDIPQWNSDKP,SQYSRPSDIPQW,0,IDS,pancreatic adenocarcinoma,13,C0802,floor
99435,59,PGNPRELIAYSQYSRPSDIPQWNSDKP,SQYSRPSDIPQW,0,IDS,pancreatic adenocarcinoma,13,C1202,scoreable
99435,106,GETCLLDILDTAGHEEYSAMRDQYMRT,AGHEEYSAM,0,KRAS,pancreatic adenocarcinoma,13,A1101,floor
99435,106,GETCLLDILDTAGHEEYSAMRDQYMRT,AGHEEYSAM,0,KRAS,pancreatic adenocarcinoma,13,A6802,floor
99435,106,GETCLLDILDTAGHEEYSAMRDQYMRT,AGHEEYSAM,0,KRAS,pancreatic adenocarcinoma,13,B1402,floor
99435,106,GETCLLDILDTAGHEEYSAMRDQYMRT,AGHEEYSAM,0,KRAS,pancreatic adenocarcinoma,13,B5201,floor
99435,106,GETCLLDILDTAGHEEYSAMRDQYMRT,AGHEEYSAM,0,KRAS,pancreatic adenocarcinoma,13,C0802,floor
99435,59,GETCLLDILDTAGHEEYSAMRDQYMRT,AGHEEYSAM,0,KRAS,pancreatic adenocarcinoma,13,C1202,scoreable
99435,106,GETCLLDILDTAGHEEYSAMRDQYMRT,ILDTAGHEEY,0,KRAS,pancreatic adenocarcinoma,13,A1101,floor
99435,106,GETCLLDILDTAGHEEYSAMRDQYMRT,ILDTAGHEEY,0,KRAS,pancreatic adenocarcinoma,13,A6802,floor
99435,106,GETCLLDILDTAGHEEYSAMRDQYMRT,ILDTAGHEEY,0,KRAS,pancreatic adenocarcinoma,13,B1402,floor
99435,106,GETCLLDILDTAGHEEYSAMRDQYMRT,ILDTAGHEEY,0,KRAS,pancreatic adenocarcinoma,13,B5201,floor
99435,106,GETCLLDILDTAGHEEYSAMRDQYMRT,ILDTAGHEEY,0,KRAS,pancreatic adenocarcinoma,13,C0802,floor
99435,59,GETCLLDILDTAGHEEYSAMRDQYMRT,ILDTAGHEEY,0,KRAS,pancreatic adenocarcinoma,13,C1202,scoreable
99435,106,GETCLLDILDTAGHEEYSAMRDQYMRT,DTAGHEEYSA,0,KRAS,pancreatic adenocarcinoma,13,A1101,floor
99435,55,GETCLLDILDTAGHEEYSAMRDQYMRT,DTAGHEEYSA,0,KRAS,pancreatic adenocarcinoma,13,A6802,scoreable
99435,106,GETCLLDILDTAGHEEYSAMRDQYMRT,DTAGHEEYSA,0,KRAS,pancreatic adenocarcinoma,13,B1402,floor
99435,106,GETCLLDILDTAGHEEYSAMRDQYMRT,DTAGHEEYSA,0,KRAS,pancreatic adenocarcinoma,13,B5201,floor
99435,106,GETCLLDILDTAGHEEYSAMRDQYMRT,DTAGHEEYSA,0,KRAS,pancreatic adenocarcinoma,13,C0802,floor
99435,106,GETCLLDILDTAGHEEYSAMRDQYMRT,DTAGHEEYSA,0,KRAS,pancreatic adenocarcinoma,13,C1202,floor
99435,106,GETCLLDILDTAGHEEYSAMRDQYMRT,TAGHEEYSAM,0,KRAS,pancreatic adenocarcinoma,13,A1101,floor
99435,106,GETCLLDILDTAGHEEYSAMRDQYMRT,TAGHEEYSAM,0,KRAS,pancreatic adenocarcinoma,13,A6802,floor
99435,106,GETCLLDILDTAGHEEYSAMRDQYMRT,TAGHEEYSAM,0,KRAS,pancreatic adenocarcinoma,13,B1402,floor
99435,106,GETCLLDILDTAGHEEYSAMRDQYMRT,TAGHEEYSAM,0,KRAS,pancreatic adenocarcinoma,13,B5201,floor
99435,106,GETCLLDILDTAGHEEYSAMRDQYMRT,TAGHEEYSAM,0,KRAS,pancreatic adenocarcinoma,13,C0802,floor
99435,59,GETCLLDILDTAGHEEYSAMRDQYMRT,TAGHEEYSAM,0,KRAS,pancreatic adenocarcinoma,13,C1202,scoreable
99435,54,GETCLLDILDTAGHEEYSAMRDQYMRT,AGHEEYSAMR,0,KRAS,pancreatic adenocarcinoma,13,A1101,scoreable
99435,106,GETCLLDILDTAGHEEYSAMRDQYMRT,AGHEEYSAMR,0,KRAS,pancreatic adenocarcinoma,13,A6802,floor
99435,106,GETCLLDILDTAGHEEYSAMRDQYMRT,AGHEEYSAMR,0,KRAS,pancreatic adenocarcinoma,13,B1402,floor
99435,106,GETCLLDILDTAGHEEYSAMRDQYMRT,AGHEEYSAMR,0,KRAS,pancreatic adenocarcinoma,13,B5201,floor
99435,106,GETCLLDILDTAGHEEYSAMRDQYMRT,AGHEEYSAMR,0,KRAS,pancreatic adenocarcinoma,13,C0802,floor
99435,106,GETCLLDILDTAGHEEYSAMRDQYMRT,AGHEEYSAMR,0,KRAS,pancreatic adenocarcinoma,13,C1202,floor
99435,106,GETCLLDILDTAGHEEYSAMRDQYMRT,DTAGHEEYSAM,0,KRAS,pancreatic adenocarcinoma,13,A1101,floor
99435,55,GETCLLDILDTAGHEEYSAMRDQYMRT,DTAGHEEYSAM,0,KRAS,pancreatic adenocarcinoma,13,A6802,scoreable
99435,106,GETCLLDILDTAGHEEYSAMRDQYMRT,DTAGHEEYSAM,0,KRAS,pancreatic adenocarcinoma,13,B1402,floor
99435,106,GETCLLDILDTAGHEEYSAMRDQYMRT,DTAGHEEYSAM,0,KRAS,pancreatic adenocarcinoma,13,B5201,floor
99435,106,GETCLLDILDTAGHEEYSAMRDQYMRT,DTAGHEEYSAM,0,KRAS,pancreatic adenocarcinoma,13,C0802,floor
99435,59,GETCLLDILDTAGHEEYSAMRDQYMRT,DTAGHEEYSAM,0,KRAS,pancreatic adenocarcinoma,13,C1202,scoreable
99435,54,GETCLLDILDTAGHEEYSAMRDQYMRT,DTAGHEEYSAMR,0,KRAS,pancreatic adenocarcinoma,13,A1101,scoreable
99435,55,GETCLLDILDTAGHEEYSAMRDQYMRT,DTAGHEEYSAMR,0,KRAS,pancreatic adenocarcinoma,13,A6802,scoreable
99435,106,GETCLLDILDTAGHEEYSAMRDQYMRT,DTAGHEEYSAMR,0,KRAS,pancreatic adenocarcinoma,13,B1402,floor
99435,106,GETCLLDILDTAGHEEYSAMRDQYMRT,DTAGHEEYSAMR,0,KRAS,pancreatic adenocarcinoma,13,B5201,floor
99435,106,GETCLLDILDTAGHEEYSAMRDQYMRT,DTAGHEEYSAMR,0,KRAS,pancreatic adenocarcinoma,13,C0802,floor
99435,106,GETCLLDILDTAGHEEYSAMRDQYMRT,DTAGHEEYSAMR,0,KRAS,pancreatic adenocarcinoma,13,C1202,floor
99435,54,DECGRLQYALTCLQKVTGLGGEHKEDS,QYALTCLQK,0,KSR1,pancreatic adenocarcinoma,13,A1101,scoreable
99435,106,DECGRLQYALTCLQKVTGLGGEHKEDS,QYALTCLQK,0,KSR1,pancreatic adenocarcinoma,13,A6802,floor
99435,106,DECGRLQYALTCLQKVTGLGGEHKEDS,QYALTCLQK,0,KSR1,pancreatic adenocarcinoma,13,B1402,floor
99435,106,DECGRLQYALTCLQKVTGLGGEHKEDS,QYALTCLQK,0,KSR1,pancreatic adenocarcinoma,13,B5201,floor
99435,106,DECGRLQYALTCLQKVTGLGGEHKEDS,QYALTCLQK,0,KSR1,pancreatic adenocarcinoma,13,C0802,floor
99435,106,DECGRLQYALTCLQKVTGLGGEHKEDS,QYALTCLQK,0,KSR1,pancreatic adenocarcinoma,13,C1202,floor
99435,106,DECGRLQYALTCLQKVTGLGGEHKEDS,YALTCLQKV,0,KSR1,pancreatic adenocarcinoma,13,A1101,floor
99435,55,DECGRLQYALTCLQKVTGLGGEHKEDS,YALTCLQKV,0,KSR1,pancreatic adenocarcinoma,13,A6802,scoreable
99435,106,DECGRLQYALTCLQKVTGLGGEHKEDS,YALTCLQKV,0,KSR1,pancreatic adenocarcinoma,13,B1402,floor
99435,57,DECGRLQYALTCLQKVTGLGGEHKEDS,YALTCLQKV,0,KSR1,pancreatic adenocarcinoma,13,B5201,scoreable
99435,58,DECGRLQYALTCLQKVTGLGGEHKEDS,YALTCLQKV,0,KSR1,pancreatic adenocarcinoma,13,C0802,scoreable
99435,59,DECGRLQYALTCLQKVTGLGGEHKEDS,YALTCLQKV,0,KSR1,pancreatic adenocarcinoma,13,C1202,scoreable
99435,106,DECGRLQYALTCLQKVTGLGGEHKEDS,TCLQKVTGL,0,KSR1,pancreatic adenocarcinoma,13,A1101,floor
99435,106,DECGRLQYALTCLQKVTGLGGEHKEDS,TCLQKVTGL,0,KSR1,pancreatic adenocarcinoma,13,A6802,floor
99435,106,DECGRLQYALTCLQKVTGLGGEHKEDS,TCLQKVTGL,0,KSR1,pancreatic adenocarcinoma,13,B1402,floor
99435,57,DECGRLQYALTCLQKVTGLGGEHKEDS,TCLQKVTGL,0,KSR1,pancreatic adenocarcinoma,13,B5201,scoreable
99435,106,DECGRLQYALTCLQKVTGLGGEHKEDS,TCLQKVTGL,0,KSR1,pancreatic adenocarcinoma,13,C0802,floor
99435,106,DECGRLQYALTCLQKVTGLGGEHKEDS,TCLQKVTGL,0,KSR1,pancreatic adenocarcinoma,13,C1202,floor
99435,54,DECGRLQYALTCLQKVTGLGGEHKEDS,LQYALTCLQK,0,KSR1,pancreatic adenocarcinoma,13,A1101,scoreable
99435,106,DECGRLQYALTCLQKVTGLGGEHKEDS,LQYALTCLQK,0,KSR1,pancreatic adenocarcinoma,13,A6802,floor
99435,106,DECGRLQYALTCLQKVTGLGGEHKEDS,LQYALTCLQK,0,KSR1,pancreatic adenocarcinoma,13,B1402,floor
99435,106,DECGRLQYALTCLQKVTGLGGEHKEDS,LQYALTCLQK,0,KSR1,pancreatic adenocarcinoma,13,B5201,floor
99435,106,DECGRLQYALTCLQKVTGLGGEHKEDS,LQYALTCLQK,0,KSR1,pancreatic adenocarcinoma,13,C0802,floor
99435,59,DECGRLQYALTCLQKVTGLGGEHKEDS,LQYALTCLQK,0,KSR1,pancreatic adenocarcinoma,13,C1202,scoreable
99435,106,DECGRLQYALTCLQKVTGLGGEHKEDS,LTCLQKVTGL,0,KSR1,pancreatic adenocarcinoma,13,A1101,floor
99435,55,DECGRLQYALTCLQKVTGLGGEHKEDS,LTCLQKVTGL,0,KSR1,pancreatic adenocarcinoma,13,A6802,scoreable
99435,106,DECGRLQYALTCLQKVTGLGGEHKEDS,LTCLQKVTGL,0,KSR1,pancreatic adenocarcinoma,13,B1402,floor
99435,57,DECGRLQYALTCLQKVTGLGGEHKEDS,LTCLQKVTGL,0,KSR1,pancreatic adenocarcinoma,13,B5201,scoreable
99435,106,DECGRLQYALTCLQKVTGLGGEHKEDS,LTCLQKVTGL,0,KSR1,pancreatic adenocarcinoma,13,C0802,floor
99435,59,DECGRLQYALTCLQKVTGLGGEHKEDS,LTCLQKVTGL,0,KSR1,pancreatic adenocarcinoma,13,C1202,scoreable
99435,54,DECGRLQYALTCLQKVTGLGGEHKEDS,RLQYALTCLQK,0,KSR1,pancreatic adenocarcinoma,13,A1101,scoreable
99435,106,DECGRLQYALTCLQKVTGLGGEHKEDS,RLQYALTCLQK,0,KSR1,pancreatic adenocarcinoma,13,A6802,floor
99435,106,DECGRLQYALTCLQKVTGLGGEHKEDS,RLQYALTCLQK,0,KSR1,pancreatic adenocarcinoma,13,B1402,floor
99435,106,DECGRLQYALTCLQKVTGLGGEHKEDS,RLQYALTCLQK,0,KSR1,pancreatic adenocarcinoma,13,B5201,floor
99435,106,DECGRLQYALTCLQKVTGLGGEHKEDS,RLQYALTCLQK,0,KSR1,pancreatic adenocarcinoma,13,C0802,floor
99435,106,DECGRLQYALTCLQKVTGLGGEHKEDS,RLQYALTCLQK,0,KSR1,pancreatic adenocarcinoma,13,C1202,floor
99435,106,DECGRLQYALTCLQKVTGLGGEHKEDS,LQYALTCLQKV,0,KSR1,pancreatic adenocarcinoma,13,A1101,floor
99435,106,DECGRLQYALTCLQKVTGLGGEHKEDS,LQYALTCLQKV,0,KSR1,pancreatic adenocarcinoma,13,A6802,floor
99435,106,DECGRLQYALTCLQKVTGLGGEHKEDS,LQYALTCLQKV,0,KSR1,pancreatic adenocarcinoma,13,B1402,floor
99435,57,DECGRLQYALTCLQKVTGLGGEHKEDS,LQYALTCLQKV,0,KSR1,pancreatic adenocarcinoma,13,B5201,scoreable
99435,106,DECGRLQYALTCLQKVTGLGGEHKEDS,LQYALTCLQKV,0,KSR1,pancreatic adenocarcinoma,13,C0802,floor
99435,106,DECGRLQYALTCLQKVTGLGGEHKEDS,LQYALTCLQKV,0,KSR1,pancreatic adenocarcinoma,13,C1202,floor
99435,106,MAAALARLALRPVKQVRVQFCP,MAAALARLA,0,MRPL53,pancreatic adenocarcinoma,13,A1101,floor
99435,55,MAAALARLALRPVKQVRVQFCP,MAAALARLA,0,MRPL53,pancreatic adenocarcinoma,13,A6802,scoreable
99435,106,MAAALARLALRPVKQVRVQFCP,MAAALARLA,0,MRPL53,pancreatic adenocarcinoma,13,B1402,floor
99435,57,MAAALARLALRPVKQVRVQFCP,MAAALARLA,0,MRPL53,pancreatic adenocarcinoma,13,B5201,scoreable
99435,106,MAAALARLALRPVKQVRVQFCP,MAAALARLA,0,MRPL53,pancreatic adenocarcinoma,13,C0802,floor
99435,59,MAAALARLALRPVKQVRVQFCP,MAAALARLA,0,MRPL53,pancreatic adenocarcinoma,13,C1202,scoreable
99435,106,MAAALARLALRPVKQVRVQFCP,AAALARLAL,0,MRPL53,pancreatic adenocarcinoma,13,A1101,floor
99435,106,MAAALARLALRPVKQVRVQFCP,AAALARLAL,0,MRPL53,pancreatic adenocarcinoma,13,A6802,floor
99435,56,MAAALARLALRPVKQVRVQFCP,AAALARLAL,0,MRPL53,pancreatic adenocarcinoma,13,B1402,scoreable
99435,57,MAAALARLALRPVKQVRVQFCP,AAALARLAL,0,MRPL53,pancreatic adenocarcinoma,13,B5201,scoreable
99435,58,MAAALARLALRPVKQVRVQFCP,AAALARLAL,0,MRPL53,pancreatic adenocarcinoma,13,C0802,scoreable
99435,59,MAAALARLALRPVKQVRVQFCP,AAALARLAL,0,MRPL53,pancreatic adenocarcinoma,13,C1202,scoreable
99435,54,MAAALARLALRPVKQVRVQFCP,AALARLALR,0,MRPL53,pancreatic adenocarcinoma,13,A1101,scoreable
99435,106,MAAALARLALRPVKQVRVQFCP,AALARLALR,0,MRPL53,pancreatic adenocarcinoma,13,A6802,floor
99435,106,MAAALARLALRPVKQVRVQFCP,AALARLALR,0,MRPL53,pancreatic adenocarcinoma,13,B1402,floor
99435,106,MAAALARLALRPVKQVRVQFCP,AALARLALR,0,MRPL53,pancreatic adenocarcinoma,13,B5201,floor
99435,106,MAAALARLALRPVKQVRVQFCP,AALARLALR,0,MRPL53,pancreatic adenocarcinoma,13,C0802,floor
99435,106,MAAALARLALRPVKQVRVQFCP,AALARLALR,0,MRPL53,pancreatic adenocarcinoma,13,C1202,floor
99435,106,MAAALARLALRPVKQVRVQFCP,LARLALRPV,0,MRPL53,pancreatic adenocarcinoma,13,A1101,floor
99435,106,MAAALARLALRPVKQVRVQFCP,LARLALRPV,0,MRPL53,pancreatic adenocarcinoma,13,A6802,floor
99435,56,MAAALARLALRPVKQVRVQFCP,LARLALRPV,0,MRPL53,pancreatic adenocarcinoma,13,B1402,scoreable
99435,57,MAAALARLALRPVKQVRVQFCP,LARLALRPV,0,MRPL53,pancreatic adenocarcinoma,13,B5201,scoreable
99435,106,MAAALARLALRPVKQVRVQFCP,LARLALRPV,0,MRPL53,pancreatic adenocarcinoma,13,C0802,floor
99435,59,MAAALARLALRPVKQVRVQFCP,LARLALRPV,0,MRPL53,pancreatic adenocarcinoma,13,C1202,scoreable
99435,106,MAAALARLALRPVKQVRVQFCP,LALRPVKQV,0,MRPL53,pancreatic adenocarcinoma,13,A1101,floor
99435,55,MAAALARLALRPVKQVRVQFCP,LALRPVKQV,0,MRPL53,pancreatic adenocarcinoma,13,A6802,scoreable
99435,106,MAAALARLALRPVKQVRVQFCP,LALRPVKQV,0,MRPL53,pancreatic adenocarcinoma,13,B1402,floor
99435,57,MAAALARLALRPVKQVRVQFCP,LALRPVKQV,0,MRPL53,pancreatic adenocarcinoma,13,B5201,scoreable
99435,106,MAAALARLALRPVKQVRVQFCP,LALRPVKQV,0,MRPL53,pancreatic adenocarcinoma,13,C0802,floor
99435,59,MAAALARLALRPVKQVRVQFCP,LALRPVKQV,0,MRPL53,pancreatic adenocarcinoma,13,C1202,scoreable
99435,54,MAAALARLALRPVKQVRVQFCP,ALRPVKQVR,0,MRPL53,pancreatic adenocarcinoma,13,A1101,scoreable
99435,106,MAAALARLALRPVKQVRVQFCP,ALRPVKQVR,0,MRPL53,pancreatic adenocarcinoma,13,A6802,floor
99435,106,MAAALARLALRPVKQVRVQFCP,ALRPVKQVR,0,MRPL53,pancreatic adenocarcinoma,13,B1402,floor
99435,106,MAAALARLALRPVKQVRVQFCP,ALRPVKQVR,0,MRPL53,pancreatic adenocarcinoma,13,B5201,floor
99435,106,MAAALARLALRPVKQVRVQFCP,ALRPVKQVR,0,MRPL53,pancreatic adenocarcinoma,13,C0802,floor
99435,106,MAAALARLALRPVKQVRVQFCP,ALRPVKQVR,0,MRPL53,pancreatic adenocarcinoma,13,C1202,floor
99435,106,MAAALARLALRPVKQVRVQFCP,MAAALARLAL,0,MRPL53,pancreatic adenocarcinoma,13,A1101,floor
99435,55,MAAALARLALRPVKQVRVQFCP,MAAALARLAL,0,MRPL53,pancreatic adenocarcinoma,13,A6802,scoreable
99435,56,MAAALARLALRPVKQVRVQFCP,MAAALARLAL,0,MRPL53,pancreatic adenocarcinoma,13,B1402,scoreable
99435,57,MAAALARLALRPVKQVRVQFCP,MAAALARLAL,0,MRPL53,pancreatic adenocarcinoma,13,B5201,scoreable
99435,58,MAAALARLALRPVKQVRVQFCP,MAAALARLAL,0,MRPL53,pancreatic adenocarcinoma,13,C0802,scoreable
99435,59,MAAALARLALRPVKQVRVQFCP,MAAALARLAL,0,MRPL53,pancreatic adenocarcinoma,13,C1202,scoreable
99435,54,MAAALARLALRPVKQVRVQFCP,AAALARLALR,0,MRPL53,pancreatic adenocarcinoma,13,A1101,scoreable
99435,106,MAAALARLALRPVKQVRVQFCP,AAALARLALR,0,MRPL53,pancreatic adenocarcinoma,13,A6802,floor
99435,106,MAAALARLALRPVKQVRVQFCP,AAALARLALR,0,MRPL53,pancreatic adenocarcinoma,13,B1402,floor
99435,106,MAAALARLALRPVKQVRVQFCP,AAALARLALR,0,MRPL53,pancreatic adenocarcinoma,13,B5201,floor
99435,106,MAAALARLALRPVKQVRVQFCP,AAALARLALR,0,MRPL53,pancreatic adenocarcinoma,13,C0802,floor
99435,59,MAAALARLALRPVKQVRVQFCP,AAALARLALR,0,MRPL53,pancreatic adenocarcinoma,13,C1202,scoreable
99435,106,MAAALARLALRPVKQVRVQFCP,ALARLALRPV,0,MRPL53,pancreatic adenocarcinoma,13,A1101,floor
99435,106,MAAALARLALRPVKQVRVQFCP,ALARLALRPV,0,MRPL53,pancreatic adenocarcinoma,13,A6802,floor
99435,106,MAAALARLALRPVKQVRVQFCP,ALARLALRPV,0,MRPL53,pancreatic adenocarcinoma,13,B1402,floor
99435,57,MAAALARLALRPVKQVRVQFCP,ALARLALRPV,0,MRPL53,pancreatic adenocarcinoma,13,B5201,scoreable
99435,106,MAAALARLALRPVKQVRVQFCP,ALARLALRPV,0,MRPL53,pancreatic adenocarcinoma,13,C0802,floor
99435,106,MAAALARLALRPVKQVRVQFCP,ALARLALRPV,0,MRPL53,pancreatic adenocarcinoma,13,C1202,floor
99435,106,MAAALARLALRPVKQVRVQFCP,RLALRPVKQV,0,MRPL53,pancreatic adenocarcinoma,13,A1101,floor
99435,106,MAAALARLALRPVKQVRVQFCP,RLALRPVKQV,0,MRPL53,pancreatic adenocarcinoma,13,A6802,floor
99435,106,MAAALARLALRPVKQVRVQFCP,RLALRPVKQV,0,MRPL53,pancreatic adenocarcinoma,13,B1402,floor
99435,57,MAAALARLALRPVKQVRVQFCP,RLALRPVKQV,0,MRPL53,pancreatic adenocarcinoma,13,B5201,scoreable
99435,106,MAAALARLALRPVKQVRVQFCP,RLALRPVKQV,0,MRPL53,pancreatic adenocarcinoma,13,C0802,floor
99435,106,MAAALARLALRPVKQVRVQFCP,RLALRPVKQV,0,MRPL53,pancreatic adenocarcinoma,13,C1202,floor
99435,106,MAAALARLALRPVKQVRVQFCP,ALRPVKQVRV,0,MRPL53,pancreatic adenocarcinoma,13,A1101,floor
99435,106,MAAALARLALRPVKQVRVQFCP,ALRPVKQVRV,0,MRPL53,pancreatic adenocarcinoma,13,A6802,floor
99435,106,MAAALARLALRPVKQVRVQFCP,ALRPVKQVRV,0,MRPL53,pancreatic adenocarcinoma,13,B1402,floor
99435,57,MAAALARLALRPVKQVRVQFCP,ALRPVKQVRV,0,MRPL53,pancreatic adenocarcinoma,13,B5201,scoreable
99435,106,MAAALARLALRPVKQVRVQFCP,ALRPVKQVRV,0,MRPL53,pancreatic adenocarcinoma,13,C0802,floor
99435,106,MAAALARLALRPVKQVRVQFCP,ALRPVKQVRV,0,MRPL53,pancreatic adenocarcinoma,13,C1202,floor
99435,106,MAAALARLALRPVKQVRVQFCP,MAAALARLALR,0,MRPL53,pancreatic adenocarcinoma,13,A1101,floor
99435,106,MAAALARLALRPVKQVRVQFCP,MAAALARLALR,0,MRPL53,pancreatic adenocarcinoma,13,A6802,floor
99435,106,MAAALARLALRPVKQVRVQFCP,MAAALARLALR,0,MRPL53,pancreatic adenocarcinoma,13,B1402,floor
99435,106,MAAALARLALRPVKQVRVQFCP,MAAALARLALR,0,MRPL53,pancreatic adenocarcinoma,13,B5201,floor
99435,106,MAAALARLALRPVKQVRVQFCP,MAAALARLALR,0,MRPL53,pancreatic adenocarcinoma,13,C0802,floor
99435,59,MAAALARLALRPVKQVRVQFCP,MAAALARLALR,0,MRPL53,pancreatic adenocarcinoma,13,C1202,scoreable
99435,106,PAEQMDFRANLQREVKPKTVSEEERKV,FRANLQREV,1,MYLK,pancreatic adenocarcinoma,13,A1101,floor
99435,106,PAEQMDFRANLQREVKPKTVSEEERKV,FRANLQREV,1,MYLK,pancreatic adenocarcinoma,13,A6802,floor
99435,56,PAEQMDFRANLQREVKPKTVSEEERKV,FRANLQREV,1,MYLK,pancreatic adenocarcinoma,13,B1402,scoreable
99435,57,PAEQMDFRANLQREVKPKTVSEEERKV,FRANLQREV,1,MYLK,pancreatic adenocarcinoma,13,B5201,scoreable
99435,106,PAEQMDFRANLQREVKPKTVSEEERKV,FRANLQREV,1,MYLK,pancreatic adenocarcinoma,13,C0802,floor
99435,106,PAEQMDFRANLQREVKPKTVSEEERKV,FRANLQREV,1,MYLK,pancreatic adenocarcinoma,13,C1202,floor
99435,54,PAEQMDFRANLQREVKPKTVSEEERKV,RANLQREVK,1,MYLK,pancreatic adenocarcinoma,13,A1101,scoreable
99435,106,PAEQMDFRANLQREVKPKTVSEEERKV,RANLQREVK,1,MYLK,pancreatic adenocarcinoma,13,A6802,floor
99435,106,PAEQMDFRANLQREVKPKTVSEEERKV,RANLQREVK,1,MYLK,pancreatic adenocarcinoma,13,B1402,floor
99435,106,PAEQMDFRANLQREVKPKTVSEEERKV,RANLQREVK,1,MYLK,pancreatic adenocarcinoma,13,B5201,floor
99435,106,PAEQMDFRANLQREVKPKTVSEEERKV,RANLQREVK,1,MYLK,pancreatic adenocarcinoma,13,C0802,floor
99435,106,PAEQMDFRANLQREVKPKTVSEEERKV,RANLQREVK,1,MYLK,pancreatic adenocarcinoma,13,C1202,floor
99435,54,PAEQMDFRANLQREVKPKTVSEEERKV,NLQREVKPK,1,MYLK,pancreatic adenocarcinoma,13,A1101,scoreable
99435,106,PAEQMDFRANLQREVKPKTVSEEERKV,NLQREVKPK,1,MYLK,pancreatic adenocarcinoma,13,A6802,floor
99435,106,PAEQMDFRANLQREVKPKTVSEEERKV,NLQREVKPK,1,MYLK,pancreatic adenocarcinoma,13,B1402,floor
99435,106,PAEQMDFRANLQREVKPKTVSEEERKV,NLQREVKPK,1,MYLK,pancreatic adenocarcinoma,13,B5201,floor
99435,106,PAEQMDFRANLQREVKPKTVSEEERKV,NLQREVKPK,1,MYLK,pancreatic adenocarcinoma,13,C0802,floor
99435,106,PAEQMDFRANLQREVKPKTVSEEERKV,NLQREVKPK,1,MYLK,pancreatic adenocarcinoma,13,C1202,floor
99435,106,PAEQMDFRANLQREVKPKTVSEEERKV,LQREVKPKT,1,MYLK,pancreatic adenocarcinoma,13,A1101,floor
99435,106,PAEQMDFRANLQREVKPKTVSEEERKV,LQREVKPKT,1,MYLK,pancreatic adenocarcinoma,13,A6802,floor
99435,106,PAEQMDFRANLQREVKPKTVSEEERKV,LQREVKPKT,1,MYLK,pancreatic adenocarcinoma,13,B1402,floor
99435,57,PAEQMDFRANLQREVKPKTVSEEERKV,LQREVKPKT,1,MYLK,pancreatic adenocarcinoma,13,B5201,scoreable
99435,106,PAEQMDFRANLQREVKPKTVSEEERKV,LQREVKPKT,1,MYLK,pancreatic adenocarcinoma,13,C0802,floor
99435,106,PAEQMDFRANLQREVKPKTVSEEERKV,LQREVKPKT,1,MYLK,pancreatic adenocarcinoma,13,C1202,floor
99435,54,PAEQMDFRANLQREVKPKTVSEEERKV,ANLQREVKPK,1,MYLK,pancreatic adenocarcinoma,13,A1101,scoreable
99435,106,PAEQMDFRANLQREVKPKTVSEEERKV,ANLQREVKPK,1,MYLK,pancreatic adenocarcinoma,13,A6802,floor
99435,106,PAEQMDFRANLQREVKPKTVSEEERKV,ANLQREVKPK,1,MYLK,pancreatic adenocarcinoma,13,B1402,floor
99435,106,PAEQMDFRANLQREVKPKTVSEEERKV,ANLQREVKPK,1,MYLK,pancreatic adenocarcinoma,13,B5201,floor
99435,106,PAEQMDFRANLQREVKPKTVSEEERKV,ANLQREVKPK,1,MYLK,pancreatic adenocarcinoma,13,C0802,floor
99435,106,PAEQMDFRANLQREVKPKTVSEEERKV,ANLQREVKPK,1,MYLK,pancreatic adenocarcinoma,13,C1202,floor
99435,106,PAEQMDFRANLQREVKPKTVSEEERKV,LQREVKPKTV,1,MYLK,pancreatic adenocarcinoma,13,A1101,floor
99435,106,PAEQMDFRANLQREVKPKTVSEEERKV,LQREVKPKTV,1,MYLK,pancreatic adenocarcinoma,13,A6802,floor
99435,56,PAEQMDFRANLQREVKPKTVSEEERKV,LQREVKPKTV,1,MYLK,pancreatic adenocarcinoma,13,B1402,scoreable
99435,57,PAEQMDFRANLQREVKPKTVSEEERKV,LQREVKPKTV,1,MYLK,pancreatic adenocarcinoma,13,B5201,scoreable
99435,106,PAEQMDFRANLQREVKPKTVSEEERKV,LQREVKPKTV,1,MYLK,pancreatic adenocarcinoma,13,C0802,floor
99435,106,PAEQMDFRANLQREVKPKTVSEEERKV,LQREVKPKTV,1,MYLK,pancreatic adenocarcinoma,13,C1202,floor
99435,106,PAEQMDFRANLQREVKPKTVSEEERKV,MDFRANLQREV,1,MYLK,pancreatic adenocarcinoma,13,A1101,floor
99435,106,PAEQMDFRANLQREVKPKTVSEEERKV,MDFRANLQREV,1,MYLK,pancreatic adenocarcinoma,13,A6802,floor
99435,106,PAEQMDFRANLQREVKPKTVSEEERKV,MDFRANLQREV,1,MYLK,pancreatic adenocarcinoma,13,B1402,floor
99435,57,PAEQMDFRANLQREVKPKTVSEEERKV,MDFRANLQREV,1,MYLK,pancreatic adenocarcinoma,13,B5201,scoreable
99435,106,PAEQMDFRANLQREVKPKTVSEEERKV,MDFRANLQREV,1,MYLK,pancreatic adenocarcinoma,13,C0802,floor
99435,106,PAEQMDFRANLQREVKPKTVSEEERKV,MDFRANLQREV,1,MYLK,pancreatic adenocarcinoma,13,C1202,floor
99435,54,PAEQMDFRANLQREVKPKTVSEEERKV,RANLQREVKPK,1,MYLK,pancreatic adenocarcinoma,13,A1101,scoreable
99435,106,PAEQMDFRANLQREVKPKTVSEEERKV,RANLQREVKPK,1,MYLK,pancreatic adenocarcinoma,13,A6802,floor
99435,106,PAEQMDFRANLQREVKPKTVSEEERKV,RANLQREVKPK,1,MYLK,pancreatic adenocarcinoma,13,B1402,floor
99435,106,PAEQMDFRANLQREVKPKTVSEEERKV,RANLQREVKPK,1,MYLK,pancreatic adenocarcinoma,13,B5201,floor
99435,106,PAEQMDFRANLQREVKPKTVSEEERKV,RANLQREVKPK,1,MYLK,pancreatic adenocarcinoma,13,C0802,floor
99435,106,PAEQMDFRANLQREVKPKTVSEEERKV,RANLQREVKPK,1,MYLK,pancreatic adenocarcinoma,13,C1202,floor
99435,106,TIPYGRKYDKAWLQSMIQSKCSVPFTP,YDKAWLQSM,1,NXF1,pancreatic adenocarcinoma,13,A1101,floor
99435,106,TIPYGRKYDKAWLQSMIQSKCSVPFTP,YDKAWLQSM,1,NXF1,pancreatic adenocarcinoma,13,A6802,floor
99435,106,TIPYGRKYDKAWLQSMIQSKCSVPFTP,YDKAWLQSM,1,NXF1,pancreatic adenocarcinoma,13,B1402,floor
99435,106,TIPYGRKYDKAWLQSMIQSKCSVPFTP,YDKAWLQSM,1,NXF1,pancreatic adenocarcinoma,13,B5201,floor
99435,106,TIPYGRKYDKAWLQSMIQSKCSVPFTP,YDKAWLQSM,1,NXF1,pancreatic adenocarcinoma,13,C0802,floor
99435,59,TIPYGRKYDKAWLQSMIQSKCSVPFTP,YDKAWLQSM,1,NXF1,pancreatic adenocarcinoma,13,C1202,scoreable
99435,106,TIPYGRKYDKAWLQSMIQSKCSVPFTP,DKAWLQSMI,1,NXF1,pancreatic adenocarcinoma,13,A1101,floor
99435,106,TIPYGRKYDKAWLQSMIQSKCSVPFTP,DKAWLQSMI,1,NXF1,pancreatic adenocarcinoma,13,A6802,floor
99435,106,TIPYGRKYDKAWLQSMIQSKCSVPFTP,DKAWLQSMI,1,NXF1,pancreatic adenocarcinoma,13,B1402,floor
99435,57,TIPYGRKYDKAWLQSMIQSKCSVPFTP,DKAWLQSMI,1,NXF1,pancreatic adenocarcinoma,13,B5201,scoreable
99435,106,TIPYGRKYDKAWLQSMIQSKCSVPFTP,DKAWLQSMI,1,NXF1,pancreatic adenocarcinoma,13,C0802,floor
99435,106,TIPYGRKYDKAWLQSMIQSKCSVPFTP,DKAWLQSMI,1,NXF1,pancreatic adenocarcinoma,13,C1202,floor
99435,54,TIPYGRKYDKAWLQSMIQSKCSVPFTP,WLQSMIQSK,1,NXF1,pancreatic adenocarcinoma,13,A1101,scoreable
99435,106,TIPYGRKYDKAWLQSMIQSKCSVPFTP,WLQSMIQSK,1,NXF1,pancreatic adenocarcinoma,13,A6802,floor
99435,106,TIPYGRKYDKAWLQSMIQSKCSVPFTP,WLQSMIQSK,1,NXF1,pancreatic adenocarcinoma,13,B1402,floor
99435,106,TIPYGRKYDKAWLQSMIQSKCSVPFTP,WLQSMIQSK,1,NXF1,pancreatic adenocarcinoma,13,B5201,floor
99435,106,TIPYGRKYDKAWLQSMIQSKCSVPFTP,WLQSMIQSK,1,NXF1,pancreatic adenocarcinoma,13,C0802,floor
99435,106,TIPYGRKYDKAWLQSMIQSKCSVPFTP,WLQSMIQSK,1,NXF1,pancreatic adenocarcinoma,13,C1202,floor
99435,106,TIPYGRKYDKAWLQSMIQSKCSVPFTP,LQSMIQSKC,1,NXF1,pancreatic adenocarcinoma,13,A1101,floor
99435,106,TIPYGRKYDKAWLQSMIQSKCSVPFTP,LQSMIQSKC,1,NXF1,pancreatic adenocarcinoma,13,A6802,floor
99435,106,TIPYGRKYDKAWLQSMIQSKCSVPFTP,LQSMIQSKC,1,NXF1,pancreatic adenocarcinoma,13,B1402,floor
99435,57,TIPYGRKYDKAWLQSMIQSKCSVPFTP,LQSMIQSKC,1,NXF1,pancreatic adenocarcinoma,13,B5201,scoreable
99435,106,TIPYGRKYDKAWLQSMIQSKCSVPFTP,LQSMIQSKC,1,NXF1,pancreatic adenocarcinoma,13,C0802,floor
99435,106,TIPYGRKYDKAWLQSMIQSKCSVPFTP,LQSMIQSKC,1,NXF1,pancreatic adenocarcinoma,13,C1202,floor
99435,54,TIPYGRKYDKAWLQSMIQSKCSVPFTP,AWLQSMIQSK,1,NXF1,pancreatic adenocarcinoma,13,A1101,scoreable
99435,106,TIPYGRKYDKAWLQSMIQSKCSVPFTP,AWLQSMIQSK,1,NXF1,pancreatic adenocarcinoma,13,A6802,floor
99435,106,TIPYGRKYDKAWLQSMIQSKCSVPFTP,AWLQSMIQSK,1,NXF1,pancreatic adenocarcinoma,13,B1402,floor
99435,106,TIPYGRKYDKAWLQSMIQSKCSVPFTP,AWLQSMIQSK,1,NXF1,pancreatic adenocarcinoma,13,B5201,floor
99435,106,TIPYGRKYDKAWLQSMIQSKCSVPFTP,AWLQSMIQSK,1,NXF1,pancreatic adenocarcinoma,13,C0802,floor
99435,106,TIPYGRKYDKAWLQSMIQSKCSVPFTP,AWLQSMIQSK,1,NXF1,pancreatic adenocarcinoma,13,C1202,floor
99435,106,TIPYGRKYDKAWLQSMIQSKCSVPFTP,QSMIQSKCSV,1,NXF1,pancreatic adenocarcinoma,13,A1101,floor
99435,55,TIPYGRKYDKAWLQSMIQSKCSVPFTP,QSMIQSKCSV,1,NXF1,pancreatic adenocarcinoma,13,A6802,scoreable
99435,106,TIPYGRKYDKAWLQSMIQSKCSVPFTP,QSMIQSKCSV,1,NXF1,pancreatic adenocarcinoma,13,B1402,floor
99435,57,TIPYGRKYDKAWLQSMIQSKCSVPFTP,QSMIQSKCSV,1,NXF1,pancreatic adenocarcinoma,13,B5201,scoreable
99435,106,TIPYGRKYDKAWLQSMIQSKCSVPFTP,QSMIQSKCSV,1,NXF1,pancreatic adenocarcinoma,13,C0802,floor
99435,106,TIPYGRKYDKAWLQSMIQSKCSVPFTP,QSMIQSKCSV,1,NXF1,pancreatic adenocarcinoma,13,C1202,floor
99435,106,TIPYGRKYDKAWLQSMIQSKCSVPFTP,RKYDKAWLQSM,1,NXF1,pancreatic adenocarcinoma,13,A1101,floor
99435,106,TIPYGRKYDKAWLQSMIQSKCSVPFTP,RKYDKAWLQSM,1,NXF1,pancreatic adenocarcinoma,13,A6802,floor
99435,56,TIPYGRKYDKAWLQSMIQSKCSVPFTP,RKYDKAWLQSM,1,NXF1,pancreatic adenocarcinoma,13,B1402,scoreable
99435,57,TIPYGRKYDKAWLQSMIQSKCSVPFTP,RKYDKAWLQSM,1,NXF1,pancreatic adenocarcinoma,13,B5201,scoreable
99435,106,TIPYGRKYDKAWLQSMIQSKCSVPFTP,RKYDKAWLQSM,1,NXF1,pancreatic adenocarcinoma,13,C0802,floor
99435,59,TIPYGRKYDKAWLQSMIQSKCSVPFTP,RKYDKAWLQSM,1,NXF1,pancreatic adenocarcinoma,13,C1202,scoreable
99435,54,TIPYGRKYDKAWLQSMIQSKCSVPFTP,KAWLQSMIQSK,1,NXF1,pancreatic adenocarcinoma,13,A1101,scoreable
99435,106,TIPYGRKYDKAWLQSMIQSKCSVPFTP,KAWLQSMIQSK,1,NXF1,pancreatic adenocarcinoma,13,A6802,floor
99435,106,TIPYGRKYDKAWLQSMIQSKCSVPFTP,KAWLQSMIQSK,1,NXF1,pancreatic adenocarcinoma,13,B1402,floor
99435,106,TIPYGRKYDKAWLQSMIQSKCSVPFTP,KAWLQSMIQSK,1,NXF1,pancreatic adenocarcinoma,13,B5201,floor
99435,106,TIPYGRKYDKAWLQSMIQSKCSVPFTP,KAWLQSMIQSK,1,NXF1,pancreatic adenocarcinoma,13,C0802,floor
99435,106,TIPYGRKYDKAWLQSMIQSKCSVPFTP,KAWLQSMIQSK,1,NXF1,pancreatic adenocarcinoma,13,C1202,floor
99435,106,TIPYGRKYDKAWLQSMIQSKCSVPFTP,LQSMIQSKCSV,1,NXF1,pancreatic adenocarcinoma,13,A1101,floor
99435,106,TIPYGRKYDKAWLQSMIQSKCSVPFTP,LQSMIQSKCSV,1,NXF1,pancreatic adenocarcinoma,13,A6802,floor
99435,106,TIPYGRKYDKAWLQSMIQSKCSVPFTP,LQSMIQSKCSV,1,NXF1,pancreatic adenocarcinoma,13,B1402,floor
99435,57,TIPYGRKYDKAWLQSMIQSKCSVPFTP,LQSMIQSKCSV,1,NXF1,pancreatic adenocarcinoma,13,B5201,scoreable
99435,106,TIPYGRKYDKAWLQSMIQSKCSVPFTP,LQSMIQSKCSV,1,NXF1,pancreatic adenocarcinoma,13,C0802,floor
99435,106,TIPYGRKYDKAWLQSMIQSKCSVPFTP,LQSMIQSKCSV,1,NXF1,pancreatic adenocarcinoma,13,C1202,floor
99435,106,RHFTKSYNLLIHEWTHTDERPYTCDIC,WTHTDERPY,0,OSR1,pancreatic adenocarcinoma,13,A1101,floor
99435,106,RHFTKSYNLLIHEWTHTDERPYTCDIC,WTHTDERPY,0,OSR1,pancreatic adenocarcinoma,13,A6802,floor
99435,106,RHFTKSYNLLIHEWTHTDERPYTCDIC,WTHTDERPY,0,OSR1,pancreatic adenocarcinoma,13,B1402,floor
99435,106,RHFTKSYNLLIHEWTHTDERPYTCDIC,WTHTDERPY,0,OSR1,pancreatic adenocarcinoma,13,B5201,floor
99435,106,RHFTKSYNLLIHEWTHTDERPYTCDIC,WTHTDERPY,0,OSR1,pancreatic adenocarcinoma,13,C0802,floor
99435,59,RHFTKSYNLLIHEWTHTDERPYTCDIC,WTHTDERPY,0,OSR1,pancreatic adenocarcinoma,13,C1202,scoreable
99435,106,RHFTKSYNLLIHEWTHTDERPYTCDIC,KSYNLLIHEW,0,OSR1,pancreatic adenocarcinoma,13,A1101,floor
99435,106,RHFTKSYNLLIHEWTHTDERPYTCDIC,KSYNLLIHEW,0,OSR1,pancreatic adenocarcinoma,13,A6802,floor
99435,106,RHFTKSYNLLIHEWTHTDERPYTCDIC,KSYNLLIHEW,0,OSR1,pancreatic adenocarcinoma,13,B1402,floor
99435,57,RHFTKSYNLLIHEWTHTDERPYTCDIC,KSYNLLIHEW,0,OSR1,pancreatic adenocarcinoma,13,B5201,scoreable
99435,106,RHFTKSYNLLIHEWTHTDERPYTCDIC,KSYNLLIHEW,0,OSR1,pancreatic adenocarcinoma,13,C0802,floor
99435,59,RHFTKSYNLLIHEWTHTDERPYTCDIC,KSYNLLIHEW,0,OSR1,pancreatic adenocarcinoma,13,C1202,scoreable
99435,106,RHFTKSYNLLIHEWTHTDERPYTCDIC,LIHEWTHTDER,0,OSR1,pancreatic adenocarcinoma,13,A1101,floor
99435,106,RHFTKSYNLLIHEWTHTDERPYTCDIC,LIHEWTHTDER,0,OSR1,pancreatic adenocarcinoma,13,A6802,floor
99435,106,RHFTKSYNLLIHEWTHTDERPYTCDIC,LIHEWTHTDER,0,OSR1,pancreatic adenocarcinoma,13,B1402,floor
99435,106,RHFTKSYNLLIHEWTHTDERPYTCDIC,LIHEWTHTDER,0,OSR1,pancreatic adenocarcinoma,13,B5201,floor
99435,106,RHFTKSYNLLIHEWTHTDERPYTCDIC,LIHEWTHTDER,0,OSR1,pancreatic adenocarcinoma,13,C0802,floor
99435,59,RHFTKSYNLLIHEWTHTDERPYTCDIC,LIHEWTHTDER,0,OSR1,pancreatic adenocarcinoma,13,C1202,scoreable
99435,106,KMALNLWPVPHGLADLLNPIGVTGSNP,VPHGLADLL,1,PIK3CA,pancreatic adenocarcinoma,13,A1101,floor
99435,106,KMALNLWPVPHGLADLLNPIGVTGSNP,VPHGLADLL,1,PIK3CA,pancreatic adenocarcinoma,13,A6802,floor
99435,106,KMALNLWPVPHGLADLLNPIGVTGSNP,VPHGLADLL,1,PIK3CA,pancreatic adenocarcinoma,13,B1402,floor
99435,57,KMALNLWPVPHGLADLLNPIGVTGSNP,VPHGLADLL,1,PIK3CA,pancreatic adenocarcinoma,13,B5201,scoreable
99435,106,KMALNLWPVPHGLADLLNPIGVTGSNP,VPHGLADLL,1,PIK3CA,pancreatic adenocarcinoma,13,C0802,floor
99435,59,KMALNLWPVPHGLADLLNPIGVTGSNP,VPHGLADLL,1,PIK3CA,pancreatic adenocarcinoma,13,C1202,scoreable
99435,106,KMALNLWPVPHGLADLLNPIGVTGSNP,GLADLLNPI,1,PIK3CA,pancreatic adenocarcinoma,13,A1101,floor
99435,55,KMALNLWPVPHGLADLLNPIGVTGSNP,GLADLLNPI,1,PIK3CA,pancreatic adenocarcinoma,13,A6802,scoreable
99435,106,KMALNLWPVPHGLADLLNPIGVTGSNP,GLADLLNPI,1,PIK3CA,pancreatic adenocarcinoma,13,B1402,floor
99435,57,KMALNLWPVPHGLADLLNPIGVTGSNP,GLADLLNPI,1,PIK3CA,pancreatic adenocarcinoma,13,B5201,scoreable
99435,58,KMALNLWPVPHGLADLLNPIGVTGSNP,GLADLLNPI,1,PIK3CA,pancreatic adenocarcinoma,13,C0802,scoreable
99435,59,KMALNLWPVPHGLADLLNPIGVTGSNP,GLADLLNPI,1,PIK3CA,pancreatic adenocarcinoma,13,C1202,scoreable
99435,106,KMALNLWPVPHGLADLLNPIGVTGSNP,ADLLNPIGV,1,PIK3CA,pancreatic adenocarcinoma,13,A1101,floor
99435,106,KMALNLWPVPHGLADLLNPIGVTGSNP,ADLLNPIGV,1,PIK3CA,pancreatic adenocarcinoma,13,A6802,floor
99435,106,KMALNLWPVPHGLADLLNPIGVTGSNP,ADLLNPIGV,1,PIK3CA,pancreatic adenocarcinoma,13,B1402,floor
99435,57,KMALNLWPVPHGLADLLNPIGVTGSNP,ADLLNPIGV,1,PIK3CA,pancreatic adenocarcinoma,13,B5201,scoreable
99435,106,KMALNLWPVPHGLADLLNPIGVTGSNP,ADLLNPIGV,1,PIK3CA,pancreatic adenocarcinoma,13,C0802,floor
99435,106,KMALNLWPVPHGLADLLNPIGVTGSNP,ADLLNPIGV,1,PIK3CA,pancreatic adenocarcinoma,13,C1202,floor
99435,106,KMALNLWPVPHGLADLLNPIGVTGSNP,NLWPVPHGLA,1,PIK3CA,pancreatic adenocarcinoma,13,A1101,floor
99435,106,KMALNLWPVPHGLADLLNPIGVTGSNP,NLWPVPHGLA,1,PIK3CA,pancreatic adenocarcinoma,13,A6802,floor
99435,106,KMALNLWPVPHGLADLLNPIGVTGSNP,NLWPVPHGLA,1,PIK3CA,pancreatic adenocarcinoma,13,B1402,floor
99435,57,KMALNLWPVPHGLADLLNPIGVTGSNP,NLWPVPHGLA,1,PIK3CA,pancreatic adenocarcinoma,13,B5201,scoreable
99435,106,KMALNLWPVPHGLADLLNPIGVTGSNP,NLWPVPHGLA,1,PIK3CA,pancreatic adenocarcinoma,13,C0802,floor
99435,106,KMALNLWPVPHGLADLLNPIGVTGSNP,NLWPVPHGLA,1,PIK3CA,pancreatic adenocarcinoma,13,C1202,floor
99435,106,KMALNLWPVPHGLADLLNPIGVTGSNP,WPVPHGLADL,1,PIK3CA,pancreatic adenocarcinoma,13,A1101,floor
99435,106,KMALNLWPVPHGLADLLNPIGVTGSNP,WPVPHGLADL,1,PIK3CA,pancreatic adenocarcinoma,13,A6802,floor
99435,56,KMALNLWPVPHGLADLLNPIGVTGSNP,WPVPHGLADL,1,PIK3CA,pancreatic adenocarcinoma,13,B1402,scoreable
99435,57,KMALNLWPVPHGLADLLNPIGVTGSNP,WPVPHGLADL,1,PIK3CA,pancreatic adenocarcinoma,13,B5201,scoreable
99435,58,KMALNLWPVPHGLADLLNPIGVTGSNP,WPVPHGLADL,1,PIK3CA,pancreatic adenocarcinoma,13,C0802,scoreable
99435,59,KMALNLWPVPHGLADLLNPIGVTGSNP,WPVPHGLADL,1,PIK3CA,pancreatic adenocarcinoma,13,C1202,scoreable
99435,106,KMALNLWPVPHGLADLLNPIGVTGSNP,HGLADLLNPI,1,PIK3CA,pancreatic adenocarcinoma,13,A1101,floor
99435,106,KMALNLWPVPHGLADLLNPIGVTGSNP,HGLADLLNPI,1,PIK3CA,pancreatic adenocarcinoma,13,A6802,floor
99435,106,KMALNLWPVPHGLADLLNPIGVTGSNP,HGLADLLNPI,1,PIK3CA,pancreatic adenocarcinoma,13,B1402,floor
99435,57,KMALNLWPVPHGLADLLNPIGVTGSNP,HGLADLLNPI,1,PIK3CA,pancreatic adenocarcinoma,13,B5201,scoreable
99435,106,KMALNLWPVPHGLADLLNPIGVTGSNP,HGLADLLNPI,1,PIK3CA,pancreatic adenocarcinoma,13,C0802,floor
99435,106,KMALNLWPVPHGLADLLNPIGVTGSNP,HGLADLLNPI,1,PIK3CA,pancreatic adenocarcinoma,13,C1202,floor
99435,106,KMALNLWPVPHGLADLLNPIGVTGSNP,LADLLNPIGV,1,PIK3CA,pancreatic adenocarcinoma,13,A1101,floor
99435,106,KMALNLWPVPHGLADLLNPIGVTGSNP,LADLLNPIGV,1,PIK3CA,pancreatic adenocarcinoma,13,A6802,floor
99435,106,KMALNLWPVPHGLADLLNPIGVTGSNP,LADLLNPIGV,1,PIK3CA,pancreatic adenocarcinoma,13,B1402,floor
99435,57,KMALNLWPVPHGLADLLNPIGVTGSNP,LADLLNPIGV,1,PIK3CA,pancreatic adenocarcinoma,13,B5201,scoreable
99435,106,KMALNLWPVPHGLADLLNPIGVTGSNP,LADLLNPIGV,1,PIK3CA,pancreatic adenocarcinoma,13,C0802,floor
99435,106,KMALNLWPVPHGLADLLNPIGVTGSNP,LADLLNPIGV,1,PIK3CA,pancreatic adenocarcinoma,13,C1202,floor
99435,106,KMALNLWPVPHGLADLLNPIGVTGSNP,WPVPHGLADLL,1,PIK3CA,pancreatic adenocarcinoma,13,A1101,floor
99435,106,KMALNLWPVPHGLADLLNPIGVTGSNP,WPVPHGLADLL,1,PIK3CA,pancreatic adenocarcinoma,13,A6802,floor
99435,106,KMALNLWPVPHGLADLLNPIGVTGSNP,WPVPHGLADLL,1,PIK3CA,pancreatic adenocarcinoma,13,B1402,floor
99435,57,KMALNLWPVPHGLADLLNPIGVTGSNP,WPVPHGLADLL,1,PIK3CA,pancreatic adenocarcinoma,13,B5201,scoreable
99435,106,KMALNLWPVPHGLADLLNPIGVTGSNP,WPVPHGLADLL,1,PIK3CA,pancreatic adenocarcinoma,13,C0802,floor
99435,59,KMALNLWPVPHGLADLLNPIGVTGSNP,WPVPHGLADLL,1,PIK3CA,pancreatic adenocarcinoma,13,C1202,scoreable
99435,106,KMALNLWPVPHGLADLLNPIGVTGSNP,GLADLLNPIGV,1,PIK3CA,pancreatic adenocarcinoma,13,A1101,floor
99435,106,KMALNLWPVPHGLADLLNPIGVTGSNP,GLADLLNPIGV,1,PIK3CA,pancreatic adenocarcinoma,13,A6802,floor
99435,106,KMALNLWPVPHGLADLLNPIGVTGSNP,GLADLLNPIGV,1,PIK3CA,pancreatic adenocarcinoma,13,B1402,floor
99435,57,KMALNLWPVPHGLADLLNPIGVTGSNP,GLADLLNPIGV,1,PIK3CA,pancreatic adenocarcinoma,13,B5201,scoreable
99435,106,KMALNLWPVPHGLADLLNPIGVTGSNP,GLADLLNPIGV,1,PIK3CA,pancreatic adenocarcinoma,13,C0802,floor
99435,106,KMALNLWPVPHGLADLLNPIGVTGSNP,GLADLLNPIGV,1,PIK3CA,pancreatic adenocarcinoma,13,C1202,floor
99435,106,KMALNLWPVPHGLADLLNPIGVTGSNP,NLWPVPHGLADL,1,PIK3CA,pancreatic adenocarcinoma,13,A1101,floor
99435,106,KMALNLWPVPHGLADLLNPIGVTGSNP,NLWPVPHGLADL,1,PIK3CA,pancreatic adenocarcinoma,13,A6802,floor
99435,106,KMALNLWPVPHGLADLLNPIGVTGSNP,NLWPVPHGLADL,1,PIK3CA,pancreatic adenocarcinoma,13,B1402,floor
99435,57,KMALNLWPVPHGLADLLNPIGVTGSNP,NLWPVPHGLADL,1,PIK3CA,pancreatic adenocarcinoma,13,B5201,scoreable
99435,106,KMALNLWPVPHGLADLLNPIGVTGSNP,NLWPVPHGLADL,1,PIK3CA,pancreatic adenocarcinoma,13,C0802,floor
99435,106,KMALNLWPVPHGLADLLNPIGVTGSNP,NLWPVPHGLADL,1,PIK3CA,pancreatic adenocarcinoma,13,C1202,floor
99435,54,VDKLTRLKKLFLVKNKISKIENLSNLH,RLKKLFLVK,0,PPP1R7,pancreatic adenocarcinoma,13,A1101,scoreable
99435,106,VDKLTRLKKLFLVKNKISKIENLSNLH,RLKKLFLVK,0,PPP1R7,pancreatic adenocarcinoma,13,A6802,floor
99435,106,VDKLTRLKKLFLVKNKISKIENLSNLH,RLKKLFLVK,0,PPP1R7,pancreatic adenocarcinoma,13,B1402,floor
99435,106,VDKLTRLKKLFLVKNKISKIENLSNLH,RLKKLFLVK,0,PPP1R7,pancreatic adenocarcinoma,13,B5201,floor
99435,106,VDKLTRLKKLFLVKNKISKIENLSNLH,RLKKLFLVK,0,PPP1R7,pancreatic adenocarcinoma,13,C0802,floor
99435,106,VDKLTRLKKLFLVKNKISKIENLSNLH,RLKKLFLVK,0,PPP1R7,pancreatic adenocarcinoma,13,C1202,floor
99435,106,VDKLTRLKKLFLVKNKISKIENLSNLH,KLFLVKNKI,0,PPP1R7,pancreatic adenocarcinoma,13,A1101,floor
99435,106,VDKLTRLKKLFLVKNKISKIENLSNLH,KLFLVKNKI,0,PPP1R7,pancreatic adenocarcinoma,13,A6802,floor
99435,106,VDKLTRLKKLFLVKNKISKIENLSNLH,KLFLVKNKI,0,PPP1R7,pancreatic adenocarcinoma,13,B1402,floor
99435,57,VDKLTRLKKLFLVKNKISKIENLSNLH,KLFLVKNKI,0,PPP1R7,pancreatic adenocarcinoma,13,B5201,scoreable
99435,106,VDKLTRLKKLFLVKNKISKIENLSNLH,KLFLVKNKI,0,PPP1R7,pancreatic adenocarcinoma,13,C0802,floor
99435,106,VDKLTRLKKLFLVKNKISKIENLSNLH,KLFLVKNKI,0,PPP1R7,pancreatic adenocarcinoma,13,C1202,floor
99435,54,VDKLTRLKKLFLVKNKISKIENLSNLH,FLVKNKISK,0,PPP1R7,pancreatic adenocarcinoma,13,A1101,scoreable
99435,106,VDKLTRLKKLFLVKNKISKIENLSNLH,FLVKNKISK,0,PPP1R7,pancreatic adenocarcinoma,13,A6802,floor
99435,106,VDKLTRLKKLFLVKNKISKIENLSNLH,FLVKNKISK,0,PPP1R7,pancreatic adenocarcinoma,13,B1402,floor
99435,106,VDKLTRLKKLFLVKNKISKIENLSNLH,FLVKNKISK,0,PPP1R7,pancreatic adenocarcinoma,13,B5201,floor
99435,106,VDKLTRLKKLFLVKNKISKIENLSNLH,FLVKNKISK,0,PPP1R7,pancreatic adenocarcinoma,13,C0802,floor
99435,106,VDKLTRLKKLFLVKNKISKIENLSNLH,FLVKNKISK,0,PPP1R7,pancreatic adenocarcinoma,13,C1202,floor
99435,106,VDKLTRLKKLFLVKNKISKIENLSNLH,LVKNKISKI,0,PPP1R7,pancreatic adenocarcinoma,13,A1101,floor
99435,55,VDKLTRLKKLFLVKNKISKIENLSNLH,LVKNKISKI,0,PPP1R7,pancreatic adenocarcinoma,13,A6802,scoreable
99435,106,VDKLTRLKKLFLVKNKISKIENLSNLH,LVKNKISKI,0,PPP1R7,pancreatic adenocarcinoma,13,B1402,floor
99435,57,VDKLTRLKKLFLVKNKISKIENLSNLH,LVKNKISKI,0,PPP1R7,pancreatic adenocarcinoma,13,B5201,scoreable
99435,58,VDKLTRLKKLFLVKNKISKIENLSNLH,LVKNKISKI,0,PPP1R7,pancreatic adenocarcinoma,13,C0802,scoreable
99435,59,VDKLTRLKKLFLVKNKISKIENLSNLH,LVKNKISKI,0,PPP1R7,pancreatic adenocarcinoma,13,C1202,scoreable
99435,106,VDKLTRLKKLFLVKNKISKIENLSNLH,FLVKNKISKI,0,PPP1R7,pancreatic adenocarcinoma,13,A1101,floor
99435,55,VDKLTRLKKLFLVKNKISKIENLSNLH,FLVKNKISKI,0,PPP1R7,pancreatic adenocarcinoma,13,A6802,scoreable
99435,106,VDKLTRLKKLFLVKNKISKIENLSNLH,FLVKNKISKI,0,PPP1R7,pancreatic adenocarcinoma,13,B1402,floor
99435,57,VDKLTRLKKLFLVKNKISKIENLSNLH,FLVKNKISKI,0,PPP1R7,pancreatic adenocarcinoma,13,B5201,scoreable
99435,106,VDKLTRLKKLFLVKNKISKIENLSNLH,FLVKNKISKI,0,PPP1R7,pancreatic adenocarcinoma,13,C0802,floor
99435,59,VDKLTRLKKLFLVKNKISKIENLSNLH,FLVKNKISKI,0,PPP1R7,pancreatic adenocarcinoma,13,C1202,scoreable
99435,54,VDKLTRLKKLFLVKNKISKIENLSNLH,KLFLVKNKISK,0,PPP1R7,pancreatic adenocarcinoma,13,A1101,scoreable
99435,106,VDKLTRLKKLFLVKNKISKIENLSNLH,KLFLVKNKISK,0,PPP1R7,pancreatic adenocarcinoma,13,A6802,floor
99435,106,VDKLTRLKKLFLVKNKISKIENLSNLH,KLFLVKNKISK,0,PPP1R7,pancreatic adenocarcinoma,13,B1402,floor
99435,106,VDKLTRLKKLFLVKNKISKIENLSNLH,KLFLVKNKISK,0,PPP1R7,pancreatic adenocarcinoma,13,B5201,floor
99435,106,VDKLTRLKKLFLVKNKISKIENLSNLH,KLFLVKNKISK,0,PPP1R7,pancreatic adenocarcinoma,13,C0802,floor
99435,106,VDKLTRLKKLFLVKNKISKIENLSNLH,KLFLVKNKISK,0,PPP1R7,pancreatic adenocarcinoma,13,C1202,floor
99435,106,VDSNNKELSIAIRVYGLFAGPCKVINA,KELSIAIRV,0,PRKDC,pancreatic adenocarcinoma,13,A1101,floor
99435,106,VDSNNKELSIAIRVYGLFAGPCKVINA,KELSIAIRV,0,PRKDC,pancreatic adenocarcinoma,13,A6802,floor
99435,106,VDSNNKELSIAIRVYGLFAGPCKVINA,KELSIAIRV,0,PRKDC,pancreatic adenocarcinoma,13,B1402,floor
99435,57,VDSNNKELSIAIRVYGLFAGPCKVINA,KELSIAIRV,0,PRKDC,pancreatic adenocarcinoma,13,B5201,scoreable
99435,106,VDSNNKELSIAIRVYGLFAGPCKVINA,KELSIAIRV,0,PRKDC,pancreatic adenocarcinoma,13,C0802,floor
99435,106,VDSNNKELSIAIRVYGLFAGPCKVINA,KELSIAIRV,0,PRKDC,pancreatic adenocarcinoma,13,C1202,floor
99435,106,VDSNNKELSIAIRVYGLFAGPCKVINA,SIAIRVYGL,0,PRKDC,pancreatic adenocarcinoma,13,A1101,floor
99435,55,VDSNNKELSIAIRVYGLFAGPCKVINA,SIAIRVYGL,0,PRKDC,pancreatic adenocarcinoma,13,A6802,scoreable
99435,106,VDSNNKELSIAIRVYGLFAGPCKVINA,SIAIRVYGL,0,PRKDC,pancreatic adenocarcinoma,13,B1402,floor
99435,106,VDSNNKELSIAIRVYGLFAGPCKVINA,SIAIRVYGL,0,PRKDC,pancreatic adenocarcinoma,13,B5201,floor
99435,106,VDSNNKELSIAIRVYGLFAGPCKVINA,SIAIRVYGL,0,PRKDC,pancreatic adenocarcinoma,13,C0802,floor
99435,106,VDSNNKELSIAIRVYGLFAGPCKVINA,SIAIRVYGL,0,PRKDC,pancreatic adenocarcinoma,13,C1202,floor
99435,106,VDSNNKELSIAIRVYGLFAGPCKVINA,IAIRVYGLF,0,PRKDC,pancreatic adenocarcinoma,13,A1101,floor
99435,106,VDSNNKELSIAIRVYGLFAGPCKVINA,IAIRVYGLF,0,PRKDC,pancreatic adenocarcinoma,13,A6802,floor
99435,106,VDSNNKELSIAIRVYGLFAGPCKVINA,IAIRVYGLF,0,PRKDC,pancreatic adenocarcinoma,13,B1402,floor
99435,57,VDSNNKELSIAIRVYGLFAGPCKVINA,IAIRVYGLF,0,PRKDC,pancreatic adenocarcinoma,13,B5201,scoreable
99435,106,VDSNNKELSIAIRVYGLFAGPCKVINA,IAIRVYGLF,0,PRKDC,pancreatic adenocarcinoma,13,C0802,floor
99435,59,VDSNNKELSIAIRVYGLFAGPCKVINA,IAIRVYGLF,0,PRKDC,pancreatic adenocarcinoma,13,C1202,scoreable
99435,106,VDSNNKELSIAIRVYGLFAGPCKVINA,KELSIAIRVY,0,PRKDC,pancreatic adenocarcinoma,13,A1101,floor
99435,106,VDSNNKELSIAIRVYGLFAGPCKVINA,KELSIAIRVY,0,PRKDC,pancreatic adenocarcinoma,13,A6802,floor
99435,106,VDSNNKELSIAIRVYGLFAGPCKVINA,KELSIAIRVY,0,PRKDC,pancreatic adenocarcinoma,13,B1402,floor
99435,57,VDSNNKELSIAIRVYGLFAGPCKVINA,KELSIAIRVY,0,PRKDC,pancreatic adenocarcinoma,13,B5201,scoreable
99435,106,VDSNNKELSIAIRVYGLFAGPCKVINA,KELSIAIRVY,0,PRKDC,pancreatic adenocarcinoma,13,C0802,floor
99435,106,VDSNNKELSIAIRVYGLFAGPCKVINA,KELSIAIRVY,0,PRKDC,pancreatic adenocarcinoma,13,C1202,floor
99435,106,VDSNNKELSIAIRVYGLFAGPCKVINA,LSIAIRVYGL,0,PRKDC,pancreatic adenocarcinoma,13,A1101,floor
99435,55,VDSNNKELSIAIRVYGLFAGPCKVINA,LSIAIRVYGL,0,PRKDC,pancreatic adenocarcinoma,13,A6802,scoreable
99435,106,VDSNNKELSIAIRVYGLFAGPCKVINA,LSIAIRVYGL,0,PRKDC,pancreatic adenocarcinoma,13,B1402,floor
99435,57,VDSNNKELSIAIRVYGLFAGPCKVINA,LSIAIRVYGL,0,PRKDC,pancreatic adenocarcinoma,13,B5201,scoreable
99435,106,VDSNNKELSIAIRVYGLFAGPCKVINA,LSIAIRVYGL,0,PRKDC,pancreatic adenocarcinoma,13,C0802,floor
99435,106,VDSNNKELSIAIRVYGLFAGPCKVINA,LSIAIRVYGL,0,PRKDC,pancreatic adenocarcinoma,13,C1202,floor
99435,106,VDSNNKELSIAIRVYGLFAGPCKVINA,SIAIRVYGLF,0,PRKDC,pancreatic adenocarcinoma,13,A1101,floor
99435,106,VDSNNKELSIAIRVYGLFAGPCKVINA,SIAIRVYGLF,0,PRKDC,pancreatic adenocarcinoma,13,A6802,floor
99435,106,VDSNNKELSIAIRVYGLFAGPCKVINA,SIAIRVYGLF,0,PRKDC,pancreatic adenocarcinoma,13,B1402,floor
99435,106,VDSNNKELSIAIRVYGLFAGPCKVINA,SIAIRVYGLF,0,PRKDC,pancreatic adenocarcinoma,13,B5201,floor
99435,106,VDSNNKELSIAIRVYGLFAGPCKVINA,SIAIRVYGLF,0,PRKDC,pancreatic adenocarcinoma,13,C0802,floor
99435,59,VDSNNKELSIAIRVYGLFAGPCKVINA,SIAIRVYGLF,0,PRKDC,pancreatic adenocarcinoma,13,C1202,scoreable
99435,106,VDSNNKELSIAIRVYGLFAGPCKVINA,IAIRVYGLFA,0,PRKDC,pancreatic adenocarcinoma,13,A1101,floor
99435,55,VDSNNKELSIAIRVYGLFAGPCKVINA,IAIRVYGLFA,0,PRKDC,pancreatic adenocarcinoma,13,A6802,scoreable
99435,106,VDSNNKELSIAIRVYGLFAGPCKVINA,IAIRVYGLFA,0,PRKDC,pancreatic adenocarcinoma,13,B1402,floor
99435,106,VDSNNKELSIAIRVYGLFAGPCKVINA,IAIRVYGLFA,0,PRKDC,pancreatic adenocarcinoma,13,B5201,floor
99435,106,VDSNNKELSIAIRVYGLFAGPCKVINA,IAIRVYGLFA,0,PRKDC,pancreatic adenocarcinoma,13,C0802,floor
99435,106,VDSNNKELSIAIRVYGLFAGPCKVINA,IAIRVYGLFA,0,PRKDC,pancreatic adenocarcinoma,13,C1202,floor
99435,106,VDSNNKELSIAIRVYGLFAGPCKVINA,RVYGLFAGPC,0,PRKDC,pancreatic adenocarcinoma,13,A1101,floor
99435,106,VDSNNKELSIAIRVYGLFAGPCKVINA,RVYGLFAGPC,0,PRKDC,pancreatic adenocarcinoma,13,A6802,floor
99435,106,VDSNNKELSIAIRVYGLFAGPCKVINA,RVYGLFAGPC,0,PRKDC,pancreatic adenocarcinoma,13,B1402,floor
99435,106,VDSNNKELSIAIRVYGLFAGPCKVINA,RVYGLFAGPC,0,PRKDC,pancreatic adenocarcinoma,13,B5201,floor
99435,106,VDSNNKELSIAIRVYGLFAGPCKVINA,RVYGLFAGPC,0,PRKDC,pancreatic adenocarcinoma,13,C0802,floor
99435,59,VDSNNKELSIAIRVYGLFAGPCKVINA,RVYGLFAGPC,0,PRKDC,pancreatic adenocarcinoma,13,C1202,scoreable
99435,54,VDSNNKELSIAIRVYGLFAGPCKVINA,VYGLFAGPCK,0,PRKDC,pancreatic adenocarcinoma,13,A1101,scoreable
99435,106,VDSNNKELSIAIRVYGLFAGPCKVINA,VYGLFAGPCK,0,PRKDC,pancreatic adenocarcinoma,13,A6802,floor
99435,106,VDSNNKELSIAIRVYGLFAGPCKVINA,VYGLFAGPCK,0,PRKDC,pancreatic adenocarcinoma,13,B1402,floor
99435,106,VDSNNKELSIAIRVYGLFAGPCKVINA,VYGLFAGPCK,0,PRKDC,pancreatic adenocarcinoma,13,B5201,floor
99435,106,VDSNNKELSIAIRVYGLFAGPCKVINA,VYGLFAGPCK,0,PRKDC,pancreatic adenocarcinoma,13,C0802,floor
99435,106,VDSNNKELSIAIRVYGLFAGPCKVINA,VYGLFAGPCK,0,PRKDC,pancreatic adenocarcinoma,13,C1202,floor
99435,54,VDSNNKELSIAIRVYGLFAGPCKVINA,RVYGLFAGPCK,0,PRKDC,pancreatic adenocarcinoma,13,A1101,scoreable
99435,106,VDSNNKELSIAIRVYGLFAGPCKVINA,RVYGLFAGPCK,0,PRKDC,pancreatic adenocarcinoma,13,A6802,floor
99435,106,VDSNNKELSIAIRVYGLFAGPCKVINA,RVYGLFAGPCK,0,PRKDC,pancreatic adenocarcinoma,13,B1402,floor
99435,106,VDSNNKELSIAIRVYGLFAGPCKVINA,RVYGLFAGPCK,0,PRKDC,pancreatic adenocarcinoma,13,B5201,floor
99435,106,VDSNNKELSIAIRVYGLFAGPCKVINA,RVYGLFAGPCK,0,PRKDC,pancreatic adenocarcinoma,13,C0802,floor
99435,59,VDSNNKELSIAIRVYGLFAGPCKVINA,RVYGLFAGPCK,0,PRKDC,pancreatic adenocarcinoma,13,C1202,scoreable
99435,106,VDSNNKELSIAIRVYGLFAGPCKVINA,RVYGLFAGPCKV,0,PRKDC,pancreatic adenocarcinoma,13,A1101,floor
99435,106,VDSNNKELSIAIRVYGLFAGPCKVINA,RVYGLFAGPCKV,0,PRKDC,pancreatic adenocarcinoma,13,A6802,floor
99435,106,VDSNNKELSIAIRVYGLFAGPCKVINA,RVYGLFAGPCKV,0,PRKDC,pancreatic adenocarcinoma,13,B1402,floor
99435,57,VDSNNKELSIAIRVYGLFAGPCKVINA,RVYGLFAGPCKV,0,PRKDC,pancreatic adenocarcinoma,13,B5201,scoreable
99435,106,VDSNNKELSIAIRVYGLFAGPCKVINA,RVYGLFAGPCKV,0,PRKDC,pancreatic adenocarcinoma,13,C0802,floor
99435,106,VDSNNKELSIAIRVYGLFAGPCKVINA,RVYGLFAGPCKV,0,PRKDC,pancreatic adenocarcinoma,13,C1202,floor
99435,54,TEHSGLTTGVAFGPHAKFIASTGMDRS,TTGVAFGPH,1,PRPF19,pancreatic adenocarcinoma,13,A1101,scoreable
99435,106,TEHSGLTTGVAFGPHAKFIASTGMDRS,TTGVAFGPH,1,PRPF19,pancreatic adenocarcinoma,13,A6802,floor
99435,106,TEHSGLTTGVAFGPHAKFIASTGMDRS,TTGVAFGPH,1,PRPF19,pancreatic adenocarcinoma,13,B1402,floor
99435,106,TEHSGLTTGVAFGPHAKFIASTGMDRS,TTGVAFGPH,1,PRPF19,pancreatic adenocarcinoma,13,B5201,floor
99435,106,TEHSGLTTGVAFGPHAKFIASTGMDRS,TTGVAFGPH,1,PRPF19,pancreatic adenocarcinoma,13,C0802,floor
99435,106,TEHSGLTTGVAFGPHAKFIASTGMDRS,TTGVAFGPH,1,PRPF19,pancreatic adenocarcinoma,13,C1202,floor
99435,54,TEHSGLTTGVAFGPHAKFIASTGMDRS,GVAFGPHAK,1,PRPF19,pancreatic adenocarcinoma,13,A1101,scoreable
99435,106,TEHSGLTTGVAFGPHAKFIASTGMDRS,GVAFGPHAK,1,PRPF19,pancreatic adenocarcinoma,13,A6802,floor
99435,106,TEHSGLTTGVAFGPHAKFIASTGMDRS,GVAFGPHAK,1,PRPF19,pancreatic adenocarcinoma,13,B1402,floor
99435,106,TEHSGLTTGVAFGPHAKFIASTGMDRS,GVAFGPHAK,1,PRPF19,pancreatic adenocarcinoma,13,B5201,floor
99435,106,TEHSGLTTGVAFGPHAKFIASTGMDRS,GVAFGPHAK,1,PRPF19,pancreatic adenocarcinoma,13,C0802,floor
99435,59,TEHSGLTTGVAFGPHAKFIASTGMDRS,GVAFGPHAK,1,PRPF19,pancreatic adenocarcinoma,13,C1202,scoreable
99435,106,TEHSGLTTGVAFGPHAKFIASTGMDRS,VAFGPHAKF,1,PRPF19,pancreatic adenocarcinoma,13,A1101,floor
99435,106,TEHSGLTTGVAFGPHAKFIASTGMDRS,VAFGPHAKF,1,PRPF19,pancreatic adenocarcinoma,13,A6802,floor
99435,106,TEHSGLTTGVAFGPHAKFIASTGMDRS,VAFGPHAKF,1,PRPF19,pancreatic adenocarcinoma,13,B1402,floor
99435,57,TEHSGLTTGVAFGPHAKFIASTGMDRS,VAFGPHAKF,1,PRPF19,pancreatic adenocarcinoma,13,B5201,scoreable
99435,106,TEHSGLTTGVAFGPHAKFIASTGMDRS,VAFGPHAKF,1,PRPF19,pancreatic adenocarcinoma,13,C0802,floor
99435,59,TEHSGLTTGVAFGPHAKFIASTGMDRS,VAFGPHAKF,1,PRPF19,pancreatic adenocarcinoma,13,C1202,scoreable
99435,106,TEHSGLTTGVAFGPHAKFIASTGMDRS,AFGPHAKFI,1,PRPF19,pancreatic adenocarcinoma,13,A1101,floor
99435,106,TEHSGLTTGVAFGPHAKFIASTGMDRS,AFGPHAKFI,1,PRPF19,pancreatic adenocarcinoma,13,A6802,floor
99435,106,TEHSGLTTGVAFGPHAKFIASTGMDRS,AFGPHAKFI,1,PRPF19,pancreatic adenocarcinoma,13,B1402,floor
99435,57,TEHSGLTTGVAFGPHAKFIASTGMDRS,AFGPHAKFI,1,PRPF19,pancreatic adenocarcinoma,13,B5201,scoreable
99435,106,TEHSGLTTGVAFGPHAKFIASTGMDRS,AFGPHAKFI,1,PRPF19,pancreatic adenocarcinoma,13,C0802,floor
99435,106,TEHSGLTTGVAFGPHAKFIASTGMDRS,AFGPHAKFI,1,PRPF19,pancreatic adenocarcinoma,13,C1202,floor
99435,106,TEHSGLTTGVAFGPHAKFIASTGMDRS,LTTGVAFGPH,1,PRPF19,pancreatic adenocarcinoma,13,A1101,floor
99435,106,TEHSGLTTGVAFGPHAKFIASTGMDRS,LTTGVAFGPH,1,PRPF19,pancreatic adenocarcinoma,13,A6802,floor
99435,106,TEHSGLTTGVAFGPHAKFIASTGMDRS,LTTGVAFGPH,1,PRPF19,pancreatic adenocarcinoma,13,B1402,floor
99435,106,TEHSGLTTGVAFGPHAKFIASTGMDRS,LTTGVAFGPH,1,PRPF19,pancreatic adenocarcinoma,13,B5201,floor
99435,106,TEHSGLTTGVAFGPHAKFIASTGMDRS,LTTGVAFGPH,1,PRPF19,pancreatic adenocarcinoma,13,C0802,floor
99435,59,TEHSGLTTGVAFGPHAKFIASTGMDRS,LTTGVAFGPH,1,PRPF19,pancreatic adenocarcinoma,13,C1202,scoreable
99435,106,TEHSGLTTGVAFGPHAKFIASTGMDRS,TTGVAFGPHA,1,PRPF19,pancreatic adenocarcinoma,13,A1101,floor
99435,55,TEHSGLTTGVAFGPHAKFIASTGMDRS,TTGVAFGPHA,1,PRPF19,pancreatic adenocarcinoma,13,A6802,scoreable
99435,106,TEHSGLTTGVAFGPHAKFIASTGMDRS,TTGVAFGPHA,1,PRPF19,pancreatic adenocarcinoma,13,B1402,floor
99435,106,TEHSGLTTGVAFGPHAKFIASTGMDRS,TTGVAFGPHA,1,PRPF19,pancreatic adenocarcinoma,13,B5201,floor
99435,106,TEHSGLTTGVAFGPHAKFIASTGMDRS,TTGVAFGPHA,1,PRPF19,pancreatic adenocarcinoma,13,C0802,floor
99435,106,TEHSGLTTGVAFGPHAKFIASTGMDRS,TTGVAFGPHA,1,PRPF19,pancreatic adenocarcinoma,13,C1202,floor
99435,54,TEHSGLTTGVAFGPHAKFIASTGMDRS,TGVAFGPHAK,1,PRPF19,pancreatic adenocarcinoma,13,A1101,scoreable
99435,106,TEHSGLTTGVAFGPHAKFIASTGMDRS,TGVAFGPHAK,1,PRPF19,pancreatic adenocarcinoma,13,A6802,floor
99435,106,TEHSGLTTGVAFGPHAKFIASTGMDRS,TGVAFGPHAK,1,PRPF19,pancreatic adenocarcinoma,13,B1402,floor
99435,106,TEHSGLTTGVAFGPHAKFIASTGMDRS,TGVAFGPHAK,1,PRPF19,pancreatic adenocarcinoma,13,B5201,floor
99435,106,TEHSGLTTGVAFGPHAKFIASTGMDRS,TGVAFGPHAK,1,PRPF19,pancreatic adenocarcinoma,13,C0802,floor
99435,106,TEHSGLTTGVAFGPHAKFIASTGMDRS,TGVAFGPHAK,1,PRPF19,pancreatic adenocarcinoma,13,C1202,floor
99435,54,TEHSGLTTGVAFGPHAKFIASTGMDRS,GVAFGPHAKF,1,PRPF19,pancreatic adenocarcinoma,13,A1101,scoreable
99435,106,TEHSGLTTGVAFGPHAKFIASTGMDRS,GVAFGPHAKF,1,PRPF19,pancreatic adenocarcinoma,13,A6802,floor
99435,106,TEHSGLTTGVAFGPHAKFIASTGMDRS,GVAFGPHAKF,1,PRPF19,pancreatic adenocarcinoma,13,B1402,floor
99435,106,TEHSGLTTGVAFGPHAKFIASTGMDRS,GVAFGPHAKF,1,PRPF19,pancreatic adenocarcinoma,13,B5201,floor
99435,106,TEHSGLTTGVAFGPHAKFIASTGMDRS,GVAFGPHAKF,1,PRPF19,pancreatic adenocarcinoma,13,C0802,floor
99435,59,TEHSGLTTGVAFGPHAKFIASTGMDRS,GVAFGPHAKF,1,PRPF19,pancreatic adenocarcinoma,13,C1202,scoreable
99435,106,TEHSGLTTGVAFGPHAKFIASTGMDRS,VAFGPHAKFI,1,PRPF19,pancreatic adenocarcinoma,13,A1101,floor
99435,55,TEHSGLTTGVAFGPHAKFIASTGMDRS,VAFGPHAKFI,1,PRPF19,pancreatic adenocarcinoma,13,A6802,scoreable
99435,106,TEHSGLTTGVAFGPHAKFIASTGMDRS,VAFGPHAKFI,1,PRPF19,pancreatic adenocarcinoma,13,B1402,floor
99435,57,TEHSGLTTGVAFGPHAKFIASTGMDRS,VAFGPHAKFI,1,PRPF19,pancreatic adenocarcinoma,13,B5201,scoreable
99435,106,TEHSGLTTGVAFGPHAKFIASTGMDRS,VAFGPHAKFI,1,PRPF19,pancreatic adenocarcinoma,13,C0802,floor
99435,59,TEHSGLTTGVAFGPHAKFIASTGMDRS,VAFGPHAKFI,1,PRPF19,pancreatic adenocarcinoma,13,C1202,scoreable
99435,54,TEHSGLTTGVAFGPHAKFIASTGMDRS,TTGVAFGPHAK,1,PRPF19,pancreatic adenocarcinoma,13,A1101,scoreable
99435,106,TEHSGLTTGVAFGPHAKFIASTGMDRS,TTGVAFGPHAK,1,PRPF19,pancreatic adenocarcinoma,13,A6802,floor
99435,106,TEHSGLTTGVAFGPHAKFIASTGMDRS,TTGVAFGPHAK,1,PRPF19,pancreatic adenocarcinoma,13,B1402,floor
99435,106,TEHSGLTTGVAFGPHAKFIASTGMDRS,TTGVAFGPHAK,1,PRPF19,pancreatic adenocarcinoma,13,B5201,floor
99435,106,TEHSGLTTGVAFGPHAKFIASTGMDRS,TTGVAFGPHAK,1,PRPF19,pancreatic adenocarcinoma,13,C0802,floor
99435,106,TEHSGLTTGVAFGPHAKFIASTGMDRS,TTGVAFGPHAK,1,PRPF19,pancreatic adenocarcinoma,13,C1202,floor
99435,106,TEHSGLTTGVAFGPHAKFIASTGMDRS,TGVAFGPHAKF,1,PRPF19,pancreatic adenocarcinoma,13,A1101,floor
99435,106,TEHSGLTTGVAFGPHAKFIASTGMDRS,TGVAFGPHAKF,1,PRPF19,pancreatic adenocarcinoma,13,A6802,floor
99435,106,TEHSGLTTGVAFGPHAKFIASTGMDRS,TGVAFGPHAKF,1,PRPF19,pancreatic adenocarcinoma,13,B1402,floor
99435,106,TEHSGLTTGVAFGPHAKFIASTGMDRS,TGVAFGPHAKF,1,PRPF19,pancreatic adenocarcinoma,13,B5201,floor
99435,106,TEHSGLTTGVAFGPHAKFIASTGMDRS,TGVAFGPHAKF,1,PRPF19,pancreatic adenocarcinoma,13,C0802,floor
99435,59,TEHSGLTTGVAFGPHAKFIASTGMDRS,TGVAFGPHAKF,1,PRPF19,pancreatic adenocarcinoma,13,C1202,scoreable
99435,106,TEHSGLTTGVAFGPHAKFIASTGMDRS,VAFGPHAKFIA,1,PRPF19,pancreatic adenocarcinoma,13,A1101,floor
99435,106,TEHSGLTTGVAFGPHAKFIASTGMDRS,VAFGPHAKFIA,1,PRPF19,pancreatic adenocarcinoma,13,A6802,floor
99435,106,TEHSGLTTGVAFGPHAKFIASTGMDRS,VAFGPHAKFIA,1,PRPF19,pancreatic adenocarcinoma,13,B1402,floor
99435,106,TEHSGLTTGVAFGPHAKFIASTGMDRS,VAFGPHAKFIA,1,PRPF19,pancreatic adenocarcinoma,13,B5201,floor
99435,106,TEHSGLTTGVAFGPHAKFIASTGMDRS,VAFGPHAKFIA,1,PRPF19,pancreatic adenocarcinoma,13,C0802,floor
99435,59,TEHSGLTTGVAFGPHAKFIASTGMDRS,VAFGPHAKFIA,1,PRPF19,pancreatic adenocarcinoma,13,C1202,scoreable
99435,54,TEHSGLTTGVAFGPHAKFIASTGMDRS,LTTGVAFGPHAK,1,PRPF19,pancreatic adenocarcinoma,13,A1101,scoreable
99435,106,TEHSGLTTGVAFGPHAKFIASTGMDRS,LTTGVAFGPHAK,1,PRPF19,pancreatic adenocarcinoma,13,A6802,floor
99435,106,TEHSGLTTGVAFGPHAKFIASTGMDRS,LTTGVAFGPHAK,1,PRPF19,pancreatic adenocarcinoma,13,B1402,floor
99435,106,TEHSGLTTGVAFGPHAKFIASTGMDRS,LTTGVAFGPHAK,1,PRPF19,pancreatic adenocarcinoma,13,B5201,floor
99435,106,TEHSGLTTGVAFGPHAKFIASTGMDRS,LTTGVAFGPHAK,1,PRPF19,pancreatic adenocarcinoma,13,C0802,floor
99435,59,TEHSGLTTGVAFGPHAKFIASTGMDRS,LTTGVAFGPHAK,1,PRPF19,pancreatic adenocarcinoma,13,C1202,scoreable
99435,106,TEHSGLTTGVAFGPHAKFIASTGMDRS,TTGVAFGPHAKF,1,PRPF19,pancreatic adenocarcinoma,13,A1101,floor
99435,106,TEHSGLTTGVAFGPHAKFIASTGMDRS,TTGVAFGPHAKF,1,PRPF19,pancreatic adenocarcinoma,13,A6802,floor
99435,106,TEHSGLTTGVAFGPHAKFIASTGMDRS,TTGVAFGPHAKF,1,PRPF19,pancreatic adenocarcinoma,13,B1402,floor
99435,106,TEHSGLTTGVAFGPHAKFIASTGMDRS,TTGVAFGPHAKF,1,PRPF19,pancreatic adenocarcinoma,13,B5201,floor
99435,106,TEHSGLTTGVAFGPHAKFIASTGMDRS,TTGVAFGPHAKF,1,PRPF19,pancreatic adenocarcinoma,13,C0802,floor
99435,59,TEHSGLTTGVAFGPHAKFIASTGMDRS,TTGVAFGPHAKF,1,PRPF19,pancreatic adenocarcinoma,13,C1202,scoreable
99435,54,GSETGSETHESDLPPSDKEAPTPKEGT,ESDLPPSDK,0,PRRC2A,pancreatic adenocarcinoma,13,A1101,scoreable
99435,106,GSETGSETHESDLPPSDKEAPTPKEGT,ESDLPPSDK,0,PRRC2A,pancreatic adenocarcinoma,13,A6802,floor
99435,106,GSETGSETHESDLPPSDKEAPTPKEGT,ESDLPPSDK,0,PRRC2A,pancreatic adenocarcinoma,13,B1402,floor
99435,106,GSETGSETHESDLPPSDKEAPTPKEGT,ESDLPPSDK,0,PRRC2A,pancreatic adenocarcinoma,13,B5201,floor
99435,106,GSETGSETHESDLPPSDKEAPTPKEGT,ESDLPPSDK,0,PRRC2A,pancreatic adenocarcinoma,13,C0802,floor
99435,106,GSETGSETHESDLPPSDKEAPTPKEGT,ESDLPPSDK,0,PRRC2A,pancreatic adenocarcinoma,13,C1202,floor
99435,106,GSETGSETHESDLPPSDKEAPTPKEGT,ETHESDLPPS,0,PRRC2A,pancreatic adenocarcinoma,13,A1101,floor
99435,55,GSETGSETHESDLPPSDKEAPTPKEGT,ETHESDLPPS,0,PRRC2A,pancreatic adenocarcinoma,13,A6802,scoreable
99435,106,GSETGSETHESDLPPSDKEAPTPKEGT,ETHESDLPPS,0,PRRC2A,pancreatic adenocarcinoma,13,B1402,floor
99435,106,GSETGSETHESDLPPSDKEAPTPKEGT,ETHESDLPPS,0,PRRC2A,pancreatic adenocarcinoma,13,B5201,floor
99435,106,GSETGSETHESDLPPSDKEAPTPKEGT,ETHESDLPPS,0,PRRC2A,pancreatic adenocarcinoma,13,C0802,floor
99435,106,GSETGSETHESDLPPSDKEAPTPKEGT,ETHESDLPPS,0,PRRC2A,pancreatic adenocarcinoma,13,C1202,floor
99435,54,GSETGSETHESDLPPSDKEAPTPKEGT,HESDLPPSDK,0,PRRC2A,pancreatic adenocarcinoma,13,A1101,scoreable
99435,106,GSETGSETHESDLPPSDKEAPTPKEGT,HESDLPPSDK,0,PRRC2A,pancreatic adenocarcinoma,13,A6802,floor
99435,106,GSETGSETHESDLPPSDKEAPTPKEGT,HESDLPPSDK,0,PRRC2A,pancreatic adenocarcinoma,13,B1402,floor
99435,106,GSETGSETHESDLPPSDKEAPTPKEGT,HESDLPPSDK,0,PRRC2A,pancreatic adenocarcinoma,13,B5201,floor
99435,106,GSETGSETHESDLPPSDKEAPTPKEGT,HESDLPPSDK,0,PRRC2A,pancreatic adenocarcinoma,13,C0802,floor
99435,106,GSETGSETHESDLPPSDKEAPTPKEGT,HESDLPPSDK,0,PRRC2A,pancreatic adenocarcinoma,13,C1202,floor
99435,54,GSETGSETHESDLPPSDKEAPTPKEGT,ETHESDLPPSDK,0,PRRC2A,pancreatic adenocarcinoma,13,A1101,scoreable
99435,106,GSETGSETHESDLPPSDKEAPTPKEGT,ETHESDLPPSDK,0,PRRC2A,pancreatic adenocarcinoma,13,A6802,floor
99435,106,GSETGSETHESDLPPSDKEAPTPKEGT,ETHESDLPPSDK,0,PRRC2A,pancreatic adenocarcinoma,13,B1402,floor
99435,106,GSETGSETHESDLPPSDKEAPTPKEGT,ETHESDLPPSDK,0,PRRC2A,pancreatic adenocarcinoma,13,B5201,floor
99435,106,GSETGSETHESDLPPSDKEAPTPKEGT,ETHESDLPPSDK,0,PRRC2A,pancreatic adenocarcinoma,13,C0802,floor
99435,106,GSETGSETHESDLPPSDKEAPTPKEGT,ETHESDLPPSDK,0,PRRC2A,pancreatic adenocarcinoma,13,C1202,floor
99435,106,PAPLGPQRNGMRFLESSVADRRRLFER,GMRFLESSV,0,SHROOM3,pancreatic adenocarcinoma,13,A1101,floor
99435,106,PAPLGPQRNGMRFLESSVADRRRLFER,GMRFLESSV,0,SHROOM3,pancreatic adenocarcinoma,13,A6802,floor
99435,106,PAPLGPQRNGMRFLESSVADRRRLFER,GMRFLESSV,0,SHROOM3,pancreatic adenocarcinoma,13,B1402,floor
99435,57,PAPLGPQRNGMRFLESSVADRRRLFER,GMRFLESSV,0,SHROOM3,pancreatic adenocarcinoma,13,B5201,scoreable
99435,106,PAPLGPQRNGMRFLESSVADRRRLFER,GMRFLESSV,0,SHROOM3,pancreatic adenocarcinoma,13,C0802,floor
99435,106,PAPLGPQRNGMRFLESSVADRRRLFER,GMRFLESSV,0,SHROOM3,pancreatic adenocarcinoma,13,C1202,floor
99435,106,PAPLGPQRNGMRFLESSVADRRRLFER,MRFLESSVA,0,SHROOM3,pancreatic adenocarcinoma,13,A1101,floor
99435,106,PAPLGPQRNGMRFLESSVADRRRLFER,MRFLESSVA,0,SHROOM3,pancreatic adenocarcinoma,13,A6802,floor
99435,56,PAPLGPQRNGMRFLESSVADRRRLFER,MRFLESSVA,0,SHROOM3,pancreatic adenocarcinoma,13,B1402,scoreable
99435,57,PAPLGPQRNGMRFLESSVADRRRLFER,MRFLESSVA,0,SHROOM3,pancreatic adenocarcinoma,13,B5201,scoreable
99435,106,PAPLGPQRNGMRFLESSVADRRRLFER,MRFLESSVA,0,SHROOM3,pancreatic adenocarcinoma,13,C0802,floor
99435,106,PAPLGPQRNGMRFLESSVADRRRLFER,MRFLESSVA,0,SHROOM3,pancreatic adenocarcinoma,13,C1202,floor
99435,54,PAPLGPQRNGMRFLESSVADRRRLFER,FLESSVADR,0,SHROOM3,pancreatic adenocarcinoma,13,A1101,scoreable
99435,106,PAPLGPQRNGMRFLESSVADRRRLFER,FLESSVADR,0,SHROOM3,pancreatic adenocarcinoma,13,A6802,floor
99435,106,PAPLGPQRNGMRFLESSVADRRRLFER,FLESSVADR,0,SHROOM3,pancreatic adenocarcinoma,13,B1402,floor
99435,106,PAPLGPQRNGMRFLESSVADRRRLFER,FLESSVADR,0,SHROOM3,pancreatic adenocarcinoma,13,B5201,floor
99435,106,PAPLGPQRNGMRFLESSVADRRRLFER,FLESSVADR,0,SHROOM3,pancreatic adenocarcinoma,13,C0802,floor
99435,106,PAPLGPQRNGMRFLESSVADRRRLFER,FLESSVADR,0,SHROOM3,pancreatic adenocarcinoma,13,C1202,floor
99435,106,PAPLGPQRNGMRFLESSVADRRRLFER,NGMRFLESSV,0,SHROOM3,pancreatic adenocarcinoma,13,A1101,floor
99435,106,PAPLGPQRNGMRFLESSVADRRRLFER,NGMRFLESSV,0,SHROOM3,pancreatic adenocarcinoma,13,A6802,floor
99435,106,PAPLGPQRNGMRFLESSVADRRRLFER,NGMRFLESSV,0,SHROOM3,pancreatic adenocarcinoma,13,B1402,floor
99435,57,PAPLGPQRNGMRFLESSVADRRRLFER,NGMRFLESSV,0,SHROOM3,pancreatic adenocarcinoma,13,B5201,scoreable
99435,106,PAPLGPQRNGMRFLESSVADRRRLFER,NGMRFLESSV,0,SHROOM3,pancreatic adenocarcinoma,13,C0802,floor
99435,106,PAPLGPQRNGMRFLESSVADRRRLFER,NGMRFLESSV,0,SHROOM3,pancreatic adenocarcinoma,13,C1202,floor
99435,54,PAPLGPQRNGMRFLESSVADRRRLFER,RFLESSVADR,0,SHROOM3,pancreatic adenocarcinoma,13,A1101,scoreable
99435,106,PAPLGPQRNGMRFLESSVADRRRLFER,RFLESSVADR,0,SHROOM3,pancreatic adenocarcinoma,13,A6802,floor
99435,106,PAPLGPQRNGMRFLESSVADRRRLFER,RFLESSVADR,0,SHROOM3,pancreatic adenocarcinoma,13,B1402,floor
99435,106,PAPLGPQRNGMRFLESSVADRRRLFER,RFLESSVADR,0,SHROOM3,pancreatic adenocarcinoma,13,B5201,floor
99435,106,PAPLGPQRNGMRFLESSVADRRRLFER,RFLESSVADR,0,SHROOM3,pancreatic adenocarcinoma,13,C0802,floor
99435,106,PAPLGPQRNGMRFLESSVADRRRLFER,RFLESSVADR,0,SHROOM3,pancreatic adenocarcinoma,13,C1202,floor
99435,54,PAPLGPQRNGMRFLESSVADRRRLFER,FLESSVADRR,0,SHROOM3,pancreatic adenocarcinoma,13,A1101,scoreable
99435,106,PAPLGPQRNGMRFLESSVADRRRLFER,FLESSVADRR,0,SHROOM3,pancreatic adenocarcinoma,13,A6802,floor
99435,106,PAPLGPQRNGMRFLESSVADRRRLFER,FLESSVADRR,0,SHROOM3,pancreatic adenocarcinoma,13,B1402,floor
99435,106,PAPLGPQRNGMRFLESSVADRRRLFER,FLESSVADRR,0,SHROOM3,pancreatic adenocarcinoma,13,B5201,floor
99435,106,PAPLGPQRNGMRFLESSVADRRRLFER,FLESSVADRR,0,SHROOM3,pancreatic adenocarcinoma,13,C0802,floor
99435,106,PAPLGPQRNGMRFLESSVADRRRLFER,FLESSVADRR,0,SHROOM3,pancreatic adenocarcinoma,13,C1202,floor
99435,106,PAPLGPQRNGMRFLESSVADRRRLFER,LESSVADRRRL,0,SHROOM3,pancreatic adenocarcinoma,13,A1101,floor
99435,106,PAPLGPQRNGMRFLESSVADRRRLFER,LESSVADRRRL,0,SHROOM3,pancreatic adenocarcinoma,13,A6802,floor
99435,106,PAPLGPQRNGMRFLESSVADRRRLFER,LESSVADRRRL,0,SHROOM3,pancreatic adenocarcinoma,13,B1402,floor
99435,57,PAPLGPQRNGMRFLESSVADRRRLFER,LESSVADRRRL,0,SHROOM3,pancreatic adenocarcinoma,13,B5201,scoreable
99435,106,PAPLGPQRNGMRFLESSVADRRRLFER,LESSVADRRRL,0,SHROOM3,pancreatic adenocarcinoma,13,C0802,floor
99435,106,PAPLGPQRNGMRFLESSVADRRRLFER,LESSVADRRRL,0,SHROOM3,pancreatic adenocarcinoma,13,C1202,floor
99435,106,MVSGSIQVLKHMSCRVGEELDEQGIML,IQVLKHMSC,0,STX10,pancreatic adenocarcinoma,13,A1101,floor
99435,106,MVSGSIQVLKHMSCRVGEELDEQGIML,IQVLKHMSC,0,STX10,pancreatic adenocarcinoma,13,A6802,floor
99435,56,MVSGSIQVLKHMSCRVGEELDEQGIML,IQVLKHMSC,0,STX10,pancreatic adenocarcinoma,13,B1402,scoreable
99435,57,MVSGSIQVLKHMSCRVGEELDEQGIML,IQVLKHMSC,0,STX10,pancreatic adenocarcinoma,13,B5201,scoreable
99435,106,MVSGSIQVLKHMSCRVGEELDEQGIML,IQVLKHMSC,0,STX10,pancreatic adenocarcinoma,13,C0802,floor
99435,106,MVSGSIQVLKHMSCRVGEELDEQGIML,IQVLKHMSC,0,STX10,pancreatic adenocarcinoma,13,C1202,floor
99435,54,MVSGSIQVLKHMSCRVGEELDEQGIML,QVLKHMSCR,0,STX10,pancreatic adenocarcinoma,13,A1101,scoreable
99435,106,MVSGSIQVLKHMSCRVGEELDEQGIML,QVLKHMSCR,0,STX10,pancreatic adenocarcinoma,13,A6802,floor
99435,106,MVSGSIQVLKHMSCRVGEELDEQGIML,QVLKHMSCR,0,STX10,pancreatic adenocarcinoma,13,B1402,floor
99435,106,MVSGSIQVLKHMSCRVGEELDEQGIML,QVLKHMSCR,0,STX10,pancreatic adenocarcinoma,13,B5201,floor
99435,106,MVSGSIQVLKHMSCRVGEELDEQGIML,QVLKHMSCR,0,STX10,pancreatic adenocarcinoma,13,C0802,floor
99435,106,MVSGSIQVLKHMSCRVGEELDEQGIML,QVLKHMSCR,0,STX10,pancreatic adenocarcinoma,13,C1202,floor
99435,106,MVSGSIQVLKHMSCRVGEELDEQGIML,VLKHMSCRV,0,STX10,pancreatic adenocarcinoma,13,A1101,floor
99435,55,MVSGSIQVLKHMSCRVGEELDEQGIML,VLKHMSCRV,0,STX10,pancreatic adenocarcinoma,13,A6802,scoreable
99435,106,MVSGSIQVLKHMSCRVGEELDEQGIML,VLKHMSCRV,0,STX10,pancreatic adenocarcinoma,13,B1402,floor
99435,57,MVSGSIQVLKHMSCRVGEELDEQGIML,VLKHMSCRV,0,STX10,pancreatic adenocarcinoma,13,B5201,scoreable
99435,106,MVSGSIQVLKHMSCRVGEELDEQGIML,VLKHMSCRV,0,STX10,pancreatic adenocarcinoma,13,C0802,floor
99435,106,MVSGSIQVLKHMSCRVGEELDEQGIML,VLKHMSCRV,0,STX10,pancreatic adenocarcinoma,13,C1202,floor
99435,106,MVSGSIQVLKHMSCRVGEELDEQGIML,MSCRVGEEL,0,STX10,pancreatic adenocarcinoma,13,A1101,floor
99435,55,MVSGSIQVLKHMSCRVGEELDEQGIML,MSCRVGEEL,0,STX10,pancreatic adenocarcinoma,13,A6802,scoreable
99435,106,MVSGSIQVLKHMSCRVGEELDEQGIML,MSCRVGEEL,0,STX10,pancreatic adenocarcinoma,13,B1402,floor
99435,57,MVSGSIQVLKHMSCRVGEELDEQGIML,MSCRVGEEL,0,STX10,pancreatic adenocarcinoma,13,B5201,scoreable
99435,106,MVSGSIQVLKHMSCRVGEELDEQGIML,MSCRVGEEL,0,STX10,pancreatic adenocarcinoma,13,C0802,floor
99435,59,MVSGSIQVLKHMSCRVGEELDEQGIML,MSCRVGEEL,0,STX10,pancreatic adenocarcinoma,13,C1202,scoreable
99435,106,MVSGSIQVLKHMSCRVGEELDEQGIML,QVLKHMSCRV,0,STX10,pancreatic adenocarcinoma,13,A1101,floor
99435,55,MVSGSIQVLKHMSCRVGEELDEQGIML,QVLKHMSCRV,0,STX10,pancreatic adenocarcinoma,13,A6802,scoreable
99435,106,MVSGSIQVLKHMSCRVGEELDEQGIML,QVLKHMSCRV,0,STX10,pancreatic adenocarcinoma,13,B1402,floor
99435,106,MVSGSIQVLKHMSCRVGEELDEQGIML,QVLKHMSCRV,0,STX10,pancreatic adenocarcinoma,13,B5201,floor
99435,106,MVSGSIQVLKHMSCRVGEELDEQGIML,QVLKHMSCRV,0,STX10,pancreatic adenocarcinoma,13,C0802,floor
99435,106,MVSGSIQVLKHMSCRVGEELDEQGIML,QVLKHMSCRV,0,STX10,pancreatic adenocarcinoma,13,C1202,floor
99435,106,MVSGSIQVLKHMSCRVGEELDEQGIML,HMSCRVGEEL,0,STX10,pancreatic adenocarcinoma,13,A1101,floor
99435,55,MVSGSIQVLKHMSCRVGEELDEQGIML,HMSCRVGEEL,0,STX10,pancreatic adenocarcinoma,13,A6802,scoreable
99435,56,MVSGSIQVLKHMSCRVGEELDEQGIML,HMSCRVGEEL,0,STX10,pancreatic adenocarcinoma,13,B1402,scoreable
99435,57,MVSGSIQVLKHMSCRVGEELDEQGIML,HMSCRVGEEL,0,STX10,pancreatic adenocarcinoma,13,B5201,scoreable
99435,58,MVSGSIQVLKHMSCRVGEELDEQGIML,HMSCRVGEEL,0,STX10,pancreatic adenocarcinoma,13,C0802,scoreable
99435,59,MVSGSIQVLKHMSCRVGEELDEQGIML,HMSCRVGEEL,0,STX10,pancreatic adenocarcinoma,13,C1202,scoreable
99435,106,MVSGSIQVLKHMSCRVGEELDEQGIML,KHMSCRVGEEL,0,STX10,pancreatic adenocarcinoma,13,A1101,floor
99435,106,MVSGSIQVLKHMSCRVGEELDEQGIML,KHMSCRVGEEL,0,STX10,pancreatic adenocarcinoma,13,A6802,floor
99435,56,MVSGSIQVLKHMSCRVGEELDEQGIML,KHMSCRVGEEL,0,STX10,pancreatic adenocarcinoma,13,B1402,scoreable
99435,57,MVSGSIQVLKHMSCRVGEELDEQGIML,KHMSCRVGEEL,0,STX10,pancreatic adenocarcinoma,13,B5201,scoreable
99435,106,MVSGSIQVLKHMSCRVGEELDEQGIML,KHMSCRVGEEL,0,STX10,pancreatic adenocarcinoma,13,C0802,floor
99435,106,MVSGSIQVLKHMSCRVGEELDEQGIML,KHMSCRVGEEL,0,STX10,pancreatic adenocarcinoma,13,C1202,floor
99435,106,CRLLLPSPPWDRWVQVTAESLVGPLGT,PPWDRWVQV,1,TMEM8A,pancreatic adenocarcinoma,13,A1101,floor
99435,106,CRLLLPSPPWDRWVQVTAESLVGPLGT,PPWDRWVQV,1,TMEM8A,pancreatic adenocarcinoma,13,A6802,floor
99435,106,CRLLLPSPPWDRWVQVTAESLVGPLGT,PPWDRWVQV,1,TMEM8A,pancreatic adenocarcinoma,13,B1402,floor
99435,57,CRLLLPSPPWDRWVQVTAESLVGPLGT,PPWDRWVQV,1,TMEM8A,pancreatic adenocarcinoma,13,B5201,scoreable
99435,106,CRLLLPSPPWDRWVQVTAESLVGPLGT,PPWDRWVQV,1,TMEM8A,pancreatic adenocarcinoma,13,C0802,floor
99435,106,CRLLLPSPPWDRWVQVTAESLVGPLGT,PPWDRWVQV,1,TMEM8A,pancreatic adenocarcinoma,13,C1202,floor
99435,106,CRLLLPSPPWDRWVQVTAESLVGPLGT,WVQVTAESL,1,TMEM8A,pancreatic adenocarcinoma,13,A1101,floor
99435,106,CRLLLPSPPWDRWVQVTAESLVGPLGT,WVQVTAESL,1,TMEM8A,pancreatic adenocarcinoma,13,A6802,floor
99435,106,CRLLLPSPPWDRWVQVTAESLVGPLGT,WVQVTAESL,1,TMEM8A,pancreatic adenocarcinoma,13,B1402,floor
99435,57,CRLLLPSPPWDRWVQVTAESLVGPLGT,WVQVTAESL,1,TMEM8A,pancreatic adenocarcinoma,13,B5201,scoreable
99435,106,CRLLLPSPPWDRWVQVTAESLVGPLGT,WVQVTAESL,1,TMEM8A,pancreatic adenocarcinoma,13,C0802,floor
99435,59,CRLLLPSPPWDRWVQVTAESLVGPLGT,WVQVTAESL,1,TMEM8A,pancreatic adenocarcinoma,13,C1202,scoreable
99435,106,CRLLLPSPPWDRWVQVTAESLVGPLGT,VQVTAESLV,1,TMEM8A,pancreatic adenocarcinoma,13,A1101,floor
99435,106,CRLLLPSPPWDRWVQVTAESLVGPLGT,VQVTAESLV,1,TMEM8A,pancreatic adenocarcinoma,13,A6802,floor
99435,106,CRLLLPSPPWDRWVQVTAESLVGPLGT,VQVTAESLV,1,TMEM8A,pancreatic adenocarcinoma,13,B1402,floor
99435,57,CRLLLPSPPWDRWVQVTAESLVGPLGT,VQVTAESLV,1,TMEM8A,pancreatic adenocarcinoma,13,B5201,scoreable
99435,106,CRLLLPSPPWDRWVQVTAESLVGPLGT,VQVTAESLV,1,TMEM8A,pancreatic adenocarcinoma,13,C0802,floor
99435,106,CRLLLPSPPWDRWVQVTAESLVGPLGT,VQVTAESLV,1,TMEM8A,pancreatic adenocarcinoma,13,C1202,floor
99435,106,CRLLLPSPPWDRWVQVTAESLVGPLGT,RWVQVTAESL,1,TMEM8A,pancreatic adenocarcinoma,13,A1101,floor
99435,106,CRLLLPSPPWDRWVQVTAESLVGPLGT,RWVQVTAESL,1,TMEM8A,pancreatic adenocarcinoma,13,A6802,floor
99435,106,CRLLLPSPPWDRWVQVTAESLVGPLGT,RWVQVTAESL,1,TMEM8A,pancreatic adenocarcinoma,13,B1402,floor
99435,57,CRLLLPSPPWDRWVQVTAESLVGPLGT,RWVQVTAESL,1,TMEM8A,pancreatic adenocarcinoma,13,B5201,scoreable
99435,106,CRLLLPSPPWDRWVQVTAESLVGPLGT,RWVQVTAESL,1,TMEM8A,pancreatic adenocarcinoma,13,C0802,floor
99435,106,CRLLLPSPPWDRWVQVTAESLVGPLGT,RWVQVTAESL,1,TMEM8A,pancreatic adenocarcinoma,13,C1202,floor
99435,106,CRLLLPSPPWDRWVQVTAESLVGPLGT,WVQVTAESLV,1,TMEM8A,pancreatic adenocarcinoma,13,A1101,floor
99435,55,CRLLLPSPPWDRWVQVTAESLVGPLGT,WVQVTAESLV,1,TMEM8A,pancreatic adenocarcinoma,13,A6802,scoreable
99435,106,CRLLLPSPPWDRWVQVTAESLVGPLGT,WVQVTAESLV,1,TMEM8A,pancreatic adenocarcinoma,13,B1402,floor
99435,106,CRLLLPSPPWDRWVQVTAESLVGPLGT,WVQVTAESLV,1,TMEM8A,pancreatic adenocarcinoma,13,B5201,floor
99435,106,CRLLLPSPPWDRWVQVTAESLVGPLGT,WVQVTAESLV,1,TMEM8A,pancreatic adenocarcinoma,13,C0802,floor
99435,106,CRLLLPSPPWDRWVQVTAESLVGPLGT,WVQVTAESLV,1,TMEM8A,pancreatic adenocarcinoma,13,C1202,floor
99435,106,CRLLLPSPPWDRWVQVTAESLVGPLGT,DRWVQVTAESL,1,TMEM8A,pancreatic adenocarcinoma,13,A1101,floor
99435,106,CRLLLPSPPWDRWVQVTAESLVGPLGT,DRWVQVTAESL,1,TMEM8A,pancreatic adenocarcinoma,13,A6802,floor
99435,56,CRLLLPSPPWDRWVQVTAESLVGPLGT,DRWVQVTAESL,1,TMEM8A,pancreatic adenocarcinoma,13,B1402,scoreable
99435,106,CRLLLPSPPWDRWVQVTAESLVGPLGT,DRWVQVTAESL,1,TMEM8A,pancreatic adenocarcinoma,13,B5201,floor
99435,106,CRLLLPSPPWDRWVQVTAESLVGPLGT,DRWVQVTAESL,1,TMEM8A,pancreatic adenocarcinoma,13,C0802,floor
99435,106,CRLLLPSPPWDRWVQVTAESLVGPLGT,DRWVQVTAESL,1,TMEM8A,pancreatic adenocarcinoma,13,C1202,floor
