ranked_position,selected_rank,disposition,representative_system_id,regime_idx,param_idx,mn_idx,geometry_idx,d_pos,d_neg,steepness_pos,steepness_neg,M,N,roc_auc,pr_auc
1,1,selected,full_hla__pr__regime_2625,2625,105,0,105,15,9,0.5,0.75,1,1,0.9613368421052632,0.5500650365868047
2,,duplicate_biological_key,full_hla__pr__regime_2625,2675,107,0,107,15,9,0.5,2,1,1,0.9613148325358851,0.5498939422435071
3,,duplicate_biological_key,full_hla__pr__regime_2625,2650,106,0,106,15,9,0.5,1.38,1,1,0.9612976076555024,0.5497014549727453
4,2,selected,full_hla__pr__regime_2100,2100,84,0,84,15,13.5,0.5,0.75,1,1,0.9580315789473685,0.548538857668802
5,,duplicate_biological_key,full_hla__pr__regime_2100,2125,85,0,85,15,13.5,0.5,1.38,1,1,0.9579062200956938,0.5478804925813114
6,,duplicate_biological_key,full_hla__pr__regime_2100,2150,86,0,86,15,13.5,0.5,2,1,1,0.9578612440191387,0.5470181751613757
7,3,selected,full_hla__pr__regime_1950,1950,78,0,78,13.89,8.33,0.5,1.38,1,1,0.9598803827751197,0.5439761684284756
8,4,selected,full_hla__pr__regime_2450,2450,98,0,98,15,6.75,0.5,0.75,1,1,0.9605703349282296,0.5439414951763877
9,,duplicate_biological_key,full_hla__pr__regime_2450,2475,99,0,99,15,6.75,0.5,1.38,1,1,0.9605387559808612,0.543263353866995
10,,duplicate_biological_key,full_hla__pr__regime_1950,1925,77,0,77,13.89,8.33,0.5,0.75,1,1,0.9598516746411483,0.5431139443778589
11,,duplicate_biological_key,full_hla__pr__regime_2450,2500,100,0,100,15,6.75,0.5,2,1,1,0.9605205741626794,0.5430634326421038
12,,duplicate_biological_key,full_hla__pr__regime_1950,1975,79,0,79,13.89,8.33,0.5,2,1,1,0.9598985645933015,0.5422947927420906
13,,duplicate_biological_key,full_hla__pr__regime_2625,2700,108,0,108,15,9,1.33,2,1,1,0.9596842105263158,0.5420443989698359
14,,duplicate_biological_key,full_hla__pr__regime_2625,2725,109,0,109,15,9,1.33,3.67,1,1,0.9596870813397129,0.5420126471594293
15,,duplicate_biological_key,full_hla__pr__regime_2625,2750,110,0,110,15,9,2.17,3.25,1,1,0.9593282296650718,0.5401385910935785
16,5,selected,full_hla__pr__regime_2676,2676,107,1,107,15,9,0.5,2,1,2,0.9604698564593301,0.539906270412496
17,,duplicate_biological_key,full_hla__pr__regime_2625,2775,111,0,111,15,9,3,4.5,1,1,0.9591990430622009,0.5398177599800315
18,,duplicate_biological_key,full_hla__pr__regime_2676,2651,106,1,106,15,9,0.5,1.38,1,2,0.9604334928229665,0.5396311814224887
19,,duplicate_biological_key,full_hla__pr__regime_2676,2626,105,1,105,15,9,0.5,0.75,1,2,0.9603861244019138,0.538395638494734
20,6,selected,full_hla__pr__regime_2680,2680,107,5,107,15,9,0.5,2,2,1,0.9560832535885168,0.5376955692563328
21,,duplicate_biological_key,full_hla__pr__regime_2680,2655,106,5,106,15,9,0.5,1.38,2,1,0.9560755980861244,0.5372976878969746
22,,duplicate_biological_key,full_hla__pr__regime_2680,2630,105,5,105,15,9,0.5,0.75,2,1,0.9560765550239234,0.5372251216259014
23,,duplicate_biological_key,full_hla__pr__regime_2450,2550,102,0,102,15,6.75,1.33,3.67,1,1,0.9589531100478469,0.5362982040889017
24,,duplicate_biological_key,full_hla__pr__regime_2450,2525,101,0,101,15,6.75,1.33,2,1,1,0.9589483253588517,0.5358856641809804
25,,duplicate_biological_key,full_hla__pr__regime_2450,2575,103,0,103,15,6.75,2.17,3.25,1,1,0.9586172248803828,0.5351754062169007
26,,duplicate_biological_key,full_hla__pr__regime_1950,2000,80,0,80,13.89,8.33,1.33,2,1,1,0.9570363636363637,0.5351698828246697
27,,duplicate_biological_key,full_hla__pr__regime_2450,2600,104,0,104,15,6.75,3,4.5,1,1,0.9584889952153111,0.5348435255099331
28,,duplicate_biological_key,full_hla__pr__regime_1950,2025,81,0,81,13.89,8.33,1.33,3.67,1,1,0.9570746411483254,0.5345144941661535
29,7,selected,full_hla__pr__regime_1400,1400,56,0,56,13.89,12.5,0.5,0.75,1,1,0.9584918660287082,0.5344051984863173
30,,duplicate_biological_key,full_hla__pr__regime_1400,1425,57,0,57,13.89,12.5,0.5,1.38,1,1,0.9583148325358851,0.533640731076036
31,8,selected,full_hla__pr__regime_2275,2275,91,0,91,15,4.5,0.5,0.75,1,1,0.959978947368421,0.533359606476656
32,,duplicate_biological_key,full_hla__pr__regime_2676,2726,109,1,109,15,9,1.33,3.67,1,2,0.9589454545454545,0.5333139076879898
33,,duplicate_biological_key,full_hla__pr__regime_1950,2050,82,0,82,13.89,8.33,2.17,3.25,1,1,0.9560899521531101,0.5331696695005009
34,9,selected,full_hla__pr__regime_1775,1775,71,0,71,13.89,6.25,0.5,1.38,1,1,0.959155023923445,0.5330644791951868
35,,duplicate_biological_key,full_hla__pr__regime_2676,2701,108,1,108,15,9,1.33,2,1,2,0.9589052631578947,0.532935427077888
36,,duplicate_biological_key,full_hla__pr__regime_1775,1750,70,0,70,13.89,6.25,0.5,0.75,1,1,0.9591253588516746,0.5328645538816399
37,,duplicate_biological_key,full_hla__pr__regime_1950,2075,83,0,83,13.89,8.33,3,4.5,1,1,0.9558172248803828,0.5327433105252436
38,,duplicate_biological_key,full_hla__pr__regime_1775,1800,72,0,72,13.89,6.25,0.5,2,1,1,0.959177033492823,0.5325837742759298
39,,duplicate_biological_key,full_hla__pr__regime_2676,2751,110,1,110,15,9,2.17,3.25,1,2,0.9585904306220095,0.5318397409209288
40,,duplicate_biological_key,full_hla__pr__regime_1400,1450,58,0,58,13.89,12.5,0.5,2,1,1,0.9580679425837321,0.5316779720348385
41,10,selected,full_hla__pr__regime_2677,2677,107,2,107,15,9,0.5,2,1,3,0.9599741626794258,0.5315114787128645
42,,duplicate_biological_key,full_hla__pr__regime_2676,2776,111,1,111,15,9,3,4.5,1,2,0.9584794258373206,0.5314561629621831
43,,duplicate_biological_key,full_hla__pr__regime_2677,2627,105,2,105,15,9,0.5,0.75,1,3,0.9599234449760765,0.5310818073555394
44,11,selected,full_hla__pr__regime_2505,2505,100,5,100,15,6.75,0.5,2,2,1,0.9553291866028708,0.5309614791933999
45,,duplicate_biological_key,full_hla__pr__regime_2505,2455,98,5,98,15,6.75,0.5,0.75,2,1,0.9552851674641148,0.5309532335500776
46,,duplicate_biological_key,full_hla__pr__regime_2100,2175,87,0,87,15,13.5,1.33,2,1,1,0.9567856459330144,0.5309532126538224
47,,duplicate_biological_key,full_hla__pr__regime_2677,2652,106,2,106,15,9,0.5,1.38,1,3,0.9599339712918661,0.5308976428309233
48,,duplicate_biological_key,full_hla__pr__regime_2505,2480,99,5,99,15,6.75,0.5,1.38,2,1,0.9553167464114832,0.5308499063700766
49,,duplicate_biological_key,full_hla__pr__regime_2275,2300,92,0,92,15,4.5,0.5,1.38,1,1,0.9598947368421052,0.5304343672242862
50,12,selected,full_hla__pr__regime_1225,1225,49,0,49,12.78,7.67,0.5,0.75,1,1,0.9577119617224881,0.5301023530320977
51,13,selected,full_hla__pr__regime_2126,2126,85,1,85,15,13.5,0.5,1.38,1,2,0.9577598086124401,0.5300826370263453
52,,duplicate_biological_key,full_hla__pr__regime_2100,2200,88,0,88,15,13.5,1.33,3.67,1,1,0.9567253588516746,0.5297754129492248
53,,duplicate_biological_key,full_hla__pr__regime_2126,2151,86,1,86,15,13.5,0.5,2,1,2,0.9576593301435407,0.5297453861420472
54,,duplicate_biological_key,full_hla__pr__regime_2275,2325,93,0,93,15,4.5,0.5,2,1,1,0.9598909090909091,0.5297195533612393
55,,duplicate_biological_key,full_hla__pr__regime_2126,2101,84,1,84,15,13.5,0.5,0.75,1,2,0.9579684210526316,0.5296019508221075
56,,duplicate_biological_key,full_hla__pr__regime_1225,1275,51,0,51,12.78,7.67,0.5,2,1,1,0.9577464114832536,0.5289201221099423
57,14,selected,full_hla__pr__regime_2451,2451,98,1,98,15,6.75,0.5,0.75,1,2,0.9598421052631579,0.5288972880868381
58,,duplicate_biological_key,full_hla__pr__regime_2451,2476,99,1,99,15,6.75,0.5,1.38,1,2,0.9598354066985646,0.5286227872954536
59,,duplicate_biological_key,full_hla__pr__regime_2451,2501,100,1,100,15,6.75,0.5,2,1,2,0.9598306220095694,0.5284473593021786
60,,duplicate_biological_key,full_hla__pr__regime_1225,1250,50,0,50,12.78,7.67,0.5,1.38,1,1,0.95768995215311,0.52828279787905
61,15,selected,full_hla__pr__regime_2153,2153,86,3,86,15,13.5,0.5,2,1,8,0.960354066985646,0.5279712567335952
62,,duplicate_biological_key,full_hla__pr__regime_2153,2128,85,3,85,15,13.5,0.5,1.38,1,8,0.9603693779904307,0.5278667009909852
63,,duplicate_biological_key,full_hla__pr__regime_2153,2103,84,3,84,15,13.5,0.5,0.75,1,8,0.9603846889952153,0.5275416354259143
64,,duplicate_biological_key,full_hla__pr__regime_2100,2225,89,0,89,15,13.5,2.17,3.25,1,1,0.9565205741626794,0.5274069456361378
65,16,selected,full_hla__pr__regime_725,725,29,0,29,12.78,11.5,0.5,1.38,1,1,0.9588086124401913,0.5273663699828133
66,17,selected,full_hla__pr__regime_1926,1926,77,1,77,13.89,8.33,0.5,0.75,1,2,0.9588363636363636,0.5268838885335425
67,,duplicate_biological_key,full_hla__pr__regime_2100,2250,90,0,90,15,13.5,3,4.5,1,1,0.9563425837320574,0.52664274044903
68,,duplicate_biological_key,full_hla__pr__regime_725,700,28,0,28,12.78,11.5,0.5,0.75,1,1,0.9587923444976076,0.5262673879344952
69,,duplicate_biological_key,full_hla__pr__regime_1926,1976,79,1,79,13.89,8.33,0.5,2,1,2,0.9588832535885168,0.5262046831119579
70,,duplicate_biological_key,full_hla__pr__regime_1926,1951,78,1,78,13.89,8.33,0.5,1.38,1,2,0.9588440191387559,0.5260244804667704
71,18,selected,full_hla__pr__regime_2681,2681,107,6,107,15,9,0.5,2,2,2,0.9551129186602871,0.5258591915273101
72,,duplicate_biological_key,full_hla__pr__regime_725,750,30,0,30,12.78,11.5,0.5,2,1,1,0.9587081339712918,0.5254512058204579
73,19,selected,full_hla__pr__regime_2154,2154,86,4,86,15,13.5,0.5,2,1,15,0.959911004784689,0.5254129765073529
74,,duplicate_biological_key,full_hla__pr__regime_2677,2727,109,2,109,15,9,1.33,3.67,1,3,0.9584746411483254,0.5253909789491312
75,,duplicate_biological_key,full_hla__pr__regime_2681,2656,106,6,106,15,9,0.5,1.38,2,2,0.9550468899521531,0.5252265399937606
76,,duplicate_biological_key,full_hla__pr__regime_2154,2129,85,4,85,15,13.5,0.5,1.38,1,15,0.9598775119617224,0.5249685515870405
77,,duplicate_biological_key,full_hla__pr__regime_2154,2104,84,4,84,15,13.5,0.5,0.75,1,15,0.9598526315789474,0.5248589479634933
78,,duplicate_biological_key,full_hla__pr__regime_2677,2702,108,2,108,15,9,1.33,2,1,3,0.9584181818181818,0.5248443571850645
79,20,selected,full_hla__pr__regime_1451,1451,58,1,58,13.89,12.5,0.5,2,1,2,0.9588555023923445,0.524604704536057
80,,after_candidate_limit,,2705,108,5,108,15,9,1.33,2,2,1,0.9502861244019138,0.5244156422532138
81,,after_candidate_limit,,2777,111,2,111,15,9,3,4.5,1,3,0.9580430622009569,0.5243422552974853
82,,after_candidate_limit,,2752,110,2,110,15,9,2.17,3.25,1,3,0.958133014354067,0.52427070334791
83,,after_candidate_limit,,2730,109,5,109,15,9,1.33,3.67,2,1,0.9503071770334929,0.5242561841036788
84,,after_candidate_limit,,2631,105,6,105,15,9,0.5,0.75,2,2,0.9549952153110047,0.5241464172736768
85,,after_candidate_limit,,1426,57,1,57,13.89,12.5,0.5,1.38,1,2,0.9590622009569378,0.5241064906139615
86,,after_candidate_limit,,1825,73,0,73,13.89,6.25,1.33,2,1,1,0.9563301435406698,0.523895560306685
87,,after_candidate_limit,,2127,85,2,85,15,13.5,0.5,1.38,1,3,0.9585808612440191,0.5237826222940042
88,,after_candidate_limit,,2755,110,5,110,15,9,2.17,3.25,2,1,0.9492555023923445,0.5236619601811511
89,,after_candidate_limit,,2780,111,5,111,15,9,3,4.5,2,1,0.9491157894736842,0.5236562054842506
90,,after_candidate_limit,,1575,63,0,63,13.89,4.17,0.5,0.75,1,1,0.958622009569378,0.5235716017082789
91,,after_candidate_limit,,2502,100,2,100,15,6.75,0.5,2,1,3,0.9596200956937799,0.5234978922435324
92,,after_candidate_limit,,1875,75,0,75,13.89,6.25,2.17,3.25,1,1,0.9553961722488038,0.5234481998495841
93,,after_candidate_limit,,2326,93,1,93,15,4.5,0.5,2,1,2,0.9596449760765551,0.523396600614845
94,,after_candidate_limit,,1401,56,1,56,13.89,12.5,0.5,0.75,1,2,0.9590354066985646,0.5233547110513472
95,,after_candidate_limit,,2477,99,2,99,15,6.75,0.5,1.38,1,3,0.9596162679425837,0.5233536276257778
96,,after_candidate_limit,,1850,74,0,74,13.89,6.25,1.33,3.67,1,1,0.9563148325358851,0.5233421305794812
97,,after_candidate_limit,,2452,98,2,98,15,6.75,0.5,0.75,1,3,0.959622966507177,0.5233276555702722
98,,after_candidate_limit,,2102,84,2,84,15,13.5,0.5,0.75,1,3,0.9587674641148325,0.5233275915278408
99,,after_candidate_limit,,1900,76,0,76,13.89,6.25,3,4.5,1,1,0.9551043062200957,0.5231501571494287
100,,after_candidate_limit,,2301,92,1,92,15,4.5,0.5,1.38,1,2,0.9596363636363636,0.5231442064787938
101,,after_candidate_limit,,2375,95,0,95,15,4.5,1.33,3.67,1,1,0.9583444976076555,0.5229520543580698
102,,after_candidate_limit,,2276,91,1,91,15,4.5,0.5,0.75,1,2,0.9596306220095694,0.5228816571990786
103,,after_candidate_limit,,2350,94,0,94,15,4.5,1.33,2,1,1,0.9583311004784689,0.522877328485736
104,,after_candidate_limit,,1930,77,5,77,13.89,8.33,0.5,0.75,2,1,0.9508622009569379,0.5224638401652343
105,,after_candidate_limit,,2152,86,2,86,15,13.5,0.5,2,1,3,0.9582047846889952,0.5224042872498192
106,,after_candidate_limit,,1452,58,2,58,13.89,12.5,0.5,2,1,3,0.9593636363636364,0.5218272472548616
107,,after_candidate_limit,,2400,96,0,96,15,4.5,2.17,3.25,1,1,0.9580095693779904,0.5216914146616057
108,,after_candidate_limit,,2178,87,3,87,15,13.5,1.33,2,1,8,0.9588306220095694,0.5216443600592733
109,,after_candidate_limit,,2526,101,1,101,15,6.75,1.33,2,1,2,0.9582937799043062,0.5216422344409406
110,,after_candidate_limit,,2551,102,1,102,15,6.75,1.33,3.67,1,2,0.9582928229665072,0.5216302652546985
111,,after_candidate_limit,,2425,97,0,97,15,4.5,3,4.5,1,1,0.9579167464114833,0.5215994223743474
112,,after_candidate_limit,,1427,57,2,57,13.89,12.5,0.5,1.38,1,3,0.9594602870813397,0.5213878673872604
113,,after_candidate_limit,,1955,78,5,78,13.89,8.33,0.5,1.38,2,1,0.9508641148325359,0.5213263121780558
114,,after_candidate_limit,,2105,84,5,84,15,13.5,0.5,0.75,2,1,0.949932057416268,0.5211661903330466
115,,after_candidate_limit,,1600,64,0,64,13.89,4.17,0.5,1.38,1,1,0.958534928229665,0.5208448900952724
116,,after_candidate_limit,,1402,56,2,56,13.89,12.5,0.5,0.75,1,3,0.9594133971291866,0.5207446915619616
117,,after_candidate_limit,,751,30,1,30,12.78,11.5,0.5,2,1,2,0.9581933014354067,0.5206830566522656
118,,after_candidate_limit,,1980,79,5,79,13.89,8.33,0.5,2,2,1,0.9508861244019139,0.5206426591242783
119,,after_candidate_limit,,2576,103,1,103,15,6.75,2.17,3.25,1,2,0.9579655502392345,0.5206240325750726
120,,after_candidate_limit,,1625,65,0,65,13.89,4.17,0.5,2,1,1,0.9585272727272727,0.5205826290639194
121,,after_candidate_limit,,2277,91,2,91,15,4.5,0.5,0.75,1,3,0.9595703349282296,0.5205139101616635
122,,after_candidate_limit,,2203,88,3,88,15,13.5,1.33,3.67,1,8,0.9587435406698565,0.520361170695043
123,,after_candidate_limit,,2302,92,2,92,15,4.5,0.5,1.38,1,3,0.9595626794258373,0.5202486007339593
124,,after_candidate_limit,,2327,93,2,93,15,4.5,0.5,2,1,3,0.9595617224880383,0.5201830795597641
125,,after_candidate_limit,,2601,104,1,104,15,6.75,3,4.5,1,2,0.9578478468899522,0.5201597333391115
126,,after_candidate_limit,,726,29,1,29,12.78,11.5,0.5,1.38,1,2,0.958221052631579,0.5201142735571693
127,,after_candidate_limit,,2685,107,10,107,15,9,0.5,2,3,1,0.9460966507177033,0.5199616636464605
128,,after_candidate_limit,,2204,88,4,88,15,13.5,1.33,3.67,1,15,0.9584382775119618,0.5199216852394234
129,,after_candidate_limit,,1050,42,0,42,12.78,5.75,0.5,0.75,1,1,0.9570813397129186,0.5196964884229496
130,,after_candidate_limit,,2176,87,1,87,15,13.5,1.33,2,1,2,0.9563444976076555,0.5195776809744601
131,,after_candidate_limit,,2280,91,5,91,15,4.5,0.5,0.75,2,1,0.954600956937799,0.5195394283654784
132,,after_candidate_limit,,2228,89,3,89,15,13.5,2.17,3.25,1,8,0.9583961722488038,0.5194586669957529
133,,after_candidate_limit,,1403,56,3,56,13.89,12.5,0.5,0.75,1,8,0.9587387559808612,0.5194105643630421
134,,after_candidate_limit,,1801,72,1,72,13.89,6.25,0.5,2,1,2,0.9584631578947368,0.5192796491895413
135,,after_candidate_limit,,2605,104,5,104,15,6.75,3,4.5,2,1,0.94848995215311,0.5192264068011303
136,,after_candidate_limit,,2660,106,10,106,15,9,0.5,1.38,3,1,0.9460564593301436,0.5190273864045921
137,,after_candidate_limit,,2580,103,5,103,15,6.75,2.17,3.25,2,1,0.948623923444976,0.518978480629986
138,,after_candidate_limit,,2179,87,4,87,15,13.5,1.33,2,1,15,0.9583722488038278,0.5189525225839721
139,,after_candidate_limit,,701,28,1,28,12.78,11.5,0.5,0.75,1,2,0.9583052631578948,0.5189335108263448
140,,after_candidate_limit,,2555,102,5,102,15,6.75,1.33,3.67,2,1,0.9496095693779905,0.5188629649419976
141,,after_candidate_limit,,1751,70,1,70,13.89,6.25,0.5,0.75,1,2,0.9584267942583732,0.5188490677255893
142,,after_candidate_limit,,1428,57,3,57,13.89,12.5,0.5,1.38,1,8,0.9586631578947369,0.518827900935229
143,,after_candidate_limit,,2229,89,4,89,15,13.5,2.17,3.25,1,15,0.9580765550239234,0.5186908803261938
144,,after_candidate_limit,,1776,71,1,71,13.89,6.25,0.5,1.38,1,2,0.9584344497607655,0.518680836996432
145,,after_candidate_limit,,1453,58,3,58,13.89,12.5,0.5,2,1,8,0.9586727272727272,0.5186728663415171
146,,after_candidate_limit,,2635,105,10,105,15,9,0.5,0.75,3,1,0.9460363636363637,0.5186215826221253
147,,after_candidate_limit,,2051,82,1,82,13.89,8.33,2.17,3.25,1,2,0.9552181818181819,0.5184935998066653
148,,after_candidate_limit,,2254,90,4,90,15,13.5,3,4.5,1,15,0.9579665071770335,0.51840806399086
149,,after_candidate_limit,,2076,83,1,83,13.89,8.33,3,4.5,1,2,0.9549665071770335,0.5183735684268386
150,,after_candidate_limit,,2026,81,1,81,13.89,8.33,1.33,3.67,1,2,0.9561377990430622,0.5183562753829085
151,,after_candidate_limit,,1075,43,0,43,12.78,5.75,0.5,1.38,1,1,0.9570612440191387,0.5183387942868594
152,,after_candidate_limit,,2001,80,1,80,13.89,8.33,1.33,2,1,2,0.9560755980861244,0.5183250550210297
153,,after_candidate_limit,,2530,101,5,101,15,6.75,1.33,2,2,1,0.9495885167464115,0.5183017918199592
154,,after_candidate_limit,,2201,88,1,88,15,13.5,1.33,3.67,1,2,0.956201913875598,0.5181826423040644
155,,after_candidate_limit,,1100,44,0,44,12.78,5.75,0.5,2,1,1,0.9570746411483254,0.5181383701067844
156,,after_candidate_limit,,2253,90,3,90,15,13.5,3,4.5,1,8,0.958222009569378,0.5179924744834355
157,,after_candidate_limit,,2226,89,1,89,15,13.5,2.17,3.25,1,2,0.9559866028708134,0.5174736170802958
158,,after_candidate_limit,,1927,77,2,77,13.89,8.33,0.5,0.75,1,3,0.958444976076555,0.5173739633647044
159,,after_candidate_limit,,2679,107,4,107,15,9,0.5,2,1,15,0.959534928229665,0.5171309966900242
160,,after_candidate_limit,,2278,91,3,91,15,4.5,0.5,0.75,1,8,0.959533971291866,0.5171299050793862
161,,after_candidate_limit,,2279,91,4,91,15,4.5,0.5,0.75,1,15,0.959533971291866,0.5171299050793862
162,,after_candidate_limit,,2303,92,3,92,15,4.5,0.5,1.38,1,8,0.959533971291866,0.5171299050793862
163,,after_candidate_limit,,2304,92,4,92,15,4.5,0.5,1.38,1,15,0.959533971291866,0.5171299050793862
164,,after_candidate_limit,,2328,93,3,93,15,4.5,0.5,2,1,8,0.959533971291866,0.5171299050793862
165,,after_candidate_limit,,2329,93,4,93,15,4.5,0.5,2,1,15,0.959533971291866,0.5171299050793862
166,,after_candidate_limit,,2453,98,3,98,15,6.75,0.5,0.75,1,8,0.959533971291866,0.5171299050793862
167,,after_candidate_limit,,2454,98,4,98,15,6.75,0.5,0.75,1,15,0.959533971291866,0.5171299050793862
168,,after_candidate_limit,,2478,99,3,99,15,6.75,0.5,1.38,1,8,0.959533971291866,0.5171299050793862
169,,after_candidate_limit,,2479,99,4,99,15,6.75,0.5,1.38,1,15,0.959533971291866,0.5171299050793862
170,,after_candidate_limit,,2503,100,3,100,15,6.75,0.5,2,1,8,0.959533971291866,0.5171299050793862
171,,after_candidate_limit,,2504,100,4,100,15,6.75,0.5,2,1,15,0.959533971291866,0.5171299050793862
172,,after_candidate_limit,,2629,105,4,105,15,9,0.5,0.75,1,15,0.959533971291866,0.5171299050793862
173,,after_candidate_limit,,2654,106,4,106,15,9,0.5,1.38,1,15,0.959533971291866,0.5171299050793862
174,,after_candidate_limit,,2130,85,5,85,15,13.5,0.5,1.38,2,1,0.949111004784689,0.517016208865427
175,,after_candidate_limit,,2376,95,1,95,15,4.5,1.33,3.67,1,2,0.9581272727272727,0.5169208413865483
176,,after_candidate_limit,,2305,92,5,92,15,4.5,0.5,1.38,2,1,0.9545234449760766,0.516801245850848
177,,after_candidate_limit,,2552,102,2,102,15,6.75,1.33,3.67,1,3,0.9580937799043062,0.5167705897389592
178,,after_candidate_limit,,2527,101,2,101,15,6.75,1.33,2,1,3,0.9580928229665072,0.5167098390011802
179,,after_candidate_limit,,2351,94,1,94,15,4.5,1.33,2,1,2,0.9581157894736843,0.5166050428412013
180,,after_candidate_limit,,2330,93,5,93,15,4.5,0.5,2,2,1,0.9545119617224881,0.5160604420952004
181,,after_candidate_limit,,1977,79,2,79,13.89,8.33,0.5,2,1,3,0.9584047846889953,0.5160186061303567
182,,after_candidate_limit,,2251,90,1,90,15,13.5,3,4.5,1,2,0.9557933014354068,0.515991749553198
183,,after_candidate_limit,,2401,96,1,96,15,4.5,2.17,3.25,1,2,0.9578009569377991,0.5159143226128861
184,,after_candidate_limit,,2577,103,2,103,15,6.75,2.17,3.25,1,3,0.9577732057416268,0.5159094053511905
185,,after_candidate_limit,,2628,105,3,105,15,9,0.5,0.75,1,8,0.9595148325358852,0.5157584639198032
186,,after_candidate_limit,,1952,78,2,78,13.89,8.33,0.5,1.38,1,3,0.9583942583732057,0.5157451653574586
187,,after_candidate_limit,,2653,106,3,106,15,9,0.5,1.38,1,8,0.9595196172248803,0.5156546807938203
188,,after_candidate_limit,,2602,104,2,104,15,6.75,3,4.5,1,3,0.9576698564593301,0.5156080889090957
189,,after_candidate_limit,,2426,97,1,97,15,4.5,3,4.5,1,2,0.9576928229665072,0.5155784330561958
190,,after_candidate_limit,,2678,107,3,107,15,9,0.5,2,1,8,0.9595148325358852,0.5154320396072067
191,,after_candidate_limit,,2632,105,7,105,15,9,0.5,0.75,2,3,0.9544478468899521,0.5151314113512544
192,,after_candidate_limit,,2682,107,7,107,15,9,0.5,2,2,3,0.9544607655502393,0.5151218198881159
193,,after_candidate_limit,,2781,111,6,111,15,9,3,4.5,2,2,0.948355023923445,0.5149863690394204
194,,after_candidate_limit,,2456,98,6,98,15,6.75,0.5,0.75,2,2,0.9544373205741626,0.5149764706301303
195,,after_candidate_limit,,2657,106,7,106,15,9,0.5,1.38,2,3,0.9544373205741626,0.5146926107897604
196,,after_candidate_limit,,2506,100,6,100,15,6.75,0.5,2,2,2,0.9544593301435407,0.5145086708922588
197,,after_candidate_limit,,2481,99,6,99,15,6.75,0.5,1.38,2,2,0.9544401913875598,0.5145002429984762
198,,after_candidate_limit,,2756,110,6,110,15,9,2.17,3.25,2,2,0.948466028708134,0.514471957966306
199,,after_candidate_limit,,1476,59,1,59,13.89,12.5,1.33,2,1,2,0.9561004784688996,0.5141752763352405
200,,after_candidate_limit,,2731,109,6,109,15,9,1.33,3.67,2,2,0.9494497607655502,0.5140921727564143
201,,after_candidate_limit,,1626,65,1,65,13.89,4.17,0.5,2,1,2,0.9582842105263157,0.5140470831010658
202,,after_candidate_limit,,2510,100,10,100,15,6.75,0.5,2,3,1,0.9453923444976077,0.5138782041548512
203,,after_candidate_limit,,752,30,2,30,12.78,11.5,0.5,2,1,3,0.9575377990430622,0.5138029668466202
204,,after_candidate_limit,,1601,64,1,64,13.89,4.17,0.5,1.38,1,2,0.9582755980861244,0.5136476486197052
205,,after_candidate_limit,,2706,108,6,108,15,9,1.33,2,2,2,0.9493808612440191,0.5134211883185674
206,,after_candidate_limit,,1477,59,2,59,13.89,12.5,1.33,2,1,3,0.9565196172248804,0.5134147318004377
207,,after_candidate_limit,,2460,98,10,98,15,6.75,0.5,0.75,3,1,0.9453090909090909,0.5133970759316119
208,,after_candidate_limit,,2485,99,10,99,15,6.75,0.5,1.38,3,1,0.9453684210526315,0.5132830073086875
209,,after_candidate_limit,,1752,70,2,70,13.89,6.25,0.5,0.75,1,3,0.9582315789473684,0.5132413889035682
210,,after_candidate_limit,,2177,87,2,87,15,13.5,1.33,2,1,3,0.9568009569377991,0.5132171749192782
211,,after_candidate_limit,,1576,63,1,63,13.89,4.17,0.5,0.75,1,2,0.9582593301435407,0.5132095183290922
212,,after_candidate_limit,,2352,94,2,94,15,4.5,1.33,2,1,3,0.958022009569378,0.5131489965524773
213,,after_candidate_limit,,1502,60,2,60,13.89,12.5,1.33,3.67,1,3,0.9563205741626795,0.513144978648684
214,,after_candidate_limit,,1526,61,1,61,13.89,12.5,2.17,3.25,1,2,0.954733014354067,0.5130726762120261
215,,after_candidate_limit,,1501,60,1,60,13.89,12.5,1.33,3.67,1,2,0.9557674641148325,0.5130509027965267
216,,after_candidate_limit,,2377,95,2,95,15,4.5,1.33,3.67,1,3,0.958021052631579,0.5130331059626445
217,,after_candidate_limit,,1475,59,0,59,13.89,12.5,1.33,2,1,1,0.9552631578947368,0.5130169550098661
218,,after_candidate_limit,,2155,86,5,86,15,13.5,0.5,2,2,1,0.9479282296650717,0.5130163075702443
219,,after_candidate_limit,,1802,72,2,72,13.89,6.25,0.5,2,1,3,0.9582315789473684,0.5129930149355786
220,,after_candidate_limit,,727,29,2,29,12.78,11.5,0.5,1.38,1,3,0.9575464114832536,0.512987411062078
221,,after_candidate_limit,,1777,71,2,71,13.89,6.25,0.5,1.38,1,3,0.9582306220095694,0.512975748136941
222,,after_candidate_limit,,0,0,0,0,11.67,10.5,0.5,0.75,1,1,0.9563272727272727,0.5128414559495741
223,,after_candidate_limit,,1551,62,1,62,13.89,12.5,3,4.5,1,2,0.9542382775119618,0.5128054142953661
224,,after_candidate_limit,,702,28,2,28,12.78,11.5,0.5,0.75,1,3,0.957623923444976,0.5127421998031781
225,,after_candidate_limit,,1527,61,2,61,13.89,12.5,2.17,3.25,1,3,0.9553559808612441,0.5125679211924105
226,,after_candidate_limit,,1725,69,0,69,13.89,4.17,3,4.5,1,1,0.9545521531100478,0.5125602655363619
227,,after_candidate_limit,,1700,68,0,68,13.89,4.17,2.17,3.25,1,1,0.9548306220095694,0.5124627552273578
228,,after_candidate_limit,,1675,67,0,67,13.89,4.17,1.33,3.67,1,1,0.9557416267942583,0.512448206141779
229,,after_candidate_limit,,1405,56,5,56,13.89,12.5,0.5,0.75,2,1,0.9512899521531101,0.5123882483235288
230,,after_candidate_limit,,1325,53,0,53,12.78,7.67,1.33,3.67,1,1,0.9519578947368421,0.5123877983274687
231,,after_candidate_limit,,2402,96,2,96,15,4.5,2.17,3.25,1,3,0.9577023923444976,0.5122298193659374
232,,after_candidate_limit,,1650,66,0,66,13.89,4.17,1.33,2,1,1,0.9557301435406699,0.5122294157590229
233,,after_candidate_limit,,2427,97,2,97,15,4.5,3,4.5,1,3,0.9576,0.5120028229847727
234,,after_candidate_limit,,2202,88,2,88,15,13.5,1.33,3.67,1,3,0.9564535885167464,0.5119757715642916
235,,after_candidate_limit,,1500,60,0,60,13.89,12.5,1.33,3.67,1,1,0.9550411483253588,0.5119664133707122
236,,after_candidate_limit,,1300,52,0,52,12.78,7.67,1.33,2,1,1,0.9518813397129187,0.5115751786856483
237,,after_candidate_limit,,1552,62,2,62,13.89,12.5,3,4.5,1,3,0.9548947368421052,0.5115442985037769
238,,after_candidate_limit,,1805,72,5,72,13.89,6.25,0.5,2,2,1,0.9502038277511962,0.5114051890365499
239,,after_candidate_limit,,1901,76,1,76,13.89,6.25,3,4.5,1,2,0.95451004784689,0.5113465125658357
240,,after_candidate_limit,,1851,74,1,74,13.89,6.25,1.33,3.67,1,2,0.9556947368421053,0.5113293802868998
241,,after_candidate_limit,,2227,89,2,89,15,13.5,2.17,3.25,1,3,0.9562239234449761,0.511325403863408
242,,after_candidate_limit,,1780,71,5,71,13.89,6.25,0.5,1.38,2,1,0.9501358851674642,0.5112855583154763
243,,after_candidate_limit,,1876,75,1,75,13.89,6.25,2.17,3.25,1,2,0.9547808612440192,0.5112824686023946
244,,after_candidate_limit,,1755,70,5,70,13.89,6.25,0.5,0.75,2,1,0.9500688995215311,0.5112476846920208
245,,after_candidate_limit,,1375,55,0,55,12.78,7.67,3,4.5,1,1,0.9493358851674641,0.5112183363196922
246,,after_candidate_limit,,1826,73,1,73,13.89,6.25,1.33,2,1,2,0.9556822966507177,0.511155576222206
247,,after_candidate_limit,,1454,58,4,58,13.89,12.5,0.5,2,1,15,0.9582698564593302,0.5111144798245522
248,,after_candidate_limit,,1429,57,4,57,13.89,12.5,0.5,1.38,1,15,0.958245933014354,0.5110413752055134
249,,after_candidate_limit,,1525,61,0,61,13.89,12.5,2.17,3.25,1,1,0.9539425837320574,0.5108360778509253
250,,after_candidate_limit,,1404,56,4,56,13.89,12.5,0.5,0.75,1,15,0.9582382775119618,0.5108336010132924
251,,after_candidate_limit,,1553,62,3,62,13.89,12.5,3,4.5,1,8,0.9546421052631578,0.510765617754583
252,,after_candidate_limit,,25,1,0,1,11.67,10.5,0.5,1.38,1,1,0.9561942583732057,0.5106855526364291
253,,after_candidate_limit,,1350,54,0,54,12.78,7.67,2.17,3.25,1,1,0.9499244019138756,0.5105375479689666
254,,after_candidate_limit,,1478,59,3,59,13.89,12.5,1.33,2,1,8,0.9558535885167464,0.5104790254428099
255,,after_candidate_limit,,1528,61,3,61,13.89,12.5,2.17,3.25,1,8,0.954911961722488,0.5103690547779499
256,,after_candidate_limit,,1503,60,3,60,13.89,12.5,1.33,3.67,1,8,0.9558392344497607,0.5103518222157857
257,,after_candidate_limit,,2108,84,8,84,15,13.5,0.5,0.75,2,8,0.9548143540669857,0.5102950108250981
258,,after_candidate_limit,,1550,62,0,62,13.89,12.5,3,4.5,1,1,0.9534937799043062,0.5101835492838828
259,,after_candidate_limit,,2704,108,4,108,15,9,1.33,2,1,15,0.9579961722488038,0.5100980046415378
260,,after_candidate_limit,,2729,109,4,109,15,9,1.33,3.67,1,15,0.9579961722488038,0.5100980046415378
261,,after_candidate_limit,,2353,94,3,94,15,4.5,1.33,2,1,8,0.9579942583732057,0.5100956986670592
262,,after_candidate_limit,,2354,94,4,94,15,4.5,1.33,2,1,15,0.9579942583732057,0.5100956986670592
263,,after_candidate_limit,,2378,95,3,95,15,4.5,1.33,3.67,1,8,0.9579942583732057,0.5100956986670592
264,,after_candidate_limit,,2379,95,4,95,15,4.5,1.33,3.67,1,15,0.9579942583732057,0.5100956986670592
265,,after_candidate_limit,,2528,101,3,101,15,6.75,1.33,2,1,8,0.9579942583732057,0.5100956986670592
266,,after_candidate_limit,,2529,101,4,101,15,6.75,1.33,2,1,15,0.9579942583732057,0.5100956986670592
267,,after_candidate_limit,,2553,102,3,102,15,6.75,1.33,3.67,1,8,0.9579942583732057,0.5100956986670592
268,,after_candidate_limit,,2554,102,4,102,15,6.75,1.33,3.67,1,15,0.9579942583732057,0.5100956986670592
269,,after_candidate_limit,,2252,90,2,90,15,13.5,3,4.5,1,3,0.9560052631578947,0.5099951188705469
270,,after_candidate_limit,,2158,86,8,86,15,13.5,0.5,2,2,8,0.9548076555023923,0.5099414353678033
271,,after_candidate_limit,,1627,65,2,65,13.89,4.17,0.5,2,1,3,0.9581531100478469,0.5099228812678529
272,,after_candidate_limit,,1577,63,2,63,13.89,4.17,0.5,0.75,1,3,0.9581531100478469,0.5098801390400238
273,,after_candidate_limit,,1602,64,2,64,13.89,4.17,0.5,1.38,1,3,0.9581511961722488,0.5098028937661986
274,,after_candidate_limit,,50,2,0,2,11.67,10.5,0.5,2,1,1,0.9561818181818181,0.509792704982852
275,,after_candidate_limit,,875,35,0,35,12.78,3.83,0.5,0.75,1,1,0.9566267942583732,0.5095196693155669
276,,after_candidate_limit,,2133,85,8,85,15,13.5,0.5,1.38,2,8,0.954776076555024,0.5094670781042624
277,,after_candidate_limit,,525,21,0,21,11.67,7,0.5,0.75,1,1,0.9545368421052631,0.5093637142124954
278,,after_candidate_limit,,2754,110,4,110,15,9,2.17,3.25,1,15,0.9576775119617225,0.5092946110900446
279,,after_candidate_limit,,2403,96,3,96,15,4.5,2.17,3.25,1,8,0.9576755980861243,0.5092923101433586
280,,after_candidate_limit,,2404,96,4,96,15,4.5,2.17,3.25,1,15,0.9576755980861243,0.5092923101433586
281,,after_candidate_limit,,2578,103,3,103,15,6.75,2.17,3.25,1,8,0.9576755980861243,0.5092923101433586
282,,after_candidate_limit,,2579,103,4,103,15,6.75,2.17,3.25,1,15,0.9576755980861243,0.5092923101433586
283,,after_candidate_limit,,1276,51,1,51,12.78,7.67,0.5,2,1,2,0.9566698564593301,0.5092701467532386
284,,after_candidate_limit,,2779,111,4,111,15,9,3,4.5,1,15,0.9575732057416267,0.5090579329950295
285,,after_candidate_limit,,2428,97,3,97,15,4.5,3,4.5,1,8,0.9575722488038277,0.5090567861170993
286,,after_candidate_limit,,2429,97,4,97,15,4.5,3,4.5,1,15,0.9575722488038277,0.5090567861170993
287,,after_candidate_limit,,2603,104,3,104,15,6.75,3,4.5,1,8,0.9575722488038277,0.5090567861170993
288,,after_candidate_limit,,2604,104,4,104,15,6.75,3,4.5,1,15,0.9575722488038277,0.5090567861170993
289,,after_candidate_limit,,1251,50,1,50,12.78,7.67,0.5,1.38,1,2,0.956666985645933,0.5090221153796377
290,,after_candidate_limit,,575,23,0,23,11.67,7,0.5,2,1,1,0.9546124401913876,0.5089943357590331
291,,after_candidate_limit,,2077,83,2,83,13.89,8.33,3,4.5,1,3,0.954488995215311,0.5089039544212199
292,,after_candidate_limit,,550,22,0,22,11.67,7,0.5,1.38,1,1,0.9545665071770335,0.50887122002834
293,,after_candidate_limit,,1226,49,1,49,12.78,7.67,0.5,0.75,1,2,0.9566392344497607,0.5088479347584812
294,,after_candidate_limit,,2159,86,9,86,15,13.5,0.5,2,2,15,0.9543397129186603,0.5087075391310744
295,,after_candidate_limit,,2703,108,3,108,15,9,1.33,2,1,8,0.9579818181818182,0.5086127349141728
296,,after_candidate_limit,,2728,109,3,109,15,9,1.33,3.67,1,8,0.9579818181818182,0.5086127349141728
297,,after_candidate_limit,,2027,81,2,81,13.89,8.33,1.33,3.67,1,3,0.9556631578947369,0.5085046455718387
298,,after_candidate_limit,,2052,82,2,82,13.89,8.33,2.17,3.25,1,3,0.9547444976076555,0.5084291004772254
299,,after_candidate_limit,,2507,100,7,100,15,6.75,0.5,2,2,3,0.9541062200956938,0.5083368472678093
300,,after_candidate_limit,,2331,93,6,93,15,4.5,0.5,2,2,2,0.9541368421052632,0.5083038987567998
301,,after_candidate_limit,,2134,85,9,85,15,13.5,0.5,1.38,2,15,0.9543090909090909,0.5083023213893563
302,,after_candidate_limit,,2482,99,7,99,15,6.75,0.5,1.38,2,3,0.9541071770334928,0.5082419756394415
303,,after_candidate_limit,,2457,98,7,98,15,6.75,0.5,0.75,2,3,0.9541148325358851,0.5082142633357583
304,,after_candidate_limit,,2109,84,9,84,15,13.5,0.5,0.75,2,15,0.9542832535885167,0.5081445246699943
305,,after_candidate_limit,,2002,80,2,80,13.89,8.33,1.33,2,1,3,0.9556354066985646,0.5081240888848336
306,,after_candidate_limit,,2306,92,6,92,15,4.5,0.5,1.38,2,2,0.9541311004784689,0.5081224845703933
307,,after_candidate_limit,,2281,91,6,91,15,4.5,0.5,0.75,2,2,0.9541416267942584,0.5079075491648446
308,,after_candidate_limit,,2753,110,3,110,15,9,2.17,3.25,1,8,0.9576622009569378,0.5078071104752876
309,,after_candidate_limit,,2778,111,3,111,15,9,3,4.5,1,8,0.9575598086124402,0.5076199120960543
310,,after_candidate_limit,,925,37,0,37,12.78,3.83,0.5,2,1,1,0.9565425837320574,0.507281075523633
311,,after_candidate_limit,,2686,107,11,107,15,9,0.5,2,3,2,0.9449416267942584,0.5072420183356111
312,,after_candidate_limit,,1430,57,5,57,13.89,12.5,0.5,1.38,2,1,0.9508688995215311,0.5071769760489472
313,,after_candidate_limit,,900,36,0,36,12.78,3.83,0.5,1.38,1,1,0.9565387559808612,0.5071405989320613
314,,after_candidate_limit,,1953,78,3,78,13.89,8.33,0.5,1.38,1,8,0.9581301435406698,0.5070985722435707
315,,after_candidate_limit,,1978,79,3,79,13.89,8.33,0.5,2,1,8,0.9581301435406698,0.5070985722435707
316,,after_candidate_limit,,1578,63,3,63,13.89,4.17,0.5,0.75,1,8,0.9581291866028708,0.5070974965852788
317,,after_candidate_limit,,1579,63,4,63,13.89,4.17,0.5,0.75,1,15,0.9581291866028708,0.5070974965852788
318,,after_candidate_limit,,1603,64,3,64,13.89,4.17,0.5,1.38,1,8,0.9581291866028708,0.5070974965852788
319,,after_candidate_limit,,1604,64,4,64,13.89,4.17,0.5,1.38,1,15,0.9581291866028708,0.5070974965852788
320,,after_candidate_limit,,1628,65,3,65,13.89,4.17,0.5,2,1,8,0.9581291866028708,0.5070974965852788
321,,after_candidate_limit,,1629,65,4,65,13.89,4.17,0.5,2,1,15,0.9581291866028708,0.5070974965852788
322,,after_candidate_limit,,1753,70,3,70,13.89,6.25,0.5,0.75,1,8,0.9581291866028708,0.5070974965852788
323,,after_candidate_limit,,1754,70,4,70,13.89,6.25,0.5,0.75,1,15,0.9581291866028708,0.5070974965852788
324,,after_candidate_limit,,1778,71,3,71,13.89,6.25,0.5,1.38,1,8,0.9581291866028708,0.5070974965852788
325,,after_candidate_limit,,1779,71,4,71,13.89,6.25,0.5,1.38,1,15,0.9581291866028708,0.5070974965852788
326,,after_candidate_limit,,1803,72,3,72,13.89,6.25,0.5,2,1,8,0.9581291866028708,0.5070974965852788
327,,after_candidate_limit,,1804,72,4,72,13.89,6.25,0.5,2,1,15,0.9581291866028708,0.5070974965852788
328,,after_candidate_limit,,1929,77,4,77,13.89,8.33,0.5,0.75,1,15,0.9581291866028708,0.5070974965852788
329,,after_candidate_limit,,1954,78,4,78,13.89,8.33,0.5,1.38,1,15,0.9581291866028708,0.5070974965852788
330,,after_candidate_limit,,1979,79,4,79,13.89,8.33,0.5,2,1,15,0.9581291866028708,0.5070974965852788
331,,after_candidate_limit,,775,31,0,31,12.78,11.5,1.33,2,1,1,0.9531244019138756,0.5070161280432135
332,,after_candidate_limit,,2661,106,11,106,15,9,0.5,1.38,3,2,0.9449081339712919,0.5068335958927289
333,,after_candidate_limit,,1928,77,3,77,13.89,8.33,0.5,0.75,1,8,0.9581291866028708,0.5068116130805722
334,,after_candidate_limit,,1726,69,1,69,13.89,4.17,3,4.5,1,2,0.9543358851674641,0.5062546783734492
335,,after_candidate_limit,,1676,67,1,67,13.89,4.17,1.33,3.67,1,2,0.9555253588516747,0.5062401474734042
336,,after_candidate_limit,,2106,84,6,84,15,13.5,0.5,0.75,2,2,0.9521100478468899,0.5060998943063265
337,,after_candidate_limit,,1701,68,1,68,13.89,4.17,2.17,3.25,1,2,0.9546133971291866,0.5060553749294102
338,,after_candidate_limit,,1651,66,1,66,13.89,4.17,1.33,2,1,2,0.9555177033492823,0.5059861448962537
339,,after_candidate_limit,,2636,105,11,105,15,9,0.5,0.75,3,2,0.9448813397129187,0.505660996732147
340,,after_candidate_limit,,2782,111,7,111,15,9,3,4.5,2,3,0.9477875598086124,0.5053664242922672
341,,after_candidate_limit,,1902,76,2,76,13.89,6.25,3,4.5,1,3,0.9542746411483254,0.5049636959234082
342,,after_candidate_limit,,1852,74,2,74,13.89,6.25,1.33,3.67,1,3,0.9554583732057417,0.5048576881817775
343,,after_candidate_limit,,1827,73,2,73,13.89,6.25,1.33,2,1,3,0.9554574162679426,0.5048497832933945
344,,after_candidate_limit,,1877,75,2,75,13.89,6.25,2.17,3.25,1,3,0.9545502392344498,0.5048478691086612
345,,after_candidate_limit,,2757,110,7,110,15,9,2.17,3.25,2,3,0.9478861244019139,0.5045428073077313
346,,after_candidate_limit,,2430,97,5,97,15,4.5,3,4.5,2,1,0.9477387559808612,0.5045400543669682
347,,after_candidate_limit,,2107,84,7,84,15,13.5,0.5,0.75,2,3,0.9531148325358851,0.5044927617988447
348,,after_candidate_limit,,2732,109,7,109,15,9,1.33,3.67,2,3,0.9488612440191387,0.5041229680593536
349,,after_candidate_limit,,2131,85,6,85,15,13.5,0.5,1.38,2,2,0.9514736842105264,0.5040728634547039
350,,after_candidate_limit,,2405,96,5,96,15,4.5,2.17,3.25,2,1,0.9478535885167464,0.5039986406318434
351,,after_candidate_limit,,1051,42,1,42,12.78,5.75,0.5,0.75,1,2,0.9563665071770335,0.5039456063853214
352,,after_candidate_limit,,2282,91,7,91,15,4.5,0.5,0.75,2,3,0.9539588516746411,0.5038959333313077
353,,after_candidate_limit,,2355,94,5,94,15,4.5,1.33,2,2,1,0.9488325358851675,0.5038702758191456
354,,after_candidate_limit,,800,32,0,32,12.78,11.5,1.33,3.67,1,1,0.952955980861244,0.5038221696332917
355,,after_candidate_limit,,2707,108,7,108,15,9,1.33,2,2,3,0.9488267942583732,0.5037771111141152
356,,after_candidate_limit,,2380,95,5,95,15,4.5,1.33,3.67,2,1,0.9488354066985646,0.5037428856659562
357,,after_candidate_limit,,1101,44,1,44,12.78,5.75,0.5,2,1,2,0.9563636363636364,0.5036721527481608
358,,after_candidate_limit,,1076,43,1,43,12.78,5.75,0.5,1.38,1,2,0.9563559808612441,0.5036549503127066
359,,after_candidate_limit,,2307,92,7,92,15,4.5,0.5,1.38,2,3,0.9539502392344498,0.5036228198950864
360,,after_candidate_limit,,1529,61,4,61,13.89,12.5,2.17,3.25,1,15,0.9546363636363636,0.503603494513498
361,,after_candidate_limit,,1554,62,4,62,13.89,12.5,3,4.5,1,15,0.954355023923445,0.5035943023702881
362,,after_candidate_limit,,2332,93,7,93,15,4.5,0.5,2,2,3,0.9539483253588517,0.5035481762695247
363,,after_candidate_limit,,1504,60,4,60,13.89,12.5,1.33,3.67,1,15,0.9555387559808612,0.5034931428223381
364,,after_candidate_limit,,1479,59,4,59,13.89,12.5,1.33,2,1,15,0.9555090909090909,0.5033851631405207
365,,after_candidate_limit,,2606,104,6,104,15,6.75,3,4.5,2,2,0.94768995215311,0.503375437672789
366,,after_candidate_limit,,1277,51,2,51,12.78,7.67,0.5,2,1,3,0.956401913875598,0.5031265856756569
367,,after_candidate_limit,,2581,103,6,103,15,6.75,2.17,3.25,2,2,0.9478296650717704,0.5031222169671759
368,,after_candidate_limit,,1252,50,2,50,12.78,7.67,0.5,1.38,1,3,0.9564038277511961,0.5030459040025496
369,,after_candidate_limit,,1455,58,5,58,13.89,12.5,0.5,2,2,1,0.9503244019138756,0.5028125828297395
370,,after_candidate_limit,,1931,77,6,77,13.89,8.33,0.5,0.75,2,2,0.9495894736842105,0.5027140265298313
371,,after_candidate_limit,,2556,102,6,102,15,6.75,1.33,3.67,2,2,0.9487961722488039,0.5026943792101929
372,,after_candidate_limit,,2531,101,6,101,15,6.75,1.33,2,2,2,0.9487971291866029,0.5026756516387357
373,,after_candidate_limit,,1227,49,2,49,12.78,7.67,0.5,0.75,1,3,0.9564076555023924,0.5025856768968375
374,,after_candidate_limit,,825,33,0,33,12.78,11.5,2.17,3.25,1,1,0.9510066985645933,0.5022770586161172
375,,after_candidate_limit,,2156,86,6,86,15,13.5,0.5,2,2,2,0.9505205741626794,0.5022427706507963
376,,after_candidate_limit,,2132,85,7,85,15,13.5,0.5,1.38,2,3,0.9528861244019139,0.502179978107613
377,,after_candidate_limit,,2285,91,10,91,15,4.5,0.5,0.75,3,1,0.944600956937799,0.5021502721388899
378,,after_candidate_limit,,1981,79,6,79,13.89,8.33,0.5,2,2,2,0.9495942583732058,0.5018650324302457
379,,after_candidate_limit,,850,34,0,34,12.78,11.5,3,4.5,1,1,0.9501636363636363,0.501727060515225
380,,after_candidate_limit,,1727,69,2,69,13.89,4.17,3,4.5,1,3,0.9541866028708134,0.5017075740021886
381,,after_candidate_limit,,1677,67,2,67,13.89,4.17,1.33,3.67,1,3,0.9553712918660288,0.5016405588393865
382,,after_candidate_limit,,1652,66,2,66,13.89,4.17,1.33,2,1,3,0.9553703349282296,0.501636382945682
383,,after_candidate_limit,,1702,68,2,68,13.89,4.17,2.17,3.25,1,3,0.9544641148325359,0.5016134570015671
384,,after_candidate_limit,,1956,78,6,78,13.89,8.33,0.5,1.38,2,2,0.9495531100478469,0.5015540322024945
385,,after_candidate_limit,,1580,63,5,63,13.89,4.17,0.5,0.75,2,1,0.9495464114832536,0.5014178916281292
386,,after_candidate_limit,,1456,58,6,58,13.89,12.5,0.5,2,2,2,0.9504937799043062,0.5009969433753213
387,,after_candidate_limit,,1431,57,6,57,13.89,12.5,0.5,1.38,2,2,0.9507081339712918,0.5009809397592817
388,,after_candidate_limit,,926,37,1,37,12.78,3.83,0.5,2,1,2,0.9562641148325359,0.5005641067351438
389,,after_candidate_limit,,1150,46,0,46,12.78,5.75,1.33,3.67,1,1,0.9512421052631579,0.5005074951498285
390,,after_candidate_limit,,2283,91,8,91,15,4.5,0.5,0.75,2,8,0.9539215311004785,0.5005019486193417
391,,after_candidate_limit,,2284,91,9,91,15,4.5,0.5,0.75,2,15,0.9539215311004785,0.5005019486193417
392,,after_candidate_limit,,2308,92,8,92,15,4.5,0.5,1.38,2,8,0.9539215311004785,0.5005019486193417
393,,after_candidate_limit,,2309,92,9,92,15,4.5,0.5,1.38,2,15,0.9539215311004785,0.5005019486193417
394,,after_candidate_limit,,2333,93,8,93,15,4.5,0.5,2,2,8,0.9539215311004785,0.5005019486193417
395,,after_candidate_limit,,2334,93,9,93,15,4.5,0.5,2,2,15,0.9539215311004785,0.5005019486193417
396,,after_candidate_limit,,2458,98,8,98,15,6.75,0.5,0.75,2,8,0.9539215311004785,0.5005019486193417
397,,after_candidate_limit,,2459,98,9,98,15,6.75,0.5,0.75,2,15,0.9539215311004785,0.5005019486193417
398,,after_candidate_limit,,2483,99,8,99,15,6.75,0.5,1.38,2,8,0.9539215311004785,0.5005019486193417
399,,after_candidate_limit,,2484,99,9,99,15,6.75,0.5,1.38,2,15,0.9539215311004785,0.5005019486193417
400,,after_candidate_limit,,2508,100,8,100,15,6.75,0.5,2,2,8,0.9539215311004785,0.5005019486193417
401,,after_candidate_limit,,2509,100,9,100,15,6.75,0.5,2,2,15,0.9539215311004785,0.5005019486193417
402,,after_candidate_limit,,2634,105,9,105,15,9,0.5,0.75,2,15,0.9539215311004785,0.5005019486193417
403,,after_candidate_limit,,2659,106,9,106,15,9,0.5,1.38,2,15,0.9539215311004785,0.5005019486193417
404,,after_candidate_limit,,2684,107,9,107,15,9,0.5,2,2,15,0.9539215311004785,0.5005019486193417
405,,after_candidate_limit,,1200,48,0,48,12.78,5.75,3,4.5,1,1,0.948709090909091,0.5004907707805701
406,,after_candidate_limit,,2157,86,7,86,15,13.5,0.5,2,2,3,0.9523789473684211,0.500446111265938
407,,after_candidate_limit,,1125,45,0,45,12.78,5.75,1.33,2,1,1,0.951177990430622,0.5003917450874201
408,,after_candidate_limit,,776,31,1,31,12.78,11.5,1.33,2,1,2,0.9522899521531101,0.5003746746684287
409,,after_candidate_limit,,703,28,3,28,12.78,11.5,0.5,0.75,1,8,0.9564028708133971,0.5002639330717489
410,,after_candidate_limit,,901,36,1,36,12.78,3.83,0.5,1.38,1,2,0.9562401913875598,0.5001197109210278
411,,after_candidate_limit,,1406,56,6,56,13.89,12.5,0.5,0.75,2,2,0.9509741626794258,0.5000177647485364
412,,after_candidate_limit,,876,35,1,35,12.78,3.83,0.5,0.75,1,2,0.9562401913875598,0.49994707323723125
413,,after_candidate_limit,,2005,80,5,80,13.89,8.33,1.33,2,2,1,0.9399090909090909,0.49989614953840905
414,,after_candidate_limit,,728,29,3,29,12.78,11.5,0.5,1.38,1,8,0.9564,0.4998936328198712
415,,after_candidate_limit,,2183,87,8,87,15,13.5,1.33,2,2,8,0.9491760765550239,0.49984076191059496
416,,after_candidate_limit,,753,30,3,30,12.78,11.5,0.5,2,1,8,0.9564066985645933,0.49970295644095575
417,,after_candidate_limit,,2233,89,8,89,15,13.5,2.17,3.25,2,8,0.9481894736842105,0.4996310779491634
418,,after_candidate_limit,,1175,47,0,47,12.78,5.75,2.17,3.25,1,1,0.9492612440191388,0.4995864789903038
419,,after_candidate_limit,,1052,42,2,42,12.78,5.75,0.5,0.75,1,3,0.9562306220095694,0.4994556163040984
420,,after_candidate_limit,,1102,44,2,44,12.78,5.75,0.5,2,1,3,0.9562382775119618,0.4992825467886915
421,,after_candidate_limit,,1077,43,2,43,12.78,5.75,0.5,1.38,1,3,0.9562354066985645,0.4992436062638721
422,,after_candidate_limit,,2258,90,8,90,15,13.5,3,4.5,2,8,0.9480622009569378,0.49922376770229876
423,,after_candidate_limit,,2658,106,8,106,15,9,0.5,1.38,2,8,0.9539100478468899,0.4990746783760447
424,,after_candidate_limit,,350,14,0,14,11.67,5.25,0.5,0.75,1,1,0.9540019138755981,0.4989540168207189
425,,after_candidate_limit,,2310,92,10,92,15,4.5,0.5,1.38,3,1,0.9445186602870813,0.49894150946268284
426,,after_candidate_limit,,851,34,1,34,12.78,11.5,3,4.5,1,2,0.9497148325358852,0.49886568634505746
427,,after_candidate_limit,,2633,105,8,105,15,9,0.5,0.75,2,8,0.9538947368421052,0.49884641971534965
428,,after_candidate_limit,,2683,107,8,107,15,9,0.5,2,2,8,0.9539052631578947,0.49884552243481445
429,,after_candidate_limit,,1605,64,5,64,13.89,4.17,0.5,1.38,2,1,0.9494736842105264,0.4988167772167809
430,,after_candidate_limit,,2003,80,3,80,13.89,8.33,1.33,2,1,8,0.9553483253588517,0.49881613849537976
431,,after_candidate_limit,,2028,81,3,81,13.89,8.33,1.33,3.67,1,8,0.9553483253588517,0.49881613849537976
432,,after_candidate_limit,,1653,66,3,66,13.89,4.17,1.33,2,1,8,0.9553473684210526,0.4988149205360153
433,,after_candidate_limit,,1654,66,4,66,13.89,4.17,1.33,2,1,15,0.9553473684210526,0.4988149205360153
434,,after_candidate_limit,,1678,67,3,67,13.89,4.17,1.33,3.67,1,8,0.9553473684210526,0.4988149205360153
435,,after_candidate_limit,,1679,67,4,67,13.89,4.17,1.33,3.67,1,15,0.9553473684210526,0.4988149205360153
436,,after_candidate_limit,,1828,73,3,73,13.89,6.25,1.33,2,1,8,0.9553473684210526,0.4988149205360153
437,,after_candidate_limit,,1829,73,4,73,13.89,6.25,1.33,2,1,15,0.9553473684210526,0.4988149205360153
438,,after_candidate_limit,,1853,74,3,74,13.89,6.25,1.33,3.67,1,8,0.9553473684210526,0.4988149205360153
439,,after_candidate_limit,,1854,74,4,74,13.89,6.25,1.33,3.67,1,15,0.9553473684210526,0.4988149205360153
440,,after_candidate_limit,,2004,80,4,80,13.89,8.33,1.33,2,1,15,0.9553473684210526,0.4988149205360153
441,,after_candidate_limit,,2029,81,4,81,13.89,8.33,1.33,3.67,1,15,0.9553473684210526,0.4988149205360153
442,,after_candidate_limit,,801,32,1,32,12.78,11.5,1.33,3.67,1,2,0.9522956937799043,0.4987929290068652
443,,after_candidate_limit,,2078,83,3,83,13.89,8.33,3,4.5,1,8,0.9541645933014354,0.4987899082595118
444,,after_candidate_limit,,2053,82,3,82,13.89,8.33,2.17,3.25,1,8,0.9544421052631579,0.49878840579924855
445,,after_candidate_limit,,1728,69,3,69,13.89,4.17,3,4.5,1,8,0.9541626794258373,0.49878745348565506
446,,after_candidate_limit,,1729,69,4,69,13.89,4.17,3,4.5,1,15,0.9541626794258373,0.49878745348565506
447,,after_candidate_limit,,1903,76,3,76,13.89,6.25,3,4.5,1,8,0.9541626794258373,0.49878745348565506
448,,after_candidate_limit,,1904,76,4,76,13.89,6.25,3,4.5,1,15,0.9541626794258373,0.49878745348565506
449,,after_candidate_limit,,2079,83,4,83,13.89,8.33,3,4.5,1,15,0.9541626794258373,0.49878745348565506
450,,after_candidate_limit,,1703,68,3,68,13.89,4.17,2.17,3.25,1,8,0.9544401913875598,0.49878600510062454
451,,after_candidate_limit,,1704,68,4,68,13.89,4.17,2.17,3.25,1,15,0.9544401913875598,0.49878600510062454
452,,after_candidate_limit,,1878,75,3,75,13.89,6.25,2.17,3.25,1,8,0.9544401913875598,0.49878600510062454
453,,after_candidate_limit,,1879,75,4,75,13.89,6.25,2.17,3.25,1,15,0.9544401913875598,0.49878600510062454
454,,after_candidate_limit,,2054,82,4,82,13.89,8.33,2.17,3.25,1,15,0.9544401913875598,0.49878600510062454
455,,after_candidate_limit,,2259,90,9,90,15,13.5,3,4.5,2,15,0.9476401913875598,0.49878131506675455
456,,after_candidate_limit,,2030,81,5,81,13.89,8.33,1.33,3.67,2,1,0.9399760765550239,0.4986090213849498
457,,after_candidate_limit,,2208,88,8,88,15,13.5,1.33,3.67,2,8,0.9491818181818181,0.49852329348484437
458,,after_candidate_limit,,826,33,1,33,12.78,11.5,2.17,3.25,1,2,0.9503511961722488,0.498404407849338
459,,after_candidate_limit,,1630,65,5,65,13.89,4.17,0.5,2,2,1,0.9494650717703349,0.498385942664246
460,,after_candidate_limit,,2335,93,10,93,15,4.5,0.5,2,3,1,0.9445148325358852,0.4983421150450915
461,,after_candidate_limit,,2234,89,9,89,15,13.5,2.17,3.25,2,15,0.9477473684210527,0.4981680830585756
462,,after_candidate_limit,,1,0,1,0,11.67,10.5,0.5,0.75,1,2,0.95468995215311,0.4980864626598093
463,,after_candidate_limit,,705,28,5,28,12.78,11.5,0.5,0.75,2,1,0.9465942583732058,0.49792425343028257
464,,after_candidate_limit,,2209,88,9,88,15,13.5,1.33,3.67,2,15,0.9487397129186603,0.49782125220142537
465,,after_candidate_limit,,2431,97,6,97,15,4.5,3,4.5,2,2,0.9474028708133971,0.49767957289127895
466,,after_candidate_limit,,26,1,1,1,11.67,10.5,0.5,1.38,1,2,0.9546287081339713,0.4975866460630009
467,,after_candidate_limit,,51,2,1,2,11.67,10.5,0.5,2,1,2,0.9546631578947369,0.49756213012699496
468,,after_candidate_limit,,2607,104,7,104,15,6.75,3,4.5,2,3,0.9473578947368421,0.49736262293753286
469,,after_candidate_limit,,375,15,0,15,11.67,5.25,0.5,1.38,1,1,0.9539483253588517,0.49734536320584355
470,,after_candidate_limit,,1230,49,5,49,12.78,7.67,0.5,0.75,2,1,0.9435751196172248,0.4972854680673023
471,,after_candidate_limit,,2406,96,6,96,15,4.5,2.17,3.25,2,2,0.9475177033492823,0.49724865351626685
472,,after_candidate_limit,,1935,77,10,77,13.89,8.33,0.5,0.75,3,1,0.9348545454545455,0.49711988690278164
473,,after_candidate_limit,,2582,103,7,103,15,6.75,2.17,3.25,2,3,0.9474803827751196,0.4970016722063648
474,,after_candidate_limit,,2184,87,9,87,15,13.5,1.33,2,2,15,0.9486641148325359,0.49682446677538394
475,,after_candidate_limit,,2381,95,6,95,15,4.5,1.33,3.67,2,2,0.9484861244019138,0.49682408594772154
476,,after_candidate_limit,,2461,98,11,98,15,6.75,0.5,0.75,3,2,0.9443511961722488,0.49679661772529565
477,,after_candidate_limit,,2532,101,7,101,15,6.75,1.33,2,2,3,0.9484545454545454,0.4966414786749743
478,,after_candidate_limit,,2557,102,7,102,15,6.75,1.33,3.67,2,3,0.9484497607655502,0.4966169968125857
479,,after_candidate_limit,,927,37,2,37,12.78,3.83,0.5,2,1,3,0.9561387559808613,0.496596945256933
480,,after_candidate_limit,,2710,108,10,108,15,9,1.33,2,3,1,0.9320708133971292,0.4965147929028586
481,,after_candidate_limit,,877,35,2,35,12.78,3.83,0.5,0.75,1,3,0.9561377990430622,0.49651072882832037
482,,after_candidate_limit,,2356,94,6,94,15,4.5,1.33,2,2,2,0.9484736842105264,0.4964570243387548
483,,after_candidate_limit,,2735,109,10,109,15,9,1.33,3.67,3,1,0.932134928229665,0.4964409994198856
484,,after_candidate_limit,,2486,99,11,99,15,6.75,0.5,1.38,3,2,0.9443588516746412,0.49643198533156035
485,,after_candidate_limit,,1280,51,5,51,12.78,7.67,0.5,2,2,1,0.9437023923444976,0.4963963070805799
486,,after_candidate_limit,,902,36,2,36,12.78,3.83,0.5,1.38,1,3,0.9561358851674641,0.49634054875146155
487,,after_candidate_limit,,2511,100,11,100,15,6.75,0.5,2,3,2,0.9443808612440191,0.4962438027188411
488,,after_candidate_limit,,1255,50,5,50,12.78,7.67,0.5,1.38,2,1,0.9436688995215311,0.4962309347293733
489,,after_candidate_limit,,2637,105,12,105,15,9,0.5,0.75,3,3,0.9442583732057416,0.4961102146496252
490,,after_candidate_limit,,2055,82,5,82,13.89,8.33,2.17,3.25,2,1,0.9364478468899522,0.49607249639503187
491,,after_candidate_limit,,2760,110,10,110,15,9,2.17,3.25,3,1,0.9307234449760765,0.49605162139068
492,,after_candidate_limit,,2080,83,5,83,13.89,8.33,3,4.5,2,1,0.9353531100478469,0.49600626778806706
493,,after_candidate_limit,,777,31,2,31,12.78,11.5,1.33,2,1,3,0.9516775119617225,0.4959635044256887
494,,after_candidate_limit,,400,16,0,16,11.67,5.25,0.5,2,1,1,0.9539339712918661,0.49591595246371156
495,,after_candidate_limit,,2687,107,12,107,15,9,0.5,2,3,3,0.9442516746411483,0.495864195811791
496,,after_candidate_limit,,1806,72,6,72,13.89,6.25,0.5,2,2,2,0.9492411483253589,0.4957604265091745
497,,after_candidate_limit,,2785,111,10,111,15,9,3,4.5,3,1,0.929822009569378,0.495722959299439
498,,after_candidate_limit,,1756,70,6,70,13.89,6.25,0.5,0.75,2,2,0.9492258373205742,0.4956501341732896
499,,after_candidate_limit,,2662,106,12,106,15,9,0.5,1.38,3,3,0.9442287081339713,0.49546086630377284
500,,after_candidate_limit,,1960,78,10,78,13.89,8.33,0.5,1.38,3,1,0.9348105263157894,0.49542401185830093
501,,after_candidate_limit,,1781,71,6,71,13.89,6.25,0.5,1.38,2,2,0.9492239234449761,0.49532078776996735
502,,after_candidate_limit,,802,32,2,32,12.78,11.5,1.33,3.67,1,3,0.95171004784689,0.49525382115522887
503,,after_candidate_limit,,852,34,2,34,12.78,11.5,3,4.5,1,3,0.9491645933014354,0.49517662653347744
504,,after_candidate_limit,,827,33,2,33,12.78,11.5,2.17,3.25,1,3,0.949755023923445,0.4949174188982555
505,,after_candidate_limit,,1432,57,7,57,13.89,12.5,0.5,1.38,2,3,0.9502966507177033,0.494549035867166
506,,after_candidate_limit,,1985,79,10,79,13.89,8.33,0.5,2,3,1,0.9348478468899521,0.4941703631779349
507,,after_candidate_limit,,1457,58,7,58,13.89,12.5,0.5,2,2,3,0.9501837320574162,0.4941700455545306
508,,after_candidate_limit,,1228,49,3,49,12.78,7.67,0.5,0.75,1,8,0.9561196172248804,0.49410817849035527
509,,after_candidate_limit,,1253,50,3,50,12.78,7.67,0.5,1.38,1,8,0.9561196172248804,0.49410817849035527
510,,after_candidate_limit,,1278,51,3,51,12.78,7.67,0.5,2,1,8,0.9561196172248804,0.49410817849035527
511,,after_candidate_limit,,878,35,3,35,12.78,3.83,0.5,0.75,1,8,0.9561186602870814,0.4941063266456778
512,,after_candidate_limit,,879,35,4,35,12.78,3.83,0.5,0.75,1,15,0.9561186602870814,0.4941063266456778
513,,after_candidate_limit,,903,36,3,36,12.78,3.83,0.5,1.38,1,8,0.9561186602870814,0.4941063266456778
514,,after_candidate_limit,,904,36,4,36,12.78,3.83,0.5,1.38,1,15,0.9561186602870814,0.4941063266456778
515,,after_candidate_limit,,928,37,3,37,12.78,3.83,0.5,2,1,8,0.9561186602870814,0.4941063266456778
516,,after_candidate_limit,,929,37,4,37,12.78,3.83,0.5,2,1,15,0.9561186602870814,0.4941063266456778
517,,after_candidate_limit,,1053,42,3,42,12.78,5.75,0.5,0.75,1,8,0.9561186602870814,0.4941063266456778
518,,after_candidate_limit,,1054,42,4,42,12.78,5.75,0.5,0.75,1,15,0.9561186602870814,0.4941063266456778
519,,after_candidate_limit,,1078,43,3,43,12.78,5.75,0.5,1.38,1,8,0.9561186602870814,0.4941063266456778
520,,after_candidate_limit,,1079,43,4,43,12.78,5.75,0.5,1.38,1,15,0.9561186602870814,0.4941063266456778
521,,after_candidate_limit,,1103,44,3,44,12.78,5.75,0.5,2,1,8,0.9561186602870814,0.4941063266456778
522,,after_candidate_limit,,1104,44,4,44,12.78,5.75,0.5,2,1,15,0.9561186602870814,0.4941063266456778
523,,after_candidate_limit,,1229,49,4,49,12.78,7.67,0.5,0.75,1,15,0.9561186602870814,0.4941063266456778
524,,after_candidate_limit,,1254,50,4,50,12.78,7.67,0.5,1.38,1,15,0.9561186602870814,0.4941063266456778
525,,after_candidate_limit,,1279,51,4,51,12.78,7.67,0.5,2,1,15,0.9561186602870814,0.4941063266456778
526,,after_candidate_limit,,730,29,5,29,12.78,11.5,0.5,1.38,2,1,0.9461186602870814,0.4935715650286574
527,,after_candidate_limit,,1407,56,7,56,13.89,12.5,0.5,0.75,2,3,0.9504382775119617,0.4932807809563313
528,,after_candidate_limit,,1408,56,8,56,13.89,12.5,0.5,0.75,2,8,0.9493425837320574,0.49323371874893396
529,,after_candidate_limit,,1932,77,7,77,13.89,8.33,0.5,0.75,2,3,0.9491569377990431,0.49257552903710006
530,,after_candidate_limit,,1982,79,7,79,13.89,8.33,0.5,2,2,3,0.9492258373205742,0.49254916497625517
531,,after_candidate_limit,,2432,97,7,97,15,4.5,3,4.5,2,3,0.9472066985645933,0.492457668537946
532,,after_candidate_limit,,1433,57,8,57,13.89,12.5,0.5,1.38,2,8,0.949244019138756,0.4923894176682533
533,,after_candidate_limit,,1957,78,7,78,13.89,8.33,0.5,1.38,2,3,0.9492239234449761,0.49225549131983853
534,,after_candidate_limit,,1326,53,1,53,12.78,7.67,1.33,3.67,1,2,0.9508124401913876,0.49218517564469905
535,,after_candidate_limit,,2407,96,7,96,15,4.5,2.17,3.25,2,3,0.9473311004784689,0.4921617501167574
536,,after_candidate_limit,,1458,58,8,58,13.89,12.5,0.5,2,2,8,0.9492057416267943,0.49212398637542026
537,,after_candidate_limit,,1301,52,1,52,12.78,7.67,1.33,2,1,2,0.9507971291866029,0.4919815290566407
538,,after_candidate_limit,,2357,94,7,94,15,4.5,1.33,2,2,3,0.9483023923444976,0.49189525618546315
539,,after_candidate_limit,,2610,104,10,104,15,6.75,3,4.5,3,1,0.9292497607655502,0.4918800006501536
540,,after_candidate_limit,,1376,55,1,55,12.78,7.67,3,4.5,1,2,0.9482497607655502,0.49181741202367185
541,,after_candidate_limit,,2382,95,7,95,15,4.5,1.33,3.67,2,3,0.9483004784688995,0.4917754521709223
542,,after_candidate_limit,,2560,102,10,102,15,6.75,1.33,3.67,3,1,0.9315071770334928,0.4916828211087142
543,,after_candidate_limit,,704,28,4,28,12.78,11.5,0.5,0.75,1,15,0.9560315789473685,0.4915843066495611
544,,after_candidate_limit,,2585,103,10,103,15,6.75,2.17,3.25,3,1,0.9301358851674641,0.49150033629857204
545,,after_candidate_limit,,729,29,4,29,12.78,11.5,0.5,1.38,1,15,0.9560267942583732,0.4914320199057565
546,,after_candidate_limit,,754,30,4,30,12.78,11.5,0.5,2,1,15,0.9560287081339713,0.4914240658695547
547,,after_candidate_limit,,175,7,0,7,11.67,3.5,0.5,0.75,1,1,0.9536555023923445,0.4913289915584248
548,,after_candidate_limit,,576,23,1,23,11.67,7,0.5,2,1,2,0.9536287081339713,0.49119114823790394
549,,after_candidate_limit,,1351,54,1,54,12.78,7.67,2.17,3.25,1,2,0.9488392344497608,0.49117847660525676
550,,after_candidate_limit,,551,22,1,22,11.67,7,0.5,1.38,1,2,0.9536143540669857,0.49098962628894866
551,,after_candidate_limit,,2535,101,10,101,15,6.75,1.33,2,3,1,0.9314813397129187,0.4909630693584138
552,,after_candidate_limit,,2,0,2,0,11.67,10.5,0.5,0.75,1,3,0.953999043062201,0.4908291301357567
553,,after_candidate_limit,,755,30,5,30,12.78,11.5,0.5,2,2,1,0.9459645933014355,0.4908096004357444
554,,after_candidate_limit,,27,1,2,1,11.67,10.5,0.5,1.38,1,3,0.9539952153110047,0.49076366932688675
555,,after_candidate_limit,,526,21,1,21,11.67,7,0.5,0.75,1,2,0.953622009569378,0.49057750279401374
556,,after_candidate_limit,,2180,87,5,87,15,13.5,1.33,2,2,1,0.9444172248803828,0.49053754474791933
557,,after_candidate_limit,,1631,65,6,65,13.89,4.17,0.5,2,2,2,0.9490191387559809,0.49045157635265046
558,,after_candidate_limit,,2113,84,13,84,15,13.5,0.5,0.75,3,8,0.9443799043062201,0.4903741095953323
559,,after_candidate_limit,,975,39,0,39,12.78,3.83,1.33,3.67,1,1,0.950688995215311,0.4901788208234178
560,,after_candidate_limit,,2512,100,12,100,15,6.75,0.5,2,3,3,0.9440038277511962,0.49008769298896915
561,,after_candidate_limit,,52,2,2,2,11.67,10.5,0.5,2,1,3,0.953998086124402,0.4900707417916047
562,,after_candidate_limit,,1606,64,6,64,13.89,4.17,0.5,1.38,2,2,0.9490057416267943,0.49001065597287813
563,,after_candidate_limit,,1830,73,5,73,13.89,6.25,1.33,2,2,1,0.9391617224880383,0.48998272470449866
564,,after_candidate_limit,,1855,74,5,74,13.89,6.25,1.33,3.67,2,1,0.939200956937799,0.48989706501989133
565,,after_candidate_limit,,1581,63,6,63,13.89,4.17,0.5,0.75,2,2,0.9490124401913875,0.4898870505400647
566,,after_candidate_limit,,2487,99,12,99,15,6.75,0.5,1.38,3,3,0.944,0.48988267846260886
567,,after_candidate_limit,,2462,98,12,98,15,6.75,0.5,0.75,3,3,0.9440047846889952,0.48986458038800496
568,,after_candidate_limit,,1757,70,7,70,13.89,6.25,0.5,0.75,2,3,0.948978947368421,0.48981476079268293
569,,after_candidate_limit,,1025,41,0,41,12.78,3.83,3,4.5,1,1,0.9481167464114832,0.48977990875419536
570,,after_candidate_limit,,2336,93,11,93,15,4.5,0.5,2,3,2,0.9440133971291866,0.48976801749111737
571,,after_candidate_limit,,950,38,0,38,12.78,3.83,1.33,2,1,1,0.9506679425837321,0.48972573229893407
572,,after_candidate_limit,,2311,92,11,92,15,4.5,0.5,1.38,3,2,0.9440095693779904,0.4896927189333879
573,,after_candidate_limit,,1807,72,7,72,13.89,6.25,0.5,2,2,3,0.9489751196172249,0.4895635612610632
574,,after_candidate_limit,,1782,71,7,71,13.89,6.25,0.5,1.38,2,3,0.9489760765550239,0.4895546758535133
575,,after_candidate_limit,,2784,111,9,111,15,9,3,4.5,2,15,0.9471808612440191,0.48952248314569063
576,,after_candidate_limit,,2433,97,8,97,15,4.5,3,4.5,2,8,0.9471799043062201,0.48952114935830204
577,,after_candidate_limit,,2434,97,9,97,15,4.5,3,4.5,2,15,0.9471799043062201,0.48952114935830204
578,,after_candidate_limit,,2608,104,8,104,15,6.75,3,4.5,2,8,0.9471799043062201,0.48952114935830204
579,,after_candidate_limit,,2609,104,9,104,15,6.75,3,4.5,2,15,0.9471799043062201,0.48952114935830204
580,,after_candidate_limit,,2286,91,11,91,15,4.5,0.5,0.75,3,2,0.9440143540669856,0.48943876522445506
581,,after_candidate_limit,,225,9,0,9,11.67,3.5,0.5,2,1,1,0.9535712918660287,0.48941224440885944
582,,after_candidate_limit,,200,8,0,8,11.67,3.5,0.5,1.38,1,1,0.9535693779904306,0.48929369825024416
583,,after_candidate_limit,,2408,96,8,96,15,4.5,2.17,3.25,2,8,0.9473052631578948,0.4892322292998869
584,,after_candidate_limit,,2409,96,9,96,15,4.5,2.17,3.25,2,15,0.9473052631578948,0.4892322292998869
585,,after_candidate_limit,,2583,103,8,103,15,6.75,2.17,3.25,2,8,0.9473052631578948,0.4892322292998869
586,,after_candidate_limit,,2584,103,9,103,15,6.75,2.17,3.25,2,15,0.9473052631578948,0.4892322292998869
587,,after_candidate_limit,,2759,110,9,110,15,9,2.17,3.25,2,15,0.9473052631578948,0.4892322292998869
588,,after_candidate_limit,,2110,84,10,84,15,13.5,0.5,0.75,3,1,0.9398382775119617,0.48914363077370066
589,,after_candidate_limit,,1000,40,0,40,12.78,3.83,2.17,3.25,1,1,0.9487157894736842,0.48911427420458103
590,,after_candidate_limit,,2164,86,14,86,15,13.5,0.5,2,3,15,0.9440928229665072,0.48896909274001504
591,,after_candidate_limit,,2358,94,8,94,15,4.5,1.33,2,2,8,0.9482727272727273,0.48884126469322375
592,,after_candidate_limit,,2359,94,9,94,15,4.5,1.33,2,2,15,0.9482727272727273,0.48884126469322375
593,,after_candidate_limit,,2383,95,8,95,15,4.5,1.33,3.67,2,8,0.9482727272727273,0.48884126469322375
594,,after_candidate_limit,,2384,95,9,95,15,4.5,1.33,3.67,2,15,0.9482727272727273,0.48884126469322375
595,,after_candidate_limit,,2533,101,8,101,15,6.75,1.33,2,2,8,0.9482727272727273,0.48884126469322375
596,,after_candidate_limit,,2534,101,9,101,15,6.75,1.33,2,2,15,0.9482727272727273,0.48884126469322375
597,,after_candidate_limit,,2558,102,8,102,15,6.75,1.33,3.67,2,8,0.9482727272727273,0.48884126469322375
598,,after_candidate_limit,,2559,102,9,102,15,6.75,1.33,3.67,2,15,0.9482727272727273,0.48884126469322375
599,,after_candidate_limit,,2709,108,9,108,15,9,1.33,2,2,15,0.9482727272727273,0.48884126469322375
600,,after_candidate_limit,,2734,109,9,109,15,9,1.33,3.67,2,15,0.9482727272727273,0.48884126469322375
601,,after_candidate_limit,,2139,85,14,85,15,13.5,0.5,1.38,3,15,0.9440545454545455,0.4884559431176157
602,,after_candidate_limit,,2114,84,14,84,15,13.5,0.5,0.75,3,15,0.9440296650717703,0.48837534952419426
603,,after_candidate_limit,,625,25,0,25,11.67,7,1.33,3.67,1,1,0.9446124401913876,0.4876206140001392
604,,after_candidate_limit,,2783,111,8,111,15,9,3,4.5,2,8,0.947155980861244,0.48753300239739933
605,,after_candidate_limit,,2758,110,8,110,15,9,2.17,3.25,2,8,0.947288995215311,0.48740051590153743
606,,after_candidate_limit,,2230,89,5,89,15,13.5,2.17,3.25,2,1,0.9419617224880382,0.4873725923436537
607,,after_candidate_limit,,2205,88,5,88,15,13.5,1.33,3.67,2,1,0.9431368421052632,0.4871841187769754
608,,after_candidate_limit,,2708,108,8,108,15,9,1.33,2,2,8,0.9482602870813397,0.4871548648526702
609,,after_candidate_limit,,1905,76,5,76,13.89,6.25,3,4.5,2,1,0.9346143540669857,0.48694695387653164
610,,after_candidate_limit,,2733,109,8,109,15,9,1.33,3.67,2,8,0.9482535885167465,0.48691815451023385
611,,after_candidate_limit,,1055,42,5,42,12.78,5.75,0.5,0.75,2,1,0.9429406698564593,0.4869166033370057
612,,after_candidate_limit,,1151,46,1,46,12.78,5.75,1.33,3.67,1,2,0.9505224880382775,0.48687815371218346
613,,after_candidate_limit,,1126,45,1,45,12.78,5.75,1.33,2,1,2,0.9505138755980861,0.4867494188825353
614,,after_candidate_limit,,1880,75,5,75,13.89,6.25,2.17,3.25,2,1,0.9356870813397129,0.4867277041099381
615,,after_candidate_limit,,1760,70,10,70,13.89,6.25,0.5,0.75,3,1,0.9341808612440191,0.48670125474332504
616,,after_candidate_limit,,1201,48,1,48,12.78,5.75,3,4.5,1,2,0.9479569377990431,0.48664929029365095
617,,after_candidate_limit,,706,28,6,28,12.78,11.5,0.5,0.75,2,2,0.9444344497607655,0.48664600527751134
618,,after_candidate_limit,,2182,87,7,87,15,13.5,1.33,2,2,3,0.9471741626794259,0.4866073436224522
619,,after_candidate_limit,,600,24,0,24,11.67,7,1.33,2,1,1,0.9445655502392345,0.486596271125589
620,,after_candidate_limit,,75,3,0,3,11.67,10.5,1.33,2,1,1,0.9463157894736842,0.4865190180269311
621,,after_candidate_limit,,2138,85,13,85,15,13.5,0.5,1.38,3,8,0.9442775119617225,0.48621373543603746
622,,after_candidate_limit,,1410,56,10,56,13.89,12.5,0.5,0.75,3,1,0.9374076555023924,0.4861503450260795
623,,after_candidate_limit,,1785,71,10,71,13.89,6.25,0.5,1.38,3,1,0.9342028708133971,0.48610060146943307
624,,after_candidate_limit,,1327,53,2,53,12.78,7.67,1.33,3.67,1,3,0.9505196172248804,0.4860398108102907
625,,after_candidate_limit,,2786,111,11,111,15,9,3,4.5,3,2,0.9289416267942584,0.48602143534721887
626,,after_candidate_limit,,1810,72,10,72,13.89,6.25,0.5,2,3,1,0.9342411483253589,0.4860149694450358
627,,after_candidate_limit,,1302,52,2,52,12.78,7.67,1.33,2,1,3,0.9505406698564594,0.48599093755311307
628,,after_candidate_limit,,1632,65,7,65,13.89,4.17,0.5,2,2,3,0.9488602870813397,0.48598452522613933
629,,after_candidate_limit,,1582,63,7,63,13.89,4.17,0.5,0.75,2,3,0.9488602870813397,0.485931726991406
630,,after_candidate_limit,,1105,44,5,44,12.78,5.75,0.5,2,2,1,0.9429473684210526,0.48591411894473313
631,,after_candidate_limit,,1607,64,7,64,13.89,4.17,0.5,1.38,2,3,0.9488593301435406,0.4858685831971538
632,,after_candidate_limit,,1080,43,5,43,12.78,5.75,0.5,1.38,2,1,0.9429196172248804,0.48576338323058044
633,,after_candidate_limit,,1409,56,9,56,13.89,12.5,0.5,0.75,2,15,0.9488765550239234,0.4857545111498785
634,,after_candidate_limit,,100,4,0,4,11.67,10.5,1.33,3.67,1,1,0.9464650717703349,0.48568049368392535
635,,after_candidate_limit,,1176,47,1,47,12.78,5.75,2.17,3.25,1,2,0.9485349282296651,0.4856565248281129
636,,after_candidate_limit,,1377,55,2,55,12.78,7.67,3,4.5,1,3,0.9479502392344498,0.4855468793410892
637,,after_candidate_limit,,2287,91,12,91,15,4.5,0.5,0.75,3,3,0.9438535885167464,0.4854824418516979
638,,after_candidate_limit,,2761,110,11,110,15,9,2.17,3.25,3,2,0.929798086124402,0.48544915685737666
639,,after_candidate_limit,,351,14,1,14,11.67,5.25,0.5,0.75,1,2,0.9533387559808613,0.48539121864890883
640,,after_candidate_limit,,2312,92,12,92,15,4.5,0.5,1.38,3,3,0.9438488038277512,0.48532327918393753
641,,after_candidate_limit,,2337,93,12,93,15,4.5,0.5,2,3,3,0.9438468899521532,0.48524863555837594
642,,after_candidate_limit,,2736,109,11,109,15,9,1.33,3.67,3,2,0.9311253588516747,0.4851385477286054
643,,after_candidate_limit,,2163,86,13,86,15,13.5,0.5,2,3,8,0.9441923444976077,0.48506847005678777
644,,after_candidate_limit,,1434,57,9,57,13.89,12.5,0.5,1.38,2,15,0.9487866028708134,0.48502480358370864
645,,after_candidate_limit,,376,15,1,15,11.67,5.25,0.5,1.38,1,2,0.9533473684210526,0.48493544798326343
646,,after_candidate_limit,,1459,58,9,58,13.89,12.5,0.5,2,2,15,0.9487760765550239,0.48487797915785474
647,,after_candidate_limit,,1352,54,2,54,12.78,7.67,2.17,3.25,1,3,0.9485406698564594,0.48486998167719675
648,,after_candidate_limit,,552,22,2,22,11.67,7,0.5,1.38,1,3,0.9533004784688995,0.4847276662581701
649,,after_candidate_limit,,401,16,1,16,11.67,5.25,0.5,2,1,2,0.9533502392344497,0.4847172705102548
650,,after_candidate_limit,,2181,87,6,87,15,13.5,1.33,2,2,2,0.9458019138755981,0.48469192760194435
651,,after_candidate_limit,,527,21,2,21,11.67,7,0.5,0.75,1,3,0.9533129186602871,0.4846715429291434
652,,after_candidate_limit,,2711,108,11,108,15,9,1.33,2,3,2,0.9310660287081339,0.48464500960845236
653,,after_candidate_limit,,2255,90,5,90,15,13.5,3,4.5,2,1,0.9417129186602871,0.48464319024649866
654,,after_candidate_limit,,577,23,2,23,11.67,7,0.5,2,1,3,0.9532928229665072,0.48461603637022427
655,,after_candidate_limit,,650,26,0,26,11.67,7,2.17,3.25,1,1,0.9395808612440192,0.4843750947895862
656,,after_candidate_limit,,125,5,0,5,11.67,10.5,2.17,3.25,1,1,0.9415062200956937,0.48433835715854073
657,,after_candidate_limit,,2232,89,7,89,15,13.5,2.17,3.25,2,3,0.9453435406698565,0.4843380119711935
658,,after_candidate_limit,,2112,84,12,84,15,13.5,0.5,0.75,3,3,0.9430066985645933,0.4841898448328261
659,,after_candidate_limit,,675,27,0,27,11.67,7,3,4.5,1,1,0.9369775119617225,0.48401857537455606
660,,after_candidate_limit,,2207,88,7,88,15,13.5,1.33,3.67,2,3,0.9463952153110048,0.4838772544840455
661,,after_candidate_limit,,2257,90,7,90,15,13.5,3,4.5,2,3,0.9448363636363636,0.4838528757497316
662,,after_candidate_limit,,976,39,1,39,12.78,3.83,1.33,3.67,1,2,0.9504114832535885,0.4837774543470744
663,,after_candidate_limit,,951,38,1,38,12.78,3.83,1.33,2,1,2,0.9503942583732058,0.48342132535459736
664,,after_candidate_limit,,1026,41,1,41,12.78,3.83,3,4.5,1,2,0.9478497607655503,0.48336434696211694
665,,after_candidate_limit,,1958,78,8,78,13.89,8.33,0.5,1.38,2,8,0.9488421052631579,0.483216204449135
666,,after_candidate_limit,,1983,79,8,79,13.89,8.33,0.5,2,2,8,0.9488421052631579,0.483216204449135
667,,after_candidate_limit,,1583,63,8,63,13.89,4.17,0.5,0.75,2,8,0.9488373205741627,0.48320818422555417
668,,after_candidate_limit,,1584,63,9,63,13.89,4.17,0.5,0.75,2,15,0.9488373205741627,0.48320818422555417
669,,after_candidate_limit,,1608,64,8,64,13.89,4.17,0.5,1.38,2,8,0.9488373205741627,0.48320818422555417
670,,after_candidate_limit,,1609,64,9,64,13.89,4.17,0.5,1.38,2,15,0.9488373205741627,0.48320818422555417
671,,after_candidate_limit,,1633,65,8,65,13.89,4.17,0.5,2,2,8,0.9488373205741627,0.48320818422555417
672,,after_candidate_limit,,1634,65,9,65,13.89,4.17,0.5,2,2,15,0.9488373205741627,0.48320818422555417
673,,after_candidate_limit,,1758,70,8,70,13.89,6.25,0.5,0.75,2,8,0.9488373205741627,0.48320818422555417
674,,after_candidate_limit,,1759,70,9,70,13.89,6.25,0.5,0.75,2,15,0.9488373205741627,0.48320818422555417
675,,after_candidate_limit,,1783,71,8,71,13.89,6.25,0.5,1.38,2,8,0.9488373205741627,0.48320818422555417
676,,after_candidate_limit,,1784,71,9,71,13.89,6.25,0.5,1.38,2,15,0.9488373205741627,0.48320818422555417
677,,after_candidate_limit,,1808,72,8,72,13.89,6.25,0.5,2,2,8,0.9488373205741627,0.48320818422555417
678,,after_candidate_limit,,1809,72,9,72,13.89,6.25,0.5,2,2,15,0.9488373205741627,0.48320818422555417
679,,after_candidate_limit,,1934,77,9,77,13.89,8.33,0.5,0.75,2,15,0.9488373205741627,0.48320818422555417
680,,after_candidate_limit,,1959,78,9,78,13.89,8.33,0.5,1.38,2,15,0.9488373205741627,0.48320818422555417
681,,after_candidate_limit,,1984,79,9,79,13.89,8.33,0.5,2,2,15,0.9488373205741627,0.48320818422555417
682,,after_candidate_limit,,1933,77,8,77,13.89,8.33,0.5,0.75,2,8,0.9488401913875598,0.4829266416345689
683,,after_candidate_limit,,2231,89,6,89,15,13.5,2.17,3.25,2,2,0.9429703349282297,0.48283575655368854
684,,after_candidate_limit,,150,6,0,6,11.67,10.5,3,4.5,1,1,0.9387966507177034,0.48282996558718905
685,,after_candidate_limit,,778,31,3,31,12.78,11.5,1.33,2,1,8,0.950577033492823,0.4827545612993208
686,,after_candidate_limit,,1001,40,1,40,12.78,3.83,2.17,3.25,1,2,0.9484325358851675,0.48261608358536534
687,,after_candidate_limit,,226,9,1,9,11.67,3.5,0.5,2,1,2,0.9532258373205742,0.4825860377778324
688,,after_candidate_limit,,731,29,6,29,12.78,11.5,0.5,1.38,2,2,0.9440507177033493,0.4824507431549087
689,,after_candidate_limit,,201,8,1,8,11.67,3.5,0.5,1.38,1,2,0.9532124401913875,0.4822300476128061
690,,after_candidate_limit,,2639,105,14,105,15,9,0.5,0.75,3,15,0.943822966507177,0.4822065312430177
691,,after_candidate_limit,,2664,106,14,106,15,9,0.5,1.38,3,15,0.943822966507177,0.4822065312430177
692,,after_candidate_limit,,2689,107,14,107,15,9,0.5,2,3,15,0.943822966507177,0.4822065312430177
693,,after_candidate_limit,,2288,91,13,91,15,4.5,0.5,0.75,3,8,0.943822009569378,0.48220507578961574
694,,after_candidate_limit,,2289,91,14,91,15,4.5,0.5,0.75,3,15,0.943822009569378,0.48220507578961574
695,,after_candidate_limit,,2313,92,13,92,15,4.5,0.5,1.38,3,8,0.943822009569378,0.48220507578961574
696,,after_candidate_limit,,2314,92,14,92,15,4.5,0.5,1.38,3,15,0.943822009569378,0.48220507578961574
697,,after_candidate_limit,,2338,93,13,93,15,4.5,0.5,2,3,8,0.943822009569378,0.48220507578961574
698,,after_candidate_limit,,2339,93,14,93,15,4.5,0.5,2,3,15,0.943822009569378,0.48220507578961574
699,,after_candidate_limit,,2463,98,13,98,15,6.75,0.5,0.75,3,8,0.943822009569378,0.48220507578961574
700,,after_candidate_limit,,2464,98,14,98,15,6.75,0.5,0.75,3,15,0.943822009569378,0.48220507578961574
701,,after_candidate_limit,,2488,99,13,99,15,6.75,0.5,1.38,3,8,0.943822009569378,0.48220507578961574
702,,after_candidate_limit,,2489,99,14,99,15,6.75,0.5,1.38,3,15,0.943822009569378,0.48220507578961574
703,,after_candidate_limit,,2513,100,13,100,15,6.75,0.5,2,3,8,0.943822009569378,0.48220507578961574
704,,after_candidate_limit,,2514,100,14,100,15,6.75,0.5,2,3,15,0.943822009569378,0.48220507578961574
705,,after_candidate_limit,,756,30,6,30,12.78,11.5,0.5,2,2,2,0.9440717703349283,0.4821935387315517
706,,after_candidate_limit,,1152,46,2,46,12.78,5.75,1.33,3.67,1,3,0.9503684210526315,0.4821906464250548
707,,after_candidate_limit,,2206,88,6,88,15,13.5,1.33,3.67,2,2,0.943933014354067,0.48217619492412234
708,,after_candidate_limit,,853,34,3,34,12.78,11.5,3,4.5,1,8,0.9480191387559809,0.482156333213497
709,,after_candidate_limit,,2135,85,10,85,15,13.5,0.5,1.38,3,1,0.9377598086124402,0.48209583961913227
710,,after_candidate_limit,,1127,45,2,45,12.78,5.75,1.33,2,1,3,0.9503636363636364,0.4820924638521256
711,,after_candidate_limit,,803,32,3,32,12.78,11.5,1.33,3.67,1,8,0.950555980861244,0.4820882011993666
712,,after_candidate_limit,,176,7,1,7,11.67,3.5,0.5,0.75,1,2,0.9532095693779904,0.4820747388155728
713,,after_candidate_limit,,1202,48,2,48,12.78,5.75,3,4.5,1,3,0.9478009569377991,0.4817824155441691
714,,after_candidate_limit,,2256,90,6,90,15,13.5,3,4.5,2,2,0.9418430622009569,0.48143806127552996
715,,after_candidate_limit,,828,33,3,33,12.78,11.5,2.17,3.25,1,8,0.9485942583732058,0.4811994027029814
716,,after_candidate_limit,,352,14,2,14,11.67,5.25,0.5,0.75,1,3,0.9531866028708134,0.4811409940971296
717,,after_candidate_limit,,377,15,2,15,11.67,5.25,0.5,1.38,1,3,0.953178947368421,0.4810221174592477
718,,after_candidate_limit,,1177,47,2,47,12.78,5.75,2.17,3.25,1,3,0.9483866028708134,0.4810013656151453
719,,after_candidate_limit,,2006,80,6,80,13.89,8.33,1.33,2,2,2,0.9386114832535886,0.4809399014827347
720,,after_candidate_limit,,402,16,2,16,11.67,5.25,0.5,2,1,3,0.9531703349282297,0.4809234854423402
721,,after_candidate_limit,,53,2,3,2,11.67,10.5,0.5,2,1,8,0.953178947368421,0.48088426509370236
722,,after_candidate_limit,,2663,106,13,106,15,9,0.5,1.38,3,8,0.9438200956937799,0.4807921118174465
723,,after_candidate_limit,,1480,59,5,59,13.89,12.5,1.33,2,2,1,0.941777990430622,0.4807895009597419
724,,after_candidate_limit,,2031,81,6,81,13.89,8.33,1.33,3.67,2,2,0.9386641148325359,0.4807098946595566
725,,after_candidate_limit,,2638,105,13,105,15,9,0.5,0.75,3,8,0.9438057416267942,0.4805904008872661
726,,after_candidate_limit,,2688,107,13,107,15,9,0.5,2,3,8,0.9438162679425838,0.48056403223374944
727,,after_candidate_limit,,28,1,3,1,11.67,10.5,0.5,1.38,1,8,0.9531234449760766,0.48018134810726637
728,,after_candidate_limit,,3,0,3,0,11.67,10.5,0.5,0.75,1,8,0.953111004784689,0.48010806552542534
729,,after_candidate_limit,,977,39,2,39,12.78,3.83,1.33,3.67,1,3,0.9502746411483254,0.4797415726017644
730,,after_candidate_limit,,952,38,2,38,12.78,3.83,1.33,2,1,3,0.9502708133971292,0.4795599473561092
731,,after_candidate_limit,,2137,85,12,85,15,13.5,0.5,1.38,3,3,0.9418516746411483,0.4794444241397291
732,,after_candidate_limit,,707,28,7,28,12.78,11.5,0.5,0.75,2,3,0.9434373205741626,0.47944088174023225
733,,after_candidate_limit,,2111,84,11,84,15,13.5,0.5,0.75,3,2,0.9414574162679425,0.4794098801518633
734,,after_candidate_limit,,1027,41,2,41,12.78,3.83,3,4.5,1,3,0.94771004784689,0.4793017772431923
735,,after_candidate_limit,,1505,60,5,60,13.89,12.5,1.33,3.67,2,1,0.9413320574162679,0.47867426037656774
736,,after_candidate_limit,,227,9,2,9,11.67,3.5,0.5,2,1,3,0.9531263157894737,0.47860399479527566
737,,after_candidate_limit,,1002,40,2,40,12.78,3.83,2.17,3.25,1,3,0.9482937799043062,0.4785774490345916
738,,after_candidate_limit,,177,7,2,7,11.67,3.5,0.5,0.75,1,3,0.9531234449760766,0.47845815768664784
739,,after_candidate_limit,,202,8,2,8,11.67,3.5,0.5,1.38,1,3,0.9531234449760766,0.4783700420487158
740,,after_candidate_limit,,2056,82,6,82,13.89,8.33,2.17,3.25,2,2,0.9351636363636364,0.4777083098125505
741,,after_candidate_limit,,1936,77,11,77,13.89,8.33,0.5,0.75,3,2,0.9336373205741627,0.47770576215422417
742,,after_candidate_limit,,1680,67,5,67,13.89,4.17,1.33,3.67,2,1,0.9385186602870813,0.47767336465589577
743,,after_candidate_limit,,732,29,7,29,12.78,11.5,0.5,1.38,2,3,0.9432095693779904,0.47765196091728945
744,,after_candidate_limit,,1481,59,6,59,13.89,12.5,1.33,2,2,2,0.9404784688995216,0.47756280384783895
745,,after_candidate_limit,,1281,51,6,51,12.78,7.67,0.5,2,2,2,0.9425751196172248,0.4774958604702149
746,,after_candidate_limit,,2136,85,11,85,15,13.5,0.5,1.38,3,2,0.9406315789473684,0.4774820517150908
747,,after_candidate_limit,,1655,66,5,66,13.89,4.17,1.33,2,2,1,0.9385052631578947,0.4774733414067233
748,,after_candidate_limit,,2081,83,6,83,13.89,8.33,3,4.5,2,2,0.9341023923444977,0.477412741846519
749,,after_candidate_limit,,1303,52,3,52,12.78,7.67,1.33,2,1,8,0.9502526315789473,0.4773107105912985
750,,after_candidate_limit,,1328,53,3,53,12.78,7.67,1.33,3.67,1,8,0.9502526315789473,0.4773107105912985
751,,after_candidate_limit,,953,38,3,38,12.78,3.83,1.33,2,1,8,0.9502516746411483,0.4773087302927304
752,,after_candidate_limit,,954,38,4,38,12.78,3.83,1.33,2,1,15,0.9502516746411483,0.4773087302927304
753,,after_candidate_limit,,978,39,3,39,12.78,3.83,1.33,3.67,1,8,0.9502516746411483,0.4773087302927304
754,,after_candidate_limit,,979,39,4,39,12.78,3.83,1.33,3.67,1,15,0.9502516746411483,0.4773087302927304
755,,after_candidate_limit,,1128,45,3,45,12.78,5.75,1.33,2,1,8,0.9502516746411483,0.4773087302927304
756,,after_candidate_limit,,1129,45,4,45,12.78,5.75,1.33,2,1,15,0.9502516746411483,0.4773087302927304
757,,after_candidate_limit,,1153,46,3,46,12.78,5.75,1.33,3.67,1,8,0.9502516746411483,0.4773087302927304
758,,after_candidate_limit,,1154,46,4,46,12.78,5.75,1.33,3.67,1,15,0.9502516746411483,0.4773087302927304
759,,after_candidate_limit,,1304,52,4,52,12.78,7.67,1.33,2,1,15,0.9502516746411483,0.4773087302927304
760,,after_candidate_limit,,1329,53,4,53,12.78,7.67,1.33,3.67,1,15,0.9502516746411483,0.4773087302927304
761,,after_candidate_limit,,1256,50,6,50,12.78,7.67,0.5,1.38,2,2,0.9425655502392345,0.4772160419934113
762,,after_candidate_limit,,880,35,5,35,12.78,3.83,0.5,0.75,2,1,0.9424526315789473,0.47713980853994264
763,,after_candidate_limit,,2160,86,10,86,15,13.5,0.5,2,3,1,0.9356325358851675,0.47702329876467997
764,,after_candidate_limit,,2162,86,12,86,15,13.5,0.5,2,3,3,0.9413043062200956,0.4770144447549057
765,,after_candidate_limit,,1028,41,3,41,12.78,3.83,3,4.5,1,8,0.9476909090909091,0.4768866995601216
766,,after_candidate_limit,,1029,41,4,41,12.78,3.83,3,4.5,1,15,0.9476909090909091,0.4768866995601216
767,,after_candidate_limit,,1203,48,3,48,12.78,5.75,3,4.5,1,8,0.9476909090909091,0.4768866995601216
768,,after_candidate_limit,,1204,48,4,48,12.78,5.75,3,4.5,1,15,0.9476909090909091,0.4768866995601216
769,,after_candidate_limit,,1378,55,3,55,12.78,7.67,3,4.5,1,8,0.9476909090909091,0.4768866995601216
770,,after_candidate_limit,,1379,55,4,55,12.78,7.67,3,4.5,1,15,0.9476909090909091,0.4768866995601216
771,,after_candidate_limit,,178,7,3,7,11.67,3.5,0.5,0.75,1,8,0.9531129186602871,0.4767887875008689
772,,after_candidate_limit,,179,7,4,7,11.67,3.5,0.5,0.75,1,15,0.9531129186602871,0.4767887875008689
773,,after_candidate_limit,,203,8,3,8,11.67,3.5,0.5,1.38,1,8,0.9531129186602871,0.4767887875008689
774,,after_candidate_limit,,204,8,4,8,11.67,3.5,0.5,1.38,1,15,0.9531129186602871,0.4767887875008689
775,,after_candidate_limit,,228,9,3,9,11.67,3.5,0.5,2,1,8,0.9531129186602871,0.4767887875008689
776,,after_candidate_limit,,229,9,4,9,11.67,3.5,0.5,2,1,15,0.9531129186602871,0.4767887875008689
777,,after_candidate_limit,,353,14,3,14,11.67,5.25,0.5,0.75,1,8,0.9531129186602871,0.4767887875008689
778,,after_candidate_limit,,354,14,4,14,11.67,5.25,0.5,0.75,1,15,0.9531129186602871,0.4767887875008689
779,,after_candidate_limit,,378,15,3,15,11.67,5.25,0.5,1.38,1,8,0.9531129186602871,0.4767887875008689
780,,after_candidate_limit,,379,15,4,15,11.67,5.25,0.5,1.38,1,15,0.9531129186602871,0.4767887875008689
781,,after_candidate_limit,,403,16,3,16,11.67,5.25,0.5,2,1,8,0.9531129186602871,0.4767887875008689
782,,after_candidate_limit,,404,16,4,16,11.67,5.25,0.5,2,1,15,0.9531129186602871,0.4767887875008689
783,,after_candidate_limit,,528,21,3,21,11.67,7,0.5,0.75,1,8,0.9531129186602871,0.4767887875008689
784,,after_candidate_limit,,529,21,4,21,11.67,7,0.5,0.75,1,15,0.9531129186602871,0.4767887875008689
785,,after_candidate_limit,,553,22,3,22,11.67,7,0.5,1.38,1,8,0.9531129186602871,0.4767887875008689
786,,after_candidate_limit,,554,22,4,22,11.67,7,0.5,1.38,1,15,0.9531129186602871,0.4767887875008689
787,,after_candidate_limit,,578,23,3,23,11.67,7,0.5,2,1,8,0.9531129186602871,0.4767887875008689
788,,after_candidate_limit,,579,23,4,23,11.67,7,0.5,2,1,15,0.9531129186602871,0.4767887875008689
789,,after_candidate_limit,,1986,79,11,79,13.89,8.33,0.5,2,3,2,0.9336909090909091,0.4766542169465758
790,,after_candidate_limit,,1961,78,11,78,13.89,8.33,0.5,1.38,3,2,0.9336813397129187,0.47663311733455416
791,,after_candidate_limit,,1231,49,6,49,12.78,7.67,0.5,0.75,2,2,0.9425492822966507,0.4763753359079546
792,,after_candidate_limit,,1506,60,6,60,13.89,12.5,1.33,3.67,2,2,0.9403722488038277,0.47633407897180835
793,,after_candidate_limit,,1585,63,10,63,13.89,4.17,0.5,0.75,3,1,0.9335866028708134,0.4762594752286346
794,,after_candidate_limit,,1003,40,3,40,12.78,3.83,2.17,3.25,1,8,0.9482755980861244,0.4761703596402544
795,,after_candidate_limit,,1004,40,4,40,12.78,3.83,2.17,3.25,1,15,0.9482755980861244,0.4761703596402544
796,,after_candidate_limit,,1178,47,3,47,12.78,5.75,2.17,3.25,1,8,0.9482755980861244,0.4761703596402544
797,,after_candidate_limit,,1179,47,4,47,12.78,5.75,2.17,3.25,1,15,0.9482755980861244,0.4761703596402544
798,,after_candidate_limit,,1353,54,3,54,12.78,7.67,2.17,3.25,1,8,0.9482755980861244,0.4761703596402544
799,,after_candidate_limit,,1354,54,4,54,12.78,7.67,2.17,3.25,1,15,0.9482755980861244,0.4761703596402544
800,,after_candidate_limit,,1435,57,10,57,13.89,12.5,0.5,1.38,3,1,0.9360861244019139,0.4760607011049964
801,,after_candidate_limit,,2161,86,11,86,15,13.5,0.5,2,3,2,0.9397425837320574,0.4760187116805549
802,,after_candidate_limit,,2435,97,10,97,15,4.5,3,4.5,3,1,0.928422966507177,0.4756745052168029
803,,after_candidate_limit,,2410,96,10,96,15,4.5,2.17,3.25,3,1,0.9293148325358852,0.4753570735864798
804,,after_candidate_limit,,2360,94,10,94,15,4.5,1.33,2,3,1,0.9306411483253588,0.4752599159607143
805,,after_candidate_limit,,2385,95,10,95,15,4.5,1.33,3.67,3,1,0.9306430622009569,0.47525022470686556
806,,after_candidate_limit,,1856,74,6,74,13.89,6.25,1.33,3.67,2,2,0.938288995215311,0.4751397758516424
807,,after_candidate_limit,,1831,73,6,73,13.89,6.25,1.33,2,2,2,0.9382813397129186,0.4750449065344727
808,,after_candidate_limit,,1730,69,5,69,13.89,4.17,3,4.5,2,1,0.9339473684210526,0.4750323633426645
809,,after_candidate_limit,,804,32,4,32,12.78,11.5,1.33,3.67,1,15,0.9502066985645933,0.47497893503816857
810,,after_candidate_limit,,425,17,0,17,11.67,5.25,1.33,2,1,1,0.9439435406698564,0.4749583205573925
811,,after_candidate_limit,,930,37,5,37,12.78,3.83,0.5,2,2,1,0.9424172248803828,0.4748710418078003
812,,after_candidate_limit,,854,34,4,34,12.78,11.5,3,4.5,1,15,0.9476574162679425,0.474865050803434
813,,after_candidate_limit,,1705,68,5,68,13.89,4.17,2.17,3.25,2,1,0.935021052631579,0.47481308892041696
814,,after_candidate_limit,,76,3,1,3,11.67,10.5,1.33,2,1,2,0.9446507177033493,0.47479447983926276
815,,after_candidate_limit,,779,31,4,31,12.78,11.5,1.33,2,1,15,0.9501904306220096,0.47473188591312426
816,,after_candidate_limit,,905,36,5,36,12.78,3.83,0.5,1.38,2,1,0.9423990430622009,0.4745749876114586
817,,after_candidate_limit,,757,30,7,30,12.78,11.5,0.5,2,2,3,0.9431942583732057,0.4745696546069169
818,,after_candidate_limit,,101,4,1,4,11.67,10.5,1.33,3.67,1,2,0.9446861244019139,0.4745077662266815
819,,after_candidate_limit,,2787,111,12,111,15,9,3,4.5,3,3,0.9282421052631579,0.47447428105782335
820,,after_candidate_limit,,1507,60,7,60,13.89,12.5,1.33,3.67,2,3,0.9396736842105263,0.4743494921017406
821,,after_candidate_limit,,1482,59,7,59,13.89,12.5,1.33,2,2,3,0.9397023923444976,0.47417935102437647
822,,after_candidate_limit,,450,18,0,18,11.67,5.25,1.33,3.67,1,1,0.9439492822966508,0.4741405315668586
823,,after_candidate_limit,,829,33,4,33,12.78,11.5,2.17,3.25,1,15,0.9482373205741627,0.4739827245644726
824,,after_candidate_limit,,2762,110,12,110,15,9,2.17,3.25,3,3,0.929133971291866,0.47396715691587915
825,,after_candidate_limit,,2737,109,12,109,15,9,1.33,3.67,3,3,0.930466028708134,0.47382980075067904
826,,after_candidate_limit,,2586,103,11,103,15,6.75,2.17,3.25,3,2,0.92922009569378,0.4736737373511552
827,,after_candidate_limit,,2611,104,11,104,15,6.75,3,4.5,3,2,0.9283004784688995,0.473667450531398
828,,after_candidate_limit,,4,0,4,0,11.67,10.5,0.5,0.75,1,15,0.9530373205741627,0.4736627878612359
829,,after_candidate_limit,,54,2,4,2,11.67,10.5,0.5,2,1,15,0.9530382775119617,0.47365732702445207
830,,after_candidate_limit,,29,1,4,1,11.67,10.5,0.5,1.38,1,15,0.9530373205741627,0.47364853712856536
831,,after_candidate_limit,,2712,108,12,108,15,9,1.33,2,3,3,0.9304325358851675,0.4735634384910777
832,,after_candidate_limit,,2561,102,11,102,15,6.75,1.33,3.67,3,2,0.9305464114832536,0.47341746605626545
833,,after_candidate_limit,,1610,64,10,64,13.89,4.17,0.5,1.38,3,1,0.9335148325358852,0.47336888661349985
834,,after_candidate_limit,,5,0,5,0,11.67,10.5,0.5,0.75,2,1,0.9376306220095694,0.47336598943758673
835,,after_candidate_limit,,2536,101,11,101,15,6.75,1.33,2,3,2,0.9305244019138756,0.47329790959569373
836,,after_candidate_limit,,1411,56,11,56,13.89,12.5,0.5,0.75,3,2,0.9352947368421053,0.47319207068045444
837,,after_candidate_limit,,1635,65,10,65,13.89,4.17,0.5,2,3,1,0.9335244019138756,0.47317195488144803
838,,after_candidate_limit,,1906,76,6,76,13.89,6.25,3,4.5,2,2,0.9337387559808612,0.47294041098350287
839,,after_candidate_limit,,1531,61,6,61,13.89,12.5,2.17,3.25,2,2,0.9366086124401913,0.4728266679754301
840,,after_candidate_limit,,1881,75,6,75,13.89,6.25,2.17,3.25,2,2,0.9348200956937799,0.47281849177901053
841,,after_candidate_limit,,530,21,5,21,11.67,7,0.5,0.75,2,1,0.9353789473684211,0.4727110273945801
842,,after_candidate_limit,,126,5,1,5,11.67,10.5,2.17,3.25,1,2,0.9397033492822966,0.4726957459777352
843,,after_candidate_limit,,1436,57,11,57,13.89,12.5,0.5,1.38,3,2,0.9348181818181818,0.47257666631486683
844,,after_candidate_limit,,2032,81,7,81,13.89,8.33,1.33,3.67,2,3,0.9382746411483254,0.47225358151249447
845,,after_candidate_limit,,1461,58,11,58,13.89,12.5,0.5,2,3,2,0.9345033492822966,0.47222311971693626
846,,after_candidate_limit,,151,6,1,6,11.67,10.5,3,4.5,1,2,0.9370617224880383,0.47212883274909806
847,,after_candidate_limit,,2007,80,7,80,13.89,8.33,1.33,2,2,3,0.9382535885167465,0.4716626751121322
848,,after_candidate_limit,,580,23,5,23,11.67,7,0.5,2,2,1,0.9354459330143541,0.47151521970989724
849,,after_candidate_limit,,1530,61,5,61,13.89,12.5,2.17,3.25,2,1,0.9374928229665072,0.4714311800308106
850,,after_candidate_limit,,1460,58,10,58,13.89,12.5,0.5,2,3,1,0.9356363636363636,0.4714006947098012
851,,after_candidate_limit,,1056,42,6,42,12.78,5.75,0.5,0.75,2,2,0.9421674641148325,0.4713019539703607
852,,after_candidate_limit,,475,19,0,19,11.67,5.25,2.17,3.25,1,1,0.9389148325358851,0.47110889813105716
853,,after_candidate_limit,,555,22,5,22,11.67,7,0.5,1.38,2,1,0.9354057416267942,0.4710417712007009
854,,after_candidate_limit,,1081,43,6,43,12.78,5.75,0.5,1.38,2,2,0.9421607655502392,0.47090557029104174
855,,after_candidate_limit,,1106,44,6,44,12.78,5.75,0.5,2,2,2,0.9421665071770335,0.47085588867863165
856,,after_candidate_limit,,1556,62,6,62,13.89,12.5,3,4.5,2,2,0.9351923444976077,0.470802373080687
857,,after_candidate_limit,,1508,60,8,60,13.89,12.5,1.33,3.67,2,8,0.9382229665071771,0.4706384792967203
858,,after_candidate_limit,,1483,59,8,59,13.89,12.5,1.33,2,2,8,0.9382363636363636,0.47059808122922303
859,,after_candidate_limit,,1811,72,11,72,13.89,6.25,0.5,2,3,2,0.9333081339712919,0.47042572316315573
860,,after_candidate_limit,,1532,61,7,61,13.89,12.5,2.17,3.25,2,3,0.9360076555023924,0.47037524068612185
861,,after_candidate_limit,,1761,70,11,70,13.89,6.25,0.5,0.75,3,2,0.9332870813397129,0.4702702740090187
862,,after_candidate_limit,,626,25,1,25,11.67,7,1.33,3.67,1,2,0.9436947368421053,0.47020497694263785
863,,after_candidate_limit,,2082,83,7,83,13.89,8.33,3,4.5,2,3,0.9337167464114833,0.4701703990625589
864,,after_candidate_limit,,1557,62,7,62,13.89,12.5,3,4.5,2,3,0.9347885167464115,0.4701143713694385
865,,after_candidate_limit,,601,24,1,24,11.67,7,1.33,2,1,2,0.9436861244019139,0.47003874082168656
866,,after_candidate_limit,,1786,71,11,71,13.89,6.25,0.5,1.38,3,2,0.9332889952153111,0.4700027835701021
867,,after_candidate_limit,,1282,51,7,51,12.78,7.67,0.5,2,2,3,0.9421531100478469,0.4699881417451657
868,,after_candidate_limit,,1681,67,6,67,13.89,4.17,1.33,3.67,2,2,0.9380803827751196,0.4699331132110375
869,,after_candidate_limit,,500,20,0,20,11.67,5.25,3,4.5,1,1,0.9363028708133971,0.4698896591690358
870,,after_candidate_limit,,1257,50,7,50,12.78,7.67,0.5,1.38,2,3,0.9421588516746412,0.4698649782762744
871,,after_candidate_limit,,1656,66,6,66,13.89,4.17,1.33,2,2,2,0.9380660287081339,0.46974416492432647
872,,after_candidate_limit,,2057,82,7,82,13.89,8.33,2.17,3.25,2,3,0.9348009569377991,0.4696837816012032
873,,after_candidate_limit,,1232,49,7,49,12.78,7.67,0.5,0.75,2,3,0.9421693779904307,0.4695755816245788
874,,after_candidate_limit,,1555,62,5,62,13.89,12.5,3,4.5,2,1,0.9356258373205741,0.46929377484127544
875,,after_candidate_limit,,1857,74,7,74,13.89,6.25,1.33,3.67,2,3,0.9380267942583732,0.46919235626065414
876,,after_candidate_limit,,1832,73,7,73,13.89,6.25,1.33,2,2,3,0.9380267942583732,0.46918599297161656
877,,after_candidate_limit,,1437,57,12,57,13.89,12.5,0.5,1.38,3,3,0.9340066985645933,0.4691581331718732
878,,after_candidate_limit,,1558,62,8,62,13.89,12.5,3,4.5,2,8,0.9336698564593301,0.46881844401268513
879,,after_candidate_limit,,275,11,0,11,11.67,3.5,1.33,3.67,1,1,0.9436133971291866,0.46880174058515345
880,,after_candidate_limit,,1412,56,12,56,13.89,12.5,0.5,0.75,3,3,0.9343799043062201,0.4685783093194038
881,,after_candidate_limit,,4075,163,0,163,9.44,8.5,0.5,2,1,1,0.9478162679425838,0.468555585138954
882,,after_candidate_limit,,250,10,0,10,11.67,3.5,1.33,2,1,1,0.9435933014354067,0.46835015972431754
883,,after_candidate_limit,,1533,61,8,61,13.89,12.5,2.17,3.25,2,8,0.9347636363636364,0.46834430749909867
884,,after_candidate_limit,,1462,58,12,58,13.89,12.5,0.5,2,3,3,0.9337885167464115,0.46827464080292847
885,,after_candidate_limit,,4050,162,0,162,9.44,8.5,0.5,1.38,1,1,0.9477626794258374,0.46826755617733923
886,,after_candidate_limit,,77,3,2,3,11.67,10.5,1.33,2,1,3,0.9440842105263157,0.46784896165564926
887,,after_candidate_limit,,1731,69,6,69,13.89,4.17,3,4.5,2,2,0.9335291866028708,0.46773834867085534
888,,after_candidate_limit,,30,1,5,1,11.67,10.5,0.5,1.38,2,1,0.9373626794258373,0.46770345110165207
889,,after_candidate_limit,,2436,97,11,97,15,4.5,3,4.5,3,2,0.927954066985646,0.4676987101722843
890,,after_candidate_limit,,2612,104,12,104,15,6.75,3,4.5,3,3,0.9279138755980861,0.46762073487058403
891,,after_candidate_limit,,1706,68,6,68,13.89,4.17,2.17,3.25,2,2,0.9346133971291866,0.46761646332821627
892,,after_candidate_limit,,2411,96,11,96,15,4.5,2.17,3.25,3,2,0.928865071770335,0.467581017725726
893,,after_candidate_limit,,2587,103,12,103,15,6.75,2.17,3.25,3,3,0.9288315789473685,0.467564956968659
894,,after_candidate_limit,,2386,95,11,95,15,4.5,1.33,3.67,3,2,0.9301846889952153,0.46735056740133163
895,,after_candidate_limit,,2562,102,12,102,15,6.75,1.33,3.67,3,3,0.9301521531100478,0.46730371650496977
896,,after_candidate_limit,,2537,101,12,101,15,6.75,1.33,2,3,3,0.930154066985646,0.4673015886555494
897,,after_candidate_limit,,2264,90,14,90,15,13.5,3,4.5,3,15,0.9280746411483254,0.4671616522723677
898,,after_candidate_limit,,2361,94,11,94,15,4.5,1.33,2,3,2,0.9301732057416268,0.4670259158867419
899,,after_candidate_limit,,102,4,2,4,11.67,10.5,1.33,3.67,1,3,0.9440248803827751,0.46698143676337306
900,,after_candidate_limit,,931,37,6,37,12.78,3.83,0.5,2,2,2,0.9419866028708134,0.46694543238830194
901,,after_candidate_limit,,651,26,1,26,11.67,7,2.17,3.25,1,2,0.9386478468899522,0.4669088063702325
902,,after_candidate_limit,,2239,89,14,89,15,13.5,2.17,3.25,3,15,0.9289598086124402,0.4669027404473498
903,,after_candidate_limit,,1882,75,7,75,13.89,6.25,2.17,3.25,2,3,0.9345588516746411,0.46685947701626507
904,,after_candidate_limit,,1907,76,7,76,13.89,6.25,3,4.5,2,3,0.9334688995215311,0.46681876579072973
905,,after_candidate_limit,,1987,79,12,79,13.89,8.33,0.5,2,3,3,0.93331004784689,0.4667844740547232
906,,after_candidate_limit,,1937,77,12,77,13.89,8.33,0.5,0.75,3,3,0.9332172248803827,0.4667797999072819
907,,after_candidate_limit,,2214,88,14,88,15,13.5,1.33,3.67,3,15,0.9302870813397129,0.4666896820439888
908,,after_candidate_limit,,906,36,6,36,12.78,3.83,0.5,1.38,2,2,0.9419703349282297,0.4666803154667802
909,,after_candidate_limit,,1962,78,12,78,13.89,8.33,0.5,1.38,3,3,0.9332976076555024,0.4666559230833846
910,,after_candidate_limit,,881,35,6,35,12.78,3.83,0.5,0.75,2,2,0.9419617224880382,0.46635079315585454
911,,after_candidate_limit,,676,27,1,27,11.67,7,3,4.5,1,2,0.9360301435406698,0.4661278130395659
912,,after_candidate_limit,,4025,161,0,161,9.44,8.5,0.5,0.75,1,1,0.9477837320574163,0.46587871498146155
913,,after_candidate_limit,,2189,87,14,87,15,13.5,1.33,2,3,15,0.9302411483253589,0.46587197065442065
914,,after_candidate_limit,,708,28,8,28,12.78,11.5,0.5,0.75,2,8,0.9421224880382775,0.46568434890606303
915,,after_candidate_limit,,1057,42,7,42,12.78,5.75,0.5,0.75,2,3,0.9419291866028708,0.4656574438819773
916,,after_candidate_limit,,1107,44,7,44,12.78,5.75,0.5,2,2,3,0.9419425837320574,0.46563506923332976
917,,after_candidate_limit,,300,12,0,12,11.67,3.5,2.17,3.25,1,1,0.9385885167464115,0.46563350742159376
918,,after_candidate_limit,,1082,43,7,43,12.78,5.75,0.5,1.38,2,3,0.9419368421052632,0.4655428729996699
919,,after_candidate_limit,,1657,66,7,66,13.89,4.17,1.33,2,2,3,0.9379033492822967,0.4654501712147548
920,,after_candidate_limit,,1682,67,7,67,13.89,4.17,1.33,3.67,2,3,0.9379052631578947,0.46544280674134414
921,,after_candidate_limit,,1380,55,5,55,12.78,7.67,3,4.5,2,1,0.9221148325358852,0.46539333412772693
922,,after_candidate_limit,,733,29,8,29,12.78,11.5,0.5,1.38,2,8,0.942111961722488,0.4650487224646695
923,,after_candidate_limit,,1413,56,13,56,13.89,12.5,0.5,0.75,3,8,0.9331674641148325,0.4650072395003675
924,,after_candidate_limit,,325,13,0,13,11.67,3.5,3,4.5,1,1,0.9359688995215311,0.4649009284717001
925,,after_candidate_limit,,55,2,5,2,11.67,10.5,0.5,2,2,1,0.9373483253588517,0.4648899627020709
926,,after_candidate_limit,,1438,57,13,57,13.89,12.5,0.5,1.38,3,8,0.9331272727272727,0.46484044050886375
927,,after_candidate_limit,,1305,52,5,52,12.78,7.67,1.33,2,2,1,0.9265693779904306,0.4647906299159198
928,,after_candidate_limit,,758,30,8,30,12.78,11.5,0.5,2,2,8,0.9421100478468899,0.4647764772695853
929,,after_candidate_limit,,1463,58,13,58,13.89,12.5,0.5,2,3,8,0.9331215311004785,0.46475541636427137
930,,after_candidate_limit,,1636,65,11,65,13.89,4.17,0.5,2,3,2,0.9330593301435407,0.4646826265576211
931,,after_candidate_limit,,127,5,2,5,11.67,10.5,2.17,3.25,1,3,0.9389923444976076,0.4646541394979407
932,,after_candidate_limit,,1330,53,5,53,12.78,7.67,1.33,3.67,2,1,0.9266363636363636,0.4645447363784627
933,,after_candidate_limit,,1355,54,5,54,12.78,7.67,2.17,3.25,2,1,0.9229062200956938,0.4643761586978802
934,,after_candidate_limit,,1762,70,12,70,13.89,6.25,0.5,0.75,3,3,0.9330315789473684,0.4643612788308455
935,,after_candidate_limit,,451,18,1,18,11.67,5.25,1.33,3.67,1,2,0.9434363636363636,0.46434485432135125
936,,after_candidate_limit,,1611,64,11,64,13.89,4.17,0.5,1.38,3,2,0.9330468899521531,0.46428572773607707
937,,after_candidate_limit,,1812,72,12,72,13.89,6.25,0.5,2,3,3,0.9330325358851674,0.464271945780273
938,,after_candidate_limit,,426,17,1,17,11.67,5.25,1.33,2,1,2,0.9434325358851675,0.4642718561396118
939,,after_candidate_limit,,1509,60,9,60,13.89,12.5,1.33,3.67,2,15,0.9378909090909091,0.4642304327990603
940,,after_candidate_limit,,627,25,2,25,11.67,7,1.33,3.67,1,3,0.9433827751196172,0.4642090186324641
941,,after_candidate_limit,,602,24,2,24,11.67,7,1.33,2,1,3,0.9433789473684211,0.4641882554622034
942,,after_candidate_limit,,1787,71,12,71,13.89,6.25,0.5,1.38,3,3,0.9330306220095694,0.4641441099703751
943,,after_candidate_limit,,1586,63,11,63,13.89,4.17,0.5,0.75,3,2,0.9330478468899521,0.4641182216525484
944,,after_candidate_limit,,152,6,2,6,11.67,10.5,3,4.5,1,3,0.9363583732057417,0.46408184686152626
945,,after_candidate_limit,,1484,59,9,59,13.89,12.5,1.33,2,2,15,0.9378401913875598,0.4639424705951468
946,,after_candidate_limit,,2640,105,15,105,15,9,0.5,0.75,6,1,0.9077038277511962,0.46385439495905045
947,,after_candidate_limit,,1732,69,7,69,13.89,4.17,3,4.5,2,3,0.9333464114832536,0.46308907548781675
948,,after_candidate_limit,,1707,68,7,68,13.89,4.17,2.17,3.25,2,3,0.9344382775119617,0.46303029011353053
949,,after_candidate_limit,,932,37,7,37,12.78,3.83,0.5,2,2,3,0.9418468899521532,0.4628374709592934
950,,after_candidate_limit,,882,35,7,35,12.78,3.83,0.5,0.75,2,3,0.9418440191387559,0.4628185787310085
951,,after_candidate_limit,,907,36,7,36,12.78,3.83,0.5,1.38,2,3,0.941844976076555,0.4626909058130614
952,,after_candidate_limit,,276,11,1,11,11.67,3.5,1.33,3.67,1,2,0.9433406698564594,0.46268919733775654
953,,after_candidate_limit,,2437,97,12,97,15,4.5,3,4.5,3,3,0.9277626794258373,0.4626781028193512
954,,after_candidate_limit,,2033,81,8,81,13.89,8.33,1.33,3.67,2,8,0.9378851674641149,0.4626651123726281
955,,after_candidate_limit,,2008,80,8,80,13.89,8.33,1.33,2,2,8,0.9378832535885168,0.4626626116923844
956,,after_candidate_limit,,1658,66,8,66,13.89,4.17,1.33,2,2,8,0.9378784688995215,0.46265368917132615
957,,after_candidate_limit,,1659,66,9,66,13.89,4.17,1.33,2,2,15,0.9378784688995215,0.46265368917132615
958,,after_candidate_limit,,1683,67,8,67,13.89,4.17,1.33,3.67,2,8,0.9378784688995215,0.46265368917132615
959,,after_candidate_limit,,1684,67,9,67,13.89,4.17,1.33,3.67,2,15,0.9378784688995215,0.46265368917132615
960,,after_candidate_limit,,1833,73,8,73,13.89,6.25,1.33,2,2,8,0.9378784688995215,0.46265368917132615
961,,after_candidate_limit,,1834,73,9,73,13.89,6.25,1.33,2,2,15,0.9378784688995215,0.46265368917132615
962,,after_candidate_limit,,1858,74,8,74,13.89,6.25,1.33,3.67,2,8,0.9378784688995215,0.46265368917132615
963,,after_candidate_limit,,1859,74,9,74,13.89,6.25,1.33,3.67,2,15,0.9378784688995215,0.46265368917132615
964,,after_candidate_limit,,2009,80,9,80,13.89,8.33,1.33,2,2,15,0.9378784688995215,0.46265368917132615
965,,after_candidate_limit,,2034,81,9,81,13.89,8.33,1.33,3.67,2,15,0.9378784688995215,0.46265368917132615
966,,after_candidate_limit,,2412,96,12,96,15,4.5,2.17,3.25,3,3,0.9286794258373205,0.46264151723055535
967,,after_candidate_limit,,103,4,3,4,11.67,10.5,1.33,3.67,1,8,0.9433492822966507,0.4625587566465321
968,,after_candidate_limit,,2362,94,12,94,15,4.5,1.33,2,3,3,0.9300047846889952,0.4625432801329762
969,,after_candidate_limit,,2387,95,12,95,15,4.5,1.33,3.67,3,3,0.9300057416267943,0.46244974246826565
970,,after_candidate_limit,,251,10,1,10,11.67,3.5,1.33,2,1,2,0.9433196172248803,0.4623394436962112
971,,after_candidate_limit,,355,14,5,14,11.67,5.25,0.5,0.75,2,1,0.9347387559808612,0.46233655469656093
972,,after_candidate_limit,,1235,49,10,49,12.78,7.67,0.5,0.75,3,1,0.9233081339712919,0.4622911426401622
973,,after_candidate_limit,,1559,62,9,62,13.89,12.5,3,4.5,2,15,0.9333511961722488,0.46194760683157415
974,,after_candidate_limit,,1534,61,9,61,13.89,12.5,2.17,3.25,2,15,0.9344382775119617,0.4618345709262052
975,,after_candidate_limit,,2188,87,13,87,15,13.5,1.33,2,3,8,0.9304334928229665,0.4615175888275741
976,,after_candidate_limit,,6,0,6,0,11.67,10.5,0.5,0.75,2,2,0.9357071770334928,0.4612966150673837
977,,after_candidate_limit,,476,19,1,19,11.67,5.25,2.17,3.25,1,2,0.9384172248803828,0.46126810239277083
978,,after_candidate_limit,,652,26,2,26,11.67,7,2.17,3.25,1,3,0.9383578947368421,0.4610801618002062
979,,after_candidate_limit,,2238,89,13,89,15,13.5,2.17,3.25,3,8,0.9290966507177033,0.46102855636649326
980,,after_candidate_limit,,78,3,3,3,11.67,10.5,1.33,2,1,8,0.9433033492822966,0.4608615781180691
981,,after_candidate_limit,,2263,90,13,90,15,13.5,3,4.5,3,8,0.9281894736842106,0.4606752253925622
982,,after_candidate_limit,,427,17,2,17,11.67,5.25,1.33,2,1,3,0.9432602870813397,0.46064989102949805
983,,after_candidate_limit,,380,15,5,15,11.67,5.25,0.5,1.38,2,1,0.9347052631578947,0.46062853389487457
984,,after_candidate_limit,,3850,154,0,154,9.44,5.66,0.5,0.75,1,1,0.9466909090909091,0.46056935691353795
985,,after_candidate_limit,,501,20,1,20,11.67,5.25,3,4.5,1,2,0.935788995215311,0.4605196629794078
986,,after_candidate_limit,,1587,63,12,63,13.89,4.17,0.5,0.75,3,3,0.9329167464114833,0.4604936765366964
987,,after_candidate_limit,,1637,65,12,65,13.89,4.17,0.5,2,3,3,0.9329177033492823,0.4604859065679574
988,,after_candidate_limit,,1233,49,8,49,12.78,7.67,0.5,0.75,2,8,0.9418296650717703,0.46046407857550975
989,,after_candidate_limit,,1283,51,8,51,12.78,7.67,0.5,2,2,8,0.9418296650717703,0.46046407857550975
990,,after_candidate_limit,,883,35,8,35,12.78,3.83,0.5,0.75,2,8,0.9418287081339712,0.46046178997347276
991,,after_candidate_limit,,884,35,9,35,12.78,3.83,0.5,0.75,2,15,0.9418287081339712,0.46046178997347276
992,,after_candidate_limit,,908,36,8,36,12.78,3.83,0.5,1.38,2,8,0.9418287081339712,0.46046178997347276
993,,after_candidate_limit,,909,36,9,36,12.78,3.83,0.5,1.38,2,15,0.9418287081339712,0.46046178997347276
994,,after_candidate_limit,,933,37,8,37,12.78,3.83,0.5,2,2,8,0.9418287081339712,0.46046178997347276
995,,after_candidate_limit,,934,37,9,37,12.78,3.83,0.5,2,2,15,0.9418287081339712,0.46046178997347276
996,,after_candidate_limit,,1058,42,8,42,12.78,5.75,0.5,0.75,2,8,0.9418287081339712,0.46046178997347276
997,,after_candidate_limit,,1059,42,9,42,12.78,5.75,0.5,0.75,2,15,0.9418287081339712,0.46046178997347276
998,,after_candidate_limit,,1083,43,8,43,12.78,5.75,0.5,1.38,2,8,0.9418287081339712,0.46046178997347276
999,,after_candidate_limit,,1084,43,9,43,12.78,5.75,0.5,1.38,2,15,0.9418287081339712,0.46046178997347276
1000,,after_candidate_limit,,1108,44,8,44,12.78,5.75,0.5,2,2,8,0.9418287081339712,0.46046178997347276
1001,,after_candidate_limit,,1109,44,9,44,12.78,5.75,0.5,2,2,15,0.9418287081339712,0.46046178997347276
1002,,after_candidate_limit,,1234,49,9,49,12.78,7.67,0.5,0.75,2,15,0.9418287081339712,0.46046178997347276
1003,,after_candidate_limit,,1258,50,8,50,12.78,7.67,0.5,1.38,2,8,0.9418287081339712,0.46046178997347276
1004,,after_candidate_limit,,1259,50,9,50,12.78,7.67,0.5,1.38,2,15,0.9418287081339712,0.46046178997347276
1005,,after_candidate_limit,,1284,51,9,51,12.78,7.67,0.5,2,2,15,0.9418287081339712,0.46046178997347276
1006,,after_candidate_limit,,1612,64,12,64,13.89,4.17,0.5,1.38,3,3,0.9329157894736843,0.46036219293345704
1007,,after_candidate_limit,,2083,83,8,83,13.89,8.33,3,4.5,2,8,0.9333244019138756,0.4603607730871558
1008,,after_candidate_limit,,1733,69,8,69,13.89,4.17,3,4.5,2,8,0.9333205741626794,0.4603549329872229
1009,,after_candidate_limit,,1734,69,9,69,13.89,4.17,3,4.5,2,15,0.9333205741626794,0.4603549329872229
1010,,after_candidate_limit,,1908,76,8,76,13.89,6.25,3,4.5,2,8,0.9333205741626794,0.4603549329872229
1011,,after_candidate_limit,,1909,76,9,76,13.89,6.25,3,4.5,2,15,0.9333205741626794,0.4603549329872229
1012,,after_candidate_limit,,2084,83,9,83,13.89,8.33,3,4.5,2,15,0.9333205741626794,0.4603549329872229
1013,,after_candidate_limit,,2058,82,8,82,13.89,8.33,2.17,3.25,2,8,0.9344162679425837,0.4603041172681506
1014,,after_candidate_limit,,677,27,2,27,11.67,7,3,4.5,1,3,0.9357354066985646,0.4602994419008844
1015,,after_candidate_limit,,1708,68,8,68,13.89,4.17,2.17,3.25,2,8,0.9344114832535885,0.4602969383629615
1016,,after_candidate_limit,,1709,68,9,68,13.89,4.17,2.17,3.25,2,15,0.9344114832535885,0.4602969383629615
1017,,after_candidate_limit,,1883,75,8,75,13.89,6.25,2.17,3.25,2,8,0.9344114832535885,0.4602969383629615
1018,,after_candidate_limit,,1884,75,9,75,13.89,6.25,2.17,3.25,2,15,0.9344114832535885,0.4602969383629615
1019,,after_candidate_limit,,2059,82,9,82,13.89,8.33,2.17,3.25,2,15,0.9344114832535885,0.4602969383629615
1020,,after_candidate_limit,,452,18,2,18,11.67,5.25,1.33,3.67,1,3,0.9432478468899521,0.46026645569306
1021,,after_candidate_limit,,2690,107,15,107,15,9,0.5,2,6,1,0.9075497607655503,0.4602628741623467
1022,,after_candidate_limit,,2213,88,13,88,15,13.5,1.33,3.67,3,8,0.9303550239234449,0.4601069853415924
1023,,after_candidate_limit,,2665,106,15,106,15,9,0.5,1.38,6,1,0.9075248803827751,0.45993266635008384
1024,,after_candidate_limit,,1260,50,10,50,12.78,7.67,0.5,1.38,3,1,0.9233665071770335,0.45983405647704434
1025,,after_candidate_limit,,2789,111,14,111,15,9,3,4.5,3,15,0.9277368421052632,0.45966062923419027
1026,,after_candidate_limit,,2438,97,13,97,15,4.5,3,4.5,3,8,0.9277358851674641,0.459659108156398
1027,,after_candidate_limit,,2439,97,14,97,15,4.5,3,4.5,3,15,0.9277358851674641,0.459659108156398
1028,,after_candidate_limit,,2613,104,13,104,15,6.75,3,4.5,3,8,0.9277358851674641,0.459659108156398
1029,,after_candidate_limit,,2614,104,14,104,15,6.75,3,4.5,3,15,0.9277358851674641,0.459659108156398
1030,,after_candidate_limit,,2764,110,14,110,15,9,2.17,3.25,3,15,0.9286555023923445,0.4596398082959405
1031,,after_candidate_limit,,2413,96,13,96,15,4.5,2.17,3.25,3,8,0.9286545454545454,0.4596382301698947
1032,,after_candidate_limit,,2414,96,14,96,15,4.5,2.17,3.25,3,15,0.9286545454545454,0.4596382301698947
1033,,after_candidate_limit,,2588,103,13,103,15,6.75,2.17,3.25,3,8,0.9286545454545454,0.4596382301698947
1034,,after_candidate_limit,,2589,103,14,103,15,6.75,2.17,3.25,3,15,0.9286545454545454,0.4596382301698947
1035,,after_candidate_limit,,1285,51,10,51,12.78,7.67,0.5,2,3,1,0.9233961722488039,0.4596369070053489
1036,,after_candidate_limit,,301,12,1,12,11.67,3.5,2.17,3.25,1,2,0.9383129186602871,0.4595268979340458
1037,,after_candidate_limit,,128,5,3,5,11.67,10.5,2.17,3.25,1,8,0.938334928229665,0.45947701817567776
1038,,after_candidate_limit,,2739,109,14,109,15,9,1.33,3.67,3,15,0.9299760765550239,0.45939817437652475
1039,,after_candidate_limit,,2363,94,13,94,15,4.5,1.33,2,3,8,0.9299741626794258,0.45939509090137653
1040,,after_candidate_limit,,2364,94,14,94,15,4.5,1.33,2,3,15,0.9299741626794258,0.45939509090137653
1041,,after_candidate_limit,,2388,95,13,95,15,4.5,1.33,3.67,3,8,0.9299741626794258,0.45939509090137653
1042,,after_candidate_limit,,2389,95,14,95,15,4.5,1.33,3.67,3,15,0.9299741626794258,0.45939509090137653
1043,,after_candidate_limit,,2538,101,13,101,15,6.75,1.33,2,3,8,0.9299741626794258,0.45939509090137653
1044,,after_candidate_limit,,2539,101,14,101,15,6.75,1.33,2,3,15,0.9299741626794258,0.45939509090137653
1045,,after_candidate_limit,,2563,102,13,102,15,6.75,1.33,3.67,3,8,0.9299741626794258,0.45939509090137653
1046,,after_candidate_limit,,2564,102,14,102,15,6.75,1.33,3.67,3,15,0.9299741626794258,0.45939509090137653
1047,,after_candidate_limit,,2714,108,14,108,15,9,1.33,2,3,15,0.9299741626794258,0.45939509090137653
1048,,after_candidate_limit,,153,6,3,6,11.67,10.5,3,4.5,1,8,0.9357296650717704,0.4593301969320016
1049,,after_candidate_limit,,1414,56,14,56,13.89,12.5,0.5,0.75,3,15,0.9328478468899521,0.45928923228066815
1050,,after_candidate_limit,,405,16,5,16,11.67,5.25,0.5,2,2,1,0.9346995215311005,0.4591805184468573
1051,,after_candidate_limit,,277,11,2,11,11.67,3.5,1.33,3.67,1,3,0.9432248803827751,0.4590769093684559
1052,,after_candidate_limit,,31,1,6,1,11.67,10.5,0.5,1.38,2,2,0.9356306220095694,0.4590748924359548
1053,,after_candidate_limit,,3875,155,0,155,9.44,5.66,0.5,1.38,1,1,0.9466363636363636,0.45892360499129553
1054,,after_candidate_limit,,710,28,10,28,12.78,11.5,0.5,0.75,3,1,0.9260392344497608,0.45886145327977507
1055,,after_candidate_limit,,1439,57,14,57,13.89,12.5,0.5,1.38,3,15,0.9327760765550239,0.4587940706688248
1056,,after_candidate_limit,,326,13,1,13,11.67,3.5,3,4.5,1,2,0.9356875598086124,0.4587831392199809
1057,,after_candidate_limit,,2010,80,10,80,13.89,8.33,1.33,2,3,1,0.9171,0.45861307609040064
1058,,after_candidate_limit,,1464,58,14,58,13.89,12.5,0.5,2,3,15,0.9327588516746411,0.4585592455111078
1059,,after_candidate_limit,,252,10,2,10,11.67,3.5,1.33,2,1,3,0.9432191387559808,0.4585451831292334
1060,,after_candidate_limit,,3900,156,0,156,9.44,5.66,0.5,2,1,1,0.9466315789473684,0.45826845906706853
1061,,after_candidate_limit,,2035,81,10,81,13.89,8.33,1.33,3.67,3,1,0.9171842105263158,0.45802301114524896
1062,,after_candidate_limit,,2763,110,13,110,15,9,2.17,3.25,3,8,0.9286401913875598,0.45781704844552384
1063,,after_candidate_limit,,1963,78,13,78,13.89,8.33,0.5,1.38,3,8,0.9328985645933014,0.4578049961705551
1064,,after_candidate_limit,,1988,79,13,79,13.89,8.33,0.5,2,3,8,0.9328985645933014,0.4578049961705551
1065,,after_candidate_limit,,1588,63,13,63,13.89,4.17,0.5,0.75,3,8,0.9328947368421052,0.45778857610724255
1066,,after_candidate_limit,,1589,63,14,63,13.89,4.17,0.5,0.75,3,15,0.9328947368421052,0.45778857610724255
1067,,after_candidate_limit,,1613,64,13,64,13.89,4.17,0.5,1.38,3,8,0.9328947368421052,0.45778857610724255
1068,,after_candidate_limit,,1614,64,14,64,13.89,4.17,0.5,1.38,3,15,0.9328947368421052,0.45778857610724255
1069,,after_candidate_limit,,1638,65,13,65,13.89,4.17,0.5,2,3,8,0.9328947368421052,0.45778857610724255
1070,,after_candidate_limit,,1639,65,14,65,13.89,4.17,0.5,2,3,15,0.9328947368421052,0.45778857610724255
1071,,after_candidate_limit,,1763,70,13,70,13.89,6.25,0.5,0.75,3,8,0.9328947368421052,0.45778857610724255
1072,,after_candidate_limit,,1764,70,14,70,13.89,6.25,0.5,0.75,3,15,0.9328947368421052,0.45778857610724255
1073,,after_candidate_limit,,1788,71,13,71,13.89,6.25,0.5,1.38,3,8,0.9328947368421052,0.45778857610724255
1074,,after_candidate_limit,,1789,71,14,71,13.89,6.25,0.5,1.38,3,15,0.9328947368421052,0.45778857610724255
1075,,after_candidate_limit,,1813,72,13,72,13.89,6.25,0.5,2,3,8,0.9328947368421052,0.45778857610724255
1076,,after_candidate_limit,,1814,72,14,72,13.89,6.25,0.5,2,3,15,0.9328947368421052,0.45778857610724255
1077,,after_candidate_limit,,1939,77,14,77,13.89,8.33,0.5,0.75,3,15,0.9328947368421052,0.45778857610724255
1078,,after_candidate_limit,,1964,78,14,78,13.89,8.33,0.5,1.38,3,15,0.9328947368421052,0.45778857610724255
1079,,after_candidate_limit,,1989,79,14,79,13.89,8.33,0.5,2,3,15,0.9328947368421052,0.45778857610724255
1080,,after_candidate_limit,,2713,108,13,108,15,9,1.33,2,3,8,0.9299674641148326,0.4577308906640216
1081,,after_candidate_limit,,2788,111,13,111,15,9,3,4.5,3,8,0.9277186602870814,0.4576568107920752
1082,,after_candidate_limit,,1938,77,13,77,13.89,8.33,0.5,0.75,3,8,0.9329014354066986,0.4575933809446462
1083,,after_candidate_limit,,2738,109,13,109,15,9,1.33,3.67,3,8,0.9299607655502392,0.4574851414045764
1084,,after_candidate_limit,,477,19,2,19,11.67,5.25,2.17,3.25,1,3,0.9382296650717703,0.4572844838291544
1085,,after_candidate_limit,,56,2,6,2,11.67,10.5,0.5,2,2,2,0.9356392344497607,0.45727910142062367
1086,,after_candidate_limit,,709,28,9,28,12.78,11.5,0.5,0.75,2,15,0.9416698564593301,0.45681887338997396
1087,,after_candidate_limit,,253,10,3,10,11.67,3.5,1.33,2,1,8,0.9432066985645933,0.45681546257221917
1088,,after_candidate_limit,,254,10,4,10,11.67,3.5,1.33,2,1,15,0.9432066985645933,0.45681546257221917
1089,,after_candidate_limit,,278,11,3,11,11.67,3.5,1.33,3.67,1,8,0.9432066985645933,0.45681546257221917
1090,,after_candidate_limit,,279,11,4,11,11.67,3.5,1.33,3.67,1,15,0.9432066985645933,0.45681546257221917
1091,,after_candidate_limit,,428,17,3,17,11.67,5.25,1.33,2,1,8,0.9432066985645933,0.45681546257221917
1092,,after_candidate_limit,,429,17,4,17,11.67,5.25,1.33,2,1,15,0.9432066985645933,0.45681546257221917
1093,,after_candidate_limit,,453,18,3,18,11.67,5.25,1.33,3.67,1,8,0.9432066985645933,0.45681546257221917
1094,,after_candidate_limit,,454,18,4,18,11.67,5.25,1.33,3.67,1,15,0.9432066985645933,0.45681546257221917
1095,,after_candidate_limit,,603,24,3,24,11.67,7,1.33,2,1,8,0.9432066985645933,0.45681546257221917
1096,,after_candidate_limit,,604,24,4,24,11.67,7,1.33,2,1,15,0.9432066985645933,0.45681546257221917
1097,,after_candidate_limit,,628,25,3,25,11.67,7,1.33,3.67,1,8,0.9432066985645933,0.45681546257221917
1098,,after_candidate_limit,,629,25,4,25,11.67,7,1.33,3.67,1,15,0.9432066985645933,0.45681546257221917
1099,,after_candidate_limit,,734,29,9,29,12.78,11.5,0.5,1.38,2,15,0.9416688995215311,0.4566982891183688
1100,,after_candidate_limit,,759,30,9,30,12.78,11.5,0.5,2,2,15,0.9416583732057416,0.4565354306544447
1101,,after_candidate_limit,,502,20,2,20,11.67,5.25,3,4.5,1,3,0.9355928229665071,0.45611520658688587
1102,,after_candidate_limit,,2465,98,15,98,15,6.75,0.5,0.75,6,1,0.9073038277511962,0.4560342136468584
1103,,after_candidate_limit,,302,12,2,12,11.67,3.5,2.17,3.25,1,3,0.9381990430622009,0.45586673736353095
1104,,after_candidate_limit,,2515,100,15,100,15,6.75,0.5,2,6,1,0.9074760765550239,0.4555479256943425
1105,,after_candidate_limit,,2490,99,15,99,15,6.75,0.5,1.38,6,1,0.9073947368421053,0.45537197767261295
1106,,after_candidate_limit,,1205,48,5,48,12.78,5.75,3,4.5,2,1,0.9213923444976077,0.4551478966247295
1107,,after_candidate_limit,,327,13,2,13,11.67,3.5,3,4.5,1,3,0.9355736842105263,0.4551474332910835
1108,,after_candidate_limit,,1130,45,5,45,12.78,5.75,1.33,2,2,1,0.9258622009569378,0.4544294008451483
1109,,after_candidate_limit,,1155,46,5,46,12.78,5.75,1.33,3.67,2,1,0.9259253588516746,0.4541567556545306
1110,,after_candidate_limit,,581,23,6,23,11.67,7,0.5,2,2,2,0.9344334928229665,0.45414341516432166
1111,,after_candidate_limit,,180,7,5,7,11.67,3.5,0.5,0.75,2,1,0.9343741626794259,0.4540952717309996
1112,,after_candidate_limit,,556,22,6,22,11.67,7,0.5,1.38,2,2,0.9344181818181818,0.45403857724145297
1113,,after_candidate_limit,,1180,47,5,47,12.78,5.75,2.17,3.25,2,1,0.9221789473684211,0.4540232106575982
1114,,after_candidate_limit,,104,4,4,4,11.67,10.5,1.33,3.67,1,15,0.9431674641148325,0.4539707291827553
1115,,after_candidate_limit,,79,3,4,3,11.67,10.5,1.33,2,1,15,0.9431645933014354,0.45395939981216044
1116,,after_candidate_limit,,303,12,3,12,11.67,3.5,2.17,3.25,1,8,0.9381818181818182,0.45368804918798383
1117,,after_candidate_limit,,304,12,4,12,11.67,3.5,2.17,3.25,1,15,0.9381818181818182,0.45368804918798383
1118,,after_candidate_limit,,478,19,3,19,11.67,5.25,2.17,3.25,1,8,0.9381818181818182,0.45368804918798383
1119,,after_candidate_limit,,479,19,4,19,11.67,5.25,2.17,3.25,1,15,0.9381818181818182,0.45368804918798383
1120,,after_candidate_limit,,653,26,3,26,11.67,7,2.17,3.25,1,8,0.9381818181818182,0.45368804918798383
1121,,after_candidate_limit,,654,26,4,26,11.67,7,2.17,3.25,1,15,0.9381818181818182,0.45368804918798383
1122,,after_candidate_limit,,3675,147,0,147,9.44,4.25,0.5,0.75,1,1,0.946333014354067,0.45362947842793616
1123,,after_candidate_limit,,531,21,6,21,11.67,7,0.5,0.75,2,2,0.9344028708133971,0.45359639609987146
1124,,after_candidate_limit,,2060,82,10,82,13.89,8.33,2.17,3.25,3,1,0.9139138755980861,0.4529708398501971
1125,,after_candidate_limit,,328,13,3,13,11.67,3.5,3,4.5,1,8,0.9355545454545454,0.4528758459602642
1126,,after_candidate_limit,,329,13,4,13,11.67,3.5,3,4.5,1,15,0.9355545454545454,0.4528758459602642
1127,,after_candidate_limit,,503,20,3,20,11.67,5.25,3,4.5,1,8,0.9355545454545454,0.4528758459602642
1128,,after_candidate_limit,,504,20,4,20,11.67,5.25,3,4.5,1,15,0.9355545454545454,0.4528758459602642
1129,,after_candidate_limit,,678,27,3,27,11.67,7,3,4.5,1,8,0.9355545454545454,0.4528758459602642
1130,,after_candidate_limit,,679,27,4,27,11.67,7,3,4.5,1,15,0.9355545454545454,0.4528758459602642
1131,,after_candidate_limit,,2187,87,12,87,15,13.5,1.33,2,3,3,0.9283818181818182,0.4523235180176232
1132,,after_candidate_limit,,230,9,5,9,11.67,3.5,0.5,2,2,1,0.9343186602870813,0.45232056649084157
1133,,after_candidate_limit,,7,0,7,0,11.67,10.5,0.5,0.75,2,3,0.9348669856459331,0.45198142147015946
1134,,after_candidate_limit,,205,8,5,8,11.67,3.5,0.5,1.38,2,1,0.9343033492822966,0.4519336061761882
1135,,after_candidate_limit,,2085,83,10,83,13.89,8.33,3,4.5,3,1,0.9110899521531101,0.4518196764327829
1136,,after_candidate_limit,,4076,163,1,163,9.44,8.5,0.5,2,1,2,0.9464861244019139,0.45170800047528487
1137,,after_candidate_limit,,3700,148,0,148,9.44,4.25,0.5,1.38,1,1,0.9462602870813397,0.4516544085103945
1138,,after_candidate_limit,,32,1,7,1,11.67,10.5,0.5,1.38,2,3,0.9348593301435407,0.4516411307698615
1139,,after_candidate_limit,,57,2,7,2,11.67,10.5,0.5,2,2,3,0.9348669856459331,0.451235770685561
1140,,after_candidate_limit,,1860,74,10,74,13.89,6.25,1.33,3.67,3,1,0.9165822966507177,0.4511592488354639
1141,,after_candidate_limit,,780,31,5,31,12.78,11.5,1.33,2,2,1,0.9299406698564593,0.4510941303507816
1142,,after_candidate_limit,,4051,162,1,162,9.44,8.5,0.5,1.38,1,2,0.9464545454545454,0.4510151117547064
1143,,after_candidate_limit,,129,5,4,5,11.67,10.5,2.17,3.25,1,15,0.9381502392344497,0.45099996235964485
1144,,after_candidate_limit,,1835,73,10,73,13.89,6.25,1.33,2,3,1,0.9165172248803828,0.4509283756052619
1145,,after_candidate_limit,,735,29,10,29,12.78,11.5,0.5,1.38,3,1,0.9254459330143541,0.4509144109031841
1146,,after_candidate_limit,,3725,149,0,149,9.44,4.25,0.5,2,1,1,0.9462593301435407,0.45071889421740813
1147,,after_candidate_limit,,2186,87,11,87,15,13.5,1.33,2,3,2,0.9274607655502393,0.4506861226410896
1148,,after_candidate_limit,,4026,161,1,161,9.44,8.5,0.5,0.75,1,2,0.9464813397129187,0.4506286480956055
1149,,after_candidate_limit,,2212,88,12,88,15,13.5,1.33,3.67,3,3,0.9277827751196173,0.4504268393137905
1150,,after_candidate_limit,,1060,42,10,42,12.78,5.75,0.5,0.75,3,1,0.9225693779904306,0.45030927787389463
1151,,after_candidate_limit,,154,6,4,6,11.67,10.5,3,4.5,1,15,0.935523923444976,0.450263996098022
1152,,after_candidate_limit,,3500,140,0,140,9.44,2.83,0.5,0.75,1,1,0.9461722488038278,0.4497888938397947
1153,,after_candidate_limit,,711,28,11,28,12.78,11.5,0.5,0.75,3,2,0.9237052631578947,0.4495437055532176
1154,,after_candidate_limit,,1085,43,10,43,12.78,5.75,0.5,1.38,3,1,0.9225578947368421,0.44934801981189026
1155,,after_candidate_limit,,1110,44,10,44,12.78,5.75,0.5,2,3,1,0.9225722488038277,0.4491896889576697
1156,,after_candidate_limit,,830,33,5,33,12.78,11.5,2.17,3.25,2,1,0.9261674641148325,0.44912486005089053
1157,,after_candidate_limit,,2237,89,12,89,15,13.5,2.17,3.25,3,3,0.9265177033492823,0.44908226929199546
1158,,after_candidate_limit,,855,34,5,34,12.78,11.5,3,4.5,2,1,0.9251684210526315,0.4485412614224593
1159,,after_candidate_limit,,2185,87,10,87,15,13.5,1.33,2,3,1,0.9254545454545454,0.44841666564743937
1160,,after_candidate_limit,,760,30,10,30,12.78,11.5,0.5,2,3,1,0.9253913875598087,0.44818389241525275
1161,,after_candidate_limit,,356,14,6,14,11.67,5.25,0.5,0.75,2,2,0.93411004784689,0.448059065209604
1162,,after_candidate_limit,,3525,141,0,141,9.44,2.83,0.5,1.38,1,1,0.9461081339712919,0.4480414801146502
1163,,after_candidate_limit,,3550,142,0,142,9.44,2.83,0.5,2,1,1,0.9460842105263157,0.44801530684692237
1164,,after_candidate_limit,,381,15,6,15,11.67,5.25,0.5,1.38,2,2,0.9341023923444977,0.44754400412590273
1165,,after_candidate_limit,,2211,88,11,88,15,13.5,1.33,3.67,3,2,0.925844976076555,0.44752061734522103
1166,,after_candidate_limit,,406,16,6,16,11.67,5.25,0.5,2,2,2,0.9341014354066985,0.44724316315462825
1167,,after_candidate_limit,,532,21,7,21,11.67,7,0.5,0.75,2,3,0.9340631578947368,0.44723935922524793
1168,,after_candidate_limit,,2691,107,16,107,15,9,0.5,2,6,2,0.9067564593301436,0.44720131051055456
1169,,after_candidate_limit,,3851,154,1,154,9.44,5.66,0.5,0.75,1,2,0.9460105263157895,0.44718085609649305
1170,,after_candidate_limit,,2262,90,12,90,15,13.5,3,4.5,3,3,0.9251387559808613,0.44714205172231564
1171,,after_candidate_limit,,805,32,5,32,12.78,11.5,1.33,3.67,2,1,0.9299358851674641,0.4470948521618327
1172,,after_candidate_limit,,557,22,7,22,11.67,7,0.5,1.38,2,3,0.9340468899521531,0.4470612183068023
1173,,after_candidate_limit,,582,23,7,23,11.67,7,0.5,2,2,3,0.9340468899521531,0.4467602649829369
1174,,after_candidate_limit,,2666,106,16,106,15,9,0.5,1.38,6,2,0.906699043062201,0.44663733881707923
1175,,after_candidate_limit,,1381,55,6,55,12.78,7.67,3,4.5,2,2,0.9209320574162679,0.446605784512662
1176,,after_candidate_limit,,1885,75,10,75,13.89,6.25,2.17,3.25,3,1,0.913333971291866,0.4465620523879021
1177,,after_candidate_limit,,3901,156,1,156,9.44,5.66,0.5,2,1,2,0.9460191387559809,0.44618418466789267
1178,,after_candidate_limit,,1331,53,6,53,12.78,7.67,1.33,3.67,2,2,0.9255014354066986,0.446138314549478
1179,,after_candidate_limit,,3876,155,1,155,9.44,5.66,0.5,1.38,1,2,0.9460076555023923,0.44612261345538373
1180,,after_candidate_limit,,856,34,6,34,12.78,11.5,3,4.5,2,2,0.922844976076555,0.4459377281999651
1181,,after_candidate_limit,,2641,105,16,105,15,9,0.5,0.75,6,2,0.9067105263157895,0.445900936305795
1182,,after_candidate_limit,,1356,54,6,54,12.78,7.67,2.17,3.25,2,2,0.9217684210526316,0.44585209203631515
1183,,after_candidate_limit,,1306,52,6,52,12.78,7.67,1.33,2,2,2,0.9254717703349282,0.44578747975510724
1184,,after_candidate_limit,,831,33,6,33,12.78,11.5,2.17,3.25,2,2,0.9236392344497608,0.44540863672628533
1185,,after_candidate_limit,,231,9,6,9,11.67,3.5,0.5,2,2,2,0.9339818181818181,0.44498626654588413
1186,,after_candidate_limit,,4052,162,2,162,9.44,8.5,0.5,1.38,1,3,0.9460995215311004,0.44489575604316356
1187,,after_candidate_limit,,1910,76,10,76,13.89,6.25,3,4.5,3,1,0.9104488038277512,0.4448674652572224
1188,,after_candidate_limit,,736,29,11,29,12.78,11.5,0.5,1.38,3,2,0.9232239234449761,0.4448561521152719
1189,,after_candidate_limit,,4027,161,2,161,9.44,8.5,0.5,0.75,1,3,0.9460832535885167,0.44477217365403066
1190,,after_candidate_limit,,206,8,6,8,11.67,3.5,0.5,1.38,2,2,0.9339684210526316,0.4445305734519751
1191,,after_candidate_limit,,781,31,6,31,12.78,11.5,1.33,2,2,2,0.9272861244019138,0.4444927054455963
1192,,after_candidate_limit,,4077,163,2,163,9.44,8.5,0.5,2,1,3,0.9460985645933014,0.44445443873934504
1193,,after_candidate_limit,,181,7,6,7,11.67,3.5,0.5,0.75,2,2,0.9339674641148326,0.4444397226358965
1194,,after_candidate_limit,,3726,149,1,149,9.44,4.25,0.5,2,1,2,0.9459167464114833,0.44432094887671797
1195,,after_candidate_limit,,3701,148,1,148,9.44,4.25,0.5,1.38,1,2,0.945911961722488,0.44420584843821004
1196,,after_candidate_limit,,1030,41,5,41,12.78,3.83,3,4.5,2,1,0.9208009569377991,0.44401318152630603
1197,,after_candidate_limit,,2261,90,11,90,15,13.5,3,4.5,3,2,0.9228478468899521,0.4439573328746649
1198,,after_candidate_limit,,806,32,6,32,12.78,11.5,1.33,3.67,2,2,0.9274047846889952,0.4438487660938237
1199,,after_candidate_limit,,3676,147,1,147,9.44,4.25,0.5,0.75,1,2,0.9459033492822967,0.44375838026471315
1200,,after_candidate_limit,,2236,89,11,89,15,13.5,2.17,3.25,3,2,0.9246784688995215,0.4436628939452155
1201,,after_candidate_limit,,980,39,5,39,12.78,3.83,1.33,3.67,2,1,0.9253827751196172,0.44365833522993653
1202,,after_candidate_limit,,382,15,7,15,11.67,5.25,0.5,1.38,2,3,0.9339368421052632,0.4435746499974955
1203,,after_candidate_limit,,357,14,7,14,11.67,5.25,0.5,0.75,2,3,0.9339349282296651,0.44348538290893436
1204,,after_candidate_limit,,407,16,7,16,11.67,5.25,0.5,2,2,3,0.933932057416268,0.4434412755718691
1205,,after_candidate_limit,,1005,40,5,40,12.78,3.83,2.17,3.25,2,1,0.9216564593301435,0.44338996586096635
1206,,after_candidate_limit,,955,38,5,38,12.78,3.83,1.33,2,2,1,0.9253425837320575,0.44330127486905413
1207,,after_candidate_limit,,2290,91,15,91,15,4.5,0.5,0.75,6,1,0.9065851674641149,0.44324133497204493
1208,,after_candidate_limit,,712,28,12,28,12.78,11.5,0.5,0.75,3,3,0.9229751196172249,0.44308761909973166
1209,,after_candidate_limit,,3852,154,2,154,9.44,5.66,0.5,0.75,1,3,0.9458688995215311,0.442733551730023
1210,,after_candidate_limit,,761,30,11,30,12.78,11.5,0.5,2,3,2,0.9230842105263158,0.44271430099836745
1211,,after_candidate_limit,,3902,156,2,156,9.44,5.66,0.5,2,1,3,0.9458717703349282,0.44265985694423676
1212,,after_candidate_limit,,3877,155,2,155,9.44,5.66,0.5,1.38,1,3,0.9458698564593302,0.44263377331286263
1213,,after_candidate_limit,,58,2,8,2,11.67,10.5,0.5,2,2,8,0.9338736842105263,0.44233901183025043
1214,,after_candidate_limit,,3501,140,1,140,9.44,2.83,0.5,0.75,1,2,0.9458363636363636,0.44215387534893125
1215,,after_candidate_limit,,2011,80,11,80,13.89,8.33,1.33,2,3,2,0.9159851674641148,0.4420812225142875
1216,,after_candidate_limit,,3551,142,1,142,9.44,2.83,0.5,2,1,2,0.9458306220095694,0.44205222611157124
1217,,after_candidate_limit,,3526,141,1,141,9.44,2.83,0.5,1.38,1,2,0.9458296650717704,0.4419894578674795
1218,,after_candidate_limit,,8,0,8,0,11.67,10.5,0.5,0.75,2,8,0.9338124401913875,0.441822162599639
1219,,after_candidate_limit,,33,1,8,1,11.67,10.5,0.5,1.38,2,8,0.9338191387559809,0.44163795912992937
1220,,after_candidate_limit,,2036,81,11,81,13.89,8.33,1.33,3.67,3,2,0.9160062200956938,0.44155002188190995
1221,,after_candidate_limit,,1286,51,11,51,12.78,7.67,0.5,2,3,2,0.9222985645933014,0.44121405082488535
1222,,after_candidate_limit,,2210,88,10,88,15,13.5,1.33,3.67,3,1,0.9219971291866029,0.44121360613798566
1223,,after_candidate_limit,,2235,89,10,89,15,13.5,2.17,3.25,3,1,0.9214985645933015,0.4411587488047741
1224,,after_candidate_limit,,232,9,7,9,11.67,3.5,0.5,2,2,3,0.9338755980861244,0.4411033936176879
1225,,after_candidate_limit,,182,7,7,7,11.67,3.5,0.5,0.75,2,3,0.9338755980861244,0.4410745615570104
1226,,after_candidate_limit,,207,8,7,8,11.67,3.5,0.5,1.38,2,3,0.9338746411483254,0.44104671345574464
1227,,after_candidate_limit,,1206,48,6,48,12.78,5.75,3,4.5,2,2,0.9205626794258374,0.44095101347520527
1228,,after_candidate_limit,,885,35,10,35,12.78,3.83,0.5,0.75,3,1,0.9220832535885167,0.44076938091774975
1229,,after_candidate_limit,,3677,147,2,147,9.44,4.25,0.5,0.75,1,3,0.9458076555023923,0.44074723317906633
1230,,after_candidate_limit,,3727,149,2,149,9.44,4.25,0.5,2,1,3,0.9458066985645933,0.4407123324476139
1231,,after_candidate_limit,,857,34,7,34,12.78,11.5,3,4.5,2,3,0.9216401913875598,0.4405659468907352
1232,,after_candidate_limit,,3702,148,2,148,9.44,4.25,0.5,1.38,1,3,0.9458047846889952,0.4405257042609857
1233,,after_candidate_limit,,1261,50,11,50,12.78,7.67,0.5,1.38,3,2,0.9222755980861244,0.4404909849918245
1234,,after_candidate_limit,,1156,46,6,46,12.78,5.75,1.33,3.67,2,2,0.9251320574162679,0.44031662334811716
1235,,after_candidate_limit,,2315,92,15,92,15,4.5,0.5,1.38,6,1,0.9065095693779904,0.4402795405892031
1236,,after_candidate_limit,,1181,47,6,47,12.78,5.75,2.17,3.25,2,2,0.9214191387559809,0.44025768423561035
1237,,after_candidate_limit,,737,29,12,29,12.78,11.5,0.5,1.38,3,3,0.9227511961722488,0.4402067223016254
1238,,after_candidate_limit,,1236,49,11,49,12.78,7.67,0.5,0.75,3,2,0.9222382775119617,0.44015895296836133
1239,,after_candidate_limit,,1131,45,6,45,12.78,5.75,1.33,2,2,2,0.9251167464114832,0.44008140390732997
1240,,after_candidate_limit,,782,31,7,31,12.78,11.5,1.33,2,2,3,0.9261693779904306,0.4398680252355258
1241,,after_candidate_limit,,832,33,7,33,12.78,11.5,2.17,3.25,2,3,0.9224928229665071,0.43950837799519055
1242,,after_candidate_limit,,3502,140,2,140,9.44,2.83,0.5,0.75,1,3,0.9457952153110047,0.4394217953670629
1243,,after_candidate_limit,,3527,141,2,141,9.44,2.83,0.5,1.38,1,3,0.9457952153110047,0.4394217953670629
1244,,after_candidate_limit,,3552,142,2,142,9.44,2.83,0.5,2,1,3,0.9457952153110047,0.4394217953670629
1245,,after_candidate_limit,,1382,55,7,55,12.78,7.67,3,4.5,2,3,0.9205224880382775,0.43940130491388446
1246,,after_candidate_limit,,2340,93,15,93,15,4.5,0.5,2,6,1,0.9065172248803828,0.4393827811747887
1247,,after_candidate_limit,,183,7,8,7,11.67,3.5,0.5,0.75,2,8,0.9338641148325358,0.43918830915104734
1248,,after_candidate_limit,,184,7,9,7,11.67,3.5,0.5,0.75,2,15,0.9338641148325358,0.43918830915104734
1249,,after_candidate_limit,,208,8,8,8,11.67,3.5,0.5,1.38,2,8,0.9338641148325358,0.43918830915104734
1250,,after_candidate_limit,,209,8,9,8,11.67,3.5,0.5,1.38,2,15,0.9338641148325358,0.43918830915104734
1251,,after_candidate_limit,,233,9,8,9,11.67,3.5,0.5,2,2,8,0.9338641148325358,0.43918830915104734
1252,,after_candidate_limit,,234,9,9,9,11.67,3.5,0.5,2,2,15,0.9338641148325358,0.43918830915104734
1253,,after_candidate_limit,,358,14,8,14,11.67,5.25,0.5,0.75,2,8,0.9338641148325358,0.43918830915104734
1254,,after_candidate_limit,,359,14,9,14,11.67,5.25,0.5,0.75,2,15,0.9338641148325358,0.43918830915104734
1255,,after_candidate_limit,,383,15,8,15,11.67,5.25,0.5,1.38,2,8,0.9338641148325358,0.43918830915104734
1256,,after_candidate_limit,,384,15,9,15,11.67,5.25,0.5,1.38,2,15,0.9338641148325358,0.43918830915104734
1257,,after_candidate_limit,,408,16,8,16,11.67,5.25,0.5,2,2,8,0.9338641148325358,0.43918830915104734
1258,,after_candidate_limit,,409,16,9,16,11.67,5.25,0.5,2,2,15,0.9338641148325358,0.43918830915104734
1259,,after_candidate_limit,,533,21,8,21,11.67,7,0.5,0.75,2,8,0.9338641148325358,0.43918830915104734
1260,,after_candidate_limit,,534,21,9,21,11.67,7,0.5,0.75,2,15,0.9338641148325358,0.43918830915104734
1261,,after_candidate_limit,,558,22,8,22,11.67,7,0.5,1.38,2,8,0.9338641148325358,0.43918830915104734
1262,,after_candidate_limit,,559,22,9,22,11.67,7,0.5,1.38,2,15,0.9338641148325358,0.43918830915104734
1263,,after_candidate_limit,,583,23,8,23,11.67,7,0.5,2,2,8,0.9338641148325358,0.43918830915104734
1264,,after_candidate_limit,,584,23,9,23,11.67,7,0.5,2,2,15,0.9338641148325358,0.43918830915104734
1265,,after_candidate_limit,,1357,54,7,54,12.78,7.67,2.17,3.25,2,3,0.9213799043062201,0.43907313839081197
1266,,after_candidate_limit,,1332,53,7,53,12.78,7.67,1.33,3.67,2,3,0.9250937799043062,0.4389696611185322
1267,,after_candidate_limit,,1307,52,7,52,12.78,7.67,1.33,2,2,3,0.9250985645933014,0.43887556510931997
1268,,after_candidate_limit,,4078,163,3,163,9.44,8.5,0.5,2,1,8,0.9457980861244019,0.43864502487223167
1269,,after_candidate_limit,,3503,140,3,140,9.44,2.83,0.5,0.75,1,8,0.9457885167464115,0.4386152315152761
1270,,after_candidate_limit,,3504,140,4,140,9.44,2.83,0.5,0.75,1,15,0.9457885167464115,0.4386152315152761
1271,,after_candidate_limit,,3528,141,3,141,9.44,2.83,0.5,1.38,1,8,0.9457885167464115,0.4386152315152761
1272,,after_candidate_limit,,3529,141,4,141,9.44,2.83,0.5,1.38,1,15,0.9457885167464115,0.4386152315152761
1273,,after_candidate_limit,,3553,142,3,142,9.44,2.83,0.5,2,1,8,0.9457885167464115,0.4386152315152761
1274,,after_candidate_limit,,3554,142,4,142,9.44,2.83,0.5,2,1,15,0.9457885167464115,0.4386152315152761
1275,,after_candidate_limit,,3678,147,3,147,9.44,4.25,0.5,0.75,1,8,0.9457885167464115,0.4386152315152761
1276,,after_candidate_limit,,3679,147,4,147,9.44,4.25,0.5,0.75,1,15,0.9457885167464115,0.4386152315152761
1277,,after_candidate_limit,,3703,148,3,148,9.44,4.25,0.5,1.38,1,8,0.9457885167464115,0.4386152315152761
1278,,after_candidate_limit,,3704,148,4,148,9.44,4.25,0.5,1.38,1,15,0.9457885167464115,0.4386152315152761
1279,,after_candidate_limit,,3728,149,3,149,9.44,4.25,0.5,2,1,8,0.9457885167464115,0.4386152315152761
1280,,after_candidate_limit,,3729,149,4,149,9.44,4.25,0.5,2,1,15,0.9457885167464115,0.4386152315152761
1281,,after_candidate_limit,,3853,154,3,154,9.44,5.66,0.5,0.75,1,8,0.9457885167464115,0.4386152315152761
1282,,after_candidate_limit,,3854,154,4,154,9.44,5.66,0.5,0.75,1,15,0.9457885167464115,0.4386152315152761
1283,,after_candidate_limit,,3878,155,3,155,9.44,5.66,0.5,1.38,1,8,0.9457885167464115,0.4386152315152761
1284,,after_candidate_limit,,3879,155,4,155,9.44,5.66,0.5,1.38,1,15,0.9457885167464115,0.4386152315152761
1285,,after_candidate_limit,,3903,156,3,156,9.44,5.66,0.5,2,1,8,0.9457885167464115,0.4386152315152761
1286,,after_candidate_limit,,3904,156,4,156,9.44,5.66,0.5,2,1,15,0.9457885167464115,0.4386152315152761
1287,,after_candidate_limit,,4029,161,4,161,9.44,8.5,0.5,0.75,1,15,0.9457885167464115,0.4386152315152761
1288,,after_candidate_limit,,4054,162,4,162,9.44,8.5,0.5,1.38,1,15,0.9457885167464115,0.4386152315152761
1289,,after_candidate_limit,,4079,163,4,163,9.44,8.5,0.5,2,1,15,0.9457885167464115,0.4386152315152761
1290,,after_candidate_limit,,2466,98,16,98,15,6.75,0.5,0.75,6,2,0.9064674641148326,0.4385828770264482
1291,,after_candidate_limit,,4053,162,3,162,9.44,8.5,0.5,1.38,1,8,0.9457942583732057,0.43844956235541555
1292,,after_candidate_limit,,4028,161,3,161,9.44,8.5,0.5,0.75,1,8,0.9457961722488039,0.43821377376839055
1293,,after_candidate_limit,,935,37,10,37,12.78,3.83,0.5,2,3,1,0.9220277511961722,0.4381971137758565
1294,,after_candidate_limit,,1685,67,10,67,13.89,4.17,1.33,3.67,3,1,0.9158234449760766,0.43816335785100347
1295,,after_candidate_limit,,910,36,10,36,12.78,3.83,0.5,1.38,3,1,0.9220191387559808,0.4381382514138415
1296,,after_candidate_limit,,2516,100,16,100,15,6.75,0.5,2,6,2,0.9064770334928229,0.4380826645558004
1297,,after_candidate_limit,,2491,99,16,99,15,6.75,0.5,1.38,6,2,0.9064607655502392,0.4380032028526112
1298,,after_candidate_limit,,1660,66,10,66,13.89,4.17,1.33,2,3,1,0.9157928229665072,0.4378415084497415
1299,,after_candidate_limit,,807,32,7,32,12.78,11.5,1.33,3.67,2,3,0.9262267942583732,0.4375867222482749
1300,,after_candidate_limit,,630,25,5,25,11.67,7,1.33,3.67,2,1,0.9119866028708133,0.4373547049986107
1301,,after_candidate_limit,,2061,82,11,82,13.89,8.33,2.17,3.25,3,2,0.9127492822966508,0.4372565356871149
1302,,after_candidate_limit,,2642,105,17,105,15,9,0.5,0.75,6,3,0.9062349282296651,0.43720135108359437
1303,,after_candidate_limit,,605,24,5,24,11.67,7,1.33,2,2,1,0.9119598086124402,0.4368837515522094
1304,,after_candidate_limit,,1486,59,11,59,13.89,12.5,1.33,2,3,2,0.9179794258373206,0.43668944325712716
1305,,after_candidate_limit,,1031,41,6,41,12.78,3.83,3,4.5,2,2,0.920376076555024,0.4366536386499434
1306,,after_candidate_limit,,762,30,12,30,12.78,11.5,0.5,2,3,3,0.9227311004784688,0.4363929456601341
1307,,after_candidate_limit,,2692,107,17,107,15,9,0.5,2,6,3,0.9061421052631579,0.4363712450428778
1308,,after_candidate_limit,,2667,106,17,106,15,9,0.5,1.38,6,3,0.9061976076555024,0.4363467621829683
1309,,after_candidate_limit,,981,39,6,39,12.78,3.83,1.33,3.67,2,2,0.9249492822966507,0.43632163498669085
1310,,after_candidate_limit,,1006,40,6,40,12.78,3.83,2.17,3.25,2,2,0.9212411483253589,0.436291076542742
1311,,after_candidate_limit,,9,0,9,0,11.67,10.5,0.5,0.75,2,15,0.9338401913875598,0.43613694079210447
1312,,after_candidate_limit,,956,38,6,38,12.78,3.83,1.33,2,2,2,0.9249358851674642,0.4361351013928939
1313,,after_candidate_limit,,34,1,9,1,11.67,10.5,0.5,1.38,2,15,0.9338239234449761,0.43597667166829107
1314,,after_candidate_limit,,59,2,9,2,11.67,10.5,0.5,2,2,15,0.9338191387559809,0.4359211434625822
1315,,after_candidate_limit,,1861,74,11,74,13.89,6.25,1.33,3.67,3,2,0.9156033492822967,0.43559540606507524
1316,,after_candidate_limit,,1836,73,11,73,13.89,6.25,1.33,2,3,2,0.9155861244019139,0.4353453615707308
1317,,after_candidate_limit,,1207,48,7,48,12.78,5.75,3,4.5,2,3,0.9203444976076555,0.43527583754916516
1318,,after_candidate_limit,,2086,83,11,83,13.89,8.33,3,4.5,3,2,0.9098842105263157,0.4352374424098376
1319,,after_candidate_limit,,1157,46,7,46,12.78,5.75,1.33,3.67,2,3,0.924911004784689,0.43507038071719534
1320,,after_candidate_limit,,1132,45,7,45,12.78,5.75,1.33,2,2,3,0.9249052631578948,0.4349565444155051
1321,,after_candidate_limit,,1485,59,10,59,13.89,12.5,1.33,2,3,1,0.9199057416267943,0.4349534595409242
1322,,after_candidate_limit,,1061,42,11,42,12.78,5.75,0.5,0.75,3,2,0.9218325358851674,0.4348459700500935
1323,,after_candidate_limit,,1182,47,7,47,12.78,5.75,2.17,3.25,2,3,0.9211990430622009,0.4348111020918471
1324,,after_candidate_limit,,783,31,8,31,12.78,11.5,1.33,2,2,8,0.9251272727272727,0.4347592065100861
1325,,after_candidate_limit,,10,0,10,0,11.67,10.5,0.5,0.75,3,1,0.9146516746411483,0.4347199050475365
1326,,after_candidate_limit,,2260,90,10,90,15,13.5,3,4.5,3,1,0.9182545454545454,0.434640808527981
1327,,after_candidate_limit,,1086,43,11,43,12.78,5.75,0.5,1.38,3,2,0.9218344497607656,0.43436016014199896
1328,,after_candidate_limit,,1111,44,11,44,12.78,5.75,0.5,2,3,2,0.9218401913875598,0.43433168824968166
1329,,after_candidate_limit,,858,34,8,34,12.78,11.5,3,4.5,2,8,0.9205167464114833,0.43429153819441935
1330,,after_candidate_limit,,833,33,8,33,12.78,11.5,2.17,3.25,2,8,0.9213789473684211,0.4340383972351762
1331,,after_candidate_limit,,1287,51,12,51,12.78,7.67,0.5,2,3,3,0.9218468899521531,0.43392022031647376
1332,,after_candidate_limit,,1710,68,10,68,13.89,4.17,2.17,3.25,3,1,0.912577990430622,0.4338626839797579
1333,,after_candidate_limit,,808,32,8,32,12.78,11.5,1.33,3.67,2,8,0.9251129186602871,0.4336427792977079
1334,,after_candidate_limit,,1262,50,12,50,12.78,7.67,0.5,1.38,3,3,0.9218430622009569,0.4336384058570975
1335,,after_candidate_limit,,585,23,10,23,11.67,7,0.5,2,3,1,0.9117808612440191,0.43345986154055166
1336,,after_candidate_limit,,1237,49,12,49,12.78,7.67,0.5,0.75,3,3,0.9218516746411484,0.43341133872982557
1337,,after_candidate_limit,,4125,165,0,165,9.44,8.5,1.33,3.67,1,1,0.924799043062201,0.4333622931439404
1338,,after_candidate_limit,,535,21,10,21,11.67,7,0.5,0.75,3,1,0.9116172248803828,0.4332935306092183
1339,,after_candidate_limit,,2790,111,15,111,15,9,3,4.5,6,1,0.8892708133971292,0.4329986563313225
1340,,after_candidate_limit,,1511,60,11,60,13.89,12.5,1.33,3.67,3,2,0.917855980861244,0.4329582138279751
1341,,after_candidate_limit,,1735,69,10,69,13.89,4.17,3,4.5,3,1,0.9097186602870814,0.43268882195917513
1342,,after_candidate_limit,,1510,60,10,60,13.89,12.5,1.33,3.67,3,1,0.9194588516746411,0.4326838376013442
1343,,after_candidate_limit,,1032,41,7,41,12.78,3.83,3,4.5,2,3,0.9202497607655502,0.4326471136422633
1344,,after_candidate_limit,,2037,81,12,81,13.89,8.33,1.33,3.67,3,3,0.9156014354066986,0.43260523259385686
1345,,after_candidate_limit,,982,39,7,39,12.78,3.83,1.33,3.67,2,3,0.924822009569378,0.43248806128903233
1346,,after_candidate_limit,,560,22,10,22,11.67,7,0.5,1.38,3,1,0.9117416267942584,0.4324502334857795
1347,,after_candidate_limit,,1007,40,7,40,12.78,3.83,2.17,3.25,2,3,0.9211129186602871,0.4322273652575941
1348,,after_candidate_limit,,4100,164,0,164,9.44,8.5,1.33,2,1,1,0.9247741626794258,0.43221455393538755
1349,,after_candidate_limit,,957,38,7,38,12.78,3.83,1.33,2,2,3,0.9248181818181819,0.43214236436715187
1350,,after_candidate_limit,,2012,80,12,80,13.89,8.33,1.33,2,3,3,0.9155717703349282,0.4319348558508822
1351,,after_candidate_limit,,2517,100,17,100,15,6.75,0.5,2,6,3,0.9060875598086124,0.4319306868261644
1352,,after_candidate_limit,,2492,99,17,99,15,6.75,0.5,1.38,6,3,0.9060837320574162,0.4317312733771169
1353,,after_candidate_limit,,1487,59,12,59,13.89,12.5,1.33,2,3,3,0.9168377990430622,0.4317093914718145
1354,,after_candidate_limit,,2467,98,17,98,15,6.75,0.5,0.75,6,3,0.9060894736842106,0.43168419985617207
1355,,after_candidate_limit,,2341,93,16,93,15,4.5,0.5,2,6,2,0.9061028708133971,0.4314698775303542
1356,,after_candidate_limit,,1886,75,11,75,13.89,6.25,2.17,3.25,3,2,0.9123712918660287,0.43131549419437665
1357,,after_candidate_limit,,2316,92,16,92,15,4.5,0.5,1.38,6,2,0.9060952153110048,0.4312590050423323
1358,,after_candidate_limit,,1512,60,12,60,13.89,12.5,1.33,3.67,3,3,0.9166808612440192,0.4312444620848145
1359,,after_candidate_limit,,2291,91,16,91,15,4.5,0.5,0.75,6,2,0.9061057416267942,0.43118885577834554
1360,,after_candidate_limit,,4030,161,5,161,9.44,8.5,0.5,0.75,2,1,0.920599043062201,0.43091046639258385
1361,,after_candidate_limit,,2765,110,15,110,15,9,2.17,3.25,6,1,0.8853588516746411,0.43078892524435736
1362,,after_candidate_limit,,936,37,11,37,12.78,3.83,0.5,2,3,2,0.9216526315789474,0.4304998639508015
1363,,after_candidate_limit,,2715,108,15,108,15,9,1.33,2,6,1,0.8840143540669857,0.4304953688081526
1364,,after_candidate_limit,,1686,67,11,67,13.89,4.17,1.33,3.67,3,2,0.9153497607655502,0.43020556756837963
1365,,after_candidate_limit,,911,36,11,36,12.78,3.83,0.5,1.38,3,2,0.9216373205741627,0.4301082934867162
1366,,after_candidate_limit,,1661,66,11,66,13.89,4.17,1.33,2,3,2,0.9153401913875598,0.43005378475437983
1367,,after_candidate_limit,,2740,109,15,109,15,9,1.33,3.67,6,1,0.884088995215311,0.4299898281094662
1368,,after_candidate_limit,,886,35,11,35,12.78,3.83,0.5,0.75,3,2,0.9216334928229665,0.4299225787751882
1369,,after_candidate_limit,,1383,55,8,55,12.78,7.67,3,4.5,2,8,0.9202344497607655,0.42991618500615447
1370,,after_candidate_limit,,1033,41,8,41,12.78,3.83,3,4.5,2,8,0.9202315789473684,0.4299086690944021
1371,,after_candidate_limit,,1034,41,9,41,12.78,3.83,3,4.5,2,15,0.9202315789473684,0.4299086690944021
1372,,after_candidate_limit,,1208,48,8,48,12.78,5.75,3,4.5,2,8,0.9202315789473684,0.4299086690944021
1373,,after_candidate_limit,,1209,48,9,48,12.78,5.75,3,4.5,2,15,0.9202315789473684,0.4299086690944021
1374,,after_candidate_limit,,1384,55,9,55,12.78,7.67,3,4.5,2,15,0.9202315789473684,0.4299086690944021
1375,,after_candidate_limit,,1911,76,11,76,13.89,6.25,3,4.5,3,2,0.9094909090909091,0.4298880243244028
1376,,after_candidate_limit,,1308,52,8,52,12.78,7.67,1.33,2,2,8,0.9248057416267943,0.4296246326016097
1377,,after_candidate_limit,,1333,53,8,53,12.78,7.67,1.33,3.67,2,8,0.9248057416267943,0.4296246326016097
1378,,after_candidate_limit,,958,38,8,38,12.78,3.83,1.33,2,2,8,0.9248047846889952,0.42962261661773754
1379,,after_candidate_limit,,959,38,9,38,12.78,3.83,1.33,2,2,15,0.9248047846889952,0.42962261661773754
1380,,after_candidate_limit,,983,39,8,39,12.78,3.83,1.33,3.67,2,8,0.9248047846889952,0.42962261661773754
1381,,after_candidate_limit,,984,39,9,39,12.78,3.83,1.33,3.67,2,15,0.9248047846889952,0.42962261661773754
1382,,after_candidate_limit,,1133,45,8,45,12.78,5.75,1.33,2,2,8,0.9248047846889952,0.42962261661773754
1383,,after_candidate_limit,,1134,45,9,45,12.78,5.75,1.33,2,2,15,0.9248047846889952,0.42962261661773754
1384,,after_candidate_limit,,1158,46,8,46,12.78,5.75,1.33,3.67,2,8,0.9248047846889952,0.42962261661773754
1385,,after_candidate_limit,,1159,46,9,46,12.78,5.75,1.33,3.67,2,15,0.9248047846889952,0.42962261661773754
1386,,after_candidate_limit,,1309,52,9,52,12.78,7.67,1.33,2,2,15,0.9248047846889952,0.42962261661773754
1387,,after_candidate_limit,,1334,53,9,53,12.78,7.67,1.33,3.67,2,15,0.9248047846889952,0.42962261661773754
1388,,after_candidate_limit,,1862,74,12,74,13.89,6.25,1.33,3.67,3,3,0.9153076555023923,0.4295267220226678
1389,,after_candidate_limit,,1358,54,8,54,12.78,7.67,2.17,3.25,2,8,0.9210956937799043,0.42947612886657593
1390,,after_candidate_limit,,1008,40,8,40,12.78,3.83,2.17,3.25,2,8,0.9210947368421053,0.4294741573954853
1391,,after_candidate_limit,,1009,40,9,40,12.78,3.83,2.17,3.25,2,15,0.9210947368421053,0.4294741573954853
1392,,after_candidate_limit,,1183,47,8,47,12.78,5.75,2.17,3.25,2,8,0.9210947368421053,0.4294741573954853
1393,,after_candidate_limit,,1184,47,9,47,12.78,5.75,2.17,3.25,2,15,0.9210947368421053,0.4294741573954853
1394,,after_candidate_limit,,1359,54,9,54,12.78,7.67,2.17,3.25,2,15,0.9210947368421053,0.4294741573954853
1395,,after_candidate_limit,,1062,42,12,42,12.78,5.75,0.5,0.75,3,3,0.921622009569378,0.42946938376083454
1396,,after_candidate_limit,,1837,73,12,73,13.89,6.25,1.33,2,3,3,0.9153038277511961,0.4294601890477514
1397,,after_candidate_limit,,1112,44,12,44,12.78,5.75,0.5,2,3,3,0.9216344497607656,0.4294336434379055
1398,,after_candidate_limit,,1513,60,13,60,13.89,12.5,1.33,3.67,3,8,0.9154196172248804,0.4293227135839012
1399,,after_candidate_limit,,1087,43,12,43,12.78,5.75,0.5,1.38,3,3,0.9216306220095694,0.4293074996618354
1400,,after_candidate_limit,,1488,59,13,59,13.89,12.5,1.33,2,3,8,0.9154636363636364,0.4292283798232907
1401,,after_candidate_limit,,655,26,5,26,11.67,7,2.17,3.25,2,1,0.904021052631579,0.429172302638246
1402,,after_candidate_limit,,680,27,5,27,11.67,7,3,4.5,2,1,0.9017215311004785,0.42915493838370544
1403,,after_candidate_limit,,2615,104,15,104,15,6.75,3,4.5,6,1,0.8889741626794259,0.4288619267592311
1404,,after_candidate_limit,,713,28,13,28,12.78,11.5,0.5,0.75,3,8,0.9217569377990431,0.42855421281860845
1405,,after_candidate_limit,,1310,52,10,52,12.78,7.67,1.33,2,3,1,0.9016488038277511,0.42843314349180545
1406,,after_candidate_limit,,4055,162,5,162,9.44,8.5,0.5,1.38,2,1,0.9203464114832536,0.4282747060414981
1407,,after_candidate_limit,,1335,53,10,53,12.78,7.67,1.33,3.67,3,1,0.9017014354066986,0.42813511813343635
1408,,after_candidate_limit,,2062,82,12,82,13.89,8.33,2.17,3.25,3,3,0.9123416267942583,0.428084649657253
1409,,after_candidate_limit,,738,29,13,29,12.78,11.5,0.5,1.38,3,8,0.9217588516746411,0.42798565904947206
1410,,after_candidate_limit,,763,30,13,30,12.78,11.5,0.5,2,3,8,0.9217770334928229,0.4279551446860957
1411,,after_candidate_limit,,1537,61,12,61,13.89,12.5,2.17,3.25,3,3,0.9135808612440192,0.4279386186763372
1412,,after_candidate_limit,,1385,55,10,55,12.78,7.67,3,4.5,3,1,0.8945464114832535,0.4273487260360994
1413,,after_candidate_limit,,2087,83,12,83,13.89,8.33,3,4.5,3,3,0.9094861244019139,0.4272907244570807
1414,,after_candidate_limit,,2292,91,17,91,15,4.5,0.5,0.75,6,3,0.9059401913875598,0.42714439952297967
1415,,after_candidate_limit,,1536,61,11,61,13.89,12.5,2.17,3.25,3,2,0.9146727272727273,0.42712526313457355
1416,,after_candidate_limit,,2590,103,15,103,15,6.75,2.17,3.25,6,1,0.8851588516746411,0.42705486311181
1417,,after_candidate_limit,,2317,92,17,92,15,4.5,0.5,1.38,6,3,0.9059382775119618,0.4270496875288697
1418,,after_candidate_limit,,2342,93,17,93,15,4.5,0.5,2,6,3,0.9059392344497608,0.4269687779231595
1419,,after_candidate_limit,,1360,54,10,54,12.78,7.67,2.17,3.25,3,1,0.89448995215311,0.42678822013170054
1420,,after_candidate_limit,,887,35,12,35,12.78,3.83,0.5,0.75,3,3,0.9215416267942583,0.42673833357040014
1421,,after_candidate_limit,,4150,166,0,166,9.44,8.5,2.17,3.25,1,1,0.91311004784689,0.4267017871952321
1422,,after_candidate_limit,,937,37,12,37,12.78,3.83,0.5,2,3,3,0.9215416267942583,0.42664256848009574
1423,,after_candidate_limit,,859,34,9,34,12.78,11.5,3,4.5,2,15,0.9200947368421053,0.42654300745253365
1424,,after_candidate_limit,,912,36,12,36,12.78,3.83,0.5,1.38,3,3,0.9215387559808612,0.4264753225845761
1425,,after_candidate_limit,,80,3,5,3,11.67,10.5,1.33,2,2,1,0.9144153110047847,0.4263783203412153
1426,,after_candidate_limit,,2565,102,15,102,15,6.75,1.33,3.67,6,1,0.8838401913875598,0.42626381370979755
1427,,after_candidate_limit,,1535,61,10,61,13.89,12.5,2.17,3.25,3,1,0.9163502392344498,0.42624089297054735
1428,,after_candidate_limit,,2119,84,19,84,15,13.5,0.5,0.75,6,15,0.9050071770334929,0.4262010596804671
1429,,after_candidate_limit,,2540,101,15,101,15,6.75,1.33,2,6,1,0.8837942583732057,0.42617309307304757
1430,,after_candidate_limit,,809,32,9,32,12.78,11.5,1.33,3.67,2,15,0.9246631578947369,0.4260365286823723
1431,,after_candidate_limit,,1687,67,12,67,13.89,4.17,1.33,3.67,3,3,0.9151956937799043,0.42601127807537403
1432,,after_candidate_limit,,1662,66,12,66,13.89,4.17,1.33,2,3,3,0.9151928229665072,0.42589303615935686
1433,,after_candidate_limit,,1711,68,11,68,13.89,4.17,2.17,3.25,3,2,0.912111004784689,0.4258864614504314
1434,,after_candidate_limit,,834,33,9,33,12.78,11.5,2.17,3.25,2,15,0.9209483253588516,0.42588069598149964
1435,,after_candidate_limit,,784,31,9,31,12.78,11.5,1.33,2,2,15,0.9246708133971292,0.42587023187526707
1436,,after_candidate_limit,,2169,86,19,86,15,13.5,0.5,2,6,15,0.904011004784689,0.42570841945988236
1437,,after_candidate_limit,,4080,163,5,163,9.44,8.5,0.5,2,2,1,0.9203119617224881,0.4256370234264164
1438,,after_candidate_limit,,2144,85,19,85,15,13.5,0.5,1.38,6,15,0.9039363636363636,0.425217517887132
1439,,after_candidate_limit,,1887,75,12,75,13.89,6.25,2.17,3.25,3,3,0.9120593301435407,0.42521172737796875
1440,,after_candidate_limit,,1562,62,12,62,13.89,12.5,3,4.5,3,3,0.9106057416267943,0.42487822900643774
1441,,after_candidate_limit,,1538,61,13,61,13.89,12.5,2.17,3.25,3,8,0.9122019138755981,0.4248366228693258
1442,,after_candidate_limit,,81,3,6,3,11.67,10.5,1.33,2,2,2,0.9124985645933015,0.4247806644405653
1443,,after_candidate_limit,,1736,69,11,69,13.89,4.17,3,4.5,3,2,0.9092468899521531,0.42466805580728756
1444,,after_candidate_limit,,430,17,5,17,11.67,5.25,1.33,2,2,1,0.9112459330143541,0.424476976123851
1445,,after_candidate_limit,,2118,84,18,84,15,13.5,0.5,0.75,6,8,0.9036617224880383,0.4242981237788842
1446,,after_candidate_limit,,11,0,11,0,11.67,10.5,0.5,0.75,3,2,0.912377033492823,0.4242585159089898
1447,,after_candidate_limit,,1238,49,13,49,12.78,7.67,0.5,0.75,3,8,0.9215234449760765,0.4241933359711935
1448,,after_candidate_limit,,1263,50,13,50,12.78,7.67,0.5,1.38,3,8,0.9215234449760765,0.4241933359711935
1449,,after_candidate_limit,,1288,51,13,51,12.78,7.67,0.5,2,3,8,0.9215234449760765,0.4241933359711935
1450,,after_candidate_limit,,888,35,13,35,12.78,3.83,0.5,0.75,3,8,0.9215224880382775,0.4241810660325433
1451,,after_candidate_limit,,889,35,14,35,12.78,3.83,0.5,0.75,3,15,0.9215224880382775,0.4241810660325433
1452,,after_candidate_limit,,913,36,13,36,12.78,3.83,0.5,1.38,3,8,0.9215224880382775,0.4241810660325433
1453,,after_candidate_limit,,914,36,14,36,12.78,3.83,0.5,1.38,3,15,0.9215224880382775,0.4241810660325433
1454,,after_candidate_limit,,938,37,13,37,12.78,3.83,0.5,2,3,8,0.9215224880382775,0.4241810660325433
1455,,after_candidate_limit,,939,37,14,37,12.78,3.83,0.5,2,3,15,0.9215224880382775,0.4241810660325433
1456,,after_candidate_limit,,1063,42,13,42,12.78,5.75,0.5,0.75,3,8,0.9215224880382775,0.4241810660325433
1457,,after_candidate_limit,,1064,42,14,42,12.78,5.75,0.5,0.75,3,15,0.9215224880382775,0.4241810660325433
1458,,after_candidate_limit,,1088,43,13,43,12.78,5.75,0.5,1.38,3,8,0.9215224880382775,0.4241810660325433
1459,,after_candidate_limit,,1089,43,14,43,12.78,5.75,0.5,1.38,3,15,0.9215224880382775,0.4241810660325433
1460,,after_candidate_limit,,1113,44,13,44,12.78,5.75,0.5,2,3,8,0.9215224880382775,0.4241810660325433
1461,,after_candidate_limit,,1114,44,14,44,12.78,5.75,0.5,2,3,15,0.9215224880382775,0.4241810660325433
1462,,after_candidate_limit,,1239,49,14,49,12.78,7.67,0.5,0.75,3,15,0.9215224880382775,0.4241810660325433
1463,,after_candidate_limit,,1264,50,14,50,12.78,7.67,0.5,1.38,3,15,0.9215224880382775,0.4241810660325433
1464,,after_candidate_limit,,1289,51,14,51,12.78,7.67,0.5,2,3,15,0.9215224880382775,0.4241810660325433
1465,,after_candidate_limit,,1912,76,12,76,13.89,6.25,3,4.5,3,3,0.9091894736842105,0.4239896788114445
1466,,after_candidate_limit,,2694,107,19,107,15,9,0.5,2,6,15,0.9059076555023924,0.4238907641621832
1467,,after_candidate_limit,,2293,91,18,91,15,4.5,0.5,0.75,6,8,0.9059066985645933,0.42388887847927925
1468,,after_candidate_limit,,2294,91,19,91,15,4.5,0.5,0.75,6,15,0.9059066985645933,0.42388887847927925
1469,,after_candidate_limit,,2318,92,18,92,15,4.5,0.5,1.38,6,8,0.9059066985645933,0.42388887847927925
1470,,after_candidate_limit,,2319,92,19,92,15,4.5,0.5,1.38,6,15,0.9059066985645933,0.42388887847927925
1471,,after_candidate_limit,,2343,93,18,93,15,4.5,0.5,2,6,8,0.9059066985645933,0.42388887847927925
1472,,after_candidate_limit,,2344,93,19,93,15,4.5,0.5,2,6,15,0.9059066985645933,0.42388887847927925
1473,,after_candidate_limit,,2468,98,18,98,15,6.75,0.5,0.75,6,8,0.9059066985645933,0.42388887847927925
1474,,after_candidate_limit,,2469,98,19,98,15,6.75,0.5,0.75,6,15,0.9059066985645933,0.42388887847927925
1475,,after_candidate_limit,,2493,99,18,99,15,6.75,0.5,1.38,6,8,0.9059066985645933,0.42388887847927925
1476,,after_candidate_limit,,2494,99,19,99,15,6.75,0.5,1.38,6,15,0.9059066985645933,0.42388887847927925
1477,,after_candidate_limit,,2518,100,18,100,15,6.75,0.5,2,6,8,0.9059066985645933,0.42388887847927925
1478,,after_candidate_limit,,2519,100,19,100,15,6.75,0.5,2,6,15,0.9059066985645933,0.42388887847927925
1479,,after_candidate_limit,,2644,105,19,105,15,9,0.5,0.75,6,15,0.9059066985645933,0.42388887847927925
1480,,after_candidate_limit,,2669,106,19,106,15,9,0.5,1.38,6,15,0.9059066985645933,0.42388887847927925
1481,,after_candidate_limit,,35,1,10,1,11.67,10.5,0.5,1.38,3,1,0.9137138755980861,0.4237756603666568
1482,,after_candidate_limit,,1561,62,11,62,13.89,12.5,3,4.5,3,2,0.9118765550239234,0.42362549710400055
1483,,after_candidate_limit,,455,18,5,18,11.67,5.25,1.33,3.67,2,1,0.9112411483253589,0.42357704285932823
1484,,after_candidate_limit,,3925,157,0,157,9.44,5.66,1.33,2,1,1,0.9235598086124401,0.4234299990785101
1485,,after_candidate_limit,,1563,62,13,62,13.89,12.5,3,4.5,3,8,0.9092928229665072,0.42338520379879996
1486,,after_candidate_limit,,1514,60,14,60,13.89,12.5,1.33,3.67,3,15,0.9150722488038278,0.42330180470647405
1487,,after_candidate_limit,,2038,81,13,81,13.89,8.33,1.33,3.67,3,8,0.9151765550239235,0.4232239440027838
1488,,after_candidate_limit,,2013,80,13,80,13.89,8.33,1.33,2,3,8,0.9151746411483254,0.42322072031677005
1489,,after_candidate_limit,,1489,59,14,59,13.89,12.5,1.33,2,3,15,0.9150722488038278,0.42321363284691466
1490,,after_candidate_limit,,1663,66,13,66,13.89,4.17,1.33,2,3,8,0.915166985645933,0.42320467409387785
1491,,after_candidate_limit,,1664,66,14,66,13.89,4.17,1.33,2,3,15,0.915166985645933,0.42320467409387785
1492,,after_candidate_limit,,1688,67,13,67,13.89,4.17,1.33,3.67,3,8,0.915166985645933,0.42320467409387785
1493,,after_candidate_limit,,1689,67,14,67,13.89,4.17,1.33,3.67,3,15,0.915166985645933,0.42320467409387785
1494,,after_candidate_limit,,1838,73,13,73,13.89,6.25,1.33,2,3,8,0.915166985645933,0.42320467409387785
1495,,after_candidate_limit,,1839,73,14,73,13.89,6.25,1.33,2,3,15,0.915166985645933,0.42320467409387785
1496,,after_candidate_limit,,1863,74,13,74,13.89,6.25,1.33,3.67,3,8,0.915166985645933,0.42320467409387785
1497,,after_candidate_limit,,1864,74,14,74,13.89,6.25,1.33,3.67,3,15,0.915166985645933,0.42320467409387785
1498,,after_candidate_limit,,2014,80,14,80,13.89,8.33,1.33,2,3,15,0.915166985645933,0.42320467409387785
1499,,after_candidate_limit,,2039,81,14,81,13.89,8.33,1.33,3.67,3,15,0.915166985645933,0.42320467409387785
1500,,after_candidate_limit,,3950,158,0,158,9.44,5.66,1.33,3.67,1,1,0.9235971291866029,0.4230900333957644
1501,,after_candidate_limit,,105,4,5,4,11.67,10.5,1.33,3.67,2,1,0.9144631578947369,0.42301347540567386
1502,,after_candidate_limit,,36,1,11,1,11.67,10.5,0.5,1.38,3,2,0.9122755980861244,0.42274983342685984
1503,,after_candidate_limit,,2668,106,18,106,15,9,0.5,1.38,6,8,0.9059248803827751,0.42266353879006197
1504,,after_candidate_limit,,1940,77,15,77,13.89,8.33,0.5,0.75,6,1,0.8887483253588516,0.4226314153109565
1505,,after_candidate_limit,,2643,105,18,105,15,9,0.5,0.75,6,8,0.9059095693779904,0.4225333236235158
1506,,after_candidate_limit,,1560,62,10,62,13.89,12.5,3,4.5,3,1,0.9133033492822966,0.42245779938229944
1507,,after_candidate_limit,,2693,107,18,107,15,9,0.5,2,6,8,0.9059267942583732,0.4224371539498706
1508,,after_candidate_limit,,60,2,10,2,11.67,10.5,0.5,2,3,1,0.913822966507177,0.4224084008450479
1509,,after_candidate_limit,,360,14,10,14,11.67,5.25,0.5,0.75,3,1,0.9109406698564594,0.4223917252079267
1510,,after_candidate_limit,,61,2,11,2,11.67,10.5,0.5,2,3,2,0.9122784688995216,0.4220456041562118
1511,,after_candidate_limit,,106,4,6,4,11.67,10.5,1.33,3.67,2,2,0.9124401913875598,0.4218978048192904
1512,,after_candidate_limit,,2791,111,16,111,15,9,3,4.5,6,2,0.8884344497607656,0.42184743286833465
1513,,after_candidate_limit,,1712,68,12,68,13.89,4.17,2.17,3.25,3,3,0.9119464114832536,0.4217049423789907
1514,,after_candidate_limit,,4175,167,0,167,9.44,8.5,3,4.5,1,1,0.905244019138756,0.42124878712275665
1515,,after_candidate_limit,,1737,69,12,69,13.89,4.17,3,4.5,3,3,0.9090755980861244,0.4205002743254013
1516,,after_candidate_limit,,1135,45,10,45,12.78,5.75,1.33,2,3,1,0.9009473684210526,0.4203722528526033
1517,,after_candidate_limit,,2116,84,16,84,15,13.5,0.5,0.75,6,2,0.9009181818181818,0.4203700913937822
1518,,after_candidate_limit,,714,28,14,28,12.78,11.5,0.5,0.75,3,15,0.9213913875598087,0.420256300153053
1519,,after_candidate_limit,,739,29,14,29,12.78,11.5,0.5,1.38,3,15,0.9213866028708134,0.42013681679474507
1520,,after_candidate_limit,,764,30,14,30,12.78,11.5,0.5,2,3,15,0.9213866028708134,0.4200969397061804
1521,,after_candidate_limit,,2115,84,15,84,15,13.5,0.5,0.75,6,1,0.8998985645933014,0.42003582042314164
1522,,after_candidate_limit,,2766,110,16,110,15,9,2.17,3.25,6,2,0.8845684210526316,0.4200189552516694
1523,,after_candidate_limit,,385,15,10,15,11.67,5.25,0.5,1.38,3,1,0.910888038277512,0.4200168987426643
1524,,after_candidate_limit,,1160,46,10,46,12.78,5.75,1.33,3.67,3,1,0.9009913875598086,0.4198288846871887
1525,,after_candidate_limit,,1210,48,10,48,12.78,5.75,3,4.5,3,1,0.893888995215311,0.4196020062403192
1526,,after_candidate_limit,,2143,85,18,85,15,13.5,0.5,1.38,6,8,0.9033124401913876,0.4193460340776635
1527,,after_candidate_limit,,1539,61,14,61,13.89,12.5,2.17,3.25,3,15,0.9118373205741627,0.4191192294017073
1528,,after_candidate_limit,,2063,82,13,82,13.89,8.33,2.17,3.25,3,8,0.9119301435406698,0.4190586911201104
1529,,after_candidate_limit,,1713,68,13,68,13.89,4.17,2.17,3.25,3,8,0.9119205741626795,0.41904059525468856
1530,,after_candidate_limit,,1714,68,14,68,13.89,4.17,2.17,3.25,3,15,0.9119205741626795,0.41904059525468856
1531,,after_candidate_limit,,1888,75,13,75,13.89,6.25,2.17,3.25,3,8,0.9119205741626795,0.41904059525468856
1532,,after_candidate_limit,,1889,75,14,75,13.89,6.25,2.17,3.25,3,15,0.9119205741626795,0.41904059525468856
1533,,after_candidate_limit,,2064,82,14,82,13.89,8.33,2.17,3.25,3,15,0.9119205741626795,0.41904059525468856
1534,,after_candidate_limit,,1965,78,15,78,13.89,8.33,0.5,1.38,6,1,0.8886976076555024,0.41900051163435387
1535,,after_candidate_limit,,1185,47,10,47,12.78,5.75,2.17,3.25,3,1,0.8938229665071771,0.4189872031349526
1536,,after_candidate_limit,,2741,109,16,109,15,9,1.33,3.67,6,2,0.8832478468899522,0.41877546159958984
1537,,after_candidate_limit,,410,16,10,16,11.67,5.25,0.5,2,3,1,0.9108813397129186,0.418748744673182
1538,,after_candidate_limit,,631,25,6,25,11.67,7,1.33,3.67,2,2,0.9110162679425837,0.4184962133488146
1539,,after_candidate_limit,,2117,84,17,84,15,13.5,0.5,0.75,6,3,0.9017535885167464,0.41823054031203516
1540,,after_candidate_limit,,606,24,6,24,11.67,7,1.33,2,2,2,0.9109818181818182,0.4181705731777581
1541,,after_candidate_limit,,2716,108,16,108,15,9,1.33,2,6,2,0.8831923444976076,0.41807321615166654
1542,,after_candidate_limit,,2168,86,18,86,15,13.5,0.5,2,6,8,0.9028052631578948,0.41782561832143805
1543,,after_candidate_limit,,2088,83,13,83,13.89,8.33,3,4.5,3,8,0.9090574162679426,0.41778108933817226
1544,,after_candidate_limit,,1738,69,13,69,13.89,4.17,3,4.5,3,8,0.9090478468899521,0.4177644190931752
1545,,after_candidate_limit,,1739,69,14,69,13.89,4.17,3,4.5,3,15,0.9090478468899521,0.4177644190931752
1546,,after_candidate_limit,,1913,76,13,76,13.89,6.25,3,4.5,3,8,0.9090478468899521,0.4177644190931752
1547,,after_candidate_limit,,1914,76,14,76,13.89,6.25,3,4.5,3,15,0.9090478468899521,0.4177644190931752
1548,,after_candidate_limit,,2089,83,14,83,13.89,8.33,3,4.5,3,15,0.9090478468899521,0.4177644190931752
1549,,after_candidate_limit,,1990,79,15,79,13.89,8.33,0.5,2,6,1,0.8886124401913875,0.41775744024161476
1550,,after_candidate_limit,,280,11,5,11,11.67,3.5,1.33,3.67,2,1,0.9109224880382775,0.41762243877053284
1551,,after_candidate_limit,,255,10,5,10,11.67,3.5,1.33,2,2,1,0.9109167464114832,0.41755181379568507
1552,,after_candidate_limit,,1564,62,14,62,13.89,12.5,3,4.5,3,15,0.908933971291866,0.41753811165089516
1553,,after_candidate_limit,,2141,85,16,85,15,13.5,0.5,1.38,6,2,0.8983612440191387,0.41647606613571675
1554,,after_candidate_limit,,130,5,5,5,11.67,10.5,2.17,3.25,2,1,0.9062736842105263,0.41639883622871343
1555,,after_candidate_limit,,4101,164,1,164,9.44,8.5,1.33,2,1,2,0.923488995215311,0.4161560389769982
1556,,after_candidate_limit,,480,19,5,19,11.67,5.25,2.17,3.25,2,1,0.9033148325358852,0.416086895827887
1557,,after_candidate_limit,,4126,165,1,165,9.44,8.5,1.33,3.67,1,2,0.9235349282296651,0.4160028893553502
1558,,after_candidate_limit,,3750,150,0,150,9.44,4.25,1.33,2,1,1,0.9232267942583732,0.4159637739639693
1559,,after_candidate_limit,,3775,151,0,151,9.44,4.25,1.33,3.67,1,1,0.9232306220095694,0.4158883363340787
1560,,after_candidate_limit,,3975,159,0,159,9.44,5.66,2.17,3.25,1,1,0.9119684210526315,0.41518941198635084
1561,,after_candidate_limit,,82,3,7,3,11.67,10.5,1.33,2,2,3,0.9115626794258374,0.415046925909449
1562,,after_candidate_limit,,155,6,5,6,11.67,10.5,3,4.5,2,1,0.9038248803827751,0.414898619523195
1563,,after_candidate_limit,,2142,85,17,85,15,13.5,0.5,1.38,6,3,0.9001401913875599,0.41479710749297116
1564,,after_candidate_limit,,131,5,6,5,11.67,10.5,2.17,3.25,2,2,0.9043808612440192,0.41476021194363805
1565,,after_candidate_limit,,107,4,7,4,11.67,10.5,1.33,3.67,2,3,0.9115483253588517,0.41428858740475805
1566,,after_candidate_limit,,536,21,11,21,11.67,7,0.5,0.75,3,2,0.910666028708134,0.4141358671063908
1567,,after_candidate_limit,,561,22,11,22,11.67,7,0.5,1.38,3,2,0.9106401913875598,0.414121439882126
1568,,after_candidate_limit,,586,23,11,23,11.67,7,0.5,2,3,2,0.9106593301435407,0.41379166955907776
1569,,after_candidate_limit,,156,6,6,6,11.67,10.5,3,4.5,2,2,0.9019799043062201,0.4137606384033409
1570,,after_candidate_limit,,505,20,5,20,11.67,5.25,3,4.5,2,1,0.9009559808612441,0.41374203832228124
1571,,after_candidate_limit,,3600,144,0,144,9.44,2.83,1.33,3.67,1,1,0.9230822966507177,0.41361587282414525
1572,,after_candidate_limit,,3575,143,0,143,9.44,2.83,1.33,2,1,1,0.9230851674641148,0.41350563043931293
1573,,after_candidate_limit,,2440,97,15,97,15,4.5,3,4.5,6,1,0.8880851674641148,0.4132279318741372
1574,,after_candidate_limit,,145,5,20,5,11.67,10.5,2.17,3.25,20,1,0.829177990430622,0.41283941182217426
1575,,after_candidate_limit,,1765,70,15,70,13.89,6.25,0.5,0.75,6,1,0.8879971291866029,0.41259292869334163
1576,,after_candidate_limit,,185,7,10,7,11.67,3.5,0.5,0.75,3,1,0.9105521531100479,0.41255563142622065
1577,,after_candidate_limit,,4045,161,20,161,9.44,8.5,0.5,0.75,20,1,0.8557454545454546,0.4125395220169332
1578,,after_candidate_limit,,2616,104,16,104,15,6.75,3,4.5,6,2,0.8880210526315789,0.4124329849047728
1579,,after_candidate_limit,,456,18,6,18,11.67,5.25,1.33,3.67,2,2,0.9106909090909091,0.4124183004876864
1580,,after_candidate_limit,,431,17,6,17,11.67,5.25,1.33,2,2,2,0.910688995215311,0.41232256049724364
1581,,after_candidate_limit,,1311,52,11,52,12.78,7.67,1.33,2,3,2,0.9006755980861244,0.4121880497155364
1582,,after_candidate_limit,,1336,53,11,53,12.78,7.67,1.33,3.67,3,2,0.9007023923444976,0.4121520518996679
1583,,after_candidate_limit,,2167,86,17,86,15,13.5,0.5,2,6,3,0.8994626794258374,0.4121313567875313
1584,,after_candidate_limit,,1386,55,11,55,12.78,7.67,3,4.5,3,2,0.8936143540669856,0.4121249923942962
1585,,after_candidate_limit,,37,1,12,1,11.67,10.5,0.5,1.38,3,3,0.911355023923445,0.4120228453872601
1586,,after_candidate_limit,,1815,72,15,72,13.89,6.25,0.5,2,6,1,0.8880717703349282,0.41201907536480536
1587,,after_candidate_limit,,12,0,12,0,11.67,10.5,0.5,0.75,3,3,0.9113904306220095,0.4118757877618036
1588,,after_candidate_limit,,3951,158,1,158,9.44,5.66,1.33,3.67,1,2,0.9229961722488038,0.4118339354244341
1589,,after_candidate_limit,,62,2,12,2,11.67,10.5,0.5,2,3,3,0.9113511961722488,0.411728487648588
1590,,after_candidate_limit,,3926,157,1,157,9.44,5.66,1.33,2,1,2,0.9229904306220096,0.41172416279389135
1591,,after_candidate_limit,,1790,71,15,71,13.89,6.25,0.5,1.38,6,1,0.8880200956937799,0.41169037326599905
1592,,after_candidate_limit,,632,25,7,25,11.67,7,1.33,3.67,2,3,0.9106468899521531,0.41167906957704514
1593,,after_candidate_limit,,607,24,7,24,11.67,7,1.33,2,2,3,0.9106354066985646,0.4116110129555984
1594,,after_candidate_limit,,4000,160,0,160,9.44,5.66,3,4.5,1,1,0.9041894736842105,0.4112865067355798
1595,,after_candidate_limit,,1361,54,11,54,12.78,7.67,2.17,3.25,3,2,0.8935578947368421,0.4112354232443621
1596,,after_candidate_limit,,2792,111,17,111,15,9,3,4.5,6,3,0.8878325358851674,0.4111217600366976
1597,,after_candidate_limit,,656,26,6,26,11.67,7,2.17,3.25,2,2,0.9030956937799043,0.4109859636151699
1598,,after_candidate_limit,,2415,96,15,96,15,4.5,2.17,3.25,6,1,0.8842172248803828,0.41096118401855963
1599,,after_candidate_limit,,2166,86,16,86,15,13.5,0.5,2,6,2,0.8973937799043062,0.4108350032426441
1600,,after_candidate_limit,,235,9,10,9,11.67,3.5,0.5,2,3,1,0.9104985645933015,0.41078968478117267
1601,,after_candidate_limit,,2591,103,16,103,15,6.75,2.17,3.25,6,2,0.8841856459330144,0.41077597832251006
1602,,after_candidate_limit,,2365,94,15,94,15,4.5,1.33,2,6,1,0.8828622009569378,0.4104643656797326
1603,,after_candidate_limit,,210,8,10,8,11.67,3.5,0.5,1.38,3,1,0.9104870813397129,0.4104540087334999
1604,,after_candidate_limit,,3776,151,1,151,9.44,4.25,1.33,3.67,1,2,0.9229253588516746,0.41033244127945073
1605,,after_candidate_limit,,3751,150,1,150,9.44,4.25,1.33,2,1,2,0.9229167464114832,0.4101181435340209
1606,,after_candidate_limit,,281,11,6,11,11.67,3.5,1.33,3.67,2,2,0.9105894736842105,0.4101010024458964
1607,,after_candidate_limit,,2390,95,15,95,15,4.5,1.33,3.67,6,1,0.8828727272727273,0.41009786820433075
1608,,after_candidate_limit,,4127,165,2,165,9.44,8.5,1.33,3.67,1,3,0.9230995215311005,0.40999528596564006
1609,,after_candidate_limit,,256,10,6,10,11.67,3.5,1.33,2,2,2,0.9105808612440192,0.40990747799808824
1610,,after_candidate_limit,,4102,164,2,164,9.44,8.5,1.33,2,1,3,0.923088995215311,0.4097723523054397
1611,,after_candidate_limit,,2140,85,15,85,15,13.5,0.5,1.38,6,1,0.8966186602870814,0.4095946949373391
1612,,after_candidate_limit,,785,31,10,31,12.78,11.5,1.33,2,3,1,0.904888038277512,0.4095831721395601
1613,,after_candidate_limit,,305,12,5,12,11.67,3.5,2.17,3.25,2,1,0.9029846889952153,0.409512253442082
1614,,after_candidate_limit,,681,27,6,27,11.67,7,3,4.5,2,2,0.9007234449760766,0.40943105368146665
1615,,after_candidate_limit,,170,6,20,6,11.67,10.5,3,4.5,20,1,0.834622966507177,0.4093781438886892
1616,,after_candidate_limit,,4070,162,20,162,9.44,8.5,0.5,1.38,20,1,0.8556287081339713,0.40931880817396804
1617,,after_candidate_limit,,2541,101,16,101,15,6.75,1.33,2,6,2,0.8828172248803827,0.40927064215270686
1618,,after_candidate_limit,,2566,102,16,102,15,6.75,1.33,3.67,6,2,0.8828344497607655,0.40923342284349296
1619,,after_candidate_limit,,108,4,8,4,11.67,10.5,1.33,3.67,2,8,0.9105693779904306,0.4091167740220564
1620,,after_candidate_limit,,2767,110,17,110,15,9,2.17,3.25,6,3,0.8839684210526316,0.4090928130542281
1621,,after_candidate_limit,,4151,166,1,166,9.44,8.5,2.17,3.25,1,2,0.9118545454545455,0.4090138073913755
1622,,after_candidate_limit,,3952,158,2,158,9.44,5.66,1.33,3.67,1,3,0.9228861244019139,0.4087369384753481
1623,,after_candidate_limit,,3927,157,2,157,9.44,5.66,1.33,2,1,3,0.9228842105263158,0.40865894670447706
1624,,after_candidate_limit,,3855,154,5,154,9.44,5.66,0.5,0.75,2,1,0.9186401913875598,0.408561167585687
1625,,after_candidate_limit,,432,17,7,17,11.67,5.25,1.33,2,2,3,0.9105406698564593,0.4083725790154802
1626,,after_candidate_limit,,1035,41,10,41,12.78,3.83,3,4.5,3,1,0.8933435406698564,0.4083253031571154
1627,,after_candidate_limit,,2742,109,17,109,15,9,1.33,3.67,6,3,0.8826401913875598,0.4082494187569775
1628,,after_candidate_limit,,960,38,10,38,12.78,3.83,1.33,2,3,1,0.9004114832535886,0.4081519554676267
1629,,after_candidate_limit,,3601,144,1,144,9.44,2.83,1.33,3.67,1,2,0.922845933014354,0.40808235399381054
1630,,after_candidate_limit,,3576,143,1,143,9.44,2.83,1.33,2,1,2,0.9228430622009569,0.4080435113220488
1631,,after_candidate_limit,,457,18,7,18,11.67,5.25,1.33,3.67,2,3,0.9105311004784689,0.40801184859433254
1632,,after_candidate_limit,,330,13,5,13,11.67,3.5,3,4.5,2,1,0.9006143540669856,0.40799338272187663
1633,,after_candidate_limit,,3800,152,0,152,9.44,4.25,2.17,3.25,1,1,0.9116019138755981,0.4079928804472104
1634,,after_candidate_limit,,2717,108,17,108,15,9,1.33,2,6,3,0.8826038277511962,0.40798213426947194
1635,,after_candidate_limit,,985,39,10,39,12.78,3.83,1.33,3.67,3,1,0.9004258373205741,0.40797469610405646
1636,,after_candidate_limit,,1010,40,10,40,12.78,3.83,2.17,3.25,3,1,0.8932966507177034,0.4074924775760163
1637,,after_candidate_limit,,83,3,8,3,11.67,10.5,1.33,2,2,8,0.9105090909090909,0.4072386019872795
1638,,after_candidate_limit,,361,14,11,14,11.67,5.25,0.5,0.75,3,2,0.9103377990430622,0.4071640612762917
1639,,after_candidate_limit,,132,5,7,5,11.67,10.5,2.17,3.25,2,3,0.9035617224880382,0.4071567705149914
1640,,after_candidate_limit,,786,31,11,31,12.78,11.5,1.33,2,3,2,0.902044976076555,0.40701765228970327
1641,,after_candidate_limit,,3777,151,2,151,9.44,4.25,1.33,3.67,1,3,0.9228239234449761,0.4068298895515201
1642,,after_candidate_limit,,562,22,12,22,11.67,7,0.5,1.38,3,3,0.9102822966507177,0.4067190693939511
1643,,after_candidate_limit,,3752,150,2,150,9.44,4.25,1.33,2,1,3,0.922821052631579,0.4066694199444988
1644,,after_candidate_limit,,3880,155,5,155,9.44,5.66,0.5,1.38,2,1,0.9185971291866029,0.4066358104068524
1645,,after_candidate_limit,,386,15,11,15,11.67,5.25,0.5,1.38,3,2,0.9103358851674641,0.40662544250014415
1646,,after_candidate_limit,,282,11,7,11,11.67,3.5,1.33,3.67,2,3,0.9104928229665071,0.4065454935994976
1647,,after_candidate_limit,,2617,104,17,104,15,6.75,3,4.5,6,3,0.8876631578947368,0.4064299941348098
1648,,after_candidate_limit,,787,31,12,31,12.78,11.5,1.33,2,3,3,0.9013444976076554,0.406405593915997
1649,,after_candidate_limit,,537,21,12,21,11.67,7,0.5,0.75,3,3,0.9102937799043063,0.40637249622643995
1650,,after_candidate_limit,,157,6,7,6,11.67,10.5,3,4.5,2,3,0.9012038277511961,0.4063589476069961
1651,,after_candidate_limit,,411,16,11,16,11.67,5.25,0.5,2,3,2,0.910333014354067,0.406336714800744
1652,,after_candidate_limit,,587,23,12,23,11.67,7,0.5,2,3,3,0.9102813397129187,0.40629902091125913
1653,,after_candidate_limit,,3905,156,5,156,9.44,5.66,0.5,2,2,1,0.9186114832535885,0.40627566565665657
1654,,after_candidate_limit,,2441,97,16,97,15,4.5,3,4.5,6,2,0.8876813397129186,0.4060964138734375
1655,,after_candidate_limit,,257,10,7,10,11.67,3.5,1.33,2,2,3,0.910488995215311,0.406021206838953
1656,,after_candidate_limit,,1415,56,15,56,13.89,12.5,0.5,0.75,6,1,0.8891358851674641,0.4058648679075755
1657,,after_candidate_limit,,3602,144,2,144,9.44,2.83,1.33,3.67,1,3,0.9228095693779904,0.4057456197689685
1658,,after_candidate_limit,,1161,46,11,46,12.78,5.75,1.33,3.67,3,2,0.9002803827751196,0.40558363079644294
1659,,after_candidate_limit,,3625,145,0,145,9.44,2.83,2.17,3.25,1,1,0.9114430622009569,0.4055527480477556
1660,,after_candidate_limit,,1941,77,16,77,13.89,8.33,0.5,0.75,6,2,0.8877875598086125,0.40551725260565974
1661,,after_candidate_limit,,1136,45,11,45,12.78,5.75,1.33,2,3,2,0.900266028708134,0.4054286967228426
1662,,after_candidate_limit,,1211,48,11,48,12.78,5.75,3,4.5,3,2,0.8931808612440192,0.4053379494576126
1663,,after_candidate_limit,,3577,143,2,143,9.44,2.83,1.33,2,1,3,0.9228076555023923,0.40527242629577503
1664,,after_candidate_limit,,4176,167,1,167,9.44,8.5,3,4.5,1,2,0.9040612440191388,0.4051121569799951
1665,,after_candidate_limit,,4095,163,20,163,9.44,8.5,0.5,2,20,1,0.8524071770334928,0.4050665986246342
1666,,after_candidate_limit,,481,19,6,19,11.67,5.25,2.17,3.25,2,2,0.9027808612440191,0.4050050629318242
1667,,after_candidate_limit,,1186,47,11,47,12.78,5.75,2.17,3.25,3,2,0.8931521531100478,0.40466593240251936
1668,,after_candidate_limit,,2592,103,17,103,15,6.75,2.17,3.25,6,3,0.8837990430622009,0.40460549362396475
1669,,after_candidate_limit,,4128,165,3,165,9.44,8.5,1.33,3.67,1,8,0.9228200956937799,0.4045845272116528
1670,,after_candidate_limit,,4103,164,3,164,9.44,8.5,1.33,2,1,8,0.9228153110047846,0.4045735148823583
1671,,after_candidate_limit,,3953,158,3,158,9.44,5.66,1.33,3.67,1,8,0.9228028708133972,0.4045445000712971
1672,,after_candidate_limit,,3578,143,3,143,9.44,2.83,1.33,2,1,8,0.9228019138755981,0.40453095939637906
1673,,after_candidate_limit,,3579,143,4,143,9.44,2.83,1.33,2,1,15,0.9228019138755981,0.40453095939637906
1674,,after_candidate_limit,,3603,144,3,144,9.44,2.83,1.33,3.67,1,8,0.9228019138755981,0.40453095939637906
1675,,after_candidate_limit,,3604,144,4,144,9.44,2.83,1.33,3.67,1,15,0.9228019138755981,0.40453095939637906
1676,,after_candidate_limit,,3753,150,3,150,9.44,4.25,1.33,2,1,8,0.9228019138755981,0.40453095939637906
1677,,after_candidate_limit,,3754,150,4,150,9.44,4.25,1.33,2,1,15,0.9228019138755981,0.40453095939637906
1678,,after_candidate_limit,,3778,151,3,151,9.44,4.25,1.33,3.67,1,8,0.9228019138755981,0.40453095939637906
1679,,after_candidate_limit,,3779,151,4,151,9.44,4.25,1.33,3.67,1,15,0.9228019138755981,0.40453095939637906
1680,,after_candidate_limit,,3928,157,3,157,9.44,5.66,1.33,2,1,8,0.9228019138755981,0.40453095939637906
1681,,after_candidate_limit,,3929,157,4,157,9.44,5.66,1.33,2,1,15,0.9228019138755981,0.40453095939637906
1682,,after_candidate_limit,,3954,158,4,158,9.44,5.66,1.33,3.67,1,15,0.9228019138755981,0.40453095939637906
1683,,after_candidate_limit,,4104,164,4,164,9.44,8.5,1.33,2,1,15,0.9228019138755981,0.40453095939637906
1684,,after_candidate_limit,,4129,165,4,165,9.44,8.5,1.33,3.67,1,15,0.9228019138755981,0.40453095939637906
1685,,after_candidate_limit,,2165,86,15,86,15,13.5,0.5,2,6,1,0.8930267942583732,0.4043048577986918
1686,,after_candidate_limit,,2416,96,16,96,15,4.5,2.17,3.25,6,2,0.88382009569378,0.40427693754695326
1687,,after_candidate_limit,,3825,153,0,153,9.44,4.25,3,4.5,1,1,0.9038191387559809,0.40419855335620797
1688,,after_candidate_limit,,608,24,8,24,11.67,7,1.33,2,2,8,0.9104832535885168,0.40419133748021796
1689,,after_candidate_limit,,633,25,8,25,11.67,7,1.33,3.67,2,8,0.9104832535885168,0.40419133748021796
1690,,after_candidate_limit,,258,10,8,10,11.67,3.5,1.33,2,2,8,0.9104822966507177,0.40418827466687846
1691,,after_candidate_limit,,259,10,9,10,11.67,3.5,1.33,2,2,15,0.9104822966507177,0.40418827466687846
1692,,after_candidate_limit,,283,11,8,11,11.67,3.5,1.33,3.67,2,8,0.9104822966507177,0.40418827466687846
1693,,after_candidate_limit,,284,11,9,11,11.67,3.5,1.33,3.67,2,15,0.9104822966507177,0.40418827466687846
1694,,after_candidate_limit,,433,17,8,17,11.67,5.25,1.33,2,2,8,0.9104822966507177,0.40418827466687846
1695,,after_candidate_limit,,434,17,9,17,11.67,5.25,1.33,2,2,15,0.9104822966507177,0.40418827466687846
1696,,after_candidate_limit,,458,18,8,18,11.67,5.25,1.33,3.67,2,8,0.9104822966507177,0.40418827466687846
1697,,after_candidate_limit,,459,18,9,18,11.67,5.25,1.33,3.67,2,15,0.9104822966507177,0.40418827466687846
1698,,after_candidate_limit,,609,24,9,24,11.67,7,1.33,2,2,15,0.9104822966507177,0.40418827466687846
1699,,after_candidate_limit,,634,25,9,25,11.67,7,1.33,3.67,2,15,0.9104822966507177,0.40418827466687846
1700,,after_candidate_limit,,1312,52,12,52,12.78,7.67,1.33,2,3,3,0.9002507177033493,0.40418742050478057
1701,,after_candidate_limit,,1337,53,12,53,12.78,7.67,1.33,3.67,3,3,0.9002468899521531,0.4041802918252838
1702,,after_candidate_limit,,3976,159,1,159,9.44,5.66,2.17,3.25,1,2,0.9113980861244019,0.40417288480533237
1703,,after_candidate_limit,,657,26,7,26,11.67,7,2.17,3.25,2,3,0.9027397129186603,0.40416892718638125
1704,,after_candidate_limit,,1966,78,16,78,13.89,8.33,0.5,1.38,6,2,0.8877808612440191,0.4041432917489813
1705,,after_candidate_limit,,4031,161,6,161,9.44,8.5,0.5,0.75,2,2,0.9188641148325359,0.40392871397061847
1706,,after_candidate_limit,,810,32,10,32,12.78,11.5,1.33,3.67,3,1,0.9052047846889952,0.4039234748221767
1707,,after_candidate_limit,,1387,55,12,55,12.78,7.67,3,4.5,3,3,0.8931397129186602,0.403842982402938
1708,,after_candidate_limit,,236,9,11,9,11.67,3.5,0.5,2,3,2,0.9101980861244019,0.403778605546349
1709,,after_candidate_limit,,1362,54,12,54,12.78,7.67,2.17,3.25,3,3,0.8931157894736842,0.40363045933558933
1710,,after_candidate_limit,,186,7,11,7,11.67,3.5,0.5,0.75,3,2,0.9101971291866029,0.40349978575025125
1711,,after_candidate_limit,,2567,102,17,102,15,6.75,1.33,3.67,6,3,0.8824564593301435,0.4034400951244822
1712,,after_candidate_limit,,2542,101,17,101,15,6.75,1.33,2,6,3,0.8824526315789474,0.4034239219091522
1713,,after_candidate_limit,,211,8,11,8,11.67,3.5,0.5,1.38,3,2,0.9101837320574163,0.40340568616070005
1714,,after_candidate_limit,,506,20,6,20,11.67,5.25,3,4.5,2,2,0.9004028708133971,0.4033382637178248
1715,,after_candidate_limit,,1991,79,16,79,13.89,8.33,0.5,2,6,2,0.8878105263157895,0.40328094478497234
1716,,after_candidate_limit,,2391,95,16,95,15,4.5,1.33,3.67,6,2,0.8824784688995215,0.40322365137791155
1717,,after_candidate_limit,,2366,94,16,94,15,4.5,1.33,2,6,2,0.8824669856459331,0.4030598154826083
1718,,after_candidate_limit,,1590,63,15,63,13.89,4.17,0.5,0.75,6,1,0.8874162679425838,0.40294538891830645
1719,,after_candidate_limit,,362,14,12,14,11.67,5.25,0.5,0.75,3,3,0.9101875598086124,0.4028034205943999
1720,,after_candidate_limit,,812,32,12,32,12.78,11.5,1.33,3.67,3,3,0.9014382775119617,0.40278009317576524
1721,,after_candidate_limit,,306,12,6,12,11.67,3.5,2.17,3.25,2,2,0.9026851674641149,0.4027322056492405
1722,,after_candidate_limit,,387,15,12,15,11.67,5.25,0.5,1.38,3,3,0.9101856459330143,0.40271353069777566
1723,,after_candidate_limit,,682,27,7,27,11.67,7,3,4.5,2,3,0.9003684210526316,0.40265604259846133
1724,,after_candidate_limit,,837,33,12,33,12.78,11.5,2.17,3.25,3,3,0.8941942583732058,0.4026318997356638
1725,,after_candidate_limit,,4152,166,2,166,9.44,8.5,2.17,3.25,1,3,0.9114736842105263,0.40261784012554974
1726,,after_candidate_limit,,836,33,11,33,12.78,11.5,2.17,3.25,3,2,0.8947942583732057,0.4025394109670823
1727,,after_candidate_limit,,3801,152,1,152,9.44,4.25,2.17,3.25,1,2,0.9113157894736842,0.4025158070752054
1728,,after_candidate_limit,,412,16,12,16,11.67,5.25,0.5,2,3,3,0.9101789473684211,0.40251052883210237
1729,,after_candidate_limit,,862,34,12,34,12.78,11.5,3,4.5,3,3,0.8943043062200957,0.40248464396504946
1730,,after_candidate_limit,,835,33,10,33,12.78,11.5,2.17,3.25,3,1,0.8976344497607656,0.40222591418636894
1731,,after_candidate_limit,,811,32,11,32,12.78,11.5,1.33,3.67,3,2,0.9019090909090909,0.4020314105610913
1732,,after_candidate_limit,,3650,146,0,146,9.44,2.83,3,4.5,1,1,0.9036574162679426,0.4018194350930337
1733,,after_candidate_limit,,3870,154,20,154,9.44,5.66,0.5,0.75,20,1,0.8545301435406698,0.4017842513834595
1734,,after_candidate_limit,,2442,97,17,97,15,4.5,3,4.5,6,3,0.8875186602870814,0.40171936729938845
1735,,after_candidate_limit,,986,39,11,39,12.78,3.83,1.33,3.67,3,2,0.9001004784688995,0.4016004277257673
1736,,after_candidate_limit,,133,5,8,5,11.67,10.5,2.17,3.25,2,8,0.9026497607655503,0.40147205983582035
1737,,after_candidate_limit,,1240,49,15,49,12.78,7.67,0.5,0.75,6,1,0.8814162679425838,0.4014367984162761
1738,,after_candidate_limit,,3895,155,20,155,9.44,5.66,0.5,1.38,20,1,0.8545114832535885,0.4013775738291963
1739,,after_candidate_limit,,1036,41,11,41,12.78,3.83,3,4.5,3,2,0.8929952153110048,0.40124660793616107
1740,,after_candidate_limit,,961,38,11,38,12.78,3.83,1.33,2,3,2,0.900090909090909,0.40121626028505764
1741,,after_candidate_limit,,331,13,6,13,11.67,3.5,3,4.5,2,2,0.9003033492822966,0.4011772202233938
1742,,after_candidate_limit,,3977,159,2,159,9.44,5.66,2.17,3.25,1,3,0.9112765550239235,0.40115419751167475
1743,,after_candidate_limit,,3920,156,20,156,9.44,5.66,0.5,2,20,1,0.8545421052631579,0.40108090971630467
1744,,after_candidate_limit,,4046,161,21,161,9.44,8.5,0.5,0.75,20,2,0.8549291866028708,0.4010706999075054
1745,,after_candidate_limit,,2269,90,19,90,15,13.5,3,4.5,6,15,0.8862861244019139,0.4008343870753066
1746,,after_candidate_limit,,84,3,9,3,11.67,10.5,1.33,2,2,15,0.9104526315789474,0.40078446463544165
1747,,after_candidate_limit,,860,34,10,34,12.78,11.5,3,4.5,3,1,0.8978,0.40075880848810075
1748,,after_candidate_limit,,109,4,9,4,11.67,10.5,1.33,3.67,2,15,0.9104459330143541,0.4006553025888362
1749,,after_candidate_limit,,1011,40,11,40,12.78,3.83,2.17,3.25,3,2,0.892976076555024,0.40061464998607205
1750,,after_candidate_limit,,63,2,13,2,11.67,10.5,0.5,2,3,8,0.9101636363636364,0.40061366150408545
1751,,after_candidate_limit,,4001,160,1,160,9.44,5.66,3,4.5,1,2,0.9036076555023923,0.4005572195590997
1752,,after_candidate_limit,,482,19,7,19,11.67,5.25,2.17,3.25,2,3,0.902621052631579,0.4005348715580529
1753,,after_candidate_limit,,3626,145,1,145,9.44,2.83,2.17,3.25,1,2,0.9112401913875599,0.4003340973345158
1754,,after_candidate_limit,,4056,162,6,162,9.44,8.5,0.5,1.38,2,2,0.9187846889952153,0.40031533964052207
1755,,after_candidate_limit,,146,5,21,5,11.67,10.5,2.17,3.25,20,2,0.8378913875598086,0.4001914861759314
1756,,after_candidate_limit,,4081,163,6,163,9.44,8.5,0.5,2,2,2,0.9187894736842105,0.40016261322317703
1757,,after_candidate_limit,,3680,147,5,147,9.44,4.25,0.5,0.75,2,1,0.9182746411483254,0.40014917819369333
1758,,after_candidate_limit,,1137,45,12,45,12.78,5.75,1.33,2,3,3,0.9000717703349282,0.4001029612419286
1759,,after_candidate_limit,,1162,46,12,46,12.78,5.75,1.33,3.67,3,3,0.9000717703349282,0.4001029612419286
1760,,after_candidate_limit,,158,6,8,6,11.67,10.5,3,4.5,2,8,0.9002842105263158,0.39993314472391767
1761,,after_candidate_limit,,13,0,13,0,11.67,10.5,0.5,0.75,3,8,0.9101129186602871,0.39987752860300885
1762,,after_candidate_limit,,38,1,13,1,11.67,10.5,0.5,1.38,3,8,0.9101196172248803,0.39986621932868194
1763,,after_candidate_limit,,2417,96,17,96,15,4.5,2.17,3.25,6,3,0.8836507177033492,0.39978820030354395
1764,,after_candidate_limit,,1212,48,12,48,12.78,5.75,3,4.5,3,3,0.8929645933014354,0.39974012474176746
1765,,after_candidate_limit,,237,9,12,9,11.67,3.5,0.5,2,3,3,0.9101167464114832,0.39933339696688924
1766,,after_candidate_limit,,861,34,11,34,12.78,11.5,3,4.5,3,2,0.8948267942583732,0.3992532175439561
1767,,after_candidate_limit,,3802,152,2,152,9.44,4.25,2.17,3.25,1,3,0.9112153110047847,0.3992286127530802
1768,,after_candidate_limit,,307,12,7,12,11.67,3.5,2.17,3.25,2,3,0.9025856459330144,0.3991928187229955
1769,,after_candidate_limit,,1187,47,12,47,12.78,5.75,2.17,3.25,3,3,0.8929435406698565,0.3991823394315183
1770,,after_candidate_limit,,1615,64,15,64,13.89,4.17,0.5,1.38,6,1,0.8873416267942583,0.3991660926412933
1771,,after_candidate_limit,,187,7,12,7,11.67,3.5,0.5,0.75,3,3,0.9101148325358852,0.3990698188317312
1772,,after_candidate_limit,,4177,167,2,167,9.44,8.5,3,4.5,1,3,0.9036851674641149,0.39903307093422874
1773,,after_candidate_limit,,4096,163,21,163,9.44,8.5,0.5,2,20,2,0.8549172248803828,0.3989739229904638
1774,,after_candidate_limit,,2392,95,17,95,15,4.5,1.33,3.67,6,3,0.882311004784689,0.39894357774771
1775,,after_candidate_limit,,212,8,12,8,11.67,3.5,0.5,1.38,3,3,0.9101138755980861,0.39894348670736945
1776,,after_candidate_limit,,2367,94,17,94,15,4.5,1.33,2,6,3,0.8823090909090909,0.39891978435927916
1777,,after_candidate_limit,,3826,153,1,153,9.44,4.25,3,4.5,1,2,0.9035301435406699,0.39872598198945025
1778,,after_candidate_limit,,507,20,7,20,11.67,5.25,3,4.5,2,3,0.9002325358851675,0.3986858394716489
1779,,after_candidate_limit,,2443,97,18,97,15,4.5,3,4.5,6,8,0.8874746411483253,0.3986141470036397
1780,,after_candidate_limit,,2444,97,19,97,15,4.5,3,4.5,6,15,0.8874746411483253,0.3986141470036397
1781,,after_candidate_limit,,2618,104,18,104,15,6.75,3,4.5,6,8,0.8874746411483253,0.3986141470036397
1782,,after_candidate_limit,,2619,104,19,104,15,6.75,3,4.5,6,15,0.8874746411483253,0.3986141470036397
1783,,after_candidate_limit,,2794,111,19,111,15,9,3,4.5,6,15,0.8874746411483253,0.3986141470036397
1784,,after_candidate_limit,,1640,65,15,65,13.89,4.17,0.5,2,6,1,0.8873492822966507,0.39859439791370643
1785,,after_candidate_limit,,2244,89,19,89,15,13.5,2.17,3.25,6,15,0.8822526315789474,0.3985815025687491
1786,,after_candidate_limit,,788,31,13,31,12.78,11.5,1.33,2,3,8,0.9002564593301435,0.3982984353367756
1787,,after_candidate_limit,,1766,70,16,70,13.89,6.25,0.5,0.75,6,2,0.8873043062200957,0.3979454676133839
1788,,after_candidate_limit,,813,32,13,32,12.78,11.5,1.33,3.67,3,8,0.9002641148325359,0.39794096851994054
1789,,after_candidate_limit,,4071,162,21,162,9.44,8.5,0.5,1.38,20,2,0.8548282296650718,0.39785477579146356
1790,,after_candidate_limit,,863,34,13,34,12.78,11.5,3,4.5,3,8,0.893111004784689,0.39780932820399956
1791,,after_candidate_limit,,3627,145,2,145,9.44,2.83,2.17,3.25,1,3,0.9112,0.39776680655970886
1792,,after_candidate_limit,,1416,56,16,56,13.89,12.5,0.5,0.75,6,2,0.8864765550239234,0.3976960104005355
1793,,after_candidate_limit,,332,13,7,13,11.67,3.5,3,4.5,2,3,0.9002019138755981,0.397626785139127
1794,,after_candidate_limit,,2219,88,19,88,15,13.5,1.33,3.67,6,15,0.8807808612440191,0.3975586394832274
1795,,after_candidate_limit,,1791,71,16,71,13.89,6.25,0.5,1.38,6,2,0.8873081339712918,0.39752336447383835
1796,,after_candidate_limit,,1816,72,16,72,13.89,6.25,0.5,2,6,2,0.8873138755980862,0.39745118347824526
1797,,after_candidate_limit,,1290,51,15,51,12.78,7.67,0.5,2,6,1,0.8815349282296651,0.397353144326925
1798,,after_candidate_limit,,838,33,13,33,12.78,11.5,2.17,3.25,3,8,0.8931062200956937,0.39733747221429844
1799,,after_candidate_limit,,4002,160,2,160,9.44,5.66,3,4.5,1,3,0.903488995215311,0.39732777896331645
1800,,after_candidate_limit,,188,7,13,7,11.67,3.5,0.5,0.75,3,8,0.9101052631578948,0.39721860253741254
1801,,after_candidate_limit,,189,7,14,7,11.67,3.5,0.5,0.75,3,15,0.9101052631578948,0.39721860253741254
1802,,after_candidate_limit,,213,8,13,8,11.67,3.5,0.5,1.38,3,8,0.9101052631578948,0.39721860253741254
1803,,after_candidate_limit,,214,8,14,8,11.67,3.5,0.5,1.38,3,15,0.9101052631578948,0.39721860253741254
1804,,after_candidate_limit,,238,9,13,9,11.67,3.5,0.5,2,3,8,0.9101052631578948,0.39721860253741254
1805,,after_candidate_limit,,239,9,14,9,11.67,3.5,0.5,2,3,15,0.9101052631578948,0.39721860253741254
1806,,after_candidate_limit,,363,14,13,14,11.67,5.25,0.5,0.75,3,8,0.9101052631578948,0.39721860253741254
1807,,after_candidate_limit,,364,14,14,14,11.67,5.25,0.5,0.75,3,15,0.9101052631578948,0.39721860253741254
1808,,after_candidate_limit,,388,15,13,15,11.67,5.25,0.5,1.38,3,8,0.9101052631578948,0.39721860253741254
1809,,after_candidate_limit,,389,15,14,15,11.67,5.25,0.5,1.38,3,15,0.9101052631578948,0.39721860253741254
1810,,after_candidate_limit,,413,16,13,16,11.67,5.25,0.5,2,3,8,0.9101052631578948,0.39721860253741254
1811,,after_candidate_limit,,414,16,14,16,11.67,5.25,0.5,2,3,15,0.9101052631578948,0.39721860253741254
1812,,after_candidate_limit,,538,21,13,21,11.67,7,0.5,0.75,3,8,0.9101052631578948,0.39721860253741254
1813,,after_candidate_limit,,539,21,14,21,11.67,7,0.5,0.75,3,15,0.9101052631578948,0.39721860253741254
1814,,after_candidate_limit,,563,22,13,22,11.67,7,0.5,1.38,3,8,0.9101052631578948,0.39721860253741254
1815,,after_candidate_limit,,564,22,14,22,11.67,7,0.5,1.38,3,15,0.9101052631578948,0.39721860253741254
1816,,after_candidate_limit,,588,23,13,23,11.67,7,0.5,2,3,8,0.9101052631578948,0.39721860253741254
1817,,after_candidate_limit,,589,23,14,23,11.67,7,0.5,2,3,15,0.9101052631578948,0.39721860253741254
1818,,after_candidate_limit,,987,39,12,39,12.78,3.83,1.33,3.67,3,3,0.8999885167464114,0.3972010878946546
1819,,after_candidate_limit,,308,12,8,12,11.67,3.5,2.17,3.25,2,8,0.9025760765550239,0.3971155089216114
1820,,after_candidate_limit,,309,12,9,12,11.67,3.5,2.17,3.25,2,15,0.9025760765550239,0.3971155089216114
1821,,after_candidate_limit,,483,19,8,19,11.67,5.25,2.17,3.25,2,8,0.9025760765550239,0.3971155089216114
1822,,after_candidate_limit,,484,19,9,19,11.67,5.25,2.17,3.25,2,15,0.9025760765550239,0.3971155089216114
1823,,after_candidate_limit,,658,26,8,26,11.67,7,2.17,3.25,2,8,0.9025760765550239,0.3971155089216114
1824,,after_candidate_limit,,659,26,9,26,11.67,7,2.17,3.25,2,15,0.9025760765550239,0.3971155089216114
1825,,after_candidate_limit,,1037,41,12,41,12.78,3.83,3,4.5,3,3,0.8928784688995215,0.3970861530035884
1826,,after_candidate_limit,,3705,148,5,148,9.44,4.25,0.5,1.38,2,1,0.9182105263157895,0.39708457096148414
1827,,after_candidate_limit,,962,38,12,38,12.78,3.83,1.33,2,3,3,0.8999846889952153,0.39697024757612825
1828,,after_candidate_limit,,2194,87,19,87,15,13.5,1.33,2,6,15,0.8806976076555024,0.3968632283530999
1829,,after_candidate_limit,,4153,166,3,166,9.44,8.5,2.17,3.25,1,8,0.9112162679425837,0.3968462619411334
1830,,after_candidate_limit,,2418,96,18,96,15,4.5,2.17,3.25,6,8,0.8836124401913875,0.39676581126741844
1831,,after_candidate_limit,,2419,96,19,96,15,4.5,2.17,3.25,6,15,0.8836124401913875,0.39676581126741844
1832,,after_candidate_limit,,2593,103,18,103,15,6.75,2.17,3.25,6,8,0.8836124401913875,0.39676581126741844
1833,,after_candidate_limit,,2594,103,19,103,15,6.75,2.17,3.25,6,15,0.8836124401913875,0.39676581126741844
1834,,after_candidate_limit,,2769,110,19,110,15,9,2.17,3.25,6,15,0.8836124401913875,0.39676581126741844
1835,,after_candidate_limit,,3730,149,5,149,9.44,4.25,0.5,2,2,1,0.9182162679425837,0.3967246980413282
1836,,after_candidate_limit,,3978,159,3,159,9.44,5.66,2.17,3.25,1,8,0.9111933014354067,0.39670197742735425
1837,,after_candidate_limit,,3628,145,3,145,9.44,2.83,2.17,3.25,1,8,0.9111923444976077,0.3966882376248638
1838,,after_candidate_limit,,3629,145,4,145,9.44,2.83,2.17,3.25,1,15,0.9111923444976077,0.3966882376248638
1839,,after_candidate_limit,,3803,152,3,152,9.44,4.25,2.17,3.25,1,8,0.9111923444976077,0.3966882376248638
1840,,after_candidate_limit,,3804,152,4,152,9.44,4.25,2.17,3.25,1,15,0.9111923444976077,0.3966882376248638
1841,,after_candidate_limit,,3979,159,4,159,9.44,5.66,2.17,3.25,1,15,0.9111923444976077,0.3966882376248638
1842,,after_candidate_limit,,4154,166,4,166,9.44,8.5,2.17,3.25,1,15,0.9111923444976077,0.3966882376248638
1843,,after_candidate_limit,,2793,111,18,111,15,9,3,4.5,6,8,0.8874851674641149,0.3966690534183915
1844,,after_candidate_limit,,1265,50,15,50,12.78,7.67,0.5,1.38,6,1,0.8814928229665072,0.3965910318241013
1845,,after_candidate_limit,,1012,40,12,40,12.78,3.83,2.17,3.25,3,3,0.8928574162679426,0.39654216111610774
1846,,after_candidate_limit,,3651,146,1,146,9.44,2.83,3,4.5,1,2,0.9034507177033493,0.39648708667258875
1847,,after_candidate_limit,,3695,147,20,147,9.44,4.25,0.5,0.75,20,1,0.8543181818181819,0.3963139120687183
1848,,after_candidate_limit,,1441,57,16,57,13.89,12.5,0.5,1.38,6,2,0.8852688995215311,0.3961669989435425
1849,,after_candidate_limit,,2015,80,15,80,13.89,8.33,1.33,2,6,1,0.8787904306220096,0.3958769227947206
1850,,after_candidate_limit,,2368,94,18,94,15,4.5,1.33,2,6,8,0.8822717703349282,0.39574492572634773
1851,,after_candidate_limit,,2369,94,19,94,15,4.5,1.33,2,6,15,0.8822717703349282,0.39574492572634773
1852,,after_candidate_limit,,2393,95,18,95,15,4.5,1.33,3.67,6,8,0.8822717703349282,0.39574492572634773
1853,,after_candidate_limit,,2394,95,19,95,15,4.5,1.33,3.67,6,15,0.8822717703349282,0.39574492572634773
1854,,after_candidate_limit,,2543,101,18,101,15,6.75,1.33,2,6,8,0.8822717703349282,0.39574492572634773
1855,,after_candidate_limit,,2544,101,19,101,15,6.75,1.33,2,6,15,0.8822717703349282,0.39574492572634773
1856,,after_candidate_limit,,2568,102,18,102,15,6.75,1.33,3.67,6,8,0.8822717703349282,0.39574492572634773
1857,,after_candidate_limit,,2569,102,19,102,15,6.75,1.33,3.67,6,15,0.8822717703349282,0.39574492572634773
1858,,after_candidate_limit,,2719,108,19,108,15,9,1.33,2,6,15,0.8822717703349282,0.39574492572634773
1859,,after_candidate_limit,,2744,109,19,109,15,9,1.33,3.67,6,15,0.8822717703349282,0.39574492572634773
1860,,after_candidate_limit,,120,4,20,4,11.67,10.5,1.33,3.67,20,1,0.8050966507177033,0.3956683363363708
1861,,after_candidate_limit,,3745,149,20,149,9.44,4.25,0.5,2,20,1,0.8542655502392345,0.3955138468632615
1862,,after_candidate_limit,,3720,148,20,148,9.44,4.25,0.5,1.38,20,1,0.854255980861244,0.39550355814909105
1863,,after_candidate_limit,,683,27,8,27,11.67,7,3,4.5,2,8,0.9001885167464115,0.3954608538459678
1864,,after_candidate_limit,,333,13,8,13,11.67,3.5,3,4.5,2,8,0.9001875598086124,0.3954472618042067
1865,,after_candidate_limit,,334,13,9,13,11.67,3.5,3,4.5,2,15,0.9001875598086124,0.3954472618042067
1866,,after_candidate_limit,,508,20,8,20,11.67,5.25,3,4.5,2,8,0.9001875598086124,0.3954472618042067
1867,,after_candidate_limit,,509,20,9,20,11.67,5.25,3,4.5,2,15,0.9001875598086124,0.3954472618042067
1868,,after_candidate_limit,,684,27,9,27,11.67,7,3,4.5,2,15,0.9001875598086124,0.3954472618042067
1869,,after_candidate_limit,,3827,153,2,153,9.44,4.25,3,4.5,1,3,0.9034296650717704,0.3954304151752683
1870,,after_candidate_limit,,2768,110,18,110,15,9,2.17,3.25,6,8,0.8836248803827751,0.3949873361061602
1871,,after_candidate_limit,,1992,79,17,79,13.89,8.33,0.5,2,6,3,0.887377990430622,0.3948293820162853
1872,,after_candidate_limit,,3505,140,5,140,9.44,2.83,0.5,0.75,2,1,0.918067942583732,0.39481550120472014
1873,,after_candidate_limit,,1967,78,17,78,13.89,8.33,0.5,1.38,6,3,0.8873626794258374,0.39480745178166593
1874,,after_candidate_limit,,2040,81,15,81,13.89,8.33,1.33,3.67,6,1,0.8784555023923445,0.3947518128602346
1875,,after_candidate_limit,,1313,52,13,52,12.78,7.67,1.33,2,3,8,0.8999722488038278,0.39464161126666875
1876,,after_candidate_limit,,1338,53,13,53,12.78,7.67,1.33,3.67,3,8,0.8999722488038278,0.39464161126666875
1877,,after_candidate_limit,,963,38,13,38,12.78,3.83,1.33,2,3,8,0.8999712918660288,0.39463852334357274
1878,,after_candidate_limit,,964,38,14,38,12.78,3.83,1.33,2,3,15,0.8999712918660288,0.39463852334357274
1879,,after_candidate_limit,,988,39,13,39,12.78,3.83,1.33,3.67,3,8,0.8999712918660288,0.39463852334357274
1880,,after_candidate_limit,,989,39,14,39,12.78,3.83,1.33,3.67,3,15,0.8999712918660288,0.39463852334357274
1881,,after_candidate_limit,,1138,45,13,45,12.78,5.75,1.33,2,3,8,0.8999712918660288,0.39463852334357274
1882,,after_candidate_limit,,1139,45,14,45,12.78,5.75,1.33,2,3,15,0.8999712918660288,0.39463852334357274
1883,,after_candidate_limit,,1163,46,13,46,12.78,5.75,1.33,3.67,3,8,0.8999712918660288,0.39463852334357274
1884,,after_candidate_limit,,1164,46,14,46,12.78,5.75,1.33,3.67,3,15,0.8999712918660288,0.39463852334357274
1885,,after_candidate_limit,,1314,52,14,52,12.78,7.67,1.33,2,3,15,0.8999712918660288,0.39463852334357274
1886,,after_candidate_limit,,1339,53,14,53,12.78,7.67,1.33,3.67,3,15,0.8999712918660288,0.39463852334357274
1887,,after_candidate_limit,,1942,77,17,77,13.89,8.33,0.5,0.75,6,3,0.8873071770334928,0.3945511091792857
1888,,after_candidate_limit,,2718,108,18,108,15,9,1.33,2,6,8,0.8822928229665071,0.39443069983001494
1889,,after_candidate_limit,,1038,41,13,41,12.78,3.83,3,4.5,3,8,0.8928593301435407,0.39438158392429806
1890,,after_candidate_limit,,1039,41,14,41,12.78,3.83,3,4.5,3,15,0.8928593301435407,0.39438158392429806
1891,,after_candidate_limit,,1213,48,13,48,12.78,5.75,3,4.5,3,8,0.8928593301435407,0.39438158392429806
1892,,after_candidate_limit,,1214,48,14,48,12.78,5.75,3,4.5,3,15,0.8928593301435407,0.39438158392429806
1893,,after_candidate_limit,,1388,55,13,55,12.78,7.67,3,4.5,3,8,0.8928593301435407,0.39438158392429806
1894,,after_candidate_limit,,1389,55,14,55,12.78,7.67,3,4.5,3,15,0.8928593301435407,0.39438158392429806
1895,,after_candidate_limit,,3652,146,2,146,9.44,2.83,3,4.5,1,3,0.9034143540669857,0.39427286080397156
1896,,after_candidate_limit,,14,0,14,0,11.67,10.5,0.5,0.75,3,15,0.9101272727272727,0.3942388581789258
1897,,after_candidate_limit,,2743,109,18,109,15,9,1.33,3.67,6,8,0.8822928229665071,0.39421228061197733
1898,,after_candidate_limit,,3921,156,21,156,9.44,5.66,0.5,2,20,2,0.8541976076555023,0.3941800324999992
1899,,after_candidate_limit,,39,1,14,1,11.67,10.5,0.5,1.38,3,15,0.9101186602870813,0.3941225986555438
1900,,after_candidate_limit,,3896,155,21,155,9.44,5.66,0.5,1.38,20,2,0.8541813397129187,0.3941162146784114
1901,,after_candidate_limit,,1440,57,15,57,13.89,12.5,0.5,1.38,6,1,0.887000956937799,0.3940914997064557
1902,,after_candidate_limit,,64,2,14,2,11.67,10.5,0.5,2,3,15,0.9101224880382776,0.3940840457860098
1903,,after_candidate_limit,,3871,154,21,154,9.44,5.66,0.5,0.75,20,2,0.8541440191387559,0.3940314194117132
1904,,after_candidate_limit,,1466,58,16,58,13.89,12.5,0.5,2,6,2,0.8844430622009569,0.3939842088909721
1905,,after_candidate_limit,,1013,40,13,40,12.78,3.83,2.17,3.25,3,8,0.892844019138756,0.3938947646004278
1906,,after_candidate_limit,,1014,40,14,40,12.78,3.83,2.17,3.25,3,15,0.892844019138756,0.3938947646004278
1907,,after_candidate_limit,,1188,47,13,47,12.78,5.75,2.17,3.25,3,8,0.892844019138756,0.3938947646004278
1908,,after_candidate_limit,,1189,47,14,47,12.78,5.75,2.17,3.25,3,15,0.892844019138756,0.3938947646004278
1909,,after_candidate_limit,,1363,54,13,54,12.78,7.67,2.17,3.25,3,8,0.892844019138756,0.3938947646004278
1910,,after_candidate_limit,,1364,54,14,54,12.78,7.67,2.17,3.25,3,15,0.892844019138756,0.3938947646004278
1911,,after_candidate_limit,,134,5,9,5,11.67,10.5,2.17,3.25,2,15,0.9025291866028708,0.39363436995865686
1912,,after_candidate_limit,,3530,141,5,141,9.44,2.83,0.5,1.38,2,1,0.9180057416267943,0.39348107291240414
1913,,after_candidate_limit,,4097,163,22,163,9.44,8.5,0.5,2,20,3,0.8543516746411484,0.39344884702376326
1914,,after_candidate_limit,,4072,162,22,162,9.44,8.5,0.5,1.38,20,3,0.8543334928229666,0.393428692385682
1915,,after_candidate_limit,,3555,142,5,142,9.44,2.83,0.5,2,2,1,0.9179846889952153,0.3933515632290389
1916,,after_candidate_limit,,2065,82,15,82,13.89,8.33,2.17,3.25,6,1,0.8802325358851675,0.3932452532721623
1917,,after_candidate_limit,,4178,167,3,167,9.44,8.5,3,4.5,1,8,0.9034344497607656,0.39314390934383286
1918,,after_candidate_limit,,4179,167,4,167,9.44,8.5,3,4.5,1,15,0.9034076555023923,0.3929802477499456
1919,,after_candidate_limit,,3653,146,3,146,9.44,2.83,3,4.5,1,8,0.9034066985645933,0.392977921202376
1920,,after_candidate_limit,,3654,146,4,146,9.44,2.83,3,4.5,1,15,0.9034066985645933,0.392977921202376
1921,,after_candidate_limit,,3828,153,3,153,9.44,4.25,3,4.5,1,8,0.9034066985645933,0.392977921202376
1922,,after_candidate_limit,,3829,153,4,153,9.44,4.25,3,4.5,1,15,0.9034066985645933,0.392977921202376
1923,,after_candidate_limit,,4003,160,3,160,9.44,5.66,3,4.5,1,8,0.9034066985645933,0.392977921202376
1924,,after_candidate_limit,,4004,160,4,160,9.44,5.66,3,4.5,1,15,0.9034066985645933,0.392977921202376
1925,,after_candidate_limit,,95,3,20,3,11.67,10.5,1.33,2,20,1,0.8078057416267943,0.39275586547140695
1926,,after_candidate_limit,,3520,140,20,140,9.44,2.83,0.5,0.75,20,1,0.8540598086124402,0.3927508736831302
1927,,after_candidate_limit,,1417,56,17,56,13.89,12.5,0.5,0.75,6,3,0.8867971291866029,0.3925374279174103
1928,,after_candidate_limit,,635,25,10,25,11.67,7,1.33,3.67,3,1,0.8757186602870813,0.3924617400581462
1929,,after_candidate_limit,,3856,154,6,154,9.44,5.66,0.5,0.75,2,2,0.9179703349282297,0.39237986423530685
1930,,after_candidate_limit,,3545,141,20,141,9.44,2.83,0.5,1.38,20,1,0.8539947368421053,0.39234135686170957
1931,,after_candidate_limit,,3906,156,6,156,9.44,5.66,0.5,2,2,2,0.9179751196172249,0.3923359367914752
1932,,after_candidate_limit,,3570,142,20,142,9.44,2.83,0.5,2,20,1,0.8539478468899522,0.3921967941875093
1933,,after_candidate_limit,,1641,65,16,65,13.89,4.17,0.5,2,6,2,0.8870976076555024,0.39214371481763893
1934,,after_candidate_limit,,1767,70,17,70,13.89,6.25,0.5,0.75,6,3,0.887066985645933,0.39211000973402915
1935,,after_candidate_limit,,3881,155,6,155,9.44,5.66,0.5,1.38,2,2,0.9179626794258373,0.39196771031941013
1936,,after_candidate_limit,,1817,72,17,72,13.89,6.25,0.5,2,6,3,0.8870736842105263,0.391921204754776
1937,,after_candidate_limit,,1616,64,16,64,13.89,4.17,0.5,1.38,6,2,0.8870880382775119,0.3919186663732299
1938,,after_candidate_limit,,1442,57,17,57,13.89,12.5,0.5,1.38,6,3,0.8859636363636364,0.39185178505945156
1939,,after_candidate_limit,,159,6,9,6,11.67,10.5,3,4.5,2,15,0.9001263157894737,0.39181914645978994
1940,,after_candidate_limit,,1792,71,17,71,13.89,6.25,0.5,1.38,6,3,0.8870717703349282,0.39179483760244843
1941,,after_candidate_limit,,1591,63,16,63,13.89,4.17,0.5,0.75,6,2,0.8870803827751196,0.39167238061905646
1942,,after_candidate_limit,,610,24,10,24,11.67,7,1.33,2,3,1,0.8756583732057416,0.3913668439799683
1943,,after_candidate_limit,,1467,58,17,58,13.89,12.5,0.5,2,6,3,0.8851291866028708,0.3910767928314679
1944,,after_candidate_limit,,3746,149,21,149,9.44,4.25,0.5,2,20,2,0.8538808612440192,0.39092180666693954
1945,,after_candidate_limit,,864,34,14,34,12.78,11.5,3,4.5,3,15,0.8927330143540669,0.39090082588004116
1946,,after_candidate_limit,,4047,161,22,161,9.44,8.5,0.5,0.75,20,3,0.8541200956937799,0.39085299027161774
1947,,after_candidate_limit,,3721,148,21,148,9.44,4.25,0.5,1.38,20,2,0.8538693779904306,0.39079492688542644
1948,,after_candidate_limit,,4057,162,7,162,9.44,8.5,0.5,1.38,2,3,0.9182526315789473,0.39076321868124503
1949,,after_candidate_limit,,814,32,14,32,12.78,11.5,1.33,3.67,3,15,0.8998564593301436,0.3905946980997205
1950,,after_candidate_limit,,3696,147,21,147,9.44,4.25,0.5,0.75,20,2,0.8538157894736842,0.39045189154570437
1951,,after_candidate_limit,,789,31,14,31,12.78,11.5,1.33,2,3,15,0.8998583732057416,0.39034636554268176
1952,,after_candidate_limit,,2090,83,15,83,13.89,8.33,3,4.5,6,1,0.8646502392344497,0.3902237951916516
1953,,after_candidate_limit,,4082,163,7,163,9.44,8.5,0.5,2,2,3,0.9182593301435407,0.3901502437875699
1954,,after_candidate_limit,,839,33,14,33,12.78,11.5,2.17,3.25,3,15,0.8927224880382775,0.39010240048558553
1955,,after_candidate_limit,,3731,149,6,149,9.44,4.25,0.5,2,2,2,0.9178401913875598,0.38970327944934574
1956,,after_candidate_limit,,4032,161,7,161,9.44,8.5,0.5,0.75,2,3,0.9182564593301435,0.3895640394345109
1957,,after_candidate_limit,,3706,148,6,148,9.44,4.25,0.5,1.38,2,2,0.9178306220095693,0.3895117163576891
1958,,after_candidate_limit,,1840,73,15,73,13.89,6.25,1.33,2,6,1,0.878355023923445,0.3893449131300299
1959,,after_candidate_limit,,3922,156,22,156,9.44,5.66,0.5,2,20,3,0.8537172248803828,0.3891972925184367
1960,,after_candidate_limit,,3681,147,6,147,9.44,4.25,0.5,0.75,2,2,0.9178239234449761,0.3891164204094806
1961,,after_candidate_limit,,2192,87,17,87,15,13.5,1.33,2,6,3,0.8792210526315789,0.3891109199577998
1962,,after_candidate_limit,,3872,154,22,154,9.44,5.66,0.5,0.75,20,3,0.8536923444976077,0.3890666186900017
1963,,after_candidate_limit,,1865,74,15,74,13.89,6.25,1.33,3.67,6,1,0.8784717703349282,0.38904724892288545
1964,,after_candidate_limit,,3897,155,22,155,9.44,5.66,0.5,1.38,20,3,0.8536990430622009,0.389031082192266
1965,,after_candidate_limit,,1465,58,15,58,13.89,12.5,0.5,2,6,1,0.8854727272727273,0.38887296360143364
1966,,after_candidate_limit,,2193,87,18,87,15,13.5,1.33,2,6,8,0.8799636363636364,0.388599811189368
1967,,after_candidate_limit,,3546,141,21,141,9.44,2.83,0.5,1.38,20,2,0.8536636363636364,0.38840294173701173
1968,,after_candidate_limit,,3571,142,21,142,9.44,2.83,0.5,2,20,2,0.8536626794258373,0.3883926067405755
1969,,after_candidate_limit,,3521,140,21,140,9.44,2.83,0.5,0.75,20,2,0.8536684210526316,0.38838791172174214
1970,,after_candidate_limit,,3722,148,22,148,9.44,4.25,0.5,1.38,20,3,0.8536665071770335,0.38838044592278226
1971,,after_candidate_limit,,3747,149,22,149,9.44,4.25,0.5,2,20,3,0.8536665071770335,0.38838044592278226
1972,,after_candidate_limit,,1890,75,15,75,13.89,6.25,2.17,3.25,6,1,0.8802679425837321,0.38837182901092715
1973,,after_candidate_limit,,3697,147,22,147,9.44,4.25,0.5,0.75,20,3,0.8536655502392344,0.38831027048418576
1974,,after_candidate_limit,,1642,65,17,65,13.89,4.17,0.5,2,6,3,0.8869684210526316,0.388232752985128
1975,,after_candidate_limit,,1617,64,17,64,13.89,4.17,0.5,1.38,6,3,0.8869665071770335,0.38821473513419186
1976,,after_candidate_limit,,3907,156,7,156,9.44,5.66,0.5,2,2,3,0.9178009569377991,0.3882007821115491
1977,,after_candidate_limit,,1592,63,17,63,13.89,4.17,0.5,0.75,6,3,0.8869636363636364,0.38814298671080977
1978,,after_candidate_limit,,660,26,10,26,11.67,7,2.17,3.25,3,1,0.8763081339712918,0.3880318805294691
1979,,after_candidate_limit,,3882,155,7,155,9.44,5.66,0.5,1.38,2,3,0.9177961722488038,0.3880230863570041
1980,,after_candidate_limit,,1418,56,18,56,13.89,12.5,0.5,0.75,6,8,0.885867942583732,0.3880222505617727
1981,,after_candidate_limit,,3522,140,22,140,9.44,2.83,0.5,0.75,20,3,0.8536588516746412,0.38794619373074274
1982,,after_candidate_limit,,3547,141,22,141,9.44,2.83,0.5,1.38,20,3,0.8536588516746412,0.38794619373074274
1983,,after_candidate_limit,,3572,142,22,142,9.44,2.83,0.5,2,20,3,0.8536588516746412,0.38794619373074274
1984,,after_candidate_limit,,1065,42,15,42,12.78,5.75,0.5,0.75,6,1,0.8807014354066985,0.38792585314256023
1985,,after_candidate_limit,,2191,87,16,87,15,13.5,1.33,2,6,2,0.8786507177033492,0.3879020412868397
1986,,after_candidate_limit,,2242,89,17,89,15,13.5,2.17,3.25,6,3,0.8802535885167464,0.38774392542220604
1987,,after_candidate_limit,,3857,154,7,154,9.44,5.66,0.5,0.75,2,3,0.917778947368421,0.38774249724111265
1988,,after_candidate_limit,,685,27,10,27,11.67,7,3,4.5,3,1,0.8696052631578948,0.38767850058955183
1989,,after_candidate_limit,,2243,89,18,89,15,13.5,2.17,3.25,6,8,0.8809952153110048,0.3875510702355969
1990,,after_candidate_limit,,2268,90,18,90,15,13.5,3,4.5,6,8,0.884821052631579,0.3875507561535386
1991,,after_candidate_limit,,2218,88,18,88,15,13.5,1.33,3.67,6,8,0.8795502392344497,0.3868277445463928
1992,,after_candidate_limit,,4049,161,24,161,9.44,8.5,0.5,0.75,20,15,0.8536531100478469,0.3866765626049549
1993,,after_candidate_limit,,4074,162,24,162,9.44,8.5,0.5,1.38,20,15,0.8536531100478469,0.3866765626049549
1994,,after_candidate_limit,,4099,163,24,163,9.44,8.5,0.5,2,20,15,0.8536531100478469,0.3866765626049549
1995,,after_candidate_limit,,2267,90,17,90,15,13.5,3,4.5,6,3,0.8836746411483254,0.38661485242445504
1996,,after_candidate_limit,,3523,140,23,140,9.44,2.83,0.5,0.75,20,8,0.8536521531100478,0.38658132450971683
1997,,after_candidate_limit,,3524,140,24,140,9.44,2.83,0.5,0.75,20,15,0.8536521531100478,0.38658132450971683
1998,,after_candidate_limit,,3548,141,23,141,9.44,2.83,0.5,1.38,20,8,0.8536521531100478,0.38658132450971683
1999,,after_candidate_limit,,3549,141,24,141,9.44,2.83,0.5,1.38,20,15,0.8536521531100478,0.38658132450971683
2000,,after_candidate_limit,,3573,142,23,142,9.44,2.83,0.5,2,20,8,0.8536521531100478,0.38658132450971683
2001,,after_candidate_limit,,3574,142,24,142,9.44,2.83,0.5,2,20,15,0.8536521531100478,0.38658132450971683
2002,,after_candidate_limit,,3698,147,23,147,9.44,4.25,0.5,0.75,20,8,0.8536521531100478,0.38658132450971683
2003,,after_candidate_limit,,3699,147,24,147,9.44,4.25,0.5,0.75,20,15,0.8536521531100478,0.38658132450971683
2004,,after_candidate_limit,,3723,148,23,148,9.44,4.25,0.5,1.38,20,8,0.8536521531100478,0.38658132450971683
2005,,after_candidate_limit,,3724,148,24,148,9.44,4.25,0.5,1.38,20,15,0.8536521531100478,0.38658132450971683
2006,,after_candidate_limit,,3748,149,23,149,9.44,4.25,0.5,2,20,8,0.8536521531100478,0.38658132450971683
2007,,after_candidate_limit,,3749,149,24,149,9.44,4.25,0.5,2,20,15,0.8536521531100478,0.38658132450971683
2008,,after_candidate_limit,,3873,154,23,154,9.44,5.66,0.5,0.75,20,8,0.8536521531100478,0.38658132450971683
2009,,after_candidate_limit,,3874,154,24,154,9.44,5.66,0.5,0.75,20,15,0.8536521531100478,0.38658132450971683
2010,,after_candidate_limit,,3898,155,23,155,9.44,5.66,0.5,1.38,20,8,0.8536521531100478,0.38658132450971683
2011,,after_candidate_limit,,3899,155,24,155,9.44,5.66,0.5,1.38,20,15,0.8536521531100478,0.38658132450971683
2012,,after_candidate_limit,,3923,156,23,156,9.44,5.66,0.5,2,20,8,0.8536521531100478,0.38658132450971683
2013,,after_candidate_limit,,3924,156,24,156,9.44,5.66,0.5,2,20,15,0.8536521531100478,0.38658132450971683
2014,,after_candidate_limit,,2217,88,17,88,15,13.5,1.33,3.67,6,3,0.8788143540669856,0.38657360506573507
2015,,after_candidate_limit,,3506,140,6,140,9.44,2.83,0.5,0.75,2,2,0.9177531100478469,0.38655245588029974
2016,,after_candidate_limit,,4048,161,23,161,9.44,8.5,0.5,0.75,20,8,0.8536674641148325,0.3865035569310089
2017,,after_candidate_limit,,3556,142,6,142,9.44,2.83,0.5,2,2,2,0.9177531100478469,0.3863986067686162
2018,,after_candidate_limit,,1090,43,15,43,12.78,5.75,0.5,1.38,6,1,0.8806641148325359,0.3863953736836779
2019,,after_candidate_limit,,3531,141,6,141,9.44,2.83,0.5,1.38,2,2,0.9177521531100479,0.3863917255704782
2020,,after_candidate_limit,,4098,163,23,163,9.44,8.5,0.5,2,20,8,0.8536655502392344,0.38633380828884645
2021,,after_candidate_limit,,4073,162,23,162,9.44,8.5,0.5,1.38,20,8,0.8536645933014354,0.3862943994218514
2022,,after_candidate_limit,,1115,44,15,44,12.78,5.75,0.5,2,6,1,0.8806765550239234,0.3860563495021581
2023,,after_candidate_limit,,1443,57,18,57,13.89,12.5,0.5,1.38,6,8,0.885422966507177,0.38584077184995874
2024,,after_candidate_limit,,3732,149,7,149,9.44,4.25,0.5,2,2,3,0.9177416267942584,0.385770249929691
2025,,after_candidate_limit,,3682,147,7,147,9.44,4.25,0.5,0.75,2,3,0.9177406698564593,0.3856847576785641
2026,,after_candidate_limit,,3707,148,7,148,9.44,4.25,0.5,1.38,2,3,0.9177397129186603,0.3855376988550347
2027,,after_candidate_limit,,1993,79,18,79,13.89,8.33,0.5,2,6,8,0.8869377990430622,0.3851143201957121
2028,,after_candidate_limit,,1968,78,18,78,13.89,8.33,0.5,1.38,6,8,0.8869358851674641,0.38510974900838274
2029,,after_candidate_limit,,1419,56,19,56,13.89,12.5,0.5,0.75,6,15,0.8866803827751196,0.3849608843074339
2030,,after_candidate_limit,,1943,77,18,77,13.89,8.33,0.5,0.75,6,8,0.8869368421052631,0.3848642100825366
2031,,after_candidate_limit,,1593,63,18,63,13.89,4.17,0.5,0.75,6,8,0.8869311004784689,0.3848619622195738
2032,,after_candidate_limit,,1594,63,19,63,13.89,4.17,0.5,0.75,6,15,0.8869311004784689,0.3848619622195738
2033,,after_candidate_limit,,1618,64,18,64,13.89,4.17,0.5,1.38,6,8,0.8869311004784689,0.3848619622195738
2034,,after_candidate_limit,,1619,64,19,64,13.89,4.17,0.5,1.38,6,15,0.8869311004784689,0.3848619622195738
2035,,after_candidate_limit,,1643,65,18,65,13.89,4.17,0.5,2,6,8,0.8869311004784689,0.3848619622195738
2036,,after_candidate_limit,,1644,65,19,65,13.89,4.17,0.5,2,6,15,0.8869311004784689,0.3848619622195738
2037,,after_candidate_limit,,1768,70,18,70,13.89,6.25,0.5,0.75,6,8,0.8869311004784689,0.3848619622195738
2038,,after_candidate_limit,,1769,70,19,70,13.89,6.25,0.5,0.75,6,15,0.8869311004784689,0.3848619622195738
2039,,after_candidate_limit,,1793,71,18,71,13.89,6.25,0.5,1.38,6,8,0.8869311004784689,0.3848619622195738
2040,,after_candidate_limit,,1794,71,19,71,13.89,6.25,0.5,1.38,6,15,0.8869311004784689,0.3848619622195738
2041,,after_candidate_limit,,1818,72,18,72,13.89,6.25,0.5,2,6,8,0.8869311004784689,0.3848619622195738
2042,,after_candidate_limit,,1819,72,19,72,13.89,6.25,0.5,2,6,15,0.8869311004784689,0.3848619622195738
2043,,after_candidate_limit,,1944,77,19,77,13.89,8.33,0.5,0.75,6,15,0.8869311004784689,0.3848619622195738
2044,,after_candidate_limit,,1969,78,19,78,13.89,8.33,0.5,1.38,6,15,0.8869311004784689,0.3848619622195738
2045,,after_candidate_limit,,1994,79,19,79,13.89,8.33,0.5,2,6,15,0.8869311004784689,0.3848619622195738
2046,,after_candidate_limit,,1468,58,18,58,13.89,12.5,0.5,2,6,8,0.8849062200956938,0.3846851335763606
2047,,after_candidate_limit,,121,4,21,4,11.67,10.5,1.33,3.67,20,2,0.8160976076555024,0.3846078243490962
2048,,after_candidate_limit,,1444,57,19,57,13.89,12.5,0.5,1.38,6,15,0.8866267942583732,0.3844749093932388
2049,,after_candidate_limit,,1915,76,15,76,13.89,6.25,3,4.5,6,1,0.8646521531100478,0.38446007144061245
2050,,after_candidate_limit,,1469,58,19,58,13.89,12.5,0.5,2,6,15,0.8866028708133972,0.3841886095161494
2051,,after_candidate_limit,,171,6,21,6,11.67,10.5,3,4.5,20,2,0.833267942583732,0.3840937340638001
2052,,after_candidate_limit,,716,28,16,28,12.78,11.5,0.5,0.75,6,2,0.8808373205741626,0.3836934436909105
2053,,after_candidate_limit,,3507,140,7,140,9.44,2.83,0.5,0.75,2,3,0.9177291866028708,0.38352228430443375
2054,,after_candidate_limit,,3532,141,7,141,9.44,2.83,0.5,1.38,2,3,0.9177282296650717,0.3834616782438277
2055,,after_candidate_limit,,3557,142,7,142,9.44,2.83,0.5,2,2,3,0.9177282296650717,0.3834616782438277
2056,,after_candidate_limit,,4083,163,8,163,9.44,8.5,0.5,2,2,8,0.9177425837320574,0.38304902212132297
2057,,after_candidate_limit,,4058,162,8,162,9.44,8.5,0.5,1.38,2,8,0.9177397129186603,0.3830427407217367
2058,,after_candidate_limit,,4084,163,9,163,9.44,8.5,0.5,2,2,15,0.9177263157894737,0.3828809483586696
2059,,after_candidate_limit,,3508,140,8,140,9.44,2.83,0.5,0.75,2,8,0.9177253588516746,0.3828778152478057
2060,,after_candidate_limit,,3509,140,9,140,9.44,2.83,0.5,0.75,2,15,0.9177253588516746,0.3828778152478057
2061,,after_candidate_limit,,3533,141,8,141,9.44,2.83,0.5,1.38,2,8,0.9177253588516746,0.3828778152478057
2062,,after_candidate_limit,,3534,141,9,141,9.44,2.83,0.5,1.38,2,15,0.9177253588516746,0.3828778152478057
2063,,after_candidate_limit,,3558,142,8,142,9.44,2.83,0.5,2,2,8,0.9177253588516746,0.3828778152478057
2064,,after_candidate_limit,,3559,142,9,142,9.44,2.83,0.5,2,2,15,0.9177253588516746,0.3828778152478057
2065,,after_candidate_limit,,3683,147,8,147,9.44,4.25,0.5,0.75,2,8,0.9177253588516746,0.3828778152478057
2066,,after_candidate_limit,,3684,147,9,147,9.44,4.25,0.5,0.75,2,15,0.9177253588516746,0.3828778152478057
2067,,after_candidate_limit,,3708,148,8,148,9.44,4.25,0.5,1.38,2,8,0.9177253588516746,0.3828778152478057
2068,,after_candidate_limit,,3709,148,9,148,9.44,4.25,0.5,1.38,2,15,0.9177253588516746,0.3828778152478057
2069,,after_candidate_limit,,3733,149,8,149,9.44,4.25,0.5,2,2,8,0.9177253588516746,0.3828778152478057
2070,,after_candidate_limit,,3734,149,9,149,9.44,4.25,0.5,2,2,15,0.9177253588516746,0.3828778152478057
2071,,after_candidate_limit,,3858,154,8,154,9.44,5.66,0.5,0.75,2,8,0.9177253588516746,0.3828778152478057
2072,,after_candidate_limit,,3859,154,9,154,9.44,5.66,0.5,0.75,2,15,0.9177253588516746,0.3828778152478057
2073,,after_candidate_limit,,3883,155,8,155,9.44,5.66,0.5,1.38,2,8,0.9177253588516746,0.3828778152478057
2074,,after_candidate_limit,,3884,155,9,155,9.44,5.66,0.5,1.38,2,15,0.9177253588516746,0.3828778152478057
2075,,after_candidate_limit,,3908,156,8,156,9.44,5.66,0.5,2,2,8,0.9177253588516746,0.3828778152478057
2076,,after_candidate_limit,,3909,156,9,156,9.44,5.66,0.5,2,2,15,0.9177253588516746,0.3828778152478057
2077,,after_candidate_limit,,4034,161,9,161,9.44,8.5,0.5,0.75,2,15,0.9177253588516746,0.3828778152478057
2078,,after_candidate_limit,,4059,162,9,162,9.44,8.5,0.5,1.38,2,15,0.9177253588516746,0.3828778152478057
2079,,after_candidate_limit,,4033,161,8,161,9.44,8.5,0.5,0.75,2,8,0.9177435406698564,0.38215610455998594
2080,,after_candidate_limit,,4145,165,20,165,9.44,8.5,1.33,3.67,20,1,0.8107913875598086,0.3821445817675418
2081,,after_candidate_limit,,85,3,10,3,11.67,10.5,1.33,2,3,1,0.8778162679425837,0.3817983030164406
2082,,after_candidate_limit,,2216,88,16,88,15,13.5,1.33,3.67,6,2,0.8762698564593302,0.3817515645172201
2083,,after_candidate_limit,,2190,87,15,87,15,13.5,1.33,2,6,1,0.8771732057416268,0.38156336770915644
2084,,after_candidate_limit,,870,34,20,34,12.78,11.5,3,4.5,20,1,0.8420373205741627,0.38067784844701336
2085,,after_candidate_limit,,4035,161,10,161,9.44,8.5,0.5,0.75,3,1,0.8933645933014354,0.3804697524825523
2086,,after_candidate_limit,,2016,80,16,80,13.89,8.33,1.33,2,6,2,0.8781866028708134,0.3802361642600327
2087,,after_candidate_limit,,2041,81,16,81,13.89,8.33,1.33,3.67,6,2,0.8781942583732057,0.37958370814718456
2088,,after_candidate_limit,,86,3,11,3,11.67,10.5,1.33,2,3,2,0.8763732057416268,0.3795232892257396
2089,,after_candidate_limit,,845,33,20,33,12.78,11.5,2.17,3.25,20,1,0.8258674641148326,0.37944386458358803
2090,,after_candidate_limit,,2066,82,16,82,13.89,8.33,2.17,3.25,6,2,0.8799655502392344,0.37940598952594157
2091,,after_candidate_limit,,4146,165,21,165,9.44,8.5,1.33,3.67,20,2,0.8188435406698564,0.3793302365590872
2092,,after_candidate_limit,,2241,89,16,89,15,13.5,2.17,3.25,6,2,0.8778918660287082,0.3792290391796115
2093,,after_candidate_limit,,1241,49,16,49,12.78,7.67,0.5,0.75,6,2,0.8806545454545455,0.37913285160780646
2094,,after_candidate_limit,,717,28,17,28,12.78,11.5,0.5,0.75,6,3,0.8809511961722488,0.3790671745635578
2095,,after_candidate_limit,,1266,50,16,50,12.78,7.67,0.5,1.38,6,2,0.8806421052631579,0.37899049233298937
2096,,after_candidate_limit,,1291,51,16,51,12.78,7.67,0.5,2,6,2,0.8806564593301436,0.3789746990032477
2097,,after_candidate_limit,,110,4,10,4,11.67,10.5,1.33,3.67,3,1,0.8779368421052631,0.3787978393351406
2098,,after_candidate_limit,,820,32,20,32,12.78,11.5,1.33,3.67,20,1,0.8194851674641148,0.3775551393099447
2099,,after_candidate_limit,,111,4,11,4,11.67,10.5,1.33,3.67,3,2,0.8763301435406698,0.3773900848281015
2100,,after_candidate_limit,,435,17,10,17,11.67,5.25,1.33,2,3,1,0.8748612440191388,0.37737543175313676
2101,,after_candidate_limit,,715,28,15,28,12.78,11.5,0.5,0.75,6,1,0.8826765550239234,0.3773730484989132
2102,,after_candidate_limit,,742,29,17,29,12.78,11.5,0.5,1.38,6,3,0.8805655502392344,0.3773341623321898
2103,,after_candidate_limit,,741,29,16,29,12.78,11.5,0.5,1.38,6,2,0.8801473684210527,0.37704711502498656
2104,,after_candidate_limit,,4120,164,20,164,9.44,8.5,1.33,2,20,1,0.8107909090909091,0.3768412808789788
2105,,after_candidate_limit,,460,18,10,18,11.67,5.25,1.33,3.67,3,1,0.8748526315789473,0.3764862912420392
2106,,after_candidate_limit,,890,35,15,35,12.78,3.83,0.5,0.75,6,1,0.8802440191387559,0.37631995272742125
2107,,after_candidate_limit,,1866,74,16,74,13.89,6.25,1.33,3.67,6,2,0.8777904306220096,0.37615740809228865
2108,,after_candidate_limit,,4060,162,10,162,9.44,8.5,0.5,1.38,3,1,0.8931971291866029,0.3761156824314092
2109,,after_candidate_limit,,1841,73,16,73,13.89,6.25,1.33,2,6,2,0.8777799043062201,0.37600388267180657
2110,,after_candidate_limit,,4121,164,21,164,9.44,8.5,1.33,2,20,2,0.8189622009569378,0.37580673531212866
2111,,after_candidate_limit,,1665,66,15,66,13.89,4.17,1.33,2,6,1,0.8777454545454545,0.37570429493476515
2112,,after_candidate_limit,,1690,67,15,67,13.89,4.17,1.33,3.67,6,1,0.8777684210526315,0.3756862470375812
2113,,after_candidate_limit,,2266,90,16,90,15,13.5,3,4.5,6,2,0.8805263157894737,0.375607877245135
2114,,after_candidate_limit,,2091,83,16,83,13.89,8.33,3,4.5,6,2,0.8643354066985646,0.37549477908753087
2115,,after_candidate_limit,,1891,75,16,75,13.89,6.25,2.17,3.25,6,2,0.8795636363636363,0.3750865898502675
2116,,after_candidate_limit,,767,30,17,30,12.78,11.5,0.5,2,6,3,0.8804803827751196,0.3746276759340328
2117,,after_candidate_limit,,1715,68,15,68,13.89,4.17,2.17,3.25,6,1,0.8795511961722488,0.37458315377703894
2118,,after_candidate_limit,,135,5,10,5,11.67,10.5,2.17,3.25,3,1,0.8783827751196173,0.3745561088451177
2119,,after_candidate_limit,,4085,163,10,163,9.44,8.5,0.5,2,3,1,0.893022966507177,0.37442910831788445
2120,,after_candidate_limit,,2042,81,17,81,13.89,8.33,1.33,3.67,6,3,0.8778736842105264,0.3741054364607559
2121,,after_candidate_limit,,766,30,16,30,12.78,11.5,0.5,2,6,2,0.8800267942583732,0.3739462510152592
2122,,after_candidate_limit,,915,36,15,36,12.78,3.83,0.5,1.38,6,1,0.8801502392344498,0.3735040477881316
2123,,after_candidate_limit,,2017,80,17,80,13.89,8.33,1.33,2,6,3,0.8778306220095694,0.37342106328126107
2124,,after_candidate_limit,,940,37,15,37,12.78,3.83,0.5,2,6,1,0.8801483253588517,0.37334620589161266
2125,,after_candidate_limit,,136,5,11,5,11.67,10.5,2.17,3.25,3,2,0.8769598086124402,0.373119507606676
2126,,after_candidate_limit,,485,19,10,19,11.67,5.25,2.17,3.25,3,1,0.8754966507177033,0.3730639835977186
2127,,after_candidate_limit,,2067,82,17,82,13.89,8.33,2.17,3.25,6,3,0.879622009569378,0.37274138308899946
2128,,after_candidate_limit,,3970,158,20,158,9.44,5.66,1.33,3.67,20,1,0.8182559808612441,0.37268231345212083
2129,,after_candidate_limit,,3945,157,20,157,9.44,5.66,1.33,2,20,1,0.8182387559808613,0.3726237767470773
2130,,after_candidate_limit,,1066,42,16,42,12.78,5.75,0.5,0.75,6,2,0.8802851674641148,0.37261930663144677
2131,,after_candidate_limit,,1242,49,17,49,12.78,7.67,0.5,0.75,6,3,0.8803023923444976,0.3724484088569121
2132,,after_candidate_limit,,1292,51,17,51,12.78,7.67,0.5,2,6,3,0.8802947368421052,0.37205953220040794
2133,,after_candidate_limit,,611,24,11,24,11.67,7,1.33,2,3,2,0.8746574162679426,0.37205121192222435
2134,,after_candidate_limit,,1091,43,16,43,12.78,5.75,0.5,1.38,6,2,0.8802909090909091,0.37204326178573954
2135,,after_candidate_limit,,1267,50,17,50,12.78,7.67,0.5,1.38,6,3,0.88028995215311,0.371830191603401
2136,,after_candidate_limit,,1116,44,16,44,12.78,5.75,0.5,2,6,2,0.8802947368421052,0.3718252032092843
2137,,after_candidate_limit,,87,3,12,3,11.67,10.5,1.33,2,3,3,0.8754937799043062,0.3716974141396972
2138,,after_candidate_limit,,1916,76,16,76,13.89,6.25,3,4.5,6,2,0.8639401913875598,0.3715546181568332
2139,,after_candidate_limit,,160,6,10,6,11.67,10.5,3,4.5,3,1,0.8716071770334928,0.3713109838612487
2140,,after_candidate_limit,,1740,69,15,69,13.89,4.17,3,4.5,6,1,0.8639583732057416,0.37123212498449665
2141,,after_candidate_limit,,510,20,10,20,11.67,5.25,3,4.5,3,1,0.8687229665071771,0.3712159979230584
2142,,after_candidate_limit,,112,4,12,4,11.67,10.5,1.33,3.67,3,3,0.8755368421052632,0.37112575668417913
2143,,after_candidate_limit,,1691,67,16,67,13.89,4.17,1.33,3.67,6,2,0.8775990430622009,0.3710434205502928
2144,,after_candidate_limit,,636,25,11,25,11.67,7,1.33,3.67,3,2,0.8746622009569378,0.37090544532459635
2145,,after_candidate_limit,,1666,66,16,66,13.89,4.17,1.33,2,6,2,0.8775856459330144,0.37082471960662516
2146,,after_candidate_limit,,161,6,11,6,11.67,10.5,3,4.5,3,2,0.8701564593301435,0.37052809174161117
2147,,after_candidate_limit,,1842,73,17,73,13.89,6.25,1.33,2,6,3,0.8775827751196172,0.37047181103625854
2148,,after_candidate_limit,,1867,74,17,74,13.89,6.25,1.33,3.67,6,3,0.8775837320574162,0.3704485376456191
2149,,after_candidate_limit,,4130,165,5,165,9.44,8.5,1.33,3.67,2,1,0.8776,0.3701256736567888
2150,,after_candidate_limit,,2092,83,17,83,13.89,8.33,3,4.5,6,3,0.8640148325358852,0.3699755718677652
2151,,after_candidate_limit,,1716,68,16,68,13.89,4.17,2.17,3.25,6,2,0.8793693779904306,0.3699211129870548
2152,,after_candidate_limit,,4105,164,5,164,9.44,8.5,1.33,2,2,1,0.8775349282296651,0.3698238420787595
2153,,after_candidate_limit,,285,11,10,11,11.67,3.5,1.33,3.67,3,1,0.8745100478468899,0.3696519047103099
2154,,after_candidate_limit,,260,10,10,10,11.67,3.5,1.33,2,3,1,0.8744985645933014,0.36949434536125214
2155,,after_candidate_limit,,1892,75,17,75,13.89,6.25,2.17,3.25,6,3,0.8793540669856459,0.369482660637781
2156,,after_candidate_limit,,2215,88,15,88,15,13.5,1.33,3.67,6,1,0.8728296650717703,0.3694515878757959
2157,,after_candidate_limit,,4147,165,22,165,9.44,8.5,1.33,3.67,20,3,0.8184971291866029,0.36869324306038675
2158,,after_candidate_limit,,96,3,21,3,11.67,10.5,1.33,2,20,2,0.8171861244019138,0.3684685848141052
2159,,after_candidate_limit,,3946,157,21,157,9.44,5.66,1.33,2,20,2,0.8179602870813397,0.36815863999729287
2160,,after_candidate_limit,,941,37,16,37,12.78,3.83,0.5,2,6,2,0.8801186602870813,0.3680808090466788
2161,,after_candidate_limit,,3971,158,21,158,9.44,5.66,1.33,3.67,20,2,0.8179583732057416,0.3680712327062442
2162,,after_candidate_limit,,3795,151,20,151,9.44,4.25,1.33,3.67,20,1,0.8178894736842105,0.3678383043481942
2163,,after_candidate_limit,,661,26,11,26,11.67,7,2.17,3.25,3,2,0.8753473684210527,0.3677850756481388
2164,,after_candidate_limit,,147,5,22,5,11.67,10.5,2.17,3.25,20,3,0.8372885167464115,0.36772710132671366
2165,,after_candidate_limit,,3770,150,20,150,9.44,4.25,1.33,2,20,1,0.81787990430622,0.3677050017664623
2166,,after_candidate_limit,,4122,164,22,164,9.44,8.5,1.33,2,20,3,0.8184789473684211,0.3676914012239587
2167,,after_candidate_limit,,916,36,16,36,12.78,3.83,0.5,1.38,6,2,0.8801004784688995,0.3675749946704013
2168,,after_candidate_limit,,891,35,16,35,12.78,3.83,0.5,0.75,6,2,0.8800995215311005,0.3671803128816237
2169,,after_candidate_limit,,740,29,15,29,12.78,11.5,0.5,1.38,6,1,0.8804851674641149,0.3671240956671099
2170,,after_candidate_limit,,1692,67,17,67,13.89,4.17,1.33,3.67,6,3,0.8774851674641149,0.36710804876092157
2171,,after_candidate_limit,,1667,66,17,66,13.89,4.17,1.33,2,6,3,0.8774822966507178,0.3670305060642613
2172,,after_candidate_limit,,3595,143,20,143,9.44,2.83,1.33,2,20,1,0.8178406698564593,0.36699916269596217
2173,,after_candidate_limit,,1117,44,17,44,12.78,5.75,0.5,2,6,3,0.8801205741626794,0.36697041323355173
2174,,after_candidate_limit,,3620,144,20,144,9.44,2.83,1.33,3.67,20,1,0.8178263157894737,0.36695273363049535
2175,,after_candidate_limit,,1092,43,17,43,12.78,5.75,0.5,1.38,6,3,0.8801157894736842,0.3668534615645311
2176,,after_candidate_limit,,2240,89,15,89,15,13.5,2.17,3.25,6,1,0.8745253588516746,0.36668027545540854
2177,,after_candidate_limit,,1067,42,17,42,12.78,5.75,0.5,0.75,6,3,0.8801052631578947,0.3666669243517063
2178,,after_candidate_limit,,3796,151,21,151,9.44,4.25,1.33,3.67,20,2,0.8178875598086124,0.366464779317132
2179,,after_candidate_limit,,3771,150,21,150,9.44,4.25,1.33,2,20,2,0.8178866028708134,0.3664594677024011
2180,,after_candidate_limit,,1741,69,16,69,13.89,4.17,3,4.5,6,2,0.8637354066985646,0.3664060198937906
2181,,after_candidate_limit,,1517,60,17,60,13.89,12.5,1.33,3.67,6,3,0.8759799043062201,0.36629774330869513
2182,,after_candidate_limit,,3621,144,21,144,9.44,2.83,1.33,3.67,20,2,0.8177870813397129,0.3660245289076697
2183,,after_candidate_limit,,1717,68,17,68,13.89,4.17,2.17,3.25,6,3,0.8792593301435406,0.36601167952915276
2184,,after_candidate_limit,,1917,76,17,76,13.89,6.25,3,4.5,6,3,0.8637287081339713,0.3660089644700943
2185,,after_candidate_limit,,1492,59,17,59,13.89,12.5,1.33,2,6,3,0.8766784688995215,0.365985492898402
2186,,after_candidate_limit,,686,27,11,27,11.67,7,3,4.5,3,2,0.8685928229665072,0.36592895360114
2187,,after_candidate_limit,,1491,59,16,59,13.89,12.5,1.33,2,6,2,0.8762803827751197,0.3658783917175511
2188,,after_candidate_limit,,743,29,18,29,12.78,11.5,0.5,1.38,6,8,0.8797559808612441,0.36582069355632224
2189,,after_candidate_limit,,310,12,10,12,11.67,3.5,2.17,3.25,3,1,0.8751617224880383,0.3658100674772354
2190,,after_candidate_limit,,718,28,18,28,12.78,11.5,0.5,0.75,6,8,0.8798363636363636,0.3655915929650125
2191,,after_candidate_limit,,137,5,12,5,11.67,10.5,2.17,3.25,3,3,0.8762028708133971,0.36550392270620685
2192,,after_candidate_limit,,3596,143,21,143,9.44,2.83,1.33,2,20,2,0.8177086124401914,0.3654759582248361
2193,,after_candidate_limit,,461,18,11,18,11.67,5.25,1.33,3.67,3,2,0.8743502392344498,0.3653600160143702
2194,,after_candidate_limit,,436,17,11,17,11.67,5.25,1.33,2,3,2,0.8743540669856459,0.36528270045868816
2195,,after_candidate_limit,,768,30,18,30,12.78,11.5,0.5,2,6,8,0.8796727272727273,0.3650714559957421
2196,,after_candidate_limit,,335,13,10,13,11.67,3.5,3,4.5,3,1,0.8684263157894737,0.36503045980231336
2197,,after_candidate_limit,,637,25,12,25,11.67,7,1.33,3.67,3,3,0.8743406698564593,0.3647283144536893
2198,,after_candidate_limit,,612,24,12,24,11.67,7,1.33,2,3,3,0.8743339712918661,0.36471006425279856
2199,,after_candidate_limit,,162,6,12,6,11.67,10.5,3,4.5,3,3,0.8694531100478469,0.36465371418856646
2200,,after_candidate_limit,,3947,157,22,157,9.44,5.66,1.33,2,20,3,0.8177382775119617,0.36463391437970705
2201,,after_candidate_limit,,3972,158,22,158,9.44,5.66,1.33,3.67,20,3,0.8177363636363636,0.36449610146798106
2202,,after_candidate_limit,,15,0,15,0,11.67,10.5,0.5,0.75,6,1,0.8578392344497607,0.3643921427883661
2203,,after_candidate_limit,,3797,151,22,151,9.44,4.25,1.33,3.67,20,3,0.8176665071770335,0.36412363919167384
2204,,after_candidate_limit,,3772,150,22,150,9.44,4.25,1.33,2,20,3,0.8176607655502393,0.3640901835183455
2205,,after_candidate_limit,,2043,81,18,81,13.89,8.33,1.33,3.67,6,8,0.8774679425837321,0.36404487106487704
2206,,after_candidate_limit,,2018,80,18,80,13.89,8.33,1.33,2,6,8,0.8774631578947368,0.363894487581148
2207,,after_candidate_limit,,1668,66,18,66,13.89,4.17,1.33,2,6,8,0.8774555023923445,0.36372569269151284
2208,,after_candidate_limit,,1669,66,19,66,13.89,4.17,1.33,2,6,15,0.8774555023923445,0.36372569269151284
2209,,after_candidate_limit,,1693,67,18,67,13.89,4.17,1.33,3.67,6,8,0.8774555023923445,0.36372569269151284
2210,,after_candidate_limit,,1694,67,19,67,13.89,4.17,1.33,3.67,6,15,0.8774555023923445,0.36372569269151284
2211,,after_candidate_limit,,1843,73,18,73,13.89,6.25,1.33,2,6,8,0.8774555023923445,0.36372569269151284
2212,,after_candidate_limit,,1844,73,19,73,13.89,6.25,1.33,2,6,15,0.8774555023923445,0.36372569269151284
2213,,after_candidate_limit,,1868,74,18,74,13.89,6.25,1.33,3.67,6,8,0.8774555023923445,0.36372569269151284
2214,,after_candidate_limit,,1869,74,19,74,13.89,6.25,1.33,3.67,6,15,0.8774555023923445,0.36372569269151284
2215,,after_candidate_limit,,2019,80,19,80,13.89,8.33,1.33,2,6,15,0.8774555023923445,0.36372569269151284
2216,,after_candidate_limit,,2044,81,19,81,13.89,8.33,1.33,3.67,6,15,0.8774555023923445,0.36372569269151284
2217,,after_candidate_limit,,1494,59,19,59,13.89,12.5,1.33,2,6,15,0.8772794258373205,0.36361355067120066
2218,,after_candidate_limit,,1493,59,18,59,13.89,12.5,1.33,2,6,8,0.8760985645933015,0.36353628661777326
2219,,after_candidate_limit,,821,32,21,32,12.78,11.5,1.33,3.67,20,2,0.8374320574162679,0.3634790862484409
2220,,after_candidate_limit,,1519,60,19,60,13.89,12.5,1.33,3.67,6,15,0.8772813397129187,0.3634303321891231
2221,,after_candidate_limit,,1518,60,18,60,13.89,12.5,1.33,3.67,6,8,0.8757377990430621,0.3633279017845551
2222,,after_candidate_limit,,795,31,20,31,12.78,11.5,1.33,2,20,1,0.8280564593301435,0.36310276953933346
2223,,after_candidate_limit,,2645,105,20,105,15,9,0.5,0.75,20,1,0.8710086124401913,0.3629359828400872
2224,,after_candidate_limit,,1516,60,16,60,13.89,12.5,1.33,3.67,6,2,0.875733971291866,0.36291491577426405
2225,,after_candidate_limit,,2265,90,15,90,15,13.5,3,4.5,6,1,0.8750870813397129,0.36283634325798947
2226,,after_candidate_limit,,2068,82,18,82,13.89,8.33,2.17,3.25,6,8,0.8792421052631579,0.36270960834004917
2227,,after_candidate_limit,,286,11,11,11,11.67,3.5,1.33,3.67,3,2,0.8742421052631579,0.3626569135396814
2228,,after_candidate_limit,,942,37,17,37,12.78,3.83,0.5,2,6,3,0.8800114832535885,0.36253108758481833
2229,,after_candidate_limit,,1718,68,18,68,13.89,4.17,2.17,3.25,6,8,0.8792287081339712,0.36251723418316834
2230,,after_candidate_limit,,1719,68,19,68,13.89,4.17,2.17,3.25,6,15,0.8792287081339712,0.36251723418316834
2231,,after_candidate_limit,,1893,75,18,75,13.89,6.25,2.17,3.25,6,8,0.8792287081339712,0.36251723418316834
2232,,after_candidate_limit,,1894,75,19,75,13.89,6.25,2.17,3.25,6,15,0.8792287081339712,0.36251723418316834
2233,,after_candidate_limit,,2069,82,19,82,13.89,8.33,2.17,3.25,6,15,0.8792287081339712,0.36251723418316834
2234,,after_candidate_limit,,1742,69,17,69,13.89,4.17,3,4.5,6,3,0.8636301435406698,0.3624716854170575
2235,,after_candidate_limit,,4155,166,5,166,9.44,8.5,2.17,3.25,2,1,0.862111961722488,0.36247086912221477
2236,,after_candidate_limit,,1543,61,18,61,13.89,12.5,2.17,3.25,6,8,0.8775980861244019,0.36244555753065566
2237,,after_candidate_limit,,261,10,11,10,11.67,3.5,1.33,2,3,2,0.8742315789473685,0.3622726847982264
2238,,after_candidate_limit,,892,35,17,35,12.78,3.83,0.5,0.75,6,3,0.8800076555023923,0.3621243921675992
2239,,after_candidate_limit,,1544,61,19,61,13.89,12.5,2.17,3.25,6,15,0.8790535885167464,0.36211800764926083
2240,,after_candidate_limit,,917,36,17,36,12.78,3.83,0.5,1.38,6,3,0.8800066985645933,0.36199780190366715
2241,,after_candidate_limit,,871,34,21,34,12.78,11.5,3,4.5,20,2,0.8575071770334928,0.36194264404180454
2242,,after_candidate_limit,,1542,61,17,61,13.89,12.5,2.17,3.25,6,3,0.8779866028708134,0.36181373693239105
2243,,after_candidate_limit,,437,17,12,17,11.67,5.25,1.33,2,3,3,0.8742373205741627,0.3617867401546577
2244,,after_candidate_limit,,3860,154,10,154,9.44,5.66,0.5,0.75,3,1,0.8914497607655503,0.36178039253228095
2245,,after_candidate_limit,,462,18,12,18,11.67,5.25,1.33,3.67,3,3,0.8742334928229665,0.3615167023630275
2246,,after_candidate_limit,,1568,62,18,62,13.89,12.5,3,4.5,6,8,0.8619947368421053,0.3614904712932424
2247,,after_candidate_limit,,486,19,11,19,11.67,5.25,2.17,3.25,3,2,0.8750258373205742,0.36137041323455243
2248,,after_candidate_limit,,765,30,15,30,12.78,11.5,0.5,2,6,1,0.8770382775119617,0.36128103629039654
2249,,after_candidate_limit,,113,4,13,4,11.67,10.5,1.33,3.67,3,8,0.8742947368421052,0.36122410970331575
2250,,after_candidate_limit,,3597,143,22,143,9.44,2.83,1.33,2,20,3,0.8175153110047847,0.3611657594621703
2251,,after_candidate_limit,,3622,144,22,144,9.44,2.83,1.33,3.67,20,3,0.8175153110047847,0.3611657594621703
2252,,after_candidate_limit,,662,26,12,26,11.67,7,2.17,3.25,3,3,0.8750267942583732,0.3610861829732575
2253,,after_candidate_limit,,1340,53,15,53,12.78,7.67,1.33,3.67,6,1,0.8558842105263158,0.36095965819868037
2254,,after_candidate_limit,,4123,164,23,164,9.44,8.5,1.33,2,20,8,0.8175133971291866,0.3608633862652535
2255,,after_candidate_limit,,4148,165,23,165,9.44,8.5,1.33,3.67,20,8,0.8175133971291866,0.3608633862652535
2256,,after_candidate_limit,,3598,143,23,143,9.44,2.83,1.33,2,20,8,0.8175124401913876,0.3608579645476943
2257,,after_candidate_limit,,3599,143,24,143,9.44,2.83,1.33,2,20,15,0.8175124401913876,0.3608579645476943
2258,,after_candidate_limit,,3623,144,23,144,9.44,2.83,1.33,3.67,20,8,0.8175124401913876,0.3608579645476943
2259,,after_candidate_limit,,3624,144,24,144,9.44,2.83,1.33,3.67,20,15,0.8175124401913876,0.3608579645476943
2260,,after_candidate_limit,,3773,150,23,150,9.44,4.25,1.33,2,20,8,0.8175124401913876,0.3608579645476943
2261,,after_candidate_limit,,3774,150,24,150,9.44,4.25,1.33,2,20,15,0.8175124401913876,0.3608579645476943
2262,,after_candidate_limit,,3798,151,23,151,9.44,4.25,1.33,3.67,20,8,0.8175124401913876,0.3608579645476943
2263,,after_candidate_limit,,3799,151,24,151,9.44,4.25,1.33,3.67,20,15,0.8175124401913876,0.3608579645476943
2264,,after_candidate_limit,,3948,157,23,157,9.44,5.66,1.33,2,20,8,0.8175124401913876,0.3608579645476943
2265,,after_candidate_limit,,3949,157,24,157,9.44,5.66,1.33,2,20,15,0.8175124401913876,0.3608579645476943
2266,,after_candidate_limit,,3973,158,23,158,9.44,5.66,1.33,3.67,20,8,0.8175124401913876,0.3608579645476943
2267,,after_candidate_limit,,3974,158,24,158,9.44,5.66,1.33,3.67,20,15,0.8175124401913876,0.3608579645476943
2268,,after_candidate_limit,,4124,164,24,164,9.44,8.5,1.33,2,20,15,0.8175124401913876,0.3608579645476943
2269,,after_candidate_limit,,4149,165,24,165,9.44,8.5,1.33,3.67,20,15,0.8175124401913876,0.3608579645476943
2270,,after_candidate_limit,,1315,52,15,52,12.78,7.67,1.33,2,6,1,0.8558191387559808,0.36062516575462356
2271,,after_candidate_limit,,4195,167,20,167,9.44,8.5,3,4.5,20,1,0.7767062200956938,0.36038084001724086
2272,,after_candidate_limit,,511,20,11,20,11.67,5.25,3,4.5,3,2,0.8682837320574163,0.3598730244636988
2273,,after_candidate_limit,,1293,51,18,51,12.78,7.67,0.5,2,6,8,0.8799980861244019,0.3598427153663485
2274,,after_candidate_limit,,1243,49,18,49,12.78,7.67,0.5,0.75,6,8,0.8799980861244019,0.35982860416781653
2275,,after_candidate_limit,,1268,50,18,50,12.78,7.67,0.5,1.38,6,8,0.8799971291866029,0.3598256213492545
2276,,after_candidate_limit,,893,35,18,35,12.78,3.83,0.5,0.75,6,8,0.8799942583732058,0.35981306367265425
2277,,after_candidate_limit,,894,35,19,35,12.78,3.83,0.5,0.75,6,15,0.8799942583732058,0.35981306367265425
2278,,after_candidate_limit,,918,36,18,36,12.78,3.83,0.5,1.38,6,8,0.8799942583732058,0.35981306367265425
2279,,after_candidate_limit,,919,36,19,36,12.78,3.83,0.5,1.38,6,15,0.8799942583732058,0.35981306367265425
2280,,after_candidate_limit,,943,37,18,37,12.78,3.83,0.5,2,6,8,0.8799942583732058,0.35981306367265425
2281,,after_candidate_limit,,944,37,19,37,12.78,3.83,0.5,2,6,15,0.8799942583732058,0.35981306367265425
2282,,after_candidate_limit,,1068,42,18,42,12.78,5.75,0.5,0.75,6,8,0.8799942583732058,0.35981306367265425
2283,,after_candidate_limit,,1069,42,19,42,12.78,5.75,0.5,0.75,6,15,0.8799942583732058,0.35981306367265425
2284,,after_candidate_limit,,1093,43,18,43,12.78,5.75,0.5,1.38,6,8,0.8799942583732058,0.35981306367265425
2285,,after_candidate_limit,,1094,43,19,43,12.78,5.75,0.5,1.38,6,15,0.8799942583732058,0.35981306367265425
2286,,after_candidate_limit,,1118,44,18,44,12.78,5.75,0.5,2,6,8,0.8799942583732058,0.35981306367265425
2287,,after_candidate_limit,,1119,44,19,44,12.78,5.75,0.5,2,6,15,0.8799942583732058,0.35981306367265425
2288,,after_candidate_limit,,1244,49,19,49,12.78,7.67,0.5,0.75,6,15,0.8799942583732058,0.35981306367265425
2289,,after_candidate_limit,,1269,50,19,50,12.78,7.67,0.5,1.38,6,15,0.8799942583732058,0.35981306367265425
2290,,after_candidate_limit,,1294,51,19,51,12.78,7.67,0.5,2,6,15,0.8799942583732058,0.35981306367265425
2291,,after_candidate_limit,,687,27,12,27,11.67,7,3,4.5,3,3,0.8682626794258373,0.3596651386500818
2292,,after_candidate_limit,,287,11,12,11,11.67,3.5,1.33,3.67,3,3,0.8741894736842105,0.3596423957917441
2293,,after_candidate_limit,,1541,61,16,61,13.89,12.5,2.17,3.25,6,2,0.8775980861244019,0.3593978492499016
2294,,after_candidate_limit,,1490,59,15,59,13.89,12.5,1.33,2,6,1,0.8773454545454545,0.3593534528050779
2295,,after_candidate_limit,,2093,83,18,83,13.89,8.33,3,4.5,6,8,0.86361004784689,0.35931780970817556
2296,,after_candidate_limit,,262,10,12,10,11.67,3.5,1.33,2,3,3,0.8741866028708134,0.3592040010492317
2297,,after_candidate_limit,,1390,55,15,55,12.78,7.67,3,4.5,6,1,0.8559,0.3591806597273428
2298,,after_candidate_limit,,88,3,13,3,11.67,10.5,1.33,2,3,8,0.8742430622009569,0.3591534206471069
2299,,after_candidate_limit,,1743,69,18,69,13.89,4.17,3,4.5,6,8,0.8635976076555024,0.35900229498163083
2300,,after_candidate_limit,,1744,69,19,69,13.89,4.17,3,4.5,6,15,0.8635976076555024,0.35900229498163083
2301,,after_candidate_limit,,1918,76,18,76,13.89,6.25,3,4.5,6,8,0.8635976076555024,0.35900229498163083
2302,,after_candidate_limit,,1919,76,19,76,13.89,6.25,3,4.5,6,15,0.8635976076555024,0.35900229498163083
2303,,after_candidate_limit,,2094,83,19,83,13.89,8.33,3,4.5,6,15,0.8635976076555024,0.35900229498163083
2304,,after_candidate_limit,,311,12,11,12,11.67,3.5,2.17,3.25,3,2,0.8749234449760765,0.35898118096733317
2305,,after_candidate_limit,,3885,155,10,155,9.44,5.66,0.5,1.38,3,1,0.8914019138755981,0.3586192270423122
2306,,after_candidate_limit,,4170,166,20,166,9.44,8.5,2.17,3.25,20,1,0.7527421052631579,0.35833382292767946
2307,,after_candidate_limit,,1569,62,19,62,13.89,12.5,3,4.5,6,15,0.8633851674641149,0.35816083589746095
2308,,after_candidate_limit,,2670,106,20,106,15,9,0.5,1.38,20,1,0.8705569377990431,0.35778937386017107
2309,,after_candidate_limit,,336,13,11,13,11.67,3.5,3,4.5,3,2,0.8681755980861244,0.3577125500251226
2310,,after_candidate_limit,,1567,62,17,62,13.89,12.5,3,4.5,6,3,0.8620416267942583,0.3576901211329774
2311,,after_candidate_limit,,487,19,12,19,11.67,5.25,2.17,3.25,3,3,0.8749062200956937,0.35763450351720316
2312,,after_candidate_limit,,138,5,13,5,11.67,10.5,2.17,3.25,3,8,0.8749808612440192,0.35731870841323493
2313,,after_candidate_limit,,846,33,21,33,12.78,11.5,2.17,3.25,20,2,0.8422636363636363,0.35719323185155616
2314,,after_candidate_limit,,263,10,13,10,11.67,3.5,1.33,2,3,8,0.8741751196172248,0.35717474125689025
2315,,after_candidate_limit,,264,10,14,10,11.67,3.5,1.33,2,3,15,0.8741751196172248,0.35717474125689025
2316,,after_candidate_limit,,288,11,13,11,11.67,3.5,1.33,3.67,3,8,0.8741751196172248,0.35717474125689025
2317,,after_candidate_limit,,289,11,14,11,11.67,3.5,1.33,3.67,3,15,0.8741751196172248,0.35717474125689025
2318,,after_candidate_limit,,438,17,13,17,11.67,5.25,1.33,2,3,8,0.8741751196172248,0.35717474125689025
2319,,after_candidate_limit,,439,17,14,17,11.67,5.25,1.33,2,3,15,0.8741751196172248,0.35717474125689025
2320,,after_candidate_limit,,463,18,13,18,11.67,5.25,1.33,3.67,3,8,0.8741751196172248,0.35717474125689025
2321,,after_candidate_limit,,464,18,14,18,11.67,5.25,1.33,3.67,3,15,0.8741751196172248,0.35717474125689025
2322,,after_candidate_limit,,613,24,13,24,11.67,7,1.33,2,3,8,0.8741751196172248,0.35717474125689025
2323,,after_candidate_limit,,614,24,14,24,11.67,7,1.33,2,3,15,0.8741751196172248,0.35717474125689025
2324,,after_candidate_limit,,638,25,13,25,11.67,7,1.33,3.67,3,8,0.8741751196172248,0.35717474125689025
2325,,after_candidate_limit,,639,25,14,25,11.67,7,1.33,3.67,3,15,0.8741751196172248,0.35717474125689025
2326,,after_candidate_limit,,590,23,15,23,11.67,7,0.5,2,6,1,0.8552755980861244,0.3571096991025836
2327,,after_candidate_limit,,3910,156,10,156,9.44,5.66,0.5,2,3,1,0.8914200956937799,0.35704384846654125
2328,,after_candidate_limit,,1365,54,15,54,12.78,7.67,2.17,3.25,6,1,0.8459703349282297,0.3570341180208068
2329,,after_candidate_limit,,16,0,16,0,11.67,10.5,0.5,0.75,6,2,0.8561416267942584,0.3569099305261579
2330,,after_candidate_limit,,540,21,15,21,11.67,7,0.5,0.75,6,1,0.8549942583732058,0.3567396363406728
2331,,after_candidate_limit,,565,22,15,22,11.67,7,0.5,1.38,6,1,0.8552401913875598,0.3567190309918277
2332,,after_candidate_limit,,4180,167,5,167,9.44,8.5,3,4.5,2,1,0.85851004784689,0.3565675720041208
2333,,after_candidate_limit,,163,6,13,6,11.67,10.5,3,4.5,3,8,0.868232057416268,0.3563734089733776
2334,,after_candidate_limit,,3345,133,20,133,5,4.5,0.5,0.75,20,1,0.7438511961722488,0.35621242797545505
2335,,after_candidate_limit,,4036,161,11,161,9.44,8.5,0.5,0.75,3,2,0.8917942583732057,0.3561495288728789
2336,,after_candidate_limit,,512,20,12,20,11.67,5.25,3,4.5,3,3,0.8681497607655503,0.35593176587169234
2337,,after_candidate_limit,,312,12,12,12,11.67,3.5,2.17,3.25,3,3,0.8748631578947368,0.355904507621109
2338,,after_candidate_limit,,40,1,15,1,11.67,10.5,0.5,1.38,6,1,0.8539617224880383,0.3558893489806999
2339,,after_candidate_limit,,172,6,22,6,11.67,10.5,3,4.5,20,3,0.8382354066985646,0.35580313540727154
2340,,after_candidate_limit,,41,1,16,1,11.67,10.5,0.5,1.38,6,2,0.8560631578947369,0.3557136356318806
2341,,after_candidate_limit,,1515,60,15,60,13.89,12.5,1.33,3.67,6,1,0.8780081339712918,0.35556535637495107
2342,,after_candidate_limit,,719,28,19,28,12.78,11.5,0.5,0.75,6,15,0.8797980861244019,0.3553862554818573
2343,,after_candidate_limit,,4061,162,11,162,9.44,8.5,0.5,1.38,3,2,0.8916995215311004,0.35478920185027324
2344,,after_candidate_limit,,337,13,12,13,11.67,3.5,3,4.5,3,3,0.8681105263157894,0.35462342664373564
2345,,after_candidate_limit,,2695,107,20,107,15,9,0.5,2,20,1,0.8673062200956938,0.35461318444238416
2346,,after_candidate_limit,,769,30,19,30,12.78,11.5,0.5,2,6,15,0.8796057416267943,0.3543471217019057
2347,,after_candidate_limit,,744,29,19,29,12.78,11.5,0.5,1.38,6,15,0.8795942583732057,0.35432467953456753
2348,,after_candidate_limit,,89,3,14,3,11.67,10.5,1.33,2,3,15,0.8742038277511962,0.3542774653258601
2349,,after_candidate_limit,,66,2,16,2,11.67,10.5,0.5,2,6,2,0.8561511961722488,0.354165366941648
2350,,after_candidate_limit,,114,4,14,4,11.67,10.5,1.33,3.67,3,15,0.8742047846889952,0.35412237536305985
2351,,after_candidate_limit,,65,2,15,2,11.67,10.5,0.5,2,6,1,0.8540703349282297,0.35388072659324166
2352,,after_candidate_limit,,1566,62,16,62,13.89,12.5,3,4.5,6,2,0.8619019138755981,0.35378399273621713
2353,,after_candidate_limit,,1540,61,15,61,13.89,12.5,2.17,3.25,6,1,0.8794287081339713,0.35370257042936754
2354,,after_candidate_limit,,313,12,13,12,11.67,3.5,2.17,3.25,3,8,0.8748516746411483,0.35350626357358955
2355,,after_candidate_limit,,314,12,14,12,11.67,3.5,2.17,3.25,3,15,0.8748516746411483,0.35350626357358955
2356,,after_candidate_limit,,488,19,13,19,11.67,5.25,2.17,3.25,3,8,0.8748516746411483,0.35350626357358955
2357,,after_candidate_limit,,489,19,14,19,11.67,5.25,2.17,3.25,3,15,0.8748516746411483,0.35350626357358955
2358,,after_candidate_limit,,663,26,13,26,11.67,7,2.17,3.25,3,8,0.8748516746411483,0.35350626357358955
2359,,after_candidate_limit,,664,26,14,26,11.67,7,2.17,3.25,3,15,0.8748516746411483,0.35350626357358955
2360,,after_candidate_limit,,4086,163,11,163,9.44,8.5,0.5,2,3,2,0.8917023923444977,0.3534776339616162
2361,,after_candidate_limit,,3370,134,20,134,5,4.5,0.5,1.38,20,1,0.7438052631578947,0.3534056594283663
2362,,after_candidate_limit,,3395,135,20,135,5,4.5,0.5,2,20,1,0.7438129186602871,0.3531891804712027
2363,,after_candidate_limit,,3685,147,10,147,9.44,4.25,0.5,0.75,3,1,0.8910555023923445,0.35235246872559156
2364,,after_candidate_limit,,3930,157,5,157,9.44,5.66,1.33,2,2,1,0.8760162679425837,0.35228891283495045
2365,,after_candidate_limit,,688,27,13,27,11.67,7,3,4.5,3,8,0.8681009569377991,0.35228221747096794
2366,,after_candidate_limit,,338,13,13,13,11.67,3.5,3,4.5,3,8,0.8681,0.35227839572408737
2367,,after_candidate_limit,,339,13,14,13,11.67,3.5,3,4.5,3,15,0.8681,0.35227839572408737
2368,,after_candidate_limit,,513,20,13,20,11.67,5.25,3,4.5,3,8,0.8681,0.35227839572408737
2369,,after_candidate_limit,,514,20,14,20,11.67,5.25,3,4.5,3,15,0.8681,0.35227839572408737
2370,,after_candidate_limit,,689,27,14,27,11.67,7,3,4.5,3,15,0.8681,0.35227839572408737
2371,,after_candidate_limit,,670,26,20,26,11.67,7,2.17,3.25,20,1,0.8327076555023923,0.35208452142149593
2372,,after_candidate_limit,,3955,158,5,158,9.44,5.66,1.33,3.67,2,1,0.8760344497607655,0.35197624063631133
2373,,after_candidate_limit,,70,2,20,2,11.67,10.5,0.5,2,20,1,0.8411770334928229,0.35194890402361617
2374,,after_candidate_limit,,796,31,21,31,12.78,11.5,1.33,2,20,2,0.8387464114832536,0.3515540970845745
2375,,after_candidate_limit,,2470,98,20,98,15,6.75,0.5,0.75,20,1,0.8705617224880383,0.35075200697938
2376,,after_candidate_limit,,17,0,17,0,11.67,10.5,0.5,0.75,6,3,0.8550315789473685,0.35053335176254913
2377,,after_candidate_limit,,139,5,14,5,11.67,10.5,2.17,3.25,3,15,0.8748928229665072,0.35050482780624925
2378,,after_candidate_limit,,2520,100,20,100,15,6.75,0.5,2,20,1,0.8707866028708134,0.3498594545462266
2379,,after_candidate_limit,,97,3,22,3,11.67,10.5,1.33,2,20,3,0.8155105263157895,0.34978760108409923
2380,,after_candidate_limit,,42,1,17,1,11.67,10.5,0.5,1.38,6,3,0.8547722488038277,0.3496812993748273
2381,,after_candidate_limit,,45,1,20,1,11.67,10.5,0.5,1.38,20,1,0.8408028708133971,0.34954987478013083
2382,,after_candidate_limit,,164,6,14,6,11.67,10.5,3,4.5,3,15,0.8681325358851675,0.34914920556393697
2383,,after_candidate_limit,,3710,148,10,148,9.44,4.25,0.5,1.38,3,1,0.891,0.3491162720300645
2384,,after_candidate_limit,,2495,99,20,99,15,6.75,0.5,1.38,20,1,0.8706325358851674,0.3487947896324071
2385,,after_candidate_limit,,3735,149,10,149,9.44,4.25,0.5,2,3,1,0.8910172248803828,0.3487113679843086
2386,,after_candidate_limit,,20,0,20,0,11.67,10.5,0.5,0.75,20,1,0.8435641148325359,0.3486891277819678
2387,,after_candidate_limit,,1165,46,15,46,12.78,5.75,1.33,3.67,6,1,0.8550239234449761,0.34868901425348225
2388,,after_candidate_limit,,4196,167,21,167,9.44,8.5,3,4.5,20,2,0.7813282296650718,0.34859852826919924
2389,,after_candidate_limit,,1565,62,15,62,13.89,12.5,3,4.5,6,1,0.8636727272727273,0.3484468280977977
2390,,after_candidate_limit,,67,2,17,2,11.67,10.5,0.5,2,6,3,0.8548688995215311,0.34836336831113657
2391,,after_candidate_limit,,3170,126,20,126,5,3,0.5,0.75,20,1,0.7435488038277512,0.34797883704968785
2392,,after_candidate_limit,,1140,45,15,45,12.78,5.75,1.33,2,6,1,0.8549923444976076,0.34793147152068266
2393,,after_candidate_limit,,791,31,16,31,12.78,11.5,1.33,2,6,2,0.8538172248803828,0.3476037431088658
2394,,after_candidate_limit,,4131,165,6,165,9.44,8.5,1.33,3.67,2,2,0.8762086124401914,0.3475140196510525
2395,,after_candidate_limit,,122,4,22,4,11.67,10.5,1.33,3.67,20,3,0.815544019138756,0.34738450593347076
2396,,after_candidate_limit,,4106,164,6,164,9.44,8.5,1.33,2,2,2,0.8761779904306221,0.34732792188108935
2397,,after_candidate_limit,,872,34,22,34,12.78,11.5,3,4.5,20,3,0.8581803827751197,0.34723689253569673
2398,,after_candidate_limit,,695,27,20,27,11.67,7,3,4.5,20,1,0.840066985645933,0.34722849127871397
2399,,after_candidate_limit,,1215,48,15,48,12.78,5.75,3,4.5,6,1,0.8551315789473685,0.347179009625922
2400,,after_candidate_limit,,3220,128,20,128,5,3,0.5,2,20,1,0.7435708133971292,0.3469367585379431
2401,,after_candidate_limit,,3195,127,20,127,5,3,0.5,1.38,20,1,0.7435191387559809,0.3468648868765612
2402,,after_candidate_limit,,2995,119,20,119,5,2.25,0.5,0.75,20,1,0.7434933014354067,0.3466017382365402
2403,,after_candidate_limit,,3510,140,10,140,9.44,2.83,0.5,0.75,3,1,0.8908784688995215,0.34638825897535047
2404,,after_candidate_limit,,365,14,15,14,11.67,5.25,0.5,0.75,6,1,0.8543904306220096,0.346329450716101
2405,,after_candidate_limit,,2646,105,21,105,15,9,0.5,0.75,20,2,0.8738736842105264,0.34622651633347296
2406,,after_candidate_limit,,822,32,22,32,12.78,11.5,1.33,3.67,20,3,0.8403976076555024,0.34613845366321905
2407,,after_candidate_limit,,2820,112,20,112,5,1.5,0.5,0.75,20,1,0.7434234449760766,0.3458053960122158
2408,,after_candidate_limit,,792,31,17,31,12.78,11.5,1.33,2,6,3,0.8562267942583732,0.34575105561767244
2409,,after_candidate_limit,,3020,120,20,120,5,2.25,0.5,1.38,20,1,0.7434234449760766,0.3456687998534838
2410,,after_candidate_limit,,3045,121,20,121,5,2.25,0.5,2,20,1,0.7434062200956938,0.345570299689218
2411,,after_candidate_limit,,816,32,16,32,12.78,11.5,1.33,3.67,6,2,0.8538019138755981,0.3454602653325236
2412,,after_candidate_limit,,3396,135,21,135,5,4.5,0.5,2,20,2,0.7434569377990431,0.3454033134369735
2413,,after_candidate_limit,,3861,154,11,154,9.44,5.66,0.5,0.75,3,2,0.8908229665071771,0.34524890660554103
2414,,after_candidate_limit,,3371,134,21,134,5,4.5,0.5,1.38,20,2,0.743455023923445,0.3452467011722284
2415,,after_candidate_limit,,3980,159,5,159,9.44,5.66,2.17,3.25,2,1,0.8606468899521531,0.3452037174260216
2416,,after_candidate_limit,,2696,107,21,107,15,9,0.5,2,20,2,0.8737425837320574,0.34510987074565647
2417,,after_candidate_limit,,3346,133,21,133,5,4.5,0.5,0.75,20,2,0.7434569377990431,0.3451050421122241
2418,,after_candidate_limit,,817,32,17,32,12.78,11.5,1.33,3.67,6,3,0.8562354066985646,0.3448872154552459
2419,,after_candidate_limit,,3755,150,5,150,9.44,4.25,1.33,2,2,1,0.8757023923444976,0.34486944180429024
2420,,after_candidate_limit,,3780,151,5,151,9.44,4.25,1.33,3.67,2,1,0.8757301435406698,0.3448372057553842
2421,,after_candidate_limit,,2671,106,21,106,15,9,0.5,1.38,20,2,0.8738459330143541,0.3447997852874948
2422,,after_candidate_limit,,4087,163,12,163,9.44,8.5,0.5,2,3,3,0.8911665071770335,0.3447690869516552
2423,,after_candidate_limit,,3911,156,11,156,9.44,5.66,0.5,2,3,2,0.8908258373205742,0.34458499102164125
2424,,after_candidate_limit,,3886,155,11,155,9.44,5.66,0.5,1.38,3,2,0.8908143540669856,0.3445830653414891
2425,,after_candidate_limit,,4062,162,12,162,9.44,8.5,0.5,1.38,3,3,0.8911263157894737,0.3445621274738489
2426,,after_candidate_limit,,3221,128,21,128,5,3,0.5,2,20,2,0.7433765550239234,0.34448909551014456
2427,,after_candidate_limit,,3196,127,21,127,5,3,0.5,1.38,20,2,0.7433478468899521,0.3442992794771822
2428,,after_candidate_limit,,3171,126,21,126,5,3,0.5,0.75,20,2,0.743344976076555,0.3442875938286905
2429,,after_candidate_limit,,3397,135,22,135,5,4.5,0.5,2,20,3,0.7433401913875598,0.3442713522184714
2430,,after_candidate_limit,,4037,161,12,161,9.44,8.5,0.5,0.75,3,3,0.8911578947368421,0.3441794794239332
2431,,after_candidate_limit,,3535,141,10,141,9.44,2.83,0.5,1.38,3,1,0.89082009569378,0.3441641277906129
2432,,after_candidate_limit,,3372,134,22,134,5,4.5,0.5,1.38,20,3,0.7433181818181818,0.34411497538372265
2433,,after_candidate_limit,,390,15,15,15,11.67,5.25,0.5,1.38,6,1,0.8543598086124402,0.34405228058896326
2434,,after_candidate_limit,,3560,142,10,142,9.44,2.83,0.5,2,3,1,0.8907942583732057,0.3440083220323866
2435,,after_candidate_limit,,3347,133,22,133,5,4.5,0.5,0.75,20,3,0.7432961722488038,0.34394198566162093
2436,,after_candidate_limit,,1190,47,15,47,12.78,5.75,2.17,3.25,6,1,0.8451377990430622,0.34388829655829606
2437,,after_candidate_limit,,841,33,16,33,12.78,11.5,2.17,3.25,6,2,0.8463138755980861,0.34382098477377065
2438,,after_candidate_limit,,2845,113,20,113,5,1.5,0.5,1.38,20,1,0.7432846889952153,0.34375800611090473
2439,,after_candidate_limit,,4020,160,20,160,9.44,5.66,3,4.5,20,1,0.7809899521531101,0.34336118417657513
2440,,after_candidate_limit,,1341,53,16,53,12.78,7.67,1.33,3.67,6,2,0.8551071770334928,0.3433304933914483
2441,,after_candidate_limit,,2996,119,21,119,5,2.25,0.5,0.75,20,2,0.7432693779904306,0.3432944719258367
2442,,after_candidate_limit,,2870,114,20,114,5,1.5,0.5,2,20,1,0.7432569377990431,0.34311275939928537
2443,,after_candidate_limit,,415,16,15,16,11.67,5.25,0.5,2,6,1,0.8543483253588516,0.3428383573772173
2444,,after_candidate_limit,,1316,52,16,52,12.78,7.67,1.33,2,6,2,0.8550622009569377,0.3427354013271173
2445,,after_candidate_limit,,541,21,16,21,11.67,7,0.5,0.75,6,2,0.8544631578947368,0.34228487708864647
2446,,after_candidate_limit,,866,34,16,34,12.78,11.5,3,4.5,6,2,0.8554636363636363,0.3422419712960424
2447,,after_candidate_limit,,3222,128,22,128,5,3,0.5,2,20,3,0.7432081339712918,0.3422253788471776
2448,,after_candidate_limit,,3021,120,21,120,5,2.25,0.5,1.38,20,2,0.7431918660287081,0.34208011833625845
2449,,after_candidate_limit,,2821,112,21,112,5,1.5,0.5,0.75,20,2,0.743188995215311,0.342074476367012
2450,,after_candidate_limit,,3197,127,22,127,5,3,0.5,1.38,20,3,0.74318995215311,0.34204327062475937
2451,,after_candidate_limit,,3172,126,22,126,5,3,0.5,0.75,20,3,0.7431765550239234,0.34192176509564975
2452,,after_candidate_limit,,790,31,15,31,12.78,11.5,1.33,2,6,1,0.8505435406698565,0.34182501934281284
2453,,after_candidate_limit,,3605,144,5,144,9.44,2.83,1.33,3.67,2,1,0.8755444976076555,0.3416154966840881
2454,,after_candidate_limit,,3580,143,5,143,9.44,2.83,1.33,2,2,1,0.8755502392344497,0.3416012213210705
2455,,after_candidate_limit,,671,26,21,26,11.67,7,2.17,3.25,20,2,0.8344205741626795,0.3415331463508668
2456,,after_candidate_limit,,3711,148,11,148,9.44,4.25,0.5,1.38,3,2,0.8907062200956938,0.3414482844581923
2457,,after_candidate_limit,,3686,147,11,147,9.44,4.25,0.5,0.75,3,2,0.8907071770334928,0.34137864386471123
2458,,after_candidate_limit,,867,34,17,34,12.78,11.5,3,4.5,6,3,0.8561325358851675,0.3413681546813127
2459,,after_candidate_limit,,3736,149,11,149,9.44,4.25,0.5,2,3,2,0.890711961722488,0.3412436166178129
2460,,after_candidate_limit,,1391,55,16,55,12.78,7.67,3,4.5,6,2,0.8552071770334928,0.341189972312873
2461,,after_candidate_limit,,3046,121,21,121,5,2.25,0.5,2,20,2,0.7431430622009569,0.34108120293757305
2462,,after_candidate_limit,,842,33,17,33,12.78,11.5,2.17,3.25,6,3,0.8462555023923445,0.3409756157708496
2463,,after_candidate_limit,,3956,158,6,158,9.44,5.66,1.33,3.67,2,2,0.8755215311004785,0.3409186122043852
2464,,after_candidate_limit,,566,22,16,22,11.67,7,0.5,1.38,6,2,0.8544468899521531,0.3408940648943676
2465,,after_candidate_limit,,4197,167,22,167,9.44,8.5,3,4.5,20,3,0.7809846889952153,0.3408703953037308
2466,,after_candidate_limit,,3931,157,6,157,9.44,5.66,1.33,2,2,2,0.8755157894736842,0.34080631352705165
2467,,after_candidate_limit,,3912,156,12,156,9.44,5.66,0.5,2,3,3,0.8906909090909091,0.34073755984361487
2468,,after_candidate_limit,,3862,154,12,154,9.44,5.66,0.5,0.75,3,3,0.8906755980861244,0.3404421468451815
2469,,after_candidate_limit,,3887,155,12,155,9.44,5.66,0.5,1.38,3,3,0.8906842105263157,0.3404324404216435
2470,,after_candidate_limit,,3995,159,20,159,9.44,5.66,2.17,3.25,20,1,0.7603717703349282,0.3404169977812421
2471,,after_candidate_limit,,591,23,16,23,11.67,7,0.5,2,6,2,0.8544535885167465,0.3404072722873892
2472,,after_candidate_limit,,4021,160,21,160,9.44,5.66,3,4.5,20,2,0.7805842105263158,0.34039790592052166
2473,,after_candidate_limit,,1945,77,20,77,13.89,8.33,0.5,0.75,20,1,0.8554899521531101,0.34035850355316816
2474,,after_candidate_limit,,4005,160,5,160,9.44,5.66,3,4.5,2,1,0.8569933014354068,0.34035155738443984
2475,,after_candidate_limit,,148,5,23,5,11.67,10.5,2.17,3.25,20,8,0.8342311004784689,0.34024852222948176
2476,,after_candidate_limit,,4156,166,6,166,9.44,8.5,2.17,3.25,2,2,0.860777990430622,0.3401299551102374
2477,,after_candidate_limit,,4107,164,7,164,9.44,8.5,1.33,2,2,3,0.875754066985646,0.3401181056901684
2478,,after_candidate_limit,,847,33,22,33,12.78,11.5,2.17,3.25,20,3,0.8424086124401914,0.34002228210491164
2479,,after_candidate_limit,,645,25,20,25,11.67,7,1.33,3.67,20,1,0.8138923444976076,0.3398462791450777
2480,,after_candidate_limit,,495,19,20,19,11.67,5.25,2.17,3.25,20,1,0.8316444976076555,0.33978329975568766
2481,,after_candidate_limit,,2997,119,22,119,5,2.25,0.5,0.75,20,3,0.7431114832535886,0.3397617952302929
2482,,after_candidate_limit,,620,24,20,24,11.67,7,1.33,2,20,1,0.8138425837320574,0.33960280026484896
2483,,after_candidate_limit,,4132,165,7,165,9.44,8.5,1.33,3.67,2,3,0.8757846889952153,0.33931384996318403
2484,,after_candidate_limit,,3511,140,11,140,9.44,2.83,0.5,0.75,3,2,0.8906593301435407,0.3392217407513197
2485,,after_candidate_limit,,3781,151,6,151,9.44,4.25,1.33,3.67,2,2,0.8754334928229665,0.3391388987478741
2486,,after_candidate_limit,,2471,98,21,98,15,6.75,0.5,0.75,20,2,0.8733272727272727,0.33913039409935525
2487,,after_candidate_limit,,2846,113,21,113,5,1.5,0.5,1.38,20,2,0.7431076555023923,0.33906777458678866
2488,,after_candidate_limit,,3756,150,6,150,9.44,4.25,1.33,2,2,2,0.8754239234449761,0.3390123701057298
2489,,after_candidate_limit,,2822,112,22,112,5,1.5,0.5,0.75,20,3,0.7431047846889952,0.3389820316794978
2490,,after_candidate_limit,,3022,120,22,120,5,2.25,0.5,1.38,20,3,0.7431047846889952,0.3389820316794978
2491,,after_candidate_limit,,3047,121,22,121,5,2.25,0.5,2,20,3,0.7431047846889952,0.3389820316794978
2492,,after_candidate_limit,,3536,141,11,141,9.44,2.83,0.5,1.38,3,2,0.8906535885167464,0.3388995206773881
2493,,after_candidate_limit,,3561,142,11,142,9.44,2.83,0.5,2,3,2,0.8906526315789474,0.33889292271119414
2494,,after_candidate_limit,,797,31,22,31,12.78,11.5,1.33,2,20,3,0.8392588516746411,0.33870422021819885
2495,,after_candidate_limit,,4171,166,21,166,9.44,8.5,2.17,3.25,20,2,0.7619980861244019,0.33868740894407157
2496,,after_candidate_limit,,2295,91,20,91,15,4.5,0.5,0.75,20,1,0.870022009569378,0.33865002578293574
2497,,after_candidate_limit,,1366,54,16,54,12.78,7.67,2.17,3.25,6,2,0.8452679425837321,0.33863944270802987
2498,,after_candidate_limit,,2871,114,21,114,5,1.5,0.5,2,20,2,0.7431057416267942,0.3386365576555717
2499,,after_candidate_limit,,3845,153,20,153,9.44,4.25,3,4.5,20,1,0.7806937799043062,0.33857779874588945
2500,,after_candidate_limit,,3737,149,12,149,9.44,4.25,0.5,2,3,3,0.8906497607655502,0.33841728978056307
2501,,after_candidate_limit,,3687,147,12,147,9.44,4.25,0.5,0.75,3,3,0.8906478468899521,0.33829876774532275
2502,,after_candidate_limit,,2823,112,23,112,5,1.5,0.5,0.75,20,8,0.7431028708133971,0.33824393644140255
2503,,after_candidate_limit,,2824,112,24,112,5,1.5,0.5,0.75,20,15,0.7431028708133971,0.33824393644140255
2504,,after_candidate_limit,,2847,113,22,113,5,1.5,0.5,1.38,20,3,0.7431028708133971,0.33824393644140255
2505,,after_candidate_limit,,2848,113,23,113,5,1.5,0.5,1.38,20,8,0.7431028708133971,0.33824393644140255
2506,,after_candidate_limit,,2849,113,24,113,5,1.5,0.5,1.38,20,15,0.7431028708133971,0.33824393644140255
2507,,after_candidate_limit,,2872,114,22,114,5,1.5,0.5,2,20,3,0.7431028708133971,0.33824393644140255
2508,,after_candidate_limit,,2873,114,23,114,5,1.5,0.5,2,20,8,0.7431028708133971,0.33824393644140255
2509,,after_candidate_limit,,2874,114,24,114,5,1.5,0.5,2,20,15,0.7431028708133971,0.33824393644140255
2510,,after_candidate_limit,,2998,119,23,119,5,2.25,0.5,0.75,20,8,0.7431028708133971,0.33824393644140255
2511,,after_candidate_limit,,2999,119,24,119,5,2.25,0.5,0.75,20,15,0.7431028708133971,0.33824393644140255
2512,,after_candidate_limit,,3023,120,23,120,5,2.25,0.5,1.38,20,8,0.7431028708133971,0.33824393644140255
2513,,after_candidate_limit,,3024,120,24,120,5,2.25,0.5,1.38,20,15,0.7431028708133971,0.33824393644140255
2514,,after_candidate_limit,,3048,121,23,121,5,2.25,0.5,2,20,8,0.7431028708133971,0.33824393644140255
2515,,after_candidate_limit,,3049,121,24,121,5,2.25,0.5,2,20,15,0.7431028708133971,0.33824393644140255
2516,,after_candidate_limit,,3173,126,23,126,5,3,0.5,0.75,20,8,0.7431028708133971,0.33824393644140255
2517,,after_candidate_limit,,3174,126,24,126,5,3,0.5,0.75,20,15,0.7431028708133971,0.33824393644140255
2518,,after_candidate_limit,,3198,127,23,127,5,3,0.5,1.38,20,8,0.7431028708133971,0.33824393644140255
2519,,after_candidate_limit,,3199,127,24,127,5,3,0.5,1.38,20,15,0.7431028708133971,0.33824393644140255
2520,,after_candidate_limit,,3223,128,23,128,5,3,0.5,2,20,8,0.7431028708133971,0.33824393644140255
2521,,after_candidate_limit,,3224,128,24,128,5,3,0.5,2,20,15,0.7431028708133971,0.33824393644140255
2522,,after_candidate_limit,,3348,133,23,133,5,4.5,0.5,0.75,20,8,0.7431028708133971,0.33824393644140255
2523,,after_candidate_limit,,3349,133,24,133,5,4.5,0.5,0.75,20,15,0.7431028708133971,0.33824393644140255
2524,,after_candidate_limit,,3373,134,23,134,5,4.5,0.5,1.38,20,8,0.7431028708133971,0.33824393644140255
2525,,after_candidate_limit,,3374,134,24,134,5,4.5,0.5,1.38,20,15,0.7431028708133971,0.33824393644140255
2526,,after_candidate_limit,,3398,135,23,135,5,4.5,0.5,2,20,8,0.7431028708133971,0.33824393644140255
2527,,after_candidate_limit,,3399,135,24,135,5,4.5,0.5,2,20,15,0.7431028708133971,0.33824393644140255
2528,,after_candidate_limit,,720,28,20,28,12.78,11.5,0.5,0.75,20,1,0.863601913875598,0.33822649090873147
2529,,after_candidate_limit,,3712,148,12,148,9.44,4.25,0.5,1.38,3,3,0.8906468899521531,0.33810096554752056
2530,,after_candidate_limit,,2697,107,22,107,15,9,0.5,2,20,3,0.8733645933014355,0.33809994358784107
2531,,after_candidate_limit,,496,19,21,19,11.67,5.25,2.17,3.25,20,2,0.8341784688995215,0.33789978159108264
2532,,after_candidate_limit,,190,7,15,7,11.67,3.5,0.5,0.75,6,1,0.8540794258373205,0.3378982274363569
2533,,after_candidate_limit,,2672,106,22,106,15,9,0.5,1.38,20,3,0.8734124401913875,0.33782940926386534
2534,,after_candidate_limit,,3957,158,7,158,9.44,5.66,1.33,3.67,2,3,0.8754038277511962,0.337826800567734
2535,,after_candidate_limit,,3670,146,20,146,9.44,2.83,3,4.5,20,1,0.7805712918660287,0.3378233075062023
2536,,after_candidate_limit,,2496,99,21,99,15,6.75,0.5,1.38,20,2,0.8733023923444976,0.33782044969866315
2537,,after_candidate_limit,,2521,100,21,100,15,6.75,0.5,2,20,2,0.8733167464114833,0.3377681620263581
2538,,after_candidate_limit,,3932,157,7,157,9.44,5.66,1.33,2,2,3,0.8754,0.33762226800267386
2539,,after_candidate_limit,,672,26,22,26,11.67,7,2.17,3.25,20,3,0.8341966507177033,0.3375153866452499
2540,,after_candidate_limit,,2647,105,22,105,15,9,0.5,0.75,20,3,0.873377990430622,0.3373972863846408
2541,,after_candidate_limit,,2570,102,20,102,15,6.75,1.33,3.67,20,1,0.8675947368421053,0.33713131466386415
2542,,after_candidate_limit,,3846,153,21,153,9.44,4.25,3,4.5,20,2,0.7804961722488039,0.33691468011222997
2543,,after_candidate_limit,,990,39,15,39,12.78,3.83,1.33,3.67,6,1,0.8545875598086125,0.336852889121152
2544,,after_candidate_limit,,965,38,15,38,12.78,3.83,1.33,2,6,1,0.8545674641148325,0.33683511447434406
2545,,after_candidate_limit,,497,19,22,19,11.67,5.25,2.17,3.25,20,3,0.8341306220095693,0.3368245287514283
2546,,after_candidate_limit,,321,12,21,12,11.67,3.5,2.17,3.25,20,2,0.8340952153110048,0.33680304864464805
2547,,after_candidate_limit,,3671,146,21,146,9.44,2.83,3,4.5,20,2,0.7804468899521531,0.3367911571253587
2548,,after_candidate_limit,,1317,52,17,52,12.78,7.67,1.33,2,6,3,0.8547588516746412,0.33675093807215306
2549,,after_candidate_limit,,3805,152,5,152,9.44,4.25,2.17,3.25,2,1,0.8603435406698564,0.3367470778228966
2550,,after_candidate_limit,,4022,160,22,160,9.44,5.66,3,4.5,20,3,0.7804382775119617,0.3367254992003067
2551,,after_candidate_limit,,3847,153,22,153,9.44,4.25,3,4.5,20,3,0.7804344497607656,0.3367056867549918
2552,,after_candidate_limit,,3606,144,6,144,9.44,2.83,1.33,3.67,2,2,0.8753732057416268,0.3366826939548714
2553,,after_candidate_limit,,1342,53,17,53,12.78,7.67,1.33,3.67,6,3,0.8547712918660287,0.3366680654566894
2554,,after_candidate_limit,,3581,143,6,143,9.44,2.83,1.33,2,2,2,0.8753722488038278,0.33652203763635896
2555,,after_candidate_limit,,1166,46,16,46,12.78,5.75,1.33,3.67,6,2,0.8547358851674641,0.3364990162105147
2556,,after_candidate_limit,,2545,101,20,101,15,6.75,1.33,2,20,1,0.8673157894736843,0.3364492900361375
2557,,after_candidate_limit,,322,12,22,12,11.67,3.5,2.17,3.25,20,3,0.8341114832535885,0.3364117086481803
2558,,after_candidate_limit,,1395,55,20,55,12.78,7.67,3,4.5,20,1,0.860033971291866,0.33636711229819266
2559,,after_candidate_limit,,1141,45,16,45,12.78,5.75,1.33,2,6,2,0.8547311004784689,0.3363552531993058
2560,,after_candidate_limit,,696,27,21,27,11.67,7,3,4.5,20,2,0.8389205741626794,0.33626735739406155
2561,,after_candidate_limit,,320,12,20,12,11.67,3.5,2.17,3.25,20,1,0.8312263157894737,0.33623940493945
2562,,after_candidate_limit,,520,20,20,20,11.67,5.25,3,4.5,20,1,0.8390976076555023,0.33608798908485654
2563,,after_candidate_limit,,4088,163,13,163,9.44,8.5,0.5,2,3,8,0.8906535885167464,0.3360439055796706
2564,,after_candidate_limit,,1970,78,20,78,13.89,8.33,0.5,1.38,20,1,0.855534928229665,0.3360409923750515
2565,,after_candidate_limit,,2720,108,20,108,15,9,1.33,2,20,1,0.8613569377990431,0.33603845646888586
2566,,after_candidate_limit,,4063,162,13,162,9.44,8.5,0.5,1.38,3,8,0.890644976076555,0.33580756893436287
2567,,after_candidate_limit,,1345,53,20,53,12.78,7.67,1.33,3.67,20,1,0.8485593301435407,0.3357818616216929
2568,,after_candidate_limit,,3512,140,12,140,9.44,2.83,0.5,0.75,3,3,0.8906315789473684,0.33574650416164076
2569,,after_candidate_limit,,3537,141,12,141,9.44,2.83,0.5,1.38,3,3,0.8906315789473684,0.33574650416164076
2570,,after_candidate_limit,,3562,142,12,142,9.44,2.83,0.5,2,3,3,0.8906315789473684,0.33574650416164076
2571,,after_candidate_limit,,3782,151,7,151,9.44,4.25,1.33,3.67,2,3,0.8753645933014355,0.3356119033708313
2572,,after_candidate_limit,,3757,150,7,150,9.44,4.25,1.33,2,2,3,0.8753626794258373,0.3355905080961883
2573,,after_candidate_limit,,173,6,23,6,11.67,10.5,3,4.5,20,8,0.8387047846889952,0.3355703906137936
2574,,after_candidate_limit,,240,9,15,9,11.67,3.5,0.5,2,6,1,0.8540258373205741,0.33556340149241826
2575,,after_candidate_limit,,215,8,15,8,11.67,3.5,0.5,1.38,6,1,0.8540210526315789,0.3354903070649621
2576,,after_candidate_limit,,4198,167,23,167,9.44,8.5,3,4.5,20,8,0.7802708133971292,0.335475726857275
2577,,after_candidate_limit,,3513,140,13,140,9.44,2.83,0.5,0.75,3,8,0.8906287081339713,0.3354355614604274
2578,,after_candidate_limit,,3514,140,14,140,9.44,2.83,0.5,0.75,3,15,0.8906287081339713,0.3354355614604274
2579,,after_candidate_limit,,3538,141,13,141,9.44,2.83,0.5,1.38,3,8,0.8906287081339713,0.3354355614604274
2580,,after_candidate_limit,,3539,141,14,141,9.44,2.83,0.5,1.38,3,15,0.8906287081339713,0.3354355614604274
2581,,after_candidate_limit,,3563,142,13,142,9.44,2.83,0.5,2,3,8,0.8906287081339713,0.3354355614604274
2582,,after_candidate_limit,,3564,142,14,142,9.44,2.83,0.5,2,3,15,0.8906287081339713,0.3354355614604274
2583,,after_candidate_limit,,3688,147,13,147,9.44,4.25,0.5,0.75,3,8,0.8906287081339713,0.3354355614604274
2584,,after_candidate_limit,,3689,147,14,147,9.44,4.25,0.5,0.75,3,15,0.8906287081339713,0.3354355614604274
2585,,after_candidate_limit,,3713,148,13,148,9.44,4.25,0.5,1.38,3,8,0.8906287081339713,0.3354355614604274
2586,,after_candidate_limit,,3714,148,14,148,9.44,4.25,0.5,1.38,3,15,0.8906287081339713,0.3354355614604274
2587,,after_candidate_limit,,3738,149,13,149,9.44,4.25,0.5,2,3,8,0.8906287081339713,0.3354355614604274
2588,,after_candidate_limit,,3739,149,14,149,9.44,4.25,0.5,2,3,15,0.8906287081339713,0.3354355614604274
2589,,after_candidate_limit,,3863,154,13,154,9.44,5.66,0.5,0.75,3,8,0.8906287081339713,0.3354355614604274
2590,,after_candidate_limit,,3864,154,14,154,9.44,5.66,0.5,0.75,3,15,0.8906287081339713,0.3354355614604274
2591,,after_candidate_limit,,3888,155,13,155,9.44,5.66,0.5,1.38,3,8,0.8906287081339713,0.3354355614604274
2592,,after_candidate_limit,,3889,155,14,155,9.44,5.66,0.5,1.38,3,15,0.8906287081339713,0.3354355614604274
2593,,after_candidate_limit,,3913,156,13,156,9.44,5.66,0.5,2,3,8,0.8906287081339713,0.3354355614604274
2594,,after_candidate_limit,,3914,156,14,156,9.44,5.66,0.5,2,3,15,0.8906287081339713,0.3354355614604274
2595,,after_candidate_limit,,4039,161,14,161,9.44,8.5,0.5,0.75,3,15,0.8906287081339713,0.3354355614604274
2596,,after_candidate_limit,,4064,162,14,162,9.44,8.5,0.5,1.38,3,15,0.8906287081339713,0.3354355614604274
2597,,after_candidate_limit,,4089,163,14,163,9.44,8.5,0.5,2,3,15,0.8906287081339713,0.3354355614604274
2598,,after_candidate_limit,,4038,161,13,161,9.44,8.5,0.5,0.75,3,8,0.8906411483253589,0.3352496064366754
2599,,after_candidate_limit,,1040,41,15,41,12.78,3.83,3,4.5,6,1,0.8547133971291866,0.3352410725534028
2600,,after_candidate_limit,,1216,48,16,48,12.78,5.75,3,4.5,6,2,0.8548607655502393,0.3350181414871294
2601,,after_candidate_limit,,4172,166,22,166,9.44,8.5,2.17,3.25,20,3,0.7626990430622009,0.3349995216912194
2602,,after_candidate_limit,,2320,92,20,92,15,4.5,0.5,1.38,20,1,0.8699971291866029,0.33499521715355296
2603,,after_candidate_limit,,1392,55,17,55,12.78,7.67,3,4.5,6,3,0.8548607655502393,0.3347887112709781
2604,,after_candidate_limit,,3607,144,7,144,9.44,2.83,1.33,3.67,2,3,0.8753531100478469,0.33476780257316957
2605,,after_candidate_limit,,1995,79,20,79,13.89,8.33,0.5,2,20,1,0.8555655502392344,0.3347668424924195
2606,,after_candidate_limit,,366,14,16,14,11.67,5.25,0.5,0.75,6,2,0.854198086124402,0.3347033613864809
2607,,after_candidate_limit,,2620,104,20,104,15,6.75,3,4.5,20,1,0.8538588516746412,0.3345592306036014
2608,,after_candidate_limit,,542,21,17,21,11.67,7,0.5,0.75,6,3,0.8541904306220096,0.33453864691082047
2609,,after_candidate_limit,,149,5,24,5,11.67,10.5,2.17,3.25,20,15,0.8341133971291866,0.33453569220641066
2610,,after_candidate_limit,,815,32,15,32,12.78,11.5,1.33,3.67,6,1,0.850833014354067,0.3343387229332853
2611,,after_candidate_limit,,2345,93,20,93,15,4.5,0.5,2,20,1,0.8700105263157895,0.33431789249943017
2612,,after_candidate_limit,,2745,109,20,109,15,9,1.33,3.67,20,1,0.8613435406698564,0.33409360911661745
2613,,after_candidate_limit,,416,16,16,16,11.67,5.25,0.5,2,6,2,0.8542028708133971,0.33403833492365154
2614,,after_candidate_limit,,391,15,16,15,11.67,5.25,0.5,1.38,6,2,0.8541923444976076,0.3339868551403532
2615,,after_candidate_limit,,3582,143,7,143,9.44,2.83,1.33,2,2,3,0.8753511961722488,0.33395034225570924
2616,,after_candidate_limit,,567,22,17,22,11.67,7,0.5,1.38,6,3,0.8541837320574163,0.3338634926869817
2617,,after_candidate_limit,,4181,167,6,167,9.44,8.5,3,4.5,2,2,0.8571071770334928,0.33372885912708394
2618,,after_candidate_limit,,1320,52,20,52,12.78,7.67,1.33,2,20,1,0.8485296650717703,0.3336709640069272
2619,,after_candidate_limit,,3996,159,21,159,9.44,5.66,2.17,3.25,20,2,0.7624181818181818,0.3335962306201804
2620,,after_candidate_limit,,71,2,21,2,11.67,10.5,0.5,2,20,2,0.8475631578947368,0.3335572544005575
2621,,after_candidate_limit,,991,39,16,39,12.78,3.83,1.33,3.67,6,2,0.8546086124401914,0.3335268890576265
2622,,after_candidate_limit,,3820,152,20,152,9.44,4.25,2.17,3.25,20,1,0.7598971291866029,0.33351741111450195
2623,,after_candidate_limit,,3830,153,5,153,9.44,4.25,3,4.5,2,1,0.8566909090909091,0.33344774411493844
2624,,after_candidate_limit,,3672,146,22,146,9.44,2.83,3,4.5,20,3,0.7802698564593301,0.3334453564869046
2625,,after_candidate_limit,,2795,111,20,111,15,9,3,4.5,20,1,0.8506574162679426,0.33342237257967294
2626,,after_candidate_limit,,592,23,17,23,11.67,7,0.5,2,6,3,0.8541846889952153,0.3333185812064409
2627,,after_candidate_limit,,3673,146,23,146,9.44,2.83,3,4.5,20,8,0.780266985645933,0.33327360231515046
2628,,after_candidate_limit,,3674,146,24,146,9.44,2.83,3,4.5,20,15,0.780266985645933,0.33327360231515046
2629,,after_candidate_limit,,3848,153,23,153,9.44,4.25,3,4.5,20,8,0.780266985645933,0.33327360231515046
2630,,after_candidate_limit,,3849,153,24,153,9.44,4.25,3,4.5,20,15,0.780266985645933,0.33327360231515046
2631,,after_candidate_limit,,4023,160,23,160,9.44,5.66,3,4.5,20,8,0.780266985645933,0.33327360231515046
2632,,after_candidate_limit,,4024,160,24,160,9.44,5.66,3,4.5,20,15,0.780266985645933,0.33327360231515046
2633,,after_candidate_limit,,4199,167,24,167,9.44,8.5,3,4.5,20,15,0.780266985645933,0.33327360231515046
2634,,after_candidate_limit,,840,33,15,33,12.78,11.5,2.17,3.25,6,1,0.8431377990430622,0.33323272452699226
2635,,after_candidate_limit,,966,38,16,38,12.78,3.83,1.33,2,6,2,0.8545971291866029,0.3330933961472301
2636,,after_candidate_limit,,4133,165,8,165,9.44,8.5,1.33,3.67,2,8,0.8753722488038278,0.333085618908876
2637,,after_candidate_limit,,4108,164,8,164,9.44,8.5,1.33,2,2,8,0.8753665071770335,0.33306607692496715
2638,,after_candidate_limit,,3933,157,8,157,9.44,5.66,1.33,2,2,8,0.8753502392344498,0.3328562973463577
2639,,after_candidate_limit,,3958,158,8,158,9.44,5.66,1.33,3.67,2,8,0.8753502392344498,0.3328562973463577
2640,,after_candidate_limit,,2595,103,20,103,15,6.75,2.17,3.25,20,1,0.8520593301435406,0.3328375093943622
2641,,after_candidate_limit,,3583,143,8,143,9.44,2.83,1.33,2,2,8,0.8753492822966508,0.3328298693838683
2642,,after_candidate_limit,,3584,143,9,143,9.44,2.83,1.33,2,2,15,0.8753492822966508,0.3328298693838683
2643,,after_candidate_limit,,3608,144,8,144,9.44,2.83,1.33,3.67,2,8,0.8753492822966508,0.3328298693838683
2644,,after_candidate_limit,,3609,144,9,144,9.44,2.83,1.33,3.67,2,15,0.8753492822966508,0.3328298693838683
2645,,after_candidate_limit,,3758,150,8,150,9.44,4.25,1.33,2,2,8,0.8753492822966508,0.3328298693838683
2646,,after_candidate_limit,,3759,150,9,150,9.44,4.25,1.33,2,2,15,0.8753492822966508,0.3328298693838683
2647,,after_candidate_limit,,3783,151,8,151,9.44,4.25,1.33,3.67,2,8,0.8753492822966508,0.3328298693838683
2648,,after_candidate_limit,,3784,151,9,151,9.44,4.25,1.33,3.67,2,15,0.8753492822966508,0.3328298693838683
2649,,after_candidate_limit,,3934,157,9,157,9.44,5.66,1.33,2,2,15,0.8753492822966508,0.3328298693838683
2650,,after_candidate_limit,,3959,158,9,158,9.44,5.66,1.33,3.67,2,15,0.8753492822966508,0.3328298693838683
2651,,after_candidate_limit,,4109,164,9,164,9.44,8.5,1.33,2,2,15,0.8753492822966508,0.3328298693838683
2652,,after_candidate_limit,,4134,165,9,165,9.44,8.5,1.33,3.67,2,15,0.8753492822966508,0.3328298693838683
2653,,after_candidate_limit,,3630,145,5,145,9.44,2.83,2.17,3.25,2,1,0.8601425837320574,0.33278288436291104
2654,,after_candidate_limit,,3645,145,20,145,9.44,2.83,2.17,3.25,20,1,0.7597650717703349,0.33264689530556335
2655,,after_candidate_limit,,521,20,21,20,11.67,5.25,3,4.5,20,2,0.8386674641148325,0.3326256783385909
2656,,after_candidate_limit,,1015,40,15,40,12.78,3.83,2.17,3.25,6,1,0.8447492822966507,0.33255369326414985
2657,,after_candidate_limit,,2472,98,22,98,15,6.75,0.5,0.75,20,3,0.8731234449760765,0.3325296792863203
2658,,after_candidate_limit,,865,34,15,34,12.78,11.5,3,4.5,6,1,0.8558172248803828,0.33239974513102033
2659,,after_candidate_limit,,345,13,20,13,11.67,3.5,3,4.5,20,1,0.8386813397129187,0.332385429869469
2660,,after_candidate_limit,,1367,54,17,54,12.78,7.67,2.17,3.25,6,3,0.8449349282296651,0.3323658326704484
2661,,after_candidate_limit,,2770,110,20,110,15,9,2.17,3.25,20,1,0.8489822966507177,0.3322410426630014
2662,,after_candidate_limit,,323,12,23,12,11.67,3.5,2.17,3.25,20,8,0.8341057416267943,0.3322119506247743
2663,,after_candidate_limit,,324,12,24,12,11.67,3.5,2.17,3.25,20,15,0.8341057416267943,0.3322119506247743
2664,,after_candidate_limit,,498,19,23,19,11.67,5.25,2.17,3.25,20,8,0.8341057416267943,0.3322119506247743
2665,,after_candidate_limit,,499,19,24,19,11.67,5.25,2.17,3.25,20,15,0.8341057416267943,0.3322119506247743
2666,,after_candidate_limit,,673,26,23,26,11.67,7,2.17,3.25,20,8,0.8341057416267943,0.3322119506247743
2667,,after_candidate_limit,,674,26,24,26,11.67,7,2.17,3.25,20,15,0.8341057416267943,0.3322119506247743
2668,,after_candidate_limit,,697,27,22,27,11.67,7,3,4.5,20,3,0.8386813397129187,0.3321652862910323
2669,,after_candidate_limit,,1191,47,16,47,12.78,5.75,2.17,3.25,6,2,0.8449224880382775,0.33206417574588726
2670,,after_candidate_limit,,3981,159,6,159,9.44,5.66,2.17,3.25,2,2,0.8601186602870814,0.3319307252822128
2671,,after_candidate_limit,,2497,99,22,99,15,6.75,0.5,1.38,20,3,0.8731244019138756,0.33192610856826804
2672,,after_candidate_limit,,1167,46,17,46,12.78,5.75,1.33,3.67,6,3,0.8546114832535885,0.33186968489803076
2673,,after_candidate_limit,,1142,45,17,45,12.78,5.75,1.33,2,6,3,0.8546095693779905,0.3318390711677491
2674,,after_candidate_limit,,2522,100,22,100,15,6.75,0.5,2,20,3,0.8731263157894736,0.3318279967662678
2675,,after_candidate_limit,,3821,152,21,152,9.44,4.25,2.17,3.25,20,2,0.7623540669856459,0.3318111680117901
2676,,after_candidate_limit,,1041,41,16,41,12.78,3.83,3,4.5,6,2,0.854744976076555,0.3317032129744625
2677,,after_candidate_limit,,2721,108,21,108,15,9,1.33,2,20,2,0.8672435406698564,0.3315515378666611
2678,,after_candidate_limit,,346,13,21,13,11.67,3.5,3,4.5,20,2,0.83858995215311,0.33146537146178223
2679,,after_candidate_limit,,3997,159,22,159,9.44,5.66,2.17,3.25,20,3,0.7623148325358852,0.33128394802681443
2680,,after_candidate_limit,,2296,91,21,91,15,4.5,0.5,0.75,20,2,0.8730880382775119,0.33124055316637707
2681,,after_candidate_limit,,522,20,22,20,11.67,5.25,3,4.5,20,3,0.8385822966507177,0.33121014396053505
2682,,after_candidate_limit,,347,13,22,13,11.67,3.5,3,4.5,20,3,0.8385765550239235,0.3310170433467667
2683,,after_candidate_limit,,2123,84,23,84,15,13.5,0.5,0.75,20,8,0.8701904306220095,0.33100295939428515
2684,,after_candidate_limit,,2346,93,21,93,15,4.5,0.5,2,20,2,0.8730966507177034,0.3309421435641768
2685,,after_candidate_limit,,241,9,16,9,11.67,3.5,0.5,2,6,2,0.8540956937799044,0.3309115993057489
2686,,after_candidate_limit,,2321,92,21,92,15,4.5,0.5,1.38,20,2,0.87308995215311,0.33083762336523176
2687,,after_candidate_limit,,1217,48,17,48,12.78,5.75,3,4.5,6,3,0.8547306220095694,0.33052054738492664
2688,,after_candidate_limit,,1770,70,20,70,13.89,6.25,0.5,0.75,20,1,0.8545559808612441,0.33034146033048895
2689,,after_candidate_limit,,4157,166,7,166,9.44,8.5,2.17,3.25,2,3,0.860378947368421,0.3303117181411765
2690,,after_candidate_limit,,2796,111,21,111,15,9,3,4.5,20,2,0.8565904306220096,0.3302574534105644
2691,,after_candidate_limit,,2746,109,21,109,15,9,1.33,3.67,20,2,0.8640153110047847,0.3301558601655235
2692,,after_candidate_limit,,721,28,21,28,12.78,11.5,0.5,0.75,20,2,0.8602153110047847,0.3301496877568452
2693,,after_candidate_limit,,3822,152,22,152,9.44,4.25,2.17,3.25,20,3,0.7621985645933015,0.3300966826976836
2694,,after_candidate_limit,,2124,84,24,84,15,13.5,0.5,0.75,20,15,0.8699732057416268,0.33006373814463374
2695,,after_candidate_limit,,216,8,16,8,11.67,3.5,0.5,1.38,6,2,0.8540842105263158,0.33002371339569253
2696,,after_candidate_limit,,470,18,20,18,11.67,5.25,1.33,3.67,20,1,0.8127287081339712,0.32986116957965544
2697,,after_candidate_limit,,191,7,16,7,11.67,3.5,0.5,0.75,6,2,0.854088995215311,0.329808054375554
2698,,after_candidate_limit,,3806,152,6,152,9.44,4.25,2.17,3.25,2,2,0.8600296650717704,0.32975464267530763
2699,,after_candidate_limit,,621,24,21,24,11.67,7,1.33,2,20,2,0.8154784688995216,0.3297504021854177
2700,,after_candidate_limit,,770,30,20,30,12.78,11.5,0.5,2,20,1,0.8377492822966507,0.32970454433362306
2701,,after_candidate_limit,,417,16,17,16,11.67,5.25,0.5,2,6,3,0.8540861244019139,0.3293223363008265
2702,,after_candidate_limit,,3646,145,21,145,9.44,2.83,2.17,3.25,20,2,0.7621315789473684,0.3293177521716365
2703,,after_candidate_limit,,3655,146,5,146,9.44,2.83,3,4.5,2,1,0.8564842105263157,0.3292227309994396
2704,,after_candidate_limit,,1370,54,20,54,12.78,7.67,2.17,3.25,20,1,0.8474301435406698,0.32921584516948277
2705,,after_candidate_limit,,367,14,17,14,11.67,5.25,0.5,0.75,6,3,0.8540832535885168,0.3291526281967261
2706,,after_candidate_limit,,392,15,17,15,11.67,5.25,0.5,1.38,6,3,0.8540832535885168,0.3291306803213423
2707,,after_candidate_limit,,1016,40,16,40,12.78,3.83,2.17,3.25,6,2,0.8448019138755981,0.32911164634500467
2708,,after_candidate_limit,,174,6,24,6,11.67,10.5,3,4.5,20,15,0.8385688995215311,0.3290787739026186
2709,,after_candidate_limit,,445,17,20,17,11.67,5.25,1.33,2,20,1,0.8127076555023923,0.32906805118682037
2710,,after_candidate_limit,,1422,56,22,56,13.89,12.5,0.5,0.75,20,3,0.8546306220095694,0.3289825372489131
2711,,after_candidate_limit,,818,32,18,32,12.78,11.5,1.33,3.67,6,8,0.8544822966507177,0.3287378921586714
2712,,after_candidate_limit,,992,39,17,39,12.78,3.83,1.33,3.67,6,3,0.8545377990430622,0.3285035991904107
2713,,after_candidate_limit,,793,31,18,31,12.78,11.5,1.33,2,6,8,0.8544698564593302,0.3284407117405771
2714,,after_candidate_limit,,68,2,18,2,11.67,10.5,0.5,2,6,8,0.8539014354066986,0.3283592108339898
2715,,after_candidate_limit,,722,28,22,28,12.78,11.5,0.5,0.75,20,3,0.8581473684210527,0.3283277059779749
2716,,after_candidate_limit,,646,25,21,25,11.67,7,1.33,3.67,20,2,0.815466028708134,0.3282469094671803
2717,,after_candidate_limit,,967,38,17,38,12.78,3.83,1.33,2,6,3,0.8545358851674641,0.3282311625477695
2718,,after_candidate_limit,,2149,85,24,85,15,13.5,0.5,1.38,20,15,0.8695933014354067,0.32811371069395223
2719,,after_candidate_limit,,4006,160,6,160,9.44,5.66,3,4.5,2,2,0.8564765550239234,0.3280152138274641
2720,,after_candidate_limit,,1946,77,21,77,13.89,8.33,0.5,0.75,20,2,0.854621052631579,0.3280070488994454
2721,,after_candidate_limit,,2174,86,24,86,15,13.5,0.5,2,20,15,0.8694430622009569,0.32794788131238156
2722,,after_candidate_limit,,1192,47,17,47,12.78,5.75,2.17,3.25,6,3,0.8447971291866029,0.3278860895136952
2723,,after_candidate_limit,,2771,110,21,110,15,9,2.17,3.25,20,2,0.8516574162679426,0.32779259877908823
2724,,after_candidate_limit,,745,29,20,29,12.78,11.5,0.5,1.38,20,1,0.8455885167464114,0.327787200050364
2725,,after_candidate_limit,,3982,159,7,159,9.44,5.66,2.17,3.25,2,3,0.8599980861244019,0.32771869160759765
2726,,after_candidate_limit,,1795,71,20,71,13.89,6.25,0.5,1.38,20,1,0.8545531100478468,0.3276139192642106
2727,,after_candidate_limit,,446,17,21,17,11.67,5.25,1.33,2,20,2,0.8152325358851674,0.3274024022902285
2728,,after_candidate_limit,,2347,93,22,93,15,4.5,0.5,2,20,3,0.8730162679425837,0.3273588873491505
2729,,after_candidate_limit,,1042,41,17,41,12.78,3.83,3,4.5,6,3,0.8546693779904306,0.3273280549337777
2730,,after_candidate_limit,,43,1,18,1,11.67,10.5,0.5,1.38,6,8,0.8538449760765551,0.3273106027581711
2731,,after_candidate_limit,,2322,92,22,92,15,4.5,0.5,1.38,20,3,0.8730057416267942,0.3272338372604087
2732,,after_candidate_limit,,2070,82,20,82,13.89,8.33,2.17,3.25,20,1,0.8590942583732057,0.32721925233372495
2733,,after_candidate_limit,,46,1,21,1,11.67,10.5,0.5,1.38,20,2,0.8468244019138756,0.3272025565336477
2734,,after_candidate_limit,,471,18,21,18,11.67,5.25,1.33,3.67,20,2,0.8152478468899521,0.32708440987715065
2735,,after_candidate_limit,,868,34,18,34,12.78,11.5,3,4.5,6,8,0.8545755980861244,0.32696432237382106
2736,,after_candidate_limit,,647,25,22,25,11.67,7,1.33,3.67,20,3,0.8153129186602871,0.3268044994762601
2737,,after_candidate_limit,,2020,80,20,80,13.89,8.33,1.33,2,20,1,0.8492392344497608,0.3267838287207387
2738,,after_candidate_limit,,2297,91,22,91,15,4.5,0.5,0.75,20,3,0.8729942583732058,0.3267811504786042
2739,,after_candidate_limit,,18,0,18,0,11.67,10.5,0.5,0.75,6,8,0.8539311004784689,0.32663126543676824
2740,,after_candidate_limit,,3631,145,6,145,9.44,2.83,2.17,3.25,2,2,0.8599684210526316,0.3266279429679059
2741,,after_candidate_limit,,2148,85,23,85,15,13.5,0.5,1.38,20,8,0.868977033492823,0.32653426368829824
2742,,after_candidate_limit,,622,24,22,24,11.67,7,1.33,2,20,3,0.8152421052631579,0.326443649883408
2743,,after_candidate_limit,,21,0,21,0,11.67,10.5,0.5,0.75,20,2,0.8462196172248804,0.32627064443211373
2744,,after_candidate_limit,,2198,87,23,87,15,13.5,1.33,2,20,8,0.8615038277511962,0.32613800107441904
2745,,after_candidate_limit,,3831,153,6,153,9.44,4.25,3,4.5,2,2,0.8563846889952154,0.3261201997371242
2746,,after_candidate_limit,,348,13,23,13,11.67,3.5,3,4.5,20,8,0.8385622009569378,0.3261148500694248
2747,,after_candidate_limit,,349,13,24,13,11.67,3.5,3,4.5,20,15,0.8385622009569378,0.3261148500694248
2748,,after_candidate_limit,,523,20,23,20,11.67,5.25,3,4.5,20,8,0.8385622009569378,0.3261148500694248
2749,,after_candidate_limit,,524,20,24,20,11.67,5.25,3,4.5,20,15,0.8385622009569378,0.3261148500694248
2750,,after_candidate_limit,,698,27,23,27,11.67,7,3,4.5,20,8,0.8385622009569378,0.3261148500694248
2751,,after_candidate_limit,,699,27,24,27,11.67,7,3,4.5,20,15,0.8385622009569378,0.3261148500694248
2752,,after_candidate_limit,,1820,72,20,72,13.89,6.25,0.5,2,20,1,0.8545990430622009,0.3261094268392268
2753,,after_candidate_limit,,4173,166,23,166,9.44,8.5,2.17,3.25,20,8,0.7619488038277512,0.3260080679853546
2754,,after_candidate_limit,,242,9,17,9,11.67,3.5,0.5,2,6,3,0.8540478468899522,0.3259745445398986
2755,,after_candidate_limit,,192,7,17,7,11.67,3.5,0.5,0.75,6,3,0.8540468899521532,0.32587177774147963
2756,,after_candidate_limit,,4182,167,7,167,9.44,8.5,3,4.5,2,3,0.856733014354067,0.3258672458509599
2757,,after_candidate_limit,,447,17,22,17,11.67,5.25,1.33,2,20,3,0.815188995215311,0.3257993841034736
2758,,after_candidate_limit,,595,23,20,23,11.67,7,0.5,2,20,1,0.8436736842105264,0.3257457217342985
2759,,after_candidate_limit,,217,8,17,8,11.67,3.5,0.5,1.38,6,3,0.854045933014354,0.32566664953635144
2760,,after_candidate_limit,,270,10,20,10,11.67,3.5,1.33,2,20,1,0.8122751196172249,0.3256450279052894
2761,,after_candidate_limit,,1318,52,18,52,12.78,7.67,1.33,2,6,8,0.8545215311004785,0.3255776784360418
2762,,after_candidate_limit,,1343,53,18,53,12.78,7.67,1.33,3.67,6,8,0.8545215311004785,0.3255776784360418
2763,,after_candidate_limit,,968,38,18,38,12.78,3.83,1.33,2,6,8,0.8545205741626795,0.32557037684874024
2764,,after_candidate_limit,,969,38,19,38,12.78,3.83,1.33,2,6,15,0.8545205741626795,0.32557037684874024
2765,,after_candidate_limit,,993,39,18,39,12.78,3.83,1.33,3.67,6,8,0.8545205741626795,0.32557037684874024
2766,,after_candidate_limit,,994,39,19,39,12.78,3.83,1.33,3.67,6,15,0.8545205741626795,0.32557037684874024
2767,,after_candidate_limit,,1143,45,18,45,12.78,5.75,1.33,2,6,8,0.8545205741626795,0.32557037684874024
2768,,after_candidate_limit,,1144,45,19,45,12.78,5.75,1.33,2,6,15,0.8545205741626795,0.32557037684874024
2769,,after_candidate_limit,,1168,46,18,46,12.78,5.75,1.33,3.67,6,8,0.8545205741626795,0.32557037684874024
2770,,after_candidate_limit,,1169,46,19,46,12.78,5.75,1.33,3.67,6,15,0.8545205741626795,0.32557037684874024
2771,,after_candidate_limit,,1319,52,19,52,12.78,7.67,1.33,2,6,15,0.8545205741626795,0.32557037684874024
2772,,after_candidate_limit,,1344,53,19,53,12.78,7.67,1.33,3.67,6,15,0.8545205741626795,0.32557037684874024
2773,,after_candidate_limit,,2095,83,20,83,13.89,8.33,3,4.5,20,1,0.8566507177033493,0.32556559258351125
2774,,after_candidate_limit,,3807,152,7,152,9.44,4.25,2.17,3.25,2,3,0.8599531100478469,0.32535844991623614
2775,,after_candidate_limit,,472,18,22,18,11.67,5.25,1.33,3.67,20,3,0.8151909090909091,0.32529194158719615
2776,,after_candidate_limit,,771,30,21,30,12.78,11.5,0.5,2,20,2,0.8609574162679425,0.3252863169109568
2777,,after_candidate_limit,,296,11,21,11,11.67,3.5,1.33,3.67,20,2,0.8151708133971292,0.32522096101685627
2778,,after_candidate_limit,,3647,145,22,145,9.44,2.83,2.17,3.25,20,3,0.7619334928229665,0.32518463168811046
2779,,after_candidate_limit,,295,11,20,11,11.67,3.5,1.33,3.67,20,1,0.8122808612440191,0.32518071117771724
2780,,after_candidate_limit,,271,10,21,10,11.67,3.5,1.33,2,20,2,0.8151688995215312,0.3251422421873502
2781,,after_candidate_limit,,272,10,22,10,11.67,3.5,1.33,2,20,3,0.8151784688995215,0.324968310449743
2782,,after_candidate_limit,,297,11,22,11,11.67,3.5,1.33,3.67,20,3,0.8151784688995215,0.324968310449743
2783,,after_candidate_limit,,1295,51,20,51,12.78,7.67,0.5,2,20,1,0.8596468899521531,0.32494876580017484
2784,,after_candidate_limit,,3648,145,23,145,9.44,2.83,2.17,3.25,20,8,0.7619296650717703,0.324838435147451
2785,,after_candidate_limit,,3649,145,24,145,9.44,2.83,2.17,3.25,20,15,0.7619296650717703,0.324838435147451
2786,,after_candidate_limit,,3823,152,23,152,9.44,4.25,2.17,3.25,20,8,0.7619296650717703,0.324838435147451
2787,,after_candidate_limit,,3824,152,24,152,9.44,4.25,2.17,3.25,20,15,0.7619296650717703,0.324838435147451
2788,,after_candidate_limit,,3998,159,23,159,9.44,5.66,2.17,3.25,20,8,0.7619296650717703,0.324838435147451
2789,,after_candidate_limit,,3999,159,24,159,9.44,5.66,2.17,3.25,20,15,0.7619296650717703,0.324838435147451
2790,,after_candidate_limit,,4174,166,24,166,9.44,8.5,2.17,3.25,20,15,0.7619296650717703,0.324838435147451
2791,,after_candidate_limit,,2546,101,21,101,15,6.75,1.33,2,20,2,0.8666736842105263,0.3247940225489319
2792,,after_candidate_limit,,2571,102,21,102,15,6.75,1.33,3.67,20,2,0.8666775119617225,0.3247868472633406
2793,,after_candidate_limit,,1270,50,20,50,12.78,7.67,0.5,1.38,20,1,0.8596172248803827,0.3247669014730809
2794,,after_candidate_limit,,1017,40,17,40,12.78,3.83,2.17,3.25,6,3,0.8447349282296651,0.32464268332174906
2795,,after_candidate_limit,,1971,78,21,78,13.89,8.33,0.5,1.38,20,2,0.854621052631579,0.3245899273399173
2796,,after_candidate_limit,,1996,79,21,79,13.89,8.33,0.5,2,20,2,0.8546306220095694,0.3244416868795985
2797,,after_candidate_limit,,2722,108,22,108,15,9,1.33,2,20,3,0.8667148325358852,0.32435803796548784
2798,,after_candidate_limit,,1043,41,18,41,12.78,3.83,3,4.5,6,8,0.8546521531100478,0.32433910561596785
2799,,after_candidate_limit,,1044,41,19,41,12.78,3.83,3,4.5,6,15,0.8546521531100478,0.32433910561596785
2800,,after_candidate_limit,,1218,48,18,48,12.78,5.75,3,4.5,6,8,0.8546521531100478,0.32433910561596785
2801,,after_candidate_limit,,1219,48,19,48,12.78,5.75,3,4.5,6,15,0.8546521531100478,0.32433910561596785
2802,,after_candidate_limit,,1393,55,18,55,12.78,7.67,3,4.5,6,8,0.8546521531100478,0.32433910561596785
2803,,after_candidate_limit,,1394,55,19,55,12.78,7.67,3,4.5,6,15,0.8546521531100478,0.32433910561596785
2804,,after_candidate_limit,,570,22,20,22,11.67,7,0.5,1.38,20,1,0.8437205741626794,0.3242409737557299
2805,,after_candidate_limit,,843,33,18,33,12.78,11.5,2.17,3.25,6,8,0.844666985645933,0.32408296471401943
2806,,after_candidate_limit,,746,29,21,29,12.78,11.5,0.5,1.38,20,2,0.860411961722488,0.32405682152410686
2807,,after_candidate_limit,,1220,48,20,48,12.78,5.75,3,4.5,20,1,0.8588655502392345,0.3240563955181025
2808,,after_candidate_limit,,90,3,15,3,11.67,10.5,1.33,2,6,1,0.8306296650717704,0.32396156143897237
2809,,after_candidate_limit,,593,23,18,23,11.67,7,0.5,2,6,8,0.8540373205741627,0.32394465990428817
2810,,after_candidate_limit,,543,21,18,21,11.67,7,0.5,0.75,6,8,0.8540363636363636,0.3239363534898904
2811,,after_candidate_limit,,568,22,18,22,11.67,7,0.5,1.38,6,8,0.8540363636363636,0.3239363534898904
2812,,after_candidate_limit,,3325,133,0,133,5,4.5,0.5,0.75,1,1,0.9220708133971292,0.3239240266149537
2813,,after_candidate_limit,,193,7,18,7,11.67,3.5,0.5,0.75,6,8,0.8540354066985646,0.3239081844758059
2814,,after_candidate_limit,,194,7,19,7,11.67,3.5,0.5,0.75,6,15,0.8540354066985646,0.3239081844758059
2815,,after_candidate_limit,,218,8,18,8,11.67,3.5,0.5,1.38,6,8,0.8540354066985646,0.3239081844758059
2816,,after_candidate_limit,,219,8,19,8,11.67,3.5,0.5,1.38,6,15,0.8540354066985646,0.3239081844758059
2817,,after_candidate_limit,,243,9,18,9,11.67,3.5,0.5,2,6,8,0.8540354066985646,0.3239081844758059
2818,,after_candidate_limit,,244,9,19,9,11.67,3.5,0.5,2,6,15,0.8540354066985646,0.3239081844758059
2819,,after_candidate_limit,,368,14,18,14,11.67,5.25,0.5,0.75,6,8,0.8540354066985646,0.3239081844758059
2820,,after_candidate_limit,,369,14,19,14,11.67,5.25,0.5,0.75,6,15,0.8540354066985646,0.3239081844758059
2821,,after_candidate_limit,,393,15,18,15,11.67,5.25,0.5,1.38,6,8,0.8540354066985646,0.3239081844758059
2822,,after_candidate_limit,,394,15,19,15,11.67,5.25,0.5,1.38,6,15,0.8540354066985646,0.3239081844758059
2823,,after_candidate_limit,,418,16,18,16,11.67,5.25,0.5,2,6,8,0.8540354066985646,0.3239081844758059
2824,,after_candidate_limit,,419,16,19,16,11.67,5.25,0.5,2,6,15,0.8540354066985646,0.3239081844758059
2825,,after_candidate_limit,,544,21,19,21,11.67,7,0.5,0.75,6,15,0.8540354066985646,0.3239081844758059
2826,,after_candidate_limit,,569,22,19,22,11.67,7,0.5,1.38,6,15,0.8540354066985646,0.3239081844758059
2827,,after_candidate_limit,,594,23,19,23,11.67,7,0.5,2,6,15,0.8540354066985646,0.3239081844758059
2828,,after_candidate_limit,,2045,81,20,81,13.89,8.33,1.33,3.67,20,1,0.8458392344497607,0.3237693756308067
2829,,after_candidate_limit,,4007,160,7,160,9.44,5.66,3,4.5,2,3,0.856355980861244,0.32374458537736683
2830,,after_candidate_limit,,3632,145,7,145,9.44,2.83,2.17,3.25,2,3,0.8599397129186603,0.3237384959633595
2831,,after_candidate_limit,,123,4,23,4,11.67,10.5,1.33,3.67,20,8,0.8120971291866028,0.32368543588005694
2832,,after_candidate_limit,,1421,56,21,56,13.89,12.5,0.5,0.75,20,2,0.8520842105263158,0.32364366227360075
2833,,after_candidate_limit,,2797,111,22,111,15,9,3,4.5,20,3,0.8559928229665071,0.32355364460614794
2834,,after_candidate_limit,,2747,109,22,109,15,9,1.33,3.67,20,3,0.8633358851674641,0.3235476727751138
2835,,after_candidate_limit,,1396,55,21,55,12.78,7.67,3,4.5,20,2,0.8588588516746412,0.32334604653659654
2836,,after_candidate_limit,,98,3,23,3,11.67,10.5,1.33,2,20,8,0.8120181818181819,0.3232667592964544
2837,,after_candidate_limit,,2698,107,23,107,15,9,0.5,2,20,8,0.8730066985645933,0.32307493338573595
2838,,after_candidate_limit,,2673,106,23,106,15,9,0.5,1.38,20,8,0.873000956937799,0.3230600948125692
2839,,after_candidate_limit,,3350,134,0,134,5,4.5,0.5,1.38,1,1,0.9220162679425837,0.3229726924659454
2840,,after_candidate_limit,,2621,104,21,104,15,6.75,3,4.5,20,2,0.856212918660287,0.32296392212139696
2841,,after_candidate_limit,,4158,166,8,166,9.44,8.5,2.17,3.25,2,8,0.8599607655502393,0.322828054393531
2842,,after_candidate_limit,,3656,146,6,146,9.44,2.83,3,4.5,2,2,0.8563215311004785,0.3226945101429818
2843,,after_candidate_limit,,1145,45,20,45,12.78,5.75,1.33,2,20,1,0.8472004784688996,0.32254966880531416
2844,,after_candidate_limit,,2370,94,20,94,15,4.5,1.33,2,20,1,0.8666167464114832,0.32251217056349263
2845,,after_candidate_limit,,3633,145,8,145,9.44,2.83,2.17,3.25,2,8,0.8599377990430622,0.32250455272213474
2846,,after_candidate_limit,,3634,145,9,145,9.44,2.83,2.17,3.25,2,15,0.8599377990430622,0.32250455272213474
2847,,after_candidate_limit,,3808,152,8,152,9.44,4.25,2.17,3.25,2,8,0.8599377990430622,0.32250455272213474
2848,,after_candidate_limit,,3809,152,9,152,9.44,4.25,2.17,3.25,2,15,0.8599377990430622,0.32250455272213474
2849,,after_candidate_limit,,3983,159,8,159,9.44,5.66,2.17,3.25,2,8,0.8599377990430622,0.32250455272213474
2850,,after_candidate_limit,,3984,159,9,159,9.44,5.66,2.17,3.25,2,15,0.8599377990430622,0.32250455272213474
2851,,after_candidate_limit,,4159,166,9,166,9.44,8.5,2.17,3.25,2,15,0.8599377990430622,0.32250455272213474
2852,,after_candidate_limit,,2395,95,20,95,15,4.5,1.33,3.67,20,1,0.8666311004784689,0.32235891573117137
2853,,after_candidate_limit,,1170,46,20,46,12.78,5.75,1.33,3.67,20,1,0.8472167464114833,0.3223266197887195
2854,,after_candidate_limit,,1245,49,20,49,12.78,7.67,0.5,0.75,20,1,0.8594373205741627,0.3223010762644754
2855,,after_candidate_limit,,2648,105,23,105,15,9,0.5,0.75,20,8,0.8729837320574163,0.32229193237225834
2856,,after_candidate_limit,,3375,135,0,135,5,4.5,0.5,2,1,1,0.9219990430622009,0.32227492592087453
2857,,after_candidate_limit,,91,3,16,3,11.67,10.5,1.33,2,6,2,0.8302660287081339,0.322150185192097
2858,,after_candidate_limit,,2298,91,23,91,15,4.5,0.5,0.75,20,8,0.8729607655502393,0.3220347485346317
2859,,after_candidate_limit,,2299,91,24,91,15,4.5,0.5,0.75,20,15,0.8729607655502393,0.3220347485346317
2860,,after_candidate_limit,,2323,92,23,92,15,4.5,0.5,1.38,20,8,0.8729607655502393,0.3220347485346317
2861,,after_candidate_limit,,2324,92,24,92,15,4.5,0.5,1.38,20,15,0.8729607655502393,0.3220347485346317
2862,,after_candidate_limit,,2348,93,23,93,15,4.5,0.5,2,20,8,0.8729607655502393,0.3220347485346317
2863,,after_candidate_limit,,2349,93,24,93,15,4.5,0.5,2,20,15,0.8729607655502393,0.3220347485346317
2864,,after_candidate_limit,,2473,98,23,98,15,6.75,0.5,0.75,20,8,0.8729607655502393,0.3220347485346317
2865,,after_candidate_limit,,2474,98,24,98,15,6.75,0.5,0.75,20,15,0.8729607655502393,0.3220347485346317
2866,,after_candidate_limit,,2498,99,23,99,15,6.75,0.5,1.38,20,8,0.8729607655502393,0.3220347485346317
2867,,after_candidate_limit,,2499,99,24,99,15,6.75,0.5,1.38,20,15,0.8729607655502393,0.3220347485346317
2868,,after_candidate_limit,,2523,100,23,100,15,6.75,0.5,2,20,8,0.8729607655502393,0.3220347485346317
2869,,after_candidate_limit,,2524,100,24,100,15,6.75,0.5,2,20,15,0.8729607655502393,0.3220347485346317
2870,,after_candidate_limit,,2649,105,24,105,15,9,0.5,0.75,20,15,0.8729607655502393,0.3220347485346317
2871,,after_candidate_limit,,2674,106,24,106,15,9,0.5,1.38,20,15,0.8729607655502393,0.3220347485346317
2872,,after_candidate_limit,,2699,107,24,107,15,9,0.5,2,20,15,0.8729607655502393,0.3220347485346317
2873,,after_candidate_limit,,3150,126,0,126,5,3,0.5,0.75,1,1,0.9218909090909091,0.32193909868604564
2874,,after_candidate_limit,,545,21,20,21,11.67,7,0.5,0.75,20,1,0.8435215311004784,0.321826076778529
2875,,after_candidate_limit,,2173,86,23,86,15,13.5,0.5,2,20,8,0.8671301435406699,0.3217830064144119
2876,,after_candidate_limit,,19,0,19,0,11.67,10.5,0.5,0.75,6,15,0.8540698564593301,0.3216987786075428
2877,,after_candidate_limit,,1018,40,18,40,12.78,3.83,2.17,3.25,6,8,0.8447196172248804,0.3216754972146175
2878,,after_candidate_limit,,1019,40,19,40,12.78,3.83,2.17,3.25,6,15,0.8447196172248804,0.3216754972146175
2879,,after_candidate_limit,,1193,47,18,47,12.78,5.75,2.17,3.25,6,8,0.8447196172248804,0.3216754972146175
2880,,after_candidate_limit,,1194,47,19,47,12.78,5.75,2.17,3.25,6,15,0.8447196172248804,0.3216754972146175
2881,,after_candidate_limit,,1368,54,18,54,12.78,7.67,2.17,3.25,6,8,0.8447196172248804,0.3216754972146175
2882,,after_candidate_limit,,1369,54,19,54,12.78,7.67,2.17,3.25,6,15,0.8447196172248804,0.3216754972146175
2883,,after_candidate_limit,,2223,88,23,88,15,13.5,1.33,3.67,20,8,0.8592674641148326,0.32159757175485826
2884,,after_candidate_limit,,44,1,19,1,11.67,10.5,0.5,1.38,6,15,0.854065071770335,0.321517930151755
2885,,after_candidate_limit,,69,2,19,2,11.67,10.5,0.5,2,6,15,0.8540765550239234,0.3215066601927274
2886,,after_candidate_limit,,3832,153,7,153,9.44,4.25,3,4.5,2,3,0.8563157894736843,0.3214717165320429
2887,,after_candidate_limit,,1895,75,20,75,13.89,6.25,2.17,3.25,20,1,0.8619444976076555,0.3213462381508077
2888,,after_candidate_limit,,99,3,24,3,11.67,10.5,1.33,2,20,15,0.8151708133971292,0.3213305620680539
2889,,after_candidate_limit,,124,4,24,4,11.67,10.5,1.33,3.67,20,15,0.8151727272727273,0.3213002470029874
2890,,after_candidate_limit,,819,32,19,32,12.78,11.5,1.33,3.67,6,15,0.8543617224880383,0.3210930662996785
2891,,after_candidate_limit,,1346,53,21,53,12.78,7.67,1.33,3.67,20,2,0.8473066985645933,0.32104184559384324
2892,,after_candidate_limit,,3175,127,0,127,5,3,0.5,1.38,1,1,0.9218468899521531,0.3209788812294532
2893,,after_candidate_limit,,273,10,23,10,11.67,3.5,1.33,2,20,8,0.8151660287081339,0.3209421757370214
2894,,after_candidate_limit,,274,10,24,10,11.67,3.5,1.33,2,20,15,0.8151660287081339,0.3209421757370214
2895,,after_candidate_limit,,298,11,23,11,11.67,3.5,1.33,3.67,20,8,0.8151660287081339,0.3209421757370214
2896,,after_candidate_limit,,299,11,24,11,11.67,3.5,1.33,3.67,20,15,0.8151660287081339,0.3209421757370214
2897,,after_candidate_limit,,448,17,23,17,11.67,5.25,1.33,2,20,8,0.8151660287081339,0.3209421757370214
2898,,after_candidate_limit,,449,17,24,17,11.67,5.25,1.33,2,20,15,0.8151660287081339,0.3209421757370214
2899,,after_candidate_limit,,473,18,23,18,11.67,5.25,1.33,3.67,20,8,0.8151660287081339,0.3209421757370214
2900,,after_candidate_limit,,474,18,24,18,11.67,5.25,1.33,3.67,20,15,0.8151660287081339,0.3209421757370214
2901,,after_candidate_limit,,623,24,23,24,11.67,7,1.33,2,20,8,0.8151660287081339,0.3209421757370214
2902,,after_candidate_limit,,624,24,24,24,11.67,7,1.33,2,20,15,0.8151660287081339,0.3209421757370214
2903,,after_candidate_limit,,648,25,23,25,11.67,7,1.33,3.67,20,8,0.8151660287081339,0.3209421757370214
2904,,after_candidate_limit,,649,25,24,25,11.67,7,1.33,3.67,20,15,0.8151660287081339,0.3209421757370214
2905,,after_candidate_limit,,3657,146,7,146,9.44,2.83,3,4.5,2,3,0.8563052631578948,0.32085957214751204
2906,,after_candidate_limit,,2975,119,0,119,5,2.25,0.5,0.75,1,1,0.9218267942583732,0.32084408598343317
2907,,after_candidate_limit,,794,31,19,31,12.78,11.5,1.33,2,6,15,0.8543511961722488,0.3207756539717146
2908,,after_candidate_limit,,3200,128,0,128,5,3,0.5,2,1,1,0.9218239234449761,0.3207444606693433
2909,,after_candidate_limit,,2772,110,22,110,15,9,2.17,3.25,20,3,0.8509741626794258,0.32069581490947924
2910,,after_candidate_limit,,2800,112,0,112,5,1.5,0.5,0.75,1,1,0.9218066985645933,0.32062641243834583
2911,,after_candidate_limit,,1321,52,21,52,12.78,7.67,1.33,2,20,2,0.847277033492823,0.3205094754295584
2912,,after_candidate_limit,,3025,121,0,121,5,2.25,0.5,2,1,1,0.9218047846889952,0.32032862720039784
2913,,after_candidate_limit,,3000,120,0,120,5,2.25,0.5,1.38,1,1,0.9218,0.32032081836620624
2914,,after_candidate_limit,,2825,113,0,113,5,1.5,0.5,1.38,1,1,0.9217712918660287,0.3200812333459173
2915,,after_candidate_limit,,1920,76,20,76,13.89,6.25,3,4.5,20,1,0.8593885167464115,0.32002746835404605
2916,,after_candidate_limit,,2850,114,0,114,5,1.5,0.5,2,1,1,0.9217684210526316,0.31996414600780293
2917,,after_candidate_limit,,2596,103,21,103,15,6.75,2.17,3.25,20,2,0.851178947368421,0.3198727339769078
2918,,after_candidate_limit,,1397,55,22,55,12.78,7.67,3,4.5,20,3,0.8587837320574163,0.3198573055685726
2919,,after_candidate_limit,,869,34,19,34,12.78,11.5,3,4.5,6,15,0.8544971291866029,0.31969542417766783
2920,,after_candidate_limit,,1595,63,20,63,13.89,4.17,0.5,0.75,20,1,0.8540124401913876,0.31963394388931227
2921,,after_candidate_limit,,3326,133,1,133,5,4.5,0.5,0.75,1,2,0.9216909090909091,0.3194404195965541
2922,,after_candidate_limit,,2071,82,21,82,13.89,8.33,2.17,3.25,20,2,0.864976076555024,0.3193853169710657
2923,,after_candidate_limit,,1423,56,23,56,13.89,12.5,0.5,0.75,20,8,0.8517047846889952,0.3193665286775022
2924,,after_candidate_limit,,2445,97,20,97,15,4.5,3,4.5,20,1,0.8531105263157894,0.31934393749950585
2925,,after_candidate_limit,,2547,101,22,101,15,6.75,1.33,2,20,3,0.8665291866028708,0.319160626209834
2926,,after_candidate_limit,,4183,167,8,167,9.44,8.5,3,4.5,2,8,0.8563186602870814,0.31912381596395434
2927,,after_candidate_limit,,2224,88,24,88,15,13.5,1.33,3.67,20,15,0.8634698564593302,0.31908747771940316
2928,,after_candidate_limit,,4184,167,9,167,9.44,8.5,3,4.5,2,15,0.8563014354066986,0.31906449826180233
2929,,after_candidate_limit,,2572,102,22,102,15,6.75,1.33,3.67,20,3,0.8665291866028708,0.31906220015596354
2930,,after_candidate_limit,,3658,146,8,146,9.44,2.83,3,4.5,2,8,0.8563004784688996,0.3190606078772767
2931,,after_candidate_limit,,3659,146,9,146,9.44,2.83,3,4.5,2,15,0.8563004784688996,0.3190606078772767
2932,,after_candidate_limit,,3833,153,8,153,9.44,4.25,3,4.5,2,8,0.8563004784688996,0.3190606078772767
2933,,after_candidate_limit,,3834,153,9,153,9.44,4.25,3,4.5,2,15,0.8563004784688996,0.3190606078772767
2934,,after_candidate_limit,,4008,160,8,160,9.44,5.66,3,4.5,2,8,0.8563004784688996,0.3190606078772767
2935,,after_candidate_limit,,4009,160,9,160,9.44,5.66,3,4.5,2,15,0.8563004784688996,0.3190606078772767
2936,,after_candidate_limit,,3376,135,1,135,5,4.5,0.5,2,1,2,0.9216842105263158,0.31905000099907793
2937,,after_candidate_limit,,1947,77,22,77,13.89,8.33,0.5,0.75,20,3,0.8541157894736842,0.3189900946567935
2938,,after_candidate_limit,,1997,79,22,79,13.89,8.33,0.5,2,20,3,0.8541712918660287,0.3189861824891626
2939,,after_candidate_limit,,3351,134,1,134,5,4.5,0.5,1.38,1,2,0.9216775119617225,0.3189682243195866
2940,,after_candidate_limit,,116,4,16,4,11.67,10.5,1.33,3.67,6,2,0.8307349282296651,0.31891277532175255
2941,,after_candidate_limit,,2396,95,21,95,15,4.5,1.33,3.67,20,2,0.8665090909090909,0.3188960961521929
2942,,after_candidate_limit,,2371,94,21,94,15,4.5,1.33,2,20,2,0.8665043062200957,0.31871899029443707
2943,,after_candidate_limit,,1195,47,20,47,12.78,5.75,2.17,3.25,20,1,0.8464047846889952,0.31867016811019105
2944,,after_candidate_limit,,747,29,22,29,12.78,11.5,0.5,1.38,20,3,0.8580258373205741,0.318667868838582
2945,,after_candidate_limit,,22,0,22,0,11.67,10.5,0.5,0.75,20,3,0.8479904306220095,0.3186603779373751
2946,,after_candidate_limit,,2274,90,24,90,15,13.5,3,4.5,20,15,0.8558808612440192,0.31863366952558736
2947,,after_candidate_limit,,1221,48,21,48,12.78,5.75,3,4.5,20,2,0.8585732057416268,0.3185841151014937
2948,,after_candidate_limit,,1771,70,21,70,13.89,6.25,0.5,0.75,20,2,0.8540210526315789,0.31853401277673327
2949,,after_candidate_limit,,3327,133,2,133,5,4.5,0.5,0.75,1,3,0.9216306220095694,0.3185201645904074
2950,,after_candidate_limit,,3201,128,1,128,5,3,0.5,2,1,2,0.9216344497607656,0.31848584059794993
2951,,after_candidate_limit,,3151,126,1,126,5,3,0.5,0.75,1,2,0.9216325358851675,0.31848399532603316
2952,,after_candidate_limit,,3176,127,1,127,5,3,0.5,1.38,1,2,0.9216325358851675,0.31847796934301636
2953,,after_candidate_limit,,1972,78,22,78,13.89,8.33,0.5,1.38,20,3,0.8541282296650717,0.3184389480610514
2954,,after_candidate_limit,,3377,135,2,135,5,4.5,0.5,2,1,3,0.9216287081339712,0.31840605524411153
2955,,after_candidate_limit,,3352,134,2,134,5,4.5,0.5,1.38,1,3,0.9216277511961722,0.31839911929959913
2956,,after_candidate_limit,,2976,119,1,119,5,2.25,0.5,0.75,1,2,0.9216277511961722,0.3183703497483827
2957,,after_candidate_limit,,1495,59,20,59,13.89,12.5,1.33,2,20,1,0.812288038277512,0.318225049505113
2958,,after_candidate_limit,,115,4,15,4,11.67,10.5,1.33,3.67,6,1,0.830899043062201,0.3182233844424165
2959,,after_candidate_limit,,3001,120,1,120,5,2.25,0.5,1.38,1,2,0.921622966507177,0.318129475269832
2960,,after_candidate_limit,,2801,112,1,112,5,1.5,0.5,0.75,1,2,0.921622009569378,0.31807803927811035
2961,,after_candidate_limit,,3026,121,1,121,5,2.25,0.5,2,1,2,0.9216210526315789,0.3180024666515389
2962,,after_candidate_limit,,1347,53,22,53,12.78,7.67,1.33,3.67,20,3,0.8471622009569378,0.31794978705378857
2963,,after_candidate_limit,,2248,89,23,89,15,13.5,2.17,3.25,20,8,0.8435732057416268,0.3179267425654002
2964,,after_candidate_limit,,873,34,23,34,12.78,11.5,3,4.5,20,8,0.859588038277512,0.31785704514692165
2965,,after_candidate_limit,,1070,42,20,42,12.78,5.75,0.5,0.75,20,1,0.8586918660287082,0.31784084113461564
2966,,after_candidate_limit,,2420,96,20,96,15,4.5,2.17,3.25,20,1,0.8511186602870814,0.31769647712233895
2967,,after_candidate_limit,,1322,52,22,52,12.78,7.67,1.33,2,20,3,0.8471526315789474,0.31761572092307655
2968,,after_candidate_limit,,1371,54,21,54,12.78,7.67,2.17,3.25,20,2,0.8464454545454545,0.31757582574991755
2969,,after_candidate_limit,,1420,56,20,56,13.89,12.5,0.5,0.75,20,1,0.8454741626794259,0.31755942180261026
2970,,after_candidate_limit,,3152,126,2,126,5,3,0.5,0.75,1,3,0.9216153110047847,0.31752222811826075
2971,,after_candidate_limit,,1796,71,21,71,13.89,6.25,0.5,1.38,20,2,0.8540028708133971,0.31750105625918423
2972,,after_candidate_limit,,2826,113,1,113,5,1.5,0.5,1.38,1,2,0.9216162679425838,0.31748374471818114
2973,,after_candidate_limit,,2851,114,1,114,5,1.5,0.5,2,1,2,0.9216162679425838,0.31748374471818114
2974,,after_candidate_limit,,1821,72,21,72,13.89,6.25,0.5,2,20,2,0.8539980861244019,0.3174007145670412
2975,,after_candidate_limit,,1045,41,20,41,12.78,3.83,3,4.5,20,1,0.8586062200956938,0.31735505246702206
2976,,after_candidate_limit,,2096,83,21,83,13.89,8.33,3,4.5,20,2,0.8594818181818182,0.31732148233442203
2977,,after_candidate_limit,,2802,112,2,112,5,1.5,0.5,0.75,1,3,0.9216133971291866,0.31731928694179007
2978,,after_candidate_limit,,2977,119,2,119,5,2.25,0.5,0.75,1,3,0.9216133971291866,0.31731928694179007
2979,,after_candidate_limit,,3002,120,2,120,5,2.25,0.5,1.38,1,3,0.9216133971291866,0.31731928694179007
2980,,after_candidate_limit,,3027,121,2,121,5,2.25,0.5,2,1,3,0.9216133971291866,0.31731928694179007
2981,,after_candidate_limit,,3177,127,2,127,5,3,0.5,1.38,1,3,0.9216133971291866,0.31731928694179007
2982,,after_candidate_limit,,3202,128,2,128,5,3,0.5,2,1,3,0.9216133971291866,0.31731928694179007
2983,,after_candidate_limit,,2199,87,24,87,15,13.5,1.33,2,20,15,0.8634296650717703,0.31721580931347093
2984,,after_candidate_limit,,772,30,22,30,12.78,11.5,0.5,2,20,3,0.8583,0.3171993101433294
2985,,after_candidate_limit,,1447,57,22,57,13.89,12.5,0.5,1.38,20,3,0.8504708133971292,0.31716102606226254
2986,,after_candidate_limit,,140,5,15,5,11.67,10.5,2.17,3.25,6,1,0.8321368421052632,0.3171523591681879
2987,,after_candidate_limit,,2827,113,2,113,5,1.5,0.5,1.38,1,3,0.9216124401913875,0.31703357265607585
2988,,after_candidate_limit,,370,14,20,14,11.67,5.25,0.5,0.75,20,1,0.8427755980861245,0.3170009415781307
2989,,after_candidate_limit,,844,33,19,33,12.78,11.5,2.17,3.25,6,15,0.8445626794258373,0.31699185877346986
2990,,after_candidate_limit,,72,2,22,2,11.67,10.5,0.5,2,20,3,0.8450875598086124,0.3169720797198026
2991,,after_candidate_limit,,2803,112,3,112,5,1.5,0.5,0.75,1,8,0.9216114832535885,0.31696430858681174
2992,,after_candidate_limit,,2804,112,4,112,5,1.5,0.5,0.75,1,15,0.9216114832535885,0.31696430858681174
2993,,after_candidate_limit,,2828,113,3,113,5,1.5,0.5,1.38,1,8,0.9216114832535885,0.31696430858681174
2994,,after_candidate_limit,,2829,113,4,113,5,1.5,0.5,1.38,1,15,0.9216114832535885,0.31696430858681174
2995,,after_candidate_limit,,2852,114,2,114,5,1.5,0.5,2,1,3,0.9216114832535885,0.31696430858681174
2996,,after_candidate_limit,,2853,114,3,114,5,1.5,0.5,2,1,8,0.9216114832535885,0.31696430858681174
2997,,after_candidate_limit,,2854,114,4,114,5,1.5,0.5,2,1,15,0.9216114832535885,0.31696430858681174
2998,,after_candidate_limit,,2978,119,3,119,5,2.25,0.5,0.75,1,8,0.9216114832535885,0.31696430858681174
2999,,after_candidate_limit,,2979,119,4,119,5,2.25,0.5,0.75,1,15,0.9216114832535885,0.31696430858681174
3000,,after_candidate_limit,,3003,120,3,120,5,2.25,0.5,1.38,1,8,0.9216114832535885,0.31696430858681174
3001,,after_candidate_limit,,3004,120,4,120,5,2.25,0.5,1.38,1,15,0.9216114832535885,0.31696430858681174
3002,,after_candidate_limit,,3028,121,3,121,5,2.25,0.5,2,1,8,0.9216114832535885,0.31696430858681174
3003,,after_candidate_limit,,3029,121,4,121,5,2.25,0.5,2,1,15,0.9216114832535885,0.31696430858681174
3004,,after_candidate_limit,,3153,126,3,126,5,3,0.5,0.75,1,8,0.9216114832535885,0.31696430858681174
3005,,after_candidate_limit,,3154,126,4,126,5,3,0.5,0.75,1,15,0.9216114832535885,0.31696430858681174
3006,,after_candidate_limit,,3178,127,3,127,5,3,0.5,1.38,1,8,0.9216114832535885,0.31696430858681174
3007,,after_candidate_limit,,3179,127,4,127,5,3,0.5,1.38,1,15,0.9216114832535885,0.31696430858681174
3008,,after_candidate_limit,,3203,128,3,128,5,3,0.5,2,1,8,0.9216114832535885,0.31696430858681174
3009,,after_candidate_limit,,3204,128,4,128,5,3,0.5,2,1,15,0.9216114832535885,0.31696430858681174
3010,,after_candidate_limit,,3328,133,3,133,5,4.5,0.5,0.75,1,8,0.9216114832535885,0.31696430858681174
3011,,after_candidate_limit,,3329,133,4,133,5,4.5,0.5,0.75,1,15,0.9216114832535885,0.31696430858681174
3012,,after_candidate_limit,,3353,134,3,134,5,4.5,0.5,1.38,1,8,0.9216114832535885,0.31696430858681174
3013,,after_candidate_limit,,3354,134,4,134,5,4.5,0.5,1.38,1,15,0.9216114832535885,0.31696430858681174
3014,,after_candidate_limit,,3378,135,3,135,5,4.5,0.5,2,1,8,0.9216114832535885,0.31696430858681174
3015,,after_candidate_limit,,3379,135,4,135,5,4.5,0.5,2,1,15,0.9216114832535885,0.31696430858681174
3016,,after_candidate_limit,,2446,97,21,97,15,4.5,3,4.5,20,2,0.8560521531100479,0.3169133974706938
3017,,after_candidate_limit,,1171,46,21,46,12.78,5.75,1.33,3.67,20,2,0.847011961722488,0.31690066950531154
3018,,after_candidate_limit,,1146,45,21,45,12.78,5.75,1.33,2,20,2,0.8470014354066986,0.31685560104839944
3019,,after_candidate_limit,,2622,104,22,104,15,6.75,3,4.5,20,3,0.8560578947368421,0.31676292264808903
3020,,after_candidate_limit,,1845,73,20,73,13.89,6.25,1.33,2,20,1,0.8483368421052632,0.3166897799696449
3021,,after_candidate_limit,,596,23,21,23,11.67,7,0.5,2,20,2,0.8460985645933015,0.31667219379467193
3022,,after_candidate_limit,,2249,89,24,89,15,13.5,2.17,3.25,20,15,0.8510526315789474,0.3166614504846086
3023,,after_candidate_limit,,1870,74,20,74,13.89,6.25,1.33,3.67,20,1,0.8485244019138756,0.31655221350033974
3024,,after_candidate_limit,,2273,90,23,90,15,13.5,3,4.5,20,8,0.8454239234449761,0.3165404716569839
3025,,after_candidate_limit,,1620,64,20,64,13.89,4.17,0.5,1.38,20,1,0.8539894736842105,0.3164217828854645
3026,,after_candidate_limit,,546,21,21,21,11.67,7,0.5,0.75,20,2,0.8460985645933015,0.3162868383029293
3027,,after_candidate_limit,,1448,57,23,57,13.89,12.5,0.5,1.38,20,8,0.8514822966507177,0.31616327103426134
3028,,after_candidate_limit,,1546,61,21,61,13.89,12.5,2.17,3.25,20,2,0.8554775119617225,0.31611894964742804
3029,,after_candidate_limit,,1545,61,20,61,13.89,12.5,2.17,3.25,20,1,0.8272162679425837,0.31611537549384755
3030,,after_candidate_limit,,47,1,22,1,11.67,10.5,0.5,1.38,20,3,0.8447784688995216,0.3160809758284489
3031,,after_candidate_limit,,571,22,21,22,11.67,7,0.5,1.38,20,2,0.8460928229665072,0.3160000738386238
3032,,after_candidate_limit,,1046,41,21,41,12.78,3.83,3,4.5,20,2,0.8584976076555024,0.31597003027417897
3033,,after_candidate_limit,,395,15,20,15,11.67,5.25,0.5,1.38,20,1,0.8427688995215311,0.31594938802659384
3034,,after_candidate_limit,,420,16,20,16,11.67,5.25,0.5,2,20,1,0.842766985645933,0.31587045700762456
3035,,after_candidate_limit,,723,28,23,28,12.78,11.5,0.5,0.75,20,8,0.8590775119617224,0.3157431230219038
3036,,after_candidate_limit,,1896,75,21,75,13.89,6.25,2.17,3.25,20,2,0.8643837320574163,0.3157116365211199
3037,,after_candidate_limit,,2072,82,22,82,13.89,8.33,2.17,3.25,20,3,0.8646267942583732,0.315623896636842
3038,,after_candidate_limit,,1645,65,20,65,13.89,4.17,0.5,2,20,1,0.8539789473684211,0.3156077292837945
3039,,after_candidate_limit,,995,39,20,39,12.78,3.83,1.33,3.67,20,1,0.8469315789473684,0.31551779708184696
3040,,after_candidate_limit,,1222,48,22,48,12.78,5.75,3,4.5,20,3,0.8585464114832536,0.3154982000493551
3041,,after_candidate_limit,,970,38,20,38,12.78,3.83,1.33,2,20,1,0.8469258373205741,0.31548696617567723
3042,,after_candidate_limit,,1520,60,20,60,13.89,12.5,1.33,3.67,20,1,0.8128803827751196,0.31526120838878996
3043,,after_candidate_limit,,141,5,16,5,11.67,10.5,2.17,3.25,6,2,0.834422009569378,0.3152345489519748
3044,,after_candidate_limit,,371,14,21,14,11.67,5.25,0.5,0.75,20,2,0.8458832535885168,0.31488691247509265
3045,,after_candidate_limit,,1095,43,20,43,12.78,5.75,0.5,1.38,20,1,0.8586775119617225,0.3148688524061101
3046,,after_candidate_limit,,1120,44,20,44,12.78,5.75,0.5,2,20,1,0.8587148325358852,0.31473984983348235
3047,,after_candidate_limit,,1473,58,23,58,13.89,12.5,0.5,2,20,8,0.8513856459330144,0.3146190247063816
3048,,after_candidate_limit,,2397,95,22,95,15,4.5,1.33,3.67,20,3,0.8664382775119617,0.31460765433832516
3049,,after_candidate_limit,,1047,41,22,41,12.78,3.83,3,4.5,20,3,0.8585177033492823,0.3145873738190903
3050,,after_candidate_limit,,2372,94,22,94,15,4.5,1.33,2,20,3,0.8664315789473684,0.3145546169276295
3051,,after_candidate_limit,,396,15,21,15,11.67,5.25,0.5,1.38,20,2,0.8458784688995216,0.3144974488308868
3052,,after_candidate_limit,,572,22,22,22,11.67,7,0.5,1.38,20,3,0.8459157894736842,0.3143835831094549
3053,,after_candidate_limit,,1147,45,22,45,12.78,5.75,1.33,2,20,3,0.8469267942583733,0.3143802059975595
3054,,after_candidate_limit,,547,21,22,21,11.67,7,0.5,0.75,20,3,0.8459129186602871,0.3143367139510705
3055,,after_candidate_limit,,597,23,22,23,11.67,7,0.5,2,20,3,0.8459272727272727,0.3143061467785593
3056,,after_candidate_limit,,421,16,21,16,11.67,5.25,0.5,2,20,2,0.8458765550239234,0.31430293037817997
3057,,after_candidate_limit,,1372,54,22,54,12.78,7.67,2.17,3.25,20,3,0.8463660287081339,0.31428804081450673
3058,,after_candidate_limit,,2421,96,21,96,15,4.5,2.17,3.25,20,2,0.8510105263157894,0.31417903074530124
3059,,after_candidate_limit,,996,39,21,39,12.78,3.83,1.33,3.67,20,2,0.8469315789473684,0.3141691118837714
3060,,after_candidate_limit,,1246,49,21,49,12.78,7.67,0.5,0.75,20,2,0.8588306220095694,0.3141280093263514
3061,,after_candidate_limit,,166,6,16,6,11.67,10.5,3,4.5,6,2,0.8287038277511962,0.31410916558495205
3062,,after_candidate_limit,,971,38,21,38,12.78,3.83,1.33,2,20,2,0.8469287081339713,0.314094887435902
3063,,after_candidate_limit,,2597,103,22,103,15,6.75,2.17,3.25,20,3,0.8510143540669857,0.3140727627267745
3064,,after_candidate_limit,,2097,83,22,83,13.89,8.33,3,4.5,20,3,0.8591114832535885,0.3139265246607776
3065,,after_candidate_limit,,1921,76,21,76,13.89,6.25,3,4.5,20,2,0.8588263157894737,0.3138952319015371
3066,,after_candidate_limit,,1172,46,22,46,12.78,5.75,1.33,3.67,20,3,0.8469296650717704,0.3138359989438997
3067,,after_candidate_limit,,195,7,20,7,11.67,3.5,0.5,0.75,20,1,0.842657894736842,0.3137884075547116
3068,,after_candidate_limit,,372,14,22,14,11.67,5.25,0.5,0.75,20,3,0.8458755980861244,0.31371212092878314
3069,,after_candidate_limit,,1196,47,21,47,12.78,5.75,2.17,3.25,20,2,0.8461693779904306,0.3136270984278949
3070,,after_candidate_limit,,823,32,23,32,12.78,11.5,1.33,3.67,20,8,0.8446277511961723,0.31348615640235294
3071,,after_candidate_limit,,2046,81,21,81,13.89,8.33,1.33,3.67,20,2,0.8483875598086125,0.3133587738862722
3072,,after_candidate_limit,,798,31,23,31,12.78,11.5,1.33,2,20,8,0.8445808612440191,0.31333155000547297
3073,,after_candidate_limit,,2021,80,21,80,13.89,8.33,1.33,2,20,2,0.8483588516746412,0.3132779378363063
3074,,after_candidate_limit,,397,15,22,15,11.67,5.25,0.5,1.38,20,3,0.8458746411483253,0.3132337659504281
3075,,after_candidate_limit,,165,6,15,6,11.67,10.5,3,4.5,6,1,0.8290157894736843,0.3131323474594356
3076,,after_candidate_limit,,997,39,22,39,12.78,3.83,1.33,3.67,20,3,0.8469038277511962,0.31306206747787557
3077,,after_candidate_limit,,972,38,22,38,12.78,3.83,1.33,2,20,3,0.8469019138755981,0.31297127722237944
3078,,after_candidate_limit,,246,9,21,9,11.67,3.5,0.5,2,20,2,0.8458555023923445,0.3129402093657754
3079,,after_candidate_limit,,221,8,21,8,11.67,3.5,0.5,1.38,20,2,0.8458545454545454,0.31287783687450726
3080,,after_candidate_limit,,196,7,21,7,11.67,3.5,0.5,0.75,20,2,0.8458545454545454,0.3128279242817436
3081,,after_candidate_limit,,1547,61,22,61,13.89,12.5,2.17,3.25,20,3,0.8632047846889952,0.312812975883776
3082,,after_candidate_limit,,1772,70,22,70,13.89,6.25,0.5,0.75,20,3,0.85388995215311,0.3127738024281554
3083,,after_candidate_limit,,422,16,22,16,11.67,5.25,0.5,2,20,3,0.8458736842105263,0.31270043261709485
3084,,after_candidate_limit,,245,9,20,9,11.67,3.5,0.5,2,20,1,0.8426818181818182,0.312583419116126
3085,,after_candidate_limit,,247,9,22,9,11.67,3.5,0.5,2,20,3,0.8458698564593301,0.3125662522220993
3086,,after_candidate_limit,,1646,65,21,65,13.89,4.17,0.5,2,20,2,0.8539138755980861,0.31255402391349196
3087,,after_candidate_limit,,1596,63,21,63,13.89,4.17,0.5,0.75,20,2,0.853888995215311,0.3123436039043194
3088,,after_candidate_limit,,1020,40,20,40,12.78,3.83,2.17,3.25,20,1,0.846177990430622,0.3123198187482203
3089,,after_candidate_limit,,2447,97,22,97,15,4.5,3,4.5,20,3,0.8559842105263158,0.3123068128529251
3090,,after_candidate_limit,,1720,68,20,68,13.89,4.17,2.17,3.25,20,1,0.8613425837320574,0.3122526922620977
3091,,after_candidate_limit,,1621,64,21,64,13.89,4.17,0.5,1.38,20,2,0.8538985645933015,0.31221168810757605
3092,,after_candidate_limit,,1296,51,21,51,12.78,7.67,0.5,2,20,2,0.8588421052631579,0.3122075251749715
3093,,after_candidate_limit,,220,8,20,8,11.67,3.5,0.5,1.38,20,1,0.8426617224880383,0.31220159846929557
3094,,after_candidate_limit,,222,8,22,8,11.67,3.5,0.5,1.38,20,3,0.845866985645933,0.31217992358694346
3095,,after_candidate_limit,,1822,72,22,72,13.89,6.25,0.5,2,20,3,0.853888995215311,0.3121291319636688
3096,,after_candidate_limit,,1472,58,22,58,13.89,12.5,0.5,2,20,3,0.8500325358851675,0.31211493723501804
3097,,after_candidate_limit,,1424,56,24,56,13.89,12.5,0.5,0.75,20,15,0.8519282296650718,0.31211000410576845
3098,,after_candidate_limit,,640,25,15,25,11.67,7,1.33,3.67,6,1,0.8292794258373206,0.31202441228564154
3099,,after_candidate_limit,,1797,71,22,71,13.89,6.25,0.5,1.38,20,3,0.8538832535885168,0.3120224878742224
3100,,after_candidate_limit,,197,7,22,7,11.67,3.5,0.5,0.75,20,3,0.845866985645933,0.31197198030551776
3101,,after_candidate_limit,,1745,69,20,69,13.89,4.17,3,4.5,20,1,0.8589306220095694,0.31173114520174117
3102,,after_candidate_limit,,1398,55,23,55,12.78,7.67,3,4.5,20,8,0.85851004784689,0.3116880861353356
3103,,after_candidate_limit,,1271,50,21,50,12.78,7.67,0.5,1.38,20,2,0.8588287081339713,0.31157285117305944
3104,,after_candidate_limit,,1446,57,21,57,13.89,12.5,0.5,1.38,20,2,0.8459397129186603,0.3115720885123521
3105,,after_candidate_limit,,1048,41,23,41,12.78,3.83,3,4.5,20,8,0.8585090909090909,0.3115365709838205
3106,,after_candidate_limit,,1049,41,24,41,12.78,3.83,3,4.5,20,15,0.8585090909090909,0.3115365709838205
3107,,after_candidate_limit,,1223,48,23,48,12.78,5.75,3,4.5,20,8,0.8585090909090909,0.3115365709838205
3108,,after_candidate_limit,,1224,48,24,48,12.78,5.75,3,4.5,20,15,0.8585090909090909,0.3115365709838205
3109,,after_candidate_limit,,1399,55,24,55,12.78,7.67,3,4.5,20,15,0.8585090909090909,0.3115365709838205
3110,,after_candidate_limit,,874,34,24,34,12.78,11.5,3,4.5,20,15,0.8589492822966507,0.31132125533733757
3111,,after_candidate_limit,,2122,84,22,84,15,13.5,0.5,0.75,20,3,0.8675224880382775,0.3112565947525362
3112,,after_candidate_limit,,117,4,17,4,11.67,10.5,1.33,3.67,6,3,0.8295244019138756,0.31113645581701554
3113,,after_candidate_limit,,1021,40,21,40,12.78,3.83,2.17,3.25,20,2,0.8460966507177033,0.31106499937474463
3114,,after_candidate_limit,,73,2,23,2,11.67,10.5,0.5,2,20,8,0.8459521531100479,0.31104248485288016
3115,,after_candidate_limit,,615,24,15,24,11.67,7,1.33,2,6,1,0.8292468899521531,0.3108683113214631
3116,,after_candidate_limit,,1197,47,22,47,12.78,5.75,2.17,3.25,20,3,0.8461253588516746,0.31086570411750786
3117,,after_candidate_limit,,2723,108,23,108,15,9,1.33,2,20,8,0.8664277511961722,0.3107873656657754
3118,,after_candidate_limit,,2748,109,23,109,15,9,1.33,3.67,20,8,0.8664344497607656,0.3106788645306902
3119,,after_candidate_limit,,1721,68,21,68,13.89,4.17,2.17,3.25,20,2,0.8642497607655503,0.3106649689922324
3120,,after_candidate_limit,,1897,75,22,75,13.89,6.25,2.17,3.25,20,3,0.864265071770335,0.310579046272674
3121,,after_candidate_limit,,2022,80,22,80,13.89,8.33,1.33,2,20,3,0.8479952153110047,0.31015357814444394
3122,,after_candidate_limit,,1323,52,23,52,12.78,7.67,1.33,2,20,8,0.8468875598086124,0.31014558713965107
3123,,after_candidate_limit,,1348,53,23,53,12.78,7.67,1.33,3.67,20,8,0.8468875598086124,0.31014558713965107
3124,,after_candidate_limit,,848,33,23,33,12.78,11.5,2.17,3.25,20,8,0.8438200956937799,0.3101425745420241
3125,,after_candidate_limit,,1449,57,24,57,13.89,12.5,0.5,1.38,20,15,0.8509803827751197,0.3100745340172871
3126,,after_candidate_limit,,92,3,17,3,11.67,10.5,1.33,2,6,3,0.8293607655502392,0.31001397414211684
3127,,after_candidate_limit,,1022,40,22,40,12.78,3.83,2.17,3.25,20,3,0.8460995215311005,0.30997959206959047
3128,,after_candidate_limit,,2422,96,22,96,15,4.5,2.17,3.25,20,3,0.8509377990430622,0.3098039259495431
3129,,after_candidate_limit,,973,38,23,38,12.78,3.83,1.33,2,20,8,0.8468856459330144,0.3097695187635827
3130,,after_candidate_limit,,974,38,24,38,12.78,3.83,1.33,2,20,15,0.8468856459330144,0.3097695187635827
3131,,after_candidate_limit,,998,39,23,39,12.78,3.83,1.33,3.67,20,8,0.8468856459330144,0.3097695187635827
3132,,after_candidate_limit,,999,39,24,39,12.78,3.83,1.33,3.67,20,15,0.8468856459330144,0.3097695187635827
3133,,after_candidate_limit,,1148,45,23,45,12.78,5.75,1.33,2,20,8,0.8468856459330144,0.3097695187635827
3134,,after_candidate_limit,,1149,45,24,45,12.78,5.75,1.33,2,20,15,0.8468856459330144,0.3097695187635827
3135,,after_candidate_limit,,1173,46,23,46,12.78,5.75,1.33,3.67,20,8,0.8468856459330144,0.3097695187635827
3136,,after_candidate_limit,,1174,46,24,46,12.78,5.75,1.33,3.67,20,15,0.8468856459330144,0.3097695187635827
3137,,after_candidate_limit,,1324,52,24,52,12.78,7.67,1.33,2,20,15,0.8468856459330144,0.3097695187635827
3138,,after_candidate_limit,,1349,53,24,53,12.78,7.67,1.33,3.67,20,15,0.8468856459330144,0.3097695187635827
3139,,after_candidate_limit,,1548,61,23,61,13.89,12.5,2.17,3.25,20,8,0.8622282296650717,0.3097608509005296
3140,,after_candidate_limit,,2373,94,23,94,15,4.5,1.33,2,20,8,0.8663913875598086,0.30975243481418185
3141,,after_candidate_limit,,2374,94,24,94,15,4.5,1.33,2,20,15,0.8663913875598086,0.30975243481418185
3142,,after_candidate_limit,,2398,95,23,95,15,4.5,1.33,3.67,20,8,0.8663913875598086,0.30975243481418185
3143,,after_candidate_limit,,2399,95,24,95,15,4.5,1.33,3.67,20,15,0.8663913875598086,0.30975243481418185
3144,,after_candidate_limit,,2548,101,23,101,15,6.75,1.33,2,20,8,0.8663913875598086,0.30975243481418185
3145,,after_candidate_limit,,2549,101,24,101,15,6.75,1.33,2,20,15,0.8663913875598086,0.30975243481418185
3146,,after_candidate_limit,,2573,102,23,102,15,6.75,1.33,3.67,20,8,0.8663913875598086,0.30975243481418185
3147,,after_candidate_limit,,2574,102,24,102,15,6.75,1.33,3.67,20,15,0.8663913875598086,0.30975243481418185
3148,,after_candidate_limit,,2724,108,24,108,15,9,1.33,2,20,15,0.8663913875598086,0.30975243481418185
3149,,after_candidate_limit,,2749,109,24,109,15,9,1.33,3.67,20,15,0.8663913875598086,0.30975243481418185
3150,,after_candidate_limit,,748,29,23,29,12.78,11.5,0.5,1.38,20,8,0.8590153110047847,0.3097027769860371
3151,,after_candidate_limit,,548,21,23,21,11.67,7,0.5,0.75,20,8,0.8458631578947369,0.3096773912545109
3152,,after_candidate_limit,,2121,84,21,84,15,13.5,0.5,0.75,20,2,0.8656392344497608,0.30966144850843585
3153,,after_candidate_limit,,48,1,23,1,11.67,10.5,0.5,1.38,20,8,0.8459425837320574,0.3096594084296265
3154,,after_candidate_limit,,23,0,23,0,11.67,10.5,0.5,0.75,20,8,0.8459971291866029,0.3096375283714896
3155,,after_candidate_limit,,2047,81,22,81,13.89,8.33,1.33,3.67,20,3,0.8480153110047847,0.30962796355588806
3156,,after_candidate_limit,,895,35,20,35,12.78,3.83,0.5,0.75,20,1,0.8584028708133972,0.3094139416268601
3157,,after_candidate_limit,,1474,58,24,58,13.89,12.5,0.5,2,20,15,0.8510368421052632,0.3094078068067163
3158,,after_candidate_limit,,198,7,23,7,11.67,3.5,0.5,0.75,20,8,0.8458622009569378,0.30939167696879655
3159,,after_candidate_limit,,199,7,24,7,11.67,3.5,0.5,0.75,20,15,0.8458622009569378,0.30939167696879655
3160,,after_candidate_limit,,223,8,23,8,11.67,3.5,0.5,1.38,20,8,0.8458622009569378,0.30939167696879655
3161,,after_candidate_limit,,224,8,24,8,11.67,3.5,0.5,1.38,20,15,0.8458622009569378,0.30939167696879655
3162,,after_candidate_limit,,248,9,23,9,11.67,3.5,0.5,2,20,8,0.8458622009569378,0.30939167696879655
3163,,after_candidate_limit,,249,9,24,9,11.67,3.5,0.5,2,20,15,0.8458622009569378,0.30939167696879655
3164,,after_candidate_limit,,373,14,23,14,11.67,5.25,0.5,0.75,20,8,0.8458622009569378,0.30939167696879655
3165,,after_candidate_limit,,374,14,24,14,11.67,5.25,0.5,0.75,20,15,0.8458622009569378,0.30939167696879655
3166,,after_candidate_limit,,398,15,23,15,11.67,5.25,0.5,1.38,20,8,0.8458622009569378,0.30939167696879655
3167,,after_candidate_limit,,399,15,24,15,11.67,5.25,0.5,1.38,20,15,0.8458622009569378,0.30939167696879655
3168,,after_candidate_limit,,423,16,23,16,11.67,5.25,0.5,2,20,8,0.8458622009569378,0.30939167696879655
3169,,after_candidate_limit,,424,16,24,16,11.67,5.25,0.5,2,20,15,0.8458622009569378,0.30939167696879655
3170,,after_candidate_limit,,549,21,24,21,11.67,7,0.5,0.75,20,15,0.8458622009569378,0.30939167696879655
3171,,after_candidate_limit,,573,22,23,22,11.67,7,0.5,1.38,20,8,0.8458622009569378,0.30939167696879655
3172,,after_candidate_limit,,574,22,24,22,11.67,7,0.5,1.38,20,15,0.8458622009569378,0.30939167696879655
3173,,after_candidate_limit,,598,23,23,23,11.67,7,0.5,2,20,8,0.8458622009569378,0.30939167696879655
3174,,after_candidate_limit,,599,23,24,23,11.67,7,0.5,2,20,15,0.8458622009569378,0.30939167696879655
3175,,after_candidate_limit,,773,30,23,30,12.78,11.5,0.5,2,20,8,0.8591205741626794,0.30929529087851115
3176,,after_candidate_limit,,4040,161,15,161,9.44,8.5,0.5,0.75,6,1,0.8518401913875598,0.3092661737681521
3177,,after_candidate_limit,,1846,73,21,73,13.89,6.25,1.33,2,20,2,0.8477320574162679,0.30912294633109555
3178,,after_candidate_limit,,1746,69,21,69,13.89,4.17,3,4.5,20,2,0.8587248803827752,0.3090566253253605
3179,,after_candidate_limit,,1871,74,21,74,13.89,6.25,1.33,3.67,20,2,0.8477301435406699,0.308990572481442
3180,,after_candidate_limit,,1922,76,22,76,13.89,6.25,3,4.5,20,3,0.8587526315789473,0.3089569410261191
3181,,after_candidate_limit,,4135,165,10,165,9.44,8.5,1.33,3.67,3,1,0.8468473684210527,0.3088944198593757
3182,,after_candidate_limit,,2798,111,23,111,15,9,3,4.5,20,8,0.8559727272727272,0.30863548314220385
3183,,after_candidate_limit,,1498,59,23,59,13.89,12.5,1.33,2,20,8,0.8454186602870813,0.3086165300665762
3184,,after_candidate_limit,,4110,164,10,164,9.44,8.5,1.33,2,3,1,0.8468301435406699,0.30824887873125206
3185,,after_candidate_limit,,1647,65,22,65,13.89,4.17,0.5,2,20,3,0.8538325358851675,0.3081187395452323
3186,,after_candidate_limit,,1496,59,21,59,13.89,12.5,1.33,2,20,2,0.8319244019138756,0.3081103332500315
3187,,after_candidate_limit,,1597,63,22,63,13.89,4.17,0.5,0.75,20,3,0.853822966507177,0.30791599947376386
3188,,after_candidate_limit,,1247,49,22,49,12.78,7.67,0.5,0.75,20,3,0.8584038277511962,0.30791530048024407
3189,,after_candidate_limit,,1297,51,22,51,12.78,7.67,0.5,2,20,3,0.858554066985646,0.3078725867763691
3190,,after_candidate_limit,,1622,64,22,64,13.89,4.17,0.5,1.38,20,3,0.8538267942583732,0.3078583162854294
3191,,after_candidate_limit,,1071,42,21,42,12.78,5.75,0.5,0.75,20,2,0.8583598086124402,0.30782042489525235
3192,,after_candidate_limit,,665,26,15,26,11.67,7,2.17,3.25,6,1,0.8333162679425837,0.3078115837527528
3193,,after_candidate_limit,,2448,97,23,97,15,4.5,3,4.5,20,8,0.8559334928229665,0.3078103499827857
3194,,after_candidate_limit,,2449,97,24,97,15,4.5,3,4.5,20,15,0.8559334928229665,0.3078103499827857
3195,,after_candidate_limit,,2623,104,23,104,15,6.75,3,4.5,20,8,0.8559334928229665,0.3078103499827857
3196,,after_candidate_limit,,2624,104,24,104,15,6.75,3,4.5,20,15,0.8559334928229665,0.3078103499827857
3197,,after_candidate_limit,,2799,111,24,111,15,9,3,4.5,20,15,0.8559334928229665,0.3078103499827857
3198,,after_candidate_limit,,1572,62,22,62,13.89,12.5,3,4.5,20,3,0.8555114832535885,0.3078015871209947
3199,,after_candidate_limit,,1272,50,22,50,12.78,7.67,0.5,1.38,20,3,0.8584153110047847,0.3077669905623255
3200,,after_candidate_limit,,1670,66,20,66,13.89,4.17,1.33,2,20,1,0.8478631578947369,0.30773885792939953
3201,,after_candidate_limit,,1695,67,20,67,13.89,4.17,1.33,3.67,20,1,0.8478822966507177,0.30770295782168505
3202,,after_candidate_limit,,1096,43,21,43,12.78,5.75,0.5,1.38,20,2,0.8583741626794258,0.30744021950341327
3203,,after_candidate_limit,,1570,62,20,62,13.89,12.5,3,4.5,20,1,0.8251645933014354,0.3074313258877778
3204,,after_candidate_limit,,1521,60,21,60,13.89,12.5,1.33,3.67,20,2,0.8298066985645933,0.30742619317867903
3205,,after_candidate_limit,,1121,44,21,44,12.78,5.75,0.5,2,20,2,0.8583741626794258,0.30740407816707976
3206,,after_candidate_limit,,24,0,24,0,11.67,10.5,0.5,0.75,20,15,0.8458641148325359,0.3072775143430622
3207,,after_candidate_limit,,690,27,15,27,11.67,7,3,4.5,6,1,0.8274555023923444,0.3072636320737065
3208,,after_candidate_limit,,1549,61,24,61,13.89,12.5,2.17,3.25,20,15,0.8616129186602871,0.3072274489633118
3209,,after_candidate_limit,,74,2,24,2,11.67,10.5,0.5,2,20,15,0.845866985645933,0.30711098492788697
3210,,after_candidate_limit,,824,32,24,32,12.78,11.5,1.33,3.67,20,15,0.8439808612440192,0.30710862697449365
3211,,after_candidate_limit,,49,1,24,1,11.67,10.5,0.5,1.38,20,15,0.8458622009569378,0.30702459172129126
3212,,after_candidate_limit,,1373,54,23,54,12.78,7.67,2.17,3.25,20,8,0.8460832535885168,0.30673987801264024
3213,,after_candidate_limit,,1497,59,22,59,13.89,12.5,1.33,2,20,3,0.8425904306220096,0.30673801375506193
3214,,after_candidate_limit,,1023,40,23,40,12.78,3.83,2.17,3.25,20,8,0.8460822966507177,0.30672210631065805
3215,,after_candidate_limit,,1024,40,24,40,12.78,3.83,2.17,3.25,20,15,0.8460822966507177,0.30672210631065805
3216,,after_candidate_limit,,1198,47,23,47,12.78,5.75,2.17,3.25,20,8,0.8460822966507177,0.30672210631065805
3217,,after_candidate_limit,,1199,47,24,47,12.78,5.75,2.17,3.25,20,15,0.8460822966507177,0.30672210631065805
3218,,after_candidate_limit,,1374,54,24,54,12.78,7.67,2.17,3.25,20,15,0.8460822966507177,0.30672210631065805
3219,,after_candidate_limit,,1522,60,22,60,13.89,12.5,1.33,3.67,20,3,0.8441593301435407,0.306718367638738
3220,,after_candidate_limit,,1722,68,22,68,13.89,4.17,2.17,3.25,20,3,0.864199043062201,0.3065672104271558
3221,,after_candidate_limit,,1574,62,24,62,13.89,12.5,3,4.5,20,15,0.859311961722488,0.3062978633892422
3222,,after_candidate_limit,,142,5,17,5,11.67,10.5,2.17,3.25,6,3,0.8334775119617225,0.30629495772093446
3223,,after_candidate_limit,,799,31,24,31,12.78,11.5,1.33,2,20,15,0.8437550239234449,0.306206417764903
3224,,after_candidate_limit,,2773,110,23,110,15,9,2.17,3.25,20,8,0.8509282296650718,0.3061677813271326
3225,,after_candidate_limit,,1471,58,21,58,13.89,12.5,0.5,2,20,2,0.8391971291866028,0.30606731130851716
3226,,after_candidate_limit,,1573,62,23,62,13.89,12.5,3,4.5,20,8,0.859743062200957,0.3059155607767689
3227,,after_candidate_limit,,920,36,20,36,12.78,3.83,0.5,1.38,20,1,0.8583741626794258,0.3056309943217306
3228,,after_candidate_limit,,4065,162,15,162,9.44,8.5,0.5,1.38,6,1,0.8517167464114832,0.30526506687355554
3229,,after_candidate_limit,,2423,96,23,96,15,4.5,2.17,3.25,20,8,0.8508842105263158,0.3051275814008946
3230,,after_candidate_limit,,2424,96,24,96,15,4.5,2.17,3.25,20,15,0.8508842105263158,0.3051275814008946
3231,,after_candidate_limit,,2598,103,23,103,15,6.75,2.17,3.25,20,8,0.8508842105263158,0.3051275814008946
3232,,after_candidate_limit,,2599,103,24,103,15,6.75,2.17,3.25,20,15,0.8508842105263158,0.3051275814008946
3233,,after_candidate_limit,,2774,110,24,110,15,9,2.17,3.25,20,15,0.8508842105263158,0.3051275814008946
3234,,after_candidate_limit,,945,37,20,37,12.78,3.83,0.5,2,20,1,0.858377033492823,0.3050525123982636
3235,,after_candidate_limit,,1948,77,23,77,13.89,8.33,0.5,0.75,20,8,0.8538047846889952,0.30500207960063747
3236,,after_candidate_limit,,1998,79,23,79,13.89,8.33,0.5,2,20,8,0.8538086124401914,0.3049331340716069
3237,,after_candidate_limit,,1747,69,22,69,13.89,4.17,3,4.5,20,3,0.8586875598086124,0.3048894290777084
3238,,after_candidate_limit,,1872,74,22,74,13.89,6.25,1.33,3.67,20,3,0.8475885167464114,0.3047156459550848
3239,,after_candidate_limit,,1847,73,22,73,13.89,6.25,1.33,2,20,3,0.8475894736842106,0.3047123892025016
3240,,after_candidate_limit,,1696,67,21,67,13.89,4.17,1.33,3.67,20,2,0.8475866028708134,0.30463470039533375
3241,,after_candidate_limit,,1973,78,23,78,13.89,8.33,0.5,1.38,20,8,0.8538038277511961,0.30462233894221596
3242,,after_candidate_limit,,1671,66,21,66,13.89,4.17,1.33,2,20,2,0.8475808612440191,0.3045373364081598
3243,,after_candidate_limit,,1072,42,22,42,12.78,5.75,0.5,0.75,20,3,0.8582641148325358,0.3041775484040958
3244,,after_candidate_limit,,1571,62,21,62,13.89,12.5,3,4.5,20,2,0.8435703349282296,0.30412676308758957
3245,,after_candidate_limit,,2120,84,20,84,15,13.5,0.5,0.75,20,1,0.8585693779904306,0.3040281818306516
3246,,after_candidate_limit,,849,33,24,33,12.78,11.5,2.17,3.25,20,15,0.8431196172248804,0.30389976680251307
3247,,after_candidate_limit,,167,6,17,6,11.67,10.5,3,4.5,6,3,0.8275622009569378,0.3038366979670674
3248,,after_candidate_limit,,1598,63,23,63,13.89,4.17,0.5,0.75,20,8,0.8537933014354067,0.30370767939970245
3249,,after_candidate_limit,,1599,63,24,63,13.89,4.17,0.5,0.75,20,15,0.8537933014354067,0.30370767939970245
3250,,after_candidate_limit,,1623,64,23,64,13.89,4.17,0.5,1.38,20,8,0.8537933014354067,0.30370767939970245
3251,,after_candidate_limit,,1624,64,24,64,13.89,4.17,0.5,1.38,20,15,0.8537933014354067,0.30370767939970245
3252,,after_candidate_limit,,1648,65,23,65,13.89,4.17,0.5,2,20,8,0.8537933014354067,0.30370767939970245
3253,,after_candidate_limit,,1649,65,24,65,13.89,4.17,0.5,2,20,15,0.8537933014354067,0.30370767939970245
3254,,after_candidate_limit,,1773,70,23,70,13.89,6.25,0.5,0.75,20,8,0.8537933014354067,0.30370767939970245
3255,,after_candidate_limit,,1774,70,24,70,13.89,6.25,0.5,0.75,20,15,0.8537933014354067,0.30370767939970245
3256,,after_candidate_limit,,1798,71,23,71,13.89,6.25,0.5,1.38,20,8,0.8537933014354067,0.30370767939970245
3257,,after_candidate_limit,,1799,71,24,71,13.89,6.25,0.5,1.38,20,15,0.8537933014354067,0.30370767939970245
3258,,after_candidate_limit,,1823,72,23,72,13.89,6.25,0.5,2,20,8,0.8537933014354067,0.30370767939970245
3259,,after_candidate_limit,,1824,72,24,72,13.89,6.25,0.5,2,20,15,0.8537933014354067,0.30370767939970245
3260,,after_candidate_limit,,1949,77,24,77,13.89,8.33,0.5,0.75,20,15,0.8537933014354067,0.30370767939970245
3261,,after_candidate_limit,,1974,78,24,78,13.89,8.33,0.5,1.38,20,15,0.8537933014354067,0.30370767939970245
3262,,after_candidate_limit,,1999,79,24,79,13.89,8.33,0.5,2,20,15,0.8537933014354067,0.30370767939970245
3263,,after_candidate_limit,,1523,60,23,60,13.89,12.5,1.33,3.67,20,8,0.8454382775119618,0.30364205375304415
3264,,after_candidate_limit,,2073,82,23,82,13.89,8.33,2.17,3.25,20,8,0.8641856459330144,0.30344992773418517
3265,,after_candidate_limit,,1097,43,22,43,12.78,5.75,0.5,1.38,20,3,0.8582679425837321,0.30333968061540284
3266,,after_candidate_limit,,946,37,21,37,12.78,3.83,0.5,2,20,2,0.8582679425837321,0.303259991577403
3267,,after_candidate_limit,,921,36,21,36,12.78,3.83,0.5,1.38,20,2,0.8582641148325358,0.30314950650040606
3268,,after_candidate_limit,,1122,44,22,44,12.78,5.75,0.5,2,20,3,0.8582765550239234,0.3031380573078874
3269,,after_candidate_limit,,896,35,21,35,12.78,3.83,0.5,0.75,20,2,0.8582612440191387,0.3030089805455992
3270,,after_candidate_limit,,1723,68,23,68,13.89,4.17,2.17,3.25,20,8,0.8641665071770335,0.3016638486949313
3271,,after_candidate_limit,,1724,68,24,68,13.89,4.17,2.17,3.25,20,15,0.8641665071770335,0.3016638486949313
3272,,after_candidate_limit,,1898,75,23,75,13.89,6.25,2.17,3.25,20,8,0.8641665071770335,0.3016638486949313
3273,,after_candidate_limit,,1899,75,24,75,13.89,6.25,2.17,3.25,20,15,0.8641665071770335,0.3016638486949313
3274,,after_candidate_limit,,2074,82,24,82,13.89,8.33,2.17,3.25,20,15,0.8641665071770335,0.3016638486949313
3275,,after_candidate_limit,,2098,83,23,83,13.89,8.33,3,4.5,20,8,0.8586722488038278,0.30161076516078605
3276,,after_candidate_limit,,4090,163,15,163,9.44,8.5,0.5,2,6,1,0.8484794258373206,0.30139895784175574
3277,,after_candidate_limit,,1445,57,20,57,13.89,12.5,0.5,1.38,20,1,0.8147038277511962,0.30123755765614685
3278,,after_candidate_limit,,1499,59,24,59,13.89,12.5,1.33,2,20,15,0.8448406698564593,0.30105977640071463
3279,,after_candidate_limit,,1470,58,20,58,13.89,12.5,0.5,2,20,1,0.8123521531100478,0.30072229521381527
3280,,after_candidate_limit,,2147,85,22,85,15,13.5,0.5,1.38,20,3,0.8661334928229665,0.3006717893037598
3281,,after_candidate_limit,,1697,67,22,67,13.89,4.17,1.33,3.67,20,3,0.8475081339712919,0.3006590012819944
3282,,after_candidate_limit,,947,37,22,37,12.78,3.83,0.5,2,20,3,0.858222009569378,0.30057112308423606
3283,,after_candidate_limit,,897,35,22,35,12.78,3.83,0.5,0.75,20,3,0.858221052631579,0.3004404041299877
3284,,after_candidate_limit,,922,36,22,36,12.78,3.83,0.5,1.38,20,3,0.858221052631579,0.3004404041299877
3285,,after_candidate_limit,,440,17,15,17,11.67,5.25,1.33,2,6,1,0.8284803827751196,0.30026037905850633
3286,,after_candidate_limit,,1672,66,22,66,13.89,4.17,1.33,2,20,3,0.8475033492822966,0.30021339780154227
3287,,after_candidate_limit,,1748,69,23,69,13.89,4.17,3,4.5,20,8,0.858654066985646,0.2997898721415484
3288,,after_candidate_limit,,1749,69,24,69,13.89,4.17,3,4.5,20,15,0.858654066985646,0.2997898721415484
3289,,after_candidate_limit,,1923,76,23,76,13.89,6.25,3,4.5,20,8,0.858654066985646,0.2997898721415484
3290,,after_candidate_limit,,1924,76,24,76,13.89,6.25,3,4.5,20,15,0.858654066985646,0.2997898721415484
3291,,after_candidate_limit,,2099,83,24,83,13.89,8.33,3,4.5,20,15,0.858654066985646,0.2997898721415484
3292,,after_candidate_limit,,3960,158,10,158,9.44,5.66,1.33,3.67,3,1,0.8455191387559808,0.29967856259943904
3293,,after_candidate_limit,,3935,157,10,157,9.44,5.66,1.33,2,3,1,0.8455028708133971,0.29954609714329994
3294,,after_candidate_limit,,1524,60,24,60,13.89,12.5,1.33,3.67,20,15,0.8448617224880383,0.29945722705959854
3295,,after_candidate_limit,,465,18,15,18,11.67,5.25,1.33,3.67,6,1,0.8284688995215311,0.2994053775307354
3296,,after_candidate_limit,,2197,87,22,87,15,13.5,1.33,2,20,3,0.8582258373205741,0.29927663259182824
3297,,after_candidate_limit,,2172,86,22,86,15,13.5,0.5,2,20,3,0.8659167464114833,0.2984259367229918
3298,,after_candidate_limit,,4041,161,16,161,9.44,8.5,0.5,0.75,6,2,0.8506751196172249,0.2979258957672945
3299,,after_candidate_limit,,4111,164,11,164,9.44,8.5,1.33,2,3,2,0.8457717703349282,0.29763330390433596
3300,,after_candidate_limit,,616,24,16,24,11.67,7,1.33,2,6,2,0.8286444976076555,0.29762356250836564
3301,,after_candidate_limit,,2048,81,23,81,13.89,8.33,1.33,3.67,20,8,0.8474956937799043,0.29753762575549564
3302,,after_candidate_limit,,2023,80,23,80,13.89,8.33,1.33,2,20,8,0.8474909090909091,0.2973617787354467
3303,,after_candidate_limit,,641,25,16,25,11.67,7,1.33,3.67,6,2,0.8286483253588517,0.2972220550599274
3304,,after_candidate_limit,,1248,49,23,49,12.78,7.67,0.5,0.75,20,8,0.8582028708133971,0.29688231480825333
3305,,after_candidate_limit,,898,35,23,35,12.78,3.83,0.5,0.75,20,8,0.8582009569377991,0.29660364097312786
3306,,after_candidate_limit,,899,35,24,35,12.78,3.83,0.5,0.75,20,15,0.8582009569377991,0.29660364097312786
3307,,after_candidate_limit,,923,36,23,36,12.78,3.83,0.5,1.38,20,8,0.8582009569377991,0.29660364097312786
3308,,after_candidate_limit,,924,36,24,36,12.78,3.83,0.5,1.38,20,15,0.8582009569377991,0.29660364097312786
3309,,after_candidate_limit,,948,37,23,37,12.78,3.83,0.5,2,20,8,0.8582009569377991,0.29660364097312786
3310,,after_candidate_limit,,949,37,24,37,12.78,3.83,0.5,2,20,15,0.8582009569377991,0.29660364097312786
3311,,after_candidate_limit,,1073,42,23,42,12.78,5.75,0.5,0.75,20,8,0.8582009569377991,0.29660364097312786
3312,,after_candidate_limit,,1074,42,24,42,12.78,5.75,0.5,0.75,20,15,0.8582009569377991,0.29660364097312786
3313,,after_candidate_limit,,1098,43,23,43,12.78,5.75,0.5,1.38,20,8,0.8582009569377991,0.29660364097312786
3314,,after_candidate_limit,,1099,43,24,43,12.78,5.75,0.5,1.38,20,15,0.8582009569377991,0.29660364097312786
3315,,after_candidate_limit,,1123,44,23,44,12.78,5.75,0.5,2,20,8,0.8582009569377991,0.29660364097312786
3316,,after_candidate_limit,,1124,44,24,44,12.78,5.75,0.5,2,20,15,0.8582009569377991,0.29660364097312786
3317,,after_candidate_limit,,1249,49,24,49,12.78,7.67,0.5,0.75,20,15,0.8582009569377991,0.29660364097312786
3318,,after_candidate_limit,,1273,50,23,50,12.78,7.67,0.5,1.38,20,8,0.8582009569377991,0.29660364097312786
3319,,after_candidate_limit,,1274,50,24,50,12.78,7.67,0.5,1.38,20,15,0.8582009569377991,0.29660364097312786
3320,,after_candidate_limit,,1298,51,23,51,12.78,7.67,0.5,2,20,8,0.8582009569377991,0.29660364097312786
3321,,after_candidate_limit,,1299,51,24,51,12.78,7.67,0.5,2,20,15,0.8582009569377991,0.29660364097312786
3322,,after_candidate_limit,,2195,87,20,87,15,13.5,1.33,2,20,1,0.8366535885167464,0.29647438127433534
3323,,after_candidate_limit,,2222,88,22,88,15,13.5,1.33,3.67,20,3,0.8572,0.29584527967413365
3324,,after_candidate_limit,,1848,73,23,73,13.89,6.25,1.33,2,20,8,0.8474717703349283,0.29566911809365287
3325,,after_candidate_limit,,1873,74,23,74,13.89,6.25,1.33,3.67,20,8,0.8474717703349283,0.29566911809365287
3326,,after_candidate_limit,,490,19,15,19,11.67,5.25,2.17,3.25,6,1,0.8325157894736842,0.2956385586427325
3327,,after_candidate_limit,,1673,66,23,66,13.89,4.17,1.33,2,20,8,0.8474708133971292,0.2956299344201835
3328,,after_candidate_limit,,1674,66,24,66,13.89,4.17,1.33,2,20,15,0.8474708133971292,0.2956299344201835
3329,,after_candidate_limit,,1698,67,23,67,13.89,4.17,1.33,3.67,20,8,0.8474708133971292,0.2956299344201835
3330,,after_candidate_limit,,1699,67,24,67,13.89,4.17,1.33,3.67,20,15,0.8474708133971292,0.2956299344201835
3331,,after_candidate_limit,,1849,73,24,73,13.89,6.25,1.33,2,20,15,0.8474708133971292,0.2956299344201835
3332,,after_candidate_limit,,1874,74,24,74,13.89,6.25,1.33,3.67,20,15,0.8474708133971292,0.2956299344201835
3333,,after_candidate_limit,,2024,80,24,80,13.89,8.33,1.33,2,20,15,0.8474708133971292,0.2956299344201835
3334,,after_candidate_limit,,2049,81,24,81,13.89,8.33,1.33,3.67,20,15,0.8474708133971292,0.2956299344201835
3335,,after_candidate_limit,,2146,85,21,85,15,13.5,0.5,1.38,20,2,0.8577406698564594,0.29522365636032116
3336,,after_candidate_limit,,724,28,24,28,12.78,11.5,0.5,0.75,20,15,0.8583023923444976,0.29501518981134667
3337,,after_candidate_limit,,2220,88,20,88,15,13.5,1.33,3.67,20,1,0.8231205741626795,0.2948276912147472
3338,,after_candidate_limit,,4136,165,11,165,9.44,8.5,1.33,3.67,3,2,0.8457842105263158,0.294760579749594
3339,,after_candidate_limit,,290,11,15,11,11.67,3.5,1.33,3.67,6,1,0.8282488038277512,0.294209851358165
3340,,after_candidate_limit,,265,10,15,10,11.67,3.5,1.33,2,6,1,0.8282430622009569,0.2940179382140814
3341,,after_candidate_limit,,4160,166,10,166,9.44,8.5,2.17,3.25,3,1,0.8281966507177033,0.29397699510686054
3342,,after_candidate_limit,,3785,151,10,151,9.44,4.25,1.33,3.67,3,1,0.8452502392344498,0.2937919419947518
3343,,after_candidate_limit,,4066,162,16,162,9.44,8.5,0.5,1.38,6,2,0.8505746411483254,0.29360321016612967
3344,,after_candidate_limit,,774,30,24,30,12.78,11.5,0.5,2,20,15,0.8582555023923445,0.293560779804123
3345,,after_candidate_limit,,515,20,15,20,11.67,5.25,3,4.5,6,1,0.8266636363636364,0.2933248264648859
3346,,after_candidate_limit,,749,29,24,29,12.78,11.5,0.5,1.38,20,15,0.8582679425837321,0.2933070796844209
3347,,after_candidate_limit,,3760,150,10,150,9.44,4.25,1.33,2,3,1,0.8452272727272727,0.29324636614728067
3348,,after_candidate_limit,,2196,87,21,87,15,13.5,1.33,2,20,2,0.8501,0.29313972699494995
3349,,after_candidate_limit,,666,26,16,26,11.67,7,2.17,3.25,6,2,0.8326564593301435,0.2931082552628468
3350,,after_candidate_limit,,617,24,17,24,11.67,7,1.33,2,6,3,0.8284631578947368,0.2928414462556307
3351,,after_candidate_limit,,3865,154,15,154,9.44,5.66,0.5,0.75,6,1,0.8501885167464115,0.2927626759212931
3352,,after_candidate_limit,,466,18,16,18,11.67,5.25,1.33,3.67,6,2,0.8284550239234449,0.2926323493141988
3353,,after_candidate_limit,,642,25,17,25,11.67,7,1.33,3.67,6,3,0.8284775119617225,0.2926035398481419
3354,,after_candidate_limit,,441,17,16,17,11.67,5.25,1.33,2,6,2,0.8284569377990431,0.2925794794106498
3355,,after_candidate_limit,,4091,163,16,163,9.44,8.5,0.5,2,6,2,0.850588038277512,0.29190853940341277
3356,,after_candidate_limit,,691,27,16,27,11.67,7,3,4.5,6,2,0.8267717703349282,0.29131476913862137
3357,,after_candidate_limit,,2145,85,20,85,15,13.5,0.5,1.38,20,1,0.8525559808612441,0.291105742686451
3358,,after_candidate_limit,,315,12,15,12,11.67,3.5,2.17,3.25,6,1,0.8322583732057416,0.2904141649640748
3359,,after_candidate_limit,,3890,155,15,155,9.44,5.66,0.5,1.38,6,1,0.8501904306220096,0.2902022272029605
3360,,after_candidate_limit,,291,11,16,11,11.67,3.5,1.33,3.67,6,2,0.8283794258373206,0.2901479331633542
3361,,after_candidate_limit,,2171,86,21,86,15,13.5,0.5,2,20,2,0.8577827751196172,0.29014452718765205
3362,,after_candidate_limit,,4137,165,12,165,9.44,8.5,1.33,3.67,3,3,0.84541004784689,0.29013833882027895
3363,,after_candidate_limit,,2221,88,21,88,15,13.5,1.33,3.67,20,2,0.8481401913875598,0.29011173736191914
3364,,after_candidate_limit,,2245,89,20,89,15,13.5,2.17,3.25,20,1,0.8164382775119617,0.2900726080213464
3365,,after_candidate_limit,,3610,144,10,144,9.44,2.83,1.33,3.67,3,1,0.8450894736842105,0.28970292944512516
3366,,after_candidate_limit,,3961,158,11,158,9.44,5.66,1.33,3.67,3,2,0.8451095693779904,0.2896543265222248
3367,,after_candidate_limit,,4112,164,12,164,9.44,8.5,1.33,2,3,3,0.8453583732057416,0.28964091266989134
3368,,after_candidate_limit,,266,10,16,10,11.67,3.5,1.33,2,6,2,0.8283722488038278,0.28963812372699776
3369,,after_candidate_limit,,3936,157,11,157,9.44,5.66,1.33,2,3,2,0.8451038277511962,0.2895188942203775
3370,,after_candidate_limit,,3585,143,10,143,9.44,2.83,1.33,2,3,1,0.8450904306220096,0.28933522566263137
3371,,after_candidate_limit,,3915,156,15,156,9.44,5.66,0.5,2,6,1,0.850198086124402,0.2892036832208287
3372,,after_candidate_limit,,442,17,17,17,11.67,5.25,1.33,2,6,3,0.8283827751196172,0.2889652173249354
3373,,after_candidate_limit,,467,18,17,18,11.67,5.25,1.33,3.67,6,3,0.8283856459330143,0.28886199130947887
3374,,after_candidate_limit,,340,13,15,13,11.67,3.5,3,4.5,6,1,0.8263708133971291,0.2887283123854872
3375,,after_candidate_limit,,667,26,17,26,11.67,7,2.17,3.25,6,3,0.8324803827751196,0.28867595643613586
3376,,after_candidate_limit,,491,19,16,19,11.67,5.25,2.17,3.25,6,2,0.8324688995215311,0.28839571704049777
3377,,after_candidate_limit,,4042,161,17,161,9.44,8.5,0.5,0.75,6,3,0.8501162679425838,0.2882372836814322
3378,,after_candidate_limit,,2247,89,22,89,15,13.5,2.17,3.25,20,3,0.8369540669856459,0.2882277612729777
3379,,after_candidate_limit,,118,4,18,4,11.67,10.5,1.33,3.67,6,8,0.8284459330143541,0.2877464445460448
3380,,after_candidate_limit,,2246,89,21,89,15,13.5,2.17,3.25,20,2,0.8377454545454546,0.28749015171747755
3381,,after_candidate_limit,,2272,90,22,90,15,13.5,3,4.5,20,3,0.8413507177033492,0.2873754369854959
3382,,after_candidate_limit,,292,11,17,11,11.67,3.5,1.33,3.67,6,3,0.828354066985646,0.287374705322547
3383,,after_candidate_limit,,4185,167,10,167,9.44,8.5,3,4.5,3,1,0.8186224880382775,0.2869942351106703
3384,,after_candidate_limit,,516,20,16,20,11.67,5.25,3,4.5,6,2,0.8265851674641148,0.28689512357422237
3385,,after_candidate_limit,,2170,86,20,86,15,13.5,0.5,2,20,1,0.8516334928229665,0.2868333978255192
3386,,after_candidate_limit,,692,27,17,27,11.67,7,3,4.5,6,3,0.8265947368421053,0.2867500101594494
3387,,after_candidate_limit,,267,10,17,10,11.67,3.5,1.33,2,6,3,0.8283492822966507,0.2866094463984646
3388,,after_candidate_limit,,4092,163,17,163,9.44,8.5,0.5,2,6,3,0.8501038277511962,0.2865930871426119
3389,,after_candidate_limit,,4067,162,17,162,9.44,8.5,0.5,1.38,6,3,0.8500617224880382,0.28654004547533396
3390,,after_candidate_limit,,3786,151,11,151,9.44,4.25,1.33,3.67,3,2,0.8450454545454545,0.2865331168325546
3391,,after_candidate_limit,,3761,150,11,150,9.44,4.25,1.33,2,3,2,0.8450387559808612,0.2864554041913195
3392,,after_candidate_limit,,316,12,16,12,11.67,3.5,2.17,3.25,6,2,0.8323980861244019,0.28636703943525876
3393,,after_candidate_limit,,93,3,18,3,11.67,10.5,1.33,2,6,8,0.8283751196172249,0.2862271645624658
3394,,after_candidate_limit,,3962,158,12,158,9.44,5.66,1.33,3.67,3,3,0.8450196172248804,0.2861137958402681
3395,,after_candidate_limit,,3937,157,12,157,9.44,5.66,1.33,2,3,3,0.8450138755980862,0.2857971536493638
3396,,after_candidate_limit,,2271,90,21,90,15,13.5,3,4.5,20,2,0.8317736842105263,0.28563926588048966
3397,,after_candidate_limit,,3690,147,15,147,9.44,4.25,0.5,0.75,6,1,0.8497822966507177,0.2855880662890771
3398,,after_candidate_limit,,2270,90,20,90,15,13.5,3,4.5,20,1,0.8047521531100479,0.2851872471541926
3399,,after_candidate_limit,,3611,144,11,144,9.44,2.83,1.33,3.67,3,2,0.8450052631578947,0.28510972895914327
3400,,after_candidate_limit,,643,25,18,25,11.67,7,1.33,3.67,6,8,0.8283444976076555,0.2850105379991857
3401,,after_candidate_limit,,268,10,18,10,11.67,3.5,1.33,2,6,8,0.8283435406698565,0.2849983765840392
3402,,after_candidate_limit,,269,10,19,10,11.67,3.5,1.33,2,6,15,0.8283435406698565,0.2849983765840392
3403,,after_candidate_limit,,293,11,18,11,11.67,3.5,1.33,3.67,6,8,0.8283435406698565,0.2849983765840392
3404,,after_candidate_limit,,294,11,19,11,11.67,3.5,1.33,3.67,6,15,0.8283435406698565,0.2849983765840392
3405,,after_candidate_limit,,443,17,18,17,11.67,5.25,1.33,2,6,8,0.8283435406698565,0.2849983765840392
3406,,after_candidate_limit,,444,17,19,17,11.67,5.25,1.33,2,6,15,0.8283435406698565,0.2849983765840392
3407,,after_candidate_limit,,468,18,18,18,11.67,5.25,1.33,3.67,6,8,0.8283435406698565,0.2849983765840392
3408,,after_candidate_limit,,469,18,19,18,11.67,5.25,1.33,3.67,6,15,0.8283435406698565,0.2849983765840392
3409,,after_candidate_limit,,618,24,18,24,11.67,7,1.33,2,6,8,0.8283435406698565,0.2849983765840392
3410,,after_candidate_limit,,619,24,19,24,11.67,7,1.33,2,6,15,0.8283435406698565,0.2849983765840392
3411,,after_candidate_limit,,644,25,19,25,11.67,7,1.33,3.67,6,15,0.8283435406698565,0.2849983765840392
3412,,after_candidate_limit,,492,19,17,19,11.67,5.25,2.17,3.25,6,3,0.8323923444976077,0.28497262144505614
3413,,after_candidate_limit,,3985,159,10,159,9.44,5.66,2.17,3.25,3,1,0.8270626794258373,0.2848832521712049
3414,,after_candidate_limit,,143,5,18,5,11.67,10.5,2.17,3.25,6,8,0.8324507177033493,0.2848397023930408
3415,,after_candidate_limit,,341,13,16,13,11.67,3.5,3,4.5,6,2,0.8265133971291866,0.28480623502183006
3416,,after_candidate_limit,,3586,143,11,143,9.44,2.83,1.33,2,3,2,0.8450033492822967,0.28475909774952946
3417,,after_candidate_limit,,3787,151,12,151,9.44,4.25,1.33,3.67,3,3,0.8449947368421052,0.28408777932707213
3418,,after_candidate_limit,,3762,150,12,150,9.44,4.25,1.33,2,3,3,0.8449918660287081,0.28393972935419326
3419,,after_candidate_limit,,317,12,17,12,11.67,3.5,2.17,3.25,6,3,0.8323693779904306,0.2833688358767225
3420,,after_candidate_limit,,168,6,18,6,11.67,10.5,3,4.5,6,8,0.8265727272727272,0.2833518515382819
3421,,after_candidate_limit,,3916,156,16,156,9.44,5.66,0.5,2,6,2,0.8498167464114833,0.28328714142316347
3422,,after_candidate_limit,,517,20,17,20,11.67,5.25,3,4.5,6,3,0.8265095693779905,0.28313123885023117
3423,,after_candidate_limit,,94,3,19,3,11.67,10.5,1.33,2,6,15,0.8284,0.28296133567743464
3424,,after_candidate_limit,,3891,155,16,155,9.44,5.66,0.5,1.38,6,2,0.8498119617224881,0.2829454492151121
3425,,after_candidate_limit,,119,4,19,4,11.67,10.5,1.33,3.67,6,15,0.8284114832535885,0.2828608595065015
3426,,after_candidate_limit,,3866,154,16,154,9.44,5.66,0.5,0.75,6,2,0.849811004784689,0.28270783277127187
3427,,after_candidate_limit,,3715,148,15,148,9.44,4.25,0.5,1.38,6,1,0.8497650717703349,0.2825034158308785
3428,,after_candidate_limit,,3740,149,15,149,9.44,4.25,0.5,2,6,1,0.8497861244019139,0.28237277709336334
3429,,after_candidate_limit,,3612,144,12,144,9.44,2.83,1.33,3.67,3,3,0.8449784688995216,0.2818382082183409
3430,,after_candidate_limit,,668,26,18,26,11.67,7,2.17,3.25,6,8,0.8323665071770335,0.281641296803965
3431,,after_candidate_limit,,4161,166,11,166,9.44,8.5,2.17,3.25,3,2,0.8272636363636363,0.2816293680797156
3432,,after_candidate_limit,,318,12,18,12,11.67,3.5,2.17,3.25,6,8,0.8323645933014354,0.2816173739346514
3433,,after_candidate_limit,,319,12,19,12,11.67,3.5,2.17,3.25,6,15,0.8323645933014354,0.2816173739346514
3434,,after_candidate_limit,,493,19,18,19,11.67,5.25,2.17,3.25,6,8,0.8323645933014354,0.2816173739346514
3435,,after_candidate_limit,,494,19,19,19,11.67,5.25,2.17,3.25,6,15,0.8323645933014354,0.2816173739346514
3436,,after_candidate_limit,,669,26,19,26,11.67,7,2.17,3.25,6,15,0.8323645933014354,0.2816173739346514
3437,,after_candidate_limit,,342,13,17,13,11.67,3.5,3,4.5,6,3,0.8264846889952153,0.281598032426993
3438,,after_candidate_limit,,3515,140,15,140,9.44,2.83,0.5,0.75,6,1,0.8497019138755981,0.28130113537707185
3439,,after_candidate_limit,,4138,165,13,165,9.44,8.5,1.33,3.67,3,8,0.8449956937799044,0.2812605359307313
3440,,after_candidate_limit,,3587,143,12,143,9.44,2.83,1.33,2,3,3,0.8449784688995216,0.2812535590955339
3441,,after_candidate_limit,,4113,164,13,164,9.44,8.5,1.33,2,3,8,0.844988038277512,0.28122019375535856
3442,,after_candidate_limit,,3588,143,13,143,9.44,2.83,1.33,2,3,8,0.8449765550239234,0.2809207808389511
3443,,after_candidate_limit,,3589,143,14,143,9.44,2.83,1.33,2,3,15,0.8449765550239234,0.2809207808389511
3444,,after_candidate_limit,,3613,144,13,144,9.44,2.83,1.33,3.67,3,8,0.8449765550239234,0.2809207808389511
3445,,after_candidate_limit,,3614,144,14,144,9.44,2.83,1.33,3.67,3,15,0.8449765550239234,0.2809207808389511
3446,,after_candidate_limit,,3763,150,13,150,9.44,4.25,1.33,2,3,8,0.8449765550239234,0.2809207808389511
3447,,after_candidate_limit,,3764,150,14,150,9.44,4.25,1.33,2,3,15,0.8449765550239234,0.2809207808389511
3448,,after_candidate_limit,,3788,151,13,151,9.44,4.25,1.33,3.67,3,8,0.8449765550239234,0.2809207808389511
3449,,after_candidate_limit,,3789,151,14,151,9.44,4.25,1.33,3.67,3,15,0.8449765550239234,0.2809207808389511
3450,,after_candidate_limit,,3938,157,13,157,9.44,5.66,1.33,2,3,8,0.8449765550239234,0.2809207808389511
3451,,after_candidate_limit,,3939,157,14,157,9.44,5.66,1.33,2,3,15,0.8449765550239234,0.2809207808389511
3452,,after_candidate_limit,,3963,158,13,158,9.44,5.66,1.33,3.67,3,8,0.8449765550239234,0.2809207808389511
3453,,after_candidate_limit,,3964,158,14,158,9.44,5.66,1.33,3.67,3,15,0.8449765550239234,0.2809207808389511
3454,,after_candidate_limit,,4114,164,14,164,9.44,8.5,1.33,2,3,15,0.8449765550239234,0.2809207808389511
3455,,after_candidate_limit,,4139,165,14,165,9.44,8.5,1.33,3.67,3,15,0.8449765550239234,0.2809207808389511
3456,,after_candidate_limit,,3540,141,15,141,9.44,2.83,0.5,1.38,6,1,0.8496674641148325,0.2805892629139289
3457,,after_candidate_limit,,3565,142,15,142,9.44,2.83,0.5,2,6,1,0.8496454545454546,0.28055224823895836
3458,,after_candidate_limit,,3867,154,17,154,9.44,5.66,0.5,0.75,6,3,0.8497401913875599,0.28050711008628926
3459,,after_candidate_limit,,3741,149,16,149,9.44,4.25,0.5,2,6,2,0.8497593301435407,0.28017008734275817
3460,,after_candidate_limit,,3716,148,16,148,9.44,4.25,0.5,1.38,6,2,0.8497516746411483,0.27998107185648025
3461,,after_candidate_limit,,343,13,18,13,11.67,3.5,3,4.5,6,8,0.8264741626794259,0.27982399450052237
3462,,after_candidate_limit,,344,13,19,13,11.67,3.5,3,4.5,6,15,0.8264741626794259,0.27982399450052237
3463,,after_candidate_limit,,518,20,18,20,11.67,5.25,3,4.5,6,8,0.8264741626794259,0.27982399450052237
3464,,after_candidate_limit,,519,20,19,20,11.67,5.25,3,4.5,6,15,0.8264741626794259,0.27982399450052237
3465,,after_candidate_limit,,693,27,18,27,11.67,7,3,4.5,6,8,0.8264741626794259,0.27982399450052237
3466,,after_candidate_limit,,694,27,19,27,11.67,7,3,4.5,6,15,0.8264741626794259,0.27982399450052237
3467,,after_candidate_limit,,144,5,19,5,11.67,10.5,2.17,3.25,6,15,0.832421052631579,0.2797800757748389
3468,,after_candidate_limit,,3917,156,17,156,9.44,5.66,0.5,2,6,3,0.8497459330143541,0.27975472632970944
3469,,after_candidate_limit,,3691,147,16,147,9.44,4.25,0.5,0.75,6,2,0.8497411483253589,0.27952378013249213
3470,,after_candidate_limit,,3892,155,17,155,9.44,5.66,0.5,1.38,6,3,0.849743062200957,0.2795019613447345
3471,,after_candidate_limit,,3810,152,10,152,9.44,4.25,2.17,3.25,3,1,0.8268062200956938,0.2794356379155816
3472,,after_candidate_limit,,3742,149,17,149,9.44,4.25,0.5,2,6,3,0.849722966507177,0.27832427123836634
3473,,after_candidate_limit,,3516,140,16,140,9.44,2.83,0.5,0.75,6,2,0.849722966507177,0.27831401018994373
3474,,after_candidate_limit,,3541,141,16,141,9.44,2.83,0.5,1.38,6,2,0.8497191387559808,0.2782644635026851
3475,,after_candidate_limit,,3566,142,16,142,9.44,2.83,0.5,2,6,2,0.8497181818181818,0.2782573303873651
3476,,after_candidate_limit,,3717,148,17,148,9.44,4.25,0.5,1.38,6,3,0.8497200956937799,0.27796802768831474
3477,,after_candidate_limit,,3692,147,17,147,9.44,4.25,0.5,0.75,6,3,0.8497181818181818,0.2778429326557782
3478,,after_candidate_limit,,169,6,19,6,11.67,10.5,3,4.5,6,15,0.8265287081339713,0.2778185818727091
3479,,after_candidate_limit,,4010,160,10,160,9.44,5.66,3,4.5,3,1,0.8175459330143541,0.27663030590923116
3480,,after_candidate_limit,,4162,166,12,166,9.44,8.5,2.17,3.25,3,3,0.8269181818181818,0.2765380716700268
3481,,after_candidate_limit,,3986,159,11,159,9.44,5.66,2.17,3.25,3,2,0.8266540669856459,0.27575017516602507
3482,,after_candidate_limit,,3517,140,17,140,9.44,2.83,0.5,0.75,6,3,0.8497095693779905,0.275552852024026
3483,,after_candidate_limit,,4043,161,18,161,9.44,8.5,0.5,0.75,6,8,0.8497200956937799,0.275315421002587
3484,,after_candidate_limit,,3635,145,10,145,9.44,2.83,2.17,3.25,3,1,0.8266588516746411,0.27528727626714083
3485,,after_candidate_limit,,3542,141,17,141,9.44,2.83,0.5,1.38,6,3,0.8497086124401914,0.2752671377383118
3486,,after_candidate_limit,,3567,142,17,142,9.44,2.83,0.5,2,6,3,0.8497086124401914,0.2752671377383118
3487,,after_candidate_limit,,4068,162,18,162,9.44,8.5,0.5,1.38,6,8,0.8497162679425837,0.27517740021858994
3488,,after_candidate_limit,,4093,163,18,163,9.44,8.5,0.5,2,6,8,0.8497143540669857,0.27488475291289916
3489,,after_candidate_limit,,3893,155,18,155,9.44,5.66,0.5,1.38,6,8,0.849700956937799,0.2733092511804252
3490,,after_candidate_limit,,3918,156,18,156,9.44,5.66,0.5,2,6,8,0.849700956937799,0.2733092511804252
3491,,after_candidate_limit,,3518,140,18,140,9.44,2.83,0.5,0.75,6,8,0.8497,0.27325105012222417
3492,,after_candidate_limit,,3519,140,19,140,9.44,2.83,0.5,0.75,6,15,0.8497,0.27325105012222417
3493,,after_candidate_limit,,3543,141,18,141,9.44,2.83,0.5,1.38,6,8,0.8497,0.27325105012222417
3494,,after_candidate_limit,,3544,141,19,141,9.44,2.83,0.5,1.38,6,15,0.8497,0.27325105012222417
3495,,after_candidate_limit,,3568,142,18,142,9.44,2.83,0.5,2,6,8,0.8497,0.27325105012222417
3496,,after_candidate_limit,,3569,142,19,142,9.44,2.83,0.5,2,6,15,0.8497,0.27325105012222417
3497,,after_candidate_limit,,3693,147,18,147,9.44,4.25,0.5,0.75,6,8,0.8497,0.27325105012222417
3498,,after_candidate_limit,,3694,147,19,147,9.44,4.25,0.5,0.75,6,15,0.8497,0.27325105012222417
3499,,after_candidate_limit,,3718,148,18,148,9.44,4.25,0.5,1.38,6,8,0.8497,0.27325105012222417
3500,,after_candidate_limit,,3719,148,19,148,9.44,4.25,0.5,1.38,6,15,0.8497,0.27325105012222417
3501,,after_candidate_limit,,3743,149,18,149,9.44,4.25,0.5,2,6,8,0.8497,0.27325105012222417
3502,,after_candidate_limit,,3744,149,19,149,9.44,4.25,0.5,2,6,15,0.8497,0.27325105012222417
3503,,after_candidate_limit,,3868,154,18,154,9.44,5.66,0.5,0.75,6,8,0.8497,0.27325105012222417
3504,,after_candidate_limit,,3869,154,19,154,9.44,5.66,0.5,0.75,6,15,0.8497,0.27325105012222417
3505,,after_candidate_limit,,3894,155,19,155,9.44,5.66,0.5,1.38,6,15,0.8497,0.27325105012222417
3506,,after_candidate_limit,,3919,156,19,156,9.44,5.66,0.5,2,6,15,0.8497,0.27325105012222417
3507,,after_candidate_limit,,4044,161,19,161,9.44,8.5,0.5,0.75,6,15,0.8497,0.27325105012222417
3508,,after_candidate_limit,,4069,162,19,162,9.44,8.5,0.5,1.38,6,15,0.8497,0.27325105012222417
3509,,after_candidate_limit,,4094,163,19,163,9.44,8.5,0.5,2,6,15,0.8497,0.27325105012222417
3510,,after_candidate_limit,,3811,152,11,152,9.44,4.25,2.17,3.25,3,2,0.8265976076555024,0.27297145615281176
3511,,after_candidate_limit,,4186,167,11,167,9.44,8.5,3,4.5,3,2,0.8177373205741627,0.2724181444702521
3512,,after_candidate_limit,,3987,159,12,159,9.44,5.66,2.17,3.25,3,3,0.8265708133971292,0.2722704324457407
3513,,after_candidate_limit,,4115,164,15,164,9.44,8.5,1.33,2,6,1,0.8185210526315789,0.2713513805582995
3514,,after_candidate_limit,,3636,145,11,145,9.44,2.83,2.17,3.25,3,2,0.8265535885167464,0.27126452398512224
3515,,after_candidate_limit,,3835,153,10,153,9.44,4.25,3,4.5,3,1,0.8172942583732058,0.27124384684009034
3516,,after_candidate_limit,,3812,152,12,152,9.44,4.25,2.17,3.25,3,3,0.8265488038277512,0.27049623562162034
3517,,after_candidate_limit,,4140,165,15,165,9.44,8.5,1.33,3.67,6,1,0.8185631578947369,0.26944259865621845
3518,,after_candidate_limit,,3637,145,12,145,9.44,2.83,2.17,3.25,3,3,0.8265344497607655,0.2685291107327692
3519,,after_candidate_limit,,4163,166,13,166,9.44,8.5,2.17,3.25,3,8,0.8265497607655502,0.26772353095727824
3520,,after_candidate_limit,,4116,164,16,164,9.44,8.5,1.33,2,6,2,0.8203535885167464,0.2675720039308055
3521,,after_candidate_limit,,4011,160,11,160,9.44,5.66,3,4.5,3,2,0.8171315789473684,0.26740342386953775
3522,,after_candidate_limit,,3638,145,13,145,9.44,2.83,2.17,3.25,3,8,0.8265296650717703,0.2670520810654803
3523,,after_candidate_limit,,3639,145,14,145,9.44,2.83,2.17,3.25,3,15,0.8265296650717703,0.2670520810654803
3524,,after_candidate_limit,,3813,152,13,152,9.44,4.25,2.17,3.25,3,8,0.8265296650717703,0.2670520810654803
3525,,after_candidate_limit,,3814,152,14,152,9.44,4.25,2.17,3.25,3,15,0.8265296650717703,0.2670520810654803
3526,,after_candidate_limit,,3988,159,13,159,9.44,5.66,2.17,3.25,3,8,0.8265296650717703,0.2670520810654803
3527,,after_candidate_limit,,3989,159,14,159,9.44,5.66,2.17,3.25,3,15,0.8265296650717703,0.2670520810654803
3528,,after_candidate_limit,,4164,166,14,166,9.44,8.5,2.17,3.25,3,15,0.8265296650717703,0.2670520810654803
3529,,after_candidate_limit,,3660,146,10,146,9.44,2.83,3,4.5,3,1,0.8171287081339713,0.2666207727800736
3530,,after_candidate_limit,,3330,133,5,133,5,4.5,0.5,0.75,2,1,0.8794430622009569,0.26555058810134435
3531,,after_candidate_limit,,4187,167,12,167,9.44,8.5,3,4.5,3,3,0.8173937799043062,0.26542909309068824
3532,,after_candidate_limit,,3965,158,15,158,9.44,5.66,1.33,3.67,6,1,0.8202062200956938,0.2651849314955497
3533,,after_candidate_limit,,3940,157,15,157,9.44,5.66,1.33,2,6,1,0.8202033492822967,0.265015495936001
3534,,after_candidate_limit,,4141,165,16,165,9.44,8.5,1.33,3.67,6,2,0.8203688995215311,0.26471460946492287
3535,,after_candidate_limit,,3390,135,15,135,5,4.5,0.5,2,6,1,0.7474263157894737,0.26469446434322225
3536,,after_candidate_limit,,3365,134,15,134,5,4.5,0.5,1.38,6,1,0.7473947368421052,0.26445517768389193
3537,,after_candidate_limit,,3836,153,11,153,9.44,4.25,3,4.5,3,2,0.8170732057416268,0.26431156230089264
3538,,after_candidate_limit,,3340,133,15,133,5,4.5,0.5,0.75,6,1,0.7473019138755981,0.26370301028519694
3539,,after_candidate_limit,,4117,164,17,164,9.44,8.5,1.33,2,6,3,0.8199354066985646,0.26361980330589146
3540,,after_candidate_limit,,4012,160,12,160,9.44,5.66,3,4.5,3,3,0.8170464114832536,0.26360969045559346
3541,,after_candidate_limit,,3661,146,11,146,9.44,2.83,3,4.5,3,2,0.8170339712918661,0.26304154368961735
3542,,after_candidate_limit,,3355,134,5,134,5,4.5,0.5,1.38,2,1,0.8794086124401914,0.2627406632053292
3543,,after_candidate_limit,,3837,153,12,153,9.44,4.25,3,4.5,3,3,0.8170272727272727,0.2622735104532025
3544,,after_candidate_limit,,3966,158,16,158,9.44,5.66,1.33,3.67,6,2,0.8198157894736842,0.26144444943883144
3545,,after_candidate_limit,,3155,126,5,126,5,3,0.5,0.75,2,1,0.8793148325358852,0.26142157899564017
3546,,after_candidate_limit,,3941,157,16,157,9.44,5.66,1.33,2,6,2,0.8198100478468899,0.2611453172815391
3547,,after_candidate_limit,,3215,128,15,128,5,3,0.5,2,6,1,0.7471717703349282,0.26107764281424944
3548,,after_candidate_limit,,3190,127,15,127,5,3,0.5,1.38,6,1,0.747166985645933,0.261050800785369
3549,,after_candidate_limit,,4142,165,17,165,9.44,8.5,1.33,3.67,6,3,0.8199593301435407,0.26096351302789567
3550,,after_candidate_limit,,3380,135,5,135,5,4.5,0.5,2,2,1,0.8794153110047846,0.26090301348518163
3551,,after_candidate_limit,,3790,151,15,151,9.44,4.25,1.33,3.67,6,1,0.819899043062201,0.2608196707675899
3552,,after_candidate_limit,,3165,126,15,126,5,3,0.5,0.75,6,1,0.7471306220095694,0.2607351708538444
3553,,after_candidate_limit,,3765,150,15,150,9.44,4.25,1.33,2,6,1,0.8198416267942584,0.26047397504086306
3554,,after_candidate_limit,,3662,146,12,146,9.44,2.83,3,4.5,3,3,0.8170129186602871,0.2603074398726544
3555,,after_candidate_limit,,4188,167,13,167,9.44,8.5,3,4.5,3,8,0.8170320574162679,0.2601031391154356
3556,,after_candidate_limit,,3391,135,16,135,5,4.5,0.5,2,6,2,0.7469727272727272,0.25963353956342694
3557,,after_candidate_limit,,3040,121,15,121,5,2.25,0.5,2,6,1,0.7470827751196172,0.25962968204371956
3558,,after_candidate_limit,,3366,134,16,134,5,4.5,0.5,1.38,6,2,0.7469688995215311,0.25955681953134907
3559,,after_candidate_limit,,3341,133,16,133,5,4.5,0.5,0.75,6,2,0.7469641148325359,0.25951552941683326
3560,,after_candidate_limit,,4013,160,13,160,9.44,5.66,3,4.5,3,8,0.8170100478468899,0.2595015287354456
3561,,after_candidate_limit,,4189,167,14,167,9.44,8.5,3,4.5,3,15,0.8170100478468899,0.2595015287354456
3562,,after_candidate_limit,,3663,146,13,146,9.44,2.83,3,4.5,3,8,0.8170090909090909,0.25946104290548605
3563,,after_candidate_limit,,3664,146,14,146,9.44,2.83,3,4.5,3,15,0.8170090909090909,0.25946104290548605
3564,,after_candidate_limit,,3838,153,13,153,9.44,4.25,3,4.5,3,8,0.8170090909090909,0.25946104290548605
3565,,after_candidate_limit,,3839,153,14,153,9.44,4.25,3,4.5,3,15,0.8170090909090909,0.25946104290548605
3566,,after_candidate_limit,,4014,160,14,160,9.44,5.66,3,4.5,3,15,0.8170090909090909,0.25946104290548605
3567,,after_candidate_limit,,2990,119,15,119,5,2.25,0.5,0.75,6,1,0.7470693779904306,0.2594509141211866
3568,,after_candidate_limit,,3590,143,15,143,9.44,2.83,1.33,2,6,1,0.8197708133971292,0.2594336436751561
3569,,after_candidate_limit,,3615,144,15,144,9.44,2.83,1.33,3.67,6,1,0.8197631578947369,0.2593986421701099
3570,,after_candidate_limit,,3791,151,16,151,9.44,4.25,1.33,3.67,6,2,0.8197918660287081,0.2593839488518395
3571,,after_candidate_limit,,3766,150,16,150,9.44,4.25,1.33,2,6,2,0.8197842105263158,0.25928914172701023
3572,,after_candidate_limit,,3015,120,15,120,5,2.25,0.5,1.38,6,1,0.7470492822966507,0.2592847312708418
3573,,after_candidate_limit,,2815,112,15,112,5,1.5,0.5,0.75,6,1,0.7470425837320575,0.2592810287365694
3574,,after_candidate_limit,,3967,158,17,158,9.44,5.66,1.33,3.67,6,3,0.8197765550239234,0.25880697081602544
3575,,after_candidate_limit,,3942,157,17,157,9.44,5.66,1.33,2,6,3,0.8197755980861244,0.25878926457860085
3576,,after_candidate_limit,,3616,144,16,144,9.44,2.83,1.33,3.67,6,2,0.8197765550239234,0.2586488546266684
3577,,after_candidate_limit,,2865,114,15,114,5,1.5,0.5,2,6,1,0.7470157894736842,0.25856150910797965
3578,,after_candidate_limit,,2840,113,15,113,5,1.5,0.5,1.38,6,1,0.7470205741626794,0.2585552878838145
3579,,after_candidate_limit,,3792,151,17,151,9.44,4.25,1.33,3.67,6,3,0.8197727272727273,0.25839510226841916
3580,,after_candidate_limit,,3180,127,5,127,5,3,0.5,1.38,2,1,0.8792708133971292,0.2582946649109375
3581,,after_candidate_limit,,3767,150,17,150,9.44,4.25,1.33,2,6,3,0.8197708133971292,0.25816537643869336
3582,,after_candidate_limit,,2980,119,5,119,5,2.25,0.5,0.75,2,1,0.8792698564593301,0.2580871681471236
3583,,after_candidate_limit,,3205,128,5,128,5,3,0.5,2,2,1,0.8792516746411483,0.25806962874581224
3584,,after_candidate_limit,,3591,143,16,143,9.44,2.83,1.33,2,6,2,0.8197736842105263,0.2580673226267006
3585,,after_candidate_limit,,3216,128,16,128,5,3,0.5,2,6,2,0.746944019138756,0.2579986929897942
3586,,after_candidate_limit,,3392,135,17,135,5,4.5,0.5,2,6,3,0.7469325358851675,0.25791064704687244
3587,,after_candidate_limit,,3166,126,16,126,5,3,0.5,0.75,6,2,0.746943062200957,0.2578644585168258
3588,,after_candidate_limit,,3191,127,16,127,5,3,0.5,1.38,6,2,0.7469421052631579,0.2578620613674483
3589,,after_candidate_limit,,2805,112,5,112,5,1.5,0.5,0.75,2,1,0.8792421052631579,0.2578216418684668
3590,,after_candidate_limit,,3005,120,5,120,5,2.25,0.5,1.38,2,1,0.8792401913875598,0.2578085510412995
3591,,after_candidate_limit,,2991,119,16,119,5,2.25,0.5,0.75,6,2,0.7469354066985646,0.25780674684423266
3592,,after_candidate_limit,,3367,134,17,134,5,4.5,0.5,1.38,6,3,0.7469306220095694,0.2577688739934387
3593,,after_candidate_limit,,3030,121,5,121,5,2.25,0.5,2,2,1,0.8792421052631579,0.25774124195941717
3594,,after_candidate_limit,,3342,133,17,133,5,4.5,0.5,0.75,6,3,0.7469296650717704,0.2575658664746417
3595,,after_candidate_limit,,2816,112,16,112,5,1.5,0.5,0.75,6,2,0.7469306220095694,0.25754455145907335
3596,,after_candidate_limit,,3016,120,16,120,5,2.25,0.5,1.38,6,2,0.7469306220095694,0.25754455145907335
3597,,after_candidate_limit,,3041,121,16,121,5,2.25,0.5,2,6,2,0.7469296650717704,0.25753921847544387
3598,,after_candidate_limit,,2817,112,17,112,5,1.5,0.5,0.75,6,3,0.7469277511961723,0.25752534677850786
3599,,after_candidate_limit,,2818,112,18,112,5,1.5,0.5,0.75,6,8,0.7469277511961723,0.25752534677850786
3600,,after_candidate_limit,,2819,112,19,112,5,1.5,0.5,0.75,6,15,0.7469277511961723,0.25752534677850786
3601,,after_candidate_limit,,2841,113,16,113,5,1.5,0.5,1.38,6,2,0.7469277511961723,0.25752534677850786
3602,,after_candidate_limit,,2842,113,17,113,5,1.5,0.5,1.38,6,3,0.7469277511961723,0.25752534677850786
3603,,after_candidate_limit,,2843,113,18,113,5,1.5,0.5,1.38,6,8,0.7469277511961723,0.25752534677850786
3604,,after_candidate_limit,,2844,113,19,113,5,1.5,0.5,1.38,6,15,0.7469277511961723,0.25752534677850786
3605,,after_candidate_limit,,2866,114,16,114,5,1.5,0.5,2,6,2,0.7469277511961723,0.25752534677850786
3606,,after_candidate_limit,,2867,114,17,114,5,1.5,0.5,2,6,3,0.7469277511961723,0.25752534677850786
3607,,after_candidate_limit,,2868,114,18,114,5,1.5,0.5,2,6,8,0.7469277511961723,0.25752534677850786
3608,,after_candidate_limit,,2869,114,19,114,5,1.5,0.5,2,6,15,0.7469277511961723,0.25752534677850786
3609,,after_candidate_limit,,2992,119,17,119,5,2.25,0.5,0.75,6,3,0.7469277511961723,0.25752534677850786
3610,,after_candidate_limit,,2993,119,18,119,5,2.25,0.5,0.75,6,8,0.7469277511961723,0.25752534677850786
3611,,after_candidate_limit,,2994,119,19,119,5,2.25,0.5,0.75,6,15,0.7469277511961723,0.25752534677850786
3612,,after_candidate_limit,,3017,120,17,120,5,2.25,0.5,1.38,6,3,0.7469277511961723,0.25752534677850786
3613,,after_candidate_limit,,3018,120,18,120,5,2.25,0.5,1.38,6,8,0.7469277511961723,0.25752534677850786
3614,,after_candidate_limit,,3019,120,19,120,5,2.25,0.5,1.38,6,15,0.7469277511961723,0.25752534677850786
3615,,after_candidate_limit,,3042,121,17,121,5,2.25,0.5,2,6,3,0.7469277511961723,0.25752534677850786
3616,,after_candidate_limit,,3043,121,18,121,5,2.25,0.5,2,6,8,0.7469277511961723,0.25752534677850786
3617,,after_candidate_limit,,3044,121,19,121,5,2.25,0.5,2,6,15,0.7469277511961723,0.25752534677850786
3618,,after_candidate_limit,,3167,126,17,126,5,3,0.5,0.75,6,3,0.7469277511961723,0.25752534677850786
3619,,after_candidate_limit,,3168,126,18,126,5,3,0.5,0.75,6,8,0.7469277511961723,0.25752534677850786
3620,,after_candidate_limit,,3169,126,19,126,5,3,0.5,0.75,6,15,0.7469277511961723,0.25752534677850786
3621,,after_candidate_limit,,3192,127,17,127,5,3,0.5,1.38,6,3,0.7469277511961723,0.25752534677850786
3622,,after_candidate_limit,,3193,127,18,127,5,3,0.5,1.38,6,8,0.7469277511961723,0.25752534677850786
3623,,after_candidate_limit,,3194,127,19,127,5,3,0.5,1.38,6,15,0.7469277511961723,0.25752534677850786
3624,,after_candidate_limit,,3217,128,17,128,5,3,0.5,2,6,3,0.7469277511961723,0.25752534677850786
3625,,after_candidate_limit,,3218,128,18,128,5,3,0.5,2,6,8,0.7469277511961723,0.25752534677850786
3626,,after_candidate_limit,,3219,128,19,128,5,3,0.5,2,6,15,0.7469277511961723,0.25752534677850786
3627,,after_candidate_limit,,3343,133,18,133,5,4.5,0.5,0.75,6,8,0.7469277511961723,0.25752534677850786
3628,,after_candidate_limit,,3344,133,19,133,5,4.5,0.5,0.75,6,15,0.7469277511961723,0.25752534677850786
3629,,after_candidate_limit,,3368,134,18,134,5,4.5,0.5,1.38,6,8,0.7469277511961723,0.25752534677850786
3630,,after_candidate_limit,,3369,134,19,134,5,4.5,0.5,1.38,6,15,0.7469277511961723,0.25752534677850786
3631,,after_candidate_limit,,3393,135,18,135,5,4.5,0.5,2,6,8,0.7469277511961723,0.25752534677850786
3632,,after_candidate_limit,,3394,135,19,135,5,4.5,0.5,2,6,15,0.7469277511961723,0.25752534677850786
3633,,after_candidate_limit,,3331,133,6,133,5,4.5,0.5,0.75,2,2,0.8791904306220095,0.2572458760276506
3634,,after_candidate_limit,,2830,113,5,113,5,1.5,0.5,1.38,2,1,0.8792172248803828,0.25706118610025763
3635,,after_candidate_limit,,3381,135,6,135,5,4.5,0.5,2,2,2,0.8791712918660287,0.25670065450642027
3636,,after_candidate_limit,,2855,114,5,114,5,1.5,0.5,2,2,1,0.8792153110047847,0.2566966516827952
3637,,after_candidate_limit,,3356,134,6,134,5,4.5,0.5,1.38,2,2,0.8791684210526316,0.25653139176851225
3638,,after_candidate_limit,,3156,126,6,126,5,3,0.5,0.75,2,2,0.8791416267942583,0.2560888592200759
3639,,after_candidate_limit,,3181,127,6,127,5,3,0.5,1.38,2,2,0.8791349282296651,0.25603201400829206
3640,,after_candidate_limit,,3206,128,6,128,5,3,0.5,2,2,2,0.8791349282296651,0.25600792828547675
3641,,after_candidate_limit,,3617,144,17,144,9.44,2.83,1.33,3.67,6,3,0.8197631578947369,0.2558424105157274
3642,,after_candidate_limit,,3357,134,7,134,5,4.5,0.5,1.38,2,3,0.8791349282296651,0.25576898276645166
3643,,after_candidate_limit,,3382,135,7,135,5,4.5,0.5,2,2,3,0.8791349282296651,0.25576898276645166
3644,,after_candidate_limit,,3592,143,17,143,9.44,2.83,1.33,2,6,3,0.8197622009569377,0.2556201882935052
3645,,after_candidate_limit,,3332,133,7,133,5,4.5,0.5,0.75,2,3,0.879133014354067,0.2552891108531911
3646,,after_candidate_limit,,2981,119,6,119,5,2.25,0.5,0.75,2,2,0.8791291866028708,0.25505792091858637
3647,,after_candidate_limit,,2806,112,6,112,5,1.5,0.5,0.75,2,2,0.8791272727272728,0.2550254545289607
3648,,after_candidate_limit,,3006,120,6,120,5,2.25,0.5,1.38,2,2,0.8791263157894736,0.25501380839234256
3649,,after_candidate_limit,,4143,165,18,165,9.44,8.5,1.33,3.67,6,8,0.8197631578947369,0.25476151283517545
3650,,after_candidate_limit,,4118,164,18,164,9.44,8.5,1.33,2,6,8,0.8197612440191387,0.25472896783631466
3651,,after_candidate_limit,,3031,121,6,121,5,2.25,0.5,2,2,2,0.8791253588516746,0.25468047505900926
3652,,after_candidate_limit,,3182,127,7,127,5,3,0.5,1.38,2,3,0.8791234449760765,0.25451537846187555
3653,,after_candidate_limit,,3207,128,7,128,5,3,0.5,2,2,3,0.8791234449760765,0.25451537846187555
3654,,after_candidate_limit,,2808,112,8,112,5,1.5,0.5,0.75,2,8,0.8791224880382775,0.2543573986638958
3655,,after_candidate_limit,,2809,112,9,112,5,1.5,0.5,0.75,2,15,0.8791224880382775,0.2543573986638958
3656,,after_candidate_limit,,2833,113,8,113,5,1.5,0.5,1.38,2,8,0.8791224880382775,0.2543573986638958
3657,,after_candidate_limit,,2834,113,9,113,5,1.5,0.5,1.38,2,15,0.8791224880382775,0.2543573986638958
3658,,after_candidate_limit,,2857,114,7,114,5,1.5,0.5,2,2,3,0.8791224880382775,0.2543573986638958
3659,,after_candidate_limit,,2858,114,8,114,5,1.5,0.5,2,2,8,0.8791224880382775,0.2543573986638958
3660,,after_candidate_limit,,2859,114,9,114,5,1.5,0.5,2,2,15,0.8791224880382775,0.2543573986638958
3661,,after_candidate_limit,,2983,119,8,119,5,2.25,0.5,0.75,2,8,0.8791224880382775,0.2543573986638958
3662,,after_candidate_limit,,2984,119,9,119,5,2.25,0.5,0.75,2,15,0.8791224880382775,0.2543573986638958
3663,,after_candidate_limit,,3008,120,8,120,5,2.25,0.5,1.38,2,8,0.8791224880382775,0.2543573986638958
3664,,after_candidate_limit,,3009,120,9,120,5,2.25,0.5,1.38,2,15,0.8791224880382775,0.2543573986638958
3665,,after_candidate_limit,,3033,121,8,121,5,2.25,0.5,2,2,8,0.8791224880382775,0.2543573986638958
3666,,after_candidate_limit,,3034,121,9,121,5,2.25,0.5,2,2,15,0.8791224880382775,0.2543573986638958
3667,,after_candidate_limit,,3158,126,8,126,5,3,0.5,0.75,2,8,0.8791224880382775,0.2543573986638958
3668,,after_candidate_limit,,3159,126,9,126,5,3,0.5,0.75,2,15,0.8791224880382775,0.2543573986638958
3669,,after_candidate_limit,,3183,127,8,127,5,3,0.5,1.38,2,8,0.8791224880382775,0.2543573986638958
3670,,after_candidate_limit,,3184,127,9,127,5,3,0.5,1.38,2,15,0.8791224880382775,0.2543573986638958
3671,,after_candidate_limit,,3208,128,8,128,5,3,0.5,2,2,8,0.8791224880382775,0.2543573986638958
3672,,after_candidate_limit,,3209,128,9,128,5,3,0.5,2,2,15,0.8791224880382775,0.2543573986638958
3673,,after_candidate_limit,,3333,133,8,133,5,4.5,0.5,0.75,2,8,0.8791224880382775,0.2543573986638958
3674,,after_candidate_limit,,3334,133,9,133,5,4.5,0.5,0.75,2,15,0.8791224880382775,0.2543573986638958
3675,,after_candidate_limit,,3358,134,8,134,5,4.5,0.5,1.38,2,8,0.8791224880382775,0.2543573986638958
3676,,after_candidate_limit,,3359,134,9,134,5,4.5,0.5,1.38,2,15,0.8791224880382775,0.2543573986638958
3677,,after_candidate_limit,,3383,135,8,135,5,4.5,0.5,2,2,8,0.8791224880382775,0.2543573986638958
3678,,after_candidate_limit,,3384,135,9,135,5,4.5,0.5,2,2,15,0.8791224880382775,0.2543573986638958
3679,,after_candidate_limit,,2807,112,7,112,5,1.5,0.5,0.75,2,3,0.8791215311004784,0.25431739866389574
3680,,after_candidate_limit,,2832,113,7,113,5,1.5,0.5,1.38,2,3,0.8791215311004784,0.25431739866389574
3681,,after_candidate_limit,,2982,119,7,119,5,2.25,0.5,0.75,2,3,0.8791215311004784,0.25431739866389574
3682,,after_candidate_limit,,3007,120,7,120,5,2.25,0.5,1.38,2,3,0.8791215311004784,0.25431739866389574
3683,,after_candidate_limit,,3032,121,7,121,5,2.25,0.5,2,2,3,0.8791215311004784,0.25431739866389574
3684,,after_candidate_limit,,3157,126,7,126,5,3,0.5,0.75,2,3,0.8791215311004784,0.25431739866389574
3685,,after_candidate_limit,,2856,114,6,114,5,1.5,0.5,2,2,2,0.8791234449760765,0.2543166832952175
3686,,after_candidate_limit,,2831,113,6,113,5,1.5,0.5,1.38,2,2,0.8791224880382775,0.2542824952610294
3687,,after_candidate_limit,,3593,143,18,143,9.44,2.83,1.33,2,6,8,0.8197564593301435,0.253990751064068
3688,,after_candidate_limit,,3594,143,19,143,9.44,2.83,1.33,2,6,15,0.8197564593301435,0.253990751064068
3689,,after_candidate_limit,,3618,144,18,144,9.44,2.83,1.33,3.67,6,8,0.8197564593301435,0.253990751064068
3690,,after_candidate_limit,,3619,144,19,144,9.44,2.83,1.33,3.67,6,15,0.8197564593301435,0.253990751064068
3691,,after_candidate_limit,,3768,150,18,150,9.44,4.25,1.33,2,6,8,0.8197564593301435,0.253990751064068
3692,,after_candidate_limit,,3769,150,19,150,9.44,4.25,1.33,2,6,15,0.8197564593301435,0.253990751064068
3693,,after_candidate_limit,,3793,151,18,151,9.44,4.25,1.33,3.67,6,8,0.8197564593301435,0.253990751064068
3694,,after_candidate_limit,,3794,151,19,151,9.44,4.25,1.33,3.67,6,15,0.8197564593301435,0.253990751064068
3695,,after_candidate_limit,,3943,157,18,157,9.44,5.66,1.33,2,6,8,0.8197564593301435,0.253990751064068
3696,,after_candidate_limit,,3944,157,19,157,9.44,5.66,1.33,2,6,15,0.8197564593301435,0.253990751064068
3697,,after_candidate_limit,,3968,158,18,158,9.44,5.66,1.33,3.67,6,8,0.8197564593301435,0.253990751064068
3698,,after_candidate_limit,,3969,158,19,158,9.44,5.66,1.33,3.67,6,15,0.8197564593301435,0.253990751064068
3699,,after_candidate_limit,,4119,164,19,164,9.44,8.5,1.33,2,6,15,0.8197564593301435,0.253990751064068
3700,,after_candidate_limit,,4144,165,19,165,9.44,8.5,1.33,3.67,6,15,0.8197564593301435,0.253990751064068
3701,,after_candidate_limit,,4190,167,15,167,9.44,8.5,3,4.5,6,1,0.7901277511961723,0.24997003479180485
3702,,after_candidate_limit,,4191,167,16,167,9.44,8.5,3,4.5,6,2,0.7922444976076555,0.2484624260144575
3703,,after_candidate_limit,,4015,160,15,160,9.44,5.66,3,4.5,6,1,0.7920765550239235,0.24826801733079645
3704,,after_candidate_limit,,4192,167,17,167,9.44,8.5,3,4.5,6,3,0.7918650717703349,0.24714972905810456
3705,,after_candidate_limit,,4016,160,16,160,9.44,5.66,3,4.5,6,2,0.7917349282296651,0.24529303346670092
3706,,after_candidate_limit,,4165,166,15,166,9.44,8.5,2.17,3.25,6,1,0.7722023923444976,0.24477851965935044
3707,,after_candidate_limit,,3840,153,15,153,9.44,4.25,3,4.5,6,1,0.7918928229665072,0.24454821676792501
3708,,after_candidate_limit,,3665,146,15,146,9.44,2.83,3,4.5,6,1,0.791688995215311,0.2431150942395579
3709,,after_candidate_limit,,3841,153,16,153,9.44,4.25,3,4.5,6,2,0.791711004784689,0.2427018895769469
3710,,after_candidate_limit,,4017,160,17,160,9.44,5.66,3,4.5,6,3,0.7917004784688996,0.24205770518070036
3711,,after_candidate_limit,,3666,146,16,146,9.44,2.83,3,4.5,6,2,0.7916842105263158,0.24149675673892168
3712,,after_candidate_limit,,3842,153,17,153,9.44,4.25,3,4.5,6,3,0.7916918660287081,0.24115121248833332
3713,,after_candidate_limit,,4166,166,16,166,9.44,8.5,2.17,3.25,6,2,0.7738526315789473,0.24088433203646337
3714,,after_candidate_limit,,3990,159,15,159,9.44,5.66,2.17,3.25,6,1,0.7737205741626795,0.2408618771002728
3715,,after_candidate_limit,,4167,166,17,166,9.44,8.5,2.17,3.25,6,3,0.7734961722488038,0.24032802691244798
3716,,after_candidate_limit,,3667,146,17,146,9.44,2.83,3,4.5,6,3,0.7916813397129187,0.23892366348108718
3717,,after_candidate_limit,,4193,167,18,167,9.44,8.5,3,4.5,6,8,0.7916832535885168,0.23806945602073853
3718,,after_candidate_limit,,3991,159,16,159,9.44,5.66,2.17,3.25,6,2,0.7733602870813397,0.23772385313751052
3719,,after_candidate_limit,,3668,146,18,146,9.44,2.83,3,4.5,6,8,0.7916755980861244,0.23722745325856115
3720,,after_candidate_limit,,3669,146,19,146,9.44,2.83,3,4.5,6,15,0.7916755980861244,0.23722745325856115
3721,,after_candidate_limit,,3843,153,18,153,9.44,4.25,3,4.5,6,8,0.7916755980861244,0.23722745325856115
3722,,after_candidate_limit,,3844,153,19,153,9.44,4.25,3,4.5,6,15,0.7916755980861244,0.23722745325856115
3723,,after_candidate_limit,,4018,160,18,160,9.44,5.66,3,4.5,6,8,0.7916755980861244,0.23722745325856115
3724,,after_candidate_limit,,4019,160,19,160,9.44,5.66,3,4.5,6,15,0.7916755980861244,0.23722745325856115
3725,,after_candidate_limit,,4194,167,19,167,9.44,8.5,3,4.5,6,15,0.7916755980861244,0.23722745325856115
3726,,after_candidate_limit,,3815,152,15,152,9.44,4.25,2.17,3.25,6,1,0.7734454545454545,0.23652546352986328
3727,,after_candidate_limit,,3335,133,10,133,5,4.5,0.5,0.75,3,1,0.8303301435406698,0.23559942389463057
3728,,after_candidate_limit,,3640,145,15,145,9.44,2.83,2.17,3.25,6,1,0.7733066985645933,0.23524608574098912
3729,,after_candidate_limit,,3816,152,16,152,9.44,4.25,2.17,3.25,6,2,0.7733315789473684,0.23486990906951732
3730,,after_candidate_limit,,3992,159,17,159,9.44,5.66,2.17,3.25,6,3,0.7733315789473684,0.2345292069985741
3731,,after_candidate_limit,,3641,145,16,145,9.44,2.83,2.17,3.25,6,2,0.7733172248803828,0.23391432123882083
3732,,after_candidate_limit,,3817,152,17,152,9.44,4.25,2.17,3.25,6,3,0.773323923444976,0.23366056212323547
3733,,after_candidate_limit,,3360,134,10,134,5,4.5,0.5,1.38,3,1,0.830311004784689,0.2333408623292859
3734,,after_candidate_limit,,3385,135,10,135,5,4.5,0.5,2,3,1,0.8303090909090909,0.2331972329083523
3735,,after_candidate_limit,,3160,126,10,126,5,3,0.5,0.75,3,1,0.8302057416267943,0.23109743699359567
3736,,after_candidate_limit,,3642,145,17,145,9.44,2.83,2.17,3.25,6,3,0.7733124401913876,0.23095190216250053
3737,,after_candidate_limit,,3185,127,10,127,5,3,0.5,1.38,3,1,0.8301818181818181,0.2306980214783772
3738,,after_candidate_limit,,3210,128,10,128,5,3,0.5,2,3,1,0.8301732057416268,0.23067634724986816
3739,,after_candidate_limit,,2985,119,10,119,5,2.25,0.5,0.75,3,1,0.8301741626794258,0.23059665562468692
3740,,after_candidate_limit,,3336,133,11,133,5,4.5,0.5,0.75,3,2,0.830133014354067,0.23048637420496537
3741,,after_candidate_limit,,3386,135,11,135,5,4.5,0.5,2,3,2,0.8301224880382775,0.2304212170756374
3742,,after_candidate_limit,,3361,134,11,134,5,4.5,0.5,1.38,3,2,0.8301224880382775,0.2303545788938008
3743,,after_candidate_limit,,4168,166,18,166,9.44,8.5,2.17,3.25,6,8,0.7733124401913876,0.23020663350461645
3744,,after_candidate_limit,,2810,112,10,112,5,1.5,0.5,0.75,3,1,0.8301655502392344,0.22921493431246492
3745,,after_candidate_limit,,3010,120,10,120,5,2.25,0.5,1.38,3,1,0.8301617224880383,0.22915673975163173
3746,,after_candidate_limit,,3035,121,10,121,5,2.25,0.5,2,3,1,0.8301578947368421,0.22905894924947973
3747,,after_candidate_limit,,3643,145,18,145,9.44,2.83,2.17,3.25,6,8,0.7733038277511962,0.2288376164482148
3748,,after_candidate_limit,,3644,145,19,145,9.44,2.83,2.17,3.25,6,15,0.7733038277511962,0.2288376164482148
3749,,after_candidate_limit,,3818,152,18,152,9.44,4.25,2.17,3.25,6,8,0.7733038277511962,0.2288376164482148
3750,,after_candidate_limit,,3819,152,19,152,9.44,4.25,2.17,3.25,6,15,0.7733038277511962,0.2288376164482148
3751,,after_candidate_limit,,3993,159,18,159,9.44,5.66,2.17,3.25,6,8,0.7733038277511962,0.2288376164482148
3752,,after_candidate_limit,,3994,159,19,159,9.44,5.66,2.17,3.25,6,15,0.7733038277511962,0.2288376164482148
3753,,after_candidate_limit,,4169,166,19,166,9.44,8.5,2.17,3.25,6,15,0.7733038277511962,0.2288376164482148
3754,,after_candidate_limit,,2835,113,10,113,5,1.5,0.5,1.38,3,1,0.8301435406698564,0.22824524780283226
3755,,after_candidate_limit,,2860,114,10,114,5,1.5,0.5,2,3,1,0.8301406698564593,0.22821088683877522
3756,,after_candidate_limit,,3211,128,11,128,5,3,0.5,2,3,2,0.8301014354066986,0.22794432617221294
3757,,after_candidate_limit,,3387,135,12,135,5,4.5,0.5,2,3,3,0.8301014354066986,0.22792049532855035
3758,,after_candidate_limit,,3161,126,11,126,5,3,0.5,0.75,3,2,0.8301033492822967,0.2276529561398864
3759,,after_candidate_limit,,2986,119,11,119,5,2.25,0.5,0.75,3,2,0.8300966507177033,0.22752889160280174
3760,,after_candidate_limit,,3186,127,11,127,5,3,0.5,1.38,3,2,0.8300995215311004,0.22747765950554627
3761,,after_candidate_limit,,3362,134,12,134,5,4.5,0.5,1.38,3,3,0.8300985645933014,0.22739668580474082
3762,,after_candidate_limit,,3337,133,12,133,5,4.5,0.5,0.75,3,3,0.8300976076555024,0.22736024476538552
3763,,after_candidate_limit,,2812,112,12,112,5,1.5,0.5,0.75,3,3,0.8300966507177033,0.22734329561284314
3764,,after_candidate_limit,,2813,112,13,112,5,1.5,0.5,0.75,3,8,0.8300966507177033,0.22734329561284314
3765,,after_candidate_limit,,2814,112,14,112,5,1.5,0.5,0.75,3,15,0.8300966507177033,0.22734329561284314
3766,,after_candidate_limit,,2837,113,12,113,5,1.5,0.5,1.38,3,3,0.8300966507177033,0.22734329561284314
3767,,after_candidate_limit,,2838,113,13,113,5,1.5,0.5,1.38,3,8,0.8300966507177033,0.22734329561284314
3768,,after_candidate_limit,,2839,113,14,113,5,1.5,0.5,1.38,3,15,0.8300966507177033,0.22734329561284314
3769,,after_candidate_limit,,2862,114,12,114,5,1.5,0.5,2,3,3,0.8300966507177033,0.22734329561284314
3770,,after_candidate_limit,,2863,114,13,114,5,1.5,0.5,2,3,8,0.8300966507177033,0.22734329561284314
3771,,after_candidate_limit,,2864,114,14,114,5,1.5,0.5,2,3,15,0.8300966507177033,0.22734329561284314
3772,,after_candidate_limit,,2987,119,12,119,5,2.25,0.5,0.75,3,3,0.8300966507177033,0.22734329561284314
3773,,after_candidate_limit,,2988,119,13,119,5,2.25,0.5,0.75,3,8,0.8300966507177033,0.22734329561284314
3774,,after_candidate_limit,,2989,119,14,119,5,2.25,0.5,0.75,3,15,0.8300966507177033,0.22734329561284314
3775,,after_candidate_limit,,3012,120,12,120,5,2.25,0.5,1.38,3,3,0.8300966507177033,0.22734329561284314
3776,,after_candidate_limit,,3013,120,13,120,5,2.25,0.5,1.38,3,8,0.8300966507177033,0.22734329561284314
3777,,after_candidate_limit,,3014,120,14,120,5,2.25,0.5,1.38,3,15,0.8300966507177033,0.22734329561284314
3778,,after_candidate_limit,,3037,121,12,121,5,2.25,0.5,2,3,3,0.8300966507177033,0.22734329561284314
3779,,after_candidate_limit,,3038,121,13,121,5,2.25,0.5,2,3,8,0.8300966507177033,0.22734329561284314
3780,,after_candidate_limit,,3039,121,14,121,5,2.25,0.5,2,3,15,0.8300966507177033,0.22734329561284314
3781,,after_candidate_limit,,3162,126,12,126,5,3,0.5,0.75,3,3,0.8300966507177033,0.22734329561284314
3782,,after_candidate_limit,,3163,126,13,126,5,3,0.5,0.75,3,8,0.8300966507177033,0.22734329561284314
3783,,after_candidate_limit,,3164,126,14,126,5,3,0.5,0.75,3,15,0.8300966507177033,0.22734329561284314
3784,,after_candidate_limit,,3187,127,12,127,5,3,0.5,1.38,3,3,0.8300966507177033,0.22734329561284314
3785,,after_candidate_limit,,3188,127,13,127,5,3,0.5,1.38,3,8,0.8300966507177033,0.22734329561284314
3786,,after_candidate_limit,,3189,127,14,127,5,3,0.5,1.38,3,15,0.8300966507177033,0.22734329561284314
3787,,after_candidate_limit,,3212,128,12,128,5,3,0.5,2,3,3,0.8300966507177033,0.22734329561284314
3788,,after_candidate_limit,,3213,128,13,128,5,3,0.5,2,3,8,0.8300966507177033,0.22734329561284314
3789,,after_candidate_limit,,3214,128,14,128,5,3,0.5,2,3,15,0.8300966507177033,0.22734329561284314
3790,,after_candidate_limit,,3338,133,13,133,5,4.5,0.5,0.75,3,8,0.8300966507177033,0.22734329561284314
3791,,after_candidate_limit,,3339,133,14,133,5,4.5,0.5,0.75,3,15,0.8300966507177033,0.22734329561284314
3792,,after_candidate_limit,,3363,134,13,134,5,4.5,0.5,1.38,3,8,0.8300966507177033,0.22734329561284314
3793,,after_candidate_limit,,3364,134,14,134,5,4.5,0.5,1.38,3,15,0.8300966507177033,0.22734329561284314
3794,,after_candidate_limit,,3388,135,13,135,5,4.5,0.5,2,3,8,0.8300966507177033,0.22734329561284314
3795,,after_candidate_limit,,3389,135,14,135,5,4.5,0.5,2,3,15,0.8300966507177033,0.22734329561284314
3796,,after_candidate_limit,,2811,112,11,112,5,1.5,0.5,0.75,3,2,0.8300956937799043,0.2271832511915009
3797,,after_candidate_limit,,2836,113,11,113,5,1.5,0.5,1.38,3,2,0.8300947368421052,0.2271774800472223
3798,,after_candidate_limit,,2861,114,11,114,5,1.5,0.5,2,3,2,0.8300947368421052,0.2271774800472223
3799,,after_candidate_limit,,3011,120,11,120,5,2.25,0.5,1.38,3,2,0.8300947368421052,0.2271774800472223
3800,,after_candidate_limit,,3036,121,11,121,5,2.25,0.5,2,3,2,0.8300918660287081,0.22711602089142352
3801,,after_candidate_limit,,3400,136,0,136,5,4.5,1.33,2,1,1,0.8213215311004785,0.21882210979571096
3802,,after_candidate_limit,,3425,137,0,137,5,4.5,1.33,3.67,1,1,0.8213244019138756,0.2186487890498963
3803,,after_candidate_limit,,3225,129,0,129,5,3,1.33,2,1,1,0.8212047846889953,0.21781970190565508
3804,,after_candidate_limit,,3250,130,0,130,5,3,1.33,3.67,1,1,0.8212076555023924,0.21779954213926717
3805,,after_candidate_limit,,3050,122,0,122,5,2.25,1.33,2,1,1,0.8212028708133972,0.21766280740001234
3806,,after_candidate_limit,,3075,123,0,123,5,2.25,1.33,3.67,1,1,0.8211808612440191,0.2175581641856906
3807,,after_candidate_limit,,2875,115,0,115,5,1.5,1.33,2,1,1,0.8211923444976077,0.21726728238538495
3808,,after_candidate_limit,,2900,116,0,116,5,1.5,1.33,3.67,1,1,0.8211933014354067,0.21707361926261037
3809,,after_candidate_limit,,3426,137,1,137,5,4.5,1.33,3.67,1,2,0.8211387559808613,0.21691534333999118
3810,,after_candidate_limit,,3401,136,1,136,5,4.5,1.33,2,1,2,0.8211301435406698,0.2168462890492627
3811,,after_candidate_limit,,3251,130,1,130,5,3,1.33,3.67,1,2,0.8211023923444976,0.21642737782450616
3812,,after_candidate_limit,,3226,129,1,129,5,3,1.33,2,1,2,0.8211004784688996,0.21637531191271778
3813,,after_candidate_limit,,3402,136,2,136,5,4.5,1.33,2,1,3,0.8210966507177033,0.21612971888209126
3814,,after_candidate_limit,,3427,137,2,137,5,4.5,1.33,3.67,1,3,0.8210966507177033,0.21605309695815392
3815,,after_candidate_limit,,3076,123,1,123,5,2.25,1.33,3.67,1,2,0.821088995215311,0.2156654777410415
3816,,after_candidate_limit,,3051,122,1,122,5,2.25,1.33,2,1,2,0.8210870813397129,0.21565501617754573
3817,,after_candidate_limit,,2876,115,1,115,5,1.5,1.33,2,1,2,0.8210842105263157,0.21533597355550652
3818,,after_candidate_limit,,2901,116,1,116,5,1.5,1.33,3.67,1,2,0.8210842105263157,0.21533597355550652
3819,,after_candidate_limit,,3252,130,2,130,5,3,1.33,3.67,1,3,0.8210832535885167,0.21533308329508202
3820,,after_candidate_limit,,3420,136,20,136,5,4.5,1.33,2,20,1,0.6233186602870814,0.21527229036250778
3821,,after_candidate_limit,,3052,122,2,122,5,2.25,1.33,2,1,3,0.8210822966507177,0.21516641662841535
3822,,after_candidate_limit,,3077,123,2,123,5,2.25,1.33,3.67,1,3,0.8210822966507177,0.21516641662841535
3823,,after_candidate_limit,,3227,129,2,129,5,3,1.33,2,1,3,0.8210822966507177,0.21516641662841535
3824,,after_candidate_limit,,2877,115,2,115,5,1.5,1.33,2,1,3,0.8210803827751196,0.21484127042958495
3825,,after_candidate_limit,,2878,115,3,115,5,1.5,1.33,2,1,8,0.8210803827751196,0.21484127042958495
3826,,after_candidate_limit,,2879,115,4,115,5,1.5,1.33,2,1,15,0.8210803827751196,0.21484127042958495
3827,,after_candidate_limit,,2902,116,2,116,5,1.5,1.33,3.67,1,3,0.8210803827751196,0.21484127042958495
3828,,after_candidate_limit,,2903,116,3,116,5,1.5,1.33,3.67,1,8,0.8210803827751196,0.21484127042958495
3829,,after_candidate_limit,,2904,116,4,116,5,1.5,1.33,3.67,1,15,0.8210803827751196,0.21484127042958495
3830,,after_candidate_limit,,3053,122,3,122,5,2.25,1.33,2,1,8,0.8210803827751196,0.21484127042958495
3831,,after_candidate_limit,,3054,122,4,122,5,2.25,1.33,2,1,15,0.8210803827751196,0.21484127042958495
3832,,after_candidate_limit,,3078,123,3,123,5,2.25,1.33,3.67,1,8,0.8210803827751196,0.21484127042958495
3833,,after_candidate_limit,,3079,123,4,123,5,2.25,1.33,3.67,1,15,0.8210803827751196,0.21484127042958495
3834,,after_candidate_limit,,3228,129,3,129,5,3,1.33,2,1,8,0.8210803827751196,0.21484127042958495
3835,,after_candidate_limit,,3229,129,4,129,5,3,1.33,2,1,15,0.8210803827751196,0.21484127042958495
3836,,after_candidate_limit,,3253,130,3,130,5,3,1.33,3.67,1,8,0.8210803827751196,0.21484127042958495
3837,,after_candidate_limit,,3254,130,4,130,5,3,1.33,3.67,1,15,0.8210803827751196,0.21484127042958495
3838,,after_candidate_limit,,3403,136,3,136,5,4.5,1.33,2,1,8,0.8210803827751196,0.21484127042958495
3839,,after_candidate_limit,,3404,136,4,136,5,4.5,1.33,2,1,15,0.8210803827751196,0.21484127042958495
3840,,after_candidate_limit,,3428,137,3,137,5,4.5,1.33,3.67,1,8,0.8210803827751196,0.21484127042958495
3841,,after_candidate_limit,,3429,137,4,137,5,4.5,1.33,3.67,1,15,0.8210803827751196,0.21484127042958495
3842,,after_candidate_limit,,3270,130,20,130,5,3,1.33,3.67,20,1,0.6232928229665072,0.21468784398293056
3843,,after_candidate_limit,,3445,137,20,137,5,4.5,1.33,3.67,20,1,0.623311004784689,0.2146555915533374
3844,,after_candidate_limit,,3245,129,20,129,5,3,1.33,2,20,1,0.6232861244019139,0.21459557869052842
3845,,after_candidate_limit,,3070,122,20,122,5,2.25,1.33,2,20,1,0.6231382775119617,0.21394678960080565
3846,,after_candidate_limit,,3095,123,20,123,5,2.25,1.33,3.67,20,1,0.6231258373205741,0.2136644599451008
3847,,after_candidate_limit,,3421,136,21,136,5,4.5,1.33,2,20,2,0.6231717703349282,0.21322540322357592
3848,,after_candidate_limit,,3446,137,21,137,5,4.5,1.33,3.67,20,2,0.6231727272727273,0.21321944441659296
3849,,after_candidate_limit,,3271,130,21,130,5,3,1.33,3.67,20,2,0.6230832535885168,0.21313729989778485
3850,,after_candidate_limit,,3246,129,21,129,5,3,1.33,2,20,2,0.6230679425837321,0.21304343915024798
3851,,after_candidate_limit,,3447,137,22,137,5,4.5,1.33,3.67,20,3,0.6230354066985646,0.21265835786856752
3852,,after_candidate_limit,,3422,136,22,136,5,4.5,1.33,2,20,3,0.623023923444976,0.21257511044572192
3853,,after_candidate_limit,,2895,115,20,115,5,1.5,1.33,2,20,1,0.623055980861244,0.21174390077184824
3854,,after_candidate_limit,,2920,116,20,116,5,1.5,1.33,3.67,20,1,0.623055023923445,0.2114648045871696
3855,,after_candidate_limit,,3272,130,22,130,5,3,1.33,3.67,20,3,0.6229502392344498,0.21053770495371305
3856,,after_candidate_limit,,3247,129,22,129,5,3,1.33,2,20,3,0.6228693779904306,0.21051176891374823
3857,,after_candidate_limit,,3071,122,21,122,5,2.25,1.33,2,20,2,0.622933014354067,0.20994976982487695
3858,,after_candidate_limit,,3096,123,21,123,5,2.25,1.33,3.67,20,2,0.6229320574162679,0.20974377338003686
3859,,after_candidate_limit,,2921,116,21,116,5,1.5,1.33,3.67,20,2,0.6228224880382776,0.20754072612604718
3860,,after_candidate_limit,,2896,115,21,115,5,1.5,1.33,2,20,2,0.6228129186602871,0.20746620354823175
3861,,after_candidate_limit,,3072,122,22,122,5,2.25,1.33,2,20,3,0.6227717703349283,0.20678855147068825
3862,,after_candidate_limit,,3097,123,22,123,5,2.25,1.33,3.67,20,3,0.6227593301435407,0.2063632311549905
3863,,after_candidate_limit,,2897,115,22,115,5,1.5,1.33,2,20,3,0.6227459330143541,0.20541510404338098
3864,,after_candidate_limit,,2922,116,22,116,5,1.5,1.33,3.67,20,3,0.6227459330143541,0.20541510404338098
3865,,after_candidate_limit,,2898,115,23,115,5,1.5,1.33,2,20,8,0.622743062200957,0.20498480101307798
3866,,after_candidate_limit,,2899,115,24,115,5,1.5,1.33,2,20,15,0.622743062200957,0.20498480101307798
3867,,after_candidate_limit,,2923,116,23,116,5,1.5,1.33,3.67,20,8,0.622743062200957,0.20498480101307798
3868,,after_candidate_limit,,2924,116,24,116,5,1.5,1.33,3.67,20,15,0.622743062200957,0.20498480101307798
3869,,after_candidate_limit,,3073,122,23,122,5,2.25,1.33,2,20,8,0.622743062200957,0.20498480101307798
3870,,after_candidate_limit,,3074,122,24,122,5,2.25,1.33,2,20,15,0.622743062200957,0.20498480101307798
3871,,after_candidate_limit,,3098,123,23,123,5,2.25,1.33,3.67,20,8,0.622743062200957,0.20498480101307798
3872,,after_candidate_limit,,3099,123,24,123,5,2.25,1.33,3.67,20,15,0.622743062200957,0.20498480101307798
3873,,after_candidate_limit,,3248,129,23,129,5,3,1.33,2,20,8,0.622743062200957,0.20498480101307798
3874,,after_candidate_limit,,3249,129,24,129,5,3,1.33,2,20,15,0.622743062200957,0.20498480101307798
3875,,after_candidate_limit,,3273,130,23,130,5,3,1.33,3.67,20,8,0.622743062200957,0.20498480101307798
3876,,after_candidate_limit,,3274,130,24,130,5,3,1.33,3.67,20,15,0.622743062200957,0.20498480101307798
3877,,after_candidate_limit,,3423,136,23,136,5,4.5,1.33,2,20,8,0.622743062200957,0.20498480101307798
3878,,after_candidate_limit,,3424,136,24,136,5,4.5,1.33,2,20,15,0.622743062200957,0.20498480101307798
3879,,after_candidate_limit,,3448,137,23,137,5,4.5,1.33,3.67,20,8,0.622743062200957,0.20498480101307798
3880,,after_candidate_limit,,3449,137,24,137,5,4.5,1.33,3.67,20,15,0.622743062200957,0.20498480101307798
3881,,after_candidate_limit,,3470,138,20,138,5,4.5,2.17,3.25,20,1,0.6039961722488039,0.19954746710482726
3882,,after_candidate_limit,,3295,131,20,131,5,3,2.17,3.25,20,1,0.6039033492822966,0.19681302564622563
3883,,after_candidate_limit,,3120,124,20,124,5,2.25,2.17,3.25,20,1,0.6038382775119617,0.19532238958174555
3884,,after_candidate_limit,,3471,138,21,138,5,4.5,2.17,3.25,20,2,0.6038,0.19377736867690395
3885,,after_candidate_limit,,2945,117,20,117,5,1.5,2.17,3.25,20,1,0.6037827751196172,0.19367335731339733
3886,,after_candidate_limit,,3296,131,21,131,5,3,2.17,3.25,20,2,0.6037138755980861,0.1933426062385453
3887,,after_candidate_limit,,3472,138,22,138,5,4.5,2.17,3.25,20,3,0.6037043062200957,0.19312644838584062
3888,,after_candidate_limit,,3297,131,22,131,5,3,2.17,3.25,20,3,0.6036870813397129,0.19301749204781463
3889,,after_candidate_limit,,3121,124,21,124,5,2.25,2.17,3.25,20,2,0.6036612440191388,0.19267641981332298
3890,,after_candidate_limit,,2946,117,21,117,5,1.5,2.17,3.25,20,2,0.6035856459330143,0.19120904063371708
3891,,after_candidate_limit,,3122,124,22,124,5,2.25,2.17,3.25,20,3,0.603554066985646,0.19018599900675418
3892,,after_candidate_limit,,2947,117,22,117,5,1.5,2.17,3.25,20,3,0.6035483253588517,0.189521210831966
3893,,after_candidate_limit,,2948,117,23,117,5,1.5,2.17,3.25,20,8,0.6035454545454545,0.1888985002092554
3894,,after_candidate_limit,,2949,117,24,117,5,1.5,2.17,3.25,20,15,0.6035454545454545,0.1888985002092554
3895,,after_candidate_limit,,3123,124,23,124,5,2.25,2.17,3.25,20,8,0.6035454545454545,0.1888985002092554
3896,,after_candidate_limit,,3124,124,24,124,5,2.25,2.17,3.25,20,15,0.6035454545454545,0.1888985002092554
3897,,after_candidate_limit,,3298,131,23,131,5,3,2.17,3.25,20,8,0.6035454545454545,0.1888985002092554
3898,,after_candidate_limit,,3299,131,24,131,5,3,2.17,3.25,20,15,0.6035454545454545,0.1888985002092554
3899,,after_candidate_limit,,3473,138,23,138,5,4.5,2.17,3.25,20,8,0.6035454545454545,0.1888985002092554
3900,,after_candidate_limit,,3474,138,24,138,5,4.5,2.17,3.25,20,15,0.6035454545454545,0.1888985002092554
3901,,after_candidate_limit,,3450,138,0,138,5,4.5,2.17,3.25,1,1,0.7341655502392345,0.18501287404073732
3902,,after_candidate_limit,,3275,131,0,131,5,3,2.17,3.25,1,1,0.7340727272727273,0.1840832596729456
3903,,after_candidate_limit,,3100,124,0,124,5,2.25,2.17,3.25,1,1,0.7340516746411483,0.18370573720897784
3904,,after_candidate_limit,,2925,117,0,117,5,1.5,2.17,3.25,1,1,0.7340698564593301,0.18335167743107553
3905,,after_candidate_limit,,3451,138,1,138,5,4.5,2.17,3.25,1,2,0.7340325358851675,0.18316616999166482
3906,,after_candidate_limit,,3276,131,1,131,5,3,2.17,3.25,1,2,0.7340057416267942,0.18274201555854083
3907,,after_candidate_limit,,3452,138,2,138,5,4.5,2.17,3.25,1,3,0.7340047846889952,0.18237142950086974
3908,,after_candidate_limit,,3101,124,1,124,5,2.25,2.17,3.25,1,2,0.7339923444976076,0.1820275656819407
3909,,after_candidate_limit,,3277,131,2,131,5,3,2.17,3.25,1,3,0.7339923444976076,0.1817733760865787
3910,,after_candidate_limit,,2926,117,1,117,5,1.5,2.17,3.25,1,2,0.7339894736842105,0.18173853929747721
3911,,after_candidate_limit,,3102,124,2,124,5,2.25,2.17,3.25,1,3,0.7339894736842105,0.18158176749784827
3912,,after_candidate_limit,,2927,117,2,117,5,1.5,2.17,3.25,1,3,0.7339894736842105,0.18127702946228316
3913,,after_candidate_limit,,2928,117,3,117,5,1.5,2.17,3.25,1,8,0.7339894736842105,0.18127702946228316
3914,,after_candidate_limit,,2929,117,4,117,5,1.5,2.17,3.25,1,15,0.7339894736842105,0.18127702946228316
3915,,after_candidate_limit,,3103,124,3,124,5,2.25,2.17,3.25,1,8,0.7339894736842105,0.18127702946228316
3916,,after_candidate_limit,,3104,124,4,124,5,2.25,2.17,3.25,1,15,0.7339894736842105,0.18127702946228316
3917,,after_candidate_limit,,3278,131,3,131,5,3,2.17,3.25,1,8,0.7339894736842105,0.18127702946228316
3918,,after_candidate_limit,,3279,131,4,131,5,3,2.17,3.25,1,15,0.7339894736842105,0.18127702946228316
3919,,after_candidate_limit,,3453,138,3,138,5,4.5,2.17,3.25,1,8,0.7339894736842105,0.18127702946228316
3920,,after_candidate_limit,,3454,138,4,138,5,4.5,2.17,3.25,1,15,0.7339894736842105,0.18127702946228316
3921,,after_candidate_limit,,3415,136,15,136,5,4.5,1.33,2,6,1,0.6209038277511961,0.17295409145050555
3922,,after_candidate_limit,,3320,132,20,132,5,3,3,4.5,20,1,0.5920598086124402,0.17274932898700832
3923,,after_candidate_limit,,3496,139,21,139,5,4.5,3,4.5,20,2,0.5919607655502392,0.17197673843885516
3924,,after_candidate_limit,,3440,137,15,137,5,4.5,1.33,3.67,6,1,0.6209880382775119,0.1718160207149722
3925,,after_candidate_limit,,3321,132,21,132,5,3,3,4.5,20,2,0.5918454545454546,0.17151362861691494
3926,,after_candidate_limit,,3497,139,22,139,5,4.5,3,4.5,20,3,0.5917598086124402,0.17149815169308166
3927,,after_candidate_limit,,3145,125,20,125,5,2.25,3,4.5,20,1,0.59181004784689,0.17144857039993958
3928,,after_candidate_limit,,3495,139,20,139,5,4.5,3,4.5,20,1,0.5921334928229665,0.1710654308459449
3929,,after_candidate_limit,,2970,118,20,118,5,1.5,3,4.5,20,1,0.5917851674641148,0.1707120846507449
3930,,after_candidate_limit,,3265,130,15,130,5,3,1.33,3.67,6,1,0.6207631578947368,0.17061789870111127
3931,,after_candidate_limit,,3240,129,15,129,5,3,1.33,2,6,1,0.6207574162679426,0.17049431241478624
3932,,after_candidate_limit,,3090,123,15,123,5,2.25,1.33,3.67,6,1,0.6207497607655502,0.17037909461760292
3933,,after_candidate_limit,,3065,122,15,122,5,2.25,1.33,2,6,1,0.620743062200957,0.17030651312420042
3934,,after_candidate_limit,,3322,132,22,132,5,3,3,4.5,20,3,0.59168995215311,0.17015422329199376
3935,,after_candidate_limit,,3146,125,21,125,5,2.25,3,4.5,20,2,0.5916803827751196,0.17001151555553076
3936,,after_candidate_limit,,2915,116,15,116,5,1.5,1.33,3.67,6,1,0.6207038277511961,0.16964835403732004
3937,,after_candidate_limit,,2890,115,15,115,5,1.5,1.33,2,6,1,0.6207038277511961,0.1696138842122723
3938,,after_candidate_limit,,3416,136,16,136,5,4.5,1.33,2,6,2,0.6206799043062201,0.16937279794028381
3939,,after_candidate_limit,,2891,115,16,115,5,1.5,1.33,2,6,2,0.6206789473684211,0.16935185482720805
3940,,after_candidate_limit,,2892,115,17,115,5,1.5,1.33,2,6,3,0.6206789473684211,0.16935185482720805
3941,,after_candidate_limit,,2893,115,18,115,5,1.5,1.33,2,6,8,0.6206789473684211,0.16935185482720805
3942,,after_candidate_limit,,2894,115,19,115,5,1.5,1.33,2,6,15,0.6206789473684211,0.16935185482720805
3943,,after_candidate_limit,,2916,116,16,116,5,1.5,1.33,3.67,6,2,0.6206789473684211,0.16935185482720805
3944,,after_candidate_limit,,2917,116,17,116,5,1.5,1.33,3.67,6,3,0.6206789473684211,0.16935185482720805
3945,,after_candidate_limit,,2918,116,18,116,5,1.5,1.33,3.67,6,8,0.6206789473684211,0.16935185482720805
3946,,after_candidate_limit,,2919,116,19,116,5,1.5,1.33,3.67,6,15,0.6206789473684211,0.16935185482720805
3947,,after_candidate_limit,,3066,122,16,122,5,2.25,1.33,2,6,2,0.6206789473684211,0.16935185482720805
3948,,after_candidate_limit,,3067,122,17,122,5,2.25,1.33,2,6,3,0.6206789473684211,0.16935185482720805
3949,,after_candidate_limit,,3068,122,18,122,5,2.25,1.33,2,6,8,0.6206789473684211,0.16935185482720805
3950,,after_candidate_limit,,3069,122,19,122,5,2.25,1.33,2,6,15,0.6206789473684211,0.16935185482720805
3951,,after_candidate_limit,,3091,123,16,123,5,2.25,1.33,3.67,6,2,0.6206789473684211,0.16935185482720805
3952,,after_candidate_limit,,3092,123,17,123,5,2.25,1.33,3.67,6,3,0.6206789473684211,0.16935185482720805
3953,,after_candidate_limit,,3093,123,18,123,5,2.25,1.33,3.67,6,8,0.6206789473684211,0.16935185482720805
3954,,after_candidate_limit,,3094,123,19,123,5,2.25,1.33,3.67,6,15,0.6206789473684211,0.16935185482720805
3955,,after_candidate_limit,,3241,129,16,129,5,3,1.33,2,6,2,0.6206789473684211,0.16935185482720805
3956,,after_candidate_limit,,3242,129,17,129,5,3,1.33,2,6,3,0.6206789473684211,0.16935185482720805
3957,,after_candidate_limit,,3243,129,18,129,5,3,1.33,2,6,8,0.6206789473684211,0.16935185482720805
3958,,after_candidate_limit,,3244,129,19,129,5,3,1.33,2,6,15,0.6206789473684211,0.16935185482720805
3959,,after_candidate_limit,,3266,130,16,130,5,3,1.33,3.67,6,2,0.6206789473684211,0.16935185482720805
3960,,after_candidate_limit,,3267,130,17,130,5,3,1.33,3.67,6,3,0.6206789473684211,0.16935185482720805
3961,,after_candidate_limit,,3268,130,18,130,5,3,1.33,3.67,6,8,0.6206789473684211,0.16935185482720805
3962,,after_candidate_limit,,3269,130,19,130,5,3,1.33,3.67,6,15,0.6206789473684211,0.16935185482720805
3963,,after_candidate_limit,,3417,136,17,136,5,4.5,1.33,2,6,3,0.6206789473684211,0.16935185482720805
3964,,after_candidate_limit,,3418,136,18,136,5,4.5,1.33,2,6,8,0.6206789473684211,0.16935185482720805
3965,,after_candidate_limit,,3419,136,19,136,5,4.5,1.33,2,6,15,0.6206789473684211,0.16935185482720805
3966,,after_candidate_limit,,3442,137,17,137,5,4.5,1.33,3.67,6,3,0.6206789473684211,0.16935185482720805
3967,,after_candidate_limit,,3443,137,18,137,5,4.5,1.33,3.67,6,8,0.6206789473684211,0.16935185482720805
3968,,after_candidate_limit,,3444,137,19,137,5,4.5,1.33,3.67,6,15,0.6206789473684211,0.16935185482720805
3969,,after_candidate_limit,,3441,137,16,137,5,4.5,1.33,3.67,6,2,0.6206789473684211,0.16934956913656718
3970,,after_candidate_limit,,2971,118,21,118,5,1.5,3,4.5,20,2,0.5916162679425837,0.16897283027458118
3971,,after_candidate_limit,,3147,125,22,125,5,2.25,3,4.5,20,3,0.5916143540669856,0.16896545192708312
3972,,after_candidate_limit,,2972,118,22,118,5,1.5,3,4.5,20,3,0.5916124401913876,0.1688335678691121
3973,,after_candidate_limit,,2973,118,23,118,5,1.5,3,4.5,20,8,0.5916114832535885,0.16877032676239276
3974,,after_candidate_limit,,2974,118,24,118,5,1.5,3,4.5,20,15,0.5916114832535885,0.16877032676239276
3975,,after_candidate_limit,,3148,125,23,125,5,2.25,3,4.5,20,8,0.5916114832535885,0.16877032676239276
3976,,after_candidate_limit,,3149,125,24,125,5,2.25,3,4.5,20,15,0.5916114832535885,0.16877032676239276
3977,,after_candidate_limit,,3323,132,23,132,5,3,3,4.5,20,8,0.5916114832535885,0.16877032676239276
3978,,after_candidate_limit,,3324,132,24,132,5,3,3,4.5,20,15,0.5916114832535885,0.16877032676239276
3979,,after_candidate_limit,,3498,139,23,139,5,4.5,3,4.5,20,8,0.5916114832535885,0.16877032676239276
3980,,after_candidate_limit,,3499,139,24,139,5,4.5,3,4.5,20,15,0.5916114832535885,0.16877032676239276
3981,,after_candidate_limit,,3475,139,0,139,5,4.5,3,4.5,1,1,0.6660928229665072,0.16868839825954532
3982,,after_candidate_limit,,3300,132,0,132,5,3,3,4.5,1,1,0.6660047846889953,0.16783082507779085
3983,,after_candidate_limit,,3125,125,0,125,5,2.25,3,4.5,1,1,0.6659684210526315,0.16737346786957139
3984,,after_candidate_limit,,3465,138,15,138,5,4.5,2.17,3.25,6,1,0.6048062200956937,0.16714607143036456
3985,,after_candidate_limit,,2950,118,0,118,5,1.5,3,4.5,1,1,0.6660105263157895,0.16709369491585963
3986,,after_candidate_limit,,3476,139,1,139,5,4.5,3,4.5,1,2,0.6659674641148325,0.1668897406397386
3987,,after_candidate_limit,,3301,132,1,132,5,3,3,4.5,1,2,0.6659387559808613,0.1664899085248803
3988,,after_candidate_limit,,3477,139,2,139,5,4.5,3,4.5,1,3,0.665933971291866,0.1660059906292562
3989,,after_candidate_limit,,3126,125,1,125,5,2.25,3,4.5,1,2,0.6659215311004785,0.16568276738969392
3990,,after_candidate_limit,,2951,118,1,118,5,1.5,3,4.5,1,2,0.6659205741626795,0.16545159783096136
3991,,after_candidate_limit,,3302,132,2,132,5,3,3,4.5,1,3,0.6659196172248804,0.16534903372839727
3992,,after_candidate_limit,,3127,125,2,125,5,2.25,3,4.5,1,3,0.6659177033492822,0.1649157003950639
3993,,after_candidate_limit,,2952,118,2,118,5,1.5,3,4.5,1,3,0.6659177033492822,0.16485832672095657
3994,,after_candidate_limit,,2953,118,3,118,5,1.5,3,4.5,1,8,0.6659177033492822,0.16485832672095657
3995,,after_candidate_limit,,2954,118,4,118,5,1.5,3,4.5,1,15,0.6659177033492822,0.16485832672095657
3996,,after_candidate_limit,,3128,125,3,125,5,2.25,3,4.5,1,8,0.6659177033492822,0.16485832672095657
3997,,after_candidate_limit,,3129,125,4,125,5,2.25,3,4.5,1,15,0.6659177033492822,0.16485832672095657
3998,,after_candidate_limit,,3303,132,3,132,5,3,3,4.5,1,8,0.6659177033492822,0.16485832672095657
3999,,after_candidate_limit,,3304,132,4,132,5,3,3,4.5,1,15,0.6659177033492822,0.16485832672095657
4000,,after_candidate_limit,,3478,139,3,139,5,4.5,3,4.5,1,8,0.6659177033492822,0.16485832672095657
4001,,after_candidate_limit,,3479,139,4,139,5,4.5,3,4.5,1,15,0.6659177033492822,0.16485832672095657
4002,,after_candidate_limit,,3290,131,15,131,5,3,2.17,3.25,6,1,0.604521052631579,0.16482692423792542
4003,,after_candidate_limit,,3115,124,15,124,5,2.25,2.17,3.25,6,1,0.6044799043062201,0.16444674961794795
4004,,after_candidate_limit,,2940,117,15,117,5,1.5,2.17,3.25,6,1,0.6044196172248804,0.16325531908263072
4005,,after_candidate_limit,,3466,138,16,138,5,4.5,2.17,3.25,6,2,0.6043995215311004,0.16289440231295343
4006,,after_candidate_limit,,2941,117,16,117,5,1.5,2.17,3.25,6,2,0.6043985645933014,0.1628934372482941
4007,,after_candidate_limit,,2942,117,17,117,5,1.5,2.17,3.25,6,3,0.6043985645933014,0.1628934372482941
4008,,after_candidate_limit,,2943,117,18,117,5,1.5,2.17,3.25,6,8,0.6043985645933014,0.1628934372482941
4009,,after_candidate_limit,,2944,117,19,117,5,1.5,2.17,3.25,6,15,0.6043985645933014,0.1628934372482941
4010,,after_candidate_limit,,3116,124,16,124,5,2.25,2.17,3.25,6,2,0.6043985645933014,0.1628934372482941
4011,,after_candidate_limit,,3117,124,17,124,5,2.25,2.17,3.25,6,3,0.6043985645933014,0.1628934372482941
4012,,after_candidate_limit,,3118,124,18,124,5,2.25,2.17,3.25,6,8,0.6043985645933014,0.1628934372482941
4013,,after_candidate_limit,,3119,124,19,124,5,2.25,2.17,3.25,6,15,0.6043985645933014,0.1628934372482941
4014,,after_candidate_limit,,3291,131,16,131,5,3,2.17,3.25,6,2,0.6043985645933014,0.1628934372482941
4015,,after_candidate_limit,,3292,131,17,131,5,3,2.17,3.25,6,3,0.6043985645933014,0.1628934372482941
4016,,after_candidate_limit,,3293,131,18,131,5,3,2.17,3.25,6,8,0.6043985645933014,0.1628934372482941
4017,,after_candidate_limit,,3294,131,19,131,5,3,2.17,3.25,6,15,0.6043985645933014,0.1628934372482941
4018,,after_candidate_limit,,3467,138,17,138,5,4.5,2.17,3.25,6,3,0.6043985645933014,0.1628934372482941
4019,,after_candidate_limit,,3468,138,18,138,5,4.5,2.17,3.25,6,8,0.6043985645933014,0.1628934372482941
4020,,after_candidate_limit,,3469,138,19,138,5,4.5,2.17,3.25,6,15,0.6043985645933014,0.1628934372482941
4021,,after_candidate_limit,,3490,139,15,139,5,4.5,3,4.5,6,1,0.5929138755980862,0.14786623749809044
4022,,after_candidate_limit,,3315,132,15,132,5,3,3,4.5,6,1,0.5928392344497607,0.146832054431001
4023,,after_candidate_limit,,3140,125,15,125,5,2.25,3,4.5,6,1,0.5928325358851675,0.14670324893533182
4024,,after_candidate_limit,,2965,118,15,118,5,1.5,3,4.5,6,1,0.5928162679425837,0.14650678643576276
4025,,after_candidate_limit,,2966,118,16,118,5,1.5,3,4.5,6,2,0.5927980861244019,0.14595271478613206
4026,,after_candidate_limit,,2967,118,17,118,5,1.5,3,4.5,6,3,0.5927980861244019,0.14595271478613206
4027,,after_candidate_limit,,2968,118,18,118,5,1.5,3,4.5,6,8,0.5927980861244019,0.14595271478613206
4028,,after_candidate_limit,,2969,118,19,118,5,1.5,3,4.5,6,15,0.5927980861244019,0.14595271478613206
4029,,after_candidate_limit,,3141,125,16,125,5,2.25,3,4.5,6,2,0.5927980861244019,0.14595271478613206
4030,,after_candidate_limit,,3142,125,17,125,5,2.25,3,4.5,6,3,0.5927980861244019,0.14595271478613206
4031,,after_candidate_limit,,3143,125,18,125,5,2.25,3,4.5,6,8,0.5927980861244019,0.14595271478613206
4032,,after_candidate_limit,,3144,125,19,125,5,2.25,3,4.5,6,15,0.5927980861244019,0.14595271478613206
4033,,after_candidate_limit,,3317,132,17,132,5,3,3,4.5,6,3,0.5927980861244019,0.14595271478613206
4034,,after_candidate_limit,,3318,132,18,132,5,3,3,4.5,6,8,0.5927980861244019,0.14595271478613206
4035,,after_candidate_limit,,3319,132,19,132,5,3,3,4.5,6,15,0.5927980861244019,0.14595271478613206
4036,,after_candidate_limit,,3492,139,17,139,5,4.5,3,4.5,6,3,0.5927980861244019,0.14595271478613206
4037,,after_candidate_limit,,3493,139,18,139,5,4.5,3,4.5,6,8,0.5927980861244019,0.14595271478613206
4038,,after_candidate_limit,,3494,139,19,139,5,4.5,3,4.5,6,15,0.5927980861244019,0.14595271478613206
4039,,after_candidate_limit,,3430,137,5,137,5,4.5,1.33,3.67,2,1,0.7080344497607656,0.14593552944674293
4040,,after_candidate_limit,,3491,139,16,139,5,4.5,3,4.5,6,2,0.592799043062201,0.14593405706904308
4041,,after_candidate_limit,,3316,132,16,132,5,3,3,4.5,6,2,0.5927980861244019,0.145930647978134
4042,,after_candidate_limit,,3405,136,5,136,5,4.5,1.33,2,2,1,0.7080277511961722,0.14589796276316835
4043,,after_candidate_limit,,2880,115,5,115,5,1.5,1.33,2,2,1,0.7079636363636364,0.1457319990002336
4044,,after_candidate_limit,,2905,116,5,116,5,1.5,1.33,3.67,2,1,0.7079588516746411,0.14564444545430527
4045,,after_candidate_limit,,3055,122,5,122,5,2.25,1.33,2,2,1,0.7079607655502392,0.14562660369622737
4046,,after_candidate_limit,,3230,129,5,129,5,3,1.33,2,2,1,0.7079674641148326,0.14551286960271587
4047,,after_candidate_limit,,3406,136,6,136,5,4.5,1.33,2,2,2,0.7079311004784689,0.1454568781815622
4048,,after_candidate_limit,,3431,137,6,137,5,4.5,1.33,3.67,2,2,0.7079301435406699,0.14544537496779483
4049,,after_candidate_limit,,3255,130,5,130,5,3,1.33,3.67,2,1,0.7079636363636364,0.14542694399919617
4050,,after_candidate_limit,,3080,123,5,123,5,2.25,1.33,3.67,2,1,0.7079492822966508,0.14538071048092757
4051,,after_candidate_limit,,3407,136,7,136,5,4.5,1.33,2,2,3,0.7079234449760765,0.14536597251308833
4052,,after_candidate_limit,,3432,137,7,137,5,4.5,1.33,3.67,2,3,0.7079234449760765,0.14536597251308833
4053,,after_candidate_limit,,3231,129,6,129,5,3,1.33,2,2,2,0.7079224880382775,0.14532553327752712
4054,,after_candidate_limit,,3256,130,6,130,5,3,1.33,3.67,2,2,0.7079215311004785,0.14532095086806668
4055,,after_candidate_limit,,2881,115,6,115,5,1.5,1.33,2,2,2,0.7079205741626794,0.14529989823648773
4056,,after_candidate_limit,,2882,115,7,115,5,1.5,1.33,2,2,3,0.7079205741626794,0.14529989823648773
4057,,after_candidate_limit,,2883,115,8,115,5,1.5,1.33,2,2,8,0.7079205741626794,0.14529989823648773
4058,,after_candidate_limit,,2884,115,9,115,5,1.5,1.33,2,2,15,0.7079205741626794,0.14529989823648773
4059,,after_candidate_limit,,2906,116,6,116,5,1.5,1.33,3.67,2,2,0.7079205741626794,0.14529989823648773
4060,,after_candidate_limit,,2907,116,7,116,5,1.5,1.33,3.67,2,3,0.7079205741626794,0.14529989823648773
4061,,after_candidate_limit,,2908,116,8,116,5,1.5,1.33,3.67,2,8,0.7079205741626794,0.14529989823648773
4062,,after_candidate_limit,,2909,116,9,116,5,1.5,1.33,3.67,2,15,0.7079205741626794,0.14529989823648773
4063,,after_candidate_limit,,3056,122,6,122,5,2.25,1.33,2,2,2,0.7079205741626794,0.14529989823648773
4064,,after_candidate_limit,,3057,122,7,122,5,2.25,1.33,2,2,3,0.7079205741626794,0.14529989823648773
4065,,after_candidate_limit,,3058,122,8,122,5,2.25,1.33,2,2,8,0.7079205741626794,0.14529989823648773
4066,,after_candidate_limit,,3059,122,9,122,5,2.25,1.33,2,2,15,0.7079205741626794,0.14529989823648773
4067,,after_candidate_limit,,3081,123,6,123,5,2.25,1.33,3.67,2,2,0.7079205741626794,0.14529989823648773
4068,,after_candidate_limit,,3082,123,7,123,5,2.25,1.33,3.67,2,3,0.7079205741626794,0.14529989823648773
4069,,after_candidate_limit,,3083,123,8,123,5,2.25,1.33,3.67,2,8,0.7079205741626794,0.14529989823648773
4070,,after_candidate_limit,,3084,123,9,123,5,2.25,1.33,3.67,2,15,0.7079205741626794,0.14529989823648773
4071,,after_candidate_limit,,3232,129,7,129,5,3,1.33,2,2,3,0.7079205741626794,0.14529989823648773
4072,,after_candidate_limit,,3233,129,8,129,5,3,1.33,2,2,8,0.7079205741626794,0.14529989823648773
4073,,after_candidate_limit,,3234,129,9,129,5,3,1.33,2,2,15,0.7079205741626794,0.14529989823648773
4074,,after_candidate_limit,,3257,130,7,130,5,3,1.33,3.67,2,3,0.7079205741626794,0.14529989823648773
4075,,after_candidate_limit,,3258,130,8,130,5,3,1.33,3.67,2,8,0.7079205741626794,0.14529989823648773
4076,,after_candidate_limit,,3259,130,9,130,5,3,1.33,3.67,2,15,0.7079205741626794,0.14529989823648773
4077,,after_candidate_limit,,3408,136,8,136,5,4.5,1.33,2,2,8,0.7079205741626794,0.14529989823648773
4078,,after_candidate_limit,,3409,136,9,136,5,4.5,1.33,2,2,15,0.7079205741626794,0.14529989823648773
4079,,after_candidate_limit,,3433,137,8,137,5,4.5,1.33,3.67,2,8,0.7079205741626794,0.14529989823648773
4080,,after_candidate_limit,,3434,137,9,137,5,4.5,1.33,3.67,2,15,0.7079205741626794,0.14529989823648773
4081,,after_candidate_limit,,3435,137,10,137,5,4.5,1.33,3.67,3,1,0.6464693779904306,0.1265460845653442
4082,,after_candidate_limit,,3410,136,10,136,5,4.5,1.33,2,3,1,0.6464645933014354,0.12652231156199453
4083,,after_candidate_limit,,3060,122,10,122,5,2.25,1.33,2,3,1,0.6464282296650717,0.12618459152590342
4084,,after_candidate_limit,,3260,130,10,130,5,3,1.33,3.67,3,1,0.646432057416268,0.12617499770559928
4085,,after_candidate_limit,,3235,129,10,129,5,3,1.33,2,3,1,0.6464311004784689,0.12616548523366172
4086,,after_candidate_limit,,2885,115,10,115,5,1.5,1.33,2,3,1,0.6464267942583732,0.12616435703612433
4087,,after_candidate_limit,,2910,116,10,116,5,1.5,1.33,3.67,3,1,0.6464234449760765,0.12615514110562892
4088,,after_candidate_limit,,3411,136,11,136,5,4.5,1.33,2,3,2,0.6464100478468899,0.12614766524953527
4089,,after_candidate_limit,,3436,137,11,137,5,4.5,1.33,3.67,3,2,0.6464100478468899,0.12614766524953527
4090,,after_candidate_limit,,3412,136,12,136,5,4.5,1.33,2,3,3,0.6464090909090909,0.12613743507050715
4091,,after_candidate_limit,,3437,137,12,137,5,4.5,1.33,3.67,3,3,0.6464090909090909,0.12613743507050715
4092,,after_candidate_limit,,2886,115,11,115,5,1.5,1.33,2,3,2,0.6464081339712918,0.1260818795149516
4093,,after_candidate_limit,,2887,115,12,115,5,1.5,1.33,2,3,3,0.6464081339712918,0.1260818795149516
4094,,after_candidate_limit,,2888,115,13,115,5,1.5,1.33,2,3,8,0.6464081339712918,0.1260818795149516
4095,,after_candidate_limit,,2889,115,14,115,5,1.5,1.33,2,3,15,0.6464081339712918,0.1260818795149516
4096,,after_candidate_limit,,2911,116,11,116,5,1.5,1.33,3.67,3,2,0.6464081339712918,0.1260818795149516
4097,,after_candidate_limit,,2912,116,12,116,5,1.5,1.33,3.67,3,3,0.6464081339712918,0.1260818795149516
4098,,after_candidate_limit,,2913,116,13,116,5,1.5,1.33,3.67,3,8,0.6464081339712918,0.1260818795149516
4099,,after_candidate_limit,,2914,116,14,116,5,1.5,1.33,3.67,3,15,0.6464081339712918,0.1260818795149516
4100,,after_candidate_limit,,3061,122,11,122,5,2.25,1.33,2,3,2,0.6464081339712918,0.1260818795149516
4101,,after_candidate_limit,,3062,122,12,122,5,2.25,1.33,2,3,3,0.6464081339712918,0.1260818795149516
4102,,after_candidate_limit,,3063,122,13,122,5,2.25,1.33,2,3,8,0.6464081339712918,0.1260818795149516
4103,,after_candidate_limit,,3064,122,14,122,5,2.25,1.33,2,3,15,0.6464081339712918,0.1260818795149516
4104,,after_candidate_limit,,3087,123,12,123,5,2.25,1.33,3.67,3,3,0.6464081339712918,0.1260818795149516
4105,,after_candidate_limit,,3088,123,13,123,5,2.25,1.33,3.67,3,8,0.6464081339712918,0.1260818795149516
4106,,after_candidate_limit,,3089,123,14,123,5,2.25,1.33,3.67,3,15,0.6464081339712918,0.1260818795149516
4107,,after_candidate_limit,,3237,129,12,129,5,3,1.33,2,3,3,0.6464081339712918,0.1260818795149516
4108,,after_candidate_limit,,3238,129,13,129,5,3,1.33,2,3,8,0.6464081339712918,0.1260818795149516
4109,,after_candidate_limit,,3239,129,14,129,5,3,1.33,2,3,15,0.6464081339712918,0.1260818795149516
4110,,after_candidate_limit,,3262,130,12,130,5,3,1.33,3.67,3,3,0.6464081339712918,0.1260818795149516
4111,,after_candidate_limit,,3263,130,13,130,5,3,1.33,3.67,3,8,0.6464081339712918,0.1260818795149516
4112,,after_candidate_limit,,3264,130,14,130,5,3,1.33,3.67,3,15,0.6464081339712918,0.1260818795149516
4113,,after_candidate_limit,,3413,136,13,136,5,4.5,1.33,2,3,8,0.6464081339712918,0.1260818795149516
4114,,after_candidate_limit,,3414,136,14,136,5,4.5,1.33,2,3,15,0.6464081339712918,0.1260818795149516
4115,,after_candidate_limit,,3438,137,13,137,5,4.5,1.33,3.67,3,8,0.6464081339712918,0.1260818795149516
4116,,after_candidate_limit,,3439,137,14,137,5,4.5,1.33,3.67,3,15,0.6464081339712918,0.1260818795149516
4117,,after_candidate_limit,,3085,123,10,123,5,2.25,1.33,3.67,3,1,0.6464196172248804,0.12604243145388672
4118,,after_candidate_limit,,3086,123,11,123,5,2.25,1.33,3.67,3,2,0.6464071770334928,0.12603743507050713
4119,,after_candidate_limit,,3236,129,11,129,5,3,1.33,2,3,2,0.6464071770334928,0.12603743507050713
4120,,after_candidate_limit,,3261,130,11,130,5,3,1.33,3.67,3,2,0.6464071770334928,0.12603743507050713
4121,,after_candidate_limit,,3455,138,5,138,5,4.5,2.17,3.25,2,1,0.6432033492822966,0.12358508621358268
4122,,after_candidate_limit,,2930,117,5,117,5,1.5,2.17,3.25,2,1,0.6431488038277512,0.12346711752765423
4123,,after_candidate_limit,,3456,138,6,138,5,4.5,2.17,3.25,2,2,0.6431296650717704,0.1233121794946029
4124,,after_candidate_limit,,3105,124,5,124,5,2.25,2.17,3.25,2,1,0.643144019138756,0.123240592433443
4125,,after_candidate_limit,,3280,131,5,131,5,3,2.17,3.25,2,1,0.6431545454545454,0.1232297818521683
4126,,after_candidate_limit,,3457,138,7,138,5,4.5,2.17,3.25,2,3,0.643122966507177,0.12322671827565773
4127,,after_candidate_limit,,3281,131,6,131,5,3,2.17,3.25,2,2,0.643122966507177,0.12320889614336789
4128,,after_candidate_limit,,2931,117,6,117,5,1.5,2.17,3.25,2,2,0.643122009569378,0.12320057448480805
4129,,after_candidate_limit,,2932,117,7,117,5,1.5,2.17,3.25,2,3,0.643122009569378,0.12320057448480805
4130,,after_candidate_limit,,2933,117,8,117,5,1.5,2.17,3.25,2,8,0.643122009569378,0.12320057448480805
4131,,after_candidate_limit,,2934,117,9,117,5,1.5,2.17,3.25,2,15,0.643122009569378,0.12320057448480805
4132,,after_candidate_limit,,3107,124,7,124,5,2.25,2.17,3.25,2,3,0.643122009569378,0.12320057448480805
4133,,after_candidate_limit,,3108,124,8,124,5,2.25,2.17,3.25,2,8,0.643122009569378,0.12320057448480805
4134,,after_candidate_limit,,3109,124,9,124,5,2.25,2.17,3.25,2,15,0.643122009569378,0.12320057448480805
4135,,after_candidate_limit,,3282,131,7,131,5,3,2.17,3.25,2,3,0.643122009569378,0.12320057448480805
4136,,after_candidate_limit,,3283,131,8,131,5,3,2.17,3.25,2,8,0.643122009569378,0.12320057448480805
4137,,after_candidate_limit,,3284,131,9,131,5,3,2.17,3.25,2,15,0.643122009569378,0.12320057448480805
4138,,after_candidate_limit,,3458,138,8,138,5,4.5,2.17,3.25,2,8,0.643122009569378,0.12320057448480805
4139,,after_candidate_limit,,3459,138,9,138,5,4.5,2.17,3.25,2,15,0.643122009569378,0.12320057448480805
4140,,after_candidate_limit,,3106,124,6,124,5,2.25,2.17,3.25,2,2,0.6431210526315789,0.12318659824441672
4141,,after_candidate_limit,,3480,139,5,139,5,4.5,3,4.5,2,1,0.6164631578947368,0.11598549640923496
4142,,after_candidate_limit,,2955,118,5,118,5,1.5,3,4.5,2,1,0.6164038277511962,0.11587624884288632
4143,,after_candidate_limit,,3481,139,6,139,5,4.5,3,4.5,2,2,0.6163885167464115,0.11571124749063794
4144,,after_candidate_limit,,2956,118,6,118,5,1.5,3,4.5,2,2,0.6163827751196173,0.11564713677958233
4145,,after_candidate_limit,,3306,132,6,132,5,3,3,4.5,2,2,0.6163827751196173,0.11563280385437907
4146,,after_candidate_limit,,3131,125,6,125,5,2.25,3,4.5,2,2,0.6163818181818181,0.1156285382885036
4147,,after_candidate_limit,,3482,139,7,139,5,4.5,3,4.5,2,3,0.6163827751196173,0.11562624165801606
4148,,after_candidate_limit,,2957,118,7,118,5,1.5,3,4.5,2,3,0.6163818181818181,0.1156211627536083
4149,,after_candidate_limit,,2958,118,8,118,5,1.5,3,4.5,2,8,0.6163818181818181,0.1156211627536083
4150,,after_candidate_limit,,2959,118,9,118,5,1.5,3,4.5,2,15,0.6163818181818181,0.1156211627536083
4151,,after_candidate_limit,,3132,125,7,125,5,2.25,3,4.5,2,3,0.6163818181818181,0.1156211627536083
4152,,after_candidate_limit,,3133,125,8,125,5,2.25,3,4.5,2,8,0.6163818181818181,0.1156211627536083
4153,,after_candidate_limit,,3134,125,9,125,5,2.25,3,4.5,2,15,0.6163818181818181,0.1156211627536083
4154,,after_candidate_limit,,3307,132,7,132,5,3,3,4.5,2,3,0.6163818181818181,0.1156211627536083
4155,,after_candidate_limit,,3308,132,8,132,5,3,3,4.5,2,8,0.6163818181818181,0.1156211627536083
4156,,after_candidate_limit,,3309,132,9,132,5,3,3,4.5,2,15,0.6163818181818181,0.1156211627536083
4157,,after_candidate_limit,,3483,139,8,139,5,4.5,3,4.5,2,8,0.6163818181818181,0.1156211627536083
4158,,after_candidate_limit,,3484,139,9,139,5,4.5,3,4.5,2,15,0.6163818181818181,0.1156211627536083
4159,,after_candidate_limit,,3305,132,5,132,5,3,3,4.5,2,1,0.6164057416267943,0.11555139215275331
4160,,after_candidate_limit,,3130,125,5,125,5,2.25,3,4.5,2,1,0.6163913875598086,0.11545146841161082
4161,,after_candidate_limit,,3460,138,10,138,5,4.5,2.17,3.25,3,1,0.613411004784689,0.11274925846396718
4162,,after_candidate_limit,,2935,117,10,117,5,1.5,2.17,3.25,3,1,0.6133870813397129,0.1126189709227657
4163,,after_candidate_limit,,3462,138,12,138,5,4.5,2.17,3.25,3,3,0.6133717703349282,0.11259353918871391
4164,,after_candidate_limit,,3285,131,10,131,5,3,2.17,3.25,3,1,0.6133985645933014,0.11257099944748127
4165,,after_candidate_limit,,3461,138,11,138,5,4.5,2.17,3.25,3,2,0.6133746411483254,0.11256061467756043
4166,,after_candidate_limit,,2937,117,12,117,5,1.5,2.17,3.25,3,3,0.6133708133971292,0.11252211061728534
4167,,after_candidate_limit,,2938,117,13,117,5,1.5,2.17,3.25,3,8,0.6133708133971292,0.11252211061728534
4168,,after_candidate_limit,,2939,117,14,117,5,1.5,2.17,3.25,3,15,0.6133708133971292,0.11252211061728534
4169,,after_candidate_limit,,3112,124,12,124,5,2.25,2.17,3.25,3,3,0.6133708133971292,0.11252211061728534
4170,,after_candidate_limit,,3113,124,13,124,5,2.25,2.17,3.25,3,8,0.6133708133971292,0.11252211061728534
4171,,after_candidate_limit,,3114,124,14,124,5,2.25,2.17,3.25,3,15,0.6133708133971292,0.11252211061728534
4172,,after_candidate_limit,,3287,131,12,131,5,3,2.17,3.25,3,3,0.6133708133971292,0.11252211061728534
4173,,after_candidate_limit,,3288,131,13,131,5,3,2.17,3.25,3,8,0.6133708133971292,0.11252211061728534
4174,,after_candidate_limit,,3289,131,14,131,5,3,2.17,3.25,3,15,0.6133708133971292,0.11252211061728534
4175,,after_candidate_limit,,3463,138,13,138,5,4.5,2.17,3.25,3,8,0.6133708133971292,0.11252211061728534
4176,,after_candidate_limit,,3464,138,14,138,5,4.5,2.17,3.25,3,15,0.6133708133971292,0.11252211061728534
4177,,after_candidate_limit,,3110,124,10,124,5,2.25,2.17,3.25,3,1,0.613388038277512,0.11252160212232339
4178,,after_candidate_limit,,2936,117,11,117,5,1.5,2.17,3.25,3,2,0.6133698564593302,0.11246655506172978
4179,,after_candidate_limit,,3286,131,11,131,5,3,2.17,3.25,3,2,0.6133698564593302,0.11242441605482445
4180,,after_candidate_limit,,3111,124,11,124,5,2.25,2.17,3.25,3,2,0.6133688995215311,0.11242211061728534
4181,,after_candidate_limit,,2960,118,10,118,5,1.5,3,4.5,3,1,0.6089856459330144,0.11019156493322164
4182,,after_candidate_limit,,3485,139,10,139,5,4.5,3,4.5,3,1,0.6090047846889952,0.110163943140443
4183,,after_candidate_limit,,3486,139,11,139,5,4.5,3,4.5,3,2,0.6089703349282297,0.11015212678619744
4184,,after_candidate_limit,,3310,132,10,132,5,3,3,4.5,3,1,0.6089961722488039,0.11008222236618519
4185,,after_candidate_limit,,3487,139,12,139,5,4.5,3,4.5,3,3,0.6089645933014354,0.11007675800817088
4186,,after_candidate_limit,,3135,125,10,125,5,2.25,3,4.5,3,1,0.6089894736842105,0.11005262170752515
4187,,after_candidate_limit,,2961,118,11,118,5,1.5,3,4.5,3,2,0.6089645933014354,0.1100178294367423
4188,,after_candidate_limit,,2962,118,12,118,5,1.5,3,4.5,3,3,0.6089636363636364,0.1100053294367423
4189,,after_candidate_limit,,2963,118,13,118,5,1.5,3,4.5,3,8,0.6089636363636364,0.1100053294367423
4190,,after_candidate_limit,,2964,118,14,118,5,1.5,3,4.5,3,15,0.6089636363636364,0.1100053294367423
4191,,after_candidate_limit,,3137,125,12,125,5,2.25,3,4.5,3,3,0.6089636363636364,0.1100053294367423
4192,,after_candidate_limit,,3138,125,13,125,5,2.25,3,4.5,3,8,0.6089636363636364,0.1100053294367423
4193,,after_candidate_limit,,3139,125,14,125,5,2.25,3,4.5,3,15,0.6089636363636364,0.1100053294367423
4194,,after_candidate_limit,,3312,132,12,132,5,3,3,4.5,3,3,0.6089636363636364,0.1100053294367423
4195,,after_candidate_limit,,3313,132,13,132,5,3,3,4.5,3,8,0.6089636363636364,0.1100053294367423
4196,,after_candidate_limit,,3314,132,14,132,5,3,3,4.5,3,15,0.6089636363636364,0.1100053294367423
4197,,after_candidate_limit,,3488,139,13,139,5,4.5,3,4.5,3,8,0.6089636363636364,0.1100053294367423
4198,,after_candidate_limit,,3489,139,14,139,5,4.5,3,4.5,3,15,0.6089636363636364,0.1100053294367423
4199,,after_candidate_limit,,3136,125,11,125,5,2.25,3,4.5,3,2,0.6089626794258374,0.1099178294367423
4200,,after_candidate_limit,,3311,132,11,132,5,3,3,4.5,3,2,0.6089626794258374,0.1099178294367423
