endpoint_id,score_focal_hla__endpoint_local_epitope_second_hla_hybrid_v1,score_focal_hla__logmeanexp,score_focal_hla__logsumexp,score_focal_hla__max,score_focal_hla__mean,score_focal_hla__median,score_focal_hla__top_frac_mean_frac0p01,score_focal_hla__top_frac_mean_frac0p02,score_focal_hla__top_frac_mean_frac0p05,score_focal_hla__top_k_logsumexp_k10,score_focal_hla__top_k_logsumexp_k2,score_focal_hla__top_k_mean_k2,score_focal_hla__top_k_mean_k3,score_full_hla__endpoint_local_epitope_second_hla_hybrid_v1,score_full_hla__logmeanexp,score_full_hla__logsumexp,score_full_hla__max,score_full_hla__mean,score_full_hla__median,score_full_hla__top_frac_mean_frac0p01,score_full_hla__top_frac_mean_frac0p02,score_full_hla__top_frac_mean_frac0p05,score_full_hla__top_k_logsumexp_k10,score_full_hla__top_k_logsumexp_k2,score_full_hla__top_k_mean_k2,score_full_hla__top_k_mean_k3,score_full_q_mono_pn__endpoint_local_epitope_second_hla_hybrid_v1,score_full_q_mono_pn__logmeanexp,score_full_q_mono_pn__logsumexp,score_full_q_mono_pn__max,score_full_q_mono_pn__mean,score_full_q_mono_pn__median,score_full_q_mono_pn__top_frac_mean_frac0p01,score_full_q_mono_pn__top_frac_mean_frac0p02,score_full_q_mono_pn__top_frac_mean_frac0p05,score_full_q_mono_pn__top_k_logsumexp_k10,score_full_q_mono_pn__top_k_logsumexp_k2,score_full_q_mono_pn__top_k_mean_k2,score_full_q_mono_pn__top_k_mean_k3,score_mono_q_full_pn__endpoint_local_epitope_second_hla_hybrid_v1,score_mono_q_full_pn__logmeanexp,score_mono_q_full_pn__logsumexp,score_mono_q_full_pn__max,score_mono_q_full_pn__mean,score_mono_q_full_pn__median,score_mono_q_full_pn__top_frac_mean_frac0p01,score_mono_q_full_pn__top_frac_mean_frac0p02,score_mono_q_full_pn__top_frac_mean_frac0p05,score_mono_q_full_pn__top_k_logsumexp_k10,score_mono_q_full_pn__top_k_logsumexp_k2,score_mono_q_full_pn__top_k_mean_k2,score_mono_q_full_pn__top_k_mean_k3,score_old_monoallelic__endpoint_local_epitope_second_hla_hybrid_v1,score_old_monoallelic__logmeanexp,score_old_monoallelic__logsumexp,score_old_monoallelic__max,score_old_monoallelic__mean,score_old_monoallelic__median,score_old_monoallelic__top_frac_mean_frac0p01,score_old_monoallelic__top_frac_mean_frac0p02,score_old_monoallelic__top_frac_mean_frac0p05,score_old_monoallelic__top_k_logsumexp_k10,score_old_monoallelic__top_k_logsumexp_k2,score_old_monoallelic__top_k_mean_k2,score_old_monoallelic__top_k_mean_k3
pdac.02526ff00ce7913d5e46a73b1908fcba417a725286f686d34ef7616a43d6bf70,-0.551260673610732,-5.552862,-0.023433222,-0.6712624,-9.431329,-9.431599,-1.6984799,-2.5322611,-3.9950972,-0.11216285,-0.39527038,-1.2443702,-1.6984799,-0.5502494808306044,-5.1544585,0.3749703,-0.6702521,-7.1091666,-7.0455213,-1.5861982,-2.10746,-2.9195766,0.14562461,-0.39418638,-1.2432071,-1.5861982,-0.5512301398056565,-5.378321,0.15110768,-0.67123234,-7.9557595,-7.801448,-1.6984532,-2.3746016,-3.424996,-0.031640515,-0.39524275,-1.2443452,-1.6984532,-0.08845966929924262,-3.7976966,1.7317324,-0.20845987,-5.190336,-5.2202516,-0.5781339,-0.8558213,-1.3387358,1.279424,0.2649865,-0.45929545,-0.5781339,-0.08642457698518471,-4.3113685,1.2180605,-0.20642473,-6.5390754,-6.323653,-0.8028634,-1.168869,-2.0748246,0.91688293,0.2280568,-0.51067865,-0.8028634
pdac.043d435fab18ab0663607571cded83fa3fedb7f18cf08337ccfd992e13a908d5,-0.5732628512904763,-5.4776373,1.1816567,-0.69327545,-10.011145,-10.016282,-1.2448754,-2.050189,-4.0109024,0.9803673,-0.12413153,-0.82607013,-0.93637687,-0.5692707752125507,-5.252013,1.407281,-0.6892839,-7.3368692,-7.2794724,-1.2287043,-1.9112551,-3.3105724,1.0018597,-0.11827607,-0.8199338,-0.932486,-0.5195043380873331,-5.204538,1.4547563,-0.6395137,-8.457148,-8.11001,-1.1208053,-1.718779,-3.2472887,1.0864604,-0.06408573,-0.765098,-0.8130513,-0.13053138719791318,-3.9833486,2.6759455,-0.25053203,-5.4181504,-5.2869673,-0.41884497,-0.78392524,-1.6416701,1.8055012,0.40756154,-0.2862224,-0.29917577,-0.08255310436971688,-4.138271,2.5210233,-0.20255354,-7.082854,-6.6162043,-0.38113543,-0.73144484,-1.7863011,1.8612057,0.43615168,-0.25856322,-0.27946636
pdac.04bb5719ad19c5e17e37f696df2388a57067fd69f7ac215cc3837be95302abf5,-0.9367427189894356,-6.12055,-0.59112144,-1.0567502,-9.3386345,-8.6517515,-2.9517393,-3.7465641,-4.848545,-0.8331715,-0.99598086,-2.4418159,-2.9517393,-0.9301598959936889,-5.689765,-0.16033614,-1.0501915,-7.289819,-6.9278927,-2.1452157,-3.1049147,-4.1801844,-0.46320555,-0.6632728,-1.4251173,-2.1452157,-1.0182259965089275,-5.9183593,-0.38893053,-1.1382662,-8.187677,-7.653535,-2.3999803,-3.2572374,-4.4065704,-0.682332,-0.90748924,-1.8126147,-2.3999803,-0.1726338771934816,-4.284833,1.2445958,-0.2926341,-5.377973,-5.164918,-0.7243369,-1.4595951,-2.4819481,0.73539793,0.24505745,-0.46243757,-0.7243369,-0.22389373712520017,-4.6255875,0.9038413,-0.34389395,-6.682981,-5.5387754,-1.1500899,-1.7395558,-2.793416,0.45321766,0.00024116017,-0.7887558,-1.1500899
pdac.054d7893a10c38a5509acb681e77504fe3009c307ddfb869c976c200a0c3b793,-1.478770383467797,-5.576011,-0.04658206,-1.6080143,-8.63309,-8.351236,-1.6373979,-2.2193499,-3.6709301,-0.21034068,-0.9364412,-1.6298263,-1.6373979,-1.4588857954643366,-5.4317813,0.09764771,-1.5868717,-6.7919993,-6.795534,-1.6125213,-2.205272,-3.6247025,-0.19132575,-0.90183634,-1.5950167,-1.6125213,-1.4764865092048822,-5.6252537,-0.09582479,-1.6045132,-7.645053,-7.263239,-1.7328281,-2.406674,-3.813973,-0.32750267,-0.9133223,-1.6064714,-1.7328281,-0.4022589081996001,-4.026108,1.5033212,-0.5222616,-4.8787956,-5.1124005,-0.53879917,-1.0165234,-2.0351355,0.9989126,0.16963159,-0.5235164,-0.53879917,-0.4043408823431581,-4.2513657,1.2780635,-0.52434343,-6.0368853,-5.2751217,-0.58603406,-1.1323695,-2.2159402,0.9224541,0.15612711,-0.53710145,-0.58603406
pdac.076594af48300bc1dde37a255ef0df93fd3839702e75c13a6bfcf8ca8b082cee,-0.49989085608187434,-5.8112655,-0.2818363,-0.6198911,-9.555869,-9.407869,-2.3641522,-3.8611984,-5.0029507,-0.43928957,-0.5337802,-1.8242686,-2.3641522,-0.5000961409418725,-5.617199,-0.087770164,-0.62009656,-7.0305886,-6.9951115,-2.3331566,-3.1922312,-4.4800625,-0.3607049,-0.53441364,-1.8270738,-2.3331566,-0.8075448325892337,-5.9359665,-0.40653762,-0.9275504,-8.293134,-7.721425,-2.6628666,-3.4770892,-4.5477843,-0.6547918,-0.8437505,-2.1461158,-2.6628666,-0.08924511543044344,-4.390454,1.1389751,-0.20924522,-5.1135006,-5.2323284,-1.0351598,-1.6058685,-2.9074647,0.55072194,0.13071764,-0.66130847,-1.0351598,-0.2038903705369638,-4.8229256,0.70650345,-0.32389057,-6.756746,-6.250931,-1.329178,-1.9660892,-3.137117,0.30095723,-0.110796496,-1.0426822,-1.329178
pdac.096519334e5a25772e08825ec3231dd0dcd769334fc61db3df846c9ea00863c0,-0.8638033323932779,-5.644124,-0.2147785,-0.9838262,-9.824565,-8.5698185,-1.9276088,-2.342152,-4.056203,-0.33500445,-0.7650293,-1.6879356,-1.9276088,-0.8640805432690566,-5.415807,0.013538677,-0.9841074,-6.960392,-6.90979,-1.8093119,-2.1867213,-3.7677295,-0.23751713,-0.7019328,-1.5445206,-1.8093119,-1.6553283236477725,-5.767713,-0.3383676,-1.800863,-8.457301,-7.5261984,-2.0364683,-2.3164525,-4.058465,-0.56481373,-1.198978,-1.8967116,-2.0364683,-0.13275408970290564,-4.0545063,1.3748393,-0.25275427,-5.0445533,-5.148552,-0.71555334,-0.99794996,-2.0492034,0.9227795,0.18825884,-0.54779595,-0.71555334,-0.717802421708663,-4.5219455,0.9074,-0.837827,-6.996931,-6.2361536,-0.9283129,-1.1207727,-2.6704445,0.6237169,-0.20241599,-0.89733255,-0.9283129
pdac.0adeb4ed1da7f796ec306c6d29a44f1211598d012a8de5d546d57b0e4e1753ff,-3.011142704527448,-7.6856537,-2.4281583,-3.5464191,-11.1987705,-10.530287,-4.16205,-5.046359,-5.8404284,-2.935388,-3.2902865,-4.16205,-4.729557,-2.508163594330684,-6.7675395,-1.510044,-3.181356,-7.5623975,-7.4261765,-3.2690759,-4.152182,-5.2670164,-2.2492883,-2.572086,-3.2690759,-3.7228892,-2.4355816280146465,-6.974642,-1.7171464,-3.0360603,-9.572978,-8.49219,-3.4251728,-4.072104,-5.2256417,-2.2328987,-2.6581578,-3.4251728,-3.6753144,-0.8809395208039198,-4.925738,0.33175758,-1.0009681,-5.656683,-5.5192766,-1.5510793,-2.5217354,-3.404554,-0.40730458,-0.71368825,-1.5510793,-2.126358,-1.63983290955637,-5.616155,-0.35865957,-1.7804148,-8.316803,-7.3950295,-1.9271809,-2.6760745,-3.824388,-0.83353215,-1.223302,-1.9271809,-2.2254531
pdac.133402df608bd3b31be59fe1dc9a322c75e0fbf5a35342361c09d838c830c494,-0.34820074523822214,-5.4902387,0.039190512,-0.46820092,-8.404708,-7.4543495,-2.0337782,-3.0646424,-4.199041,-0.14642195,-0.28181773,-1.2608569,-2.0337782,-0.349019585347463,-5.140239,0.38919017,-0.46902007,-6.749633,-6.931389,-1.5358726,-2.193153,-3.1887834,0.14118022,-0.28249583,-1.2612615,-1.5358726,-0.3735194777823226,-5.2677627,0.26166627,-0.49351993,-7.39417,-6.952011,-1.7675905,-2.4156394,-3.3553832,0.03376778,-0.3044371,-1.2782897,-1.7675905,-0.04791840270683492,-3.653697,1.8757321,-0.1679186,-4.8315015,-5.1811757,-0.4371527,-0.62788373,-1.2438542,1.4564253,0.38838154,-0.3156365,-0.4371527,-0.1842950933825131,-3.998957,1.530472,-0.30429554,-5.727865,-5.2794676,-0.71494347,-0.9117243,-1.5809047,1.1497184,0.12780045,-0.6119416,-0.71494347
pdac.162eb74d1e59c2ab6abf238bf941550d55ba74aad47a1c403208edc49640549d,-1.2393259561877432,-5.723132,-0.1937033,-1.3602686,-9.457164,-8.424175,-1.6414062,-2.7892747,-4.107669,-0.3374617,-0.6988859,-1.3925542,-1.6414062,-1.1731143621924107,-5.4422445,0.087184235,-1.2937685,-7.1781693,-7.002569,-1.5870559,-2.3253803,-3.5587342,-0.15121555,-0.62550575,-1.3189704,-1.5870559,-0.8381663852155867,-5.4125385,0.11689044,-0.9582013,-8.200706,-7.475975,-1.6022809,-2.2207437,-3.5667315,-0.069164775,-0.5811002,-1.348588,-1.6022809,-0.2908825021681042,-4.0401855,1.4892435,-0.41088358,-5.2638497,-5.241431,-0.66066617,-0.87144107,-1.8748738,1.0756767,0.16076428,-0.5407982,-0.66066617,-0.21748920286898743,-4.1104074,1.4190215,-0.33748984,-6.694538,-5.876339,-0.4686921,-0.7468806,-2.0266986,1.1655464,0.2834135,-0.4125479,-0.4686921
pdac.165f0d5575dd788688c3dde762f3c6e7afc7e28ac6a26dbb1c6d6e4e49d9554c,-3.298905135722217,-8.22607,-2.6966412,-4.4379697,-10.7820425,-10.714905,-4.876435,-5.3025794,-6.209439,-3.2470782,-3.9725206,-4.699478,-4.876435,-2.53977306056667,-7.0694494,-1.5400207,-3.0804656,-7.962167,-7.688983,-3.9813159,-4.635841,-5.5973654,-2.373555,-2.793568,-3.6313424,-3.9813159,-2.5641105569648297,-7.300294,-1.7708652,-3.6568244,-9.077527,-8.842243,-3.913393,-4.4987445,-5.529459,-2.4177463,-3.045869,-3.742699,-3.913393,-1.5003145708942274,-5.332928,0.19650075,-1.6259415,-6.0554466,-5.712261,-2.6034284,-3.1111102,-3.6877224,-0.81693536,-1.3697673,-2.2414804,-2.6034284,-2.084382574952222,-6.0602865,-0.5308574,-2.693888,-7.780174,-7.3063374,-2.900152,-3.2901154,-4.146351,-1.2558593,-2.091527,-2.7892106,-2.900152
pdac.16b3a359acc4b22f8ac570af8c3a5a3e81433f48ad36edf8a2d815ae14220757,-1.1015991606791165,-4.9250245,-0.6483584,-1.2217075,-9.730419,-8.732081,-1.2217075,-1.4238763,-3.5154064,-0.6728514,-0.7104307,-1.4238763,-2.8084438,-1.0548212537920723,-4.5338526,-0.25718623,-1.1749526,-6.6821766,-6.927,-1.1749526,-1.3694372,-2.1013994,-0.334579,-0.6574959,-1.3694372,-1.6152163,-0.9708057425913909,-4.6162596,-0.3395933,-1.0908622,-8.140384,-7.2955723,-1.0908622,-1.2298565,-2.4207203,-0.39100736,-0.5270805,-1.2298565,-1.8469046,-0.36193724662811905,-3.3258562,0.95081,-0.48193818,-4.751133,-5.166531,-0.48193818,-0.6136024,-0.83849263,0.7969956,0.08818761,-0.6136024,-0.68883026,-0.3055069696954182,-3.8126962,0.46396998,-0.42550737,-6.7603164,-6.1848936,-0.42550737,-0.5225592,-1.5053363,0.38136986,0.17529011,-0.5225592,-1.1101279
pdac.16fadfdf13061705e17cb1fb1d8e2e1576e0471d8214c843256e1eacb22aa3e7,-0.49121573037662736,-4.6781735,0.15810822,-0.6112174,-8.41098,-8.331205,-0.7219583,-1.3991203,-3.2900116,0.08970019,-0.022691844,-0.7219583,-1.3991203,-0.4927821985096862,-4.554762,0.28151995,-0.6127841,-7.2293625,-7.0272303,-0.7225965,-1.4001676,-2.711763,0.16846795,-0.023432013,-0.7225965,-1.4001676,-0.49619234367036025,-4.5986547,0.23762706,-0.61619425,-7.5570717,-7.238208,-0.72466433,-1.4025935,-2.7633264,0.14890748,-0.025645798,-0.72466433,-1.4025935,-0.1291877697901952,-3.7970324,1.0392495,-0.24918793,-6.01046,-5.2564335,-0.31200945,-0.51295507,-1.5931376,0.86378896,0.38310972,-0.31200945,-0.51295507,-0.11612023042974179,-3.996706,0.83957565,-0.23612036,-6.744052,-6.3505564,-0.30570772,-0.7431991,-1.9296994,0.7023913,0.38985872,-0.30570772,-0.7431991
pdac.179c3f1125e6ba3067c76ec44c01077987962c1f0b6f0133051e91de89f49e54,-2.2253175585648357,-6.973608,-1.4441788,-2.7552922,-9.540081,-8.958857,-3.3659782,-4.31453,-5.297441,-1.8468946,-2.1309745,-2.8266666,-3.3659782,-1.9226645836747327,-6.0916886,-0.56225973,-2.1572378,-7.073584,-6.9983735,-2.7152,-3.2613003,-4.2642126,-1.1301147,-1.6443338,-2.3573766,-2.7152,-1.6042448339012267,-6.03165,-0.50222105,-1.7363185,-8.040601,-7.4726977,-2.365491,-3.423636,-4.3334765,-0.87818533,-1.1418048,-1.840354,-2.365491,-0.8358056561613253,-4.3430314,1.1863977,-0.9558612,-5.1687107,-5.160265,-1.2472737,-1.5547336,-2.2874184,0.5007302,-0.45567408,-1.1719995,-1.2472737,-0.6796020013473514,-4.790566,0.73886317,-0.7996158,-6.6294775,-6.2324076,-1.4584157,-2.2000523,-2.8267767,0.22024506,-0.17937788,-0.87539345,-1.4584157
pdac.1877b0dee8892e81420c2e70e1550de39bf7e7d193b2659b6ef6720582dc9358,-5.0254977198336475,-8.540403,-4.263737,-5.409476,-12.128993,-11.205906,-5.409476,-5.608944,-6.2284155,-4.383321,-4.896034,-5.608944,-5.934683,-3.5399207665040544,-6.994039,-2.717373,-3.6918855,-8.792205,-8.048142,-3.6918855,-3.9199305,-5.1811996,-3.004559,-3.2010033,-3.9199305,-4.7385974,-3.6069241935020897,-7.158556,-2.88189,-3.830464,-10.348233,-9.491364,-3.830464,-4.0017376,-5.0700197,-3.0210006,-3.293994,-4.0017376,-4.614626,-1.6857005034337629,-5.1681566,-0.8914906,-1.8065773,-6.886655,-6.2715807,-1.8065773,-2.1005847,-3.456069,-1.1978467,-1.364826,-2.1005847,-2.9674873,-1.8191656768113451,-5.6844845,-1.4078183,-1.9431982,-9.205866,-8.66673,-1.9431982,-2.7380075,-3.7281132,-1.5269593,-1.7575461,-2.7380075,-3.2874303
pdac.18f154bb8e180df9f3fc17ae67f2f9a724414d2dbe4ad1494929bfc852ea2f35,-2.711516933933133,-7.5009894,-1.9715605,-3.3928719,-11.204921,-10.401562,-3.4651797,-4.307469,-5.7018476,-2.137071,-2.7009652,-3.394113,-3.4651797,-1.9994993043894858,-6.284528,-0.755099,-2.2952368,-8.298944,-8.123291,-2.5564306,-2.8757968,-4.5493517,-0.97925943,-1.7325546,-2.4355075,-2.5564306,-1.7997285348003014,-6.0315533,-0.5021241,-1.9695957,-9.455371,-8.747454,-2.0882843,-2.6119905,-4.28932,-0.6484756,-1.308369,-2.0020425,-2.0882843,-0.8671432215441112,-4.6257157,0.9037132,-0.9872123,-6.397768,-6.197708,-1.0727874,-1.3220646,-2.5685322,0.60557216,-0.34406352,-1.0385268,-1.0727874,-0.24539318787312203,-4.6656265,0.8638027,-0.36539343,-8.260013,-8.070966,-0.89699364,-1.3118029,-2.5849903,0.7115219,0.065752946,-0.674394,-0.89699364
pdac.1b2d057748c599042dde851bc1745b117a462d66f81a402feffb7064c7bd60e4,-1.2086729359825554,-6.438939,-0.90951014,-1.3287904,-10.735501,-10.178284,-2.71076,-4.0097837,-5.275354,-1.0204356,-1.1572074,-2.1666253,-2.71076,-1.208551925359243,-5.9940133,-0.46458417,-1.3288004,-7.353877,-7.315314,-2.3658354,-3.3855128,-4.41213,-0.8217265,-1.1152958,-2.046523,-2.3658354,-1.2084842270140665,-6.091445,-0.5620159,-1.3287904,-9.087906,-8.272295,-2.2668276,-3.3597877,-4.4296966,-0.77308244,-1.050918,-1.8980113,-2.2668276,-0.39813719180304763,-4.427908,1.1015208,-0.5181388,-5.446033,-5.45551,-0.9871382,-1.5903561,-2.404411,0.58708364,0.009327679,-0.7003243,-0.9871382,-0.3981271459776208,-4.7297883,0.7996408,-0.5181288,-7.7998385,-7.5102186,-0.9021726,-1.603897,-2.7092037,0.58961505,0.101848476,-0.59418845,-0.9021726
pdac.24aa0f27dfd195b62cb9bd876a0ee6262827a6c15627cc0d0f1d50eeafa6b720,-1.1237702662433353,-5.7091417,-0.17971282,-1.2439082,-9.284595,-8.960871,-1.7627909,-2.6571295,-4.034289,-0.3089275,-0.6312834,-1.3279586,-1.7627909,-0.9851583570285153,-5.3179727,0.21145615,-1.1052356,-7.0689955,-6.907894,-1.5789335,-2.220718,-3.3570433,-0.03601249,-0.47410542,-1.1693035,-1.5789335,-0.9298537185499282,-5.3690176,0.16041136,-1.0498965,-7.8796177,-7.466942,-1.5594639,-2.3100817,-3.3979053,-0.02938544,-0.41872156,-1.1139166,-1.5594639,-0.1540410457005722,-3.9164639,1.612965,-0.27404132,-5.1506867,-5.126093,-0.4363452,-0.95644116,-1.7777939,1.1219074,0.4062068,-0.28702468,-0.4363452,-0.09861193609061294,-4.231341,1.2980882,-0.21861206,-6.375443,-6.116277,-0.5841347,-1.1595222,-2.0756993,0.998235,0.45952928,-0.23373221,-0.5841347
pdac.24b8a24aeb6d98af506b0b12920242812f5e79e30cef5d068a2e661522a95a82,-0.26502215640818705,-5.5630383,-0.0336093,-0.38502222,-10.182285,-9.7173605,-1.9300085,-2.9610465,-4.3832374,-0.1055129,-0.24926792,-1.349154,-1.9300085,-0.26537408517386724,-5.16499,0.36443916,-0.38537428,-7.151177,-7.008603,-1.4577383,-2.3320458,-3.3147428,0.17950529,-0.08953341,-0.91855884,-1.4577383,-0.28639982979489403,-5.233229,0.29619962,-0.40640008,-8.647204,-7.9890175,-1.3440812,-2.284296,-3.4344475,0.1815346,-0.103502706,-0.9259464,-1.3440812,0.008784382867471463,-3.9396882,1.5897409,-0.111215696,-5.22747,-5.235387,-0.49386138,-0.91971225,-1.6310743,1.2063313,0.4251404,-0.28262615,-0.49386138,0.00255736668422904,-4.335914,1.1935148,-0.117442705,-7.273401,-6.668706,-0.56901926,-1.1765792,-2.0639315,0.96690893,0.3700103,-0.34991974,-0.56901926
pdac.252fdced64e6d5e8a785fec6915a1f7f4e351d2ed5a577b461e61293c9b860d4,-3.615869002174456,-7.663164,-2.6933506,-4.2906513,-10.531532,-9.864462,-4.7618904,-5.055295,-5.9045014,-3.3859756,-3.9615915,-4.7618904,-5.055295,-3.4385699716413187,-7.000901,-2.0310879,-4.2906513,-7.532331,-7.4183087,-4.73969,-4.9251432,-5.6657553,-3.2427948,-3.948941,-4.73969,-4.9251432,-3.41895830449933,-7.295626,-2.3258128,-4.2906513,-8.986677,-8.219744,-4.73969,-4.9946384,-5.61045,-3.2274294,-3.948941,-4.73969,-4.9946384,-2.2078651529922606,-5.1879663,-0.21815309,-2.934656,-5.626528,-5.219179,-3.2530947,-3.4356315,-3.8672514,-1.5552166,-2.51008,-3.2530947,-3.4356315,-2.257470198837957,-5.889471,-0.91965777,-2.934656,-7.6330404,-7.0193806,-3.2852218,-3.4570496,-4.1697984,-1.7892652,-2.5318453,-3.2852218,-3.4570496
pdac.25fe299b43a8fa1e9497003ed61b13fd6b904ac756a00dcaf6057b080e9be611,-0.9742176822221519,-5.5054727,0.023956433,-1.0943097,-7.941861,-7.645359,-2.0254447,-2.5586255,-3.247391,-0.2922642,-0.8518412,-1.74091,-2.0254447,-1.121894612337754,-5.2202597,0.3091695,-1.2423325,-6.5181413,-6.68087,-1.9438642,-2.3872025,-2.9639196,-0.20086083,-0.9238775,-1.7327448,-1.9438642,-1.7800731799869127,-5.387395,0.14203419,-2.009133,-7.0579996,-6.914069,-2.0970738,-2.3947792,-3.030423,-0.34154332,-1.378699,-2.073945,-2.0970738,-0.3457373881477089,-3.5431626,1.9862664,-0.46573958,-4.610995,-5.063258,-0.6148263,-0.83678406,-1.2707586,1.2785449,0.19969814,-0.4938439,-0.6148263,-0.34673655948076426,-3.7576804,1.7717485,-0.46673864,-5.397917,-5.207617,-0.73905927,-0.919508,-1.3908155,1.1839283,0.0460762,-0.6669884,-0.73905927
pdac.264e8c1796c30faf450dc04c448542ca27b0cc5994c170153ac8efaa0dd4a1b3,-1.891915942543402,-6.4299808,-0.9005519,-2.0944831,-9.492801,-9.12319,-2.5040715,-3.1641722,-4.6498804,-1.0408655,-1.5378299,-2.2417874,-2.5040715,-1.6837773396366735,-5.7813153,-0.25188622,-1.8292735,-7.621506,-7.4189014,-2.0552866,-2.5405366,-3.7537186,-0.5109136,-1.2847065,-1.9908509,-2.0552866,-1.7606746380559635,-5.7700577,-0.24062888,-1.9362295,-8.0215025,-7.612469,-2.1126645,-2.4560866,-3.6636708,-0.46735,-1.3554907,-2.0557652,-2.1126645,-0.2917108071581461,-3.991775,1.5376539,-0.4117117,-5.724063,-5.457997,-0.475361,-0.776716,-1.7885493,1.2311112,0.24128821,-0.4526987,-0.475361,-0.2918906971360863,-4.029254,1.5001752,-0.41189167,-6.6352835,-6.2823915,-0.48667496,-0.7098414,-1.8330741,1.2801797,0.23861256,-0.45548448,-0.48667496
pdac.27218b74e0934e6bd6389ac32eddc7ab85327bec201a814848adff3ab20f9d2e,-3.2015638416697327,-7.707123,-2.177694,-5.551342,-9.53001,-8.611862,-5.6170316,-5.7757945,-6.089082,-3.6291668,-4.8620214,-5.555176,-5.6170316,-2.1650640459831867,-6.504716,-0.9752871,-2.477463,-7.0487065,-6.9508867,-3.8790731,-4.458761,-4.9720817,-1.9375931,-2.3566213,-3.5035853,-3.8790731,-2.5537212712003954,-6.9017925,-1.3723638,-3.4823294,-8.084216,-7.16949,-4.3148484,-4.7807455,-5.329849,-2.5342815,-3.1919441,-4.026251,-4.3148484,-0.5110676878287292,-4.622688,0.906741,-0.6310696,-5.1442823,-5.17029,-1.7803874,-2.3185925,-2.9477725,0.04330943,-0.43869168,-1.4063511,-1.7803874,-1.8224724403017563,-5.5042267,0.025202079,-2.0305586,-6.630329,-5.9656987,-3.039055,-3.4213233,-3.8631177,-1.1223173,-1.8148941,-2.7426894,-3.039055
pdac.27594feac8648de107f3b0293e666c14cb397843a878c10e4c146b7e13b6744a,-0.2626569290874256,-4.6962986,0.8331304,-0.38265753,-8.836024,-9.135788,-0.6076404,-1.4336303,-3.0445733,0.76463825,0.2943465,-0.3989331,-0.6076404,-0.26274762202089424,-4.578663,0.95076615,-0.38274828,-6.9242845,-6.967924,-0.58758813,-1.3071464,-2.7656658,0.8333118,0.2945364,-0.39873862,-0.58758813,-0.30399906708573826,-4.647934,0.8814952,-0.42399997,-7.707502,-7.6258855,-0.6228535,-1.3310518,-2.839381,0.7948806,0.23133464,-0.46255562,-0.6228535,0.007650520224385032,-3.5390205,1.9904085,-0.112349615,-4.975082,-5.196,-0.16676751,-0.4187783,-1.1595907,1.6070693,0.5709119,-0.12228462,-0.16676751,-0.017352157453023404,-3.7236552,1.8057739,-0.13735232,-6.129757,-5.4480906,-0.17394699,-0.42450917,-1.2870754,1.5648755,0.54926085,-0.14390779,-0.17394699
pdac.28277ae2e765ae3538834d762c6272db8cc700507f73665fb09e959c7d5b286f,-0.40234001789373863,-4.981783,1.677511,-0.52234423,-10.477761,-10.543674,-0.8524836,-1.3751596,-3.3775258,1.384873,0.114469916,-0.5803592,-0.601961,-0.40232993911781834,-4.82796,1.8313344,-0.52233434,-7.639782,-7.3150506,-0.8142297,-1.2829072,-2.9762475,1.4330143,0.11468248,-0.58013415,-0.601811,-0.4023396633254911,-4.81782,1.8414742,-0.52234423,-8.912464,-8.695412,-0.80824727,-1.1795554,-3.0395782,1.4535797,0.11433755,-0.5804997,-0.6020547,-0.02310011304140358,-3.7743597,2.8849344,-0.14310041,-5.7061896,-5.230672,-0.21076342,-0.4744308,-1.530764,2.064927,0.542625,-0.1505499,-0.15362172,-0.02327045003937339,-4.0051346,2.6541598,-0.14327075,-7.553435,-7.514203,-0.22620244,-0.49069676,-1.8221607,2.0275574,0.542708,-0.1504651,-0.15326151
pdac.284a3118a874b2474687541b6ffb63774185c6df1ae0431a0356d23309a008a1,-1.6764500131342528,-6.006768,-0.47733942,-1.825498,-8.885742,-8.56016,-2.370326,-3.0481243,-3.857086,-0.8412473,-1.3822671,-2.1174364,-2.370326,-1.669115602916337,-5.595025,-0.065596014,-1.8224022,-6.682702,-6.700921,-2.288067,-2.896701,-3.4982455,-0.6943973,-1.3759596,-2.1098685,-2.288067,-1.543100461805658,-5.710012,-0.18058288,-1.6750171,-7.6819186,-7.3949213,-2.2443955,-2.7976272,-3.5475862,-0.6390079,-1.2690396,-2.0208225,-2.2443955,-0.549002337447655,-3.7964082,1.7330209,-0.66901255,-4.7785463,-5.0856323,-0.7945576,-1.0354942,-1.6277673,1.0062175,0.0054506483,-0.68787444,-0.7945576,-0.4441461302127121,-4.080161,1.449268,-0.56415033,-6.1242294,-5.4196825,-0.7430179,-1.1455045,-1.8648252,0.92136526,0.06586414,-0.629411,-0.7430179
pdac.29978afff8304eaf78b47215c5d4907181ea739e4584f201b0348a015532d0ce,-0.7327191361624911,-5.802133,-0.27270424,-0.8527224,-10.167194,-9.948894,-1.87702,-2.8623009,-4.205232,-0.34690252,-0.63008404,-1.5471338,-1.87702,-0.7329560489083384,-5.5763717,-0.04694264,-0.85296094,-7.748637,-7.80229,-1.7577046,-2.6497352,-3.6349676,-0.21579173,-0.6173574,-1.5157065,-1.7577046,-0.7397081184771636,-5.561727,-0.032298148,-0.8597154,-8.547117,-8.308785,-1.7575837,-2.53946,-3.5981634,-0.16397715,-0.6196392,-1.5118958,-1.7575837,-0.17407639229475264,-4.3518147,1.1776142,-0.2940766,-5.8301063,-5.956175,-0.7801342,-1.3854599,-2.1346595,0.80974853,0.106121704,-0.64859235,-0.7801342,-0.17806097793018133,-4.6039762,0.92545277,-0.29806116,-7.2479415,-7.090394,-0.8020586,-1.4749824,-2.4413676,0.7145583,0.08927708,-0.6723333,-0.8020586
pdac.2b00228b3f8af8181973e9be2f224d7d14327dbdb7486c2e0411e7b2c9856d49,-3.6683245500266275,-7.8588886,-3.0226066,-5.179452,-9.761578,-8.620767,-5.2369404,-5.365912,-6.1236753,-3.810603,-4.5421414,-5.2369404,-5.365912,-3.166250305835134,-7.115499,-2.2792172,-4.7833276,-7.886663,-7.4348183,-4.843026,-4.902726,-5.607626,-3.3241265,-4.148098,-4.843026,-4.902726,-2.9560876697890794,-7.088428,-2.2521462,-4.5868707,-8.631695,-7.595069,-4.618417,-4.756758,-5.4156713,-3.1316617,-3.924772,-4.618417,-4.756758,-2.462734763236214,-6.0037518,-1.16747,-3.9017262,-6.673432,-6.1528673,-4.0069795,-4.078424,-4.475517,-2.3056715,-3.3083034,-4.0069795,-4.078424,-2.6131450672302456,-6.578472,-1.7421902,-4.4663677,-8.0476265,-7.1707788,-4.511425,-4.541382,-4.752228,-2.6197371,-3.817263,-4.511425,-4.541382
pdac.2b0fee8a3e2a842875a3e6099a4f4d477dae44637ea10d12c3f49c9cb02359ee,-4.985628594679959,-8.943289,-4.1070065,-5.9329596,-11.387205,-11.293819,-6.255268,-6.439191,-6.8690386,-4.6331205,-5.5110545,-6.255268,-6.439191,-4.357668806259303,-8.1855545,-3.3492723,-5.4965596,-9.956735,-10.106993,-5.737328,-5.9377275,-6.3386827,-4.1048913,-5.015472,-5.737328,-5.9377275,-4.256746643210522,-8.181781,-3.3454988,-5.432799,-10.2251005,-10.265715,-5.7630234,-5.940501,-6.2728453,-4.065907,-5.016315,-5.7630234,-5.940501,-3.4346100998341713,-7.0709686,-2.2346869,-4.8078847,-8.745119,-8.861528,-4.922175,-5.043077,-5.3146772,-3.0810869,-4.222511,-4.922175,-5.043077,-3.874225279864436,-7.6602526,-2.8239706,-5.363497,-9.804992,-9.926313,-5.368305,-5.4771047,-5.8055496,-3.5762157,-4.6751466,-5.368305,-5.4771047
pdac.2bf67023059af2135fe4444e0b8b96e4daaeae0fb51f4a562a5553fa731620d9,-1.3156736413263899,-5.8843656,-1.0968739,-1.3156998,-9.545839,-9.399927,-2.7093415,-3.479815,-4.616208,-1.1789539,-1.2559336,-2.7093415,-3.479815,-1.1956905304202068,-5.639819,-0.85232735,-1.3157299,-6.9537926,-6.8503075,-2.7093716,-3.368249,-4.2432094,-1.1312451,-1.2559637,-2.7093716,-3.368249,-1.1998390543688275,-5.77708,-0.9895883,-1.3198732,-8.0939665,-7.844564,-2.713515,-3.487752,-4.4504232,-1.1628369,-1.260107,-2.713515,-3.487752,-0.3975680262350475,-4.2732525,0.51423955,-0.5175685,-5.0403504,-5.1025963,-1.3582115,-1.7067444,-2.4878662,0.0077855377,-0.34686884,-1.3582115,-1.7067444,-0.39823929398725555,-4.7343884,0.05310346,-0.5182395,-6.6726913,-6.4075055,-1.6390787,-2.2106202,-3.0429363,-0.22964202,-0.4172365,-1.6390787,-2.2106202
pdac.2cb400fd9d05db31218d6842dedaaa234ee697db84bb6c7346fdcd8c3ab9cd16,-2.8918972376883887,-6.995062,-2.1587799,-4.8952584,-8.93619,-8.476812,-4.9258175,-5.0222507,-5.245472,-3.023693,-4.232203,-4.9258175,-5.0222507,-2.4980369837252185,-6.2414966,-1.4052147,-3.4210958,-7.5514765,-7.0100327,-3.5139508,-3.6539164,-4.4685893,-2.155185,-2.816499,-3.5139508,-3.6539164,-2.6278184912832447,-6.510977,-1.6746949,-3.9252143,-7.972037,-7.3073874,-4.136096,-4.230625,-4.760393,-2.5296173,-3.4208763,-4.136096,-4.230625,-1.5371914094705432,-4.951188,-0.114906445,-1.66522,-6.3396206,-5.685896,-1.8998094,-2.1222813,-3.2084982,-0.7067398,-1.1793948,-1.8998094,-2.1222813,-2.0960813670267866,-5.637584,-0.8013025,-2.5391252,-7.219028,-6.181262,-3.165144,-3.3754532,-3.9044452,-1.5901927,-2.2876496,-3.165144,-3.3754532
pdac.2cd9a0b70388149c46c546a2b3afd02692abe686a0665015ba2048df7f005ff6,-1.9623765348055855,-6.3141856,-0.78475654,-2.2229128,-9.058295,-8.17741,-2.510481,-3.2732937,-4.6923037,-1.1225309,-1.6088221,-2.3053646,-2.510481,-1.6328433554457318,-5.767156,-0.23772709,-1.7700006,-6.8952856,-6.8310843,-2.043724,-2.7974494,-4.2254124,-0.6462877,-1.1262333,-1.8206632,-2.043724,-1.6320938701005918,-5.8707037,-0.3412747,-1.7686771,-7.9412537,-7.070673,-2.045905,-2.8633738,-4.278826,-0.6641382,-1.1263297,-1.8208365,-2.045905,-0.15612419152893536,-4.018982,1.5104468,-0.27612448,-4.992158,-5.0381374,-0.52034956,-1.0055168,-2.240004,1.0217763,0.38275534,-0.31099987,-0.52034956,-0.1540395536540618,-4.235135,1.294294,-0.2740398,-6.4057875,-5.281852,-0.5195457,-1.1991335,-2.4237933,0.94108707,0.38288704,-0.31094083,-0.5195457
pdac.2cfce31fc34bc6a765b001019c497ae8419584c5d2295f9ecc36aec225088139,-1.789273664704314,-6.3940105,-0.86458147,-1.961357,-10.636548,-11.251009,-2.476093,-3.371763,-4.6396255,-1.0617266,-1.4364864,-2.146715,-2.476093,-1.7214876432061397,-5.9981256,-0.46869648,-1.8786836,-7.0553775,-6.996642,-2.3217442,-3.15521,-4.317259,-0.89442116,-1.3812649,-2.0983465,-2.3217442,-1.5307587734708852,-6.0945444,-0.5651155,-1.6583252,-9.10178,-9.291685,-2.2426777,-3.0580177,-4.3873982,-0.797627,-1.2340058,-1.9771343,-2.2426777,-0.6309719371624831,-4.4572086,1.0722204,-0.7509846,-5.146209,-5.212486,-0.9619576,-1.6670036,-2.818229,0.45726725,-0.14890848,-0.846622,-0.9619576,-0.6280704530518925,-4.824405,0.70502365,-0.7480825,-7.7331524,-7.415204,-0.9052692,-1.7429131,-3.0806503,0.46017966,-0.079349816,-0.7728025,-0.9052692
pdac.2d00147f7452ccd89699c8813ba9bd94f9014312b530b0bbe405335134bbc46f,-3.3959939432385293,-7.5523605,-2.7160785,-5.245324,-9.016276,-8.528089,-5.29006,-5.3485303,-5.64263,-3.4721804,-4.5959125,-5.29006,-5.3485303,-2.875266927646572,-6.803285,-1.9670035,-4.418339,-7.5837755,-7.4049892,-4.7560844,-4.8823333,-5.116684,-2.86397,-4.0069537,-4.7560844,-4.8823333,-2.655149745197497,-6.7296944,-1.8934128,-3.81314,-7.921203,-7.4396095,-4.186739,-4.3921037,-4.848754,-2.6196554,-3.4253693,-4.186739,-4.3921037,-2.1340524597766315,-5.6176424,-0.78136075,-2.653685,-6.371078,-6.1668997,-3.2194345,-3.4897838,-4.0439506,-1.6858689,-2.3741238,-3.2194345,-3.4897838,-2.0532313992034554,-6.0096054,-1.1733239,-2.3462226,-7.353915,-7.121633,-3.214178,-3.651044,-4.2771845,-1.7325315,-2.1839,-3.214178,-3.651044
pdac.2d0635a5cfa725ae5d5bfd02a599c657321a8febbdd5f67423d573c25a33e737,-2.6609234514897726,-6.840257,-2.0039754,-4.174785,-8.330225,-7.9997873,-4.4308834,-4.518288,-4.9905787,-2.7760608,-3.7052956,-4.4308834,-4.518288,-2.513261098822638,-6.2784357,-1.4421537,-3.9188828,-6.768643,-6.584812,-4.189643,-4.33864,-4.734649,-2.5294294,-3.4602795,-4.189643,-4.33864,-2.3785537466406526,-6.330675,-1.4943933,-3.3798373,-7.3544793,-7.1122656,-3.9269233,-4.132326,-4.6207724,-2.3363464,-3.0910432,-3.9269233,-4.132326,-2.068057094161312,-5.1206594,-0.28437737,-2.6272516,-5.5556717,-5.352377,-2.7948148,-2.993817,-3.6072154,-1.3349172,-2.0876942,-2.7948148,-2.993817,-2.1471950852252863,-5.668006,-0.8317244,-2.8380537,-6.6277385,-6.2935452,-3.2609,-3.5119991,-3.9784951,-1.6938132,-2.480897,-3.2609,-3.5119991
pdac.2d87f214b025fbfe9711d8c0dbc826947a556e64500e9d60481f37fb917bfe46,-2.2619721618692648,-6.733651,-1.2042222,-3.10564,-9.8435955,-10.40284,-3.4973745,-3.8134885,-4.40198,-1.6986543,-2.6045554,-3.3206391,-3.4973745,-2.2078651118007917,-6.15812,-0.6286911,-3.0623837,-6.919382,-6.836335,-3.1737473,-3.6077607,-4.1465573,-1.4878937,-2.390552,-3.0839314,-3.1737473,-2.195931774773534,-6.3654394,-0.8360104,-3.0621238,-8.474187,-8.610987,-3.1573672,-3.4741955,-4.0942388,-1.4009651,-2.3904932,-3.0838768,-3.1573672,-0.7964626234705473,-4.2984314,1.2309978,-0.9165173,-5.014701,-5.0978417,-1.2860394,-1.8439784,-2.3775287,0.36219835,-0.31082445,-1.0081655,-1.2860394,-0.7959622272635671,-4.6222243,0.9072046,-0.9160173,-7.067417,-7.045985,-1.2859529,-1.7392867,-2.3704722,0.40976164,-0.31010157,-1.0074202,-1.2859529
pdac.2dea592d1612fe5af93000c94be57258e2efcc3c418115abd075714be05dfc3b,-2.513574358829852,-6.6999054,-1.8636237,-3.0894675,-8.40472,-7.795618,-3.8645928,-4.281013,-5.07918,-2.4926157,-2.897035,-3.8645928,-4.281013,-2.305112531127164,-6.148619,-1.3123375,-3.0021152,-7.1989155,-6.7163095,-3.046369,-3.6927938,-4.6250834,-2.0210965,-2.352243,-3.046369,-3.6927938,-2.283079081916021,-6.2022057,-1.3659239,-2.9282572,-7.4553747,-6.9370675,-3.0815306,-3.7132788,-4.683115,-2.0497499,-2.3766828,-3.0815306,-3.7132788,-1.3311938881752776,-4.8881874,-0.051905394,-1.4528617,-5.9873843,-5.5940533,-1.7479701,-2.3246217,-3.1219184,-0.62389076,-1.0118963,-1.7479701,-2.3246217,-1.7707864407934286,-5.2849164,-0.44863462,-1.9438964,-6.736249,-6.1469393,-1.9767015,-2.5944011,-3.4972525,-0.9477985,-1.2830164,-1.9767015,-2.5944011
pdac.2ee3b0baf6e555d94c6f7f463efc407dabc56079963a49ea26b2796ea77f8e60,-1.339121752441835,-5.6256523,-0.09622325,-1.4617828,-9.185793,-9.03266,-1.5969536,-2.497756,-3.521492,-0.25362104,-0.83179194,-1.5270687,-1.5969536,-1.3532268706841384,-5.3875866,0.1418424,-1.4762548,-6.8109436,-6.90771,-1.5971063,-2.366947,-3.2991366,-0.16328116,-0.8328486,-1.527298,-1.5971063,-1.3452418819377603,-5.468364,0.06106528,-1.4681115,-7.8973107,-7.504979,-1.5923735,-2.3546393,-3.2730272,-0.1570189,-0.8256623,-1.5201635,-1.5923735,-0.34166774355269725,-3.8421779,1.6872511,-0.46166933,-4.9008827,-5.1474657,-0.49244934,-0.8226442,-1.7349777,1.1976824,0.22807027,-0.46508273,-0.49244934,-0.33594591500966403,-4.0505447,1.4788841,-0.4559474,-6.3878922,-5.9329157,-0.5503369,-0.8432709,-1.7384298,1.1813867,0.23513617,-0.45801315,-0.5503369
pdac.2fdfa0fc51b8a91512ef15c7bd83f62590f6efe65e55e8941597c634358e83c9,-0.8635627556852644,-5.4182777,0.11115118,-0.9835949,-10.736506,-10.226124,-1.2301731,-2.2631903,-4.1275306,0.06751907,-0.31982562,-1.0134175,-1.2301731,-0.8947862605603415,-5.2920127,0.2374163,-1.0148349,-8.144128,-7.9900265,-1.2770014,-1.9278343,-3.6624706,0.13560542,-0.37475988,-1.0693947,-1.2770014,-0.8634231365012645,-5.108162,0.4212668,-0.9834795,-9.14229,-8.651028,-1.2301025,-1.5834763,-3.3430684,0.34715882,-0.31978095,-1.0133749,-1.2301025,-0.12864402029849326,-4.0664635,1.4629653,-0.24864419,-6.220619,-6.1855,-0.31349903,-0.77337736,-2.0449734,1.2506143,0.42683253,-0.2664736,-0.31349903,-0.077583213628031,-4.0038123,1.5256166,-0.19758336,-7.76286,-7.2343874,-0.2520346,-0.50028735,-2.0580127,1.3986611,0.49446833,-0.19867946,-0.2520346
pdac.30a46328c3e67022ef389cd616bd9a653c363d2146fe2fa3b096168d735a3ba7,-7.610776039218145,-10.514415,-6.2377486,-8.522331,-11.6817875,-11.082342,-8.522331,-8.787197,-8.971056,-6.9274807,-8.059375,-8.787197,-8.878924,-6.354032946229281,-8.797174,-4.520509,-7.4488797,-9.494015,-8.814299,-7.4488797,-7.524954,-7.6493397,-5.581374,-6.8289156,-7.524954,-7.5529304,-5.763954653534555,-8.759596,-4.482929,-6.9081407,-9.866009,-9.401836,-6.9081407,-6.9742336,-7.1797523,-5.157007,-6.2789035,-6.9742336,-7.0835066,-4.392967110543191,-6.934375,-2.657709,-5.7165284,-7.587965,-6.9046574,-5.7165284,-5.769192,-5.8969054,-3.7595067,-5.074659,-5.769192,-5.8356385,-3.666341295757822,-7.1670656,-2.8903992,-4.975109,-8.681617,-8.385801,-4.975109,-5.075285,-5.2251225,-3.241823,-4.3771286,-5.075285,-5.1745358
pdac.310d82f869702400acfd47fcca966f5c19ab4dc93279952e53216439736bf2e7,-0.4815268178757063,-4.8253384,0.7040905,-0.6015304,-8.428053,-7.4173756,-0.8151609,-1.3794748,-3.2726562,0.6069674,-0.027461322,-0.7286689,-0.8151609,-0.4804187001020852,-4.7650127,0.76441616,-0.6004222,-6.6656365,-6.845345,-0.81528425,-1.3934132,-3.169419,0.60245687,-0.027154442,-0.72847855,-0.81528425,-0.5092972491222301,-4.9089475,0.6204814,-0.62930113,-7.375156,-6.9098716,-0.9602499,-1.5383377,-3.3143299,0.47444054,-0.11085018,-0.822556,-0.9602499,-0.06838644875286365,-3.7204008,1.8090281,-0.18838666,-4.7285247,-5.038067,-0.29016018,-0.5870522,-1.6886027,1.3717691,0.43686333,-0.25875786,-0.29016018,-0.07545771008281091,-3.9763227,1.5531062,-0.19545792,-5.717719,-5.275079,-0.39808878,-0.68420154,-2.0584533,1.2511481,0.41963115,-0.27682248,-0.39808878
pdac.32445f80521cd448ead111e8863dc2ecc3c88bad87b6bce1d3c03b582dd31a48,-3.7589172946181524,-8.567693,-3.038264,-5.0069494,-12.818543,-13.203981,-5.482393,-5.817865,-6.231013,-3.664706,-4.588709,-5.3345995,-5.482393,-3.5775795342394243,-7.46049,-1.9310614,-4.978443,-8.786304,-8.844305,-5.1198645,-5.4002056,-5.8655334,-3.295222,-4.2863994,-4.9795475,-5.1198645,-3.5184074263545533,-8.102931,-2.5735018,-4.955833,-11.084433,-11.222797,-5.218391,-5.5933094,-6.0197244,-3.4374473,-4.266931,-4.9600873,-5.218391,-2.174511801361745,-5.5652213,-0.035792574,-2.8553236,-6.8811865,-7.090657,-3.0120041,-3.3990602,-3.9126997,-1.279435,-2.195665,-2.8893924,-3.0120041,-2.296734736388048,-6.5894175,-1.0599887,-3.233455,-9.958675,-9.967876,-3.527165,-3.906738,-4.328564,-1.7444371,-2.5962532,-3.2910585,-3.527165
pdac.331ab281b6c4b9562371d4b77a7fe077dff6095d6adb87be723532e00f3dcfc0,-0.882575513854503,-6.0605006,-0.5310718,-1.0025806,-8.868319,-8.458356,-3.0866516,-3.7830474,-4.6383624,-0.77846074,-0.95952886,-2.5644553,-3.0866516,-0.8811227299326369,-5.704582,-0.17515308,-1.0011324,-6.9228354,-6.8692884,-2.4565582,-3.156379,-4.096905,-0.58861053,-0.88839984,-2.0640533,-2.4565582,-0.9397936354347368,-5.861872,-0.33244315,-1.0598106,-7.723201,-7.47183,-2.4918988,-3.355722,-4.2666135,-0.68490666,-0.9415393,-2.0973382,-2.4918988,-0.19627329460917564,-4.1175323,1.4118968,-0.31627354,-5.0120964,-5.096365,-0.81551576,-1.162443,-2.22603,0.8477187,0.10647384,-0.63735926,-0.81551576,-0.21431770870416356,-4.397732,1.1316972,-0.33431798,-6.162951,-5.4984455,-0.8583117,-1.4586172,-2.511937,0.6774463,0.05827084,-0.7004602,-0.8583117
pdac.33d55d513560d3a4d2a0a2e33473316271877656187181cdba6e09f652728359,-0.5079787753431684,-5.142146,0.38728294,-0.62798154,-9.557501,-8.513242,-1.0795798,-2.0782752,-3.274679,0.30209303,-0.09900176,-0.8083231,-1.0795798,-0.5076091036398882,-4.801961,0.7274682,-0.6276128,-6.8080006,-6.902429,-1.0004228,-1.6596041,-2.6109202,0.52049476,-0.09822235,-0.80745465,-1.0004228,-0.4909381955161217,-4.8478174,0.68161166,-0.61094147,-8.1145935,-7.17251,-0.971442,-1.6224309,-2.7311406,0.53386027,-0.08875221,-0.79958874,-0.971442,-0.08543439610550013,-3.4300554,2.0993736,-0.20543468,-4.88648,-5.160186,-0.26251686,-0.49947217,-0.8633688,1.6393944,0.47235462,-0.22091234,-0.26251686,-0.04225384294727508,-3.6805496,1.8488795,-0.16225404,-6.6379747,-5.881051,-0.22935,-0.4700396,-1.2278208,1.6081967,0.51977205,-0.17343768,-0.22935
pdac.34aa8ed455f3e5e68ade18e0bc6051d56e9de8fbe213a5592331f3daf21928ba,-1.4303496732619458,-6.8341527,-1.3047236,-1.5154005,-10.0464945,-9.923065,-4.787648,-5.6256523,-6.1735454,-1.456076,-1.5079807,-3.965344,-4.787648,-1.3950498944737402,-6.4603987,-0.9309695,-1.5152423,-7.7769103,-7.5196476,-3.6218796,-4.73404,-5.672051,-1.3650258,-1.4683456,-3.0333762,-3.6218796,-1.4209738075941591,-6.580133,-1.050704,-1.5412421,-8.488462,-8.124744,-3.92156,-4.7523336,-5.7015386,-1.4098635,-1.5049045,-3.1895804,-3.92156,-0.5122264530283016,-4.9435935,0.58583546,-0.6322277,-5.8687415,-5.5254974,-1.6763086,-2.5777078,-3.6508858,-0.07137079,-0.4209135,-1.3556737,-1.6763086,-0.5152598298748968,-5.3304977,0.19893126,-0.63526064,-7.1079545,-6.7923927,-2.1322017,-3.0155587,-3.9935226,-0.29991788,-0.52655745,-1.7174057,-2.1322017
pdac.3554937c5dfbc16653dea671320f9deeb86e506fa11f7bda14865426783a748f,-3.282527008168957,-7.988353,-2.4589236,-4.438945,-10.390125,-10.10553,-5.0685143,-5.612017,-6.142623,-3.3581152,-3.9290428,-4.6428328,-5.0685143,-2.8267145078154883,-6.8195105,-1.2900814,-3.8100448,-7.359823,-7.211054,-4.1078653,-4.646376,-5.3280993,-2.5234368,-3.2406373,-3.9425359,-4.1078653,-2.874321501198814,-7.234812,-1.705383,-4.121125,-8.802304,-8.311991,-4.468613,-5.0352235,-5.546971,-2.848263,-3.5737367,-4.2793493,-4.468613,-1.3122696342920959,-4.8200283,0.7094008,-1.434041,-5.455548,-5.238394,-1.892253,-2.4302983,-3.0875628,-0.24225298,-0.83939457,-1.5379283,-1.892253,-1.8141843181082722,-5.6951833,-0.16575423,-2.0067859,-7.4513855,-6.816091,-2.6151958,-3.237074,-3.8766956,-1.0017294,-1.603064,-2.3559787,-2.6151958
pdac.3668add4253b2a2f4df4b2d1fefa5056d10dc7780c4d5659c6dbdd7256d3969c,-1.5376214426134944,-6.3383603,-0.80893147,-1.6624656,-9.9673815,-9.265351,-2.7113085,-3.5021195,-4.590628,-1.0532532,-1.3615888,-2.1858892,-2.7113085,-1.5213449362050344,-6.0578766,-0.52844745,-1.6460409,-7.115394,-7.0060215,-2.6259837,-3.4227357,-4.54182,-1.0023988,-1.3172166,-2.1177,-2.6259837,-1.4007977951671475,-6.1451,-0.615671,-1.5224308,-8.547516,-7.8457127,-2.6035724,-3.403675,-4.538832,-0.94120073,-1.2341517,-2.070544,-2.6035724,-0.655865743446264,-4.586923,0.942506,-0.7758765,-5.204829,-5.1087074,-1.501752,-2.1865194,-2.983759,0.10405011,-0.34780192,-1.0892749,-1.501752,-0.5456032234597772,-4.978768,0.55066097,-0.6656069,-7.1657124,-6.6202154,-1.4933966,-2.184776,-3.197516,0.119817175,-0.28854585,-1.0560572,-1.4933966
pdac.3976a8b759ba47b2d8345696006198343a079dac7efb2bffb40ab065a5e620f1,-0.6362890222884395,-5.0826507,0.44677845,-0.75629926,-9.104973,-8.989719,-1.0209894,-1.9478769,-3.0473342,0.32689372,-0.16252303,-0.86115783,-1.0209894,-0.6368827082829114,-4.743508,0.78592104,-0.7568966,-6.8071766,-6.871334,-1.0214093,-1.5247691,-2.344568,0.5709036,-0.16285737,-0.8614615,-1.0214093,-0.8362533351496073,-4.7991905,0.73023856,-0.95633024,-7.7850604,-7.61064,-1.1341984,-1.5201348,-2.3444488,0.5573316,-0.26889148,-0.9620551,-1.1341984,-0.12168144438599116,-3.479729,2.0497,-0.24168186,-4.878776,-5.1038084,-0.32458425,-0.4241779,-1.0204016,1.6206127,0.40351892,-0.29083586,-0.32458425,-0.21953862877654218,-3.7352529,1.7941762,-0.33953947,-6.2772894,-5.737519,-0.44674295,-0.6269568,-1.180862,1.4798146,0.34322917,-0.34997243,-0.44674295
pdac.3bbd0b74289860bebb43c2b42c04fa31c6b6e4c38cbab706ee0586adc016b241,-1.6886101340295543,-5.9241333,-0.39470437,-1.8466988,-8.829828,-8.358508,-1.9227926,-2.9090803,-3.9820192,-0.61350405,-1.1986421,-1.892854,-1.9227926,-1.6842576022172557,-5.614674,-0.085245304,-1.8468751,-6.857871,-6.9060736,-1.887032,-2.636102,-3.6549041,-0.484298,-1.1677958,-1.8610433,-1.887032,-1.706437972288544,-5.7057905,-0.17636155,-1.8759221,-7.603504,-7.1028104,-1.9960625,-2.6578627,-3.6182115,-0.53590894,-1.2169111,-1.9106615,-1.9960625,-0.5321692177367495,-4.083603,1.4458263,-0.6521767,-4.9474583,-5.1322927,-0.8118993,-1.1699665,-2.0151274,0.8564274,-0.06511526,-0.76456475,-0.8118993,-0.5328500013310244,-4.306406,1.2230229,-0.6528569,-6.077885,-5.512476,-0.9585508,-1.274648,-2.1050913,0.76206225,-0.07844013,-0.7795975,-0.9585508
pdac.3c62a68d3f1f71c7908d2f4630f5373ad9da4bfeb192be7fde348d2214ee360a,-0.49989085608187434,-5.8112655,-0.2818363,-0.6198911,-9.555869,-9.407869,-2.3641522,-3.8611984,-5.0029507,-0.43928957,-0.5337802,-1.8242686,-2.3641522,-0.5000961409418725,-5.617199,-0.087770164,-0.62009656,-7.0305886,-6.9951115,-2.3331566,-3.1922312,-4.4800625,-0.3607049,-0.53441364,-1.8270738,-2.3331566,-0.8075448325892337,-5.9359665,-0.40653762,-0.9275504,-8.293134,-7.721425,-2.6628666,-3.4770892,-4.5477843,-0.6547918,-0.8437505,-2.1461158,-2.6628666,-0.08924511543044344,-4.390454,1.1389751,-0.20924522,-5.1135006,-5.2323284,-1.0351598,-1.6058685,-2.9074647,0.55072194,0.13071764,-0.66130847,-1.0351598,-0.2038903705369638,-4.8229256,0.70650345,-0.32389057,-6.756746,-6.250931,-1.329178,-1.9660892,-3.137117,0.30095723,-0.110796496,-1.0426822,-1.329178
pdac.3cdeec0df917b416e1d817be1681c380e4d34a4ec8035cf79530f5e81daa658c,-0.8708087792296562,-4.934164,0.59526503,-0.9909004,-9.043666,-8.302557,-1.1084137,-1.6352141,-2.6639504,0.43938366,-0.36975342,-1.065695,-1.1084137,-0.9063456612123301,-4.8115387,0.71789014,-1.0264723,-6.4879465,-6.6285973,-1.0880655,-1.6217359,-2.6028137,0.45684752,-0.3420027,-1.0351878,-1.0880655,-0.8934772906280363,-4.8998876,0.6295412,-1.0135876,-7.7962556,-7.0880785,-1.133389,-1.6471289,-2.6161141,0.42641023,-0.402335,-1.0991371,-1.133389,-0.20653380499562563,-3.5191233,2.0103056,-0.32653457,-4.56288,-4.8998013,-0.3714606,-0.6375288,-1.2279875,1.4540727,0.34271032,-0.35072953,-0.3714606,-0.20731507894996115,-3.744246,1.7851828,-0.32731584,-6.283388,-5.5937705,-0.3741397,-0.6390601,-1.2660197,1.4523396,0.34447402,-0.34890622,-0.3741397
pdac.3d10b14dc2dfbc2e6372e46b2cf781170d5eeefa945175e6d257bae958452428,-2.3690629136988335,-6.9853654,-1.4559364,-3.0622153,-9.317645,-8.938738,-3.5520568,-4.1720757,-5.027917,-1.9698756,-2.4808557,-3.181047,-3.5520568,-2.10979053336356,-6.178394,-0.6489648,-2.5138698,-7.022982,-6.9590216,-2.8120372,-3.319085,-4.2858405,-1.2423469,-1.9788433,-2.6868832,-2.8120372,-2.0519138598636704,-6.2647324,-0.7353035,-2.3804617,-7.8808465,-7.4603424,-2.6598399,-3.339149,-4.364643,-1.1867839,-1.762451,-2.458652,-2.6598399,-0.6138717168669305,-4.3532305,1.1761985,-0.7338787,-5.11904,-5.161894,-1.1292229,-1.4867334,-2.4177632,0.5547215,-0.28685898,-1.0205439,-1.1292229,-0.7618976097466892,-4.7374682,0.7919607,-0.8819185,-6.434702,-6.160513,-1.2220317,-1.7288748,-2.7449896,0.38427335,-0.2385692,-0.93302155,-1.2220317
pdac.3de8ef8ae466b90caf01d389fbebbd24c9b94a9d5627bdc47ebc3e2444c687bb,-1.3945212745470386,-6.4075365,-0.8781074,-1.5154005,-9.515577,-9.268749,-2.7638798,-3.991745,-5.2792625,-1.0781893,-1.1960453,-2.0041645,-2.7638798,-1.3936141446766297,-6.0471144,-0.5176852,-1.5152423,-7.629765,-7.1808767,-2.5844393,-3.6305943,-4.755972,-0.860616,-1.0180112,-1.7351445,-2.5844393,-1.419225948662652,-6.13343,-0.60400087,-1.5412421,-8.212567,-7.7412643,-2.6019912,-3.7418194,-4.767943,-0.8939706,-1.0339193,-1.7483648,-2.6019912,-0.253750109070901,-4.4748526,1.0545764,-0.37375054,-5.722643,-5.26567,-1.028366,-1.6624953,-2.8205214,0.5709613,0.19848621,-0.5029891,-1.028366,-0.25376032083276007,-4.7103267,0.8191024,-0.3737607,-6.748839,-6.085849,-1.0656562,-1.9824834,-3.060152,0.46404105,0.19716004,-0.50451064,-1.0656562
pdac.3e7b60594d00801da9b1525467fd57aff6458bc5a93eaf7a53cfec0c4381ab16,-1.0978552749340809,-5.023957,0.5054721,-1.2184191,-7.401747,-6.9651365,-1.4424497,-1.7181814,-2.6872685,0.26090574,-0.64351124,-1.3445979,-1.4424497,-1.1088657505733628,-4.985438,0.5439911,-1.2294749,-6.628848,-6.8862543,-1.4522215,-1.7568898,-2.7093716,0.22891687,-0.65686893,-1.35829,-1.4522215,-1.2258605160381553,-5.1469383,0.38249078,-1.3472708,-6.8986454,-6.91499,-1.5471079,-1.971195,-2.8603966,0.06252765,-0.77454334,-1.4759464,-1.5471079,-0.2443156195678995,-3.5061636,2.0232654,-0.36431673,-4.715668,-5.0904617,-0.5083592,-0.66950375,-1.0761231,1.4558661,0.25160182,-0.44477898,-0.5083592,-0.2852639502557004,-3.627318,1.9021109,-0.4052654,-5.0822005,-5.1804757,-0.598632,-0.7289319,-1.1701188,1.3905032,0.1622924,-0.53988934,-0.598632
pdac.3eba81df173d3a47cd9abb1d4cb966d26b1156f09ed6d0f2c047928a8c3b58a5,-0.9593236037383254,-5.049422,0.48000735,-1.0795103,-10.205615,-9.630942,-1.1315234,-1.5144488,-3.072421,0.41310468,-0.40439242,-1.0977051,-1.1315234,-0.9568492075309755,-4.818143,0.7112862,-1.0770562,-7.3590007,-7.4812856,-1.1292825,-1.4418175,-2.4756534,0.55942655,-0.4021153,-1.0954313,-1.1292825,-0.9564173403392292,-4.736017,0.79341173,-1.0766462,-8.670355,-7.9950814,-1.0913212,-1.3501933,-2.405453,0.6773153,-0.38712996,-1.0802838,-1.0913212,-0.2713306333633998,-3.626738,1.9026908,-0.39133197,-5.4323645,-5.292984,-0.41292676,-0.540091,-1.1049902,1.5313637,0.29402897,-0.39914876,-0.41292676,-0.18808104292405653,-3.7266889,1.8027402,-0.30808175,-7.2647514,-6.643219,-0.36848307,-0.4536222,-1.224411,1.579194,0.3445125,-0.34949183,-0.36848307
pdac.418d86644254cb8e9ead39f23fbccba1e47a792738737260c5e3b8f43bb70e3a,-3.5384475397325503,-8.330212,-2.8007822,-4.5841584,-11.485664,-11.341993,-5.119124,-5.5850945,-6.139116,-3.432784,-4.149999,-4.8888702,-5.119124,-3.259011212855262,-7.369653,-1.8402243,-4.3248825,-8.014348,-7.861379,-4.926629,-5.2669544,-5.8150697,-3.1256711,-3.8817275,-4.616927,-4.926629,-2.9392715686644277,-7.642103,-2.1126745,-3.737207,-9.817776,-9.605267,-4.369704,-5.169013,-5.9228435,-2.865008,-3.3179028,-4.063303,-4.369704,-2.19641242671511,-5.5241027,0.0053262827,-3.0077066,-6.108379,-5.9754124,-3.065836,-3.3198893,-3.8974943,-1.2504324,-2.3280184,-3.0212574,-3.065836,-2.1755436715680485,-6.408093,-0.8786641,-2.8227222,-8.567073,-8.370599,-3.4120822,-3.9985332,-4.589039,-1.7736716,-2.3804333,-3.1159773,-3.4120822
pdac.41948ef81b29c2e9a1e1dbec45cbd0fd716d2f677c0d5c019aa7bee7454f0154,-0.9909048896325777,-6.2014265,-0.6719975,-1.1109189,-9.547144,-9.13904,-2.852416,-4.2695265,-5.3417287,-0.8910738,-0.9684798,-2.049307,-2.852416,-0.8923541640092606,-5.8726134,-0.34318465,-1.0123624,-6.8944073,-6.860976,-2.8032615,-4.0629206,-5.051262,-0.7901738,-0.877542,-1.9801848,-2.8032615,-0.580359372241277,-5.8277855,-0.2983564,-0.7003598,-8.239762,-7.4985657,-2.6725705,-4.103504,-5.1322217,-0.53162265,-0.5939736,-1.7938671,-2.6725705,-0.4212453485660713,-4.5543942,0.9750349,-0.54124635,-4.9776874,-5.076982,-1.7797898,-2.6296232,-3.275585,-0.0058401288,-0.26975253,-1.1237463,-1.7797898,-0.24833639408773095,-4.976757,0.5526718,-0.36833656,-6.7464,-6.0238194,-1.6964805,-2.9583812,-3.8190253,0.020673446,-0.12286281,-1.0079961,-1.6964805
pdac.42ae4444df49d21f04e742a64847a457668b4c54a598fd5380099d724bd9099f,-0.10317901836457266,-5.5007334,0.028695408,-0.22317903,-9.659368,-9.769867,-2.2497857,-3.46401,-4.758802,-0.049230188,-0.11403688,-1.3031975,-2.2497857,-0.10320927068693064,-5.2478266,0.2816023,-0.22320929,-6.9563212,-6.979829,-1.8711424,-2.6919906,-3.8813083,0.06964847,-0.11406924,-1.3032379,-1.8711424,-0.16537663591500812,-5.3864794,0.14294973,-0.28537667,-8.129167,-8.1439705,-1.9855173,-2.9058466,-4.0077543,-0.017345717,-0.17723982,-1.3702776,-1.9855173,0.05458898999450265,-4.102478,1.4269508,-0.06541105,-5.024055,-5.194352,-0.7321922,-1.1461636,-2.184718,0.9217488,0.29779562,-0.4782557,-0.7321922,0.03415385527364355,-4.6009808,0.92844796,-0.08584618,-6.701774,-6.413618,-1.0595716,-1.6279205,-2.6526382,0.60990185,0.18117571,-0.6778185,-1.0595716
pdac.43eff9c9b94de17893f4e9038606c566e5f7049fbd2440cc0b343e3c5f39d5b1,-0.5707916079042945,-5.1594305,0.3699986,-0.69079655,-8.483869,-7.862769,-1.173407,-2.1518075,-3.648318,0.23720387,-0.022794455,-0.7162659,-1.173407,-0.5713946142407638,-4.885272,0.644157,-0.69140047,-6.5259514,-6.675144,-1.1702129,-1.8384719,-2.9688249,0.39073163,-0.023404267,-0.7168759,-1.1702129,-0.6890867332377273,-5.045174,0.48425472,-0.809101,-7.2515087,-6.9183855,-1.2464911,-2.004645,-3.2081106,0.26165852,-0.13306013,-0.8263562,-1.2464911,-0.20410163532604775,-3.5960507,1.9333782,-0.32410234,-4.5954614,-4.935152,-0.37548944,-0.66049117,-1.3360115,1.40091,0.35873124,-0.33446968,-0.37548944,-0.5570236627916246,-4.043499,1.4859302,-0.67703414,-5.6731086,-5.333525,-0.72318023,-1.0311385,-1.674625,1.0489811,0.014241332,-0.67890763,-0.72318023
pdac.459de03dc16cea8d8e740014fa1d9fa7d74ec3328ea780fe31024a19251687c8,-2.3764954389108044,-6.962708,-1.4332792,-3.205989,-9.097487,-8.451307,-3.6551836,-4.2197123,-4.9864864,-2.078056,-2.715891,-3.4350452,-3.6551836,-2.2557792690592513,-6.3089128,-0.77948385,-3.1024213,-6.9966383,-6.949518,-3.3067863,-3.723836,-4.3108916,-1.6107855,-2.4378417,-3.1314087,-3.3067863,-2.257012903102781,-6.4396586,-0.9102296,-3.1127222,-7.7936096,-7.136834,-3.2994702,-3.7542562,-4.426697,-1.6575245,-2.4429502,-3.136377,-3.2994702,-1.4215628019773412,-4.4482775,1.0811515,-1.5496926,-5.091323,-5.179887,-1.5861392,-1.8099753,-2.3825297,0.25162506,-0.8670065,-1.560209,-1.5861392,-1.4430349181205795,-4.866612,0.6628171,-1.570991,-6.271787,-5.666502,-1.7030907,-2.2010787,-2.7708764,-0.06705472,-0.8996977,-1.5930891,-1.7030907
pdac.45a67f8d9f62cd8c87a5bfb2af784ad7413e95ddc5904210d4728dd04d24b1ae,-0.6331746912713252,-5.0360265,0.49340233,-0.7531856,-9.244299,-9.12475,-1.0959167,-1.5243034,-3.4140089,0.43095452,-0.15723258,-0.8556167,-1.0959167,-0.6326896840236436,-4.816648,0.71278095,-0.7527017,-6.7969995,-6.917447,-1.0963117,-1.4851195,-2.7001657,0.56144637,-0.15677114,-0.8551578,-1.0963117,-0.6766176484325486,-4.957206,0.5722231,-0.79663336,-7.8979664,-7.5645647,-1.1721114,-1.5690641,-2.8510761,0.46437716,-0.20040315,-0.8987558,-1.1721114,-0.14816881766751733,-3.5365062,1.9929229,-0.26816928,-4.872475,-5.158264,-0.35330668,-0.5033756,-1.0594634,1.6302012,0.38096473,-0.3131958,-0.35330668,-0.1598795105203592,-3.8373585,1.6920706,-0.27987996,-6.4101954,-6.0575466,-0.4097956,-0.60338974,-1.3961987,1.4792109,0.3694908,-0.3246586,-0.4097956
pdac.471cea0afadf40ad9bb08c51cfe53b579b763fb4891b0bcde837c05b30b236dd,-0.31766153570414246,-4.5554357,0.9739934,-0.43766263,-8.322342,-7.213601,-0.690043,-1.17936,-2.369852,0.84997046,0.18655287,-0.50914717,-0.690043,-0.3199434430377149,-4.577061,0.95236796,-0.4399445,-6.9985414,-7.192513,-0.7002242,-1.21574,-2.505091,0.8090021,0.17274275,-0.5239268,-0.7002242,-0.5788171477117493,-4.579963,0.9494657,-0.69882697,-7.393792,-6.961026,-0.84477115,-1.2685558,-2.3114047,0.7723049,-0.10050757,-0.7986265,-0.84477115,-0.03310453426250254,-3.7129493,1.8164798,-0.1531047,-5.02852,-5.2340364,-0.35259593,-0.6632163,-1.3310004,1.3801943,0.5031941,-0.19065806,-0.35259593,-0.3161644027177019,-3.7052884,1.8241404,-0.4361661,-5.639737,-5.2097464,-0.48796484,-0.74838394,-1.2080758,1.3578055,0.2306974,-0.46280456,-0.48796484
pdac.479edba51883161758b5e95658d4281ad002742540d55683297c796f743e26c8,-0.45002396475922113,-5.1215124,0.40791634,-0.57002586,-11.054271,-11.465224,-1.0123259,-1.9235615,-3.6134698,0.3685746,-0.14927232,-0.89400876,-1.0123259,-0.44994406315779933,-5.0029845,0.52644455,-0.569946,-7.2106047,-6.9851675,-1.0085866,-1.9090842,-3.479783,0.3768497,-0.14529437,-0.8882749,-1.0085866,-0.45450162427207363,-4.965677,0.5637522,-0.5745041,-9.44448,-9.481063,-0.86952907,-1.7028271,-3.4666345,0.5090892,0.021123618,-0.67729753,-0.86952907,-0.055826762235573923,-3.9352188,1.59421,-0.17582692,-5.2774377,-5.1784816,-0.4480934,-0.90000767,-1.8304125,1.1610415,0.37545198,-0.32944897,-0.4480934,-0.055035831511745154,-4.2001367,1.3292923,-0.175036,-8.069916,-8.067273,-0.3592981,-0.8077343,-2.1939182,1.2015296,0.40279627,-0.29787695,-0.3592981
pdac.48657f7ed006811c6e16d49df92f38505bea87ac8a995cdf4d0f86940b73e607,-2.4234658143427654,-7.1212287,-1.5917999,-3.5893426,-9.483189,-9.499483,-3.6590996,-4.0684023,-5.102649,-2.0460477,-2.8977706,-3.590919,-3.6590996,-1.9658598122566286,-6.1748543,-0.64542544,-2.1915722,-7.2183647,-6.971156,-2.7940888,-3.3956594,-4.360163,-1.2062972,-1.6824461,-2.396432,-2.7940888,-1.988602593050401,-6.4870086,-0.9575797,-2.2267473,-8.067702,-7.709422,-3.0207078,-3.5578988,-4.76262,-1.4010645,-1.8946667,-2.6926208,-3.0207078,-0.31167341896608636,-4.3276215,1.2018077,-0.43167388,-5.314888,-5.148079,-0.9432222,-1.6836926,-2.566253,0.61470443,0.18313597,-0.5133424,-0.9432222,-0.40130152242395367,-4.868105,0.6613239,-0.5213022,-6.5875316,-6.3035207,-1.4255033,-2.0755908,-3.113414,0.20265013,-0.1900677,-0.9886742,-1.4255033
pdac.49275a01f654d604b98c9fddc28055353c4f11a4e9090bfad336178de048fc41,-0.7783317594267123,-5.775189,-0.2457601,-0.89833724,-8.388472,-7.935684,-2.2146385,-3.0692973,-4.0989003,-0.46885076,-0.75080097,-1.8178403,-2.2146385,-0.7683375981219028,-5.528667,0.00076219195,-0.88834393,-7.108158,-6.9060965,-2.1180186,-2.6927931,-3.6045194,-0.32269067,-0.7048701,-1.689616,-2.1180186,-0.8299438143483424,-5.587787,-0.05835829,-0.94995487,-7.3882384,-6.959235,-2.1482835,-2.7062073,-3.6543813,-0.36493093,-0.7584269,-1.7276697,-2.1482835,-0.19277369155219953,-4.00045,1.5289786,-0.312774,-5.1962337,-5.11229,-0.75056267,-1.0696428,-1.7363969,1.0276159,0.12960553,-0.6059022,-0.75056267,-0.21681950968372476,-4.1459527,1.3834761,-0.33681986,-5.755753,-5.2528677,-0.79085934,-1.1065956,-1.8936908,0.9567071,0.08724991,-0.65599006,-0.79085934
pdac.49585ebe453874d6da5b9be7acbb07caaca4c72bb87e5e9b2e0b05d376cbe2ed,-1.3743440516901204,-6.1698723,-0.64044356,-1.4959112,-9.62071,-9.756071,-2.3211985,-3.3719335,-4.7173777,-0.82951885,-1.0468025,-1.7796843,-2.3211985,-1.3766278703276003,-5.934881,-0.4054524,-1.4983448,-7.288463,-7.395295,-2.2957337,-3.0933096,-4.4552135,-0.75112516,-1.0483587,-1.7809062,-2.2957337,-0.8512978189605686,-5.82779,-0.29836085,-0.9713123,-8.217886,-7.984893,-2.190655,-3.1860476,-4.4594703,-0.5212825,-0.707579,-1.5703392,-2.190655,-0.8790505638191115,-4.546911,0.982518,-0.99914455,-5.370913,-5.206662,-1.0346433,-1.797088,-2.7443767,0.37489423,-0.31592524,-1.0091221,-1.0346433,-0.5315420907434258,-4.866685,0.6627443,-0.6515459,-6.7255073,-6.3827233,-1.2672603,-1.9790533,-3.070904,0.2584733,-0.13275188,-0.84437686,-1.2672603
pdac.4990f32d2d919910e0463579eaf33dc77ff0a2ea5ea4b4e454618ec0cb785e7f,-1.1122155992357388,-5.828961,-0.2995319,-1.2324752,-10.438161,-9.456598,-1.9405,-2.633997,-3.9792833,-0.40631676,-0.8578803,-1.6268616,-1.9405,-1.112112091022678,-5.466493,0.06293573,-1.2324852,-7.143081,-6.995347,-1.6876031,-2.2495964,-3.5620818,-0.16148879,-0.78663594,-1.5207756,-1.6876031,-1.1120951453078454,-5.5269594,0.0024696253,-1.2324752,-8.91335,-7.876381,-1.6362897,-2.2828457,-3.5887322,-0.13883899,-0.7284964,-1.4438106,-1.6362897,-0.35286390703506954,-4.1139994,1.4154294,-0.47286567,-5.2297773,-5.2097893,-0.69706714,-0.998232,-1.9487286,1.0027208,0.12513338,-0.573021,-0.69706714,-0.3528540032127492,-4.3680973,1.1613318,-0.47285566,-7.517162,-6.67491,-0.69719684,-1.0715841,-2.0921686,0.9649851,0.13459727,-0.5625687,-0.69719684
pdac.4ab88e85d7f918ff3c77ef690cc8c4d7b578202fa3c16a746474beb998aab158,-2.051011143056834,-7.31973,-1.790301,-2.196265,-11.613401,-11.360601,-4.6532245,-5.4131064,-5.959616,-2.0400977,-2.1676478,-3.96597,-4.6532245,-2.045486960016117,-6.7980223,-1.2685934,-2.196265,-8.3656025,-7.759176,-3.9846275,-4.8831363,-5.55201,-1.913295,-2.0808704,-3.246838,-3.9846275,-2.039758413259566,-7.1134276,-1.5839986,-2.196315,-9.968285,-9.56078,-4.4600024,-5.2747583,-5.8249464,-2.0139112,-2.1583352,-3.8221412,-4.4600024,-0.9628618512510855,-5.1138787,0.4155501,-1.0828967,-6.4592357,-6.087636,-2.0049853,-2.906269,-3.6250715,-0.3807839,-0.67077965,-1.419558,-2.0049853,-0.9628910638302436,-5.797556,-0.26812702,-1.0829167,-8.70952,-8.525898,-3.0504875,-3.7060447,-4.225305,-0.7905363,-1.0201114,-2.4509912,-3.0504875
pdac.4d9526f57bd7be35701d1a18f29f084b52b3c72faad65d9ce9f712e92653543a,-1.3033630042759632,-6.373752,-0.8443233,-1.4236459,-9.582415,-9.017899,-2.9312873,-3.9413588,-4.9060206,-1.1074505,-1.3134664,-2.4986706,-2.9312873,-1.286269715343249,-5.9986176,-0.46918884,-1.406775,-7.2911205,-6.9790382,-2.6417882,-3.273626,-4.3589134,-0.88106835,-1.2600982,-2.3294196,-2.6417882,-1.2902848983978101,-6.0162697,-0.48684058,-1.4109464,-8.260562,-7.6364946,-2.424577,-3.185901,-4.308697,-0.79665875,-1.1401404,-1.9948943,-2.424577,-0.3040832388916312,-4.431496,1.0979327,-0.42408383,-5.382679,-5.225939,-1.1283445,-1.5862175,-2.5987241,0.5152943,-0.03147869,-0.7902009,-1.1283445,-0.30769395151638707,-4.707419,0.82200986,-0.42769447,-6.7417383,-5.8811173,-1.1894958,-1.7180904,-2.810525,0.42031202,-0.1363244,-0.96966505,-1.1894958
pdac.4dd4666a58df40ae7a743bd9ec85002262e1b8804545d20e5969b19454cd2efd,-2.007609685252183,-5.3829603,-1.1062944,-2.3532214,-8.380397,-8.037996,-2.3532214,-2.360487,-2.6766489,-1.1707817,-1.6673136,-2.360487,-2.453486,-1.746218573662837,-5.077551,-0.80088496,-1.9022053,-6.791631,-6.9363356,-1.9022053,-2.1280851,-2.4946465,-0.9275068,-1.4096411,-2.1280851,-2.207933,-1.6438228377416717,-5.112098,-0.8354322,-1.7780268,-7.3227844,-7.061263,-1.7780268,-2.1019504,-2.5152612,-0.934488,-1.3572326,-2.1019504,-2.2139208,-0.6442133876698727,-3.7256088,0.5510573,-0.7642223,-4.8732305,-5.166959,-0.7642223,-0.9920912,-1.3189197,0.32418087,-0.2732035,-0.9920912,-1.0695192,-0.6664515494798903,-3.8892572,0.387409,-0.78646225,-5.678886,-5.3271947,-0.78646225,-1.009824,-1.3324414,0.22004105,-0.29193628,-1.009824,-1.0856965
pdac.4dd73a8d75764a36b173839b707185f604f161503af59c67eb33341369899650,-1.958069381741042,-6.294215,-0.764786,-2.2520607,-8.464261,-8.0524845,-2.7431443,-3.3900292,-4.2027144,-1.1765085,-1.7038013,-2.4092526,-2.7431443,-1.7434301446883298,-5.723664,-0.19423492,-1.9107757,-6.901008,-6.689581,-2.5185564,-3.0348701,-3.6721373,-0.84510016,-1.4746501,-2.2127006,-2.5185564,-1.7531370006391374,-5.808363,-0.2789338,-1.924696,-7.3017893,-6.8604565,-2.4439895,-3.0155344,-3.7155433,-0.83996207,-1.4836708,-2.2197208,-2.4439895,-0.5684759125113187,-3.903236,1.6261932,-0.68848604,-4.9970965,-4.8964977,-0.9091607,-1.2123286,-1.7766404,0.8778858,-0.11861714,-0.8204459,-0.9091607,-0.5777297367119271,-4.2044663,1.3249625,-0.6977391,-5.7700753,-5.1553364,-0.9160246,-1.4409984,-2.0702257,0.69222355,-0.12880614,-0.8307769,-0.9160246
pdac.4dfd81c4d5df501d5c3897828dc6b0238432993e2e59b6569d4a130242692041,-2.102131190265746,-6.807228,-1.2777994,-2.4488122,-9.485349,-9.02639,-2.9760587,-4.2090297,-5.3424034,-1.6634847,-1.9899018,-2.7191548,-2.9760587,-2.0044878522960614,-6.2406864,-0.71125746,-2.3075213,-7.1422048,-6.9935,-2.7012491,-3.4132705,-4.7211537,-1.2551521,-1.692322,-2.3887658,-2.7012491,-1.554343054143514,-6.087114,-0.5576848,-1.6810263,-8.068939,-7.584069,-2.348656,-3.3454728,-4.641335,-0.8859244,-1.1545157,-1.8643787,-2.348656,-1.039220434965321,-4.5649724,0.96445656,-1.1594795,-5.234971,-5.185027,-1.2976838,-1.6948402,-2.9840488,0.28605565,-0.49128985,-1.1847565,-1.2976838,-0.5562809263492156,-4.8196473,0.7097817,-0.67628527,-6.6157637,-6.066078,-1.1242661,-1.9385417,-3.1642406,0.32232946,-0.118289,-0.8220178,-1.1242661
pdac.4f823c9155bff962b7542406f6c9f979ee2d43f8de293734896416181896532d,-3.508537429927475,-8.147847,-2.618418,-4.354152,-10.007369,-9.628764,-5.270106,-5.869376,-6.3888884,-3.505029,-3.9563305,-4.71228,-5.270106,-2.9771590415945823,-7.2120066,-1.6825777,-3.5846157,-7.9345593,-7.6185284,-4.864404,-5.5984755,-6.0940976,-3.0279582,-3.3686938,-4.2960835,-4.864404,-2.7702060427809143,-7.3431463,-1.8137176,-3.2708664,-8.523897,-7.9649763,-4.666319,-5.483586,-6.027618,-2.8147166,-3.1015146,-4.1158195,-4.666319,-1.2522675858666448,-5.3176703,0.21175863,-1.372708,-6.0290713,-5.5316973,-2.828875,-3.6371744,-4.224951,-0.9463127,-1.2356926,-2.3318944,-2.828875,-0.9388687328927919,-5.5883083,-0.05887944,-1.0588987,-7.1399584,-6.609435,-2.7024686,-3.646326,-4.3644047,-0.75680506,-0.952374,-2.1517205,-2.7024686
pdac.5084844def6c367e7d245d3b2ea118a148628af2c3b494634f40f28ded641b41,-1.504878033333041,-5.8494363,-0.32000753,-1.6323422,-9.682022,-9.768214,-2.0403957,-2.624893,-3.6332753,-0.4615827,-1.0624993,-1.7643318,-2.0403957,-0.7551675361746378,-5.123706,0.40572307,-0.8751878,-7.6936674,-7.5673094,-1.4415131,-1.9779712,-2.8652327,0.20558639,-0.35714334,-1.0689452,-1.4415131,-0.7052964369088377,-5.0561557,0.4732731,-0.82531214,-8.1932535,-7.8507867,-1.286942,-1.828927,-2.8334243,0.3300717,-0.24962759,-0.95060325,-1.286942,-0.24912248421456934,-3.7486672,1.7807618,-0.36912328,-5.7720833,-5.3208666,-0.55961263,-0.81365895,-1.2886525,1.3533489,0.27583018,-0.41853738,-0.55961263,-0.37066727311790115,-3.9909816,1.5384474,-0.49066943,-6.7614985,-6.4076395,-0.5500492,-0.8189103,-1.5432361,1.2478279,0.19976933,-0.49338153,-0.5500492
pdac.5232fc4ce7c13d293a6955864090fbae72a06a164b2003279803b54ee01d9b58,-0.9878725152620763,-5.574786,-0.045357283,-1.1079961,-8.941804,-8.726417,-1.4098588,-2.7256148,-4.257804,-0.16549267,-0.48402426,-1.179743,-1.4098588,-0.9878295889082059,-5.329935,0.19949391,-1.1079762,-6.7660375,-6.8692055,-1.409827,-2.40209,-3.6531913,-0.062755026,-0.48420596,-1.1799403,-1.409827,-1.0149942243713452,-5.480793,0.048636124,-1.1351613,-7.7520514,-7.454543,-1.4514391,-2.5267441,-3.9255996,-0.13184829,-0.53095216,-1.2284439,-1.4514391,-0.18642172984287464,-3.8929775,1.6364515,-0.30642226,-4.853712,-5.0986595,-0.44426066,-0.8471489,-1.8356731,1.1904066,0.3572095,-0.33638656,-0.44426066,-0.19412768404725372,-4.2173305,1.3120985,-0.31412816,-6.2186475,-5.833788,-0.46633047,-1.0797822,-2.2652795,1.0311885,0.33539408,-0.35874826,-0.46633047
pdac.53a7bda44e9cd1a870dfac8596d6b671e14876f2eaa36cb5a3c5a2a83e5e8f96,-1.02675349929885,-5.783356,-0.25392717,-1.1468163,-9.106873,-8.532452,-2.178785,-2.7145588,-3.7139554,-0.44869173,-0.9225308,-1.837115,-2.178785,-0.907141202499706,-5.261347,0.2680819,-1.0271959,-7.2731986,-6.9409175,-1.6591107,-2.1907735,-3.0353994,-0.017109433,-0.53459924,-1.253034,-1.6591107,-0.8854405521780976,-5.295844,0.23358466,-1.0054866,-7.8108115,-7.2705126,-1.6547676,-2.2315514,-3.0676687,-0.026230237,-0.5261411,-1.2485392,-1.6547676,-0.07868876013427228,-3.698737,1.830692,-0.19868895,-5.363945,-5.1546955,-0.44418865,-0.7295902,-1.274594,1.4003782,0.46562564,-0.22794957,-0.44418865,-0.11549058599580175,-3.8762572,1.6531718,-0.23549084,-6.3009276,-5.7207413,-0.4724083,-0.79405975,-1.4214771,1.2964265,0.41957182,-0.2743294,-0.4724083
pdac.549b2eee8430b59a2d261826e5c9fe8d140da5eb55eae71567b26de9466c6e69,-1.4886067905506208,-5.5133033,-0.67702156,-1.6137625,-10.478,-10.745527,-1.9613829,-2.0847697,-3.7148745,-0.7097748,-1.2089947,-1.9613829,-2.0847697,-1.4831811969555182,-5.3884397,-0.5521579,-1.6084263,-8.516045,-8.732899,-1.9400867,-2.0594518,-3.6080449,-0.67368054,-1.19292,-1.9400867,-2.0594518,-1.1806348747020454,-5.244543,-0.40826127,-1.3010799,-9.364787,-9.625967,-1.6762888,-1.8671799,-3.4519587,-0.45615968,-0.91434294,-1.6762888,-1.8671799,-0.8477192884272695,-4.647516,0.188766,-0.9677596,-7.2982216,-7.6412606,-1.335429,-1.4593333,-2.5782208,-0.005102145,-0.5761615,-1.335429,-1.4593333,-0.6532400883874363,-4.797935,0.03834699,-0.7732466,-8.884185,-9.402096,-1.2451255,-1.4508129,-2.8410375,-0.01927194,-0.44454545,-1.2451255,-1.4508129
pdac.55824e9856f635c19bd7ef8aa2c09db3dfb55071807bfe701d3d79fc923b2cbd,-1.037006123855421,-5.2289505,0.1463282,-1.1571835,-8.845388,-8.367081,-1.5655671,-2.135274,-2.7883756,-0.052074764,-0.7036338,-1.4348431,-1.5655671,-1.0263061225163272,-4.884545,0.4907336,-1.1465478,-6.819554,-6.916584,-1.430918,-1.6510843,-2.4279833,0.25090966,-0.59281474,-1.2972791,-1.430918,-0.8011143912207879,-4.819766,0.5555122,-0.9211496,-7.5896444,-7.155468,-1.3354895,-1.6040027,-2.2947183,0.35234845,-0.46830526,-1.1997769,-1.3354895,-0.32709386108703126,-3.4205048,1.9547737,-0.44709545,-4.900656,-5.1565323,-0.4679967,-0.60081506,-0.87421846,1.5399847,0.23328829,-0.4599414,-0.4679967,-0.13315850335210833,-3.4988074,1.876471,-0.25315878,-6.047279,-5.614154,-0.3560147,-0.45901343,-0.89520955,1.5606593,0.438174,-0.2549748,-0.3560147
pdac.55e20eba027d218581d6d6565db5d43eb449d169ff91a54b334405982b3fe486,-1.0558455590068152,-6.332078,-0.8026489,-1.1758581,-9.51057,-8.95633,-3.0563717,-4.129289,-5.2217693,-0.98061097,-1.0940921,-2.4072242,-3.0563717,-1.057004639142611,-6.036284,-0.50685495,-1.177037,-7.657636,-7.2719774,-2.6502802,-3.6489186,-4.762237,-0.8596442,-1.0557331,-2.2011328,-2.6502802,-1.1304029735767753,-6.141316,-0.611887,-1.2504612,-8.15073,-7.5005493,-2.7279034,-3.7398705,-4.8730235,-0.9403895,-1.1394572,-2.321548,-2.7279034,-0.20887599159001718,-4.4936132,1.035816,-0.3288762,-5.749256,-5.238817,-1.0944173,-1.7174197,-2.7271948,0.50351715,0.074880406,-0.6780169,-1.0944173,-0.23430400725099076,-4.7321625,0.7972667,-0.35430422,-6.697309,-6.1247663,-1.2617486,-1.8969438,-2.851538,0.36791798,-0.0813721,-0.9337863,-1.2617486
pdac.58352b27f6462865bc5f04fb36bb20cdd83580d37505ab7ff4c4eb21ac1bd991,-1.3334279268369207,-6.5161495,-0.98672056,-1.4536986,-9.797547,-9.082483,-3.3039138,-4.4354224,-5.3886795,-1.2528776,-1.374678,-2.7028365,-3.3039138,-1.3327853392000706,-6.1307316,-0.6013027,-1.4531773,-6.9770083,-6.881919,-3.2844539,-3.9717762,-4.9805603,-1.1736878,-1.3727753,-2.6933,-3.2844539,-1.3310692742293249,-6.350637,-0.82120806,-1.4514056,-8.4066305,-7.558486,-3.1728776,-4.240469,-5.195662,-1.2024438,-1.3369455,-2.506282,-3.1728776,-0.4760963545750758,-4.563461,0.9659683,-0.59609836,-5.0681233,-5.126297,-1.5732234,-2.1431737,-3.1176996,0.09667402,-0.37809038,-1.3022184,-1.5732234,-0.47424565969301447,-5.1876698,0.34175903,-0.5942467,-6.976108,-6.3719053,-2.023564,-2.7969916,-3.739605,-0.18637006,-0.43197617,-1.4623758,-2.023564
pdac.593b826cde836b139d7e3d92f3abebfd6c59eb038e1a52830901051ad0fe2af7,-1.1669037007659964,-5.420215,0.109213725,-1.28756,-8.320983,-7.44386,-1.461282,-2.1322384,-3.6247308,-0.054968297,-0.7052933,-1.4053633,-1.461282,-1.1670000757300407,-5.410089,0.11933999,-1.2876315,-7.045569,-7.0358477,-1.4538598,-2.1921334,-3.7082944,-0.094590016,-0.6951865,-1.3939779,-1.4538598,-1.391689468761387,-5.570683,-0.041254207,-1.5155458,-7.618026,-7.1973696,-1.6451914,-2.3494194,-3.7369473,-0.2561,-0.9143676,-1.6121763,-1.6451914,-0.380095188399005,-4.1070094,1.4224197,-0.5000973,-5.1296616,-5.2749586,-0.5770829,-0.95457274,-2.1922429,1.0278256,0.18750829,-0.50565434,-0.5770829,-0.44146124211942983,-4.2958565,1.2335727,-0.56146425,-5.896255,-5.3287687,-0.7784716,-1.1289153,-2.2347958,0.8689719,0.09129059,-0.6027068,-0.7784716
pdac.5a7001d71ced3a00d0de43f5a15c3bad82832a822f40c893a1996dfae37df414,-1.081183194305011,-5.423074,0.10635514,-1.2014732,-8.128236,-7.752903,-1.9262143,-2.2844727,-3.1120157,-0.16119516,-0.8787756,-1.684151,-1.9262143,-1.0814957444749527,-4.8520837,0.67734534,-1.2020155,-6.6415367,-6.821316,-1.450424,-1.653817,-2.4297721,0.4281841,-0.64005363,-1.3431237,-1.450424,-1.3025838038602693,-4.9168186,0.6126101,-1.4258478,-7.1761203,-6.913813,-1.5376627,-1.7060665,-2.449458,0.37753922,-0.7751227,-1.4692097,-1.5376627,-0.10285256973408058,-3.2946439,2.234785,-0.22285296,-4.7381287,-5.1330614,-0.26791406,-0.3037519,-0.81111395,1.8638835,0.44512677,-0.24834529,-0.26791406,-0.14612984153489111,-3.3954344,2.1339946,-0.2661304,-5.5147114,-5.1990175,-0.2866805,-0.3393737,-0.8759463,1.785209,0.41848293,-0.27470097,-0.2866805
pdac.5c98f9f84cbff4e1c58a35026e27086b03d0d54844b47969239971081a10df93,-0.9616995101166038,-5.2590413,0.2703876,-1.0818106,-9.622107,-9.285589,-1.4578359,-1.8695819,-3.1209893,0.15615219,-0.5210787,-1.2243505,-1.4578359,-0.9568197121645682,-4.9702773,0.5591516,-1.0769504,-6.886828,-6.9257483,-1.269252,-1.6493125,-2.7648351,0.35400835,-0.5153084,-1.2184308,-1.269252,-0.9966093726825004,-5.0735784,0.45585054,-1.1167929,-8.28084,-7.754672,-1.2650855,-1.7601966,-2.8283312,0.30267802,-0.5128194,-1.2103353,-1.2650855,-0.12800456002262642,-3.5960047,1.9334242,-0.24800487,-4.967081,-5.1380696,-0.33015153,-0.45472184,-1.2566365,1.5543641,0.39784545,-0.296476,-0.33015153,-0.13974015470410323,-3.8683014,1.6611274,-0.25974047,-6.810427,-6.4630656,-0.36771816,-0.58179486,-1.4772428,1.4192079,0.39354476,-0.30043,-0.36771816
pdac.5d15b8d201f34ad546b6b7ef4230fd3323350b7d8eaaacd885b4c3a84bf4e7e3,-0.6520243449376402,-5.409356,0.120073,-0.77203053,-8.324126,-7.345417,-1.4206166,-2.6855683,-4.1650333,-0.04241107,-0.25599992,-0.9682821,-1.4206166,-1.049625561066037,-5.345461,0.18396802,-1.1698722,-6.8702536,-6.947344,-1.460157,-2.3281164,-3.5884871,-0.06241972,-0.528903,-1.2234868,-1.460157,-0.6585639870216808,-5.367199,0.1622299,-0.7785704,-7.407752,-6.977842,-1.541236,-2.3852663,-3.6591644,-0.046837915,-0.47776675,-1.3021346,-1.541236,-0.24558539512564448,-3.996077,1.533352,-0.36558613,-4.9470043,-5.1624875,-0.6089015,-1.0010902,-1.8464706,1.0564787,0.17443879,-0.532589,-0.6089015,-0.13989487193423017,-4.142439,1.3869901,-0.25989515,-5.691892,-5.230026,-0.6870695,-1.1255862,-1.9302769,0.9842958,0.2765493,-0.4311992,-0.6870695
pdac.60f5f5551d9d39cc37a37a624f54543d6a54c53d50c19a9f8a862fd95fbb706c,-0.9383931715087478,-5.4845114,0.044917457,-1.0584866,-9.824166,-9.408627,-1.3914839,-2.2739482,-4.191466,-0.029753964,-0.44709533,-1.1438844,-1.3914839,-0.9382097581423064,-5.2004967,0.32893217,-1.058314,-6.930821,-6.877926,-1.3898075,-2.060137,-3.2803452,0.09118398,-0.44481447,-1.1414101,-1.3898075,-0.9570032296110224,-5.4448233,0.08460592,-1.0771085,-8.3675785,-7.822646,-1.4122663,-2.4441385,-3.945943,-0.05350242,-0.46874213,-1.1658189,-1.4122663,-0.29563581080900153,-3.8198736,1.7095554,-0.41563705,-5.0136876,-5.129176,-0.50433373,-0.7889487,-1.5766156,1.239211,0.24015747,-0.4537145,-0.50433373,-0.2940105336894571,-4.4221764,1.1072527,-0.41401145,-6.9571238,-6.635603,-0.599445,-1.2608975,-2.4164748,0.8733988,0.23982657,-0.45412493,-0.599445
pdac.617ea03b5bf371b581602e2d791b0b0b5536e8d2ce5b12227d8f6efcc5f7ec6d,-2.506109361456834,-7.1433096,-1.6138809,-3.11419,-9.152238,-8.772949,-4.2181444,-4.801539,-5.455306,-2.4409657,-2.895302,-3.8180678,-4.2181444,-2.2457348647387803,-6.4346614,-0.9052324,-2.9015646,-7.0028543,-6.927415,-3.1345606,-4.037934,-4.94992,-1.7798876,-2.3532557,-3.0586977,-3.1345606,-2.2651588834793484,-6.6684036,-1.1389747,-2.8994024,-7.9805803,-7.327484,-3.3136985,-4.12638,-5.026394,-1.8825303,-2.3561125,-3.062502,-3.3136985,-0.8934913562431998,-4.5330634,0.9963656,-1.0135789,-5.098225,-5.1725297,-1.1546947,-2.125172,-3.0102577,0.18812743,-0.34721306,-1.0407288,-1.1546947,-0.9901412616356143,-4.9471464,0.5822828,-1.1102926,-6.4691715,-5.537945,-1.5193639,-2.4064298,-3.3025372,-0.10777062,-0.54306984,-1.2453034,-1.5193639
pdac.628078fab006255a2eb163aa7420ae7325bbae59cee9b886484e043b34075265,-0.6500274374864466,-5.059059,0.47037,-0.7700346,-8.113395,-7.5585437,-1.5555502,-1.8909072,-2.5992064,0.24791385,-0.45586956,-1.2683572,-1.5555502,-0.6526863935029554,-4.8538857,0.6755435,-0.772695,-6.590977,-6.8059235,-1.424927,-1.7772801,-2.4170475,0.35769603,-0.4496929,-1.2548211,-1.424927,-0.6594031943593316,-4.87467,0.6547591,-0.77941245,-7.1414447,-6.8884645,-1.4287847,-1.7811406,-2.3868074,0.36568835,-0.4533734,-1.256059,-1.4287847,-0.08595527496995606,-3.394896,2.134533,-0.2059555,-4.6714826,-5.0636206,-0.35031527,-0.4869071,-0.9010272,1.6469278,0.44995883,-0.24390839,-0.35031527,-0.08503088149869839,-3.5074897,2.0219393,-0.20503111,-5.46908,-5.224659,-0.35027096,-0.48583913,-0.96792346,1.6333337,0.4477724,-0.24622291,-0.35027096
pdac.66d475772f20b9b96304dcd65c028a16ff42e098544a7a2b857325e6a4008fcf,-1.3158127920415033,-6.5434384,-1.0140096,-1.4359283,-9.377048,-9.261262,-3.542547,-4.393033,-5.1760073,-1.2398019,-1.389931,-2.9639707,-3.542547,-1.1437629879458542,-5.8388934,-0.30946425,-1.2639294,-7.3462067,-7.0753126,-2.3258638,-3.182008,-3.994326,-0.6740116,-0.9695981,-1.8000678,-2.3258638,-1.01919270013408,-5.9200997,-0.39067057,-1.139233,-7.957816,-7.644011,-2.4907708,-3.3097115,-4.045546,-0.6919315,-0.9762614,-2.0050263,-2.4907708,-0.3202529430241914,-4.1716013,1.3578279,-0.44025394,-5.4405246,-5.213687,-0.7418705,-1.1829369,-2.0307534,0.8877683,0.14685509,-0.5525884,-0.7418705,-0.21407141394842222,-4.54825,0.9811786,-0.33407167,-6.5200725,-5.9264903,-1.1417216,-1.6291614,-2.3143187,0.5734456,-0.03976656,-0.8702613,-1.1417216
pdac.67cce11af8007e7c91f4dd0201f62e5b74dcc6d39dbc4060b4dec5dbe7109996,-1.0796337260164375,-5.2915196,0.23790954,-1.199984,-8.548048,-8.038175,-1.3057482,-2.0351775,-3.3504927,0.09363547,-0.5529547,-1.2472169,-1.3057482,-1.0967322522982283,-5.096821,0.43260798,-1.2171837,-6.8966646,-6.821336,-1.2868849,-1.9547949,-3.0030913,0.1585942,-0.5656656,-1.259717,-1.2868849,-1.0975499265554038,-5.1480794,0.38134968,-1.2180021,-7.453924,-7.061569,-1.2787846,-1.9550716,-3.091467,0.15206201,-0.5630594,-1.2569654,-1.2787846,-0.21459600069396723,-3.6610706,1.8683584,-0.33459672,-4.9808407,-5.100261,-0.40537375,-0.7026127,-1.3189609,1.3545622,0.32312974,-0.37066787,-0.40537375,-0.2098379727256403,-3.8455899,1.6838391,-0.3298386,-5.860933,-5.2704263,-0.39278877,-0.7496502,-1.5424708,1.2800665,0.33545735,-0.3580888,-0.39278877
pdac.687f0e0f02f5f116c821004bdcddce39d0726dd1493b5eb44e906c976f042ddb,-2.016677043891276,-6.9566493,-1.4272202,-2.231921,-10.612642,-10.405347,-3.503254,-4.580941,-5.4224796,-1.7097294,-1.8600676,-2.6307082,-3.503254,-1.640440420916315,-6.1833944,-0.6539656,-1.772276,-7.3869996,-7.1905155,-2.3837764,-3.7643719,-4.878718,-1.0827904,-1.4064013,-2.1807537,-2.3837764,-1.4408430461492219,-6.234006,-0.70457673,-1.5629965,-9.04613,-8.481966,-2.3098297,-3.6852381,-4.86684,-0.9450031,-1.1811234,-1.9458272,-2.3098297,-0.5983071384736327,-4.6104064,0.9190224,-0.7183149,-5.4798436,-5.2575436,-0.9912674,-2.0647335,-3.106654,0.3157486,-0.17086881,-0.87647086,-0.9912674,-0.49965585772090715,-5.0384755,0.49095324,-0.6196583,-7.7223167,-7.551773,-1.1218038,-2.348505,-3.4848998,0.19968733,-0.1302285,-0.8495774,-1.1218038
pdac.6bf798d089e25c1c39905be4ea8006b203d1a66e81b9807d937055e1889ef799,-1.3449393092991917,-5.2685256,0.26090327,-1.4682125,-7.6709847,-7.0850453,-1.8132977,-2.2201788,-2.9708395,-0.14941916,-0.9767912,-1.6955628,-1.8132977,-1.339643057066835,-5.01592,0.5135089,-1.4628377,-6.406529,-6.6123037,-1.6885102,-1.9947851,-2.7012796,0.07883425,-0.87665015,-1.5762103,-1.6885102,-1.4148886405632854,-5.100202,0.42922702,-1.5407697,-6.9471354,-6.733949,-1.7323135,-2.0271914,-2.7953174,0.015826005,-0.93868077,-1.6363928,-1.7323135,-0.09501100324981476,-3.4157,2.113729,-0.21501128,-4.497533,-4.962792,-0.41092205,-0.5825343,-1.1437366,1.5033966,0.4057795,-0.29019102,-0.41092205,-0.26708120955850523,-3.5479417,1.9814872,-0.38708237,-5.2075934,-5.1532974,-0.4822525,-0.6204444,-1.2713839,1.4276474,0.30412236,-0.3890267,-0.4822525
pdac.6c465b08b9004a70ad76f6f42997675cd04f754890a810a7c2529292992a8c79,-1.216506619193395,-6.503798,-0.9743689,-1.3365923,-10.044028,-9.881165,-3.3429718,-4.1577034,-5.178804,-1.1327674,-1.2881222,-2.8378289,-3.3429718,-1.215888751549898,-5.6690125,-0.13958365,-1.3364664,-7.0393724,-7.0962505,-2.1166346,-2.5451696,-3.6621463,-0.45402026,-1.0120312,-1.8160012,-2.1166346,-1.169846236248563,-5.913637,-0.3842084,-1.2901368,-8.436164,-8.0817,-2.2721298,-2.9733407,-3.9159305,-0.6323465,-1.0196975,-1.8748581,-2.2721298,-0.42980555993539005,-4.081068,1.448361,-0.5498088,-5.137144,-5.2621374,-0.71264046,-1.0109222,-1.8600867,1.0044231,0.092347495,-0.6021699,-0.71264046,-0.38416797293199123,-4.7074723,0.82195663,-0.50416934,-7.0846224,-6.3575525,-1.0744859,-1.8004404,-2.630468,0.49420843,0.057736967,-0.6453422,-1.0744859
pdac.6d6ec37c242b1be988d63aad2b4f40d3d53cfccdcfbbd4d7012bd08806bc5313,-1.8545578458637917,-6.155351,-0.6259224,-2.0651164,-7.396479,-7.460864,-2.542442,-3.1234417,-4.4488087,-1.0623547,-1.6568024,-2.4074287,-2.542442,-1.6166406106936755,-5.768337,-0.23890762,-1.7531394,-6.586663,-6.6011295,-2.3271475,-2.8216155,-4.138503,-0.77778083,-1.3801535,-2.1501055,-2.3271475,-1.6036846516163363,-5.8159456,-0.28651664,-1.7382156,-6.747673,-6.840504,-2.3350341,-2.843392,-4.1574297,-0.78762746,-1.3897383,-2.1756601,-2.3350341,-0.2018948498272889,-3.963914,1.5655149,-0.3218953,-4.683553,-4.9223747,-0.73145485,-1.1016823,-2.0540664,0.9203203,0.17954917,-0.53643787,-0.73145485,-0.18029159263436012,-4.038539,1.4908898,-0.30029196,-4.9761987,-5.0118237,-0.7536585,-1.1260326,-2.0944586,0.9057789,0.18824108,-0.53137046,-0.7536585
pdac.6e76f9649d713a23e4d01b62f28d8d7fcae67a0307e985d629de0b29484b4a6d,-0.48216234980974637,-5.193445,0.3359838,-0.6021646,-12.23091,-13.102922,-0.9925694,-2.2345848,-4.150312,0.31509227,-0.01809206,-0.7179245,-0.9925694,-0.48220229124290437,-5.113802,0.41562694,-0.6022046,-8.055012,-7.748171,-0.9926127,-2.234922,-3.842725,0.32204872,-0.018136512,-0.71796954,-0.9926127,-0.4825324090509232,-5.161547,0.36788157,-0.6025348,-10.480561,-11.170595,-0.99324673,-2.2352872,-3.8708446,0.32344803,-0.018860944,-0.71874547,-0.99324673,-0.06590493823174737,-4.2149744,1.3144546,-0.18590508,-6.1238894,-6.011798,-0.3716647,-1.2684119,-2.3789144,1.0150658,0.46083403,-0.23344263,-0.3716647,-0.06587496106879548,-4.4592705,1.0701584,-0.1858751,-9.293186,-9.579751,-0.3717348,-1.2942897,-2.7547247,0.9996626,0.46073058,-0.23355275,-0.3717348
pdac.6e84941a947a64ac84085495dc6bdc385cbd40ffc58360fd3eed4d88aafe9880,-2.1328395458260205,-6.9006414,-1.3712126,-2.484521,-9.262981,-8.53056,-3.4750614,-4.3474426,-5.1018796,-1.8766459,-2.2175376,-3.0765755,-3.4750614,-1.690712710173937,-6.176074,-0.64664495,-1.8222125,-6.895909,-6.8380337,-3.1189075,-3.9716587,-4.741833,-1.3500615,-1.6161807,-2.5596828,-3.1189075,-1.650012154873444,-6.314727,-0.78529775,-1.7790383,-7.997944,-7.4260263,-3.032684,-3.9310088,-4.7148247,-1.2837632,-1.5308763,-2.412552,-3.032684,-0.549760999810046,-4.5149374,1.0144914,-0.6697651,-4.9883857,-5.152958,-1.4049006,-2.123488,-2.9495652,0.12848489,-0.3777498,-1.2104605,-1.4049006,-0.6136168077204533,-4.8550715,0.67435724,-0.73362327,-6.4699335,-5.671918,-1.4442255,-2.282568,-3.0632622,0.059932835,-0.37913698,-1.1609293,-1.4442255
pdac.6fcf37b8eff45f51157e2214f44c0afd6515e413dda16679d8413b5257ac2405,-2.3892513553798063,-7.2668247,-1.7373955,-2.9694345,-10.251132,-9.937733,-4.1107717,-4.7019234,-5.3256254,-2.3090012,-2.7523787,-3.67799,-4.1107717,-1.9973190000402958,-6.0663085,-0.53687966,-2.3319683,-7.041254,-6.849656,-2.932367,-3.2825193,-4.0202537,-1.181289,-1.9755627,-2.7560663,-2.932367,-1.619190000013781,-6.205218,-0.6757889,-1.7500427,-8.694359,-8.218783,-2.8020754,-3.3903093,-4.099009,-1.04199,-1.5341506,-2.4615874,-2.8020754,-0.749277983572356,-4.1696205,1.3598087,-0.86931854,-5.1396017,-5.0985603,-1.0359457,-1.3194513,-1.9959589,0.7190014,-0.28074363,-0.98000395,-1.0359457,-0.2405114551834604,-4.6301885,0.8992403,-0.36051187,-7.375305,-7.248404,-1.1323032,-1.8103193,-2.3936863,0.52990276,0.041000687,-0.7130379,-1.1323032
pdac.6ffa99a65c84b1088ff2565a370cd6278dcb2c0e69a37221af1192790b3b5e66,-1.1171344514428827,-5.770815,-0.24138589,-1.237435,-11.016708,-11.145893,-1.7132657,-2.625796,-4.2199016,-0.29656312,-0.6400662,-1.3382907,-1.7132657,-0.6577499200915153,-5.0785336,0.45089546,-0.77776015,-7.8907194,-7.297392,-1.065136,-1.914036,-3.1164515,0.2983899,-0.26566422,-0.97890633,-1.065136,-0.6944182935910432,-5.218712,0.3107169,-0.8144314,-9.3115835,-9.216122,-1.1280625,-1.9788024,-3.4184608,0.231977,-0.3106437,-1.0260082,-1.1280625,-0.13112284483220166,-3.8663797,1.6630491,-0.25112313,-5.964425,-5.208253,-0.46300933,-0.8545437,-1.4613634,1.2467487,0.33853456,-0.36059248,-0.46300933,-0.3497856769697071,-4.4123116,1.1171174,-0.469787,-7.9789295,-7.9499583,-0.7557494,-1.140676,-2.1211364,0.94254494,0.22334784,-0.46979934,-0.7557494
pdac.721b941206e56e84a0919ff956f2cf2a4c05a05f02e1404248ae9628376ba379,-2.2354458891821274,-6.362874,-1.2389102,-3.0344818,-8.431589,-8.761921,-3.105669,-3.3858495,-4.1453505,-1.6413866,-2.4099903,-3.105669,-3.273983,-2.2230900914873937,-6.0231004,-0.89913666,-3.027917,-6.663176,-6.678673,-3.0909069,-3.3692112,-4.0126486,-1.577772,-2.3957772,-3.0909069,-3.2622914,-2.1931442074210583,-6.123527,-0.9995632,-2.927905,-7.2932115,-7.5399046,-2.9723692,-3.3098574,-3.9461968,-1.5074891,-2.2782338,-2.9723692,-3.177183,-1.3726995691683754,-4.303399,0.8205649,-1.4980605,-4.755945,-4.9834366,-1.565771,-1.7924858,-2.3858383,0.015946621,-0.8703332,-1.565771,-1.7053765,-1.2827148808637436,-4.5132437,0.61072004,-1.4052962,-5.7008467,-5.375227,-1.449995,-1.7379382,-2.3593829,0.06840796,-0.7558492,-1.449995,-1.623619
pdac.72bbd452ed7f204187777dcf8fb150e53c7dbeae32e3699475d01f179b1114c8,-0.7276562291168126,-5.290436,0.23899323,-0.8476692,-8.879467,-8.168234,-1.3257109,-2.1746979,-3.5078511,0.11354043,-0.22996481,-0.9261917,-1.3257109,-0.7365716328660982,-5.1830773,0.34635165,-0.8565862,-6.8086953,-6.8015566,-1.3274072,-2.1593285,-3.3973768,0.12021835,-0.23475829,-0.93064535,-1.3274072,-0.7491081967905151,-5.248531,0.2808982,-0.8691243,-7.8437653,-7.423561,-1.3361949,-2.1633594,-3.4167876,0.11298797,-0.2429838,-0.9385382,-1.3361949,-0.10186842589054876,-3.8347754,1.6946536,-0.2218686,-4.888493,-5.11615,-0.34847894,-0.8314814,-1.7345876,1.259641,0.40417525,-0.29138634,-0.34847894,-0.09818143425419035,-3.9955351,1.5338938,-0.2181816,-6.259392,-5.29418,-0.35387975,-0.83325434,-1.8161803,1.2437613,0.40310994,-0.29282013,-0.35387975
pdac.7345f8c7dc89854f3307344fc405d68108735641c81a8b6c4b68224d5602cb78,-0.4021794461915187,-5.1296306,0.39979845,-0.52218056,-9.090138,-8.945178,-1.1253836,-2.1123457,-3.4333122,0.31012082,-0.11227777,-0.86212695,-1.1253836,-0.4021993976714435,-4.92469,0.60473937,-0.52220064,-6.825748,-6.9708877,-1.1071129,-1.7546359,-2.9842982,0.40397874,-0.104028426,-0.8499508,-1.1071129,-0.40324407159632025,-4.963318,0.5661111,-0.5232454,-7.7652125,-7.633475,-1.10833,-1.7917507,-3.025767,0.40905395,-0.10648167,-0.85305905,-1.10833,-0.038271049955791975,-3.6646261,1.864803,-0.15827121,-4.9014425,-5.1740713,-0.3321456,-0.5555028,-1.3929837,1.4302164,0.45151687,-0.24542326,-0.3321456,-0.041818697748177786,-3.8797603,1.6496688,-0.16181886,-6.250836,-5.7620497,-0.33572933,-0.6808188,-1.5827858,1.332703,0.44545233,-0.25173157,-0.33572933
pdac.7356028f0d7a06a6c912febf441abd04c023f419cc19cbd54f4daa1b1d24ef7f,-1.4881510462519576,-5.922249,-0.3928198,-1.6151006,-10.053059,-10.144228,-1.927454,-2.74368,-3.9517195,-0.51285505,-1.0488424,-1.7512262,-1.927454,-0.9590792917180456,-5.2482686,0.28116035,-1.0791959,-7.071021,-7.204983,-1.5979793,-2.1107092,-3.0558486,0.010385176,-0.6917388,-1.4532831,-1.5979793,-0.8299130905401719,-5.2783365,0.2510922,-0.9499517,-8.440136,-8.359438,-1.4915764,-1.9977679,-3.2219748,0.07891422,-0.55574435,-1.3136057,-1.4915764,-0.35338202419792036,-3.8239775,1.7054515,-0.47338414,-5.158318,-5.2621055,-0.7329129,-0.96891826,-1.394962,1.1733845,0.04579434,-0.6657403,-0.7329129,-0.458005490230318,-4.3223042,1.2071247,-0.5780093,-7.015374,-6.548563,-0.77432925,-1.1634158,-1.9752502,0.8895881,-0.01921456,-0.7228087,-0.77432925
pdac.73df68f82f52910de8b01ebfe7842b873a094792bdcd43f1b3dd636d592efafc,-5.192469410428867,-8.228106,-4.356905,-6.506182,-9.940265,-9.554871,-6.506182,-6.506182,-6.5794516,-4.592167,-5.8204846,-6.5136595,-6.5794516,-4.647445229609284,-6.820926,-2.9497252,-5.8778405,-6.931934,-6.9108925,-5.8778405,-5.8778405,-6.083257,-3.998392,-5.3025393,-6.0035696,-6.083257,-4.69136209778731,-7.4095106,-3.5383093,-6.097581,-8.30947,-7.98085,-6.097581,-6.097581,-6.2562175,-4.1122966,-5.513542,-6.213379,-6.2562175,-2.5488557424605753,-4.883359,-1.0121579,-3.6697521,-5.0270104,-5.16352,-3.6697521,-3.6697521,-3.7531052,-1.8899066,-3.034484,-3.7294097,-3.7531052,-3.316084907551552,-6.05563,-2.1844292,-4.716594,-6.9938684,-6.73022,-4.716594,-4.716594,-4.878418,-2.745214,-4.133254,-4.8331823,-4.878418
pdac.74ce69bff8d17cc0f8829ce52e37dcc0058275a8061ee8356ac353797b201b56,-2.171727154837488,-7.208944,-1.6795148,-2.4850097,-11.539518,-11.249552,-3.4047418,-4.2462096,-5.3187237,-1.8536494,-2.2346466,-3.1135354,-3.4047418,-1.5447062032391554,-6.136142,-0.6067127,-1.6718345,-8.429727,-8.008379,-2.2859848,-3.0870144,-4.4772434,-0.822392,-1.2457167,-1.9880476,-2.2859848,-1.8800341354201047,-6.2763047,-0.74687594,-2.1238532,-9.840878,-9.476038,-2.406927,-2.9875128,-4.2980566,-0.93137914,-1.5951821,-2.3045707,-2.406927,-0.6642260943483332,-4.6861444,0.8432847,-0.78424156,-6.5208497,-5.822729,-0.97869164,-1.6234795,-2.8383317,0.49198517,-0.16227634,-0.85815245,-0.97869164,-0.5889223204307629,-5.0434294,0.4859998,-0.7089283,-8.567873,-8.465427,-1.2198694,-1.9816482,-3.0839684,0.25906637,-0.17626074,-0.88479304,-1.2198694
pdac.74ee47496d69f4081390f7a0ab460b408539fbabf9e8e21db50a98726add0316,-1.1635849679755768,-5.1654906,0.3639384,-1.2845532,-10.102435,-9.620234,-1.2933722,-1.7377372,-3.0874376,0.2872201,-0.5953954,-1.2885506,-1.2933722,-1.1500142956930315,-4.7718534,0.75757533,-1.2710772,-6.8611236,-6.893215,-1.2879883,-1.3954294,-2.389119,0.5877494,-0.5846015,-1.2777711,-1.2879883,-0.8822195243025593,-4.864701,0.6647283,-1.0023272,-8.696373,-7.9938464,-1.2068043,-1.4671495,-2.5647433,0.5735948,-0.44306237,-1.1465778,-1.2068043,-0.08700588412457486,-3.4381657,2.0912633,-0.20700619,-4.9410696,-5.1414557,-0.28995532,-0.41551322,-0.877653,1.6847107,0.45588207,-0.23773722,-0.28995532,-0.12351034496473476,-3.8067384,1.7226907,-0.24351071,-7.247068,-6.827051,-0.3861318,-0.5971683,-1.3004361,1.5319749,0.3767542,-0.31925917,-0.3861318
pdac.759fcac6f2c2d5a3e85fcd0328fa00057d9febcba896204d2b2e4949b4d2a15a,-1.8802663255357865,-5.9474354,-0.41800642,-2.1273913,-9.184623,-8.654647,-2.3077526,-2.6886158,-3.7476528,-0.6900731,-1.4977599,-2.1930618,-2.3077526,-1.8139617125964649,-5.5028315,0.026597712,-2.0297437,-6.7950015,-6.766068,-2.1738923,-2.399573,-3.1419199,-0.35657284,-1.4331539,-2.131466,-2.1738923,-1.7913799709228693,-5.675585,-0.14615585,-1.98671,-8.064367,-7.4341807,-2.1958628,-2.5273483,-3.2769628,-0.45477813,-1.4106519,-2.1115744,-2.1958628,-0.2739269129637779,-3.8260975,1.7033315,-0.39392766,-4.888507,-5.09994,-0.5508403,-0.8173638,-1.4701527,1.2387342,0.24026135,-0.45473337,-0.5508403,-0.27459833636016756,-4.124978,1.4044508,-0.39459902,-6.506516,-5.2699165,-0.6683259,-1.0443457,-1.7145844,1.0489603,0.1574611,-0.5472998,-0.6683259
pdac.75bcb181b4f2a515c0758cf202f05fb24e8c7d1f95d47a9a2b4cab0e2f6b7a5f,-1.6894524090452943,-6.941505,-1.4120761,-1.8123407,-10.959858,-10.528423,-3.460762,-4.5921183,-5.636082,-1.5581819,-1.6873049,-2.820333,-3.460762,-1.5798137594818633,-6.207036,-0.6776068,-1.706442,-8.348955,-7.744197,-2.4645433,-3.4164302,-4.6238317,-0.9969186,-1.3837557,-2.1891403,-2.4645433,-1.344388514368927,-6.2818956,-0.7524669,-1.4650356,-9.305861,-8.724133,-2.5843992,-3.554695,-4.688528,-0.96879,-1.2845497,-2.2752872,-2.5843992,-0.5688753883460079,-4.591695,0.9377341,-0.6888815,-6.4414825,-5.783937,-0.9727846,-1.6513401,-2.5793407,0.51443356,-0.1209917,-0.82312226,-0.9727846,-0.3298727181305445,-4.979611,0.54981804,-0.44987318,-7.9813867,-7.784732,-1.3297045,-1.9810882,-3.0552707,0.26422793,-0.19532411,-1.0690175,-1.3297045
pdac.76192c33dd02ab0443ce972d2712a7936c7529777bf0465f6c4f128bd2161c56,-0.6068001643095681,-5.555199,-0.025770178,-0.7268035,-10.178314,-10.434977,-1.4635344,-2.6146028,-4.123343,-0.108399324,-0.41691574,-1.2331051,-1.4635344,-0.6058194726873564,-5.035798,0.49363086,-0.7258268,-7.0330267,-7.0226417,-1.3297725,-1.7450118,-3.0208735,0.30821145,-0.3550623,-1.1263691,-1.3297725,-0.5771945133388808,-5.1564116,0.37301743,-0.69719976,-8.624325,-8.559341,-1.3900473,-1.8182664,-3.1814017,0.25388014,-0.38790467,-1.2046143,-1.3900473,-0.13495012687733254,-3.6358309,1.893598,-0.25495055,-5.118144,-5.1962786,-0.359942,-0.54929936,-1.2362401,1.507827,0.40137902,-0.29247192,-0.359942,-0.10856179962159404,-4.0970054,1.4324235,-0.22856207,-7.2265854,-7.2461443,-0.54547083,-0.7939746,-1.8008069,1.2281252,0.27548614,-0.43980983,-0.54547083
pdac.762de6fa5e93920687ef5f26c9c4d032586f5f0e9e37db571cf17ccc4e54962a,-4.262098529787361,-7.709792,-3.1454437,-5.9570074,-9.146653,-9.050863,-5.9570074,-6.17564,-6.399355,-4.19396,-5.458781,-6.17564,-6.2813106,-4.111556170887853,-6.967265,-2.402917,-5.9296374,-7.0868235,-6.9722548,-5.9296374,-5.964814,-6.149891,-4.000652,-5.2710485,-5.964814,-5.995178,-4.1140637055265765,-7.301546,-2.737198,-5.921269,-7.908273,-7.354236,-5.921269,-6.096282,-6.2998376,-4.098378,-5.3878975,-6.096282,-6.1956124,-2.447793641984146,-5.1219997,-0.55765146,-3.432698,-5.1807323,-5.2007895,-3.432698,-3.964704,-4.3593373,-2.1974628,-3.136253,-3.964704,-4.158822,-2.727217033984622,-5.7631607,-1.1988126,-4.538279,-6.4120975,-5.790025,-4.538279,-4.5946627,-4.806823,-2.627857,-3.899927,-4.5946627,-4.667429
pdac.7d8096443b0bafc320360b1ed49a6c092a08feeefdfbb48cb9e4584a6b58714b,-4.1125834649903785,-8.742723,-3.2132943,-5.5408754,-11.30501,-11.132115,-5.7166357,-5.9637375,-6.4218106,-3.848395,-4.8603797,-5.553608,-5.7166357,-2.3973517559903925,-7.0760145,-1.5465854,-2.8927534,-8.767402,-8.7041,-3.687186,-4.2084346,-5.1459336,-2.0361698,-2.5907738,-3.4140582,-3.687186,-2.492308596027512,-7.154088,-1.6246591,-3.5632668,-9.487974,-9.367128,-3.7055144,-4.123413,-5.0732617,-2.0740292,-2.9696603,-3.668315,-3.7055144,-0.7752374240359126,-5.2397203,0.28970882,-0.89524907,-6.864698,-6.9508657,-2.0989323,-2.6587424,-3.3697734,-0.2844227,-0.7348948,-1.76981,-2.0989323,-1.8717200293004526,-5.9185205,-0.38909155,-2.117728,-8.273808,-8.331643,-2.5681674,-3.0364642,-3.753137,-0.91360533,-1.6660956,-2.398021,-2.5681674
pdac.7decabff6d7a54fbce2bff7f23aa2082d11fd459ab6f9f8438295e5fbabfdcc7,-1.3315089504768003,-5.8843923,-0.3549632,-1.4521341,-7.7699747,-7.0452976,-2.3042088,-2.8227942,-4.0692472,-0.6549235,-1.1685331,-2.0096529,-2.3042088,-1.3846669200019295,-5.685285,-0.15585592,-1.5061827,-6.8533897,-6.9144034,-2.049588,-2.6452944,-3.7773974,-0.50531495,-1.1039292,-1.8575892,-2.049588,-1.900782899094374,-5.8913727,-0.36194393,-2.1328115,-7.1277323,-6.9425364,-2.2300644,-2.8576152,-3.9490538,-0.7515767,-1.476731,-2.1705916,-2.2300644,-0.1338673137985581,-3.9285069,1.6009221,-0.2538675,-4.951095,-5.170933,-0.3909595,-0.8546632,-1.8255208,1.1998008,0.3467735,-0.35109264,-0.3909595,-0.24240082400231305,-4.0619116,1.4675173,-0.36240128,-5.3751616,-5.2157063,-0.4611029,-0.8997892,-1.998191,1.0940635,0.26112318,-0.43463027,-0.4611029
pdac.7e98124ff495d361ad2b5b9af84ea85dc598461970a55f139ef311f86f44bfb0,-1.5738888429839037,-6.022491,-0.49306223,-1.7039956,-11.31974,-11.215204,-1.9427708,-2.6177092,-4.3310194,-0.5524223,-1.164899,-1.8721116,-1.9427708,-1.502360421454624,-5.305507,0.22392197,-1.63391,-8.344041,-8.287992,-1.7426177,-2.086175,-2.7940924,-0.008437861,-1.0171133,-1.713418,-1.7426177,-1.4687958736064188,-5.684031,-0.15460192,-1.5946019,-9.573808,-9.3412,-1.7841212,-2.384295,-3.5839155,-0.30299923,-0.99004185,-1.6874976,-1.7841212,-0.2028593431447835,-3.6601496,1.8692794,-0.32285994,-6.438616,-6.4651613,-0.54868263,-0.6823672,-1.0689081,1.4428605,0.22005057,-0.48641205,-0.54868263,-0.5157338629001925,-4.495726,1.0337029,-0.6357383,-8.320596,-8.479723,-0.7654085,-1.1960174,-2.2042432,0.819693,-0.013108174,-0.70893157,-0.7654085
pdac.7ed030aadbe23cd6c44869f54cd5b85bf65f77878311998d59c25cd032ca7b4e,-2.032347879934655,-6.4097166,-0.8802875,-2.411287,-8.965585,-8.993339,-2.9827976,-3.5900998,-4.3143725,-1.36142,-1.8754995,-2.5833826,-2.9827976,-1.8302085435053046,-5.814236,-0.28480706,-2.0383658,-6.750656,-6.677479,-2.696442,-3.2962434,-3.843808,-0.9976447,-1.5144244,-2.224862,-2.696442,-1.83307453847815,-5.9743547,-0.44492555,-2.0381858,-7.7099705,-7.586055,-2.7948039,-3.318853,-3.8240407,-1.0301579,-1.6239823,-2.3717647,-2.7948039,-0.8459151573698003,-4.1002097,1.4292192,-0.9660098,-4.8437557,-5.058011,-1.1761205,-1.5016547,-2.0561836,0.58667916,-0.409202,-1.113133,-1.1761205,-0.9220389852471346,-4.368937,1.1604921,-1.0422093,-6.180565,-5.6673527,-1.2296882,-1.4830029,-2.172104,0.55292654,-0.47110024,-1.1727428,-1.2296882
pdac.7f3cb82cc41988c2d6d360645ed0e881a2e7a9c51a68490a2efd760524245365,-3.6592289228461814,-8.221184,-2.6917553,-4.2753425,-10.014411,-9.505501,-5.3721704,-5.9771457,-6.4521995,-3.5609908,-4.0391273,-4.936633,-5.3721704,-2.520269014169823,-6.9961166,-1.4666876,-3.0155177,-7.847457,-7.4327555,-4.2259145,-4.9187675,-5.71478,-2.47083,-2.8551323,-3.8899734,-4.2259145,-2.146333242474078,-6.8345385,-1.3051093,-2.4708054,-8.4204235,-7.887209,-3.5585637,-4.436718,-5.4413905,-1.8949338,-2.1333556,-2.9272423,-3.5585637,-1.0675151191480565,-5.049228,0.48020056,-1.1877459,-5.945381,-5.5007634,-2.0464182,-2.6009035,-3.3770204,-0.3612471,-0.926943,-1.793124,-2.0464182,-0.7746614325496146,-5.2175093,0.31191987,-0.894682,-7.0762877,-6.5521965,-1.6927391,-2.4444919,-3.5280197,-0.16380364,-0.532394,-1.3090364,-1.6927391
pdac.7f77e76b4c9dd103e33b16b120a64a1d0a446df39a12c6294057161bd3f02f65,-0.9092723383521765,-5.1689725,0.36045653,-1.0293783,-8.7080765,-8.382095,-1.2122774,-1.7241939,-3.4970007,0.27653116,-0.41665548,-1.1133218,-1.2122774,-0.907814581474694,-5.0114126,0.5180166,-1.0279199,-6.7264366,-6.8730507,-1.2149999,-1.6888444,-3.1001298,0.32744846,-0.41592306,-1.1126561,-1.2149999,-0.9151171492833557,-5.065286,0.46414298,-1.0352291,-7.465746,-7.088971,-1.2162701,-1.6997018,-3.1211352,0.32008505,-0.4211221,-1.1176631,-1.2162701,-0.15914204676436478,-3.7386584,1.7907706,-0.27914247,-4.8056936,-5.0641317,-0.39918706,-0.5800755,-1.5491692,1.3859452,0.32818428,-0.36899412,-0.39918706,-0.1567789753307729,-3.9380407,1.5913881,-0.27677938,-5.916297,-5.612109,-0.39565423,-0.6166354,-1.6654645,1.3377099,0.33286744,-0.36408615,-0.39565423
pdac.83f2d92c94ce21a352b38b1cd7edecbda12dc0cdd890f7b6321a9769a6feedc3,-0.2753905297997747,-4.6162972,0.91313165,-0.39539123,-9.34754,-8.938645,-0.80908936,-1.333138,-2.1682649,0.82142603,0.06170224,-0.66820633,-0.80908936,-0.27539051812498505,-4.553347,0.9760819,-0.39539123,-6.7797527,-6.9379387,-0.8117593,-1.3140548,-2.155993,0.8327434,0.06079411,-0.6694449,-0.8117593,-0.2754105668273802,-4.666362,0.8630672,-0.3954112,-8.118164,-7.490331,-0.9677131,-1.4110785,-2.263166,0.74396145,0.01686348,-0.7318392,-0.9677131,0.006654615512829795,-3.5160904,2.0133386,-0.11334552,-4.834101,-5.143196,-0.27094758,-0.48952773,-1.0158414,1.6158206,0.4745454,-0.22480002,-0.27094758,0.0066546117557448325,-3.6765358,1.8528931,-0.11334552,-6.5723743,-6.0266886,-0.2841283,-0.5224078,-1.0776719,1.5855159,0.46171263,-0.2393525,-0.2841283
pdac.85c36a035e609f8eded25542b8441ecb28fcb348513ca2142e33662af200ec81,-2.178539234589597,-7.002997,-1.4735678,-2.5078034,-12.401481,-12.888834,-2.991887,-3.762685,-5.225163,-1.5341676,-2.0169153,-2.7358408,-2.991887,-1.672049502423104,-6.388367,-0.8589382,-1.8002678,-8.828947,-8.9682,-2.4158986,-3.4377968,-4.8285084,-1.0294769,-1.4099809,-2.1699634,-2.4158986,-1.3747885180677084,-6.193586,-0.6641569,-1.4955504,-10.586508,-10.708624,-2.0833418,-3.2644284,-4.7044435,-0.73785377,-1.0621744,-1.8013746,-2.0833418,-0.8370975845769086,-5.1002946,0.42913437,-0.957122,-6.915536,-7.2439923,-1.3185856,-2.1568093,-3.2997322,0.091698356,-0.40668827,-1.1117418,-1.3185856,-0.9195233461079456,-5.4091854,0.12024362,-1.0395732,-9.486571,-9.356203,-1.3406459,-2.2448506,-3.5860476,0.029205402,-0.45290262,-1.1524014,-1.3406459
pdac.8b5b183554faeba4aef48db5d679d93b7a445cfb34a3d1e24be04f9b066b18d8,-1.446199199711462,-6.1343613,-0.6049324,-1.5685376,-8.417928,-8.176119,-2.571405,-3.6279275,-4.7119107,-0.92151105,-1.0838293,-1.8045795,-2.571405,-1.4507021855648472,-5.7959023,-0.26647347,-1.5742073,-6.979281,-6.7623096,-2.1071644,-3.116953,-4.263647,-0.7352164,-1.0895702,-1.8103418,-2.1071644,-1.6493310107191421,-6.02869,-0.49926093,-1.784103,-7.3699574,-7.124507,-2.5602326,-3.338277,-4.386671,-0.97952086,-1.3001169,-2.0210855,-2.5602326,-0.5323849653652585,-4.11893,1.410499,-0.65239096,-5.072217,-5.000841,-0.80652374,-1.2356067,-2.2694814,0.78437966,-0.021067282,-0.7162522,-0.80652374,-0.5797538871578503,-4.392037,1.1373919,-0.6997602,-5.783865,-5.183898,-1.0187727,-1.498611,-2.415766,0.59085876,-0.16012108,-0.8672255,-1.0187727
pdac.8b60c481a94047662b09a4928c1846b5f9aef06fe283100469ee59e43e308d08,-3.862259368221202,-8.179774,-3.3434925,-4.8276334,-10.375329,-10.612129,-5.121787,-5.3452396,-6.209507,-3.8041158,-4.385987,-5.121787,-5.3452396,-3.5071736389196797,-7.463788,-2.627506,-4.565093,-8.284409,-8.160524,-4.9472504,-5.0994315,-5.707477,-3.4364936,-4.182792,-4.9472504,-5.0994315,-3.269365151741533,-7.535103,-2.6988208,-4.493367,-9.230495,-9.220098,-4.580492,-4.9804163,-5.7089663,-3.3157642,-3.8835542,-4.580492,-4.9804163,-2.56203435261951,-6.3148155,-1.478534,-3.6311069,-7.072685,-7.0996723,-3.7566128,-3.9614105,-4.605259,-2.3181314,-3.0556104,-3.7566128,-3.9614105,-2.770735395050024,-6.9823523,-2.1460705,-4.104213,-8.68028,-8.565338,-4.108671,-4.436513,-5.059374,-2.7348003,-3.415514,-4.108671,-4.436513
pdac.8c2d9eb467d3d49b9aae337c018c7bff2c169ad58e9dcaf7ad138b3a1d37c2e1,-0.9662417818007324,-5.0837655,0.4456634,-1.0864283,-8.650577,-8.101394,-1.2355411,-1.6667304,-2.8859894,0.33789226,-0.42388692,-1.1175172,-1.2355411,-0.9207645870098001,-4.939946,0.58948255,-1.0408986,-6.769852,-6.9482775,-1.2202578,-1.6548287,-2.5926971,0.37434298,-0.4001706,-1.094768,-1.2202578,-0.9586831457805741,-5.0788827,0.4505464,-1.078849,-7.55237,-7.0880394,-1.3693665,-1.8195314,-2.6687026,0.24780008,-0.5761453,-1.2917964,-1.3693665,-0.2602286435651547,-3.7133183,1.8161106,-0.3802298,-4.8453784,-5.18878,-0.47722387,-0.7269072,-1.2538815,1.3546283,0.28150967,-0.41214675,-0.47722387,-0.2785630088166513,-3.9081497,1.6212792,-0.39856428,-5.9243646,-5.3786335,-0.54212457,-0.7898263,-1.3798205,1.2819519,0.19339275,-0.50545657,-0.54212457
pdac.8d845c0381f88a6563e8bd9344b5463731fc016524b852184cf194cc2dcdf367,-1.9269126728460564,-6.1447515,-1.3084698,-1.9551948,-11.048017,-11.38243,-2.1790462,-2.7752445,-4.861064,-1.3419046,-1.4610507,-2.1790462,-2.7752445,-1.7910494349076174,-5.997011,-1.1607295,-1.8172941,-8.759051,-8.573594,-2.1013038,-2.717466,-4.760951,-1.2521567,-1.3683567,-2.1013038,-2.717466,-1.3652062872342101,-5.5372014,-0.7009197,-1.365657,-9.85626,-10.324341,-1.5784628,-2.170997,-4.265794,-0.74265605,-0.86284137,-1.5784628,-2.170997,-1.5037661509766318,-5.5502234,-0.7139418,-1.6275065,-7.524448,-6.9175634,-1.862574,-2.3575945,-3.7071373,-0.91388744,-1.1420492,-1.862574,-2.3575945,-1.4747298943231977,-5.6170497,-0.78076804,-1.5983852,-9.296306,-9.86177,-1.7392778,-2.2030416,-4.0929637,-0.85367113,-1.036238,-1.7392778,-2.2030416
pdac.8db3399404d961555464c95439b25c8b76cbe04671182579e245aaaaad66b3bc,-1.3075007435740678,-5.6777864,-0.14835735,-1.4292024,-8.046365,-7.4222054,-2.0378923,-2.7011766,-3.6268246,-0.44402733,-0.85831934,-1.5599957,-2.0378923,-1.3082223514147753,-5.3348265,0.19460256,-1.4304821,-6.5501494,-6.6599693,-1.6958938,-2.3670793,-3.2001896,-0.19153348,-0.83088094,-1.5288594,-1.6958938,-1.3273259165060973,-5.349699,0.17972998,-1.4501737,-7.0607624,-6.8519053,-1.6260978,-2.2866852,-3.2024345,-0.12611504,-0.77624404,-1.4695795,-1.6260978,-0.4656221913609435,-3.7419057,1.7875234,-0.58562785,-4.6414013,-5.0199785,-0.6055136,-0.9288623,-1.5076114,1.1785055,0.09871209,-0.5944742,-0.6055136,-0.3456978270104507,-3.9213111,1.6081178,-0.46569985,-5.37154,-5.201397,-0.63339686,-0.9304444,-1.6298337,1.1564716,0.17099251,-0.5238441,-0.63339686
pdac.8dff71c8dfb3212d798bff5e81eeac66a5535b0aa6877ae0e3785e61b562f0a9,-3.129066529921294,-7.8163853,-2.286956,-3.7818837,-9.972952,-9.658817,-4.4384933,-5.232165,-5.8782973,-2.909817,-3.428641,-4.211276,-4.4384933,-2.5797600145062907,-6.791268,-1.2618389,-3.2315798,-7.6099606,-7.4360695,-3.7647474,-4.2675695,-5.112973,-2.1211805,-2.6623707,-3.3642993,-3.7647474,-2.5961273365984763,-6.957964,-1.4285347,-3.3817525,-8.377092,-7.777865,-3.8132505,-4.4400153,-5.2024646,-2.247355,-2.7759264,-3.473254,-3.8132505,-1.6972543122482846,-5.0020013,0.5274276,-1.8551812,-5.703711,-5.4653606,-2.2138045,-2.6817467,-3.2589085,-0.5128896,-1.1992291,-1.8930949,-2.2138045,-1.6088135956788334,-5.462591,0.06683766,-1.7442104,-6.999,-6.4967947,-2.3859787,-3.0841727,-3.6217194,-0.79573965,-1.3967211,-2.1833358,-2.3859787
pdac.90a1713192200a1dcd25fd01f7a5218b22e1b68a4e7c99292bdb285992bc3c88,-1.5968045636738484,-6.3159714,-0.7865426,-1.6004827,-11.250935,-10.865145,-2.1647267,-4.144029,-6.072401,-0.8120935,-0.9525447,-1.6467624,-2.1647267,-1.37478998756854,-6.104334,-0.57490486,-1.496518,-8.571091,-8.360549,-2.0702724,-3.649097,-5.319258,-0.6994645,-0.8539432,-1.5484376,-2.0702724,-0.9035960180521241,-5.6675696,-0.1381407,-1.023123,-9.439986,-9.157232,-1.5845667,-3.366278,-5.0365644,-0.20035118,-0.37349784,-1.0676353,-1.5845667,-0.6246382265057828,-5.001265,0.5281638,-0.74464583,-6.655247,-6.480773,-1.0669063,-2.2949524,-3.6620605,0.23155697,-0.075420715,-0.76886106,-1.0669063,-0.19995516542282915,-4.7686124,0.7608166,-0.31995547,-8.209936,-8.075384,-0.63029695,-2.0514674,-3.6404111,0.67152923,0.35629058,-0.33700186,-0.63029695
pdac.911bb1043c8e68010d9dffdcc0f5f61ac56898060ed868256da258864f853a48,-2.1962063302691046,-6.613156,-1.7768742,-2.2698147,-10.423866,-10.799885,-3.2663937,-3.7728543,-4.920659,-1.9272218,-2.1420686,-3.2663937,-3.7728543,-2.0509067547414,-6.342613,-1.5063317,-2.2519174,-8.49858,-7.3889656,-3.1815016,-3.6658466,-4.7626967,-1.8651824,-2.107123,-3.1815016,-3.6658466,-1.6553240894588845,-6.104635,-1.2683529,-1.7809805,-9.276738,-9.168343,-2.7529972,-3.2515848,-4.4564056,-1.443112,-1.6472143,-2.7529972,-3.2515848,-1.6686330166941516,-5.501517,-0.6652349,-1.8011873,-7.28364,-6.151862,-2.626028,-3.018493,-3.8168209,-1.2377732,-1.6254615,-2.626028,-3.018493,-1.5495953647139662,-5.8495955,-1.0133137,-1.6734201,-8.660736,-8.494986,-2.516629,-2.9680686,-4.066401,-1.2379355,-1.503524,-2.516629,-2.9680686
pdac.91e2b3043c84478e106f3ebeb3fb9679cd4699f0b51038406d63b2ef6eb5e7f3,-3.4516448692990274,-8.286886,-2.757457,-4.456543,-10.478529,-9.920892,-5.1099977,-5.7679634,-6.2687473,-3.381872,-3.841958,-4.5384564,-5.1099977,-2.599500065713116,-6.9770727,-1.4476435,-3.5148022,-7.9260855,-7.6615467,-3.8247128,-4.2199807,-5.4032717,-2.254107,-2.971582,-3.6779847,-3.8247128,-2.819387799747149,-7.3460355,-1.8166065,-3.9355211,-8.830885,-8.257933,-4.276085,-4.739815,-5.5606647,-2.6603224,-3.3237658,-4.020521,-4.276085,-1.2399345213873607,-5.0127316,0.5166972,-1.3611519,-6.0220556,-5.823045,-1.5636119,-2.2960963,-3.3779602,-0.16167922,-0.7758301,-1.475501,-1.5636119,-1.9223215134595852,-5.819519,-0.29009014,-2.2310634,-7.5307245,-7.0001163,-2.5979826,-3.2208993,-3.944589,-1.0316367,-1.6331065,-2.3312654,-2.5979826
pdac.923920cfd303f026516e61bbddd01eb7d39d6b7287bdb70e6537755e5055d8b2,-0.6310935110754033,-4.5617776,0.9676513,-0.7511088,-8.3060875,-7.947006,-0.8563513,-1.155779,-2.069164,0.8699895,-0.07941242,-0.7727947,-0.8563513,-0.637501297967692,-4.471938,1.0574908,-0.7575179,-6.6522045,-6.7757425,-0.861756,-1.1645485,-1.9518683,0.8717241,-0.087317936,-0.7807346,-0.861756,-0.821532379004348,-4.5541286,0.97530025,-0.94160706,-7.1559663,-6.956479,-0.98757154,-1.2461087,-1.9678626,0.79739475,-0.2699816,-0.96336544,-0.98757154,-0.06283427333190716,-3.2677944,2.2616346,-0.18283454,-4.7112794,-5.062886,-0.23378542,-0.33096632,-0.69634664,1.8123544,0.47974372,-0.21388547,-0.23378542,-0.1333250580531577,-3.3944528,2.1349761,-0.25332552,-5.5066285,-5.3359904,-0.27940583,-0.3608456,-0.7414202,1.7915791,0.43030488,-0.262888,-0.27940583
pdac.93759db95862e494cbb230910d31eded7d8aced273af00a1584a54a90c50685e,-3.6841820118165813,-8.215391,-2.685962,-5.303349,-10.708462,-10.448368,-5.6610637,-6.00074,-6.241726,-3.784314,-4.752945,-5.458004,-5.6610637,-3.182121624841317,-7.274872,-1.745443,-4.314383,-8.026149,-7.869882,-4.9921846,-5.3091965,-5.751556,-3.127321,-3.9984212,-4.8093815,-4.9921846,-2.921221369103674,-7.354349,-1.8249202,-4.5801225,-9.059955,-8.668562,-4.7164183,-5.112604,-5.6684237,-3.0158954,-3.970678,-4.667651,-4.7164183,-1.7129133166067665,-5.363097,0.16633198,-1.8630279,-6.1208444,-5.730103,-2.8671699,-3.3999965,-3.8993368,-1.0719389,-1.6058054,-2.4762514,-2.8671699,-1.9927025373425824,-5.9096527,-0.38022363,-2.331761,-7.808209,-7.440652,-3.1200514,-3.66669,-4.1977167,-1.392169,-1.9573518,-2.7264447,-3.1200514
pdac.98bee05530f247f34f74f2f374b644573e1194759f603dfa167946c42584bc7d,-0.24114789199810976,-4.7051353,0.8242938,-0.3611483,-7.799127,-7.2990146,-1.0158056,-1.5332283,-2.3322334,0.6239973,0.003850232,-0.77105725,-1.0158056,-0.2426439647986956,-4.5604596,0.96896946,-0.36264443,-6.4600954,-6.7371154,-1.0186584,-1.5199449,-2.1754506,0.6675206,0.0010385818,-0.7747075,-1.0186584,-0.5831395980456837,-4.7143846,0.8150445,-0.7031477,-6.965845,-6.843062,-1.1360509,-1.6439868,-2.258712,0.5151445,-0.22169055,-0.94343257,-1.1360509,-0.0026937519854527414,-3.1613858,2.3680432,-0.122693926,-4.53195,-5.026166,-0.24005713,-0.39199513,-0.7309629,1.755506,0.49478093,-0.20146552,-0.24005713,-0.08818165458444158,-3.338388,2.191041,-0.20818198,-5.2642965,-5.149003,-0.2946669,-0.41865426,-0.86574036,1.6643984,0.43482244,-0.25964856,-0.2946669
pdac.991e2e08ce3a9b754930fead1abe83576a5ada57e5222082c9981182a0a71ee9,-1.358787715705104,-6.5612597,-1.0318308,-1.4791272,-10.59469,-10.142271,-3.044173,-4.2200065,-5.4607825,-1.2256963,-1.3774105,-2.5962648,-3.044173,-1.3454361972089872,-6.0494184,-0.51998925,-1.4661027,-7.341245,-7.079468,-2.546799,-3.2818236,-4.5490756,-0.90401226,-1.2624873,-2.2100966,-2.546799,-1.0996311892088935,-6.03675,-0.5073207,-1.2197123,-9.055196,-8.141188,-2.2736757,-3.3062596,-4.8751874,-0.72294426,-1.023344,-1.9836988,-2.2736757,-0.5920296608689927,-4.49654,1.0328891,-0.7120368,-5.4308505,-5.252572,-1.0103521,-1.6320635,-2.6973987,0.48879775,-0.21002612,-0.9258617,-1.0103521,-0.4041955563940993,-4.962208,0.5672213,-0.52419645,-7.72615,-6.9597945,-1.1362283,-2.1819725,-3.541022,0.24352148,-0.10175493,-0.8457259,-1.1362283
pdac.9b37ec58c54544ec51547c037e145283ccd3c1b78b088bc44f5a05e92d001b3c,-2.1224096265540995,-6.7752447,-1.2458156,-2.567308,-10.28589,-9.345726,-3.1369715,-3.6768546,-4.9287586,-1.5757803,-2.101481,-2.828309,-3.1369715,-2.105418666701804,-6.292378,-0.7629491,-2.5458922,-7.1668425,-6.980688,-3.1023228,-3.490772,-4.3767757,-1.4117953,-2.088038,-2.8176713,-3.1023228,-2.095077358246305,-6.499496,-0.97006714,-2.5458024,-8.823295,-7.8201447,-3.0219746,-3.5453641,-4.566237,-1.4427816,-2.0879297,-2.8175564,-3.0219746,-0.9935984162414605,-4.5356827,0.9937463,-1.1137908,-5.26029,-5.1756945,-1.415058,-1.8959203,-2.5539956,0.22297187,-0.52894557,-1.2286777,-1.415058,-0.9933736612109946,-5.0947285,0.4347006,-1.1135406,-7.440569,-6.707861,-1.6978762,-2.1566293,-3.044599,-0.028142367,-0.70167863,-1.4505796,-1.6978762
pdac.9d779dab9c3d5329c48d17596346d7b80a46905fcbec7c9b0c8d12a872cf258c,-1.9799072153150048,-6.306795,-0.7773662,-2.3025076,-8.100115,-7.4460945,-2.6692178,-3.6660583,-4.761812,-1.2738161,-1.6108164,-2.3039646,-2.6692178,-1.9541925328582241,-6.002892,-0.47346297,-2.2683084,-6.727729,-6.791653,-2.4937863,-3.5305414,-4.4565187,-1.1531829,-1.5929092,-2.2862167,-2.4937863,-1.6980662020743447,-5.961148,-0.43171883,-1.8462578,-7.13083,-6.8151336,-2.363129,-3.3525407,-4.4861693,-0.9821696,-1.3624072,-2.083417,-2.363129,-1.0561893237312567,-4.3537245,1.1757045,-1.1766182,-4.818794,-4.992252,-1.3722383,-2.0048406,-2.5777209,0.18771589,-0.53196096,-1.2263439,-1.3722383,-0.7864963759620979,-4.547238,0.98219126,-0.90653515,-5.442187,-5.0902395,-1.3034079,-2.089714,-2.8932483,0.17311092,-0.33650136,-1.0383053,-1.3034079
pdac.9e7bcbfac09cc4a8030215ea00229e011d0da56747f8944c551b3b6ded533d9c,-1.4940823710585378,-5.6736064,-0.14417729,-1.6208057,-8.085794,-8.003675,-2.1402824,-2.4793518,-3.2952113,-0.4221696,-1.1527214,-1.8787817,-2.1402824,-1.441548194425966,-5.2471757,0.28225315,-1.5678588,-6.7899637,-6.862014,-1.7888533,-2.1843739,-2.8159962,-0.095171995,-0.9484042,-1.6444843,-1.7888533,-1.3629077142299253,-5.3048387,0.22459042,-1.4860221,-7.181408,-7.0731263,-1.7548068,-2.1487606,-2.8990855,-0.08103239,-0.90430385,-1.6044469,-1.7548068,-0.13865122125105017,-3.525461,2.003968,-0.25865158,-4.88704,-5.1484137,-0.44197378,-0.59714735,-0.997033,1.5503333,0.31262502,-0.3889926,-0.44197378,-0.1516364102953755,-3.682651,1.8467779,-0.27163678,-5.5212383,-5.240247,-0.4029182,-0.6055794,-1.1799167,1.4902542,0.32896248,-0.3689081,-0.4029182
pdac.9f6a4401a133c568cdcb87425a73497fdf4871e3a9b30b12aedc3fe16fa6a719,-2.9197893180980588,-7.5962,-2.0667708,-3.71545,-9.692831,-8.80938,-4.255355,-4.9545193,-5.7852926,-2.7476134,-3.3272717,-4.088415,-4.255355,-2.0630414651817333,-6.5272336,-0.9978048,-2.3380935,-7.454234,-7.2412806,-3.2982044,-3.887506,-4.9744725,-1.6346226,-2.0601356,-2.907138,-3.2982044,-1.8412259023821993,-6.515501,-0.9860722,-1.9930606,-8.247953,-7.519662,-3.134714,-3.8868308,-5.0566287,-1.4748337,-1.817028,-2.8169503,-3.134714,-0.6150586825804314,-4.8185444,0.71088463,-0.73506266,-5.5482097,-5.4009933,-1.8075364,-2.3702805,-3.1309004,-0.051921505,-0.5357468,-1.4908385,-1.8075364,-0.4694549508884145,-5.11309,0.4163391,-0.58945584,-6.771123,-6.092288,-1.8925737,-2.6645863,-3.6228766,-0.12313899,-0.45525777,-1.5597504,-1.8925737
pdac.9fc83182c7fbb8cc05f6223f13f9d796b226424fc11d6a2566c3759dfe8cf0c7,-3.143061300933846,-7.783964,-2.2545354,-4.5903807,-10.304245,-9.951555,-4.9452653,-5.3391743,-5.814073,-3.1766922,-3.9300728,-4.6237774,-4.9452653,-2.3985700781010584,-6.5660458,-1.036617,-3.2778642,-7.44514,-7.04941,-3.747997,-4.151304,-4.7963414,-2.0238624,-2.7473693,-3.4563637,-3.747997,-2.642422928359217,-7.111149,-1.5817196,-4.010694,-8.713969,-8.2187805,-4.3109546,-4.675793,-5.2513566,-2.5681365,-3.4676967,-4.174143,-4.3109546,-0.9571647360236445,-4.5755343,0.9538945,-1.0773181,-5.541445,-5.1365614,-1.4982733,-2.0181003,-2.748714,0.11457837,-0.54750144,-1.2566416,-1.4982733,-1.8503303491304464,-5.6377983,-0.10836951,-2.094933,-7.458628,-7.063515,-2.654398,-3.1048505,-3.7109067,-0.9260212,-1.5861926,-2.3002763,-2.654398
pdac.a0a13af13aa7cd043a97dadb65c95e6423bd1961454a7366cde580229e04d9bc,-0.4996364163047018,-5.337681,0.19174808,-0.6196375,-8.58051,-8.53933,-1.8345535,-2.422285,-3.1500924,-0.025924305,-0.4116739,-1.3519421,-1.8345535,-0.5030075169558714,-5.165213,0.36421573,-0.6230088,-6.5478206,-6.701091,-1.7703649,-2.3690426,-3.0700967,-0.000014694811,-0.41456607,-1.3540387,-1.7703649,-0.5174220222619057,-5.241435,0.28799397,-0.63742346,-7.402075,-6.8959026,-1.76701,-2.3631167,-3.0841439,-0.010280488,-0.4260638,-1.3607503,-1.76701,-0.07025951886296344,-3.797402,1.7320272,-0.19025967,-4.627314,-4.999008,-0.7760423,-1.1238142,-1.6580079,1.0258458,0.18836045,-0.5782326,-0.7760423,-0.0686788675773469,-4.0665226,1.4629061,-0.188679,-5.812064,-5.207596,-0.8388838,-1.2038028,-1.7043091,0.97688854,0.18995751,-0.57662594,-0.8388838
pdac.a14316713fea58c6f6f29a7157afdf38282b24e17dfb013e28575b00a905c15b,-4.165953052185767,-6.940859,-3.0696576,-5.139215,-7.797301,-7.0493727,-5.139215,-5.139215,-5.4573193,-3.6125555,-4.6505084,-5.370069,-5.4573193,-4.028722271228078,-6.417563,-2.546362,-4.7738442,-6.5827365,-6.568672,-4.7738442,-4.7738442,-5.2981143,-3.3973067,-4.387555,-5.1497517,-5.2981143,-4.026481650573722,-6.5600667,-2.6888657,-4.7677627,-6.866146,-6.7336044,-4.7677627,-4.7677627,-5.293687,-3.4222424,-4.380703,-5.142469,-5.293687,-2.3628860394638473,-4.506299,-0.635098,-3.0570219,-4.6775184,-4.787895,-3.0570219,-3.0570219,-3.1950834,-1.4490795,-2.414844,-3.1093602,-3.1950834,-2.3931007981031,-4.823421,-0.9522198,-3.0643868,-5.194833,-5.17412,-3.0643868,-3.0643868,-3.3805444,-1.609671,-2.442833,-3.138742,-3.3805444
pdac.a17efe7f2920d31824cc1af3a053044fefb91756d6a839a89e07a3957e4a666c,-2.295853298729071,-6.963887,-1.434458,-2.68974,-8.983153,-8.516425,-3.2681413,-4.165909,-5.2232285,-1.8303876,-2.2450962,-2.9797077,-3.2681413,-1.8952818262227016,-6.168704,-0.6392752,-2.0596461,-7.2802634,-6.983302,-2.7098403,-3.5669124,-4.496542,-1.1524647,-1.4604224,-2.158442,-2.7098403,-1.8664929866338755,-6.2344017,-0.704973,-2.0252688,-7.759969,-7.408909,-2.6172462,-3.5316896,-4.491358,-1.1087228,-1.4265548,-2.1246302,-2.6172462,-0.2679688756761577,-4.328136,1.2012931,-0.38796914,-5.3782454,-5.2211895,-0.9770879,-1.7219449,-2.441044,0.67428976,0.27430823,-0.41933063,-0.9770879,-0.2341521416357638,-4.482421,1.047008,-0.35415232,-6.2314796,-5.6306744,-0.9298225,-1.6544948,-2.6524804,0.6536457,0.2940283,-0.40017766,-0.9298225
pdac.a246c4c707c88164a196925eb8410260849a3d92ad6560171cb6e023a971b696,-1.6183019205042197,-5.360337,-0.57284486,-1.7484994,-8.230529,-7.460108,-1.933148,-2.0839345,-2.91334,-0.7052551,-1.2230493,-1.933148,-2.0839345,-1.2988969610383192,-4.890652,-0.1031603,-1.4202199,-6.6145496,-6.830024,-1.59166,-1.7718133,-2.3895817,-0.25823832,-0.8838884,-1.59166,-1.7718133,-1.6549911187992876,-5.1485705,-0.36107883,-1.7963979,-7.205279,-6.9296074,-1.9812193,-2.1028376,-2.5319147,-0.52686864,-1.271089,-1.9812193,-2.1028376,-0.08957221223712009,-3.3563428,1.4311491,-0.20957237,-4.7057724,-5.148184,-0.38766128,-0.5313452,-0.8479218,1.2063853,0.3212606,-0.38766128,-0.5313452,-0.44709833658131315,-3.7372797,1.0502121,-0.56710064,-5.5578637,-5.2659683,-0.69383276,-0.7658479,-1.194507,0.82730037,0.0073235347,-0.69383276,-0.7658479
pdac.a29c1816c7ba572fc8b9df90475e753c641a7a82cfa4af2c7bd8cd0ffe5748dc,-1.7047906011510556,-6.070439,-0.54100996,-1.8577671,-8.98624,-8.40671,-2.3078704,-2.808966,-4.2835,-0.7748434,-1.4352447,-2.1791792,-2.3078704,-1.4888561416812642,-5.5525746,-0.023145575,-1.6167839,-7.008824,-6.938968,-1.9926249,-2.3415587,-3.535499,-0.29890534,-1.0382309,-1.7388041,-1.9926249,-1.5906563355061376,-5.863712,-0.3342828,-1.7242273,-7.9182734,-7.365611,-2.3301592,-2.7118695,-3.8531697,-0.5988555,-1.3525563,-2.1233082,-2.3301592,-0.17928582522116132,-3.9348483,1.5945807,-0.29928622,-5.1018777,-5.1956806,-0.6218879,-0.8771424,-1.6939583,1.2191768,0.23952958,-0.46773922,-0.6218879,-0.2931752799082619,-4.3281536,1.2012752,-0.41317603,-6.342597,-5.463889,-0.8365073,-1.1495767,-2.2349389,0.89876324,0.021433752,-0.717248,-0.8365073
pdac.a3a867a0238a1ad0b98a0812fff4fb9a190afea7539d8f309377822431aba464,-2.05033209806514,-6.212976,-0.7836303,-2.4906032,-8.543373,-8.04529,-2.7292562,-3.0228937,-4.0290914,-1.1347706,-1.8633721,-2.558846,-2.7292562,-1.9552557956730907,-5.8233857,-0.39404026,-2.2628865,-6.773109,-6.86834,-2.4079158,-2.7925236,-3.8389614,-0.8866222,-1.6045542,-2.2983294,-2.4079158,-1.9542889172539448,-5.920282,-0.49093622,-2.2619698,-7.496254,-7.281586,-2.4090927,-2.790382,-3.8332772,-0.8845247,-1.605975,-2.299839,-2.4090927,-0.3413161444649291,-4.0787697,1.3505757,-0.46131706,-4.8685575,-5.133658,-0.7929383,-1.1894541,-2.1639087,0.7628773,0.21901415,-0.47421622,-0.7929383,-0.35050057106196736,-4.2611427,1.1682029,-0.47050154,-5.88055,-5.3018513,-0.80001026,-1.1942046,-2.2103863,0.751088,0.20859836,-0.48464888,-0.80001026
pdac.a5137d68fba08ee49a4db878ef9b1f1f70bc6b35c0444c9da2bbbbe61696ef6b,-0.9313229300324976,-5.172526,0.35690328,-1.0514516,-9.450276,-9.031839,-1.1817039,-1.751206,-3.5170355,0.26631308,-0.44014007,-1.1369367,-1.1817039,-0.9248594293427924,-4.947518,0.5819111,-1.0449904,-6.6316156,-6.702158,-1.1660417,-1.6690663,-2.8725467,0.35731837,-0.4179316,-1.1134181,-1.1660417,-0.9499265591094882,-5.1331697,0.3962592,-1.0700736,-8.085268,-7.578311,-1.2030705,-1.7713823,-3.3323767,0.23997396,-0.46178666,-1.1588712,-1.2030705,-0.28934709500898614,-3.6378694,1.8915597,-0.40934852,-4.709757,-5.0259686,-0.45390233,-0.65358114,-1.3065004,1.3941785,0.2607489,-0.4326702,-0.45390233,-0.29401022731818094,-4.1302795,1.3991492,-0.41401145,-6.6153903,-6.171509,-0.46969783,-0.84285563,-2.0018525,1.139963,0.23982657,-0.45412493,-0.46969783
pdac.a5419e9ef7a11bb4bdb0c3cfe1ace75c7b5a1f02dae6bb73afd022d829863834,-2.787678172332655,-7.043311,-2.2070293,-3.9840562,-9.910262,-10.12503,-4.244555,-4.3377204,-4.8934126,-2.6348522,-3.517855,-4.244555,-4.3377204,-2.5304199309531272,-6.344799,-1.508517,-3.48676,-8.009675,-8.031033,-3.7356882,-3.9183168,-4.276642,-2.1151774,-3.011873,-3.7356882,-3.9183168,-2.6422430292134456,-6.74389,-1.9076082,-3.9840562,-8.846446,-8.945719,-4.244555,-4.3377204,-4.6634574,-2.4900615,-3.517855,-4.244555,-4.3377204,-1.6032435547834734,-5.0895734,-0.25329164,-1.7347679,-6.7976775,-6.9189844,-2.215767,-2.5522623,-3.1275916,-0.7811506,-1.4111431,-2.215767,-2.5522623,-2.293284048562783,-5.9706283,-1.1343464,-3.2889228,-8.22599,-8.595819,-3.5288134,-3.625751,-3.8630896,-1.7189883,-2.8071644,-3.5288134,-3.625751
pdac.a5cb1ff31c34ce319fbdeedc56cbfc9d58f6361554c25b31dc1538db0ca5ae39,-2.133372311017844,-7.001675,-1.4722463,-2.394059,-9.267378,-8.648947,-3.9468083,-4.7714825,-5.4836907,-2.0320861,-2.2829778,-3.4647784,-3.9468083,-2.0372110262852394,-6.231217,-0.70178807,-2.393959,-7.035879,-6.851346,-2.7656672,-3.7592397,-4.7196956,-1.4202893,-1.8919156,-2.6077423,-2.7656672,-2.060071071307422,-6.4949226,-0.9654937,-2.397311,-7.9391727,-7.246011,-3.03748,-4.037516,-4.9279537,-1.6222409,-2.0130153,-2.7763355,-3.03748,-0.6564753935831241,-4.3659096,1.1635194,-0.7764904,-5.1314983,-5.092951,-0.98571926,-1.7227983,-2.5999033,0.46458182,-0.15933499,-0.85560876,-0.98571926,-1.0400869466104976,-4.909233,0.62019575,-1.1603736,-6.455092,-5.787019,-1.4499608,-2.271729,-3.1401513,-0.021875493,-0.5088936,-1.2029468,-1.4499608
pdac.a69c3f93765ae9933011d8b968223255ccc235b1ec0403ad42c04f5b5aab4b78,-1.6280092757724947,-6.8179097,-1.2884809,-1.7503015,-9.695585,-10.065401,-3.3241258,-4.6903477,-5.6903753,-1.5152527,-1.6522391,-2.886661,-3.3241258,-1.5006882113673696,-6.283266,-0.7538369,-1.622208,-7.3916864,-7.149254,-3.0771189,-3.993663,-4.936429,-1.2769482,-1.4890199,-2.5965376,-3.0771189,-1.4764650886143507,-6.4311533,-0.9017245,-1.5976455,-8.153814,-8.046108,-3.0216703,-4.3095536,-5.230853,-1.2997395,-1.4631362,-2.5667021,-3.0216703,-0.42398205402542366,-4.6409683,0.88846064,-0.5439832,-5.484742,-5.274861,-1.7254122,-2.1707408,-2.8105092,0.15303655,-0.37908462,-1.4034045,-1.7254122,-0.39905007562795025,-5.105885,0.42354405,-0.5190506,-6.776439,-6.6899157,-1.7204821,-2.7447338,-3.601011,-0.08076877,-0.3591222,-1.3950503,-1.7204821
pdac.a6aa70a9f1ee7e710020b22ff6460a55427f75a10e95ae78a6663495f2cd3999,-1.1156656294486416,-5.18204,0.34738886,-1.2362506,-7.824906,-7.1064544,-1.3186946,-1.9037702,-3.2549672,0.17460229,-0.56810796,-1.2615758,-1.3186946,-1.115811628774631,-5.105987,0.42344204,-1.2363898,-6.6333528,-6.7735376,-1.3196979,-1.9302425,-3.1173131,0.178755,-0.56944585,-1.2629457,-1.3196979,-1.2833013239859565,-5.363885,0.16554412,-1.4051517,-7.1394086,-6.8765864,-1.6828957,-2.184934,-3.2457933,-0.102356784,-0.84822994,-1.5521414,-1.6828957,-0.2567278416886195,-3.6979613,1.8314677,-0.37672883,-4.716606,-5.029595,-0.45921025,-0.7441195,-1.4056733,1.3426254,0.27749896,-0.41643634,-0.45921025,-0.40480886389165216,-3.9116893,1.6177396,-0.5248118,-5.403622,-5.1779766,-0.7084979,-0.9286298,-1.5259166,1.1655442,0.06573276,-0.63328624,-0.7084979
pdac.ab9f564273f2f93170628f7b5fdf9f4da9e9a0419b18e9d3f6ccb9464de28698,-2.326449692568741,-6.8560596,-1.3266305,-3.111436,-9.127868,-8.257702,-3.3959885,-4.040776,-4.961802,-1.9053322,-2.5265603,-3.2262886,-3.3959885,-2.2448050071682566,-6.1404047,-0.6109757,-3.0469742,-6.8919935,-6.837505,-3.147752,-3.380127,-4.1464114,-1.3444138,-2.3982131,-3.0923913,-3.147752,-2.2389700042976717,-6.2838316,-0.7544028,-3.0283706,-7.7730994,-6.9714403,-3.1681392,-3.3575895,-4.328495,-1.3990864,-2.3875322,-3.0821233,-3.1681392,-0.9022768891880516,-4.2863665,1.2430627,-1.022384,-4.9870105,-5.0570226,-1.4230723,-1.6594948,-2.1330388,0.48978418,-0.55300623,-1.2786317,-1.4230723,-1.333242982107297,-4.745637,0.7837919,-1.4564723,-6.308135,-5.6370535,-1.5958682,-1.8656883,-2.6010182,0.16762683,-0.8301362,-1.525676,-1.5958682
pdac.ac0b600e97047712247f15ccc32a821fdb6fbf47f7ed78a950b575b1d034fff6,-1.4646876472823176,-6.153585,-0.6241558,-1.5884684,-9.604045,-9.784796,-2.3152127,-3.1478164,-4.3955336,-0.8287455,-1.1612064,-1.9030344,-2.3152127,-1.455791780895956,-5.730433,-0.20100395,-1.5812035,-7.069946,-6.95869,-1.832956,-2.865688,-4.2250404,-0.54023296,-0.946663,-1.6416351,-1.832956,-1.3864506056822576,-5.9208584,-0.39142925,-1.5089923,-8.268855,-7.9518137,-2.0404704,-3.0253053,-4.228589,-0.62828374,-0.95566005,-1.6601951,-2.0404704,-0.5736992642812669,-4.3199267,1.2095022,-0.6937082,-5.157398,-5.1827273,-0.7852238,-1.5172248,-2.6374273,0.6012956,-0.016475061,-0.7097509,-0.7852238,-0.5630450776945182,-4.7278004,0.80162853,-0.68305176,-6.7110853,-6.0867095,-1.0566988,-1.7019546,-2.7405307,0.41643354,-0.21735007,-0.94422114,-1.0566988
pdac.acc368f2b8da7821695ca21bc0520dfce8982f1635cd772cb76c8c2656a5482e,-3.8751009686235443,-6.902439,-3.031238,-4.1499367,-8.4644785,-8.11934,-4.1499367,-4.1499367,-5.090807,-3.3222399,-3.7039046,-4.437973,-5.090807,-3.7556464451050378,-6.4995522,-2.6283512,-4.0148134,-6.920704,-6.929669,-4.0148134,-4.0148134,-4.95679,-3.2275496,-3.6131134,-4.367056,-4.95679,-3.7385555704891327,-6.630767,-2.7595658,-3.99349,-7.3557014,-7.051223,-3.99349,-3.99349,-5.000886,-3.248659,-3.6062944,-4.3679843,-5.000886,-2.3793619521926814,-4.764964,-0.8937629,-2.6683164,-5.013707,-5.1810665,-2.6683164,-2.6683164,-3.2003014,-1.6163456,-2.125178,-2.8315969,-3.2003014,-2.3895544163550615,-5.0966682,-1.2254673,-2.6547003,-5.735452,-5.634793,-2.6547003,-2.6547003,-3.4894807,-1.7562832,-2.1228995,-2.8316154,-3.4894807
pdac.adbd88f43cb0fee096ce4a08d2cd48e61c5e39a47df55f30b673f76015289313,-0.8302986471518853,-5.270967,0.25846207,-0.95034283,-8.438899,-8.163673,-1.4966645,-1.8589481,-3.305021,0.13402563,-0.5758654,-1.3449172,-1.4966645,-0.8185372484426189,-4.980177,0.5492521,-0.9385876,-6.7092657,-6.8714294,-1.5131491,-1.749243,-2.6317616,0.32162124,-0.58063066,-1.3601031,-1.5131491,-0.7950364678249113,-5.078657,0.45077172,-0.9150743,-7.312197,-7.0943832,-1.4766369,-1.8584751,-2.7487552,0.26001716,-0.54233104,-1.31243,-1.4766369,-0.14337406800111657,-3.5191114,2.0103176,-0.26337457,-4.796901,-5.1007195,-0.3735622,-0.53228134,-1.0568459,1.6178908,0.39456612,-0.2992235,-0.3735622,-0.10979179357832591,-3.7529266,1.7765024,-0.22979213,-5.7029295,-5.40792,-0.38196188,-0.63957965,-1.2345159,1.4664367,0.41115704,-0.28342786,-0.38196188
pdac.af5ccfa4bae153fdf7bc12e4ad887d506696f371ecd7a5b252bdbe6445b4428e,-1.4047707937700076,-4.8118553,0.7175738,-1.5321833,-7.5224586,-7.494791,-1.7335614,-1.9666557,-2.3490374,0.16514741,-0.9725633,-1.6760194,-1.7335614,-1.420642890559244,-4.529321,1.0001078,-1.5500646,-6.0065784,-6.479967,-1.7443129,-1.8366072,-2.1526926,0.33034465,-0.99094105,-1.6944802,-1.7443129,-1.5787707474697381,-4.6886473,0.8407818,-1.7295458,-6.623904,-6.7031536,-1.8801233,-1.9669964,-2.2694056,0.17887586,-1.1216176,-1.818737,-1.8801233,-0.11855353706725419,-2.7555025,2.7739265,-0.23855405,-4.1146464,-4.745613,-0.2876864,-0.3246977,-0.56526536,1.8480576,0.42531222,-0.2682766,-0.2876864,-0.1843750766084999,-2.904896,2.624533,-0.30437592,-4.96413,-5.023717,-0.32270572,-0.43404502,-0.6452097,1.7653582,0.38521186,-0.30794168,-0.32270572
pdac.af7de7b5f7162b3ee417281e38954eb440b4e18c94c233d4fa6b8dff9ebd26c6,-0.25289719018743817,-5.1666574,0.36277145,-0.37289742,-9.712287,-9.931681,-1.249016,-2.1684856,-3.4433606,0.27583262,-0.0008718002,-0.7714072,-1.249016,-0.25162381644267007,-4.8696175,0.6598116,-0.37162417,-7.0503044,-6.9738464,-1.0279477,-1.7651325,-2.8403842,0.500571,-0.00004372452,-0.7708508,-1.0279477,-0.2177247491825805,-4.9058924,0.6235368,-0.337725,-8.278539,-7.9127545,-1.0777602,-1.7141343,-2.823109,0.51601505,0.012509322,-0.77219,-1.0777602,-0.007689422827729359,-3.6959934,1.8334355,-0.12768956,-5.1159787,-5.155553,-0.40046513,-0.5718321,-1.3328923,1.4395187,0.42174402,-0.28349152,-0.40046513,0.02622966375024076,-3.998815,1.530614,-0.09377042,-6.8217163,-6.525831,-0.39074364,-0.82634217,-1.5479519,1.3034501,0.43945974,-0.2689543,-0.39074364
pdac.af91bab1042745b4226304a0d49b9dbd0c9f69a92fc17cd5c3d3bf18893f1c7f,-0.6350891927614596,-5.564697,-0.035267685,-0.75509334,-9.331858,-9.037718,-1.488811,-2.7198174,-4.242703,-0.13900103,-0.44489715,-1.2608165,-1.488811,-0.617760449112048,-5.2408295,0.28859955,-0.7377647,-6.789804,-6.851535,-1.4695866,-2.419567,-3.362127,-0.0072676074,-0.42615598,-1.2408447,-1.4695866,-0.6054853326380198,-5.3506165,0.17881244,-0.72548956,-7.8335648,-7.1900015,-1.459362,-2.3858905,-3.6916728,-0.016860697,-0.41588652,-1.2323257,-1.459362,-0.11859841078306502,-3.766931,1.762498,-0.23859864,-4.8743668,-5.1223855,-0.62883496,-0.88625616,-1.5084202,1.225341,0.22772902,-0.49892783,-0.62883496,-0.10856188861979921,-4.340515,1.1889136,-0.22856207,-6.40368,-5.9718156,-0.62085897,-1.3097011,-2.3183227,0.85901225,0.2349501,-0.49267742,-0.62085897
pdac.afa32c9f16c89a335394c4d54af505c137df1b720fed4019dd7b4003991be170,-0.9641077077785905,-5.9752064,-0.4457776,-1.0371915,-10.049018,-9.645754,-2.4713264,-3.9937375,-5.227691,-0.5359863,-0.587914,-1.3207312,-2.4713264,-0.9077334573065671,-5.8245177,-0.29508886,-1.0277578,-7.866365,-7.7943525,-2.4437134,-3.8796368,-5.070726,-0.51873165,-0.5784657,-1.3112774,-2.4437134,-1.0111143437540022,-5.964263,-0.43483385,-1.1293622,-8.567325,-7.887824,-2.510664,-4.006747,-5.2333326,-0.6221247,-0.680244,-1.413122,-2.510664,-0.1631717947102967,-4.5800424,0.94938654,-0.28317195,-5.953668,-5.472989,-1.179919,-2.2375116,-3.1811376,0.47418758,0.29403695,-0.40672335,-1.179919,-0.2073201635047357,-4.8299594,0.6994697,-0.32732037,-7.1629586,-6.734885,-1.2999432,-2.527325,-3.5355825,0.37894914,0.24970736,-0.45107836,-1.2999432
pdac.b02ae258e9051c1a4101afdbe3ddcb046343c84eea8c51e13b967e71f0804779,-0.7872361372079932,-5.6752267,-0.14579764,-0.9072463,-8.464801,-7.7484775,-1.863313,-2.7878315,-4.1861033,-0.34186438,-0.6495242,-1.5193696,-1.863313,-0.7873231338103758,-5.1879697,0.3414592,-0.9073468,-6.747233,-6.927704,-1.5574847,-2.047082,-3.19386,0.096352056,-0.517993,-1.2784874,-1.5574847,-0.7929937138192736,-5.306096,0.22333275,-0.9130167,-7.359642,-6.9755106,-1.6073791,-2.0913656,-3.3633435,0.0023979368,-0.5665992,-1.35397,-1.6073791,-0.1561921215564373,-3.6551604,1.8742684,-0.27619258,-4.8373117,-5.187887,-0.3761959,-0.6030855,-1.3256441,1.4768345,0.4017259,-0.29153907,-0.3761959,-0.186284408794951,-3.9990354,1.5303935,-0.3062849,-5.722926,-5.284786,-0.5316866,-0.8623294,-1.7122804,1.1890658,0.25862718,-0.4439686,-0.5316866
pdac.b0b1dcfb4442e5d72bce471466b549803c6d13c5dd5edadf324904c30c58a52f,-4.033418805149022,-8.034405,-3.198123,-6.376378,-9.776308,-9.353786,-6.469754,-6.542115,-6.639803,-4.3651543,-5.7722535,-6.469754,-6.542115,-3.5166026508704293,-7.3136683,-2.4773862,-5.7719884,-7.9554777,-7.578018,-5.7827396,-5.8399334,-5.973361,-3.7685182,-5.0895343,-5.7827396,-5.8399334,-3.3241015938480305,-7.3520813,-2.5157993,-5.8970795,-8.656422,-8.414782,-6.0022717,-6.047116,-6.1178784,-3.8458176,-5.3036017,-6.0022717,-6.047116,-2.773703384043495,-6.196314,-1.3600321,-4.971736,-6.7422423,-6.5540257,-5.0149193,-5.036392,-5.135602,-2.8761206,-4.32084,-5.0149193,-5.036392,-3.0079843126479315,-6.840895,-2.0046134,-5.2946525,-8.101776,-7.6421747,-5.3021607,-5.345142,-5.428598,-3.1614795,-4.6089854,-5.3021607,-5.345142
pdac.b1fae19137385bd05af392ad249d9a33d92e5bdaacc8b24cc9fedc7915263116,-1.3717469742339228,-5.6564727,-0.12704377,-1.4952465,-10.028527,-10.05027,-1.7353513,-2.2714438,-3.7620516,-0.2369708,-0.89989567,-1.5983484,-1.7353513,-1.0627918841060384,-5.0828557,0.4465733,-1.1831603,-7.194035,-6.961464,-1.5281947,-1.801821,-2.7166357,0.22518806,-0.69897515,-1.4198835,-1.5281947,-0.955198122166438,-5.1551323,0.37429658,-1.075347,-8.498464,-8.295195,-1.4235133,-1.8066156,-2.9199314,0.23054998,-0.5659012,-1.2798061,-1.4235133,-0.3483413576043862,-3.6597152,1.8697138,-0.46834365,-5.279234,-5.1153603,-0.5655418,-0.66895324,-1.1916056,1.42579,0.21433815,-0.47886437,-0.5655418,-0.3110209150517175,-4.052575,1.476854,-0.4310224,-7.128818,-6.8550816,-0.59998226,-0.8356565,-1.620989,1.227301,0.18530987,-0.5110349,-0.59998226
pdac.b32fb0a808898fb03ab000950bbf62d5c75680d3f42624b985293e75fb9e9460,-1.8852831068017353,-6.007975,-0.47854614,-2.1611023,-7.895957,-7.243267,-2.3813725,-2.9618537,-3.886365,-0.8622621,-1.592784,-2.2948487,-2.3813725,-1.7493081184420824,-5.5795155,-0.05008653,-1.9411024,-6.67717,-6.682807,-2.093145,-2.4561095,-3.5155344,-0.47998244,-1.3407567,-2.0386546,-2.093145,-1.8628833213979616,-5.7206554,-0.19122651,-2.1406636,-7.0291843,-6.909256,-2.2892435,-2.6306844,-3.618109,-0.61982834,-1.4645106,-2.1578045,-2.2892435,-0.24936512492450624,-3.9176407,1.6117884,-0.36936587,-4.770753,-5.0875425,-0.69738364,-0.93621385,-1.8698761,1.0489085,0.11827165,-0.60160375,-0.69738364,-0.7206710579187955,-4.2033205,1.3261083,-0.84070677,-5.314208,-5.248928,-0.95616305,-1.2355082,-2.042241,0.77426475,-0.16058628,-0.85381943,-0.95616305
pdac.b3c6da0097d17f97c15e0998990a8f04105360c1253639903137bbc1c8102f3a,-0.9960637240547122,-5.1425056,0.38692316,-1.1162822,-8.620891,-8.076563,-1.213453,-1.7884374,-3.0774164,0.24929523,-0.48906752,-1.1845427,-1.213453,-0.9893543106279638,-4.8197045,0.7097246,-1.109583,-6.474043,-6.6575127,-1.1976414,-1.7241896,-2.4487202,0.39146277,-0.46635106,-1.1608098,-1.1976414,-1.0146265329202202,-4.9556637,0.5737653,-1.1349043,-7.430447,-7.0765104,-1.2348195,-1.750715,-2.6460252,0.34339702,-0.5107708,-1.2064772,-1.2348195,-0.2891088269292171,-3.2944653,2.2349637,-0.40911043,-4.5597596,-4.981607,-0.4537528,-0.53854203,-0.8293268,1.636859,0.26096374,-0.43245593,-0.4537528,-0.29400987006942547,-3.6462727,1.8831563,-0.41401145,-5.903287,-5.439376,-0.46969783,-0.65084535,-1.1623119,1.4824107,0.23982657,-0.45412493,-0.46969783
pdac.b3fb202bd41a2a434757f96a74bb3f8a403a099f99c7e0ad7abe4b0d9e10874b,-3.2049601574095345,-8.029396,-2.4999669,-3.5043323,-11.100689,-11.2993355,-5.1101255,-5.773133,-6.208974,-3.0789204,-3.4034746,-4.6259284,-5.1101255,-3.1307994768234484,-7.469248,-1.9398189,-3.5043824,-9.028085,-8.7219715,-4.7243943,-5.270548,-5.9118795,-2.8931036,-3.3407981,-4.3681426,-4.7243943,-3.099506881762732,-7.6167746,-2.0873456,-3.5137327,-9.576988,-9.520123,-4.731922,-5.3958936,-5.980209,-2.938834,-3.3508132,-4.3796997,-4.731922,-1.9622827578074498,-5.65762,-0.1281911,-2.1891735,-7.1221247,-6.416024,-2.5710616,-3.3722148,-4.1092744,-1.1315688,-1.7062837,-2.427586,-2.5710616,-1.9818082589702821,-5.960638,-0.431209,-2.1906755,-8.332816,-8.312287,-2.610259,-3.5665317,-4.2876763,-1.2185404,-1.7503501,-2.486682,-2.610259
pdac.b4d16d1f96487e4d67a9ac27db066e606ae99dc56b7847c6f55c417158b767e5,-1.0802104409703284,-5.404401,0.12502792,-1.2005363,-8.171134,-7.411854,-1.6835502,-2.3629222,-3.1399136,-0.15785871,-0.739595,-1.4681246,-1.6835502,-1.0800466075189266,-5.138062,0.39136678,-1.2004364,-6.523133,-6.6621847,-1.686833,-2.0950677,-2.8483057,-0.0036202043,-0.7395617,-1.4681149,-1.686833,-1.0809452302787959,-5.200512,0.32891697,-1.2013288,-7.146763,-6.772339,-1.7335175,-2.163937,-2.8449743,-0.044646095,-0.7403949,-1.4689271,-1.7335175,-0.33287100790234037,-3.6312733,1.8981556,-0.45287305,-4.6102533,-4.9576764,-0.5654072,-0.8537794,-1.3920125,1.2350091,0.22976956,-0.46343338,-0.5654072,-0.3345562211219742,-3.81567,1.7137588,-0.4545582,-5.4829965,-5.1670027,-0.6993369,-0.94837576,-1.4573504,1.1416017,0.0928839,-0.6127189,-0.6993369
pdac.b5b002fb222ce76efc9ae1ba79920fb9ab40eaee03bdafecd65ab4b1527e9040,-2.829356240019771,-7.2118554,-1.6824266,-4.1859684,-8.910408,-7.693589,-5.0314326,-5.4248686,-5.8074546,-3.169982,-3.9310195,-4.804224,-5.0314326,-1.9561655502472144,-6.054777,-0.52534825,-2.2106278,-6.7326975,-6.7322483,-2.8614628,-3.3245044,-4.3034215,-1.2156848,-1.8355892,-2.6043043,-2.8614628,-2.631849097305862,-6.7214174,-1.1919887,-4.176273,-7.719656,-6.920041,-4.1961207,-4.5105796,-5.0892186,-2.4288623,-3.4854312,-4.178581,-4.1961207,-0.3284069944627409,-4.1274624,1.4019668,-0.44840792,-4.830402,-5.0122647,-0.82186174,-1.3224648,-2.192419,0.7992103,0.048592456,-0.6686046,-0.82186174,-1.9587661598844046,-5.2397795,0.28964928,-2.3447306,-6.1660943,-5.3530006,-2.6657255,-3.0526204,-3.6326797,-0.9525881,-1.8436052,-2.5596776,-2.6657255
pdac.b672e5bc3f0b20ae3f8db87646a0fcc5a8e9e9d1fcbe86ebd8154729a88b9e87,-1.296896149171984,-4.947642,0.4276365,-1.4192444,-7.782891,-7.183745,-1.5896534,-1.8440013,-2.3405344,0.16656625,-0.79822445,-1.4941764,-1.5896534,-1.297639131668785,-4.815045,0.56023365,-1.4200693,-6.573064,-6.785513,-1.555035,-1.8141919,-2.2459736,0.21942925,-0.7960865,-1.4918044,-1.555035,-1.5870190875714325,-4.944324,0.43095464,-1.7316074,-7.0700145,-6.966286,-1.7764714,-1.9656712,-2.3195362,0.09673243,-1.046743,-1.7399249,-1.7764714,-0.11798695170159651,-3.2264473,2.1488311,-0.2379873,-4.665164,-5.147262,-0.38954395,-0.45777482,-0.6698616,1.704221,0.3518222,-0.34728625,-0.38954395,-0.13102769584745982,-3.3198812,2.0553973,-0.25102806,-5.3399324,-5.2300386,-0.42852437,-0.48328844,-0.72364634,1.6609224,0.33360755,-0.36615175,-0.42852437
pdac.b6bd86ca77c61362ef3cca9a8020184b4ccf01b37ade4fa49a0b4f37377b4107,-2.4025131773814294,-7.5088367,-1.9794079,-2.709202,-11.026826,-10.643112,-4.4457245,-5.2259326,-5.9297204,-2.3928118,-2.5974238,-3.776616,-4.4457245,-2.232502041038793,-6.7148633,-1.1854342,-2.5619142,-7.4240327,-7.1509123,-3.8651898,-4.7163157,-5.443557,-2.10721,-2.428429,-3.5350533,-3.8651898,-1.975401159384821,-6.87784,-1.3484113,-2.1536283,-9.480882,-8.880316,-3.6635616,-4.598097,-5.4865856,-1.8249551,-2.042142,-3.2224236,-3.6635616,-0.7591752212213774,-4.8539424,0.6754864,-0.87919277,-5.5197783,-5.3145857,-1.6695443,-2.4487672,-3.4613938,-0.14826563,-0.610672,-1.4679749,-1.6695443,-0.34924900967851435,-5.195472,0.33395702,-0.4692494,-8.119367,-7.708393,-1.5531702,-2.7920718,-3.8284495,-0.026495762,-0.24578235,-1.1615883,-1.5531702
pdac.b91507ca1d44be225b381eca8bad64d5f2441a8aeb98b417baa4cd7cdbb4e264,-0.7739160203362657,-5.2375507,0.29187846,-0.89393735,-9.048374,-7.8967323,-1.1299171,-2.1698356,-3.947593,0.18009982,-0.22295667,-0.91635513,-1.1299171,-0.7744637059501753,-5.0434294,0.48599964,-0.8944906,-6.80423,-6.916561,-1.1338487,-1.8948535,-3.178561,0.29147714,-0.22469437,-0.91812074,-1.1338487,-0.8008086647832007,-5.1846848,0.34474397,-0.92083716,-7.867202,-6.970833,-1.1519489,-2.1339574,-3.5787616,0.18529126,-0.2452533,-0.9385575,-1.1519489,-0.04662380608959088,-3.6887875,1.8406416,-0.16662396,-4.884613,-5.1382966,-0.2271151,-0.5658433,-1.4337679,1.4566363,0.49433827,-0.19934411,-0.2271151,-0.041238012420757086,-4.0866838,1.4427453,-0.16123812,-6.2778378,-5.340528,-0.22316058,-1.0463934,-2.0727193,1.163558,0.4971154,-0.19665897,-0.22316058
pdac.ba60c23f496aa520c9369e56e9ad7cb89a2e49b5c54f64bdead27a9837e97cfd,-0.3816759515602929,-4.7887306,0.74069816,-0.5016774,-8.163835,-7.264854,-0.701454,-1.4945089,-3.5256102,0.65389246,0.05434291,-0.6497233,-0.701454,-0.3847292795685109,-4.71705,0.81237894,-0.5047309,-6.9556456,-6.968162,-0.7390692,-1.3302785,-3.288661,0.70266956,0.045520633,-0.6595659,-0.7390692,-0.42538631492457457,-4.713476,0.81595254,-0.54538864,-7.2881227,-6.944026,-0.7209777,-1.3146925,-3.2291853,0.71147966,0.06518089,-0.63168526,-0.7209777,-0.09016551270448034,-3.7588494,1.7705796,-0.21016577,-5.0080233,-5.1858845,-0.25115752,-0.47225398,-1.6742923,1.4563254,0.456027,-0.23749354,-0.25115752,-0.17432468209373958,-3.8545198,1.6749092,-0.29432517,-5.5459247,-5.207719,-0.35141644,-0.543174,-1.6705382,1.4005722,0.38724157,-0.30597347,-0.35141644
pdac.ba8e52946924dd9f0a204fd8c0e33373a68b4539e7d7b44891fcbff40a7e4a3a,-0.7182445072795264,-5.481587,0.047841903,-0.83825564,-8.727071,-8.316278,-1.5573602,-2.4756777,-3.8528533,-0.07844475,-0.3860427,-1.1177504,-1.5573602,-0.7173801087365111,-5.307597,0.22183171,-0.8373918,-6.781465,-6.6584725,-1.5282513,-2.4606621,-3.720729,-0.045253284,-0.35400498,-1.0751556,-1.5282513,-0.7310730091288259,-5.3304152,0.19901393,-0.85108745,-7.463314,-6.9822598,-1.4878427,-2.449595,-3.7027216,-0.007480009,-0.29726678,-1.0017158,-1.4878427,-0.08691225406510245,-3.9643636,1.5650654,-0.20691243,-4.864693,-4.988961,-0.5745539,-1.0412145,-2.04521,1.0067035,0.35889208,-0.34356284,-0.5745539,-0.08708754636494592,-4.134219,1.3952099,-0.20708773,-5.909152,-5.5660715,-0.5230823,-1.02421,-2.111192,1.0328999,0.43052566,-0.26425466,-0.5230823
pdac.bd3f626a0324142f7410ac61040fa11810275741e5f315a2429d05a5ec43ff9a,-2.53218967720651,-7.443222,-1.9137933,-3.4055908,-11.064795,-10.963341,-3.6765182,-4.3810263,-5.3401546,-2.2384984,-2.8706648,-3.5787258,-3.6765182,-1.980178208732183,-6.215491,-0.68606186,-2.3080087,-8.01032,-7.5947967,-2.7163455,-3.1941347,-4.1115065,-1.1272024,-1.7980965,-2.5118837,-2.7163455,-1.8550289142221863,-6.3037605,-0.7743315,-2.0519931,-9.379502,-9.1971,-2.5814834,-3.3284087,-4.1913614,-1.0657085,-1.5283786,-2.2388902,-2.5814834,-0.9128308911977686,-4.493537,1.0358918,-1.0329735,-6.103223,-5.4868965,-1.2142509,-1.5484834,-2.3095858,0.51478654,-0.43683946,-1.135203,-1.2142509,-1.0438611012900778,-4.889765,0.639664,-1.1642301,-8.163767,-7.9280777,-1.3331375,-1.6753999,-2.603795,0.32227886,-0.54183155,-1.2376733,-1.3331375
pdac.c206d4ea5e4ccc525df2bff4ba1b2bcf0874a4ed02da44d0e66bd2690ba2f3c1,-0.3291376093563797,-4.894603,-0.05832087,-0.44913775,-8.99029,-8.668228,-1.2573429,-1.8761991,-3.2640321,-0.113964126,-0.2679749,-1.2573429,-1.8761991,-0.3269776473061664,-4.831737,0.0045448593,-0.4469778,-7.1375313,-7.1036186,-1.2548224,-1.8706834,-3.2556193,-0.1106943,-0.2656954,-1.2548224,-1.8706834,-0.20530868516169248,-4.7413287,0.09495302,-0.32530874,-7.9648976,-7.6170845,-1.1099813,-1.7369494,-3.0891435,0.01824503,-0.13619244,-1.1099813,-1.7369494,-0.17668384401069437,-4.3629603,0.47332165,-0.29668394,-5.905916,-5.894389,-0.90099895,-1.4191405,-2.5443056,0.21685763,-0.035392508,-0.90099895,-1.4191405,-0.11426823725048807,-4.463235,0.373047,-0.2342683,-7.28141,-7.3111653,-0.8242656,-1.3504388,-2.6143827,0.25898874,0.03368066,-0.8242656,-1.3504388
pdac.c28de01257779876214d850cf0ebefb6c14a3ab1d8b22324495698213f55db92,-2.022584198435811,-6.917777,-1.3883482,-2.0641246,-9.834281,-9.75968,-3.5329006,-4.735426,-5.634088,-1.688855,-1.8071773,-2.6779552,-3.5329006,-1.8931386949161957,-6.3918357,-0.86240673,-2.0639944,-7.069684,-6.981872,-3.4643283,-4.3882804,-5.144849,-1.6107535,-1.8070652,-2.677865,-3.4643283,-1.894681696901475,-6.655011,-1.1255821,-2.0639846,-8.33764,-7.918824,-3.4750433,-4.4913526,-5.31749,-1.6434925,-1.8067787,-2.6772447,-3.4750433,-0.8767724794525936,-4.7575397,0.7718891,-0.99682343,-5.162002,-5.1628127,-2.0227687,-2.628829,-3.3105426,-0.2677336,-0.6860272,-1.5014226,-2.0227687,-0.8766855041882594,-5.328647,0.20078182,-0.9967235,-6.9039783,-6.471242,-2.1943572,-3.039787,-3.8001676,-0.4304756,-0.68560636,-1.5007222,-2.1943572
pdac.c3e2c24d1a42abf24343c0fb786088f8514a0b6bbc90b5c9c191d488955e2ff9,-1.7359756140577445,-6.2124705,-0.68304163,-1.891801,-9.014862,-8.437244,-2.5319757,-3.262714,-4.4515452,-0.95296305,-1.304512,-2.003933,-2.5319757,-1.7313824492768863,-5.877925,-0.34849593,-1.8917712,-6.857696,-6.797384,-2.4013216,-3.0271485,-3.9913533,-0.8140291,-1.3045592,-2.0039897,-2.4013216,-1.7629267402035476,-6.0138535,-0.48442444,-1.9318335,-7.851105,-7.2949495,-2.4207866,-2.990923,-3.990674,-0.85228133,-1.4610864,-2.1862557,-2.4207866,-0.7534877915302959,-4.298008,1.2314209,-0.8735246,-4.9489713,-5.1708355,-1.0059371,-1.559443,-2.32106,0.5629637,-0.26071677,-0.9573753,-1.0059371,-0.7634625357037172,-4.533087,0.996342,-0.8835008,-6.2869625,-5.39205,-1.0231571,-1.532486,-2.4027848,0.5523291,-0.2795525,-0.977071,-1.0231571
pdac.c3e392b73072999d4df66c741e2eb10e75f73ff262fcd58c57cb87d2f0bd0069,-3.661429388184689,-8.010228,-3.1739461,-5.2058353,-11.412302,-11.84853,-5.5647726,-5.6959286,-5.8916755,-3.6723607,-4.8085446,-5.5647726,-5.6959286,-3.514929565479291,-7.2885528,-2.452271,-5.181366,-9.552291,-7.7941723,-5.492834,-5.634771,-5.841421,-3.5723379,-4.7519455,-5.492834,-5.634771,-3.2324854190338663,-7.5105343,-2.6742527,-4.3983865,-10.31143,-10.394298,-4.942549,-5.262376,-5.685995,-3.3381379,-4.108123,-4.942549,-5.262376,-2.667772949333852,-6.1433473,-1.3070654,-3.9469125,-8.339337,-6.486235,-4.051694,-4.3516483,-4.8307004,-2.5255759,-3.3530672,-4.051694,-4.3516483,-2.6125141250125177,-6.8372765,-2.0009944,-3.8361413,-9.767027,-9.490141,-4.32309,-4.6155033,-4.99322,-2.6634476,-3.5157924,-4.32309,-4.6155033
pdac.c447d0704d341a7bb73e37da84c3da7a211065d2ab984a1e82006a4f1ecea07b,-2.312211908613435,-7.072557,-1.5431281,-2.9851372,-10.125676,-9.972242,-3.8115733,-4.2536893,-4.7974644,-2.0203626,-2.6529646,-3.4508476,-3.8115733,-1.0573982445768166,-5.605212,-0.075783364,-1.1775235,-7.0035286,-6.903445,-1.9930599,-2.8655565,-3.7946002,-0.47666854,-0.8458563,-1.6441288,-1.9930599,-1.680528387576067,-6.060137,-0.530708,-1.8236778,-8.519447,-8.345557,-2.6227708,-3.060731,-3.88926,-0.88833773,-1.4946086,-2.2949002,-2.6227708,-0.3090085103322845,-4.0769167,1.4525124,-0.42900935,-5.09121,-5.160944,-0.73733896,-1.2500386,-2.043083,0.8374841,0.11355459,-0.5929752,-0.73733896,-1.1256439095064112,-4.9066963,0.6227326,-1.2461827,-7.213988,-7.3371935,-1.6402862,-2.1200042,-2.5954988,0.058997795,-0.7573088,-1.4768202,-1.6402862
pdac.c54e781f8f4f0a183c65a6ac8acda3a9db8aab4e996e337d681b0eaadf4e17f8,-2.749272490655366,-7.489914,-1.9604847,-4.295563,-10.391858,-10.421119,-4.544888,-4.9447565,-5.597193,-2.8460362,-3.602576,-4.295723,-4.544888,-2.537086948529905,-6.68228,-1.1528511,-3.8006759,-7.104084,-6.894676,-4.114467,-4.5413523,-5.2814817,-2.4613438,-3.309532,-4.0283833,-4.114467,-2.505837575107072,-7.056472,-1.5270426,-3.8054316,-8.991956,-8.201126,-3.9770958,-4.427823,-5.2651234,-2.374792,-3.199055,-3.8963275,-3.9770958,-1.3256445733193614,-4.7495046,0.7799242,-1.4484177,-5.198967,-5.1119876,-2.0650015,-2.4700928,-3.2291477,-0.35257354,-1.0506846,-1.8066802,-2.0650015,-1.3946390896927223,-5.228969,0.30045998,-1.5195554,-7.6064854,-7.3339148,-2.0064518,-2.4149277,-3.2407026,-0.32026443,-1.1037089,-1.8507156,-2.0064518
pdac.c6ad4a9e7b3ecb72197aaaa950d604a1dba0f8f3058dc31ba62c16242efaed2a,-2.7596017089588205,-7.476078,-1.9466491,-3.5310557,-8.727495,-8.632063,-4.2241116,-5.1176476,-5.880254,-2.7470214,-3.1714098,-3.9497705,-4.2241116,-2.054087828990413,-6.264948,-0.7355191,-2.416359,-7.08594,-6.8872237,-2.972643,-3.7083392,-4.5386367,-1.461378,-1.9812224,-2.7196841,-2.972643,-1.9075875692496589,-6.165452,-0.6360229,-2.1503754,-7.386911,-7.179946,-2.5105486,-3.5847774,-4.4147267,-1.1663847,-1.6499213,-2.3661747,-2.5105486,-0.6015369481545114,-4.278043,1.251386,-0.72154707,-5.1882143,-5.1802874,-1.1318864,-1.5565398,-2.258196,0.55918485,-0.21589644,-0.9307736,-1.1318864,-0.4297369622710395,-4.419113,1.110316,-0.5497393,-5.884696,-5.5717897,-0.86515886,-1.6445,-2.4484007,0.56695956,-0.03141262,-0.74314773,-0.86515886
pdac.c75ad7b1858550227b107fd55bda1f2da1068ee58b30ea83d4bc34252db8ef95,-0.5875038628411657,-5.995863,-0.46643412,-0.5875039,-13.434611,-13.234194,-3.3156378,-4.911882,-5.985462,-0.48094392,-0.49951032,-1.7805898,-3.3156378,-0.54350633810523,-5.896575,-0.36714587,-0.58749384,-9.538984,-8.582569,-3.3156312,-4.888142,-5.8120527,-0.48015776,-0.49950108,-1.7805848,-3.3156312,-0.5869835604084427,-5.9673357,-0.43790665,-0.5869836,-11.622004,-11.458691,-3.3152242,-4.910961,-5.8436813,-0.48033193,-0.4990094,-1.7801846,-3.3152242,-0.06189695707556697,-5.0756617,0.4537674,-0.18189697,-7.620741,-6.655591,-1.9532499,-3.2665837,-4.204438,0.08544596,0.011557742,-0.9541097,-1.9532499,-0.06096657520963043,-5.4077635,0.12166554,-0.18096659,-10.42925,-10.315115,-2.302001,-3.711749,-4.623934,0.056415755,0.012451163,-0.9532845,-2.302001
pdac.ce33d1fe5f894a7e78479a178311391738280d30da5a1ab7ba60f0bcd80ce99e,-2.383009313998639,-6.8050694,-1.6121124,-3.0192847,-8.795102,-8.156248,-3.089981,-4.328299,-5.279071,-2.18031,-2.394337,-3.089981,-3.9002407,-1.413921016245017,-5.7419443,-0.5489872,-1.5354584,-6.78082,-6.726992,-1.8786397,-2.952005,-4.427469,-0.9491093,-1.1277267,-1.8786397,-2.3998878,-1.4432791705449728,-5.853128,-0.66017085,-1.5652685,-7.677389,-6.99865,-1.8936398,-2.9568276,-4.487963,-0.96675986,-1.1475207,-1.8936398,-2.388439,-0.13655298252592163,-4.0341225,1.1588342,-0.25655314,-4.878584,-5.0977116,-0.36739123,-0.9926294,-2.332347,0.6938133,0.33188593,-0.36739123,-0.68799436,-0.35318057224317484,-4.310358,0.88259894,-0.47318152,-6.1265564,-5.3285356,-0.47812268,-1.1961111,-2.5144303,0.53847194,0.2150367,-0.47812268,-0.8627831
pdac.ce4af8f1a2aa7960447bd3c4fea4740dd58a1c46f627a1dd7ff3ca731adce1ed,-1.9611659494408018,-6.511436,-0.98200715,-2.214962,-9.661225,-9.022988,-2.981308,-3.6131809,-4.3571553,-1.3524519,-1.9300674,-2.7698665,-2.981308,-1.9348779963831095,-6.085085,-0.5556562,-2.2052698,-7.0188403,-6.9697633,-2.7545798,-3.202516,-4.0522647,-1.1014385,-1.7418274,-2.469479,-2.7545798,-1.9636218565508523,-6.2846193,-0.7551906,-2.2544804,-8.371075,-7.5504713,-2.847887,-3.2905018,-4.121163,-1.1821737,-1.8538446,-2.608333,-2.847887,-0.6091456899753652,-4.3522425,1.1771863,-0.7291559,-5.112716,-5.193257,-0.9993392,-1.530693,-2.4089618,0.55422986,-0.10948438,-0.8055465,-0.9993392,-0.7931296092414822,-4.7530675,0.77636147,-0.91317004,-6.8811088,-5.937128,-1.319772,-1.7258238,-2.5696697,0.3369222,-0.38893664,-1.0993085,-1.319772
pdac.ce8673feaac156cf0af0decc0ac8787e47e5274ff65f0ba0cf24ee6ba1e35c26,-0.3657412008321646,-5.0107474,0.7883455,-0.48574257,-9.172123,-9.026187,-1.1176281,-1.6356579,-2.9877446,0.63147336,0.041517712,-0.66817963,-0.92500687,-0.372399300599499,-4.7214565,1.0776365,-0.49240085,-6.8282714,-6.8574796,-1.1160561,-1.4738679,-2.409027,0.8074823,0.0337856,-0.67614913,-0.925701,-0.3776483079770762,-4.7958803,1.0032123,-0.4976499,-7.899007,-7.65394,-1.1697496,-1.506758,-2.4707212,0.76334536,0.029434731,-0.6803013,-0.9694528,-0.025142086385275736,-3.3653674,2.4337254,-0.14514229,-4.9048123,-5.153205,-0.28339466,-0.34862143,-0.82859087,1.8900183,0.47413343,-0.22196144,-0.26208544,-0.020916359503090953,-3.5541298,2.244963,-0.14091654,-6.3988576,-5.975502,-0.35594082,-0.4486215,-0.94648,1.7834066,0.47946355,-0.2165404,-0.29760706
pdac.cff00c9edd6ff1b643a16b911fb842482216fda37ba00d5570ccff36c77f9b5b,-2.2777253530539148,-7.211812,-1.6823828,-2.8856668,-10.401753,-10.272533,-3.1914139,-4.4268546,-5.492455,-1.9018756,-2.2269292,-2.9206896,-3.1914139,-2.2236107759156316,-6.245133,-0.7157038,-2.8850539,-7.3866315,-7.235961,-3.000384,-3.2674627,-4.3806276,-1.3308221,-2.226549,-2.9203176,-3.000384,-2.25588932354226,-6.8012743,-1.2718456,-2.9045837,-8.727966,-8.592282,-3.2050445,-3.7681303,-4.827274,-1.6649982,-2.2404158,-2.9339955,-3.2050445,-0.8485263714497091,-4.3980985,1.1313306,-0.9685915,-5.481726,-5.2053294,-1.0879995,-1.486963,-2.4869063,0.52710634,-0.27888218,-0.9720353,-1.0879995,-1.4936762848108418,-5.400845,0.12858392,-1.6225173,-7.444355,-7.411772,-1.8400105,-2.3452284,-3.3488781,-0.27456787,-0.971115,-1.6651716,-1.8400105
pdac.d03a4e28c38bb6d90c15f60c73759059969c03a8fd15979c986cb93de018e6ea,-3.158395328795028,-7.2505436,-2.4142618,-5.245324,-8.5645895,-8.202944,-5.2712326,-5.2924204,-5.627589,-3.4182096,-4.5777497,-5.2712326,-5.2924204,-2.7326417935156266,-6.502474,-1.6661918,-4.418339,-7.1583276,-6.8260508,-4.7560844,-4.8823333,-5.1125655,-2.851561,-4.0069537,-4.7560844,-4.8823333,-2.642560634443903,-6.61728,-1.7809982,-3.81314,-7.5894475,-7.1616526,-4.186739,-4.442651,-5.0147457,-2.7165444,-3.4253693,-4.186739,-4.442651,-2.113764980391333,-5.3227386,-0.48645663,-2.653685,-5.945904,-5.4606414,-3.3420837,-3.5732214,-3.9975796,-1.6641723,-2.428635,-3.3420837,-3.5732214,-2.0221433290612087,-5.7364087,-0.9001268,-2.3462226,-6.924106,-6.4187183,-3.214178,-3.5285997,-4.194577,-1.6867242,-2.1839,-3.214178,-3.5285997
pdac.d07def8a4fa0912c958313a7cb3be7da9b8cd74cce87bb85ba511eb47c22cc0b,-1.1114291619039993,-5.978294,-0.4488649,-1.2315838,-8.778248,-7.7758737,-2.2324378,-3.6773012,-4.8283653,-0.679303,-0.802515,-1.543556,-2.2324378,-1.116922399594252,-5.7710366,-0.24160764,-1.2371196,-7.052554,-7.0050855,-2.2615366,-3.2244303,-4.223644,-0.5933265,-0.80448556,-1.5439993,-2.2615366,-0.4328577882553646,-5.5067396,0.022689503,-0.5528582,-7.5812583,-6.992115,-2.068843,-3.2865822,-4.311438,-0.19901626,-0.3087377,-1.1956339,-2.068843,-0.7245980383169819,-4.459137,1.0702918,-0.84462315,-5.1252103,-5.217318,-1.3389223,-1.8770196,-2.542694,0.33507162,-0.21891633,-0.9145031,-1.3389223,-0.38137289618391135,-4.67712,0.85230863,-0.501374,-5.961514,-5.469716,-1.2368078,-2.1951993,-3.0531113,0.32836902,0.040031802,-0.66672385,-1.2368078
pdac.d135322dce63dd6f859f4d3e1a489615974ba3a0b9bc68143b707a09577cdab8,-1.9137768040166874,-6.7563353,-1.2269065,-2.096864,-9.298459,-9.144081,-3.028684,-3.7577963,-5.0118265,-1.465249,-1.8715087,-2.7845063,-3.028684,-1.6326715377127625,-6.202615,-0.6731858,-1.7624615,-7.532472,-7.289178,-2.798449,-3.3743484,-4.4687777,-1.111666,-1.5392767,-2.4555056,-2.798449,-1.351434458502907,-6.0762143,-0.54678535,-1.4724654,-7.8474064,-7.486981,-2.6155326,-3.1578953,-4.356689,-0.8764335,-1.2561558,-2.182936,-2.6155326,-0.7707627575488235,-4.6288586,0.9005703,-0.8907905,-5.6231146,-5.334572,-1.5577317,-1.9551914,-2.6541731,0.21050152,-0.57264596,-1.3817723,-1.5577317,-0.5676452646010698,-4.764644,0.7647847,-0.6876501,-6.451991,-6.0590243,-1.4311243,-1.9197339,-2.7556603,0.26043627,-0.3885191,-1.2144415,-1.4311243
pdac.d16043fb89bf4128316d8ad14f39a3778220c240ddc07762a8670b0fa8e7f9d7,-1.7149974454273207,-6.1380873,-0.6086585,-1.8624613,-7.8618093,-7.152452,-2.4734735,-3.2808948,-4.240939,-1.0032632,-1.4608027,-2.2147665,-2.4734735,-1.4512061921971622,-5.522254,0.0071749873,-1.5778675,-6.8950987,-6.9530406,-1.7077608,-2.413116,-3.544015,-0.29017642,-0.93569016,-1.6302063,-1.7077608,-1.4621400099968995,-5.6265583,-0.09712935,-1.5886587,-7.115113,-6.931537,-1.8470669,-2.532826,-3.6608841,-0.40090844,-1.0177423,-1.7194138,-1.8470669,-0.12568981073942476,-3.8629282,1.6665008,-0.24569012,-4.991003,-5.1961117,-0.46474993,-0.8175569,-1.6119568,1.2728298,0.42680457,-0.26656038,-0.46474993,-0.15305874915826595,-4.0304537,1.4989755,-0.2730591,-5.3851976,-5.220578,-0.6422475,-0.95603174,-1.7940767,1.1106358,0.2275847,-0.48861748,-0.6422475
pdac.d3f24b198fa2a34dd906f2b53d2fc8ad517a8a3e3530812d26325a7df6ddd559,-3.260250555519893,-7.9601135,-2.4306843,-4.841534,-9.882259,-8.969289,-5.411467,-5.783166,-6.158565,-3.5900626,-4.482872,-5.261879,-5.411467,-2.332962160503337,-6.581827,-1.0523984,-2.992254,-7.1980143,-7.0965405,-3.262491,-4.163939,-5.0316806,-1.8866912,-2.42765,-3.1302948,-3.262491,-2.504363145023056,-6.9826765,-1.4532474,-3.4470437,-8.398167,-7.458661,-3.9963064,-4.550247,-5.2891607,-2.3608031,-2.930304,-3.6424162,-3.9963064,-1.0839469270638835,-4.698089,0.83133966,-1.204284,-5.294077,-5.267456,-1.4383199,-2.0390697,-2.9493136,0.068987064,-0.6189166,-1.3185816,-1.4383199,-1.968416801215799,-5.530642,-0.0012129188,-2.3773108,-6.987561,-6.067964,-2.6089647,-3.0660012,-3.6384978,-0.92963403,-1.8117093,-2.5141962,-2.6089647
pdac.d493eb2bf0244500b9f846c4f95ed269b7803481862af70f23187888ddf36720,-2.1155092190442613,-6.61197,-1.0825408,-2.5541341,-8.307437,-7.9736238,-2.8882225,-3.8050253,-5.0790315,-1.501168,-1.8884076,-2.5819414,-2.8882225,-1.4140291163778382,-5.786583,-0.2571542,-1.5364748,-6.997591,-6.911895,-2.1345904,-2.8951437,-4.068462,-0.6355667,-1.1739585,-1.9504538,-2.1345904,-1.5107480690880153,-5.773332,-0.24390309,-1.6377401,-7.2922688,-6.976882,-1.9910412,-2.7766948,-4.125069,-0.5543755,-1.0980724,-1.8051713,-1.9910412,-0.11908712128608973,-4.1227913,1.4066378,-0.2390873,-5.090795,-5.1932406,-0.64481163,-1.2981638,-2.0650654,0.8753245,0.21975432,-0.5095235,-0.64481163,-0.44851300643144276,-4.3748226,1.1546066,-0.5685156,-5.6522384,-5.2664146,-0.8383761,-1.4858506,-2.5071888,0.6865392,-0.023409938,-0.72945184,-0.8383761
pdac.d66b216c56e88016d492434f911f75ca8231ae5e2f72647acb0ce719e6bbc705,-0.3776102963384449,-5.76701,-0.23758106,-0.49761036,-10.044709,-9.763725,-2.6704624,-4.100641,-5.178903,-0.34413028,-0.38592142,-1.5654471,-2.6704624,-0.37764021065983666,-5.3412337,0.188195,-0.4976404,-7.2353106,-6.983291,-1.7358539,-2.498118,-3.7273285,-0.026568169,-0.3100126,-1.2866478,-1.7358539,-0.3836076831086216,-5.5741677,-0.04473898,-0.5036078,-8.571961,-8.064978,-2.0785625,-3.1360443,-4.3469114,-0.22057894,-0.39192742,-1.5714849,-2.0785625,-0.02955296103894786,-4.0626326,1.4667962,-0.14955303,-5.3155675,-5.1839256,-0.6099213,-1.1027676,-1.9758817,1.0385593,0.4354027,-0.26431525,-0.6099213,-0.03039471562032056,-4.715594,0.813835,-0.15039475,-7.121739,-6.7160606,-1.1824269,-2.0636635,-3.0175269,0.4254315,0.12452275,-0.72573394,-1.1824269
pdac.d9550f7e7926057cc500e95785984b456fbc8f1eba5db3b2178f722fc47aefd5,-2.542453773959537,-7.6140337,-2.0846045,-2.9823523,-12.07057,-11.888054,-3.865497,-4.824048,-5.7084475,-2.284143,-2.542062,-3.278408,-3.865497,-2.002656457463835,-6.437888,-0.9084592,-2.3038464,-9.126965,-9.329723,-2.619277,-3.3213878,-4.452219,-1.1789354,-1.7852377,-2.4969063,-2.619277,-1.7995502711487426,-6.2842402,-0.75481135,-1.9686189,-10.246529,-10.084423,-2.399465,-3.2507374,-4.243655,-0.9704426,-1.5283619,-2.2647214,-2.399465,-0.9503641224777671,-4.82394,0.7054891,-1.0704769,-7.223421,-7.5567217,-1.244271,-1.7281446,-2.7439322,0.31177938,-0.4881072,-1.1881635,-1.244271,-1.11335183928202,-5.0195284,0.5099005,-1.2337666,-9.055627,-9.074043,-1.2978498,-1.8620737,-2.8706026,0.2200579,-0.5744177,-1.268156,-1.2978498
pdac.d9bf059fcc5f0531aea48cf896707caf102132bd1170155bb0fc068033bd4b83,-1.0571851191075903,-6.434746,-0.9053166,-1.1761707,-10.377472,-10.315233,-4.098335,-5.2236214,-5.8886547,-1.1126422,-1.1570208,-3.1491044,-4.098335,-1.0560940570701987,-6.1025977,-0.5731688,-1.1761107,-7.082959,-7.0078926,-3.5900002,-4.5427327,-5.3500147,-1.0527607,-1.1397389,-2.8239713,-3.5900002,-1.0631065421231995,-6.316543,-0.78711426,-1.1831195,-8.92124,-8.416403,-4.064056,-5.0586395,-5.749147,-1.1100979,-1.1638374,-3.1525788,-4.064056,-0.32524553318358385,-4.6736245,0.8558045,-0.44524592,-5.1724973,-5.2326493,-1.7217603,-2.437187,-3.4094753,0.040204663,-0.25520587,-1.227244,-1.7217603,-0.3259685907283896,-5.32357,0.20585921,-0.44596872,-7.5464373,-6.822004,-2.9213223,-3.760533,-4.3971424,-0.3097677,-0.4098207,-2.096971,-2.9213223
pdac.da3d5f2ad8e138add91b10ff3f6c4da34cc406cfa6b8c1aabb4155fadfd42ed0,-0.8752070528313118,-5.408206,0.121222936,-0.9952618,-9.079959,-8.083939,-1.3104293,-2.4011323,-4.026182,-0.012930825,-0.48871243,-1.203357,-1.3104293,-0.8749548361500508,-5.284234,0.24519506,-0.99500775,-6.897662,-6.993414,-1.3436831,-2.0954578,-3.6008523,0.019976139,-0.51606,-1.2385828,-1.3436831,-0.9400198133727878,-5.3642926,0.16513646,-1.0601168,-7.8985786,-7.0340834,-1.3221524,-2.302362,-3.8005338,-0.014783304,-0.52799726,-1.2366453,-1.3221524,-0.24670445237913263,-3.984857,1.544572,-0.36670512,-4.979948,-5.2296934,-0.5036912,-0.8509683,-2.067438,1.1250452,0.2898493,-0.4039929,-0.5036912,-0.27363937914774683,-4.270631,1.2587982,-0.39364022,-6.280355,-5.5530767,-0.47591925,-1.1201549,-2.3839953,0.95902824,0.26635984,-0.4273556,-0.47591925
pdac.dc35a17afb2a6800fc091e70888a215ca57f20743bc2613afb9c972651be3697,-2.989345513165676,-8.145246,-2.6158164,-3.537368,-12.331007,-12.468344,-4.210484,-5.377039,-6.5577345,-2.8036647,-3.0681849,-3.7938757,-4.210484,-2.7258583018262708,-7.3381147,-1.8086859,-3.450102,-8.588986,-8.303165,-3.7937243,-4.5138254,-5.5599093,-2.3706472,-2.9491262,-3.665239,-3.7937243,-2.2850632470295063,-7.3708134,-1.8413842,-2.6089268,-10.502307,-10.632463,-3.8054821,-4.8984613,-5.8121777,-2.1635196,-2.3975368,-3.3321736,-3.8054821,-1.5761765762061755,-5.5557513,-0.026322385,-1.7063982,-6.6832924,-6.447175,-2.230979,-2.7487397,-3.7174802,-0.64252335,-1.258023,-1.9911855,-2.230979,-1.7334666778147927,-6.4266996,-0.89727086,-1.878055,-9.335657,-9.182917,-2.752973,-3.7622247,-4.778587,-1.2268941,-1.516641,-2.293849,-2.752973
pdac.dc690b750a880e149d84342fdd98d74403f5291f884527e304f67572a61c267c,-0.8157448526969022,-5.9077377,-0.3783088,-0.935754,-9.152182,-8.839327,-2.4361343,-3.7106416,-5.104049,-0.49964547,-0.5700394,-1.344493,-2.4361343,-0.815660879598115,-5.6719713,-0.14254217,-0.93567336,-7.155843,-7.127782,-2.0399528,-3.157445,-4.3638673,-0.3989153,-0.5694545,-1.3435898,-2.0399528,-0.8094202618111171,-5.693215,-0.1637858,-0.9294336,-7.8586426,-7.5561323,-1.9533337,-3.0871878,-4.2778583,-0.36645567,-0.5638856,-1.3384447,-1.9533337,-0.21061944627003898,-4.325869,1.2035599,-0.33061978,-5.243573,-5.249061,-0.75970525,-1.4068065,-2.4809678,0.72820544,0.16131887,-0.55730414,-0.75970525,-0.203988588740164,-4.5119467,1.0174823,-0.3239889,-6.351068,-5.8436327,-0.7916268,-1.6057155,-2.6228452,0.68450814,0.16710338,-0.55176306,-0.7916268
pdac.dd03b1c5c91672dca6dc0fbe71d8cc0ab14b32ddea9e9eb62c43e45be738eccc,-3.6204628923724864,-8.07481,-2.545381,-6.109904,-9.510569,-9.509996,-6.2625823,-6.3558164,-6.470285,-4.120329,-5.51266,-6.2108984,-6.2625823,-2.6932754170980377,-6.8718457,-1.3424166,-3.6010208,-7.193754,-7.0181513,-4.6098948,-5.0536747,-5.6696424,-2.7921252,-3.370228,-4.2753315,-4.6098948,-2.9013611232839853,-7.2765274,-1.7470987,-4.820464,-8.086467,-7.6559343,-4.929723,-5.2984,-5.8554163,-3.205314,-4.1982913,-4.8941507,-4.929723,-1.2717484523887062,-4.9128175,0.61661154,-1.3930736,-5.289771,-5.2245665,-2.2366083,-2.81339,-3.5345812,-0.5661113,-1.108984,-1.9496037,-2.2366083,-2.165823300820569,-5.693307,-0.16387816,-3.0326738,-6.6682224,-6.1308594,-3.0959463,-3.5934165,-4.273695,-1.4737551,-2.3814812,-3.0755472,-3.0959463
pdac.df7486a2985c1e9c2c3adb3a09915384cf2087e92c968096d2c1a5c34f18751a,-2.860476939301945,-7.541561,-2.0121324,-4.088505,-9.832539,-9.312689,-4.7493477,-5.4030643,-5.8966193,-3.1106937,-3.673892,-4.4214807,-4.7493477,-1.933715354513852,-6.217693,-0.6882641,-2.1558444,-6.8970957,-6.88968,-3.0190365,-3.8897629,-4.7189574,-1.4240077,-1.7273495,-2.4686396,-3.0190365,-2.0136872388668325,-6.570252,-1.040823,-2.2829437,-8.37498,-7.6690955,-3.33091,-4.3377905,-5.202848,-1.6277914,-1.8114505,-2.536373,-3.33091,-0.33064316760744056,-4.2789936,1.2504352,-0.4506441,-4.995013,-5.1068554,-0.9994557,-1.611025,-2.3965886,0.59388787,0.0639687,-0.6486561,-0.9994557,-0.7051712599640385,-5.056782,0.47264743,-0.82518375,-6.982989,-6.634695,-1.6778401,-2.5593345,-3.5060124,-0.04159211,-0.2869832,-0.9943755,-1.6778401
pdac.e1a8ef1efe9d201a3821665de4a10536dbf1a07c8b9756e6ca290f9e49c95dcb,-2.226601462221623,-6.585488,-1.0560589,-2.8132539,-8.840018,-7.998191,-2.9178011,-3.815589,-4.671666,-1.5579897,-2.1653695,-2.8595898,-2.9178011,-2.0448306554363542,-6.003701,-0.47427225,-2.4563189,-6.9750576,-6.795355,-2.7868338,-3.2917356,-4.0667844,-1.164065,-1.9788485,-2.7018373,-2.7868338,-2.181346270351083,-6.23126,-0.70183074,-2.8579552,-7.6897326,-7.1372705,-2.9918005,-3.5499234,-4.2034426,-1.4097338,-2.1939864,-2.8875723,-2.9918005,-0.469258538163834,-4.217799,1.3116298,-0.58926135,-5.069695,-5.0854053,-1.1431398,-1.6384879,-2.3084302,0.514768,-0.22026637,-0.9926653,-1.1431398,-1.1498133084477864,-4.605448,0.9239813,-1.2705939,-6.131255,-5.341173,-1.553303,-1.9454464,-2.533502,0.17249009,-0.6354855,-1.3304212,-1.553303
pdac.e22972426e6e08a29a809de493b2a00616d68940c3d032a5a558a4d939dd10e1,-0.5213252399310259,-5.2388077,0.29062104,-0.6413281,-9.745435,-9.792221,-1.0043291,-3.4130962,-4.9121366,0.21881714,0.046440866,-0.6467209,-1.0043291,-0.5265226762577523,-5.1075926,0.4218363,-0.6465259,-6.9835887,-6.937843,-1.0055302,-2.6802306,-4.4004626,0.25720602,0.043736577,-0.6494148,-1.0055302,-0.5214752093022569,-5.198325,0.33110362,-0.6414781,-8.3702135,-7.8643465,-1.0062878,-3.2214737,-4.744357,0.22294112,0.0463008,-0.64686084,-1.0062878,-0.08611618315633512,-4.096299,1.4331298,-0.20611636,-5.0551395,-5.1798763,-0.39089027,-1.2236105,-2.687304,0.9901099,0.4866196,-0.20652768,-0.39089027,-0.08180106488189692,-4.4852805,1.0441484,-0.2018012,-6.878191,-6.650975,-0.38979253,-2.168109,-3.4475505,0.79103947,0.4892606,-0.20388876,-0.38979253
pdac.e3c12099e70e0f07c44070fc60fda300f9b6a171f1b722c386294e3b1e7b97d3,-2.442265173817794,-6.5478578,-1.711576,-3.2021806,-8.7251425,-8.520434,-3.3512754,-3.403315,-4.789099,-2.1262295,-2.6470544,-3.3512754,-3.403315,-1.6977148173598757,-5.789956,-0.9536745,-1.8264866,-6.924693,-6.5538826,-2.624092,-2.9081826,-4.5481076,-1.4063642,-1.6417798,-2.624092,-2.9081826,-1.6838772290063986,-5.8246,-0.9883184,-1.8138657,-7.7833405,-7.324835,-2.437542,-2.6811275,-4.3458815,-1.2868439,-1.5613464,-2.437542,-2.6811275,-0.5817301428243601,-4.6592193,0.17706266,-0.7017315,-5.7144585,-5.4019895,-1.464261,-1.8131846,-3.3328907,-0.28202876,-0.50484306,-1.464261,-1.8131846,-0.7905593178945737,-4.9396772,-0.103395335,-0.91056854,-7.077972,-6.917159,-1.4809402,-1.7668958,-3.400047,-0.37736678,-0.63325405,-1.4809402,-1.7668958
pdac.e4d000de5abf9bfcd37d145940d8c54670c34302c4487341bae0d37d14e5486f,-1.9691755316837374,-6.370034,-0.8406053,-2.288713,-9.397606,-8.959383,-2.746139,-3.2562857,-4.3761616,-1.1713766,-1.7279671,-2.4312367,-2.746139,-1.962836163551278,-5.9971147,-0.46768573,-2.2893841,-6.8382716,-6.7334414,-2.7378576,-3.2467964,-4.0368004,-1.1067048,-1.7281781,-2.431372,-2.7378576,-1.9632298071507326,-6.1920958,-0.66266686,-2.288713,-8.0433,-7.3732853,-2.7362914,-3.2445753,-4.1638722,-1.1365067,-1.7283672,-2.4317029,-2.7362914,-1.0301431068381737,-4.308072,1.2213567,-1.1504936,-4.930595,-5.0279837,-1.4001043,-1.7332488,-2.2992272,0.39768705,-0.5665301,-1.2663767,-1.4001043,-1.029283841033596,-4.85177,0.677659,-1.1495824,-6.5634975,-5.8249254,-1.5272669,-1.9768441,-2.8083708,0.10991231,-0.5662034,-1.2661266,-1.5272669
pdac.e61b2b795cd8eba323a9363d4c2bd65ec631062a037177c994de6572ae4b6f9f,-0.811871864491277,-4.954707,0.57472175,-0.9319105,-8.639556,-7.552637,-1.2015833,-1.6053492,-2.7176652,0.41870648,-0.33246392,-1.0304592,-1.2015833,-0.8517786747159883,-4.672486,0.8569431,-0.97185063,-6.5448966,-6.7678633,-1.0969738,-1.4525025,-2.2581475,0.6040243,-0.36376163,-1.0608654,-1.0969738,-0.7821574605415448,-4.676085,0.8533441,-0.9021977,-7.4730554,-6.906806,-1.0429341,-1.3998921,-2.2693663,0.657999,-0.30231816,-1.0002663,-1.0429341,-0.10038149261027624,-3.3418493,2.1875796,-0.22038181,-4.613206,-5.028784,-0.27397984,-0.43511304,-0.85617507,1.7088884,0.45827183,-0.23498192,-0.27397984,-0.02900560037998104,-3.573219,1.9562099,-0.14900576,-5.846735,-5.234973,-0.22271691,-0.39606985,-1.1670469,1.645452,0.52931726,-0.16394147,-0.22271691
pdac.e6b495321913d2573fee998f31f81b02a69fcc3e79da6708de20004883ad9a1b,-2.1502094292659666,-6.9019914,-1.3725624,-2.6440635,-9.558313,-9.414679,-3.0087922,-4.0406485,-5.2569113,-1.6437013,-1.9663125,-2.6595802,-3.0087922,-2.1051023283261494,-6.198962,-0.6695335,-2.6440635,-7.0033875,-6.9556313,-2.7759626,-3.47723,-4.3629622,-1.313287,-1.9660178,-2.6592808,-2.7759626,-2.1161748318712976,-6.522251,-0.9928221,-2.6442335,-8.05538,-7.660447,-2.9328594,-3.6896589,-4.7559423,-1.4694933,-1.9663581,-2.6596236,-2.9328594,-1.0519607480533382,-4.4036713,1.1257575,-1.1723757,-5.098532,-5.1847367,-1.3615793,-1.7233434,-2.4185364,0.37454498,-0.60728705,-1.3098549,-1.3615793,-1.324264111221329,-5.0839553,0.4454735,-1.447394,-6.6509647,-6.3826733,-1.6529868,-2.248181,-3.1344573,-0.12414656,-0.759915,-1.4530783,-1.6529868
pdac.e6fd271ab8523635b21be60b25fb7f56a2a2728579ca21676101f0bc65a8b775,-0.9919568131057807,-5.437862,0.091567,-1.1121098,-9.714329,-9.566214,-1.1833435,-2.5193238,-4.1389136,0.011108777,-0.4705067,-1.1650548,-1.1833435,-1.0241936027118048,-5.0490212,0.48040769,-1.1444564,-7.7128983,-7.3892784,-1.2057614,-1.7165272,-2.8705242,0.32051486,-0.48736015,-1.1811816,-1.2057614,-0.9946881402585709,-5.147976,0.38145286,-1.1148831,-8.275919,-7.8474236,-1.1856446,-1.9470587,-3.064321,0.2378098,-0.47284698,-1.167371,-1.1856446,-0.1577171974225403,-3.6221428,1.9072862,-0.27771762,-5.79891,-5.464324,-0.36300972,-0.43349302,-1.1127343,1.5952418,0.35395434,-0.3412069,-0.36300972,-0.2910776631561687,-3.984146,1.545283,-0.41107878,-6.877714,-6.54219,-0.42755437,-0.7824987,-1.5373487,1.2633489,0.27883276,-0.4143197,-0.42755437
pdac.e7a233b798c7efd42dd7f54c7cb7026d3e3ea41046c28198886f0e189d3b25c4,-1.7883486051381574,-5.4093437,0.12008543,-2.0071573,-7.8766975,-7.426238,-2.281345,-2.460838,-3.0669115,-0.41139436,-1.4876115,-2.19906,-2.281345,-1.7419609379987193,-5.1948895,0.33453926,-1.9369954,-6.293481,-6.535905,-2.2082949,-2.3932345,-2.9577284,-0.32897964,-1.4197757,-2.1317735,-2.2082949,-1.7537835128864683,-5.29108,0.23834905,-1.9533787,-6.9409113,-6.8630686,-2.2175107,-2.407931,-3.0018427,-0.35717833,-1.4313313,-2.1422005,-2.2175107,-0.365764698663474,-3.4218721,2.1075568,-0.4857674,-4.389279,-4.8726697,-0.6417525,-0.8549906,-1.1822786,1.3225205,0.12944262,-0.5670003,-0.6417525,-0.37575577828415613,-3.5666375,1.9627913,-0.49575868,-5.3220124,-5.130086,-0.6499958,-0.8335906,-1.2043728,1.3337207,0.12633033,-0.5695359,-0.6499958
pdac.e8f6120b0b65af2517f111e409e9ec1a0b3f1aeb97b317c77465e2a91ef661d1,-2.876236034680254,-7.685051,-2.155622,-4.1410966,-10.316713,-10.501022,-4.643207,-5.0546703,-5.6612644,-2.9269164,-3.6367214,-4.3519316,-4.643207,-2.6257134299882257,-6.7748003,-1.2453712,-4.141012,-7.0621924,-7.0046043,-4.3085113,-4.7683854,-5.344396,-2.6341748,-3.4996543,-4.194216,-4.3085113,-2.644778350703915,-7.275174,-1.7457452,-4.0897584,-8.795547,-8.744175,-4.609347,-4.942384,-5.4753685,-2.7910438,-3.5858123,-4.301135,-4.609347,-1.6691211312019134,-4.9220204,0.60740834,-1.8276181,-5.1562753,-5.227112,-2.4038844,-2.869799,-3.569903,-0.7302422,-1.4431151,-2.206318,-2.4038844,-2.0864040540388213,-5.8273177,-0.29788855,-2.7473338,-7.3978143,-7.2007046,-3.114279,-3.5011547,-4.03192,-1.3716743,-2.236867,-2.9505148,-3.114279
pdac.eb2248a931423489394138ce70e229754dbbf2322bf119b64cc8ae6bc6301c65,-0.29653254735041223,-4.5051146,1.0243145,-0.4165336,-9.515765,-8.491104,-0.4514581,-1.0611389,-3.02652,0.9851848,0.2558395,-0.43752804,-0.4514581,-0.29653254215060326,-4.437673,1.0917559,-0.4165336,-6.9299817,-6.9554987,-0.45154953,-1.0626781,-2.55197,0.99273396,0.25576478,-0.43760437,-0.45154953,-0.29920820965903294,-4.556687,0.9727419,-0.41920918,-8.175943,-7.225377,-0.57856345,-1.1602268,-2.8091972,0.8996758,0.16632907,-0.533314,-0.57856345,-0.0011816671702420956,-3.5139177,2.0155113,-0.12118181,-4.968318,-5.15351,-0.1322608,-0.3554536,-1.1224389,1.7087082,0.56773233,-0.12542382,-0.1322608,-0.001311775661984288,-3.7990818,1.7303473,-0.12131191,-6.641228,-5.8683643,-0.18903074,-0.47869217,-1.4495877,1.5422561,0.52993494,-0.1641286,-0.18903074
pdac.eb27fc2d9028d2e035a9dadd2bcff41e6e90baaa2447f0b6b19aa13ffe1f951c,-0.8316430108257021,-4.5579424,0.97148675,-0.9517355,-7.882092,-7.2476482,-1.028797,-1.1984005,-2.2080553,0.83978534,-0.30545086,-0.9997503,-1.028797,-0.8698475501738293,-4.5100937,1.0193355,-0.9899745,-6.5416684,-6.7996426,-1.0422037,-1.2318931,-2.1490066,0.81482434,-0.31355998,-1.0068495,-1.0422037,-0.9005045933981818,-4.6411123,0.8883165,-1.0206543,-7.0144854,-6.9306593,-1.1428686,-1.353185,-2.2559686,0.6857095,-0.3653823,-1.0592752,-1.1428686,-0.15394813809166247,-3.3223495,2.2070794,-0.27394876,-4.60704,-5.0910635,-0.30843484,-0.38757044,-0.9342279,1.7229673,0.39582488,-0.297602,-0.30843484,-0.14831237760197996,-3.5370493,1.9923798,-0.2683129,-5.2825527,-5.223506,-0.31440708,-0.5621707,-1.1176659,1.5452162,0.41153404,-0.28170276,-0.31440708
pdac.eda097e9f6f834386c5e83cefd01ac29433509097c03873a36e752799bd8edde,-1.166684949402586,-5.868547,-0.33911806,-1.2868567,-10.40452,-10.2160225,-1.7594222,-2.9458077,-4.3754983,-0.4522028,-0.7493268,-1.4568546,-1.7594222,-1.1763900724563388,-5.5749364,-0.045507375,-1.2967128,-7.151275,-6.9427023,-1.7749257,-2.4982648,-3.9660678,-0.30784294,-0.7702349,-1.4801049,-1.7749257,-1.2316396903220368,-5.7308993,-0.20147051,-1.3521411,-8.974322,-8.23633,-1.8094666,-2.5512083,-4.0084805,-0.3519301,-0.8223952,-1.5315506,-1.8094666,-0.2240638405697044,-4.035787,1.4936419,-0.3440643,-5.240476,-5.2084966,-0.47284797,-0.8588317,-2.1671946,1.1214161,0.30498546,-0.38917905,-0.47284797,-0.25041722600783467,-4.302554,1.2268748,-0.3704177,-7.5889697,-7.0032425,-0.57653743,-0.9397537,-2.2210417,1.0535947,0.29761595,-0.3958547,-0.57653743
pdac.f089fccc3d2e31f34b24dd18e9551e78e1f50d6641f838aafb1b92cd905eaacc,-1.8128050070627157,-6.7941937,-1.2647647,-1.9560062,-10.494648,-10.045757,-3.2853465,-4.0289545,-5.265456,-1.514491,-1.8054366,-2.8645566,-3.2853465,-1.8080034369322813,-6.3661194,-0.83669037,-1.9560465,-7.5457163,-7.319513,-3.072462,-3.6313703,-4.755068,-1.3548172,-1.7567904,-2.7119877,-3.072462,-1.8213254381260437,-6.6634536,-1.1340246,-1.9661055,-8.988441,-8.330928,-3.4183824,-3.9676278,-5.2069087,-1.5315895,-1.8580842,-3.0515704,-3.4183824,-0.7954858282774881,-4.72033,0.80909896,-0.9155151,-5.638273,-5.2488947,-1.4502102,-2.0762,-2.9768233,0.13090253,-0.3589196,-1.062887,-1.4502102,-0.7996719019266875,-5.3978496,0.13157937,-0.9196882,-7.627453,-6.972906,-2.1582327,-2.603985,-3.7803812,-0.34522718,-0.77330935,-1.8434256,-2.1582327
pdac.f28815e377d0eb15a1022335198ceac51f31fef59a2022153138fa6decc62624,-1.31612711408264,-5.7075014,0.09159137,-1.4386613,-10.17783,-10.248028,-1.8084614,-2.4212742,-3.469503,-0.13022079,-0.8657068,-1.5670767,-1.6322081,-1.3022536665222124,-5.237677,0.5614156,-1.4248048,-7.8841496,-7.759546,-1.7279935,-1.891462,-2.8195112,0.2910405,-0.8542392,-1.555963,-1.6240472,-1.4207603909431805,-5.3090496,0.49004292,-1.5477558,-8.705333,-8.190911,-1.7622482,-1.9317086,-2.8767548,0.20734854,-0.9598539,-1.6591979,-1.7205601,-0.22233257936865575,-3.6544046,2.1446881,-0.3423334,-5.977745,-5.456697,-0.3654859,-0.43946066,-1.1817971,1.7723204,0.3483224,-0.3448279,-0.35758594,-0.3397383478860204,-3.8325045,1.9665883,-0.45974037,-7.3738737,-6.9662266,-0.5182326,-0.5809097,-1.2934436,1.6053447,0.19843951,-0.49534124,-0.5086067
pdac.f2a81374fd89cfcff764e48d51336e38d66f044f15a0d5c726248be86272a44d,-0.7104999591037976,-4.6536207,0.8758084,-0.8305313,-8.564178,-8.098967,-0.9659961,-1.1355404,-2.7712247,0.8046352,-0.18495369,-0.87928903,-0.9659961,-0.7947551987764238,-4.5713034,0.95812535,-0.9148213,-6.791583,-6.892194,-0.9762652,-1.111041,-2.648477,0.84660107,-0.24286893,-0.93624556,-0.9762652,-0.56048268167763,-4.438088,1.091341,-0.68049294,-7.409124,-6.9362917,-0.77239317,-0.9483857,-2.5516214,1.0033876,-0.029809166,-0.72389805,-0.77239317,-0.2883778824735204,-3.568112,1.9613172,-0.40837947,-4.833513,-5.1491976,-0.45975697,-0.5371678,-1.1612719,1.6088103,0.2600299,-0.43343103,-0.45975697,-0.2007160525185715,-3.6192293,1.9101998,-0.32071683,-5.77143,-5.355446,-0.3704763,-0.481898,-1.1528986,1.6494528,0.343373,-0.350209,-0.3704763
pdac.f37807e1bdcb2bfe9c119c3b10a217c3259d8b823bfa338e2a974da6b2ffbe76,-1.8988313077083672,-6.43112,-0.9016908,-2.076934,-8.802048,-8.123983,-3.05039,-3.576699,-4.387144,-1.2947754,-1.8607869,-2.7878222,-3.05039,-1.8747162337987873,-6.0525727,-0.5231437,-2.0695412,-6.9139385,-6.8686104,-2.8597538,-3.3202434,-4.01114,-1.1279948,-1.7839468,-2.623036,-2.8597538,-1.8824962188966148,-6.19345,-0.6640211,-2.0733306,-7.6731887,-7.236801,-2.9689505,-3.4218051,-4.089133,-1.202196,-1.8232237,-2.7024348,-2.9689505,-0.6573623680581617,-4.37515,1.1542789,-0.7773739,-5.006402,-5.160001,-1.361114,-1.7317269,-2.377556,0.3963266,-0.41549698,-1.192405,-1.361114,-0.6633773823363032,-4.658716,0.8707127,-0.7833874,-6.1106653,-5.482869,-1.4417048,-1.8389639,-2.592173,0.28473687,-0.4476455,-1.2428119,-1.4417048
pdac.f407814d0bd99642dc9d232ad3cc9ba47c4e21d191a0acf3c44532d9a4b0f27e,-2.681017441935846,-6.801916,-1.9656345,-4.174785,-8.242631,-8.013944,-4.4052844,-4.6972556,-5.0977283,-2.8442128,-3.6858041,-4.4052844,-4.6972556,-2.5555554548929167,-6.3579893,-1.5217073,-3.9188828,-6.797238,-6.666542,-4.275585,-4.566468,-5.006538,-2.7213573,-3.5201247,-4.275585,-4.566468,-2.3993906768656093,-6.3691974,-1.5329156,-3.3798373,-7.3297687,-7.1122656,-3.8569741,-4.279009,-4.8368664,-2.440323,-3.054071,-3.8569741,-4.279009,-2.185889671667998,-5.2714996,-0.43521765,-2.962378,-5.5837946,-5.3134546,-3.4560504,-3.7124104,-4.167376,-1.8421708,-2.645697,-3.4560504,-3.7124104,-2.161599212624998,-5.673758,-0.8374761,-2.8380537,-6.5549726,-6.2115355,-3.3912585,-3.725526,-4.2425375,-1.8713503,-2.5523152,-3.3912585,-3.725526
pdac.f41b8fcb9716b0ba38ac3a6959c5bc6b164a44ed637f46ded65a9fb345fcc56a,-2.10071436925362,-7.071836,-1.542407,-2.1575887,-10.519178,-10.255913,-3.3773172,-4.6480465,-5.6241984,-1.7766086,-1.9656311,-2.9340723,-3.3773172,-1.9313454560688292,-6.3525143,-0.82308555,-2.1576588,-7.338198,-7.292247,-2.8516521,-3.6639695,-4.979788,-1.3630064,-1.6947381,-2.422572,-2.8516521,-1.971780379217039,-6.848703,-1.3192741,-2.1591713,-8.935445,-8.589735,-3.377838,-4.508598,-5.47369,-1.7569593,-1.9669389,-2.9348686,-3.377838,-0.5856296579891392,-4.6375046,0.89192456,-0.70563596,-5.432417,-5.211932,-1.2247891,-1.9239025,-3.2036517,0.24558029,-0.17648287,-0.8857666,-1.2247891,-0.9455141332876619,-5.552119,-0.022690011,-1.065567,-7.574557,-7.5146174,-2.1229167,-3.1719303,-4.0398226,-0.5609712,-0.8301518,-1.7287613,-2.1229167
pdac.f43600c8796c1683b9a667221e038469f1fbd6bd09f37e9ea12298ba524c35c1,-1.5351895605822907,-5.5211415,0.008287216,-1.6655717,-8.30259,-7.804593,-1.921424,-2.1329856,-3.5388985,-0.17764941,-1.1414188,-1.8518088,-1.921424,-1.528519703543417,-5.3213615,0.20806733,-1.6594548,-6.7352414,-6.753971,-1.9128119,-2.0519059,-3.2688928,-0.082369015,-1.1359745,-1.8465167,-1.9128119,-1.5339739263404768,-5.389008,0.14042081,-1.6655002,-7.327851,-7.1044846,-1.9034986,-2.0650291,-3.3296602,-0.10120047,-1.1216118,-1.8278861,-1.9034986,-0.26964148333012994,-3.7496476,1.7797813,-0.3896423,-4.8253503,-5.053774,-0.56287724,-0.68725616,-1.5695016,1.3387532,0.18498383,-0.5161433,-0.56287724,-0.2924328756540939,-3.8992448,1.630184,-0.41243383,-5.717902,-5.2225804,-0.59254754,-0.6866255,-1.6260525,1.3016584,0.16940865,-0.53071785,-0.59254754
pdac.f55afb342ae8420a4a07a38816d2c4f9ae862ce833b89e408724c627fb01ed06,-1.7843303609677816,-5.93918,-0.40975088,-1.9694088,-8.747206,-8.437792,-2.439165,-3.0154276,-3.8223722,-0.84612167,-1.444958,-2.1552808,-2.439165,-1.7683868783072145,-5.414174,0.1152548,-1.9656535,-6.3471,-6.4348,-2.1564927,-2.4935677,-3.313714,-0.45113373,-1.3681473,-2.0663564,-2.1564927,-1.8263582814839472,-5.6507516,-0.12132269,-2.0550983,-7.5806594,-6.8612843,-2.3018448,-2.644057,-3.4243898,-0.6032739,-1.4951195,-2.198516,-2.3018448,-0.2829088063104402,-3.6342604,1.8951685,-0.4029099,-4.4436884,-4.6291285,-0.54722273,-0.82580155,-1.5831486,1.2209125,0.23024055,-0.46482193,-0.54722273,-0.46043741953406114,-4.0028677,1.5265614,-0.5804417,-6.042742,-5.054332,-0.75934124,-1.1080415,-1.7858387,0.96629465,0.04120921,-0.654692,-0.75934124
pdac.f56fd5a95ae7c735d77d7a929ba0e49c868c70dffc357627d41fdf28a28443d2,-1.9191732944255366,-6.4052944,-0.8758655,-2.1779265,-9.618716,-9.721809,-2.6679358,-3.0946307,-4.4884696,-1.0654528,-1.6703447,-2.3847237,-2.6679358,-1.747890675310361,-5.7915597,-0.26213053,-1.9167044,-7.4090595,-7.506569,-2.3109229,-2.724305,-3.4374077,-0.62696564,-1.4121448,-2.1273065,-2.3109229,-1.7405584338566156,-5.7827835,-0.25335437,-1.913125,-8.100603,-7.9003153,-2.1689186,-2.619251,-3.4241977,-0.543726,-1.384717,-2.0941627,-2.1689186,-0.7745153760969473,-4.1449604,1.3844687,-0.89456385,-5.502461,-5.3988233,-1.0732222,-1.2786089,-1.7181389,0.8843226,-0.3152285,-1.015694,-1.0732222,-0.7988444884238156,-4.4216022,1.107827,-0.9188977,-6.666958,-6.2087555,-1.1651107,-1.3872491,-1.9292408,0.7285727,-0.35560182,-1.0584558,-1.1651107
pdac.f5a83d7ecadb6a105b74c89c772cdb7185b475edc9182c5c3d842e0f56c89307,-2.0954770427748186,-6.6153727,-1.0859438,-2.2592835,-8.911304,-8.890676,-2.7778027,-3.7704706,-4.93693,-1.3766924,-1.7011272,-2.404829,-2.7778027,-1.6381466053653693,-6.0523615,-0.52293235,-1.762013,-7.2423058,-7.040682,-2.3251054,-3.2314165,-4.4472423,-0.9488109,-1.384642,-2.1519704,-2.3251054,-1.6293501383412337,-6.1444364,-0.6150075,-1.7530987,-7.6476507,-7.5380907,-2.3881493,-3.2957115,-4.4408975,-0.9889347,-1.4149369,-2.2082934,-2.3881493,-0.1430318777275177,-4.1847496,1.3446791,-0.263032,-5.3407555,-5.284134,-0.5700559,-1.2123026,-2.2396083,0.8967627,0.2993205,-0.40368605,-0.5700559,-0.1343574937772425,-4.345115,1.1843138,-0.25435758,-6.183097,-5.935547,-0.59283125,-1.3127291,-2.3652549,0.8490741,0.30399826,-0.3996698,-0.59283125
pdac.f5c1f8a61833c45cbdd46a2df6920d935ae0039b89e13874cf59a4a7a20e72b4,-0.4635946042232001,-5.310584,0.21884471,-0.58359575,-8.743248,-8.250427,-1.3674024,-2.631661,-3.9697688,0.1044378,-0.081407085,-0.79719526,-1.3674024,-0.4645107634154142,-5.05963,0.46979916,-0.5845122,-6.7884803,-6.8255243,-1.3662646,-2.110539,-3.2156615,0.23390011,-0.079502225,-0.79454625,-1.3662646,-0.5469873500171232,-5.197062,0.332367,-0.66699004,-7.5636153,-7.395011,-1.4194152,-2.379149,-3.4831922,0.13515446,-0.12541875,-0.832142,-1.4194152,-0.030935518407239015,-3.6939793,1.8354498,-0.15093562,-4.8662095,-5.1662283,-0.28356698,-0.7916215,-1.3354144,1.3887339,0.45277327,-0.2447699,-0.28356698,-0.05589762049913227,-4.0049596,1.5244693,-0.17589773,-5.9952736,-5.4461803,-0.28944093,-0.84985656,-1.8550805,1.2061604,0.43922645,-0.25722408,-0.28944093
pdac.f68c16f57e645e8ec5711863c8e286fd34414eb6d87ba4009433fc7fd22332ea,-3.156206511303618,-7.971239,-2.4418101,-4.2292004,-10.256056,-9.862791,-5.3037663,-5.7996454,-6.221405,-3.451527,-4.03999,-5.0135994,-5.3037663,-2.4306206896619162,-6.680421,-1.1509918,-3.2806349,-7.2150025,-6.9934263,-3.8575513,-4.382483,-5.179747,-2.2289395,-2.927459,-3.7101395,-3.8575513,-2.703094079326167,-7.243051,-1.7136222,-3.9649813,-8.682264,-8.155251,-4.2959385,-5.023592,-5.7510448,-2.7938862,-3.3191047,-4.013425,-4.2959385,-0.9559164474511676,-4.725318,0.8041108,-1.0760272,-5.311091,-5.1813107,-1.5974368,-2.2245846,-3.2261302,-0.08049802,-0.6592539,-1.4058268,-1.5974368,-1.9900949756996758,-5.873439,-0.34400997,-2.3941858,-7.3451495,-6.639697,-2.7220755,-3.566139,-4.291716,-1.295829,-1.8488683,-2.55487,-2.7220755
pdac.f6b819e790f1722d0683e39a3ac31eed8138244daf21fdf7ca1b0edb8413d47c,-0.8710901130838895,-6.1043005,-0.57487166,-0.9910993,-10.457637,-10.156446,-2.3518672,-3.5822,-4.970436,-0.648728,-0.77620363,-1.7052151,-2.3518672,-0.854849734119745,-5.822452,-0.29302314,-0.9748622,-7.937234,-7.749936,-2.180367,-3.0466154,-4.271286,-0.5026725,-0.7463365,-1.6546965,-2.180367,-0.841405878363581,-5.776699,-0.24727017,-0.9614227,-8.839562,-8.288136,-1.8679001,-2.8048902,-4.20185,-0.38324562,-0.71562946,-1.6003487,-1.8679001,-0.23076184386794307,-4.542916,0.9865131,-0.35076213,-6.024282,-5.330024,-1.093602,-1.5842685,-2.5535774,0.5704014,0.0012455059,-0.78223264,-1.093602,-0.21731234150506784,-4.739669,0.78976005,-0.3373126,-7.4972053,-6.9833646,-0.94030404,-1.5839537,-2.785735,0.5555351,0.03355681,-0.7376856,-0.94030404
pdac.f8dab22f8a6a319667f34c5633dbb6f21f1bca3ee3b9d1dc41c02e15883a1304,-3.302800355834597,-7.626114,-2.0966847,-5.1427484,-8.702156,-8.488642,-5.6014447,-5.8369465,-6.1515894,-3.668244,-4.704574,-5.44178,-5.6014447,-2.4860284501555143,-6.4973993,-0.9679705,-3.8638294,-7.0693765,-6.789109,-4.1216707,-4.36141,-4.7465496,-2.226865,-3.265714,-3.9638553,-4.1216707,-2.534985709892273,-6.6764064,-1.1469775,-3.9826581,-7.435395,-7.1682043,-4.34466,-4.523562,-4.9283404,-2.3869877,-3.517682,-4.2448025,-4.34466,-1.4787470057125067,-4.4917765,1.0376526,-1.6109372,-5.1659107,-5.0989904,-1.9128559,-2.1462958,-2.5573497,-0.0100090895,-1.0832766,-1.792886,-1.9128559,-1.9175580876699643,-4.9403696,0.5890595,-2.3150835,-5.8989844,-5.348872,-2.4698534,-2.6311777,-3.1115386,-0.53098863,-1.6909281,-2.386633,-2.4698534
pdac.fa7111c7b218e6369599768f23b82925bd59f45e3bdebcee8586a90f0a5cedfa,-2.1397077327106335,-6.445936,-0.9165072,-2.813065,-9.139077,-9.066714,-2.9125502,-3.2817898,-4.3039055,-1.2669791,-2.1507885,-2.8444273,-2.9125502,-2.1194353812545788,-6.095263,-0.56583405,-2.7717967,-7.074707,-6.865391,-2.848479,-3.2325284,-4.001485,-1.1783787,-2.120987,-2.8150702,-2.848479,-2.1134553034093995,-6.2106833,-0.6812542,-2.7742898,-7.8913975,-7.299322,-2.821507,-3.198912,-4.0644326,-1.1452751,-2.1123827,-2.8060336,-2.821507,-1.161403528922826,-4.320819,1.20861,-1.2825778,-5.1685567,-5.1135907,-1.3483346,-1.613985,-2.2047987,0.49488074,-0.62267965,-1.3163986,-1.3483346,-1.158579291830415,-4.6270485,0.9023807,-1.2796835,-6.388769,-5.605406,-1.3178009,-1.6678318,-2.4757264,0.4160313,-0.61102676,-1.3044814,-1.3178009
pdac.fb706443d0925189d861db1fb67032cb65de54172d0e056ea7b6059bf1204b51,-4.71987625780921,-7.803277,-3.9320762,-4.972942,-9.35609,-9.5811615,-4.972942,-4.972942,-6.2452683,-4.2216063,-4.8341503,-5.925234,-6.2452683,-1.695787805597594,-5.4770517,-1.6058508,-1.8158842,-7.1624403,-7.072441,-1.8158842,-1.8158842,-4.875332,-1.7424564,-1.8035581,-4.0108185,-4.875332,-2.563031498332339,-6.157051,-2.28585,-2.5724492,-7.9524097,-7.9488134,-2.5724492,-2.5724492,-5.240439,-2.4432666,-2.5540884,-4.566622,-5.240439,-0.3938845363366119,-4.039201,-0.16799986,-0.51388454,-5.2582154,-5.287462,-0.51388454,-0.51388454,-2.9249017,-0.39017013,-0.48454872,-2.2710056,-2.9249017,-1.737196701951543,-5.1496243,-1.2784233,-1.8591496,-6.496188,-6.1913,-1.8591496,-1.8591496,-3.849694,-1.5701691,-1.7952739,-3.2185042,-3.849694
pdac.ff439a7975b25343a8501e8a83fc48c9524b6e0b57b9d68381bbcfb48a201743,-0.8749126166573725,-6.4054036,-0.24419636,-0.9949359,-8.869893,-8.774944,-3.3682182,-4.099616,-5.043958,-0.71056527,-0.91510445,-2.238764,-2.8559263,-0.8746143288147912,-6.0934978,0.067709364,-0.9946446,-7.2692776,-7.0078573,-3.2890275,-3.9561548,-4.8245025,-0.67396617,-0.8983761,-2.1406918,-2.7538557,-0.8804854400553715,-6.1782002,-0.016992986,-1.0005215,-7.877698,-7.647009,-3.0914116,-3.8273685,-4.7648187,-0.6224977,-0.8870995,-2.0602179,-2.6025255,-0.3510548353424838,-5.130268,1.0309391,-0.4710557,-6.0553684,-5.488776,-2.311113,-2.949282,-3.7050734,0.025089618,-0.32364154,-1.3910042,-1.8418211,-0.3488404883961467,-5.5564876,0.6047198,-0.4688412,-7.234061,-7.0540047,-2.4131427,-3.2180862,-4.071889,-0.04512948,-0.32150906,-1.3890889,-1.9089544
