ranked_position,selected_rank,disposition,representative_system_id,regime_idx,param_idx,mn_idx,geometry_idx,d_pos,d_neg,steepness_pos,steepness_neg,M,N,roc_auc,pr_auc
1,1,selected,full_q_mono_pn__roc__regime_2625,2625,105,0,105,15,9,0.5,0.75,1,1,0.9613301435406698,0.5532821042527565
2,,duplicate_biological_key,full_q_mono_pn__roc__regime_2625,2650,106,0,106,15,9,0.5,1.38,1,1,0.9612114832535885,0.5517421115855726
3,,duplicate_biological_key,full_q_mono_pn__roc__regime_2625,2675,107,0,107,15,9,0.5,2,1,1,0.9611875598086125,0.5508454526253825
4,2,selected,full_q_mono_pn__roc__regime_2500,2500,100,0,100,15,6.75,0.5,2,1,1,0.9611043062200957,0.5429581012312925
5,,duplicate_biological_key,full_q_mono_pn__roc__regime_2500,2475,99,0,99,15,6.75,0.5,1.38,1,1,0.9610717703349282,0.5425909827700915
6,,duplicate_biological_key,full_q_mono_pn__roc__regime_2500,2450,98,0,98,15,6.75,0.5,0.75,1,1,0.9609942583732057,0.5433278543068042
7,3,selected,full_q_mono_pn__roc__regime_1925,1925,77,0,77,13.89,8.33,0.5,0.75,1,1,0.9605574162679426,0.5523182014855469
8,4,selected,full_q_mono_pn__roc__regime_2626,2626,105,1,105,15,9,0.5,0.75,1,2,0.9604526315789473,0.5358114491638343
9,,duplicate_biological_key,full_q_mono_pn__roc__regime_2626,2651,106,1,106,15,9,0.5,1.38,1,2,0.9604057416267943,0.5337692495085953
10,,duplicate_biological_key,full_q_mono_pn__roc__regime_2626,2676,107,1,107,15,9,0.5,2,1,2,0.9603952153110048,0.5336937065163414
11,,duplicate_biological_key,full_q_mono_pn__roc__regime_1925,1950,78,0,78,13.89,8.33,0.5,1.38,1,1,0.960267942583732,0.549126600908832
12,5,selected,full_q_mono_pn__roc__regime_2275,2275,91,0,91,15,4.5,0.5,0.75,1,1,0.960155023923445,0.5314006401214079
13,,duplicate_biological_key,full_q_mono_pn__roc__regime_1925,1975,79,0,79,13.89,8.33,0.5,2,1,1,0.9600937799043062,0.5467474097224412
14,,duplicate_biological_key,full_q_mono_pn__roc__regime_2275,2300,92,0,92,15,4.5,0.5,1.38,1,1,0.9600239234449761,0.5284579550102472
15,,duplicate_biological_key,full_q_mono_pn__roc__regime_2275,2325,93,0,93,15,4.5,0.5,2,1,1,0.9600009569377991,0.5275344385520346
16,6,selected,full_q_mono_pn__roc__regime_2451,2451,98,1,98,15,6.75,0.5,0.75,1,2,0.9598803827751197,0.5269412436044528
17,7,selected,full_q_mono_pn__roc__regime_2152,2152,86,2,86,15,13.5,0.5,2,1,3,0.9598507177033493,0.5402790195582945
18,,duplicate_biological_key,full_q_mono_pn__roc__regime_2152,2127,85,2,85,15,13.5,0.5,1.38,1,3,0.9598373205741627,0.5406340493052393
19,8,selected,full_q_mono_pn__roc__regime_1750,1750,70,0,70,13.89,6.25,0.5,0.75,1,1,0.9597980861244019,0.5375398580967199
20,9,selected,full_q_mono_pn__roc__regime_2627,2627,105,2,105,15,9,0.5,0.75,1,3,0.9597971291866029,0.5242803319384689
21,,duplicate_biological_key,full_q_mono_pn__roc__regime_2627,2677,107,2,107,15,9,0.5,2,1,3,0.9597492822966507,0.524108605289779
22,,duplicate_biological_key,full_q_mono_pn__roc__regime_2627,2652,106,2,106,15,9,0.5,1.38,1,3,0.9597425837320575,0.5237904186366391
23,,duplicate_biological_key,full_q_mono_pn__roc__regime_2451,2476,99,1,99,15,6.75,0.5,1.38,1,2,0.9597062200956937,0.5233698580615503
24,,duplicate_biological_key,full_q_mono_pn__roc__regime_2451,2501,100,1,100,15,6.75,0.5,2,1,2,0.9596468899521531,0.5221535504647166
25,,duplicate_biological_key,full_q_mono_pn__roc__regime_1750,1775,71,0,71,13.89,6.25,0.5,1.38,1,1,0.9596200956937799,0.5347623463225674
26,,duplicate_biological_key,full_q_mono_pn__roc__regime_1750,1800,72,0,72,13.89,6.25,0.5,2,1,1,0.9596105263157895,0.5341186753002128
27,,duplicate_biological_key,full_q_mono_pn__roc__regime_2625,2700,108,0,108,15,9,1.33,2,1,1,0.9595033492822966,0.5438482339190636
28,,duplicate_biological_key,full_q_mono_pn__roc__regime_2625,2725,109,0,109,15,9,1.33,3.67,1,1,0.9594842105263158,0.5429189279380909
29,10,selected,full_q_mono_pn__roc__regime_2154,2154,86,4,86,15,13.5,0.5,2,1,15,0.9594229665071771,0.518929093798934
30,11,selected,full_q_mono_pn__roc__regime_2452,2452,98,2,98,15,6.75,0.5,0.75,1,3,0.9594181818181818,0.5203614407186022
31,,duplicate_biological_key,full_q_mono_pn__roc__regime_2500,2550,102,0,102,15,6.75,1.33,3.67,1,1,0.9594105263157895,0.5375112062090603
32,,duplicate_biological_key,full_q_mono_pn__roc__regime_2154,2129,85,4,85,15,13.5,0.5,1.38,1,15,0.9594076555023924,0.5187475927547243
33,12,selected,full_q_mono_pn__roc__regime_2326,2326,93,1,93,15,4.5,0.5,2,1,2,0.9594066985645933,0.518728198343739
34,,duplicate_biological_key,full_q_mono_pn__roc__regime_2452,2477,99,2,99,15,6.75,0.5,1.38,1,3,0.9594066985645933,0.519253770842171
35,,duplicate_biological_key,full_q_mono_pn__roc__regime_2452,2502,100,2,100,15,6.75,0.5,2,1,3,0.9594028708133971,0.5190689202726779
36,,duplicate_biological_key,full_q_mono_pn__roc__regime_2326,2301,92,1,92,15,4.5,0.5,1.38,1,2,0.9593980861244019,0.5190575500134094
37,,duplicate_biological_key,full_q_mono_pn__roc__regime_2500,2525,101,0,101,15,6.75,1.33,2,1,1,0.9593923444976077,0.5363883707103332
38,,duplicate_biological_key,full_q_mono_pn__roc__regime_2326,2276,91,1,91,15,4.5,0.5,0.75,1,2,0.9593913875598086,0.5191092032302597
39,,duplicate_biological_key,full_q_mono_pn__roc__regime_2152,2102,84,2,84,15,13.5,0.5,0.75,1,3,0.9593732057416268,0.533206371603687
40,13,selected,full_q_mono_pn__roc__regime_2128,2128,85,3,85,15,13.5,0.5,1.38,1,8,0.9593177033492823,0.5167678607199739
41,,duplicate_biological_key,full_q_mono_pn__roc__regime_2128,2153,86,3,86,15,13.5,0.5,2,1,8,0.9593138755980861,0.5157842896643129
42,,duplicate_biological_key,full_q_mono_pn__roc__regime_2154,2104,84,4,84,15,13.5,0.5,0.75,1,15,0.9593129186602871,0.5167011616709482
43,14,selected,full_q_mono_pn__roc__regime_2327,2327,93,2,93,15,4.5,0.5,2,1,3,0.9593071770334928,0.5178605691105348
44,,duplicate_biological_key,full_q_mono_pn__roc__regime_2327,2302,92,2,92,15,4.5,0.5,1.38,1,3,0.9592947368421053,0.5176819649692563
45,,duplicate_biological_key,full_q_mono_pn__roc__regime_2128,2103,84,3,84,15,13.5,0.5,0.75,1,8,0.9592937799043062,0.5171826456837597
46,15,selected,full_q_mono_pn__roc__regime_2628,2628,105,3,105,15,9,0.5,0.75,1,8,0.959267942583732,0.5178001464500259
47,,duplicate_biological_key,full_q_mono_pn__roc__regime_2327,2277,91,2,91,15,4.5,0.5,0.75,1,3,0.9592602870813397,0.5174050138675985
48,,duplicate_biological_key,full_q_mono_pn__roc__regime_2628,2678,107,3,107,15,9,0.5,2,1,8,0.9592401913875598,0.5169175311775401
49,,duplicate_biological_key,full_q_mono_pn__roc__regime_2628,2653,106,3,106,15,9,0.5,1.38,1,8,0.9592382775119617,0.5174071126061986
50,,duplicate_biological_key,full_q_mono_pn__roc__regime_2625,2750,110,0,110,15,9,2.17,3.25,1,1,0.9592267942583732,0.5415784085457929
51,16,selected,full_q_mono_pn__roc__regime_1926,1926,77,1,77,13.89,8.33,0.5,0.75,1,2,0.9592153110047847,0.5279280474662261
52,,duplicate_biological_key,full_q_mono_pn__roc__regime_2500,2575,103,0,103,15,6.75,2.17,3.25,1,1,0.9591626794258373,0.5360184330754774
53,,duplicate_biological_key,full_q_mono_pn__roc__regime_2625,2775,111,0,111,15,9,3,4.5,1,1,0.9591607655502392,0.5410720323395644
54,17,selected,full_q_mono_pn__roc__regime_2503,2503,100,3,100,15,6.75,0.5,2,1,8,0.9590947368421052,0.5125708077233712
55,,duplicate_biological_key,full_q_mono_pn__roc__regime_2503,2478,99,3,99,15,6.75,0.5,1.38,1,8,0.9590909090909091,0.5125409915815746
56,,duplicate_biological_key,full_q_mono_pn__roc__regime_2503,2453,98,3,98,15,6.75,0.5,0.75,1,8,0.959088038277512,0.5126911032804154
57,,duplicate_biological_key,full_q_mono_pn__roc__regime_2500,2600,104,0,104,15,6.75,3,4.5,1,1,0.9590832535885168,0.5366125565274183
58,18,selected,full_q_mono_pn__roc__regime_2629,2629,105,4,105,15,9,0.5,0.75,1,15,0.9590813397129186,0.5125603194560729
59,19,selected,full_q_mono_pn__roc__regime_2278,2278,91,3,91,15,4.5,0.5,0.75,1,8,0.9590794258373205,0.5124467402898623
60,20,selected,full_q_mono_pn__roc__regime_2279,2279,91,4,91,15,4.5,0.5,0.75,1,15,0.9590794258373205,0.5124467402898623
61,,after_candidate_limit,,2303,92,3,92,15,4.5,0.5,1.38,1,8,0.9590794258373205,0.5124467402898623
62,,after_candidate_limit,,2304,92,4,92,15,4.5,0.5,1.38,1,15,0.9590794258373205,0.5124467402898623
63,,after_candidate_limit,,2328,93,3,93,15,4.5,0.5,2,1,8,0.9590794258373205,0.5124467402898623
64,,after_candidate_limit,,2329,93,4,93,15,4.5,0.5,2,1,15,0.9590794258373205,0.5124467402898623
65,,after_candidate_limit,,2454,98,4,98,15,6.75,0.5,0.75,1,15,0.9590794258373205,0.5124467402898623
66,,after_candidate_limit,,2479,99,4,99,15,6.75,0.5,1.38,1,15,0.9590794258373205,0.5124467402898623
67,,after_candidate_limit,,2504,100,4,100,15,6.75,0.5,2,1,15,0.9590794258373205,0.5124467402898623
68,,after_candidate_limit,,2654,106,4,106,15,9,0.5,1.38,1,15,0.9590794258373205,0.5124467402898623
69,,after_candidate_limit,,2679,107,4,107,15,9,0.5,2,1,15,0.9590794258373205,0.5124467402898623
70,,after_candidate_limit,,1225,49,0,49,12.78,7.67,0.5,0.75,1,1,0.9590688995215311,0.5441223558797174
71,,after_candidate_limit,,1951,78,1,78,13.89,8.33,0.5,1.38,1,2,0.9590545454545455,0.5258018509501083
72,,after_candidate_limit,,1976,79,1,79,13.89,8.33,0.5,2,1,2,0.9590296650717703,0.5256209652399148
73,,after_candidate_limit,,2101,84,1,84,15,13.5,0.5,0.75,1,2,0.9590200956937799,0.5302650215899433
74,,after_candidate_limit,,1250,50,0,50,12.78,7.67,0.5,1.38,1,1,0.9589081339712918,0.5405502981979652
75,,after_candidate_limit,,1575,63,0,63,13.89,4.17,0.5,0.75,1,1,0.9588870813397129,0.5256605208721563
76,,after_candidate_limit,,2126,85,1,85,15,13.5,0.5,1.38,1,2,0.9588698564593301,0.5333051336166046
77,,after_candidate_limit,,1275,51,0,51,12.78,7.67,0.5,2,1,1,0.9588564593301435,0.5388603328278807
78,,after_candidate_limit,,1600,64,0,64,13.89,4.17,0.5,1.38,1,1,0.9587253588516746,0.521811547077012
79,,after_candidate_limit,,1625,65,0,65,13.89,4.17,0.5,2,1,1,0.9587186602870813,0.520604404103504
80,,after_candidate_limit,,2701,108,1,108,15,9,1.33,2,1,2,0.9586842105263158,0.5275940461476094
81,,after_candidate_limit,,1927,77,2,77,13.89,8.33,0.5,0.75,1,3,0.9586755980861243,0.5196438746163068
82,,after_candidate_limit,,2726,109,1,109,15,9,1.33,3.67,1,2,0.9586688995215311,0.5273829608944498
83,,after_candidate_limit,,1429,57,4,57,13.89,12.5,0.5,1.38,1,15,0.9585473684210526,0.5150066897131058
84,,after_candidate_limit,,1952,78,2,78,13.89,8.33,0.5,1.38,1,3,0.9585291866028708,0.5183413100788473
85,,after_candidate_limit,,2151,86,1,86,15,13.5,0.5,2,1,2,0.9585244019138756,0.5331510461693073
86,,after_candidate_limit,,1751,70,1,70,13.89,6.25,0.5,0.75,1,2,0.9585119617224881,0.519833772228049
87,,after_candidate_limit,,1454,58,4,58,13.89,12.5,0.5,2,1,15,0.9585090909090909,0.514844735399109
88,,after_candidate_limit,,1404,56,4,56,13.89,12.5,0.5,0.75,1,15,0.9585052631578947,0.5137279932775665
89,,after_candidate_limit,,1977,79,2,79,13.89,8.33,0.5,2,1,3,0.9584775119617225,0.5171949094994553
90,,after_candidate_limit,,2751,110,1,110,15,9,2.17,3.25,1,2,0.9584373205741626,0.5260831603653835
91,,after_candidate_limit,,1776,71,1,71,13.89,6.25,0.5,1.38,1,2,0.9583531100478468,0.5167344251309994
92,,after_candidate_limit,,2776,111,1,111,15,9,3,4.5,1,2,0.9583234449760766,0.5252670305134467
93,,after_candidate_limit,,2350,94,0,94,15,4.5,1.33,2,1,1,0.9583215311004785,0.5214276445859966
94,,after_candidate_limit,,2375,95,0,95,15,4.5,1.33,3.67,1,1,0.9583148325358851,0.5201728696985076
95,,after_candidate_limit,,1426,57,1,57,13.89,12.5,0.5,1.38,1,2,0.9583004784688995,0.5320830742180345
96,,after_candidate_limit,,1801,72,1,72,13.89,6.25,0.5,2,1,2,0.958288995215311,0.5145874690257529
97,,after_candidate_limit,,1402,56,2,56,13.89,12.5,0.5,0.75,1,3,0.958267942583732,0.5278578254103458
98,,after_candidate_limit,,1428,57,3,57,13.89,12.5,0.5,1.38,1,8,0.9582641148325359,0.511756478268739
99,,after_candidate_limit,,2177,87,2,87,15,13.5,1.33,2,1,3,0.9582574162679426,0.5330914735667007
100,,after_candidate_limit,,2202,88,2,88,15,13.5,1.33,3.67,1,3,0.958244019138756,0.5293145121263426
101,,after_candidate_limit,,1400,56,0,56,13.89,12.5,0.5,0.75,1,1,0.9582334928229665,0.539275004622827
102,,after_candidate_limit,,1453,58,3,58,13.89,12.5,0.5,2,1,8,0.9582258373205742,0.5121291077181288
103,,after_candidate_limit,,1401,56,1,56,13.89,12.5,0.5,0.75,1,2,0.9582095693779904,0.5348495231423362
104,,after_candidate_limit,,1403,56,3,56,13.89,12.5,0.5,0.75,1,8,0.9581732057416268,0.5098875646056222
105,,after_candidate_limit,,1451,58,1,58,13.89,12.5,0.5,2,1,2,0.9581349282296651,0.5297403533087739
106,,after_candidate_limit,,1777,71,2,71,13.89,6.25,0.5,1.38,1,3,0.9581272727272727,0.5136738282256239
107,,after_candidate_limit,,1752,70,2,70,13.89,6.25,0.5,0.75,1,3,0.9581253588516746,0.514234725501385
108,,after_candidate_limit,,1802,72,2,72,13.89,6.25,0.5,2,1,3,0.9581253588516746,0.5136246456753625
109,,after_candidate_limit,,2227,89,2,89,15,13.5,2.17,3.25,1,3,0.9581177033492823,0.5301531430238702
110,,after_candidate_limit,,1576,63,1,63,13.89,4.17,0.5,0.75,1,2,0.9581138755980861,0.5136321070865769
111,,after_candidate_limit,,1626,65,1,65,13.89,4.17,0.5,2,1,2,0.958111961722488,0.5127359156761724
112,,after_candidate_limit,,1601,64,1,64,13.89,4.17,0.5,1.38,1,2,0.9581071770334928,0.5127009269602013
113,,after_candidate_limit,,2400,96,0,96,15,4.5,2.17,3.25,1,1,0.9580947368421052,0.5199953419452344
114,,after_candidate_limit,,1427,57,2,57,13.89,12.5,0.5,1.38,1,3,0.958066028708134,0.5240897759482784
115,,after_candidate_limit,,2702,108,2,108,15,9,1.33,2,1,3,0.9580526315789474,0.5175975960911688
116,,after_candidate_limit,,1050,42,0,42,12.78,5.75,0.5,0.75,1,1,0.9580497607655503,0.5310424825069829
117,,after_candidate_limit,,2727,109,2,109,15,9,1.33,3.67,1,3,0.9580392344497608,0.5173655623785833
118,,after_candidate_limit,,1452,58,2,58,13.89,12.5,0.5,2,1,3,0.9580095693779904,0.5240028950891749
119,,after_candidate_limit,,2425,97,0,97,15,4.5,3,4.5,1,1,0.958,0.5194218414277548
120,,after_candidate_limit,,2252,90,2,90,15,13.5,3,4.5,1,3,0.9579933014354067,0.5286262989691085
121,,after_candidate_limit,,1627,65,2,65,13.89,4.17,0.5,2,1,3,0.957977990430622,0.5113691166446078
122,,after_candidate_limit,,2526,101,1,101,15,6.75,1.33,2,1,2,0.9579645933014354,0.5160901693561993
123,,after_candidate_limit,,2000,80,0,80,13.89,8.33,1.33,2,1,1,0.9579502392344498,0.5379587892256592
124,,after_candidate_limit,,1602,64,2,64,13.89,4.17,0.5,1.38,1,3,0.9579387559808612,0.5107674975900275
125,,after_candidate_limit,,1577,63,2,63,13.89,4.17,0.5,0.75,1,3,0.957933014354067,0.5111354682140798
126,,after_candidate_limit,,2025,81,0,81,13.89,8.33,1.33,3.67,1,1,0.9579186602870814,0.5371289164654766
127,,after_candidate_limit,,1978,79,3,79,13.89,8.33,0.5,2,1,8,0.9579090909090909,0.509311662703517
128,,after_candidate_limit,,1953,78,3,78,13.89,8.33,0.5,1.38,1,8,0.9579081339712918,0.5095098803752492
129,,after_candidate_limit,,2551,102,1,102,15,6.75,1.33,3.67,1,2,0.9579023923444976,0.5139430586587863
130,,after_candidate_limit,,1928,77,3,77,13.89,8.33,0.5,0.75,1,8,0.9578909090909091,0.5104643585026286
131,,after_candidate_limit,,1075,43,0,43,12.78,5.75,0.5,1.38,1,1,0.9578545454545454,0.5268465218144792
132,,after_candidate_limit,,2752,110,2,110,15,9,2.17,3.25,1,3,0.9577923444976076,0.5166819444808863
133,,after_candidate_limit,,1100,44,0,44,12.78,5.75,0.5,2,1,1,0.9577875598086124,0.5236647891361995
134,,after_candidate_limit,,1803,72,3,72,13.89,6.25,0.5,2,1,8,0.9577655502392345,0.5054168896703208
135,,after_candidate_limit,,1778,71,3,71,13.89,6.25,0.5,1.38,1,8,0.9577636363636364,0.5054010212301476
136,,after_candidate_limit,,1753,70,3,70,13.89,6.25,0.5,0.75,1,8,0.9577617224880383,0.5053849609847139
137,,after_candidate_limit,,1979,79,4,79,13.89,8.33,0.5,2,1,15,0.9577588516746411,0.5053600758713265
138,,after_candidate_limit,,1578,63,3,63,13.89,4.17,0.5,0.75,1,8,0.9577578947368421,0.5053517104931978
139,,after_candidate_limit,,1579,63,4,63,13.89,4.17,0.5,0.75,1,15,0.9577578947368421,0.5053517104931978
140,,after_candidate_limit,,1603,64,3,64,13.89,4.17,0.5,1.38,1,8,0.9577578947368421,0.5053517104931978
141,,after_candidate_limit,,1604,64,4,64,13.89,4.17,0.5,1.38,1,15,0.9577578947368421,0.5053517104931978
142,,after_candidate_limit,,1628,65,3,65,13.89,4.17,0.5,2,1,8,0.9577578947368421,0.5053517104931978
143,,after_candidate_limit,,1629,65,4,65,13.89,4.17,0.5,2,1,15,0.9577578947368421,0.5053517104931978
144,,after_candidate_limit,,1754,70,4,70,13.89,6.25,0.5,0.75,1,15,0.9577578947368421,0.5053517104931978
145,,after_candidate_limit,,1779,71,4,71,13.89,6.25,0.5,1.38,1,15,0.9577578947368421,0.5053517104931978
146,,after_candidate_limit,,1804,72,4,72,13.89,6.25,0.5,2,1,15,0.9577578947368421,0.5053517104931978
147,,after_candidate_limit,,1954,78,4,78,13.89,8.33,0.5,1.38,1,15,0.9577578947368421,0.5053517104931978
148,,after_candidate_limit,,1929,77,4,77,13.89,8.33,0.5,0.75,1,15,0.957756937799043,0.5051683771598645
149,,after_candidate_limit,,2376,95,1,95,15,4.5,1.33,3.67,1,2,0.9577387559808612,0.512788035807028
150,,after_candidate_limit,,2179,87,4,87,15,13.5,1.33,2,1,15,0.9577205741626794,0.5125588281380093
151,,after_candidate_limit,,2351,94,1,94,15,4.5,1.33,2,1,2,0.9577167464114833,0.5126099159998008
152,,after_candidate_limit,,2204,88,4,88,15,13.5,1.33,3.67,1,15,0.9577119617224881,0.5126182246698276
153,,after_candidate_limit,,2527,101,2,101,15,6.75,1.33,2,1,3,0.9577062200956937,0.512887587167115
154,,after_candidate_limit,,2552,102,2,102,15,6.75,1.33,3.67,1,3,0.9577004784688995,0.5126479587085253
155,,after_candidate_limit,,2777,111,2,111,15,9,3,4.5,1,3,0.9577004784688995,0.5154135796588335
156,,after_candidate_limit,,2576,103,1,103,15,6.75,2.17,3.25,1,2,0.957688995215311,0.5135996656799352
157,,after_candidate_limit,,2100,84,0,84,15,13.5,0.5,0.75,1,1,0.9576880382775119,0.5284539446756641
158,,after_candidate_limit,,2377,95,2,95,15,4.5,1.33,3.67,1,3,0.9576287081339713,0.511881171103392
159,,after_candidate_limit,,2178,87,3,87,15,13.5,1.33,2,1,8,0.9576200956937799,0.5090403639981818
160,,after_candidate_limit,,2601,104,1,104,15,6.75,3,4.5,1,2,0.9576191387559808,0.5133277697749183
161,,after_candidate_limit,,2352,94,2,94,15,4.5,1.33,2,1,3,0.9576181818181818,0.511744730418687
162,,after_candidate_limit,,2203,88,3,88,15,13.5,1.33,3.67,1,8,0.9576066985645934,0.508160227873278
163,,after_candidate_limit,,1825,73,0,73,13.89,6.25,1.33,2,1,1,0.9575674641148325,0.5264123722349446
164,,after_candidate_limit,,2728,109,3,109,15,9,1.33,3.67,1,8,0.9575607655502393,0.5106683308945852
165,,after_candidate_limit,,1226,49,1,49,12.78,7.67,0.5,0.75,1,2,0.9575588516746412,0.5207381362562011
166,,after_candidate_limit,,2703,108,3,108,15,9,1.33,2,1,8,0.9575588516746412,0.5109314679731916
167,,after_candidate_limit,,2401,96,1,96,15,4.5,2.17,3.25,1,2,0.9575090909090909,0.512295311381085
168,,after_candidate_limit,,1850,74,0,74,13.89,6.25,1.33,3.67,1,1,0.9575004784688995,0.5247409681759521
169,,after_candidate_limit,,2229,89,4,89,15,13.5,2.17,3.25,1,15,0.9574803827751196,0.5120165850368296
170,,after_candidate_limit,,2577,103,2,103,15,6.75,2.17,3.25,1,3,0.9574794258373206,0.5122695075627949
171,,after_candidate_limit,,1425,57,0,57,13.89,12.5,0.5,1.38,1,1,0.9574746411483254,0.5344794232195338
172,,after_candidate_limit,,2426,97,1,97,15,4.5,3,4.5,1,2,0.9574459330143541,0.5122837557654233
173,,after_candidate_limit,,2228,89,3,89,15,13.5,2.17,3.25,1,8,0.9574421052631579,0.5079760456943755
174,,after_candidate_limit,,2553,102,3,102,15,6.75,1.33,3.67,1,8,0.957422009569378,0.5066752619016326
175,,after_candidate_limit,,2528,101,3,101,15,6.75,1.33,2,1,8,0.95742009569378,0.5066605663631817
176,,after_candidate_limit,,2353,94,3,94,15,4.5,1.33,2,1,8,0.9574066985645933,0.5065515130970883
177,,after_candidate_limit,,2354,94,4,94,15,4.5,1.33,2,1,15,0.9574066985645933,0.5065515130970883
178,,after_candidate_limit,,2378,95,3,95,15,4.5,1.33,3.67,1,8,0.9574066985645933,0.5065515130970883
179,,after_candidate_limit,,2379,95,4,95,15,4.5,1.33,3.67,1,15,0.9574066985645933,0.5065515130970883
180,,after_candidate_limit,,2529,101,4,101,15,6.75,1.33,2,1,15,0.9574066985645933,0.5065515130970883
181,,after_candidate_limit,,2554,102,4,102,15,6.75,1.33,3.67,1,15,0.9574066985645933,0.5065515130970883
182,,after_candidate_limit,,2602,104,2,104,15,6.75,3,4.5,1,3,0.9574066985645933,0.5120137673718126
183,,after_candidate_limit,,2704,108,4,108,15,9,1.33,2,1,15,0.9574066985645933,0.5065515130970883
184,,after_candidate_limit,,2729,109,4,109,15,9,1.33,3.67,1,15,0.9574066985645933,0.5065515130970883
185,,after_candidate_limit,,2402,96,2,96,15,4.5,2.17,3.25,1,3,0.9574028708133971,0.5114533513380197
186,,after_candidate_limit,,2254,90,4,90,15,13.5,3,4.5,1,15,0.957377990430622,0.5111426259701844
187,,after_candidate_limit,,2253,90,3,90,15,13.5,3,4.5,1,8,0.9573473684210526,0.5078442486051828
188,,after_candidate_limit,,2753,110,3,110,15,9,2.17,3.25,1,8,0.9573454545454545,0.5106087823698499
189,,after_candidate_limit,,1251,50,1,50,12.78,7.67,0.5,1.38,1,2,0.957333971291866,0.5175374862469856
190,,after_candidate_limit,,1276,51,1,51,12.78,7.67,0.5,2,1,2,0.9573311004784689,0.5173665431455128
191,,after_candidate_limit,,2427,97,2,97,15,4.5,3,4.5,1,3,0.9573311004784689,0.5113459911952819
192,,after_candidate_limit,,2778,111,3,111,15,9,3,4.5,1,8,0.9572765550239234,0.510389727843096
193,,after_candidate_limit,,2125,85,0,85,15,13.5,0.5,1.38,1,1,0.9572660287081339,0.5320739060955926
194,,after_candidate_limit,,2050,82,0,82,13.89,8.33,2.17,3.25,1,1,0.9572354066985646,0.5356869200090186
195,,after_candidate_limit,,875,35,0,35,12.78,3.83,0.5,0.75,1,1,0.9572315789473684,0.5184988157836841
196,,after_candidate_limit,,1450,58,0,58,13.89,12.5,0.5,2,1,1,0.9572239234449761,0.5318242659576808
197,,after_candidate_limit,,2578,103,3,103,15,6.75,2.17,3.25,1,8,0.9572086124401914,0.506421382409942
198,,after_candidate_limit,,700,28,0,28,12.78,11.5,0.5,0.75,1,1,0.9571990430622009,0.5357032608177544
199,,after_candidate_limit,,2403,96,3,96,15,4.5,2.17,3.25,1,8,0.9571942583732057,0.5063048931565619
200,,after_candidate_limit,,2404,96,4,96,15,4.5,2.17,3.25,1,15,0.9571942583732057,0.5063048931565619
201,,after_candidate_limit,,2579,103,4,103,15,6.75,2.17,3.25,1,15,0.9571942583732057,0.5063048931565619
202,,after_candidate_limit,,2754,110,4,110,15,9,2.17,3.25,1,15,0.9571942583732057,0.5063048931565619
203,,after_candidate_limit,,2603,104,3,104,15,6.75,3,4.5,1,8,0.9571473684210526,0.5064571895313127
204,,after_candidate_limit,,2428,97,3,97,15,4.5,3,4.5,1,8,0.957132057416268,0.5063332535525483
205,,after_candidate_limit,,2429,97,4,97,15,4.5,3,4.5,1,15,0.957132057416268,0.5063332535525483
206,,after_candidate_limit,,2604,104,4,104,15,6.75,3,4.5,1,15,0.957132057416268,0.5063332535525483
207,,after_candidate_limit,,2779,111,4,111,15,9,3,4.5,1,15,0.957132057416268,0.5063332535525483
208,,after_candidate_limit,,753,30,3,30,12.78,11.5,0.5,2,1,8,0.9571282296650717,0.5130538056351374
209,,after_candidate_limit,,701,28,1,28,12.78,11.5,0.5,0.75,1,2,0.9571100478468899,0.5192529467517025
210,,after_candidate_limit,,728,29,3,29,12.78,11.5,0.5,1.38,1,8,0.9571100478468899,0.5117455559070824
211,,after_candidate_limit,,2176,87,1,87,15,13.5,1.33,2,1,2,0.9570564593301435,0.5257732689484973
212,,after_candidate_limit,,900,36,0,36,12.78,3.83,0.5,1.38,1,1,0.9570363636363637,0.5126976474819191
213,,after_candidate_limit,,925,37,0,37,12.78,3.83,0.5,2,1,1,0.9569837320574163,0.5107768599928074
214,,after_candidate_limit,,725,29,0,29,12.78,11.5,0.5,1.38,1,1,0.9569511961722488,0.5328621664418972
215,,after_candidate_limit,,2026,81,1,81,13.89,8.33,1.33,3.67,1,2,0.9569464114832535,0.5169831997823681
216,,after_candidate_limit,,703,28,3,28,12.78,11.5,0.5,0.75,1,8,0.956932057416268,0.5081620629192872
217,,after_candidate_limit,,2001,80,1,80,13.89,8.33,1.33,2,1,2,0.956911004784689,0.5175576294697521
218,,after_candidate_limit,,2075,83,0,83,13.89,8.33,3,4.5,1,1,0.95688995215311,0.5360817083665645
219,,after_candidate_limit,,1227,49,2,49,12.78,7.67,0.5,0.75,1,3,0.9568870813397129,0.5132114503001258
220,,after_candidate_limit,,1875,75,0,75,13.89,6.25,2.17,3.25,1,1,0.9568861244019139,0.5243587142811587
221,,after_candidate_limit,,727,29,2,29,12.78,11.5,0.5,1.38,1,3,0.9568392344497607,0.509892911337034
222,,after_candidate_limit,,726,29,1,29,12.78,11.5,0.5,1.38,1,2,0.9568382775119617,0.5165353439316989
223,,after_candidate_limit,,2150,86,0,86,15,13.5,0.5,2,1,1,0.9568095693779904,0.5310092300418588
224,,after_candidate_limit,,1051,42,1,42,12.78,5.75,0.5,0.75,1,2,0.9568009569377991,0.511016562599786
225,,after_candidate_limit,,1252,50,2,50,12.78,7.67,0.5,1.38,1,3,0.9568,0.5104815810402478
226,,after_candidate_limit,,1277,51,2,51,12.78,7.67,0.5,2,1,3,0.9567961722488039,0.5086005360918733
227,,after_candidate_limit,,702,28,2,28,12.78,11.5,0.5,0.75,1,3,0.9567263157894736,0.51021558788293
228,,after_candidate_limit,,752,30,2,30,12.78,11.5,0.5,2,1,3,0.9566861244019139,0.5087201687245466
229,,after_candidate_limit,,1076,43,1,43,12.78,5.75,0.5,1.38,1,2,0.9566765550239235,0.5074848908465613
230,,after_candidate_limit,,1101,44,1,44,12.78,5.75,0.5,2,1,2,0.9566688995215311,0.5073775040727968
231,,after_candidate_limit,,1650,66,0,66,13.89,4.17,1.33,2,1,1,0.956666028708134,0.5128942883220302
232,,after_candidate_limit,,575,23,0,23,11.67,7,0.5,2,1,1,0.9566574162679425,0.5291430255395836
233,,after_candidate_limit,,525,21,0,21,11.67,7,0.5,0.75,1,1,0.9566468899521531,0.5308297895030368
234,,after_candidate_limit,,1675,67,0,67,13.89,4.17,1.33,3.67,1,1,0.9566449760765551,0.5120046551061188
235,,after_candidate_limit,,750,30,0,30,12.78,11.5,0.5,2,1,1,0.9566401913875598,0.5323852738997858
236,,after_candidate_limit,,550,22,0,22,11.67,7,0.5,1.38,1,1,0.9566267942583732,0.5281654798369918
237,,after_candidate_limit,,751,30,1,30,12.78,11.5,0.5,2,1,2,0.9566019138755981,0.5160863147511368
238,,after_candidate_limit,,704,28,4,28,12.78,11.5,0.5,0.75,1,15,0.9565933014354067,0.507524988063412
239,,after_candidate_limit,,2201,88,1,88,15,13.5,1.33,3.67,1,2,0.9565808612440191,0.5253440575175164
240,,after_candidate_limit,,1102,44,2,44,12.78,5.75,0.5,2,1,3,0.956555980861244,0.5065696626700885
241,,after_candidate_limit,,1900,76,0,76,13.89,6.25,3,4.5,1,1,0.9565397129186602,0.5235769061522386
242,,after_candidate_limit,,1077,43,2,43,12.78,5.75,0.5,1.38,1,3,0.9565368421052631,0.506410250187027
243,,after_candidate_limit,,729,29,4,29,12.78,11.5,0.5,1.38,1,15,0.9565033492822966,0.5050465125418829
244,,after_candidate_limit,,754,30,4,30,12.78,11.5,0.5,2,1,15,0.9564985645933014,0.5045494506845638
245,,after_candidate_limit,,876,35,1,35,12.78,3.83,0.5,0.75,1,2,0.9564851674641148,0.5059760955299509
246,,after_candidate_limit,,901,36,1,36,12.78,3.83,0.5,1.38,1,2,0.9564813397129187,0.5045937404756821
247,,after_candidate_limit,,1052,42,2,42,12.78,5.75,0.5,0.75,1,3,0.9564803827751196,0.5055663791348397
248,,after_candidate_limit,,926,37,1,37,12.78,3.83,0.5,2,1,2,0.9564784688995215,0.5045312789643619
249,,after_candidate_limit,,1479,59,4,59,13.89,12.5,1.33,2,1,15,0.9564708133971291,0.5078510995358854
250,,after_candidate_limit,,2226,89,1,89,15,13.5,2.17,3.25,1,2,0.9564650717703349,0.5253127504490324
251,,after_candidate_limit,,2002,80,2,80,13.89,8.33,1.33,2,1,3,0.9564229665071771,0.5098725132411592
252,,after_candidate_limit,,1504,60,4,60,13.89,12.5,1.33,3.67,1,15,0.9563990430622009,0.5074950068843129
253,,after_candidate_limit,,2027,81,2,81,13.89,8.33,1.33,3.67,1,3,0.9563789473684211,0.5088006612701919
254,,after_candidate_limit,,2051,82,1,82,13.89,8.33,2.17,3.25,1,2,0.9563090909090909,0.5162159253127101
255,,after_candidate_limit,,2251,90,1,90,15,13.5,3,4.5,1,2,0.9562947368421053,0.5243805552146231
256,,after_candidate_limit,,927,37,2,37,12.78,3.83,0.5,2,1,3,0.9562574162679426,0.5021231771915623
257,,after_candidate_limit,,902,36,2,36,12.78,3.83,0.5,1.38,1,3,0.956244976076555,0.5018703720289504
258,,after_candidate_limit,,877,35,2,35,12.78,3.83,0.5,0.75,1,3,0.9562411483253589,0.5019558991003897
259,,after_candidate_limit,,1826,73,1,73,13.89,6.25,1.33,2,1,2,0.9562229665071771,0.5066816899226051
260,,after_candidate_limit,,1851,74,1,74,13.89,6.25,1.33,3.67,1,2,0.9562095693779904,0.5064374011922911
261,,after_candidate_limit,,1228,49,3,49,12.78,7.67,0.5,0.75,1,8,0.9561665071770334,0.49872834033844343
262,,after_candidate_limit,,1278,51,3,51,12.78,7.67,0.5,2,1,8,0.9561511961722488,0.4982194922046947
263,,after_candidate_limit,,1478,59,3,59,13.89,12.5,1.33,2,1,8,0.9561492822966507,0.5045769684210697
264,,after_candidate_limit,,1253,50,3,50,12.78,7.67,0.5,1.38,1,8,0.9561464114832536,0.4980762172669067
265,,after_candidate_limit,,2455,98,5,98,15,6.75,0.5,0.75,2,1,0.9561358851674641,0.5397146332585753
266,,after_candidate_limit,,1078,43,3,43,12.78,5.75,0.5,1.38,1,8,0.956111004784689,0.4963439418639133
267,,after_candidate_limit,,1103,44,3,44,12.78,5.75,0.5,2,1,8,0.956111004784689,0.4963439418639133
268,,after_candidate_limit,,878,35,3,35,12.78,3.83,0.5,0.75,1,8,0.9561100478468899,0.4963357116934802
269,,after_candidate_limit,,879,35,4,35,12.78,3.83,0.5,0.75,1,15,0.9561100478468899,0.4963357116934802
270,,after_candidate_limit,,903,36,3,36,12.78,3.83,0.5,1.38,1,8,0.9561100478468899,0.4963357116934802
271,,after_candidate_limit,,904,36,4,36,12.78,3.83,0.5,1.38,1,15,0.9561100478468899,0.4963357116934802
272,,after_candidate_limit,,928,37,3,37,12.78,3.83,0.5,2,1,8,0.9561100478468899,0.4963357116934802
273,,after_candidate_limit,,929,37,4,37,12.78,3.83,0.5,2,1,15,0.9561100478468899,0.4963357116934802
274,,after_candidate_limit,,1053,42,3,42,12.78,5.75,0.5,0.75,1,8,0.9561100478468899,0.4963357116934802
275,,after_candidate_limit,,1054,42,4,42,12.78,5.75,0.5,0.75,1,15,0.9561100478468899,0.4963357116934802
276,,after_candidate_limit,,1079,43,4,43,12.78,5.75,0.5,1.38,1,15,0.9561100478468899,0.4963357116934802
277,,after_candidate_limit,,1104,44,4,44,12.78,5.75,0.5,2,1,15,0.9561100478468899,0.4963357116934802
278,,after_candidate_limit,,1229,49,4,49,12.78,7.67,0.5,0.75,1,15,0.9561100478468899,0.4963357116934802
279,,after_candidate_limit,,1254,50,4,50,12.78,7.67,0.5,1.38,1,15,0.9561100478468899,0.4963357116934802
280,,after_candidate_limit,,1279,51,4,51,12.78,7.67,0.5,2,1,15,0.9561100478468899,0.4963357116934802
281,,after_candidate_limit,,1503,60,3,60,13.89,12.5,1.33,3.67,1,8,0.9560746411483254,0.5049223958889915
282,,after_candidate_limit,,1852,74,2,74,13.89,6.25,1.33,3.67,1,3,0.9560746411483254,0.5058277402987111
283,,after_candidate_limit,,1827,73,2,73,13.89,6.25,1.33,2,1,3,0.9560736842105263,0.5058390946043002
284,,after_candidate_limit,,2680,107,5,107,15,9,0.5,2,2,1,0.9560679425837321,0.5451168934012893
285,,after_candidate_limit,,1676,67,1,67,13.89,4.17,1.33,3.67,1,2,0.9560602870813397,0.5049552749815224
286,,after_candidate_limit,,1651,66,1,66,13.89,4.17,1.33,2,1,2,0.9560555023923445,0.5049264350782438
287,,after_candidate_limit,,2655,106,5,106,15,9,0.5,1.38,2,1,0.9560411483253588,0.5463847816777125
288,,after_candidate_limit,,1700,68,0,68,13.89,4.17,2.17,3.25,1,1,0.9560287081339713,0.5115629226978055
289,,after_candidate_limit,,2076,83,1,83,13.89,8.33,3,4.5,1,2,0.9560143540669856,0.516365364716183
290,,after_candidate_limit,,0,0,0,0,11.67,10.5,0.5,0.75,1,1,0.9560047846889952,0.5222299959829949
291,,after_candidate_limit,,1476,59,1,59,13.89,12.5,1.33,2,1,2,0.9559961722488038,0.516434847034496
292,,after_candidate_limit,,2630,105,5,105,15,9,0.5,0.75,2,1,0.9559655502392345,0.5485616666551234
293,,after_candidate_limit,,1677,67,2,67,13.89,4.17,1.33,3.67,1,3,0.9559588516746411,0.5039767265673484
294,,after_candidate_limit,,1652,66,2,66,13.89,4.17,1.33,2,1,3,0.9559377990430622,0.5037089249305767
295,,after_candidate_limit,,2480,99,5,99,15,6.75,0.5,1.38,2,1,0.9559205741626794,0.536291944063557
296,,after_candidate_limit,,2505,100,5,100,15,6.75,0.5,2,2,1,0.9559196172248804,0.5369483720508907
297,,after_candidate_limit,,2028,81,3,81,13.89,8.33,1.33,3.67,1,8,0.9558966507177034,0.5021620458178813
298,,after_candidate_limit,,2003,80,3,80,13.89,8.33,1.33,2,1,8,0.9558813397129187,0.5019976271695216
299,,after_candidate_limit,,1477,59,2,59,13.89,12.5,1.33,2,1,3,0.9558593301435406,0.5129373762381431
300,,after_candidate_limit,,1502,60,2,60,13.89,12.5,1.33,3.67,1,3,0.9558095693779904,0.511410352734252
301,,after_candidate_limit,,1529,61,4,61,13.89,12.5,2.17,3.25,1,15,0.9557722488038277,0.5069377568634611
302,,after_candidate_limit,,350,14,0,14,11.67,5.25,0.5,0.75,1,1,0.9557674641148325,0.5209253361025853
303,,after_candidate_limit,,2052,82,2,82,13.89,8.33,2.17,3.25,1,3,0.9557655502392345,0.5082092479356958
304,,after_candidate_limit,,1725,69,0,69,13.89,4.17,3,4.5,1,1,0.9557368421052631,0.5120351478147297
305,,after_candidate_limit,,1853,74,3,74,13.89,6.25,1.33,3.67,1,8,0.9557349282296651,0.4978752563840377
306,,after_candidate_limit,,1501,60,1,60,13.89,12.5,1.33,3.67,1,2,0.955733971291866,0.5128718621908165
307,,after_candidate_limit,,1828,73,3,73,13.89,6.25,1.33,2,1,8,0.955733971291866,0.4978674132467828
308,,after_candidate_limit,,1653,66,3,66,13.89,4.17,1.33,2,1,8,0.9557272727272728,0.4978110588749241
309,,after_candidate_limit,,1654,66,4,66,13.89,4.17,1.33,2,1,15,0.9557272727272728,0.4978110588749241
310,,after_candidate_limit,,1678,67,3,67,13.89,4.17,1.33,3.67,1,8,0.9557272727272728,0.4978110588749241
311,,after_candidate_limit,,1679,67,4,67,13.89,4.17,1.33,3.67,1,15,0.9557272727272728,0.4978110588749241
312,,after_candidate_limit,,1829,73,4,73,13.89,6.25,1.33,2,1,15,0.9557272727272728,0.4978110588749241
313,,after_candidate_limit,,1854,74,4,74,13.89,6.25,1.33,3.67,1,15,0.9557272727272728,0.4978110588749241
314,,after_candidate_limit,,2004,80,4,80,13.89,8.33,1.33,2,1,15,0.9557272727272728,0.4978110588749241
315,,after_candidate_limit,,2029,81,4,81,13.89,8.33,1.33,3.67,1,15,0.9557272727272728,0.4978110588749241
316,,after_candidate_limit,,1876,75,1,75,13.89,6.25,2.17,3.25,1,2,0.9556124401913876,0.5062339680193166
317,,after_candidate_limit,,25,1,0,1,11.67,10.5,0.5,1.38,1,1,0.9555933014354067,0.5158703191683525
318,,after_candidate_limit,,375,15,0,15,11.67,5.25,0.5,1.38,1,1,0.9555617224880383,0.5146225712136795
319,,after_candidate_limit,,400,16,0,16,11.67,5.25,0.5,2,1,1,0.9555531100478469,0.5131465749668285
320,,after_candidate_limit,,1,0,1,0,11.67,10.5,0.5,0.75,1,2,0.9555014354066985,0.5091939164206996
321,,after_candidate_limit,,2175,87,0,87,15,13.5,1.33,2,1,1,0.9554995215311005,0.5205497377884811
322,,after_candidate_limit,,1877,75,2,75,13.89,6.25,2.17,3.25,1,3,0.9554832535885167,0.5056277025469612
323,,after_candidate_limit,,1701,68,1,68,13.89,4.17,2.17,3.25,1,2,0.9554688995215311,0.5047577715384428
324,,after_candidate_limit,,1528,61,3,61,13.89,12.5,2.17,3.25,1,8,0.9554564593301436,0.5039502864746045
325,,after_candidate_limit,,1554,62,4,62,13.89,12.5,3,4.5,1,15,0.9554488038277512,0.5078860276089238
326,,after_candidate_limit,,2077,83,2,83,13.89,8.33,3,4.5,1,3,0.955444976076555,0.5082656340682321
327,,after_candidate_limit,,2631,105,6,105,15,9,0.5,0.75,2,2,0.9554325358851674,0.5284789698649156
328,,after_candidate_limit,,26,1,1,1,11.67,10.5,0.5,1.38,1,2,0.955377990430622,0.5074655958446236
329,,after_candidate_limit,,1702,68,2,68,13.89,4.17,2.17,3.25,1,3,0.9553684210526315,0.5037702905120981
330,,after_candidate_limit,,1475,59,0,59,13.89,12.5,1.33,2,1,1,0.9553196172248803,0.5157744282466038
331,,after_candidate_limit,,1901,76,1,76,13.89,6.25,3,4.5,1,2,0.9553052631578948,0.5065565597121685
332,,after_candidate_limit,,2053,82,3,82,13.89,8.33,2.17,3.25,1,8,0.9553052631578948,0.5019817570500444
333,,after_candidate_limit,,2200,88,0,88,15,13.5,1.33,3.67,1,1,0.9553033492822967,0.5206024964992815
334,,after_candidate_limit,,51,2,1,2,11.67,10.5,0.5,2,1,2,0.9552937799043062,0.505535718086534
335,,after_candidate_limit,,2656,106,6,106,15,9,0.5,1.38,2,2,0.955287081339713,0.5268063432275603
336,,after_candidate_limit,,2681,107,6,107,15,9,0.5,2,2,2,0.9552822966507177,0.5271535782125372
337,,after_candidate_limit,,1527,61,2,61,13.89,12.5,2.17,3.25,1,3,0.9552775119617225,0.5119728213982263
338,,after_candidate_limit,,1300,52,0,52,12.78,7.67,1.33,2,1,1,0.9552583732057416,0.5259202578536502
339,,after_candidate_limit,,1526,61,1,61,13.89,12.5,2.17,3.25,1,2,0.9552267942583732,0.5133658326746076
340,,after_candidate_limit,,50,2,0,2,11.67,10.5,0.5,2,1,1,0.9552239234449761,0.5130212591393848
341,,after_candidate_limit,,1325,53,0,53,12.78,7.67,1.33,3.67,1,1,0.955200956937799,0.5241048226534626
342,,after_candidate_limit,,526,21,1,21,11.67,7,0.5,0.75,1,2,0.9551846889952154,0.5102965844463322
343,,after_candidate_limit,,1902,76,2,76,13.89,6.25,3,4.5,1,3,0.955177990430622,0.505995084890098
344,,after_candidate_limit,,1726,69,1,69,13.89,4.17,3,4.5,1,2,0.9551645933014354,0.5051087105161102
345,,after_candidate_limit,,1878,75,3,75,13.89,6.25,2.17,3.25,1,8,0.9551521531100479,0.4977715716015359
346,,after_candidate_limit,,1703,68,3,68,13.89,4.17,2.17,3.25,1,8,0.9551435406698564,0.4976994040038927
347,,after_candidate_limit,,1704,68,4,68,13.89,4.17,2.17,3.25,1,15,0.9551435406698564,0.4976994040038927
348,,after_candidate_limit,,1879,75,4,75,13.89,6.25,2.17,3.25,1,15,0.9551435406698564,0.4976994040038927
349,,after_candidate_limit,,2054,82,4,82,13.89,8.33,2.17,3.25,1,15,0.9551435406698564,0.4976994040038927
350,,after_candidate_limit,,52,2,2,2,11.67,10.5,0.5,2,1,3,0.9551090909090909,0.5034842781398806
351,,after_candidate_limit,,1553,62,3,62,13.89,12.5,3,4.5,1,8,0.9551052631578948,0.5051344018724626
352,,after_candidate_limit,,1500,60,0,60,13.89,12.5,1.33,3.67,1,1,0.9550736842105263,0.5130235077051506
353,,after_candidate_limit,,27,1,2,1,11.67,10.5,0.5,1.38,1,3,0.9550688995215311,0.5040649038419506
354,,after_candidate_limit,,175,7,0,7,11.67,3.5,0.5,0.75,1,1,0.9550688995215311,0.5080575222609782
355,,after_candidate_limit,,1727,69,2,69,13.89,4.17,3,4.5,1,3,0.9550612440191387,0.5041125649901801
356,,after_candidate_limit,,2078,83,3,83,13.89,8.33,3,4.5,1,8,0.9550114832535885,0.5024288051592002
357,,after_candidate_limit,,2,0,2,0,11.67,10.5,0.5,0.75,1,3,0.9549837320574163,0.5024040730975611
358,,after_candidate_limit,,3,0,3,0,11.67,10.5,0.5,0.75,1,8,0.954978947368421,0.5022749394587017
359,,after_candidate_limit,,551,22,1,22,11.67,7,0.5,1.38,1,2,0.9549665071770335,0.5049839062790267
360,,after_candidate_limit,,2225,89,0,89,15,13.5,2.17,3.25,1,1,0.9549569377990431,0.5183797755849582
361,,after_candidate_limit,,2250,90,0,90,15,13.5,3,4.5,1,1,0.9549253588516746,0.5184249533399365
362,,after_candidate_limit,,53,2,3,2,11.67,10.5,0.5,2,1,8,0.9549205741626794,0.5002107929140799
363,,after_candidate_limit,,2280,91,5,91,15,4.5,0.5,0.75,2,1,0.9549186602870814,0.523802536962422
364,,after_candidate_limit,,1552,62,2,62,13.89,12.5,3,4.5,1,3,0.9549157894736842,0.5110727284868922
365,,after_candidate_limit,,28,1,3,1,11.67,10.5,0.5,1.38,1,8,0.9548956937799044,0.5005955882606633
366,,after_candidate_limit,,576,23,1,23,11.67,7,0.5,2,1,2,0.9548928229665071,0.5028118115477554
367,,after_candidate_limit,,1551,62,1,62,13.89,12.5,3,4.5,1,2,0.9548822966507177,0.5132710878639463
368,,after_candidate_limit,,2632,105,7,105,15,9,0.5,0.75,2,3,0.9548813397129187,0.5190705662486412
369,,after_candidate_limit,,2657,106,7,106,15,9,0.5,1.38,2,3,0.954866028708134,0.5179818782090448
370,,after_candidate_limit,,1903,76,3,76,13.89,6.25,3,4.5,1,8,0.9548507177033493,0.49814307332636054
371,,after_candidate_limit,,2682,107,7,107,15,9,0.5,2,2,3,0.9548497607655503,0.5188909220189241
372,,after_candidate_limit,,1728,69,3,69,13.89,4.17,3,4.5,1,8,0.9548421052631579,0.49807064708914495
373,,after_candidate_limit,,1729,69,4,69,13.89,4.17,3,4.5,1,15,0.9548421052631579,0.49807064708914495
374,,after_candidate_limit,,1904,76,4,76,13.89,6.25,3,4.5,1,15,0.9548421052631579,0.49807064708914495
375,,after_candidate_limit,,2079,83,4,83,13.89,8.33,3,4.5,1,15,0.9548421052631579,0.49807064708914495
376,,after_candidate_limit,,200,8,0,8,11.67,3.5,0.5,1.38,1,1,0.9548277511961722,0.5013651965273407
377,,after_candidate_limit,,225,9,0,9,11.67,3.5,0.5,2,1,1,0.9548114832535886,0.5003899375848017
378,,after_candidate_limit,,2305,92,5,92,15,4.5,0.5,1.38,2,1,0.9547598086124401,0.5205435570393047
379,,after_candidate_limit,,2330,93,5,93,15,4.5,0.5,2,2,1,0.9547492822966507,0.5186745944061897
380,,after_candidate_limit,,351,14,1,14,11.67,5.25,0.5,0.75,1,2,0.954599043062201,0.5000293185513657
381,,after_candidate_limit,,2456,98,6,98,15,6.75,0.5,0.75,2,2,0.9545885167464114,0.5182587935199879
382,,after_candidate_limit,,401,16,1,16,11.67,5.25,0.5,2,1,2,0.9545712918660287,0.4988115384470765
383,,after_candidate_limit,,376,15,1,15,11.67,5.25,0.5,1.38,1,2,0.9545626794258373,0.49878831145435704
384,,after_candidate_limit,,527,21,2,21,11.67,7,0.5,0.75,1,3,0.9545588516746412,0.501750096101244
385,,after_candidate_limit,,1525,61,0,61,13.89,12.5,2.17,3.25,1,1,0.9545416267942584,0.5130262865417111
386,,after_candidate_limit,,552,22,2,22,11.67,7,0.5,1.38,1,3,0.9544727272727273,0.4980522811093682
387,,after_candidate_limit,,577,23,2,23,11.67,7,0.5,2,1,3,0.9544363636363636,0.4969633702424004
388,,after_candidate_limit,,2481,99,6,99,15,6.75,0.5,1.38,2,2,0.9544191387559808,0.5144568308785218
389,,after_candidate_limit,,402,16,2,16,11.67,5.25,0.5,2,1,3,0.9544066985645933,0.4962494298154381
390,,after_candidate_limit,,377,15,2,15,11.67,5.25,0.5,1.38,1,3,0.9543789473684211,0.49708235600034195
391,,after_candidate_limit,,2506,100,6,100,15,6.75,0.5,2,2,2,0.9543511961722488,0.513070205253002
392,,after_candidate_limit,,352,14,2,14,11.67,5.25,0.5,0.75,1,3,0.9543483253588517,0.4970976319351754
393,,after_candidate_limit,,226,9,1,9,11.67,3.5,0.5,2,1,2,0.9543129186602871,0.49487398759998763
394,,after_candidate_limit,,176,7,1,7,11.67,3.5,0.5,0.75,1,2,0.954311004784689,0.4958480906419055
395,,after_candidate_limit,,1125,45,0,45,12.78,5.75,1.33,2,1,1,0.9543043062200957,0.512357206424202
396,,after_candidate_limit,,1150,46,0,46,12.78,5.75,1.33,3.67,1,1,0.9543004784688995,0.5106689715366804
397,,after_candidate_limit,,201,8,1,8,11.67,3.5,0.5,1.38,1,2,0.9542976076555024,0.494795434122183
398,,after_candidate_limit,,2457,98,7,98,15,6.75,0.5,0.75,2,3,0.9540861244019139,0.5111050692783237
399,,after_candidate_limit,,177,7,2,7,11.67,3.5,0.5,0.75,1,3,0.9540708133971292,0.49156205061505365
400,,after_candidate_limit,,227,9,2,9,11.67,3.5,0.5,2,1,3,0.9540708133971292,0.4917586260217866
401,,after_candidate_limit,,202,8,2,8,11.67,3.5,0.5,1.38,1,3,0.9540641148325358,0.49152473007864267
402,,after_candidate_limit,,4,0,4,0,11.67,10.5,0.5,0.75,1,15,0.9540526315789474,0.4897261057910036
403,,after_candidate_limit,,2331,93,6,93,15,4.5,0.5,2,2,2,0.9540507177033493,0.5086957270911093
404,,after_candidate_limit,,2306,92,6,92,15,4.5,0.5,1.38,2,2,0.9540411483253588,0.5092515997677555
405,,after_candidate_limit,,2482,99,7,99,15,6.75,0.5,1.38,2,3,0.9540315789473685,0.5094735155625464
406,,after_candidate_limit,,54,2,4,2,11.67,10.5,0.5,2,1,15,0.9540191387559809,0.49005903485155883
407,,after_candidate_limit,,2507,100,7,100,15,6.75,0.5,2,2,3,0.9540191387559809,0.5093736803196851
408,,after_candidate_limit,,29,1,4,1,11.67,10.5,0.5,1.38,1,15,0.9540181818181818,0.49074258399460624
409,,after_candidate_limit,,2281,91,6,91,15,4.5,0.5,0.75,2,2,0.9540181818181818,0.5099010635290511
410,,after_candidate_limit,,1350,54,0,54,12.78,7.67,2.17,3.25,1,1,0.9539952153110047,0.5235715931008231
411,,after_candidate_limit,,1550,62,0,62,13.89,12.5,3,4.5,1,1,0.9539952153110047,0.5126594333471755
412,,after_candidate_limit,,578,23,3,23,11.67,7,0.5,2,1,8,0.953977990430622,0.48596572012850237
413,,after_candidate_limit,,528,21,3,21,11.67,7,0.5,0.75,1,8,0.9539770334928229,0.48663281004966813
414,,after_candidate_limit,,553,22,3,22,11.67,7,0.5,1.38,1,8,0.9539760765550239,0.4859512916879465
415,,after_candidate_limit,,178,7,3,7,11.67,3.5,0.5,0.75,1,8,0.9539617224880382,0.48575698528178823
416,,after_candidate_limit,,179,7,4,7,11.67,3.5,0.5,0.75,1,15,0.9539617224880382,0.48575698528178823
417,,after_candidate_limit,,203,8,3,8,11.67,3.5,0.5,1.38,1,8,0.9539617224880382,0.48575698528178823
418,,after_candidate_limit,,204,8,4,8,11.67,3.5,0.5,1.38,1,15,0.9539617224880382,0.48575698528178823
419,,after_candidate_limit,,228,9,3,9,11.67,3.5,0.5,2,1,8,0.9539617224880382,0.48575698528178823
420,,after_candidate_limit,,229,9,4,9,11.67,3.5,0.5,2,1,15,0.9539617224880382,0.48575698528178823
421,,after_candidate_limit,,353,14,3,14,11.67,5.25,0.5,0.75,1,8,0.9539617224880382,0.48575698528178823
422,,after_candidate_limit,,354,14,4,14,11.67,5.25,0.5,0.75,1,15,0.9539617224880382,0.48575698528178823
423,,after_candidate_limit,,378,15,3,15,11.67,5.25,0.5,1.38,1,8,0.9539617224880382,0.48575698528178823
424,,after_candidate_limit,,379,15,4,15,11.67,5.25,0.5,1.38,1,15,0.9539617224880382,0.48575698528178823
425,,after_candidate_limit,,403,16,3,16,11.67,5.25,0.5,2,1,8,0.9539617224880382,0.48575698528178823
426,,after_candidate_limit,,404,16,4,16,11.67,5.25,0.5,2,1,15,0.9539617224880382,0.48575698528178823
427,,after_candidate_limit,,529,21,4,21,11.67,7,0.5,0.75,1,15,0.9539617224880382,0.48575698528178823
428,,after_candidate_limit,,554,22,4,22,11.67,7,0.5,1.38,1,15,0.9539617224880382,0.48575698528178823
429,,after_candidate_limit,,579,23,4,23,11.67,7,0.5,2,1,15,0.9539617224880382,0.48575698528178823
430,,after_candidate_limit,,1326,53,1,53,12.78,7.67,1.33,3.67,1,2,0.9539052631578947,0.507071075793655
431,,after_candidate_limit,,1301,52,1,52,12.78,7.67,1.33,2,1,2,0.9538641148325359,0.5063887529634722
432,,after_candidate_limit,,2332,93,7,93,15,4.5,0.5,2,2,3,0.9538124401913876,0.5068915229220156
433,,after_candidate_limit,,2633,105,8,105,15,9,0.5,0.75,2,8,0.9538086124401914,0.5074457979009406
434,,after_candidate_limit,,2683,107,8,107,15,9,0.5,2,2,8,0.9537952153110048,0.5066993710066104
435,,after_candidate_limit,,2658,106,8,106,15,9,0.5,1.38,2,8,0.9537856459330144,0.5071500839328832
436,,after_candidate_limit,,2307,92,7,92,15,4.5,0.5,1.38,2,3,0.9537665071770335,0.5064215351556087
437,,after_candidate_limit,,778,31,3,31,12.78,11.5,1.33,2,1,8,0.9537406698564593,0.5031992747933469
438,,after_candidate_limit,,2159,86,9,86,15,13.5,0.5,2,2,15,0.9537387559808612,0.5065967352351396
439,,after_candidate_limit,,2134,85,9,85,15,13.5,0.5,1.38,2,15,0.953733014354067,0.5065547645118755
440,,after_candidate_limit,,2282,91,7,91,15,4.5,0.5,0.75,2,3,0.9537311004784689,0.5069405260772665
441,,after_candidate_limit,,803,32,3,32,12.78,11.5,1.33,3.67,1,8,0.9536641148325359,0.5029468418902987
442,,after_candidate_limit,,975,39,0,39,12.78,3.83,1.33,3.67,1,1,0.9535435406698565,0.49973635648963965
443,,after_candidate_limit,,2109,84,9,84,15,13.5,0.5,0.75,2,15,0.9535397129186602,0.5039059941951302
444,,after_candidate_limit,,950,38,0,38,12.78,3.83,1.33,2,1,1,0.9535311004784689,0.4996900479113938
445,,after_candidate_limit,,2508,100,8,100,15,6.75,0.5,2,2,8,0.9535090909090909,0.4998384185640065
446,,after_candidate_limit,,2483,99,8,99,15,6.75,0.5,1.38,2,8,0.9535071770334929,0.4998234445227336
447,,after_candidate_limit,,2458,98,8,98,15,6.75,0.5,0.75,2,8,0.9535033492822966,0.49996586649620783
448,,after_candidate_limit,,2634,105,9,105,15,9,0.5,0.75,2,15,0.9534956937799043,0.4995794422737191
449,,after_candidate_limit,,2283,91,8,91,15,4.5,0.5,0.75,2,8,0.9534937799043062,0.4997130534641583
450,,after_candidate_limit,,2284,91,9,91,15,4.5,0.5,0.75,2,15,0.9534937799043062,0.4997130534641583
451,,after_candidate_limit,,2308,92,8,92,15,4.5,0.5,1.38,2,8,0.9534937799043062,0.4997130534641583
452,,after_candidate_limit,,2309,92,9,92,15,4.5,0.5,1.38,2,15,0.9534937799043062,0.4997130534641583
453,,after_candidate_limit,,2333,93,8,93,15,4.5,0.5,2,2,8,0.9534937799043062,0.4997130534641583
454,,after_candidate_limit,,2334,93,9,93,15,4.5,0.5,2,2,15,0.9534937799043062,0.4997130534641583
455,,after_candidate_limit,,2459,98,9,98,15,6.75,0.5,0.75,2,15,0.9534937799043062,0.4997130534641583
456,,after_candidate_limit,,2484,99,9,99,15,6.75,0.5,1.38,2,15,0.9534937799043062,0.4997130534641583
457,,after_candidate_limit,,2509,100,9,100,15,6.75,0.5,2,2,15,0.9534937799043062,0.4997130534641583
458,,after_candidate_limit,,2684,107,9,107,15,9,0.5,2,2,15,0.9534918660287082,0.49948400584511077
459,,after_candidate_limit,,2659,106,9,106,15,9,0.5,1.38,2,15,0.9534909090909091,0.4994400842764833
460,,after_candidate_limit,,1327,53,2,53,12.78,7.67,1.33,3.67,1,3,0.9533952153110048,0.49773080551559407
461,,after_candidate_limit,,1302,52,2,52,12.78,7.67,1.33,2,1,3,0.9533464114832536,0.49811260143193437
462,,after_candidate_limit,,1126,45,1,45,12.78,5.75,1.33,2,1,2,0.9532038277511962,0.49624207639171614
463,,after_candidate_limit,,1151,46,1,46,12.78,5.75,1.33,3.67,1,2,0.9531952153110048,0.496137562106462
464,,after_candidate_limit,,775,31,0,31,12.78,11.5,1.33,2,1,1,0.9531885167464115,0.5132896666557393
465,,after_candidate_limit,,777,31,2,31,12.78,11.5,1.33,2,1,3,0.9531684210526316,0.4961334670845268
466,,after_candidate_limit,,804,32,4,32,12.78,11.5,1.33,3.67,1,15,0.9531272727272727,0.495274826651348
467,,after_candidate_limit,,1127,45,2,45,12.78,5.75,1.33,2,1,3,0.9531090909090909,0.4957046728862445
468,,after_candidate_limit,,1152,46,2,46,12.78,5.75,1.33,3.67,1,3,0.9531090909090909,0.49533586025793624
469,,after_candidate_limit,,1175,47,0,47,12.78,5.75,2.17,3.25,1,1,0.953088995215311,0.5096556538133484
470,,after_candidate_limit,,779,31,4,31,12.78,11.5,1.33,2,1,15,0.9530861244019139,0.494773539359341
471,,after_candidate_limit,,776,31,1,31,12.78,11.5,1.33,2,1,2,0.9530593301435407,0.501626205309849
472,,after_candidate_limit,,951,38,1,38,12.78,3.83,1.33,2,1,2,0.9530354066985646,0.49374229546632187
473,,after_candidate_limit,,976,39,1,39,12.78,3.83,1.33,3.67,1,2,0.9530325358851675,0.4936772803506341
474,,after_candidate_limit,,802,32,2,32,12.78,11.5,1.33,3.67,1,3,0.9529894736842105,0.494039588517507
475,,after_candidate_limit,,977,39,2,39,12.78,3.83,1.33,3.67,1,3,0.9528641148325359,0.49197062688460586
476,,after_candidate_limit,,952,38,2,38,12.78,3.83,1.33,2,1,3,0.9528401913875598,0.4915589640577773
477,,after_candidate_limit,,800,32,0,32,12.78,11.5,1.33,3.67,1,1,0.952799043062201,0.5089554573398793
478,,after_candidate_limit,,1328,53,3,53,12.78,7.67,1.33,3.67,1,8,0.952733971291866,0.4875117155490839
479,,after_candidate_limit,,1303,52,3,52,12.78,7.67,1.33,2,1,8,0.952733014354067,0.48769956088152544
480,,after_candidate_limit,,801,32,1,32,12.78,11.5,1.33,3.67,1,2,0.9527253588516746,0.49900146538502066
481,,after_candidate_limit,,1153,46,3,46,12.78,5.75,1.33,3.67,1,8,0.9526976076555024,0.48547069380801156
482,,after_candidate_limit,,1128,45,3,45,12.78,5.75,1.33,2,1,8,0.9526956937799043,0.4854545038686556
483,,after_candidate_limit,,953,38,3,38,12.78,3.83,1.33,2,1,8,0.9526947368421053,0.48544627513783273
484,,after_candidate_limit,,954,38,4,38,12.78,3.83,1.33,2,1,15,0.9526947368421053,0.48544627513783273
485,,after_candidate_limit,,978,39,3,39,12.78,3.83,1.33,3.67,1,8,0.9526947368421053,0.48544627513783273
486,,after_candidate_limit,,979,39,4,39,12.78,3.83,1.33,3.67,1,15,0.9526947368421053,0.48544627513783273
487,,after_candidate_limit,,1129,45,4,45,12.78,5.75,1.33,2,1,15,0.9526947368421053,0.48544627513783273
488,,after_candidate_limit,,1154,46,4,46,12.78,5.75,1.33,3.67,1,15,0.9526947368421053,0.48544627513783273
489,,after_candidate_limit,,1304,52,4,52,12.78,7.67,1.33,2,1,15,0.9526947368421053,0.48544627513783273
490,,after_candidate_limit,,1329,53,4,53,12.78,7.67,1.33,3.67,1,15,0.9526947368421053,0.48544627513783273
491,,after_candidate_limit,,1351,54,1,54,12.78,7.67,2.17,3.25,1,2,0.9526526315789474,0.5055333173743313
492,,after_candidate_limit,,1375,55,0,55,12.78,7.67,3,4.5,1,1,0.9526382775119617,0.522065985692038
493,,after_candidate_limit,,2108,84,8,84,15,13.5,0.5,0.75,2,8,0.952600956937799,0.4986244422745479
494,,after_candidate_limit,,828,33,3,33,12.78,11.5,2.17,3.25,1,8,0.9524947368421053,0.5026662899496114
495,,after_candidate_limit,,2133,85,8,85,15,13.5,0.5,1.38,2,8,0.9524057416267943,0.49802701422716406
496,,after_candidate_limit,,2158,86,8,86,15,13.5,0.5,2,2,8,0.952333014354067,0.49713092740828135
497,,after_candidate_limit,,1000,40,0,40,12.78,3.83,2.17,3.25,1,1,0.9523272727272727,0.49871846504813966
498,,after_candidate_limit,,1930,77,5,77,13.89,8.33,0.5,0.75,2,1,0.952311004784689,0.5426933656948976
499,,after_candidate_limit,,1352,54,2,54,12.78,7.67,2.17,3.25,1,3,0.9521569377990431,0.4963027973992584
500,,after_candidate_limit,,1176,47,1,47,12.78,5.75,2.17,3.25,1,2,0.9519741626794258,0.49497987345390376
501,,after_candidate_limit,,829,33,4,33,12.78,11.5,2.17,3.25,1,15,0.9519081339712918,0.4944762379372518
502,,after_candidate_limit,,1955,78,5,78,13.89,8.33,0.5,1.38,2,1,0.9518956937799044,0.5408977707666127
503,,after_candidate_limit,,1177,47,2,47,12.78,5.75,2.17,3.25,1,3,0.9518928229665071,0.49441063627055903
504,,after_candidate_limit,,827,33,2,33,12.78,11.5,2.17,3.25,1,3,0.9518344497607656,0.49397587846208296
505,,after_candidate_limit,,1001,40,1,40,12.78,3.83,2.17,3.25,1,2,0.9518191387559809,0.4925752479622958
506,,after_candidate_limit,,1980,79,5,79,13.89,8.33,0.5,2,2,1,0.9517215311004785,0.5380607222445527
507,,after_candidate_limit,,1200,48,0,48,12.78,5.75,3,4.5,1,1,0.9517148325358852,0.5081278641015602
508,,after_candidate_limit,,826,33,1,33,12.78,11.5,2.17,3.25,1,2,0.9516622009569378,0.49988135610654594
509,,after_candidate_limit,,1002,40,2,40,12.78,3.83,2.17,3.25,1,3,0.9516449760765551,0.49071544935327827
510,,after_candidate_limit,,825,33,0,33,12.78,11.5,2.17,3.25,1,1,0.9516200956937799,0.5092673838838653
511,,after_candidate_limit,,1755,70,5,70,13.89,6.25,0.5,0.75,2,1,0.9515521531100478,0.5297441675202698
512,,after_candidate_limit,,1353,54,3,54,12.78,7.67,2.17,3.25,1,8,0.9515291866028708,0.4866537846888468
513,,after_candidate_limit,,1178,47,3,47,12.78,5.75,2.17,3.25,1,8,0.95148995215311,0.4846526726969317
514,,after_candidate_limit,,1003,40,3,40,12.78,3.83,2.17,3.25,1,8,0.9514870813397129,0.48462825402675286
515,,after_candidate_limit,,1004,40,4,40,12.78,3.83,2.17,3.25,1,15,0.9514870813397129,0.48462825402675286
516,,after_candidate_limit,,1179,47,4,47,12.78,5.75,2.17,3.25,1,15,0.9514870813397129,0.48462825402675286
517,,after_candidate_limit,,1354,54,4,54,12.78,7.67,2.17,3.25,1,15,0.9514870813397129,0.48462825402675286
518,,after_candidate_limit,,1780,71,5,71,13.89,6.25,0.5,1.38,2,1,0.9514229665071771,0.5270329290513136
519,,after_candidate_limit,,1805,72,5,72,13.89,6.25,0.5,2,2,1,0.9513732057416268,0.5255634430572924
520,,after_candidate_limit,,1376,55,1,55,12.78,7.67,3,4.5,1,2,0.9513148325358851,0.5054658209898965
521,,after_candidate_limit,,853,34,3,34,12.78,11.5,3,4.5,1,8,0.9511138755980861,0.5019504114566967
522,,after_candidate_limit,,1931,77,6,77,13.89,8.33,0.5,0.75,2,2,0.9509904306220096,0.5184651854723433
523,,after_candidate_limit,,1025,41,0,41,12.78,3.83,3,4.5,1,1,0.9509770334928229,0.4984931987934848
524,,after_candidate_limit,,2705,108,5,108,15,9,1.33,2,2,1,0.9509291866028708,0.5338017524932103
525,,after_candidate_limit,,4025,161,0,161,9.44,8.5,0.5,0.75,1,1,0.9508813397129187,0.4847643038863974
526,,after_candidate_limit,,2730,109,5,109,15,9,1.33,3.67,2,1,0.9508755980861244,0.5320401550333792
527,,after_candidate_limit,,625,25,0,25,11.67,7,1.33,3.67,1,1,0.9508114832535886,0.5070152991201823
528,,after_candidate_limit,,1377,55,2,55,12.78,7.67,3,4.5,1,3,0.9508047846889952,0.4962341199178141
529,,after_candidate_limit,,600,24,0,24,11.67,7,1.33,2,1,1,0.9507540669856459,0.5048883572954206
530,,after_candidate_limit,,2555,102,5,102,15,6.75,1.33,3.67,2,1,0.9507531100478469,0.5265520157429011
531,,after_candidate_limit,,2530,101,5,101,15,6.75,1.33,2,2,1,0.9507349282296651,0.5263451700071436
532,,after_candidate_limit,,1956,78,6,78,13.89,8.33,0.5,1.38,2,2,0.9507033492822966,0.5160022735054222
533,,after_candidate_limit,,1981,79,6,79,13.89,8.33,0.5,2,2,2,0.9506028708133971,0.5149390757740127
534,,after_candidate_limit,,1201,48,1,48,12.78,5.75,3,4.5,1,2,0.9505894736842105,0.4944290465319683
535,,after_candidate_limit,,854,34,4,34,12.78,11.5,3,4.5,1,15,0.9505655502392345,0.49454260167562425
536,,after_candidate_limit,,1202,48,2,48,12.78,5.75,3,4.5,1,3,0.9505119617224881,0.4933796204475675
537,,after_candidate_limit,,1580,63,5,63,13.89,4.17,0.5,0.75,2,1,0.9505090909090909,0.5147331165471799
538,,after_candidate_limit,,4050,162,0,162,9.44,8.5,0.5,1.38,1,1,0.9504612440191388,0.48788297540571857
539,,after_candidate_limit,,1026,41,1,41,12.78,3.83,3,4.5,1,2,0.9504488038277512,0.4922989594327134
540,,after_candidate_limit,,852,34,2,34,12.78,11.5,3,4.5,1,3,0.9504047846889953,0.4928683351480463
541,,after_candidate_limit,,4075,163,0,163,9.44,8.5,0.5,2,1,1,0.9503703349282296,0.4878625566444896
542,,after_candidate_limit,,1932,77,7,77,13.89,8.33,0.5,0.75,2,3,0.9503071770334929,0.5095279385534024
543,,after_candidate_limit,,1027,41,2,41,12.78,3.83,3,4.5,1,3,0.9502928229665072,0.49076609283624206
544,,after_candidate_limit,,1605,64,5,64,13.89,4.17,0.5,1.38,2,1,0.9502861244019138,0.5082763682404013
545,,after_candidate_limit,,1409,56,9,56,13.89,12.5,0.5,0.75,2,15,0.9502296650717703,0.5023319549957715
546,,after_candidate_limit,,2755,110,5,110,15,9,2.17,3.25,2,1,0.9502287081339713,0.530979290616571
547,,after_candidate_limit,,1630,65,5,65,13.89,4.17,0.5,2,2,1,0.9502133971291866,0.5059860420922241
548,,after_candidate_limit,,851,34,1,34,12.78,11.5,3,4.5,1,2,0.9501837320574162,0.4991559084005634
549,,after_candidate_limit,,1957,78,7,78,13.89,8.33,0.5,1.38,2,3,0.950177033492823,0.5076837298742698
550,,after_candidate_limit,,1378,55,3,55,12.78,7.67,3,4.5,1,8,0.9501617224880383,0.48635307204920575
551,,after_candidate_limit,,1203,48,3,48,12.78,5.75,3,4.5,1,8,0.9501234449760766,0.4845248708042907
552,,after_candidate_limit,,1028,41,3,41,12.78,3.83,3,4.5,1,8,0.9501205741626795,0.48450045213411186
553,,after_candidate_limit,,1029,41,4,41,12.78,3.83,3,4.5,1,15,0.9501205741626795,0.48450045213411186
554,,after_candidate_limit,,1204,48,4,48,12.78,5.75,3,4.5,1,15,0.9501205741626795,0.48450045213411186
555,,after_candidate_limit,,1379,55,4,55,12.78,7.67,3,4.5,1,15,0.9501205741626795,0.48450045213411186
556,,after_candidate_limit,,1982,79,7,79,13.89,8.33,0.5,2,2,3,0.9501177033492822,0.5061543190711695
557,,after_candidate_limit,,1434,57,9,57,13.89,12.5,0.5,1.38,2,15,0.9501167464114832,0.5030073036992673
558,,after_candidate_limit,,2580,103,5,103,15,6.75,2.17,3.25,2,1,0.9500899521531101,0.5263713714583121
559,,after_candidate_limit,,2706,108,6,108,15,9,1.33,2,2,2,0.9500746411483254,0.5162355291427498
560,,after_candidate_limit,,1756,70,6,70,13.89,6.25,0.5,0.75,2,2,0.9500325358851675,0.5091606357143865
561,,after_candidate_limit,,2731,109,6,109,15,9,1.33,3.67,2,2,0.9500258373205742,0.5162845789552559
562,,after_candidate_limit,,850,34,0,34,12.78,11.5,3,4.5,1,1,0.9500057416267943,0.5066160754199452
563,,after_candidate_limit,,1459,58,9,58,13.89,12.5,0.5,2,2,15,0.9499684210526316,0.502216670753152
564,,after_candidate_limit,,1781,71,6,71,13.89,6.25,0.5,1.38,2,2,0.9498086124401914,0.5029309451567054
565,,after_candidate_limit,,75,3,0,3,11.67,10.5,1.33,2,1,1,0.9498066985645933,0.48066582620113335
566,,after_candidate_limit,,2605,104,5,104,15,6.75,3,4.5,2,1,0.9497555023923445,0.5262823870229352
567,,after_candidate_limit,,1806,72,6,72,13.89,6.25,0.5,2,2,2,0.9497531100478469,0.5010946593326406
568,,after_candidate_limit,,425,17,0,17,11.67,5.25,1.33,2,1,1,0.9497397129186603,0.4898608826153397
569,,after_candidate_limit,,2780,111,5,111,15,9,3,4.5,2,1,0.9497301435406699,0.5297679176522967
570,,after_candidate_limit,,3850,154,0,154,9.44,5.66,0.5,0.75,1,1,0.949711004784689,0.4848410589053259
571,,after_candidate_limit,,450,18,0,18,11.67,5.25,1.33,3.67,1,1,0.9497004784688995,0.4878042145362102
572,,after_candidate_limit,,2707,108,7,108,15,9,1.33,2,2,3,0.9496976076555024,0.5087547848143599
573,,after_candidate_limit,,2732,109,7,109,15,9,1.33,3.67,2,3,0.9496928229665071,0.5083776737810081
574,,after_candidate_limit,,2355,94,5,94,15,4.5,1.33,2,2,1,0.9496248803827751,0.5091930147105912
575,,after_candidate_limit,,1782,71,7,71,13.89,6.25,0.5,1.38,2,3,0.949577033492823,0.5000977618377705
576,,after_candidate_limit,,1807,72,7,72,13.89,6.25,0.5,2,2,3,0.9495732057416268,0.5000359359225682
577,,after_candidate_limit,,2380,95,5,95,15,4.5,1.33,3.67,2,1,0.9495722488038277,0.5066665422755209
578,,after_candidate_limit,,1757,70,7,70,13.89,6.25,0.5,0.75,2,3,0.9495617224880383,0.4999359896662081
579,,after_candidate_limit,,76,3,1,3,11.67,10.5,1.33,2,1,2,0.9495598086124402,0.4786769584601924
580,,after_candidate_limit,,1631,65,6,65,13.89,4.17,0.5,2,2,2,0.949533971291866,0.49776440467309113
581,,after_candidate_limit,,1581,63,6,63,13.89,4.17,0.5,0.75,2,2,0.9495282296650718,0.49970402607164466
582,,after_candidate_limit,,3875,155,0,155,9.44,5.66,0.5,1.38,1,1,0.9495244019138755,0.4801956876272607
583,,after_candidate_limit,,1606,64,6,64,13.89,4.17,0.5,1.38,2,2,0.9495157894736842,0.497670270545736
584,,after_candidate_limit,,3900,156,0,156,9.44,5.66,0.5,2,1,1,0.9494842105263158,0.47756422505954527
585,,after_candidate_limit,,100,4,0,4,11.67,10.5,1.33,3.67,1,1,0.949444976076555,0.48014077694905544
586,,after_candidate_limit,,2756,110,6,110,15,9,2.17,3.25,2,2,0.9493760765550239,0.516134231958885
587,,after_candidate_limit,,101,4,1,4,11.67,10.5,1.33,3.67,1,2,0.9493636363636364,0.4750385186643364
588,,after_candidate_limit,,4026,161,1,161,9.44,8.5,0.5,0.75,1,2,0.9492928229665072,0.468153439391466
589,,after_candidate_limit,,1458,58,8,58,13.89,12.5,0.5,2,2,8,0.9492885167464115,0.4970559405081636
590,,after_candidate_limit,,1433,57,8,57,13.89,12.5,0.5,1.38,2,8,0.9492856459330143,0.4965734057101564
591,,after_candidate_limit,,2132,85,7,85,15,13.5,0.5,1.38,2,3,0.9492842105263158,0.5112217189798477
592,,after_candidate_limit,,102,4,2,4,11.67,10.5,1.33,3.67,1,3,0.9492727272727273,0.4782951743709326
593,,after_candidate_limit,,77,3,2,3,11.67,10.5,1.33,2,1,3,0.9492698564593302,0.47777723431422864
594,,after_candidate_limit,,1632,65,7,65,13.89,4.17,0.5,2,2,3,0.9492593301435407,0.49545614346569455
595,,after_candidate_limit,,1607,64,7,64,13.89,4.17,0.5,1.38,2,3,0.9492181818181818,0.4948470582205602
596,,after_candidate_limit,,2531,101,6,101,15,6.75,1.33,2,2,2,0.9492153110047847,0.5032046029293911
597,,after_candidate_limit,,1582,63,7,63,13.89,4.17,0.5,0.75,2,3,0.9492143540669856,0.495296886482284
598,,after_candidate_limit,,1933,77,8,77,13.89,8.33,0.5,0.75,2,8,0.9492038277511962,0.49519583782424703
599,,after_candidate_limit,,1958,78,8,78,13.89,8.33,0.5,1.38,2,8,0.949177990430622,0.49256990228856923
600,,after_candidate_limit,,1983,79,8,79,13.89,8.33,0.5,2,2,8,0.9491655502392344,0.49199751949431736
601,,after_candidate_limit,,2107,84,7,84,15,13.5,0.5,0.75,2,3,0.9491387559808613,0.5058038264730199
602,,after_candidate_limit,,2157,86,7,86,15,13.5,0.5,2,2,3,0.9491320574162679,0.5108990106830039
603,,after_candidate_limit,,2556,102,6,102,15,6.75,1.33,3.67,2,2,0.9491081339712919,0.5003815889854794
604,,after_candidate_limit,,3675,147,0,147,9.44,4.25,0.5,0.75,1,1,0.9490526315789474,0.4746801630502867
605,,after_candidate_limit,,78,3,3,3,11.67,10.5,1.33,2,1,8,0.9490296650717703,0.47627981772163164
606,,after_candidate_limit,,1783,71,8,71,13.89,6.25,0.5,1.38,2,8,0.9490258373205742,0.4874852953948303
607,,after_candidate_limit,,1808,72,8,72,13.89,6.25,0.5,2,2,8,0.9490258373205742,0.4874852953948303
608,,after_candidate_limit,,601,24,1,24,11.67,7,1.33,2,1,2,0.949022966507177,0.47890810399691186
609,,after_candidate_limit,,1758,70,8,70,13.89,6.25,0.5,0.75,2,8,0.949022966507177,0.4874608067071713
610,,after_candidate_limit,,1583,63,8,63,13.89,4.17,0.5,0.75,2,8,0.949022009569378,0.48745250824134145
611,,after_candidate_limit,,1584,63,9,63,13.89,4.17,0.5,0.75,2,15,0.949022009569378,0.48745250824134145
612,,after_candidate_limit,,1608,64,8,64,13.89,4.17,0.5,1.38,2,8,0.949022009569378,0.48745250824134145
613,,after_candidate_limit,,1609,64,9,64,13.89,4.17,0.5,1.38,2,15,0.949022009569378,0.48745250824134145
614,,after_candidate_limit,,1633,65,8,65,13.89,4.17,0.5,2,2,8,0.949022009569378,0.48745250824134145
615,,after_candidate_limit,,1634,65,9,65,13.89,4.17,0.5,2,2,15,0.949022009569378,0.48745250824134145
616,,after_candidate_limit,,1759,70,9,70,13.89,6.25,0.5,0.75,2,15,0.949022009569378,0.48745250824134145
617,,after_candidate_limit,,1784,71,9,71,13.89,6.25,0.5,1.38,2,15,0.949022009569378,0.48745250824134145
618,,after_candidate_limit,,1809,72,9,72,13.89,6.25,0.5,2,2,15,0.949022009569378,0.48745250824134145
619,,after_candidate_limit,,1959,78,9,78,13.89,8.33,0.5,1.38,2,15,0.949022009569378,0.48745250824134145
620,,after_candidate_limit,,1984,79,9,79,13.89,8.33,0.5,2,2,15,0.949022009569378,0.48745250824134145
621,,after_candidate_limit,,1934,77,9,77,13.89,8.33,0.5,0.75,2,15,0.9490200956937799,0.48697140145361983
622,,after_candidate_limit,,103,4,3,4,11.67,10.5,1.33,3.67,1,8,0.9490153110047846,0.4758844229425387
623,,after_candidate_limit,,275,11,0,11,11.67,3.5,1.33,3.67,1,1,0.9490086124401914,0.4774069225480476
624,,after_candidate_limit,,250,10,0,10,11.67,3.5,1.33,2,1,1,0.9489961722488038,0.47738287426956333
625,,after_candidate_limit,,4051,162,1,162,9.44,8.5,0.5,1.38,1,2,0.9489952153110048,0.4708546564301506
626,,after_candidate_limit,,2757,110,7,110,15,9,2.17,3.25,2,3,0.9489942583732057,0.5081218493011204
627,,after_candidate_limit,,1408,56,8,56,13.89,12.5,0.5,0.75,2,8,0.9489856459330144,0.4939622643971189
628,,after_candidate_limit,,2781,111,6,111,15,9,3,4.5,2,2,0.9489684210526316,0.5154374832093853
629,,after_candidate_limit,,4076,163,1,163,9.44,8.5,0.5,2,1,2,0.9489636363636363,0.4709482881205522
630,,after_candidate_limit,,2381,95,6,95,15,4.5,1.33,3.67,2,2,0.948932057416268,0.4989658148225537
631,,after_candidate_limit,,2405,96,5,96,15,4.5,2.17,3.25,2,1,0.9489301435406698,0.5066060710781589
632,,after_candidate_limit,,2356,94,6,94,15,4.5,1.33,2,2,2,0.948912918660287,0.4987680203804227
633,,after_candidate_limit,,626,25,1,25,11.67,7,1.33,3.67,1,2,0.948911004784689,0.4769647605700234
634,,after_candidate_limit,,2532,101,7,101,15,6.75,1.33,2,2,3,0.9488832535885168,0.49950490632347255
635,,after_candidate_limit,,2557,102,7,102,15,6.75,1.33,3.67,2,3,0.9488679425837321,0.4992044199368197
636,,after_candidate_limit,,3700,148,0,148,9.44,4.25,0.5,1.38,1,1,0.9488028708133971,0.4688465165911609
637,,after_candidate_limit,,451,18,1,18,11.67,5.25,1.33,3.67,1,2,0.9487607655502392,0.4754021302815964
638,,after_candidate_limit,,426,17,1,17,11.67,5.25,1.33,2,1,2,0.9487598086124401,0.47580948457243766
639,,after_candidate_limit,,2382,95,7,95,15,4.5,1.33,3.67,2,3,0.9487588516746411,0.497647130893768
640,,after_candidate_limit,,3725,149,0,149,9.44,4.25,0.5,2,1,1,0.9487358851674641,0.4657730657036004
641,,after_candidate_limit,,2357,94,7,94,15,4.5,1.33,2,2,3,0.9486803827751196,0.49702515179336293
642,,after_candidate_limit,,4027,161,2,161,9.44,8.5,0.5,0.75,1,3,0.9486784688995216,0.46414086093732354
643,,after_candidate_limit,,2708,108,8,108,15,9,1.33,2,2,8,0.9486650717703349,0.4969010645878559
644,,after_candidate_limit,,2733,109,8,109,15,9,1.33,3.67,2,8,0.9486574162679425,0.4956555121079457
645,,after_candidate_limit,,452,18,2,18,11.67,5.25,1.33,3.67,1,3,0.9486172248803828,0.4730439722619411
646,,after_candidate_limit,,602,24,2,24,11.67,7,1.33,2,1,3,0.9486105263157895,0.47385901963442434
647,,after_candidate_limit,,2184,87,9,87,15,13.5,1.33,2,2,15,0.9486105263157895,0.49668674294941795
648,,after_candidate_limit,,427,17,2,17,11.67,5.25,1.33,2,1,3,0.9486038277511962,0.47339433894636546
649,,after_candidate_limit,,2782,111,7,111,15,9,3,4.5,2,3,0.9485971291866029,0.507453921480261
650,,after_candidate_limit,,627,25,2,25,11.67,7,1.33,3.67,1,3,0.9485913875598087,0.4730302212879076
651,,after_candidate_limit,,2209,88,9,88,15,13.5,1.33,3.67,2,15,0.9485789473684211,0.4966164904896954
652,,after_candidate_limit,,2131,85,6,85,15,13.5,0.5,1.38,2,2,0.9485626794258373,0.5096544252607947
653,,after_candidate_limit,,4052,162,2,162,9.44,8.5,0.5,1.38,1,3,0.948555980861244,0.46427470987446384
654,,after_candidate_limit,,2430,97,5,97,15,4.5,3,4.5,2,1,0.9485521531100478,0.5062275989396551
655,,after_candidate_limit,,276,11,1,11,11.67,3.5,1.33,3.67,1,2,0.9485349282296651,0.4722968029150162
656,,after_candidate_limit,,251,10,1,10,11.67,3.5,1.33,2,1,2,0.9485196172248804,0.4721603390519961
657,,after_candidate_limit,,2106,84,6,84,15,13.5,0.5,0.75,2,2,0.9485196172248804,0.5027708692307445
658,,after_candidate_limit,,3500,140,0,140,9.44,2.83,0.5,0.75,1,1,0.9485177033492823,0.46671136686471465
659,,after_candidate_limit,,4077,163,2,163,9.44,8.5,0.5,2,1,3,0.9485081339712919,0.4628479899659172
660,,after_candidate_limit,,2581,103,6,103,15,6.75,2.17,3.25,2,2,0.9484794258373206,0.5005715422803858
661,,after_candidate_limit,,2558,102,8,102,15,6.75,1.33,3.67,2,8,0.9483933014354067,0.49017130520720126
662,,after_candidate_limit,,2533,101,8,101,15,6.75,1.33,2,2,8,0.9483913875598086,0.490156380850253
663,,after_candidate_limit,,2358,94,8,94,15,4.5,1.33,2,2,8,0.948377033492823,0.49003780564605837
664,,after_candidate_limit,,2383,95,8,95,15,4.5,1.33,3.67,2,8,0.948377033492823,0.49003780564605837
665,,after_candidate_limit,,2734,109,9,109,15,9,1.33,3.67,2,15,0.948377033492823,0.49003780564605837
666,,after_candidate_limit,,2359,94,9,94,15,4.5,1.33,2,2,15,0.9483760765550239,0.49002943744522154
667,,after_candidate_limit,,2384,95,9,95,15,4.5,1.33,3.67,2,15,0.9483760765550239,0.49002943744522154
668,,after_candidate_limit,,2534,101,9,101,15,6.75,1.33,2,2,15,0.9483760765550239,0.49002943744522154
669,,after_candidate_limit,,2559,102,9,102,15,6.75,1.33,3.67,2,15,0.9483760765550239,0.49002943744522154
670,,after_candidate_limit,,2709,108,9,108,15,9,1.33,2,2,15,0.9483751196172249,0.48980875802701074
671,,after_candidate_limit,,3851,154,1,154,9.44,5.66,0.5,0.75,1,2,0.9483483253588517,0.4633807456587261
672,,after_candidate_limit,,3525,141,0,141,9.44,2.83,0.5,1.38,1,1,0.9483253588516747,0.46073529880159264
673,,after_candidate_limit,,3550,142,0,142,9.44,2.83,0.5,2,1,1,0.9483234449760766,0.4605957959144426
674,,after_candidate_limit,,277,11,2,11,11.67,3.5,1.33,3.67,1,3,0.9483186602870813,0.4696132417934394
675,,after_candidate_limit,,3876,155,1,155,9.44,5.66,0.5,1.38,1,2,0.9483043062200956,0.4621781746668456
676,,after_candidate_limit,,252,10,2,10,11.67,3.5,1.33,2,1,3,0.9483033492822966,0.4692626779337156
677,,after_candidate_limit,,3901,156,1,156,9.44,5.66,0.5,2,1,2,0.9482966507177033,0.4619549893451526
678,,after_candidate_limit,,2156,86,6,86,15,13.5,0.5,2,2,2,0.9482928229665072,0.5094462275650106
679,,after_candidate_limit,,2406,96,6,96,15,4.5,2.17,3.25,2,2,0.9482775119617225,0.49883293135174933
680,,after_candidate_limit,,104,4,4,4,11.67,10.5,1.33,3.67,1,15,0.9482641148325359,0.46821164316534575
681,,after_candidate_limit,,79,3,4,3,11.67,10.5,1.33,2,1,15,0.9482468899521531,0.467667233802335
682,,after_candidate_limit,,2582,103,7,103,15,6.75,2.17,3.25,2,3,0.9482344497607655,0.49926050033947567
683,,after_candidate_limit,,603,24,3,24,11.67,7,1.33,2,1,8,0.9482095693779904,0.463574756578711
684,,after_candidate_limit,,628,25,3,25,11.67,7,1.33,3.67,1,8,0.9482095693779904,0.46349820401250325
685,,after_candidate_limit,,453,18,3,18,11.67,5.25,1.33,3.67,1,8,0.9481952153110048,0.4633812477182824
686,,after_candidate_limit,,253,10,3,10,11.67,3.5,1.33,2,1,8,0.9481942583732057,0.4633726794927859
687,,after_candidate_limit,,254,10,4,10,11.67,3.5,1.33,2,1,15,0.9481942583732057,0.4633726794927859
688,,after_candidate_limit,,278,11,3,11,11.67,3.5,1.33,3.67,1,8,0.9481942583732057,0.4633726794927859
689,,after_candidate_limit,,279,11,4,11,11.67,3.5,1.33,3.67,1,15,0.9481942583732057,0.4633726794927859
690,,after_candidate_limit,,428,17,3,17,11.67,5.25,1.33,2,1,8,0.9481942583732057,0.4633726794927859
691,,after_candidate_limit,,429,17,4,17,11.67,5.25,1.33,2,1,15,0.9481942583732057,0.4633726794927859
692,,after_candidate_limit,,454,18,4,18,11.67,5.25,1.33,3.67,1,15,0.9481942583732057,0.4633726794927859
693,,after_candidate_limit,,604,24,4,24,11.67,7,1.33,2,1,15,0.9481942583732057,0.4633726794927859
694,,after_candidate_limit,,629,25,4,25,11.67,7,1.33,3.67,1,15,0.9481942583732057,0.4633726794927859
695,,after_candidate_limit,,2407,96,7,96,15,4.5,2.17,3.25,2,3,0.948111004784689,0.49756788209505454
696,,after_candidate_limit,,3877,155,2,155,9.44,5.66,0.5,1.38,1,3,0.9481014354066986,0.46060091147451593
697,,after_candidate_limit,,2606,104,6,104,15,6.75,3,4.5,2,2,0.9481004784688996,0.4999674024088381
698,,after_candidate_limit,,3902,156,2,156,9.44,5.66,0.5,2,1,3,0.9480794258373205,0.4600652948421467
699,,after_candidate_limit,,3676,147,1,147,9.44,4.25,0.5,0.75,1,2,0.9480583732057416,0.4600235840668075
700,,after_candidate_limit,,3726,149,1,149,9.44,4.25,0.5,2,1,2,0.9480488038277511,0.45786383276861997
701,,after_candidate_limit,,3852,154,2,154,9.44,5.66,0.5,0.75,1,3,0.948045933014354,0.45964126517942
702,,after_candidate_limit,,3701,148,1,148,9.44,4.25,0.5,1.38,1,2,0.9480306220095693,0.45806702457234005
703,,after_candidate_limit,,2758,110,8,110,15,9,2.17,3.25,2,8,0.948022966507177,0.4961320906905661
704,,after_candidate_limit,,2431,97,6,97,15,4.5,3,4.5,2,2,0.9479368421052632,0.4990086216673345
705,,after_candidate_limit,,2234,89,9,89,15,13.5,2.17,3.25,2,15,0.9479301435406698,0.4966570631475817
706,,after_candidate_limit,,2607,104,7,104,15,6.75,3,4.5,2,3,0.9478822966507177,0.49920318326389634
707,,after_candidate_limit,,3727,149,2,149,9.44,4.25,0.5,2,1,3,0.9478373205741627,0.45604003619558836
708,,after_candidate_limit,,3501,140,1,140,9.44,2.83,0.5,0.75,1,2,0.9478153110047847,0.4560540606563897
709,,after_candidate_limit,,3551,142,1,142,9.44,2.83,0.5,2,1,2,0.9478019138755981,0.45562917895881166
710,,after_candidate_limit,,3702,148,2,148,9.44,4.25,0.5,1.38,1,3,0.9478009569377991,0.4555670568948664
711,,after_candidate_limit,,3677,147,2,147,9.44,4.25,0.5,0.75,1,3,0.9477952153110047,0.456157672269551
712,,after_candidate_limit,,2432,97,7,97,15,4.5,3,4.5,2,3,0.9477866028708134,0.4978630012453411
713,,after_candidate_limit,,3526,141,1,141,9.44,2.83,0.5,1.38,1,2,0.9477818181818182,0.45535358757478633
714,,after_candidate_limit,,2583,103,8,103,15,6.75,2.17,3.25,2,8,0.9477578947368421,0.49022158229614876
715,,after_candidate_limit,,2408,96,8,96,15,4.5,2.17,3.25,2,8,0.9477425837320574,0.4900953399832684
716,,after_candidate_limit,,2409,96,9,96,15,4.5,2.17,3.25,2,15,0.9477425837320574,0.4900953399832684
717,,after_candidate_limit,,2584,103,9,103,15,6.75,2.17,3.25,2,15,0.9477425837320574,0.4900953399832684
718,,after_candidate_limit,,2759,110,9,110,15,9,2.17,3.25,2,15,0.9477425837320574,0.4900953399832684
719,,after_candidate_limit,,4028,161,3,161,9.44,8.5,0.5,0.75,1,8,0.9477253588516746,0.453223349573183
720,,after_candidate_limit,,2783,111,8,111,15,9,3,4.5,2,8,0.9476708133971292,0.4960431469008384
721,,after_candidate_limit,,3502,140,2,140,9.44,2.83,0.5,0.75,1,3,0.9476708133971292,0.45266223243245424
722,,after_candidate_limit,,3527,141,2,141,9.44,2.83,0.5,1.38,1,3,0.9476631578947369,0.4522506284106161
723,,after_candidate_limit,,3552,142,2,142,9.44,2.83,0.5,2,1,3,0.9476622009569378,0.45215376231375
724,,after_candidate_limit,,4053,162,3,162,9.44,8.5,0.5,1.38,1,8,0.9476019138755981,0.4498886555582581
725,,after_candidate_limit,,4078,163,3,163,9.44,8.5,0.5,2,1,8,0.9475904306220095,0.4489323192567355
726,,after_candidate_limit,,2259,90,9,90,15,13.5,3,4.5,2,15,0.9475425837320575,0.4970854867059315
727,,after_candidate_limit,,3903,156,3,156,9.44,5.66,0.5,2,1,8,0.9475311004784689,0.44712356267673065
728,,after_candidate_limit,,3878,155,3,155,9.44,5.66,0.5,1.38,1,8,0.9475291866028708,0.4471065452688186
729,,after_candidate_limit,,3503,140,3,140,9.44,2.83,0.5,0.75,1,8,0.9475282296650718,0.44709796932659335
730,,after_candidate_limit,,3504,140,4,140,9.44,2.83,0.5,0.75,1,15,0.9475282296650718,0.44709796932659335
731,,after_candidate_limit,,3528,141,3,141,9.44,2.83,0.5,1.38,1,8,0.9475282296650718,0.44709796932659335
732,,after_candidate_limit,,3529,141,4,141,9.44,2.83,0.5,1.38,1,15,0.9475282296650718,0.44709796932659335
733,,after_candidate_limit,,3553,142,3,142,9.44,2.83,0.5,2,1,8,0.9475282296650718,0.44709796932659335
734,,after_candidate_limit,,3554,142,4,142,9.44,2.83,0.5,2,1,15,0.9475282296650718,0.44709796932659335
735,,after_candidate_limit,,3678,147,3,147,9.44,4.25,0.5,0.75,1,8,0.9475282296650718,0.44709796932659335
736,,after_candidate_limit,,3679,147,4,147,9.44,4.25,0.5,0.75,1,15,0.9475282296650718,0.44709796932659335
737,,after_candidate_limit,,3703,148,3,148,9.44,4.25,0.5,1.38,1,8,0.9475282296650718,0.44709796932659335
738,,after_candidate_limit,,3704,148,4,148,9.44,4.25,0.5,1.38,1,15,0.9475282296650718,0.44709796932659335
739,,after_candidate_limit,,3728,149,3,149,9.44,4.25,0.5,2,1,8,0.9475282296650718,0.44709796932659335
740,,after_candidate_limit,,3729,149,4,149,9.44,4.25,0.5,2,1,15,0.9475282296650718,0.44709796932659335
741,,after_candidate_limit,,3853,154,3,154,9.44,5.66,0.5,0.75,1,8,0.9475282296650718,0.44709796932659335
742,,after_candidate_limit,,3854,154,4,154,9.44,5.66,0.5,0.75,1,15,0.9475282296650718,0.44709796932659335
743,,after_candidate_limit,,3879,155,4,155,9.44,5.66,0.5,1.38,1,15,0.9475282296650718,0.44709796932659335
744,,after_candidate_limit,,3904,156,4,156,9.44,5.66,0.5,2,1,15,0.9475282296650718,0.44709796932659335
745,,after_candidate_limit,,4054,162,4,162,9.44,8.5,0.5,1.38,1,15,0.9475282296650718,0.44709796932659335
746,,after_candidate_limit,,4079,163,4,163,9.44,8.5,0.5,2,1,15,0.9475282296650718,0.44709796932659335
747,,after_candidate_limit,,4029,161,4,161,9.44,8.5,0.5,0.75,1,15,0.9474947368421053,0.4448830984705667
748,,after_candidate_limit,,2608,104,8,104,15,6.75,3,4.5,2,8,0.9474086124401914,0.4903850749743158
749,,after_candidate_limit,,1230,49,5,49,12.78,7.67,0.5,0.75,2,1,0.9473942583732058,0.5295718543750199
750,,after_candidate_limit,,2433,97,8,97,15,4.5,3,4.5,2,8,0.9473923444976077,0.4902513968949578
751,,after_candidate_limit,,2434,97,9,97,15,4.5,3,4.5,2,15,0.9473923444976077,0.4902513968949578
752,,after_candidate_limit,,2609,104,9,104,15,6.75,3,4.5,2,15,0.9473923444976077,0.4902513968949578
753,,after_candidate_limit,,2784,111,9,111,15,9,3,4.5,2,15,0.9473923444976077,0.4902513968949578
754,,after_candidate_limit,,2105,84,5,84,15,13.5,0.5,0.75,2,1,0.9473665071770335,0.49563275610709234
755,,after_candidate_limit,,2183,87,8,87,15,13.5,1.33,2,2,8,0.9472488038277512,0.4862743826799295
756,,after_candidate_limit,,1280,51,5,51,12.78,7.67,0.5,2,2,1,0.947134928229665,0.5215860579351144
757,,after_candidate_limit,,1255,50,5,50,12.78,7.67,0.5,1.38,2,1,0.9471014354066986,0.5233200247227413
758,,after_candidate_limit,,2208,88,8,88,15,13.5,1.33,3.67,2,8,0.9470765550239234,0.4851316831591911
759,,after_candidate_limit,,2460,98,10,98,15,6.75,0.5,0.75,3,1,0.9468296650717704,0.5313071335053059
760,,after_candidate_limit,,1407,56,7,56,13.89,12.5,0.5,0.75,2,3,0.9467492822966507,0.4984110895891119
761,,after_candidate_limit,,2485,99,10,99,15,6.75,0.5,1.38,3,1,0.9467224880382775,0.5288776138048902
762,,after_candidate_limit,,2510,100,10,100,15,6.75,0.5,2,3,1,0.9466765550239234,0.5291749969525836
763,,after_candidate_limit,,1055,42,5,42,12.78,5.75,0.5,0.75,2,1,0.9465732057416268,0.5170771098997707
764,,after_candidate_limit,,2233,89,8,89,15,13.5,2.17,3.25,2,8,0.9465626794258373,0.48579097537471905
765,,after_candidate_limit,,2635,105,10,105,15,9,0.5,0.75,3,1,0.9464976076555024,0.538766429392433
766,,after_candidate_limit,,650,26,0,26,11.67,7,2.17,3.25,1,1,0.9463598086124402,0.5016506947241438
767,,after_candidate_limit,,1080,43,5,43,12.78,5.75,0.5,1.38,2,1,0.9462775119617225,0.51038149483931
768,,after_candidate_limit,,2660,106,10,106,15,9,0.5,1.38,3,1,0.9462526315789473,0.5357711060556823
769,,after_candidate_limit,,2258,90,8,90,15,13.5,3,4.5,2,8,0.9462516746411483,0.48668708611671685
770,,after_candidate_limit,,1432,57,7,57,13.89,12.5,0.5,1.38,2,3,0.9462459330143541,0.4950291981510762
771,,after_candidate_limit,,2685,107,10,107,15,9,0.5,2,3,1,0.9462459330143541,0.5335199579976092
772,,after_candidate_limit,,1105,44,5,44,12.78,5.75,0.5,2,2,1,0.9462411483253589,0.5073194798624039
773,,after_candidate_limit,,2636,105,11,105,15,9,0.5,0.75,3,2,0.9460765550239234,0.518834368092105
774,,after_candidate_limit,,2661,106,11,106,15,9,0.5,1.38,3,2,0.9460076555023923,0.5166889274950419
775,,after_candidate_limit,,2686,107,11,107,15,9,0.5,2,3,2,0.9459913875598086,0.5174593994665675
776,,after_candidate_limit,,1457,58,7,58,13.89,12.5,0.5,2,2,3,0.9458708133971292,0.4952784471155504
777,,after_candidate_limit,,1406,56,6,56,13.89,12.5,0.5,0.75,2,2,0.9458038277511962,0.5064396730769981
778,,after_candidate_limit,,1231,49,6,49,12.78,7.67,0.5,0.75,2,2,0.9457904306220095,0.5029379485731602
779,,after_candidate_limit,,1281,51,6,51,12.78,7.67,0.5,2,2,2,0.9457435406698564,0.5001990760044226
780,,after_candidate_limit,,1256,50,6,50,12.78,7.67,0.5,1.38,2,2,0.9457358851674641,0.5006941193687862
781,,after_candidate_limit,,2130,85,5,85,15,13.5,0.5,1.38,2,1,0.9456650717703349,0.49585113066611114
782,,after_candidate_limit,,2637,105,12,105,15,9,0.5,0.75,3,3,0.9456028708133971,0.5087197973981644
783,,after_candidate_limit,,1431,57,6,57,13.89,12.5,0.5,1.38,2,2,0.9455818181818182,0.503031174988838
784,,after_candidate_limit,,2285,91,10,91,15,4.5,0.5,0.75,3,1,0.9455808612440192,0.5155122267651508
785,,after_candidate_limit,,880,35,5,35,12.78,3.83,0.5,0.75,2,1,0.9455665071770335,0.5011613210256545
786,,after_candidate_limit,,2687,107,12,107,15,9,0.5,2,3,3,0.9455387559808612,0.5086077929332368
787,,after_candidate_limit,,2662,106,12,106,15,9,0.5,1.38,3,3,0.9455244019138755,0.5075256440888641
788,,after_candidate_limit,,1405,56,5,56,13.89,12.5,0.5,0.75,2,1,0.9454813397129187,0.5117792392686211
789,,after_candidate_limit,,1456,58,6,58,13.89,12.5,0.5,2,2,2,0.9454545454545454,0.49804914867708483
790,,after_candidate_limit,,2310,92,10,92,15,4.5,0.5,1.38,3,1,0.9453665071770335,0.5096319109909327
791,,after_candidate_limit,,2335,93,10,93,15,4.5,0.5,2,3,1,0.9453473684210526,0.5067647289278816
792,,after_candidate_limit,,475,19,0,19,11.67,5.25,2.17,3.25,1,1,0.9453215311004785,0.4834284955695437
793,,after_candidate_limit,,905,36,5,36,12.78,3.83,0.5,1.38,2,1,0.945267942583732,0.4929167323815864
794,,after_candidate_limit,,2461,98,11,98,15,6.75,0.5,0.75,3,2,0.9452114832535885,0.5085859748448769
795,,after_candidate_limit,,930,37,5,37,12.78,3.83,0.5,2,2,1,0.9452076555023924,0.49071849601036227
796,,after_candidate_limit,,733,29,8,29,12.78,11.5,0.5,1.38,2,8,0.9451808612440191,0.4914165047127452
797,,after_candidate_limit,,708,28,8,28,12.78,11.5,0.5,0.75,2,8,0.9451598086124402,0.4884124327774598
798,,after_candidate_limit,,2030,81,5,81,13.89,8.33,1.33,3.67,2,1,0.9451578947368421,0.5241048155421258
799,,after_candidate_limit,,1232,49,7,49,12.78,7.67,0.5,0.75,2,3,0.9451569377990431,0.4959901124675771
800,,after_candidate_limit,,125,5,0,5,11.67,10.5,2.17,3.25,1,1,0.9451435406698565,0.47527493210098487
801,,after_candidate_limit,,2005,80,5,80,13.89,8.33,1.33,2,2,1,0.9451406698564593,0.5249221753929246
802,,after_candidate_limit,,758,30,8,30,12.78,11.5,0.5,2,2,8,0.9451129186602871,0.4923841355623265
803,,after_candidate_limit,,1282,51,7,51,12.78,7.67,0.5,2,2,3,0.9450468899521531,0.48970202347001085
804,,after_candidate_limit,,1056,42,6,42,12.78,5.75,0.5,0.75,2,2,0.9450277511961722,0.4921594741298174
805,,after_candidate_limit,,1257,50,7,50,12.78,7.67,0.5,1.38,2,3,0.945022009569378,0.49128695087651625
806,,after_candidate_limit,,2486,99,11,99,15,6.75,0.5,1.38,3,2,0.9450143540669856,0.5039480053774836
807,,after_candidate_limit,,1830,73,5,73,13.89,6.25,1.33,2,2,1,0.944955023923445,0.513710464581204
808,,after_candidate_limit,,126,5,1,5,11.67,10.5,2.17,3.25,1,2,0.9449387559808612,0.4699500555499878
809,,after_candidate_limit,,1081,43,6,43,12.78,5.75,0.5,1.38,2,2,0.9449339712918661,0.4893116756699185
810,,after_candidate_limit,,1106,44,6,44,12.78,5.75,0.5,2,2,2,0.9449224880382775,0.4891426679958155
811,,after_candidate_limit,,2511,100,11,100,15,6.75,0.5,2,3,2,0.9449167464114833,0.502034859660302
812,,after_candidate_limit,,1855,74,5,74,13.89,6.25,1.33,3.67,2,1,0.9448210526315789,0.5106884593261841
813,,after_candidate_limit,,127,5,2,5,11.67,10.5,2.17,3.25,1,3,0.9448181818181818,0.47281578061553514
814,,after_candidate_limit,,2182,87,7,87,15,13.5,1.33,2,2,3,0.9447751196172249,0.49877742282176774
815,,after_candidate_limit,,2155,86,5,86,15,13.5,0.5,2,2,1,0.9447665071770335,0.49541950726785167
816,,after_candidate_limit,,1082,43,7,43,12.78,5.75,0.5,1.38,2,3,0.9447531100478469,0.48828822723710597
817,,after_candidate_limit,,1107,44,7,44,12.78,5.75,0.5,2,2,3,0.9447521531100479,0.48810477954587633
818,,after_candidate_limit,,1057,42,7,42,12.78,5.75,0.5,0.75,2,3,0.9446775119617224,0.4875148161755246
819,,after_candidate_limit,,709,28,9,28,12.78,11.5,0.5,0.75,2,15,0.9446545454545454,0.48671890300924103
820,,after_candidate_limit,,931,37,6,37,12.78,3.83,0.5,2,2,2,0.9446344497607656,0.4847213292368312
821,,after_candidate_limit,,300,12,0,12,11.67,3.5,2.17,3.25,1,1,0.9446267942583733,0.4727189972086191
822,,after_candidate_limit,,881,35,6,35,12.78,3.83,0.5,0.75,2,2,0.9446258373205741,0.48618327711177867
823,,after_candidate_limit,,128,5,3,5,11.67,10.5,2.17,3.25,1,8,0.944623923444976,0.4712992763484741
824,,after_candidate_limit,,906,36,6,36,12.78,3.83,0.5,1.38,2,2,0.944623923444976,0.4846827221843282
825,,after_candidate_limit,,2462,98,12,98,15,6.75,0.5,0.75,3,3,0.9445799043062201,0.5002369301946721
826,,after_candidate_limit,,651,26,1,26,11.67,7,2.17,3.25,1,2,0.9445531100478469,0.4726708111207558
827,,after_candidate_limit,,759,30,9,30,12.78,11.5,0.5,2,2,15,0.9445377990430622,0.48339237216738107
828,,after_candidate_limit,,2286,91,11,91,15,4.5,0.5,0.75,3,2,0.9445301435406699,0.4984042038936373
829,,after_candidate_limit,,734,29,9,29,12.78,11.5,0.5,1.38,2,15,0.9445253588516747,0.483653966587016
830,,after_candidate_limit,,2487,99,12,99,15,6.75,0.5,1.38,3,3,0.9445215311004784,0.49760650063020456
831,,after_candidate_limit,,2336,93,11,93,15,4.5,0.5,2,3,2,0.9445177033492823,0.4958276841663908
832,,after_candidate_limit,,2512,100,12,100,15,6.75,0.5,2,3,3,0.94451004784689,0.49757804743943745
833,,after_candidate_limit,,2311,92,11,92,15,4.5,0.5,1.38,3,2,0.9444976076555024,0.49636758587214236
834,,after_candidate_limit,,2207,88,7,88,15,13.5,1.33,3.67,2,3,0.9444727272727272,0.4964911283178384
835,,after_candidate_limit,,476,19,1,19,11.67,5.25,2.17,3.25,1,2,0.9443923444976077,0.47086378944898116
836,,after_candidate_limit,,932,37,7,37,12.78,3.83,0.5,2,2,3,0.9443607655502393,0.48194364808198376
837,,after_candidate_limit,,907,36,7,36,12.78,3.83,0.5,1.38,2,3,0.9443521531100478,0.48173954408236686
838,,after_candidate_limit,,882,35,7,35,12.78,3.83,0.5,0.75,2,3,0.9443483253588517,0.48183376332313343
839,,after_candidate_limit,,2181,87,6,87,15,13.5,1.33,2,2,2,0.9443244019138756,0.4987907924690421
840,,after_candidate_limit,,2663,106,13,106,15,9,0.5,1.38,3,8,0.9442909090909091,0.4951305232055724
841,,after_candidate_limit,,2638,105,13,105,15,9,0.5,0.75,3,8,0.9442708133971291,0.495882814534842
842,,after_candidate_limit,,2337,93,12,93,15,4.5,0.5,2,3,3,0.9442583732057416,0.4939659506479092
843,,after_candidate_limit,,2688,107,13,107,15,9,0.5,2,3,8,0.9442564593301436,0.49341571857110306
844,,after_candidate_limit,,477,19,2,19,11.67,5.25,2.17,3.25,1,3,0.9442526315789473,0.46834897605140763
845,,after_candidate_limit,,652,26,2,26,11.67,7,2.17,3.25,1,3,0.9442248803827751,0.46844371708951454
846,,after_candidate_limit,,2312,92,12,92,15,4.5,0.5,1.38,3,3,0.9442153110047847,0.49350926152476554
847,,after_candidate_limit,,2006,80,6,80,13.89,8.33,1.33,2,2,2,0.9442028708133972,0.5032572557643396
848,,after_candidate_limit,,2031,81,6,81,13.89,8.33,1.33,3.67,2,2,0.9441990430622009,0.5019959310482731
849,,after_candidate_limit,,1233,49,8,49,12.78,7.67,0.5,0.75,2,8,0.9441885167464115,0.4758108109324795
850,,after_candidate_limit,,2287,91,12,91,15,4.5,0.5,0.75,3,3,0.9441846889952153,0.49409620152674294
851,,after_candidate_limit,,1283,51,8,51,12.78,7.67,0.5,2,2,8,0.9441827751196172,0.47596675437187824
852,,after_candidate_limit,,1258,50,8,50,12.78,7.67,0.5,1.38,2,8,0.944177990430622,0.4756402540085368
853,,after_candidate_limit,,301,12,1,12,11.67,3.5,2.17,3.25,1,2,0.9441665071770335,0.4674584264648571
854,,after_candidate_limit,,2232,89,7,89,15,13.5,2.17,3.25,2,3,0.9441492822966507,0.4990626144257512
855,,after_candidate_limit,,1083,43,8,43,12.78,5.75,0.5,1.38,2,8,0.9441406698564593,0.47310347194817115
856,,after_candidate_limit,,1108,44,8,44,12.78,5.75,0.5,2,2,8,0.9441406698564593,0.47310347194817115
857,,after_candidate_limit,,883,35,8,35,12.78,3.83,0.5,0.75,2,8,0.9441397129186603,0.47309496225452013
858,,after_candidate_limit,,884,35,9,35,12.78,3.83,0.5,0.75,2,15,0.9441397129186603,0.47309496225452013
859,,after_candidate_limit,,908,36,8,36,12.78,3.83,0.5,1.38,2,8,0.9441397129186603,0.47309496225452013
860,,after_candidate_limit,,909,36,9,36,12.78,3.83,0.5,1.38,2,15,0.9441397129186603,0.47309496225452013
861,,after_candidate_limit,,933,37,8,37,12.78,3.83,0.5,2,2,8,0.9441397129186603,0.47309496225452013
862,,after_candidate_limit,,934,37,9,37,12.78,3.83,0.5,2,2,15,0.9441397129186603,0.47309496225452013
863,,after_candidate_limit,,1058,42,8,42,12.78,5.75,0.5,0.75,2,8,0.9441397129186603,0.47309496225452013
864,,after_candidate_limit,,1059,42,9,42,12.78,5.75,0.5,0.75,2,15,0.9441397129186603,0.47309496225452013
865,,after_candidate_limit,,1084,43,9,43,12.78,5.75,0.5,1.38,2,15,0.9441397129186603,0.47309496225452013
866,,after_candidate_limit,,1109,44,9,44,12.78,5.75,0.5,2,2,15,0.9441397129186603,0.47309496225452013
867,,after_candidate_limit,,1234,49,9,49,12.78,7.67,0.5,0.75,2,15,0.9441397129186603,0.47309496225452013
868,,after_candidate_limit,,1259,50,9,50,12.78,7.67,0.5,1.38,2,15,0.9441397129186603,0.47309496225452013
869,,after_candidate_limit,,1284,51,9,51,12.78,7.67,0.5,2,2,15,0.9441397129186603,0.47309496225452013
870,,after_candidate_limit,,732,29,7,29,12.78,11.5,0.5,1.38,2,3,0.9439894736842105,0.47993430446070173
871,,after_candidate_limit,,302,12,2,12,11.67,3.5,2.17,3.25,1,3,0.9439598086124402,0.4649141962486329
872,,after_candidate_limit,,2513,100,13,100,15,6.75,0.5,2,3,8,0.9439511961722488,0.4856237992207219
873,,after_candidate_limit,,2206,88,6,88,15,13.5,1.33,3.67,2,2,0.9439502392344498,0.49357173437399116
874,,after_candidate_limit,,2488,99,13,99,15,6.75,0.5,1.38,3,8,0.9439492822966508,0.4856084770387662
875,,after_candidate_limit,,2463,98,13,98,15,6.75,0.5,0.75,3,8,0.9439454545454545,0.485749484790264
876,,after_candidate_limit,,2257,90,7,90,15,13.5,3,4.5,2,3,0.9439368421052632,0.498598110411943
877,,after_candidate_limit,,2288,91,13,91,15,4.5,0.5,0.75,3,8,0.9439368421052632,0.48550335285032575
878,,after_candidate_limit,,2289,91,14,91,15,4.5,0.5,0.75,3,15,0.9439368421052632,0.48550335285032575
879,,after_candidate_limit,,2313,92,13,92,15,4.5,0.5,1.38,3,8,0.9439368421052632,0.48550335285032575
880,,after_candidate_limit,,2314,92,14,92,15,4.5,0.5,1.38,3,15,0.9439368421052632,0.48550335285032575
881,,after_candidate_limit,,2338,93,13,93,15,4.5,0.5,2,3,8,0.9439368421052632,0.48550335285032575
882,,after_candidate_limit,,2339,93,14,93,15,4.5,0.5,2,3,15,0.9439368421052632,0.48550335285032575
883,,after_candidate_limit,,2464,98,14,98,15,6.75,0.5,0.75,3,15,0.9439368421052632,0.48550335285032575
884,,after_candidate_limit,,2489,99,14,99,15,6.75,0.5,1.38,3,15,0.9439368421052632,0.48550335285032575
885,,after_candidate_limit,,2514,100,14,100,15,6.75,0.5,2,3,15,0.9439368421052632,0.48550335285032575
886,,after_candidate_limit,,2639,105,14,105,15,9,0.5,0.75,3,15,0.9439368421052632,0.48482395930836564
887,,after_candidate_limit,,2689,107,14,107,15,9,0.5,2,3,15,0.9439358851674641,0.4851294155290128
888,,after_candidate_limit,,2664,106,14,106,15,9,0.5,1.38,3,15,0.943931100478469,0.4848199786970898
889,,after_candidate_limit,,2139,85,14,85,15,13.5,0.5,1.38,3,15,0.9439215311004785,0.4933775888082704
890,,after_candidate_limit,,129,5,4,5,11.67,10.5,2.17,3.25,1,15,0.9439081339712919,0.4637317659627795
891,,after_candidate_limit,,1655,66,5,66,13.89,4.17,1.33,2,2,1,0.9438909090909091,0.4946001750718115
892,,after_candidate_limit,,1680,67,5,67,13.89,4.17,1.33,3.67,2,1,0.9438870813397129,0.4935652487587959
893,,after_candidate_limit,,2164,86,14,86,15,13.5,0.5,2,3,15,0.943866985645933,0.49311912526597995
894,,after_candidate_limit,,653,26,3,26,11.67,7,2.17,3.25,1,8,0.9438583732057416,0.45905459606407145
895,,after_candidate_limit,,303,12,3,12,11.67,3.5,2.17,3.25,1,8,0.9438430622009569,0.45893173201725285
896,,after_candidate_limit,,304,12,4,12,11.67,3.5,2.17,3.25,1,15,0.9438430622009569,0.45893173201725285
897,,after_candidate_limit,,478,19,3,19,11.67,5.25,2.17,3.25,1,8,0.9438430622009569,0.45893173201725285
898,,after_candidate_limit,,479,19,4,19,11.67,5.25,2.17,3.25,1,15,0.9438430622009569,0.45893173201725285
899,,after_candidate_limit,,654,26,4,26,11.67,7,2.17,3.25,1,15,0.9438430622009569,0.45893173201725285
900,,after_candidate_limit,,757,30,7,30,12.78,11.5,0.5,2,2,3,0.9438411483253588,0.4792835610780763
901,,after_candidate_limit,,707,28,7,28,12.78,11.5,0.5,0.75,2,3,0.9438258373205741,0.4814215448884233
902,,after_candidate_limit,,675,27,0,27,11.67,7,3,4.5,1,1,0.943788995215311,0.5000376569893303
903,,after_candidate_limit,,2007,80,7,80,13.89,8.33,1.33,2,2,3,0.9437703349282297,0.49505035301435085
904,,after_candidate_limit,,2032,81,7,81,13.89,8.33,1.33,3.67,2,3,0.9437234449760765,0.49375634562106974
905,,after_candidate_limit,,731,29,6,29,12.78,11.5,0.5,1.38,2,2,0.9436832535885168,0.487925875143142
906,,after_candidate_limit,,1484,59,9,59,13.89,12.5,1.33,2,2,15,0.9436488038277512,0.49101522839674716
907,,after_candidate_limit,,2231,89,6,89,15,13.5,2.17,3.25,2,2,0.9436105263157895,0.4954800671567771
908,,after_candidate_limit,,1509,60,9,60,13.89,12.5,1.33,3.67,2,15,0.9435626794258373,0.4905053839828218
909,,after_candidate_limit,,2114,84,14,84,15,13.5,0.5,0.75,3,15,0.9435578947368422,0.49009459299843816
910,,after_candidate_limit,,706,28,6,28,12.78,11.5,0.5,0.75,2,2,0.9435043062200957,0.48720497340862945
911,,after_candidate_limit,,2055,82,5,82,13.89,8.33,2.17,3.25,2,1,0.9434995215311005,0.5213603089162027
912,,after_candidate_limit,,1430,57,5,57,13.89,12.5,0.5,1.38,2,1,0.9434086124401914,0.5004928680534478
913,,after_candidate_limit,,1831,73,6,73,13.89,6.25,1.33,2,2,2,0.9434052631578947,0.48948712666594185
914,,after_candidate_limit,,1856,74,6,74,13.89,6.25,1.33,3.67,2,2,0.9433913875598086,0.489387567014829
915,,after_candidate_limit,,756,30,6,30,12.78,11.5,0.5,2,2,2,0.9433598086124402,0.4851309413968723
916,,after_candidate_limit,,1832,73,7,73,13.89,6.25,1.33,2,2,3,0.9432736842105263,0.4887152626832019
917,,after_candidate_limit,,1857,74,7,74,13.89,6.25,1.33,3.67,2,3,0.9432727272727273,0.4887017024994381
918,,after_candidate_limit,,1681,67,6,67,13.89,4.17,1.33,3.67,2,2,0.9432516746411483,0.4865744233846395
919,,after_candidate_limit,,2256,90,6,90,15,13.5,3,4.5,2,2,0.9432516746411483,0.49519405558660134
920,,after_candidate_limit,,1880,75,5,75,13.89,6.25,2.17,3.25,2,1,0.9432478468899521,0.5093409324862826
921,,after_candidate_limit,,1656,66,6,66,13.89,4.17,1.33,2,2,2,0.9432421052631579,0.48652649102948986
922,,after_candidate_limit,,1682,67,7,67,13.89,4.17,1.33,3.67,2,3,0.9430401913875598,0.484868369298289
923,,after_candidate_limit,,1657,66,7,66,13.89,4.17,1.33,2,2,3,0.9429952153110048,0.48439858018744986
924,,after_candidate_limit,,1483,59,8,59,13.89,12.5,1.33,2,2,8,0.9429196172248804,0.4855463616069424
925,,after_candidate_limit,,2033,81,8,81,13.89,8.33,1.33,3.67,2,8,0.9429157894736843,0.4811539064726546
926,,after_candidate_limit,,2008,80,8,80,13.89,8.33,1.33,2,2,8,0.9429033492822967,0.4811269132428535
927,,after_candidate_limit,,1455,58,5,58,13.89,12.5,0.5,2,2,1,0.942799043062201,0.49524571884599317
928,,after_candidate_limit,,1508,60,8,60,13.89,12.5,1.33,3.67,2,8,0.9427846889952153,0.4854834194678234
929,,after_candidate_limit,,1858,74,8,74,13.89,6.25,1.33,3.67,2,8,0.9427665071770335,0.4761734310408371
930,,after_candidate_limit,,1833,73,8,73,13.89,6.25,1.33,2,2,8,0.9427655502392345,0.47616546368755297
931,,after_candidate_limit,,1658,66,8,66,13.89,4.17,1.33,2,2,8,0.9427617224880382,0.4761325379663126
932,,after_candidate_limit,,1659,66,9,66,13.89,4.17,1.33,2,2,15,0.9427617224880382,0.4761325379663126
933,,after_candidate_limit,,1683,67,8,67,13.89,4.17,1.33,3.67,2,8,0.9427617224880382,0.4761325379663126
934,,after_candidate_limit,,1684,67,9,67,13.89,4.17,1.33,3.67,2,15,0.9427617224880382,0.4761325379663126
935,,after_candidate_limit,,1834,73,9,73,13.89,6.25,1.33,2,2,15,0.9427617224880382,0.4761325379663126
936,,after_candidate_limit,,1859,74,9,74,13.89,6.25,1.33,3.67,2,15,0.9427617224880382,0.4761325379663126
937,,after_candidate_limit,,2009,80,9,80,13.89,8.33,1.33,2,2,15,0.9427617224880382,0.4761325379663126
938,,after_candidate_limit,,2034,81,9,81,13.89,8.33,1.33,3.67,2,15,0.9427617224880382,0.4761325379663126
939,,after_candidate_limit,,500,20,0,20,11.67,5.25,3,4.5,1,1,0.9426875598086124,0.4802410640941665
940,,after_candidate_limit,,705,28,5,28,12.78,11.5,0.5,0.75,2,1,0.9426555023923445,0.5020280521214151
941,,after_candidate_limit,,580,23,5,23,11.67,7,0.5,2,2,1,0.9426114832535886,0.5073081778212147
942,,after_candidate_limit,,2056,82,6,82,13.89,8.33,2.17,3.25,2,2,0.9425942583732058,0.5001586192456443
943,,after_candidate_limit,,530,21,5,21,11.67,7,0.5,0.75,2,1,0.9425933014354066,0.5100748971573212
944,,after_candidate_limit,,555,22,5,22,11.67,7,0.5,1.38,2,1,0.9425856459330143,0.5063726464217506
945,,after_candidate_limit,,150,6,0,6,11.67,10.5,3,4.5,1,1,0.9423822966507177,0.4728430354320927
946,,after_candidate_limit,,1705,68,5,68,13.89,4.17,2.17,3.25,2,1,0.9423157894736842,0.4918715230137733
947,,after_candidate_limit,,151,6,1,6,11.67,10.5,3,4.5,1,2,0.9422416267942584,0.4678942062226502
948,,after_candidate_limit,,152,6,2,6,11.67,10.5,3,4.5,1,3,0.9422320574162679,0.4714484961350313
949,,after_candidate_limit,,2057,82,7,82,13.89,8.33,2.17,3.25,2,3,0.9421473684210526,0.4922048541432582
950,,after_candidate_limit,,325,13,0,13,11.67,3.5,3,4.5,1,1,0.9420435406698564,0.4709192398777191
951,,after_candidate_limit,,153,6,3,6,11.67,10.5,3,4.5,1,8,0.9420377990430622,0.4695264433103904
952,,after_candidate_limit,,1534,61,9,61,13.89,12.5,2.17,3.25,2,15,0.9419904306220096,0.48906066574033885
953,,after_candidate_limit,,676,27,1,27,11.67,7,3,4.5,1,2,0.9419028708133971,0.4691609367842845
954,,after_candidate_limit,,1881,75,6,75,13.89,6.25,2.17,3.25,2,2,0.9418363636363636,0.487726616343012
955,,after_candidate_limit,,501,20,1,20,11.67,5.25,3,4.5,1,2,0.9417928229665071,0.4683142852856721
956,,after_candidate_limit,,1882,75,7,75,13.89,6.25,2.17,3.25,2,3,0.9417167464114833,0.487093012459274
957,,after_candidate_limit,,1706,68,6,68,13.89,4.17,2.17,3.25,2,2,0.9416995215311005,0.48501700138260734
958,,after_candidate_limit,,2180,87,5,87,15,13.5,1.33,2,2,1,0.9416822966507177,0.48801334360037807
959,,after_candidate_limit,,502,20,2,20,11.67,5.25,3,4.5,1,3,0.9416732057416268,0.4666308560300363
960,,after_candidate_limit,,355,14,5,14,11.67,5.25,0.5,0.75,2,1,0.9416354066985646,0.49749252136065053
961,,after_candidate_limit,,677,27,2,27,11.67,7,3,4.5,1,3,0.9416205741626794,0.46599712770216917
962,,after_candidate_limit,,326,13,1,13,11.67,3.5,3,4.5,1,2,0.9415842105263158,0.4657037292179562
963,,after_candidate_limit,,380,15,5,15,11.67,5.25,0.5,1.38,2,1,0.9415464114832536,0.4912873915532807
964,,after_candidate_limit,,730,29,5,29,12.78,11.5,0.5,1.38,2,1,0.941532057416268,0.49369578667450364
965,,after_candidate_limit,,405,16,5,16,11.67,5.25,0.5,2,2,1,0.9415282296650718,0.48985161100566693
966,,after_candidate_limit,,1707,68,7,68,13.89,4.17,2.17,3.25,2,3,0.9414813397129187,0.48323382995762776
967,,after_candidate_limit,,327,13,2,13,11.67,3.5,3,4.5,1,3,0.9413842105263158,0.4633299631680744
968,,after_candidate_limit,,2058,82,8,82,13.89,8.33,2.17,3.25,2,8,0.9413626794258373,0.4798804559194722
969,,after_candidate_limit,,154,6,4,6,11.67,10.5,3,4.5,1,15,0.9413287081339713,0.46213853592515564
970,,after_candidate_limit,,678,27,3,27,11.67,7,3,4.5,1,8,0.9412751196172249,0.45730524185447974
971,,after_candidate_limit,,503,20,3,20,11.67,5.25,3,4.5,1,8,0.9412598086124402,0.45718399956129596
972,,after_candidate_limit,,328,13,3,13,11.67,3.5,3,4.5,1,8,0.9412588516746412,0.4571755826488083
973,,after_candidate_limit,,329,13,4,13,11.67,3.5,3,4.5,1,15,0.9412588516746412,0.4571755826488083
974,,after_candidate_limit,,504,20,4,20,11.67,5.25,3,4.5,1,15,0.9412588516746412,0.4571755826488083
975,,after_candidate_limit,,679,27,4,27,11.67,7,3,4.5,1,15,0.9412588516746412,0.4571755826488083
976,,after_candidate_limit,,2080,83,5,83,13.89,8.33,3,4.5,2,1,0.9412483253588517,0.5214068234209686
977,,after_candidate_limit,,1883,75,8,75,13.89,6.25,2.17,3.25,2,8,0.94122009569378,0.47481222236316833
978,,after_candidate_limit,,1533,61,8,61,13.89,12.5,2.17,3.25,2,8,0.9412143540669856,0.4838021767007962
979,,after_candidate_limit,,1708,68,8,68,13.89,4.17,2.17,3.25,2,8,0.9412143540669856,0.4747627480326174
980,,after_candidate_limit,,1709,68,9,68,13.89,4.17,2.17,3.25,2,15,0.9412143540669856,0.4747627480326174
981,,after_candidate_limit,,1884,75,9,75,13.89,6.25,2.17,3.25,2,15,0.9412143540669856,0.4747627480326174
982,,after_candidate_limit,,2059,82,9,82,13.89,8.33,2.17,3.25,2,15,0.9412143540669856,0.4747627480326174
983,,after_candidate_limit,,2113,84,13,84,15,13.5,0.5,0.75,3,8,0.9411521531100479,0.4771755468300109
984,,after_candidate_limit,,1935,77,10,77,13.89,8.33,0.5,0.75,3,1,0.9411062200956938,0.526878997960709
985,,after_candidate_limit,,2138,85,13,85,15,13.5,0.5,1.38,3,8,0.9409837320574163,0.47657947510992543
986,,after_candidate_limit,,1905,76,5,76,13.89,6.25,3,4.5,2,1,0.9409028708133971,0.5061764220287726
987,,after_candidate_limit,,1760,70,10,70,13.89,6.25,0.5,0.75,3,1,0.940888995215311,0.5175298916590814
988,,after_candidate_limit,,6,0,6,0,11.67,10.5,0.5,0.75,2,2,0.9408794258373205,0.4875085843567792
989,,after_candidate_limit,,531,21,6,21,11.67,7,0.5,0.75,2,2,0.9408612440191387,0.4854586011752563
990,,after_candidate_limit,,180,7,5,7,11.67,3.5,0.5,0.75,2,1,0.9408172248803828,0.4837234756156044
991,,after_candidate_limit,,1960,78,10,78,13.89,8.33,0.5,1.38,3,1,0.940756937799043,0.5248368608379107
992,,after_candidate_limit,,2163,86,13,86,15,13.5,0.5,2,3,8,0.940756937799043,0.4750251322210194
993,,after_candidate_limit,,1785,71,10,71,13.89,6.25,0.5,1.38,3,1,0.9406813397129187,0.5140766614119436
994,,after_candidate_limit,,2205,88,5,88,15,13.5,1.33,3.67,2,1,0.9406497607655503,0.48753438917245295
995,,after_candidate_limit,,755,30,5,30,12.78,11.5,0.5,2,2,1,0.940622966507177,0.48827323896709707
996,,after_candidate_limit,,31,1,6,1,11.67,10.5,0.5,1.38,2,2,0.9406,0.48219741513487235
997,,after_candidate_limit,,1810,72,10,72,13.89,6.25,0.5,2,3,1,0.940599043062201,0.5120066948367199
998,,after_candidate_limit,,2230,89,5,89,15,13.5,2.17,3.25,2,1,0.9405741626794258,0.48775206577827995
999,,after_candidate_limit,,556,22,6,22,11.67,7,0.5,1.38,2,2,0.9405674641148325,0.47871254269601804
1000,,after_candidate_limit,,56,2,6,2,11.67,10.5,0.5,2,2,2,0.9405521531100478,0.4798731687338319
1001,,after_candidate_limit,,7,0,7,0,11.67,10.5,0.5,0.75,2,3,0.9405454545454546,0.4770397250892659
1002,,after_candidate_limit,,205,8,5,8,11.67,3.5,0.5,1.38,2,1,0.9405358851674641,0.47601024316970464
1003,,after_candidate_limit,,230,9,5,9,11.67,3.5,0.5,2,2,1,0.9405177033492823,0.47480437860052077
1004,,after_candidate_limit,,581,23,6,23,11.67,7,0.5,2,2,2,0.9404755980861244,0.4766683084240913
1005,,after_candidate_limit,,32,1,7,1,11.67,10.5,0.5,1.38,2,3,0.9403751196172249,0.47581480130972126
1006,,after_candidate_limit,,8,0,8,0,11.67,10.5,0.5,0.75,2,8,0.9403741626794259,0.4738707691376411
1007,,after_candidate_limit,,58,2,8,2,11.67,10.5,0.5,2,2,8,0.9403492822966507,0.4718447514776548
1008,,after_candidate_limit,,2081,83,6,83,13.89,8.33,3,4.5,2,2,0.9403411483253589,0.49899674302034097
1009,,after_candidate_limit,,33,1,8,1,11.67,10.5,0.5,1.38,2,8,0.9403081339712919,0.4719518107392286
1010,,after_candidate_limit,,57,2,7,2,11.67,10.5,0.5,2,2,3,0.9403052631578948,0.47516400863166247
1011,,after_candidate_limit,,356,14,6,14,11.67,5.25,0.5,0.75,2,2,0.9402813397129186,0.47526330843686576
1012,,after_candidate_limit,,381,15,6,15,11.67,5.25,0.5,1.38,2,2,0.9402775119617225,0.47413015577998296
1013,,after_candidate_limit,,406,16,6,16,11.67,5.25,0.5,2,2,2,0.9402593301435407,0.4738007158486677
1014,,after_candidate_limit,,2610,104,10,104,15,6.75,3,4.5,3,1,0.9402,0.5150007275514102
1015,,after_candidate_limit,,532,21,7,21,11.67,7,0.5,0.75,2,3,0.9401990430622009,0.47461954405056356
1016,,after_candidate_limit,,582,23,7,23,11.67,7,0.5,2,2,3,0.9401578947368421,0.4721142957125577
1017,,after_candidate_limit,,557,22,7,22,11.67,7,0.5,1.38,2,3,0.9401569377990431,0.47257291097684095
1018,,after_candidate_limit,,1985,79,10,79,13.89,8.33,0.5,2,3,1,0.9401263157894737,0.5215562788640061
1019,,after_candidate_limit,,1936,77,11,77,13.89,8.33,0.5,0.75,3,2,0.9400698564593302,0.5032526330289686
1020,,after_candidate_limit,,1730,69,5,69,13.89,4.17,3,4.5,2,1,0.9400588516746411,0.4915368395104578
1021,,after_candidate_limit,,1507,60,7,60,13.89,12.5,1.33,3.67,2,3,0.9400526315789474,0.47709555548607707
1022,,after_candidate_limit,,1482,59,7,59,13.89,12.5,1.33,2,2,3,0.9400038277511962,0.4788214075540897
1023,,after_candidate_limit,,407,16,7,16,11.67,5.25,0.5,2,2,3,0.9399980861244019,0.4700208538276387
1024,,after_candidate_limit,,357,14,7,14,11.67,5.25,0.5,0.75,2,3,0.9399961722488038,0.47193906983906847
1025,,after_candidate_limit,,382,15,7,15,11.67,5.25,0.5,1.38,2,3,0.9399569377990431,0.4707247005445693
1026,,after_candidate_limit,,231,9,6,9,11.67,3.5,0.5,2,2,2,0.9399272727272727,0.46872409415152927
1027,,after_candidate_limit,,181,7,6,7,11.67,3.5,0.5,0.75,2,2,0.939912918660287,0.4697020166962453
1028,,after_candidate_limit,,206,8,6,8,11.67,3.5,0.5,1.38,2,2,0.939911961722488,0.46864118369724284
1029,,after_candidate_limit,,2082,83,7,83,13.89,8.33,3,4.5,2,3,0.9398703349282297,0.49127600987775505
1030,,after_candidate_limit,,1481,59,6,59,13.89,12.5,1.33,2,2,2,0.9398047846889952,0.4806601521139766
1031,,after_candidate_limit,,1961,78,11,78,13.89,8.33,0.5,1.38,3,2,0.9397578947368421,0.5002877133846182
1032,,after_candidate_limit,,2255,90,5,90,15,13.5,3,4.5,2,1,0.9397444976076555,0.48690822102542447
1033,,after_candidate_limit,,1585,63,10,63,13.89,4.17,0.5,0.75,3,1,0.9396861244019139,0.5004732228995644
1034,,after_candidate_limit,,1986,79,11,79,13.89,8.33,0.5,2,3,2,0.9396794258373206,0.49924860017866296
1035,,after_candidate_limit,,182,7,7,7,11.67,3.5,0.5,0.75,2,3,0.9396736842105263,0.46528162111495114
1036,,after_candidate_limit,,232,9,7,9,11.67,3.5,0.5,2,2,3,0.9396736842105263,0.4654501697968973
1037,,after_candidate_limit,,1559,62,9,62,13.89,12.5,3,4.5,2,15,0.9396722488038277,0.48826181855088846
1038,,after_candidate_limit,,207,8,7,8,11.67,3.5,0.5,1.38,2,3,0.9396679425837321,0.4652539265266941
1039,,after_candidate_limit,,2785,111,10,111,15,9,3,4.5,3,1,0.9396153110047847,0.5152101592791807
1040,,after_candidate_limit,,5,0,5,0,11.67,10.5,0.5,0.75,2,1,0.9395866028708134,0.49251495627209674
1041,,after_candidate_limit,,1506,60,6,60,13.89,12.5,1.33,3.67,2,2,0.9395827751196172,0.4761571918041197
1042,,after_candidate_limit,,9,0,9,0,11.67,10.5,0.5,0.75,2,15,0.9395684210526316,0.46215739488473234
1043,,after_candidate_limit,,1906,76,6,76,13.89,6.25,3,4.5,2,2,0.939566985645933,0.48710569475656207
1044,,after_candidate_limit,,2786,111,11,111,15,9,3,4.5,3,2,0.9394727272727272,0.5035484324185729
1045,,after_candidate_limit,,583,23,8,23,11.67,7,0.5,2,2,8,0.9394516746411483,0.4571223616159001
1046,,after_candidate_limit,,533,21,8,21,11.67,7,0.5,0.75,2,8,0.9394497607655502,0.45755499638718505
1047,,after_candidate_limit,,558,22,8,22,11.67,7,0.5,1.38,2,8,0.9394497607655502,0.4571068836043017
1048,,after_candidate_limit,,1907,76,7,76,13.89,6.25,3,4.5,2,3,0.9394444976076555,0.48651729600506427
1049,,after_candidate_limit,,183,7,8,7,11.67,3.5,0.5,0.75,2,8,0.9394334928229665,0.4568880219739759
1050,,after_candidate_limit,,184,7,9,7,11.67,3.5,0.5,0.75,2,15,0.9394334928229665,0.4568880219739759
1051,,after_candidate_limit,,208,8,8,8,11.67,3.5,0.5,1.38,2,8,0.9394334928229665,0.4568880219739759
1052,,after_candidate_limit,,209,8,9,8,11.67,3.5,0.5,1.38,2,15,0.9394334928229665,0.4568880219739759
1053,,after_candidate_limit,,233,9,8,9,11.67,3.5,0.5,2,2,8,0.9394334928229665,0.4568880219739759
1054,,after_candidate_limit,,234,9,9,9,11.67,3.5,0.5,2,2,15,0.9394334928229665,0.4568880219739759
1055,,after_candidate_limit,,358,14,8,14,11.67,5.25,0.5,0.75,2,8,0.9394334928229665,0.4568880219739759
1056,,after_candidate_limit,,359,14,9,14,11.67,5.25,0.5,0.75,2,15,0.9394334928229665,0.4568880219739759
1057,,after_candidate_limit,,383,15,8,15,11.67,5.25,0.5,1.38,2,8,0.9394334928229665,0.4568880219739759
1058,,after_candidate_limit,,384,15,9,15,11.67,5.25,0.5,1.38,2,15,0.9394334928229665,0.4568880219739759
1059,,after_candidate_limit,,408,16,8,16,11.67,5.25,0.5,2,2,8,0.9394334928229665,0.4568880219739759
1060,,after_candidate_limit,,409,16,9,16,11.67,5.25,0.5,2,2,15,0.9394334928229665,0.4568880219739759
1061,,after_candidate_limit,,534,21,9,21,11.67,7,0.5,0.75,2,15,0.9394334928229665,0.4568880219739759
1062,,after_candidate_limit,,559,22,9,22,11.67,7,0.5,1.38,2,15,0.9394334928229665,0.4568880219739759
1063,,after_candidate_limit,,584,23,9,23,11.67,7,0.5,2,2,15,0.9394334928229665,0.4568880219739759
1064,,after_candidate_limit,,34,1,9,1,11.67,10.5,0.5,1.38,2,15,0.9394325358851675,0.4612285774786889
1065,,after_candidate_limit,,1731,69,6,69,13.89,4.17,3,4.5,2,2,0.9394234449760765,0.48441383043025943
1066,,after_candidate_limit,,59,2,9,2,11.67,10.5,0.5,2,2,15,0.9394200956937799,0.46049008329757146
1067,,after_candidate_limit,,1610,64,10,64,13.89,4.17,0.5,1.38,3,1,0.9393846889952153,0.4925163208213773
1068,,after_candidate_limit,,1937,77,12,77,13.89,8.33,0.5,0.75,3,3,0.9393540669856459,0.49396838924170267
1069,,after_candidate_limit,,1635,65,10,65,13.89,4.17,0.5,2,3,1,0.9393224880382776,0.4901191098201941
1070,,after_candidate_limit,,1962,78,12,78,13.89,8.33,0.5,1.38,3,3,0.9392899521531101,0.4923851835735951
1071,,after_candidate_limit,,1414,56,14,56,13.89,12.5,0.5,0.75,3,15,0.9392755980861244,0.48546098921095443
1072,,after_candidate_limit,,1987,79,12,79,13.89,8.33,0.5,2,3,3,0.9392736842105263,0.49120774677950246
1073,,after_candidate_limit,,2535,101,10,101,15,6.75,1.33,2,3,1,0.9392645933014354,0.5171301845858827
1074,,after_candidate_limit,,2560,102,10,102,15,6.75,1.33,3.67,3,1,0.9392263157894737,0.5167601432479508
1075,,after_candidate_limit,,1732,69,7,69,13.89,4.17,3,4.5,2,3,0.9392215311004785,0.4827720135247493
1076,,after_candidate_limit,,2787,111,12,111,15,9,3,4.5,3,3,0.9391722488038278,0.4956846358774335
1077,,after_candidate_limit,,1761,70,11,70,13.89,6.25,0.5,0.75,3,2,0.939155023923445,0.49308700355999885
1078,,after_candidate_limit,,1439,57,14,57,13.89,12.5,0.5,1.38,3,15,0.9391531100478469,0.4859870418034529
1079,,after_candidate_limit,,2083,83,8,83,13.89,8.33,3,4.5,2,8,0.9391124401913875,0.47977211669773556
1080,,after_candidate_limit,,30,1,5,1,11.67,10.5,0.5,1.38,2,1,0.939088038277512,0.4830690171401169
1081,,after_candidate_limit,,1464,58,14,58,13.89,12.5,0.5,2,3,15,0.9390306220095693,0.4853248984221442
1082,,after_candidate_limit,,1786,71,11,71,13.89,6.25,0.5,1.38,3,2,0.9389521531100479,0.48821985433749454
1083,,after_candidate_limit,,1908,76,8,76,13.89,6.25,3,4.5,2,8,0.9389468899521531,0.4743178200123448
1084,,after_candidate_limit,,1733,69,8,69,13.89,4.17,3,4.5,2,8,0.9389411483253588,0.47426869623143053
1085,,after_candidate_limit,,1734,69,9,69,13.89,4.17,3,4.5,2,15,0.9389411483253588,0.47426869623143053
1086,,after_candidate_limit,,1909,76,9,76,13.89,6.25,3,4.5,2,15,0.9389411483253588,0.47426869623143053
1087,,after_candidate_limit,,2084,83,9,83,13.89,8.33,3,4.5,2,15,0.9389411483253588,0.47426869623143053
1088,,after_candidate_limit,,2435,97,10,97,15,4.5,3,4.5,3,1,0.9389090909090909,0.4912815574709107
1089,,after_candidate_limit,,1811,72,11,72,13.89,6.25,0.5,2,3,2,0.9388803827751196,0.4863414327925452
1090,,after_candidate_limit,,1558,62,8,62,13.89,12.5,3,4.5,2,8,0.938877990430622,0.48342783672355916
1091,,after_candidate_limit,,2710,108,10,108,15,9,1.33,2,3,1,0.9387870813397129,0.5189183397902626
1092,,after_candidate_limit,,55,2,5,2,11.67,10.5,0.5,2,2,1,0.9387531100478469,0.4780239510318024
1093,,after_candidate_limit,,1812,72,12,72,13.89,6.25,0.5,2,3,3,0.9387406698564593,0.48562303232661186
1094,,after_candidate_limit,,1787,71,12,71,13.89,6.25,0.5,1.38,3,3,0.9387291866028709,0.48564058905481816
1095,,after_candidate_limit,,1762,70,12,70,13.89,6.25,0.5,0.75,3,3,0.93868995215311,0.48423174662344465
1096,,after_candidate_limit,,2585,103,10,103,15,6.75,2.17,3.25,3,1,0.9386411483253588,0.5154041733592295
1097,,after_candidate_limit,,2735,109,10,109,15,9,1.33,3.67,3,1,0.9386358851674641,0.5174447669390952
1098,,after_candidate_limit,,1636,65,11,65,13.89,4.17,0.5,2,3,2,0.9386315789473684,0.4822693166121136
1099,,after_candidate_limit,,1586,63,11,63,13.89,4.17,0.5,0.75,3,2,0.9386306220095694,0.4843473198705227
1100,,after_candidate_limit,,1611,64,11,64,13.89,4.17,0.5,1.38,3,2,0.9386114832535886,0.48214914147111265
1101,,after_candidate_limit,,2711,108,11,108,15,9,1.33,2,3,2,0.938611004784689,0.5059508278395152
1102,,after_candidate_limit,,1532,61,7,61,13.89,12.5,2.17,3.25,2,3,0.9385732057416268,0.47535934997462487
1103,,after_candidate_limit,,2736,109,11,109,15,9,1.33,3.67,3,2,0.9385306220095694,0.5052942429416054
1104,,after_candidate_limit,,2611,104,11,104,15,6.75,3,4.5,3,2,0.9384622009569378,0.48640858194260794
1105,,after_candidate_limit,,1637,65,12,65,13.89,4.17,0.5,2,3,3,0.9383598086124402,0.4800512406221184
1106,,after_candidate_limit,,1612,64,12,64,13.89,4.17,0.5,1.38,3,3,0.9383186602870813,0.47940045948979054
1107,,after_candidate_limit,,1587,63,12,63,13.89,4.17,0.5,0.75,3,3,0.9383157894736842,0.4798825867360294
1108,,after_candidate_limit,,1938,77,13,77,13.89,8.33,0.5,0.75,3,8,0.9382765550239235,0.47832340256872746
1109,,after_candidate_limit,,1305,52,5,52,12.78,7.67,1.33,2,2,1,0.9382602870813397,0.5070967771457672
1110,,after_candidate_limit,,2436,97,11,97,15,4.5,3,4.5,3,2,0.9382583732057417,0.4842780356017813
1111,,after_candidate_limit,,1480,59,5,59,13.89,12.5,1.33,2,2,1,0.9382315789473684,0.47542531836004276
1112,,after_candidate_limit,,2612,104,12,104,15,6.75,3,4.5,3,3,0.9381980861244019,0.4855323569868699
1113,,after_candidate_limit,,1963,78,13,78,13.89,8.33,0.5,1.38,3,8,0.9381904306220096,0.4747106418811354
1114,,after_candidate_limit,,1330,53,5,53,12.78,7.67,1.33,3.67,2,1,0.9381846889952153,0.504866591028809
1115,,after_candidate_limit,,1988,79,13,79,13.89,8.33,0.5,2,3,8,0.938178947368421,0.47415211733377943
1116,,after_candidate_limit,,2737,109,12,109,15,9,1.33,3.67,3,3,0.9381755980861244,0.49740282256157325
1117,,after_candidate_limit,,2712,108,12,108,15,9,1.33,2,3,3,0.9381698564593302,0.49758323678940425
1118,,after_candidate_limit,,2760,110,10,110,15,9,2.17,3.25,3,1,0.9381674641148325,0.5165538546259872
1119,,after_candidate_limit,,1531,61,6,61,13.89,12.5,2.17,3.25,2,2,0.9381598086124402,0.4746236935081311
1120,,after_candidate_limit,,2437,97,12,97,15,4.5,3,4.5,3,3,0.9380650717703349,0.4829746268025788
1121,,after_candidate_limit,,1788,71,13,71,13.89,6.25,0.5,1.38,3,8,0.9380564593301436,0.4699222240177416
1122,,after_candidate_limit,,1813,72,13,72,13.89,6.25,0.5,2,3,8,0.9380564593301436,0.4699222240177416
1123,,after_candidate_limit,,1763,70,13,70,13.89,6.25,0.5,0.75,3,8,0.9380545454545455,0.46990562679672504
1124,,after_candidate_limit,,1588,63,13,63,13.89,4.17,0.5,0.75,3,8,0.9380535885167464,0.46989718797815966
1125,,after_candidate_limit,,1589,63,14,63,13.89,4.17,0.5,0.75,3,15,0.9380535885167464,0.46989718797815966
1126,,after_candidate_limit,,1613,64,13,64,13.89,4.17,0.5,1.38,3,8,0.9380535885167464,0.46989718797815966
1127,,after_candidate_limit,,1614,64,14,64,13.89,4.17,0.5,1.38,3,15,0.9380535885167464,0.46989718797815966
1128,,after_candidate_limit,,1638,65,13,65,13.89,4.17,0.5,2,3,8,0.9380535885167464,0.46989718797815966
1129,,after_candidate_limit,,1639,65,14,65,13.89,4.17,0.5,2,3,15,0.9380535885167464,0.46989718797815966
1130,,after_candidate_limit,,1764,70,14,70,13.89,6.25,0.5,0.75,3,15,0.9380535885167464,0.46989718797815966
1131,,after_candidate_limit,,1789,71,14,71,13.89,6.25,0.5,1.38,3,15,0.9380535885167464,0.46989718797815966
1132,,after_candidate_limit,,1814,72,14,72,13.89,6.25,0.5,2,3,15,0.9380535885167464,0.46989718797815966
1133,,after_candidate_limit,,1964,78,14,78,13.89,8.33,0.5,1.38,3,15,0.9380535885167464,0.46989718797815966
1134,,after_candidate_limit,,1989,79,14,79,13.89,8.33,0.5,2,3,15,0.9380535885167464,0.46989718797815966
1135,,after_candidate_limit,,1939,77,14,77,13.89,8.33,0.5,0.75,3,15,0.9380401913875598,0.46850548271013376
1136,,after_candidate_limit,,2360,94,10,94,15,4.5,1.33,2,3,1,0.9380014354066986,0.4949783861189985
1137,,after_candidate_limit,,2761,110,11,110,15,9,2.17,3.25,3,2,0.9379655502392344,0.5043637795552707
1138,,after_candidate_limit,,2788,111,13,111,15,9,3,4.5,3,8,0.9379607655502392,0.4807502321608627
1139,,after_candidate_limit,,2385,95,10,95,15,4.5,1.33,3.67,3,1,0.9379124401913875,0.4920301279411451
1140,,after_candidate_limit,,1438,57,13,57,13.89,12.5,0.5,1.38,3,8,0.9377435406698564,0.47727484918242824
1141,,after_candidate_limit,,1463,58,13,58,13.89,12.5,0.5,2,3,8,0.9377043062200957,0.47804975445719067
1142,,after_candidate_limit,,2613,104,13,104,15,6.75,3,4.5,3,8,0.937688995215311,0.4739447214641674
1143,,after_candidate_limit,,2789,111,14,111,15,9,3,4.5,3,15,0.9376746411483253,0.47382602914673483
1144,,after_candidate_limit,,2438,97,13,97,15,4.5,3,4.5,3,8,0.9376736842105263,0.473817660945898
1145,,after_candidate_limit,,2439,97,14,97,15,4.5,3,4.5,3,15,0.9376736842105263,0.473817660945898
1146,,after_candidate_limit,,2614,104,14,104,15,6.75,3,4.5,3,15,0.9376736842105263,0.473817660945898
1147,,after_candidate_limit,,2762,110,12,110,15,9,2.17,3.25,3,3,0.9376143540669857,0.49643030226499896
1148,,after_candidate_limit,,2536,101,11,101,15,6.75,1.33,2,3,2,0.9375535885167464,0.49028836504003775
1149,,after_candidate_limit,,2561,102,11,102,15,6.75,1.33,3.67,3,2,0.9374684210526316,0.48736255869525885
1150,,after_candidate_limit,,1505,60,5,60,13.89,12.5,1.33,3.67,2,1,0.9374401913875599,0.4659629822542407
1151,,after_candidate_limit,,1130,45,5,45,12.78,5.75,1.33,2,2,1,0.9374344497607655,0.4923930697374227
1152,,after_candidate_limit,,1155,46,5,46,12.78,5.75,1.33,3.67,2,1,0.9374267942583732,0.4906397137350797
1153,,after_candidate_limit,,2264,90,14,90,15,13.5,3,4.5,3,15,0.9373961722488038,0.48057802039032343
1154,,after_candidate_limit,,2410,96,10,96,15,4.5,2.17,3.25,3,1,0.9373693779904306,0.4918318200130209
1155,,after_candidate_limit,,1413,56,13,56,13.89,12.5,0.5,0.75,3,8,0.9373215311004784,0.4745454439472685
1156,,after_candidate_limit,,2386,95,11,95,15,4.5,1.33,3.67,3,2,0.9372138755980861,0.4845759564627975
1157,,after_candidate_limit,,2361,94,11,94,15,4.5,1.33,2,3,2,0.937188038277512,0.4843936536068643
1158,,after_candidate_limit,,2537,101,12,101,15,6.75,1.33,2,3,3,0.9371794258373206,0.4861646058987914
1159,,after_candidate_limit,,2562,102,12,102,15,6.75,1.33,3.67,3,3,0.9371708133971292,0.48614738712496214
1160,,after_candidate_limit,,2387,95,12,95,15,4.5,1.33,3.67,3,3,0.9370167464114832,0.4832304134545287
1161,,after_candidate_limit,,2362,94,12,94,15,4.5,1.33,2,3,3,0.9369526315789474,0.4826890095015082
1162,,after_candidate_limit,,2713,108,13,108,15,9,1.33,2,3,8,0.9369325358851675,0.4821183719632519
1163,,after_candidate_limit,,2586,103,11,103,15,6.75,2.17,3.25,3,2,0.9369291866028708,0.4870603807413085
1164,,after_candidate_limit,,2738,109,13,109,15,9,1.33,3.67,3,8,0.9369258373205742,0.480626418410966
1165,,after_candidate_limit,,1331,53,6,53,12.78,7.67,1.33,3.67,2,2,0.9369033492822967,0.48508259402115317
1166,,after_candidate_limit,,1306,52,6,52,12.78,7.67,1.33,2,2,2,0.9368612440191387,0.4852744318151495
1167,,after_candidate_limit,,2411,96,11,96,15,4.5,2.17,3.25,3,2,0.9366736842105263,0.4840474247177889
1168,,after_candidate_limit,,2563,102,13,102,15,6.75,1.33,3.67,3,8,0.9366492822966507,0.4739733793324346
1169,,after_candidate_limit,,2538,101,13,101,15,6.75,1.33,2,3,8,0.9366473684210527,0.47395834152591915
1170,,after_candidate_limit,,2363,94,13,94,15,4.5,1.33,2,3,8,0.936633971291866,0.47384726362374835
1171,,after_candidate_limit,,2364,94,14,94,15,4.5,1.33,2,3,15,0.936633971291866,0.47384726362374835
1172,,after_candidate_limit,,2388,95,13,95,15,4.5,1.33,3.67,3,8,0.936633971291866,0.47384726362374835
1173,,after_candidate_limit,,2389,95,14,95,15,4.5,1.33,3.67,3,15,0.936633971291866,0.47384726362374835
1174,,after_candidate_limit,,2539,101,14,101,15,6.75,1.33,2,3,15,0.936633971291866,0.47384726362374835
1175,,after_candidate_limit,,2564,102,14,102,15,6.75,1.33,3.67,3,15,0.936633971291866,0.47384726362374835
1176,,after_candidate_limit,,2739,109,14,109,15,9,1.33,3.67,3,15,0.936633971291866,0.47384726362374835
1177,,after_candidate_limit,,2714,108,14,108,15,9,1.33,2,3,15,0.9366311004784689,0.47345645129881847
1178,,after_candidate_limit,,2587,103,12,103,15,6.75,2.17,3.25,3,3,0.9366277511961723,0.48553608991869823
1179,,after_candidate_limit,,2189,87,14,87,15,13.5,1.33,2,3,15,0.9365602870813398,0.4823035822932608
1180,,after_candidate_limit,,2412,96,12,96,15,4.5,2.17,3.25,3,3,0.9364717703349282,0.48269259582078883
1181,,after_candidate_limit,,980,39,5,39,12.78,3.83,1.33,3.67,2,1,0.9364708133971292,0.4759781400029386
1182,,after_candidate_limit,,955,38,5,38,12.78,3.83,1.33,2,2,1,0.9364545454545454,0.4761126594314869
1183,,after_candidate_limit,,1557,62,7,62,13.89,12.5,3,4.5,2,3,0.9363995215311005,0.474514154513611
1184,,after_candidate_limit,,2763,110,13,110,15,9,2.17,3.25,3,8,0.9363885167464114,0.48082127248602335
1185,,after_candidate_limit,,2214,88,14,88,15,13.5,1.33,3.67,3,15,0.9363755980861244,0.48168543170075506
1186,,after_candidate_limit,,783,31,8,31,12.78,11.5,1.33,2,2,8,0.9363282296650718,0.4776318488469604
1187,,after_candidate_limit,,1332,53,7,53,12.78,7.67,1.33,3.67,2,3,0.9362947368421053,0.47419394161050665
1188,,after_candidate_limit,,808,32,8,32,12.78,11.5,1.33,3.67,2,8,0.9362622009569378,0.4773307939750317
1189,,after_candidate_limit,,1307,52,7,52,12.78,7.67,1.33,2,2,3,0.93622009569378,0.4744607055875756
1190,,after_candidate_limit,,2588,103,13,103,15,6.75,2.17,3.25,3,8,0.9361167464114832,0.47369287423928785
1191,,after_candidate_limit,,1131,45,6,45,12.78,5.75,1.33,2,2,2,0.9361062200956938,0.4735471773862515
1192,,after_candidate_limit,,2764,110,14,110,15,9,2.17,3.25,3,15,0.9361023923444977,0.4735737752692144
1193,,after_candidate_limit,,2413,96,13,96,15,4.5,2.17,3.25,3,8,0.9361014354066985,0.47356547738939303
1194,,after_candidate_limit,,2414,96,14,96,15,4.5,2.17,3.25,3,15,0.9361014354066985,0.47356547738939303
1195,,after_candidate_limit,,2589,103,14,103,15,6.75,2.17,3.25,3,15,0.9361014354066985,0.47356547738939303
1196,,after_candidate_limit,,1156,46,6,46,12.78,5.75,1.33,3.67,2,2,0.9360995215311004,0.4734695193822315
1197,,after_candidate_limit,,1530,61,5,61,13.89,12.5,2.17,3.25,2,1,0.9359732057416268,0.4621116232848365
1198,,after_candidate_limit,,1132,45,7,45,12.78,5.75,1.33,2,2,3,0.9359693779904307,0.47268364006520014
1199,,after_candidate_limit,,1157,46,7,46,12.78,5.75,1.33,3.67,2,3,0.9359253588516746,0.4709740644579363
1200,,after_candidate_limit,,981,39,6,39,12.78,3.83,1.33,3.67,2,2,0.9358612440191387,0.46934554972011483
1201,,after_candidate_limit,,2239,89,14,89,15,13.5,2.17,3.25,3,15,0.9358574162679426,0.48098177009344106
1202,,after_candidate_limit,,1235,49,10,49,12.78,7.67,0.5,0.75,3,1,0.9358526315789474,0.5105184801192824
1203,,after_candidate_limit,,956,38,6,38,12.78,3.83,1.33,2,2,2,0.9358497607655503,0.4693300034582686
1204,,after_candidate_limit,,809,32,9,32,12.78,11.5,1.33,3.67,2,15,0.935822009569378,0.46926243921166133
1205,,after_candidate_limit,,1285,51,10,51,12.78,7.67,0.5,2,3,1,0.9357808612440192,0.5025278135851179
1206,,after_candidate_limit,,784,31,9,31,12.78,11.5,1.33,2,2,15,0.9357636363636364,0.4685671767309511
1207,,after_candidate_limit,,1556,62,6,62,13.89,12.5,3,4.5,2,2,0.9357248803827751,0.4719239895442476
1208,,after_candidate_limit,,1260,50,10,50,12.78,7.67,0.5,1.38,3,1,0.9357167464114833,0.5043478138557309
1209,,after_candidate_limit,,982,39,7,39,12.78,3.83,1.33,3.67,2,3,0.9356344497607656,0.46714753951939403
1210,,after_candidate_limit,,957,38,7,38,12.78,3.83,1.33,2,2,3,0.9356076555023923,0.46664738221760943
1211,,after_candidate_limit,,1333,53,8,53,12.78,7.67,1.33,3.67,2,8,0.9354535885167464,0.4613615781140885
1212,,after_candidate_limit,,1308,52,8,52,12.78,7.67,1.33,2,2,8,0.9354325358851675,0.46073379414859855
1213,,after_candidate_limit,,1158,46,8,46,12.78,5.75,1.33,3.67,2,8,0.9353961722488038,0.4579134199474364
1214,,after_candidate_limit,,1133,45,8,45,12.78,5.75,1.33,2,2,8,0.9353942583732058,0.4578961052538294
1215,,after_candidate_limit,,958,38,8,38,12.78,3.83,1.33,2,2,8,0.9353933014354067,0.45788729502767406
1216,,after_candidate_limit,,959,38,9,38,12.78,3.83,1.33,2,2,15,0.9353933014354067,0.45788729502767406
1217,,after_candidate_limit,,983,39,8,39,12.78,3.83,1.33,3.67,2,8,0.9353933014354067,0.45788729502767406
1218,,after_candidate_limit,,984,39,9,39,12.78,3.83,1.33,3.67,2,15,0.9353933014354067,0.45788729502767406
1219,,after_candidate_limit,,1134,45,9,45,12.78,5.75,1.33,2,2,15,0.9353933014354067,0.45788729502767406
1220,,after_candidate_limit,,1159,46,9,46,12.78,5.75,1.33,3.67,2,15,0.9353933014354067,0.45788729502767406
1221,,after_candidate_limit,,1309,52,9,52,12.78,7.67,1.33,2,2,15,0.9353933014354067,0.45788729502767406
1222,,after_candidate_limit,,1334,53,9,53,12.78,7.67,1.33,3.67,2,15,0.9353933014354067,0.45788729502767406
1223,,after_candidate_limit,,782,31,7,31,12.78,11.5,1.33,2,2,3,0.9351760765550239,0.46205578574800277
1224,,after_candidate_limit,,1060,42,10,42,12.78,5.75,0.5,0.75,3,1,0.9351320574162679,0.4981670400512261
1225,,after_candidate_limit,,4125,165,0,165,9.44,8.5,1.33,3.67,1,1,0.9350736842105263,0.4495257945555238
1226,,after_candidate_limit,,4100,164,0,164,9.44,8.5,1.33,2,1,1,0.9350162679425837,0.4487792930354557
1227,,after_candidate_limit,,1085,43,10,43,12.78,5.75,0.5,1.38,3,1,0.9349531100478469,0.49281049669960514
1228,,after_candidate_limit,,1110,44,10,44,12.78,5.75,0.5,2,3,1,0.9349167464114833,0.48953551283284363
1229,,after_candidate_limit,,807,32,7,32,12.78,11.5,1.33,3.67,2,3,0.934912918660287,0.4598223712262524
1230,,after_candidate_limit,,781,31,6,31,12.78,11.5,1.33,2,2,2,0.9348153110047847,0.4661389345771024
1231,,after_candidate_limit,,1355,54,5,54,12.78,7.67,2.17,3.25,2,1,0.9345253588516746,0.4959496788434943
1232,,after_candidate_limit,,3925,157,0,157,9.44,5.66,1.33,2,1,1,0.9344320574162679,0.44424065741651547
1233,,after_candidate_limit,,3950,158,0,158,9.44,5.66,1.33,3.67,1,1,0.9344296650717704,0.44231161182317036
1234,,after_candidate_limit,,2263,90,13,90,15,13.5,3,4.5,3,8,0.9343358851674641,0.4606213006155069
1235,,after_candidate_limit,,1236,49,11,49,12.78,7.67,0.5,0.75,3,2,0.934333971291866,0.48408401228670683
1236,,after_candidate_limit,,1261,50,11,50,12.78,7.67,0.5,1.38,3,2,0.9342382775119618,0.4813473562502088
1237,,after_candidate_limit,,1286,51,11,51,12.78,7.67,0.5,2,3,2,0.9341980861244019,0.4801619964652783
1238,,after_candidate_limit,,806,32,6,32,12.78,11.5,1.33,3.67,2,2,0.9341655502392344,0.4618418228179432
1239,,after_candidate_limit,,885,35,10,35,12.78,3.83,0.5,0.75,3,1,0.934111961722488,0.48316435521372286
1240,,after_candidate_limit,,4030,161,5,161,9.44,8.5,0.5,0.75,2,1,0.9340918660287081,0.4557141705289654
1241,,after_candidate_limit,,4101,164,1,164,9.44,8.5,1.33,2,1,2,0.9338564593301435,0.4363898323263399
1242,,after_candidate_limit,,3750,150,0,150,9.44,4.25,1.33,2,1,1,0.9338191387559809,0.43370589697938183
1243,,after_candidate_limit,,4126,165,1,165,9.44,8.5,1.33,3.67,1,2,0.9338177033492823,0.4345814883854387
1244,,after_candidate_limit,,910,36,10,36,12.78,3.83,0.5,1.38,3,1,0.9337942583732057,0.47457211139996824
1245,,after_candidate_limit,,3775,151,0,151,9.44,4.25,1.33,3.67,1,1,0.9337942583732057,0.43243296607732506
1246,,after_candidate_limit,,935,37,10,37,12.78,3.83,0.5,2,3,1,0.933732057416268,0.4721026783741006
1247,,after_candidate_limit,,1555,62,5,62,13.89,12.5,3,4.5,2,1,0.9337296650717704,0.45946303249796266
1248,,after_candidate_limit,,1180,47,5,47,12.78,5.75,2.17,3.25,2,1,0.9336717703349282,0.4804161694238088
1249,,after_candidate_limit,,1237,49,12,49,12.78,7.67,0.5,0.75,3,3,0.9336028708133971,0.4761100090599091
1250,,after_candidate_limit,,1061,42,11,42,12.78,5.75,0.5,0.75,3,2,0.9335866028708134,0.47416546329617754
1251,,after_candidate_limit,,4102,164,2,164,9.44,8.5,1.33,2,1,3,0.9335492822966507,0.4298822368576224
1252,,after_candidate_limit,,1086,43,11,43,12.78,5.75,0.5,1.38,3,2,0.9335033492822966,0.4713267177254182
1253,,after_candidate_limit,,1111,44,11,44,12.78,5.75,0.5,2,3,2,0.9334985645933014,0.4711235975758513
1254,,after_candidate_limit,,1287,51,12,51,12.78,7.67,0.5,2,3,3,0.933488995215311,0.46951577365939073
1255,,after_candidate_limit,,3600,144,0,144,9.44,2.83,1.33,3.67,1,1,0.933488995215311,0.4295232594403251
1256,,after_candidate_limit,,4127,165,2,165,9.44,8.5,1.33,3.67,1,3,0.9334842105263158,0.4287286459390469
1257,,after_candidate_limit,,3575,143,0,143,9.44,2.83,1.33,2,1,1,0.9334784688995216,0.4295099932811184
1258,,after_candidate_limit,,1262,50,12,50,12.78,7.67,0.5,1.38,3,3,0.9334650717703349,0.47102423668035626
1259,,after_candidate_limit,,713,28,13,28,12.78,11.5,0.5,0.75,3,8,0.9334507177033493,0.4636645244665272
1260,,after_candidate_limit,,3951,158,1,158,9.44,5.66,1.33,3.67,1,2,0.9334497607655502,0.4305096854390593
1261,,after_candidate_limit,,3926,157,1,157,9.44,5.66,1.33,2,1,2,0.9334488038277512,0.43053589372457923
1262,,after_candidate_limit,,2188,87,13,87,15,13.5,1.33,2,3,8,0.9333488038277512,0.46226742502554186
1263,,after_candidate_limit,,738,29,13,29,12.78,11.5,0.5,1.38,3,8,0.9333157894736842,0.46605512091848733
1264,,after_candidate_limit,,2112,84,12,84,15,13.5,0.5,0.75,3,3,0.9333043062200957,0.4775248000170984
1265,,after_candidate_limit,,3927,157,2,157,9.44,5.66,1.33,2,1,3,0.9332803827751196,0.4290372853644367
1266,,after_candidate_limit,,3776,151,1,151,9.44,4.25,1.33,3.67,1,2,0.9332698564593301,0.42711154848415517
1267,,after_candidate_limit,,3952,158,2,158,9.44,5.66,1.33,3.67,1,3,0.9332631578947368,0.42754505790759606
1268,,after_candidate_limit,,3751,150,1,150,9.44,4.25,1.33,2,1,2,0.9332593301435407,0.42705858258773766
1269,,after_candidate_limit,,763,30,13,30,12.78,11.5,0.5,2,3,8,0.9332507177033493,0.4669385233434494
1270,,after_candidate_limit,,4055,162,5,162,9.44,8.5,0.5,1.38,2,1,0.933244976076555,0.4511824855900956
1271,,after_candidate_limit,,1087,43,12,43,12.78,5.75,0.5,1.38,3,3,0.9332392344497608,0.4696627406912412
1272,,after_candidate_limit,,1062,42,12,42,12.78,5.75,0.5,0.75,3,3,0.9332066985645933,0.4691916702636083
1273,,after_candidate_limit,,1112,44,12,44,12.78,5.75,0.5,2,3,3,0.933201913875598,0.46913155266426443
1274,,after_candidate_limit,,4080,163,5,163,9.44,8.5,0.5,2,2,1,0.9331980861244019,0.4500843281324654
1275,,after_candidate_limit,,3855,154,5,154,9.44,5.66,0.5,0.75,2,1,0.9331473684210526,0.45155376747768844
1276,,after_candidate_limit,,1356,54,6,54,12.78,7.67,2.17,3.25,2,2,0.9331454545454545,0.4749726737148266
1277,,after_candidate_limit,,936,37,11,37,12.78,3.83,0.5,2,3,2,0.9331282296650718,0.4659366857124659
1278,,after_candidate_limit,,3777,151,2,151,9.44,4.25,1.33,3.67,1,3,0.9331253588516747,0.4258930199490749
1279,,after_candidate_limit,,911,36,11,36,12.78,3.83,0.5,1.38,3,2,0.9331234449760766,0.46594295940243585
1280,,after_candidate_limit,,886,35,11,35,12.78,3.83,0.5,0.75,3,2,0.9331081339712919,0.4674238507010951
1281,,after_candidate_limit,,3601,144,1,144,9.44,2.83,1.33,3.67,1,2,0.9331004784688995,0.42562845017799195
1282,,after_candidate_limit,,3752,150,2,150,9.44,4.25,1.33,2,1,3,0.9330909090909091,0.42556842737628553
1283,,after_candidate_limit,,3905,156,5,156,9.44,5.66,0.5,2,2,1,0.9330765550239234,0.4437963103379687
1284,,after_candidate_limit,,3880,155,5,155,9.44,5.66,0.5,1.38,2,1,0.9330755980861244,0.44642729861155245
1285,,after_candidate_limit,,3576,143,1,143,9.44,2.83,1.33,2,1,2,0.9330612440191387,0.42517453689970425
1286,,after_candidate_limit,,780,31,5,31,12.78,11.5,1.33,2,2,1,0.9329818181818181,0.4743696622631479
1287,,after_candidate_limit,,2213,88,13,88,15,13.5,1.33,3.67,3,8,0.9329736842105263,0.45997218644310833
1288,,after_candidate_limit,,3577,143,2,143,9.44,2.83,1.33,2,1,3,0.9329368421052632,0.421928330665029
1289,,after_candidate_limit,,3602,144,2,144,9.44,2.83,1.33,3.67,1,3,0.9329358851674641,0.42179338620766904
1290,,after_candidate_limit,,714,28,14,28,12.78,11.5,0.5,0.75,3,15,0.9328937799043062,0.4652875803918933
1291,,after_candidate_limit,,2137,85,12,85,15,13.5,0.5,1.38,3,3,0.9328842105263158,0.4822099664864684
1292,,after_candidate_limit,,4128,165,3,165,9.44,8.5,1.33,3.67,1,8,0.9328679425837321,0.41868573344565096
1293,,after_candidate_limit,,937,37,12,37,12.78,3.83,0.5,2,3,3,0.9328421052631579,0.4631332909219211
1294,,after_candidate_limit,,4103,164,3,164,9.44,8.5,1.33,2,1,8,0.9328392344497608,0.41852108382511866
1295,,after_candidate_limit,,912,36,12,36,12.78,3.83,0.5,1.38,3,3,0.9328325358851675,0.46288548382444983
1296,,after_candidate_limit,,887,35,12,35,12.78,3.83,0.5,0.75,3,3,0.9328306220095693,0.4629994572118631
1297,,after_candidate_limit,,3953,158,3,158,9.44,5.66,1.33,3.67,1,8,0.9328162679425838,0.4171823616488418
1298,,after_candidate_limit,,3928,157,3,157,9.44,5.66,1.33,2,1,8,0.9328133971291866,0.4171561642921765
1299,,after_candidate_limit,,3578,143,3,143,9.44,2.83,1.33,2,1,8,0.9328114832535885,0.4171382860118862
1300,,after_candidate_limit,,3579,143,4,143,9.44,2.83,1.33,2,1,15,0.9328114832535885,0.4171382860118862
1301,,after_candidate_limit,,3603,144,3,144,9.44,2.83,1.33,3.67,1,8,0.9328114832535885,0.4171382860118862
1302,,after_candidate_limit,,3604,144,4,144,9.44,2.83,1.33,3.67,1,15,0.9328114832535885,0.4171382860118862
1303,,after_candidate_limit,,3753,150,3,150,9.44,4.25,1.33,2,1,8,0.9328114832535885,0.4171382860118862
1304,,after_candidate_limit,,3754,150,4,150,9.44,4.25,1.33,2,1,15,0.9328114832535885,0.4171382860118862
1305,,after_candidate_limit,,3778,151,3,151,9.44,4.25,1.33,3.67,1,8,0.9328114832535885,0.4171382860118862
1306,,after_candidate_limit,,3779,151,4,151,9.44,4.25,1.33,3.67,1,15,0.9328114832535885,0.4171382860118862
1307,,after_candidate_limit,,3929,157,4,157,9.44,5.66,1.33,2,1,15,0.9328114832535885,0.4171382860118862
1308,,after_candidate_limit,,3954,158,4,158,9.44,5.66,1.33,3.67,1,15,0.9328114832535885,0.4171382860118862
1309,,after_candidate_limit,,4104,164,4,164,9.44,8.5,1.33,2,1,15,0.9328114832535885,0.4171382860118862
1310,,after_candidate_limit,,4129,165,4,165,9.44,8.5,1.33,3.67,1,15,0.9328114832535885,0.4171382860118862
1311,,after_candidate_limit,,764,30,14,30,12.78,11.5,0.5,2,3,15,0.9327961722488038,0.46217376154375306
1312,,after_candidate_limit,,739,29,14,29,12.78,11.5,0.5,1.38,3,15,0.9327770334928229,0.4623980430975912
1313,,after_candidate_limit,,1005,40,5,40,12.78,3.83,2.17,3.25,2,1,0.9327205741626794,0.4658212390432075
1314,,after_candidate_limit,,2238,89,13,89,15,13.5,2.17,3.25,3,8,0.9327167464114833,0.46064138636890967
1315,,after_candidate_limit,,1412,56,12,56,13.89,12.5,0.5,0.75,3,3,0.932712918660287,0.4693082282708626
1316,,after_candidate_limit,,833,33,8,33,12.78,11.5,2.17,3.25,2,8,0.9326497607655503,0.4686498396513432
1317,,after_candidate_limit,,4031,161,6,161,9.44,8.5,0.5,0.75,2,2,0.9325779904306221,0.4327512277101628
1318,,after_candidate_limit,,1288,51,13,51,12.78,7.67,0.5,2,3,8,0.9325425837320575,0.4556828636059115
1319,,after_candidate_limit,,1263,50,13,50,12.78,7.67,0.5,1.38,3,8,0.9325377990430622,0.45535564758538893
1320,,after_candidate_limit,,1357,54,7,54,12.78,7.67,2.17,3.25,2,3,0.932533014354067,0.46391145025923025
1321,,after_candidate_limit,,1238,49,13,49,12.78,7.67,0.5,0.75,3,8,0.9325215311004784,0.45452072099372587
1322,,after_candidate_limit,,1113,44,13,44,12.78,5.75,0.5,2,3,8,0.9325004784688995,0.45281409959399055
1323,,after_candidate_limit,,1063,42,13,42,12.78,5.75,0.5,0.75,3,8,0.9324995215311005,0.4528053733789864
1324,,after_candidate_limit,,1088,43,13,43,12.78,5.75,0.5,1.38,3,8,0.9324995215311005,0.4528053733789864
1325,,after_candidate_limit,,888,35,13,35,12.78,3.83,0.5,0.75,3,8,0.9324966507177034,0.45277848503050855
1326,,after_candidate_limit,,889,35,14,35,12.78,3.83,0.5,0.75,3,15,0.9324966507177034,0.45277848503050855
1327,,after_candidate_limit,,913,36,13,36,12.78,3.83,0.5,1.38,3,8,0.9324966507177034,0.45277848503050855
1328,,after_candidate_limit,,914,36,14,36,12.78,3.83,0.5,1.38,3,15,0.9324966507177034,0.45277848503050855
1329,,after_candidate_limit,,938,37,13,37,12.78,3.83,0.5,2,3,8,0.9324966507177034,0.45277848503050855
1330,,after_candidate_limit,,939,37,14,37,12.78,3.83,0.5,2,3,15,0.9324966507177034,0.45277848503050855
1331,,after_candidate_limit,,1064,42,14,42,12.78,5.75,0.5,0.75,3,15,0.9324966507177034,0.45277848503050855
1332,,after_candidate_limit,,1089,43,14,43,12.78,5.75,0.5,1.38,3,15,0.9324966507177034,0.45277848503050855
1333,,after_candidate_limit,,1114,44,14,44,12.78,5.75,0.5,2,3,15,0.9324966507177034,0.45277848503050855
1334,,after_candidate_limit,,1239,49,14,49,12.78,7.67,0.5,0.75,3,15,0.9324966507177034,0.45277848503050855
1335,,after_candidate_limit,,1264,50,14,50,12.78,7.67,0.5,1.38,3,15,0.9324966507177034,0.45277848503050855
1336,,after_candidate_limit,,1289,51,14,51,12.78,7.67,0.5,2,3,15,0.9324966507177034,0.45277848503050855
1337,,after_candidate_limit,,3680,147,5,147,9.44,4.25,0.5,0.75,2,1,0.9324095693779905,0.43976201077724936
1338,,after_candidate_limit,,4056,162,6,162,9.44,8.5,0.5,1.38,2,2,0.932357894736842,0.43447164255424714
1339,,after_candidate_limit,,1181,47,6,47,12.78,5.75,2.17,3.25,2,2,0.932333014354067,0.46307380590124225
1340,,after_candidate_limit,,2162,86,12,86,15,13.5,0.5,2,3,3,0.9322995215311005,0.4798876871914503
1341,,after_candidate_limit,,4081,163,6,163,9.44,8.5,0.5,2,2,2,0.9322775119617225,0.4335645280916964
1342,,after_candidate_limit,,1182,47,7,47,12.78,5.75,2.17,3.25,2,3,0.9321636363636364,0.46093651420771287
1343,,after_candidate_limit,,3705,148,5,148,9.44,4.25,0.5,1.38,2,1,0.9321464114832536,0.4326425337521404
1344,,after_candidate_limit,,834,33,9,33,12.78,11.5,2.17,3.25,2,15,0.9320947368421053,0.459701618013897
1345,,after_candidate_limit,,1006,40,6,40,12.78,3.83,2.17,3.25,2,2,0.9320909090909091,0.4589178798243681
1346,,after_candidate_limit,,3730,149,5,149,9.44,4.25,0.5,2,2,1,0.9320842105263157,0.4289379280269397
1347,,after_candidate_limit,,1380,55,5,55,12.78,7.67,3,4.5,2,1,0.9320311004784689,0.49366467935004593
1348,,after_candidate_limit,,805,32,5,32,12.78,11.5,1.33,3.67,2,1,0.9319473684210526,0.46669028076049174
1349,,after_candidate_limit,,4032,161,7,161,9.44,8.5,0.5,0.75,2,3,0.9318746411483254,0.4257648658119411
1350,,after_candidate_limit,,1835,73,10,73,13.89,6.25,1.33,2,3,1,0.931865071770335,0.49464619632387324
1351,,after_candidate_limit,,1007,40,7,40,12.78,3.83,2.17,3.25,2,3,0.9318564593301435,0.45663128731434216
1352,,after_candidate_limit,,4082,163,7,163,9.44,8.5,0.5,2,2,3,0.9318401913875598,0.42549790927990333
1353,,after_candidate_limit,,4057,162,7,162,9.44,8.5,0.5,1.38,2,3,0.9318334928229665,0.42698831315556846
1354,,after_candidate_limit,,3505,140,5,140,9.44,2.83,0.5,0.75,2,1,0.9317712918660287,0.4300233970304123
1355,,after_candidate_limit,,3856,154,6,154,9.44,5.66,0.5,0.75,2,2,0.9317138755980862,0.42741533407266424
1356,,after_candidate_limit,,1860,74,10,74,13.89,6.25,1.33,3.67,3,1,0.9317081339712918,0.4902783615996807
1357,,after_candidate_limit,,3906,156,6,156,9.44,5.66,0.5,2,2,2,0.9316985645933015,0.42504452432448975
1358,,after_candidate_limit,,3881,155,6,155,9.44,5.66,0.5,1.38,2,2,0.9316928229665071,0.42532774726340977
1359,,after_candidate_limit,,1358,54,8,54,12.78,7.67,2.17,3.25,2,8,0.931688995215311,0.4510304099185081
1360,,after_candidate_limit,,3555,142,5,142,9.44,2.83,0.5,2,2,1,0.9316736842105263,0.4229481209984875
1361,,after_candidate_limit,,1183,47,8,47,12.78,5.75,2.17,3.25,2,8,0.9316334928229665,0.4475309886639876
1362,,after_candidate_limit,,1008,40,8,40,12.78,3.83,2.17,3.25,2,8,0.9316296650717704,0.44749606255999425
1363,,after_candidate_limit,,1009,40,9,40,12.78,3.83,2.17,3.25,2,15,0.9316296650717704,0.44749606255999425
1364,,after_candidate_limit,,1184,47,9,47,12.78,5.75,2.17,3.25,2,15,0.9316296650717704,0.44749606255999425
1365,,after_candidate_limit,,1359,54,9,54,12.78,7.67,2.17,3.25,2,15,0.9316296650717704,0.44749606255999425
1366,,after_candidate_limit,,3530,141,5,141,9.44,2.83,0.5,1.38,2,1,0.9316248803827751,0.42302741701539776
1367,,after_candidate_limit,,3325,133,0,133,5,4.5,0.5,0.75,1,1,0.9315846889952153,0.36254692488914064
1368,,after_candidate_limit,,1437,57,12,57,13.89,12.5,0.5,1.38,3,3,0.9314947368421053,0.4633122838498722
1369,,after_candidate_limit,,3350,134,0,134,5,4.5,0.5,1.38,1,1,0.9314832535885168,0.3620570464111605
1370,,after_candidate_limit,,1205,48,5,48,12.78,5.75,3,4.5,2,1,0.9314607655502393,0.4786357760060788
1371,,after_candidate_limit,,3375,135,0,135,5,4.5,0.5,2,1,1,0.9314507177033493,0.36004710518522864
1372,,after_candidate_limit,,832,33,7,33,12.78,11.5,2.17,3.25,2,3,0.931443062200957,0.4517947237324156
1373,,after_candidate_limit,,2035,81,10,81,13.89,8.33,1.33,3.67,3,1,0.9314401913875598,0.5032788245025032
1374,,after_candidate_limit,,2010,80,10,80,13.89,8.33,1.33,2,3,1,0.9314382775119617,0.5045618387867938
1375,,after_candidate_limit,,3857,154,7,154,9.44,5.66,0.5,0.75,2,3,0.931399043062201,0.4224505215774355
1376,,after_candidate_limit,,3882,155,7,155,9.44,5.66,0.5,1.38,2,3,0.9313961722488038,0.4226610123161179
1377,,after_candidate_limit,,3681,147,6,147,9.44,4.25,0.5,0.75,2,2,0.9313904306220095,0.42227767201519123
1378,,after_candidate_limit,,3907,156,7,156,9.44,5.66,0.5,2,2,3,0.9313837320574163,0.4221132495559114
1379,,after_candidate_limit,,3731,149,6,149,9.44,4.25,0.5,2,2,2,0.9313818181818182,0.41989275388867847
1380,,after_candidate_limit,,3706,148,6,148,9.44,4.25,0.5,1.38,2,2,0.9313703349282296,0.42024744482200865
1381,,after_candidate_limit,,737,29,12,29,12.78,11.5,0.5,1.38,3,3,0.9312851674641148,0.45134750180897604
1382,,after_candidate_limit,,712,28,12,28,12.78,11.5,0.5,0.75,3,3,0.931267942583732,0.4522000038818776
1383,,after_candidate_limit,,3732,149,7,149,9.44,4.25,0.5,2,2,3,0.9311799043062201,0.4181023101116033
1384,,after_candidate_limit,,3506,140,6,140,9.44,2.83,0.5,0.75,2,2,0.9311607655502392,0.4182001696438557
1385,,after_candidate_limit,,3556,142,6,142,9.44,2.83,0.5,2,2,2,0.9311559808612441,0.4177002676476586
1386,,after_candidate_limit,,3707,148,7,148,9.44,4.25,0.5,1.38,2,3,0.931155023923445,0.41765684269235565
1387,,after_candidate_limit,,3150,126,0,126,5,3,0.5,0.75,1,1,0.9311511961722488,0.3596292615680556
1388,,after_candidate_limit,,3682,147,7,147,9.44,4.25,0.5,0.75,2,3,0.9311502392344497,0.41843573086654823
1389,,after_candidate_limit,,3531,141,6,141,9.44,2.83,0.5,1.38,2,2,0.9311425837320574,0.41746891710997097
1390,,after_candidate_limit,,3200,128,0,128,5,3,0.5,2,1,1,0.9310708133971292,0.3562991352800756
1391,,after_candidate_limit,,3175,127,0,127,5,3,0.5,1.38,1,1,0.9310622009569378,0.35634698375690904
1392,,after_candidate_limit,,3557,142,7,142,9.44,2.83,0.5,2,2,3,0.9310545454545455,0.41451013947178345
1393,,after_candidate_limit,,3532,141,7,141,9.44,2.83,0.5,1.38,2,3,0.9310507177033492,0.4145895999764962
1394,,after_candidate_limit,,3507,140,7,140,9.44,2.83,0.5,0.75,2,3,0.931044976076555,0.4148749712007909
1395,,after_candidate_limit,,1381,55,6,55,12.78,7.67,3,4.5,2,2,0.9310090909090909,0.47551838707193805
1396,,after_candidate_limit,,2011,80,11,80,13.89,8.33,1.33,2,3,2,0.9309818181818181,0.4830361324751278
1397,,after_candidate_limit,,2975,119,0,119,5,2.25,0.5,0.75,1,1,0.9309799043062201,0.35795395704983807
1398,,after_candidate_limit,,2036,81,11,81,13.89,8.33,1.33,3.67,3,2,0.9309607655502392,0.4814298609118526
1399,,after_candidate_limit,,2111,84,11,84,15,13.5,0.5,0.75,3,2,0.9309464114832536,0.47176479133286126
1400,,after_candidate_limit,,535,21,10,21,11.67,7,0.5,0.75,3,1,0.9309358851674641,0.481965203581752
1401,,after_candidate_limit,,3326,133,1,133,5,4.5,0.5,0.75,1,2,0.9308956937799043,0.35616963932505585
1402,,after_candidate_limit,,3000,120,0,120,5,2.25,0.5,1.38,1,1,0.9308947368421052,0.35564118051082305
1403,,after_candidate_limit,,3376,135,1,135,5,4.5,0.5,2,1,2,0.9308947368421052,0.3552122374607398
1404,,after_candidate_limit,,3025,121,0,121,5,2.25,0.5,2,1,1,0.9308909090909091,0.3555561807770228
1405,,after_candidate_limit,,2800,112,0,112,5,1.5,0.5,0.75,1,1,0.9308813397129186,0.35620026313595593
1406,,after_candidate_limit,,3351,134,1,134,5,4.5,0.5,1.38,1,2,0.9308794258373205,0.35545475652892816
1407,,after_candidate_limit,,4033,161,8,161,9.44,8.5,0.5,0.75,2,8,0.9308794258373205,0.41347911862522596
1408,,after_candidate_limit,,762,30,12,30,12.78,11.5,0.5,2,3,3,0.9308727272727273,0.44874340258808487
1409,,after_candidate_limit,,831,33,6,33,12.78,11.5,2.17,3.25,2,2,0.9308583732057416,0.45574088206957025
1410,,after_candidate_limit,,560,22,10,22,11.67,7,0.5,1.38,3,1,0.9308507177033493,0.4763756313914116
1411,,after_candidate_limit,,3908,156,8,156,9.44,5.66,0.5,2,2,8,0.9308334928229665,0.40814116297979214
1412,,after_candidate_limit,,3508,140,8,140,9.44,2.83,0.5,0.75,2,8,0.9308325358851675,0.4081303561159732
1413,,after_candidate_limit,,3509,140,9,140,9.44,2.83,0.5,0.75,2,15,0.9308325358851675,0.4081303561159732
1414,,after_candidate_limit,,3533,141,8,141,9.44,2.83,0.5,1.38,2,8,0.9308325358851675,0.4081303561159732
1415,,after_candidate_limit,,3534,141,9,141,9.44,2.83,0.5,1.38,2,15,0.9308325358851675,0.4081303561159732
1416,,after_candidate_limit,,3558,142,8,142,9.44,2.83,0.5,2,2,8,0.9308325358851675,0.4081303561159732
1417,,after_candidate_limit,,3559,142,9,142,9.44,2.83,0.5,2,2,15,0.9308325358851675,0.4081303561159732
1418,,after_candidate_limit,,3683,147,8,147,9.44,4.25,0.5,0.75,2,8,0.9308325358851675,0.4081303561159732
1419,,after_candidate_limit,,3684,147,9,147,9.44,4.25,0.5,0.75,2,15,0.9308325358851675,0.4081303561159732
1420,,after_candidate_limit,,3708,148,8,148,9.44,4.25,0.5,1.38,2,8,0.9308325358851675,0.4081303561159732
1421,,after_candidate_limit,,3709,148,9,148,9.44,4.25,0.5,1.38,2,15,0.9308325358851675,0.4081303561159732
1422,,after_candidate_limit,,3733,149,8,149,9.44,4.25,0.5,2,2,8,0.9308325358851675,0.4081303561159732
1423,,after_candidate_limit,,3734,149,9,149,9.44,4.25,0.5,2,2,15,0.9308325358851675,0.4081303561159732
1424,,after_candidate_limit,,3858,154,8,154,9.44,5.66,0.5,0.75,2,8,0.9308325358851675,0.4081303561159732
1425,,after_candidate_limit,,3859,154,9,154,9.44,5.66,0.5,0.75,2,15,0.9308325358851675,0.4081303561159732
1426,,after_candidate_limit,,3883,155,8,155,9.44,5.66,0.5,1.38,2,8,0.9308325358851675,0.4081303561159732
1427,,after_candidate_limit,,3884,155,9,155,9.44,5.66,0.5,1.38,2,15,0.9308325358851675,0.4081303561159732
1428,,after_candidate_limit,,3909,156,9,156,9.44,5.66,0.5,2,2,15,0.9308325358851675,0.4081303561159732
1429,,after_candidate_limit,,4059,162,9,162,9.44,8.5,0.5,1.38,2,15,0.9308325358851675,0.4081303561159732
1430,,after_candidate_limit,,4084,163,9,163,9.44,8.5,0.5,2,2,15,0.9308325358851675,0.4081303561159732
1431,,after_candidate_limit,,585,23,10,23,11.67,7,0.5,2,3,1,0.9308306220095693,0.47732430013772803
1432,,after_candidate_limit,,4058,162,8,162,9.44,8.5,0.5,1.38,2,8,0.9308153110047847,0.41052741004982835
1433,,after_candidate_limit,,4034,161,9,161,9.44,8.5,0.5,0.75,2,15,0.9308038277511962,0.405847617203744
1434,,after_candidate_limit,,4083,163,8,163,9.44,8.5,0.5,2,2,8,0.9307971291866028,0.4091976090774913
1435,,after_candidate_limit,,2825,113,0,113,5,1.5,0.5,1.38,1,1,0.9307598086124402,0.35413173279325805
1436,,after_candidate_limit,,3377,135,2,135,5,4.5,0.5,2,1,3,0.9307464114832535,0.35412676610320754
1437,,after_candidate_limit,,2850,114,0,114,5,1.5,0.5,2,1,1,0.9307349282296651,0.3534823520417539
1438,,after_candidate_limit,,3201,128,1,128,5,3,0.5,2,1,2,0.9307339712918661,0.353925357254316
1439,,after_candidate_limit,,3352,134,2,134,5,4.5,0.5,1.38,1,3,0.9307234449760765,0.3538908568036867
1440,,after_candidate_limit,,3151,126,1,126,5,3,0.5,0.75,1,2,0.9307224880382775,0.35401135850097154
1441,,after_candidate_limit,,3176,127,1,127,5,3,0.5,1.38,1,2,0.9307157894736842,0.3537624939548236
1442,,after_candidate_limit,,3327,133,2,133,5,4.5,0.5,0.75,1,3,0.9307148325358852,0.35424784530494147
1443,,after_candidate_limit,,2976,119,1,119,5,2.25,0.5,0.75,1,2,0.9306688995215311,0.3531224580896624
1444,,after_candidate_limit,,2801,112,1,112,5,1.5,0.5,0.75,1,2,0.930644976076555,0.35247691252412006
1445,,after_candidate_limit,,3001,120,1,120,5,2.25,0.5,1.38,1,2,0.930644976076555,0.3523716580244239
1446,,after_candidate_limit,,3152,126,2,126,5,3,0.5,0.75,1,3,0.9306392344497607,0.35225063306409243
1447,,after_candidate_limit,,1685,67,10,67,13.89,4.17,1.33,3.67,3,1,0.9306373205741627,0.47144438749293505
1448,,after_candidate_limit,,3026,121,1,121,5,2.25,0.5,2,1,2,0.9306373205741627,0.35221594922227567
1449,,after_candidate_limit,,3177,127,2,127,5,3,0.5,1.38,1,3,0.9306344497607656,0.35203875568361925
1450,,after_candidate_limit,,3202,128,2,128,5,3,0.5,2,1,3,0.9306344497607656,0.35203875568361925
1451,,after_candidate_limit,,1660,66,10,66,13.89,4.17,1.33,2,3,1,0.9306200956937799,0.4725029716289341
1452,,after_candidate_limit,,2977,119,2,119,5,2.25,0.5,0.75,1,3,0.9306162679425838,0.35180953159445066
1453,,after_candidate_limit,,2012,80,12,80,13.89,8.33,1.33,2,3,3,0.9305856459330144,0.47462807612202124
1454,,after_candidate_limit,,2826,113,1,113,5,1.5,0.5,1.38,1,2,0.9305856459330144,0.3513866778202168
1455,,after_candidate_limit,,2851,114,1,114,5,1.5,0.5,2,1,2,0.9305732057416268,0.35108615217016154
1456,,after_candidate_limit,,2802,112,2,112,5,1.5,0.5,0.75,1,3,0.9305712918660287,0.35115443154477904
1457,,after_candidate_limit,,3002,120,2,120,5,2.25,0.5,1.38,1,3,0.9305684210526316,0.35112442119107634
1458,,after_candidate_limit,,1030,41,5,41,12.78,3.83,3,4.5,2,1,0.9305526315789474,0.4651332099614278
1459,,after_candidate_limit,,3027,121,2,121,5,2.25,0.5,2,1,3,0.9305416267942583,0.35052873876911994
1460,,after_candidate_limit,,2827,113,2,113,5,1.5,0.5,1.38,1,3,0.9305234449760765,0.3492951369040724
1461,,after_candidate_limit,,2852,114,2,114,5,1.5,0.5,2,1,3,0.9305215311004784,0.3487739247828603
1462,,after_candidate_limit,,2803,112,3,112,5,1.5,0.5,0.75,1,8,0.9305205741626794,0.3487187523690672
1463,,after_candidate_limit,,2804,112,4,112,5,1.5,0.5,0.75,1,15,0.9305205741626794,0.3487187523690672
1464,,after_candidate_limit,,2828,113,3,113,5,1.5,0.5,1.38,1,8,0.9305205741626794,0.3487187523690672
1465,,after_candidate_limit,,2829,113,4,113,5,1.5,0.5,1.38,1,15,0.9305205741626794,0.3487187523690672
1466,,after_candidate_limit,,2853,114,3,114,5,1.5,0.5,2,1,8,0.9305205741626794,0.3487187523690672
1467,,after_candidate_limit,,2854,114,4,114,5,1.5,0.5,2,1,15,0.9305205741626794,0.3487187523690672
1468,,after_candidate_limit,,2978,119,3,119,5,2.25,0.5,0.75,1,8,0.9305205741626794,0.3487187523690672
1469,,after_candidate_limit,,2979,119,4,119,5,2.25,0.5,0.75,1,15,0.9305205741626794,0.3487187523690672
1470,,after_candidate_limit,,3003,120,3,120,5,2.25,0.5,1.38,1,8,0.9305205741626794,0.3487187523690672
1471,,after_candidate_limit,,3004,120,4,120,5,2.25,0.5,1.38,1,15,0.9305205741626794,0.3487187523690672
1472,,after_candidate_limit,,3028,121,3,121,5,2.25,0.5,2,1,8,0.9305205741626794,0.3487187523690672
1473,,after_candidate_limit,,3029,121,4,121,5,2.25,0.5,2,1,15,0.9305205741626794,0.3487187523690672
1474,,after_candidate_limit,,3153,126,3,126,5,3,0.5,0.75,1,8,0.9305205741626794,0.3487187523690672
1475,,after_candidate_limit,,3154,126,4,126,5,3,0.5,0.75,1,15,0.9305205741626794,0.3487187523690672
1476,,after_candidate_limit,,3178,127,3,127,5,3,0.5,1.38,1,8,0.9305205741626794,0.3487187523690672
1477,,after_candidate_limit,,3179,127,4,127,5,3,0.5,1.38,1,15,0.9305205741626794,0.3487187523690672
1478,,after_candidate_limit,,3203,128,3,128,5,3,0.5,2,1,8,0.9305205741626794,0.3487187523690672
1479,,after_candidate_limit,,3204,128,4,128,5,3,0.5,2,1,15,0.9305205741626794,0.3487187523690672
1480,,after_candidate_limit,,3328,133,3,133,5,4.5,0.5,0.75,1,8,0.9305205741626794,0.3487187523690672
1481,,after_candidate_limit,,3329,133,4,133,5,4.5,0.5,0.75,1,15,0.9305205741626794,0.3487187523690672
1482,,after_candidate_limit,,3353,134,3,134,5,4.5,0.5,1.38,1,8,0.9305205741626794,0.3487187523690672
1483,,after_candidate_limit,,3354,134,4,134,5,4.5,0.5,1.38,1,15,0.9305205741626794,0.3487187523690672
1484,,after_candidate_limit,,3378,135,3,135,5,4.5,0.5,2,1,8,0.9305205741626794,0.3487187523690672
1485,,after_candidate_limit,,3379,135,4,135,5,4.5,0.5,2,1,15,0.9305205741626794,0.3487187523690672
1486,,after_candidate_limit,,2037,81,12,81,13.89,8.33,1.33,3.67,3,3,0.9304727272727272,0.47235125973735076
1487,,after_candidate_limit,,711,28,11,28,12.78,11.5,0.5,0.75,3,2,0.9304602870813398,0.4628683158447148
1488,,after_candidate_limit,,858,34,8,34,12.78,11.5,3,4.5,2,8,0.9304215311004784,0.4684565712422809
1489,,after_candidate_limit,,1382,55,7,55,12.78,7.67,3,4.5,2,3,0.9304062200956937,0.46407776569575027
1490,,after_candidate_limit,,1489,59,14,59,13.89,12.5,1.33,2,3,15,0.9303732057416267,0.4688617341582563
1491,,after_candidate_limit,,1462,58,12,58,13.89,12.5,0.5,2,3,3,0.9303598086124402,0.46193476127591937
1492,,after_candidate_limit,,1411,56,11,56,13.89,12.5,0.5,0.75,3,2,0.9303186602870813,0.47352226918136164
1493,,after_candidate_limit,,1514,60,14,60,13.89,12.5,1.33,3.67,3,15,0.9302516746411483,0.46811748315064144
1494,,after_candidate_limit,,1885,75,10,75,13.89,6.25,2.17,3.25,3,1,0.9301913875598086,0.4884267050360289
1495,,after_candidate_limit,,1836,73,11,73,13.89,6.25,1.33,2,3,2,0.9301693779904306,0.4684235748574391
1496,,after_candidate_limit,,1206,48,6,48,12.78,5.75,3,4.5,2,2,0.9301516746411483,0.4625780201945399
1497,,after_candidate_limit,,1861,74,11,74,13.89,6.25,1.33,3.67,3,2,0.9301435406698565,0.46824052521066195
1498,,after_candidate_limit,,360,14,10,14,11.67,5.25,0.5,0.75,3,1,0.9300564593301436,0.46939999354581774
1499,,after_candidate_limit,,1862,74,12,74,13.89,6.25,1.33,3.67,3,3,0.9300555023923445,0.46781261267890833
1500,,after_candidate_limit,,1837,73,12,73,13.89,6.25,1.33,2,3,3,0.9300488038277512,0.467830502145992
1501,,after_candidate_limit,,1207,48,7,48,12.78,5.75,3,4.5,2,3,0.9299909090909091,0.45967767185487834
1502,,after_candidate_limit,,859,34,9,34,12.78,11.5,3,4.5,2,15,0.9299746411483254,0.46037571389521176
1503,,after_candidate_limit,,1686,67,11,67,13.89,4.17,1.33,3.67,3,2,0.9299588516746411,0.4645508063567959
1504,,after_candidate_limit,,1661,66,11,66,13.89,4.17,1.33,2,3,2,0.929955980861244,0.46453713641502664
1505,,after_candidate_limit,,385,15,10,15,11.67,5.25,0.5,1.38,3,1,0.9299502392344497,0.46301966062006705
1506,,after_candidate_limit,,410,16,10,16,11.67,5.25,0.5,2,3,1,0.9299473684210526,0.46122071771101125
1507,,after_candidate_limit,,1031,41,6,41,12.78,3.83,3,4.5,2,2,0.9299354066985646,0.4585322763206721
1508,,after_candidate_limit,,2136,85,11,85,15,13.5,0.5,1.38,3,2,0.9298956937799043,0.47565070702326956
1509,,after_candidate_limit,,2060,82,10,82,13.89,8.33,2.17,3.25,3,1,0.9298822966507178,0.5001400984218837
1510,,after_candidate_limit,,736,29,11,29,12.78,11.5,0.5,1.38,3,2,0.9297607655502392,0.4567241402335654
1511,,after_candidate_limit,,1687,67,12,67,13.89,4.17,1.33,3.67,3,3,0.9297311004784689,0.46271976497919176
1512,,after_candidate_limit,,1032,41,7,41,12.78,3.83,3,4.5,2,3,0.9297162679425838,0.45651437819597845
1513,,after_candidate_limit,,1662,66,12,66,13.89,4.17,1.33,2,3,3,0.9296861244019139,0.46226637252200253
1514,,after_candidate_limit,,2038,81,13,81,13.89,8.33,1.33,3.67,3,8,0.9295464114832536,0.4574803047686101
1515,,after_candidate_limit,,1383,55,8,55,12.78,7.67,3,4.5,2,8,0.9295411483253588,0.45073468157529756
1516,,after_candidate_limit,,2013,80,13,80,13.89,8.33,1.33,2,3,8,0.929533014354067,0.4571205446761376
1517,,after_candidate_limit,,1208,48,8,48,12.78,5.75,3,4.5,2,8,0.9294808612440192,0.4470776891216683
1518,,after_candidate_limit,,1033,41,8,41,12.78,3.83,3,4.5,2,8,0.929477990430622,0.4470517215470667
1519,,after_candidate_limit,,1034,41,9,41,12.78,3.83,3,4.5,2,15,0.929477990430622,0.4470517215470667
1520,,after_candidate_limit,,1209,48,9,48,12.78,5.75,3,4.5,2,15,0.929477990430622,0.4470517215470667
1521,,after_candidate_limit,,1384,55,9,55,12.78,7.67,3,4.5,2,15,0.929477990430622,0.4470517215470667
1522,,after_candidate_limit,,2061,82,11,82,13.89,8.33,2.17,3.25,3,2,0.9294392344497607,0.47931071886002613
1523,,after_candidate_limit,,1863,74,13,74,13.89,6.25,1.33,3.67,3,8,0.9293712918660287,0.45164542825645015
1524,,after_candidate_limit,,1838,73,13,73,13.89,6.25,1.33,2,3,8,0.9293703349282296,0.45163713246870796
1525,,after_candidate_limit,,1663,66,13,66,13.89,4.17,1.33,2,3,8,0.9293655502392344,0.45159398547180674
1526,,after_candidate_limit,,1664,66,14,66,13.89,4.17,1.33,2,3,15,0.9293655502392344,0.45159398547180674
1527,,after_candidate_limit,,1688,67,13,67,13.89,4.17,1.33,3.67,3,8,0.9293655502392344,0.45159398547180674
1528,,after_candidate_limit,,1689,67,14,67,13.89,4.17,1.33,3.67,3,15,0.9293655502392344,0.45159398547180674
1529,,after_candidate_limit,,1839,73,14,73,13.89,6.25,1.33,2,3,15,0.9293655502392344,0.45159398547180674
1530,,after_candidate_limit,,1864,74,14,74,13.89,6.25,1.33,3.67,3,15,0.9293655502392344,0.45159398547180674
1531,,after_candidate_limit,,2014,80,14,80,13.89,8.33,1.33,2,3,15,0.9293655502392344,0.45159398547180674
1532,,after_candidate_limit,,2039,81,14,81,13.89,8.33,1.33,3.67,3,15,0.9293655502392344,0.45159398547180674
1533,,after_candidate_limit,,761,30,11,30,12.78,11.5,0.5,2,3,2,0.9293358851674641,0.4520640145437086
1534,,after_candidate_limit,,11,0,11,0,11.67,10.5,0.5,0.75,3,2,0.9292153110047847,0.4578533228334478
1535,,after_candidate_limit,,536,21,11,21,11.67,7,0.5,0.75,3,2,0.9291990430622009,0.4555603654369096
1536,,after_candidate_limit,,185,7,10,7,11.67,3.5,0.5,0.75,3,1,0.9291578947368421,0.454404348041416
1537,,after_candidate_limit,,1710,68,10,68,13.89,4.17,2.17,3.25,3,1,0.9291272727272727,0.46901813326629593
1538,,after_candidate_limit,,857,34,7,34,12.78,11.5,3,4.5,2,3,0.9291229665071771,0.44957646233986204
1539,,after_candidate_limit,,1488,59,13,59,13.89,12.5,1.33,2,3,8,0.9291004784688995,0.46165043978620696
1540,,after_candidate_limit,,630,25,5,25,11.67,7,1.33,3.67,2,1,0.9290928229665072,0.4746772288137927
1541,,after_candidate_limit,,605,24,5,24,11.67,7,1.33,2,2,1,0.9290708133971292,0.4725241167959447
1542,,after_candidate_limit,,1513,60,13,60,13.89,12.5,1.33,3.67,3,8,0.9290325358851674,0.4619842139752355
1543,,after_candidate_limit,,2062,82,12,82,13.89,8.33,2.17,3.25,3,3,0.9290114832535885,0.47091420933227546
1544,,after_candidate_limit,,561,22,11,22,11.67,7,0.5,1.38,3,2,0.9289339712918661,0.4499453765922415
1545,,after_candidate_limit,,830,33,5,33,12.78,11.5,2.17,3.25,2,1,0.9289023923444976,0.46467610475334664
1546,,after_candidate_limit,,210,8,10,8,11.67,3.5,0.5,1.38,3,1,0.9288813397129186,0.4462964788700401
1547,,after_candidate_limit,,12,0,12,0,11.67,10.5,0.5,0.75,3,3,0.9288626794258373,0.4443230169255527
1548,,after_candidate_limit,,235,9,10,9,11.67,3.5,0.5,2,3,1,0.9288602870813397,0.44488598968150916
1549,,after_candidate_limit,,586,23,11,23,11.67,7,0.5,2,3,2,0.9288526315789474,0.44796557182358404
1550,,after_candidate_limit,,1539,61,14,61,13.89,12.5,2.17,3.25,3,15,0.928777990430622,0.4661302056538356
1551,,after_candidate_limit,,361,14,11,14,11.67,5.25,0.5,0.75,3,2,0.9287253588516746,0.44676781246619524
1552,,after_candidate_limit,,386,15,11,15,11.67,5.25,0.5,1.38,3,2,0.9286832535885168,0.4451155426928533
1553,,after_candidate_limit,,411,16,11,16,11.67,5.25,0.5,2,3,2,0.9286602870813397,0.44473726993739465
1554,,after_candidate_limit,,1886,75,11,75,13.89,6.25,2.17,3.25,3,2,0.9286555023923445,0.4659625627711639
1555,,after_candidate_limit,,587,23,12,23,11.67,7,0.5,2,3,3,0.9285751196172248,0.4431287565974284
1556,,after_candidate_limit,,562,22,12,22,11.67,7,0.5,1.38,3,3,0.9285712918660287,0.44371745078538594
1557,,after_candidate_limit,,36,1,11,1,11.67,10.5,0.5,1.38,3,2,0.9285693779904306,0.4499037458436286
1558,,after_candidate_limit,,63,2,13,2,11.67,10.5,0.5,2,3,8,0.9285674641148325,0.44072094781144977
1559,,after_candidate_limit,,1436,57,11,57,13.89,12.5,0.5,1.38,3,2,0.9285645933014354,0.4648607036381189
1560,,after_candidate_limit,,1887,75,12,75,13.89,6.25,2.17,3.25,3,3,0.9285435406698564,0.465322391032691
1561,,after_candidate_limit,,38,1,13,1,11.67,10.5,0.5,1.38,3,8,0.9285272727272728,0.44094090271050945
1562,,after_candidate_limit,,13,0,13,0,11.67,10.5,0.5,0.75,3,8,0.9284985645933015,0.44220152616175085
1563,,after_candidate_limit,,537,21,12,21,11.67,7,0.5,0.75,3,3,0.9284784688995216,0.44404255900109924
1564,,after_candidate_limit,,1711,68,11,68,13.89,4.17,2.17,3.25,3,2,0.9284555023923445,0.46213190186726516
1565,,after_candidate_limit,,2161,86,11,86,15,13.5,0.5,2,3,2,0.9284076555023923,0.47039547523860753
1566,,after_candidate_limit,,37,1,12,1,11.67,10.5,0.5,1.38,3,3,0.9283856459330143,0.44046375132858334
1567,,after_candidate_limit,,362,14,12,14,11.67,5.25,0.5,0.75,3,3,0.9283722488038277,0.4426263846447356
1568,,after_candidate_limit,,412,16,12,16,11.67,5.25,0.5,2,3,3,0.9283550239234449,0.44059112913459664
1569,,after_candidate_limit,,236,9,11,9,11.67,3.5,0.5,2,3,2,0.9283473684210526,0.4395949113828896
1570,,after_candidate_limit,,387,15,12,15,11.67,5.25,0.5,1.38,3,3,0.9283282296650718,0.4413613621658703
1571,,after_candidate_limit,,211,8,11,8,11.67,3.5,0.5,1.38,3,2,0.9283177033492823,0.4394292907368368
1572,,after_candidate_limit,,186,7,11,7,11.67,3.5,0.5,0.75,3,2,0.9283138755980861,0.4405555911482093
1573,,after_candidate_limit,,62,2,12,2,11.67,10.5,0.5,2,3,3,0.9282354066985646,0.4384488057262908
1574,,after_candidate_limit,,61,2,11,2,11.67,10.5,0.5,2,3,2,0.9282287081339713,0.4443037666320703
1575,,after_candidate_limit,,856,34,6,34,12.78,11.5,3,4.5,2,2,0.9282272727272727,0.4535645752133441
1576,,after_candidate_limit,,1712,68,12,68,13.89,4.17,2.17,3.25,3,3,0.92822009569378,0.4602265394350319
1577,,after_candidate_limit,,430,17,5,17,11.67,5.25,1.33,2,2,1,0.9281148325358851,0.4561502192733831
1578,,after_candidate_limit,,455,18,5,18,11.67,5.25,1.33,3.67,2,1,0.9280842105263158,0.45370355094548087
1579,,after_candidate_limit,,187,7,12,7,11.67,3.5,0.5,0.75,3,3,0.9280736842105263,0.4360207673142915
1580,,after_candidate_limit,,237,9,12,9,11.67,3.5,0.5,2,3,3,0.9280727272727273,0.4361466017661868
1581,,after_candidate_limit,,212,8,12,8,11.67,3.5,0.5,1.38,3,3,0.928066985645933,0.4359423108503252
1582,,after_candidate_limit,,2063,82,13,82,13.89,8.33,2.17,3.25,3,8,0.9280507177033492,0.45511895163795524
1583,,after_candidate_limit,,1888,75,13,75,13.89,6.25,2.17,3.25,3,8,0.9278870813397129,0.4495119837916156
1584,,after_candidate_limit,,1713,68,13,68,13.89,4.17,2.17,3.25,3,8,0.9278813397129186,0.4494607219392226
1585,,after_candidate_limit,,1714,68,14,68,13.89,4.17,2.17,3.25,3,15,0.9278813397129186,0.4494607219392226
1586,,after_candidate_limit,,1889,75,14,75,13.89,6.25,2.17,3.25,3,15,0.9278813397129186,0.4494607219392226
1587,,after_candidate_limit,,2064,82,14,82,13.89,8.33,2.17,3.25,3,15,0.9278813397129186,0.4494607219392226
1588,,after_candidate_limit,,14,0,14,0,11.67,10.5,0.5,0.75,3,15,0.9277894736842105,0.4307666839613419
1589,,after_candidate_limit,,538,21,13,21,11.67,7,0.5,0.75,3,8,0.9277741626794258,0.42791594086073115
1590,,after_candidate_limit,,588,23,13,23,11.67,7,0.5,2,3,8,0.9277741626794258,0.4274604810862004
1591,,after_candidate_limit,,563,22,13,22,11.67,7,0.5,1.38,3,8,0.9277712918660287,0.42743540520759693
1592,,after_candidate_limit,,188,7,13,7,11.67,3.5,0.5,0.75,3,8,0.9277626794258373,0.4272780902230031
1593,,after_candidate_limit,,189,7,14,7,11.67,3.5,0.5,0.75,3,15,0.9277626794258373,0.4272780902230031
1594,,after_candidate_limit,,213,8,13,8,11.67,3.5,0.5,1.38,3,8,0.9277626794258373,0.4272780902230031
1595,,after_candidate_limit,,214,8,14,8,11.67,3.5,0.5,1.38,3,15,0.9277626794258373,0.4272780902230031
1596,,after_candidate_limit,,238,9,13,9,11.67,3.5,0.5,2,3,8,0.9277626794258373,0.4272780902230031
1597,,after_candidate_limit,,239,9,14,9,11.67,3.5,0.5,2,3,15,0.9277626794258373,0.4272780902230031
1598,,after_candidate_limit,,363,14,13,14,11.67,5.25,0.5,0.75,3,8,0.9277626794258373,0.4272780902230031
1599,,after_candidate_limit,,364,14,14,14,11.67,5.25,0.5,0.75,3,15,0.9277626794258373,0.4272780902230031
1600,,after_candidate_limit,,388,15,13,15,11.67,5.25,0.5,1.38,3,8,0.9277626794258373,0.4272780902230031
1601,,after_candidate_limit,,389,15,14,15,11.67,5.25,0.5,1.38,3,15,0.9277626794258373,0.4272780902230031
1602,,after_candidate_limit,,413,16,13,16,11.67,5.25,0.5,2,3,8,0.9277626794258373,0.4272780902230031
1603,,after_candidate_limit,,414,16,14,16,11.67,5.25,0.5,2,3,15,0.9277626794258373,0.4272780902230031
1604,,after_candidate_limit,,539,21,14,21,11.67,7,0.5,0.75,3,15,0.9277626794258373,0.4272780902230031
1605,,after_candidate_limit,,564,22,14,22,11.67,7,0.5,1.38,3,15,0.9277626794258373,0.4272780902230031
1606,,after_candidate_limit,,589,23,14,23,11.67,7,0.5,2,3,15,0.9277626794258373,0.4272780902230031
1607,,after_candidate_limit,,2262,90,12,90,15,13.5,3,4.5,3,3,0.9277358851674641,0.4582976783896148
1608,,after_candidate_limit,,39,1,14,1,11.67,10.5,0.5,1.38,3,15,0.9276928229665071,0.4302996078378618
1609,,after_candidate_limit,,64,2,14,2,11.67,10.5,0.5,2,3,15,0.9276851674641148,0.42947997244143876
1610,,after_candidate_limit,,1461,58,11,58,13.89,12.5,0.5,2,3,2,0.9276727272727273,0.4594325779699258
1611,,after_candidate_limit,,1538,61,13,61,13.89,12.5,2.17,3.25,3,8,0.9275540669856459,0.4597605623665079
1612,,after_candidate_limit,,81,3,6,3,11.67,10.5,1.33,2,2,2,0.9274535885167464,0.441272762376068
1613,,after_candidate_limit,,106,4,6,4,11.67,10.5,1.33,3.67,2,2,0.9272832535885167,0.4380646861437018
1614,,after_candidate_limit,,280,11,5,11,11.67,3.5,1.33,3.67,2,1,0.9271971291866029,0.44028487773007635
1615,,after_candidate_limit,,255,10,5,10,11.67,3.5,1.33,2,2,1,0.9271818181818182,0.4405435581252573
1616,,after_candidate_limit,,606,24,6,24,11.67,7,1.33,2,2,2,0.9271511961722488,0.44233264900225505
1617,,after_candidate_limit,,107,4,7,4,11.67,10.5,1.33,3.67,2,3,0.9271234449760766,0.43976908205401516
1618,,after_candidate_limit,,2187,87,12,87,15,13.5,1.33,2,3,3,0.9270971291866029,0.4637990370026365
1619,,after_candidate_limit,,82,3,7,3,11.67,10.5,1.33,2,2,3,0.9270641148325359,0.4398756004052065
1620,,after_candidate_limit,,631,25,6,25,11.67,7,1.33,3.67,2,2,0.927044019138756,0.44028685760740865
1621,,after_candidate_limit,,108,4,8,4,11.67,10.5,1.33,3.67,2,8,0.9270411483253589,0.4370523036633596
1622,,after_candidate_limit,,83,3,8,3,11.67,10.5,1.33,2,2,8,0.9270248803827751,0.4373404951501397
1623,,after_candidate_limit,,431,17,6,17,11.67,5.25,1.33,2,2,2,0.926977990430622,0.43985209312489415
1624,,after_candidate_limit,,456,18,6,18,11.67,5.25,1.33,3.67,2,2,0.9269444976076555,0.4384712270997498
1625,,after_candidate_limit,,607,24,7,24,11.67,7,1.33,2,2,3,0.9268755980861244,0.4380225366495053
1626,,after_candidate_limit,,2110,84,10,84,15,13.5,0.5,0.75,3,1,0.9268401913875598,0.4621229642055498
1627,,after_candidate_limit,,632,25,7,25,11.67,7,1.33,3.67,2,3,0.9268373205741627,0.4373490518823817
1628,,after_candidate_limit,,457,18,7,18,11.67,5.25,1.33,3.67,2,3,0.9267569377990431,0.4356549905415551
1629,,after_candidate_limit,,432,17,7,17,11.67,5.25,1.33,2,2,3,0.9267301435406698,0.4360339105428394
1630,,after_candidate_limit,,281,11,6,11,11.67,3.5,1.33,3.67,2,2,0.926688038277512,0.4347428408834474
1631,,after_candidate_limit,,256,10,6,10,11.67,3.5,1.33,2,2,2,0.9266832535885168,0.43475470961947715
1632,,after_candidate_limit,,80,3,5,3,11.67,10.5,1.33,2,2,1,0.9266267942583732,0.44076884437247843
1633,,after_candidate_limit,,855,34,5,34,12.78,11.5,3,4.5,2,1,0.9264703349282296,0.45720122608222175
1634,,after_candidate_limit,,282,11,7,11,11.67,3.5,1.33,3.67,2,3,0.926466028708134,0.43192428841849234
1635,,after_candidate_limit,,257,10,7,10,11.67,3.5,1.33,2,2,3,0.9264516746411483,0.4314781815809294
1636,,after_candidate_limit,,1310,52,10,52,12.78,7.67,1.33,2,3,1,0.9263684210526316,0.4745632036470918
1637,,after_candidate_limit,,2237,89,12,89,15,13.5,2.17,3.25,3,3,0.926355980861244,0.45936807682094455
1638,,after_candidate_limit,,1335,53,10,53,12.78,7.67,1.33,3.67,3,1,0.9262516746411483,0.47152507401598687
1639,,after_candidate_limit,,633,25,8,25,11.67,7,1.33,3.67,2,8,0.9262373205741626,0.4232713474709311
1640,,after_candidate_limit,,608,24,8,24,11.67,7,1.33,2,2,8,0.9262363636363636,0.42326328656631845
1641,,after_candidate_limit,,109,4,9,4,11.67,10.5,1.33,3.67,2,15,0.9262287081339713,0.42719906386534456
1642,,after_candidate_limit,,458,18,8,18,11.67,5.25,1.33,3.67,2,8,0.9262248803827752,0.4231613339644393
1643,,after_candidate_limit,,258,10,8,10,11.67,3.5,1.33,2,2,8,0.9262239234449761,0.4231521578802125
1644,,after_candidate_limit,,259,10,9,10,11.67,3.5,1.33,2,2,15,0.9262239234449761,0.4231521578802125
1645,,after_candidate_limit,,283,11,8,11,11.67,3.5,1.33,3.67,2,8,0.9262239234449761,0.4231521578802125
1646,,after_candidate_limit,,284,11,9,11,11.67,3.5,1.33,3.67,2,15,0.9262239234449761,0.4231521578802125
1647,,after_candidate_limit,,433,17,8,17,11.67,5.25,1.33,2,2,8,0.9262239234449761,0.4231521578802125
1648,,after_candidate_limit,,434,17,9,17,11.67,5.25,1.33,2,2,15,0.9262239234449761,0.4231521578802125
1649,,after_candidate_limit,,459,18,9,18,11.67,5.25,1.33,3.67,2,15,0.9262239234449761,0.4231521578802125
1650,,after_candidate_limit,,609,24,9,24,11.67,7,1.33,2,2,15,0.9262239234449761,0.4231521578802125
1651,,after_candidate_limit,,634,25,9,25,11.67,7,1.33,3.67,2,15,0.9262239234449761,0.4231521578802125
1652,,after_candidate_limit,,84,3,9,3,11.67,10.5,1.33,2,2,15,0.9262038277511961,0.42670971994382184
1653,,after_candidate_limit,,1910,76,10,76,13.89,6.25,3,4.5,3,1,0.926111004784689,0.4845392958658576
1654,,after_candidate_limit,,2212,88,12,88,15,13.5,1.33,3.67,3,3,0.9260531100478469,0.4586356312516938
1655,,after_candidate_limit,,2261,90,11,90,15,13.5,3,4.5,3,2,0.9260488038277512,0.44955340301500946
1656,,after_candidate_limit,,2085,83,10,83,13.89,8.33,3,4.5,3,1,0.9259167464114832,0.49991870201077127
1657,,after_candidate_limit,,105,4,5,4,11.67,10.5,1.33,3.67,2,1,0.925822009569378,0.4338201868187811
1658,,after_candidate_limit,,10,0,10,0,11.67,10.5,0.5,0.75,3,1,0.9256066985645933,0.4600419073580928
1659,,after_candidate_limit,,2086,83,11,83,13.89,8.33,3,4.5,3,2,0.9254765550239235,0.4782096085620368
1660,,after_candidate_limit,,1135,45,10,45,12.78,5.75,1.33,2,3,1,0.9254248803827752,0.4592353777122691
1661,,after_candidate_limit,,1160,46,10,46,12.78,5.75,1.33,3.67,3,1,0.9254210526315789,0.45760718226724084
1662,,after_candidate_limit,,1410,56,10,56,13.89,12.5,0.5,0.75,3,1,0.9252698564593301,0.47154722511602293
1663,,after_candidate_limit,,710,28,10,28,12.78,11.5,0.5,0.75,3,1,0.9251703349282296,0.463737771519144
1664,,after_candidate_limit,,1735,69,10,69,13.89,4.17,3,4.5,3,1,0.9251148325358851,0.46808536010300256
1665,,after_candidate_limit,,2087,83,12,83,13.89,8.33,3,4.5,3,3,0.9249837320574162,0.46889642284949373
1666,,after_candidate_limit,,2186,87,11,87,15,13.5,1.33,2,3,2,0.9248263157894737,0.4547762331541876
1667,,after_candidate_limit,,1336,53,11,53,12.78,7.67,1.33,3.67,3,2,0.9247942583732057,0.4510456205669184
1668,,after_candidate_limit,,1311,52,11,52,12.78,7.67,1.33,2,3,2,0.9247425837320574,0.45131519698584593
1669,,after_candidate_limit,,1564,62,14,62,13.89,12.5,3,4.5,3,15,0.9247052631578947,0.4650458242358159
1670,,after_candidate_limit,,35,1,10,1,11.67,10.5,0.5,1.38,3,1,0.924645933014354,0.4466568785590054
1671,,after_candidate_limit,,1911,76,11,76,13.89,6.25,3,4.5,3,2,0.9246392344497608,0.4648995095163834
1672,,after_candidate_limit,,1912,76,12,76,13.89,6.25,3,4.5,3,3,0.9245435406698564,0.46442132710483863
1673,,after_candidate_limit,,1736,69,11,69,13.89,4.17,3,4.5,3,2,0.9244449760765551,0.4611437206354376
1674,,after_candidate_limit,,985,39,10,39,12.78,3.83,1.33,3.67,3,1,0.9243291866028708,0.44280792449326656
1675,,after_candidate_limit,,960,38,10,38,12.78,3.83,1.33,2,3,1,0.9243081339712919,0.44295725005065334
1676,,after_candidate_limit,,1737,69,12,69,13.89,4.17,3,4.5,3,3,0.9242229665071771,0.4593960143818639
1677,,after_candidate_limit,,2236,89,11,89,15,13.5,2.17,3.25,3,2,0.9241789473684211,0.4490203379523774
1678,,after_candidate_limit,,1337,53,12,53,12.78,7.67,1.33,3.67,3,3,0.9241684210526315,0.4406976530666999
1679,,after_candidate_limit,,1136,45,11,45,12.78,5.75,1.33,2,3,2,0.9241004784688995,0.44200264579140686
1680,,after_candidate_limit,,1161,46,11,46,12.78,5.75,1.33,3.67,3,2,0.9240937799043062,0.4418856420054897
1681,,after_candidate_limit,,1312,52,12,52,12.78,7.67,1.33,2,3,3,0.9240918660287082,0.4406629736695678
1682,,after_candidate_limit,,2088,83,13,83,13.89,8.33,3,4.5,3,8,0.9240765550239235,0.45511910949930273
1683,,after_candidate_limit,,788,31,13,31,12.78,11.5,1.33,2,3,8,0.9240363636363637,0.4391350487177442
1684,,after_candidate_limit,,813,32,13,32,12.78,11.5,1.33,3.67,3,8,0.9239358851674642,0.43878663271218127
1685,,after_candidate_limit,,2211,88,11,88,15,13.5,1.33,3.67,3,2,0.9238971291866028,0.44721384670660225
1686,,after_candidate_limit,,4150,166,0,166,9.44,8.5,2.17,3.25,1,1,0.9238937799043062,0.4369476983582404
1687,,after_candidate_limit,,1913,76,13,76,13.89,6.25,3,4.5,3,8,0.9238909090909091,0.4488046621438722
1688,,after_candidate_limit,,1738,69,13,69,13.89,4.17,3,4.5,3,8,0.9238870813397129,0.4487704708177576
1689,,after_candidate_limit,,1739,69,14,69,13.89,4.17,3,4.5,3,15,0.9238870813397129,0.4487704708177576
1690,,after_candidate_limit,,1914,76,14,76,13.89,6.25,3,4.5,3,15,0.9238870813397129,0.4487704708177576
1691,,after_candidate_limit,,2089,83,14,83,13.89,8.33,3,4.5,3,15,0.9238870813397129,0.4487704708177576
1692,,after_candidate_limit,,2465,98,15,98,15,6.75,0.5,0.75,6,1,0.9238765550239234,0.5051267888030703
1693,,after_candidate_limit,,1137,45,12,45,12.78,5.75,1.33,2,3,3,0.9238287081339713,0.44035637668586275
1694,,after_candidate_limit,,2490,99,15,99,15,6.75,0.5,1.38,6,1,0.9238162679425838,0.503368235432722
1695,,after_candidate_limit,,1162,46,12,46,12.78,5.75,1.33,3.67,3,3,0.923799043062201,0.4388520689198727
1696,,after_candidate_limit,,60,2,10,2,11.67,10.5,0.5,2,3,1,0.9237818181818181,0.439714040267192
1697,,after_candidate_limit,,986,39,11,39,12.78,3.83,1.33,3.67,3,2,0.9237741626794258,0.4372670800700132
1698,,after_candidate_limit,,961,38,11,38,12.78,3.83,1.33,2,3,2,0.9237693779904306,0.43732460147699687
1699,,after_candidate_limit,,2515,100,15,100,15,6.75,0.5,2,6,1,0.9237540669856459,0.5042837472288277
1700,,after_candidate_limit,,814,32,14,32,12.78,11.5,1.33,3.67,3,15,0.9235655502392345,0.434672444774583
1701,,after_candidate_limit,,987,39,12,39,12.78,3.83,1.33,3.67,3,3,0.9235272727272728,0.43499502865065853
1702,,after_candidate_limit,,1563,62,13,62,13.89,12.5,3,4.5,3,8,0.9235196172248804,0.4591412173907591
1703,,after_candidate_limit,,789,31,14,31,12.78,11.5,1.33,2,3,15,0.923509090909091,0.4341458808039142
1704,,after_candidate_limit,,962,38,12,38,12.78,3.83,1.33,2,3,3,0.9235071770334928,0.4345989871499398
1705,,after_candidate_limit,,655,26,5,26,11.67,7,2.17,3.25,2,1,0.9234502392344498,0.4663964343664287
1706,,after_candidate_limit,,3975,159,0,159,9.44,5.66,2.17,3.25,1,1,0.92331004784689,0.4314833645058427
1707,,after_candidate_limit,,1338,53,13,53,12.78,7.67,1.33,3.67,3,8,0.9232344497607655,0.42813516924474193
1708,,after_candidate_limit,,1313,52,13,52,12.78,7.67,1.33,2,3,8,0.9232181818181818,0.4276353695795597
1709,,after_candidate_limit,,1487,59,12,59,13.89,12.5,1.33,2,3,3,0.9232153110047847,0.44164263474682386
1710,,after_candidate_limit,,1163,46,13,46,12.78,5.75,1.33,3.67,3,8,0.9231837320574162,0.424783684507793
1711,,after_candidate_limit,,1138,45,13,45,12.78,5.75,1.33,2,3,8,0.9231818181818182,0.4247654395946347
1712,,after_candidate_limit,,963,38,13,38,12.78,3.83,1.33,2,3,8,0.9231789473684211,0.42473792170180247
1713,,after_candidate_limit,,964,38,14,38,12.78,3.83,1.33,2,3,15,0.9231789473684211,0.42473792170180247
1714,,after_candidate_limit,,988,39,13,39,12.78,3.83,1.33,3.67,3,8,0.9231789473684211,0.42473792170180247
1715,,after_candidate_limit,,989,39,14,39,12.78,3.83,1.33,3.67,3,15,0.9231789473684211,0.42473792170180247
1716,,after_candidate_limit,,1139,45,14,45,12.78,5.75,1.33,2,3,15,0.9231789473684211,0.42473792170180247
1717,,after_candidate_limit,,1164,46,14,46,12.78,5.75,1.33,3.67,3,15,0.9231789473684211,0.42473792170180247
1718,,after_candidate_limit,,1314,52,14,52,12.78,7.67,1.33,2,3,15,0.9231789473684211,0.42473792170180247
1719,,after_candidate_limit,,1339,53,14,53,12.78,7.67,1.33,3.67,3,15,0.9231789473684211,0.42473792170180247
1720,,after_candidate_limit,,735,29,10,29,12.78,11.5,0.5,1.38,3,1,0.9231617224880383,0.4511239737652668
1721,,after_candidate_limit,,1512,60,12,60,13.89,12.5,1.33,3.67,3,3,0.9230181818181818,0.43905926456190336
1722,,after_candidate_limit,,2135,85,10,85,15,13.5,0.5,1.38,3,1,0.9228746411483254,0.4552381079918099
1723,,after_candidate_limit,,4151,166,1,166,9.44,8.5,2.17,3.25,1,2,0.9227071770334928,0.42354889498749804
1724,,after_candidate_limit,,2666,106,16,106,15,9,0.5,1.38,6,2,0.9227033492822967,0.48685286534850714
1725,,after_candidate_limit,,3800,152,0,152,9.44,4.25,2.17,3.25,1,1,0.9226956937799043,0.4207546693842777
1726,,after_candidate_limit,,2691,107,16,107,15,9,0.5,2,6,2,0.9226947368421052,0.48744182809130215
1727,,after_candidate_limit,,2641,105,16,105,15,9,0.5,0.75,6,2,0.9225980861244019,0.48719510293552976
1728,,after_candidate_limit,,2290,91,15,91,15,4.5,0.5,0.75,6,1,0.9225684210526316,0.4878959630382195
1729,,after_candidate_limit,,480,19,5,19,11.67,5.25,2.17,3.25,2,1,0.9224818181818182,0.44600642757303516
1730,,after_candidate_limit,,787,31,12,31,12.78,11.5,1.33,2,3,3,0.9224363636363636,0.4209047408653579
1731,,after_candidate_limit,,3625,145,0,145,9.44,2.83,2.17,3.25,1,1,0.9224076555023923,0.41793405725028765
1732,,after_candidate_limit,,4152,166,2,166,9.44,8.5,2.17,3.25,1,3,0.9223971291866029,0.4173977018211482
1733,,after_candidate_limit,,3976,159,1,159,9.44,5.66,2.17,3.25,1,2,0.9223741626794258,0.4189756427774891
1734,,after_candidate_limit,,760,30,10,30,12.78,11.5,0.5,2,3,1,0.9222851674641148,0.4456397949866305
1735,,after_candidate_limit,,3801,152,1,152,9.44,4.25,2.17,3.25,1,2,0.9222086124401914,0.41568215401401476
1736,,after_candidate_limit,,2315,92,15,92,15,4.5,0.5,1.38,6,1,0.9222066985645933,0.4802927113572385
1737,,after_candidate_limit,,3977,159,2,159,9.44,5.66,2.17,3.25,1,3,0.9222057416267943,0.41649374010683204
1738,,after_candidate_limit,,2692,107,17,107,15,9,0.5,2,6,3,0.9221846889952153,0.4790279948242707
1739,,after_candidate_limit,,2340,93,15,93,15,4.5,0.5,2,6,1,0.9221684210526315,0.47721641590700487
1740,,after_candidate_limit,,2667,106,17,106,15,9,0.5,1.38,6,3,0.9221569377990431,0.4779525518560113
1741,,after_candidate_limit,,2642,105,17,105,15,9,0.5,0.75,6,3,0.9220813397129186,0.4771737671113856
1742,,after_candidate_limit,,3802,152,2,152,9.44,4.25,2.17,3.25,1,3,0.9220688995215311,0.41451300301543287
1743,,after_candidate_limit,,1486,59,11,59,13.89,12.5,1.33,2,3,2,0.9220593301435407,0.44066906053061083
1744,,after_candidate_limit,,3626,145,1,145,9.44,2.83,2.17,3.25,1,2,0.9220392344497608,0.41416249193052523
1745,,after_candidate_limit,,2466,98,16,98,15,6.75,0.5,0.75,6,2,0.9219875598086125,0.48020696210781855
1746,,after_candidate_limit,,3627,145,2,145,9.44,2.83,2.17,3.25,1,3,0.9218832535885167,0.4103585015247905
1747,,after_candidate_limit,,812,32,12,32,12.78,11.5,1.33,3.67,3,3,0.9218564593301436,0.4163086290219163
1748,,after_candidate_limit,,4153,166,3,166,9.44,8.5,2.17,3.25,1,8,0.9218239234449761,0.40739243536389474
1749,,after_candidate_limit,,1435,57,10,57,13.89,12.5,0.5,1.38,3,1,0.9218,0.45312914245243197
1750,,after_candidate_limit,,2640,105,15,105,15,9,0.5,0.75,6,1,0.9217827751196173,0.5018651436218208
1751,,after_candidate_limit,,3978,159,3,159,9.44,5.66,2.17,3.25,1,8,0.9217655502392345,0.40568518984329727
1752,,after_candidate_limit,,3628,145,3,145,9.44,2.83,2.17,3.25,1,8,0.9217598086124402,0.4056325140857354
1753,,after_candidate_limit,,3629,145,4,145,9.44,2.83,2.17,3.25,1,15,0.9217598086124402,0.4056325140857354
1754,,after_candidate_limit,,3803,152,3,152,9.44,4.25,2.17,3.25,1,8,0.9217598086124402,0.4056325140857354
1755,,after_candidate_limit,,3804,152,4,152,9.44,4.25,2.17,3.25,1,15,0.9217598086124402,0.4056325140857354
1756,,after_candidate_limit,,3979,159,4,159,9.44,5.66,2.17,3.25,1,15,0.9217598086124402,0.4056325140857354
1757,,after_candidate_limit,,4154,166,4,166,9.44,8.5,2.17,3.25,1,15,0.9217598086124402,0.4056325140857354
1758,,after_candidate_limit,,2491,99,16,99,15,6.75,0.5,1.38,6,2,0.921732057416268,0.47391864781444354
1759,,after_candidate_limit,,1537,61,12,61,13.89,12.5,2.17,3.25,3,3,0.9217282296650717,0.4341931833765703
1760,,after_candidate_limit,,2516,100,16,100,15,6.75,0.5,2,6,2,0.9216842105263158,0.47267044234827466
1761,,after_candidate_limit,,131,5,6,5,11.67,10.5,2.17,3.25,2,2,0.9216684210526316,0.4296561854795301
1762,,after_candidate_limit,,1511,60,11,60,13.89,12.5,1.33,3.67,3,2,0.9216526315789474,0.4344962313856991
1763,,after_candidate_limit,,305,12,5,12,11.67,3.5,2.17,3.25,2,1,0.9216387559808612,0.4327820195843107
1764,,after_candidate_limit,,132,5,7,5,11.67,10.5,2.17,3.25,2,3,0.9215047846889952,0.4324694555603737
1765,,after_candidate_limit,,656,26,6,26,11.67,7,2.17,3.25,2,2,0.9214961722488039,0.4331232317206061
1766,,after_candidate_limit,,133,5,8,5,11.67,10.5,2.17,3.25,2,8,0.9214933014354068,0.4299983613297479
1767,,after_candidate_limit,,2492,99,17,99,15,6.75,0.5,1.38,6,3,0.9214258373205741,0.4696135683150859
1768,,after_candidate_limit,,786,31,11,31,12.78,11.5,1.33,2,3,2,0.921422009569378,0.4240682429244783
1769,,after_candidate_limit,,2291,91,16,91,15,4.5,0.5,0.75,6,2,0.921399043062201,0.47040542915867506
1770,,after_candidate_limit,,2517,100,17,100,15,6.75,0.5,2,6,3,0.921399043062201,0.4696722416615437
1771,,after_candidate_limit,,481,19,6,19,11.67,5.25,2.17,3.25,2,2,0.9213842105263158,0.4310187163463949
1772,,after_candidate_limit,,2467,98,17,98,15,6.75,0.5,0.75,6,3,0.9213550239234449,0.46897270072021974
1773,,after_candidate_limit,,2341,93,16,93,15,4.5,0.5,2,6,2,0.9213282296650718,0.4670209454917063
1774,,after_candidate_limit,,2316,92,16,92,15,4.5,0.5,1.38,6,2,0.9213177033492823,0.46765050880341646
1775,,after_candidate_limit,,657,26,7,26,11.67,7,2.17,3.25,2,3,0.9212961722488038,0.4300784710356505
1776,,after_candidate_limit,,482,19,7,19,11.67,5.25,2.17,3.25,2,3,0.9212196172248804,0.4281973202438158
1777,,after_candidate_limit,,306,12,6,12,11.67,3.5,2.17,3.25,2,2,0.9211478468899521,0.4272560357016943
1778,,after_candidate_limit,,2342,93,17,93,15,4.5,0.5,2,6,3,0.9210736842105263,0.46519341671171943
1779,,after_candidate_limit,,1360,54,10,54,12.78,7.67,2.17,3.25,3,1,0.9210727272727273,0.47292805691130535
1780,,after_candidate_limit,,2643,105,18,105,15,9,0.5,0.75,6,8,0.9210612440191388,0.4661313216777707
1781,,after_candidate_limit,,2317,92,17,92,15,4.5,0.5,1.38,6,3,0.9210363636363637,0.46476119086061324
1782,,after_candidate_limit,,1460,58,10,58,13.89,12.5,0.5,2,3,1,0.9210047846889953,0.44478686969775466
1783,,after_candidate_limit,,2292,91,17,91,15,4.5,0.5,0.75,6,3,0.9210047846889953,0.4653925189995446
1784,,after_candidate_limit,,2668,106,18,106,15,9,0.5,1.38,6,8,0.9210028708133972,0.463172034359376
1785,,after_candidate_limit,,2693,107,18,107,15,9,0.5,2,6,8,0.9209674641148325,0.46136917370573693
1786,,after_candidate_limit,,2665,106,15,106,15,9,0.5,1.38,6,1,0.920933971291866,0.4996022118323501
1787,,after_candidate_limit,,307,12,7,12,11.67,3.5,2.17,3.25,2,3,0.9209315789473684,0.4244015558696565
1788,,after_candidate_limit,,2690,107,15,107,15,9,0.5,2,6,1,0.9208392344497608,0.4971468202624684
1789,,after_candidate_limit,,134,5,9,5,11.67,10.5,2.17,3.25,2,15,0.9207239234449761,0.4201891091516574
1790,,after_candidate_limit,,658,26,8,26,11.67,7,2.17,3.25,2,8,0.9207200956937799,0.41606341184990403
1791,,after_candidate_limit,,483,19,8,19,11.67,5.25,2.17,3.25,2,8,0.9207105263157894,0.41597700759001904
1792,,after_candidate_limit,,308,12,8,12,11.67,3.5,2.17,3.25,2,8,0.9207086124401914,0.4159582012089684
1793,,after_candidate_limit,,309,12,9,12,11.67,3.5,2.17,3.25,2,15,0.9207086124401914,0.4159582012089684
1794,,after_candidate_limit,,484,19,9,19,11.67,5.25,2.17,3.25,2,15,0.9207086124401914,0.4159582012089684
1795,,after_candidate_limit,,659,26,9,26,11.67,7,2.17,3.25,2,15,0.9207086124401914,0.4159582012089684
1796,,after_candidate_limit,,811,32,11,32,12.78,11.5,1.33,3.67,3,2,0.9207004784688996,0.4162180586985015
1797,,after_candidate_limit,,1536,61,11,61,13.89,12.5,2.17,3.25,3,2,0.920599043062201,0.4291049066309055
1798,,after_candidate_limit,,2518,100,18,100,15,6.75,0.5,2,6,8,0.9205607655502392,0.4526771973794808
1799,,after_candidate_limit,,2493,99,18,99,15,6.75,0.5,1.38,6,8,0.9205588516746411,0.4526613893825529
1800,,after_candidate_limit,,2468,98,18,98,15,6.75,0.5,0.75,6,8,0.9205578947368421,0.45282527680596163
1801,,after_candidate_limit,,2293,91,18,91,15,4.5,0.5,0.75,6,8,0.9205521531100479,0.4526036934856768
1802,,after_candidate_limit,,2294,91,19,91,15,4.5,0.5,0.75,6,15,0.9205521531100479,0.4526036934856768
1803,,after_candidate_limit,,2318,92,18,92,15,4.5,0.5,1.38,6,8,0.9205521531100479,0.4526036934856768
1804,,after_candidate_limit,,2319,92,19,92,15,4.5,0.5,1.38,6,15,0.9205521531100479,0.4526036934856768
1805,,after_candidate_limit,,2343,93,18,93,15,4.5,0.5,2,6,8,0.9205521531100479,0.4526036934856768
1806,,after_candidate_limit,,2344,93,19,93,15,4.5,0.5,2,6,15,0.9205521531100479,0.4526036934856768
1807,,after_candidate_limit,,2469,98,19,98,15,6.75,0.5,0.75,6,15,0.9205521531100479,0.4526036934856768
1808,,after_candidate_limit,,2494,99,19,99,15,6.75,0.5,1.38,6,15,0.9205521531100479,0.4526036934856768
1809,,after_candidate_limit,,2519,100,19,100,15,6.75,0.5,2,6,15,0.9205521531100479,0.4526036934856768
1810,,after_candidate_limit,,2694,107,19,107,15,9,0.5,2,6,15,0.9205492822966507,0.4522128811607468
1811,,after_candidate_limit,,2669,106,19,106,15,9,0.5,1.38,6,15,0.9205311004784689,0.4508477755458986
1812,,after_candidate_limit,,2644,105,19,105,15,9,0.5,0.75,6,15,0.9204880382775119,0.44940014909040843
1813,,after_candidate_limit,,2160,86,10,86,15,13.5,0.5,2,3,1,0.9204449760765551,0.452310529528596
1814,,after_candidate_limit,,130,5,5,5,11.67,10.5,2.17,3.25,2,1,0.9202693779904306,0.4226584965476477
1815,,after_candidate_limit,,1185,47,10,47,12.78,5.75,2.17,3.25,3,1,0.9202143540669856,0.45765912728950614
1816,,after_candidate_limit,,2540,101,15,101,15,6.75,1.33,2,6,1,0.9199617224880383,0.48219459409146126
1817,,after_candidate_limit,,2565,102,15,102,15,6.75,1.33,3.67,6,1,0.9199224880382775,0.4816001906420639
1818,,after_candidate_limit,,2185,87,10,87,15,13.5,1.33,2,3,1,0.9198368421052632,0.4369746123925159
1819,,after_candidate_limit,,1361,54,11,54,12.78,7.67,2.17,3.25,3,2,0.9195885167464115,0.45144118618803186
1820,,after_candidate_limit,,2260,90,10,90,15,13.5,3,4.5,3,1,0.9192755980861244,0.43262180616718865
1821,,after_candidate_limit,,3885,155,10,155,9.44,5.66,0.5,1.38,3,1,0.9192277511961723,0.4196721130245004
1822,,after_candidate_limit,,3910,156,10,156,9.44,5.66,0.5,2,3,1,0.9192191387559808,0.4160835312213169
1823,,after_candidate_limit,,3860,154,10,154,9.44,5.66,0.5,0.75,3,1,0.9192066985645932,0.42598427198238725
1824,,after_candidate_limit,,1010,40,10,40,12.78,3.83,2.17,3.25,3,1,0.9191636363636364,0.44203504760798834
1825,,after_candidate_limit,,4035,161,10,161,9.44,8.5,0.5,0.75,3,1,0.9191397129186603,0.4245853846523391
1826,,after_candidate_limit,,1362,54,12,54,12.78,7.67,2.17,3.25,3,3,0.9189980861244019,0.4403091213999432
1827,,after_candidate_limit,,1186,47,11,47,12.78,5.75,2.17,3.25,3,2,0.918911004784689,0.4416987385150914
1828,,after_candidate_limit,,2716,108,16,108,15,9,1.33,2,6,2,0.9189066985645933,0.4663515810816501
1829,,after_candidate_limit,,2741,109,16,109,15,9,1.33,3.67,6,2,0.9188799043062201,0.46660104842151295
1830,,after_candidate_limit,,838,33,13,33,12.78,11.5,2.17,3.25,3,8,0.9188765550239234,0.44220261862462745
1831,,after_candidate_limit,,2235,89,10,89,15,13.5,2.17,3.25,3,1,0.9187684210526316,0.4332822033430196
1832,,after_candidate_limit,,4036,161,11,161,9.44,8.5,0.5,0.75,3,2,0.918644976076555,0.41290819501129655
1833,,after_candidate_limit,,1187,47,12,47,12.78,5.75,2.17,3.25,3,3,0.9186382775119617,0.43867608231027727
1834,,after_candidate_limit,,1011,40,11,40,12.78,3.83,2.17,3.25,3,2,0.9186047846889952,0.4365033355523197
1835,,after_candidate_limit,,2144,85,19,85,15,13.5,0.5,1.38,6,15,0.918598086124402,0.45130594569343835
1836,,after_candidate_limit,,2365,94,15,94,15,4.5,1.33,2,6,1,0.9185397129186603,0.45654779698066295
1837,,after_candidate_limit,,2742,109,17,109,15,9,1.33,3.67,6,3,0.918522966507177,0.4580193091325003
1838,,after_candidate_limit,,2717,108,17,108,15,9,1.33,2,6,3,0.9185210526315789,0.45844750999001216
1839,,after_candidate_limit,,3685,147,10,147,9.44,4.25,0.5,0.75,3,1,0.9184995215311005,0.4126689283399298
1840,,after_candidate_limit,,2390,95,15,95,15,4.5,1.33,3.67,6,1,0.9184622009569378,0.45348699914361634
1841,,after_candidate_limit,,4061,162,11,162,9.44,8.5,0.5,1.38,3,2,0.9184574162679426,0.410555010942188
1842,,after_candidate_limit,,2119,84,19,84,15,13.5,0.5,0.75,6,15,0.9184545454545454,0.447978858696908
1843,,after_candidate_limit,,839,33,14,33,12.78,11.5,2.17,3.25,3,15,0.9184248803827751,0.43468688340182743
1844,,after_candidate_limit,,4086,163,11,163,9.44,8.5,0.5,2,3,2,0.918422009569378,0.40938968609110865
1845,,after_candidate_limit,,1012,40,12,40,12.78,3.83,2.17,3.25,3,3,0.9183607655502393,0.43420331957319525
1846,,after_candidate_limit,,2210,88,10,88,15,13.5,1.33,3.67,3,1,0.9182693779904306,0.4331230780647252
1847,,after_candidate_limit,,4060,162,10,162,9.44,8.5,0.5,1.38,3,1,0.9182382775119617,0.421389257377058
1848,,after_candidate_limit,,4085,163,10,163,9.44,8.5,0.5,2,3,1,0.9182095693779905,0.4198102480690112
1849,,after_candidate_limit,,3710,148,10,148,9.44,4.25,0.5,1.38,3,1,0.9181799043062201,0.4038567308084868
1850,,after_candidate_limit,,2169,86,19,86,15,13.5,0.5,2,6,15,0.9181626794258373,0.45062230116551094
1851,,after_candidate_limit,,3735,149,10,149,9.44,4.25,0.5,2,3,1,0.9181263157894737,0.40008290137082
1852,,after_candidate_limit,,1363,54,13,54,12.78,7.67,2.17,3.25,3,8,0.9180822966507177,0.42726440511509256
1853,,after_candidate_limit,,4087,163,12,163,9.44,8.5,0.5,2,3,3,0.9180755980861244,0.3993346950747379
1854,,after_candidate_limit,,1188,47,13,47,12.78,5.75,2.17,3.25,3,8,0.9180315789473684,0.4237466597415282
1855,,after_candidate_limit,,1013,40,13,40,12.78,3.83,2.17,3.25,3,8,0.9180258373205742,0.4236917295601008
1856,,after_candidate_limit,,1014,40,14,40,12.78,3.83,2.17,3.25,3,15,0.9180258373205742,0.4236917295601008
1857,,after_candidate_limit,,1189,47,14,47,12.78,5.75,2.17,3.25,3,15,0.9180258373205742,0.4236917295601008
1858,,after_candidate_limit,,1364,54,14,54,12.78,7.67,2.17,3.25,3,15,0.9180258373205742,0.4236917295601008
1859,,after_candidate_limit,,2541,101,16,101,15,6.75,1.33,2,6,2,0.9180081339712919,0.4517668289436189
1860,,after_candidate_limit,,4062,162,12,162,9.44,8.5,0.5,1.38,3,3,0.9179808612440191,0.39955096930510575
1861,,after_candidate_limit,,4037,161,12,161,9.44,8.5,0.5,0.75,3,3,0.9179760765550239,0.40018194357655906
1862,,after_candidate_limit,,3861,154,11,154,9.44,5.66,0.5,0.75,3,2,0.9179473684210526,0.40173043503439293
1863,,after_candidate_limit,,1562,62,12,62,13.89,12.5,3,4.5,3,3,0.9179377990430622,0.43162622667651684
1864,,after_candidate_limit,,2566,102,16,102,15,6.75,1.33,3.67,6,2,0.917922009569378,0.4490221516819372
1865,,after_candidate_limit,,3886,155,11,155,9.44,5.66,0.5,1.38,3,2,0.9178813397129186,0.3987474589191183
1866,,after_candidate_limit,,3911,156,11,156,9.44,5.66,0.5,2,3,2,0.9178765550239234,0.39853786281451214
1867,,after_candidate_limit,,3510,140,10,140,9.44,2.83,0.5,0.75,3,1,0.9178727272727273,0.4021052244627225
1868,,after_candidate_limit,,3560,142,10,142,9.44,2.83,0.5,2,3,1,0.9177942583732057,0.3949719319848218
1869,,after_candidate_limit,,2542,101,17,101,15,6.75,1.33,2,6,3,0.9177497607655503,0.44880263645769986
1870,,after_candidate_limit,,2567,102,17,102,15,6.75,1.33,3.67,6,3,0.917722966507177,0.4486153544724747
1871,,after_candidate_limit,,2391,95,16,95,15,4.5,1.33,3.67,6,2,0.9177143540669856,0.4464180260143447
1872,,after_candidate_limit,,3535,141,10,141,9.44,2.83,0.5,1.38,3,1,0.9177100478468899,0.39509776613766595
1873,,after_candidate_limit,,2366,94,16,94,15,4.5,1.33,2,6,2,0.9176942583732057,0.4463046026417956
1874,,after_candidate_limit,,680,27,5,27,11.67,7,3,4.5,2,1,0.917678947368421,0.46350431951993354
1875,,after_candidate_limit,,2715,108,15,108,15,9,1.33,2,6,1,0.9176421052631579,0.47559192276007173
1876,,after_candidate_limit,,3686,147,11,147,9.44,4.25,0.5,0.75,3,2,0.9176210526315789,0.3955468569640142
1877,,after_candidate_limit,,3736,149,11,149,9.44,4.25,0.5,2,3,2,0.9176057416267943,0.39305545562176863
1878,,after_candidate_limit,,3711,148,11,148,9.44,4.25,0.5,1.38,3,2,0.9175971291866029,0.39323909385411177
1879,,after_candidate_limit,,3862,154,12,154,9.44,5.66,0.5,0.75,3,3,0.91757990430622,0.39553950405609667
1880,,after_candidate_limit,,3887,155,12,155,9.44,5.66,0.5,1.38,3,3,0.9175703349282297,0.3956962578788082
1881,,after_candidate_limit,,3912,156,12,156,9.44,5.66,0.5,2,3,3,0.917555023923445,0.3948535397584552
1882,,after_candidate_limit,,2392,95,17,95,15,4.5,1.33,3.67,6,3,0.9175076555023923,0.44501137269032587
1883,,after_candidate_limit,,2367,94,17,94,15,4.5,1.33,2,6,3,0.9174511961722488,0.4444999641269676
1884,,after_candidate_limit,,2740,109,15,109,15,9,1.33,3.67,6,1,0.9174234449760765,0.4732666923276656
1885,,after_candidate_limit,,3511,140,11,140,9.44,2.83,0.5,0.75,3,2,0.9173933014354066,0.3910385157506992
1886,,after_candidate_limit,,1485,59,10,59,13.89,12.5,1.33,2,3,1,0.9173923444976076,0.42599247771362164
1887,,after_candidate_limit,,3737,149,12,149,9.44,4.25,0.5,2,3,3,0.9173913875598086,0.3909950297453351
1888,,after_candidate_limit,,2718,108,18,108,15,9,1.33,2,6,8,0.9173794258373206,0.4413151996434703
1889,,after_candidate_limit,,2743,109,18,109,15,9,1.33,3.67,6,8,0.9173784688995216,0.4399799669836308
1890,,after_candidate_limit,,3712,148,12,148,9.44,4.25,0.5,1.38,3,3,0.9173645933014354,0.3903638347559237
1891,,after_candidate_limit,,3561,142,11,142,9.44,2.83,0.5,2,3,2,0.9173636363636364,0.39030196004592727
1892,,after_candidate_limit,,3687,147,12,147,9.44,4.25,0.5,0.75,3,3,0.9173588516746412,0.39095597309263225
1893,,after_candidate_limit,,3536,141,11,141,9.44,2.83,0.5,1.38,3,2,0.9173540669856459,0.3900795483955071
1894,,after_candidate_limit,,3562,142,12,142,9.44,2.83,0.5,2,3,3,0.9172421052631579,0.386657671334024
1895,,after_candidate_limit,,3512,140,12,140,9.44,2.83,0.5,0.75,3,3,0.9172200956937799,0.38715622052723947
1896,,after_candidate_limit,,3537,141,12,141,9.44,2.83,0.5,1.38,3,3,0.9172047846889952,0.38646726246531243
1897,,after_candidate_limit,,3888,155,13,155,9.44,5.66,0.5,1.38,3,8,0.9170363636363636,0.38055730359037393
1898,,after_candidate_limit,,3913,156,13,156,9.44,5.66,0.5,2,3,8,0.9170363636363636,0.38055730359037393
1899,,after_candidate_limit,,3513,140,13,140,9.44,2.83,0.5,0.75,3,8,0.9170354066985646,0.3805437959651016
1900,,after_candidate_limit,,3514,140,14,140,9.44,2.83,0.5,0.75,3,15,0.9170354066985646,0.3805437959651016
1901,,after_candidate_limit,,3538,141,13,141,9.44,2.83,0.5,1.38,3,8,0.9170354066985646,0.3805437959651016
1902,,after_candidate_limit,,3539,141,14,141,9.44,2.83,0.5,1.38,3,15,0.9170354066985646,0.3805437959651016
1903,,after_candidate_limit,,3563,142,13,142,9.44,2.83,0.5,2,3,8,0.9170354066985646,0.3805437959651016
1904,,after_candidate_limit,,3564,142,14,142,9.44,2.83,0.5,2,3,15,0.9170354066985646,0.3805437959651016
1905,,after_candidate_limit,,3688,147,13,147,9.44,4.25,0.5,0.75,3,8,0.9170354066985646,0.3805437959651016
1906,,after_candidate_limit,,3689,147,14,147,9.44,4.25,0.5,0.75,3,15,0.9170354066985646,0.3805437959651016
1907,,after_candidate_limit,,3713,148,13,148,9.44,4.25,0.5,1.38,3,8,0.9170354066985646,0.3805437959651016
1908,,after_candidate_limit,,3714,148,14,148,9.44,4.25,0.5,1.38,3,15,0.9170354066985646,0.3805437959651016
1909,,after_candidate_limit,,3738,149,13,149,9.44,4.25,0.5,2,3,8,0.9170354066985646,0.3805437959651016
1910,,after_candidate_limit,,3739,149,14,149,9.44,4.25,0.5,2,3,15,0.9170354066985646,0.3805437959651016
1911,,after_candidate_limit,,3863,154,13,154,9.44,5.66,0.5,0.75,3,8,0.9170354066985646,0.3805437959651016
1912,,after_candidate_limit,,3864,154,14,154,9.44,5.66,0.5,0.75,3,15,0.9170354066985646,0.3805437959651016
1913,,after_candidate_limit,,3889,155,14,155,9.44,5.66,0.5,1.38,3,15,0.9170354066985646,0.3805437959651016
1914,,after_candidate_limit,,3914,156,14,156,9.44,5.66,0.5,2,3,15,0.9170354066985646,0.3805437959651016
1915,,after_candidate_limit,,4064,162,14,162,9.44,8.5,0.5,1.38,3,15,0.9170354066985646,0.3805437959651016
1916,,after_candidate_limit,,4089,163,14,163,9.44,8.5,0.5,2,3,15,0.9170354066985646,0.3805437959651016
1917,,after_candidate_limit,,4088,163,13,163,9.44,8.5,0.5,2,3,8,0.9170172248803827,0.38144934036521
1918,,after_candidate_limit,,4039,161,14,161,9.44,8.5,0.5,0.75,3,15,0.9170143540669856,0.37849986763592086
1919,,after_candidate_limit,,4038,161,13,161,9.44,8.5,0.5,0.75,3,8,0.917,0.38493445340122473
1920,,after_candidate_limit,,4063,162,13,162,9.44,8.5,0.5,1.38,3,8,0.9169636363636363,0.38200341493530393
1921,,after_candidate_limit,,2568,102,18,102,15,6.75,1.33,3.67,6,8,0.9169545454545455,0.4321482249527859
1922,,after_candidate_limit,,2543,101,18,101,15,6.75,1.33,2,6,8,0.9169526315789474,0.43213204766197355
1923,,after_candidate_limit,,2368,94,18,94,15,4.5,1.33,2,6,8,0.9169430622009569,0.4320472375200401
1924,,after_candidate_limit,,2369,94,19,94,15,4.5,1.33,2,6,15,0.9169430622009569,0.4320472375200401
1925,,after_candidate_limit,,2393,95,18,95,15,4.5,1.33,3.67,6,8,0.9169430622009569,0.4320472375200401
1926,,after_candidate_limit,,2394,95,19,95,15,4.5,1.33,3.67,6,15,0.9169430622009569,0.4320472375200401
1927,,after_candidate_limit,,2544,101,19,101,15,6.75,1.33,2,6,15,0.9169430622009569,0.4320472375200401
1928,,after_candidate_limit,,2569,102,19,102,15,6.75,1.33,3.67,6,15,0.9169430622009569,0.4320472375200401
1929,,after_candidate_limit,,2744,109,19,109,15,9,1.33,3.67,6,15,0.9169430622009569,0.4320472375200401
1930,,after_candidate_limit,,2719,108,19,108,15,9,1.33,2,6,15,0.9169401913875598,0.4316441762955503
1931,,after_candidate_limit,,837,33,12,33,12.78,11.5,2.17,3.25,3,3,0.9169377990430622,0.42227079304138937
1932,,after_candidate_limit,,1765,70,15,70,13.89,6.25,0.5,0.75,6,1,0.9168009569377991,0.47409584058380744
1933,,after_candidate_limit,,1790,71,15,71,13.89,6.25,0.5,1.38,6,1,0.9167894736842105,0.4725689010320048
1934,,after_candidate_limit,,505,20,5,20,11.67,5.25,3,4.5,2,1,0.9166866028708134,0.441899133529685
1935,,after_candidate_limit,,1815,72,15,72,13.89,6.25,0.5,2,6,1,0.9166622009569378,0.46992907403678236
1936,,after_candidate_limit,,785,31,10,31,12.78,11.5,1.33,2,3,1,0.9166172248803828,0.4220588157436638
1937,,after_candidate_limit,,1385,55,10,55,12.78,7.67,3,4.5,3,1,0.9164334928229665,0.46954420535539915
1938,,after_candidate_limit,,1510,60,10,60,13.89,12.5,1.33,3.67,3,1,0.9163578947368421,0.41880350631677316
1939,,after_candidate_limit,,1940,77,15,77,13.89,8.33,0.5,0.75,6,1,0.9162057416267942,0.478582351815158
1940,,after_candidate_limit,,2615,104,15,104,15,6.75,3,4.5,6,1,0.916144976076555,0.48341265711487924
1941,,after_candidate_limit,,1210,48,10,48,12.78,5.75,3,4.5,3,1,0.9160899521531101,0.4561870905134772
1942,,after_candidate_limit,,330,13,5,13,11.67,3.5,3,4.5,2,1,0.9158961722488038,0.4300752551238093
1943,,after_candidate_limit,,1561,62,11,62,13.89,12.5,3,4.5,3,2,0.9158363636363637,0.4253300211144745
1944,,after_candidate_limit,,836,33,11,33,12.78,11.5,2.17,3.25,3,2,0.9158306220095693,0.4215756165389239
1945,,after_candidate_limit,,156,6,6,6,11.67,10.5,3,4.5,2,2,0.9158129186602871,0.4240025543698586
1946,,after_candidate_limit,,1590,63,15,63,13.89,4.17,0.5,0.75,6,1,0.9157985645933014,0.4592856002335941
1947,,after_candidate_limit,,1941,77,16,77,13.89,8.33,0.5,0.75,6,2,0.915766028708134,0.45911119483591517
1948,,after_candidate_limit,,157,6,7,6,11.67,10.5,3,4.5,2,3,0.9157564593301435,0.4297426338320737
1949,,after_candidate_limit,,158,6,8,6,11.67,10.5,3,4.5,2,8,0.9157411483253588,0.42745108260911907
1950,,after_candidate_limit,,681,27,6,27,11.67,7,3,4.5,2,2,0.9157105263157894,0.42875128923164485
1951,,after_candidate_limit,,4175,167,0,167,9.44,8.5,3,4.5,1,1,0.9156555023923445,0.433428693115637
1952,,after_candidate_limit,,506,20,6,20,11.67,5.25,3,4.5,2,2,0.9156387559808612,0.4276169131361127
1953,,after_candidate_limit,,1386,55,11,55,12.78,7.67,3,4.5,3,2,0.9155674641148326,0.4517321897701049
1954,,after_candidate_limit,,1966,78,16,78,13.89,8.33,0.5,1.38,6,2,0.9155497607655503,0.4553955134794013
1955,,after_candidate_limit,,682,27,7,27,11.67,7,3,4.5,2,3,0.915522966507177,0.4265921143871558
1956,,after_candidate_limit,,507,20,7,20,11.67,5.25,3,4.5,2,3,0.9154980861244019,0.42563243845461923
1957,,after_candidate_limit,,1991,79,16,79,13.89,8.33,0.5,2,6,2,0.9154693779904306,0.45425265375362595
1958,,after_candidate_limit,,1615,64,15,64,13.89,4.17,0.5,1.38,6,1,0.9154406698564593,0.45033302839938744
1959,,after_candidate_limit,,331,13,6,13,11.67,3.5,3,4.5,2,2,0.9154177033492823,0.4246414227182272
1960,,after_candidate_limit,,1535,61,10,61,13.89,12.5,2.17,3.25,3,1,0.9154162679425837,0.41549446299032317
1961,,after_candidate_limit,,1640,65,15,65,13.89,4.17,0.5,2,6,1,0.9153679425837321,0.44776200747847106
1962,,after_candidate_limit,,1766,70,16,70,13.89,6.25,0.5,0.75,6,2,0.9152138755980861,0.45028825096164904
1963,,after_candidate_limit,,332,13,7,13,11.67,3.5,3,4.5,2,3,0.9152119617224881,0.4220521471676804
1964,,after_candidate_limit,,2791,111,16,111,15,9,3,4.5,6,2,0.915177033492823,0.46793659972316076
1965,,after_candidate_limit,,1965,78,15,78,13.89,8.33,0.5,1.38,6,1,0.915134928229665,0.47419243720368387
1966,,after_candidate_limit,,1791,71,16,71,13.89,6.25,0.5,1.38,6,2,0.9151311004784689,0.4475041902389943
1967,,after_candidate_limit,,1967,78,17,78,13.89,8.33,0.5,1.38,6,3,0.9151215311004784,0.4476842772456579
1968,,after_candidate_limit,,1942,77,17,77,13.89,8.33,0.5,0.75,6,3,0.9150956937799043,0.44874587375833364
1969,,after_candidate_limit,,1035,41,10,41,12.78,3.83,3,4.5,3,1,0.9150928229665072,0.44175789477164507
1970,,after_candidate_limit,,1992,79,17,79,13.89,8.33,0.5,2,6,3,0.9150928229665072,0.4463363862490573
1971,,after_candidate_limit,,4000,160,0,160,9.44,5.66,3,4.5,1,1,0.9150909090909091,0.4271110993257022
1972,,after_candidate_limit,,1816,72,16,72,13.89,6.25,0.5,2,6,2,0.9150306220095694,0.445290560271571
1973,,after_candidate_limit,,159,6,9,6,11.67,10.5,3,4.5,2,15,0.915011004784689,0.4178638489277636
1974,,after_candidate_limit,,683,27,8,27,11.67,7,3,4.5,2,8,0.9149966507177033,0.4134634277096117
1975,,after_candidate_limit,,2194,87,19,87,15,13.5,1.33,2,6,15,0.914988038277512,0.43038866358697775
1976,,after_candidate_limit,,508,20,8,20,11.67,5.25,3,4.5,2,8,0.9149842105263158,0.41335146689322094
1977,,after_candidate_limit,,333,13,8,13,11.67,3.5,3,4.5,2,8,0.9149832535885167,0.4133421077483512
1978,,after_candidate_limit,,334,13,9,13,11.67,3.5,3,4.5,2,15,0.9149832535885167,0.4133421077483512
1979,,after_candidate_limit,,509,20,9,20,11.67,5.25,3,4.5,2,15,0.9149832535885167,0.4133421077483512
1980,,after_candidate_limit,,684,27,9,27,11.67,7,3,4.5,2,15,0.9149832535885167,0.4133421077483512
1981,,after_candidate_limit,,1387,55,12,55,12.78,7.67,3,4.5,3,3,0.9149588516746412,0.44066661345465463
1982,,after_candidate_limit,,1211,48,11,48,12.78,5.75,3,4.5,3,2,0.9148143540669856,0.4413490768764365
1983,,after_candidate_limit,,1817,72,17,72,13.89,6.25,0.5,2,6,3,0.9147961722488038,0.44380396688618146
1984,,after_candidate_limit,,1792,71,17,71,13.89,6.25,0.5,1.38,6,3,0.9147942583732057,0.4438357706774902
1985,,after_candidate_limit,,1767,70,17,70,13.89,6.25,0.5,0.75,6,3,0.914778947368421,0.44266064822511764
1986,,after_candidate_limit,,2792,111,17,111,15,9,3,4.5,6,3,0.914766028708134,0.459625708693645
1987,,after_candidate_limit,,1591,63,16,63,13.89,4.17,0.5,0.75,6,2,0.914732057416268,0.4428243934835409
1988,,after_candidate_limit,,863,34,13,34,12.78,11.5,3,4.5,3,8,0.9147224880382775,0.44272602827471375
1989,,after_candidate_limit,,1641,65,16,65,13.89,4.17,0.5,2,6,2,0.9147052631578947,0.44036651768582796
1990,,after_candidate_limit,,2440,97,15,97,15,4.5,3,4.5,6,1,0.9147,0.4545685401993849
1991,,after_candidate_limit,,1616,64,16,64,13.89,4.17,0.5,1.38,6,2,0.9146947368421052,0.4403110352854289
1992,,after_candidate_limit,,1212,48,12,48,12.78,5.75,3,4.5,3,3,0.9145521531100479,0.4373944061668304
1993,,after_candidate_limit,,1036,41,11,41,12.78,3.83,3,4.5,3,2,0.914533014354067,0.4363044825969219
1994,,after_candidate_limit,,4176,167,1,167,9.44,8.5,3,4.5,1,2,0.9145052631578947,0.419763264887108
1995,,after_candidate_limit,,3825,153,0,153,9.44,4.25,3,4.5,1,1,0.9144851674641148,0.41760367574683227
1996,,after_candidate_limit,,1642,65,17,65,13.89,4.17,0.5,2,6,3,0.9144287081339713,0.43810011972137214
1997,,after_candidate_limit,,864,34,14,34,12.78,11.5,3,4.5,3,15,0.914399043062201,0.4350786538097036
1998,,after_candidate_limit,,1617,64,17,64,13.89,4.17,0.5,1.38,6,3,0.9143971291866029,0.4375648575917271
1999,,after_candidate_limit,,1592,63,17,63,13.89,4.17,0.5,0.75,6,3,0.9143933014354066,0.4380445508284079
2000,,after_candidate_limit,,2219,88,19,88,15,13.5,1.33,3.67,6,15,0.9143114832535885,0.4289786429453156
2001,,after_candidate_limit,,1037,41,12,41,12.78,3.83,3,4.5,3,3,0.9142937799043063,0.43418196953286686
2002,,after_candidate_limit,,155,6,5,6,11.67,10.5,3,4.5,2,1,0.914233971291866,0.4137109719728967
2003,,after_candidate_limit,,1990,79,15,79,13.89,8.33,0.5,2,6,1,0.914222966507177,0.4714152333462179
2004,,after_candidate_limit,,1419,56,19,56,13.89,12.5,0.5,0.75,6,15,0.9142162679425837,0.4319618443048141
2005,,after_candidate_limit,,3650,146,0,146,9.44,2.83,3,4.5,1,1,0.9142124401913876,0.41490458010189235
2006,,after_candidate_limit,,4001,160,1,160,9.44,5.66,3,4.5,1,2,0.9141626794258373,0.4158286093651541
2007,,after_candidate_limit,,2616,104,16,104,15,6.75,3,4.5,6,2,0.9141612440191388,0.44993647470579173
2008,,after_candidate_limit,,4177,167,2,167,9.44,8.5,3,4.5,1,3,0.9141578947368421,0.41415188704062283
2009,,after_candidate_limit,,1993,79,18,79,13.89,8.33,0.5,2,6,8,0.9140851674641148,0.4297931992913824
2010,,after_candidate_limit,,1444,57,19,57,13.89,12.5,0.5,1.38,6,15,0.9140746411483254,0.4325859751343384
2011,,after_candidate_limit,,1943,77,18,77,13.89,8.33,0.5,0.75,6,8,0.9140248803827751,0.43241464624561554
2012,,after_candidate_limit,,1388,55,13,55,12.78,7.67,3,4.5,3,8,0.91402009569378,0.427011128918198
2013,,after_candidate_limit,,3826,153,1,153,9.44,4.25,3,4.5,1,2,0.9139990430622009,0.41252273291924185
2014,,after_candidate_limit,,1968,78,18,78,13.89,8.33,0.5,1.38,6,8,0.9139885167464115,0.4292674774268589
2015,,after_candidate_limit,,4002,160,2,160,9.44,5.66,3,4.5,1,3,0.9139875598086125,0.4126507847653631
2016,,after_candidate_limit,,1793,71,18,71,13.89,6.25,0.5,1.38,6,8,0.9139684210526315,0.42646590857457367
2017,,after_candidate_limit,,1818,72,18,72,13.89,6.25,0.5,2,6,8,0.9139684210526315,0.42646590857457367
2018,,after_candidate_limit,,1593,63,18,63,13.89,4.17,0.5,0.75,6,8,0.9139626794258373,0.42641187943057074
2019,,after_candidate_limit,,1594,63,19,63,13.89,4.17,0.5,0.75,6,15,0.9139626794258373,0.42641187943057074
2020,,after_candidate_limit,,1618,64,18,64,13.89,4.17,0.5,1.38,6,8,0.9139626794258373,0.42641187943057074
2021,,after_candidate_limit,,1619,64,19,64,13.89,4.17,0.5,1.38,6,15,0.9139626794258373,0.42641187943057074
2022,,after_candidate_limit,,1643,65,18,65,13.89,4.17,0.5,2,6,8,0.9139626794258373,0.42641187943057074
2023,,after_candidate_limit,,1644,65,19,65,13.89,4.17,0.5,2,6,15,0.9139626794258373,0.42641187943057074
2024,,after_candidate_limit,,1768,70,18,70,13.89,6.25,0.5,0.75,6,8,0.9139626794258373,0.42641187943057074
2025,,after_candidate_limit,,1769,70,19,70,13.89,6.25,0.5,0.75,6,15,0.9139626794258373,0.42641187943057074
2026,,after_candidate_limit,,1794,71,19,71,13.89,6.25,0.5,1.38,6,15,0.9139626794258373,0.42641187943057074
2027,,after_candidate_limit,,1819,72,19,72,13.89,6.25,0.5,2,6,15,0.9139626794258373,0.42641187943057074
2028,,after_candidate_limit,,1969,78,19,78,13.89,8.33,0.5,1.38,6,15,0.9139626794258373,0.42641187943057074
2029,,after_candidate_limit,,1994,79,19,79,13.89,8.33,0.5,2,6,15,0.9139626794258373,0.42641187943057074
2030,,after_candidate_limit,,1213,48,13,48,12.78,5.75,3,4.5,3,8,0.9139569377990431,0.42332485303810546
2031,,after_candidate_limit,,2441,97,16,97,15,4.5,3,4.5,6,2,0.9139526315789473,0.44753456663429697
2032,,after_candidate_limit,,1038,41,13,41,12.78,3.83,3,4.5,3,8,0.9139511961722488,0.4232711872343921
2033,,after_candidate_limit,,1039,41,14,41,12.78,3.83,3,4.5,3,15,0.9139511961722488,0.4232711872343921
2034,,after_candidate_limit,,1214,48,14,48,12.78,5.75,3,4.5,3,15,0.9139511961722488,0.4232711872343921
2035,,after_candidate_limit,,1389,55,14,55,12.78,7.67,3,4.5,3,15,0.9139511961722488,0.4232711872343921
2036,,after_candidate_limit,,1944,77,19,77,13.89,8.33,0.5,0.75,6,15,0.9139492822966507,0.42499435033657107
2037,,after_candidate_limit,,2617,104,17,104,15,6.75,3,4.5,6,3,0.9139478468899521,0.44951085521229184
2038,,after_candidate_limit,,1469,58,19,58,13.89,12.5,0.5,2,6,15,0.9139148325358851,0.4315159341384634
2039,,after_candidate_limit,,3827,153,2,153,9.44,4.25,3,4.5,1,3,0.9138717703349283,0.41147358815485485
2040,,after_candidate_limit,,3651,146,1,146,9.44,2.83,3,4.5,1,2,0.9138535885167464,0.4112515353687602
2041,,after_candidate_limit,,810,32,10,32,12.78,11.5,1.33,3.67,3,1,0.9138047846889952,0.4081076063776383
2042,,after_candidate_limit,,2442,97,17,97,15,4.5,3,4.5,6,3,0.9137526315789474,0.4461742758046948
2043,,after_candidate_limit,,2790,111,15,111,15,9,3,4.5,6,1,0.9137454545454545,0.47473731376648615
2044,,after_candidate_limit,,3652,146,2,146,9.44,2.83,3,4.5,1,3,0.9136794258373205,0.40731138448040993
2045,,after_candidate_limit,,4178,167,3,167,9.44,8.5,3,4.5,1,8,0.913644019138756,0.40494898128819223
2046,,after_candidate_limit,,2793,111,18,111,15,9,3,4.5,6,8,0.913633014354067,0.4416646917553107
2047,,after_candidate_limit,,4003,160,3,160,9.44,5.66,3,4.5,1,8,0.9135617224880382,0.40256320776566906
2048,,after_candidate_limit,,3653,146,3,146,9.44,2.83,3,4.5,1,8,0.913555980861244,0.40251052969694645
2049,,after_candidate_limit,,3654,146,4,146,9.44,2.83,3,4.5,1,15,0.913555980861244,0.40251052969694645
2050,,after_candidate_limit,,3828,153,3,153,9.44,4.25,3,4.5,1,8,0.913555980861244,0.40251052969694645
2051,,after_candidate_limit,,3829,153,4,153,9.44,4.25,3,4.5,1,15,0.913555980861244,0.40251052969694645
2052,,after_candidate_limit,,4004,160,4,160,9.44,5.66,3,4.5,1,15,0.913555980861244,0.40251052969694645
2053,,after_candidate_limit,,4179,167,4,167,9.44,8.5,3,4.5,1,15,0.913555980861244,0.40251052969694645
2054,,after_candidate_limit,,2618,104,18,104,15,6.75,3,4.5,6,8,0.9132157894736842,0.4332911492193967
2055,,after_candidate_limit,,2794,111,19,111,15,9,3,4.5,6,15,0.9132043062200957,0.43318893639538103
2056,,after_candidate_limit,,2443,97,18,97,15,4.5,3,4.5,6,8,0.9132033492822966,0.4331800580290005
2057,,after_candidate_limit,,2444,97,19,97,15,4.5,3,4.5,6,15,0.9132033492822966,0.4331800580290005
2058,,after_candidate_limit,,2619,104,19,104,15,6.75,3,4.5,6,15,0.9132033492822966,0.4331800580290005
2059,,after_candidate_limit,,2590,103,15,103,15,6.75,2.17,3.25,6,1,0.9131732057416267,0.48072406506138404
2060,,after_candidate_limit,,862,34,12,34,12.78,11.5,3,4.5,3,3,0.9126956937799043,0.42233007444575793
2061,,after_candidate_limit,,2766,110,16,110,15,9,2.17,3.25,6,2,0.9122143540669857,0.46600737530012926
2062,,after_candidate_limit,,2767,110,17,110,15,9,2.17,3.25,6,3,0.9117607655502392,0.45722450891327565
2063,,after_candidate_limit,,2415,96,15,96,15,4.5,2.17,3.25,6,1,0.9117215311004785,0.4527034425374827
2064,,after_candidate_limit,,635,25,10,25,11.67,7,1.33,3.67,3,1,0.91158995215311,0.44027652468728845
2065,,after_candidate_limit,,610,24,10,24,11.67,7,1.33,2,3,1,0.9115535885167464,0.43916766036018706
2066,,after_candidate_limit,,1560,62,10,62,13.89,12.5,3,4.5,3,1,0.9115086124401914,0.41058492783142275
2067,,after_candidate_limit,,1443,57,18,57,13.89,12.5,0.5,1.38,6,8,0.9114019138755981,0.4195401944690091
2068,,after_candidate_limit,,2591,103,16,103,15,6.75,2.17,3.25,6,2,0.9111827751196172,0.44828970838930265
2069,,after_candidate_limit,,1468,58,18,58,13.89,12.5,0.5,2,6,8,0.9111311004784689,0.4197014145936253
2070,,after_candidate_limit,,861,34,11,34,12.78,11.5,3,4.5,3,2,0.9111081339712919,0.4192710054680857
2071,,after_candidate_limit,,1418,56,18,56,13.89,12.5,0.5,0.75,6,8,0.9110602870813397,0.4179274735954535
2072,,after_candidate_limit,,2592,103,17,103,15,6.75,2.17,3.25,6,3,0.9109655502392344,0.44739338053540845
2073,,after_candidate_limit,,2416,96,16,96,15,4.5,2.17,3.25,6,2,0.9109578947368421,0.4452291728362318
2074,,after_candidate_limit,,2765,110,15,110,15,9,2.17,3.25,6,1,0.9109215311004785,0.4736366301957045
2075,,after_candidate_limit,,435,17,10,17,11.67,5.25,1.33,2,3,1,0.9108406698564593,0.4250047609883784
2076,,after_candidate_limit,,460,18,10,18,11.67,5.25,1.33,3.67,3,1,0.9107688995215311,0.42240657206964655
2077,,after_candidate_limit,,2417,96,17,96,15,4.5,2.17,3.25,6,3,0.9107444976076555,0.44377701302837763
2078,,after_candidate_limit,,2269,90,19,90,15,13.5,3,4.5,6,15,0.9107392344497608,0.43123871391838564
2079,,after_candidate_limit,,2768,110,18,110,15,9,2.17,3.25,6,8,0.9106344497607656,0.43942083007533267
2080,,after_candidate_limit,,86,3,11,3,11.67,10.5,1.33,2,3,2,0.9103698564593301,0.4080531562235415
2081,,after_candidate_limit,,2593,103,18,103,15,6.75,2.17,3.25,6,8,0.9102200956937799,0.4310846447485817
2082,,after_candidate_limit,,2418,96,18,96,15,4.5,2.17,3.25,6,8,0.9102076555023924,0.4309741766117372
2083,,after_candidate_limit,,2419,96,19,96,15,4.5,2.17,3.25,6,15,0.9102076555023924,0.4309741766117372
2084,,after_candidate_limit,,2594,103,19,103,15,6.75,2.17,3.25,6,15,0.9102076555023924,0.4309741766117372
2085,,after_candidate_limit,,2769,110,19,110,15,9,2.17,3.25,6,15,0.9102076555023924,0.4309741766117372
2086,,after_candidate_limit,,111,4,11,4,11.67,10.5,1.33,3.67,3,2,0.9101641148325359,0.404632836378898
2087,,after_candidate_limit,,3330,133,5,133,5,4.5,0.5,0.75,2,1,0.9100133971291866,0.34333454248211875
2088,,after_candidate_limit,,3355,134,5,134,5,4.5,0.5,1.38,2,1,0.9099598086124402,0.33325039878170154
2089,,after_candidate_limit,,3380,135,5,135,5,4.5,0.5,2,2,1,0.9099598086124402,0.3303379047175303
2090,,after_candidate_limit,,112,4,12,4,11.67,10.5,1.33,3.67,3,3,0.9098818181818182,0.4011371240427948
2091,,after_candidate_limit,,285,11,10,11,11.67,3.5,1.33,3.67,3,1,0.9098751196172249,0.40915919200791667
2092,,after_candidate_limit,,260,10,10,10,11.67,3.5,1.33,2,3,1,0.9098732057416268,0.4095798011417434
2093,,after_candidate_limit,,611,24,11,24,11.67,7,1.33,2,3,2,0.9098712918660287,0.41332313232742285
2094,,after_candidate_limit,,87,3,12,3,11.67,10.5,1.33,2,3,3,0.9098511961722489,0.40137310805774157
2095,,after_candidate_limit,,636,25,11,25,11.67,7,1.33,3.67,3,2,0.9097918660287081,0.4115008257313013
2096,,after_candidate_limit,,436,17,11,17,11.67,5.25,1.33,2,3,2,0.9097181818181819,0.4101186829168569
2097,,after_candidate_limit,,461,18,11,18,11.67,5.25,1.33,3.67,3,2,0.9097086124401914,0.40886429381443967
2098,,after_candidate_limit,,113,4,13,4,11.67,10.5,1.33,3.67,3,8,0.9096511961722488,0.40540820114117715
2099,,after_candidate_limit,,612,24,12,24,11.67,7,1.33,2,3,3,0.9096464114832535,0.40849279804159894
2100,,after_candidate_limit,,88,3,13,3,11.67,10.5,1.33,2,3,8,0.9096444976076555,0.40572737932343556
2101,,after_candidate_limit,,637,25,12,25,11.67,7,1.33,3.67,3,3,0.9096291866028708,0.4078158098301933
2102,,after_candidate_limit,,3205,128,5,128,5,3,0.5,2,2,1,0.909622966507177,0.32388243147230295
2103,,after_candidate_limit,,3180,127,5,127,5,3,0.5,1.38,2,1,0.90957990430622,0.3240681399060891
2104,,after_candidate_limit,,3155,126,5,126,5,3,0.5,0.75,2,1,0.9095598086124402,0.32821770381922816
2105,,after_candidate_limit,,462,18,12,18,11.67,5.25,1.33,3.67,3,3,0.9094885167464115,0.40601413242053985
2106,,after_candidate_limit,,286,11,11,11,11.67,3.5,1.33,3.67,3,2,0.9094741626794258,0.40539678660779793
2107,,after_candidate_limit,,261,10,11,10,11.67,3.5,1.33,2,3,2,0.9094693779904306,0.40540310908486077
2108,,after_candidate_limit,,437,17,12,17,11.67,5.25,1.33,2,3,3,0.9094636363636364,0.4061630030939564
2109,,after_candidate_limit,,3381,135,6,135,5,4.5,0.5,2,2,2,0.9094430622009569,0.3218184180771608
2110,,after_candidate_limit,,3331,133,6,133,5,4.5,0.5,0.75,2,2,0.9094354066985646,0.32324173127629424
2111,,after_candidate_limit,,3356,134,6,134,5,4.5,0.5,1.38,2,2,0.9094334928229665,0.32176298399519526
2112,,after_candidate_limit,,2980,119,5,119,5,2.25,0.5,0.75,2,1,0.9094306220095694,0.3243125003885499
2113,,after_candidate_limit,,3030,121,5,121,5,2.25,0.5,2,2,1,0.9093799043062201,0.3212813955037483
2114,,after_candidate_limit,,3005,120,5,120,5,2.25,0.5,1.38,2,1,0.9093741626794258,0.321522268025269
2115,,after_candidate_limit,,2805,112,5,112,5,1.5,0.5,0.75,2,1,0.9093732057416268,0.3227001618738849
2116,,after_candidate_limit,,835,33,10,33,12.78,11.5,2.17,3.25,3,1,0.9093081339712918,0.41111317396508246
2117,,after_candidate_limit,,3382,135,7,135,5,4.5,0.5,2,2,3,0.9092995215311005,0.3197032818032605
2118,,after_candidate_limit,,3156,126,6,126,5,3,0.5,0.75,2,2,0.9092976076555024,0.3196233422584192
2119,,after_candidate_limit,,3357,134,7,134,5,4.5,0.5,1.38,2,3,0.9092976076555024,0.31960619362827764
2120,,after_candidate_limit,,3206,128,6,128,5,3,0.5,2,2,2,0.9092956937799043,0.319442022473354
2121,,after_candidate_limit,,2830,113,5,113,5,1.5,0.5,1.38,2,1,0.9092937799043063,0.3190801521606114
2122,,after_candidate_limit,,3332,133,7,133,5,4.5,0.5,0.75,2,3,0.9092928229665072,0.31955484720722066
2123,,after_candidate_limit,,3181,127,6,127,5,3,0.5,1.38,2,2,0.909290909090909,0.3192853846126738
2124,,after_candidate_limit,,2855,114,5,114,5,1.5,0.5,2,2,1,0.9092832535885167,0.31838391293777807
2125,,after_candidate_limit,,2981,119,6,119,5,2.25,0.5,0.75,2,2,0.9092794258373206,0.3184940963030673
2126,,after_candidate_limit,,3207,128,7,128,5,3,0.5,2,2,3,0.9092622009569378,0.3167674314334527
2127,,after_candidate_limit,,2806,112,6,112,5,1.5,0.5,0.75,2,2,0.9092516746411483,0.3170779574283132
2128,,after_candidate_limit,,3182,127,7,127,5,3,0.5,1.38,2,3,0.909243062200957,0.3165770063266338
2129,,after_candidate_limit,,287,11,12,11,11.67,3.5,1.33,3.67,3,3,0.9092416267942584,0.40252262588175886
2130,,after_candidate_limit,,3006,120,6,120,5,2.25,0.5,1.38,2,2,0.9092344497607655,0.31688241181988946
2131,,after_candidate_limit,,262,10,12,10,11.67,3.5,1.33,2,3,3,0.9092272727272728,0.40203587532513113
2132,,after_candidate_limit,,3157,126,7,126,5,3,0.5,0.75,2,3,0.909222009569378,0.31680914711010094
2133,,after_candidate_limit,,3031,121,6,121,5,2.25,0.5,2,2,2,0.9092191387559808,0.31667274366470427
2134,,after_candidate_limit,,2982,119,7,119,5,2.25,0.5,0.75,2,3,0.909177033492823,0.3154927897284843
2135,,after_candidate_limit,,2831,113,6,113,5,1.5,0.5,1.38,2,2,0.9091674641148325,0.31506550685838813
2136,,after_candidate_limit,,2856,114,6,114,5,1.5,0.5,2,2,2,0.9091636363636364,0.31463320953754587
2137,,after_candidate_limit,,2807,112,7,112,5,1.5,0.5,0.75,2,3,0.9091598086124402,0.3146841136229546
2138,,after_candidate_limit,,3007,120,7,120,5,2.25,0.5,1.38,2,3,0.9091598086124402,0.3146841136229546
2139,,after_candidate_limit,,3032,121,7,121,5,2.25,0.5,2,2,3,0.9091521531100478,0.3138748600730044
2140,,after_candidate_limit,,2832,113,7,113,5,1.5,0.5,1.38,2,3,0.9091435406698565,0.3116587464480672
2141,,after_candidate_limit,,2857,114,7,114,5,1.5,0.5,2,2,3,0.9091435406698565,0.3116587464480672
2142,,after_candidate_limit,,3333,133,8,133,5,4.5,0.5,0.75,2,8,0.9091435406698565,0.3116587464480672
2143,,after_candidate_limit,,3358,134,8,134,5,4.5,0.5,1.38,2,8,0.9091435406698565,0.3116587464480672
2144,,after_candidate_limit,,3383,135,8,135,5,4.5,0.5,2,2,8,0.9091435406698565,0.3116587464480672
2145,,after_candidate_limit,,2808,112,8,112,5,1.5,0.5,0.75,2,8,0.9091406698564594,0.31155431947024265
2146,,after_candidate_limit,,2809,112,9,112,5,1.5,0.5,0.75,2,15,0.9091406698564594,0.31155431947024265
2147,,after_candidate_limit,,2833,113,8,113,5,1.5,0.5,1.38,2,8,0.9091406698564594,0.31155431947024265
2148,,after_candidate_limit,,2834,113,9,113,5,1.5,0.5,1.38,2,15,0.9091406698564594,0.31155431947024265
2149,,after_candidate_limit,,2858,114,8,114,5,1.5,0.5,2,2,8,0.9091406698564594,0.31155431947024265
2150,,after_candidate_limit,,2859,114,9,114,5,1.5,0.5,2,2,15,0.9091406698564594,0.31155431947024265
2151,,after_candidate_limit,,2983,119,8,119,5,2.25,0.5,0.75,2,8,0.9091406698564594,0.31155431947024265
2152,,after_candidate_limit,,2984,119,9,119,5,2.25,0.5,0.75,2,15,0.9091406698564594,0.31155431947024265
2153,,after_candidate_limit,,3008,120,8,120,5,2.25,0.5,1.38,2,8,0.9091406698564594,0.31155431947024265
2154,,after_candidate_limit,,3009,120,9,120,5,2.25,0.5,1.38,2,15,0.9091406698564594,0.31155431947024265
2155,,after_candidate_limit,,3033,121,8,121,5,2.25,0.5,2,2,8,0.9091406698564594,0.31155431947024265
2156,,after_candidate_limit,,3034,121,9,121,5,2.25,0.5,2,2,15,0.9091406698564594,0.31155431947024265
2157,,after_candidate_limit,,3158,126,8,126,5,3,0.5,0.75,2,8,0.9091406698564594,0.31155431947024265
2158,,after_candidate_limit,,3159,126,9,126,5,3,0.5,0.75,2,15,0.9091406698564594,0.31155431947024265
2159,,after_candidate_limit,,3183,127,8,127,5,3,0.5,1.38,2,8,0.9091406698564594,0.31155431947024265
2160,,after_candidate_limit,,3184,127,9,127,5,3,0.5,1.38,2,15,0.9091406698564594,0.31155431947024265
2161,,after_candidate_limit,,3208,128,8,128,5,3,0.5,2,2,8,0.9091406698564594,0.31155431947024265
2162,,after_candidate_limit,,3209,128,9,128,5,3,0.5,2,2,15,0.9091406698564594,0.31155431947024265
2163,,after_candidate_limit,,3334,133,9,133,5,4.5,0.5,0.75,2,15,0.9091406698564594,0.31155431947024265
2164,,after_candidate_limit,,3359,134,9,134,5,4.5,0.5,1.38,2,15,0.9091406698564594,0.31155431947024265
2165,,after_candidate_limit,,3384,135,9,135,5,4.5,0.5,2,2,15,0.9091406698564594,0.31155431947024265
2166,,after_candidate_limit,,638,25,13,25,11.67,7,1.33,3.67,3,8,0.9089736842105263,0.3938487899659862
2167,,after_candidate_limit,,613,24,13,24,11.67,7,1.33,2,3,8,0.9089727272727273,0.39383985640931396
2168,,after_candidate_limit,,89,3,14,3,11.67,10.5,1.33,2,3,15,0.9089660287081339,0.3958038137944997
2169,,after_candidate_limit,,263,10,13,10,11.67,3.5,1.33,2,3,8,0.9089631578947368,0.39374453596297465
2170,,after_candidate_limit,,264,10,14,10,11.67,3.5,1.33,2,3,15,0.9089631578947368,0.39374453596297465
2171,,after_candidate_limit,,288,11,13,11,11.67,3.5,1.33,3.67,3,8,0.9089631578947368,0.39374453596297465
2172,,after_candidate_limit,,289,11,14,11,11.67,3.5,1.33,3.67,3,15,0.9089631578947368,0.39374453596297465
2173,,after_candidate_limit,,438,17,13,17,11.67,5.25,1.33,2,3,8,0.9089631578947368,0.39374453596297465
2174,,after_candidate_limit,,439,17,14,17,11.67,5.25,1.33,2,3,15,0.9089631578947368,0.39374453596297465
2175,,after_candidate_limit,,463,18,13,18,11.67,5.25,1.33,3.67,3,8,0.9089631578947368,0.39374453596297465
2176,,after_candidate_limit,,464,18,14,18,11.67,5.25,1.33,3.67,3,15,0.9089631578947368,0.39374453596297465
2177,,after_candidate_limit,,614,24,14,24,11.67,7,1.33,2,3,15,0.9089631578947368,0.39374453596297465
2178,,after_candidate_limit,,639,25,14,25,11.67,7,1.33,3.67,3,15,0.9089631578947368,0.39374453596297465
2179,,after_candidate_limit,,114,4,14,4,11.67,10.5,1.33,3.67,3,15,0.9089421052631579,0.39633396275140387
2180,,after_candidate_limit,,1840,73,15,73,13.89,6.25,1.33,2,6,1,0.9088813397129186,0.4446321618930404
2181,,after_candidate_limit,,2143,85,18,85,15,13.5,0.5,1.38,6,8,0.9087368421052632,0.41611053368712864
2182,,after_candidate_limit,,1865,74,15,74,13.89,6.25,1.33,3.67,6,1,0.9087148325358851,0.44129375466976034
2183,,after_candidate_limit,,2118,84,18,84,15,13.5,0.5,0.75,6,8,0.9081894736842105,0.41524152442097334
2184,,after_candidate_limit,,1795,71,20,71,13.89,6.25,0.5,1.38,20,1,0.9079296650717703,0.4145131729095646
2185,,after_candidate_limit,,2016,80,16,80,13.89,8.33,1.33,2,6,2,0.9079157894736842,0.43245534469783975
2186,,after_candidate_limit,,1820,72,20,72,13.89,6.25,0.5,2,20,1,0.907901913875598,0.41156717355815436
2187,,after_candidate_limit,,2244,89,19,89,15,13.5,2.17,3.25,6,15,0.9078354066985646,0.42881837772649
2188,,after_candidate_limit,,2168,86,18,86,15,13.5,0.5,2,6,8,0.9078172248803827,0.4137410322713354
2189,,after_candidate_limit,,2041,81,16,81,13.89,8.33,1.33,3.67,6,2,0.9077665071770334,0.42952148395898654
2190,,after_candidate_limit,,1690,67,15,67,13.89,4.17,1.33,3.67,6,1,0.907721052631579,0.42358970693897763
2191,,after_candidate_limit,,1665,66,15,66,13.89,4.17,1.33,2,6,1,0.9076899521531101,0.42479177326513895
2192,,after_candidate_limit,,1770,70,20,70,13.89,6.25,0.5,0.75,20,1,0.907655980861244,0.41736700390916
2193,,after_candidate_limit,,2017,80,17,80,13.89,8.33,1.33,2,6,3,0.907545933014354,0.4241221145111622
2194,,after_candidate_limit,,85,3,10,3,11.67,10.5,1.33,2,3,1,0.9074942583732057,0.3957260979249155
2195,,after_candidate_limit,,2495,99,20,99,15,6.75,0.5,1.38,20,1,0.9074923444976076,0.42218338778104314
2196,,after_candidate_limit,,2042,81,17,81,13.89,8.33,1.33,3.67,6,3,0.9074435406698564,0.4214365979554109
2197,,after_candidate_limit,,1841,73,16,73,13.89,6.25,1.33,2,6,2,0.9074416267942583,0.4233066335527217
2198,,after_candidate_limit,,2470,98,20,98,15,6.75,0.5,0.75,20,1,0.9073708133971292,0.4242929181645998
2199,,after_candidate_limit,,1866,74,16,74,13.89,6.25,1.33,3.67,6,2,0.9073095693779905,0.4222491380879976
2200,,after_candidate_limit,,1290,51,15,51,12.78,7.67,0.5,2,6,1,0.9072918660287081,0.4469136947349765
2201,,after_candidate_limit,,540,21,15,21,11.67,7,0.5,0.75,6,1,0.907244019138756,0.4300779431571275
2202,,after_candidate_limit,,1867,74,17,74,13.89,6.25,1.33,3.67,6,3,0.9072186602870813,0.4216757461066387
2203,,after_candidate_limit,,1265,50,15,50,12.78,7.67,0.5,1.38,6,1,0.9072162679425837,0.4484327640110619
2204,,after_candidate_limit,,1842,73,17,73,13.89,6.25,1.33,2,6,3,0.9072081339712919,0.4216452604097851
2205,,after_candidate_limit,,1065,42,15,42,12.78,5.75,0.5,0.75,6,1,0.9071483253588517,0.44699805577815516
2206,,after_candidate_limit,,565,22,15,22,11.67,7,0.5,1.38,6,1,0.9071368421052631,0.4232064263355195
2207,,after_candidate_limit,,1691,67,16,67,13.89,4.17,1.33,3.67,6,2,0.9071200956937799,0.41816228721580584
2208,,after_candidate_limit,,1666,66,16,66,13.89,4.17,1.33,2,6,2,0.9071153110047847,0.4181259193352993
2209,,after_candidate_limit,,1090,43,15,43,12.78,5.75,0.5,1.38,6,1,0.9071129186602871,0.4420974909860421
2210,,after_candidate_limit,,590,23,15,23,11.67,7,0.5,2,6,1,0.9071119617224881,0.4235339913937835
2211,,after_candidate_limit,,1115,44,15,44,12.78,5.75,0.5,2,6,1,0.9071052631578947,0.4386506731675143
2212,,after_candidate_limit,,1240,49,15,49,12.78,7.67,0.5,0.75,6,1,0.9070889952153111,0.4571356190917094
2213,,after_candidate_limit,,1595,63,20,63,13.89,4.17,0.5,0.75,20,1,0.906934928229665,0.40199930978343856
2214,,after_candidate_limit,,1692,67,17,67,13.89,4.17,1.33,3.67,6,3,0.90692009569378,0.4165685633478543
2215,,after_candidate_limit,,1667,66,17,66,13.89,4.17,1.33,2,6,3,0.9068894736842106,0.4161713167280666
2216,,after_candidate_limit,,365,14,15,14,11.67,5.25,0.5,0.75,6,1,0.9067636363636363,0.4221445450602569
2217,,after_candidate_limit,,2295,91,20,91,15,4.5,0.5,0.75,20,1,0.9067555023923445,0.414944191544177
2218,,after_candidate_limit,,2193,87,18,87,15,13.5,1.33,2,6,8,0.9067421052631579,0.3933149768140273
2219,,after_candidate_limit,,1771,70,21,70,13.89,6.25,0.5,0.75,20,2,0.906633014354067,0.39505621530152
2220,,after_candidate_limit,,390,15,15,15,11.67,5.25,0.5,1.38,6,1,0.9066306220095693,0.4138332760866794
2221,,after_candidate_limit,,415,16,15,16,11.67,5.25,0.5,2,6,1,0.906622966507177,0.4122781490884203
2222,,after_candidate_limit,,2043,81,18,81,13.89,8.33,1.33,3.67,6,8,0.9066100478468899,0.41002540049648617
2223,,after_candidate_limit,,1494,59,19,59,13.89,12.5,1.33,2,6,15,0.9065641148325359,0.40963122006688746
2224,,after_candidate_limit,,2018,80,18,80,13.89,8.33,1.33,2,6,8,0.9065574162679426,0.407871534595339
2225,,after_candidate_limit,,1796,71,21,71,13.89,6.25,0.5,1.38,20,2,0.9065468899521532,0.3927455560148823
2226,,after_candidate_limit,,1620,64,20,64,13.89,4.17,0.5,1.38,20,1,0.9065401913875598,0.39268282436345214
2227,,after_candidate_limit,,1821,72,21,72,13.89,6.25,0.5,2,20,2,0.9065315789473685,0.3912372504531624
2228,,after_candidate_limit,,1645,65,20,65,13.89,4.17,0.5,2,20,1,0.9065047846889952,0.3903014408570562
2229,,after_candidate_limit,,110,4,10,4,11.67,10.5,1.33,3.67,3,1,0.906477990430622,0.3839968197852627
2230,,after_candidate_limit,,1868,74,18,74,13.89,6.25,1.33,3.67,6,8,0.9064703349282297,0.4052860454104886
2231,,after_candidate_limit,,1843,73,18,73,13.89,6.25,1.33,2,6,8,0.9064693779904306,0.40527675879166214
2232,,after_candidate_limit,,1668,66,18,66,13.89,4.17,1.33,2,6,8,0.9064655502392345,0.40523882550553014
2233,,after_candidate_limit,,1669,66,19,66,13.89,4.17,1.33,2,6,15,0.9064655502392345,0.40523882550553014
2234,,after_candidate_limit,,1693,67,18,67,13.89,4.17,1.33,3.67,6,8,0.9064655502392345,0.40523882550553014
2235,,after_candidate_limit,,1694,67,19,67,13.89,4.17,1.33,3.67,6,15,0.9064655502392345,0.40523882550553014
2236,,after_candidate_limit,,1844,73,19,73,13.89,6.25,1.33,2,6,15,0.9064655502392345,0.40523882550553014
2237,,after_candidate_limit,,1869,74,19,74,13.89,6.25,1.33,3.67,6,15,0.9064655502392345,0.40523882550553014
2238,,after_candidate_limit,,2019,80,19,80,13.89,8.33,1.33,2,6,15,0.9064655502392345,0.40523882550553014
2239,,after_candidate_limit,,2044,81,19,81,13.89,8.33,1.33,3.67,6,15,0.9064655502392345,0.40523882550553014
2240,,after_candidate_limit,,2320,92,20,92,15,4.5,0.5,1.38,20,1,0.9064464114832536,0.4076118677733566
2241,,after_candidate_limit,,1519,60,19,60,13.89,12.5,1.33,3.67,6,15,0.9064311004784689,0.40872512287326257
2242,,after_candidate_limit,,2471,98,21,98,15,6.75,0.5,0.75,20,2,0.9063416267942583,0.40656009692741796
2243,,after_candidate_limit,,2345,93,20,93,15,4.5,0.5,2,20,1,0.9062459330143541,0.40384933079765095
2244,,after_candidate_limit,,2496,99,21,99,15,6.75,0.5,1.38,20,2,0.9062210526315789,0.40152970786517694
2245,,after_candidate_limit,,1772,70,22,70,13.89,6.25,0.5,0.75,20,3,0.9062172248803828,0.3886735254049821
2246,,after_candidate_limit,,1797,71,22,71,13.89,6.25,0.5,1.38,20,3,0.9062086124401914,0.3889564732116798
2247,,after_candidate_limit,,1822,72,22,72,13.89,6.25,0.5,2,20,3,0.9062076555023924,0.3888285964967625
2248,,after_candidate_limit,,890,35,15,35,12.78,3.83,0.5,0.75,6,1,0.9062028708133971,0.43244967174544086
2249,,after_candidate_limit,,1596,63,21,63,13.89,4.17,0.5,0.75,20,2,0.9061856459330143,0.3877976505973393
2250,,after_candidate_limit,,1241,49,16,49,12.78,7.67,0.5,0.75,6,2,0.9061799043062201,0.43338466986502544
2251,,after_candidate_limit,,1646,65,21,65,13.89,4.17,0.5,2,20,2,0.9061588516746412,0.38564324494934576
2252,,after_candidate_limit,,1621,64,21,64,13.89,4.17,0.5,1.38,20,2,0.906155980861244,0.38561833012870017
2253,,after_candidate_limit,,2521,100,21,100,15,6.75,0.5,2,20,2,0.9061004784688995,0.4006466254430038
2254,,after_candidate_limit,,1647,65,22,65,13.89,4.17,0.5,2,20,3,0.906,0.38415709814562216
2255,,after_candidate_limit,,1622,64,22,64,13.89,4.17,0.5,1.38,20,3,0.905977033492823,0.3835623599335928
2256,,after_candidate_limit,,1597,63,22,63,13.89,4.17,0.5,0.75,20,3,0.9059712918660288,0.3837701825173523
2257,,after_candidate_limit,,2218,88,18,88,15,13.5,1.33,3.67,6,8,0.9059497607655502,0.3915329138344547
2258,,after_candidate_limit,,541,21,16,21,11.67,7,0.5,0.75,6,2,0.9059464114832536,0.40826431094743
2259,,after_candidate_limit,,190,7,15,7,11.67,3.5,0.5,0.75,6,1,0.9059377990430622,0.4074395230061869
2260,,after_candidate_limit,,1291,51,16,51,12.78,7.67,0.5,2,6,2,0.9058918660287081,0.4279453445076157
2261,,after_candidate_limit,,2296,91,21,91,15,4.5,0.5,0.75,20,2,0.9058760765550239,0.398976073832724
2262,,after_candidate_limit,,915,36,15,36,12.78,3.83,0.5,1.38,6,1,0.9058736842105263,0.4236022064867893
2263,,after_candidate_limit,,566,22,16,22,11.67,7,0.5,1.38,6,2,0.9058727272727273,0.4035545131512729
2264,,after_candidate_limit,,1066,42,16,42,12.78,5.75,0.5,0.75,6,2,0.9058392344497608,0.425597994981801
2265,,after_candidate_limit,,2346,93,21,93,15,4.5,0.5,2,20,2,0.905833971291866,0.39622406772689367
2266,,after_candidate_limit,,2472,98,22,98,15,6.75,0.5,0.75,20,3,0.9058272727272727,0.3971710011713392
2267,,after_candidate_limit,,2321,92,21,92,15,4.5,0.5,1.38,20,2,0.9058263157894737,0.3968549857857083
2268,,after_candidate_limit,,1266,50,16,50,12.78,7.67,0.5,1.38,6,2,0.905822009569378,0.42880626182156606
2269,,after_candidate_limit,,940,37,15,37,12.78,3.83,0.5,2,6,1,0.9058200956937799,0.42110636063282114
2270,,after_candidate_limit,,2497,99,22,99,15,6.75,0.5,1.38,20,3,0.9058114832535885,0.39846822932709647
2271,,after_candidate_limit,,2522,100,22,100,15,6.75,0.5,2,20,3,0.9058086124401914,0.39866128882549445
2272,,after_candidate_limit,,215,8,15,8,11.67,3.5,0.5,1.38,6,1,0.9057100478468899,0.39814225406510423
2273,,after_candidate_limit,,1091,43,16,43,12.78,5.75,0.5,1.38,6,2,0.9057090909090909,0.4226454009236851
2274,,after_candidate_limit,,366,14,16,14,11.67,5.25,0.5,0.75,6,2,0.9056976076555024,0.4013192786868856
2275,,after_candidate_limit,,1116,44,16,44,12.78,5.75,0.5,2,6,2,0.9056794258373205,0.42222551331402985
2276,,after_candidate_limit,,240,9,15,9,11.67,3.5,0.5,2,6,1,0.9056775119617225,0.39654335123063594
2277,,after_candidate_limit,,2697,107,22,107,15,9,0.5,2,20,3,0.9056516746411484,0.4025640763126089
2278,,after_candidate_limit,,391,15,16,15,11.67,5.25,0.5,1.38,6,2,0.9056287081339713,0.3994907812374629
2279,,after_candidate_limit,,416,16,16,16,11.67,5.25,0.5,2,6,2,0.9056239234449761,0.3993387329711398
2280,,after_candidate_limit,,2347,93,22,93,15,4.5,0.5,2,20,3,0.9055827751196173,0.394772400845591
2281,,after_candidate_limit,,591,23,16,23,11.67,7,0.5,2,6,2,0.9055684210526316,0.40118765212995305
2282,,after_candidate_limit,,2322,92,22,92,15,4.5,0.5,1.38,20,3,0.9055617224880382,0.3945040016021109
2283,,after_candidate_limit,,2297,91,22,91,15,4.5,0.5,0.75,20,3,0.9055377990430622,0.39519237685557557
2284,,after_candidate_limit,,567,22,17,22,11.67,7,0.5,1.38,6,3,0.905533014354067,0.39813411663804904
2285,,after_candidate_limit,,592,23,17,23,11.67,7,0.5,2,6,3,0.905532057416268,0.3975244054819346
2286,,after_candidate_limit,,1242,49,17,49,12.78,7.67,0.5,0.75,6,3,0.9055244019138756,0.42515714881737904
2287,,after_candidate_limit,,1292,51,17,51,12.78,7.67,0.5,2,6,3,0.9055138755980862,0.4193899904419315
2288,,after_candidate_limit,,2672,106,22,106,15,9,0.5,1.38,20,3,0.9055,0.40118635201675235
2289,,after_candidate_limit,,542,21,17,21,11.67,7,0.5,0.75,6,3,0.905445933014354,0.3983638885739423
2290,,after_candidate_limit,,1998,79,23,79,13.89,8.33,0.5,2,20,8,0.9054440191387559,0.37454908694281175
2291,,after_candidate_limit,,1267,50,17,50,12.78,7.67,0.5,1.38,6,3,0.905422966507177,0.4198472641395971
2292,,after_candidate_limit,,1092,43,17,43,12.78,5.75,0.5,1.38,6,3,0.9054153110047847,0.4205367621769859
2293,,after_candidate_limit,,1067,42,17,42,12.78,5.75,0.5,0.75,6,3,0.9054114832535886,0.42048404276172363
2294,,after_candidate_limit,,16,0,16,0,11.67,10.5,0.5,0.75,6,2,0.9053913875598086,0.4032382109800554
2295,,after_candidate_limit,,1773,70,23,70,13.89,6.25,0.5,0.75,20,8,0.9053894736842105,0.37271269095031145
2296,,after_candidate_limit,,1798,71,23,71,13.89,6.25,0.5,1.38,20,8,0.9053894736842105,0.3725949867590778
2297,,after_candidate_limit,,1823,72,23,72,13.89,6.25,0.5,2,20,8,0.9053894736842105,0.3725949867590778
2298,,after_candidate_limit,,1598,63,23,63,13.89,4.17,0.5,0.75,20,8,0.9053885167464115,0.3725819719960631
2299,,after_candidate_limit,,1599,63,24,63,13.89,4.17,0.5,0.75,20,15,0.9053885167464115,0.3725819719960631
2300,,after_candidate_limit,,1623,64,23,64,13.89,4.17,0.5,1.38,20,8,0.9053885167464115,0.3725819719960631
2301,,after_candidate_limit,,1624,64,24,64,13.89,4.17,0.5,1.38,20,15,0.9053885167464115,0.3725819719960631
2302,,after_candidate_limit,,1648,65,23,65,13.89,4.17,0.5,2,20,8,0.9053885167464115,0.3725819719960631
2303,,after_candidate_limit,,1649,65,24,65,13.89,4.17,0.5,2,20,15,0.9053885167464115,0.3725819719960631
2304,,after_candidate_limit,,1774,70,24,70,13.89,6.25,0.5,0.75,20,15,0.9053885167464115,0.3725819719960631
2305,,after_candidate_limit,,1799,71,24,71,13.89,6.25,0.5,1.38,20,15,0.9053885167464115,0.3725819719960631
2306,,after_candidate_limit,,1824,72,24,72,13.89,6.25,0.5,2,20,15,0.9053885167464115,0.3725819719960631
2307,,after_candidate_limit,,1974,78,24,78,13.89,8.33,0.5,1.38,20,15,0.9053885167464115,0.3725819719960631
2308,,after_candidate_limit,,1999,79,24,79,13.89,8.33,0.5,2,20,15,0.9053885167464115,0.3725819719960631
2309,,after_candidate_limit,,1117,44,17,44,12.78,5.75,0.5,2,6,3,0.9053856459330144,0.4200440129291519
2310,,after_candidate_limit,,241,9,16,9,11.67,3.5,0.5,2,6,2,0.9053846889952153,0.39422844959290804
2311,,after_candidate_limit,,941,37,16,37,12.78,3.83,0.5,2,6,2,0.9053808612440192,0.4172980069853761
2312,,after_candidate_limit,,1973,78,23,78,13.89,8.33,0.5,1.38,20,8,0.9053799043062201,0.3741400060728902
2313,,after_candidate_limit,,1949,77,24,77,13.89,8.33,0.5,0.75,20,15,0.9053789473684211,0.3713505503458179
2314,,after_candidate_limit,,916,36,16,36,12.78,3.83,0.5,1.38,6,2,0.9053741626794258,0.4172656306065511
2315,,after_candidate_limit,,367,14,17,14,11.67,5.25,0.5,0.75,6,3,0.9053703349282297,0.39718657211746833
2316,,after_candidate_limit,,417,16,17,16,11.67,5.25,0.5,2,6,3,0.9053492822966507,0.39489788007937754
2317,,after_candidate_limit,,392,15,17,15,11.67,5.25,0.5,1.38,6,3,0.9053358851674641,0.39599525344085956
2318,,after_candidate_limit,,891,35,16,35,12.78,3.83,0.5,0.75,6,2,0.905333971291866,0.41872113545042783
2319,,after_candidate_limit,,1948,77,23,77,13.89,8.33,0.5,0.75,20,8,0.9053148325358852,0.3764166776619416
2320,,after_candidate_limit,,191,7,16,7,11.67,3.5,0.5,0.75,6,2,0.9053138755980861,0.39499348563209113
2321,,after_candidate_limit,,216,8,16,8,11.67,3.5,0.5,1.38,6,2,0.905309090909091,0.39398522977518163
2322,,after_candidate_limit,,242,9,17,9,11.67,3.5,0.5,2,6,3,0.9051368421052631,0.3910236741441084
2323,,after_candidate_limit,,217,8,17,8,11.67,3.5,0.5,1.38,6,3,0.9051320574162679,0.39074294891664724
2324,,after_candidate_limit,,192,7,17,7,11.67,3.5,0.5,0.75,6,3,0.9051177033492823,0.39084221705215183
2325,,after_candidate_limit,,892,35,17,35,12.78,3.83,0.5,0.75,6,3,0.9051004784688995,0.4145762352892101
2326,,after_candidate_limit,,942,37,17,37,12.78,3.83,0.5,2,6,3,0.9050995215311005,0.4144445441694384
2327,,after_candidate_limit,,917,36,17,36,12.78,3.83,0.5,1.38,6,3,0.9050937799043062,0.41427421899270694
2328,,after_candidate_limit,,2647,105,22,105,15,9,0.5,0.75,20,3,0.9050899521531101,0.3976611882948596
2329,,after_candidate_limit,,17,0,17,0,11.67,10.5,0.5,0.75,6,3,0.9049626794258373,0.39585537336215626
2330,,after_candidate_limit,,2523,100,23,100,15,6.75,0.5,2,20,8,0.9049320574162679,0.38308735425480017
2331,,after_candidate_limit,,2473,98,23,98,15,6.75,0.5,0.75,20,8,0.9049311004784689,0.3832530040430665
2332,,after_candidate_limit,,2498,99,23,99,15,6.75,0.5,1.38,20,8,0.9049301435406698,0.38306758323313167
2333,,after_candidate_limit,,2298,91,23,91,15,4.5,0.5,0.75,20,8,0.9049263157894737,0.38302635217656805
2334,,after_candidate_limit,,2299,91,24,91,15,4.5,0.5,0.75,20,15,0.9049263157894737,0.38302635217656805
2335,,after_candidate_limit,,2323,92,23,92,15,4.5,0.5,1.38,20,8,0.9049263157894737,0.38302635217656805
2336,,after_candidate_limit,,2324,92,24,92,15,4.5,0.5,1.38,20,15,0.9049263157894737,0.38302635217656805
2337,,after_candidate_limit,,2348,93,23,93,15,4.5,0.5,2,20,8,0.9049263157894737,0.38302635217656805
2338,,after_candidate_limit,,2349,93,24,93,15,4.5,0.5,2,20,15,0.9049263157894737,0.38302635217656805
2339,,after_candidate_limit,,2474,98,24,98,15,6.75,0.5,0.75,20,15,0.9049263157894737,0.38302635217656805
2340,,after_candidate_limit,,2499,99,24,99,15,6.75,0.5,1.38,20,15,0.9049263157894737,0.38302635217656805
2341,,after_candidate_limit,,2524,100,24,100,15,6.75,0.5,2,20,15,0.9049263157894737,0.38302635217656805
2342,,after_candidate_limit,,2699,107,24,107,15,9,0.5,2,20,15,0.9049244019138756,0.3826193999632774
2343,,after_candidate_limit,,2674,106,24,106,15,9,0.5,1.38,20,15,0.9049071770334928,0.3812675849607313
2344,,after_candidate_limit,,1493,59,18,59,13.89,12.5,1.33,2,6,8,0.9048263157894737,0.39819768024662794
2345,,after_candidate_limit,,593,23,18,23,11.67,7,0.5,2,6,8,0.9048124401913875,0.381903589320977
2346,,after_candidate_limit,,543,21,18,21,11.67,7,0.5,0.75,6,8,0.9048114832535885,0.38207508639568794
2347,,after_candidate_limit,,568,22,18,22,11.67,7,0.5,1.38,6,8,0.9048105263157895,0.3818829648209006
2348,,after_candidate_limit,,193,7,18,7,11.67,3.5,0.5,0.75,6,8,0.9048047846889952,0.3818135800073363
2349,,after_candidate_limit,,194,7,19,7,11.67,3.5,0.5,0.75,6,15,0.9048047846889952,0.3818135800073363
2350,,after_candidate_limit,,218,8,18,8,11.67,3.5,0.5,1.38,6,8,0.9048047846889952,0.3818135800073363
2351,,after_candidate_limit,,219,8,19,8,11.67,3.5,0.5,1.38,6,15,0.9048047846889952,0.3818135800073363
2352,,after_candidate_limit,,243,9,18,9,11.67,3.5,0.5,2,6,8,0.9048047846889952,0.3818135800073363
2353,,after_candidate_limit,,244,9,19,9,11.67,3.5,0.5,2,6,15,0.9048047846889952,0.3818135800073363
2354,,after_candidate_limit,,368,14,18,14,11.67,5.25,0.5,0.75,6,8,0.9048047846889952,0.3818135800073363
2355,,after_candidate_limit,,369,14,19,14,11.67,5.25,0.5,0.75,6,15,0.9048047846889952,0.3818135800073363
2356,,after_candidate_limit,,393,15,18,15,11.67,5.25,0.5,1.38,6,8,0.9048047846889952,0.3818135800073363
2357,,after_candidate_limit,,394,15,19,15,11.67,5.25,0.5,1.38,6,15,0.9048047846889952,0.3818135800073363
2358,,after_candidate_limit,,418,16,18,16,11.67,5.25,0.5,2,6,8,0.9048047846889952,0.3818135800073363
2359,,after_candidate_limit,,419,16,19,16,11.67,5.25,0.5,2,6,15,0.9048047846889952,0.3818135800073363
2360,,after_candidate_limit,,544,21,19,21,11.67,7,0.5,0.75,6,15,0.9048047846889952,0.3818135800073363
2361,,after_candidate_limit,,569,22,19,22,11.67,7,0.5,1.38,6,15,0.9048047846889952,0.3818135800073363
2362,,after_candidate_limit,,594,23,19,23,11.67,7,0.5,2,6,15,0.9048047846889952,0.3818135800073363
2363,,after_candidate_limit,,18,0,18,0,11.67,10.5,0.5,0.75,6,8,0.9047712918660287,0.39324261933383775
2364,,after_candidate_limit,,2649,105,24,105,15,9,0.5,0.75,20,15,0.9047607655502392,0.3787921256686364
2365,,after_candidate_limit,,43,1,18,1,11.67,10.5,0.5,1.38,6,8,0.9047598086124402,0.391191688087641
2366,,after_candidate_limit,,68,2,18,2,11.67,10.5,0.5,2,6,8,0.9047511961722488,0.3909653376862465
2367,,after_candidate_limit,,1293,51,18,51,12.78,7.67,0.5,2,6,8,0.9047435406698564,0.4070695178890986
2368,,after_candidate_limit,,1268,50,18,50,12.78,7.67,0.5,1.38,6,8,0.9047397129186603,0.40672539841358013
2369,,after_candidate_limit,,893,35,18,35,12.78,3.83,0.5,0.75,6,8,0.9047090909090909,0.4043058094801335
2370,,after_candidate_limit,,894,35,19,35,12.78,3.83,0.5,0.75,6,15,0.9047090909090909,0.4043058094801335
2371,,after_candidate_limit,,918,36,18,36,12.78,3.83,0.5,1.38,6,8,0.9047090909090909,0.4043058094801335
2372,,after_candidate_limit,,919,36,19,36,12.78,3.83,0.5,1.38,6,15,0.9047090909090909,0.4043058094801335
2373,,after_candidate_limit,,943,37,18,37,12.78,3.83,0.5,2,6,8,0.9047090909090909,0.4043058094801335
2374,,after_candidate_limit,,944,37,19,37,12.78,3.83,0.5,2,6,15,0.9047090909090909,0.4043058094801335
2375,,after_candidate_limit,,1068,42,18,42,12.78,5.75,0.5,0.75,6,8,0.9047090909090909,0.4043058094801335
2376,,after_candidate_limit,,1069,42,19,42,12.78,5.75,0.5,0.75,6,15,0.9047090909090909,0.4043058094801335
2377,,after_candidate_limit,,1093,43,18,43,12.78,5.75,0.5,1.38,6,8,0.9047090909090909,0.4043058094801335
2378,,after_candidate_limit,,1094,43,19,43,12.78,5.75,0.5,1.38,6,15,0.9047090909090909,0.4043058094801335
2379,,after_candidate_limit,,1118,44,18,44,12.78,5.75,0.5,2,6,8,0.9047090909090909,0.4043058094801335
2380,,after_candidate_limit,,1119,44,19,44,12.78,5.75,0.5,2,6,15,0.9047090909090909,0.4043058094801335
2381,,after_candidate_limit,,1244,49,19,49,12.78,7.67,0.5,0.75,6,15,0.9047090909090909,0.4043058094801335
2382,,after_candidate_limit,,1269,50,19,50,12.78,7.67,0.5,1.38,6,15,0.9047090909090909,0.4043058094801335
2383,,after_candidate_limit,,1294,51,19,51,12.78,7.67,0.5,2,6,15,0.9047090909090909,0.4043058094801335
2384,,after_candidate_limit,,2673,106,23,106,15,9,0.5,1.38,20,8,0.9046736842105263,0.389013529654088
2385,,after_candidate_limit,,1243,49,18,49,12.78,7.67,0.5,0.75,6,8,0.9046622009569378,0.40481086754872214
2386,,after_candidate_limit,,2698,107,23,107,15,9,0.5,2,20,8,0.9046354066985646,0.38728113638882816
2387,,after_candidate_limit,,2648,105,23,105,15,9,0.5,0.75,20,8,0.9046248803827751,0.3912218162725623
2388,,after_candidate_limit,,19,0,19,0,11.67,10.5,0.5,0.75,6,15,0.9046057416267943,0.3829638631797758
2389,,after_candidate_limit,,2040,81,15,81,13.89,8.33,1.33,3.67,6,1,0.9045885167464115,0.4445806325011337
2390,,after_candidate_limit,,69,2,19,2,11.67,10.5,0.5,2,6,15,0.904555980861244,0.3818576806788058
2391,,after_candidate_limit,,44,1,19,1,11.67,10.5,0.5,1.38,6,15,0.9045531100478469,0.3827212630922044
2392,,after_candidate_limit,,42,1,17,1,11.67,10.5,0.5,1.38,6,3,0.9045253588516746,0.38724945018199053
2393,,after_candidate_limit,,2015,80,15,80,13.89,8.33,1.33,2,6,1,0.9045062200956938,0.4448879204813707
2394,,after_candidate_limit,,860,34,10,34,12.78,11.5,3,4.5,3,1,0.9044995215311005,0.40612027179114285
2395,,after_candidate_limit,,685,27,10,27,11.67,7,3,4.5,3,1,0.9044947368421052,0.42973106489182217
2396,,after_candidate_limit,,744,29,19,29,12.78,11.5,0.5,1.38,6,15,0.9043665071770335,0.40930366261317497
2397,,after_candidate_limit,,1518,60,18,60,13.89,12.5,1.33,3.67,6,8,0.9043344497607656,0.3979519349168378
2398,,after_candidate_limit,,719,28,19,28,12.78,11.5,0.5,0.75,6,15,0.9043186602870813,0.41157936109027915
2399,,after_candidate_limit,,769,30,19,30,12.78,11.5,0.5,2,6,15,0.9042535885167464,0.4085094168654687
2400,,after_candidate_limit,,743,29,18,29,12.78,11.5,0.5,1.38,6,8,0.9042334928229665,0.408922624854221
2401,,after_candidate_limit,,768,30,18,30,12.78,11.5,0.5,2,6,8,0.9042191387559808,0.4114801039793772
2402,,after_candidate_limit,,2520,100,20,100,15,6.75,0.5,2,20,1,0.9041598086124402,0.4221935606037481
2403,,after_candidate_limit,,718,28,18,28,12.78,11.5,0.5,0.75,6,8,0.9040545454545454,0.4061249397333091
2404,,after_candidate_limit,,66,2,16,2,11.67,10.5,0.5,2,6,2,0.9040497607655502,0.39110755028656913
2405,,after_candidate_limit,,41,1,16,1,11.67,10.5,0.5,1.38,6,2,0.9040421052631579,0.3957496532458024
2406,,after_candidate_limit,,67,2,17,2,11.67,10.5,0.5,2,6,3,0.9037062200956938,0.382432762493488
2407,,after_candidate_limit,,510,20,10,20,11.67,5.25,3,4.5,3,1,0.9036555023923445,0.41003868539824584
2408,,after_candidate_limit,,1946,77,21,77,13.89,8.33,0.5,0.75,20,2,0.9035942583732057,0.40450869438591663
2409,,after_candidate_limit,,161,6,11,6,11.67,10.5,3,4.5,3,2,0.9031464114832536,0.3901224228298276
2410,,after_candidate_limit,,1972,78,22,78,13.89,8.33,0.5,1.38,20,3,0.9031071770334929,0.3928888061470159
2411,,after_candidate_limit,,1315,52,15,52,12.78,7.67,1.33,2,6,1,0.9030287081339713,0.4132747390042784
2412,,after_candidate_limit,,2268,90,18,90,15,13.5,3,4.5,6,8,0.9029660287081339,0.3943994897005797
2413,,after_candidate_limit,,1947,77,22,77,13.89,8.33,0.5,0.75,20,3,0.9029569377990431,0.3938723023751126
2414,,after_candidate_limit,,1340,53,15,53,12.78,7.67,1.33,3.67,6,1,0.9028966507177033,0.40938475506396216
2415,,after_candidate_limit,,1165,46,15,46,12.78,5.75,1.33,3.67,6,1,0.9028502392344497,0.40633468578720294
2416,,after_candidate_limit,,335,13,10,13,11.67,3.5,3,4.5,3,1,0.9028344497607655,0.39759144965668897
2417,,after_candidate_limit,,1140,45,15,45,12.78,5.75,1.33,2,6,1,0.9028291866028708,0.4080417715431601
2418,,after_candidate_limit,,162,6,12,6,11.67,10.5,3,4.5,3,3,0.902733971291866,0.3898497903431971
2419,,after_candidate_limit,,2570,102,20,102,15,6.75,1.33,3.67,20,1,0.9027234449760766,0.409916151728829
2420,,after_candidate_limit,,686,27,11,27,11.67,7,3,4.5,3,2,0.9026861244019139,0.397843289703856
2421,,after_candidate_limit,,511,20,11,20,11.67,5.25,3,4.5,3,2,0.902644019138756,0.3962432936338094
2422,,after_candidate_limit,,2545,101,20,101,15,6.75,1.33,2,20,1,0.9026191387559809,0.40955220295982064
2423,,after_candidate_limit,,163,6,13,6,11.67,10.5,3,4.5,3,8,0.902599043062201,0.3932785026368094
2424,,after_candidate_limit,,687,27,12,27,11.67,7,3,4.5,3,3,0.9025578947368421,0.3953706176975266
2425,,after_candidate_limit,,512,20,12,20,11.67,5.25,3,4.5,3,3,0.9024564593301435,0.3938825929479376
2426,,after_candidate_limit,,336,13,11,13,11.67,3.5,3,4.5,3,2,0.9024277511961722,0.39315122578888106
2427,,after_candidate_limit,,337,13,12,13,11.67,3.5,3,4.5,3,3,0.9022162679425837,0.39053084715918196
2428,,after_candidate_limit,,2646,105,21,105,15,9,0.5,0.75,20,2,0.9020755980861244,0.40497389196315814
2429,,after_candidate_limit,,1417,56,17,56,13.89,12.5,0.5,0.75,6,3,0.9020062200956938,0.405894433561941
2430,,after_candidate_limit,,1341,53,16,53,12.78,7.67,1.33,3.67,6,2,0.9019985645933014,0.39891697204767557
2431,,after_candidate_limit,,717,28,17,28,12.78,11.5,0.5,0.75,6,3,0.9019971291866029,0.40763524314243305
2432,,after_candidate_limit,,688,27,13,27,11.67,7,3,4.5,3,8,0.9019531100478468,0.38193328017972106
2433,,after_candidate_limit,,338,13,13,13,11.67,3.5,3,4.5,3,8,0.9019368421052631,0.3817631323645705
2434,,after_candidate_limit,,339,13,14,13,11.67,3.5,3,4.5,3,15,0.9019368421052631,0.3817631323645705
2435,,after_candidate_limit,,513,20,13,20,11.67,5.25,3,4.5,3,8,0.9019368421052631,0.3817631323645705
2436,,after_candidate_limit,,514,20,14,20,11.67,5.25,3,4.5,3,15,0.9019368421052631,0.3817631323645705
2437,,after_candidate_limit,,689,27,14,27,11.67,7,3,4.5,3,15,0.9019368421052631,0.3817631323645705
2438,,after_candidate_limit,,1316,52,16,52,12.78,7.67,1.33,2,6,2,0.9019287081339713,0.39870743182315305
2439,,after_candidate_limit,,164,6,14,6,11.67,10.5,3,4.5,3,15,0.9019282296650718,0.3844021127578932
2440,,after_candidate_limit,,1166,46,16,46,12.78,5.75,1.33,3.67,6,2,0.901722009569378,0.39490515238405227
2441,,after_candidate_limit,,1141,45,16,45,12.78,5.75,1.33,2,6,2,0.9017200956937799,0.39490287634139093
2442,,after_candidate_limit,,965,38,15,38,12.78,3.83,1.33,2,6,1,0.9017095693779904,0.3914429836492053
2443,,after_candidate_limit,,990,39,15,39,12.78,3.83,1.33,3.67,6,1,0.9017047846889952,0.3911921999434786
2444,,after_candidate_limit,,1342,53,17,53,12.78,7.67,1.33,3.67,6,3,0.9016827751196173,0.3929080442739319
2445,,after_candidate_limit,,1317,52,17,52,12.78,7.67,1.33,2,6,3,0.9016081339712919,0.3922202009667105
2446,,after_candidate_limit,,1142,45,17,45,12.78,5.75,1.33,2,6,3,0.9015047846889952,0.39328765269115096
2447,,after_candidate_limit,,991,39,16,39,12.78,3.83,1.33,3.67,6,2,0.9014894736842105,0.3902325437603452
2448,,after_candidate_limit,,966,38,16,38,12.78,3.83,1.33,2,6,2,0.9014827751196173,0.39018386051706755
2449,,after_candidate_limit,,1167,46,17,46,12.78,5.75,1.33,3.67,6,3,0.9014818181818182,0.39165061625346786
2450,,after_candidate_limit,,2722,108,22,108,15,9,1.33,2,20,3,0.9014526315789474,0.3911812401854718
2451,,after_candidate_limit,,2370,94,20,94,15,4.5,1.33,2,20,1,0.901311004784689,0.38708664337723525
2452,,after_candidate_limit,,992,39,17,39,12.78,3.83,1.33,3.67,6,3,0.9012751196172248,0.3880357746211446
2453,,after_candidate_limit,,967,38,17,38,12.78,3.83,1.33,2,6,3,0.9012626794258373,0.38776325586743843
2454,,after_candidate_limit,,2395,95,20,95,15,4.5,1.33,3.67,20,1,0.9012602870813398,0.38447289056889283
2455,,after_candidate_limit,,2546,101,21,101,15,6.75,1.33,2,20,2,0.9012574162679425,0.3868048058413898
2456,,after_candidate_limit,,2571,102,21,102,15,6.75,1.33,3.67,20,2,0.9010277511961723,0.3840589828584892
2457,,after_candidate_limit,,742,29,17,29,12.78,11.5,0.5,1.38,6,3,0.9009980861244019,0.3992961120988764
2458,,after_candidate_limit,,2747,109,22,109,15,9,1.33,3.67,20,3,0.9009799043062201,0.38917657712054243
2459,,after_candidate_limit,,2396,95,21,95,15,4.5,1.33,3.67,20,2,0.9009760765550239,0.3813022871836619
2460,,after_candidate_limit,,1343,53,18,53,12.78,7.67,1.33,3.67,6,8,0.9009708133971291,0.3807557344029508
2461,,after_candidate_limit,,2371,94,21,94,15,4.5,1.33,2,20,2,0.9009674641148325,0.3812489676834228
2462,,after_candidate_limit,,716,28,16,28,12.78,11.5,0.5,0.75,6,2,0.9009665071770335,0.4072222270226907
2463,,after_candidate_limit,,793,31,18,31,12.78,11.5,1.33,2,6,8,0.9009555023923445,0.3848514233471692
2464,,after_candidate_limit,,1318,52,18,52,12.78,7.67,1.33,2,6,8,0.9009545454545455,0.38006349157126945
2465,,after_candidate_limit,,818,32,18,32,12.78,11.5,1.33,3.67,6,8,0.900944019138756,0.3842330653433812
2466,,after_candidate_limit,,1168,46,18,46,12.78,5.75,1.33,3.67,6,8,0.9009315789473684,0.37776660259465483
2467,,after_candidate_limit,,1143,45,18,45,12.78,5.75,1.33,2,6,8,0.9009296650717703,0.3777447407017471
2468,,after_candidate_limit,,968,38,18,38,12.78,3.83,1.33,2,6,8,0.9009287081339713,0.3777334199470301
2469,,after_candidate_limit,,969,38,19,38,12.78,3.83,1.33,2,6,15,0.9009287081339713,0.3777334199470301
2470,,after_candidate_limit,,993,39,18,39,12.78,3.83,1.33,3.67,6,8,0.9009287081339713,0.3777334199470301
2471,,after_candidate_limit,,994,39,19,39,12.78,3.83,1.33,3.67,6,15,0.9009287081339713,0.3777334199470301
2472,,after_candidate_limit,,1144,45,19,45,12.78,5.75,1.33,2,6,15,0.9009287081339713,0.3777334199470301
2473,,after_candidate_limit,,1169,46,19,46,12.78,5.75,1.33,3.67,6,15,0.9009287081339713,0.3777334199470301
2474,,after_candidate_limit,,1319,52,19,52,12.78,7.67,1.33,2,6,15,0.9009287081339713,0.3777334199470301
2475,,after_candidate_limit,,1344,53,19,53,12.78,7.67,1.33,3.67,6,15,0.9009287081339713,0.3777334199470301
2476,,after_candidate_limit,,2721,108,21,108,15,9,1.33,2,20,2,0.9009205741626795,0.3926219600372676
2477,,after_candidate_limit,,1442,57,17,57,13.89,12.5,0.5,1.38,6,3,0.9009167464114832,0.40133060449472924
2478,,after_candidate_limit,,2547,101,22,101,15,6.75,1.33,2,20,3,0.9009071770334928,0.3834497740451234
2479,,after_candidate_limit,,2572,102,22,102,15,6.75,1.33,3.67,20,3,0.9009062200956938,0.3839332432352029
2480,,after_candidate_limit,,2397,95,22,95,15,4.5,1.33,3.67,20,3,0.9007665071770334,0.38025823023292843
2481,,after_candidate_limit,,2372,94,22,94,15,4.5,1.33,2,20,3,0.9007397129186603,0.37994439683119713
2482,,after_candidate_limit,,794,31,19,31,12.78,11.5,1.33,2,6,15,0.9007267942583732,0.3820710232431106
2483,,after_candidate_limit,,2746,109,21,109,15,9,1.33,3.67,20,2,0.9006947368421052,0.3922212716372718
2484,,after_candidate_limit,,819,32,19,32,12.78,11.5,1.33,3.67,6,15,0.9005956937799043,0.3820898357320436
2485,,after_candidate_limit,,660,26,10,26,11.67,7,2.17,3.25,3,1,0.9004038277511962,0.4311259748369634
2486,,after_candidate_limit,,2548,101,23,101,15,6.75,1.33,2,20,8,0.9001827751196172,0.3680455712941371
2487,,after_candidate_limit,,2573,102,23,102,15,6.75,1.33,3.67,20,8,0.9001827751196172,0.3680455712941371
2488,,after_candidate_limit,,2373,94,23,94,15,4.5,1.33,2,20,8,0.9001789473684211,0.3679987258144201
2489,,after_candidate_limit,,2374,94,24,94,15,4.5,1.33,2,20,15,0.9001789473684211,0.3679987258144201
2490,,after_candidate_limit,,2398,95,23,95,15,4.5,1.33,3.67,20,8,0.9001789473684211,0.3679987258144201
2491,,after_candidate_limit,,2399,95,24,95,15,4.5,1.33,3.67,20,15,0.9001789473684211,0.3679987258144201
2492,,after_candidate_limit,,2549,101,24,101,15,6.75,1.33,2,20,15,0.9001789473684211,0.3679987258144201
2493,,after_candidate_limit,,2574,102,24,102,15,6.75,1.33,3.67,20,15,0.9001789473684211,0.3679987258144201
2494,,after_candidate_limit,,2749,109,24,109,15,9,1.33,3.67,20,15,0.9001789473684211,0.3679987258144201
2495,,after_candidate_limit,,2724,108,24,108,15,9,1.33,2,20,15,0.900177990430622,0.3677866046022989
2496,,after_candidate_limit,,767,30,17,30,12.78,11.5,0.5,2,6,3,0.9001502392344498,0.39256439286410716
2497,,after_candidate_limit,,2748,109,23,109,15,9,1.33,3.67,20,8,0.9000277511961723,0.37083268378980344
2498,,after_candidate_limit,,2723,108,23,108,15,9,1.33,2,20,8,0.9000162679425837,0.37206096077957457
2499,,after_candidate_limit,,2243,89,18,89,15,13.5,2.17,3.25,6,8,0.8999253588516747,0.3919375543688262
2500,,after_candidate_limit,,1997,79,22,79,13.89,8.33,0.5,2,20,3,0.8998047846889952,0.38889682338915366
2501,,after_candidate_limit,,485,19,10,19,11.67,5.25,2.17,3.25,3,1,0.8996181818181819,0.4134455080762714
2502,,after_candidate_limit,,792,31,17,31,12.78,11.5,1.33,2,6,3,0.8994732057416268,0.3732991289076157
2503,,after_candidate_limit,,160,6,10,6,11.67,10.5,3,4.5,3,1,0.899333971291866,0.3748141749276414
2504,,after_candidate_limit,,136,5,11,5,11.67,10.5,2.17,3.25,3,2,0.8992066985645933,0.39510398653593143
2505,,after_candidate_limit,,741,29,16,29,12.78,11.5,0.5,1.38,6,2,0.8991425837320575,0.40084730193693935
2506,,after_candidate_limit,,817,32,17,32,12.78,11.5,1.33,3.67,6,3,0.8990904306220096,0.3656471689769711
2507,,after_candidate_limit,,2696,107,21,107,15,9,0.5,2,20,2,0.8988229665071771,0.4030755249163382
2508,,after_candidate_limit,,2671,106,21,106,15,9,0.5,1.38,20,2,0.8987631578947368,0.4019797604191727
2509,,after_candidate_limit,,310,12,10,12,11.67,3.5,2.17,3.25,3,1,0.8987397129186603,0.40001998335832567
2510,,after_candidate_limit,,137,5,12,5,11.67,10.5,2.17,3.25,3,3,0.8986775119617225,0.3922289731833863
2511,,after_candidate_limit,,661,26,11,26,11.67,7,2.17,3.25,3,2,0.898644019138756,0.401892496142506
2512,,after_candidate_limit,,4130,165,5,165,9.44,8.5,1.33,3.67,2,1,0.8986038277511962,0.41040831517095383
2513,,after_candidate_limit,,766,30,16,30,12.78,11.5,0.5,2,6,2,0.8985760765550239,0.3959655439795931
2514,,after_candidate_limit,,4105,164,5,164,9.44,8.5,1.33,2,2,1,0.8985588516746411,0.4126718036677673
2515,,after_candidate_limit,,486,19,11,19,11.67,5.25,2.17,3.25,3,2,0.8985502392344498,0.39919189384484705
2516,,after_candidate_limit,,138,5,13,5,11.67,10.5,2.17,3.25,3,8,0.8985023923444976,0.39585076468014957
2517,,after_candidate_limit,,662,26,12,26,11.67,7,2.17,3.25,3,3,0.8984775119617225,0.3981530643612077
2518,,after_candidate_limit,,3955,158,5,158,9.44,5.66,1.33,3.67,2,1,0.8983588516746411,0.39011005989485087
2519,,after_candidate_limit,,487,19,12,19,11.67,5.25,2.17,3.25,3,3,0.8983511961722488,0.396254940701137
2520,,after_candidate_limit,,311,12,11,12,11.67,3.5,2.17,3.25,3,2,0.8983311004784689,0.3956345145063458
2521,,after_candidate_limit,,3930,157,5,157,9.44,5.66,1.33,2,2,1,0.8983234449760765,0.3922806222447645
2522,,after_candidate_limit,,312,12,12,12,11.67,3.5,2.17,3.25,3,3,0.898111004784689,0.3927981106706049
2523,,after_candidate_limit,,663,26,13,26,11.67,7,2.17,3.25,3,8,0.8978545454545455,0.3843802571523807
2524,,after_candidate_limit,,313,12,13,12,11.67,3.5,2.17,3.25,3,8,0.8978401913875598,0.38422998245660206
2525,,after_candidate_limit,,314,12,14,12,11.67,3.5,2.17,3.25,3,15,0.8978401913875598,0.38422998245660206
2526,,after_candidate_limit,,488,19,13,19,11.67,5.25,2.17,3.25,3,8,0.8978401913875598,0.38422998245660206
2527,,after_candidate_limit,,489,19,14,19,11.67,5.25,2.17,3.25,3,15,0.8978401913875598,0.38422998245660206
2528,,after_candidate_limit,,664,26,14,26,11.67,7,2.17,3.25,3,15,0.8978401913875598,0.38422998245660206
2529,,after_candidate_limit,,139,5,14,5,11.67,10.5,2.17,3.25,3,15,0.8978392344497608,0.3871169610897073
2530,,after_candidate_limit,,4106,164,6,164,9.44,8.5,1.33,2,2,2,0.8976401913875598,0.38226785913178957
2531,,after_candidate_limit,,3780,151,5,151,9.44,4.25,1.33,3.67,2,1,0.897578947368421,0.37646333170359153
2532,,after_candidate_limit,,4131,165,6,165,9.44,8.5,1.33,3.67,2,2,0.8975703349282297,0.3795625718279334
2533,,after_candidate_limit,,3755,150,5,150,9.44,4.25,1.33,2,2,1,0.897555980861244,0.3779748353848392
2534,,after_candidate_limit,,1416,56,16,56,13.89,12.5,0.5,0.75,6,2,0.8973631578947369,0.3997533125065943
2535,,after_candidate_limit,,4107,164,7,164,9.44,8.5,1.33,2,2,3,0.8973588516746411,0.3732897368931857
2536,,after_candidate_limit,,3956,158,6,158,9.44,5.66,1.33,3.67,2,2,0.8972736842105263,0.37467679234385004
2537,,after_candidate_limit,,3605,144,5,144,9.44,2.83,1.33,3.67,2,1,0.8972727272727272,0.37301751054763055
2538,,after_candidate_limit,,3580,143,5,143,9.44,2.83,1.33,2,2,1,0.8972698564593301,0.3732763709294237
2539,,after_candidate_limit,,4132,165,7,165,9.44,8.5,1.33,3.67,2,3,0.8972650717703349,0.3715057746952549
2540,,after_candidate_limit,,3931,157,6,157,9.44,5.66,1.33,2,2,2,0.8972612440191388,0.37475729303395916
2541,,after_candidate_limit,,1492,59,17,59,13.89,12.5,1.33,2,6,3,0.8971894736842105,0.3765831694102872
2542,,after_candidate_limit,,1971,78,21,78,13.89,8.33,0.5,1.38,20,2,0.897133014354067,0.39647452158209706
2543,,after_candidate_limit,,1996,79,21,79,13.89,8.33,0.5,2,20,2,0.8970545454545454,0.3943519669968047
2544,,after_candidate_limit,,3781,151,6,151,9.44,4.25,1.33,3.67,2,2,0.8970459330143541,0.3703806311887137
2545,,after_candidate_limit,,3932,157,7,157,9.44,5.66,1.33,2,2,3,0.8970344497607655,0.37196698117801774
2546,,after_candidate_limit,,3756,150,6,150,9.44,4.25,1.33,2,2,2,0.8970325358851675,0.3702481982213405
2547,,after_candidate_limit,,3957,158,7,158,9.44,5.66,1.33,3.67,2,3,0.8970306220095694,0.37075319023323705
2548,,after_candidate_limit,,1467,58,17,58,13.89,12.5,0.5,2,6,3,0.8969971291866029,0.3938097245846544
2549,,after_candidate_limit,,1945,77,20,77,13.89,8.33,0.5,0.75,20,1,0.8969052631578948,0.4038145157724067
2550,,after_candidate_limit,,3782,151,7,151,9.44,4.25,1.33,3.67,2,3,0.8968976076555024,0.36877326196644006
2551,,after_candidate_limit,,3757,150,7,150,9.44,4.25,1.33,2,2,3,0.8968784688995215,0.36848840932844723
2552,,after_candidate_limit,,3606,144,6,144,9.44,2.83,1.33,3.67,2,2,0.8968755980861244,0.36843065287689436
2553,,after_candidate_limit,,3581,143,6,143,9.44,2.83,1.33,2,2,2,0.8968564593301436,0.36806573230768413
2554,,after_candidate_limit,,3582,143,7,143,9.44,2.83,1.33,2,2,3,0.896777033492823,0.3651005149222036
2555,,after_candidate_limit,,3607,144,7,144,9.44,2.83,1.33,3.67,2,3,0.896777033492823,0.36505158573260943
2556,,after_candidate_limit,,4133,165,8,165,9.44,8.5,1.33,3.67,2,8,0.8966421052631579,0.3610540115755025
2557,,after_candidate_limit,,791,31,16,31,12.78,11.5,1.33,2,6,2,0.8966287081339713,0.3715074344122782
2558,,after_candidate_limit,,3958,158,8,158,9.44,5.66,1.33,3.67,2,8,0.8966009569377991,0.35928197574595133
2559,,after_candidate_limit,,3933,157,8,157,9.44,5.66,1.33,2,2,8,0.896599043062201,0.3592562969503867
2560,,after_candidate_limit,,3583,143,8,143,9.44,2.83,1.33,2,2,8,0.896598086124402,0.35924311166239226
2561,,after_candidate_limit,,3584,143,9,143,9.44,2.83,1.33,2,2,15,0.896598086124402,0.35924311166239226
2562,,after_candidate_limit,,3608,144,8,144,9.44,2.83,1.33,3.67,2,8,0.896598086124402,0.35924311166239226
2563,,after_candidate_limit,,3609,144,9,144,9.44,2.83,1.33,3.67,2,15,0.896598086124402,0.35924311166239226
2564,,after_candidate_limit,,3758,150,8,150,9.44,4.25,1.33,2,2,8,0.896598086124402,0.35924311166239226
2565,,after_candidate_limit,,3759,150,9,150,9.44,4.25,1.33,2,2,15,0.896598086124402,0.35924311166239226
2566,,after_candidate_limit,,3783,151,8,151,9.44,4.25,1.33,3.67,2,8,0.896598086124402,0.35924311166239226
2567,,after_candidate_limit,,3784,151,9,151,9.44,4.25,1.33,3.67,2,15,0.896598086124402,0.35924311166239226
2568,,after_candidate_limit,,3934,157,9,157,9.44,5.66,1.33,2,2,15,0.896598086124402,0.35924311166239226
2569,,after_candidate_limit,,3959,158,9,158,9.44,5.66,1.33,3.67,2,15,0.896598086124402,0.35924311166239226
2570,,after_candidate_limit,,4109,164,9,164,9.44,8.5,1.33,2,2,15,0.896598086124402,0.35924311166239226
2571,,after_candidate_limit,,4134,165,9,165,9.44,8.5,1.33,3.67,2,15,0.896598086124402,0.35924311166239226
2572,,after_candidate_limit,,2199,87,24,87,15,13.5,1.33,2,20,15,0.8965645933014355,0.35489518717361573
2573,,after_candidate_limit,,4108,164,8,164,9.44,8.5,1.33,2,2,8,0.8965588516746411,0.3598665764331691
2574,,after_candidate_limit,,2224,88,24,88,15,13.5,1.33,3.67,20,15,0.8964578947368421,0.35389460949297624
2575,,after_candidate_limit,,2124,84,24,84,15,13.5,0.5,0.75,20,15,0.8963397129186603,0.36284185354480286
2576,,after_candidate_limit,,816,32,16,32,12.78,11.5,1.33,3.67,6,2,0.8958172248803827,0.362839026712308
2577,,after_candidate_limit,,135,5,10,5,11.67,10.5,2.17,3.25,3,1,0.8957090909090909,0.382418993190023
2578,,after_candidate_limit,,1441,57,16,57,13.89,12.5,0.5,1.38,6,2,0.8950368421052631,0.38620126869206517
2579,,after_candidate_limit,,1915,76,15,76,13.89,6.25,3,4.5,6,1,0.8944248803827751,0.42615844436555855
2580,,after_candidate_limit,,1517,60,17,60,13.89,12.5,1.33,3.67,6,3,0.8938909090909091,0.3678560223391131
2581,,after_candidate_limit,,2091,83,16,83,13.89,8.33,3,4.5,6,2,0.8937320574162679,0.4172972696479768
2582,,after_candidate_limit,,1740,69,15,69,13.89,4.17,3,4.5,6,1,0.8934717703349282,0.41147838203073994
2583,,after_candidate_limit,,1890,75,15,75,13.89,6.25,2.17,3.25,6,1,0.8933870813397129,0.43181584633532655
2584,,after_candidate_limit,,2092,83,17,83,13.89,8.33,3,4.5,6,3,0.8932086124401913,0.408293851872704
2585,,after_candidate_limit,,2090,83,15,83,13.89,8.33,3,4.5,6,1,0.8930574162679425,0.4307820261884619
2586,,after_candidate_limit,,1916,76,16,76,13.89,6.25,3,4.5,6,2,0.8930133971291866,0.40947098786219444
2587,,after_candidate_limit,,1917,76,17,76,13.89,6.25,3,4.5,6,3,0.8929856459330143,0.40953129741594646
2588,,after_candidate_limit,,2149,85,24,85,15,13.5,0.5,1.38,20,15,0.8929569377990431,0.36528544304100935
2589,,after_candidate_limit,,1741,69,16,69,13.89,4.17,3,4.5,6,2,0.8928775119617225,0.4059761666756945
2590,,after_candidate_limit,,2174,86,24,86,15,13.5,0.5,2,20,15,0.8927588516746412,0.3646714989992001
2591,,after_candidate_limit,,1742,69,17,69,13.89,4.17,3,4.5,6,3,0.892688038277512,0.40455527143027126
2592,,after_candidate_limit,,2066,82,16,82,13.89,8.33,2.17,3.25,6,2,0.8926244019138756,0.4211139547350294
2593,,after_candidate_limit,,1715,68,15,68,13.89,4.17,2.17,3.25,6,1,0.8924090909090909,0.4139636968651408
2594,,after_candidate_limit,,2093,83,18,83,13.89,8.33,3,4.5,6,8,0.8923827751196173,0.39850609949071814
2595,,after_candidate_limit,,1569,62,19,62,13.89,12.5,3,4.5,6,15,0.8923636363636364,0.39672252404844244
2596,,after_candidate_limit,,1918,76,18,76,13.89,6.25,3,4.5,6,8,0.8922526315789474,0.3936869099109362
2597,,after_candidate_limit,,1743,69,18,69,13.89,4.17,3,4.5,6,8,0.8922488038277512,0.39364896515743336
2598,,after_candidate_limit,,1744,69,19,69,13.89,4.17,3,4.5,6,15,0.8922488038277512,0.39364896515743336
2599,,after_candidate_limit,,1919,76,19,76,13.89,6.25,3,4.5,6,15,0.8922488038277512,0.39364896515743336
2600,,after_candidate_limit,,2094,83,19,83,13.89,8.33,3,4.5,6,15,0.8922488038277512,0.39364896515743336
2601,,after_candidate_limit,,2067,82,17,82,13.89,8.33,2.17,3.25,6,3,0.8922038277511962,0.4128666460937462
2602,,after_candidate_limit,,1891,75,16,75,13.89,6.25,2.17,3.25,6,2,0.8920583732057417,0.41285808807503827
2603,,after_candidate_limit,,2065,82,15,82,13.89,8.33,2.17,3.25,6,1,0.8919363636363636,0.43422839154429266
2604,,after_candidate_limit,,1892,75,17,75,13.89,6.25,2.17,3.25,6,3,0.891933971291866,0.41216805321659156
2605,,after_candidate_limit,,1716,68,16,68,13.89,4.17,2.17,3.25,6,2,0.891844976076555,0.4087280116578762
2606,,after_candidate_limit,,2117,84,17,84,15,13.5,0.5,0.75,6,3,0.8917655502392344,0.4140981733346865
2607,,after_candidate_limit,,1717,68,17,68,13.89,4.17,2.17,3.25,6,3,0.8916344497607656,0.40713442534064903
2608,,after_candidate_limit,,2068,82,18,82,13.89,8.33,2.17,3.25,6,8,0.891332057416268,0.40054031627216297
2609,,after_candidate_limit,,1544,61,19,61,13.89,12.5,2.17,3.25,6,15,0.8913263157894736,0.39982152502290125
2610,,after_candidate_limit,,1893,75,18,75,13.89,6.25,2.17,3.25,6,8,0.8912057416267942,0.39625978931407724
2611,,after_candidate_limit,,1718,68,18,68,13.89,4.17,2.17,3.25,6,8,0.8912,0.39620337140974493
2612,,after_candidate_limit,,1719,68,19,68,13.89,4.17,2.17,3.25,6,15,0.8912,0.39620337140974493
2613,,after_candidate_limit,,1894,75,19,75,13.89,6.25,2.17,3.25,6,15,0.8912,0.39620337140974493
2614,,after_candidate_limit,,2069,82,19,82,13.89,8.33,2.17,3.25,6,15,0.8912,0.39620337140974493
2615,,after_candidate_limit,,2645,105,20,105,15,9,0.5,0.75,20,1,0.8909569377990431,0.4058815627614635
2616,,after_candidate_limit,,2192,87,17,87,15,13.5,1.33,2,6,3,0.8907263157894737,0.38441383284792324
2617,,after_candidate_limit,,1568,62,18,62,13.89,12.5,3,4.5,6,8,0.8903387559808612,0.3861416832385411
2618,,after_candidate_limit,,1424,56,24,56,13.89,12.5,0.5,0.75,20,15,0.8898751196172249,0.36860394547311415
2619,,after_candidate_limit,,1970,78,20,78,13.89,8.33,0.5,1.38,20,1,0.8898478468899521,0.39852923407314605
2620,,after_candidate_limit,,1543,61,18,61,13.89,12.5,2.17,3.25,6,8,0.8894641148325358,0.3895335189212189
2621,,after_candidate_limit,,1449,57,24,57,13.89,12.5,0.5,1.38,20,15,0.8893377990430622,0.3672702598498994
2622,,after_candidate_limit,,1423,56,23,56,13.89,12.5,0.5,0.75,20,8,0.8893167464114833,0.36263147593484113
2623,,after_candidate_limit,,1474,58,24,58,13.89,12.5,0.5,2,20,15,0.8893157894736842,0.36639077861489716
2624,,after_candidate_limit,,1995,79,20,79,13.89,8.33,0.5,2,20,1,0.8892258373205741,0.3950622589492022
2625,,after_candidate_limit,,2267,90,17,90,15,13.5,3,4.5,6,3,0.8888344497607655,0.3861552179750035
2626,,after_candidate_limit,,2217,88,17,88,15,13.5,1.33,3.67,6,3,0.8887425837320574,0.3746114921555274
2627,,after_candidate_limit,,2142,85,17,85,15,13.5,0.5,1.38,6,3,0.888044976076555,0.40914313661900853
2628,,after_candidate_limit,,15,0,15,0,11.67,10.5,0.5,0.75,6,1,0.8879971291866029,0.3865646961881369
2629,,after_candidate_limit,,2695,107,20,107,15,9,0.5,2,20,1,0.8874727272727273,0.3984950452658685
2630,,after_candidate_limit,,2670,106,20,106,15,9,0.5,1.38,20,1,0.8873971291866029,0.4013074945199892
2631,,after_candidate_limit,,2620,104,20,104,15,6.75,3,4.5,20,1,0.8873837320574163,0.40663360211581967
2632,,after_candidate_limit,,1491,59,16,59,13.89,12.5,1.33,2,6,2,0.8872583732057416,0.35799391520371987
2633,,after_candidate_limit,,2720,108,20,108,15,9,1.33,2,20,1,0.8871473684210527,0.3761235534649926
2634,,after_candidate_limit,,2167,86,17,86,15,13.5,0.5,2,6,3,0.8867598086124402,0.40390046940252283
2635,,after_candidate_limit,,1516,60,16,60,13.89,12.5,1.33,3.67,6,2,0.8866846889952154,0.3499260202345039
2636,,after_candidate_limit,,1170,46,20,46,12.78,5.75,1.33,3.67,20,1,0.8864736842105263,0.3902272277466272
2637,,after_candidate_limit,,1145,45,20,45,12.78,5.75,1.33,2,20,1,0.8863081339712918,0.39098532095420135
2638,,after_candidate_limit,,2445,97,20,97,15,4.5,3,4.5,20,1,0.8862306220095694,0.38128116386767213
2639,,after_candidate_limit,,40,1,15,1,11.67,10.5,0.5,1.38,6,1,0.8860358851674641,0.3741075773802591
2640,,after_candidate_limit,,1448,57,23,57,13.89,12.5,0.5,1.38,20,8,0.8859832535885167,0.36147677604648704
2641,,after_candidate_limit,,2242,89,17,89,15,13.5,2.17,3.25,6,3,0.8858985645933014,0.3831383747870718
2642,,after_candidate_limit,,2446,97,21,97,15,4.5,3,4.5,20,2,0.8858832535885167,0.37813295391505153
2643,,after_candidate_limit,,2621,104,21,104,15,6.75,3,4.5,20,2,0.88582009569378,0.3808110280152479
2644,,after_candidate_limit,,2622,104,22,104,15,6.75,3,4.5,20,3,0.8857990430622009,0.38058327104978007
2645,,after_candidate_limit,,2447,97,22,97,15,4.5,3,4.5,20,3,0.8856976076555024,0.3773234515586918
2646,,after_candidate_limit,,1171,46,21,46,12.78,5.75,1.33,3.67,20,2,0.8852593301435406,0.382767518580629
2647,,after_candidate_limit,,1146,45,21,45,12.78,5.75,1.33,2,20,2,0.8852555023923445,0.38244202915139053
2648,,after_candidate_limit,,970,38,20,38,12.78,3.83,1.33,2,20,1,0.8851846889952153,0.3797836344616388
2649,,after_candidate_limit,,995,39,20,39,12.78,3.83,1.33,3.67,20,1,0.8851846889952153,0.3793547400775095
2650,,after_candidate_limit,,1322,52,22,52,12.78,7.67,1.33,2,20,3,0.8851435406698565,0.37720656123966234
2651,,after_candidate_limit,,1347,53,22,53,12.78,7.67,1.33,3.67,20,3,0.8851023923444976,0.3777969842843385
2652,,after_candidate_limit,,1147,45,22,45,12.78,5.75,1.33,2,20,3,0.8850870813397129,0.3808138328277394
2653,,after_candidate_limit,,1172,46,22,46,12.78,5.75,1.33,3.67,20,3,0.8850861244019139,0.379278631346001
2654,,after_candidate_limit,,996,39,21,39,12.78,3.83,1.33,3.67,20,2,0.8850488038277512,0.3785431922289699
2655,,after_candidate_limit,,971,38,21,38,12.78,3.83,1.33,2,20,2,0.8850468899521531,0.3784996452186289
2656,,after_candidate_limit,,2623,104,23,104,15,6.75,3,4.5,20,8,0.8850373205741627,0.3646180946130503
2657,,after_candidate_limit,,2448,97,23,97,15,4.5,3,4.5,20,8,0.8850315789473684,0.36454587855275306
2658,,after_candidate_limit,,2449,97,24,97,15,4.5,3,4.5,20,15,0.8850315789473684,0.36454587855275306
2659,,after_candidate_limit,,2624,104,24,104,15,6.75,3,4.5,20,15,0.8850315789473684,0.36454587855275306
2660,,after_candidate_limit,,2799,111,24,111,15,9,3,4.5,20,15,0.8850315789473684,0.36454587855275306
2661,,after_candidate_limit,,1845,73,20,73,13.89,6.25,1.33,2,20,1,0.8849617224880383,0.40752753911214323
2662,,after_candidate_limit,,997,39,22,39,12.78,3.83,1.33,3.67,20,3,0.8849502392344497,0.3773196950402941
2663,,after_candidate_limit,,972,38,22,38,12.78,3.83,1.33,2,20,3,0.8849483253588517,0.3772205983235726
2664,,after_candidate_limit,,2798,111,23,111,15,9,3,4.5,20,8,0.8848832535885167,0.367836734368664
2665,,after_candidate_limit,,2745,109,20,109,15,9,1.33,3.67,20,1,0.8848617224880383,0.3757694624766599
2666,,after_candidate_limit,,1466,58,16,58,13.89,12.5,0.5,2,6,2,0.8844928229665072,0.38016817650410734
2667,,after_candidate_limit,,1323,52,23,52,12.78,7.67,1.33,2,20,8,0.8844851674641149,0.3707444480290588
2668,,after_candidate_limit,,1348,53,23,53,12.78,7.67,1.33,3.67,20,8,0.8844794258373205,0.37057742853101017
2669,,after_candidate_limit,,973,38,23,38,12.78,3.83,1.33,2,20,8,0.8844535885167464,0.36639402797830534
2670,,after_candidate_limit,,974,38,24,38,12.78,3.83,1.33,2,20,15,0.8844535885167464,0.36639402797830534
2671,,after_candidate_limit,,998,39,23,39,12.78,3.83,1.33,3.67,20,8,0.8844535885167464,0.36639402797830534
2672,,after_candidate_limit,,999,39,24,39,12.78,3.83,1.33,3.67,20,15,0.8844535885167464,0.36639402797830534
2673,,after_candidate_limit,,1148,45,23,45,12.78,5.75,1.33,2,20,8,0.8844535885167464,0.36639402797830534
2674,,after_candidate_limit,,1149,45,24,45,12.78,5.75,1.33,2,20,15,0.8844535885167464,0.36639402797830534
2675,,after_candidate_limit,,1173,46,23,46,12.78,5.75,1.33,3.67,20,8,0.8844535885167464,0.36639402797830534
2676,,after_candidate_limit,,1174,46,24,46,12.78,5.75,1.33,3.67,20,15,0.8844535885167464,0.36639402797830534
2677,,after_candidate_limit,,1324,52,24,52,12.78,7.67,1.33,2,20,15,0.8844535885167464,0.36639402797830534
2678,,after_candidate_limit,,1349,53,24,53,12.78,7.67,1.33,3.67,20,15,0.8844535885167464,0.36639402797830534
2679,,after_candidate_limit,,2191,87,16,87,15,13.5,1.33,2,6,2,0.8841425837320575,0.3688594721763163
2680,,after_candidate_limit,,1846,73,21,73,13.89,6.25,1.33,2,20,2,0.8838526315789473,0.388856832577951
2681,,after_candidate_limit,,1871,74,21,74,13.89,6.25,1.33,3.67,20,2,0.8838057416267943,0.3878352052349426
2682,,after_candidate_limit,,1670,66,20,66,13.89,4.17,1.33,2,20,1,0.8836354066985646,0.3856171035681053
2683,,after_candidate_limit,,1695,67,20,67,13.89,4.17,1.33,3.67,20,1,0.8836143540669856,0.38389245177312287
2684,,after_candidate_limit,,1696,67,21,67,13.89,4.17,1.33,3.67,20,2,0.8834267942583732,0.38277331549752425
2685,,after_candidate_limit,,1671,66,21,66,13.89,4.17,1.33,2,20,2,0.883422966507177,0.38275076877752945
2686,,after_candidate_limit,,3890,155,15,155,9.44,5.66,0.5,1.38,6,1,0.8834095693779904,0.3746164848953565
2687,,after_candidate_limit,,3915,156,15,156,9.44,5.66,0.5,2,6,1,0.8834066985645933,0.3713780388134115
2688,,after_candidate_limit,,1872,74,22,74,13.89,6.25,1.33,3.67,20,3,0.883333014354067,0.38588151881577026
2689,,after_candidate_limit,,1847,73,22,73,13.89,6.25,1.33,2,20,3,0.8833253588516746,0.3858740708273027
2690,,after_candidate_limit,,3865,154,15,154,9.44,5.66,0.5,0.75,6,1,0.883222966507177,0.38244863897423176
2691,,after_candidate_limit,,2123,84,23,84,15,13.5,0.5,0.75,20,8,0.8832191387559809,0.3465348507216941
2692,,after_candidate_limit,,1697,67,22,67,13.89,4.17,1.33,3.67,20,3,0.8832,0.38143681222048154
2693,,after_candidate_limit,,1672,66,22,66,13.89,4.17,1.33,2,20,3,0.8831904306220095,0.38118448491988705
2694,,after_candidate_limit,,2116,84,16,84,15,13.5,0.5,0.75,6,2,0.8831205741626794,0.40182604016646617
2695,,after_candidate_limit,,2048,81,23,81,13.89,8.33,1.33,3.67,20,8,0.8828296650717703,0.3738551620833748
2696,,after_candidate_limit,,2023,80,23,80,13.89,8.33,1.33,2,20,8,0.8828066985645933,0.37235439651614516
2697,,after_candidate_limit,,4041,161,16,161,9.44,8.5,0.5,0.75,6,2,0.8827684210526315,0.37494762032527273
2698,,after_candidate_limit,,1873,74,23,74,13.89,6.25,1.33,3.67,20,8,0.8827617224880383,0.36913952852921944
2699,,after_candidate_limit,,1848,73,23,73,13.89,6.25,1.33,2,20,8,0.8827607655502392,0.3691204844664861
2700,,after_candidate_limit,,1673,66,23,66,13.89,4.17,1.33,2,20,8,0.8827588516746412,0.36908166481981547
2701,,after_candidate_limit,,1674,66,24,66,13.89,4.17,1.33,2,20,15,0.8827588516746412,0.36908166481981547
2702,,after_candidate_limit,,1698,67,23,67,13.89,4.17,1.33,3.67,20,8,0.8827588516746412,0.36908166481981547
2703,,after_candidate_limit,,1699,67,24,67,13.89,4.17,1.33,3.67,20,15,0.8827588516746412,0.36908166481981547
2704,,after_candidate_limit,,1849,73,24,73,13.89,6.25,1.33,2,20,15,0.8827588516746412,0.36908166481981547
2705,,after_candidate_limit,,1874,74,24,74,13.89,6.25,1.33,3.67,20,15,0.8827588516746412,0.36908166481981547
2706,,after_candidate_limit,,2024,80,24,80,13.89,8.33,1.33,2,20,15,0.8827588516746412,0.36908166481981547
2707,,after_candidate_limit,,2049,81,24,81,13.89,8.33,1.33,3.67,20,15,0.8827588516746412,0.36908166481981547
2708,,after_candidate_limit,,4091,163,16,163,9.44,8.5,0.5,2,6,2,0.8827464114832536,0.3653971981280081
2709,,after_candidate_limit,,1473,58,23,58,13.89,12.5,0.5,2,20,8,0.8827167464114832,0.359955038004948
2710,,after_candidate_limit,,3690,147,15,147,9.44,4.25,0.5,0.75,6,1,0.8827129186602871,0.3700906933927709
2711,,after_candidate_limit,,1365,54,15,54,12.78,7.67,2.17,3.25,6,1,0.882701913875598,0.40103650307152255
2712,,after_candidate_limit,,2797,111,22,111,15,9,3,4.5,20,3,0.8827014354066985,0.3842411406309424
2713,,after_candidate_limit,,4066,162,16,162,9.44,8.5,0.5,1.38,6,2,0.8826488038277512,0.3685306330610536
2714,,after_candidate_limit,,1190,47,15,47,12.78,5.75,2.17,3.25,6,1,0.8826344497607655,0.39710105806128265
2715,,after_candidate_limit,,3715,148,15,148,9.44,4.25,0.5,1.38,6,1,0.8824497607655503,0.3609829137962838
2716,,after_candidate_limit,,4092,163,17,163,9.44,8.5,0.5,2,6,3,0.8824421052631579,0.3609491621400575
2717,,after_candidate_limit,,3740,149,15,149,9.44,4.25,0.5,2,6,1,0.8824191387559809,0.35858678537314836
2718,,after_candidate_limit,,4067,162,17,162,9.44,8.5,0.5,1.38,6,3,0.8823473684210527,0.3634681837999355
2719,,after_candidate_limit,,3866,154,16,154,9.44,5.66,0.5,0.75,6,2,0.8823301435406699,0.3617229834371458
2720,,after_candidate_limit,,3891,155,16,155,9.44,5.66,0.5,1.38,6,2,0.8822411483253588,0.35956768118801036
2721,,after_candidate_limit,,3916,156,16,156,9.44,5.66,0.5,2,6,2,0.8822287081339713,0.35834038262626483
2722,,after_candidate_limit,,4042,161,17,161,9.44,8.5,0.5,0.75,6,3,0.8821674641148325,0.3664615437713335
2723,,after_candidate_limit,,3515,140,15,140,9.44,2.83,0.5,0.75,6,1,0.8821311004784689,0.3596150078011776
2724,,after_candidate_limit,,3565,142,15,142,9.44,2.83,0.5,2,6,1,0.8821205741626794,0.35400925772013536
2725,,after_candidate_limit,,3691,147,16,147,9.44,4.25,0.5,0.75,6,2,0.8820755980861245,0.35648594190926747
2726,,after_candidate_limit,,3741,149,16,149,9.44,4.25,0.5,2,6,2,0.8820535885167464,0.35361948465028703
2727,,after_candidate_limit,,3716,148,16,148,9.44,4.25,0.5,1.38,6,2,0.8820526315789474,0.3539541797380434
2728,,after_candidate_limit,,3540,141,15,141,9.44,2.83,0.5,1.38,6,1,0.882022009569378,0.35448562223328156
2729,,after_candidate_limit,,65,2,15,2,11.67,10.5,0.5,2,6,1,0.8820019138755981,0.3623576387101435
2730,,after_candidate_limit,,3867,154,17,154,9.44,5.66,0.5,0.75,6,3,0.8819856459330143,0.3564653423276247
2731,,after_candidate_limit,,3917,156,17,156,9.44,5.66,0.5,2,6,3,0.8819751196172249,0.3547258326726491
2732,,after_candidate_limit,,3892,155,17,155,9.44,5.66,0.5,1.38,6,3,0.8819732057416267,0.35546287471126686
2733,,after_candidate_limit,,3742,149,17,149,9.44,4.25,0.5,2,6,3,0.881866028708134,0.3513913931190285
2734,,after_candidate_limit,,3516,140,16,140,9.44,2.83,0.5,0.75,6,2,0.8818574162679426,0.35101119536986525
2735,,after_candidate_limit,,1366,54,16,54,12.78,7.67,2.17,3.25,6,2,0.8818559808612441,0.3898056167536003
2736,,after_candidate_limit,,3692,147,17,147,9.44,4.25,0.5,0.75,6,3,0.8818545454545454,0.35092920439598596
2737,,after_candidate_limit,,3717,148,17,148,9.44,4.25,0.5,1.38,6,3,0.8818526315789473,0.3507934713366372
2738,,after_candidate_limit,,3566,142,16,142,9.44,2.83,0.5,2,6,2,0.8818296650717703,0.3499820794881826
2739,,after_candidate_limit,,3541,141,16,141,9.44,2.83,0.5,1.38,6,2,0.8818267942583732,0.3497764428706603
2740,,after_candidate_limit,,3567,142,17,142,9.44,2.83,0.5,2,6,3,0.8817090909090909,0.3462321528773675
2741,,after_candidate_limit,,1870,74,20,74,13.89,6.25,1.33,3.67,20,1,0.8816990430622009,0.40011650248831254
2742,,after_candidate_limit,,3517,140,17,140,9.44,2.83,0.5,0.75,6,3,0.8816344497607655,0.3461326935003865
2743,,after_candidate_limit,,3542,141,17,141,9.44,2.83,0.5,1.38,6,3,0.8816334928229665,0.3457656538423334
2744,,after_candidate_limit,,1191,47,16,47,12.78,5.75,2.17,3.25,6,2,0.8816062200956938,0.3859724856740494
2745,,after_candidate_limit,,1367,54,17,54,12.78,7.67,2.17,3.25,6,3,0.8815698564593302,0.38403546230199576
2746,,after_candidate_limit,,1015,40,15,40,12.78,3.83,2.17,3.25,6,1,0.8815526315789474,0.3816995732317734
2747,,after_candidate_limit,,4093,163,18,163,9.44,8.5,0.5,2,6,8,0.8815464114832536,0.3414281463490583
2748,,after_candidate_limit,,3518,140,18,140,9.44,2.83,0.5,0.75,6,8,0.8815444976076555,0.34065681062544745
2749,,after_candidate_limit,,3519,140,19,140,9.44,2.83,0.5,0.75,6,15,0.8815444976076555,0.34065681062544745
2750,,after_candidate_limit,,3543,141,18,141,9.44,2.83,0.5,1.38,6,8,0.8815444976076555,0.34065681062544745
2751,,after_candidate_limit,,3544,141,19,141,9.44,2.83,0.5,1.38,6,15,0.8815444976076555,0.34065681062544745
2752,,after_candidate_limit,,3568,142,18,142,9.44,2.83,0.5,2,6,8,0.8815444976076555,0.34065681062544745
2753,,after_candidate_limit,,3569,142,19,142,9.44,2.83,0.5,2,6,15,0.8815444976076555,0.34065681062544745
2754,,after_candidate_limit,,3693,147,18,147,9.44,4.25,0.5,0.75,6,8,0.8815444976076555,0.34065681062544745
2755,,after_candidate_limit,,3694,147,19,147,9.44,4.25,0.5,0.75,6,15,0.8815444976076555,0.34065681062544745
2756,,after_candidate_limit,,3718,148,18,148,9.44,4.25,0.5,1.38,6,8,0.8815444976076555,0.34065681062544745
2757,,after_candidate_limit,,3719,148,19,148,9.44,4.25,0.5,1.38,6,15,0.8815444976076555,0.34065681062544745
2758,,after_candidate_limit,,3743,149,18,149,9.44,4.25,0.5,2,6,8,0.8815444976076555,0.34065681062544745
2759,,after_candidate_limit,,3744,149,19,149,9.44,4.25,0.5,2,6,15,0.8815444976076555,0.34065681062544745
2760,,after_candidate_limit,,3868,154,18,154,9.44,5.66,0.5,0.75,6,8,0.8815444976076555,0.34065681062544745
2761,,after_candidate_limit,,3869,154,19,154,9.44,5.66,0.5,0.75,6,15,0.8815444976076555,0.34065681062544745
2762,,after_candidate_limit,,3893,155,18,155,9.44,5.66,0.5,1.38,6,8,0.8815444976076555,0.34065681062544745
2763,,after_candidate_limit,,3894,155,19,155,9.44,5.66,0.5,1.38,6,15,0.8815444976076555,0.34065681062544745
2764,,after_candidate_limit,,3918,156,18,156,9.44,5.66,0.5,2,6,8,0.8815444976076555,0.34065681062544745
2765,,after_candidate_limit,,3919,156,19,156,9.44,5.66,0.5,2,6,15,0.8815444976076555,0.34065681062544745
2766,,after_candidate_limit,,4069,162,19,162,9.44,8.5,0.5,1.38,6,15,0.8815444976076555,0.34065681062544745
2767,,after_candidate_limit,,4094,163,19,163,9.44,8.5,0.5,2,6,15,0.8815444976076555,0.34065681062544745
2768,,after_candidate_limit,,4044,161,19,161,9.44,8.5,0.5,0.75,6,15,0.8815368421052632,0.3393891627508202
2769,,after_candidate_limit,,4068,162,18,162,9.44,8.5,0.5,1.38,6,8,0.881511961722488,0.3415847036939406
2770,,after_candidate_limit,,1215,48,15,48,12.78,5.75,3,4.5,6,1,0.8814966507177033,0.3938229424080985
2771,,after_candidate_limit,,4043,161,18,161,9.44,8.5,0.5,0.75,6,8,0.8814354066985646,0.3432966779531204
2772,,after_candidate_limit,,1016,40,16,40,12.78,3.83,2.17,3.25,6,2,0.8813698564593302,0.3810734959783261
2773,,after_candidate_limit,,1192,47,17,47,12.78,5.75,2.17,3.25,6,3,0.881365071770335,0.3826945002693606
2774,,after_candidate_limit,,1017,40,17,40,12.78,3.83,2.17,3.25,6,3,0.8811612440191388,0.3788971589064577
2775,,after_candidate_limit,,2198,87,23,87,15,13.5,1.33,2,20,8,0.8810095693779905,0.331440741547396
2776,,after_candidate_limit,,843,33,18,33,12.78,11.5,2.17,3.25,6,8,0.8809478468899522,0.376038478783942
2777,,after_candidate_limit,,1120,44,20,44,12.78,5.75,0.5,2,20,1,0.8809153110047847,0.39014349907720514
2778,,after_candidate_limit,,1368,54,18,54,12.78,7.67,2.17,3.25,6,8,0.8808827751196172,0.3717920545682905
2779,,after_candidate_limit,,1095,43,20,43,12.78,5.75,0.5,1.38,20,1,0.8808416267942584,0.393516120958608
2780,,after_candidate_limit,,1193,47,18,47,12.78,5.75,2.17,3.25,6,8,0.8808416267942584,0.3687097082662375
2781,,after_candidate_limit,,1018,40,18,40,12.78,3.83,2.17,3.25,6,8,0.8808387559808613,0.36867607374410943
2782,,after_candidate_limit,,1019,40,19,40,12.78,3.83,2.17,3.25,6,15,0.8808387559808613,0.36867607374410943
2783,,after_candidate_limit,,1194,47,19,47,12.78,5.75,2.17,3.25,6,15,0.8808387559808613,0.36867607374410943
2784,,after_candidate_limit,,1369,54,19,54,12.78,7.67,2.17,3.25,6,15,0.8808387559808613,0.36867607374410943
2785,,after_candidate_limit,,545,21,20,21,11.67,7,0.5,0.75,20,1,0.8808334928229665,0.39405586347656224
2786,,after_candidate_limit,,1070,42,20,42,12.78,5.75,0.5,0.75,20,1,0.8808191387559808,0.4019165212134053
2787,,after_candidate_limit,,1391,55,16,55,12.78,7.67,3,4.5,6,2,0.8807435406698565,0.3887243141350695
2788,,after_candidate_limit,,2047,81,22,81,13.89,8.33,1.33,3.67,20,3,0.8806468899521531,0.3842272133480621
2789,,after_candidate_limit,,844,33,19,33,12.78,11.5,2.17,3.25,6,15,0.880567942583732,0.3731612477738264
2790,,after_candidate_limit,,799,31,24,31,12.78,11.5,1.33,2,20,15,0.8805028708133972,0.36199723758875185
2791,,after_candidate_limit,,1216,48,16,48,12.78,5.75,3,4.5,6,2,0.8804966507177033,0.3844186579609394
2792,,after_candidate_limit,,1392,55,17,55,12.78,7.67,3,4.5,6,3,0.8804947368421052,0.38322615044496977
2793,,after_candidate_limit,,2022,80,22,80,13.89,8.33,1.33,2,20,3,0.8804751196172249,0.3867641173370619
2794,,after_candidate_limit,,1040,41,15,41,12.78,3.83,3,4.5,6,1,0.8804411483253588,0.38017338306154635
2795,,after_candidate_limit,,1041,41,16,41,12.78,3.83,3,4.5,6,2,0.8802822966507177,0.37978334034452876
2796,,after_candidate_limit,,1567,62,17,62,13.89,12.5,3,4.5,6,3,0.8802679425837321,0.34691010762664165
2797,,after_candidate_limit,,1217,48,17,48,12.78,5.75,3,4.5,6,3,0.880266985645933,0.3804604404217903
2798,,after_candidate_limit,,370,14,20,14,11.67,5.25,0.5,0.75,20,1,0.8802181818181818,0.3960846726662945
2799,,after_candidate_limit,,420,16,20,16,11.67,5.25,0.5,2,20,1,0.8801684210526316,0.38805180526834926
2800,,after_candidate_limit,,2148,85,23,85,15,13.5,0.5,1.38,20,8,0.8801612440191388,0.34593047634870294
2801,,after_candidate_limit,,895,35,20,35,12.78,3.83,0.5,0.75,20,1,0.8801488038277512,0.3857217118513084
2802,,after_candidate_limit,,395,15,20,15,11.67,5.25,0.5,1.38,20,1,0.8801435406698565,0.388640639568245
2803,,after_candidate_limit,,1042,41,17,41,12.78,3.83,3,4.5,6,3,0.8800746411483253,0.3776425808534897
2804,,after_candidate_limit,,571,22,21,22,11.67,7,0.5,1.38,20,2,0.8798861244019138,0.3844851673973961
2805,,after_candidate_limit,,546,21,21,21,11.67,7,0.5,0.75,20,2,0.8798526315789473,0.3847484819369415
2806,,after_candidate_limit,,1071,42,21,42,12.78,5.75,0.5,0.75,20,2,0.879844019138756,0.3803678667087044
2807,,after_candidate_limit,,868,34,18,34,12.78,11.5,3,4.5,6,8,0.8798133971291866,0.37438298848594603
2808,,after_candidate_limit,,920,36,20,36,12.78,3.83,0.5,1.38,20,1,0.8798066985645933,0.37648769190385245
2809,,after_candidate_limit,,1393,55,18,55,12.78,7.67,3,4.5,6,8,0.8797990430622009,0.3704237680785785
2810,,after_candidate_limit,,1121,44,21,44,12.78,5.75,0.5,2,20,2,0.8797980861244019,0.3781122299409614
2811,,after_candidate_limit,,945,37,20,37,12.78,3.83,0.5,2,20,1,0.8797693779904306,0.3742492573615429
2812,,after_candidate_limit,,1218,48,18,48,12.78,5.75,3,4.5,6,8,0.8797521531100478,0.36730256775208797
2813,,after_candidate_limit,,1043,41,18,41,12.78,3.83,3,4.5,6,8,0.8797483253588517,0.36725643278692566
2814,,after_candidate_limit,,1044,41,19,41,12.78,3.83,3,4.5,6,15,0.8797483253588517,0.36725643278692566
2815,,after_candidate_limit,,1219,48,19,48,12.78,5.75,3,4.5,6,15,0.8797483253588517,0.36725643278692566
2816,,after_candidate_limit,,1394,55,19,55,12.78,7.67,3,4.5,6,15,0.8797483253588517,0.36725643278692566
2817,,after_candidate_limit,,1346,53,21,53,12.78,7.67,1.33,3.67,20,2,0.8797473684210526,0.3810775341689048
2818,,after_candidate_limit,,2796,111,21,111,15,9,3,4.5,20,2,0.8797425837320574,0.3876585599971354
2819,,after_candidate_limit,,1096,43,21,43,12.78,5.75,0.5,1.38,20,2,0.8797205741626795,0.3782147979058357
2820,,after_candidate_limit,,1246,49,21,49,12.78,7.67,0.5,0.75,20,2,0.8797038277511962,0.38525000321129577
2821,,after_candidate_limit,,2216,88,16,88,15,13.5,1.33,3.67,6,2,0.8796531100478469,0.3539070968401498
2822,,after_candidate_limit,,421,16,21,16,11.67,5.25,0.5,2,20,2,0.8796239234449761,0.38000225575737817
2823,,after_candidate_limit,,396,15,21,15,11.67,5.25,0.5,1.38,20,2,0.8796153110047847,0.37984036908279933
2824,,after_candidate_limit,,1297,51,22,51,12.78,7.67,0.5,2,20,3,0.8795942583732057,0.37593290638285254
2825,,after_candidate_limit,,715,28,15,28,12.78,11.5,0.5,0.75,6,1,0.8795799043062201,0.3819701686549812
2826,,after_candidate_limit,,1272,50,22,50,12.78,7.67,0.5,1.38,20,3,0.8795626794258373,0.3753922158392089
2827,,after_candidate_limit,,946,37,21,37,12.78,3.83,0.5,2,20,2,0.8795502392344497,0.3729667305342183
2828,,after_candidate_limit,,921,36,21,36,12.78,3.83,0.5,1.38,20,2,0.8795483253588516,0.372894537790655
2829,,after_candidate_limit,,371,14,21,14,11.67,5.25,0.5,0.75,20,2,0.8795387559808613,0.38108318185102336
2830,,after_candidate_limit,,2266,90,16,90,15,13.5,3,4.5,6,2,0.8795358851674641,0.36549946362657254
2831,,after_candidate_limit,,1072,42,22,42,12.78,5.75,0.5,0.75,20,3,0.8795263157894737,0.37605891199736696
2832,,after_candidate_limit,,1097,43,22,43,12.78,5.75,0.5,1.38,20,3,0.8795205741626795,0.376018814314238
2833,,after_candidate_limit,,1247,49,22,49,12.78,7.67,0.5,0.75,20,3,0.8795081339712919,0.37912869172491226
2834,,after_candidate_limit,,1122,44,22,44,12.78,5.75,0.5,2,20,3,0.8795052631578948,0.3754218740265389
2835,,after_candidate_limit,,896,35,21,35,12.78,3.83,0.5,0.75,20,2,0.8795043062200957,0.3739208523062102
2836,,after_candidate_limit,,547,21,22,21,11.67,7,0.5,0.75,20,3,0.8794966507177033,0.3790219445823994
2837,,after_candidate_limit,,869,34,19,34,12.78,11.5,3,4.5,6,15,0.8794717703349282,0.3719739277291592
2838,,after_candidate_limit,,2223,88,23,88,15,13.5,1.33,3.67,20,8,0.8794507177033493,0.328076051752598
2839,,after_candidate_limit,,220,8,20,8,11.67,3.5,0.5,1.38,20,1,0.8794267942583732,0.3779638059433628
2840,,after_candidate_limit,,245,9,20,9,11.67,3.5,0.5,2,20,1,0.8794133971291866,0.376930498073531
2841,,after_candidate_limit,,246,9,21,9,11.67,3.5,0.5,2,20,2,0.8794066985645933,0.3758747362738665
2842,,after_candidate_limit,,597,23,22,23,11.67,7,0.5,2,20,3,0.8794057416267943,0.377494315040771
2843,,after_candidate_limit,,2173,86,23,86,15,13.5,0.5,2,20,8,0.8794009569377991,0.3439757647999737
2844,,after_candidate_limit,,195,7,20,7,11.67,3.5,0.5,0.75,20,1,0.879399043062201,0.38332742116721535
2845,,after_candidate_limit,,572,22,22,22,11.67,7,0.5,1.38,20,3,0.8793856459330144,0.37741937531898606
2846,,after_candidate_limit,,947,37,22,37,12.78,3.83,0.5,2,20,3,0.8793856459330144,0.3715850752125756
2847,,after_candidate_limit,,922,36,22,36,12.78,3.83,0.5,1.38,20,3,0.879378947368421,0.37129114311890216
2848,,after_candidate_limit,,4155,166,5,166,9.44,8.5,2.17,3.25,2,1,0.879378947368421,0.39531411836766683
2849,,after_candidate_limit,,897,35,22,35,12.78,3.83,0.5,0.75,20,3,0.8793770334928229,0.3712821929335841
2850,,after_candidate_limit,,1321,52,21,52,12.78,7.67,1.33,2,20,2,0.8793358851674641,0.37907902244319236
2851,,after_candidate_limit,,842,33,17,33,12.78,11.5,2.17,3.25,6,3,0.8793248803827751,0.36182668842810417
2852,,after_candidate_limit,,1542,61,17,61,13.89,12.5,2.17,3.25,6,3,0.8793177033492823,0.354661577647236
2853,,after_candidate_limit,,372,14,22,14,11.67,5.25,0.5,0.75,20,3,0.8792602870813397,0.3778454764492556
2854,,after_candidate_limit,,615,24,15,24,11.67,7,1.33,2,6,1,0.8792602870813397,0.39621304911533456
2855,,after_candidate_limit,,422,16,22,16,11.67,5.25,0.5,2,20,3,0.8792555023923445,0.37564704331939197
2856,,after_candidate_limit,,397,15,22,15,11.67,5.25,0.5,1.38,20,3,0.8792488038277512,0.3763155544941608
2857,,after_candidate_limit,,196,7,21,7,11.67,3.5,0.5,0.75,20,2,0.8792411483253588,0.3758675369733123
2858,,after_candidate_limit,,221,8,21,8,11.67,3.5,0.5,1.38,20,2,0.8792363636363636,0.37521098597380975
2859,,after_candidate_limit,,640,25,15,25,11.67,7,1.33,3.67,6,1,0.8792239234449761,0.3963264161432493
2860,,after_candidate_limit,,2141,85,16,85,15,13.5,0.5,1.38,6,2,0.8792153110047847,0.3913142135938228
2861,,after_candidate_limit,,247,9,22,9,11.67,3.5,0.5,2,20,3,0.8791827751196172,0.37432632536149757
2862,,after_candidate_limit,,222,8,22,8,11.67,3.5,0.5,1.38,20,3,0.8791808612440192,0.37425955108116393
2863,,after_candidate_limit,,1273,50,23,50,12.78,7.67,0.5,1.38,20,8,0.8791186602870813,0.36509833565655997
2864,,after_candidate_limit,,1298,51,23,51,12.78,7.67,0.5,2,20,8,0.8791129186602871,0.36523404316867036
2865,,after_candidate_limit,,1248,49,23,49,12.78,7.67,0.5,0.75,20,8,0.8790755980861245,0.36251467280095684
2866,,after_candidate_limit,,1123,44,23,44,12.78,5.75,0.5,2,20,8,0.879066028708134,0.3604881617103759
2867,,after_candidate_limit,,898,35,23,35,12.78,3.83,0.5,0.75,20,8,0.8790650717703349,0.3604691965485536
2868,,after_candidate_limit,,899,35,24,35,12.78,3.83,0.5,0.75,20,15,0.8790650717703349,0.3604691965485536
2869,,after_candidate_limit,,923,36,23,36,12.78,3.83,0.5,1.38,20,8,0.8790650717703349,0.3604691965485536
2870,,after_candidate_limit,,924,36,24,36,12.78,3.83,0.5,1.38,20,15,0.8790650717703349,0.3604691965485536
2871,,after_candidate_limit,,948,37,23,37,12.78,3.83,0.5,2,20,8,0.8790650717703349,0.3604691965485536
2872,,after_candidate_limit,,949,37,24,37,12.78,3.83,0.5,2,20,15,0.8790650717703349,0.3604691965485536
2873,,after_candidate_limit,,1073,42,23,42,12.78,5.75,0.5,0.75,20,8,0.8790650717703349,0.3604691965485536
2874,,after_candidate_limit,,1074,42,24,42,12.78,5.75,0.5,0.75,20,15,0.8790650717703349,0.3604691965485536
2875,,after_candidate_limit,,1098,43,23,43,12.78,5.75,0.5,1.38,20,8,0.8790650717703349,0.3604691965485536
2876,,after_candidate_limit,,1099,43,24,43,12.78,5.75,0.5,1.38,20,15,0.8790650717703349,0.3604691965485536
2877,,after_candidate_limit,,1124,44,24,44,12.78,5.75,0.5,2,20,15,0.8790650717703349,0.3604691965485536
2878,,after_candidate_limit,,1249,49,24,49,12.78,7.67,0.5,0.75,20,15,0.8790650717703349,0.3604691965485536
2879,,after_candidate_limit,,1274,50,24,50,12.78,7.67,0.5,1.38,20,15,0.8790650717703349,0.3604691965485536
2880,,after_candidate_limit,,1299,51,24,51,12.78,7.67,0.5,2,20,15,0.8790650717703349,0.3604691965485536
2881,,after_candidate_limit,,3980,159,5,159,9.44,5.66,2.17,3.25,2,1,0.8790325358851675,0.37606328675644424
2882,,after_candidate_limit,,197,7,22,7,11.67,3.5,0.5,0.75,20,3,0.8790038277511961,0.37357123909717094
2883,,after_candidate_limit,,465,18,15,18,11.67,5.25,1.33,3.67,6,1,0.8789272727272728,0.38111485154798663
2884,,after_candidate_limit,,440,17,15,17,11.67,5.25,1.33,2,6,1,0.8788650717703349,0.3834045299715153
2885,,after_candidate_limit,,548,21,23,21,11.67,7,0.5,0.75,20,8,0.8787081339712919,0.3660604920020912
2886,,after_candidate_limit,,573,22,23,22,11.67,7,0.5,1.38,20,8,0.8786947368421053,0.3645292769313038
2887,,after_candidate_limit,,598,23,23,23,11.67,7,0.5,2,20,8,0.8786918660287081,0.3641899089033908
2888,,after_candidate_limit,,398,15,23,15,11.67,5.25,0.5,1.38,20,8,0.8786909090909091,0.36401408472756663
2889,,after_candidate_limit,,423,16,23,16,11.67,5.25,0.5,2,20,8,0.8786909090909091,0.36401408472756663
2890,,after_candidate_limit,,373,14,23,14,11.67,5.25,0.5,0.75,20,8,0.878688995215311,0.3639635963444467
2891,,after_candidate_limit,,198,7,23,7,11.67,3.5,0.5,0.75,20,8,0.8786851674641148,0.3638499629365886
2892,,after_candidate_limit,,199,7,24,7,11.67,3.5,0.5,0.75,20,15,0.8786851674641148,0.3638499629365886
2893,,after_candidate_limit,,223,8,23,8,11.67,3.5,0.5,1.38,20,8,0.8786851674641148,0.3638499629365886
2894,,after_candidate_limit,,224,8,24,8,11.67,3.5,0.5,1.38,20,15,0.8786851674641148,0.3638499629365886
2895,,after_candidate_limit,,248,9,23,9,11.67,3.5,0.5,2,20,8,0.8786851674641148,0.3638499629365886
2896,,after_candidate_limit,,249,9,24,9,11.67,3.5,0.5,2,20,15,0.8786851674641148,0.3638499629365886
2897,,after_candidate_limit,,374,14,24,14,11.67,5.25,0.5,0.75,20,15,0.8786851674641148,0.3638499629365886
2898,,after_candidate_limit,,399,15,24,15,11.67,5.25,0.5,1.38,20,15,0.8786851674641148,0.3638499629365886
2899,,after_candidate_limit,,424,16,24,16,11.67,5.25,0.5,2,20,15,0.8786851674641148,0.3638499629365886
2900,,after_candidate_limit,,549,21,24,21,11.67,7,0.5,0.75,20,15,0.8786851674641148,0.3638499629365886
2901,,after_candidate_limit,,574,22,24,22,11.67,7,0.5,1.38,20,15,0.8786851674641148,0.3638499629365886
2902,,after_candidate_limit,,599,23,24,23,11.67,7,0.5,2,20,15,0.8786851674641148,0.3638499629365886
2903,,after_candidate_limit,,1390,55,15,55,12.78,7.67,3,4.5,6,1,0.8785971291866028,0.3959480650427763
2904,,after_candidate_limit,,824,32,24,32,12.78,11.5,1.33,3.67,20,15,0.8785741626794258,0.3627724790179624
2905,,after_candidate_limit,,24,0,24,0,11.67,10.5,0.5,0.75,20,15,0.8785330143540669,0.3689261181010945
2906,,after_candidate_limit,,74,2,24,2,11.67,10.5,0.5,2,20,15,0.8785177033492823,0.3665634380916141
2907,,after_candidate_limit,,49,1,24,1,11.67,10.5,0.5,1.38,20,15,0.8785052631578948,0.36689287285573363
2908,,after_candidate_limit,,4156,166,6,166,9.44,8.5,2.17,3.25,2,2,0.878311004784689,0.3654033632278569
2909,,after_candidate_limit,,3805,152,5,152,9.44,4.25,2.17,3.25,2,1,0.8782909090909091,0.3621791301377409
2910,,after_candidate_limit,,441,17,16,17,11.67,5.25,1.33,2,6,2,0.8781760765550239,0.3704270690635966
2911,,after_candidate_limit,,641,25,16,25,11.67,7,1.33,3.67,6,2,0.8781760765550239,0.3727681700834997
2912,,after_candidate_limit,,265,10,15,10,11.67,3.5,1.33,2,6,1,0.8781751196172248,0.3677717976310886
2913,,after_candidate_limit,,466,18,16,18,11.67,5.25,1.33,3.67,6,2,0.8781741626794258,0.3692011397008023
2914,,after_candidate_limit,,616,24,16,24,11.67,7,1.33,2,6,2,0.8781636363636364,0.37419586107069597
2915,,after_candidate_limit,,290,11,15,11,11.67,3.5,1.33,3.67,6,1,0.8781578947368421,0.36707646063066923
2916,,after_candidate_limit,,617,24,17,24,11.67,7,1.33,2,6,3,0.8781138755980862,0.369164053060065
2917,,after_candidate_limit,,642,25,17,25,11.67,7,1.33,3.67,6,3,0.8781033492822966,0.36844495789233234
2918,,after_candidate_limit,,867,34,17,34,12.78,11.5,3,4.5,6,3,0.8780909090909091,0.35431185087974804
2919,,after_candidate_limit,,266,10,16,10,11.67,3.5,1.33,2,6,2,0.8780114832535885,0.3656720588259214
2920,,after_candidate_limit,,291,11,16,11,11.67,3.5,1.33,3.67,6,2,0.8780114832535885,0.36559401174366923
2921,,after_candidate_limit,,4157,166,7,166,9.44,8.5,2.17,3.25,2,3,0.8780114832535885,0.35684616796791985
2922,,after_candidate_limit,,467,18,17,18,11.67,5.25,1.33,3.67,6,3,0.8780066985645933,0.366358363175642
2923,,after_candidate_limit,,3630,145,5,145,9.44,2.83,2.17,3.25,2,1,0.8780057416267942,0.3588432932223647
2924,,after_candidate_limit,,442,17,17,17,11.67,5.25,1.33,2,6,3,0.8779971291866029,0.3666887560746024
2925,,after_candidate_limit,,3981,159,6,159,9.44,5.66,2.17,3.25,2,2,0.8779923444976077,0.3601835242152499
2926,,after_candidate_limit,,595,23,20,23,11.67,7,0.5,2,20,1,0.8779904306220095,0.3964114246851209
2927,,after_candidate_limit,,2021,80,21,80,13.89,8.33,1.33,2,20,2,0.8779483253588517,0.3908682058653407
2928,,after_candidate_limit,,292,11,17,11,11.67,3.5,1.33,3.67,6,3,0.8778191387559808,0.3622392985240101
2929,,after_candidate_limit,,267,10,17,10,11.67,3.5,1.33,2,6,3,0.8778124401913876,0.3618793805001977
2930,,after_candidate_limit,,3806,152,6,152,9.44,4.25,2.17,3.25,2,2,0.8777789473684211,0.3560625139203192
2931,,after_candidate_limit,,3982,159,7,159,9.44,5.66,2.17,3.25,2,3,0.8777712918660288,0.3567579029591843
2932,,after_candidate_limit,,118,4,18,4,11.67,10.5,1.33,3.67,6,8,0.8777129186602871,0.36302534046761364
2933,,after_candidate_limit,,570,22,20,22,11.67,7,0.5,1.38,20,1,0.8777086124401914,0.3952249654332156
2934,,after_candidate_limit,,93,3,18,3,11.67,10.5,1.33,2,6,8,0.8776641148325359,0.36327111834738335
2935,,after_candidate_limit,,3807,152,7,152,9.44,4.25,2.17,3.25,2,3,0.8776468899521531,0.35460132914446113
2936,,after_candidate_limit,,3631,145,6,145,9.44,2.83,2.17,3.25,2,2,0.8776200956937799,0.3542227514396667
2937,,after_candidate_limit,,92,3,17,3,11.67,10.5,1.33,2,6,3,0.8775894736842105,0.3605676118066379
2938,,after_candidate_limit,,643,25,18,25,11.67,7,1.33,3.67,6,8,0.8775799043062201,0.35379791690470325
2939,,after_candidate_limit,,618,24,18,24,11.67,7,1.33,2,6,8,0.877578947368421,0.35378344071422707
2940,,after_candidate_limit,,268,10,18,10,11.67,3.5,1.33,2,6,8,0.8775741626794258,0.3537048560633176
2941,,after_candidate_limit,,269,10,19,10,11.67,3.5,1.33,2,6,15,0.8775741626794258,0.3537048560633176
2942,,after_candidate_limit,,293,11,18,11,11.67,3.5,1.33,3.67,6,8,0.8775741626794258,0.3537048560633176
2943,,after_candidate_limit,,294,11,19,11,11.67,3.5,1.33,3.67,6,15,0.8775741626794258,0.3537048560633176
2944,,after_candidate_limit,,443,17,18,17,11.67,5.25,1.33,2,6,8,0.8775741626794258,0.3537048560633176
2945,,after_candidate_limit,,444,17,19,17,11.67,5.25,1.33,2,6,15,0.8775741626794258,0.3537048560633176
2946,,after_candidate_limit,,468,18,18,18,11.67,5.25,1.33,3.67,6,8,0.8775741626794258,0.3537048560633176
2947,,after_candidate_limit,,469,18,19,18,11.67,5.25,1.33,3.67,6,15,0.8775741626794258,0.3537048560633176
2948,,after_candidate_limit,,619,24,19,24,11.67,7,1.33,2,6,15,0.8775741626794258,0.3537048560633176
2949,,after_candidate_limit,,644,25,19,25,11.67,7,1.33,3.67,6,15,0.8775741626794258,0.3537048560633176
2950,,after_candidate_limit,,3632,145,7,145,9.44,2.83,2.17,3.25,2,3,0.8775253588516746,0.3510560376575095
2951,,after_candidate_limit,,94,3,19,3,11.67,10.5,1.33,2,6,15,0.8774172248803828,0.35318759970438607
2952,,after_candidate_limit,,119,4,19,4,11.67,10.5,1.33,3.67,6,15,0.8774162679425838,0.35350580711909785
2953,,after_candidate_limit,,4158,166,8,166,9.44,8.5,2.17,3.25,2,8,0.8773808612440192,0.34642663282019664
2954,,after_candidate_limit,,3983,159,8,159,9.44,5.66,2.17,3.25,2,8,0.8773598086124402,0.3457718805717989
2955,,after_candidate_limit,,3633,145,8,145,9.44,2.83,2.17,3.25,2,8,0.8773569377990431,0.3457335895238219
2956,,after_candidate_limit,,3634,145,9,145,9.44,2.83,2.17,3.25,2,15,0.8773569377990431,0.3457335895238219
2957,,after_candidate_limit,,3808,152,8,152,9.44,4.25,2.17,3.25,2,8,0.8773569377990431,0.3457335895238219
2958,,after_candidate_limit,,3809,152,9,152,9.44,4.25,2.17,3.25,2,15,0.8773569377990431,0.3457335895238219
2959,,after_candidate_limit,,3984,159,9,159,9.44,5.66,2.17,3.25,2,15,0.8773569377990431,0.3457335895238219
2960,,after_candidate_limit,,4159,166,9,166,9.44,8.5,2.17,3.25,2,15,0.8773569377990431,0.3457335895238219
2961,,after_candidate_limit,,2241,89,16,89,15,13.5,2.17,3.25,6,2,0.8769574162679425,0.36430398986410134
2962,,after_candidate_limit,,740,29,15,29,12.78,11.5,0.5,1.38,6,1,0.876822009569378,0.3674514773461375
2963,,after_candidate_limit,,1271,50,21,50,12.78,7.67,0.5,1.38,20,2,0.8767205741626795,0.3801983337107839
2964,,after_candidate_limit,,596,23,21,23,11.67,7,0.5,2,20,2,0.8765976076555024,0.38116677490362905
2965,,after_candidate_limit,,823,32,23,32,12.78,11.5,1.33,3.67,20,8,0.8761842105263158,0.36459206401818756
2966,,after_candidate_limit,,798,31,23,31,12.78,11.5,1.33,2,20,8,0.8761626794258374,0.36879494684692343
2967,,after_candidate_limit,,1422,56,22,56,13.89,12.5,0.5,0.75,20,3,0.8760248803827752,0.32568551926931405
2968,,after_candidate_limit,,48,1,23,1,11.67,10.5,0.5,1.38,20,8,0.8760244019138756,0.3747855730430822
2969,,after_candidate_limit,,841,33,16,33,12.78,11.5,2.17,3.25,6,2,0.8759722488038277,0.35862110906526923
2970,,after_candidate_limit,,2166,86,16,86,15,13.5,0.5,2,6,2,0.8759291866028708,0.381341715673694
2971,,after_candidate_limit,,23,0,23,0,11.67,10.5,0.5,0.75,20,8,0.8758181818181818,0.3735252410657018
2972,,after_candidate_limit,,91,3,16,3,11.67,10.5,1.33,2,6,2,0.8753708133971292,0.3547532912836405
2973,,after_candidate_limit,,2274,90,24,90,15,13.5,3,4.5,20,15,0.8752655502392345,0.3485434395819404
2974,,after_candidate_limit,,117,4,17,4,11.67,10.5,1.33,3.67,6,3,0.875232057416268,0.36146515882113006
2975,,after_candidate_limit,,2046,81,21,81,13.89,8.33,1.33,3.67,20,2,0.8751540669856459,0.38814866505989826
2976,,after_candidate_limit,,116,4,16,4,11.67,10.5,1.33,3.67,6,2,0.8750688995215311,0.3504417889957368
2977,,after_candidate_limit,,765,30,15,30,12.78,11.5,0.5,2,6,1,0.8750449760765551,0.3597875705396098
2978,,after_candidate_limit,,1320,52,20,52,12.78,7.67,1.33,2,20,1,0.8747559808612441,0.37966831031965764
2979,,after_candidate_limit,,1541,61,16,61,13.89,12.5,2.17,3.25,6,2,0.8746306220095694,0.33924369525629844
2980,,after_candidate_limit,,1270,50,20,50,12.78,7.67,0.5,1.38,20,1,0.8745598086124402,0.38855722558720673
2981,,after_candidate_limit,,866,34,16,34,12.78,11.5,3,4.5,6,2,0.8744153110047846,0.34888925017480804
2982,,after_candidate_limit,,4040,161,15,161,9.44,8.5,0.5,0.75,6,1,0.8742234449760765,0.36942233540314795
2983,,after_candidate_limit,,1245,49,20,49,12.78,7.67,0.5,0.75,20,1,0.8741334928229665,0.3881641658327628
2984,,after_candidate_limit,,3335,133,10,133,5,4.5,0.5,0.75,3,1,0.8739980861244019,0.31422673187986977
2985,,after_candidate_limit,,3385,135,10,135,5,4.5,0.5,2,3,1,0.8739511961722488,0.3064381909402721
2986,,after_candidate_limit,,3360,134,10,134,5,4.5,0.5,1.38,3,1,0.8739358851674641,0.307617909049884
2987,,after_candidate_limit,,3210,128,10,128,5,3,0.5,2,3,1,0.8736851674641148,0.30133317121634234
2988,,after_candidate_limit,,1296,51,21,51,12.78,7.67,0.5,2,20,2,0.8736382775119618,0.37785745190387277
2989,,after_candidate_limit,,3185,127,10,127,5,3,0.5,1.38,3,1,0.8736258373205742,0.30114062480241094
2990,,after_candidate_limit,,3160,126,10,126,5,3,0.5,0.75,3,1,0.8735684210526315,0.30396037967130424
2991,,after_candidate_limit,,3336,133,11,133,5,4.5,0.5,0.75,3,2,0.8735244019138756,0.2992951257207796
2992,,after_candidate_limit,,3386,135,11,135,5,4.5,0.5,2,3,2,0.8735215311004785,0.2985107200189448
2993,,after_candidate_limit,,3361,134,11,134,5,4.5,0.5,1.38,3,2,0.8735196172248804,0.29854799813278227
2994,,after_candidate_limit,,2985,119,10,119,5,2.25,0.5,0.75,3,1,0.8735023923444976,0.30043925515424025
2995,,after_candidate_limit,,4065,162,15,162,9.44,8.5,0.5,1.38,6,1,0.8734913875598086,0.3618970677333021
2996,,after_candidate_limit,,2810,112,10,112,5,1.5,0.5,0.75,3,1,0.8734736842105263,0.2992429757121841
2997,,after_candidate_limit,,4090,163,15,163,9.44,8.5,0.5,2,6,1,0.8734732057416268,0.35969867256046073
2998,,after_candidate_limit,,3010,120,10,120,5,2.25,0.5,1.38,3,1,0.8734679425837321,0.2980938135206585
2999,,after_candidate_limit,,3035,121,10,121,5,2.25,0.5,2,3,1,0.8734641148325358,0.29766306793170944
3000,,after_candidate_limit,,3387,135,12,135,5,4.5,0.5,2,3,3,0.8734133971291866,0.29685237699238004
3001,,after_candidate_limit,,3362,134,12,134,5,4.5,0.5,1.38,3,3,0.8734095693779904,0.2965276634362423
3002,,after_candidate_limit,,3161,126,11,126,5,3,0.5,0.75,3,2,0.8734076555023923,0.29619256622549256
3003,,after_candidate_limit,,3337,133,12,133,5,4.5,0.5,0.75,3,3,0.8734057416267943,0.2960518445183182
3004,,after_candidate_limit,,3211,128,11,128,5,3,0.5,2,3,2,0.8734047846889952,0.2958749005950328
3005,,after_candidate_limit,,3186,127,11,127,5,3,0.5,1.38,3,2,0.8734038277511962,0.29575006399372566
3006,,after_candidate_limit,,2986,119,11,119,5,2.25,0.5,0.75,3,2,0.8733971291866028,0.2950268499334407
3007,,after_candidate_limit,,2835,113,10,113,5,1.5,0.5,1.38,3,1,0.8733751196172249,0.29577271278192147
3008,,after_candidate_limit,,3212,128,12,128,5,3,0.5,2,3,3,0.8733703349282297,0.29394208071793265
3009,,after_candidate_limit,,2860,114,10,114,5,1.5,0.5,2,3,1,0.8733645933014355,0.29473537520255716
3010,,after_candidate_limit,,3011,120,11,120,5,2.25,0.5,1.38,3,2,0.8733311004784688,0.2935399918181129
3011,,after_candidate_limit,,3036,121,11,121,5,2.25,0.5,2,3,2,0.8733282296650717,0.2934714937972129
3012,,after_candidate_limit,,2811,112,11,112,5,1.5,0.5,0.75,3,2,0.8733148325358852,0.293737926538657
3013,,after_candidate_limit,,3187,127,12,127,5,3,0.5,1.38,3,3,0.873312918660287,0.2932731350658186
3014,,after_candidate_limit,,3162,126,12,126,5,3,0.5,0.75,3,3,0.8732995215311005,0.29345587276776414
3015,,after_candidate_limit,,2987,119,12,119,5,2.25,0.5,0.75,3,3,0.87328995215311,0.2927925403465959
3016,,after_candidate_limit,,2836,113,11,113,5,1.5,0.5,1.38,3,2,0.8732832535885168,0.2922050371502814
3017,,after_candidate_limit,,2861,114,11,114,5,1.5,0.5,2,3,2,0.8732813397129187,0.29187006178082325
3018,,after_candidate_limit,,2812,112,12,112,5,1.5,0.5,0.75,3,3,0.8732765550239234,0.2915483670050109
3019,,after_candidate_limit,,3012,120,12,120,5,2.25,0.5,1.38,3,3,0.8732755980861244,0.29145312890977276
3020,,after_candidate_limit,,3037,121,12,121,5,2.25,0.5,2,3,3,0.8732746411483253,0.2911942501074157
3021,,after_candidate_limit,,2813,112,13,112,5,1.5,0.5,0.75,3,8,0.8732708133971292,0.29024233969898355
3022,,after_candidate_limit,,2814,112,14,112,5,1.5,0.5,0.75,3,15,0.8732708133971292,0.29024233969898355
3023,,after_candidate_limit,,2837,113,12,113,5,1.5,0.5,1.38,3,3,0.8732708133971292,0.29024233969898355
3024,,after_candidate_limit,,2838,113,13,113,5,1.5,0.5,1.38,3,8,0.8732708133971292,0.29024233969898355
3025,,after_candidate_limit,,2839,113,14,113,5,1.5,0.5,1.38,3,15,0.8732708133971292,0.29024233969898355
3026,,after_candidate_limit,,2862,114,12,114,5,1.5,0.5,2,3,3,0.8732708133971292,0.29024233969898355
3027,,after_candidate_limit,,2863,114,13,114,5,1.5,0.5,2,3,8,0.8732708133971292,0.29024233969898355
3028,,after_candidate_limit,,2864,114,14,114,5,1.5,0.5,2,3,15,0.8732708133971292,0.29024233969898355
3029,,after_candidate_limit,,2988,119,13,119,5,2.25,0.5,0.75,3,8,0.8732708133971292,0.29024233969898355
3030,,after_candidate_limit,,2989,119,14,119,5,2.25,0.5,0.75,3,15,0.8732708133971292,0.29024233969898355
3031,,after_candidate_limit,,3013,120,13,120,5,2.25,0.5,1.38,3,8,0.8732708133971292,0.29024233969898355
3032,,after_candidate_limit,,3014,120,14,120,5,2.25,0.5,1.38,3,15,0.8732708133971292,0.29024233969898355
3033,,after_candidate_limit,,3038,121,13,121,5,2.25,0.5,2,3,8,0.8732708133971292,0.29024233969898355
3034,,after_candidate_limit,,3039,121,14,121,5,2.25,0.5,2,3,15,0.8732708133971292,0.29024233969898355
3035,,after_candidate_limit,,3163,126,13,126,5,3,0.5,0.75,3,8,0.8732708133971292,0.29024233969898355
3036,,after_candidate_limit,,3164,126,14,126,5,3,0.5,0.75,3,15,0.8732708133971292,0.29024233969898355
3037,,after_candidate_limit,,3188,127,13,127,5,3,0.5,1.38,3,8,0.8732708133971292,0.29024233969898355
3038,,after_candidate_limit,,3189,127,14,127,5,3,0.5,1.38,3,15,0.8732708133971292,0.29024233969898355
3039,,after_candidate_limit,,3213,128,13,128,5,3,0.5,2,3,8,0.8732708133971292,0.29024233969898355
3040,,after_candidate_limit,,3214,128,14,128,5,3,0.5,2,3,15,0.8732708133971292,0.29024233969898355
3041,,after_candidate_limit,,3338,133,13,133,5,4.5,0.5,0.75,3,8,0.8732708133971292,0.29024233969898355
3042,,after_candidate_limit,,3339,133,14,133,5,4.5,0.5,0.75,3,15,0.8732708133971292,0.29024233969898355
3043,,after_candidate_limit,,3363,134,13,134,5,4.5,0.5,1.38,3,8,0.8732708133971292,0.29024233969898355
3044,,after_candidate_limit,,3364,134,14,134,5,4.5,0.5,1.38,3,15,0.8732708133971292,0.29024233969898355
3045,,after_candidate_limit,,3388,135,13,135,5,4.5,0.5,2,3,8,0.8732708133971292,0.29024233969898355
3046,,after_candidate_limit,,3389,135,14,135,5,4.5,0.5,2,3,15,0.8732708133971292,0.29024233969898355
3047,,after_candidate_limit,,73,2,23,2,11.67,10.5,0.5,2,20,8,0.8728976076555024,0.37164092525911574
3048,,after_candidate_limit,,4180,167,5,167,9.44,8.5,3,4.5,2,1,0.8727296650717703,0.39001247305135395
3049,,after_candidate_limit,,724,28,24,28,12.78,11.5,0.5,0.75,20,15,0.8727062200956938,0.36119915592352725
3050,,after_candidate_limit,,4005,160,5,160,9.44,5.66,3,4.5,2,1,0.8723248803827751,0.36982841963811136
3051,,after_candidate_limit,,749,29,24,29,12.78,11.5,0.5,1.38,20,15,0.8720856459330144,0.3584962420558956
3052,,after_candidate_limit,,1345,53,20,53,12.78,7.67,1.33,3.67,20,1,0.8717923444976077,0.37691202614298586
3053,,after_candidate_limit,,1295,51,20,51,12.78,7.67,0.5,2,20,1,0.8717531100478468,0.3888542111585254
3054,,after_candidate_limit,,4181,167,6,167,9.44,8.5,3,4.5,2,2,0.8716569377990431,0.3595233939099088
3055,,after_candidate_limit,,3830,153,5,153,9.44,4.25,3,4.5,2,1,0.8716081339712919,0.35723825413327287
3056,,after_candidate_limit,,3655,146,5,146,9.44,2.83,3,4.5,2,1,0.8713287081339713,0.35405304926430514
3057,,after_candidate_limit,,4006,160,6,160,9.44,5.66,3,4.5,2,2,0.871322009569378,0.3554842305988107
3058,,after_candidate_limit,,4182,167,7,167,9.44,8.5,3,4.5,2,3,0.8712502392344498,0.3515019332132129
3059,,after_candidate_limit,,3831,153,6,153,9.44,4.25,3,4.5,2,2,0.8711086124401913,0.3513507553741133
3060,,after_candidate_limit,,4007,160,7,160,9.44,5.66,3,4.5,2,3,0.8711,0.35157336928059213
3061,,after_candidate_limit,,3832,153,7,153,9.44,4.25,3,4.5,2,3,0.8709832535885167,0.34997238243626794
3062,,after_candidate_limit,,3656,146,6,146,9.44,2.83,3,4.5,2,2,0.870966985645933,0.3497618532966838
3063,,after_candidate_limit,,3657,146,7,146,9.44,2.83,3,4.5,2,3,0.8708521531100478,0.34631910193727333
3064,,after_candidate_limit,,4183,167,8,167,9.44,8.5,3,4.5,2,8,0.870743062200957,0.34290678980638867
3065,,after_candidate_limit,,4008,160,8,160,9.44,5.66,3,4.5,2,8,0.8706885167464115,0.3409451965098976
3066,,after_candidate_limit,,3658,146,8,146,9.44,2.83,3,4.5,2,8,0.8706846889952153,0.3408944213367789
3067,,after_candidate_limit,,3659,146,9,146,9.44,2.83,3,4.5,2,15,0.8706846889952153,0.3408944213367789
3068,,after_candidate_limit,,3833,153,8,153,9.44,4.25,3,4.5,2,8,0.8706846889952153,0.3408944213367789
3069,,after_candidate_limit,,3834,153,9,153,9.44,4.25,3,4.5,2,15,0.8706846889952153,0.3408944213367789
3070,,after_candidate_limit,,4009,160,9,160,9.44,5.66,3,4.5,2,15,0.8706846889952153,0.3408944213367789
3071,,after_candidate_limit,,4184,167,9,167,9.44,8.5,3,4.5,2,15,0.8706846889952153,0.3408944213367789
3072,,after_candidate_limit,,1415,56,15,56,13.89,12.5,0.5,0.75,6,1,0.8704531100478469,0.37761875066015194
3073,,after_candidate_limit,,774,30,24,30,12.78,11.5,0.5,2,20,15,0.8697598086124402,0.3562646266660244
3074,,after_candidate_limit,,1566,62,16,62,13.89,12.5,3,4.5,6,2,0.8697344497607655,0.32933001097048314
3075,,after_candidate_limit,,3960,158,10,158,9.44,5.66,1.33,3.67,3,1,0.8689588516746412,0.35492368706377403
3076,,after_candidate_limit,,3935,157,10,157,9.44,5.66,1.33,2,3,1,0.8689177033492823,0.35607721438620754
3077,,after_candidate_limit,,1524,60,24,60,13.89,12.5,1.33,3.67,20,15,0.8686459330143541,0.3705733334748282
3078,,after_candidate_limit,,1499,59,24,59,13.89,12.5,1.33,2,20,15,0.86862009569378,0.37252134406442156
3079,,after_candidate_limit,,4135,165,10,165,9.44,8.5,1.33,3.67,3,1,0.8685014354066986,0.3576063361790592
3080,,after_candidate_limit,,4111,164,11,164,9.44,8.5,1.33,2,3,2,0.8683770334928229,0.35180642629189485
3081,,after_candidate_limit,,4110,164,10,164,9.44,8.5,1.33,2,3,1,0.8683138755980861,0.3570243362544618
3082,,after_candidate_limit,,3785,151,10,151,9.44,4.25,1.33,3.67,3,1,0.8681435406698564,0.33970354293504434
3083,,after_candidate_limit,,4112,164,12,164,9.44,8.5,1.33,2,3,3,0.8681081339712918,0.33875539122816994
3084,,after_candidate_limit,,3760,150,10,150,9.44,4.25,1.33,2,3,1,0.8681052631578947,0.34086946006815755
3085,,after_candidate_limit,,4137,165,12,165,9.44,8.5,1.33,3.67,3,3,0.8680277511961723,0.33726162411064997
3086,,after_candidate_limit,,4136,165,11,165,9.44,8.5,1.33,3.67,3,2,0.8680133971291866,0.3444925685346608
3087,,after_candidate_limit,,3936,157,11,157,9.44,5.66,1.33,2,3,2,0.8679531100478469,0.3404547712954058
3088,,after_candidate_limit,,3961,158,11,158,9.44,5.66,1.33,3.67,3,2,0.8679464114832536,0.3400998359079852
3089,,after_candidate_limit,,3610,144,10,144,9.44,2.83,1.33,3.67,3,1,0.8679215311004784,0.33734110123435684
3090,,after_candidate_limit,,3585,143,10,143,9.44,2.83,1.33,2,3,1,0.8678861244019139,0.3372298746381174
3091,,after_candidate_limit,,3786,151,11,151,9.44,4.25,1.33,3.67,3,2,0.8677492822966507,0.33509474054780136
3092,,after_candidate_limit,,3761,150,11,150,9.44,4.25,1.33,2,3,2,0.8677377990430623,0.33501294018098265
3093,,after_candidate_limit,,3962,158,12,158,9.44,5.66,1.33,3.67,3,3,0.8677196172248803,0.3354012470043783
3094,,after_candidate_limit,,3937,157,12,157,9.44,5.66,1.33,2,3,3,0.8677043062200956,0.3360409303530902
3095,,after_candidate_limit,,1220,48,20,48,12.78,5.75,3,4.5,20,1,0.8676516746411483,0.3821709147656976
3096,,after_candidate_limit,,3787,151,12,151,9.44,4.25,1.33,3.67,3,3,0.8676133971291866,0.33337416931466446
3097,,after_candidate_limit,,3611,144,11,144,9.44,2.83,1.33,3.67,3,2,0.8676057416267943,0.33308774829501164
3098,,after_candidate_limit,,3762,150,12,150,9.44,4.25,1.33,2,3,3,0.867601913875598,0.33311027957974
3099,,after_candidate_limit,,3586,143,11,143,9.44,2.83,1.33,2,3,2,0.8675846889952153,0.33258719239931195
3100,,after_candidate_limit,,3612,144,12,144,9.44,2.83,1.33,3.67,3,3,0.8675205741626795,0.32941982395783487
3101,,after_candidate_limit,,3587,143,12,143,9.44,2.83,1.33,2,3,3,0.8675043062200957,0.3291293690734172
3102,,after_candidate_limit,,4138,165,13,165,9.44,8.5,1.33,3.67,3,8,0.8674076555023923,0.32540152453530646
3103,,after_candidate_limit,,3963,158,13,158,9.44,5.66,1.33,3.67,3,8,0.8673617224880382,0.3243224945550734
3104,,after_candidate_limit,,3938,157,13,157,9.44,5.66,1.33,2,3,8,0.8673607655502392,0.32430386101470077
3105,,after_candidate_limit,,3588,143,13,143,9.44,2.83,1.33,2,3,8,0.8673598086124402,0.3242848847350503
3106,,after_candidate_limit,,3589,143,14,143,9.44,2.83,1.33,2,3,15,0.8673598086124402,0.3242848847350503
3107,,after_candidate_limit,,3613,144,13,144,9.44,2.83,1.33,3.67,3,8,0.8673598086124402,0.3242848847350503
3108,,after_candidate_limit,,3614,144,14,144,9.44,2.83,1.33,3.67,3,15,0.8673598086124402,0.3242848847350503
3109,,after_candidate_limit,,3763,150,13,150,9.44,4.25,1.33,2,3,8,0.8673598086124402,0.3242848847350503
3110,,after_candidate_limit,,3764,150,14,150,9.44,4.25,1.33,2,3,15,0.8673598086124402,0.3242848847350503
3111,,after_candidate_limit,,3788,151,13,151,9.44,4.25,1.33,3.67,3,8,0.8673598086124402,0.3242848847350503
3112,,after_candidate_limit,,3789,151,14,151,9.44,4.25,1.33,3.67,3,15,0.8673598086124402,0.3242848847350503
3113,,after_candidate_limit,,3939,157,14,157,9.44,5.66,1.33,2,3,15,0.8673598086124402,0.3242848847350503
3114,,after_candidate_limit,,3964,158,14,158,9.44,5.66,1.33,3.67,3,15,0.8673598086124402,0.3242848847350503
3115,,after_candidate_limit,,4114,164,14,164,9.44,8.5,1.33,2,3,15,0.8673598086124402,0.3242848847350503
3116,,after_candidate_limit,,4139,165,14,165,9.44,8.5,1.33,3.67,3,15,0.8673598086124402,0.3242848847350503
3117,,after_candidate_limit,,4113,164,13,164,9.44,8.5,1.33,2,3,8,0.8673425837320574,0.3241292147653608
3118,,after_candidate_limit,,2115,84,15,84,15,13.5,0.5,0.75,6,1,0.8668736842105264,0.3802900047643011
3119,,after_candidate_limit,,2190,87,15,87,15,13.5,1.33,2,6,1,0.8666162679425837,0.3435063111009354
3120,,after_candidate_limit,,1221,48,21,48,12.78,5.75,3,4.5,20,2,0.8665435406698565,0.37523969999879503
3121,,after_candidate_limit,,1045,41,20,41,12.78,3.83,3,4.5,20,1,0.8664727272727273,0.37206496947955703
3122,,after_candidate_limit,,1397,55,22,55,12.78,7.67,3,4.5,20,3,0.8664708133971292,0.36994871802149126
3123,,after_candidate_limit,,1046,41,21,41,12.78,3.83,3,4.5,20,2,0.8664081339712919,0.37151389663097
3124,,after_candidate_limit,,2420,96,20,96,15,4.5,2.17,3.25,20,1,0.8663014354066986,0.37343061725100435
3125,,after_candidate_limit,,1222,48,22,48,12.78,5.75,3,4.5,20,3,0.8662799043062201,0.3712174896043464
3126,,after_candidate_limit,,1047,41,22,41,12.78,3.83,3,4.5,20,3,0.8661244019138756,0.3694383024102812
3127,,after_candidate_limit,,2421,96,21,96,15,4.5,2.17,3.25,20,2,0.8659645933014354,0.369832183559041
3128,,after_candidate_limit,,2597,103,22,103,15,6.75,2.17,3.25,20,3,0.8658870813397129,0.372120328895825
3129,,after_candidate_limit,,790,31,15,31,12.78,11.5,1.33,2,6,1,0.8657856459330143,0.3357533507523755
3130,,after_candidate_limit,,2422,96,22,96,15,4.5,2.17,3.25,20,3,0.8657665071770335,0.36884634674566125
3131,,after_candidate_limit,,1398,55,23,55,12.78,7.67,3,4.5,20,8,0.8656583732057416,0.36212422388358445
3132,,after_candidate_limit,,1223,48,23,48,12.78,5.75,3,4.5,20,8,0.8656382775119618,0.35866263007214805
3133,,after_candidate_limit,,1048,41,23,41,12.78,3.83,3,4.5,20,8,0.8656373205741626,0.35863130175134605
3134,,after_candidate_limit,,1049,41,24,41,12.78,3.83,3,4.5,20,15,0.8656373205741626,0.35863130175134605
3135,,after_candidate_limit,,1224,48,24,48,12.78,5.75,3,4.5,20,15,0.8656373205741626,0.35863130175134605
3136,,after_candidate_limit,,1399,55,24,55,12.78,7.67,3,4.5,20,15,0.8656373205741626,0.35863130175134605
3137,,after_candidate_limit,,1447,57,22,57,13.89,12.5,0.5,1.38,20,3,0.8654784688995215,0.31317143444204154
3138,,after_candidate_limit,,2598,103,23,103,15,6.75,2.17,3.25,20,8,0.8651263157894736,0.3563946049931723
3139,,after_candidate_limit,,2423,96,23,96,15,4.5,2.17,3.25,20,8,0.8651205741626794,0.35632246321510097
3140,,after_candidate_limit,,2424,96,24,96,15,4.5,2.17,3.25,20,15,0.8651205741626794,0.35632246321510097
3141,,after_candidate_limit,,2599,103,24,103,15,6.75,2.17,3.25,20,15,0.8651205741626794,0.35632246321510097
3142,,after_candidate_limit,,2774,110,24,110,15,9,2.17,3.25,20,15,0.8651205741626794,0.35632246321510097
3143,,after_candidate_limit,,2773,110,23,110,15,9,2.17,3.25,20,8,0.8649712918660287,0.35974429686740494
3144,,after_candidate_limit,,2595,103,20,103,15,6.75,2.17,3.25,20,1,0.8643344497607656,0.3970466630248959
3145,,after_candidate_limit,,723,28,23,28,12.78,11.5,0.5,0.75,20,8,0.8640244019138756,0.36518864567143644
3146,,after_candidate_limit,,690,27,15,27,11.67,7,3,4.5,6,1,0.863977033492823,0.3818276300230762
3147,,after_candidate_limit,,2795,111,20,111,15,9,3,4.5,20,1,0.863633971291866,0.3672211525119355
3148,,after_candidate_limit,,515,20,15,20,11.67,5.25,3,4.5,6,1,0.8636258373205742,0.3640563396297428
3149,,after_candidate_limit,,748,29,23,29,12.78,11.5,0.5,1.38,20,8,0.8634277511961722,0.3639846166211315
3150,,after_candidate_limit,,773,30,23,30,12.78,11.5,0.5,2,20,8,0.8633904306220096,0.36301611878377155
3151,,after_candidate_limit,,516,20,16,20,11.67,5.25,3,4.5,6,2,0.8629368421052631,0.35319822239142074
3152,,after_candidate_limit,,691,27,16,27,11.67,7,3,4.5,6,2,0.8629052631578947,0.35534559111768205
3153,,after_candidate_limit,,340,13,15,13,11.67,3.5,3,4.5,6,1,0.8628928229665072,0.35179820494473724
3154,,after_candidate_limit,,2596,103,21,103,15,6.75,2.17,3.25,20,2,0.8628775119617225,0.37157222145489316
3155,,after_candidate_limit,,692,27,17,27,11.67,7,3,4.5,6,3,0.862844019138756,0.35277396429271574
3156,,after_candidate_limit,,2772,110,22,110,15,9,2.17,3.25,20,3,0.8628306220095694,0.37626372924820745
3157,,after_candidate_limit,,517,20,17,20,11.67,5.25,3,4.5,6,3,0.8627923444976077,0.35121413919465766
3158,,after_candidate_limit,,341,13,16,13,11.67,3.5,3,4.5,6,2,0.8627808612440191,0.3500682167538384
3159,,after_candidate_limit,,342,13,17,13,11.67,3.5,3,4.5,6,3,0.8626066985645933,0.3471461613372446
3160,,after_candidate_limit,,168,6,18,6,11.67,10.5,3,4.5,6,8,0.8625368421052632,0.3468021464329996
3161,,after_candidate_limit,,693,27,18,27,11.67,7,3,4.5,6,8,0.8623875598086125,0.33936758798611666
3162,,after_candidate_limit,,343,13,18,13,11.67,3.5,3,4.5,6,8,0.8623808612440191,0.3392620854141181
3163,,after_candidate_limit,,344,13,19,13,11.67,3.5,3,4.5,6,15,0.8623808612440191,0.3392620854141181
3164,,after_candidate_limit,,518,20,18,20,11.67,5.25,3,4.5,6,8,0.8623808612440191,0.3392620854141181
3165,,after_candidate_limit,,519,20,19,20,11.67,5.25,3,4.5,6,15,0.8623808612440191,0.3392620854141181
3166,,after_candidate_limit,,694,27,19,27,11.67,7,3,4.5,6,15,0.8623808612440191,0.3392620854141181
3167,,after_candidate_limit,,22,0,22,0,11.67,10.5,0.5,0.75,20,3,0.862345933014354,0.3688355713762874
3168,,after_candidate_limit,,169,6,19,6,11.67,10.5,3,4.5,6,15,0.8622583732057416,0.3385824635620739
3169,,after_candidate_limit,,1498,59,23,59,13.89,12.5,1.33,2,20,8,0.8622315789473685,0.3645946451948723
3170,,after_candidate_limit,,2215,88,15,88,15,13.5,1.33,3.67,6,1,0.8617952153110048,0.32765698642330077
3171,,after_candidate_limit,,2265,90,15,90,15,13.5,3,4.5,6,1,0.8616765550239235,0.33585832429783485
3172,,after_candidate_limit,,445,17,20,17,11.67,5.25,1.33,2,20,1,0.8613578947368421,0.3852141606574866
3173,,after_candidate_limit,,470,18,20,18,11.67,5.25,1.33,3.67,20,1,0.8612315789473685,0.38412199428754557
3174,,after_candidate_limit,,1396,55,21,55,12.78,7.67,3,4.5,20,2,0.8610344497607656,0.3702157519987663
3175,,after_candidate_limit,,1440,57,15,57,13.89,12.5,0.5,1.38,6,1,0.8605837320574162,0.34518298716798085
3176,,after_candidate_limit,,295,11,20,11,11.67,3.5,1.33,3.67,20,1,0.8604746411483254,0.37348938499493545
3177,,after_candidate_limit,,270,10,20,10,11.67,3.5,1.33,2,20,1,0.8604497607655502,0.3733728987174491
3178,,after_candidate_limit,,471,18,21,18,11.67,5.25,1.33,3.67,20,2,0.8603645933014354,0.37430357099287315
3179,,after_candidate_limit,,446,17,21,17,11.67,5.25,1.33,2,20,2,0.8603617224880383,0.37486971699364074
3180,,after_candidate_limit,,2240,89,15,89,15,13.5,2.17,3.25,6,1,0.8603406698564593,0.3366618389811788
3181,,after_candidate_limit,,167,6,17,6,11.67,10.5,3,4.5,6,3,0.8602684210526316,0.34724775791889245
3182,,after_candidate_limit,,271,10,21,10,11.67,3.5,1.33,2,20,2,0.8602019138755981,0.3715713743133338
3183,,after_candidate_limit,,296,11,21,11,11.67,3.5,1.33,3.67,20,2,0.8601913875598086,0.371500890568449
3184,,after_candidate_limit,,622,24,22,24,11.67,7,1.33,2,20,3,0.8601406698564593,0.37391570635684174
3185,,after_candidate_limit,,647,25,22,25,11.67,7,1.33,3.67,20,3,0.8601291866028709,0.3733489977278622
3186,,after_candidate_limit,,472,18,22,18,11.67,5.25,1.33,3.67,20,3,0.8601033492822967,0.3709573375347686
3187,,after_candidate_limit,,166,6,16,6,11.67,10.5,3,4.5,6,2,0.8600985645933015,0.33672513656611014
3188,,after_candidate_limit,,447,17,22,17,11.67,5.25,1.33,2,20,3,0.8600985645933015,0.37149140507375056
3189,,after_candidate_limit,,272,10,22,10,11.67,3.5,1.33,2,20,3,0.8599732057416268,0.36978018599223944
3190,,after_candidate_limit,,297,11,22,11,11.67,3.5,1.33,3.67,20,3,0.8599732057416268,0.3698190918873713
3191,,after_candidate_limit,,623,24,23,24,11.67,7,1.33,2,20,8,0.859666985645933,0.36102383162874235
3192,,after_candidate_limit,,448,17,23,17,11.67,5.25,1.33,2,20,8,0.8596650717703349,0.36070059930551
3193,,after_candidate_limit,,473,18,23,18,11.67,5.25,1.33,3.67,20,8,0.8596650717703349,0.36070059930551
3194,,after_candidate_limit,,648,25,23,25,11.67,7,1.33,3.67,20,8,0.8596650717703349,0.36070059930551
3195,,after_candidate_limit,,624,24,24,24,11.67,7,1.33,2,20,15,0.8596641148325359,0.3606629470352996
3196,,after_candidate_limit,,649,25,24,25,11.67,7,1.33,3.67,20,15,0.8596641148325359,0.3606629470352996
3197,,after_candidate_limit,,273,10,23,10,11.67,3.5,1.33,2,20,8,0.8596631578947368,0.3606148989872515
3198,,after_candidate_limit,,274,10,24,10,11.67,3.5,1.33,2,20,15,0.8596631578947368,0.3606148989872515
3199,,after_candidate_limit,,298,11,23,11,11.67,3.5,1.33,3.67,20,8,0.8596631578947368,0.3606148989872515
3200,,after_candidate_limit,,299,11,24,11,11.67,3.5,1.33,3.67,20,15,0.8596631578947368,0.3606148989872515
3201,,after_candidate_limit,,449,17,24,17,11.67,5.25,1.33,2,20,15,0.8596631578947368,0.3606148989872515
3202,,after_candidate_limit,,474,18,24,18,11.67,5.25,1.33,3.67,20,15,0.8596631578947368,0.3606148989872515
3203,,after_candidate_limit,,620,24,20,24,11.67,7,1.33,2,20,1,0.8594727272727273,0.3930041729864876
3204,,after_candidate_limit,,1523,60,23,60,13.89,12.5,1.33,3.67,20,8,0.859466985645933,0.36114889187918725
3205,,after_candidate_limit,,1472,58,22,58,13.89,12.5,0.5,2,20,3,0.8591947368421052,0.308819066888016
3206,,after_candidate_limit,,2140,85,15,85,15,13.5,0.5,1.38,6,1,0.8591794258373205,0.357417093993286
3207,,after_candidate_limit,,47,1,22,1,11.67,10.5,0.5,1.38,20,3,0.8582775119617225,0.35748877555254105
3208,,after_candidate_limit,,3870,154,20,154,9.44,5.66,0.5,0.75,20,1,0.8580784688995216,0.39322204965371466
3209,,after_candidate_limit,,3895,155,20,155,9.44,5.66,0.5,1.38,20,1,0.8579521531100478,0.39185248800420636
3210,,after_candidate_limit,,3920,156,20,156,9.44,5.66,0.5,2,20,1,0.8579387559808612,0.3902644698153077
3211,,after_candidate_limit,,1490,59,15,59,13.89,12.5,1.33,2,6,1,0.8578325358851675,0.324083749526056
3212,,after_candidate_limit,,797,31,22,31,12.78,11.5,1.33,2,20,3,0.8577703349282296,0.36172971741036375
3213,,after_candidate_limit,,646,25,21,25,11.67,7,1.33,3.67,20,2,0.85762009569378,0.3754040681750917
3214,,after_candidate_limit,,1465,58,15,58,13.89,12.5,0.5,2,6,1,0.8576105263157895,0.3352084433711138
3215,,after_candidate_limit,,3695,147,20,147,9.44,4.25,0.5,0.75,20,1,0.8576081339712919,0.38704264479984046
3216,,after_candidate_limit,,2097,83,22,83,13.89,8.33,3,4.5,20,3,0.8575928229665072,0.3674070513403639
3217,,after_candidate_limit,,874,34,24,34,12.78,11.5,3,4.5,20,15,0.8575511961722488,0.3512720372591265
3218,,after_candidate_limit,,1745,69,20,69,13.89,4.17,3,4.5,20,1,0.8574885167464115,0.365299034230601
3219,,after_candidate_limit,,621,24,21,24,11.67,7,1.33,2,20,2,0.857468899521531,0.37485100682877964
3220,,after_candidate_limit,,1746,69,21,69,13.89,4.17,3,4.5,20,2,0.8572421052631579,0.3641642237999016
3221,,after_candidate_limit,,3720,148,20,148,9.44,4.25,0.5,1.38,20,1,0.8572392344497608,0.38305891050409524
3222,,after_candidate_limit,,822,32,22,32,12.78,11.5,1.33,3.67,20,3,0.8572253588516746,0.3652829542032847
3223,,after_candidate_limit,,1922,76,22,76,13.89,6.25,3,4.5,20,3,0.8571688995215311,0.3672477621804496
3224,,after_candidate_limit,,3745,149,20,149,9.44,4.25,0.5,2,20,1,0.8571373205741627,0.3815060023250624
3225,,after_candidate_limit,,1747,69,22,69,13.89,4.17,3,4.5,20,3,0.857033014354067,0.3629418019594443
3226,,after_candidate_limit,,3871,154,21,154,9.44,5.66,0.5,0.75,20,2,0.8570167464114833,0.38174642376417844
3227,,after_candidate_limit,,3520,140,20,140,9.44,2.83,0.5,0.75,20,1,0.8570157894736842,0.381328431979552
3228,,after_candidate_limit,,3570,142,20,142,9.44,2.83,0.5,2,20,1,0.8570090909090909,0.3790066267491413
3229,,after_candidate_limit,,3545,141,20,141,9.44,2.83,0.5,1.38,20,1,0.8569842105263158,0.3786819170597074
3230,,after_candidate_limit,,3921,156,21,156,9.44,5.66,0.5,2,20,2,0.8568459330143541,0.3798142085227704
3231,,after_candidate_limit,,3896,155,21,155,9.44,5.66,0.5,1.38,20,2,0.8567377990430622,0.37869248034129976
3232,,after_candidate_limit,,2098,83,23,83,13.89,8.33,3,4.5,20,8,0.8566813397129187,0.3557285122050651
3233,,after_candidate_limit,,645,25,20,25,11.67,7,1.33,3.67,20,1,0.8566708133971291,0.3901737678918536
3234,,after_candidate_limit,,3696,147,21,147,9.44,4.25,0.5,0.75,20,2,0.8566622009569378,0.3783226849449618
3235,,after_candidate_limit,,3746,149,21,149,9.44,4.25,0.5,2,20,2,0.8566507177033493,0.3771365245997761
3236,,after_candidate_limit,,3721,148,21,148,9.44,4.25,0.5,1.38,20,2,0.8566488038277512,0.37816893926988726
3237,,after_candidate_limit,,1923,76,23,76,13.89,6.25,3,4.5,20,8,0.8566133971291866,0.3511123931563818
3238,,after_candidate_limit,,1748,69,23,69,13.89,4.17,3,4.5,20,8,0.8566114832535885,0.3510732562582611
3239,,after_candidate_limit,,1749,69,24,69,13.89,4.17,3,4.5,20,15,0.8566114832535885,0.3510732562582611
3240,,after_candidate_limit,,1924,76,24,76,13.89,6.25,3,4.5,20,15,0.8566114832535885,0.3510732562582611
3241,,after_candidate_limit,,2099,83,24,83,13.89,8.33,3,4.5,20,15,0.8566114832535885,0.3510732562582611
3242,,after_candidate_limit,,99,3,24,3,11.67,10.5,1.33,2,20,15,0.8566014354066985,0.360744485337072
3243,,after_candidate_limit,,124,4,24,4,11.67,10.5,1.33,3.67,20,15,0.8566014354066985,0.36011519155054267
3244,,after_candidate_limit,,3521,140,21,140,9.44,2.83,0.5,0.75,20,2,0.8565808612440191,0.37705051353455055
3245,,after_candidate_limit,,3922,156,22,156,9.44,5.66,0.5,2,20,3,0.856577990430622,0.37802961023347786
3246,,after_candidate_limit,,3897,155,22,155,9.44,5.66,0.5,1.38,20,3,0.8565722488038278,0.3776912050130424
3247,,after_candidate_limit,,3872,154,22,154,9.44,5.66,0.5,0.75,20,3,0.8565665071770335,0.3769913049439059
3248,,after_candidate_limit,,3546,141,21,141,9.44,2.83,0.5,1.38,20,2,0.8565588516746412,0.37584551544146866
3249,,after_candidate_limit,,3571,142,21,142,9.44,2.83,0.5,2,20,2,0.8565578947368421,0.3758781323430552
3250,,after_candidate_limit,,3747,149,22,149,9.44,4.25,0.5,2,20,3,0.8565358851674642,0.3757066365382276
3251,,after_candidate_limit,,3697,147,22,147,9.44,4.25,0.5,0.75,20,3,0.856534928229665,0.3770458019977292
3252,,after_candidate_limit,,3722,148,22,148,9.44,4.25,0.5,1.38,20,3,0.8565301435406698,0.3755611063012688
3253,,after_candidate_limit,,2273,90,23,90,15,13.5,3,4.5,20,8,0.85651004784689,0.31526984960655946
3254,,after_candidate_limit,,3572,142,22,142,9.44,2.83,0.5,2,20,3,0.8564746411483254,0.3743662760968029
3255,,after_candidate_limit,,4098,163,23,163,9.44,8.5,0.5,2,20,8,0.8562684210526316,0.36994312950497327
3256,,after_candidate_limit,,3522,140,22,140,9.44,2.83,0.5,0.75,20,3,0.8562665071770335,0.3727881928269624
3257,,after_candidate_limit,,3547,141,22,141,9.44,2.83,0.5,1.38,20,3,0.8562655502392345,0.3727544784470349
3258,,after_candidate_limit,,4073,162,23,162,9.44,8.5,0.5,1.38,20,8,0.8562645933014355,0.3705498986077176
3259,,after_candidate_limit,,4048,161,23,161,9.44,8.5,0.5,0.75,20,8,0.856255980861244,0.36922873189903077
3260,,after_candidate_limit,,3873,154,23,154,9.44,5.66,0.5,0.75,20,8,0.8562425837320574,0.3690617640269128
3261,,after_candidate_limit,,4074,162,24,162,9.44,8.5,0.5,1.38,20,15,0.8562416267942584,0.3688395418046906
3262,,after_candidate_limit,,4099,163,24,163,9.44,8.5,0.5,2,20,15,0.8562406698564593,0.36871083234989416
3263,,after_candidate_limit,,3898,155,23,155,9.44,5.66,0.5,1.38,20,8,0.8562397129186603,0.3686266218235784
3264,,after_candidate_limit,,3923,156,23,156,9.44,5.66,0.5,2,20,8,0.8562397129186603,0.3686266218235784
3265,,after_candidate_limit,,4049,161,24,161,9.44,8.5,0.5,0.75,20,15,0.8562397129186603,0.3678928999898565
3266,,after_candidate_limit,,3698,147,23,147,9.44,4.25,0.5,0.75,20,8,0.8562387559808613,0.36856964176659834
3267,,after_candidate_limit,,3723,148,23,148,9.44,4.25,0.5,1.38,20,8,0.8562387559808613,0.36856964176659834
3268,,after_candidate_limit,,3748,149,23,149,9.44,4.25,0.5,2,20,8,0.8562387559808613,0.36856964176659834
3269,,after_candidate_limit,,3523,140,23,140,9.44,2.83,0.5,0.75,20,8,0.8562377990430622,0.36850964176659834
3270,,after_candidate_limit,,3524,140,24,140,9.44,2.83,0.5,0.75,20,15,0.8562377990430622,0.36850964176659834
3271,,after_candidate_limit,,3548,141,23,141,9.44,2.83,0.5,1.38,20,8,0.8562377990430622,0.36850964176659834
3272,,after_candidate_limit,,3549,141,24,141,9.44,2.83,0.5,1.38,20,15,0.8562377990430622,0.36850964176659834
3273,,after_candidate_limit,,3573,142,23,142,9.44,2.83,0.5,2,20,8,0.8562377990430622,0.36850964176659834
3274,,after_candidate_limit,,3574,142,24,142,9.44,2.83,0.5,2,20,15,0.8562377990430622,0.36850964176659834
3275,,after_candidate_limit,,3699,147,24,147,9.44,4.25,0.5,0.75,20,15,0.8562377990430622,0.36850964176659834
3276,,after_candidate_limit,,3724,148,24,148,9.44,4.25,0.5,1.38,20,15,0.8562377990430622,0.36850964176659834
3277,,after_candidate_limit,,3749,149,24,149,9.44,4.25,0.5,2,20,15,0.8562377990430622,0.36850964176659834
3278,,after_candidate_limit,,3874,154,24,154,9.44,5.66,0.5,0.75,20,15,0.8562377990430622,0.36850964176659834
3279,,after_candidate_limit,,3899,155,24,155,9.44,5.66,0.5,1.38,20,15,0.8562377990430622,0.36850964176659834
3280,,after_candidate_limit,,3924,156,24,156,9.44,5.66,0.5,2,20,15,0.8562377990430622,0.36850964176659834
3281,,after_candidate_limit,,1395,55,20,55,12.78,7.67,3,4.5,20,1,0.856033014354067,0.3678523462237291
3282,,after_candidate_limit,,722,28,22,28,12.78,11.5,0.5,0.75,20,3,0.85591004784689,0.3393280030061353
3283,,after_candidate_limit,,72,2,22,2,11.67,10.5,0.5,2,20,3,0.8557071770334929,0.3557041276597829
3284,,after_candidate_limit,,1920,76,20,76,13.89,6.25,3,4.5,20,1,0.8554899521531101,0.3799461355248737
3285,,after_candidate_limit,,71,2,21,2,11.67,10.5,0.5,2,20,2,0.8554545454545455,0.36084328281423617
3286,,after_candidate_limit,,2096,83,21,83,13.89,8.33,3,4.5,20,2,0.8552832535885168,0.37462627830863054
3287,,after_candidate_limit,,21,0,21,0,11.67,10.5,0.5,0.75,20,2,0.8551244019138756,0.36354594813897706
3288,,after_candidate_limit,,815,32,15,32,12.78,11.5,1.33,3.67,6,1,0.8550851674641148,0.3175407038514605
3289,,after_candidate_limit,,46,1,21,1,11.67,10.5,0.5,1.38,20,2,0.8549258373205741,0.36182342737897805
3290,,after_candidate_limit,,4047,161,22,161,9.44,8.5,0.5,0.75,20,3,0.8548162679425837,0.3760108470026755
3291,,after_candidate_limit,,123,4,23,4,11.67,10.5,1.33,3.67,20,8,0.8543732057416268,0.36445133533393065
3292,,after_candidate_limit,,1921,76,21,76,13.89,6.25,3,4.5,20,2,0.8543004784688996,0.36646181801698174
3293,,after_candidate_limit,,98,3,23,3,11.67,10.5,1.33,2,20,8,0.8542114832535885,0.3638224930104965
3294,,after_candidate_limit,,3400,136,0,136,5,4.5,1.33,2,1,1,0.8538593301435407,0.2510234667629637
3295,,after_candidate_limit,,3425,137,0,137,5,4.5,1.33,3.67,1,1,0.8538306220095694,0.24977736445933466
3296,,after_candidate_limit,,3250,130,0,130,5,3,1.33,3.67,1,1,0.8536708133971291,0.24861243172860722
3297,,after_candidate_limit,,3225,129,0,129,5,3,1.33,2,1,1,0.8536622009569378,0.24861538342562697
3298,,after_candidate_limit,,3426,137,1,137,5,4.5,1.33,3.67,1,2,0.8536229665071771,0.24845655155671306
3299,,after_candidate_limit,,3401,136,1,136,5,4.5,1.33,2,1,2,0.8536105263157895,0.2485708130440508
3300,,after_candidate_limit,,1895,75,20,75,13.89,6.25,2.17,3.25,20,1,0.8536086124401914,0.3869072536355695
3301,,after_candidate_limit,,3050,122,0,122,5,2.25,1.33,2,1,1,0.853577990430622,0.2484364501285816
3302,,after_candidate_limit,,3075,123,0,123,5,2.25,1.33,3.67,1,1,0.8535703349282296,0.24825713879746467
3303,,after_candidate_limit,,3251,130,1,130,5,3,1.33,3.67,1,2,0.8535425837320574,0.24789270092108737
3304,,after_candidate_limit,,3427,137,2,137,5,4.5,1.33,3.67,1,3,0.8535368421052631,0.24793859956756045
3305,,after_candidate_limit,,3402,136,2,136,5,4.5,1.33,2,1,3,0.8535263157894737,0.24786660887593484
3306,,after_candidate_limit,,2900,116,0,116,5,1.5,1.33,3.67,1,1,0.8535167464114832,0.2472355024169777
3307,,after_candidate_limit,,3226,129,1,129,5,3,1.33,2,1,2,0.8535157894736842,0.24772250336746895
3308,,after_candidate_limit,,1195,47,20,47,12.78,5.75,2.17,3.25,20,1,0.853511961722488,0.37516961331103593
3309,,after_candidate_limit,,2875,115,0,115,5,1.5,1.33,2,1,1,0.85351004784689,0.24730831332908695
3310,,after_candidate_limit,,3076,123,1,123,5,2.25,1.33,3.67,1,2,0.8534574162679426,0.24655809590795688
3311,,after_candidate_limit,,3051,122,1,122,5,2.25,1.33,2,1,2,0.8534535885167465,0.2466317931460942
3312,,after_candidate_limit,,3227,129,2,129,5,3,1.33,2,1,3,0.8534526315789474,0.24648389576314714
3313,,after_candidate_limit,,3252,130,2,130,5,3,1.33,3.67,1,3,0.8534516746411484,0.2464232897025411
3314,,after_candidate_limit,,2771,110,21,110,15,9,2.17,3.25,20,2,0.8534507177033492,0.3766506173998175
3315,,after_candidate_limit,,2071,82,21,82,13.89,8.33,2.17,3.25,20,2,0.8534344497607655,0.3782755764158616
3316,,after_candidate_limit,,2876,115,1,115,5,1.5,1.33,2,1,2,0.8534133971291866,0.2458528166281516
3317,,after_candidate_limit,,2901,116,1,116,5,1.5,1.33,3.67,1,2,0.8534086124401914,0.24561781730266277
3318,,after_candidate_limit,,3052,122,2,122,5,2.25,1.33,2,1,3,0.8533913875598086,0.24549309578088815
3319,,after_candidate_limit,,3077,123,2,123,5,2.25,1.33,3.67,1,3,0.8533760765550239,0.2446310456773503
3320,,after_candidate_limit,,2877,115,2,115,5,1.5,1.33,2,1,3,0.8533741626794258,0.2440786647249694
3321,,after_candidate_limit,,2878,115,3,115,5,1.5,1.33,2,1,8,0.8533732057416268,0.2440319980583027
3322,,after_candidate_limit,,2879,115,4,115,5,1.5,1.33,2,1,15,0.8533732057416268,0.2440319980583027
3323,,after_candidate_limit,,2902,116,2,116,5,1.5,1.33,3.67,1,3,0.8533732057416268,0.2440319980583027
3324,,after_candidate_limit,,2903,116,3,116,5,1.5,1.33,3.67,1,8,0.8533732057416268,0.2440319980583027
3325,,after_candidate_limit,,2904,116,4,116,5,1.5,1.33,3.67,1,15,0.8533732057416268,0.2440319980583027
3326,,after_candidate_limit,,3053,122,3,122,5,2.25,1.33,2,1,8,0.8533732057416268,0.2440319980583027
3327,,after_candidate_limit,,3054,122,4,122,5,2.25,1.33,2,1,15,0.8533732057416268,0.2440319980583027
3328,,after_candidate_limit,,3078,123,3,123,5,2.25,1.33,3.67,1,8,0.8533732057416268,0.2440319980583027
3329,,after_candidate_limit,,3079,123,4,123,5,2.25,1.33,3.67,1,15,0.8533732057416268,0.2440319980583027
3330,,after_candidate_limit,,3228,129,3,129,5,3,1.33,2,1,8,0.8533732057416268,0.2440319980583027
3331,,after_candidate_limit,,3229,129,4,129,5,3,1.33,2,1,15,0.8533732057416268,0.2440319980583027
3332,,after_candidate_limit,,3253,130,3,130,5,3,1.33,3.67,1,8,0.8533732057416268,0.2440319980583027
3333,,after_candidate_limit,,3254,130,4,130,5,3,1.33,3.67,1,15,0.8533732057416268,0.2440319980583027
3334,,after_candidate_limit,,3403,136,3,136,5,4.5,1.33,2,1,8,0.8533732057416268,0.2440319980583027
3335,,after_candidate_limit,,3404,136,4,136,5,4.5,1.33,2,1,15,0.8533732057416268,0.2440319980583027
3336,,after_candidate_limit,,3428,137,3,137,5,4.5,1.33,3.67,1,8,0.8533732057416268,0.2440319980583027
3337,,after_candidate_limit,,3429,137,4,137,5,4.5,1.33,3.67,1,15,0.8533732057416268,0.2440319980583027
3338,,after_candidate_limit,,4046,161,21,161,9.44,8.5,0.5,0.75,20,2,0.8532339712918661,0.38127447253000124
3339,,after_candidate_limit,,1896,75,21,75,13.89,6.25,2.17,3.25,20,2,0.8528870813397129,0.37295250993465645
3340,,after_candidate_limit,,2072,82,22,82,13.89,8.33,2.17,3.25,20,3,0.8528602870813398,0.37236750385372247
3341,,after_candidate_limit,,1720,68,20,68,13.89,4.17,2.17,3.25,20,1,0.8526047846889953,0.3686143549097081
3342,,after_candidate_limit,,1897,75,22,75,13.89,6.25,2.17,3.25,20,3,0.8525248803827751,0.37074830229348604
3343,,after_candidate_limit,,1721,68,21,68,13.89,4.17,2.17,3.25,20,2,0.852501913875598,0.36763696920489924
3344,,after_candidate_limit,,1549,61,24,61,13.89,12.5,2.17,3.25,20,15,0.852454066985646,0.36382859893945035
3345,,after_candidate_limit,,1196,47,21,47,12.78,5.75,2.17,3.25,20,2,0.8524114832535885,0.3678795880486081
3346,,after_candidate_limit,,1722,68,22,68,13.89,4.17,2.17,3.25,20,3,0.8523937799043062,0.36656721581604473
3347,,after_candidate_limit,,2165,86,15,86,15,13.5,0.5,2,6,1,0.8523531100478469,0.3485570094841113
3348,,after_candidate_limit,,4097,163,22,163,9.44,8.5,0.5,2,20,3,0.8523502392344497,0.37808595016026153
3349,,after_candidate_limit,,1197,47,22,47,12.78,5.75,2.17,3.25,20,3,0.8522870813397129,0.3647483811185024
3350,,after_candidate_limit,,1020,40,20,40,12.78,3.83,2.17,3.25,20,1,0.8522842105263158,0.36433379305983876
3351,,after_candidate_limit,,1372,54,22,54,12.78,7.67,2.17,3.25,20,3,0.8522602870813397,0.3617010301637065
3352,,after_candidate_limit,,1021,40,21,40,12.78,3.83,2.17,3.25,20,2,0.8522315789473685,0.36355066645947043
3353,,after_candidate_limit,,747,29,22,29,12.78,11.5,0.5,1.38,20,3,0.8522248803827751,0.3320962997867078
3354,,after_candidate_limit,,665,26,15,26,11.67,7,2.17,3.25,6,1,0.852199043062201,0.37931237392822414
3355,,after_candidate_limit,,1022,40,22,40,12.78,3.83,2.17,3.25,20,3,0.8521502392344498,0.3623576465734028
3356,,after_candidate_limit,,2249,89,24,89,15,13.5,2.17,3.25,20,15,0.8521435406698564,0.33873939353459753
3357,,after_candidate_limit,,90,3,15,3,11.67,10.5,1.33,2,6,1,0.8520655502392345,0.323780436340617
3358,,after_candidate_limit,,1515,60,15,60,13.89,12.5,1.33,3.67,6,1,0.8520033492822966,0.31358277390801476
3359,,after_candidate_limit,,4072,162,22,162,9.44,8.5,0.5,1.38,20,3,0.8519942583732057,0.3742718239677574
3360,,after_candidate_limit,,490,19,15,19,11.67,5.25,2.17,3.25,6,1,0.851933971291866,0.3632161448668172
3361,,after_candidate_limit,,2073,82,23,82,13.89,8.33,2.17,3.25,20,8,0.8519287081339713,0.3585327724100944
3362,,after_candidate_limit,,1898,75,23,75,13.89,6.25,2.17,3.25,20,8,0.8518645933014354,0.3545022063400812
3363,,after_candidate_limit,,1723,68,23,68,13.89,4.17,2.17,3.25,20,8,0.8518626794258373,0.3544637636585772
3364,,after_candidate_limit,,1724,68,24,68,13.89,4.17,2.17,3.25,20,15,0.8518626794258373,0.3544637636585772
3365,,after_candidate_limit,,1899,75,24,75,13.89,6.25,2.17,3.25,20,15,0.8518626794258373,0.3544637636585772
3366,,after_candidate_limit,,2074,82,24,82,13.89,8.33,2.17,3.25,20,15,0.8518626794258373,0.3544637636585772
3367,,after_candidate_limit,,873,34,23,34,12.78,11.5,3,4.5,20,8,0.8518224880382775,0.3539113454779413
3368,,after_candidate_limit,,1373,54,23,54,12.78,7.67,2.17,3.25,20,8,0.85168995215311,0.3551111563741325
3369,,after_candidate_limit,,1023,40,23,40,12.78,3.83,2.17,3.25,20,8,0.851666985645933,0.3511411068848974
3370,,after_candidate_limit,,1024,40,24,40,12.78,3.83,2.17,3.25,20,15,0.851666985645933,0.3511411068848974
3371,,after_candidate_limit,,1198,47,23,47,12.78,5.75,2.17,3.25,20,8,0.851666985645933,0.3511411068848974
3372,,after_candidate_limit,,1199,47,24,47,12.78,5.75,2.17,3.25,20,15,0.851666985645933,0.3511411068848974
3373,,after_candidate_limit,,1374,54,24,54,12.78,7.67,2.17,3.25,20,15,0.851666985645933,0.3511411068848974
3374,,after_candidate_limit,,315,12,15,12,11.67,3.5,2.17,3.25,6,1,0.851177990430622,0.3497466883815377
3375,,after_candidate_limit,,491,19,16,19,11.67,5.25,2.17,3.25,6,2,0.8511746411483253,0.35173126907284424
3376,,after_candidate_limit,,666,26,16,26,11.67,7,2.17,3.25,6,2,0.8511507177033493,0.3546623974380059
3377,,after_candidate_limit,,667,26,17,26,11.67,7,2.17,3.25,6,3,0.8510904306220096,0.3506764352683461
3378,,after_candidate_limit,,316,12,16,12,11.67,3.5,2.17,3.25,6,2,0.8510215311004785,0.3481085560639516
3379,,after_candidate_limit,,492,19,17,19,11.67,5.25,2.17,3.25,6,3,0.8510186602870813,0.34897079888382515
3380,,after_candidate_limit,,142,5,17,5,11.67,10.5,2.17,3.25,6,3,0.8509574162679426,0.34544713814449485
3381,,after_candidate_limit,,141,5,16,5,11.67,10.5,2.17,3.25,6,2,0.8509033492822966,0.3357972279514734
3382,,after_candidate_limit,,317,12,17,12,11.67,3.5,2.17,3.25,6,3,0.8508291866028708,0.34464969337706053
3383,,after_candidate_limit,,143,5,18,5,11.67,10.5,2.17,3.25,6,8,0.850767942583732,0.3455688474455567
3384,,after_candidate_limit,,721,28,21,28,12.78,11.5,0.5,0.75,20,2,0.8506191387559808,0.33692554156865123
3385,,after_candidate_limit,,668,26,18,26,11.67,7,2.17,3.25,6,8,0.8506043062200956,0.3367280113546721
3386,,after_candidate_limit,,493,19,18,19,11.67,5.25,2.17,3.25,6,8,0.8505966507177033,0.3366028430773784
3387,,after_candidate_limit,,318,12,18,12,11.67,3.5,2.17,3.25,6,8,0.8505956937799043,0.33658523301448534
3388,,after_candidate_limit,,319,12,19,12,11.67,3.5,2.17,3.25,6,15,0.8505956937799043,0.33658523301448534
3389,,after_candidate_limit,,494,19,19,19,11.67,5.25,2.17,3.25,6,15,0.8505956937799043,0.33658523301448534
3390,,after_candidate_limit,,669,26,19,26,11.67,7,2.17,3.25,6,15,0.8505956937799043,0.33658523301448534
3391,,after_candidate_limit,,144,5,19,5,11.67,10.5,2.17,3.25,6,15,0.8504684210526315,0.33604013471478705
3392,,after_candidate_limit,,2070,82,20,82,13.89,8.33,2.17,3.25,20,1,0.8502483253588516,0.3845384955168689
3393,,after_candidate_limit,,4071,162,21,162,9.44,8.5,0.5,1.38,20,2,0.8502430622009569,0.3804434329107278
3394,,after_candidate_limit,,1540,61,15,61,13.89,12.5,2.17,3.25,6,1,0.8501511961722488,0.3097538457722602
3395,,after_candidate_limit,,4096,163,21,163,9.44,8.5,0.5,2,20,2,0.8501425837320574,0.38001342044379044
3396,,after_candidate_limit,,2020,80,20,80,13.89,8.33,1.33,2,20,1,0.8500875598086124,0.37765150621622356
3397,,after_candidate_limit,,2045,81,20,81,13.89,8.33,1.33,3.67,20,1,0.8499004784688995,0.3787059914508238
3398,,after_candidate_limit,,1565,62,15,62,13.89,12.5,3,4.5,6,1,0.8492181818181819,0.3028178981635602
3399,,after_candidate_limit,,115,4,15,4,11.67,10.5,1.33,3.67,6,1,0.8488803827751196,0.3170363088904129
3400,,after_candidate_limit,,1370,54,20,54,12.78,7.67,2.17,3.25,20,1,0.8478191387559809,0.3651635881423299
3401,,after_candidate_limit,,1371,54,21,54,12.78,7.67,2.17,3.25,20,2,0.8470631578947369,0.36409316266067265
3402,,after_candidate_limit,,1548,61,23,61,13.89,12.5,2.17,3.25,20,8,0.8469368421052632,0.35804653620124227
3403,,after_candidate_limit,,1421,56,21,56,13.89,12.5,0.5,0.75,20,2,0.8457526315789474,0.30133528773391816
3404,,after_candidate_limit,,772,30,22,30,12.78,11.5,0.5,2,20,3,0.8456038277511961,0.3249561057236796
3405,,after_candidate_limit,,2122,84,22,84,15,13.5,0.5,0.75,20,3,0.8439540669856459,0.2837552333061888
3406,,after_candidate_limit,,2770,110,20,110,15,9,2.17,3.25,20,1,0.8437311004784689,0.3597450622209546
3407,,after_candidate_limit,,849,33,24,33,12.78,11.5,2.17,3.25,20,15,0.8436200956937799,0.3453991109675273
3408,,after_candidate_limit,,1574,62,24,62,13.89,12.5,3,4.5,20,15,0.8422277511961722,0.3490636299943841
3409,,after_candidate_limit,,771,30,21,30,12.78,11.5,0.5,2,20,2,0.8414172248803827,0.32435112895111673
3410,,after_candidate_limit,,746,29,21,29,12.78,11.5,0.5,1.38,20,2,0.8409435406698564,0.3241257536046368
3411,,after_candidate_limit,,2248,89,23,89,15,13.5,2.17,3.25,20,8,0.8405856459330143,0.30821885587082165
3412,,after_candidate_limit,,97,3,22,3,11.67,10.5,1.33,2,20,3,0.8402047846889952,0.37484502023406696
3413,,after_candidate_limit,,122,4,22,4,11.67,10.5,1.33,3.67,20,3,0.8381708133971292,0.37551818789513913
3414,,after_candidate_limit,,848,33,23,33,12.78,11.5,2.17,3.25,20,8,0.8376172248803828,0.34648748283164216
3415,,after_candidate_limit,,165,6,15,6,11.67,10.5,3,4.5,6,1,0.8372722488038278,0.3031674491008456
3416,,after_candidate_limit,,840,33,15,33,12.78,11.5,2.17,3.25,6,1,0.8369043062200957,0.3169982751772824
3417,,after_candidate_limit,,796,31,21,31,12.78,11.5,1.33,2,20,2,0.8366282296650718,0.3566775338874057
3418,,after_candidate_limit,,1446,57,21,57,13.89,12.5,0.5,1.38,20,2,0.8361995215311004,0.28895997096021414
3419,,after_candidate_limit,,4045,161,20,161,9.44,8.5,0.5,0.75,20,1,0.8358382775119617,0.3797116301325268
3420,,after_candidate_limit,,865,34,15,34,12.78,11.5,3,4.5,6,1,0.8352650717703349,0.31127680521222223
3421,,after_candidate_limit,,3965,158,15,158,9.44,5.66,1.33,3.67,6,1,0.8343693779904306,0.32738876281684814
3422,,after_candidate_limit,,3940,157,15,157,9.44,5.66,1.33,2,6,1,0.8341961722488038,0.32761490063903137
3423,,after_candidate_limit,,4117,164,17,164,9.44,8.5,1.33,2,6,3,0.8336181818181818,0.3192852506164969
3424,,after_candidate_limit,,4142,165,17,165,9.44,8.5,1.33,3.67,6,3,0.833533971291866,0.3182925506183436
3425,,after_candidate_limit,,3765,150,15,150,9.44,4.25,1.33,2,6,1,0.8333837320574162,0.3195417773938807
3426,,after_candidate_limit,,3790,151,15,151,9.44,4.25,1.33,3.67,6,1,0.8333760765550239,0.31887228008932383
3427,,after_candidate_limit,,3941,157,16,157,9.44,5.66,1.33,2,6,2,0.833268899521531,0.3217139855117568
3428,,after_candidate_limit,,3966,158,16,158,9.44,5.66,1.33,3.67,6,2,0.8332660287081339,0.32129094513715173
3429,,after_candidate_limit,,3615,144,15,144,9.44,2.83,1.33,3.67,6,1,0.8332535885167464,0.317517016124136
3430,,after_candidate_limit,,3791,151,16,151,9.44,4.25,1.33,3.67,6,2,0.8331799043062201,0.3172856853775026
3431,,after_candidate_limit,,3590,143,15,143,9.44,2.83,1.33,2,6,1,0.8331760765550239,0.31678857219253825
3432,,after_candidate_limit,,3766,150,16,150,9.44,4.25,1.33,2,6,2,0.8331732057416268,0.3171599249838996
3433,,after_candidate_limit,,3942,157,17,157,9.44,5.66,1.33,2,6,3,0.8330966507177033,0.31850265777507647
3434,,after_candidate_limit,,3967,158,17,158,9.44,5.66,1.33,3.67,6,3,0.8330956937799043,0.31698128199316933
3435,,after_candidate_limit,,3792,151,17,151,9.44,4.25,1.33,3.67,6,3,0.8330382775119617,0.31525472335059734
3436,,after_candidate_limit,,1573,62,23,62,13.89,12.5,3,4.5,20,8,0.8330354066985646,0.3474459450641927
3437,,after_candidate_limit,,3767,150,17,150,9.44,4.25,1.33,2,6,3,0.8330315789473685,0.3149128597604954
3438,,after_candidate_limit,,3616,144,16,144,9.44,2.83,1.33,3.67,6,2,0.8330277511961722,0.3145244797635
3439,,after_candidate_limit,,3591,143,16,143,9.44,2.83,1.33,2,6,2,0.833021052631579,0.3138927896532125
3440,,after_candidate_limit,,3617,144,17,144,9.44,2.83,1.33,3.67,6,3,0.8329636363636364,0.3107853276556644
3441,,after_candidate_limit,,3592,143,17,143,9.44,2.83,1.33,2,6,3,0.832955023923445,0.3105705731904226
3442,,after_candidate_limit,,4143,165,18,165,9.44,8.5,1.33,3.67,6,8,0.8328851674641148,0.30793600628681655
3443,,after_candidate_limit,,3593,143,18,143,9.44,2.83,1.33,2,6,8,0.8328583732057416,0.30556961764887947
3444,,after_candidate_limit,,3594,143,19,143,9.44,2.83,1.33,2,6,15,0.8328583732057416,0.30556961764887947
3445,,after_candidate_limit,,3618,144,18,144,9.44,2.83,1.33,3.67,6,8,0.8328583732057416,0.30556961764887947
3446,,after_candidate_limit,,3619,144,19,144,9.44,2.83,1.33,3.67,6,15,0.8328583732057416,0.30556961764887947
3447,,after_candidate_limit,,3768,150,18,150,9.44,4.25,1.33,2,6,8,0.8328583732057416,0.30556961764887947
3448,,after_candidate_limit,,3769,150,19,150,9.44,4.25,1.33,2,6,15,0.8328583732057416,0.30556961764887947
3449,,after_candidate_limit,,3793,151,18,151,9.44,4.25,1.33,3.67,6,8,0.8328583732057416,0.30556961764887947
3450,,after_candidate_limit,,3794,151,19,151,9.44,4.25,1.33,3.67,6,15,0.8328583732057416,0.30556961764887947
3451,,after_candidate_limit,,3943,157,18,157,9.44,5.66,1.33,2,6,8,0.8328583732057416,0.30556961764887947
3452,,after_candidate_limit,,3944,157,19,157,9.44,5.66,1.33,2,6,15,0.8328583732057416,0.30556961764887947
3453,,after_candidate_limit,,3968,158,18,158,9.44,5.66,1.33,3.67,6,8,0.8328583732057416,0.30556961764887947
3454,,after_candidate_limit,,3969,158,19,158,9.44,5.66,1.33,3.67,6,15,0.8328583732057416,0.30556961764887947
3455,,after_candidate_limit,,4119,164,19,164,9.44,8.5,1.33,2,6,15,0.8328583732057416,0.30556961764887947
3456,,after_candidate_limit,,4144,165,19,165,9.44,8.5,1.33,3.67,6,15,0.8328583732057416,0.30556961764887947
3457,,after_candidate_limit,,4118,164,18,164,9.44,8.5,1.33,2,6,8,0.8328488038277512,0.30603653264123715
3458,,after_candidate_limit,,4116,164,16,164,9.44,8.5,1.33,2,6,2,0.8314602870813397,0.31684438849490365
3459,,after_candidate_limit,,1522,60,22,60,13.89,12.5,1.33,3.67,20,3,0.8308507177033493,0.31800392349995255
3460,,after_candidate_limit,,2095,83,20,83,13.89,8.33,3,4.5,20,1,0.830155023923445,0.3726761770713969
3461,,after_candidate_limit,,821,32,21,32,12.78,11.5,1.33,3.67,20,2,0.8300861244019139,0.35344401383206864
3462,,after_candidate_limit,,1497,59,22,59,13.89,12.5,1.33,2,20,3,0.8292377990430622,0.3149047819969355
3463,,after_candidate_limit,,96,3,21,3,11.67,10.5,1.33,2,20,2,0.8277105263157895,0.3924651087008254
3464,,after_candidate_limit,,1547,61,22,61,13.89,12.5,2.17,3.25,20,3,0.8266497607655502,0.32280351501271565
3465,,after_candidate_limit,,4141,165,16,165,9.44,8.5,1.33,3.67,6,2,0.826211004784689,0.3098651183990405
3466,,after_candidate_limit,,20,0,20,0,11.67,10.5,0.5,0.75,20,1,0.8248952153110047,0.3510164802908221
3467,,after_candidate_limit,,4070,162,20,162,9.44,8.5,0.5,1.38,20,1,0.8248095693779904,0.3659776896382344
3468,,after_candidate_limit,,4095,163,20,163,9.44,8.5,0.5,2,20,1,0.8247071770334928,0.3664871958953454
3469,,after_candidate_limit,,1471,58,21,58,13.89,12.5,0.5,2,20,2,0.8242736842105263,0.27982344935873255
3470,,after_candidate_limit,,2197,87,22,87,15,13.5,1.33,2,20,3,0.824155980861244,0.2779996343876761
3471,,after_candidate_limit,,4010,160,10,160,9.44,5.66,3,4.5,3,1,0.8236880382775119,0.322504660789643
3472,,after_candidate_limit,,872,34,22,34,12.78,11.5,3,4.5,20,3,0.8232392344497608,0.33242590589602294
3473,,after_candidate_limit,,4185,167,10,167,9.44,8.5,3,4.5,3,1,0.823154066985646,0.3223231053601477
3474,,after_candidate_limit,,121,4,21,4,11.67,10.5,1.33,3.67,20,2,0.8230765550239234,0.3865097899882707
3475,,after_candidate_limit,,3835,153,10,153,9.44,4.25,3,4.5,3,1,0.8229846889952153,0.30853131718471277
3476,,after_candidate_limit,,4186,167,11,167,9.44,8.5,3,4.5,3,2,0.822888038277512,0.3099005719319782
3477,,after_candidate_limit,,4011,160,11,160,9.44,5.66,3,4.5,3,2,0.8228401913875598,0.3098417370951405
3478,,after_candidate_limit,,4187,167,12,167,9.44,8.5,3,4.5,3,3,0.8228162679425838,0.3047591655457405
3479,,after_candidate_limit,,3660,146,10,146,9.44,2.83,3,4.5,3,1,0.8228153110047847,0.307174877252801
3480,,after_candidate_limit,,140,5,15,5,11.67,10.5,2.17,3.25,6,1,0.8227655502392345,0.3047920661883473
3481,,after_candidate_limit,,3836,153,11,153,9.44,4.25,3,4.5,3,2,0.8226650717703349,0.30499594968094335
3482,,after_candidate_limit,,4012,160,12,160,9.44,5.66,3,4.5,3,3,0.8226363636363636,0.30518859650961727
3483,,after_candidate_limit,,3837,153,12,153,9.44,4.25,3,4.5,3,3,0.822556937799043,0.30344560479601757
3484,,after_candidate_limit,,3661,146,11,146,9.44,2.83,3,4.5,3,2,0.8225492822966507,0.3032316634608966
3485,,after_candidate_limit,,3662,146,12,146,9.44,2.83,3,4.5,3,3,0.8224478468899522,0.29945857948474364
3486,,after_candidate_limit,,4188,167,13,167,9.44,8.5,3,4.5,3,8,0.8223684210526315,0.2961657661683133
3487,,after_candidate_limit,,4013,160,13,160,9.44,5.66,3,4.5,3,8,0.8223224880382776,0.29437103558041866
3488,,after_candidate_limit,,3663,146,13,146,9.44,2.83,3,4.5,3,8,0.8223215311004785,0.2943521387469151
3489,,after_candidate_limit,,3664,146,14,146,9.44,2.83,3,4.5,3,15,0.8223215311004785,0.2943521387469151
3490,,after_candidate_limit,,3838,153,13,153,9.44,4.25,3,4.5,3,8,0.8223215311004785,0.2943521387469151
3491,,after_candidate_limit,,3839,153,14,153,9.44,4.25,3,4.5,3,15,0.8223215311004785,0.2943521387469151
3492,,after_candidate_limit,,4014,160,14,160,9.44,5.66,3,4.5,3,15,0.8223215311004785,0.2943521387469151
3493,,after_candidate_limit,,4189,167,14,167,9.44,8.5,3,4.5,3,15,0.8223215311004785,0.2943521387469151
3494,,after_candidate_limit,,4140,165,15,165,9.44,8.5,1.33,3.67,6,1,0.8214602870813397,0.30724596845322755
3495,,after_candidate_limit,,4115,164,15,164,9.44,8.5,1.33,2,6,1,0.8212435406698565,0.30678022776232833
3496,,after_candidate_limit,,3985,159,10,159,9.44,5.66,2.17,3.25,3,1,0.8212234449760766,0.32656611846028166
3497,,after_candidate_limit,,847,33,22,33,12.78,11.5,2.17,3.25,20,3,0.8211143540669856,0.33754182686467193
3498,,after_candidate_limit,,45,1,20,1,11.67,10.5,0.5,1.38,20,1,0.8207464114832536,0.339078525975862
3499,,after_candidate_limit,,4160,166,10,166,9.44,8.5,2.17,3.25,3,1,0.8206358851674641,0.32840492480417716
3500,,after_candidate_limit,,3810,152,10,152,9.44,4.25,2.17,3.25,3,1,0.8204741626794259,0.311406372048336
3501,,after_candidate_limit,,4161,166,11,166,9.44,8.5,2.17,3.25,3,2,0.8203956937799043,0.31561039383812944
3502,,after_candidate_limit,,4162,166,12,166,9.44,8.5,2.17,3.25,3,3,0.8203899521531101,0.3095942303203206
3503,,after_candidate_limit,,3986,159,11,159,9.44,5.66,2.17,3.25,3,2,0.8203076555023924,0.31202951014936653
3504,,after_candidate_limit,,3635,145,10,145,9.44,2.83,2.17,3.25,3,1,0.8202818181818182,0.3092690473417071
3505,,after_candidate_limit,,495,19,20,19,11.67,5.25,2.17,3.25,20,1,0.8202229665071771,0.3598832009508414
3506,,after_candidate_limit,,3811,152,11,152,9.44,4.25,2.17,3.25,3,2,0.8201306220095694,0.30736358619260123
3507,,after_candidate_limit,,3987,159,12,159,9.44,5.66,2.17,3.25,3,3,0.8200961722488038,0.3075247295512166
3508,,after_candidate_limit,,3812,152,12,152,9.44,4.25,2.17,3.25,3,3,0.8200100478468899,0.305597607187557
3509,,after_candidate_limit,,3636,145,11,145,9.44,2.83,2.17,3.25,3,2,0.8199985645933014,0.305271617348194
3510,,after_candidate_limit,,3637,145,12,145,9.44,2.83,2.17,3.25,3,3,0.8199133971291866,0.30155832429751267
3511,,after_candidate_limit,,4163,166,13,166,9.44,8.5,2.17,3.25,3,8,0.8198033492822967,0.29723056157382827
3512,,after_candidate_limit,,3988,159,13,159,9.44,5.66,2.17,3.25,3,8,0.8197746411483253,0.2967325997141761
3513,,after_candidate_limit,,3638,145,13,145,9.44,2.83,2.17,3.25,3,8,0.8197736842105263,0.2967140404956169
3514,,after_candidate_limit,,3639,145,14,145,9.44,2.83,2.17,3.25,3,15,0.8197736842105263,0.2967140404956169
3515,,after_candidate_limit,,3813,152,13,152,9.44,4.25,2.17,3.25,3,8,0.8197736842105263,0.2967140404956169
3516,,after_candidate_limit,,3814,152,14,152,9.44,4.25,2.17,3.25,3,15,0.8197736842105263,0.2967140404956169
3517,,after_candidate_limit,,3989,159,14,159,9.44,5.66,2.17,3.25,3,15,0.8197736842105263,0.2967140404956169
3518,,after_candidate_limit,,4164,166,14,166,9.44,8.5,2.17,3.25,3,15,0.8197736842105263,0.2967140404956169
3519,,after_candidate_limit,,320,12,20,12,11.67,3.5,2.17,3.25,20,1,0.8195368421052631,0.3500519868565756
3520,,after_candidate_limit,,671,26,21,26,11.67,7,2.17,3.25,20,2,0.8194411483253589,0.3525275397900454
3521,,after_candidate_limit,,3340,133,15,133,5,4.5,0.5,0.75,6,1,0.8193617224880383,0.3294851770925406
3522,,after_candidate_limit,,496,19,21,19,11.67,5.25,2.17,3.25,20,2,0.8192698564593301,0.349644674271348
3523,,after_candidate_limit,,321,12,21,12,11.67,3.5,2.17,3.25,20,2,0.8191196172248804,0.3471221987912018
3524,,after_candidate_limit,,672,26,22,26,11.67,7,2.17,3.25,20,3,0.8189885167464115,0.3479614786161397
3525,,after_candidate_limit,,497,19,22,19,11.67,5.25,2.17,3.25,20,3,0.8189349282296651,0.3460345663262023
3526,,after_candidate_limit,,3215,128,15,128,5,3,0.5,2,6,1,0.8189334928229665,0.31957403653875316
3527,,after_candidate_limit,,322,12,22,12,11.67,3.5,2.17,3.25,20,3,0.8188583732057416,0.3449318260585787
3528,,after_candidate_limit,,3165,126,15,126,5,3,0.5,0.75,6,1,0.8187933014354067,0.3203116200812296
3529,,after_candidate_limit,,3190,127,15,127,5,3,0.5,1.38,6,1,0.8187306220095694,0.31796031582818685
3530,,after_candidate_limit,,3341,133,16,133,5,4.5,0.5,0.75,6,2,0.8187191387559809,0.3200877475740653
3531,,after_candidate_limit,,2990,119,15,119,5,2.25,0.5,0.75,6,1,0.8187181818181818,0.3186560662483516
3532,,after_candidate_limit,,3366,134,16,134,5,4.5,0.5,1.38,6,2,0.8187124401913876,0.31955096938579136
3533,,after_candidate_limit,,3391,135,16,135,5,4.5,0.5,2,6,2,0.8187114832535886,0.3184283507833052
3534,,after_candidate_limit,,3040,121,15,121,5,2.25,0.5,2,6,1,0.818676076555024,0.3171413055130651
3535,,after_candidate_limit,,3015,120,15,120,5,2.25,0.5,1.38,6,1,0.8186617224880383,0.31695766498498645
3536,,after_candidate_limit,,498,19,23,19,11.67,5.25,2.17,3.25,20,8,0.8185751196172248,0.337287413754529
3537,,after_candidate_limit,,673,26,23,26,11.67,7,2.17,3.25,20,8,0.8185751196172248,0.337287413754529
3538,,after_candidate_limit,,323,12,23,12,11.67,3.5,2.17,3.25,20,8,0.8185732057416268,0.33720167423349534
3539,,after_candidate_limit,,324,12,24,12,11.67,3.5,2.17,3.25,20,15,0.8185732057416268,0.33720167423349534
3540,,after_candidate_limit,,499,19,24,19,11.67,5.25,2.17,3.25,20,15,0.8185732057416268,0.33720167423349534
3541,,after_candidate_limit,,674,26,24,26,11.67,7,2.17,3.25,20,15,0.8185732057416268,0.33720167423349534
3542,,after_candidate_limit,,670,26,20,26,11.67,7,2.17,3.25,20,1,0.8185133971291866,0.3696981953762009
3543,,after_candidate_limit,,3166,126,16,126,5,3,0.5,0.75,6,2,0.8184952153110048,0.3170272323446445
3544,,after_candidate_limit,,3191,127,16,127,5,3,0.5,1.38,6,2,0.8184712918660287,0.31522335654003164
3545,,after_candidate_limit,,3216,128,16,128,5,3,0.5,2,6,2,0.818457894736842,0.31528059406357073
3546,,after_candidate_limit,,3392,135,17,135,5,4.5,0.5,2,6,3,0.8184435406698565,0.3158652019658337
3547,,after_candidate_limit,,3342,133,17,133,5,4.5,0.5,0.75,6,3,0.8184397129186602,0.31649611853434617
3548,,after_candidate_limit,,3367,134,17,134,5,4.5,0.5,1.38,6,3,0.8184397129186602,0.3155050562632839
3549,,after_candidate_limit,,2991,119,16,119,5,2.25,0.5,0.75,6,2,0.8184282296650718,0.3139561412298049
3550,,after_candidate_limit,,2815,112,15,112,5,1.5,0.5,0.75,6,1,0.8184263157894737,0.31611208316664247
3551,,after_candidate_limit,,3217,128,17,128,5,3,0.5,2,6,3,0.8183832535885167,0.31277575240078037
3552,,after_candidate_limit,,2840,113,15,113,5,1.5,0.5,1.38,6,1,0.8183315789473684,0.3130929237137129
3553,,after_candidate_limit,,2865,114,15,114,5,1.5,0.5,2,6,1,0.8182856459330143,0.31213059487346034
3554,,after_candidate_limit,,3016,120,16,120,5,2.25,0.5,1.38,6,2,0.8182301435406698,0.3120465434654387
3555,,after_candidate_limit,,3041,121,16,121,5,2.25,0.5,2,6,2,0.8182234449760766,0.31193979073643413
3556,,after_candidate_limit,,2816,112,16,112,5,1.5,0.5,0.75,6,2,0.8181956937799043,0.311232517948805
3557,,after_candidate_limit,,3192,127,17,127,5,3,0.5,1.38,6,3,0.8181784688995215,0.31112737433200277
3558,,after_candidate_limit,,3167,126,17,126,5,3,0.5,0.75,6,3,0.8181775119617225,0.3111765201941921
3559,,after_candidate_limit,,2992,119,17,119,5,2.25,0.5,0.75,6,3,0.8181727272727273,0.3106398328876906
3560,,after_candidate_limit,,2817,112,17,112,5,1.5,0.5,0.75,6,3,0.8181717703349283,0.3099731662210239
3561,,after_candidate_limit,,2841,113,16,113,5,1.5,0.5,1.38,6,2,0.8181708133971292,0.3098706021184598
3562,,after_candidate_limit,,3017,120,17,120,5,2.25,0.5,1.38,6,3,0.8181708133971292,0.3095731662210239
3563,,after_candidate_limit,,3042,121,17,121,5,2.25,0.5,2,6,3,0.8181698564593302,0.3094706021184598
3564,,after_candidate_limit,,2866,114,16,114,5,1.5,0.5,2,6,2,0.818168899521531,0.3093615112093689
3565,,after_candidate_limit,,2842,113,17,113,5,1.5,0.5,1.38,6,3,0.818167942583732,0.3090948445427022
3566,,after_candidate_limit,,2867,114,17,114,5,1.5,0.5,2,6,3,0.818166985645933,0.308904368352226
3567,,after_candidate_limit,,2818,112,18,112,5,1.5,0.5,0.75,6,8,0.8181660287081339,0.306904368352226
3568,,after_candidate_limit,,2819,112,19,112,5,1.5,0.5,0.75,6,15,0.8181660287081339,0.306904368352226
3569,,after_candidate_limit,,2843,113,18,113,5,1.5,0.5,1.38,6,8,0.8181660287081339,0.306904368352226
3570,,after_candidate_limit,,2844,113,19,113,5,1.5,0.5,1.38,6,15,0.8181660287081339,0.306904368352226
3571,,after_candidate_limit,,2868,114,18,114,5,1.5,0.5,2,6,8,0.8181660287081339,0.306904368352226
3572,,after_candidate_limit,,2869,114,19,114,5,1.5,0.5,2,6,15,0.8181660287081339,0.306904368352226
3573,,after_candidate_limit,,2993,119,18,119,5,2.25,0.5,0.75,6,8,0.8181660287081339,0.306904368352226
3574,,after_candidate_limit,,2994,119,19,119,5,2.25,0.5,0.75,6,15,0.8181660287081339,0.306904368352226
3575,,after_candidate_limit,,3018,120,18,120,5,2.25,0.5,1.38,6,8,0.8181660287081339,0.306904368352226
3576,,after_candidate_limit,,3019,120,19,120,5,2.25,0.5,1.38,6,15,0.8181660287081339,0.306904368352226
3577,,after_candidate_limit,,3043,121,18,121,5,2.25,0.5,2,6,8,0.8181660287081339,0.306904368352226
3578,,after_candidate_limit,,3044,121,19,121,5,2.25,0.5,2,6,15,0.8181660287081339,0.306904368352226
3579,,after_candidate_limit,,3168,126,18,126,5,3,0.5,0.75,6,8,0.8181660287081339,0.306904368352226
3580,,after_candidate_limit,,3169,126,19,126,5,3,0.5,0.75,6,15,0.8181660287081339,0.306904368352226
3581,,after_candidate_limit,,3193,127,18,127,5,3,0.5,1.38,6,8,0.8181660287081339,0.306904368352226
3582,,after_candidate_limit,,3194,127,19,127,5,3,0.5,1.38,6,15,0.8181660287081339,0.306904368352226
3583,,after_candidate_limit,,3218,128,18,128,5,3,0.5,2,6,8,0.8181660287081339,0.306904368352226
3584,,after_candidate_limit,,3219,128,19,128,5,3,0.5,2,6,15,0.8181660287081339,0.306904368352226
3585,,after_candidate_limit,,3343,133,18,133,5,4.5,0.5,0.75,6,8,0.8181660287081339,0.306904368352226
3586,,after_candidate_limit,,3344,133,19,133,5,4.5,0.5,0.75,6,15,0.8181660287081339,0.306904368352226
3587,,after_candidate_limit,,3368,134,18,134,5,4.5,0.5,1.38,6,8,0.8181660287081339,0.306904368352226
3588,,after_candidate_limit,,3369,134,19,134,5,4.5,0.5,1.38,6,15,0.8181660287081339,0.306904368352226
3589,,after_candidate_limit,,3393,135,18,135,5,4.5,0.5,2,6,8,0.8181660287081339,0.306904368352226
3590,,after_candidate_limit,,3394,135,19,135,5,4.5,0.5,2,6,15,0.8181660287081339,0.306904368352226
3591,,after_candidate_limit,,2147,85,22,85,15,13.5,0.5,1.38,20,3,0.8176574162679426,0.27539039718934516
3592,,after_candidate_limit,,3945,157,20,157,9.44,5.66,1.33,2,20,1,0.817111961722488,0.37611139096053486
3593,,after_candidate_limit,,3970,158,20,158,9.44,5.66,1.33,3.67,20,1,0.8171071770334928,0.3756005433599885
3594,,after_candidate_limit,,3365,134,15,134,5,4.5,0.5,1.38,6,1,0.8168186602870814,0.324106058196274
3595,,after_candidate_limit,,3390,135,15,135,5,4.5,0.5,2,6,1,0.8165894736842105,0.3221459747252608
3596,,after_candidate_limit,,3971,158,21,158,9.44,5.66,1.33,3.67,20,2,0.816533014354067,0.36773700517078817
3597,,after_candidate_limit,,3946,157,21,157,9.44,5.66,1.33,2,20,2,0.8165081339712918,0.3678134932799114
3598,,after_candidate_limit,,3770,150,20,150,9.44,4.25,1.33,2,20,1,0.816488995215311,0.3665348175836476
3599,,after_candidate_limit,,3795,151,20,151,9.44,4.25,1.33,3.67,20,1,0.8164775119617225,0.36630807406874133
3600,,after_candidate_limit,,3620,144,20,144,9.44,2.83,1.33,3.67,20,1,0.8163291866028708,0.36562388374465027
3601,,after_candidate_limit,,3595,143,20,143,9.44,2.83,1.33,2,20,1,0.8163196172248803,0.3655688806282075
3602,,after_candidate_limit,,3796,151,21,151,9.44,4.25,1.33,3.67,20,2,0.8162555023923445,0.3648733660314442
3603,,after_candidate_limit,,3771,150,21,150,9.44,4.25,1.33,2,20,2,0.816244019138756,0.36476624917126704
3604,,after_candidate_limit,,3947,157,22,157,9.44,5.66,1.33,2,20,3,0.8161933014354067,0.36498985566391157
3605,,after_candidate_limit,,3972,158,22,158,9.44,5.66,1.33,3.67,20,3,0.8161856459330143,0.36455942583437256
3606,,after_candidate_limit,,3621,144,21,144,9.44,2.83,1.33,3.67,20,2,0.8161416267942584,0.3639747899521255
3607,,after_candidate_limit,,3797,151,22,151,9.44,4.25,1.33,3.67,20,3,0.8160822966507177,0.36332978800577476
3608,,after_candidate_limit,,3596,143,21,143,9.44,2.83,1.33,2,20,2,0.815932057416268,0.36111082304864733
3609,,after_candidate_limit,,3772,150,22,150,9.44,4.25,1.33,2,20,3,0.8159224880382775,0.36107337507055487
3610,,after_candidate_limit,,3622,144,22,144,9.44,2.83,1.33,3.67,20,3,0.8159062200956938,0.36002695459885703
3611,,after_candidate_limit,,3597,143,22,143,9.44,2.83,1.33,2,20,3,0.8159043062200957,0.359938293630196
3612,,after_candidate_limit,,4148,165,23,165,9.44,8.5,1.33,3.67,20,8,0.8157129186602871,0.35988604044729827
3613,,after_candidate_limit,,4123,164,23,164,9.44,8.5,1.33,2,20,8,0.8157052631578947,0.35622578056377224
3614,,after_candidate_limit,,3948,157,23,157,9.44,5.66,1.33,2,20,8,0.8156956937799043,0.35767821565653984
3615,,after_candidate_limit,,3973,158,23,158,9.44,5.66,1.33,3.67,20,8,0.8156956937799043,0.35767821565653984
3616,,after_candidate_limit,,4124,164,24,164,9.44,8.5,1.33,2,20,15,0.8156956937799043,0.35767821565653984
3617,,after_candidate_limit,,4149,165,24,165,9.44,8.5,1.33,3.67,20,15,0.8156956937799043,0.35767821565653984
3618,,after_candidate_limit,,3598,143,23,143,9.44,2.83,1.33,2,20,8,0.8156937799043062,0.35699250137082555
3619,,after_candidate_limit,,3599,143,24,143,9.44,2.83,1.33,2,20,15,0.8156937799043062,0.35699250137082555
3620,,after_candidate_limit,,3623,144,23,144,9.44,2.83,1.33,3.67,20,8,0.8156937799043062,0.35699250137082555
3621,,after_candidate_limit,,3624,144,24,144,9.44,2.83,1.33,3.67,20,15,0.8156937799043062,0.35699250137082555
3622,,after_candidate_limit,,3773,150,23,150,9.44,4.25,1.33,2,20,8,0.8156937799043062,0.35699250137082555
3623,,after_candidate_limit,,3774,150,24,150,9.44,4.25,1.33,2,20,15,0.8156937799043062,0.35699250137082555
3624,,after_candidate_limit,,3798,151,23,151,9.44,4.25,1.33,3.67,20,8,0.8156937799043062,0.35699250137082555
3625,,after_candidate_limit,,3799,151,24,151,9.44,4.25,1.33,3.67,20,15,0.8156937799043062,0.35699250137082555
3626,,after_candidate_limit,,3949,157,24,157,9.44,5.66,1.33,2,20,15,0.8156937799043062,0.35699250137082555
3627,,after_candidate_limit,,3974,158,24,158,9.44,5.66,1.33,3.67,20,15,0.8156937799043062,0.35699250137082555
3628,,after_candidate_limit,,149,5,24,5,11.67,10.5,2.17,3.25,20,15,0.8155961722488039,0.3348381299453285
3629,,after_candidate_limit,,520,20,20,20,11.67,5.25,3,4.5,20,1,0.8154492822966507,0.3548569226476465
3630,,after_candidate_limit,,345,13,20,13,11.67,3.5,3,4.5,20,1,0.8149081339712919,0.34699982821959774
3631,,after_candidate_limit,,521,20,21,20,11.67,5.25,3,4.5,20,2,0.8147086124401914,0.3469783668097495
3632,,after_candidate_limit,,522,20,22,20,11.67,5.25,3,4.5,20,3,0.8145751196172248,0.3446702860869365
3633,,after_candidate_limit,,346,13,21,13,11.67,3.5,3,4.5,20,2,0.8145511961722488,0.3446337258132638
3634,,after_candidate_limit,,347,13,22,13,11.67,3.5,3,4.5,20,3,0.8144583732057417,0.34328134554792156
3635,,after_candidate_limit,,698,27,23,27,11.67,7,3,4.5,20,8,0.8140133971291866,0.334444775358112
3636,,after_candidate_limit,,523,20,23,20,11.67,5.25,3,4.5,20,8,0.8140124401913875,0.33442057693100974
3637,,after_candidate_limit,,348,13,23,13,11.67,3.5,3,4.5,20,8,0.8140105263157895,0.33432877657450355
3638,,after_candidate_limit,,349,13,24,13,11.67,3.5,3,4.5,20,15,0.8140105263157895,0.33432877657450355
3639,,after_candidate_limit,,524,20,24,20,11.67,5.25,3,4.5,20,15,0.8140105263157895,0.33432877657450355
3640,,after_candidate_limit,,699,27,24,27,11.67,7,3,4.5,20,15,0.8140105263157895,0.33432877657450355
3641,,after_candidate_limit,,2121,84,21,84,15,13.5,0.5,0.75,20,2,0.8139923444976076,0.2539439093205944
3642,,after_candidate_limit,,174,6,24,6,11.67,10.5,3,4.5,20,15,0.8139387559808613,0.33430138923914554
3643,,after_candidate_limit,,2172,86,22,86,15,13.5,0.5,2,20,3,0.8138334928229665,0.2692301298320566
3644,,after_candidate_limit,,148,5,23,5,11.67,10.5,2.17,3.25,20,8,0.8133397129186603,0.34349448123447507
3645,,after_candidate_limit,,3345,133,20,133,5,4.5,0.5,0.75,20,1,0.813177033492823,0.4681091236984402
3646,,after_candidate_limit,,1572,62,22,62,13.89,12.5,3,4.5,20,3,0.812611004784689,0.31245880017771543
3647,,after_candidate_limit,,3170,126,20,126,5,3,0.5,0.75,20,1,0.8124354066985646,0.4556488197451737
3648,,after_candidate_limit,,696,27,21,27,11.67,7,3,4.5,20,2,0.8123416267942584,0.34961985594191336
3649,,after_candidate_limit,,2995,119,20,119,5,2.25,0.5,0.75,20,1,0.8122483253588517,0.45151376986204045
3650,,after_candidate_limit,,3220,128,20,128,5,3,0.5,2,20,1,0.8121736842105263,0.44798355910198173
3651,,after_candidate_limit,,3195,127,20,127,5,3,0.5,1.38,20,1,0.8121650717703349,0.44843355043986916
3652,,after_candidate_limit,,3045,121,20,121,5,2.25,0.5,2,20,1,0.8121287081339713,0.44823849386926035
3653,,after_candidate_limit,,3346,133,21,133,5,4.5,0.5,0.75,20,2,0.8121133971291866,0.4518129438209482
3654,,after_candidate_limit,,3020,120,20,120,5,2.25,0.5,1.38,20,1,0.8120933014354067,0.44826097126494185
3655,,after_candidate_limit,,3371,134,21,134,5,4.5,0.5,1.38,20,2,0.8120224880382775,0.44729177416656024
3656,,after_candidate_limit,,3396,135,21,135,5,4.5,0.5,2,20,2,0.8120100478468899,0.4465085396235367
3657,,after_candidate_limit,,2820,112,20,112,5,1.5,0.5,0.75,20,1,0.8120004784688996,0.4478512953012785
3658,,after_candidate_limit,,3171,126,21,126,5,3,0.5,0.75,20,2,0.8119019138755981,0.4464273189858924
3659,,after_candidate_limit,,3196,127,21,127,5,3,0.5,1.38,20,2,0.8118741626794258,0.4458668124040743
3660,,after_candidate_limit,,3221,128,21,128,5,3,0.5,2,20,2,0.8118617224880382,0.4457704929093067
3661,,after_candidate_limit,,3347,133,22,133,5,4.5,0.5,0.75,20,3,0.8118617224880382,0.4472684339404843
3662,,after_candidate_limit,,3397,135,22,135,5,4.5,0.5,2,20,3,0.8118454545454545,0.4455629794754535
3663,,after_candidate_limit,,3372,134,22,134,5,4.5,0.5,1.38,20,3,0.8118406698564593,0.4455507571283052
3664,,after_candidate_limit,,2845,113,20,113,5,1.5,0.5,1.38,20,1,0.8117248803827751,0.4396088988020096
3665,,after_candidate_limit,,2996,119,21,119,5,2.25,0.5,0.75,20,2,0.8116837320574163,0.44317828839484247
3666,,after_candidate_limit,,697,27,22,27,11.67,7,3,4.5,20,3,0.8116334928229665,0.3431957266985344
3667,,after_candidate_limit,,720,28,20,28,12.78,11.5,0.5,0.75,20,1,0.8116028708133971,0.31186359550075193
3668,,after_candidate_limit,,2870,114,20,114,5,1.5,0.5,2,20,1,0.8115918660287081,0.4377795048928394
3669,,after_candidate_limit,,3021,120,21,120,5,2.25,0.5,1.38,20,2,0.8115564593301435,0.4400658635410071
3670,,after_candidate_limit,,2821,112,21,112,5,1.5,0.5,0.75,20,2,0.8115526315789474,0.4373654819725848
3671,,after_candidate_limit,,3046,121,21,121,5,2.25,0.5,2,20,2,0.8115344497607655,0.4430854493914718
3672,,after_candidate_limit,,3172,126,22,126,5,3,0.5,0.75,20,3,0.8115066985645933,0.4369460560347407
3673,,after_candidate_limit,,3197,127,22,127,5,3,0.5,1.38,20,3,0.811433971291866,0.43372319795461495
3674,,after_candidate_limit,,2997,119,22,119,5,2.25,0.5,0.75,20,3,0.8114177033492823,0.43564547205985354
3675,,after_candidate_limit,,3222,128,22,128,5,3,0.5,2,20,3,0.8114157894736842,0.4334965842916957
3676,,after_candidate_limit,,2846,113,21,113,5,1.5,0.5,1.38,20,2,0.8113555023923446,0.43027103984558573
3677,,after_candidate_limit,,2871,114,21,114,5,1.5,0.5,2,20,2,0.8113392344497607,0.42923540270935834
3678,,after_candidate_limit,,2822,112,22,112,5,1.5,0.5,0.75,20,3,0.8113181818181818,0.4305829009338921
3679,,after_candidate_limit,,3022,120,22,120,5,2.25,0.5,1.38,20,3,0.8112866028708134,0.431110242166698
3680,,after_candidate_limit,,3047,121,22,121,5,2.25,0.5,2,20,3,0.8112129186602871,0.42996033936327194
3681,,after_candidate_limit,,2847,113,22,113,5,1.5,0.5,1.38,20,3,0.8111545454545455,0.4267669795614434
3682,,after_candidate_limit,,2872,114,22,114,5,1.5,0.5,2,20,3,0.8111411483253589,0.4255374073827516
3683,,after_candidate_limit,,2823,112,23,112,5,1.5,0.5,0.75,20,8,0.8111373205741627,0.42504766604404
3684,,after_candidate_limit,,2824,112,24,112,5,1.5,0.5,0.75,20,15,0.8111373205741627,0.42504766604404
3685,,after_candidate_limit,,2848,113,23,113,5,1.5,0.5,1.38,20,8,0.8111373205741627,0.42504766604404
3686,,after_candidate_limit,,2849,113,24,113,5,1.5,0.5,1.38,20,15,0.8111373205741627,0.42504766604404
3687,,after_candidate_limit,,2873,114,23,114,5,1.5,0.5,2,20,8,0.8111373205741627,0.42504766604404
3688,,after_candidate_limit,,2874,114,24,114,5,1.5,0.5,2,20,15,0.8111373205741627,0.42504766604404
3689,,after_candidate_limit,,2998,119,23,119,5,2.25,0.5,0.75,20,8,0.8111373205741627,0.42504766604404
3690,,after_candidate_limit,,2999,119,24,119,5,2.25,0.5,0.75,20,15,0.8111373205741627,0.42504766604404
3691,,after_candidate_limit,,3023,120,23,120,5,2.25,0.5,1.38,20,8,0.8111373205741627,0.42504766604404
3692,,after_candidate_limit,,3024,120,24,120,5,2.25,0.5,1.38,20,15,0.8111373205741627,0.42504766604404
3693,,after_candidate_limit,,3048,121,23,121,5,2.25,0.5,2,20,8,0.8111373205741627,0.42504766604404
3694,,after_candidate_limit,,3049,121,24,121,5,2.25,0.5,2,20,15,0.8111373205741627,0.42504766604404
3695,,after_candidate_limit,,3173,126,23,126,5,3,0.5,0.75,20,8,0.8111373205741627,0.42504766604404
3696,,after_candidate_limit,,3174,126,24,126,5,3,0.5,0.75,20,15,0.8111373205741627,0.42504766604404
3697,,after_candidate_limit,,3198,127,23,127,5,3,0.5,1.38,20,8,0.8111373205741627,0.42504766604404
3698,,after_candidate_limit,,3199,127,24,127,5,3,0.5,1.38,20,15,0.8111373205741627,0.42504766604404
3699,,after_candidate_limit,,3223,128,23,128,5,3,0.5,2,20,8,0.8111373205741627,0.42504766604404
3700,,after_candidate_limit,,3224,128,24,128,5,3,0.5,2,20,15,0.8111373205741627,0.42504766604404
3701,,after_candidate_limit,,3348,133,23,133,5,4.5,0.5,0.75,20,8,0.8111373205741627,0.42504766604404
3702,,after_candidate_limit,,3349,133,24,133,5,4.5,0.5,0.75,20,15,0.8111373205741627,0.42504766604404
3703,,after_candidate_limit,,3373,134,23,134,5,4.5,0.5,1.38,20,8,0.8111373205741627,0.42504766604404
3704,,after_candidate_limit,,3374,134,24,134,5,4.5,0.5,1.38,20,15,0.8111373205741627,0.42504766604404
3705,,after_candidate_limit,,3398,135,23,135,5,4.5,0.5,2,20,8,0.8111373205741627,0.42504766604404
3706,,after_candidate_limit,,3399,135,24,135,5,4.5,0.5,2,20,15,0.8111373205741627,0.42504766604404
3707,,after_candidate_limit,,3370,134,20,134,5,4.5,0.5,1.38,20,1,0.8103220095693779,0.4607630531001445
3708,,after_candidate_limit,,3395,135,20,135,5,4.5,0.5,2,20,1,0.8102301435406699,0.45886383960062416
3709,,after_candidate_limit,,4122,164,22,164,9.44,8.5,1.33,2,20,3,0.8092956937799043,0.35831551069452505
3710,,after_candidate_limit,,4147,165,22,165,9.44,8.5,1.33,3.67,20,3,0.8092622009569378,0.36071644914179285
3711,,after_candidate_limit,,173,6,23,6,11.67,10.5,3,4.5,20,8,0.808821052631579,0.3375332772915173
3712,,after_candidate_limit,,70,2,20,2,11.67,10.5,0.5,2,20,1,0.8087794258373205,0.33327923126646286
3713,,after_candidate_limit,,695,27,20,27,11.67,7,3,4.5,20,1,0.8083157894736842,0.3615520517912536
3714,,after_candidate_limit,,846,33,21,33,12.78,11.5,2.17,3.25,20,2,0.8083014354066985,0.33873385616618784
3715,,after_candidate_limit,,2222,88,22,88,15,13.5,1.33,3.67,20,3,0.8076076555023923,0.26755602494040837
3716,,after_candidate_limit,,4121,164,21,164,9.44,8.5,1.33,2,20,2,0.8072153110047847,0.3679144183893443
3717,,after_candidate_limit,,1420,56,20,56,13.89,12.5,0.5,0.75,20,1,0.8058124401913875,0.27885090112823635
3718,,after_candidate_limit,,4146,165,21,165,9.44,8.5,1.33,3.67,20,2,0.804844019138756,0.3677401070832597
3719,,after_candidate_limit,,871,34,21,34,12.78,11.5,3,4.5,20,2,0.8023043062200957,0.33450111126356746
3720,,after_candidate_limit,,745,29,20,29,12.78,11.5,0.5,1.38,20,1,0.8006186602870813,0.2976691393130023
3721,,after_candidate_limit,,147,5,22,5,11.67,10.5,2.17,3.25,20,3,0.7971789473684211,0.35960116333027853
3722,,after_candidate_limit,,4120,164,20,164,9.44,8.5,1.33,2,20,1,0.795033971291866,0.3791400452640568
3723,,after_candidate_limit,,4145,165,20,165,9.44,8.5,1.33,3.67,20,1,0.7943516746411483,0.397267941091633
3724,,after_candidate_limit,,2272,90,22,90,15,13.5,3,4.5,20,3,0.792267942583732,0.25697004764742215
3725,,after_candidate_limit,,172,6,22,6,11.67,10.5,3,4.5,20,3,0.7889358851674642,0.35099415648664434
3726,,after_candidate_limit,,95,3,20,3,11.67,10.5,1.33,2,20,1,0.7888765550239234,0.3775997274866484
3727,,after_candidate_limit,,770,30,20,30,12.78,11.5,0.5,2,20,1,0.7885856459330144,0.2883009015238302
3728,,after_candidate_limit,,2146,85,21,85,15,13.5,0.5,1.38,20,2,0.7856162679425838,0.24006632287009813
3729,,after_candidate_limit,,795,31,20,31,12.78,11.5,1.33,2,20,1,0.7836937799043062,0.33987433815703766
3730,,after_candidate_limit,,1546,61,21,61,13.89,12.5,2.17,3.25,20,2,0.7835641148325359,0.30762567754307574
3731,,after_candidate_limit,,171,6,21,6,11.67,10.5,3,4.5,20,2,0.7833545454545454,0.3633516440269623
3732,,after_candidate_limit,,2221,88,21,88,15,13.5,1.33,3.67,20,2,0.7824124401913876,0.25870522214536085
3733,,after_candidate_limit,,4015,160,15,160,9.44,5.66,3,4.5,6,1,0.7809368421052632,0.2858840139321772
3734,,after_candidate_limit,,3840,153,15,153,9.44,4.25,3,4.5,6,1,0.780143062200957,0.2768269573657023
3735,,after_candidate_limit,,4016,160,16,160,9.44,5.66,3,4.5,6,2,0.7799622009569378,0.27951472020959145
3736,,after_candidate_limit,,4192,167,17,167,9.44,8.5,3,4.5,6,3,0.7799622009569378,0.2769052239386778
3737,,after_candidate_limit,,3665,146,15,146,9.44,2.83,3,4.5,6,1,0.77992009569378,0.275499424907514
3738,,after_candidate_limit,,3841,153,16,153,9.44,4.25,3,4.5,6,2,0.7798837320574162,0.27548343846597956
3739,,after_candidate_limit,,2196,87,21,87,15,13.5,1.33,2,20,2,0.779844019138756,0.25747485623736194
3740,,after_candidate_limit,,4017,160,17,160,9.44,5.66,3,4.5,6,3,0.7798138755980861,0.2751223025395536
3741,,after_candidate_limit,,3842,153,17,153,9.44,4.25,3,4.5,6,3,0.7797698564593302,0.2736484010283442
3742,,after_candidate_limit,,3666,146,16,146,9.44,2.83,3,4.5,6,2,0.7797631578947368,0.27301365225603924
3743,,after_candidate_limit,,3667,146,17,146,9.44,2.83,3,4.5,6,3,0.779678947368421,0.26925353015760234
3744,,after_candidate_limit,,4193,167,18,167,9.44,8.5,3,4.5,6,8,0.7796492822966508,0.26635047105788157
3745,,after_candidate_limit,,146,5,21,5,11.67,10.5,2.17,3.25,20,2,0.7796358851674641,0.36282446414786834
3746,,after_candidate_limit,,4018,160,18,160,9.44,5.66,3,4.5,6,8,0.7796291866028708,0.2653763259511292
3747,,after_candidate_limit,,4194,167,19,167,9.44,8.5,3,4.5,6,15,0.7796291866028708,0.2653763259511292
3748,,after_candidate_limit,,3668,146,18,146,9.44,2.83,3,4.5,6,8,0.7796272727272727,0.26531616753369525
3749,,after_candidate_limit,,3669,146,19,146,9.44,2.83,3,4.5,6,15,0.7796272727272727,0.26531616753369525
3750,,after_candidate_limit,,3843,153,18,153,9.44,4.25,3,4.5,6,8,0.7796272727272727,0.26531616753369525
3751,,after_candidate_limit,,3844,153,19,153,9.44,4.25,3,4.5,6,15,0.7796272727272727,0.26531616753369525
3752,,after_candidate_limit,,4019,160,19,160,9.44,5.66,3,4.5,6,15,0.7796272727272727,0.26531616753369525
3753,,after_candidate_limit,,2247,89,22,89,15,13.5,2.17,3.25,20,3,0.7795282296650717,0.25263211769414873
3754,,after_candidate_limit,,1445,57,20,57,13.89,12.5,0.5,1.38,20,1,0.7771138755980861,0.2494035435861507
3755,,after_candidate_limit,,2171,86,21,86,15,13.5,0.5,2,20,2,0.7762133971291866,0.22814734823821628
3756,,after_candidate_limit,,1470,58,20,58,13.89,12.5,0.5,2,20,1,0.7745622009569378,0.24906710909308186
3757,,after_candidate_limit,,1496,59,21,59,13.89,12.5,1.33,2,20,2,0.7743459330143541,0.2952072872788162
3758,,after_candidate_limit,,4191,167,16,167,9.44,8.5,3,4.5,6,2,0.7727023923444976,0.2700584278075095
3759,,after_candidate_limit,,120,4,20,4,11.67,10.5,1.33,3.67,20,1,0.7715483253588516,0.37939052538359996
3760,,after_candidate_limit,,820,32,20,32,12.78,11.5,1.33,3.67,20,1,0.7700765550239235,0.3377213125034974
3761,,after_candidate_limit,,1521,60,21,60,13.89,12.5,1.33,3.67,20,2,0.768223923444976,0.29171811178087864
3762,,after_candidate_limit,,3450,138,0,138,5,4.5,2.17,3.25,1,1,0.7676617224880383,0.2132655580337312
3763,,after_candidate_limit,,3275,131,0,131,5,3,2.17,3.25,1,1,0.767522009569378,0.21228849799542038
3764,,after_candidate_limit,,3451,138,1,138,5,4.5,2.17,3.25,1,2,0.7674751196172249,0.21210376351608792
3765,,after_candidate_limit,,3100,124,0,124,5,2.25,2.17,3.25,1,1,0.7674339712918661,0.21201846441867359
3766,,after_candidate_limit,,3452,138,2,138,5,4.5,2.17,3.25,1,3,0.7674023923444976,0.2116865934439886
3767,,after_candidate_limit,,3276,131,1,131,5,3,2.17,3.25,1,2,0.7674004784688995,0.21160237247745356
3768,,after_candidate_limit,,2925,117,0,117,5,1.5,2.17,3.25,1,1,0.7673870813397129,0.2110295564041108
3769,,after_candidate_limit,,3101,124,1,124,5,2.25,2.17,3.25,1,2,0.7673267942583732,0.21035183907721344
3770,,after_candidate_limit,,3277,131,2,131,5,3,2.17,3.25,1,3,0.7673210526315789,0.21021574855350178
3771,,after_candidate_limit,,2926,117,1,117,5,1.5,2.17,3.25,1,2,0.7672837320574163,0.20949109851424166
3772,,after_candidate_limit,,3102,124,2,124,5,2.25,2.17,3.25,1,3,0.767255980861244,0.2086801646052409
3773,,after_candidate_limit,,2927,117,2,117,5,1.5,2.17,3.25,1,3,0.7672502392344498,0.20788895430367063
3774,,after_candidate_limit,,2928,117,3,117,5,1.5,2.17,3.25,1,8,0.7672502392344498,0.20788895430367063
3775,,after_candidate_limit,,2929,117,4,117,5,1.5,2.17,3.25,1,15,0.7672502392344498,0.20788895430367063
3776,,after_candidate_limit,,3103,124,3,124,5,2.25,2.17,3.25,1,8,0.7672502392344498,0.20788895430367063
3777,,after_candidate_limit,,3104,124,4,124,5,2.25,2.17,3.25,1,15,0.7672502392344498,0.20788895430367063
3778,,after_candidate_limit,,3278,131,3,131,5,3,2.17,3.25,1,8,0.7672502392344498,0.20788895430367063
3779,,after_candidate_limit,,3279,131,4,131,5,3,2.17,3.25,1,15,0.7672502392344498,0.20788895430367063
3780,,after_candidate_limit,,3453,138,3,138,5,4.5,2.17,3.25,1,8,0.7672502392344498,0.20788895430367063
3781,,after_candidate_limit,,3454,138,4,138,5,4.5,2.17,3.25,1,15,0.7672502392344498,0.20788895430367063
3782,,after_candidate_limit,,1571,62,21,62,13.89,12.5,3,4.5,20,2,0.7659593301435407,0.293647804795344
3783,,after_candidate_limit,,4190,167,15,167,9.44,8.5,3,4.5,6,1,0.7641674641148325,0.2641133246733809
3784,,after_candidate_limit,,4020,160,20,160,9.44,5.66,3,4.5,20,1,0.7598497607655502,0.34599165753706923
3785,,after_candidate_limit,,3845,153,20,153,9.44,4.25,3,4.5,20,1,0.7592153110047847,0.3374141215441003
3786,,after_candidate_limit,,4021,160,21,160,9.44,5.66,3,4.5,20,2,0.7591138755980861,0.339357810932046
3787,,after_candidate_limit,,3670,146,20,146,9.44,2.83,3,4.5,20,1,0.7590210526315789,0.33631176073992225
3788,,after_candidate_limit,,3846,153,21,153,9.44,4.25,3,4.5,20,2,0.7589282296650718,0.33558536260468164
3789,,after_candidate_limit,,4022,160,22,160,9.44,5.66,3,4.5,20,3,0.7588181818181818,0.3356677632511303
3790,,after_candidate_limit,,3671,146,21,146,9.44,2.83,3,4.5,20,2,0.7587148325358851,0.3339445010060672
3791,,after_candidate_limit,,3847,153,22,153,9.44,4.25,3,4.5,20,3,0.7586746411483254,0.33185517174166174
3792,,after_candidate_limit,,3672,146,22,146,9.44,2.83,3,4.5,20,3,0.7585990430622009,0.3300399713095074
3793,,after_candidate_limit,,4198,167,23,167,9.44,8.5,3,4.5,20,8,0.7584794258373205,0.3253871601633771
3794,,after_candidate_limit,,4023,160,23,160,9.44,5.66,3,4.5,20,8,0.7582574162679426,0.323831594336575
3795,,after_candidate_limit,,4199,167,24,167,9.44,8.5,3,4.5,20,15,0.7582574162679426,0.323831594336575
3796,,after_candidate_limit,,3673,146,23,146,9.44,2.83,3,4.5,20,8,0.7582564593301435,0.323431594336575
3797,,after_candidate_limit,,3674,146,24,146,9.44,2.83,3,4.5,20,15,0.7582564593301435,0.323431594336575
3798,,after_candidate_limit,,3848,153,23,153,9.44,4.25,3,4.5,20,8,0.7582564593301435,0.323431594336575
3799,,after_candidate_limit,,3849,153,24,153,9.44,4.25,3,4.5,20,15,0.7582564593301435,0.323431594336575
3800,,after_candidate_limit,,4024,160,24,160,9.44,5.66,3,4.5,20,15,0.7582564593301435,0.323431594336575
3801,,after_candidate_limit,,3990,159,15,159,9.44,5.66,2.17,3.25,6,1,0.7569822966507177,0.27664104710191073
3802,,after_candidate_limit,,4167,166,17,166,9.44,8.5,2.17,3.25,6,3,0.7561880382775119,0.2674550154821419
3803,,after_candidate_limit,,3405,136,5,136,5,4.5,1.33,2,2,1,0.7561655502392345,0.1833386991556961
3804,,after_candidate_limit,,3430,137,5,137,5,4.5,1.33,3.67,2,1,0.7561588516746411,0.18211702361252466
3805,,after_candidate_limit,,3815,152,15,152,9.44,4.25,2.17,3.25,6,1,0.7561545454545454,0.26749702661023583
3806,,after_candidate_limit,,3230,129,5,129,5,3,1.33,2,2,1,0.75608995215311,0.18050431468870085
3807,,after_candidate_limit,,3255,130,5,130,5,3,1.33,3.67,2,1,0.7560851674641148,0.18042341499505998
3808,,after_candidate_limit,,3991,159,16,159,9.44,5.66,2.17,3.25,6,2,0.7560679425837321,0.2708359259727954
3809,,after_candidate_limit,,3431,137,6,137,5,4.5,1.33,3.67,2,2,0.7560574162679425,0.18006023048065026
3810,,after_candidate_limit,,3406,136,6,136,5,4.5,1.33,2,2,2,0.7560555023923445,0.18005830123473607
3811,,after_candidate_limit,,3055,122,5,122,5,2.25,1.33,2,2,1,0.7560344497607655,0.17973077501035323
3812,,after_candidate_limit,,3080,123,5,123,5,2.25,1.33,3.67,2,1,0.7560344497607655,0.1797179302891206
3813,,after_candidate_limit,,2905,116,5,116,5,1.5,1.33,3.67,2,1,0.756022966507177,0.1792825480884753
3814,,after_candidate_limit,,3432,137,7,137,5,4.5,1.33,3.67,2,3,0.756022966507177,0.17946512254331481
3815,,after_candidate_limit,,3256,130,6,130,5,3,1.33,3.67,2,2,0.7560210526315789,0.17940124408862526
3816,,after_candidate_limit,,3407,136,7,136,5,4.5,1.33,2,2,3,0.7560162679425837,0.1792779065685015
3817,,after_candidate_limit,,3231,129,6,129,5,3,1.33,2,2,2,0.7560153110047847,0.1792572402276739
3818,,after_candidate_limit,,2880,115,5,115,5,1.5,1.33,2,2,1,0.7560143540669857,0.17916177389842206
3819,,after_candidate_limit,,3232,129,7,129,5,3,1.33,2,2,3,0.7560086124401914,0.17890488885962794
3820,,after_candidate_limit,,3257,130,7,130,5,3,1.33,3.67,2,3,0.7560086124401914,0.17890488885962794
3821,,after_candidate_limit,,3081,123,6,123,5,2.25,1.33,3.67,2,2,0.756,0.17880701573665386
3822,,after_candidate_limit,,3056,122,6,122,5,2.25,1.33,2,2,2,0.755999043062201,0.17878599471563283
3823,,after_candidate_limit,,3640,145,15,145,9.44,2.83,2.17,3.25,6,1,0.7559885167464114,0.265960536199246
3824,,after_candidate_limit,,2906,116,6,116,5,1.5,1.33,3.67,2,2,0.7559875598086124,0.17849318491487878
3825,,after_candidate_limit,,2881,115,6,115,5,1.5,1.33,2,2,2,0.7559866028708134,0.1784731849148788
3826,,after_candidate_limit,,3057,122,7,122,5,2.25,1.33,2,2,3,0.7559856459330143,0.1784437731501729
3827,,after_candidate_limit,,2882,115,7,115,5,1.5,1.33,2,2,3,0.7559846889952153,0.17838821759461734
3828,,after_candidate_limit,,2883,115,8,115,5,1.5,1.33,2,2,8,0.7559846889952153,0.17838821759461734
3829,,after_candidate_limit,,2884,115,9,115,5,1.5,1.33,2,2,15,0.7559846889952153,0.17838821759461734
3830,,after_candidate_limit,,2907,116,7,116,5,1.5,1.33,3.67,2,3,0.7559846889952153,0.17838821759461734
3831,,after_candidate_limit,,2908,116,8,116,5,1.5,1.33,3.67,2,8,0.7559846889952153,0.17838821759461734
3832,,after_candidate_limit,,2909,116,9,116,5,1.5,1.33,3.67,2,15,0.7559846889952153,0.17838821759461734
3833,,after_candidate_limit,,3058,122,8,122,5,2.25,1.33,2,2,8,0.7559846889952153,0.17838821759461734
3834,,after_candidate_limit,,3059,122,9,122,5,2.25,1.33,2,2,15,0.7559846889952153,0.17838821759461734
3835,,after_candidate_limit,,3082,123,7,123,5,2.25,1.33,3.67,2,3,0.7559846889952153,0.17838821759461734
3836,,after_candidate_limit,,3083,123,8,123,5,2.25,1.33,3.67,2,8,0.7559846889952153,0.17838821759461734
3837,,after_candidate_limit,,3084,123,9,123,5,2.25,1.33,3.67,2,15,0.7559846889952153,0.17838821759461734
3838,,after_candidate_limit,,3233,129,8,129,5,3,1.33,2,2,8,0.7559846889952153,0.17838821759461734
3839,,after_candidate_limit,,3234,129,9,129,5,3,1.33,2,2,15,0.7559846889952153,0.17838821759461734
3840,,after_candidate_limit,,3258,130,8,130,5,3,1.33,3.67,2,8,0.7559846889952153,0.17838821759461734
3841,,after_candidate_limit,,3259,130,9,130,5,3,1.33,3.67,2,15,0.7559846889952153,0.17838821759461734
3842,,after_candidate_limit,,3408,136,8,136,5,4.5,1.33,2,2,8,0.7559846889952153,0.17838821759461734
3843,,after_candidate_limit,,3409,136,9,136,5,4.5,1.33,2,2,15,0.7559846889952153,0.17838821759461734
3844,,after_candidate_limit,,3433,137,8,137,5,4.5,1.33,3.67,2,8,0.7559846889952153,0.17838821759461734
3845,,after_candidate_limit,,3434,137,9,137,5,4.5,1.33,3.67,2,15,0.7559846889952153,0.17838821759461734
3846,,after_candidate_limit,,3816,152,16,152,9.44,4.25,2.17,3.25,6,2,0.7559818181818182,0.26591057907588456
3847,,after_candidate_limit,,3992,159,17,159,9.44,5.66,2.17,3.25,6,3,0.7559253588516747,0.26648921220912225
3848,,after_candidate_limit,,3817,152,17,152,9.44,4.25,2.17,3.25,6,3,0.7558688995215311,0.264065819489198
3849,,after_candidate_limit,,3641,145,16,145,9.44,2.83,2.17,3.25,6,2,0.7558583732057417,0.26326125854919996
3850,,after_candidate_limit,,3642,145,17,145,9.44,2.83,2.17,3.25,6,3,0.7558038277511961,0.2594917385130641
3851,,after_candidate_limit,,4168,166,18,166,9.44,8.5,2.17,3.25,6,8,0.7557377990430622,0.25569129002257135
3852,,after_candidate_limit,,3993,159,18,159,9.44,5.66,2.17,3.25,6,8,0.7557215311004785,0.25495298778390996
3853,,after_candidate_limit,,3643,145,18,145,9.44,2.83,2.17,3.25,6,8,0.7557205741626795,0.25491394874487094
3854,,after_candidate_limit,,3644,145,19,145,9.44,2.83,2.17,3.25,6,15,0.7557205741626795,0.25491394874487094
3855,,after_candidate_limit,,3818,152,18,152,9.44,4.25,2.17,3.25,6,8,0.7557205741626795,0.25491394874487094
3856,,after_candidate_limit,,3819,152,19,152,9.44,4.25,2.17,3.25,6,15,0.7557205741626795,0.25491394874487094
3857,,after_candidate_limit,,3994,159,19,159,9.44,5.66,2.17,3.25,6,15,0.7557205741626795,0.25491394874487094
3858,,after_candidate_limit,,4169,166,19,166,9.44,8.5,2.17,3.25,6,15,0.7557205741626795,0.25491394874487094
3859,,after_candidate_limit,,2120,84,20,84,15,13.5,0.5,0.75,20,1,0.7544373205741627,0.22536894234367622
3860,,after_candidate_limit,,2271,90,21,90,15,13.5,3,4.5,20,2,0.7539875598086124,0.25328094652544664
3861,,after_candidate_limit,,4166,166,16,166,9.44,8.5,2.17,3.25,6,2,0.7490047846889952,0.2599754141429737
3862,,after_candidate_limit,,845,33,20,33,12.78,11.5,2.17,3.25,20,1,0.7470631578947369,0.32476761339959526
3863,,after_candidate_limit,,4197,167,22,167,9.44,8.5,3,4.5,20,3,0.7466454545454545,0.3260472663157008
3864,,after_candidate_limit,,870,34,20,34,12.78,11.5,3,4.5,20,1,0.7464593301435407,0.3122261726676096
3865,,after_candidate_limit,,3820,152,20,152,9.44,4.25,2.17,3.25,20,1,0.7453842105263158,0.3087933737507237
3866,,after_candidate_limit,,3996,159,21,159,9.44,5.66,2.17,3.25,20,2,0.745188038277512,0.30755413252887254
3867,,after_candidate_limit,,3821,152,21,152,9.44,4.25,2.17,3.25,20,2,0.7450933014354068,0.3058357481084989
3868,,after_candidate_limit,,3645,145,20,145,9.44,2.83,2.17,3.25,20,1,0.7450837320574163,0.3054788724817682
3869,,after_candidate_limit,,3997,159,22,159,9.44,5.66,2.17,3.25,20,3,0.7450425837320575,0.30561325301597114
3870,,after_candidate_limit,,3646,145,21,145,9.44,2.83,2.17,3.25,20,2,0.7448933014354067,0.3028817387364819
3871,,after_candidate_limit,,3822,152,22,152,9.44,4.25,2.17,3.25,20,3,0.7447559808612441,0.3018186675723253
3872,,after_candidate_limit,,3647,145,22,145,9.44,2.83,2.17,3.25,20,3,0.7446114832535885,0.2987436559460303
3873,,after_candidate_limit,,4173,166,23,166,9.44,8.5,2.17,3.25,20,8,0.7445971291866029,0.2935275856321407
3874,,after_candidate_limit,,3648,145,23,145,9.44,2.83,2.17,3.25,20,8,0.7445818181818182,0.29750958987057213
3875,,after_candidate_limit,,3649,145,24,145,9.44,2.83,2.17,3.25,20,15,0.7445818181818182,0.29750958987057213
3876,,after_candidate_limit,,3823,152,23,152,9.44,4.25,2.17,3.25,20,8,0.7445818181818182,0.29750958987057213
3877,,after_candidate_limit,,3824,152,24,152,9.44,4.25,2.17,3.25,20,15,0.7445818181818182,0.29750958987057213
3878,,after_candidate_limit,,3998,159,23,159,9.44,5.66,2.17,3.25,20,8,0.7445818181818182,0.29750958987057213
3879,,after_candidate_limit,,3999,159,24,159,9.44,5.66,2.17,3.25,20,15,0.7445818181818182,0.29750958987057213
3880,,after_candidate_limit,,4174,166,24,166,9.44,8.5,2.17,3.25,20,15,0.7445818181818182,0.29750958987057213
3881,,after_candidate_limit,,2246,89,21,89,15,13.5,2.17,3.25,20,2,0.7438344497607655,0.24613274573156907
3882,,after_candidate_limit,,3995,159,20,159,9.44,5.66,2.17,3.25,20,1,0.7434631578947368,0.31343700204094527
3883,,after_candidate_limit,,145,5,20,5,11.67,10.5,2.17,3.25,20,1,0.7404167464114833,0.34381372822456574
3884,,after_candidate_limit,,4196,167,21,167,9.44,8.5,3,4.5,20,2,0.7401110047846889,0.3372527444027542
3885,,after_candidate_limit,,2145,85,20,85,15,13.5,0.5,1.38,20,1,0.7387387559808613,0.20517473156340624
3886,,after_candidate_limit,,4165,166,15,166,9.44,8.5,2.17,3.25,6,1,0.7343349282296651,0.24773057339686513
3887,,after_candidate_limit,,2195,87,20,87,15,13.5,1.33,2,20,1,0.7332928229665072,0.25842402325328323
3888,,after_candidate_limit,,170,6,20,6,11.67,10.5,3,4.5,20,1,0.7328066985645934,0.3467433897664866
3889,,after_candidate_limit,,4172,166,22,166,9.44,8.5,2.17,3.25,20,3,0.7322468899521531,0.28556931119922074
3890,,after_candidate_limit,,4171,166,21,166,9.44,8.5,2.17,3.25,20,2,0.7310038277511962,0.29085938336757533
3891,,after_candidate_limit,,2220,88,20,88,15,13.5,1.33,3.67,20,1,0.7281971291866028,0.2610760139952391
3892,,after_candidate_limit,,1545,61,20,61,13.89,12.5,2.17,3.25,20,1,0.7269502392344498,0.2932534459432031
3893,,after_candidate_limit,,4195,167,20,167,9.44,8.5,3,4.5,20,1,0.7233177033492822,0.3451698887518479
3894,,after_candidate_limit,,1495,59,20,59,13.89,12.5,1.33,2,20,1,0.7185674641148325,0.2848775334016913
3895,,after_candidate_limit,,1520,60,20,60,13.89,12.5,1.33,3.67,20,1,0.7183990430622009,0.2788989431626076
3896,,after_candidate_limit,,2170,86,20,86,15,13.5,0.5,2,20,1,0.7149741626794258,0.19072747040810367
3897,,after_candidate_limit,,1570,62,20,62,13.89,12.5,3,4.5,20,1,0.7132315789473684,0.27883030500291556
3898,,after_candidate_limit,,3475,139,0,139,5,4.5,3,4.5,1,1,0.7061301435406698,0.19257148743161429
3899,,after_candidate_limit,,3300,132,0,132,5,3,3,4.5,1,1,0.7060095693779904,0.1918767136756416
3900,,after_candidate_limit,,3476,139,1,139,5,4.5,3,4.5,1,2,0.7059770334928229,0.1917789179340153
3901,,after_candidate_limit,,3125,125,0,125,5,2.25,3,4.5,1,1,0.7059358851674641,0.19165461716298354
3902,,after_candidate_limit,,3477,139,2,139,5,4.5,3,4.5,1,3,0.7059043062200957,0.19134671243897028
3903,,after_candidate_limit,,3301,132,1,132,5,3,3,4.5,1,2,0.7059033492822967,0.19126240690709778
3904,,after_candidate_limit,,2950,118,0,118,5,1.5,3,4.5,1,1,0.7058842105263158,0.19070034662409088
3905,,after_candidate_limit,,3126,125,1,125,5,2.25,3,4.5,1,2,0.7058248803827751,0.18999063915572997
3906,,after_candidate_limit,,3302,132,2,132,5,3,3,4.5,1,3,0.7058181818181818,0.1898503906278603
3907,,after_candidate_limit,,2951,118,1,118,5,1.5,3,4.5,1,2,0.7057808612440192,0.1890872863087818
3908,,after_candidate_limit,,3127,125,2,125,5,2.25,3,4.5,1,3,0.7057492822966507,0.18783710975269038
3909,,after_candidate_limit,,2952,118,2,118,5,1.5,3,4.5,1,3,0.7057473684210527,0.18752377641935705
3910,,after_candidate_limit,,2953,118,3,118,5,1.5,3,4.5,1,8,0.7057473684210527,0.18752377641935705
3911,,after_candidate_limit,,2954,118,4,118,5,1.5,3,4.5,1,15,0.7057473684210527,0.18752377641935705
3912,,after_candidate_limit,,3128,125,3,125,5,2.25,3,4.5,1,8,0.7057473684210527,0.18752377641935705
3913,,after_candidate_limit,,3129,125,4,125,5,2.25,3,4.5,1,15,0.7057473684210527,0.18752377641935705
3914,,after_candidate_limit,,3303,132,3,132,5,3,3,4.5,1,8,0.7057473684210527,0.18752377641935705
3915,,after_candidate_limit,,3304,132,4,132,5,3,3,4.5,1,15,0.7057473684210527,0.18752377641935705
3916,,after_candidate_limit,,3478,139,3,139,5,4.5,3,4.5,1,8,0.7057473684210527,0.18752377641935705
3917,,after_candidate_limit,,3479,139,4,139,5,4.5,3,4.5,1,15,0.7057473684210527,0.18752377641935705
3918,,after_candidate_limit,,4170,166,20,166,9.44,8.5,2.17,3.25,20,1,0.7032459330143541,0.2982570796521834
3919,,after_candidate_limit,,2270,90,20,90,15,13.5,3,4.5,20,1,0.6997186602870813,0.25337151268841795
3920,,after_candidate_limit,,2245,89,20,89,15,13.5,2.17,3.25,20,1,0.6764583732057416,0.23792120884706985
3921,,after_candidate_limit,,3410,136,10,136,5,4.5,1.33,2,3,1,0.6735306220095694,0.15455434616576758
3922,,after_candidate_limit,,3435,137,10,137,5,4.5,1.33,3.67,3,1,0.6735287081339713,0.15446211770824825
3923,,after_candidate_limit,,3235,129,10,129,5,3,1.33,2,3,1,0.673477033492823,0.15244843663945018
3924,,after_candidate_limit,,3260,130,10,130,5,3,1.33,3.67,3,1,0.6734751196172248,0.15264243764311314
3925,,after_candidate_limit,,3411,136,11,136,5,4.5,1.33,2,3,2,0.6734454545454546,0.15230529355800715
3926,,after_candidate_limit,,3436,137,11,137,5,4.5,1.33,3.67,3,2,0.6734454545454546,0.15230529355800715
3927,,after_candidate_limit,,3085,123,10,123,5,2.25,1.33,3.67,3,1,0.6734377990430622,0.15174384923748957
3928,,after_candidate_limit,,3060,122,10,122,5,2.25,1.33,2,3,1,0.6734358851674641,0.15174484383541811
3929,,after_candidate_limit,,2910,116,10,116,5,1.5,1.33,3.67,3,1,0.673433014354067,0.15159216038140197
3930,,after_candidate_limit,,3261,130,11,130,5,3,1.33,3.67,3,2,0.673432057416268,0.15161322586118697
3931,,after_candidate_limit,,3236,129,11,129,5,3,1.33,2,3,2,0.6734311004784689,0.15155767030563144
3932,,after_candidate_limit,,3262,130,12,130,5,3,1.33,3.67,3,3,0.6734311004784689,0.15155767030563144
3933,,after_candidate_limit,,3412,136,12,136,5,4.5,1.33,2,3,3,0.6734311004784689,0.15155767030563144
3934,,after_candidate_limit,,3437,137,12,137,5,4.5,1.33,3.67,3,3,0.6734311004784689,0.15155767030563144
3935,,after_candidate_limit,,2885,115,10,115,5,1.5,1.33,2,3,1,0.6734282296650718,0.1514812372752914
3936,,after_candidate_limit,,3237,129,12,129,5,3,1.33,2,3,3,0.6734253588516746,0.15142828566105931
3937,,after_candidate_limit,,3061,122,11,122,5,2.25,1.33,2,3,2,0.6734244019138756,0.15138384121661486
3938,,after_candidate_limit,,3086,123,11,123,5,2.25,1.33,3.67,3,2,0.6734244019138756,0.15138384121661486
3939,,after_candidate_limit,,2886,115,11,115,5,1.5,1.33,2,3,2,0.6734177033492823,0.15122690824105006
3940,,after_candidate_limit,,2887,115,12,115,5,1.5,1.33,2,3,3,0.6734177033492823,0.15122690824105006
3941,,after_candidate_limit,,2888,115,13,115,5,1.5,1.33,2,3,8,0.6734177033492823,0.15122690824105006
3942,,after_candidate_limit,,2889,115,14,115,5,1.5,1.33,2,3,15,0.6734177033492823,0.15122690824105006
3943,,after_candidate_limit,,2911,116,11,116,5,1.5,1.33,3.67,3,2,0.6734177033492823,0.15122690824105006
3944,,after_candidate_limit,,2912,116,12,116,5,1.5,1.33,3.67,3,3,0.6734177033492823,0.15122690824105006
3945,,after_candidate_limit,,2913,116,13,116,5,1.5,1.33,3.67,3,8,0.6734177033492823,0.15122690824105006
3946,,after_candidate_limit,,2914,116,14,116,5,1.5,1.33,3.67,3,15,0.6734177033492823,0.15122690824105006
3947,,after_candidate_limit,,3062,122,12,122,5,2.25,1.33,2,3,3,0.6734177033492823,0.15122690824105006
3948,,after_candidate_limit,,3063,122,13,122,5,2.25,1.33,2,3,8,0.6734177033492823,0.15122690824105006
3949,,after_candidate_limit,,3064,122,14,122,5,2.25,1.33,2,3,15,0.6734177033492823,0.15122690824105006
3950,,after_candidate_limit,,3087,123,12,123,5,2.25,1.33,3.67,3,3,0.6734177033492823,0.15122690824105006
3951,,after_candidate_limit,,3088,123,13,123,5,2.25,1.33,3.67,3,8,0.6734177033492823,0.15122690824105006
3952,,after_candidate_limit,,3089,123,14,123,5,2.25,1.33,3.67,3,15,0.6734177033492823,0.15122690824105006
3953,,after_candidate_limit,,3238,129,13,129,5,3,1.33,2,3,8,0.6734177033492823,0.15122690824105006
3954,,after_candidate_limit,,3239,129,14,129,5,3,1.33,2,3,15,0.6734177033492823,0.15122690824105006
3955,,after_candidate_limit,,3263,130,13,130,5,3,1.33,3.67,3,8,0.6734177033492823,0.15122690824105006
3956,,after_candidate_limit,,3264,130,14,130,5,3,1.33,3.67,3,15,0.6734177033492823,0.15122690824105006
3957,,after_candidate_limit,,3413,136,13,136,5,4.5,1.33,2,3,8,0.6734177033492823,0.15122690824105006
3958,,after_candidate_limit,,3414,136,14,136,5,4.5,1.33,2,3,15,0.6734177033492823,0.15122690824105006
3959,,after_candidate_limit,,3438,137,13,137,5,4.5,1.33,3.67,3,8,0.6734177033492823,0.15122690824105006
3960,,after_candidate_limit,,3439,137,14,137,5,4.5,1.33,3.67,3,15,0.6734177033492823,0.15122690824105006
3961,,after_candidate_limit,,3445,137,20,137,5,4.5,1.33,3.67,20,1,0.6624315789473684,0.24782967312683354
3962,,after_candidate_limit,,3420,136,20,136,5,4.5,1.33,2,20,1,0.6623282296650718,0.24911855942796188
3963,,after_candidate_limit,,3446,137,21,137,5,4.5,1.33,3.67,20,2,0.662266985645933,0.2445474107317204
3964,,after_candidate_limit,,3270,130,20,130,5,3,1.33,3.67,20,1,0.6622114832535885,0.2466595620293097
3965,,after_candidate_limit,,3245,129,20,129,5,3,1.33,2,20,1,0.662200956937799,0.2463419779934857
3966,,after_candidate_limit,,3421,136,21,136,5,4.5,1.33,2,20,2,0.6621942583732058,0.24454304890897946
3967,,after_candidate_limit,,3447,137,22,137,5,4.5,1.33,3.67,20,3,0.6621052631578948,0.2444399146077071
3968,,after_candidate_limit,,3422,136,22,136,5,4.5,1.33,2,20,3,0.6620937799043062,0.24432839906396778
3969,,after_candidate_limit,,3070,122,20,122,5,2.25,1.33,2,20,1,0.6620535885167464,0.24456904923749115
3970,,after_candidate_limit,,3271,130,21,130,5,3,1.33,3.67,20,2,0.6620478468899521,0.24336015841033998
3971,,after_candidate_limit,,3246,129,21,129,5,3,1.33,2,20,2,0.6620382775119618,0.24333885129718325
3972,,after_candidate_limit,,3095,123,20,123,5,2.25,1.33,3.67,20,1,0.6620354066985646,0.2440322168059694
3973,,after_candidate_limit,,2920,116,20,116,5,1.5,1.33,3.67,20,1,0.661977990430622,0.24095562825097352
3974,,after_candidate_limit,,2895,115,20,115,5,1.5,1.33,2,20,1,0.6619760765550239,0.24141420281541542
3975,,after_candidate_limit,,3096,123,21,123,5,2.25,1.33,3.67,20,2,0.6619598086124402,0.24069748877051952
3976,,after_candidate_limit,,3071,122,21,122,5,2.25,1.33,2,20,2,0.6619521531100478,0.24075062874183506
3977,,after_candidate_limit,,3272,130,22,130,5,3,1.33,3.67,20,3,0.6619511961722488,0.2407412850516403
3978,,after_candidate_limit,,3247,129,22,129,5,3,1.33,2,20,3,0.6619492822966507,0.2408604936719563
3979,,after_candidate_limit,,3072,122,22,122,5,2.25,1.33,2,20,3,0.6618545454545455,0.24025145866446176
3980,,after_candidate_limit,,2896,115,21,115,5,1.5,1.33,2,20,2,0.6617923444976077,0.2392805199081393
3981,,after_candidate_limit,,3097,123,22,123,5,2.25,1.33,3.67,20,3,0.6617856459330144,0.2383752448818225
3982,,after_candidate_limit,,2921,116,21,116,5,1.5,1.33,3.67,20,2,0.6617693779904307,0.23811827904877378
3983,,after_candidate_limit,,3448,137,23,137,5,4.5,1.33,3.67,20,8,0.6617425837320574,0.23711589210110504
3984,,after_candidate_limit,,3423,136,23,136,5,4.5,1.33,2,20,8,0.6617368421052632,0.23685691122325975
3985,,after_candidate_limit,,2897,115,22,115,5,1.5,1.33,2,20,3,0.6617224880382775,0.23606728126182497
3986,,after_candidate_limit,,2922,116,22,116,5,1.5,1.33,3.67,20,3,0.6617177033492823,0.23562925210144287
3987,,after_candidate_limit,,2898,115,23,115,5,1.5,1.33,2,20,8,0.6617167464114833,0.23547540594759672
3988,,after_candidate_limit,,2899,115,24,115,5,1.5,1.33,2,20,15,0.6617167464114833,0.23547540594759672
3989,,after_candidate_limit,,2923,116,23,116,5,1.5,1.33,3.67,20,8,0.6617167464114833,0.23547540594759672
3990,,after_candidate_limit,,2924,116,24,116,5,1.5,1.33,3.67,20,15,0.6617167464114833,0.23547540594759672
3991,,after_candidate_limit,,3073,122,23,122,5,2.25,1.33,2,20,8,0.6617167464114833,0.23547540594759672
3992,,after_candidate_limit,,3074,122,24,122,5,2.25,1.33,2,20,15,0.6617167464114833,0.23547540594759672
3993,,after_candidate_limit,,3098,123,23,123,5,2.25,1.33,3.67,20,8,0.6617167464114833,0.23547540594759672
3994,,after_candidate_limit,,3099,123,24,123,5,2.25,1.33,3.67,20,15,0.6617167464114833,0.23547540594759672
3995,,after_candidate_limit,,3248,129,23,129,5,3,1.33,2,20,8,0.6617167464114833,0.23547540594759672
3996,,after_candidate_limit,,3249,129,24,129,5,3,1.33,2,20,15,0.6617167464114833,0.23547540594759672
3997,,after_candidate_limit,,3273,130,23,130,5,3,1.33,3.67,20,8,0.6617167464114833,0.23547540594759672
3998,,after_candidate_limit,,3274,130,24,130,5,3,1.33,3.67,20,15,0.6617167464114833,0.23547540594759672
3999,,after_candidate_limit,,3424,136,24,136,5,4.5,1.33,2,20,15,0.6617167464114833,0.23547540594759672
4000,,after_candidate_limit,,3449,137,24,137,5,4.5,1.33,3.67,20,15,0.6617167464114833,0.23547540594759672
4001,,after_candidate_limit,,3415,136,15,136,5,4.5,1.33,2,6,1,0.661177990430622,0.21325212347892905
4002,,after_candidate_limit,,3440,137,15,137,5,4.5,1.33,3.67,6,1,0.6611454545454546,0.21256703429722668
4003,,after_candidate_limit,,3265,130,15,130,5,3,1.33,3.67,6,1,0.6610909090909091,0.21176315344401406
4004,,after_candidate_limit,,3240,129,15,129,5,3,1.33,2,6,1,0.6610889952153111,0.21167258989037438
4005,,after_candidate_limit,,3416,136,16,136,5,4.5,1.33,2,6,2,0.6610555023923445,0.2106578500163222
4006,,after_candidate_limit,,3441,137,16,137,5,4.5,1.33,3.67,6,2,0.6610555023923445,0.2106578500163222
4007,,after_candidate_limit,,3065,122,15,122,5,2.25,1.33,2,6,1,0.6609205741626795,0.2089296189183883
4008,,after_candidate_limit,,3090,123,15,123,5,2.25,1.33,3.67,6,1,0.6609205741626795,0.20893035810093738
4009,,after_candidate_limit,,2915,116,15,116,5,1.5,1.33,3.67,6,1,0.66091004784689,0.20861875316681636
4010,,after_candidate_limit,,3241,129,16,129,5,3,1.33,2,6,2,0.660887081339713,0.2082533390916776
4011,,after_candidate_limit,,3266,130,16,130,5,3,1.33,3.67,6,2,0.660887081339713,0.2082533390916776
4012,,after_candidate_limit,,3267,130,17,130,5,3,1.33,3.67,6,3,0.660887081339713,0.2082533390916776
4013,,after_candidate_limit,,3417,136,17,136,5,4.5,1.33,2,6,3,0.660887081339713,0.2082533390916776
4014,,after_candidate_limit,,3442,137,17,137,5,4.5,1.33,3.67,6,3,0.660887081339713,0.2082533390916776
4015,,after_candidate_limit,,3242,129,17,129,5,3,1.33,2,6,3,0.6608822966507177,0.208016438960505
4016,,after_candidate_limit,,2890,115,15,115,5,1.5,1.33,2,6,1,0.6607397129186603,0.20635334172641204
4017,,after_candidate_limit,,3066,122,16,122,5,2.25,1.33,2,6,2,0.6607186602870814,0.20596016010875573
4018,,after_candidate_limit,,3091,123,16,123,5,2.25,1.33,3.67,6,2,0.6607186602870814,0.20596016010875573
4019,,after_candidate_limit,,2891,115,16,115,5,1.5,1.33,2,6,2,0.6607138755980861,0.20575105004097693
4020,,after_candidate_limit,,2892,115,17,115,5,1.5,1.33,2,6,3,0.6607138755980861,0.20575105004097693
4021,,after_candidate_limit,,2893,115,18,115,5,1.5,1.33,2,6,8,0.6607138755980861,0.20575105004097693
4022,,after_candidate_limit,,2894,115,19,115,5,1.5,1.33,2,6,15,0.6607138755980861,0.20575105004097693
4023,,after_candidate_limit,,2916,116,16,116,5,1.5,1.33,3.67,6,2,0.6607138755980861,0.20575105004097693
4024,,after_candidate_limit,,2917,116,17,116,5,1.5,1.33,3.67,6,3,0.6607138755980861,0.20575105004097693
4025,,after_candidate_limit,,2918,116,18,116,5,1.5,1.33,3.67,6,8,0.6607138755980861,0.20575105004097693
4026,,after_candidate_limit,,2919,116,19,116,5,1.5,1.33,3.67,6,15,0.6607138755980861,0.20575105004097693
4027,,after_candidate_limit,,3067,122,17,122,5,2.25,1.33,2,6,3,0.6607138755980861,0.20575105004097693
4028,,after_candidate_limit,,3068,122,18,122,5,2.25,1.33,2,6,8,0.6607138755980861,0.20575105004097693
4029,,after_candidate_limit,,3069,122,19,122,5,2.25,1.33,2,6,15,0.6607138755980861,0.20575105004097693
4030,,after_candidate_limit,,3092,123,17,123,5,2.25,1.33,3.67,6,3,0.6607138755980861,0.20575105004097693
4031,,after_candidate_limit,,3093,123,18,123,5,2.25,1.33,3.67,6,8,0.6607138755980861,0.20575105004097693
4032,,after_candidate_limit,,3094,123,19,123,5,2.25,1.33,3.67,6,15,0.6607138755980861,0.20575105004097693
4033,,after_candidate_limit,,3243,129,18,129,5,3,1.33,2,6,8,0.6607138755980861,0.20575105004097693
4034,,after_candidate_limit,,3244,129,19,129,5,3,1.33,2,6,15,0.6607138755980861,0.20575105004097693
4035,,after_candidate_limit,,3268,130,18,130,5,3,1.33,3.67,6,8,0.6607138755980861,0.20575105004097693
4036,,after_candidate_limit,,3269,130,19,130,5,3,1.33,3.67,6,15,0.6607138755980861,0.20575105004097693
4037,,after_candidate_limit,,3418,136,18,136,5,4.5,1.33,2,6,8,0.6607138755980861,0.20575105004097693
4038,,after_candidate_limit,,3419,136,19,136,5,4.5,1.33,2,6,15,0.6607138755980861,0.20575105004097693
4039,,after_candidate_limit,,3443,137,18,137,5,4.5,1.33,3.67,6,8,0.6607138755980861,0.20575105004097693
4040,,after_candidate_limit,,3444,137,19,137,5,4.5,1.33,3.67,6,15,0.6607138755980861,0.20575105004097693
4041,,after_candidate_limit,,3455,138,5,138,5,4.5,2.17,3.25,2,1,0.6583291866028708,0.12730659882063122
4042,,after_candidate_limit,,3280,131,5,131,5,3,2.17,3.25,2,1,0.6582822966507177,0.1262977704697269
4043,,after_candidate_limit,,3456,138,6,138,5,4.5,2.17,3.25,2,2,0.6582602870813398,0.12638375090830256
4044,,after_candidate_limit,,3105,124,5,124,5,2.25,2.17,3.25,2,1,0.6582401913875598,0.1260290050177325
4045,,after_candidate_limit,,3281,131,6,131,5,3,2.17,3.25,2,2,0.6582363636363636,0.12595331277104815
4046,,after_candidate_limit,,3457,138,7,138,5,4.5,2.17,3.25,2,3,0.6582344497607655,0.12591132689223666
4047,,after_candidate_limit,,2930,117,5,117,5,1.5,2.17,3.25,2,1,0.6582334928229665,0.12571771616804173
4048,,after_candidate_limit,,3282,131,7,131,5,3,2.17,3.25,2,3,0.6582267942583732,0.12546983505074483
4049,,after_candidate_limit,,3106,124,6,124,5,2.25,2.17,3.25,2,2,0.6582200956937799,0.1253611840398985
4050,,after_candidate_limit,,2931,117,6,117,5,1.5,2.17,3.25,2,2,0.6582086124401914,0.12509254609013054
4051,,after_candidate_limit,,2932,117,7,117,5,1.5,2.17,3.25,2,3,0.6582076555023924,0.12502111751870199
4052,,after_candidate_limit,,2933,117,8,117,5,1.5,2.17,3.25,2,8,0.6582076555023924,0.12502111751870199
4053,,after_candidate_limit,,2934,117,9,117,5,1.5,2.17,3.25,2,15,0.6582076555023924,0.12502111751870199
4054,,after_candidate_limit,,3107,124,7,124,5,2.25,2.17,3.25,2,3,0.6582076555023924,0.12502111751870199
4055,,after_candidate_limit,,3108,124,8,124,5,2.25,2.17,3.25,2,8,0.6582076555023924,0.12502111751870199
4056,,after_candidate_limit,,3109,124,9,124,5,2.25,2.17,3.25,2,15,0.6582076555023924,0.12502111751870199
4057,,after_candidate_limit,,3283,131,8,131,5,3,2.17,3.25,2,8,0.6582076555023924,0.12502111751870199
4058,,after_candidate_limit,,3284,131,9,131,5,3,2.17,3.25,2,15,0.6582076555023924,0.12502111751870199
4059,,after_candidate_limit,,3458,138,8,138,5,4.5,2.17,3.25,2,8,0.6582076555023924,0.12502111751870199
4060,,after_candidate_limit,,3459,138,9,138,5,4.5,2.17,3.25,2,15,0.6582076555023924,0.12502111751870199
4061,,after_candidate_limit,,3480,139,5,139,5,4.5,3,4.5,2,1,0.6119971291866029,0.10451532400633545
4062,,after_candidate_limit,,3305,132,5,132,5,3,3,4.5,2,1,0.6119540669856459,0.10390162140023322
4063,,after_candidate_limit,,3481,139,6,139,5,4.5,3,4.5,2,2,0.6119349282296651,0.10426943602431969
4064,,after_candidate_limit,,3130,125,5,125,5,2.25,3,4.5,2,1,0.6119205741626794,0.10405052720988943
4065,,after_candidate_limit,,3306,132,6,132,5,3,3,4.5,2,2,0.6119196172248804,0.10400278933233867
4066,,after_candidate_limit,,2955,118,5,118,5,1.5,3,4.5,2,1,0.6119148325358852,0.10360006252582211
4067,,after_candidate_limit,,3482,139,7,139,5,4.5,3,4.5,2,3,0.6119119617224881,0.10388795518805154
4068,,after_candidate_limit,,3307,132,7,132,5,3,3,4.5,2,3,0.6119052631578947,0.1032675511476475
4069,,after_candidate_limit,,3131,125,6,125,5,2.25,3,4.5,2,2,0.6118995215311005,0.1031854434496355
4070,,after_candidate_limit,,2956,118,6,118,5,1.5,3,4.5,2,2,0.611888995215311,0.1029084616619837
4071,,after_candidate_limit,,2957,118,7,118,5,1.5,3,4.5,2,3,0.6118861244019139,0.10278395248799926
4072,,after_candidate_limit,,2958,118,8,118,5,1.5,3,4.5,2,8,0.6118861244019139,0.10278395248799926
4073,,after_candidate_limit,,2959,118,9,118,5,1.5,3,4.5,2,15,0.6118861244019139,0.10278395248799926
4074,,after_candidate_limit,,3132,125,7,125,5,2.25,3,4.5,2,3,0.6118861244019139,0.10278395248799926
4075,,after_candidate_limit,,3133,125,8,125,5,2.25,3,4.5,2,8,0.6118861244019139,0.10278395248799926
4076,,after_candidate_limit,,3134,125,9,125,5,2.25,3,4.5,2,15,0.6118861244019139,0.10278395248799926
4077,,after_candidate_limit,,3308,132,8,132,5,3,3,4.5,2,8,0.6118861244019139,0.10278395248799926
4078,,after_candidate_limit,,3309,132,9,132,5,3,3,4.5,2,15,0.6118861244019139,0.10278395248799926
4079,,after_candidate_limit,,3483,139,8,139,5,4.5,3,4.5,2,8,0.6118861244019139,0.10278395248799926
4080,,after_candidate_limit,,3484,139,9,139,5,4.5,3,4.5,2,15,0.6118861244019139,0.10278395248799926
4081,,after_candidate_limit,,3460,138,10,138,5,4.5,2.17,3.25,3,1,0.5850397129186603,0.10192452261847423
4082,,after_candidate_limit,,3285,131,10,131,5,3,2.17,3.25,3,1,0.5850224880382775,0.10150511089478714
4083,,after_candidate_limit,,3461,138,11,138,5,4.5,2.17,3.25,3,2,0.5848976076555024,0.10120021243105078
4084,,after_candidate_limit,,2935,117,10,117,5,1.5,2.17,3.25,3,1,0.58488995215311,0.10108398175706976
4085,,after_candidate_limit,,3286,131,11,131,5,3,2.17,3.25,3,2,0.584888995215311,0.10104383257154037
4086,,after_candidate_limit,,3287,131,12,131,5,3,2.17,3.25,3,3,0.584888995215311,0.10104383257154037
4087,,after_candidate_limit,,3462,138,12,138,5,4.5,2.17,3.25,3,3,0.584888995215311,0.10104383257154037
4088,,after_candidate_limit,,3110,124,10,124,5,2.25,2.17,3.25,3,1,0.5848842105263158,0.1010693003403319
4089,,after_candidate_limit,,3111,124,11,124,5,2.25,2.17,3.25,3,2,0.5848842105263158,0.10095725344857605
4090,,after_candidate_limit,,2936,117,11,117,5,1.5,2.17,3.25,3,2,0.5848822966507177,0.10092824152482728
4091,,after_candidate_limit,,2937,117,12,117,5,1.5,2.17,3.25,3,3,0.5848822966507177,0.10092824152482728
4092,,after_candidate_limit,,2938,117,13,117,5,1.5,2.17,3.25,3,8,0.5848822966507177,0.10092824152482728
4093,,after_candidate_limit,,2939,117,14,117,5,1.5,2.17,3.25,3,15,0.5848822966507177,0.10092824152482728
4094,,after_candidate_limit,,3112,124,12,124,5,2.25,2.17,3.25,3,3,0.5848822966507177,0.10092824152482728
4095,,after_candidate_limit,,3113,124,13,124,5,2.25,2.17,3.25,3,8,0.5848822966507177,0.10092824152482728
4096,,after_candidate_limit,,3114,124,14,124,5,2.25,2.17,3.25,3,15,0.5848822966507177,0.10092824152482728
4097,,after_candidate_limit,,3288,131,13,131,5,3,2.17,3.25,3,8,0.5848822966507177,0.10092824152482728
4098,,after_candidate_limit,,3289,131,14,131,5,3,2.17,3.25,3,15,0.5848822966507177,0.10092824152482728
4099,,after_candidate_limit,,3463,138,13,138,5,4.5,2.17,3.25,3,8,0.5848822966507177,0.10092824152482728
4100,,after_candidate_limit,,3464,138,14,138,5,4.5,2.17,3.25,3,15,0.5848822966507177,0.10092824152482728
4101,,after_candidate_limit,,2945,117,20,117,5,1.5,2.17,3.25,20,1,0.5808497607655503,0.17312871748949546
4102,,after_candidate_limit,,3470,138,20,138,5,4.5,2.17,3.25,20,1,0.5808430622009569,0.17447285310554436
4103,,after_candidate_limit,,3120,124,20,124,5,2.25,2.17,3.25,20,1,0.5808315789473685,0.17376730162915235
4104,,after_candidate_limit,,3471,138,21,138,5,4.5,2.17,3.25,20,2,0.5808306220095694,0.17269380471531823
4105,,after_candidate_limit,,3472,138,22,138,5,4.5,2.17,3.25,20,3,0.5808267942583732,0.17264054192324352
4106,,after_candidate_limit,,3121,124,21,124,5,2.25,2.17,3.25,20,2,0.5808248803827751,0.17261589414368608
4107,,after_candidate_limit,,3122,124,22,124,5,2.25,2.17,3.25,20,3,0.5808248803827751,0.17261589414368608
4108,,after_candidate_limit,,3296,131,21,131,5,3,2.17,3.25,20,2,0.5808248803827751,0.17261589414368608
4109,,after_candidate_limit,,3297,131,22,131,5,3,2.17,3.25,20,3,0.5808248803827751,0.17261589414368608
4110,,after_candidate_limit,,2946,117,21,117,5,1.5,2.17,3.25,20,2,0.5808200956937799,0.1724872946613899
4111,,after_candidate_limit,,3295,131,20,131,5,3,2.17,3.25,20,1,0.5808124401913876,0.17356671285132938
4112,,after_candidate_limit,,3473,138,23,138,5,4.5,2.17,3.25,20,8,0.5808086124401914,0.17188788615489992
4113,,after_candidate_limit,,2947,117,22,117,5,1.5,2.17,3.25,20,3,0.5807933014354068,0.16952628375039472
4114,,after_candidate_limit,,2948,117,23,117,5,1.5,2.17,3.25,20,8,0.5807933014354068,0.16952628375039472
4115,,after_candidate_limit,,2949,117,24,117,5,1.5,2.17,3.25,20,15,0.5807933014354068,0.16952628375039472
4116,,after_candidate_limit,,3123,124,23,124,5,2.25,2.17,3.25,20,8,0.5807933014354068,0.16952628375039472
4117,,after_candidate_limit,,3124,124,24,124,5,2.25,2.17,3.25,20,15,0.5807933014354068,0.16952628375039472
4118,,after_candidate_limit,,3298,131,23,131,5,3,2.17,3.25,20,8,0.5807933014354068,0.16952628375039472
4119,,after_candidate_limit,,3299,131,24,131,5,3,2.17,3.25,20,15,0.5807933014354068,0.16952628375039472
4120,,after_candidate_limit,,3474,138,24,138,5,4.5,2.17,3.25,20,15,0.5807933014354068,0.16952628375039472
4121,,after_candidate_limit,,3465,138,15,138,5,4.5,2.17,3.25,6,1,0.5803416267942584,0.14647597615998778
4122,,after_candidate_limit,,3466,138,16,138,5,4.5,2.17,3.25,6,2,0.5803358851674641,0.1458311664884716
4123,,after_candidate_limit,,3290,131,15,131,5,3,2.17,3.25,6,1,0.5803129186602871,0.14572460888718367
4124,,after_candidate_limit,,2940,117,15,117,5,1.5,2.17,3.25,6,1,0.5802124401913875,0.1438822498823602
4125,,after_candidate_limit,,3115,124,15,124,5,2.25,2.17,3.25,6,1,0.5801885167464115,0.14356725577014245
4126,,after_candidate_limit,,3291,131,16,131,5,3,2.17,3.25,6,2,0.5801875598086125,0.14343571691902027
4127,,after_candidate_limit,,3292,131,17,131,5,3,2.17,3.25,6,3,0.5801875598086125,0.14343571691902027
4128,,after_candidate_limit,,3467,138,17,138,5,4.5,2.17,3.25,6,3,0.5801875598086125,0.14343571691902027
4129,,after_candidate_limit,,3116,124,16,124,5,2.25,2.17,3.25,6,2,0.5800392344497608,0.14121500335495357
4130,,after_candidate_limit,,2941,117,16,117,5,1.5,2.17,3.25,6,2,0.5800373205741627,0.1411192768592271
4131,,after_candidate_limit,,2942,117,17,117,5,1.5,2.17,3.25,6,3,0.5800373205741627,0.1411192768592271
4132,,after_candidate_limit,,2943,117,18,117,5,1.5,2.17,3.25,6,8,0.5800373205741627,0.1411192768592271
4133,,after_candidate_limit,,2944,117,19,117,5,1.5,2.17,3.25,6,15,0.5800373205741627,0.1411192768592271
4134,,after_candidate_limit,,3117,124,17,124,5,2.25,2.17,3.25,6,3,0.5800373205741627,0.1411192768592271
4135,,after_candidate_limit,,3118,124,18,124,5,2.25,2.17,3.25,6,8,0.5800373205741627,0.1411192768592271
4136,,after_candidate_limit,,3119,124,19,124,5,2.25,2.17,3.25,6,15,0.5800373205741627,0.1411192768592271
4137,,after_candidate_limit,,3293,131,18,131,5,3,2.17,3.25,6,8,0.5800373205741627,0.1411192768592271
4138,,after_candidate_limit,,3294,131,19,131,5,3,2.17,3.25,6,15,0.5800373205741627,0.1411192768592271
4139,,after_candidate_limit,,3468,138,18,138,5,4.5,2.17,3.25,6,8,0.5800373205741627,0.1411192768592271
4140,,after_candidate_limit,,3469,138,19,138,5,4.5,2.17,3.25,6,15,0.5800373205741627,0.1411192768592271
4141,,after_candidate_limit,,3485,139,10,139,5,4.5,3,4.5,3,1,0.5689157894736843,0.09289053234829787
4142,,after_candidate_limit,,3310,132,10,132,5,3,3,4.5,3,1,0.5689023923444976,0.09263980809572729
4143,,after_candidate_limit,,3135,125,10,125,5,2.25,3,4.5,3,1,0.5688928229665072,0.09250302427700195
4144,,after_candidate_limit,,3486,139,11,139,5,4.5,3,4.5,3,2,0.5688794258373205,0.09240918684424199
4145,,after_candidate_limit,,2960,118,10,118,5,1.5,3,4.5,3,1,0.5688765550239234,0.09233735953780431
4146,,after_candidate_limit,,3311,132,11,132,5,3,3,4.5,3,2,0.5688746411483253,0.09232751511365386
4147,,after_candidate_limit,,3312,132,12,132,5,3,3,4.5,3,3,0.5688727272727273,0.09229973733587607
4148,,after_candidate_limit,,3487,139,12,139,5,4.5,3,4.5,3,3,0.5688727272727273,0.09229973733587607
4149,,after_candidate_limit,,3136,125,11,125,5,2.25,3,4.5,3,2,0.5688708133971292,0.09226654830268705
4150,,after_candidate_limit,,2961,118,11,118,5,1.5,3,4.5,3,2,0.5688679425837321,0.09222851580378498
4151,,after_candidate_limit,,2962,118,12,118,5,1.5,3,4.5,3,3,0.5688679425837321,0.09222851580378498
4152,,after_candidate_limit,,2963,118,13,118,5,1.5,3,4.5,3,8,0.5688679425837321,0.09222851580378498
4153,,after_candidate_limit,,2964,118,14,118,5,1.5,3,4.5,3,15,0.5688679425837321,0.09222851580378498
4154,,after_candidate_limit,,3137,125,12,125,5,2.25,3,4.5,3,3,0.5688679425837321,0.09222851580378498
4155,,after_candidate_limit,,3138,125,13,125,5,2.25,3,4.5,3,8,0.5688679425837321,0.09222851580378498
4156,,after_candidate_limit,,3139,125,14,125,5,2.25,3,4.5,3,15,0.5688679425837321,0.09222851580378498
4157,,after_candidate_limit,,3313,132,13,132,5,3,3,4.5,3,8,0.5688679425837321,0.09222851580378498
4158,,after_candidate_limit,,3314,132,14,132,5,3,3,4.5,3,15,0.5688679425837321,0.09222851580378498
4159,,after_candidate_limit,,3488,139,13,139,5,4.5,3,4.5,3,8,0.5688679425837321,0.09222851580378498
4160,,after_candidate_limit,,3489,139,14,139,5,4.5,3,4.5,3,15,0.5688679425837321,0.09222851580378498
4161,,after_candidate_limit,,3495,139,20,139,5,4.5,3,4.5,20,1,0.5650535885167464,0.14764175942217725
4162,,after_candidate_limit,,3496,139,21,139,5,4.5,3,4.5,20,2,0.5650468899521531,0.14697020605532685
4163,,after_candidate_limit,,3497,139,22,139,5,4.5,3,4.5,20,3,0.5650191387559809,0.14620553754465515
4164,,after_candidate_limit,,3320,132,20,132,5,3,3,4.5,20,1,0.5650114832535885,0.14642906844527595
4165,,after_candidate_limit,,3321,132,21,132,5,3,3,4.5,20,2,0.5650066985645933,0.14548587609318991
4166,,after_candidate_limit,,3145,125,20,125,5,2.25,3,4.5,20,1,0.564911961722488,0.14569747227770286
4167,,after_candidate_limit,,2970,118,20,118,5,1.5,3,4.5,20,1,0.5648708133971292,0.14194813074906637
4168,,after_candidate_limit,,3322,132,22,132,5,3,3,4.5,20,3,0.5648497607655503,0.14169689029486168
4169,,after_candidate_limit,,3146,125,21,125,5,2.25,3,4.5,20,2,0.564845933014354,0.14063297088094226
4170,,after_candidate_limit,,3490,139,15,139,5,4.5,3,4.5,6,1,0.5648430622009569,0.12557455859635883
4171,,after_candidate_limit,,3491,139,16,139,5,4.5,3,4.5,6,2,0.5648296650717703,0.12378586874869332
4172,,after_candidate_limit,,3315,132,15,132,5,3,3,4.5,6,1,0.564821052631579,0.12481860147058782
4173,,after_candidate_limit,,2971,118,21,118,5,1.5,3,4.5,20,2,0.5647023923444976,0.13710789437179227
4174,,after_candidate_limit,,2965,118,15,118,5,1.5,3,4.5,6,1,0.5646861244019139,0.12172216104452621
4175,,after_candidate_limit,,3316,132,16,132,5,3,3,4.5,6,2,0.5646851674641148,0.12169001569162613
4176,,after_candidate_limit,,3140,125,15,125,5,2.25,3,4.5,6,1,0.5646842105263158,0.12227842332832317
4177,,after_candidate_limit,,3317,132,17,132,5,3,3,4.5,6,3,0.5646832535885168,0.12154557124718168
4178,,after_candidate_limit,,3492,139,17,139,5,4.5,3,4.5,6,3,0.5646832535885168,0.12154557124718168
4179,,after_candidate_limit,,3147,125,22,125,5,2.25,3,4.5,20,3,0.5645607655502393,0.13441665787843454
4180,,after_candidate_limit,,2972,118,22,118,5,1.5,3,4.5,20,3,0.5645578947368421,0.13272372858550524
4181,,after_candidate_limit,,2973,118,23,118,5,1.5,3,4.5,20,8,0.5645578947368421,0.13272372858550524
4182,,after_candidate_limit,,2974,118,24,118,5,1.5,3,4.5,20,15,0.5645578947368421,0.13272372858550524
4183,,after_candidate_limit,,3148,125,23,125,5,2.25,3,4.5,20,8,0.5645578947368421,0.13272372858550524
4184,,after_candidate_limit,,3149,125,24,125,5,2.25,3,4.5,20,15,0.5645578947368421,0.13272372858550524
4185,,after_candidate_limit,,3323,132,23,132,5,3,3,4.5,20,8,0.5645578947368421,0.13272372858550524
4186,,after_candidate_limit,,3324,132,24,132,5,3,3,4.5,20,15,0.5645578947368421,0.13272372858550524
4187,,after_candidate_limit,,3498,139,23,139,5,4.5,3,4.5,20,8,0.5645578947368421,0.13272372858550524
4188,,after_candidate_limit,,3499,139,24,139,5,4.5,3,4.5,20,15,0.5645578947368421,0.13272372858550524
4189,,after_candidate_limit,,3141,125,16,125,5,2.25,3,4.5,6,2,0.5645397129186603,0.11973028637179542
4190,,after_candidate_limit,,2966,118,16,118,5,1.5,3,4.5,6,2,0.5643961722488038,0.11804370205264547
4191,,after_candidate_limit,,2967,118,17,118,5,1.5,3,4.5,6,3,0.5643961722488038,0.11804370205264547
4192,,after_candidate_limit,,2968,118,18,118,5,1.5,3,4.5,6,8,0.5643961722488038,0.11804370205264547
4193,,after_candidate_limit,,2969,118,19,118,5,1.5,3,4.5,6,15,0.5643961722488038,0.11804370205264547
4194,,after_candidate_limit,,3142,125,17,125,5,2.25,3,4.5,6,3,0.5643961722488038,0.11804370205264547
4195,,after_candidate_limit,,3143,125,18,125,5,2.25,3,4.5,6,8,0.5643961722488038,0.11804370205264547
4196,,after_candidate_limit,,3144,125,19,125,5,2.25,3,4.5,6,15,0.5643961722488038,0.11804370205264547
4197,,after_candidate_limit,,3318,132,18,132,5,3,3,4.5,6,8,0.5643961722488038,0.11804370205264547
4198,,after_candidate_limit,,3319,132,19,132,5,3,3,4.5,6,15,0.5643961722488038,0.11804370205264547
4199,,after_candidate_limit,,3493,139,18,139,5,4.5,3,4.5,6,8,0.5643961722488038,0.11804370205264547
4200,,after_candidate_limit,,3494,139,19,139,5,4.5,3,4.5,6,15,0.5643961722488038,0.11804370205264547
