ranked_position,selected_rank,disposition,representative_system_id,regime_idx,param_idx,mn_idx,geometry_idx,d_pos,d_neg,steepness_pos,steepness_neg,M,N,roc_auc,pr_auc
1,1,selected,mono_q_full_pn__roc__regime_2625,2625,105,0,105,15,9,0.5,0.75,1,1,0.9643263157894737,0.5828805575799831
2,,duplicate_biological_key,mono_q_full_pn__roc__regime_2625,2650,106,0,106,15,9,0.5,1.38,1,1,0.964266985645933,0.5801431814966057
3,,duplicate_biological_key,mono_q_full_pn__roc__regime_2625,2675,107,0,107,15,9,0.5,2,1,1,0.9642066985645933,0.5790070361198388
4,2,selected,mono_q_full_pn__roc__regime_2450,2450,98,0,98,15,6.75,0.5,0.75,1,1,0.9633808612440191,0.5726692747315837
5,,duplicate_biological_key,mono_q_full_pn__roc__regime_2450,2475,99,0,99,15,6.75,0.5,1.38,1,1,0.9632258373205742,0.5700715345944432
6,,duplicate_biological_key,mono_q_full_pn__roc__regime_2450,2500,100,0,100,15,6.75,0.5,2,1,1,0.963131100478469,0.5697805660435309
7,3,selected,mono_q_full_pn__roc__regime_2676,2676,107,1,107,15,9,0.5,2,1,2,0.9627875598086124,0.5548371039517105
8,,duplicate_biological_key,mono_q_full_pn__roc__regime_2676,2651,106,1,106,15,9,0.5,1.38,1,2,0.9627502392344498,0.5538450276066258
9,,duplicate_biological_key,mono_q_full_pn__roc__regime_2676,2626,105,1,105,15,9,0.5,0.75,1,2,0.9626736842105263,0.5517086289978345
10,4,selected,mono_q_full_pn__roc__regime_2275,2275,91,0,91,15,4.5,0.5,0.75,1,1,0.9622842105263157,0.551920303315668
11,,duplicate_biological_key,mono_q_full_pn__roc__regime_2275,2300,92,0,92,15,4.5,0.5,1.38,1,1,0.9620019138755981,0.5446268681170936
12,,duplicate_biological_key,mono_q_full_pn__roc__regime_2275,2325,93,0,93,15,4.5,0.5,2,1,1,0.9619205741626794,0.5432374588554686
13,5,selected,mono_q_full_pn__roc__regime_2677,2677,107,2,107,15,9,0.5,2,1,3,0.9618435406698564,0.5423940442214277
14,,duplicate_biological_key,mono_q_full_pn__roc__regime_2677,2627,105,2,105,15,9,0.5,0.75,1,3,0.9618177033492823,0.5400377447213425
15,,duplicate_biological_key,mono_q_full_pn__roc__regime_2677,2652,106,2,106,15,9,0.5,1.38,1,3,0.9617779904306221,0.5412893240088601
16,6,selected,mono_q_full_pn__roc__regime_2476,2476,99,1,99,15,6.75,0.5,1.38,1,2,0.9616153110047847,0.5346197907057952
17,,duplicate_biological_key,mono_q_full_pn__roc__regime_2476,2501,100,1,100,15,6.75,0.5,2,1,2,0.961588995215311,0.533849494523
18,,duplicate_biological_key,mono_q_full_pn__roc__regime_2625,2725,109,0,109,15,9,1.33,3.67,1,1,0.9615827751196172,0.5690494314140451
19,,duplicate_biological_key,mono_q_full_pn__roc__regime_2476,2451,98,1,98,15,6.75,0.5,0.75,1,2,0.9615765550239235,0.5354849318897406
20,,duplicate_biological_key,mono_q_full_pn__roc__regime_2625,2700,108,0,108,15,9,1.33,2,1,1,0.9615607655502393,0.5694643775362628
21,7,selected,mono_q_full_pn__roc__regime_2128,2128,85,3,85,15,13.5,0.5,1.38,1,8,0.9614320574162679,0.5300585591078487
22,,duplicate_biological_key,mono_q_full_pn__roc__regime_2128,2103,84,3,84,15,13.5,0.5,0.75,1,8,0.9613454545454545,0.5286947202462552
23,,duplicate_biological_key,mono_q_full_pn__roc__regime_2128,2153,86,3,86,15,13.5,0.5,2,1,8,0.9613373205741627,0.5292698738190885
24,8,selected,mono_q_full_pn__roc__regime_2104,2104,84,4,84,15,13.5,0.5,0.75,1,15,0.961255023923445,0.5279126810570952
25,,duplicate_biological_key,mono_q_full_pn__roc__regime_2104,2154,86,4,86,15,13.5,0.5,2,1,15,0.9612244019138756,0.5270343635434747
26,9,selected,mono_q_full_pn__roc__regime_1925,1925,77,0,77,13.89,8.33,0.5,0.75,1,1,0.961222009569378,0.5603637475606901
27,,duplicate_biological_key,mono_q_full_pn__roc__regime_2104,2129,85,4,85,15,13.5,0.5,1.38,1,15,0.9612167464114832,0.5267174625809355
28,,duplicate_biological_key,mono_q_full_pn__roc__regime_1925,1950,78,0,78,13.89,8.33,0.5,1.38,1,1,0.9611808612440191,0.558139827412287
29,,duplicate_biological_key,mono_q_full_pn__roc__regime_1925,1975,79,0,79,13.89,8.33,0.5,2,1,1,0.9611684210526316,0.5577745843334836
30,10,selected,mono_q_full_pn__roc__regime_2326,2326,93,1,93,15,4.5,0.5,2,1,2,0.9610732057416268,0.5274637079579725
31,11,selected,mono_q_full_pn__roc__regime_2452,2452,98,2,98,15,6.75,0.5,0.75,1,3,0.9610454545454545,0.5263986722477778
32,,duplicate_biological_key,mono_q_full_pn__roc__regime_2326,2301,92,1,92,15,4.5,0.5,1.38,1,2,0.9610387559808612,0.527278909390925
33,,duplicate_biological_key,mono_q_full_pn__roc__regime_2452,2502,100,2,100,15,6.75,0.5,2,1,3,0.9610234449760765,0.5268429437773848
34,,duplicate_biological_key,mono_q_full_pn__roc__regime_2452,2477,99,2,99,15,6.75,0.5,1.38,1,3,0.9610162679425838,0.5266173215276932
35,,duplicate_biological_key,mono_q_full_pn__roc__regime_2326,2276,91,1,91,15,4.5,0.5,0.75,1,2,0.9610148325358852,0.5274300951527109
36,,duplicate_biological_key,mono_q_full_pn__roc__regime_2625,2750,110,0,110,15,9,2.17,3.25,1,1,0.9609933014354067,0.5675833472458097
37,12,selected,mono_q_full_pn__roc__regime_2277,2277,91,2,91,15,4.5,0.5,0.75,1,3,0.9607277511961723,0.5214817775715165
38,,duplicate_biological_key,mono_q_full_pn__roc__regime_2277,2302,92,2,92,15,4.5,0.5,1.38,1,3,0.9607066985645933,0.5213436796175167
39,,duplicate_biological_key,mono_q_full_pn__roc__regime_2277,2327,93,2,93,15,4.5,0.5,2,1,3,0.9606952153110048,0.5214049901096873
40,,duplicate_biological_key,mono_q_full_pn__roc__regime_2625,2775,111,0,111,15,9,3,4.5,1,1,0.9606574162679425,0.5665955486294123
41,,duplicate_biological_key,mono_q_full_pn__roc__regime_2450,2550,102,0,102,15,6.75,1.33,3.67,1,1,0.960644019138756,0.5617297489755243
42,,duplicate_biological_key,mono_q_full_pn__roc__regime_2450,2525,101,0,101,15,6.75,1.33,2,1,1,0.9606086124401914,0.5605626785998845
43,13,selected,mono_q_full_pn__roc__regime_2278,2278,91,3,91,15,4.5,0.5,0.75,1,8,0.9605411483253589,0.513875719656137
44,14,selected,mono_q_full_pn__roc__regime_2279,2279,91,4,91,15,4.5,0.5,0.75,1,15,0.9605411483253589,0.513875719656137
45,,duplicate_biological_key,mono_q_full_pn__roc__regime_2278,2303,92,3,92,15,4.5,0.5,1.38,1,8,0.9605411483253589,0.513875719656137
46,,duplicate_biological_key,mono_q_full_pn__roc__regime_2279,2304,92,4,92,15,4.5,0.5,1.38,1,15,0.9605411483253589,0.513875719656137
47,,duplicate_biological_key,mono_q_full_pn__roc__regime_2278,2328,93,3,93,15,4.5,0.5,2,1,8,0.9605411483253589,0.513875719656137
48,,duplicate_biological_key,mono_q_full_pn__roc__regime_2279,2329,93,4,93,15,4.5,0.5,2,1,15,0.9605411483253589,0.513875719656137
49,15,selected,mono_q_full_pn__roc__regime_2453,2453,98,3,98,15,6.75,0.5,0.75,1,8,0.9605411483253589,0.513875719656137
50,16,selected,mono_q_full_pn__roc__regime_2454,2454,98,4,98,15,6.75,0.5,0.75,1,15,0.9605411483253589,0.513875719656137
51,,duplicate_biological_key,mono_q_full_pn__roc__regime_2453,2478,99,3,99,15,6.75,0.5,1.38,1,8,0.9605411483253589,0.513875719656137
52,,duplicate_biological_key,mono_q_full_pn__roc__regime_2454,2479,99,4,99,15,6.75,0.5,1.38,1,15,0.9605411483253589,0.513875719656137
53,,duplicate_biological_key,mono_q_full_pn__roc__regime_2453,2503,100,3,100,15,6.75,0.5,2,1,8,0.9605411483253589,0.513875719656137
54,,duplicate_biological_key,mono_q_full_pn__roc__regime_2454,2504,100,4,100,15,6.75,0.5,2,1,15,0.9605411483253589,0.513875719656137
55,17,selected,mono_q_full_pn__roc__regime_2629,2629,105,4,105,15,9,0.5,0.75,1,15,0.9605411483253589,0.513875719656137
56,,duplicate_biological_key,mono_q_full_pn__roc__regime_2629,2654,106,4,106,15,9,0.5,1.38,1,15,0.9605411483253589,0.513875719656137
57,,duplicate_biological_key,mono_q_full_pn__roc__regime_2629,2679,107,4,107,15,9,0.5,2,1,15,0.9605411483253589,0.513875719656137
58,18,selected,mono_q_full_pn__roc__regime_2653,2653,106,3,106,15,9,0.5,1.38,1,8,0.9604325358851674,0.5128095567700179
59,,duplicate_biological_key,mono_q_full_pn__roc__regime_2653,2628,105,3,105,15,9,0.5,0.75,1,8,0.9604239234449761,0.5132352521639358
60,,duplicate_biological_key,mono_q_full_pn__roc__regime_2653,2678,107,3,107,15,9,0.5,2,1,8,0.9604191387559808,0.5125340802984358
61,,duplicate_biological_key,mono_q_full_pn__roc__regime_2676,2726,109,1,109,15,9,1.33,3.67,1,2,0.9603736842105263,0.5478166144437998
62,,duplicate_biological_key,mono_q_full_pn__roc__regime_2676,2701,108,1,108,15,9,1.33,2,1,2,0.9602717703349283,0.5462490416986847
63,19,selected,mono_q_full_pn__roc__regime_1750,1750,70,0,70,13.89,6.25,0.5,0.75,1,1,0.9600832535885168,0.5485070849349206
64,,duplicate_biological_key,mono_q_full_pn__roc__regime_2450,2575,103,0,103,15,6.75,2.17,3.25,1,1,0.9600631578947368,0.5609941483987977
65,,duplicate_biological_key,mono_q_full_pn__roc__regime_1750,1775,71,0,71,13.89,6.25,0.5,1.38,1,1,0.9599215311004785,0.5418054297415786
66,,duplicate_biological_key,mono_q_full_pn__roc__regime_1750,1800,72,0,72,13.89,6.25,0.5,2,1,1,0.9599114832535885,0.5395674019441129
67,,duplicate_biological_key,mono_q_full_pn__roc__regime_2676,2751,110,1,110,15,9,2.17,3.25,1,2,0.9598177033492823,0.5473738108381054
68,,duplicate_biological_key,mono_q_full_pn__roc__regime_2450,2600,104,0,104,15,6.75,3,4.5,1,1,0.9597822966507177,0.5606450438993046
69,,duplicate_biological_key,mono_q_full_pn__roc__regime_2677,2727,109,2,109,15,9,1.33,3.67,1,3,0.9595282296650718,0.5368483789094906
70,,duplicate_biological_key,mono_q_full_pn__roc__regime_2676,2776,111,1,111,15,9,3,4.5,1,2,0.9595124401913876,0.5467653699134368
71,,duplicate_biological_key,mono_q_full_pn__roc__regime_2677,2702,108,2,108,15,9,1.33,2,1,3,0.9594344497607655,0.5350596913628184
72,,duplicate_biological_key,mono_q_full_pn__roc__regime_2275,2350,94,0,94,15,4.5,1.33,2,1,1,0.9594186602870813,0.5346223950274267
73,,duplicate_biological_key,mono_q_full_pn__roc__regime_2275,2375,95,0,95,15,4.5,1.33,3.67,1,1,0.9593401913875598,0.5315083229672569
74,20,selected,mono_q_full_pn__roc__regime_1976,1976,79,1,79,13.89,8.33,0.5,2,1,2,0.9593114832535885,0.5306626347377751
75,,after_candidate_limit,,1926,77,1,77,13.89,8.33,0.5,0.75,1,2,0.9593043062200957,0.5307701880023057
76,,after_candidate_limit,,1951,78,1,78,13.89,8.33,0.5,1.38,1,2,0.9592746411483254,0.5309290586008933
77,,after_candidate_limit,,2526,101,1,101,15,6.75,1.33,2,1,2,0.9591234449760766,0.5256927621280706
78,,after_candidate_limit,,2551,102,1,102,15,6.75,1.33,3.67,1,2,0.9590966507177033,0.5242158789963487
79,,after_candidate_limit,,1575,63,0,63,13.89,4.17,0.5,0.75,1,1,0.9590851674641149,0.5292391779737312
80,,after_candidate_limit,,2752,110,2,110,15,9,2.17,3.25,1,3,0.9589818181818182,0.536261981929475
81,,after_candidate_limit,,2178,87,3,87,15,13.5,1.33,2,1,8,0.9589105263157894,0.5211532033295141
82,,after_candidate_limit,,2204,88,4,88,15,13.5,1.33,3.67,1,15,0.9588684210526316,0.5208729794372101
83,,after_candidate_limit,,2179,87,4,87,15,13.5,1.33,2,1,15,0.9588153110047847,0.5190406937465705
84,,after_candidate_limit,,1600,64,0,64,13.89,4.17,0.5,1.38,1,1,0.9588105263157894,0.523650267007333
85,,after_candidate_limit,,2400,96,0,96,15,4.5,2.17,3.25,1,1,0.9587803827751196,0.5314106422803523
86,,after_candidate_limit,,1625,65,0,65,13.89,4.17,0.5,2,1,1,0.9587674641148325,0.5221251245130559
87,,after_candidate_limit,,2777,111,2,111,15,9,3,4.5,1,3,0.9587306220095694,0.5366867998434786
88,,after_candidate_limit,,2376,95,1,95,15,4.5,1.33,3.67,1,2,0.9586861244019139,0.5199304685332902
89,,after_candidate_limit,,2102,84,2,84,15,13.5,0.5,0.75,1,3,0.9586794258373206,0.5438068909831402
90,,after_candidate_limit,,2351,94,1,94,15,4.5,1.33,2,1,2,0.9586526315789474,0.5196456011835673
91,,after_candidate_limit,,2552,102,2,102,15,6.75,1.33,3.67,1,3,0.9586344497607655,0.5189473870185841
92,,after_candidate_limit,,2203,88,3,88,15,13.5,1.33,3.67,1,8,0.958633014354067,0.5196543131287367
93,,after_candidate_limit,,2527,101,2,101,15,6.75,1.33,2,1,3,0.9586267942583732,0.5195031772123971
94,,after_candidate_limit,,2576,103,1,103,15,6.75,2.17,3.25,1,2,0.9585851674641148,0.5242886157301321
95,,after_candidate_limit,,2425,97,0,97,15,4.5,3,4.5,1,1,0.9584870813397129,0.5303633605422329
96,,after_candidate_limit,,1403,56,3,56,13.89,12.5,0.5,0.75,1,8,0.9584263157894737,0.5136215453797298
97,,after_candidate_limit,,1751,70,1,70,13.89,6.25,0.5,0.75,1,2,0.9584129186602871,0.514650680475795
98,,after_candidate_limit,,1801,72,1,72,13.89,6.25,0.5,2,1,2,0.9584076555023924,0.5133708528919864
99,,after_candidate_limit,,1427,57,2,57,13.89,12.5,0.5,1.38,1,3,0.9583894736842106,0.5191328335085874
100,,after_candidate_limit,,1776,71,1,71,13.89,6.25,0.5,1.38,1,2,0.9583856459330143,0.5136865879877082
101,,after_candidate_limit,,1402,56,2,56,13.89,12.5,0.5,0.75,1,3,0.9583473684210526,0.5177209965113232
102,,after_candidate_limit,,2127,85,2,85,15,13.5,0.5,1.38,1,3,0.9583387559808613,0.5427249448251653
103,,after_candidate_limit,,2229,89,4,89,15,13.5,2.17,3.25,1,15,0.9583267942583732,0.5201693814767553
104,,after_candidate_limit,,1452,58,2,58,13.89,12.5,0.5,2,1,3,0.9583177033492823,0.5218002652442093
105,,after_candidate_limit,,1428,57,3,57,13.89,12.5,0.5,1.38,1,8,0.9583143540669856,0.5112122838205231
106,,after_candidate_limit,,2377,95,2,95,15,4.5,1.33,3.67,1,3,0.9583081339712919,0.5142838463614892
107,,after_candidate_limit,,2352,94,2,94,15,4.5,1.33,2,1,3,0.9582909090909091,0.5138286570163573
108,,after_candidate_limit,,2601,104,1,104,15,6.75,3,4.5,1,2,0.9582842105263157,0.523780402282021
109,,after_candidate_limit,,1927,77,2,77,13.89,8.33,0.5,0.75,1,3,0.958267942583732,0.5148904701302279
110,,after_candidate_limit,,1453,58,3,58,13.89,12.5,0.5,2,1,8,0.9582377990430622,0.5098054834893141
111,,after_candidate_limit,,1977,79,2,79,13.89,8.33,0.5,2,1,3,0.9582358851674642,0.514288548987245
112,,after_candidate_limit,,1952,78,2,78,13.89,8.33,0.5,1.38,1,3,0.9582076555023924,0.5136257895723728
113,,after_candidate_limit,,2401,96,1,96,15,4.5,2.17,3.25,1,2,0.9581684210526316,0.5196757880458442
114,,after_candidate_limit,,2228,89,3,89,15,13.5,2.17,3.25,1,8,0.958154066985646,0.5191394851488936
115,,after_candidate_limit,,2729,109,4,109,15,9,1.33,3.67,1,15,0.9581301435406698,0.5061242087389577
116,,after_candidate_limit,,2353,94,3,94,15,4.5,1.33,2,1,8,0.9581291866028708,0.5061230766354723
117,,after_candidate_limit,,2354,94,4,94,15,4.5,1.33,2,1,15,0.9581291866028708,0.5061230766354723
118,,after_candidate_limit,,2378,95,3,95,15,4.5,1.33,3.67,1,8,0.9581291866028708,0.5061230766354723
119,,after_candidate_limit,,2379,95,4,95,15,4.5,1.33,3.67,1,15,0.9581291866028708,0.5061230766354723
120,,after_candidate_limit,,2528,101,3,101,15,6.75,1.33,2,1,8,0.9581291866028708,0.5061230766354723
121,,after_candidate_limit,,2529,101,4,101,15,6.75,1.33,2,1,15,0.9581291866028708,0.5061230766354723
122,,after_candidate_limit,,2553,102,3,102,15,6.75,1.33,3.67,1,8,0.9581291866028708,0.5061230766354723
123,,after_candidate_limit,,2554,102,4,102,15,6.75,1.33,3.67,1,15,0.9581291866028708,0.5061230766354723
124,,after_candidate_limit,,2704,108,4,108,15,9,1.33,2,1,15,0.9581291866028708,0.5061230766354723
125,,after_candidate_limit,,2577,103,2,103,15,6.75,2.17,3.25,1,3,0.9581081339712919,0.5186786330642442
126,,after_candidate_limit,,1426,57,1,57,13.89,12.5,0.5,1.38,1,2,0.9580612440191387,0.5326887430649464
127,,after_candidate_limit,,2254,90,4,90,15,13.5,3,4.5,1,15,0.958044019138756,0.5208512531719979
128,,after_candidate_limit,,2703,108,3,108,15,9,1.33,2,1,8,0.9580244019138756,0.5049210579996021
129,,after_candidate_limit,,2728,109,3,109,15,9,1.33,3.67,1,8,0.9580244019138756,0.5049210579996021
130,,after_candidate_limit,,1401,56,1,56,13.89,12.5,0.5,0.75,1,2,0.958,0.5344556588154651
131,,after_candidate_limit,,1626,65,1,65,13.89,4.17,0.5,2,1,2,0.9579942583732057,0.5084764353119123
132,,after_candidate_limit,,1601,64,1,64,13.89,4.17,0.5,1.38,1,2,0.9579679425837321,0.5081389918850365
133,,after_candidate_limit,,1576,63,1,63,13.89,4.17,0.5,0.75,1,2,0.9579435406698564,0.5082873491894442
134,,after_candidate_limit,,2426,97,1,97,15,4.5,3,4.5,1,2,0.9578818181818182,0.5197210216503643
135,,after_candidate_limit,,1752,70,2,70,13.89,6.25,0.5,0.75,1,3,0.9578435406698564,0.5069614933857479
136,,after_candidate_limit,,1802,72,2,72,13.89,6.25,0.5,2,1,3,0.9578373205741627,0.5068411697093529
137,,after_candidate_limit,,1777,71,2,71,13.89,6.25,0.5,1.38,1,3,0.9578258373205741,0.5068956198311411
138,,after_candidate_limit,,2152,86,2,86,15,13.5,0.5,2,1,3,0.9578172248803828,0.5404849385928926
139,,after_candidate_limit,,1451,58,1,58,13.89,12.5,0.5,2,1,2,0.9578066985645933,0.5304419267667093
140,,after_candidate_limit,,2602,104,2,104,15,6.75,3,4.5,1,3,0.9578047846889952,0.5183397139694019
141,,after_candidate_limit,,2402,96,2,96,15,4.5,2.17,3.25,1,3,0.9577799043062201,0.5139496811878383
142,,after_candidate_limit,,1454,58,4,58,13.89,12.5,0.5,2,1,15,0.9577416267942583,0.502171551861921
143,,after_candidate_limit,,2253,90,3,90,15,13.5,3,4.5,1,8,0.9577416267942583,0.519169194341518
144,,after_candidate_limit,,1404,56,4,56,13.89,12.5,0.5,0.75,1,15,0.957723923444976,0.50225692234515
145,,after_candidate_limit,,1429,57,4,57,13.89,12.5,0.5,1.38,1,15,0.9577124401913876,0.5020178476328911
146,,after_candidate_limit,,1577,63,2,63,13.89,4.17,0.5,0.75,1,3,0.9576263157894737,0.5026539851650579
147,,after_candidate_limit,,1627,65,2,65,13.89,4.17,0.5,2,1,3,0.9576105263157895,0.5026483536905881
148,,after_candidate_limit,,1602,64,2,64,13.89,4.17,0.5,1.38,1,3,0.9576057416267942,0.5025041753899555
149,,after_candidate_limit,,2403,96,3,96,15,4.5,2.17,3.25,1,8,0.957600956937799,0.5057497448153911
150,,after_candidate_limit,,2404,96,4,96,15,4.5,2.17,3.25,1,15,0.957600956937799,0.5057497448153911
151,,after_candidate_limit,,2578,103,3,103,15,6.75,2.17,3.25,1,8,0.957600956937799,0.5057497448153911
152,,after_candidate_limit,,2579,103,4,103,15,6.75,2.17,3.25,1,15,0.957600956937799,0.5057497448153911
153,,after_candidate_limit,,2754,110,4,110,15,9,2.17,3.25,1,15,0.957600956937799,0.5057497448153911
154,,after_candidate_limit,,2753,110,3,110,15,9,2.17,3.25,1,8,0.9575076555023924,0.5046532263393531
155,,after_candidate_limit,,1953,78,3,78,13.89,8.33,0.5,1.38,1,8,0.9574961722488038,0.49654511818191843
156,,after_candidate_limit,,1978,79,3,79,13.89,8.33,0.5,2,1,8,0.9574961722488038,0.49654511818191843
157,,after_candidate_limit,,1578,63,3,63,13.89,4.17,0.5,0.75,1,8,0.9574923444976077,0.4957411617359726
158,,after_candidate_limit,,1579,63,4,63,13.89,4.17,0.5,0.75,1,15,0.9574923444976077,0.4957411617359726
159,,after_candidate_limit,,1603,64,3,64,13.89,4.17,0.5,1.38,1,8,0.9574923444976077,0.4957411617359726
160,,after_candidate_limit,,1604,64,4,64,13.89,4.17,0.5,1.38,1,15,0.9574923444976077,0.4957411617359726
161,,after_candidate_limit,,1628,65,3,65,13.89,4.17,0.5,2,1,8,0.9574923444976077,0.4957411617359726
162,,after_candidate_limit,,1629,65,4,65,13.89,4.17,0.5,2,1,15,0.9574923444976077,0.4957411617359726
163,,after_candidate_limit,,1753,70,3,70,13.89,6.25,0.5,0.75,1,8,0.9574923444976077,0.4957411617359726
164,,after_candidate_limit,,1754,70,4,70,13.89,6.25,0.5,0.75,1,15,0.9574923444976077,0.4957411617359726
165,,after_candidate_limit,,1778,71,3,71,13.89,6.25,0.5,1.38,1,8,0.9574923444976077,0.4957411617359726
166,,after_candidate_limit,,1779,71,4,71,13.89,6.25,0.5,1.38,1,15,0.9574923444976077,0.4957411617359726
167,,after_candidate_limit,,1803,72,3,72,13.89,6.25,0.5,2,1,8,0.9574923444976077,0.4957411617359726
168,,after_candidate_limit,,1804,72,4,72,13.89,6.25,0.5,2,1,15,0.9574923444976077,0.4957411617359726
169,,after_candidate_limit,,1929,77,4,77,13.89,8.33,0.5,0.75,1,15,0.9574923444976077,0.4957411617359726
170,,after_candidate_limit,,1954,78,4,78,13.89,8.33,0.5,1.38,1,15,0.9574923444976077,0.4957411617359726
171,,after_candidate_limit,,1979,79,4,79,13.89,8.33,0.5,2,1,15,0.9574923444976077,0.4957411617359726
172,,after_candidate_limit,,1928,77,3,77,13.89,8.33,0.5,0.75,1,8,0.9574885167464114,0.4960051125893515
173,,after_candidate_limit,,2427,97,2,97,15,4.5,3,4.5,1,3,0.9574736842105264,0.5138614541100441
174,,after_candidate_limit,,2428,97,3,97,15,4.5,3,4.5,1,8,0.9572918660287081,0.5055799250744947
175,,after_candidate_limit,,2429,97,4,97,15,4.5,3,4.5,1,15,0.9572918660287081,0.5055799250744947
176,,after_candidate_limit,,2603,104,3,104,15,6.75,3,4.5,1,8,0.9572918660287081,0.5055799250744947
177,,after_candidate_limit,,2604,104,4,104,15,6.75,3,4.5,1,15,0.9572918660287081,0.5055799250744947
178,,after_candidate_limit,,2779,111,4,111,15,9,3,4.5,1,15,0.9572918660287081,0.5055799250744947
179,,after_candidate_limit,,2778,111,3,111,15,9,3,4.5,1,8,0.9572043062200957,0.5047428375202615
180,,after_candidate_limit,,1400,56,0,56,13.89,12.5,0.5,0.75,1,1,0.9571425837320574,0.5520759327430431
181,,after_candidate_limit,,2101,84,1,84,15,13.5,0.5,0.75,1,2,0.9568334928229665,0.560426737699055
182,,after_candidate_limit,,700,28,0,28,12.78,11.5,0.5,0.75,1,1,0.9568162679425838,0.5253593289182735
183,,after_candidate_limit,,1225,49,0,49,12.78,7.67,0.5,0.75,1,1,0.9567885167464115,0.5410985810885588
184,,after_candidate_limit,,1275,51,0,51,12.78,7.67,0.5,2,1,1,0.9567626794258374,0.5379360475363073
185,,after_candidate_limit,,1250,50,0,50,12.78,7.67,0.5,1.38,1,1,0.9566708133971292,0.5378072667322475
186,,after_candidate_limit,,1425,57,0,57,13.89,12.5,0.5,1.38,1,1,0.9565311004784689,0.539333145279849
187,,after_candidate_limit,,2126,85,1,85,15,13.5,0.5,1.38,1,2,0.9563617224880383,0.5508338382072923
188,,after_candidate_limit,,725,29,0,29,12.78,11.5,0.5,1.38,1,1,0.9562698564593302,0.5167193496116329
189,,after_candidate_limit,,2151,86,1,86,15,13.5,0.5,2,1,2,0.9560784688995215,0.54954684402756
190,,after_candidate_limit,,2025,81,0,81,13.89,8.33,1.33,3.67,1,1,0.9560047846889952,0.5463388072169061
191,,after_candidate_limit,,2000,80,0,80,13.89,8.33,1.33,2,1,1,0.9559904306220096,0.5446168727880265
192,,after_candidate_limit,,701,28,1,28,12.78,11.5,0.5,0.75,1,2,0.9559502392344498,0.5061024534164427
193,,after_candidate_limit,,750,30,0,30,12.78,11.5,0.5,2,1,1,0.9559454545454545,0.5132376504118653
194,,after_candidate_limit,,1450,58,0,58,13.89,12.5,0.5,2,1,1,0.9559234449760765,0.534309556624135
195,,after_candidate_limit,,726,29,1,29,12.78,11.5,0.5,1.38,1,2,0.9558095693779904,0.5089119785083718
196,,after_candidate_limit,,1050,42,0,42,12.78,5.75,0.5,0.75,1,1,0.9557282296650718,0.5267502760359657
197,,after_candidate_limit,,2100,84,0,84,15,13.5,0.5,0.75,1,1,0.9556593301435407,0.5705885259691241
198,,after_candidate_limit,,751,30,1,30,12.78,11.5,0.5,2,1,2,0.9556334928229665,0.5079546305664109
199,,after_candidate_limit,,2630,105,5,105,15,9,0.5,0.75,2,1,0.9556181818181818,0.5532692279591762
200,,after_candidate_limit,,1075,43,0,43,12.78,5.75,0.5,1.38,1,1,0.9555808612440191,0.5179317822052922
201,,after_candidate_limit,,1100,44,0,44,12.78,5.75,0.5,2,1,1,0.955577990430622,0.5152261865410772
202,,after_candidate_limit,,2655,106,5,106,15,9,0.5,1.38,2,1,0.9555129186602871,0.5493898921585186
203,,after_candidate_limit,,2177,87,2,87,15,13.5,1.33,2,1,3,0.9554899521531101,0.5278011482593248
204,,after_candidate_limit,,2680,107,5,107,15,9,0.5,2,2,1,0.9554555023923444,0.5481215815676131
205,,after_candidate_limit,,702,28,2,28,12.78,11.5,0.5,0.75,1,3,0.9552133971291866,0.5009565285455282
206,,after_candidate_limit,,2125,85,0,85,15,13.5,0.5,1.38,1,1,0.9551866028708134,0.5650060641429355
207,,after_candidate_limit,,727,29,2,29,12.78,11.5,0.5,1.38,1,3,0.9550373205741627,0.503059964965521
208,,after_candidate_limit,,752,30,2,30,12.78,11.5,0.5,2,1,3,0.9549827751196173,0.5027858987193368
209,,after_candidate_limit,,2202,88,2,88,15,13.5,1.33,3.67,1,3,0.954912918660287,0.5248132570418239
210,,after_candidate_limit,,1825,73,0,73,13.89,6.25,1.33,2,1,1,0.9548454545454546,0.5276324780265339
211,,after_candidate_limit,,2150,86,0,86,15,13.5,0.5,2,1,1,0.9548392344497608,0.5608304685727838
212,,after_candidate_limit,,875,35,0,35,12.78,3.83,0.5,0.75,1,1,0.9548334928229665,0.5088528973208425
213,,after_candidate_limit,,2050,82,0,82,13.89,8.33,2.17,3.25,1,1,0.9548239234449761,0.5451968704923021
214,,after_candidate_limit,,1850,74,0,74,13.89,6.25,1.33,3.67,1,1,0.9548114832535886,0.5241287270517933
215,,after_candidate_limit,,1276,51,1,51,12.78,7.67,0.5,2,1,2,0.9547607655502393,0.5041258871731444
216,,after_candidate_limit,,2455,98,5,98,15,6.75,0.5,0.75,2,1,0.9547598086124401,0.5455904991512296
217,,after_candidate_limit,,2480,99,5,99,15,6.75,0.5,1.38,2,1,0.9547167464114833,0.5428226392305434
218,,after_candidate_limit,,1251,50,1,50,12.78,7.67,0.5,1.38,1,2,0.9547157894736842,0.5037259141837102
219,,after_candidate_limit,,1226,49,1,49,12.78,7.67,0.5,0.75,1,2,0.9546966507177034,0.5080284062873565
220,,after_candidate_limit,,2505,100,5,100,15,6.75,0.5,2,2,1,0.9546555023923445,0.5429855590698038
221,,after_candidate_limit,,900,36,0,36,12.78,3.83,0.5,1.38,1,1,0.9545789473684211,0.50344459238377
222,,after_candidate_limit,,925,37,0,37,12.78,3.83,0.5,2,1,1,0.9545751196172249,0.50195263634283
223,,after_candidate_limit,,2075,83,0,83,13.89,8.33,3,4.5,1,1,0.9545454545454546,0.5454220102807031
224,,after_candidate_limit,,2227,89,2,89,15,13.5,2.17,3.25,1,3,0.9544928229665072,0.5224957842280933
225,,after_candidate_limit,,2026,81,1,81,13.89,8.33,1.33,3.67,1,2,0.9543837320574162,0.5192802101736457
226,,after_candidate_limit,,2001,80,1,80,13.89,8.33,1.33,2,1,2,0.9543411483253589,0.5192557030861896
227,,after_candidate_limit,,1051,42,1,42,12.78,5.75,0.5,0.75,1,2,0.9541717703349283,0.49482547938343185
228,,after_candidate_limit,,1101,44,1,44,12.78,5.75,0.5,2,1,2,0.9541593301435407,0.4932754215725355
229,,after_candidate_limit,,1076,43,1,43,12.78,5.75,0.5,1.38,1,2,0.9541545454545455,0.49357772050598
230,,after_candidate_limit,,1252,50,2,50,12.78,7.67,0.5,1.38,1,3,0.9540875598086125,0.4904446124055541
231,,after_candidate_limit,,1277,51,2,51,12.78,7.67,0.5,2,1,3,0.9540775119617225,0.49097969568080474
232,,after_candidate_limit,,2681,107,6,107,15,9,0.5,2,2,2,0.954065071770335,0.5255683059238244
233,,after_candidate_limit,,2252,90,2,90,15,13.5,3,4.5,1,3,0.9540306220095693,0.5204811196033179
234,,after_candidate_limit,,2656,106,6,106,15,9,0.5,1.38,2,2,0.9540162679425838,0.5245486477506391
235,,after_candidate_limit,,1227,49,2,49,12.78,7.67,0.5,0.75,1,3,0.9540133971291866,0.49014283934470076
236,,after_candidate_limit,,2631,105,6,105,15,9,0.5,0.75,2,2,0.9539397129186603,0.5224743465454458
237,,after_candidate_limit,,2176,87,1,87,15,13.5,1.33,2,1,2,0.9539081339712918,0.5324321331085108
238,,after_candidate_limit,,926,37,1,37,12.78,3.83,0.5,2,1,2,0.953888038277512,0.4897967638861317
239,,after_candidate_limit,,901,36,1,36,12.78,3.83,0.5,1.38,1,2,0.9538535885167464,0.4893454569964924
240,,after_candidate_limit,,876,35,1,35,12.78,3.83,0.5,0.75,1,2,0.9538387559808612,0.48940429201285085
241,,after_candidate_limit,,1675,67,0,67,13.89,4.17,1.33,3.67,1,1,0.9538153110047847,0.5100668427769106
242,,after_candidate_limit,,703,28,3,28,12.78,11.5,0.5,0.75,1,8,0.9538124401913876,0.48649701741825296
243,,after_candidate_limit,,1650,66,0,66,13.89,4.17,1.33,2,1,1,0.9538028708133971,0.5111257441354022
244,,after_candidate_limit,,728,29,3,29,12.78,11.5,0.5,1.38,1,8,0.953777033492823,0.4857457840104161
245,,after_candidate_limit,,753,30,3,30,12.78,11.5,0.5,2,1,8,0.9537741626794258,0.48567174008660663
246,,after_candidate_limit,,1102,44,2,44,12.78,5.75,0.5,2,1,3,0.9537607655502393,0.4875484018437549
247,,after_candidate_limit,,1077,43,2,43,12.78,5.75,0.5,1.38,1,3,0.953755980861244,0.4874639077042712
248,,after_candidate_limit,,1052,42,2,42,12.78,5.75,0.5,0.75,1,3,0.9537392344497607,0.4875836182764314
249,,after_candidate_limit,,1875,75,0,75,13.89,6.25,2.17,3.25,1,1,0.953733014354067,0.5253189916696258
250,,after_candidate_limit,,2280,91,5,91,15,4.5,0.5,0.75,2,1,0.9536746411483253,0.5249217241411293
251,,after_candidate_limit,,877,35,2,35,12.78,3.83,0.5,0.75,1,3,0.9535751196172249,0.48457653144204205
252,,after_candidate_limit,,927,37,2,37,12.78,3.83,0.5,2,1,3,0.9535698564593301,0.4845547779531105
253,,after_candidate_limit,,2201,88,1,88,15,13.5,1.33,3.67,1,2,0.9535665071770335,0.5315061194871586
254,,after_candidate_limit,,902,36,2,36,12.78,3.83,0.5,1.38,1,3,0.9535497607655502,0.48410318569427424
255,,after_candidate_limit,,1851,74,1,74,13.89,6.25,1.33,3.67,1,2,0.9534971291866029,0.502083034514173
256,,after_candidate_limit,,1228,49,3,49,12.78,7.67,0.5,0.75,1,8,0.9534808612440191,0.4789808127912576
257,,after_candidate_limit,,878,35,3,35,12.78,3.83,0.5,0.75,1,8,0.9534789473684211,0.4781807663701543
258,,after_candidate_limit,,879,35,4,35,12.78,3.83,0.5,0.75,1,15,0.9534789473684211,0.4781807663701543
259,,after_candidate_limit,,903,36,3,36,12.78,3.83,0.5,1.38,1,8,0.9534789473684211,0.4781807663701543
260,,after_candidate_limit,,904,36,4,36,12.78,3.83,0.5,1.38,1,15,0.9534789473684211,0.4781807663701543
261,,after_candidate_limit,,928,37,3,37,12.78,3.83,0.5,2,1,8,0.9534789473684211,0.4781807663701543
262,,after_candidate_limit,,929,37,4,37,12.78,3.83,0.5,2,1,15,0.9534789473684211,0.4781807663701543
263,,after_candidate_limit,,1053,42,3,42,12.78,5.75,0.5,0.75,1,8,0.9534789473684211,0.4781807663701543
264,,after_candidate_limit,,1054,42,4,42,12.78,5.75,0.5,0.75,1,15,0.9534789473684211,0.4781807663701543
265,,after_candidate_limit,,1078,43,3,43,12.78,5.75,0.5,1.38,1,8,0.9534789473684211,0.4781807663701543
266,,after_candidate_limit,,1079,43,4,43,12.78,5.75,0.5,1.38,1,15,0.9534789473684211,0.4781807663701543
267,,after_candidate_limit,,1103,44,3,44,12.78,5.75,0.5,2,1,8,0.9534789473684211,0.4781807663701543
268,,after_candidate_limit,,1104,44,4,44,12.78,5.75,0.5,2,1,15,0.9534789473684211,0.4781807663701543
269,,after_candidate_limit,,1229,49,4,49,12.78,7.67,0.5,0.75,1,15,0.9534789473684211,0.4781807663701543
270,,after_candidate_limit,,1253,50,3,50,12.78,7.67,0.5,1.38,1,8,0.9534789473684211,0.4781807663701543
271,,after_candidate_limit,,1254,50,4,50,12.78,7.67,0.5,1.38,1,15,0.9534789473684211,0.4781807663701543
272,,after_candidate_limit,,1278,51,3,51,12.78,7.67,0.5,2,1,8,0.9534789473684211,0.4781807663701543
273,,after_candidate_limit,,1279,51,4,51,12.78,7.67,0.5,2,1,15,0.9534789473684211,0.4781807663701543
274,,after_candidate_limit,,1826,73,1,73,13.89,6.25,1.33,2,1,2,0.9534755980861244,0.5023233083421927
275,,after_candidate_limit,,2175,87,0,87,15,13.5,1.33,2,1,1,0.9534602870813397,0.540998974428676
276,,after_candidate_limit,,1477,59,2,59,13.89,12.5,1.33,2,1,3,0.9534545454545454,0.5088444867279702
277,,after_candidate_limit,,1900,76,0,76,13.89,6.25,3,4.5,1,1,0.9534320574162679,0.524193439650522
278,,after_candidate_limit,,2305,92,5,92,15,4.5,0.5,1.38,2,1,0.9534181818181818,0.5175534275646576
279,,after_candidate_limit,,2027,81,2,81,13.89,8.33,1.33,3.67,1,3,0.9533866028708134,0.5036932378495891
280,,after_candidate_limit,,0,0,0,0,11.67,10.5,0.5,0.75,1,1,0.9533588516746412,0.49987000337407395
281,,after_candidate_limit,,2051,82,1,82,13.89,8.33,2.17,3.25,1,2,0.9533555023923445,0.5203546465139379
282,,after_candidate_limit,,2330,93,5,93,15,4.5,0.5,2,2,1,0.9533358851674641,0.5162631067908446
283,,after_candidate_limit,,2002,80,2,80,13.89,8.33,1.33,2,1,3,0.953321052631579,0.5032178398520546
284,,after_candidate_limit,,1502,60,2,60,13.89,12.5,1.33,3.67,1,3,0.9532861244019138,0.5094217018752543
285,,after_candidate_limit,,704,28,4,28,12.78,11.5,0.5,0.75,1,15,0.9532842105263158,0.4788301589977642
286,,after_candidate_limit,,1478,59,3,59,13.89,12.5,1.33,2,1,8,0.9532803827751196,0.498530334901213
287,,after_candidate_limit,,754,30,4,30,12.78,11.5,0.5,2,1,15,0.9532732057416268,0.4778026995336049
288,,after_candidate_limit,,729,29,4,29,12.78,11.5,0.5,1.38,1,15,0.9532693779904307,0.4775980067346859
289,,after_candidate_limit,,2226,89,1,89,15,13.5,2.17,3.25,1,2,0.9532430622009569,0.5275925721700652
290,,after_candidate_limit,,1503,60,3,60,13.89,12.5,1.33,3.67,1,8,0.9532028708133972,0.4983259823461652
291,,after_candidate_limit,,2200,88,0,88,15,13.5,1.33,3.67,1,1,0.9531330143540669,0.5360113267453789
292,,after_candidate_limit,,1676,67,1,67,13.89,4.17,1.33,3.67,1,2,0.9531253588516746,0.4978992215838083
293,,after_candidate_limit,,1651,66,1,66,13.89,4.17,1.33,2,1,2,0.9530928229665072,0.49760678915472645
294,,after_candidate_limit,,2682,107,7,107,15,9,0.5,2,2,3,0.9530899521531101,0.5147894946410023
295,,after_candidate_limit,,2076,83,1,83,13.89,8.33,3,4.5,1,2,0.9530712918660287,0.5205085303868547
296,,after_candidate_limit,,2632,105,7,105,15,9,0.5,0.75,2,3,0.9530344497607656,0.5118979435994312
297,,after_candidate_limit,,2456,98,6,98,15,6.75,0.5,0.75,2,2,0.9530306220095693,0.5096349837211007
298,,after_candidate_limit,,2657,106,7,106,15,9,0.5,1.38,2,3,0.953022966507177,0.5139524107648477
299,,after_candidate_limit,,2481,99,6,99,15,6.75,0.5,1.38,2,2,0.9530224880382775,0.5082045848126813
300,,after_candidate_limit,,2506,100,6,100,15,6.75,0.5,2,2,2,0.9529995215311005,0.5075739741710782
301,,after_candidate_limit,,25,1,0,1,11.67,10.5,0.5,1.38,1,1,0.952955023923445,0.4921515197923607
302,,after_candidate_limit,,1852,74,2,74,13.89,6.25,1.33,3.67,1,3,0.9529349282296651,0.4960906782369775
303,,after_candidate_limit,,1827,73,2,73,13.89,6.25,1.33,2,1,3,0.952921052631579,0.49587058384731847
304,,after_candidate_limit,,1476,59,1,59,13.89,12.5,1.33,2,1,2,0.9529177033492823,0.5111636209557011
305,,after_candidate_limit,,1479,59,4,59,13.89,12.5,1.33,2,1,15,0.9528090909090909,0.4910014970478333
306,,after_candidate_limit,,1504,60,4,60,13.89,12.5,1.33,3.67,1,15,0.9527966507177034,0.49051644893993046
307,,after_candidate_limit,,50,2,0,2,11.67,10.5,0.5,2,1,1,0.9527846889952153,0.48922529970128964
308,,after_candidate_limit,,1700,68,0,68,13.89,4.17,2.17,3.25,1,1,0.952744019138756,0.5108741694176744
309,,after_candidate_limit,,2251,90,1,90,15,13.5,3,4.5,1,2,0.9527196172248804,0.5248465141891905
310,,after_candidate_limit,,1677,67,2,67,13.89,4.17,1.33,3.67,1,3,0.9527181818181818,0.49213713226413974
311,,after_candidate_limit,,1652,66,2,66,13.89,4.17,1.33,2,1,3,0.9526971291866029,0.49167333104880423
312,,after_candidate_limit,,2225,89,0,89,15,13.5,2.17,3.25,1,1,0.9526880382775119,0.530118784330778
313,,after_candidate_limit,,2028,81,3,81,13.89,8.33,1.33,3.67,1,8,0.9525837320574163,0.4856104307915788
314,,after_candidate_limit,,2003,80,3,80,13.89,8.33,1.33,2,1,8,0.9525832535885167,0.4856333886028786
315,,after_candidate_limit,,1653,66,3,66,13.89,4.17,1.33,2,1,8,0.9525803827751196,0.4848321382156661
316,,after_candidate_limit,,1654,66,4,66,13.89,4.17,1.33,2,1,15,0.9525803827751196,0.4848321382156661
317,,after_candidate_limit,,1678,67,3,67,13.89,4.17,1.33,3.67,1,8,0.9525803827751196,0.4848321382156661
318,,after_candidate_limit,,1679,67,4,67,13.89,4.17,1.33,3.67,1,15,0.9525803827751196,0.4848321382156661
319,,after_candidate_limit,,1828,73,3,73,13.89,6.25,1.33,2,1,8,0.9525803827751196,0.4848321382156661
320,,after_candidate_limit,,1829,73,4,73,13.89,6.25,1.33,2,1,15,0.9525803827751196,0.4848321382156661
321,,after_candidate_limit,,1853,74,3,74,13.89,6.25,1.33,3.67,1,8,0.9525803827751196,0.4848321382156661
322,,after_candidate_limit,,1854,74,4,74,13.89,6.25,1.33,3.67,1,15,0.9525803827751196,0.4848321382156661
323,,after_candidate_limit,,2004,80,4,80,13.89,8.33,1.33,2,1,15,0.9525803827751196,0.4848321382156661
324,,after_candidate_limit,,2029,81,4,81,13.89,8.33,1.33,3.67,1,15,0.9525803827751196,0.4848321382156661
325,,after_candidate_limit,,2331,93,6,93,15,4.5,0.5,2,2,2,0.9524985645933014,0.5013985891195716
326,,after_candidate_limit,,2306,92,6,92,15,4.5,0.5,1.38,2,2,0.9524708133971291,0.5013635111657911
327,,after_candidate_limit,,1725,69,0,69,13.89,4.17,3,4.5,1,1,0.9524703349282296,0.5112003240405101
328,,after_candidate_limit,,1876,75,1,75,13.89,6.25,2.17,3.25,1,2,0.9524593301435407,0.5029619130830314
329,,after_candidate_limit,,2281,91,6,91,15,4.5,0.5,0.75,2,2,0.9524478468899521,0.5016349668073145
330,,after_candidate_limit,,2457,98,7,98,15,6.75,0.5,0.75,2,3,0.9524071770334929,0.499633113811448
331,,after_candidate_limit,,2507,100,7,100,15,6.75,0.5,2,2,3,0.9523990430622009,0.5003330876909837
332,,after_candidate_limit,,2482,99,7,99,15,6.75,0.5,1.38,2,3,0.9523885167464115,0.5000757814272055
333,,after_candidate_limit,,2052,82,2,82,13.89,8.33,2.17,3.25,1,3,0.9523722488038278,0.5046860328944841
334,,after_candidate_limit,,1501,60,1,60,13.89,12.5,1.33,3.67,1,2,0.9523511961722488,0.5057995633252198
335,,after_candidate_limit,,2109,84,9,84,15,13.5,0.5,0.75,2,15,0.9522913875598086,0.4978790945236897
336,,after_candidate_limit,,2159,86,9,86,15,13.5,0.5,2,2,15,0.9522645933014354,0.49717597120764284
337,,after_candidate_limit,,2108,84,8,84,15,13.5,0.5,0.75,2,8,0.9522583732057416,0.4970295950268619
338,,after_candidate_limit,,2134,85,9,85,15,13.5,0.5,1.38,2,15,0.9522425837320574,0.49675238835439745
339,,after_candidate_limit,,2133,85,8,85,15,13.5,0.5,1.38,2,8,0.9522014354066985,0.4945646136953288
340,,after_candidate_limit,,2250,90,0,90,15,13.5,3,4.5,1,1,0.9521923444976077,0.5273238661029059
341,,after_candidate_limit,,1901,76,1,76,13.89,6.25,3,4.5,1,2,0.9521746411483254,0.50320426197109
342,,after_candidate_limit,,2158,86,8,86,15,13.5,0.5,2,2,8,0.952166985645933,0.49449564913472727
343,,after_candidate_limit,,1528,61,3,61,13.89,12.5,2.17,3.25,1,8,0.9521598086124402,0.4988125263592523
344,,after_candidate_limit,,2077,83,2,83,13.89,8.33,3,4.5,1,3,0.9521287081339713,0.5053608403236372
345,,after_candidate_limit,,1701,68,1,68,13.89,4.17,2.17,3.25,1,2,0.952088038277512,0.49876449563509845
346,,after_candidate_limit,,1527,61,2,61,13.89,12.5,2.17,3.25,1,3,0.9520765550239234,0.5093005050041619
347,,after_candidate_limit,,2282,91,7,91,15,4.5,0.5,0.75,2,3,0.9520622009569378,0.4948309247704347
348,,after_candidate_limit,,2307,92,7,92,15,4.5,0.5,1.38,2,3,0.9520473684210526,0.4947008106129636
349,,after_candidate_limit,,2332,93,7,93,15,4.5,0.5,2,2,3,0.9520435406698564,0.4948666565927011
350,,after_candidate_limit,,525,21,0,21,11.67,7,0.5,0.75,1,1,0.9519368421052632,0.5151638482917701
351,,after_candidate_limit,,1877,75,2,75,13.89,6.25,2.17,3.25,1,3,0.9519066985645933,0.49702282643307133
352,,after_candidate_limit,,550,22,0,22,11.67,7,0.5,1.38,1,1,0.9519052631578947,0.5117280343345794
353,,after_candidate_limit,,2634,105,9,105,15,9,0.5,0.75,2,15,0.9518961722488039,0.4874687653752712
354,,after_candidate_limit,,2659,106,9,106,15,9,0.5,1.38,2,15,0.9518961722488039,0.4874687653752712
355,,after_candidate_limit,,2684,107,9,107,15,9,0.5,2,2,15,0.9518961722488039,0.4874687653752712
356,,after_candidate_limit,,2283,91,8,91,15,4.5,0.5,0.75,2,8,0.9518952153110047,0.4874674475302772
357,,after_candidate_limit,,2284,91,9,91,15,4.5,0.5,0.75,2,15,0.9518952153110047,0.4874674475302772
358,,after_candidate_limit,,2308,92,8,92,15,4.5,0.5,1.38,2,8,0.9518952153110047,0.4874674475302772
359,,after_candidate_limit,,2309,92,9,92,15,4.5,0.5,1.38,2,15,0.9518952153110047,0.4874674475302772
360,,after_candidate_limit,,2333,93,8,93,15,4.5,0.5,2,2,8,0.9518952153110047,0.4874674475302772
361,,after_candidate_limit,,2334,93,9,93,15,4.5,0.5,2,2,15,0.9518952153110047,0.4874674475302772
362,,after_candidate_limit,,2458,98,8,98,15,6.75,0.5,0.75,2,8,0.9518952153110047,0.4874674475302772
363,,after_candidate_limit,,2459,98,9,98,15,6.75,0.5,0.75,2,15,0.9518952153110047,0.4874674475302772
364,,after_candidate_limit,,2483,99,8,99,15,6.75,0.5,1.38,2,8,0.9518952153110047,0.4874674475302772
365,,after_candidate_limit,,2484,99,9,99,15,6.75,0.5,1.38,2,15,0.9518952153110047,0.4874674475302772
366,,after_candidate_limit,,2508,100,8,100,15,6.75,0.5,2,2,8,0.9518952153110047,0.4874674475302772
367,,after_candidate_limit,,2509,100,9,100,15,6.75,0.5,2,2,15,0.9518952153110047,0.4874674475302772
368,,after_candidate_limit,,575,23,0,23,11.67,7,0.5,2,1,1,0.9518947368421052,0.5102564558979591
369,,after_candidate_limit,,1553,62,3,62,13.89,12.5,3,4.5,1,8,0.9518741626794258,0.4995428667159344
370,,after_candidate_limit,,1726,69,1,69,13.89,4.17,3,4.5,1,2,0.9518191387559809,0.4993307921669257
371,,after_candidate_limit,,2658,106,8,106,15,9,0.5,1.38,2,8,0.9518038277511962,0.4864844275639615
372,,after_candidate_limit,,2683,107,8,107,15,9,0.5,2,2,8,0.9517913875598086,0.486210713947522
373,,after_candidate_limit,,1529,61,4,61,13.89,12.5,2.17,3.25,1,15,0.9517842105263158,0.49165893035950575
374,,after_candidate_limit,,2633,105,8,105,15,9,0.5,0.75,2,8,0.9517655502392345,0.48669965191803316
375,,after_candidate_limit,,1702,68,2,68,13.89,4.17,2.17,3.25,1,3,0.9516827751196172,0.493014918967184
376,,after_candidate_limit,,1902,76,2,76,13.89,6.25,3,4.5,1,3,0.9516296650717704,0.4974894723321986
377,,after_candidate_limit,,1552,62,2,62,13.89,12.5,3,4.5,1,3,0.9515827751196172,0.5089900452194898
378,,after_candidate_limit,,2053,82,3,82,13.89,8.33,2.17,3.25,1,8,0.9515478468899522,0.48643539016713294
379,,after_candidate_limit,,1703,68,3,68,13.89,4.17,2.17,3.25,1,8,0.9515425837320575,0.4856501723025268
380,,after_candidate_limit,,1704,68,4,68,13.89,4.17,2.17,3.25,1,15,0.9515425837320575,0.4856501723025268
381,,after_candidate_limit,,1878,75,3,75,13.89,6.25,2.17,3.25,1,8,0.9515425837320575,0.4856501723025268
382,,after_candidate_limit,,1879,75,4,75,13.89,6.25,2.17,3.25,1,15,0.9515425837320575,0.4856501723025268
383,,after_candidate_limit,,2054,82,4,82,13.89,8.33,2.17,3.25,1,15,0.9515425837320575,0.4856501723025268
384,,after_candidate_limit,,1554,62,4,62,13.89,12.5,3,4.5,1,15,0.9514966507177034,0.4920488851739406
385,,after_candidate_limit,,1727,69,2,69,13.89,4.17,3,4.5,1,3,0.9514153110047847,0.4935826818296868
386,,after_candidate_limit,,1,0,1,0,11.67,10.5,0.5,0.75,1,2,0.9513157894736842,0.4854005163831569
387,,after_candidate_limit,,2078,83,3,83,13.89,8.33,3,4.5,1,8,0.9512698564593302,0.4867349759624893
388,,after_candidate_limit,,1728,69,3,69,13.89,4.17,3,4.5,1,8,0.9512660287081339,0.486061328510304
389,,after_candidate_limit,,1729,69,4,69,13.89,4.17,3,4.5,1,15,0.9512660287081339,0.486061328510304
390,,after_candidate_limit,,1903,76,3,76,13.89,6.25,3,4.5,1,8,0.9512660287081339,0.486061328510304
391,,after_candidate_limit,,1904,76,4,76,13.89,6.25,3,4.5,1,15,0.9512660287081339,0.486061328510304
392,,after_candidate_limit,,2079,83,4,83,13.89,8.33,3,4.5,1,15,0.9512660287081339,0.486061328510304
393,,after_candidate_limit,,1475,59,0,59,13.89,12.5,1.33,2,1,1,0.9511846889952154,0.5022624555148978
394,,after_candidate_limit,,26,1,1,1,11.67,10.5,0.5,1.38,1,2,0.951177990430622,0.4842180428997178
395,,after_candidate_limit,,51,2,1,2,11.67,10.5,0.5,2,1,2,0.9511617224880383,0.48284548819312656
396,,after_candidate_limit,,350,14,0,14,11.67,5.25,0.5,0.75,1,1,0.9510966507177033,0.49881992102579936
397,,after_candidate_limit,,1526,61,1,61,13.89,12.5,2.17,3.25,1,2,0.9509674641148326,0.5044380832631788
398,,after_candidate_limit,,375,15,0,15,11.67,5.25,0.5,1.38,1,1,0.9509033492822967,0.4918872457292121
399,,after_candidate_limit,,400,16,0,16,11.67,5.25,0.5,2,1,1,0.9508373205741627,0.48969436805337613
400,,after_candidate_limit,,1500,60,0,60,13.89,12.5,1.33,3.67,1,1,0.9504334928229665,0.4955870607161975
401,,after_candidate_limit,,2,0,2,0,11.67,10.5,0.5,0.75,1,3,0.9504306220095694,0.4746672836447441
402,,after_candidate_limit,,27,1,2,1,11.67,10.5,0.5,1.38,1,3,0.9503875598086124,0.47262532667795204
403,,after_candidate_limit,,52,2,2,2,11.67,10.5,0.5,2,1,3,0.9503684210526315,0.4721629512027092
404,,after_candidate_limit,,175,7,0,7,11.67,3.5,0.5,0.75,1,1,0.9503425837320574,0.48429918318467874
405,,after_candidate_limit,,1551,62,1,62,13.89,12.5,3,4.5,1,2,0.950311004784689,0.5029597793422825
406,,after_candidate_limit,,526,21,1,21,11.67,7,0.5,0.75,1,2,0.950177033492823,0.47805828606220896
407,,after_candidate_limit,,576,23,1,23,11.67,7,0.5,2,1,2,0.9501751196172249,0.47461982131533903
408,,after_candidate_limit,,551,22,1,22,11.67,7,0.5,1.38,1,2,0.9501655502392344,0.47554091700204143
409,,after_candidate_limit,,200,8,0,8,11.67,3.5,0.5,1.38,1,1,0.9501263157894737,0.47915043162015863
410,,after_candidate_limit,,225,9,0,9,11.67,3.5,0.5,2,1,1,0.9501052631578948,0.47802720817521577
411,,after_candidate_limit,,401,16,1,16,11.67,5.25,0.5,2,1,2,0.9496827751196172,0.46954717237735727
412,,after_candidate_limit,,351,14,1,14,11.67,5.25,0.5,0.75,1,2,0.9496712918660287,0.47062076406901915
413,,after_candidate_limit,,376,15,1,15,11.67,5.25,0.5,1.38,1,2,0.9496641148325359,0.4696579364532589
414,,after_candidate_limit,,527,21,2,21,11.67,7,0.5,0.75,1,3,0.9496277511961723,0.466867516584286
415,,after_candidate_limit,,552,22,2,22,11.67,7,0.5,1.38,1,3,0.9496119617224881,0.46795605840116855
416,,after_candidate_limit,,577,23,2,23,11.67,7,0.5,2,1,3,0.9496062200956937,0.46763373309199335
417,,after_candidate_limit,,226,9,1,9,11.67,3.5,0.5,2,1,2,0.9494755980861244,0.4667921653249331
418,,after_candidate_limit,,2107,84,7,84,15,13.5,0.5,0.75,2,3,0.9494411483253589,0.5097995086615525
419,,after_candidate_limit,,201,8,1,8,11.67,3.5,0.5,1.38,1,2,0.9494373205741626,0.46624714191481015
420,,after_candidate_limit,,176,7,1,7,11.67,3.5,0.5,0.75,1,2,0.9494325358851675,0.46631274810429085
421,,after_candidate_limit,,53,2,3,2,11.67,10.5,0.5,2,1,8,0.9493913875598086,0.465013546106184
422,,after_candidate_limit,,402,16,2,16,11.67,5.25,0.5,2,1,3,0.9493636363636364,0.46458298953956995
423,,after_candidate_limit,,377,15,2,15,11.67,5.25,0.5,1.38,1,3,0.9493531100478468,0.4644229759431499
424,,after_candidate_limit,,352,14,2,14,11.67,5.25,0.5,0.75,1,3,0.9493492822966507,0.4644510695300165
425,,after_candidate_limit,,3,0,3,0,11.67,10.5,0.5,0.75,1,8,0.9493416267942584,0.46404636105682223
426,,after_candidate_limit,,28,1,3,1,11.67,10.5,0.5,1.38,1,8,0.9493368421052631,0.46435487808291437
427,,after_candidate_limit,,227,9,2,9,11.67,3.5,0.5,2,1,3,0.949221052631579,0.4620914964287212
428,,after_candidate_limit,,177,7,2,7,11.67,3.5,0.5,0.75,1,3,0.9492138755980861,0.4618508596354601
429,,after_candidate_limit,,202,8,2,8,11.67,3.5,0.5,1.38,1,3,0.9492086124401914,0.4617026064254646
430,,after_candidate_limit,,178,7,3,7,11.67,3.5,0.5,0.75,1,8,0.9491674641148325,0.45686044609439397
431,,after_candidate_limit,,179,7,4,7,11.67,3.5,0.5,0.75,1,15,0.9491674641148325,0.45686044609439397
432,,after_candidate_limit,,203,8,3,8,11.67,3.5,0.5,1.38,1,8,0.9491674641148325,0.45686044609439397
433,,after_candidate_limit,,204,8,4,8,11.67,3.5,0.5,1.38,1,15,0.9491674641148325,0.45686044609439397
434,,after_candidate_limit,,228,9,3,9,11.67,3.5,0.5,2,1,8,0.9491674641148325,0.45686044609439397
435,,after_candidate_limit,,229,9,4,9,11.67,3.5,0.5,2,1,15,0.9491674641148325,0.45686044609439397
436,,after_candidate_limit,,353,14,3,14,11.67,5.25,0.5,0.75,1,8,0.9491674641148325,0.45686044609439397
437,,after_candidate_limit,,354,14,4,14,11.67,5.25,0.5,0.75,1,15,0.9491674641148325,0.45686044609439397
438,,after_candidate_limit,,378,15,3,15,11.67,5.25,0.5,1.38,1,8,0.9491674641148325,0.45686044609439397
439,,after_candidate_limit,,379,15,4,15,11.67,5.25,0.5,1.38,1,15,0.9491674641148325,0.45686044609439397
440,,after_candidate_limit,,403,16,3,16,11.67,5.25,0.5,2,1,8,0.9491674641148325,0.45686044609439397
441,,after_candidate_limit,,404,16,4,16,11.67,5.25,0.5,2,1,15,0.9491674641148325,0.45686044609439397
442,,after_candidate_limit,,528,21,3,21,11.67,7,0.5,0.75,1,8,0.9491674641148325,0.45686044609439397
443,,after_candidate_limit,,529,21,4,21,11.67,7,0.5,0.75,1,15,0.9491674641148325,0.45686044609439397
444,,after_candidate_limit,,553,22,3,22,11.67,7,0.5,1.38,1,8,0.9491674641148325,0.45686044609439397
445,,after_candidate_limit,,554,22,4,22,11.67,7,0.5,1.38,1,15,0.9491674641148325,0.45686044609439397
446,,after_candidate_limit,,578,23,3,23,11.67,7,0.5,2,1,8,0.9491674641148325,0.45686044609439397
447,,after_candidate_limit,,579,23,4,23,11.67,7,0.5,2,1,15,0.9491674641148325,0.45686044609439397
448,,after_candidate_limit,,1325,53,0,53,12.78,7.67,1.33,3.67,1,1,0.9490717703349282,0.517647955225256
449,,after_candidate_limit,,54,2,4,2,11.67,10.5,0.5,2,1,15,0.9490334928229666,0.4537702481468073
450,,after_candidate_limit,,29,1,4,1,11.67,10.5,0.5,1.38,1,15,0.9490287081339713,0.45371938720807886
451,,after_candidate_limit,,4,0,4,0,11.67,10.5,0.5,0.75,1,15,0.9490272727272727,0.453660192625078
452,,after_candidate_limit,,1300,52,0,52,12.78,7.67,1.33,2,1,1,0.9490124401913875,0.5181546487020222
453,,after_candidate_limit,,2132,85,7,85,15,13.5,0.5,1.38,2,3,0.9489531100478469,0.5040588713626304
454,,after_candidate_limit,,1525,61,0,61,13.89,12.5,2.17,3.25,1,1,0.9488382775119617,0.49425089195210936
455,,after_candidate_limit,,775,31,0,31,12.78,11.5,1.33,2,1,1,0.9485167464114832,0.4852137712368488
456,,after_candidate_limit,,1550,62,0,62,13.89,12.5,3,4.5,1,1,0.9482248803827751,0.49283448630649174
457,,after_candidate_limit,,2157,86,7,86,15,13.5,0.5,2,2,3,0.9481406698564593,0.5011074219936487
458,,after_candidate_limit,,800,32,0,32,12.78,11.5,1.33,3.67,1,1,0.9481090909090909,0.4773764819786888
459,,after_candidate_limit,,776,31,1,31,12.78,11.5,1.33,2,1,2,0.9480057416267943,0.4851804663750091
460,,after_candidate_limit,,1150,46,0,46,12.78,5.75,1.33,3.67,1,1,0.9479339712918661,0.4943996253841033
461,,after_candidate_limit,,801,32,1,32,12.78,11.5,1.33,3.67,1,2,0.947911961722488,0.480547582565925
462,,after_candidate_limit,,1930,77,5,77,13.89,8.33,0.5,0.75,2,1,0.947911004784689,0.5290289561169335
463,,after_candidate_limit,,1125,45,0,45,12.78,5.75,1.33,2,1,1,0.9478861244019139,0.49631801398492126
464,,after_candidate_limit,,1980,79,5,79,13.89,8.33,0.5,2,2,1,0.9478784688995215,0.5252320756562391
465,,after_candidate_limit,,1955,78,5,78,13.89,8.33,0.5,1.38,2,1,0.9478497607655503,0.5260285373457873
466,,after_candidate_limit,,802,32,2,32,12.78,11.5,1.33,3.67,1,3,0.9473215311004785,0.4800046305531605
467,,after_candidate_limit,,777,31,2,31,12.78,11.5,1.33,2,1,3,0.947311961722488,0.4824637427566555
468,,after_candidate_limit,,2106,84,6,84,15,13.5,0.5,0.75,2,2,0.9472899521531101,0.5112365531780569
469,,after_candidate_limit,,1326,53,1,53,12.78,7.67,1.33,3.67,1,2,0.947233971291866,0.48638833055513214
470,,after_candidate_limit,,1301,52,1,52,12.78,7.67,1.33,2,1,2,0.9471598086124402,0.48474529283226175
471,,after_candidate_limit,,2705,108,5,108,15,9,1.33,2,2,1,0.9469971291866028,0.5297486338731664
472,,after_candidate_limit,,975,39,0,39,12.78,3.83,1.33,3.67,1,1,0.9469861244019139,0.48379520411725424
473,,after_candidate_limit,,950,38,0,38,12.78,3.83,1.33,2,1,1,0.9469703349282297,0.483812394050309
474,,after_candidate_limit,,2730,109,5,109,15,9,1.33,3.67,2,1,0.9469511961722488,0.5283803215552761
475,,after_candidate_limit,,1755,70,5,70,13.89,6.25,0.5,0.75,2,1,0.9469435406698564,0.5178275235003491
476,,after_candidate_limit,,1805,72,5,72,13.89,6.25,0.5,2,2,1,0.9468555023923445,0.5084728404137523
477,,after_candidate_limit,,1780,71,5,71,13.89,6.25,0.5,1.38,2,1,0.946844976076555,0.5112937825252458
478,,after_candidate_limit,,1350,54,0,54,12.78,7.67,2.17,3.25,1,1,0.9466478468899522,0.5166876726524047
479,,after_candidate_limit,,1151,46,1,46,12.78,5.75,1.33,3.67,1,2,0.9466334928229665,0.4751579829387966
480,,after_candidate_limit,,1126,45,1,45,12.78,5.75,1.33,2,1,2,0.9466071770334928,0.47507451761944797
481,,after_candidate_limit,,1327,53,2,53,12.78,7.67,1.33,3.67,1,3,0.9465363636363636,0.47365297385914507
482,,after_candidate_limit,,1302,52,2,52,12.78,7.67,1.33,2,1,3,0.9465172248803828,0.4726132620837191
483,,after_candidate_limit,,976,39,1,39,12.78,3.83,1.33,3.67,1,2,0.9463650717703349,0.47195085230509304
484,,after_candidate_limit,,951,38,1,38,12.78,3.83,1.33,2,1,2,0.946333971291866,0.47161218839538926
485,,after_candidate_limit,,2555,102,5,102,15,6.75,1.33,3.67,2,1,0.9462942583732057,0.5275927825176917
486,,after_candidate_limit,,2530,101,5,101,15,6.75,1.33,2,2,1,0.9462430622009569,0.5273297052518603
487,,after_candidate_limit,,1152,46,2,46,12.78,5.75,1.33,3.67,1,3,0.9462105263157895,0.4694525983307782
488,,after_candidate_limit,,2131,85,6,85,15,13.5,0.5,1.38,2,2,0.9462086124401914,0.5050189205787191
489,,after_candidate_limit,,1127,45,2,45,12.78,5.75,1.33,2,1,3,0.9462047846889953,0.46955399512275464
490,,after_candidate_limit,,778,31,3,31,12.78,11.5,1.33,2,1,8,0.9461899521531101,0.46684026439152193
491,,after_candidate_limit,,803,32,3,32,12.78,11.5,1.33,3.67,1,8,0.9461650717703349,0.4671953763739655
492,,after_candidate_limit,,1931,77,6,77,13.89,8.33,0.5,0.75,2,2,0.9461454545454545,0.4993743828597513
493,,after_candidate_limit,,1981,79,6,79,13.89,8.33,0.5,2,2,2,0.9460956937799043,0.49807925002476894
494,,after_candidate_limit,,1580,63,5,63,13.89,4.17,0.5,0.75,2,1,0.9460794258373205,0.49902347194503116
495,,after_candidate_limit,,1956,78,6,78,13.89,8.33,0.5,1.38,2,2,0.9460727272727273,0.4986449675145279
496,,after_candidate_limit,,977,39,2,39,12.78,3.83,1.33,3.67,1,3,0.9460454545454545,0.466985958432079
497,,after_candidate_limit,,952,38,2,38,12.78,3.83,1.33,2,1,3,0.9460272727272727,0.46663635427145334
498,,after_candidate_limit,,1328,53,3,53,12.78,7.67,1.33,3.67,1,8,0.9459478468899521,0.46130453101714486
499,,after_candidate_limit,,953,38,3,38,12.78,3.83,1.33,2,1,8,0.9459468899521531,0.4606378643504782
500,,after_candidate_limit,,954,38,4,38,12.78,3.83,1.33,2,1,15,0.9459468899521531,0.4606378643504782
501,,after_candidate_limit,,978,39,3,39,12.78,3.83,1.33,3.67,1,8,0.9459468899521531,0.4606378643504782
502,,after_candidate_limit,,979,39,4,39,12.78,3.83,1.33,3.67,1,15,0.9459468899521531,0.4606378643504782
503,,after_candidate_limit,,1128,45,3,45,12.78,5.75,1.33,2,1,8,0.9459468899521531,0.4606378643504782
504,,after_candidate_limit,,1129,45,4,45,12.78,5.75,1.33,2,1,15,0.9459468899521531,0.4606378643504782
505,,after_candidate_limit,,1153,46,3,46,12.78,5.75,1.33,3.67,1,8,0.9459468899521531,0.4606378643504782
506,,after_candidate_limit,,1154,46,4,46,12.78,5.75,1.33,3.67,1,15,0.9459468899521531,0.4606378643504782
507,,after_candidate_limit,,1303,52,3,52,12.78,7.67,1.33,2,1,8,0.9459468899521531,0.4606378643504782
508,,after_candidate_limit,,1304,52,4,52,12.78,7.67,1.33,2,1,15,0.9459468899521531,0.4606378643504782
509,,after_candidate_limit,,1329,53,4,53,12.78,7.67,1.33,3.67,1,15,0.9459468899521531,0.4606378643504782
510,,after_candidate_limit,,1405,56,5,56,13.89,12.5,0.5,0.75,2,1,0.9458909090909091,0.5016815006851034
511,,after_candidate_limit,,1605,64,5,64,13.89,4.17,0.5,1.38,2,1,0.9458143540669857,0.493244704707007
512,,after_candidate_limit,,1406,56,6,56,13.89,12.5,0.5,0.75,2,2,0.9458114832535885,0.4921995005118155
513,,after_candidate_limit,,1375,55,0,55,12.78,7.67,3,4.5,1,1,0.945799043062201,0.5168088897093808
514,,after_candidate_limit,,804,32,4,32,12.78,11.5,1.33,3.67,1,15,0.9457942583732057,0.46087362180517444
515,,after_candidate_limit,,779,31,4,31,12.78,11.5,1.33,2,1,15,0.9457732057416268,0.4602292134780687
516,,after_candidate_limit,,2731,109,6,109,15,9,1.33,3.67,2,2,0.9457698564593301,0.5109317936066926
517,,after_candidate_limit,,825,33,0,33,12.78,11.5,2.17,3.25,1,1,0.9457674641148326,0.4758149015665043
518,,after_candidate_limit,,1630,65,5,65,13.89,4.17,0.5,2,2,1,0.9457588516746411,0.4913571685285272
519,,after_candidate_limit,,2755,110,5,110,15,9,2.17,3.25,2,1,0.9457464114832536,0.5296629925453007
520,,after_candidate_limit,,2706,108,6,108,15,9,1.33,2,2,2,0.9456985645933015,0.510085747812592
521,,after_candidate_limit,,826,33,1,33,12.78,11.5,2.17,3.25,1,2,0.9455636363636364,0.4826171486487171
522,,after_candidate_limit,,1175,47,0,47,12.78,5.75,2.17,3.25,1,1,0.9455244019138755,0.4939862324274519
523,,after_candidate_limit,,2780,111,5,111,15,9,3,4.5,2,1,0.9454966507177034,0.529767527771542
524,,after_candidate_limit,,1756,70,6,70,13.89,6.25,0.5,0.75,2,2,0.9454421052631579,0.484910053698513
525,,after_candidate_limit,,1806,72,6,72,13.89,6.25,0.5,2,2,2,0.9453961722488038,0.4832298064324324
526,,after_candidate_limit,,1781,71,6,71,13.89,6.25,0.5,1.38,2,2,0.9453875598086124,0.48358335483958204
527,,after_candidate_limit,,1431,57,6,57,13.89,12.5,0.5,1.38,2,2,0.9452832535885167,0.4886293559431438
528,,after_candidate_limit,,1982,79,7,79,13.89,8.33,0.5,2,2,3,0.9452244019138756,0.48338949045589336
529,,after_candidate_limit,,1932,77,7,77,13.89,8.33,0.5,0.75,2,3,0.945178947368421,0.48380277537701855
530,,after_candidate_limit,,1957,78,7,78,13.89,8.33,0.5,1.38,2,3,0.9451741626794259,0.48257044124006143
531,,after_candidate_limit,,2580,103,5,103,15,6.75,2.17,3.25,2,1,0.9451239234449761,0.5286665875169134
532,,after_candidate_limit,,1407,56,7,56,13.89,12.5,0.5,0.75,2,3,0.9450899521531101,0.47531394079258005
533,,after_candidate_limit,,1631,65,6,65,13.89,4.17,0.5,2,2,2,0.944999043062201,0.4783294162182267
534,,after_candidate_limit,,2605,104,5,104,15,6.75,3,4.5,2,1,0.944998086124402,0.530048130672277
535,,after_candidate_limit,,827,33,2,33,12.78,11.5,2.17,3.25,1,3,0.9449971291866028,0.4815985894989406
536,,after_candidate_limit,,2355,94,5,94,15,4.5,1.33,2,2,1,0.9449866028708134,0.5006941745310283
537,,after_candidate_limit,,1408,56,8,56,13.89,12.5,0.5,0.75,2,8,0.9449861244019139,0.4795043035120032
538,,after_candidate_limit,,1606,64,6,64,13.89,4.17,0.5,1.38,2,2,0.9449669856459331,0.47796732078039306
539,,after_candidate_limit,,1581,63,6,63,13.89,4.17,0.5,0.75,2,2,0.944944019138756,0.477947017739774
540,,after_candidate_limit,,2380,95,5,95,15,4.5,1.33,3.67,2,1,0.944911961722488,0.49787195794415634
541,,after_candidate_limit,,1456,58,6,58,13.89,12.5,0.5,2,2,2,0.9448995215311005,0.48664236715914583
542,,after_candidate_limit,,1432,57,7,57,13.89,12.5,0.5,1.38,2,3,0.9448956937799043,0.47815424902271053
543,,after_candidate_limit,,1757,70,7,70,13.89,6.25,0.5,0.75,2,3,0.9448894736842105,0.4771408687109601
544,,after_candidate_limit,,1807,72,7,72,13.89,6.25,0.5,2,2,3,0.9448775119617225,0.4768786373884784
545,,after_candidate_limit,,2732,109,7,109,15,9,1.33,3.67,2,3,0.9448770334928229,0.5014240725614307
546,,after_candidate_limit,,1782,71,7,71,13.89,6.25,0.5,1.38,2,3,0.9448679425837321,0.4767946207106548
547,,after_candidate_limit,,1351,54,1,54,12.78,7.67,2.17,3.25,1,2,0.9448578947368421,0.48558993359792535
548,,after_candidate_limit,,1433,57,8,57,13.89,12.5,0.5,1.38,2,8,0.9448578947368421,0.476819787500965
549,,after_candidate_limit,,2156,86,6,86,15,13.5,0.5,2,2,2,0.9448258373205741,0.499483571342871
550,,after_candidate_limit,,2707,108,7,108,15,9,1.33,2,2,3,0.9447904306220096,0.49977995730564073
551,,after_candidate_limit,,851,34,1,34,12.78,11.5,3,4.5,1,2,0.9447588516746411,0.4835844542488584
552,,after_candidate_limit,,2531,101,6,101,15,6.75,1.33,2,2,2,0.9447377990430622,0.4929272850274536
553,,after_candidate_limit,,1430,57,5,57,13.89,12.5,0.5,1.38,2,1,0.9447358851674641,0.48799433598522296
554,,after_candidate_limit,,2556,102,6,102,15,6.75,1.33,3.67,2,2,0.9447172248803828,0.4914842235066654
555,,after_candidate_limit,,1458,58,8,58,13.89,12.5,0.5,2,2,8,0.9447105263157894,0.4752249472193562
556,,after_candidate_limit,,1200,48,0,48,12.78,5.75,3,4.5,1,1,0.9447023923444976,0.4939854642504143
557,,after_candidate_limit,,2756,110,6,110,15,9,2.17,3.25,2,2,0.9446856459330144,0.5132167915434565
558,,after_candidate_limit,,1457,58,7,58,13.89,12.5,0.5,2,2,3,0.944666985645933,0.47684080685576746
559,,after_candidate_limit,,1582,63,7,63,13.89,4.17,0.5,0.75,2,3,0.9446478468899522,0.4727895799497779
560,,after_candidate_limit,,1632,65,7,65,13.89,4.17,0.5,2,2,3,0.9446459330143541,0.4728750462021559
561,,after_candidate_limit,,1607,64,7,64,13.89,4.17,0.5,1.38,2,3,0.944643062200957,0.4728123579352749
562,,after_candidate_limit,,1000,40,0,40,12.78,3.83,2.17,3.25,1,1,0.944588995215311,0.4829480534651928
563,,after_candidate_limit,,1409,56,9,56,13.89,12.5,0.5,0.75,2,15,0.9445674641148325,0.470556453474961
564,,after_candidate_limit,,850,34,0,34,12.78,11.5,3,4.5,1,1,0.9445598086124402,0.4728149993880404
565,,after_candidate_limit,,1983,79,8,79,13.89,8.33,0.5,2,2,8,0.944522966507177,0.46663700836142297
566,,after_candidate_limit,,1958,78,8,78,13.89,8.33,0.5,1.38,2,8,0.944522009569378,0.4666374414803853
567,,after_candidate_limit,,2781,111,6,111,15,9,3,4.5,2,2,0.9445210526315789,0.5140268123068285
568,,after_candidate_limit,,1583,63,8,63,13.89,4.17,0.5,0.75,2,8,0.9445172248803828,0.4658292181384532
569,,after_candidate_limit,,1584,63,9,63,13.89,4.17,0.5,0.75,2,15,0.9445172248803828,0.4658292181384532
570,,after_candidate_limit,,1608,64,8,64,13.89,4.17,0.5,1.38,2,8,0.9445172248803828,0.4658292181384532
571,,after_candidate_limit,,1609,64,9,64,13.89,4.17,0.5,1.38,2,15,0.9445172248803828,0.4658292181384532
572,,after_candidate_limit,,1633,65,8,65,13.89,4.17,0.5,2,2,8,0.9445172248803828,0.4658292181384532
573,,after_candidate_limit,,1634,65,9,65,13.89,4.17,0.5,2,2,15,0.9445172248803828,0.4658292181384532
574,,after_candidate_limit,,1758,70,8,70,13.89,6.25,0.5,0.75,2,8,0.9445172248803828,0.4658292181384532
575,,after_candidate_limit,,1759,70,9,70,13.89,6.25,0.5,0.75,2,15,0.9445172248803828,0.4658292181384532
576,,after_candidate_limit,,1783,71,8,71,13.89,6.25,0.5,1.38,2,8,0.9445172248803828,0.4658292181384532
577,,after_candidate_limit,,1784,71,9,71,13.89,6.25,0.5,1.38,2,15,0.9445172248803828,0.4658292181384532
578,,after_candidate_limit,,1808,72,8,72,13.89,6.25,0.5,2,2,8,0.9445172248803828,0.4658292181384532
579,,after_candidate_limit,,1809,72,9,72,13.89,6.25,0.5,2,2,15,0.9445172248803828,0.4658292181384532
580,,after_candidate_limit,,1934,77,9,77,13.89,8.33,0.5,0.75,2,15,0.9445172248803828,0.4658292181384532
581,,after_candidate_limit,,1959,78,9,78,13.89,8.33,0.5,1.38,2,15,0.9445172248803828,0.4658292181384532
582,,after_candidate_limit,,1984,79,9,79,13.89,8.33,0.5,2,2,15,0.9445172248803828,0.4658292181384532
583,,after_candidate_limit,,1933,77,8,77,13.89,8.33,0.5,0.75,2,8,0.9445162679425837,0.4661055379547727
584,,after_candidate_limit,,1434,57,9,57,13.89,12.5,0.5,1.38,2,15,0.9444918660287082,0.4700241559102805
585,,after_candidate_limit,,1459,58,9,58,13.89,12.5,0.5,2,2,15,0.944456937799043,0.4700764131991103
586,,after_candidate_limit,,2381,95,6,95,15,4.5,1.33,3.67,2,2,0.944288995215311,0.48740289690536803
587,,after_candidate_limit,,2356,94,6,94,15,4.5,1.33,2,2,2,0.944254066985646,0.4871585400263682
588,,after_candidate_limit,,1176,47,1,47,12.78,5.75,2.17,3.25,1,2,0.9442459330143541,0.47436514967746307
589,,after_candidate_limit,,852,34,2,34,12.78,11.5,3,4.5,1,3,0.9441837320574162,0.48225492702872264
590,,after_candidate_limit,,2557,102,7,102,15,6.75,1.33,3.67,2,3,0.9441531100478469,0.48557411469702505
591,,after_candidate_limit,,2532,101,7,101,15,6.75,1.33,2,2,3,0.9441473684210526,0.4861155677244825
592,,after_candidate_limit,,1352,54,2,54,12.78,7.67,2.17,3.25,1,3,0.9441377990430622,0.47251065262678954
593,,after_candidate_limit,,1376,55,1,55,12.78,7.67,3,4.5,1,2,0.9440717703349283,0.48701898071851357
594,,after_candidate_limit,,2209,88,9,88,15,13.5,1.33,3.67,2,15,0.9440397129186603,0.4838356716145921
595,,after_candidate_limit,,2183,87,8,87,15,13.5,1.33,2,2,8,0.9440272727272727,0.4820732085929322
596,,after_candidate_limit,,2184,87,9,87,15,13.5,1.33,2,2,15,0.9439952153110048,0.4822052685301843
597,,after_candidate_limit,,1001,40,1,40,12.78,3.83,2.17,3.25,1,2,0.9439803827751196,0.4711653519596386
598,,after_candidate_limit,,2208,88,8,88,15,13.5,1.33,3.67,2,8,0.9439421052631579,0.4808978369113073
599,,after_candidate_limit,,1455,58,5,58,13.89,12.5,0.5,2,2,1,0.9439023923444976,0.47852164532898894
600,,after_candidate_limit,,2382,95,7,95,15,4.5,1.33,3.67,2,3,0.9438339712918661,0.4813279921303101
601,,after_candidate_limit,,1177,47,2,47,12.78,5.75,2.17,3.25,1,3,0.9438301435406699,0.46880194620043
602,,after_candidate_limit,,2405,96,5,96,15,4.5,2.17,3.25,2,1,0.9438287081339712,0.5001717799186629
603,,after_candidate_limit,,828,33,3,33,12.78,11.5,2.17,3.25,1,8,0.9438157894736842,0.46676367202827573
604,,after_candidate_limit,,2357,94,7,94,15,4.5,1.33,2,2,3,0.9438157894736842,0.4809119764005648
605,,after_candidate_limit,,2757,110,7,110,15,9,2.17,3.25,2,3,0.9438038277511962,0.5031465591264122
606,,after_candidate_limit,,1025,41,0,41,12.78,3.83,3,4.5,1,1,0.9437507177033493,0.4835507584561888
607,,after_candidate_limit,,2782,111,7,111,15,9,3,4.5,2,3,0.9437172248803828,0.5052875672796836
608,,after_candidate_limit,,2430,97,5,97,15,4.5,3,4.5,2,1,0.9436631578947369,0.5003843433513391
609,,after_candidate_limit,,1002,40,2,40,12.78,3.83,2.17,3.25,1,3,0.9436622009569378,0.46623858888709857
610,,after_candidate_limit,,2734,109,9,109,15,9,1.33,3.67,2,15,0.9436622009569378,0.47341331152029265
611,,after_candidate_limit,,2709,108,9,108,15,9,1.33,2,2,15,0.9436612440191388,0.47341192474589977
612,,after_candidate_limit,,2358,94,8,94,15,4.5,1.33,2,2,8,0.9436602870813398,0.4734105371950784
613,,after_candidate_limit,,2359,94,9,94,15,4.5,1.33,2,2,15,0.9436602870813398,0.4734105371950784
614,,after_candidate_limit,,2383,95,8,95,15,4.5,1.33,3.67,2,8,0.9436602870813398,0.4734105371950784
615,,after_candidate_limit,,2384,95,9,95,15,4.5,1.33,3.67,2,15,0.9436602870813398,0.4734105371950784
616,,after_candidate_limit,,2533,101,8,101,15,6.75,1.33,2,2,8,0.9436602870813398,0.4734105371950784
617,,after_candidate_limit,,2534,101,9,101,15,6.75,1.33,2,2,15,0.9436602870813398,0.4734105371950784
618,,after_candidate_limit,,2558,102,8,102,15,6.75,1.33,3.67,2,8,0.9436602870813398,0.4734105371950784
619,,after_candidate_limit,,2559,102,9,102,15,6.75,1.33,3.67,2,15,0.9436602870813398,0.4734105371950784
620,,after_candidate_limit,,2581,103,6,103,15,6.75,2.17,3.25,2,2,0.9436444976076555,0.4934495423925923
621,,after_candidate_limit,,2708,108,8,108,15,9,1.33,2,2,8,0.9435622009569378,0.472194432373112
622,,after_candidate_limit,,1353,54,3,54,12.78,7.67,2.17,3.25,1,8,0.9435617224880383,0.4605081214457944
623,,after_candidate_limit,,1003,40,3,40,12.78,3.83,2.17,3.25,1,8,0.9435578947368422,0.4598221481104306
624,,after_candidate_limit,,1004,40,4,40,12.78,3.83,2.17,3.25,1,15,0.9435578947368422,0.4598221481104306
625,,after_candidate_limit,,1178,47,3,47,12.78,5.75,2.17,3.25,1,8,0.9435578947368422,0.4598221481104306
626,,after_candidate_limit,,1179,47,4,47,12.78,5.75,2.17,3.25,1,15,0.9435578947368422,0.4598221481104306
627,,after_candidate_limit,,1354,54,4,54,12.78,7.67,2.17,3.25,1,15,0.9435578947368422,0.4598221481104306
628,,after_candidate_limit,,2733,109,8,109,15,9,1.33,3.67,2,8,0.943543062200957,0.47204322845133395
629,,after_candidate_limit,,2606,104,6,104,15,6.75,3,4.5,2,2,0.9435004784688995,0.49424764981378594
630,,after_candidate_limit,,1201,48,1,48,12.78,5.75,3,4.5,1,2,0.943444976076555,0.4755076723438165
631,,after_candidate_limit,,829,33,4,33,12.78,11.5,2.17,3.25,1,15,0.9434148325358852,0.4600483431123948
632,,after_candidate_limit,,2105,84,5,84,15,13.5,0.5,0.75,2,1,0.9433368421052631,0.52596604243147
633,,after_candidate_limit,,1377,55,2,55,12.78,7.67,3,4.5,1,3,0.9433191387559808,0.4735315499753862
634,,after_candidate_limit,,2406,96,6,96,15,4.5,2.17,3.25,2,2,0.943221052631579,0.48909788943050325
635,,after_candidate_limit,,1026,41,1,41,12.78,3.83,3,4.5,1,2,0.943168899521531,0.47209438560573824
636,,after_candidate_limit,,2582,103,7,103,15,6.75,2.17,3.25,2,3,0.9430923444976077,0.487498035610854
637,,after_candidate_limit,,2431,97,6,97,15,4.5,3,4.5,2,2,0.9430794258373206,0.49026714531027143
638,,after_candidate_limit,,853,34,3,34,12.78,11.5,3,4.5,1,8,0.9430095693779904,0.4679634278036336
639,,after_candidate_limit,,1202,48,2,48,12.78,5.75,3,4.5,1,3,0.9430071770334928,0.46958754410536346
640,,after_candidate_limit,,2234,89,9,89,15,13.5,2.17,3.25,2,15,0.9429741626794258,0.4854933459423943
641,,after_candidate_limit,,2607,104,7,104,15,6.75,3,4.5,2,3,0.9429392344497608,0.4882682890382417
642,,after_candidate_limit,,2233,89,8,89,15,13.5,2.17,3.25,2,8,0.9428971291866028,0.48394700790995815
643,,after_candidate_limit,,2259,90,9,90,15,13.5,3,4.5,2,15,0.9428440191387559,0.4876208728103845
644,,after_candidate_limit,,1027,41,2,41,12.78,3.83,3,4.5,1,3,0.942832057416268,0.4670541992348875
645,,after_candidate_limit,,2407,96,7,96,15,4.5,2.17,3.25,2,3,0.942777990430622,0.48322760014106675
646,,after_candidate_limit,,1378,55,3,55,12.78,7.67,3,4.5,1,8,0.942722966507177,0.4612088184030347
647,,after_candidate_limit,,1028,41,3,41,12.78,3.83,3,4.5,1,8,0.9427210526315789,0.4605390151772368
648,,after_candidate_limit,,1029,41,4,41,12.78,3.83,3,4.5,1,15,0.9427210526315789,0.4605390151772368
649,,after_candidate_limit,,1203,48,3,48,12.78,5.75,3,4.5,1,8,0.9427210526315789,0.4605390151772368
650,,after_candidate_limit,,1204,48,4,48,12.78,5.75,3,4.5,1,15,0.9427210526315789,0.4605390151772368
651,,after_candidate_limit,,1379,55,4,55,12.78,7.67,3,4.5,1,15,0.9427210526315789,0.4605390151772368
652,,after_candidate_limit,,2258,90,8,90,15,13.5,3,4.5,2,8,0.9426521531100478,0.4848496735168024
653,,after_candidate_limit,,2432,97,7,97,15,4.5,3,4.5,2,3,0.9426291866028708,0.48427176776200787
654,,after_candidate_limit,,2759,110,9,110,15,9,2.17,3.25,2,15,0.9425971291866029,0.4750728075383693
655,,after_candidate_limit,,2408,96,8,96,15,4.5,2.17,3.25,2,8,0.9425952153110048,0.4750700550411653
656,,after_candidate_limit,,2409,96,9,96,15,4.5,2.17,3.25,2,15,0.9425952153110048,0.4750700550411653
657,,after_candidate_limit,,2583,103,8,103,15,6.75,2.17,3.25,2,8,0.9425952153110048,0.4750700550411653
658,,after_candidate_limit,,2584,103,9,103,15,6.75,2.17,3.25,2,15,0.9425952153110048,0.4750700550411653
659,,after_candidate_limit,,854,34,4,34,12.78,11.5,3,4.5,1,15,0.9425923444976076,0.46109927988736243
660,,after_candidate_limit,,2758,110,8,110,15,9,2.17,3.25,2,8,0.9424732057416267,0.4736968688547509
661,,after_candidate_limit,,2784,111,9,111,15,9,3,4.5,2,15,0.9424397129186602,0.4759925504613923
662,,after_candidate_limit,,2433,97,8,97,15,4.5,3,4.5,2,8,0.9424387559808612,0.47599116786120615
663,,after_candidate_limit,,2434,97,9,97,15,4.5,3,4.5,2,15,0.9424387559808612,0.47599116786120615
664,,after_candidate_limit,,2608,104,8,104,15,6.75,3,4.5,2,8,0.9424387559808612,0.47599116786120615
665,,after_candidate_limit,,2609,104,9,104,15,6.75,3,4.5,2,15,0.9424387559808612,0.47599116786120615
666,,after_candidate_limit,,2783,111,8,111,15,9,3,4.5,2,8,0.94231004784689,0.47475419499122373
667,,after_candidate_limit,,4025,161,0,161,9.44,8.5,0.5,0.75,1,1,0.9422076555023924,0.44461885196827905
668,,after_candidate_limit,,4075,163,0,163,9.44,8.5,0.5,2,1,1,0.9421320574162679,0.44748329202285386
669,,after_candidate_limit,,4050,162,0,162,9.44,8.5,0.5,1.38,1,1,0.9420966507177033,0.44529776267676846
670,,after_candidate_limit,,2635,105,10,105,15,9,0.5,0.75,3,1,0.9420143540669856,0.5256678595378406
671,,after_candidate_limit,,2660,106,10,106,15,9,0.5,1.38,3,1,0.9418966507177033,0.5220077558071166
672,,after_candidate_limit,,2685,107,10,107,15,9,0.5,2,3,1,0.9418794258373205,0.5216507723603261
673,,after_candidate_limit,,2130,85,5,85,15,13.5,0.5,1.38,2,1,0.9416468899521531,0.5106008724350705
674,,after_candidate_limit,,2460,98,10,98,15,6.75,0.5,0.75,3,1,0.941444019138756,0.5228504283475988
675,,after_candidate_limit,,2485,99,10,99,15,6.75,0.5,1.38,3,1,0.941400956937799,0.5194771230953515
676,,after_candidate_limit,,2510,100,10,100,15,6.75,0.5,2,3,1,0.9413808612440191,0.5202854608783081
677,,after_candidate_limit,,2686,107,11,107,15,9,0.5,2,3,2,0.9407205741626794,0.504416917791642
678,,after_candidate_limit,,2661,106,11,106,15,9,0.5,1.38,3,2,0.9406947368421053,0.504153064739277
679,,after_candidate_limit,,2636,105,11,105,15,9,0.5,0.75,3,2,0.9406679425837321,0.5034082802549499
680,,after_candidate_limit,,2182,87,7,87,15,13.5,1.33,2,2,3,0.9406631578947369,0.4765243783815152
681,,after_candidate_limit,,3850,154,0,154,9.44,5.66,0.5,0.75,1,1,0.940600956937799,0.4481985118126642
682,,after_candidate_limit,,3875,155,0,155,9.44,5.66,0.5,1.38,1,1,0.9404334928229665,0.4421063082044007
683,,after_candidate_limit,,3900,156,0,156,9.44,5.66,0.5,2,1,1,0.9404172248803828,0.44004450066873557
684,,after_candidate_limit,,2285,91,10,91,15,4.5,0.5,0.75,3,1,0.9404019138755981,0.5027097024924465
685,,after_candidate_limit,,4026,161,1,161,9.44,8.5,0.5,0.75,1,2,0.9402851674641148,0.42958840811798754
686,,after_candidate_limit,,4076,163,1,163,9.44,8.5,0.5,2,1,2,0.9402660287081339,0.4337779251794255
687,,after_candidate_limit,,4051,162,1,162,9.44,8.5,0.5,1.38,1,2,0.9402277511961723,0.43216322181478783
688,,after_candidate_limit,,2310,92,10,92,15,4.5,0.5,1.38,3,1,0.9401626794258373,0.49610219373444536
689,,after_candidate_limit,,2335,93,10,93,15,4.5,0.5,2,3,1,0.9400827751196172,0.4942572089534009
690,,after_candidate_limit,,3675,147,0,147,9.44,4.25,0.5,0.75,1,1,0.9399933014354067,0.4406859620796571
691,,after_candidate_limit,,100,4,0,4,11.67,10.5,1.33,3.67,1,1,0.9398478468899522,0.46451836523642287
692,,after_candidate_limit,,2511,100,11,100,15,6.75,0.5,2,3,2,0.9398334928229665,0.4865720214868967
693,,after_candidate_limit,,2486,99,11,99,15,6.75,0.5,1.38,3,2,0.9398325358851675,0.4870587224861152
694,,after_candidate_limit,,3700,148,0,148,9.44,4.25,0.5,1.38,1,1,0.939811961722488,0.43302846113405274
695,,after_candidate_limit,,2461,98,11,98,15,6.75,0.5,0.75,3,2,0.9397909090909091,0.4877979275695015
696,,after_candidate_limit,,3725,149,0,149,9.44,4.25,0.5,2,1,1,0.9397866028708134,0.43158628362459467
697,,after_candidate_limit,,2155,86,5,86,15,13.5,0.5,2,2,1,0.9397703349282297,0.5041247883263158
698,,after_candidate_limit,,75,3,0,3,11.67,10.5,1.33,2,1,1,0.9396947368421052,0.4671246811642776
699,,after_candidate_limit,,3500,140,0,140,9.44,2.83,0.5,0.75,1,1,0.9396813397129187,0.4318606775076276
700,,after_candidate_limit,,2687,107,12,107,15,9,0.5,2,3,3,0.9396741626794258,0.4913921220696458
701,,after_candidate_limit,,2637,105,12,105,15,9,0.5,0.75,3,3,0.939643062200957,0.48897406702532165
702,,after_candidate_limit,,2207,88,7,88,15,13.5,1.33,3.67,2,3,0.9396296650717704,0.4740436029084668
703,,after_candidate_limit,,2662,106,12,106,15,9,0.5,1.38,3,3,0.9396196172248804,0.4905778891425971
704,,after_candidate_limit,,3525,141,0,141,9.44,2.83,0.5,1.38,1,1,0.9395511961722488,0.42854678993779133
705,,after_candidate_limit,,4077,163,2,163,9.44,8.5,0.5,2,1,3,0.9395406698564593,0.4247847660274156
706,,after_candidate_limit,,4052,162,2,162,9.44,8.5,0.5,1.38,1,3,0.939532057416268,0.42420275300274807
707,,after_candidate_limit,,3550,142,0,142,9.44,2.83,0.5,2,1,1,0.9395234449760765,0.42845277700980217
708,,after_candidate_limit,,4027,161,2,161,9.44,8.5,0.5,0.75,1,3,0.9395224880382775,0.42265419964203377
709,,after_candidate_limit,,3901,156,1,156,9.44,5.66,0.5,2,1,2,0.9393813397129187,0.4229304608759645
710,,after_candidate_limit,,3851,154,1,154,9.44,5.66,0.5,0.75,1,2,0.9393751196172249,0.42400808028237585
711,,after_candidate_limit,,3876,155,1,155,9.44,5.66,0.5,1.38,1,2,0.9393717703349282,0.4227447266459569
712,,after_candidate_limit,,2336,93,11,93,15,4.5,0.5,2,3,2,0.9392851674641148,0.47981755679277827
713,,after_candidate_limit,,2311,92,11,92,15,4.5,0.5,1.38,3,2,0.9392497607655502,0.47962615404189873
714,,after_candidate_limit,,2286,91,11,91,15,4.5,0.5,0.75,3,2,0.9392263157894737,0.4799635076664829
715,,after_candidate_limit,,3726,149,1,149,9.44,4.25,0.5,2,1,2,0.9392181818181818,0.4216788166260359
716,,after_candidate_limit,,2512,100,12,100,15,6.75,0.5,2,3,3,0.9392105263157895,0.4792629797630926
717,,after_candidate_limit,,2462,98,12,98,15,6.75,0.5,0.75,3,3,0.93921004784689,0.4784217855210212
718,,after_candidate_limit,,2487,99,12,99,15,6.75,0.5,1.38,3,3,0.9392047846889953,0.47911667575115235
719,,after_candidate_limit,,3701,148,1,148,9.44,4.25,0.5,1.38,1,2,0.9391961722488038,0.42148840403092364
720,,after_candidate_limit,,3676,147,1,147,9.44,4.25,0.5,0.75,1,2,0.9391827751196172,0.4210819024436822
721,,after_candidate_limit,,705,28,5,28,12.78,11.5,0.5,0.75,2,1,0.9391311004784689,0.47896237012021975
722,,after_candidate_limit,,3902,156,2,156,9.44,5.66,0.5,2,1,3,0.9391143540669856,0.41972172965345633
723,,after_candidate_limit,,3877,155,2,155,9.44,5.66,0.5,1.38,1,3,0.939111004784689,0.4197418732591118
724,,after_candidate_limit,,3852,154,2,154,9.44,5.66,0.5,0.75,1,3,0.9391043062200957,0.4195292507605565
725,,after_candidate_limit,,3501,140,1,140,9.44,2.83,0.5,0.75,1,2,0.9390717703349283,0.4195138521684692
726,,after_candidate_limit,,3551,142,1,142,9.44,2.83,0.5,2,1,2,0.9390588516746411,0.4191402658523888
727,,after_candidate_limit,,3526,141,1,141,9.44,2.83,0.5,1.38,1,2,0.939055980861244,0.4190903171946081
728,,after_candidate_limit,,3727,149,2,149,9.44,4.25,0.5,2,1,3,0.9390124401913875,0.41808697118071964
729,,after_candidate_limit,,3677,147,2,147,9.44,4.25,0.5,0.75,1,3,0.939011961722488,0.41784502592620537
730,,after_candidate_limit,,3702,148,2,148,9.44,4.25,0.5,1.38,1,3,0.9390105263157895,0.4180155695174157
731,,after_candidate_limit,,4078,163,3,163,9.44,8.5,0.5,2,1,8,0.9389631578947368,0.41337366334399717
732,,after_candidate_limit,,3502,140,2,140,9.44,2.83,0.5,0.75,1,3,0.9389569377990431,0.4159376205989565
733,,after_candidate_limit,,4053,162,3,162,9.44,8.5,0.5,1.38,1,8,0.938955980861244,0.41319182488193285
734,,after_candidate_limit,,4028,161,3,161,9.44,8.5,0.5,0.75,1,8,0.938954066985646,0.41258587870224606
735,,after_candidate_limit,,3552,142,2,142,9.44,2.83,0.5,2,1,3,0.9389531100478469,0.4157301567588042
736,,after_candidate_limit,,3527,141,2,141,9.44,2.83,0.5,1.38,1,3,0.9389502392344498,0.41553589500937005
737,,after_candidate_limit,,3503,140,3,140,9.44,2.83,0.5,0.75,1,8,0.9389387559808613,0.41259118483191654
738,,after_candidate_limit,,3504,140,4,140,9.44,2.83,0.5,0.75,1,15,0.9389387559808613,0.41259118483191654
739,,after_candidate_limit,,3528,141,3,141,9.44,2.83,0.5,1.38,1,8,0.9389387559808613,0.41259118483191654
740,,after_candidate_limit,,3529,141,4,141,9.44,2.83,0.5,1.38,1,15,0.9389387559808613,0.41259118483191654
741,,after_candidate_limit,,3553,142,3,142,9.44,2.83,0.5,2,1,8,0.9389387559808613,0.41259118483191654
742,,after_candidate_limit,,3554,142,4,142,9.44,2.83,0.5,2,1,15,0.9389387559808613,0.41259118483191654
743,,after_candidate_limit,,3678,147,3,147,9.44,4.25,0.5,0.75,1,8,0.9389387559808613,0.41259118483191654
744,,after_candidate_limit,,3679,147,4,147,9.44,4.25,0.5,0.75,1,15,0.9389387559808613,0.41259118483191654
745,,after_candidate_limit,,3703,148,3,148,9.44,4.25,0.5,1.38,1,8,0.9389387559808613,0.41259118483191654
746,,after_candidate_limit,,3704,148,4,148,9.44,4.25,0.5,1.38,1,15,0.9389387559808613,0.41259118483191654
747,,after_candidate_limit,,3728,149,3,149,9.44,4.25,0.5,2,1,8,0.9389387559808613,0.41259118483191654
748,,after_candidate_limit,,3729,149,4,149,9.44,4.25,0.5,2,1,15,0.9389387559808613,0.41259118483191654
749,,after_candidate_limit,,3853,154,3,154,9.44,5.66,0.5,0.75,1,8,0.9389387559808613,0.41259118483191654
750,,after_candidate_limit,,3854,154,4,154,9.44,5.66,0.5,0.75,1,15,0.9389387559808613,0.41259118483191654
751,,after_candidate_limit,,3878,155,3,155,9.44,5.66,0.5,1.38,1,8,0.9389387559808613,0.41259118483191654
752,,after_candidate_limit,,3879,155,4,155,9.44,5.66,0.5,1.38,1,15,0.9389387559808613,0.41259118483191654
753,,after_candidate_limit,,3903,156,3,156,9.44,5.66,0.5,2,1,8,0.9389387559808613,0.41259118483191654
754,,after_candidate_limit,,3904,156,4,156,9.44,5.66,0.5,2,1,15,0.9389387559808613,0.41259118483191654
755,,after_candidate_limit,,4029,161,4,161,9.44,8.5,0.5,0.75,1,15,0.9389387559808613,0.41259118483191654
756,,after_candidate_limit,,4054,162,4,162,9.44,8.5,0.5,1.38,1,15,0.9389387559808613,0.41259118483191654
757,,after_candidate_limit,,4079,163,4,163,9.44,8.5,0.5,2,1,15,0.9389387559808613,0.41259118483191654
758,,after_candidate_limit,,2287,91,12,91,15,4.5,0.5,0.75,3,3,0.9388904306220096,0.4739552243144809
759,,after_candidate_limit,,2312,92,12,92,15,4.5,0.5,1.38,3,3,0.9388732057416268,0.47376433886280933
760,,after_candidate_limit,,2337,93,12,93,15,4.5,0.5,2,3,3,0.9388693779904306,0.4738690996950547
761,,after_candidate_limit,,2114,84,14,84,15,13.5,0.5,0.75,3,15,0.9387502392344498,0.4748215859179169
762,,after_candidate_limit,,2639,105,14,105,15,9,0.5,0.75,3,15,0.9387387559808612,0.4666701042067767
763,,after_candidate_limit,,2664,106,14,106,15,9,0.5,1.38,3,15,0.9387387559808612,0.4666701042067767
764,,after_candidate_limit,,2689,107,14,107,15,9,0.5,2,3,15,0.9387387559808612,0.4666701042067767
765,,after_candidate_limit,,2288,91,13,91,15,4.5,0.5,0.75,3,8,0.9387377990430622,0.46666859439633435
766,,after_candidate_limit,,2289,91,14,91,15,4.5,0.5,0.75,3,15,0.9387377990430622,0.46666859439633435
767,,after_candidate_limit,,2313,92,13,92,15,4.5,0.5,1.38,3,8,0.9387377990430622,0.46666859439633435
768,,after_candidate_limit,,2314,92,14,92,15,4.5,0.5,1.38,3,15,0.9387377990430622,0.46666859439633435
769,,after_candidate_limit,,2338,93,13,93,15,4.5,0.5,2,3,8,0.9387377990430622,0.46666859439633435
770,,after_candidate_limit,,2339,93,14,93,15,4.5,0.5,2,3,15,0.9387377990430622,0.46666859439633435
771,,after_candidate_limit,,2463,98,13,98,15,6.75,0.5,0.75,3,8,0.9387377990430622,0.46666859439633435
772,,after_candidate_limit,,2464,98,14,98,15,6.75,0.5,0.75,3,15,0.9387377990430622,0.46666859439633435
773,,after_candidate_limit,,2488,99,13,99,15,6.75,0.5,1.38,3,8,0.9387377990430622,0.46666859439633435
774,,after_candidate_limit,,2489,99,14,99,15,6.75,0.5,1.38,3,15,0.9387377990430622,0.46666859439633435
775,,after_candidate_limit,,2513,100,13,100,15,6.75,0.5,2,3,8,0.9387377990430622,0.46666859439633435
776,,after_candidate_limit,,2514,100,14,100,15,6.75,0.5,2,3,15,0.9387377990430622,0.46666859439633435
777,,after_candidate_limit,,2139,85,14,85,15,13.5,0.5,1.38,3,15,0.9387215311004785,0.47377608810242844
778,,after_candidate_limit,,2164,86,14,86,15,13.5,0.5,2,3,15,0.9387043062200957,0.47402857124991377
779,,after_candidate_limit,,2663,106,13,106,15,9,0.5,1.38,3,8,0.9386655502392345,0.46570322590126695
780,,after_candidate_limit,,2688,107,13,107,15,9,0.5,2,3,8,0.9386578947368421,0.4655503511806901
781,,after_candidate_limit,,2638,105,13,105,15,9,0.5,0.75,3,8,0.9386253588516746,0.46597003797080816
782,,after_candidate_limit,,2232,89,7,89,15,13.5,2.17,3.25,2,3,0.9385885167464115,0.4785259597378925
783,,after_candidate_limit,,625,25,0,25,11.67,7,1.33,3.67,1,1,0.938533014354067,0.489810722609529
784,,after_candidate_limit,,2181,87,6,87,15,13.5,1.33,2,2,2,0.9384612440191388,0.47453012331532274
785,,after_candidate_limit,,600,24,0,24,11.67,7,1.33,2,1,1,0.9384564593301435,0.487952693092133
786,,after_candidate_limit,,2113,84,13,84,15,13.5,0.5,0.75,3,8,0.9383425837320574,0.47357997948255964
787,,after_candidate_limit,,730,29,5,29,12.78,11.5,0.5,1.38,2,1,0.9381875598086125,0.46457765345662827
788,,after_candidate_limit,,2138,85,13,85,15,13.5,0.5,1.38,3,8,0.9381593301435407,0.46801467380613176
789,,after_candidate_limit,,2163,86,13,86,15,13.5,0.5,2,3,8,0.9380444976076555,0.46696929060965203
790,,after_candidate_limit,,76,3,1,3,11.67,10.5,1.33,2,1,2,0.9380038277511962,0.4632538776785462
791,,after_candidate_limit,,101,4,1,4,11.67,10.5,1.33,3.67,1,2,0.9379645933014354,0.46263097128041425
792,,after_candidate_limit,,755,30,5,30,12.78,11.5,0.5,2,2,1,0.9377751196172249,0.45799270792379704
793,,after_candidate_limit,,2257,90,7,90,15,13.5,3,4.5,2,3,0.9376947368421052,0.47793503196754095
794,,after_candidate_limit,,1280,51,5,51,12.78,7.67,0.5,2,2,1,0.9376076555023923,0.4978124280461158
795,,after_candidate_limit,,1230,49,5,49,12.78,7.67,0.5,0.75,2,1,0.9375818181818182,0.5031684137094288
796,,after_candidate_limit,,1255,50,5,50,12.78,7.67,0.5,1.38,2,1,0.9375674641148325,0.49771559297559986
797,,after_candidate_limit,,425,17,0,17,11.67,5.25,1.33,2,1,1,0.9375272727272728,0.4684878778717008
798,,after_candidate_limit,,450,18,0,18,11.67,5.25,1.33,3.67,1,1,0.9374708133971292,0.4672942502087392
799,,after_candidate_limit,,77,3,2,3,11.67,10.5,1.33,2,1,3,0.9372267942583732,0.4526500758307011
800,,after_candidate_limit,,102,4,2,4,11.67,10.5,1.33,3.67,1,3,0.937177033492823,0.4531458190198983
801,,after_candidate_limit,,626,25,1,25,11.67,7,1.33,3.67,1,2,0.9369492822966508,0.45360043985452697
802,,after_candidate_limit,,601,24,1,24,11.67,7,1.33,2,1,2,0.936931100478469,0.4539239026903191
803,,after_candidate_limit,,706,28,6,28,12.78,11.5,0.5,0.75,2,2,0.9369133971291866,0.47333292770966284
804,,after_candidate_limit,,275,11,0,11,11.67,3.5,1.33,3.67,1,1,0.9368588516746411,0.45801891994263466
805,,after_candidate_limit,,250,10,0,10,11.67,3.5,1.33,2,1,1,0.9368382775119617,0.4577485557118164
806,,after_candidate_limit,,1055,42,5,42,12.78,5.75,0.5,0.75,2,1,0.9366966507177034,0.48691999625183713
807,,after_candidate_limit,,1105,44,5,44,12.78,5.75,0.5,2,2,1,0.9365799043062201,0.4768755052278603
808,,after_candidate_limit,,1080,43,5,43,12.78,5.75,0.5,1.38,2,1,0.9365751196172248,0.47872002698695615
809,,after_candidate_limit,,451,18,1,18,11.67,5.25,1.33,3.67,1,2,0.9365397129186603,0.44993022455228465
810,,after_candidate_limit,,426,17,1,17,11.67,5.25,1.33,2,1,2,0.9365311004784689,0.450191942128106
811,,after_candidate_limit,,627,25,2,25,11.67,7,1.33,3.67,1,3,0.9364531100478469,0.4481743401953622
812,,after_candidate_limit,,602,24,2,24,11.67,7,1.33,2,1,3,0.9364392344497607,0.4478823688715326
813,,after_candidate_limit,,731,29,6,29,12.78,11.5,0.5,1.38,2,2,0.9363598086124402,0.46769211559182366
814,,after_candidate_limit,,276,11,1,11,11.67,3.5,1.33,3.67,1,2,0.9363511961722488,0.44772243145125423
815,,after_candidate_limit,,103,4,3,4,11.67,10.5,1.33,3.67,1,8,0.936333014354067,0.44750468468975735
816,,after_candidate_limit,,251,10,1,10,11.67,3.5,1.33,2,1,2,0.9363148325358852,0.44728642184158685
817,,after_candidate_limit,,78,3,3,3,11.67,10.5,1.33,2,1,8,0.9362593301435407,0.44574500574238507
818,,after_candidate_limit,,427,17,2,17,11.67,5.25,1.33,2,1,3,0.9362153110047847,0.44541286125341095
819,,after_candidate_limit,,452,18,2,18,11.67,5.25,1.33,3.67,1,3,0.9362081339712919,0.4454227134807949
820,,after_candidate_limit,,756,30,6,30,12.78,11.5,0.5,2,2,2,0.9362047846889953,0.46507332638627286
821,,after_candidate_limit,,707,28,7,28,12.78,11.5,0.5,0.75,2,3,0.9361665071770335,0.46684703248319137
822,,after_candidate_limit,,277,11,2,11,11.67,3.5,1.33,3.67,1,3,0.9361095693779904,0.4435240143206614
823,,after_candidate_limit,,252,10,2,10,11.67,3.5,1.33,2,1,3,0.9360822966507177,0.4428841357771172
824,,after_candidate_limit,,253,10,3,10,11.67,3.5,1.33,2,1,8,0.9360315789473684,0.4377850870204861
825,,after_candidate_limit,,254,10,4,10,11.67,3.5,1.33,2,1,15,0.9360315789473684,0.4377850870204861
826,,after_candidate_limit,,278,11,3,11,11.67,3.5,1.33,3.67,1,8,0.9360315789473684,0.4377850870204861
827,,after_candidate_limit,,279,11,4,11,11.67,3.5,1.33,3.67,1,15,0.9360315789473684,0.4377850870204861
828,,after_candidate_limit,,428,17,3,17,11.67,5.25,1.33,2,1,8,0.9360315789473684,0.4377850870204861
829,,after_candidate_limit,,429,17,4,17,11.67,5.25,1.33,2,1,15,0.9360315789473684,0.4377850870204861
830,,after_candidate_limit,,453,18,3,18,11.67,5.25,1.33,3.67,1,8,0.9360315789473684,0.4377850870204861
831,,after_candidate_limit,,454,18,4,18,11.67,5.25,1.33,3.67,1,15,0.9360315789473684,0.4377850870204861
832,,after_candidate_limit,,603,24,3,24,11.67,7,1.33,2,1,8,0.9360315789473684,0.4377850870204861
833,,after_candidate_limit,,604,24,4,24,11.67,7,1.33,2,1,15,0.9360315789473684,0.4377850870204861
834,,after_candidate_limit,,628,25,3,25,11.67,7,1.33,3.67,1,8,0.9360315789473684,0.4377850870204861
835,,after_candidate_limit,,629,25,4,25,11.67,7,1.33,3.67,1,15,0.9360315789473684,0.4377850870204861
836,,after_candidate_limit,,1281,51,6,51,12.78,7.67,0.5,2,2,2,0.9359913875598086,0.4663102380138195
837,,after_candidate_limit,,1231,49,6,49,12.78,7.67,0.5,0.75,2,2,0.9359473684210526,0.470116510209318
838,,after_candidate_limit,,1256,50,6,50,12.78,7.67,0.5,1.38,2,2,0.9359349282296651,0.4659647313830197
839,,after_candidate_limit,,104,4,4,4,11.67,10.5,1.33,3.67,1,15,0.9359306220095693,0.43484151389901016
840,,after_candidate_limit,,79,3,4,3,11.67,10.5,1.33,2,1,15,0.9359267942583732,0.43477828112774974
841,,after_candidate_limit,,2206,88,6,88,15,13.5,1.33,3.67,2,2,0.9359196172248804,0.4688688108938369
842,,after_candidate_limit,,880,35,5,35,12.78,3.83,0.5,0.75,2,1,0.9359186602870814,0.4718276939182479
843,,after_candidate_limit,,732,29,7,29,12.78,11.5,0.5,1.38,2,3,0.9357837320574163,0.4669131624973217
844,,after_candidate_limit,,905,36,5,36,12.78,3.83,0.5,1.38,2,1,0.9357052631578947,0.465735531138749
845,,after_candidate_limit,,930,37,5,37,12.78,3.83,0.5,2,2,1,0.9356842105263158,0.4637836565766607
846,,after_candidate_limit,,2112,84,12,84,15,13.5,0.5,0.75,3,3,0.9356267942583733,0.4840923919221534
847,,after_candidate_limit,,757,30,7,30,12.78,11.5,0.5,2,2,3,0.9355933014354066,0.45920994587339115
848,,after_candidate_limit,,2180,87,5,87,15,13.5,1.33,2,2,1,0.9354258373205742,0.47195653695865974
849,,after_candidate_limit,,1056,42,6,42,12.78,5.75,0.5,0.75,2,2,0.9353602870813397,0.45782338458575705
850,,after_candidate_limit,,1106,44,6,44,12.78,5.75,0.5,2,2,2,0.9353239234449761,0.4557628952886945
851,,after_candidate_limit,,1081,43,6,43,12.78,5.75,0.5,1.38,2,2,0.9353229665071771,0.4562103698130275
852,,after_candidate_limit,,1282,51,7,51,12.78,7.67,0.5,2,2,3,0.9352516746411483,0.45344414475754263
853,,after_candidate_limit,,1257,50,7,50,12.78,7.67,0.5,1.38,2,3,0.9352492822966507,0.4527879628212315
854,,after_candidate_limit,,1232,49,7,49,12.78,7.67,0.5,0.75,2,3,0.9351942583732057,0.4530229337681476
855,,after_candidate_limit,,2231,89,6,89,15,13.5,2.17,3.25,2,2,0.9351014354066985,0.4687493363510518
856,,after_candidate_limit,,931,37,6,37,12.78,3.83,0.5,2,2,2,0.9350157894736842,0.4519087738532643
857,,after_candidate_limit,,906,36,6,36,12.78,3.83,0.5,1.38,2,2,0.9349976076555024,0.4516320424293544
858,,after_candidate_limit,,881,35,6,35,12.78,3.83,0.5,0.75,2,2,0.9349813397129186,0.45146131706098563
859,,after_candidate_limit,,1107,44,7,44,12.78,5.75,0.5,2,2,3,0.934912918660287,0.45013854624998534
860,,after_candidate_limit,,1082,43,7,43,12.78,5.75,0.5,1.38,2,3,0.9349004784688996,0.45011492811218584
861,,after_candidate_limit,,1057,42,7,42,12.78,5.75,0.5,0.75,2,3,0.9348818181818181,0.4501154949243176
862,,after_candidate_limit,,708,28,8,28,12.78,11.5,0.5,0.75,2,8,0.9348732057416268,0.44644445871238797
863,,after_candidate_limit,,758,30,8,30,12.78,11.5,0.5,2,2,8,0.9348507177033493,0.44627361981671293
864,,after_candidate_limit,,733,29,8,29,12.78,11.5,0.5,1.38,2,8,0.9348497607655503,0.4462448550484812
865,,after_candidate_limit,,932,37,7,37,12.78,3.83,0.5,2,2,3,0.934722009569378,0.44714513092149644
866,,after_candidate_limit,,882,35,7,35,12.78,3.83,0.5,0.75,2,3,0.9347215311004785,0.4471646209511889
867,,after_candidate_limit,,125,5,0,5,11.67,10.5,2.17,3.25,1,1,0.9347186602870814,0.46673380204177206
868,,after_candidate_limit,,907,36,7,36,12.78,3.83,0.5,1.38,2,3,0.9347038277511962,0.44675477747426484
869,,after_candidate_limit,,1233,49,8,49,12.78,7.67,0.5,0.75,2,8,0.9346272727272728,0.4415800558873024
870,,after_candidate_limit,,1283,51,8,51,12.78,7.67,0.5,2,2,8,0.9346248803827751,0.4408010069325172
871,,after_candidate_limit,,1258,50,8,50,12.78,7.67,0.5,1.38,2,8,0.934623923444976,0.44079732455365783
872,,after_candidate_limit,,883,35,8,35,12.78,3.83,0.5,0.75,2,8,0.934622009569378,0.4407813793283122
873,,after_candidate_limit,,884,35,9,35,12.78,3.83,0.5,0.75,2,15,0.934622009569378,0.4407813793283122
874,,after_candidate_limit,,908,36,8,36,12.78,3.83,0.5,1.38,2,8,0.934622009569378,0.4407813793283122
875,,after_candidate_limit,,909,36,9,36,12.78,3.83,0.5,1.38,2,15,0.934622009569378,0.4407813793283122
876,,after_candidate_limit,,933,37,8,37,12.78,3.83,0.5,2,2,8,0.934622009569378,0.4407813793283122
877,,after_candidate_limit,,934,37,9,37,12.78,3.83,0.5,2,2,15,0.934622009569378,0.4407813793283122
878,,after_candidate_limit,,1058,42,8,42,12.78,5.75,0.5,0.75,2,8,0.934622009569378,0.4407813793283122
879,,after_candidate_limit,,1059,42,9,42,12.78,5.75,0.5,0.75,2,15,0.934622009569378,0.4407813793283122
880,,after_candidate_limit,,1083,43,8,43,12.78,5.75,0.5,1.38,2,8,0.934622009569378,0.4407813793283122
881,,after_candidate_limit,,1084,43,9,43,12.78,5.75,0.5,1.38,2,15,0.934622009569378,0.4407813793283122
882,,after_candidate_limit,,1108,44,8,44,12.78,5.75,0.5,2,2,8,0.934622009569378,0.4407813793283122
883,,after_candidate_limit,,1109,44,9,44,12.78,5.75,0.5,2,2,15,0.934622009569378,0.4407813793283122
884,,after_candidate_limit,,1234,49,9,49,12.78,7.67,0.5,0.75,2,15,0.934622009569378,0.4407813793283122
885,,after_candidate_limit,,1259,50,9,50,12.78,7.67,0.5,1.38,2,15,0.934622009569378,0.4407813793283122
886,,after_candidate_limit,,1284,51,9,51,12.78,7.67,0.5,2,2,15,0.934622009569378,0.4407813793283122
887,,after_candidate_limit,,709,28,9,28,12.78,11.5,0.5,0.75,2,15,0.9344521531100478,0.44111401947441903
888,,after_candidate_limit,,734,29,9,29,12.78,11.5,0.5,1.38,2,15,0.9344411483253589,0.44007572700315284
889,,after_candidate_limit,,759,30,9,30,12.78,11.5,0.5,2,2,15,0.9344354066985646,0.4400413622287465
890,,after_candidate_limit,,650,26,0,26,11.67,7,2.17,3.25,1,1,0.9337167464114833,0.4891808686253725
891,,after_candidate_limit,,2137,85,12,85,15,13.5,0.5,1.38,3,3,0.9336545454545454,0.4692293460771486
892,,after_candidate_limit,,2205,88,5,88,15,13.5,1.33,3.67,2,1,0.9335177033492823,0.4667658221194267
893,,after_candidate_limit,,2030,81,5,81,13.89,8.33,1.33,3.67,2,1,0.9335129186602871,0.5009615331801163
894,,after_candidate_limit,,2005,80,5,80,13.89,8.33,1.33,2,2,1,0.9334698564593301,0.5000377202287385
895,,after_candidate_limit,,2256,90,6,90,15,13.5,3,4.5,2,2,0.9332870813397129,0.4647767003300102
896,,after_candidate_limit,,126,5,1,5,11.67,10.5,2.17,3.25,1,2,0.9330478468899521,0.4621987691532103
897,,after_candidate_limit,,475,19,0,19,11.67,5.25,2.17,3.25,1,1,0.9327052631578947,0.4669935035995506
898,,after_candidate_limit,,2230,89,5,89,15,13.5,2.17,3.25,2,1,0.9326870813397129,0.4625501320431979
899,,after_candidate_limit,,2111,84,11,84,15,13.5,0.5,0.75,3,2,0.9325023923444976,0.4752120957482362
900,,after_candidate_limit,,2162,86,12,86,15,13.5,0.5,2,3,3,0.9324985645933014,0.46644670705938635
901,,after_candidate_limit,,1855,74,5,74,13.89,6.25,1.33,3.67,2,1,0.932444019138756,0.47944826466916335
902,,after_candidate_limit,,1830,73,5,73,13.89,6.25,1.33,2,2,1,0.9324387559808612,0.48286168731386075
903,,after_candidate_limit,,150,6,0,6,11.67,10.5,3,4.5,1,1,0.9324177033492823,0.4672129631786462
904,,after_candidate_limit,,127,5,2,5,11.67,10.5,2.17,3.25,1,3,0.9323645933014354,0.4543437776632158
905,,after_candidate_limit,,651,26,1,26,11.67,7,2.17,3.25,1,2,0.9321966507177033,0.4536364901123775
906,,after_candidate_limit,,300,12,0,12,11.67,3.5,2.17,3.25,1,1,0.9320990430622009,0.4576219194426722
907,,after_candidate_limit,,2255,90,5,90,15,13.5,3,4.5,2,1,0.9320497607655502,0.45757338605160874
908,,after_candidate_limit,,1480,59,5,59,13.89,12.5,1.33,2,2,1,0.9318708133971292,0.4404010202933379
909,,after_candidate_limit,,1481,59,6,59,13.89,12.5,1.33,2,2,2,0.9318133971291866,0.4543758686873262
910,,after_candidate_limit,,476,19,1,19,11.67,5.25,2.17,3.25,1,2,0.931777990430622,0.4495177851320151
911,,after_candidate_limit,,2031,81,6,81,13.89,8.33,1.33,3.67,2,2,0.9317684210526316,0.471841949459985
912,,after_candidate_limit,,2006,80,6,80,13.89,8.33,1.33,2,2,2,0.9317253588516746,0.4722223586975765
913,,after_candidate_limit,,652,26,2,26,11.67,7,2.17,3.25,1,3,0.9317066985645933,0.44788919157631524
914,,after_candidate_limit,,301,12,1,12,11.67,3.5,2.17,3.25,1,2,0.9315956937799043,0.44726972233846984
915,,after_candidate_limit,,128,5,3,5,11.67,10.5,2.17,3.25,1,8,0.9315856459330144,0.4470055610875085
916,,after_candidate_limit,,1506,60,6,60,13.89,12.5,1.33,3.67,2,2,0.9315263157894736,0.44868202754957376
917,,after_candidate_limit,,477,19,2,19,11.67,5.25,2.17,3.25,1,3,0.9314574162679425,0.4449772500704712
918,,after_candidate_limit,,675,27,0,27,11.67,7,3,4.5,1,1,0.9314272727272728,0.4901904741050213
919,,after_candidate_limit,,1680,67,5,67,13.89,4.17,1.33,3.67,2,1,0.9314263157894737,0.4653810933900929
920,,after_candidate_limit,,1655,66,5,66,13.89,4.17,1.33,2,2,1,0.9314215311004784,0.466578948941608
921,,after_candidate_limit,,302,12,2,12,11.67,3.5,2.17,3.25,1,3,0.931356937799043,0.44307319525960576
922,,after_candidate_limit,,303,12,3,12,11.67,3.5,2.17,3.25,1,8,0.9312799043062201,0.4372451720976618
923,,after_candidate_limit,,304,12,4,12,11.67,3.5,2.17,3.25,1,15,0.9312799043062201,0.4372451720976618
924,,after_candidate_limit,,478,19,3,19,11.67,5.25,2.17,3.25,1,8,0.9312799043062201,0.4372451720976618
925,,after_candidate_limit,,479,19,4,19,11.67,5.25,2.17,3.25,1,15,0.9312799043062201,0.4372451720976618
926,,after_candidate_limit,,653,26,3,26,11.67,7,2.17,3.25,1,8,0.9312799043062201,0.4372451720976618
927,,after_candidate_limit,,654,26,4,26,11.67,7,2.17,3.25,1,15,0.9312799043062201,0.4372451720976618
928,,after_candidate_limit,,129,5,4,5,11.67,10.5,2.17,3.25,1,15,0.9311837320574162,0.43434903541310554
929,,after_candidate_limit,,1856,74,6,74,13.89,6.25,1.33,3.67,2,2,0.9310971291866029,0.4581394582362172
930,,after_candidate_limit,,1831,73,6,73,13.89,6.25,1.33,2,2,2,0.9310875598086125,0.45849099239494606
931,,after_candidate_limit,,1482,59,7,59,13.89,12.5,1.33,2,2,3,0.931067942583732,0.4516900732712299
932,,after_candidate_limit,,1505,60,5,60,13.89,12.5,1.33,3.67,2,1,0.9310468899521531,0.4311798834839059
933,,after_candidate_limit,,2032,81,7,81,13.89,8.33,1.33,3.67,2,3,0.9310181818181819,0.4596925960382759
934,,after_candidate_limit,,1507,60,7,60,13.89,12.5,1.33,3.67,2,3,0.931000956937799,0.4507846608938724
935,,after_candidate_limit,,2136,85,11,85,15,13.5,0.5,1.38,3,2,0.9309722488038278,0.4655511504430337
936,,after_candidate_limit,,2007,80,7,80,13.89,8.33,1.33,2,2,3,0.9309468899521531,0.4586971714304624
937,,after_candidate_limit,,1681,67,6,67,13.89,4.17,1.33,3.67,2,2,0.9307377990430622,0.45442419120228217
938,,after_candidate_limit,,151,6,1,6,11.67,10.5,3,4.5,1,2,0.9307162679425838,0.46407584685633246
939,,after_candidate_limit,,1656,66,6,66,13.89,4.17,1.33,2,2,2,0.9307066985645933,0.45412558220229876
940,,after_candidate_limit,,1857,74,7,74,13.89,6.25,1.33,3.67,2,3,0.9305870813397129,0.45262737877486275
941,,after_candidate_limit,,1832,73,7,73,13.89,6.25,1.33,2,2,3,0.930576076555024,0.45256546766258626
942,,after_candidate_limit,,1483,59,8,59,13.89,12.5,1.33,2,2,8,0.9304837320574163,0.44975674911849994
943,,after_candidate_limit,,1682,67,7,67,13.89,4.17,1.33,3.67,2,3,0.9303665071770335,0.44902750881468495
944,,after_candidate_limit,,500,20,0,20,11.67,5.25,3,4.5,1,1,0.9303555023923445,0.4668223661159423
945,,after_candidate_limit,,1657,66,7,66,13.89,4.17,1.33,2,2,3,0.9303492822966507,0.44878145105870454
946,,after_candidate_limit,,1508,60,8,60,13.89,12.5,1.33,3.67,2,8,0.9303488038277512,0.44946678133500345
947,,after_candidate_limit,,2033,81,8,81,13.89,8.33,1.33,3.67,2,8,0.930221052631579,0.44262195959857314
948,,after_candidate_limit,,2008,80,8,80,13.89,8.33,1.33,2,2,8,0.9302186602870813,0.4426433034541107
949,,after_candidate_limit,,1658,66,8,66,13.89,4.17,1.33,2,2,8,0.930211004784689,0.44182752994981705
950,,after_candidate_limit,,1659,66,9,66,13.89,4.17,1.33,2,2,15,0.930211004784689,0.44182752994981705
951,,after_candidate_limit,,1683,67,8,67,13.89,4.17,1.33,3.67,2,8,0.930211004784689,0.44182752994981705
952,,after_candidate_limit,,1684,67,9,67,13.89,4.17,1.33,3.67,2,15,0.930211004784689,0.44182752994981705
953,,after_candidate_limit,,1833,73,8,73,13.89,6.25,1.33,2,2,8,0.930211004784689,0.44182752994981705
954,,after_candidate_limit,,1834,73,9,73,13.89,6.25,1.33,2,2,15,0.930211004784689,0.44182752994981705
955,,after_candidate_limit,,1858,74,8,74,13.89,6.25,1.33,3.67,2,8,0.930211004784689,0.44182752994981705
956,,after_candidate_limit,,1859,74,9,74,13.89,6.25,1.33,3.67,2,15,0.930211004784689,0.44182752994981705
957,,after_candidate_limit,,2009,80,9,80,13.89,8.33,1.33,2,2,15,0.930211004784689,0.44182752994981705
958,,after_candidate_limit,,2034,81,9,81,13.89,8.33,1.33,3.67,2,15,0.930211004784689,0.44182752994981705
959,,after_candidate_limit,,1484,59,9,59,13.89,12.5,1.33,2,2,15,0.9301794258373206,0.4450737374645161
960,,after_candidate_limit,,1509,60,9,60,13.89,12.5,1.33,3.67,2,15,0.9301574162679426,0.44444223194064464
961,,after_candidate_limit,,2055,82,5,82,13.89,8.33,2.17,3.25,2,1,0.9300899521531101,0.49684896220186564
962,,after_candidate_limit,,152,6,2,6,11.67,10.5,3,4.5,1,3,0.930011961722488,0.45563055408269804
963,,after_candidate_limit,,5,0,5,0,11.67,10.5,0.5,0.75,2,1,0.929888995215311,0.4542080286830152
964,,after_candidate_limit,,676,27,1,27,11.67,7,3,4.5,1,2,0.9298425837320574,0.4534242928840876
965,,after_candidate_limit,,325,13,0,13,11.67,3.5,3,4.5,1,1,0.9297607655502392,0.45812085502265393
966,,after_candidate_limit,,2110,84,10,84,15,13.5,0.5,0.75,3,1,0.9295377990430622,0.476374515032967
967,,after_candidate_limit,,501,20,1,20,11.67,5.25,3,4.5,1,2,0.9294253588516747,0.4497383460244027
968,,after_candidate_limit,,2161,86,11,86,15,13.5,0.5,2,3,2,0.9294191387559808,0.46032032345878604
969,,after_candidate_limit,,677,27,2,27,11.67,7,3,4.5,1,3,0.9293540669856459,0.4482331766444539
970,,after_candidate_limit,,30,1,5,1,11.67,10.5,0.5,1.38,2,1,0.9293234449760766,0.44446482414498983
971,,after_candidate_limit,,153,6,3,6,11.67,10.5,3,4.5,1,8,0.9292401913875598,0.4476084441259629
972,,after_candidate_limit,,326,13,1,13,11.67,3.5,3,4.5,1,2,0.9292368421052631,0.4475716847812364
973,,after_candidate_limit,,55,2,5,2,11.67,10.5,0.5,2,2,1,0.9291454545454545,0.4410426353292679
974,,after_candidate_limit,,2080,83,5,83,13.89,8.33,3,4.5,2,1,0.9291129186602871,0.49572938933736693
975,,after_candidate_limit,,502,20,2,20,11.67,5.25,3,4.5,1,3,0.9290913875598086,0.44528389559760495
976,,after_candidate_limit,,1880,75,5,75,13.89,6.25,2.17,3.25,2,1,0.9290602870813397,0.47632272745492277
977,,after_candidate_limit,,327,13,2,13,11.67,3.5,3,4.5,1,3,0.9289966507177033,0.4434473911734608
978,,after_candidate_limit,,328,13,3,13,11.67,3.5,3,4.5,1,8,0.9289129186602871,0.437435035839178
979,,after_candidate_limit,,329,13,4,13,11.67,3.5,3,4.5,1,15,0.9289129186602871,0.437435035839178
980,,after_candidate_limit,,503,20,3,20,11.67,5.25,3,4.5,1,8,0.9289129186602871,0.437435035839178
981,,after_candidate_limit,,504,20,4,20,11.67,5.25,3,4.5,1,15,0.9289129186602871,0.437435035839178
982,,after_candidate_limit,,678,27,3,27,11.67,7,3,4.5,1,8,0.9289129186602871,0.437435035839178
983,,after_candidate_limit,,679,27,4,27,11.67,7,3,4.5,1,15,0.9289129186602871,0.437435035839178
984,,after_candidate_limit,,154,6,4,6,11.67,10.5,3,4.5,1,15,0.9288244019138756,0.43461004448603563
985,,after_candidate_limit,,2056,82,6,82,13.89,8.33,2.17,3.25,2,2,0.9283837320574163,0.46882876483233316
986,,after_candidate_limit,,1935,77,10,77,13.89,8.33,0.5,0.75,3,1,0.9282976076555024,0.5011448231956663
987,,after_candidate_limit,,530,21,5,21,11.67,7,0.5,0.75,2,1,0.9281818181818182,0.47682231776219874
988,,after_candidate_limit,,6,0,6,0,11.67,10.5,0.5,0.75,2,2,0.9281588516746412,0.4521041648565358
989,,after_candidate_limit,,1960,78,10,78,13.89,8.33,0.5,1.38,3,1,0.9281387559808613,0.4956788024864527
990,,after_candidate_limit,,1985,79,10,79,13.89,8.33,0.5,2,3,1,0.9281081339712919,0.4940463364043351
991,,after_candidate_limit,,555,22,5,22,11.67,7,0.5,1.38,2,1,0.9280947368421053,0.47086579545040297
992,,after_candidate_limit,,580,23,5,23,11.67,7,0.5,2,2,1,0.9280794258373206,0.47068144572299275
993,,after_candidate_limit,,1905,76,5,76,13.89,6.25,3,4.5,2,1,0.928066985645933,0.4745716333344242
994,,after_candidate_limit,,1705,68,5,68,13.89,4.17,2.17,3.25,2,1,0.9280588516746412,0.4623313558635995
995,,after_candidate_limit,,1531,61,6,61,13.89,12.5,2.17,3.25,2,2,0.9279885167464115,0.44028916623434694
996,,after_candidate_limit,,31,1,6,1,11.67,10.5,0.5,1.38,2,2,0.9279358851674642,0.4470998387712908
997,,after_candidate_limit,,56,2,6,2,11.67,10.5,0.5,2,2,2,0.9278832535885168,0.4459597336133453
998,,after_candidate_limit,,1410,56,10,56,13.89,12.5,0.5,0.75,3,1,0.9278028708133972,0.46516188469689074
999,,after_candidate_limit,,1881,75,6,75,13.89,6.25,2.17,3.25,2,2,0.9277803827751196,0.4556256405156774
1000,,after_candidate_limit,,2057,82,7,82,13.89,8.33,2.17,3.25,2,3,0.92767990430622,0.456949367120821
1001,,after_candidate_limit,,1532,61,7,61,13.89,12.5,2.17,3.25,2,3,0.9275846889952153,0.44610583733588893
1002,,after_candidate_limit,,1530,61,5,61,13.89,12.5,2.17,3.25,2,1,0.9275119617224881,0.42437053416268267
1003,,after_candidate_limit,,1760,70,10,70,13.89,6.25,0.5,0.75,3,1,0.927511004784689,0.4890531431793978
1004,,after_candidate_limit,,1706,68,6,68,13.89,4.17,2.17,3.25,2,2,0.9274349282296651,0.45212957200724185
1005,,after_candidate_limit,,2081,83,6,83,13.89,8.33,3,4.5,2,2,0.9274306220095694,0.4685111556382013
1006,,after_candidate_limit,,1810,72,10,72,13.89,6.25,0.5,2,3,1,0.9273483253588517,0.4783667770111087
1007,,after_candidate_limit,,1785,71,10,71,13.89,6.25,0.5,1.38,3,1,0.9273368421052631,0.48155087479749803
1008,,after_candidate_limit,,1882,75,7,75,13.89,6.25,2.17,3.25,2,3,0.9272904306220096,0.4506126860009147
1009,,after_candidate_limit,,355,14,5,14,11.67,5.25,0.5,0.75,2,1,0.9272421052631579,0.45751396771742553
1010,,after_candidate_limit,,2735,109,10,109,15,9,1.33,3.67,3,1,0.9271377990430621,0.49750879131057973
1011,,after_candidate_limit,,2710,108,10,108,15,9,1.33,2,3,1,0.9271320574162679,0.49783679427862115
1012,,after_candidate_limit,,380,15,5,15,11.67,5.25,0.5,1.38,2,1,0.92711004784689,0.4523260686548434
1013,,after_candidate_limit,,7,0,7,0,11.67,10.5,0.5,0.75,2,3,0.9271043062200957,0.4391447937505682
1014,,after_candidate_limit,,1730,69,5,69,13.89,4.17,3,4.5,2,1,0.9270976076555024,0.462059558126868
1015,,after_candidate_limit,,1707,68,7,68,13.89,4.17,2.17,3.25,2,3,0.9270727272727273,0.44687918597140225
1016,,after_candidate_limit,,32,1,7,1,11.67,10.5,0.5,1.38,2,3,0.9270717703349283,0.4375444961168471
1017,,after_candidate_limit,,405,16,5,16,11.67,5.25,0.5,2,2,1,0.9270688995215312,0.45016229334149305
1018,,after_candidate_limit,,1533,61,8,61,13.89,12.5,2.17,3.25,2,8,0.927055980861244,0.44680951756899545
1019,,after_candidate_limit,,57,2,7,2,11.67,10.5,0.5,2,2,3,0.9270392344497608,0.4367624536471347
1020,,after_candidate_limit,,2058,82,8,82,13.89,8.33,2.17,3.25,2,8,0.9269157894736842,0.4403684936304291
1021,,after_candidate_limit,,1883,75,8,75,13.89,6.25,2.17,3.25,2,8,0.9269105263157895,0.4395845849806998
1022,,after_candidate_limit,,1708,68,8,68,13.89,4.17,2.17,3.25,2,8,0.9269095693779904,0.4395811708526229
1023,,after_candidate_limit,,1709,68,9,68,13.89,4.17,2.17,3.25,2,15,0.9269095693779904,0.4395811708526229
1024,,after_candidate_limit,,1884,75,9,75,13.89,6.25,2.17,3.25,2,15,0.9269095693779904,0.4395811708526229
1025,,after_candidate_limit,,2059,82,9,82,13.89,8.33,2.17,3.25,2,15,0.9269095693779904,0.4395811708526229
1026,,after_candidate_limit,,1534,61,9,61,13.89,12.5,2.17,3.25,2,15,0.9268636363636363,0.44239730160378915
1027,,after_candidate_limit,,1906,76,6,76,13.89,6.25,3,4.5,2,2,0.9268081339712919,0.45530409197671073
1028,,after_candidate_limit,,2082,83,7,83,13.89,8.33,3,4.5,2,3,0.9267373205741627,0.45676264889790363
1029,,after_candidate_limit,,1936,77,11,77,13.89,8.33,0.5,0.75,3,2,0.9267167464114833,0.47049542380523396
1030,,after_candidate_limit,,2560,102,10,102,15,6.75,1.33,3.67,3,1,0.92667990430622,0.49610396601787443
1031,,after_candidate_limit,,1961,78,11,78,13.89,8.33,0.5,1.38,3,2,0.9266755980861244,0.46905473745885234
1032,,after_candidate_limit,,1986,79,11,79,13.89,8.33,0.5,2,3,2,0.9266631578947369,0.4680908696282431
1033,,after_candidate_limit,,2535,101,10,101,15,6.75,1.33,2,3,1,0.9266516746411483,0.49594019661944344
1034,,after_candidate_limit,,531,21,6,21,11.67,7,0.5,0.75,2,2,0.926644976076555,0.4411376838807623
1035,,after_candidate_limit,,180,7,5,7,11.67,3.5,0.5,0.75,2,1,0.9266421052631579,0.44465439799046597
1036,,after_candidate_limit,,556,22,6,22,11.67,7,0.5,1.38,2,2,0.9266239234449761,0.43922756659127243
1037,,after_candidate_limit,,581,23,6,23,11.67,7,0.5,2,2,2,0.9266239234449761,0.4377129652170735
1038,,after_candidate_limit,,1585,63,10,63,13.89,4.17,0.5,0.75,3,1,0.9266239234449761,0.4705820857140191
1039,,after_candidate_limit,,1731,69,6,69,13.89,4.17,3,4.5,2,2,0.9264861244019139,0.4521459275535331
1040,,after_candidate_limit,,205,8,5,8,11.67,3.5,0.5,1.38,2,1,0.9264535885167464,0.43908846383246075
1041,,after_candidate_limit,,230,9,5,9,11.67,3.5,0.5,2,2,1,0.9264382775119617,0.4379257256091868
1042,,after_candidate_limit,,1556,62,6,62,13.89,12.5,3,4.5,2,2,0.9264143540669857,0.4372957609580791
1043,,after_candidate_limit,,1610,64,10,64,13.89,4.17,0.5,1.38,3,1,0.9263866028708134,0.46452339289852423
1044,,after_candidate_limit,,1557,62,7,62,13.89,12.5,3,4.5,2,3,0.9263607655502393,0.44416797841322925
1045,,after_candidate_limit,,1635,65,10,65,13.89,4.17,0.5,2,3,1,0.926333014354067,0.4625870080848041
1046,,after_candidate_limit,,1907,76,7,76,13.89,6.25,3,4.5,2,3,0.9263277511961723,0.45048646749127985
1047,,after_candidate_limit,,2736,109,11,109,15,9,1.33,3.67,3,2,0.9261459330143541,0.48123028353761726
1048,,after_candidate_limit,,406,16,6,16,11.67,5.25,0.5,2,2,2,0.9261263157894737,0.4308606062947524
1049,,after_candidate_limit,,356,14,6,14,11.67,5.25,0.5,0.75,2,2,0.9261253588516747,0.4317343911576225
1050,,after_candidate_limit,,381,15,6,15,11.67,5.25,0.5,1.38,2,2,0.9261167464114832,0.4309967963125246
1051,,after_candidate_limit,,1732,69,7,69,13.89,4.17,3,4.5,2,3,0.926111961722488,0.44671581813090755
1052,,after_candidate_limit,,2711,108,11,108,15,9,1.33,2,3,2,0.9261052631578948,0.4806774980103321
1053,,after_candidate_limit,,532,21,7,21,11.67,7,0.5,0.75,2,3,0.926067942583732,0.42934293281278396
1054,,after_candidate_limit,,1761,70,11,70,13.89,6.25,0.5,0.75,3,2,0.9260593301435407,0.4559658148912329
1055,,after_candidate_limit,,582,23,7,23,11.67,7,0.5,2,2,3,0.9260545454545455,0.42880799122872937
1056,,after_candidate_limit,,557,22,7,22,11.67,7,0.5,1.38,2,3,0.9260454545454545,0.42892350911580474
1057,,after_candidate_limit,,1558,62,8,62,13.89,12.5,3,4.5,2,8,0.9260263157894737,0.4460851965115945
1058,,after_candidate_limit,,1811,72,11,72,13.89,6.25,0.5,2,3,2,0.9260157894736842,0.4545331045488915
1059,,after_candidate_limit,,1786,71,11,71,13.89,6.25,0.5,1.38,3,2,0.9260033492822967,0.4547773744307573
1060,,after_candidate_limit,,2083,83,8,83,13.89,8.33,3,4.5,2,8,0.925944019138756,0.4400394446449773
1061,,after_candidate_limit,,1733,69,8,69,13.89,4.17,3,4.5,2,8,0.9259421052631579,0.43937141401673296
1062,,after_candidate_limit,,1734,69,9,69,13.89,4.17,3,4.5,2,15,0.9259421052631579,0.43937141401673296
1063,,after_candidate_limit,,1908,76,8,76,13.89,6.25,3,4.5,2,8,0.9259421052631579,0.43937141401673296
1064,,after_candidate_limit,,1909,76,9,76,13.89,6.25,3,4.5,2,15,0.9259421052631579,0.43937141401673296
1065,,after_candidate_limit,,2084,83,9,83,13.89,8.33,3,4.5,2,15,0.9259421052631579,0.43937141401673296
1066,,after_candidate_limit,,231,9,6,9,11.67,3.5,0.5,2,2,2,0.9259153110047846,0.4274849727315146
1067,,after_candidate_limit,,1987,79,12,79,13.89,8.33,0.5,2,3,3,0.9259100478468899,0.45438767446256545
1068,,after_candidate_limit,,1411,56,11,56,13.89,12.5,0.5,0.75,3,2,0.9259071770334928,0.4551842062801111
1069,,after_candidate_limit,,181,7,6,7,11.67,3.5,0.5,0.75,2,2,0.9259038277511962,0.42739933962766047
1070,,after_candidate_limit,,206,8,6,8,11.67,3.5,0.5,1.38,2,2,0.9259038277511962,0.4273142593244439
1071,,after_candidate_limit,,1962,78,12,78,13.89,8.33,0.5,1.38,3,3,0.925888995215311,0.45415265040174635
1072,,after_candidate_limit,,1559,62,9,62,13.89,12.5,3,4.5,2,15,0.925878947368421,0.44187529168668893
1073,,after_candidate_limit,,2760,110,10,110,15,9,2.17,3.25,3,1,0.9258631578947368,0.49790997623556704
1074,,after_candidate_limit,,1937,77,12,77,13.89,8.33,0.5,0.75,3,3,0.9258363636363637,0.45455818776856505
1075,,after_candidate_limit,,407,16,7,16,11.67,5.25,0.5,2,2,3,0.9258301435406698,0.425739316378991
1076,,after_candidate_limit,,382,15,7,15,11.67,5.25,0.5,1.38,2,3,0.9258272727272727,0.42560263348864996
1077,,after_candidate_limit,,357,14,7,14,11.67,5.25,0.5,0.75,2,3,0.925822009569378,0.4259467753077465
1078,,after_candidate_limit,,58,2,8,2,11.67,10.5,0.5,2,2,8,0.925821052631579,0.42652585183413333
1079,,after_candidate_limit,,8,0,8,0,11.67,10.5,0.5,0.75,2,8,0.9257760765550239,0.4257578168327274
1080,,after_candidate_limit,,33,1,8,1,11.67,10.5,0.5,1.38,2,8,0.9257760765550239,0.4256708628889088
1081,,after_candidate_limit,,232,9,7,9,11.67,3.5,0.5,2,2,3,0.9256913875598086,0.42300447432625043
1082,,after_candidate_limit,,182,7,7,7,11.67,3.5,0.5,0.75,2,3,0.9256909090909091,0.42295657490341815
1083,,after_candidate_limit,,207,8,7,8,11.67,3.5,0.5,1.38,2,3,0.9256856459330144,0.42280178944871266
1084,,after_candidate_limit,,533,21,8,21,11.67,7,0.5,0.75,2,8,0.9256325358851675,0.4172853427838822
1085,,after_candidate_limit,,583,23,8,23,11.67,7,0.5,2,2,8,0.9256325358851675,0.4172853427838822
1086,,after_candidate_limit,,183,7,8,7,11.67,3.5,0.5,0.75,2,8,0.9256315789473685,0.4172810420887013
1087,,after_candidate_limit,,184,7,9,7,11.67,3.5,0.5,0.75,2,15,0.9256315789473685,0.4172810420887013
1088,,after_candidate_limit,,208,8,8,8,11.67,3.5,0.5,1.38,2,8,0.9256315789473685,0.4172810420887013
1089,,after_candidate_limit,,209,8,9,8,11.67,3.5,0.5,1.38,2,15,0.9256315789473685,0.4172810420887013
1090,,after_candidate_limit,,233,9,8,9,11.67,3.5,0.5,2,2,8,0.9256315789473685,0.4172810420887013
1091,,after_candidate_limit,,234,9,9,9,11.67,3.5,0.5,2,2,15,0.9256315789473685,0.4172810420887013
1092,,after_candidate_limit,,358,14,8,14,11.67,5.25,0.5,0.75,2,8,0.9256315789473685,0.4172810420887013
1093,,after_candidate_limit,,359,14,9,14,11.67,5.25,0.5,0.75,2,15,0.9256315789473685,0.4172810420887013
1094,,after_candidate_limit,,383,15,8,15,11.67,5.25,0.5,1.38,2,8,0.9256315789473685,0.4172810420887013
1095,,after_candidate_limit,,384,15,9,15,11.67,5.25,0.5,1.38,2,15,0.9256315789473685,0.4172810420887013
1096,,after_candidate_limit,,408,16,8,16,11.67,5.25,0.5,2,2,8,0.9256315789473685,0.4172810420887013
1097,,after_candidate_limit,,409,16,9,16,11.67,5.25,0.5,2,2,15,0.9256315789473685,0.4172810420887013
1098,,after_candidate_limit,,534,21,9,21,11.67,7,0.5,0.75,2,15,0.9256315789473685,0.4172810420887013
1099,,after_candidate_limit,,558,22,8,22,11.67,7,0.5,1.38,2,8,0.9256315789473685,0.4172810420887013
1100,,after_candidate_limit,,559,22,9,22,11.67,7,0.5,1.38,2,15,0.9256315789473685,0.4172810420887013
1101,,after_candidate_limit,,584,23,9,23,11.67,7,0.5,2,2,15,0.9256315789473685,0.4172810420887013
1102,,after_candidate_limit,,1636,65,11,65,13.89,4.17,0.5,2,3,2,0.9255956937799044,0.44907277768171094
1103,,after_candidate_limit,,1555,62,5,62,13.89,12.5,3,4.5,2,1,0.9255894736842105,0.42240474674905887
1104,,after_candidate_limit,,59,2,9,2,11.67,10.5,0.5,2,2,15,0.925588995215311,0.41447638378489243
1105,,after_candidate_limit,,2135,85,10,85,15,13.5,0.5,1.38,3,1,0.9255885167464115,0.4591616881542854
1106,,after_candidate_limit,,9,0,9,0,11.67,10.5,0.5,0.75,2,15,0.9255818181818182,0.41416239893388723
1107,,after_candidate_limit,,34,1,9,1,11.67,10.5,0.5,1.38,2,15,0.9255765550239234,0.4144235894755032
1108,,after_candidate_limit,,1611,64,11,64,13.89,4.17,0.5,1.38,3,2,0.9255665071770335,0.44879254108536754
1109,,after_candidate_limit,,1586,63,11,63,13.89,4.17,0.5,0.75,3,2,0.9255468899521531,0.4488383376243435
1110,,after_candidate_limit,,1762,70,12,70,13.89,6.25,0.5,0.75,3,3,0.9255124401913876,0.44829912619681644
1111,,after_candidate_limit,,1812,72,12,72,13.89,6.25,0.5,2,3,3,0.925511004784689,0.4483586385690887
1112,,after_candidate_limit,,1787,71,12,71,13.89,6.25,0.5,1.38,3,3,0.9255004784688995,0.44816673308543936
1113,,after_candidate_limit,,1412,56,12,56,13.89,12.5,0.5,0.75,3,3,0.9254880382775119,0.4513894158692281
1114,,after_candidate_limit,,2360,94,10,94,15,4.5,1.33,2,3,1,0.9254119617224881,0.4694225616222073
1115,,after_candidate_limit,,2585,103,10,103,15,6.75,2.17,3.25,3,1,0.9253861244019139,0.4967583608577519
1116,,after_candidate_limit,,2385,95,10,95,15,4.5,1.33,3.67,3,1,0.9253435406698565,0.46687300703906026
1117,,after_candidate_limit,,2785,111,10,111,15,9,3,4.5,3,1,0.9253234449760765,0.4983200949048508
1118,,after_candidate_limit,,1413,56,13,56,13.89,12.5,0.5,0.75,3,8,0.9253071770334929,0.4483502144685211
1119,,after_candidate_limit,,1587,63,12,63,13.89,4.17,0.5,0.75,3,3,0.9253004784688995,0.4444548945421965
1120,,after_candidate_limit,,1637,65,12,65,13.89,4.17,0.5,2,3,3,0.9252923444976077,0.4443634263093646
1121,,after_candidate_limit,,1612,64,12,64,13.89,4.17,0.5,1.38,3,3,0.9252904306220096,0.44433693624313936
1122,,after_candidate_limit,,1438,57,13,57,13.89,12.5,0.5,1.38,3,8,0.9251942583732058,0.4453580896218882
1123,,after_candidate_limit,,2737,109,12,109,15,9,1.33,3.67,3,3,0.9251894736842106,0.46908055602346743
1124,,after_candidate_limit,,2536,101,11,101,15,6.75,1.33,2,3,2,0.9251846889952153,0.4621571266557967
1125,,after_candidate_limit,,1988,79,13,79,13.89,8.33,0.5,2,3,8,0.9251822966507177,0.43842014739677276
1126,,after_candidate_limit,,1963,78,13,78,13.89,8.33,0.5,1.38,3,8,0.9251803827751196,0.43841695622769716
1127,,after_candidate_limit,,1435,57,10,57,13.89,12.5,0.5,1.38,3,1,0.9251799043062201,0.44242494084077805
1128,,after_candidate_limit,,1938,77,13,77,13.89,8.33,0.5,0.75,3,8,0.9251746411483254,0.43790386955476945
1129,,after_candidate_limit,,1588,63,13,63,13.89,4.17,0.5,0.75,3,8,0.9251732057416268,0.43758097491493547
1130,,after_candidate_limit,,1589,63,14,63,13.89,4.17,0.5,0.75,3,15,0.9251732057416268,0.43758097491493547
1131,,after_candidate_limit,,1613,64,13,64,13.89,4.17,0.5,1.38,3,8,0.9251732057416268,0.43758097491493547
1132,,after_candidate_limit,,1614,64,14,64,13.89,4.17,0.5,1.38,3,15,0.9251732057416268,0.43758097491493547
1133,,after_candidate_limit,,1638,65,13,65,13.89,4.17,0.5,2,3,8,0.9251732057416268,0.43758097491493547
1134,,after_candidate_limit,,1639,65,14,65,13.89,4.17,0.5,2,3,15,0.9251732057416268,0.43758097491493547
1135,,after_candidate_limit,,1763,70,13,70,13.89,6.25,0.5,0.75,3,8,0.9251732057416268,0.43758097491493547
1136,,after_candidate_limit,,1764,70,14,70,13.89,6.25,0.5,0.75,3,15,0.9251732057416268,0.43758097491493547
1137,,after_candidate_limit,,1788,71,13,71,13.89,6.25,0.5,1.38,3,8,0.9251732057416268,0.43758097491493547
1138,,after_candidate_limit,,1789,71,14,71,13.89,6.25,0.5,1.38,3,15,0.9251732057416268,0.43758097491493547
1139,,after_candidate_limit,,1813,72,13,72,13.89,6.25,0.5,2,3,8,0.9251732057416268,0.43758097491493547
1140,,after_candidate_limit,,1814,72,14,72,13.89,6.25,0.5,2,3,15,0.9251732057416268,0.43758097491493547
1141,,after_candidate_limit,,1939,77,14,77,13.89,8.33,0.5,0.75,3,15,0.9251732057416268,0.43758097491493547
1142,,after_candidate_limit,,1964,78,14,78,13.89,8.33,0.5,1.38,3,15,0.9251732057416268,0.43758097491493547
1143,,after_candidate_limit,,1989,79,14,79,13.89,8.33,0.5,2,3,15,0.9251732057416268,0.43758097491493547
1144,,after_candidate_limit,,2561,102,11,102,15,6.75,1.33,3.67,3,2,0.9251607655502392,0.4603956886713435
1145,,after_candidate_limit,,1463,58,13,58,13.89,12.5,0.5,2,3,8,0.9251043062200957,0.4451402829675208
1146,,after_candidate_limit,,2712,108,12,108,15,9,1.33,2,3,3,0.9250990430622009,0.4677184632620749
1147,,after_candidate_limit,,1414,56,14,56,13.89,12.5,0.5,0.75,3,15,0.9250617224880383,0.4407169225258998
1148,,after_candidate_limit,,1439,57,14,57,13.89,12.5,0.5,1.38,3,15,0.9249933014354067,0.44029981661500983
1149,,after_candidate_limit,,1436,57,11,57,13.89,12.5,0.5,1.38,3,2,0.9249875598086125,0.44984435411528617
1150,,after_candidate_limit,,1464,58,14,58,13.89,12.5,0.5,2,3,15,0.9249712918660287,0.44042008154365103
1151,,after_candidate_limit,,2610,104,10,104,15,6.75,3,4.5,3,1,0.9249167464114832,0.4975486670356169
1152,,after_candidate_limit,,1437,57,12,57,13.89,12.5,0.5,1.38,3,3,0.9249090909090909,0.4512406495044319
1153,,after_candidate_limit,,2761,110,11,110,15,9,2.17,3.25,3,2,0.9248703349282297,0.48212118669072357
1154,,after_candidate_limit,,2386,95,11,95,15,4.5,1.33,3.67,3,2,0.9247086124401914,0.4562285362645611
1155,,after_candidate_limit,,2361,94,11,94,15,4.5,1.33,2,3,2,0.92467990430622,0.45591598643229136
1156,,after_candidate_limit,,2562,102,12,102,15,6.75,1.33,3.67,3,3,0.9246454545454545,0.45508726820900225
1157,,after_candidate_limit,,2537,101,12,101,15,6.75,1.33,2,3,3,0.9246406698564593,0.45566480473777204
1158,,after_candidate_limit,,1462,58,12,58,13.89,12.5,0.5,2,3,3,0.9244373205741627,0.447750040909987
1159,,after_candidate_limit,,2786,111,11,111,15,9,3,4.5,3,2,0.92438995215311,0.48226258624825435
1160,,after_candidate_limit,,2387,95,12,95,15,4.5,1.33,3.67,3,3,0.9243301435406699,0.4509567718422825
1161,,after_candidate_limit,,2362,94,12,94,15,4.5,1.33,2,3,3,0.9243071770334929,0.4505776624723038
1162,,after_candidate_limit,,2214,88,14,88,15,13.5,1.33,3.67,3,15,0.9241727272727273,0.4513590586975233
1163,,after_candidate_limit,,2363,94,13,94,15,4.5,1.33,2,3,8,0.9241516746411483,0.4426838693994938
1164,,after_candidate_limit,,2364,94,14,94,15,4.5,1.33,2,3,15,0.9241516746411483,0.4426838693994938
1165,,after_candidate_limit,,2388,95,13,95,15,4.5,1.33,3.67,3,8,0.9241516746411483,0.4426838693994938
1166,,after_candidate_limit,,2389,95,14,95,15,4.5,1.33,3.67,3,15,0.9241516746411483,0.4426838693994938
1167,,after_candidate_limit,,2538,101,13,101,15,6.75,1.33,2,3,8,0.9241516746411483,0.4426838693994938
1168,,after_candidate_limit,,2539,101,14,101,15,6.75,1.33,2,3,15,0.9241516746411483,0.4426838693994938
1169,,after_candidate_limit,,2563,102,13,102,15,6.75,1.33,3.67,3,8,0.9241516746411483,0.4426838693994938
1170,,after_candidate_limit,,2564,102,14,102,15,6.75,1.33,3.67,3,15,0.9241516746411483,0.4426838693994938
1171,,after_candidate_limit,,2714,108,14,108,15,9,1.33,2,3,15,0.9241516746411483,0.4426838693994938
1172,,after_candidate_limit,,2739,109,14,109,15,9,1.33,3.67,3,15,0.9241516746411483,0.4426838693994938
1173,,after_candidate_limit,,2189,87,14,87,15,13.5,1.33,2,3,15,0.9241468899521531,0.4495587834079986
1174,,after_candidate_limit,,2713,108,13,108,15,9,1.33,2,3,8,0.9240688995215312,0.4418101441036551
1175,,after_candidate_limit,,2410,96,10,96,15,4.5,2.17,3.25,3,1,0.9240607655502392,0.46793869168820273
1176,,after_candidate_limit,,2738,109,13,109,15,9,1.33,3.67,3,8,0.9240526315789473,0.4416745908151802
1177,,after_candidate_limit,,1460,58,10,58,13.89,12.5,0.5,2,3,1,0.923934928229665,0.4325407240251287
1178,,after_candidate_limit,,1461,58,11,58,13.89,12.5,0.5,2,3,2,0.9239138755980861,0.44538054711380354
1179,,after_candidate_limit,,2762,110,12,110,15,9,2.17,3.25,3,3,0.9239076555023924,0.46991971817736233
1180,,after_candidate_limit,,2586,103,11,103,15,6.75,2.17,3.25,3,2,0.9238712918660287,0.46121146044336325
1181,,after_candidate_limit,,2188,87,13,87,15,13.5,1.33,2,3,8,0.9236636363636364,0.442409528470536
1182,,after_candidate_limit,,2435,97,10,97,15,4.5,3,4.5,3,1,0.9235727272727273,0.46790766724887983
1183,,after_candidate_limit,,2787,111,12,111,15,9,3,4.5,3,3,0.9234650717703349,0.47130110374091566
1184,,after_candidate_limit,,2213,88,13,88,15,13.5,1.33,3.67,3,8,0.9234406698564593,0.4413090562989709
1185,,after_candidate_limit,,2411,96,11,96,15,4.5,2.17,3.25,3,2,0.9234325358851675,0.45706011575353456
1186,,after_candidate_limit,,2611,104,11,104,15,6.75,3,4.5,3,2,0.92338995215311,0.4615539262371108
1187,,after_candidate_limit,,2587,103,12,103,15,6.75,2.17,3.25,3,3,0.9233598086124402,0.45592045403718545
1188,,after_candidate_limit,,2412,96,12,96,15,4.5,2.17,3.25,3,3,0.9230397129186603,0.4517571579836315
1189,,after_candidate_limit,,2436,97,11,97,15,4.5,3,4.5,3,2,0.9229641148325359,0.4578364417928341
1190,,after_candidate_limit,,2239,89,14,89,15,13.5,2.17,3.25,3,15,0.9228755980861244,0.4517354114771604
1191,,after_candidate_limit,,2612,104,12,104,15,6.75,3,4.5,3,3,0.9228717703349282,0.4565274771690892
1192,,after_candidate_limit,,2764,110,14,110,15,9,2.17,3.25,3,15,0.9228535885167464,0.4433725501089899
1193,,after_candidate_limit,,2413,96,13,96,15,4.5,2.17,3.25,3,8,0.9228507177033493,0.4433678705321834
1194,,after_candidate_limit,,2414,96,14,96,15,4.5,2.17,3.25,3,15,0.9228507177033493,0.4433678705321834
1195,,after_candidate_limit,,2588,103,13,103,15,6.75,2.17,3.25,3,8,0.9228507177033493,0.4433678705321834
1196,,after_candidate_limit,,2589,103,14,103,15,6.75,2.17,3.25,3,15,0.9228507177033493,0.4433678705321834
1197,,after_candidate_limit,,2763,110,13,110,15,9,2.17,3.25,3,8,0.9227507177033493,0.44235250469600984
1198,,after_candidate_limit,,2437,97,12,97,15,4.5,3,4.5,3,3,0.9225612440191387,0.4525379118566666
1199,,after_candidate_limit,,2264,90,14,90,15,13.5,3,4.5,3,15,0.9224406698564593,0.4536063532324033
1200,,after_candidate_limit,,2438,97,13,97,15,4.5,3,4.5,3,8,0.9223684210526316,0.4440966317100732
1201,,after_candidate_limit,,2439,97,14,97,15,4.5,3,4.5,3,15,0.9223684210526316,0.4440966317100732
1202,,after_candidate_limit,,2613,104,13,104,15,6.75,3,4.5,3,8,0.9223684210526316,0.4440966317100732
1203,,after_candidate_limit,,2614,104,14,104,15,6.75,3,4.5,3,15,0.9223684210526316,0.4440966317100732
1204,,after_candidate_limit,,2789,111,14,111,15,9,3,4.5,3,15,0.9223684210526316,0.4440966317100732
1205,,after_candidate_limit,,2788,111,13,111,15,9,3,4.5,3,8,0.9222598086124402,0.44321238565150867
1206,,after_candidate_limit,,2160,86,10,86,15,13.5,0.5,2,3,1,0.9222478468899522,0.45152971969881067
1207,,after_candidate_limit,,2238,89,13,89,15,13.5,2.17,3.25,3,8,0.9222148325358852,0.44194583886918715
1208,,after_candidate_limit,,2263,90,13,90,15,13.5,3,4.5,3,8,0.9217047846889952,0.44308899370936283
1209,,after_candidate_limit,,780,31,5,31,12.78,11.5,1.33,2,2,1,0.9209588516746412,0.4189827592871768
1210,,after_candidate_limit,,805,32,5,32,12.78,11.5,1.33,3.67,2,1,0.9208564593301436,0.4140706563628223
1211,,after_candidate_limit,,1330,53,5,53,12.78,7.67,1.33,3.67,2,1,0.9190181818181818,0.46525436450350605
1212,,after_candidate_limit,,1305,52,5,52,12.78,7.67,1.33,2,2,1,0.9189923444976077,0.46694689292187735
1213,,after_candidate_limit,,2187,87,12,87,15,13.5,1.33,2,3,3,0.9188564593301436,0.4338916986486126
1214,,after_candidate_limit,,781,31,6,31,12.78,11.5,1.33,2,2,2,0.9182645933014354,0.4307279432089168
1215,,after_candidate_limit,,806,32,6,32,12.78,11.5,1.33,3.67,2,2,0.9182186602870813,0.42556083215085516
1216,,after_candidate_limit,,1155,46,5,46,12.78,5.75,1.33,3.67,2,1,0.9181186602870813,0.44440976959215495
1217,,after_candidate_limit,,1130,45,5,45,12.78,5.75,1.33,2,2,1,0.9180918660287082,0.44652206977972136
1218,,after_candidate_limit,,2212,88,12,88,15,13.5,1.33,3.67,3,3,0.9177090909090909,0.427710093477392
1219,,after_candidate_limit,,1331,53,6,53,12.78,7.67,1.33,3.67,2,2,0.9176296650717704,0.44091090819528933
1220,,after_candidate_limit,,1306,52,6,52,12.78,7.67,1.33,2,2,2,0.9175732057416268,0.4393506720461851
1221,,after_candidate_limit,,782,31,7,31,12.78,11.5,1.33,2,2,3,0.9173655502392345,0.4279420775666956
1222,,after_candidate_limit,,830,33,5,33,12.78,11.5,2.17,3.25,2,1,0.9172784688995216,0.4160643974492888
1223,,after_candidate_limit,,980,39,5,39,12.78,3.83,1.33,3.67,2,1,0.9172655502392344,0.4323462079838117
1224,,after_candidate_limit,,955,38,5,38,12.78,3.83,1.33,2,2,1,0.9172612440191388,0.43289676462962634
1225,,after_candidate_limit,,807,32,7,32,12.78,11.5,1.33,3.67,2,3,0.9170985645933014,0.42060371640175387
1226,,after_candidate_limit,,1156,46,6,46,12.78,5.75,1.33,3.67,2,2,0.9169598086124402,0.4274127179012
1227,,after_candidate_limit,,1131,45,6,45,12.78,5.75,1.33,2,2,2,0.9169507177033492,0.427403262202681
1228,,after_candidate_limit,,1332,53,7,53,12.78,7.67,1.33,3.67,2,3,0.916911961722488,0.4259001703577442
1229,,after_candidate_limit,,1307,52,7,52,12.78,7.67,1.33,2,2,3,0.9168990430622009,0.4252752636668345
1230,,after_candidate_limit,,981,39,6,39,12.78,3.83,1.33,3.67,2,2,0.916712918660287,0.4239271782809207
1231,,after_candidate_limit,,956,38,6,38,12.78,3.83,1.33,2,2,2,0.9166909090909091,0.4236854879270497
1232,,after_candidate_limit,,1157,46,7,46,12.78,5.75,1.33,3.67,2,3,0.9166062200956938,0.4218274094813213
1233,,after_candidate_limit,,1132,45,7,45,12.78,5.75,1.33,2,2,3,0.9165985645933015,0.4218698964750221
1234,,after_candidate_limit,,2237,89,12,89,15,13.5,2.17,3.25,3,3,0.9165837320574163,0.43171096182860136
1235,,after_candidate_limit,,783,31,8,31,12.78,11.5,1.33,2,2,8,0.9165770334928229,0.4207283681406772
1236,,after_candidate_limit,,808,32,8,32,12.78,11.5,1.33,3.67,2,8,0.916556937799043,0.4211147122446765
1237,,after_candidate_limit,,2186,87,11,87,15,13.5,1.33,2,3,2,0.9165387559808612,0.423903251766741
1238,,after_candidate_limit,,982,39,7,39,12.78,3.83,1.33,3.67,2,3,0.9164511961722488,0.41927691879577794
1239,,after_candidate_limit,,957,38,7,38,12.78,3.83,1.33,2,2,3,0.9164368421052631,0.41901842560957175
1240,,after_candidate_limit,,1333,53,8,53,12.78,7.67,1.33,3.67,2,8,0.9163444976076555,0.4129954454711443
1241,,after_candidate_limit,,958,38,8,38,12.78,3.83,1.33,2,2,8,0.9163435406698565,0.41219544547114434
1242,,after_candidate_limit,,959,38,9,38,12.78,3.83,1.33,2,2,15,0.9163435406698565,0.41219544547114434
1243,,after_candidate_limit,,983,39,8,39,12.78,3.83,1.33,3.67,2,8,0.9163435406698565,0.41219544547114434
1244,,after_candidate_limit,,984,39,9,39,12.78,3.83,1.33,3.67,2,15,0.9163435406698565,0.41219544547114434
1245,,after_candidate_limit,,1133,45,8,45,12.78,5.75,1.33,2,2,8,0.9163435406698565,0.41219544547114434
1246,,after_candidate_limit,,1134,45,9,45,12.78,5.75,1.33,2,2,15,0.9163435406698565,0.41219544547114434
1247,,after_candidate_limit,,1158,46,8,46,12.78,5.75,1.33,3.67,2,8,0.9163435406698565,0.41219544547114434
1248,,after_candidate_limit,,1159,46,9,46,12.78,5.75,1.33,3.67,2,15,0.9163435406698565,0.41219544547114434
1249,,after_candidate_limit,,1308,52,8,52,12.78,7.67,1.33,2,2,8,0.9163435406698565,0.41219544547114434
1250,,after_candidate_limit,,1309,52,9,52,12.78,7.67,1.33,2,2,15,0.9163435406698565,0.41219544547114434
1251,,after_candidate_limit,,1334,53,9,53,12.78,7.67,1.33,3.67,2,15,0.9163435406698565,0.41219544547114434
1252,,after_candidate_limit,,855,34,5,34,12.78,11.5,3,4.5,2,1,0.9162822966507177,0.4140391090651224
1253,,after_candidate_limit,,809,32,9,32,12.78,11.5,1.33,3.67,2,15,0.9162162679425837,0.41281755793710684
1254,,after_candidate_limit,,710,28,10,28,12.78,11.5,0.5,0.75,3,1,0.916211004784689,0.43327094945833367
1255,,after_candidate_limit,,784,31,9,31,12.78,11.5,1.33,2,2,15,0.9161971291866029,0.41214216489113104
1256,,after_candidate_limit,,1355,54,5,54,12.78,7.67,2.17,3.25,2,1,0.9157062200956938,0.4654777524529664
1257,,after_candidate_limit,,4100,164,0,164,9.44,8.5,1.33,2,1,1,0.9156822966507177,0.41285171033503876
1258,,after_candidate_limit,,4125,165,0,165,9.44,8.5,1.33,3.67,1,1,0.915666028708134,0.4138983879023719
1259,,after_candidate_limit,,2262,90,12,90,15,13.5,3,4.5,3,3,0.9154717703349282,0.42853827980637704
1260,,after_candidate_limit,,735,29,10,29,12.78,11.5,0.5,1.38,3,1,0.9149301435406698,0.416958208980157
1261,,after_candidate_limit,,1380,55,5,55,12.78,7.67,3,4.5,2,1,0.9149272727272727,0.46578459312563764
1262,,after_candidate_limit,,831,33,6,33,12.78,11.5,2.17,3.25,2,2,0.9148765550239234,0.42739667836575856
1263,,after_candidate_limit,,1235,49,10,49,12.78,7.67,0.5,0.75,3,1,0.9148746411483254,0.4661658026545747
1264,,after_candidate_limit,,1180,47,5,47,12.78,5.75,2.17,3.25,2,1,0.9148392344497608,0.44495857239591075
1265,,after_candidate_limit,,1285,51,10,51,12.78,7.67,0.5,2,3,1,0.9147846889952153,0.4569002424422904
1266,,after_candidate_limit,,1260,50,10,50,12.78,7.67,0.5,1.38,3,1,0.9147569377990431,0.45860124411135894
1267,,after_candidate_limit,,760,30,10,30,12.78,11.5,0.5,2,3,1,0.9144956937799044,0.41043134815777865
1268,,after_candidate_limit,,1356,54,6,54,12.78,7.67,2.17,3.25,2,2,0.9143224880382775,0.4409596163479338
1269,,after_candidate_limit,,711,28,11,28,12.78,11.5,0.5,0.75,3,2,0.9143057416267942,0.42946376724596924
1270,,after_candidate_limit,,856,34,6,34,12.78,11.5,3,4.5,2,2,0.9142334928229665,0.4248999892949695
1271,,after_candidate_limit,,3950,158,0,158,9.44,5.66,1.33,3.67,1,1,0.9141894736842106,0.40313037755559794
1272,,after_candidate_limit,,3925,157,0,157,9.44,5.66,1.33,2,1,1,0.914155980861244,0.4071205023417236
1273,,after_candidate_limit,,1205,48,5,48,12.78,5.75,3,4.5,2,1,0.9140813397129186,0.4449301238298459
1274,,after_candidate_limit,,2211,88,11,88,15,13.5,1.33,3.67,3,2,0.914067942583732,0.4169244935914677
1275,,after_candidate_limit,,4126,165,1,165,9.44,8.5,1.33,3.67,1,2,0.9140153110047847,0.40039814468105295
1276,,after_candidate_limit,,1005,40,5,40,12.78,3.83,2.17,3.25,2,1,0.9139765550239235,0.4329083307344057
1277,,after_candidate_limit,,4101,164,1,164,9.44,8.5,1.33,2,1,2,0.9139645933014354,0.3997992829433772
1278,,after_candidate_limit,,1060,42,10,42,12.78,5.75,0.5,0.75,3,1,0.9138727272727273,0.4470365178559877
1279,,after_candidate_limit,,832,33,7,33,12.78,11.5,2.17,3.25,2,3,0.9138593301435407,0.42394018602372263
1280,,after_candidate_limit,,1085,43,10,43,12.78,5.75,0.5,1.38,3,1,0.9137636363636363,0.44037146689702533
1281,,after_candidate_limit,,1110,44,10,44,12.78,5.75,0.5,2,3,1,0.9137521531100479,0.4375255196683728
1282,,after_candidate_limit,,1181,47,6,47,12.78,5.75,2.17,3.25,2,2,0.9136827751196173,0.42787417284769
1283,,after_candidate_limit,,3775,151,0,151,9.44,4.25,1.33,3.67,1,1,0.9136334928229665,0.3965963222034411
1284,,after_candidate_limit,,3750,150,0,150,9.44,4.25,1.33,2,1,1,0.9136296650717703,0.39714780616961176
1285,,after_candidate_limit,,1357,54,7,54,12.78,7.67,2.17,3.25,2,3,0.9136248803827751,0.42638262668311944
1286,,after_candidate_limit,,712,28,12,28,12.78,11.5,0.5,0.75,3,3,0.9135722488038277,0.4261792369991777
1287,,after_candidate_limit,,1381,55,6,55,12.78,7.67,3,4.5,2,2,0.9135483253588517,0.44184425203481603
1288,,after_candidate_limit,,4127,165,2,165,9.44,8.5,1.33,3.67,1,3,0.9134593301435406,0.3929154498204451
1289,,after_candidate_limit,,4102,164,2,164,9.44,8.5,1.33,2,1,3,0.9134421052631579,0.39267691879512573
1290,,after_candidate_limit,,736,29,11,29,12.78,11.5,0.5,1.38,3,2,0.9134382775119617,0.42210848733046596
1291,,after_candidate_limit,,1006,40,6,40,12.78,3.83,2.17,3.25,2,2,0.9134377990430622,0.42431814339111334
1292,,after_candidate_limit,,3600,144,0,144,9.44,2.83,1.33,3.67,1,1,0.9133904306220095,0.39438410765277127
1293,,after_candidate_limit,,3575,143,0,143,9.44,2.83,1.33,2,1,1,0.9133846889952153,0.39431701320424883
1294,,after_candidate_limit,,1182,47,7,47,12.78,5.75,2.17,3.25,2,3,0.9133282296650718,0.42217880639115546
1295,,after_candidate_limit,,1286,51,11,51,12.78,7.67,0.5,2,3,2,0.9133119617224881,0.4288820579470013
1296,,after_candidate_limit,,3951,158,1,158,9.44,5.66,1.33,3.67,1,2,0.9133028708133971,0.38974097215468145
1297,,after_candidate_limit,,1236,49,11,49,12.78,7.67,0.5,0.75,3,2,0.9133004784688995,0.4320112570443755
1298,,after_candidate_limit,,3926,157,1,157,9.44,5.66,1.33,2,1,2,0.9132923444976077,0.3894890922910117
1299,,after_candidate_limit,,1261,50,11,50,12.78,7.67,0.5,1.38,3,2,0.9132583732057417,0.4286369797419543
1300,,after_candidate_limit,,833,33,8,33,12.78,11.5,2.17,3.25,2,8,0.9132545454545454,0.4208163976643884
1301,,after_candidate_limit,,1007,40,7,40,12.78,3.83,2.17,3.25,2,3,0.9131765550239235,0.41968247662568176
1302,,after_candidate_limit,,1030,41,5,41,12.78,3.83,3,4.5,2,1,0.9131765550239235,0.43316670372841765
1303,,after_candidate_limit,,3776,151,1,151,9.44,4.25,1.33,3.67,1,2,0.9131727272727272,0.3888708936106563
1304,,after_candidate_limit,,3751,150,1,150,9.44,4.25,1.33,2,1,2,0.9131550239234449,0.38877311874328024
1305,,after_candidate_limit,,885,35,10,35,12.78,3.83,0.5,0.75,3,1,0.9131502392344497,0.43303287667597723
1306,,after_candidate_limit,,737,29,12,29,12.78,11.5,0.5,1.38,3,3,0.9131205741626794,0.4241072602416771
1307,,after_candidate_limit,,761,30,11,30,12.78,11.5,0.5,2,3,2,0.9131157894736842,0.4191859926001091
1308,,after_candidate_limit,,3952,158,2,158,9.44,5.66,1.33,3.67,1,3,0.9130722488038278,0.386952210818485
1309,,after_candidate_limit,,1358,54,8,54,12.78,7.67,2.17,3.25,2,8,0.9130698564593301,0.4132460046407563
1310,,after_candidate_limit,,3927,157,2,157,9.44,5.66,1.33,2,1,3,0.9130698564593301,0.3867734122724991
1311,,after_candidate_limit,,1008,40,8,40,12.78,3.83,2.17,3.25,2,8,0.9130688995215311,0.41244600464075626
1312,,after_candidate_limit,,1009,40,9,40,12.78,3.83,2.17,3.25,2,15,0.9130688995215311,0.41244600464075626
1313,,after_candidate_limit,,1183,47,8,47,12.78,5.75,2.17,3.25,2,8,0.9130688995215311,0.41244600464075626
1314,,after_candidate_limit,,1184,47,9,47,12.78,5.75,2.17,3.25,2,15,0.9130688995215311,0.41244600464075626
1315,,after_candidate_limit,,1359,54,9,54,12.78,7.67,2.17,3.25,2,15,0.9130688995215311,0.41244600464075626
1316,,after_candidate_limit,,857,34,7,34,12.78,11.5,3,4.5,2,3,0.9130516746411483,0.42238629415602885
1317,,after_candidate_limit,,3601,144,1,144,9.44,2.83,1.33,3.67,1,2,0.9130253588516747,0.3865414464679087
1318,,after_candidate_limit,,3576,143,1,143,9.44,2.83,1.33,2,1,2,0.9130148325358851,0.38627777979016126
1319,,after_candidate_limit,,762,30,12,30,12.78,11.5,0.5,2,3,3,0.9129913875598086,0.41607606323345714
1320,,after_candidate_limit,,3777,151,2,151,9.44,4.25,1.33,3.67,1,3,0.9129832535885167,0.3853321522118948
1321,,after_candidate_limit,,2236,89,11,89,15,13.5,2.17,3.25,3,2,0.9129732057416268,0.41831692056177544
1322,,after_candidate_limit,,3752,150,2,150,9.44,4.25,1.33,2,1,3,0.9129688995215312,0.3848740314744086
1323,,after_candidate_limit,,4128,165,3,165,9.44,8.5,1.33,3.67,1,8,0.9129397129186603,0.38063137891472854
1324,,after_candidate_limit,,4103,164,3,164,9.44,8.5,1.33,2,1,8,0.9129291866028708,0.38043900273461323
1325,,after_candidate_limit,,910,36,10,36,12.78,3.83,0.5,1.38,3,1,0.9129253588516747,0.4262423064166015
1326,,after_candidate_limit,,834,33,9,33,12.78,11.5,2.17,3.25,2,15,0.9129244019138756,0.4129083246984937
1327,,after_candidate_limit,,3602,144,2,144,9.44,2.83,1.33,3.67,1,3,0.912921052631579,0.3829003844997471
1328,,after_candidate_limit,,3577,143,2,143,9.44,2.83,1.33,2,1,3,0.9129153110047847,0.38260676797844456
1329,,after_candidate_limit,,1206,48,6,48,12.78,5.75,3,4.5,2,2,0.9129081339712919,0.4286322652712537
1330,,after_candidate_limit,,935,37,10,37,12.78,3.83,0.5,2,3,1,0.9129043062200957,0.4243825461263629
1331,,after_candidate_limit,,3953,158,3,158,9.44,5.66,1.33,3.67,1,8,0.9129023923444977,0.3794958139574454
1332,,after_candidate_limit,,3578,143,3,143,9.44,2.83,1.33,2,1,8,0.9129014354066985,0.37947906162544465
1333,,after_candidate_limit,,3579,143,4,143,9.44,2.83,1.33,2,1,15,0.9129014354066985,0.37947906162544465
1334,,after_candidate_limit,,3603,144,3,144,9.44,2.83,1.33,3.67,1,8,0.9129014354066985,0.37947906162544465
1335,,after_candidate_limit,,3604,144,4,144,9.44,2.83,1.33,3.67,1,15,0.9129014354066985,0.37947906162544465
1336,,after_candidate_limit,,3753,150,3,150,9.44,4.25,1.33,2,1,8,0.9129014354066985,0.37947906162544465
1337,,after_candidate_limit,,3754,150,4,150,9.44,4.25,1.33,2,1,15,0.9129014354066985,0.37947906162544465
1338,,after_candidate_limit,,3778,151,3,151,9.44,4.25,1.33,3.67,1,8,0.9129014354066985,0.37947906162544465
1339,,after_candidate_limit,,3779,151,4,151,9.44,4.25,1.33,3.67,1,15,0.9129014354066985,0.37947906162544465
1340,,after_candidate_limit,,3928,157,3,157,9.44,5.66,1.33,2,1,8,0.9129014354066985,0.37947906162544465
1341,,after_candidate_limit,,3929,157,4,157,9.44,5.66,1.33,2,1,15,0.9129014354066985,0.37947906162544465
1342,,after_candidate_limit,,3954,158,4,158,9.44,5.66,1.33,3.67,1,15,0.9129014354066985,0.37947906162544465
1343,,after_candidate_limit,,4104,164,4,164,9.44,8.5,1.33,2,1,15,0.9129014354066985,0.37947906162544465
1344,,after_candidate_limit,,4129,165,4,165,9.44,8.5,1.33,3.67,1,15,0.9129014354066985,0.37947906162544465
1345,,after_candidate_limit,,1382,55,7,55,12.78,7.67,3,4.5,2,3,0.9128157894736842,0.4266312591024214
1346,,after_candidate_limit,,1061,42,11,42,12.78,5.75,0.5,0.75,3,2,0.9126679425837321,0.4200487190609641
1347,,after_candidate_limit,,1031,41,6,41,12.78,3.83,3,4.5,2,2,0.9126555023923445,0.4248668006971599
1348,,after_candidate_limit,,1287,51,12,51,12.78,7.67,0.5,2,3,3,0.9126105263157894,0.41621136331712083
1349,,after_candidate_limit,,1086,43,11,43,12.78,5.75,0.5,1.38,3,2,0.9126066985645933,0.41773493939309986
1350,,after_candidate_limit,,1111,44,11,44,12.78,5.75,0.5,2,3,2,0.9126057416267943,0.41723400744824574
1351,,after_candidate_limit,,1262,50,12,50,12.78,7.67,0.5,1.38,3,3,0.9126028708133971,0.4156192684160517
1352,,after_candidate_limit,,1237,49,12,49,12.78,7.67,0.5,0.75,3,3,0.9125665071770335,0.4164439727667771
1353,,after_candidate_limit,,1207,48,7,48,12.78,5.75,3,4.5,2,3,0.912533971291866,0.4226337775021003
1354,,after_candidate_limit,,858,34,8,34,12.78,11.5,3,4.5,2,8,0.9124583732057416,0.4214011330684976
1355,,after_candidate_limit,,1032,41,7,41,12.78,3.83,3,4.5,2,3,0.9123837320574163,0.4202352924445837
1356,,after_candidate_limit,,936,37,11,37,12.78,3.83,0.5,2,3,2,0.912355980861244,0.41366417641526676
1357,,after_candidate_limit,,911,36,11,36,12.78,3.83,0.5,1.38,3,2,0.912332057416268,0.41337721238473746
1358,,after_candidate_limit,,886,35,11,35,12.78,3.83,0.5,0.75,3,2,0.9123258373205742,0.41344754352460045
1359,,after_candidate_limit,,2185,87,10,87,15,13.5,1.33,2,3,1,0.9123177033492823,0.415130539595567
1360,,after_candidate_limit,,1112,44,12,44,12.78,5.75,0.5,2,3,3,0.9122746411483253,0.41211757725571907
1361,,after_candidate_limit,,1062,42,12,42,12.78,5.75,0.5,0.75,3,3,0.9122722488038277,0.4125310948399296
1362,,after_candidate_limit,,1383,55,8,55,12.78,7.67,3,4.5,2,8,0.9122684210526316,0.41369460444911077
1363,,after_candidate_limit,,1087,43,12,43,12.78,5.75,0.5,1.38,3,3,0.912266985645933,0.4120679000494484
1364,,after_candidate_limit,,1033,41,8,41,12.78,3.83,3,4.5,2,8,0.9122665071770335,0.41289062928769704
1365,,after_candidate_limit,,1034,41,9,41,12.78,3.83,3,4.5,2,15,0.9122665071770335,0.41289062928769704
1366,,after_candidate_limit,,1208,48,8,48,12.78,5.75,3,4.5,2,8,0.9122665071770335,0.41289062928769704
1367,,after_candidate_limit,,1209,48,9,48,12.78,5.75,3,4.5,2,15,0.9122665071770335,0.41289062928769704
1368,,after_candidate_limit,,1384,55,9,55,12.78,7.67,3,4.5,2,15,0.9122665071770335,0.41289062928769704
1369,,after_candidate_limit,,763,30,13,30,12.78,11.5,0.5,2,3,8,0.9122272727272728,0.4104616897849436
1370,,after_candidate_limit,,713,28,13,28,12.78,11.5,0.5,0.75,3,8,0.9122181818181818,0.409879793135002
1371,,after_candidate_limit,,738,29,13,29,12.78,11.5,0.5,1.38,3,8,0.9122143540669857,0.41023627088546066
1372,,after_candidate_limit,,937,37,12,37,12.78,3.83,0.5,2,3,3,0.912133971291866,0.4097449156539465
1373,,after_candidate_limit,,887,35,12,35,12.78,3.83,0.5,0.75,3,3,0.9121334928229665,0.4097362076026034
1374,,after_candidate_limit,,859,34,9,34,12.78,11.5,3,4.5,2,15,0.9121210526315789,0.4135208491654696
1375,,after_candidate_limit,,912,36,12,36,12.78,3.83,0.5,1.38,3,3,0.9121162679425837,0.4094713611897329
1376,,after_candidate_limit,,1238,49,13,49,12.78,7.67,0.5,0.75,3,8,0.9120421052631579,0.4039394621614153
1377,,after_candidate_limit,,1263,50,13,50,12.78,7.67,0.5,1.38,3,8,0.9120406698564594,0.4030269080488612
1378,,after_candidate_limit,,1288,51,13,51,12.78,7.67,0.5,2,3,8,0.9120406698564594,0.4030269080488612
1379,,after_candidate_limit,,888,35,13,35,12.78,3.83,0.5,0.75,3,8,0.9120387559808613,0.40301073131408155
1380,,after_candidate_limit,,889,35,14,35,12.78,3.83,0.5,0.75,3,15,0.9120387559808613,0.40301073131408155
1381,,after_candidate_limit,,913,36,13,36,12.78,3.83,0.5,1.38,3,8,0.9120387559808613,0.40301073131408155
1382,,after_candidate_limit,,914,36,14,36,12.78,3.83,0.5,1.38,3,15,0.9120387559808613,0.40301073131408155
1383,,after_candidate_limit,,938,37,13,37,12.78,3.83,0.5,2,3,8,0.9120387559808613,0.40301073131408155
1384,,after_candidate_limit,,939,37,14,37,12.78,3.83,0.5,2,3,15,0.9120387559808613,0.40301073131408155
1385,,after_candidate_limit,,1063,42,13,42,12.78,5.75,0.5,0.75,3,8,0.9120387559808613,0.40301073131408155
1386,,after_candidate_limit,,1064,42,14,42,12.78,5.75,0.5,0.75,3,15,0.9120387559808613,0.40301073131408155
1387,,after_candidate_limit,,1088,43,13,43,12.78,5.75,0.5,1.38,3,8,0.9120387559808613,0.40301073131408155
1388,,after_candidate_limit,,1089,43,14,43,12.78,5.75,0.5,1.38,3,15,0.9120387559808613,0.40301073131408155
1389,,after_candidate_limit,,1113,44,13,44,12.78,5.75,0.5,2,3,8,0.9120387559808613,0.40301073131408155
1390,,after_candidate_limit,,1114,44,14,44,12.78,5.75,0.5,2,3,15,0.9120387559808613,0.40301073131408155
1391,,after_candidate_limit,,1239,49,14,49,12.78,7.67,0.5,0.75,3,15,0.9120387559808613,0.40301073131408155
1392,,after_candidate_limit,,1264,50,14,50,12.78,7.67,0.5,1.38,3,15,0.9120387559808613,0.40301073131408155
1393,,after_candidate_limit,,1289,51,14,51,12.78,7.67,0.5,2,3,15,0.9120387559808613,0.40301073131408155
1394,,after_candidate_limit,,714,28,14,28,12.78,11.5,0.5,0.75,3,15,0.9118904306220096,0.4036150467374068
1395,,after_candidate_limit,,739,29,14,29,12.78,11.5,0.5,1.38,3,15,0.9118765550239234,0.4026851333962444
1396,,after_candidate_limit,,764,30,14,30,12.78,11.5,0.5,2,3,15,0.9118693779904307,0.40261925287791045
1397,,after_candidate_limit,,2261,90,11,90,15,13.5,3,4.5,3,2,0.9104842105263158,0.41512631447250115
1398,,after_candidate_limit,,4030,161,5,161,9.44,8.5,0.5,0.75,2,1,0.9099177033492823,0.41704285795434265
1399,,after_candidate_limit,,4055,162,5,162,9.44,8.5,0.5,1.38,2,1,0.9095454545454545,0.40676662055444174
1400,,after_candidate_limit,,3325,133,0,133,5,4.5,0.5,0.75,1,1,0.9095301435406699,0.29104222201629665
1401,,after_candidate_limit,,3350,134,0,134,5,4.5,0.5,1.38,1,1,0.9095004784688995,0.29133999816717643
1402,,after_candidate_limit,,3375,135,0,135,5,4.5,0.5,2,1,1,0.9094928229665071,0.2913312891385565
1403,,after_candidate_limit,,4080,163,5,163,9.44,8.5,0.5,2,2,1,0.9094870813397129,0.403070363977521
1404,,after_candidate_limit,,3150,126,0,126,5,3,0.5,0.75,1,1,0.9093655502392345,0.29310283125241465
1405,,after_candidate_limit,,3175,127,0,127,5,3,0.5,1.38,1,1,0.9093119617224881,0.2920732852188496
1406,,after_candidate_limit,,2975,119,0,119,5,2.25,0.5,0.75,1,1,0.9093014354066986,0.29216579609001564
1407,,after_candidate_limit,,3200,128,0,128,5,3,0.5,2,1,1,0.9092918660287082,0.2915936023653398
1408,,after_candidate_limit,,2800,112,0,112,5,1.5,0.5,0.75,1,1,0.9092641148325359,0.2919177971916013
1409,,after_candidate_limit,,1485,59,10,59,13.89,12.5,1.33,2,3,1,0.9092607655502393,0.39685276672530084
1410,,after_candidate_limit,,3000,120,0,120,5,2.25,0.5,1.38,1,1,0.9092583732057417,0.29225330413878203
1411,,after_candidate_limit,,3025,121,0,121,5,2.25,0.5,2,1,1,0.9092564593301435,0.2921719836016038
1412,,after_candidate_limit,,2850,114,0,114,5,1.5,0.5,2,1,1,0.9092344497607655,0.2920614494184942
1413,,after_candidate_limit,,2825,113,0,113,5,1.5,0.5,1.38,1,1,0.9092334928229665,0.29208376150523346
1414,,after_candidate_limit,,3326,133,1,133,5,4.5,0.5,0.75,1,2,0.9091540669856459,0.2885000642389162
1415,,after_candidate_limit,,3351,134,1,134,5,4.5,0.5,1.38,1,2,0.9091377990430622,0.2896279908661158
1416,,after_candidate_limit,,3376,135,1,135,5,4.5,0.5,2,1,2,0.9091377990430622,0.2895768031795809
1417,,after_candidate_limit,,3151,126,1,126,5,3,0.5,0.75,1,2,0.9090956937799043,0.28932025909987336
1418,,after_candidate_limit,,3201,128,1,128,5,3,0.5,2,1,2,0.9090885167464114,0.289182120890242
1419,,after_candidate_limit,,3176,127,1,127,5,3,0.5,1.38,1,2,0.9090875598086124,0.28917073259305925
1420,,after_candidate_limit,,3327,133,2,133,5,4.5,0.5,0.75,1,3,0.9090870813397129,0.2892713674102368
1421,,after_candidate_limit,,2976,119,1,119,5,2.25,0.5,0.75,1,2,0.9090813397129187,0.2890715783595454
1422,,after_candidate_limit,,3377,135,2,135,5,4.5,0.5,2,1,3,0.9090808612440191,0.2891232678485466
1423,,after_candidate_limit,,3352,134,2,134,5,4.5,0.5,1.38,1,3,0.9090799043062201,0.28908752572427004
1424,,after_candidate_limit,,2801,112,1,112,5,1.5,0.5,0.75,1,2,0.9090755980861244,0.288955054782203
1425,,after_candidate_limit,,3001,120,1,120,5,2.25,0.5,1.38,1,2,0.9090741626794259,0.2889471455458542
1426,,after_candidate_limit,,3026,121,1,121,5,2.25,0.5,2,1,2,0.9090712918660288,0.2887931906989582
1427,,after_candidate_limit,,2826,113,1,113,5,1.5,0.5,1.38,1,2,0.9090655502392344,0.28858591237056513
1428,,after_candidate_limit,,3152,126,2,126,5,3,0.5,0.75,1,3,0.9090655502392344,0.28864006496440225
1429,,after_candidate_limit,,2851,114,1,114,5,1.5,0.5,2,1,2,0.9090645933014354,0.2885709016229457
1430,,after_candidate_limit,,3202,128,2,128,5,3,0.5,2,1,3,0.9090645933014354,0.2886070319313692
1431,,after_candidate_limit,,3177,127,2,127,5,3,0.5,1.38,1,3,0.9090626794258373,0.28849873726307457
1432,,after_candidate_limit,,2977,119,2,119,5,2.25,0.5,0.75,1,3,0.9090598086124402,0.28838780826138516
1433,,after_candidate_limit,,2802,112,2,112,5,1.5,0.5,0.75,1,3,0.9090559808612441,0.2877186559577501
1434,,after_candidate_limit,,3002,120,2,120,5,2.25,0.5,1.38,1,3,0.9090559808612441,0.2877186559577501
1435,,after_candidate_limit,,3027,121,2,121,5,2.25,0.5,2,1,3,0.9090559808612441,0.2877186559577501
1436,,after_candidate_limit,,2803,112,3,112,5,1.5,0.5,0.75,1,8,0.909055023923445,0.2871853226244168
1437,,after_candidate_limit,,2804,112,4,112,5,1.5,0.5,0.75,1,15,0.909055023923445,0.2871853226244168
1438,,after_candidate_limit,,2827,113,2,113,5,1.5,0.5,1.38,1,3,0.909055023923445,0.2871853226244168
1439,,after_candidate_limit,,2828,113,3,113,5,1.5,0.5,1.38,1,8,0.909055023923445,0.2871853226244168
1440,,after_candidate_limit,,2829,113,4,113,5,1.5,0.5,1.38,1,15,0.909055023923445,0.2871853226244168
1441,,after_candidate_limit,,2852,114,2,114,5,1.5,0.5,2,1,3,0.909055023923445,0.2871853226244168
1442,,after_candidate_limit,,2853,114,3,114,5,1.5,0.5,2,1,8,0.909055023923445,0.2871853226244168
1443,,after_candidate_limit,,2854,114,4,114,5,1.5,0.5,2,1,15,0.909055023923445,0.2871853226244168
1444,,after_candidate_limit,,2978,119,3,119,5,2.25,0.5,0.75,1,8,0.909055023923445,0.2871853226244168
1445,,after_candidate_limit,,2979,119,4,119,5,2.25,0.5,0.75,1,15,0.909055023923445,0.2871853226244168
1446,,after_candidate_limit,,3003,120,3,120,5,2.25,0.5,1.38,1,8,0.909055023923445,0.2871853226244168
1447,,after_candidate_limit,,3004,120,4,120,5,2.25,0.5,1.38,1,15,0.909055023923445,0.2871853226244168
1448,,after_candidate_limit,,3028,121,3,121,5,2.25,0.5,2,1,8,0.909055023923445,0.2871853226244168
1449,,after_candidate_limit,,3029,121,4,121,5,2.25,0.5,2,1,15,0.909055023923445,0.2871853226244168
1450,,after_candidate_limit,,3153,126,3,126,5,3,0.5,0.75,1,8,0.909055023923445,0.2871853226244168
1451,,after_candidate_limit,,3154,126,4,126,5,3,0.5,0.75,1,15,0.909055023923445,0.2871853226244168
1452,,after_candidate_limit,,3178,127,3,127,5,3,0.5,1.38,1,8,0.909055023923445,0.2871853226244168
1453,,after_candidate_limit,,3179,127,4,127,5,3,0.5,1.38,1,15,0.909055023923445,0.2871853226244168
1454,,after_candidate_limit,,3203,128,3,128,5,3,0.5,2,1,8,0.909055023923445,0.2871853226244168
1455,,after_candidate_limit,,3204,128,4,128,5,3,0.5,2,1,15,0.909055023923445,0.2871853226244168
1456,,after_candidate_limit,,3328,133,3,133,5,4.5,0.5,0.75,1,8,0.909055023923445,0.2871853226244168
1457,,after_candidate_limit,,3329,133,4,133,5,4.5,0.5,0.75,1,15,0.909055023923445,0.2871853226244168
1458,,after_candidate_limit,,3353,134,3,134,5,4.5,0.5,1.38,1,8,0.909055023923445,0.2871853226244168
1459,,after_candidate_limit,,3354,134,4,134,5,4.5,0.5,1.38,1,15,0.909055023923445,0.2871853226244168
1460,,after_candidate_limit,,3378,135,3,135,5,4.5,0.5,2,1,8,0.909055023923445,0.2871853226244168
1461,,after_candidate_limit,,3379,135,4,135,5,4.5,0.5,2,1,15,0.909055023923445,0.2871853226244168
1462,,after_candidate_limit,,2035,81,10,81,13.89,8.33,1.33,3.67,3,1,0.9088464114832536,0.4577884223349834
1463,,after_candidate_limit,,2010,80,10,80,13.89,8.33,1.33,2,3,1,0.9087842105263157,0.45688523506381634
1464,,after_candidate_limit,,1510,60,10,60,13.89,12.5,1.33,3.67,3,1,0.9084827751196172,0.3937800201269996
1465,,after_candidate_limit,,1860,74,10,74,13.89,6.25,1.33,3.67,3,1,0.9081086124401914,0.44082062491762697
1466,,after_candidate_limit,,1835,73,10,73,13.89,6.25,1.33,2,3,1,0.9080454545454546,0.44379381011245467
1467,,after_candidate_limit,,4031,161,6,161,9.44,8.5,0.5,0.75,2,2,0.907888038277512,0.38075042445295143
1468,,after_candidate_limit,,4056,162,6,162,9.44,8.5,0.5,1.38,2,2,0.9077425837320574,0.3758318407963938
1469,,after_candidate_limit,,4081,163,6,163,9.44,8.5,0.5,2,2,2,0.9077138755980861,0.3746301692437121
1470,,after_candidate_limit,,3855,154,5,154,9.44,5.66,0.5,0.75,2,1,0.907622009569378,0.3886198364169043
1471,,after_candidate_limit,,3880,155,5,155,9.44,5.66,0.5,1.38,2,1,0.9075301435406699,0.3816976301474298
1472,,after_candidate_limit,,3905,156,5,156,9.44,5.66,0.5,2,2,1,0.9075282296650717,0.37839047627528416
1473,,after_candidate_limit,,2011,80,11,80,13.89,8.33,1.33,2,3,2,0.9074808612440192,0.43492924564460256
1474,,after_candidate_limit,,2036,81,11,81,13.89,8.33,1.33,3.67,3,2,0.9074636363636364,0.4340325640693033
1475,,after_candidate_limit,,1486,59,11,59,13.89,12.5,1.33,2,3,2,0.9073976076555024,0.4066625121678682
1476,,after_candidate_limit,,1511,60,11,60,13.89,12.5,1.33,3.67,3,2,0.9072712918660287,0.39945351505167825
1477,,after_candidate_limit,,3680,147,5,147,9.44,4.25,0.5,0.75,2,1,0.907111004784689,0.3767006540525026
1478,,after_candidate_limit,,1685,67,10,67,13.89,4.17,1.33,3.67,3,1,0.9070933014354067,0.42695987507997013
1479,,after_candidate_limit,,1660,66,10,66,13.89,4.17,1.33,2,3,1,0.9070875598086124,0.4286210508600199
1480,,after_candidate_limit,,4032,161,7,161,9.44,8.5,0.5,0.75,2,3,0.9070382775119618,0.3604221976200945
1481,,after_candidate_limit,,3730,149,5,149,9.44,4.25,0.5,2,2,1,0.9070373205741626,0.3705862672468884
1482,,after_candidate_limit,,3705,148,5,148,9.44,4.25,0.5,1.38,2,1,0.9070315789473684,0.3713745313604671
1483,,after_candidate_limit,,4082,163,7,163,9.44,8.5,0.5,2,2,3,0.9070239234449761,0.36221023847421413
1484,,after_candidate_limit,,4057,162,7,162,9.44,8.5,0.5,1.38,2,3,0.907021052631579,0.36157960428273944
1485,,after_candidate_limit,,2235,89,10,89,15,13.5,2.17,3.25,3,1,0.9068899521531101,0.40253103344582924
1486,,after_candidate_limit,,3505,140,5,140,9.44,2.83,0.5,0.75,2,1,0.906844019138756,0.3684332637949938
1487,,after_candidate_limit,,2037,81,12,81,13.89,8.33,1.33,3.67,3,3,0.9068363636363637,0.42226979870481585
1488,,after_candidate_limit,,1861,74,11,74,13.89,6.25,1.33,3.67,3,2,0.9068354066985646,0.42051814588733094
1489,,after_candidate_limit,,1836,73,11,73,13.89,6.25,1.33,2,3,2,0.9068258373205742,0.4210267564385163
1490,,after_candidate_limit,,3530,141,5,141,9.44,2.83,0.5,1.38,2,1,0.9067665071770334,0.3659152180162815
1491,,after_candidate_limit,,2012,80,12,80,13.89,8.33,1.33,2,3,3,0.9067583732057416,0.42134443714894687
1492,,after_candidate_limit,,3555,142,5,142,9.44,2.83,0.5,2,2,1,0.9067301435406698,0.36599101151341046
1493,,after_candidate_limit,,3856,154,6,154,9.44,5.66,0.5,0.75,2,2,0.906712918660287,0.3654947631467866
1494,,after_candidate_limit,,3906,156,6,156,9.44,5.66,0.5,2,2,2,0.9067033492822967,0.36291359699002274
1495,,after_candidate_limit,,3881,155,6,155,9.44,5.66,0.5,1.38,2,2,0.9066956937799043,0.3631207695790945
1496,,after_candidate_limit,,2210,88,10,88,15,13.5,1.33,3.67,3,1,0.9065607655502392,0.40508773742490245
1497,,after_candidate_limit,,3731,149,6,149,9.44,4.25,0.5,2,2,2,0.9065578947368421,0.3611598492906491
1498,,after_candidate_limit,,3706,148,6,148,9.44,4.25,0.5,1.38,2,2,0.9065397129186603,0.3606378374067191
1499,,after_candidate_limit,,3681,147,6,147,9.44,4.25,0.5,0.75,2,2,0.9065234449760765,0.3593888722102249
1500,,after_candidate_limit,,1686,67,11,67,13.89,4.17,1.33,3.67,3,2,0.9064952153110047,0.41651792170452134
1501,,after_candidate_limit,,3907,156,7,156,9.44,5.66,0.5,2,2,3,0.9064937799043062,0.35925308005690687
1502,,after_candidate_limit,,3882,155,7,155,9.44,5.66,0.5,1.38,2,3,0.906488038277512,0.3591200393194139
1503,,after_candidate_limit,,3857,154,7,154,9.44,5.66,0.5,0.75,2,3,0.9064736842105263,0.35830235669343086
1504,,after_candidate_limit,,1661,66,11,66,13.89,4.17,1.33,2,3,2,0.906466028708134,0.4161762776746996
1505,,after_candidate_limit,,3506,140,6,140,9.44,2.83,0.5,0.75,2,2,0.9064315789473684,0.3578661485223807
1506,,after_candidate_limit,,1862,74,12,74,13.89,6.25,1.33,3.67,3,3,0.9064291866028709,0.41576603488140984
1507,,after_candidate_limit,,1487,59,12,59,13.89,12.5,1.33,2,3,3,0.9064263157894736,0.4087062029868011
1508,,after_candidate_limit,,3531,141,6,141,9.44,2.83,0.5,1.38,2,2,0.9064177033492823,0.3574763953858217
1509,,after_candidate_limit,,3556,142,6,142,9.44,2.83,0.5,2,2,2,0.9064177033492823,0.3574372618592467
1510,,after_candidate_limit,,1837,73,12,73,13.89,6.25,1.33,2,3,3,0.9064167464114833,0.41579078687023685
1511,,after_candidate_limit,,3732,149,7,149,9.44,4.25,0.5,2,2,3,0.9064043062200957,0.3571078351379045
1512,,after_candidate_limit,,3682,147,7,147,9.44,4.25,0.5,0.75,2,3,0.9063971291866029,0.35687299918437226
1513,,after_candidate_limit,,3707,148,7,148,9.44,4.25,0.5,1.38,2,3,0.9063966507177034,0.3568749430735057
1514,,after_candidate_limit,,4083,163,8,163,9.44,8.5,0.5,2,2,8,0.9063765550239234,0.3528108082450096
1515,,after_candidate_limit,,4058,162,8,162,9.44,8.5,0.5,1.38,2,8,0.9063684210526316,0.3526659424808705
1516,,after_candidate_limit,,4033,161,8,161,9.44,8.5,0.5,0.75,2,8,0.9063665071770335,0.3520482444735135
1517,,after_candidate_limit,,3507,140,7,140,9.44,2.83,0.5,0.75,2,3,0.9063583732057416,0.3549609425683275
1518,,after_candidate_limit,,3532,141,7,141,9.44,2.83,0.5,1.38,2,3,0.9063555023923445,0.35473250341873
1519,,after_candidate_limit,,3557,142,7,142,9.44,2.83,0.5,2,2,3,0.9063555023923445,0.35483124922335824
1520,,after_candidate_limit,,3508,140,8,140,9.44,2.83,0.5,0.75,2,8,0.9063468899521531,0.35167127973914897
1521,,after_candidate_limit,,3509,140,9,140,9.44,2.83,0.5,0.75,2,15,0.9063468899521531,0.35167127973914897
1522,,after_candidate_limit,,3533,141,8,141,9.44,2.83,0.5,1.38,2,8,0.9063468899521531,0.35167127973914897
1523,,after_candidate_limit,,3534,141,9,141,9.44,2.83,0.5,1.38,2,15,0.9063468899521531,0.35167127973914897
1524,,after_candidate_limit,,3558,142,8,142,9.44,2.83,0.5,2,2,8,0.9063468899521531,0.35167127973914897
1525,,after_candidate_limit,,3559,142,9,142,9.44,2.83,0.5,2,2,15,0.9063468899521531,0.35167127973914897
1526,,after_candidate_limit,,3683,147,8,147,9.44,4.25,0.5,0.75,2,8,0.9063468899521531,0.35167127973914897
1527,,after_candidate_limit,,3684,147,9,147,9.44,4.25,0.5,0.75,2,15,0.9063468899521531,0.35167127973914897
1528,,after_candidate_limit,,3708,148,8,148,9.44,4.25,0.5,1.38,2,8,0.9063468899521531,0.35167127973914897
1529,,after_candidate_limit,,3709,148,9,148,9.44,4.25,0.5,1.38,2,15,0.9063468899521531,0.35167127973914897
1530,,after_candidate_limit,,3733,149,8,149,9.44,4.25,0.5,2,2,8,0.9063468899521531,0.35167127973914897
1531,,after_candidate_limit,,3734,149,9,149,9.44,4.25,0.5,2,2,15,0.9063468899521531,0.35167127973914897
1532,,after_candidate_limit,,3858,154,8,154,9.44,5.66,0.5,0.75,2,8,0.9063468899521531,0.35167127973914897
1533,,after_candidate_limit,,3859,154,9,154,9.44,5.66,0.5,0.75,2,15,0.9063468899521531,0.35167127973914897
1534,,after_candidate_limit,,3883,155,8,155,9.44,5.66,0.5,1.38,2,8,0.9063468899521531,0.35167127973914897
1535,,after_candidate_limit,,3884,155,9,155,9.44,5.66,0.5,1.38,2,15,0.9063468899521531,0.35167127973914897
1536,,after_candidate_limit,,3908,156,8,156,9.44,5.66,0.5,2,2,8,0.9063468899521531,0.35167127973914897
1537,,after_candidate_limit,,3909,156,9,156,9.44,5.66,0.5,2,2,15,0.9063468899521531,0.35167127973914897
1538,,after_candidate_limit,,4034,161,9,161,9.44,8.5,0.5,0.75,2,15,0.9063468899521531,0.35167127973914897
1539,,after_candidate_limit,,4059,162,9,162,9.44,8.5,0.5,1.38,2,15,0.9063468899521531,0.35167127973914897
1540,,after_candidate_limit,,4084,163,9,163,9.44,8.5,0.5,2,2,15,0.9063468899521531,0.35167127973914897
1541,,after_candidate_limit,,1687,67,12,67,13.89,4.17,1.33,3.67,3,3,0.9062320574162679,0.4122577200811787
1542,,after_candidate_limit,,1662,66,12,66,13.89,4.17,1.33,2,3,3,0.9062186602870813,0.4120680836240435
1543,,after_candidate_limit,,1488,59,13,59,13.89,12.5,1.33,2,3,8,0.9061392344497607,0.41176978221124055
1544,,after_candidate_limit,,2038,81,13,81,13.89,8.33,1.33,3.67,3,8,0.9061200956937799,0.40649948694071236
1545,,after_candidate_limit,,2013,80,13,80,13.89,8.33,1.33,2,3,8,0.9061148325358852,0.4065167203509604
1546,,after_candidate_limit,,1663,66,13,66,13.89,4.17,1.33,2,3,8,0.9061071770334929,0.4055668161815101
1547,,after_candidate_limit,,1664,66,14,66,13.89,4.17,1.33,2,3,15,0.9061071770334929,0.4055668161815101
1548,,after_candidate_limit,,1688,67,13,67,13.89,4.17,1.33,3.67,3,8,0.9061071770334929,0.4055668161815101
1549,,after_candidate_limit,,1689,67,14,67,13.89,4.17,1.33,3.67,3,15,0.9061071770334929,0.4055668161815101
1550,,after_candidate_limit,,1838,73,13,73,13.89,6.25,1.33,2,3,8,0.9061071770334929,0.4055668161815101
1551,,after_candidate_limit,,1839,73,14,73,13.89,6.25,1.33,2,3,15,0.9061071770334929,0.4055668161815101
1552,,after_candidate_limit,,1863,74,13,74,13.89,6.25,1.33,3.67,3,8,0.9061071770334929,0.4055668161815101
1553,,after_candidate_limit,,1864,74,14,74,13.89,6.25,1.33,3.67,3,15,0.9061071770334929,0.4055668161815101
1554,,after_candidate_limit,,2014,80,14,80,13.89,8.33,1.33,2,3,15,0.9061071770334929,0.4055668161815101
1555,,after_candidate_limit,,2039,81,14,81,13.89,8.33,1.33,3.67,3,15,0.9061071770334929,0.4055668161815101
1556,,after_candidate_limit,,1489,59,14,59,13.89,12.5,1.33,2,3,15,0.9059832535885167,0.4083371626325885
1557,,after_candidate_limit,,1513,60,13,60,13.89,12.5,1.33,3.67,3,8,0.9059574162679426,0.41164791295452374
1558,,after_candidate_limit,,1512,60,12,60,13.89,12.5,1.33,3.67,3,3,0.9058961722488038,0.40409191991026844
1559,,after_candidate_limit,,1514,60,14,60,13.89,12.5,1.33,3.67,3,15,0.9058712918660287,0.40739257383339406
1560,,after_candidate_limit,,2060,82,10,82,13.89,8.33,2.17,3.25,3,1,0.9054334928229665,0.4545732519847253
1561,,after_candidate_limit,,1535,61,10,61,13.89,12.5,2.17,3.25,3,1,0.9050382775119618,0.38765261154497355
1562,,after_candidate_limit,,1885,75,10,75,13.89,6.25,2.17,3.25,3,1,0.9046842105263158,0.43750146174364457
1563,,after_candidate_limit,,80,3,5,3,11.67,10.5,1.33,2,2,1,0.9041387559808612,0.4103164577148992
1564,,after_candidate_limit,,2061,82,11,82,13.89,8.33,2.17,3.25,3,2,0.9040019138755981,0.43045126064639677
1565,,after_candidate_limit,,10,0,10,0,11.67,10.5,0.5,0.75,3,1,0.9039023923444977,0.40931112231049865
1566,,after_candidate_limit,,105,4,5,4,11.67,10.5,1.33,3.67,2,1,0.9038593301435407,0.4014805809707063
1567,,after_candidate_limit,,1710,68,10,68,13.89,4.17,2.17,3.25,3,1,0.9036717703349282,0.423618352844392
1568,,after_candidate_limit,,4150,166,0,166,9.44,8.5,2.17,3.25,1,1,0.9035492822966508,0.4090372521961776
1569,,after_candidate_limit,,1536,61,11,61,13.89,12.5,2.17,3.25,3,2,0.9034411483253588,0.3975147303321213
1570,,after_candidate_limit,,1886,75,11,75,13.89,6.25,2.17,3.25,3,2,0.9034186602870813,0.4172766464668592
1571,,after_candidate_limit,,2062,82,12,82,13.89,8.33,2.17,3.25,3,3,0.903411961722488,0.41911065352754423
1572,,after_candidate_limit,,1711,68,11,68,13.89,4.17,2.17,3.25,3,2,0.9030727272727272,0.41354060834325784
1573,,after_candidate_limit,,1887,75,12,75,13.89,6.25,2.17,3.25,3,3,0.9030090909090909,0.4128088685344504
1574,,after_candidate_limit,,2260,90,10,90,15,13.5,3,4.5,3,1,0.9029722488038278,0.39466958060955776
1575,,after_candidate_limit,,1712,68,12,68,13.89,4.17,2.17,3.25,3,3,0.9028095693779904,0.4092377529377654
1576,,after_candidate_limit,,2085,83,10,83,13.89,8.33,3,4.5,3,1,0.9028057416267943,0.4533856151206398
1577,,after_candidate_limit,,2063,82,13,82,13.89,8.33,2.17,3.25,3,8,0.9026870813397129,0.4034868766275632
1578,,after_candidate_limit,,1713,68,13,68,13.89,4.17,2.17,3.25,3,8,0.902677990430622,0.4025597974777565
1579,,after_candidate_limit,,1714,68,14,68,13.89,4.17,2.17,3.25,3,15,0.902677990430622,0.4025597974777565
1580,,after_candidate_limit,,1888,75,13,75,13.89,6.25,2.17,3.25,3,8,0.902677990430622,0.4025597974777565
1581,,after_candidate_limit,,1889,75,14,75,13.89,6.25,2.17,3.25,3,15,0.902677990430622,0.4025597974777565
1582,,after_candidate_limit,,2064,82,14,82,13.89,8.33,2.17,3.25,3,15,0.902677990430622,0.4025597974777565
1583,,after_candidate_limit,,35,1,10,1,11.67,10.5,0.5,1.38,3,1,0.9026325358851675,0.3980205575764056
1584,,after_candidate_limit,,60,2,10,2,11.67,10.5,0.5,2,3,1,0.902578947368421,0.396397890170708
1585,,after_candidate_limit,,1538,61,13,61,13.89,12.5,2.17,3.25,3,8,0.9025607655502392,0.4083512232939288
1586,,after_candidate_limit,,1539,61,14,61,13.89,12.5,2.17,3.25,3,15,0.9024641148325359,0.404284565838856
1587,,after_candidate_limit,,1537,61,12,61,13.89,12.5,2.17,3.25,3,3,0.9024239234449761,0.4056747833168568
1588,,after_candidate_limit,,81,3,6,3,11.67,10.5,1.33,2,2,2,0.9022966507177034,0.40899327154432974
1589,,after_candidate_limit,,106,4,6,4,11.67,10.5,1.33,3.67,2,2,0.9022248803827752,0.4069974133171034
1590,,after_candidate_limit,,3975,159,0,159,9.44,5.66,2.17,3.25,1,1,0.9021856459330143,0.39843062598379597
1591,,after_candidate_limit,,630,25,5,25,11.67,7,1.33,3.67,2,1,0.9021138755980861,0.4337831738861133
1592,,after_candidate_limit,,605,24,5,24,11.67,7,1.33,2,2,1,0.9020612440191388,0.43277185152096115
1593,,after_candidate_limit,,4151,166,1,166,9.44,8.5,2.17,3.25,1,2,0.9020306220095694,0.3957012790428023
1594,,after_candidate_limit,,1910,76,10,76,13.89,6.25,3,4.5,3,1,0.9019971291866029,0.43486422708032596
1595,,after_candidate_limit,,11,0,11,0,11.67,10.5,0.5,0.75,3,2,0.9018564593301436,0.4090813307473882
1596,,after_candidate_limit,,3800,152,0,152,9.44,4.25,2.17,3.25,1,1,0.9016488038277511,0.3920912781144885
1597,,after_candidate_limit,,36,1,11,1,11.67,10.5,0.5,1.38,3,2,0.9015502392344498,0.4070296595520826
1598,,after_candidate_limit,,61,2,11,2,11.67,10.5,0.5,2,3,2,0.9015215311004785,0.4038642903370572
1599,,after_candidate_limit,,4152,166,2,166,9.44,8.5,2.17,3.25,1,3,0.9015043062200957,0.3886063064509797
1600,,after_candidate_limit,,3625,145,0,145,9.44,2.83,2.17,3.25,1,1,0.9014133971291866,0.38952374982763016
1601,,after_candidate_limit,,82,3,7,3,11.67,10.5,1.33,2,2,3,0.9013588516746411,0.3989785997049927
1602,,after_candidate_limit,,3976,159,1,159,9.44,5.66,2.17,3.25,1,2,0.9013564593301435,0.3851680971100514
1603,,after_candidate_limit,,2086,83,11,83,13.89,8.33,3,4.5,3,2,0.9013531100478469,0.4290674530474964
1604,,after_candidate_limit,,107,4,7,4,11.67,10.5,1.33,3.67,2,3,0.901288995215311,0.39771599953881154
1605,,after_candidate_limit,,3801,152,1,152,9.44,4.25,2.17,3.25,1,2,0.9012311004784689,0.3844896943165087
1606,,after_candidate_limit,,1560,62,10,62,13.89,12.5,3,4.5,3,1,0.9011808612440192,0.38296541595913985
1607,,after_candidate_limit,,430,17,5,17,11.67,5.25,1.33,2,2,1,0.9011521531100478,0.4094363368791751
1608,,after_candidate_limit,,3977,159,2,159,9.44,5.66,2.17,3.25,1,3,0.9011392344497607,0.38249611722146637
1609,,after_candidate_limit,,455,18,5,18,11.67,5.25,1.33,3.67,2,1,0.9011090909090909,0.4082431884858786
1610,,after_candidate_limit,,3626,145,1,145,9.44,2.83,2.17,3.25,1,2,0.9010885167464114,0.38195771372341203
1611,,after_candidate_limit,,3802,152,2,152,9.44,4.25,2.17,3.25,1,3,0.9010492822966507,0.38078837487512096
1612,,after_candidate_limit,,1735,69,10,69,13.89,4.17,3,4.5,3,1,0.9010234449760766,0.4220304444318881
1613,,after_candidate_limit,,4153,166,3,166,9.44,8.5,2.17,3.25,1,8,0.9010014354066985,0.3759546689548886
1614,,after_candidate_limit,,585,23,10,23,11.67,7,0.5,2,3,1,0.901000956937799,0.4250356561773637
1615,,after_candidate_limit,,3627,145,2,145,9.44,2.83,2.17,3.25,1,3,0.9009856459330143,0.37825643471797377
1616,,after_candidate_limit,,535,21,10,21,11.67,7,0.5,0.75,3,1,0.9009703349282296,0.4302456095922365
1617,,after_candidate_limit,,3978,159,3,159,9.44,5.66,2.17,3.25,1,8,0.9009688995215311,0.3748954055013124
1618,,after_candidate_limit,,3628,145,3,145,9.44,2.83,2.17,3.25,1,8,0.900967942583732,0.37487918261293285
1619,,after_candidate_limit,,3629,145,4,145,9.44,2.83,2.17,3.25,1,15,0.900967942583732,0.37487918261293285
1620,,after_candidate_limit,,3803,152,3,152,9.44,4.25,2.17,3.25,1,8,0.900967942583732,0.37487918261293285
1621,,after_candidate_limit,,3804,152,4,152,9.44,4.25,2.17,3.25,1,15,0.900967942583732,0.37487918261293285
1622,,after_candidate_limit,,3979,159,4,159,9.44,5.66,2.17,3.25,1,15,0.900967942583732,0.37487918261293285
1623,,after_candidate_limit,,4154,166,4,166,9.44,8.5,2.17,3.25,1,15,0.900967942583732,0.37487918261293285
1624,,after_candidate_limit,,560,22,10,22,11.67,7,0.5,1.38,3,1,0.9009665071770335,0.42432520359556203
1625,,after_candidate_limit,,631,25,6,25,11.67,7,1.33,3.67,2,2,0.9008133971291866,0.3978687951516623
1626,,after_candidate_limit,,606,24,6,24,11.67,7,1.33,2,2,2,0.9007952153110048,0.3988605909527305
1627,,after_candidate_limit,,2087,83,12,83,13.89,8.33,3,4.5,3,3,0.9007832535885167,0.41818433900190266
1628,,after_candidate_limit,,1911,76,11,76,13.89,6.25,3,4.5,3,2,0.9007727272727273,0.4161687335478731
1629,,after_candidate_limit,,280,11,5,11,11.67,3.5,1.33,3.67,2,1,0.900578947368421,0.39653706929194027
1630,,after_candidate_limit,,255,10,5,10,11.67,3.5,1.33,2,2,1,0.9005760765550239,0.3968773638102176
1631,,after_candidate_limit,,1561,62,11,62,13.89,12.5,3,4.5,3,2,0.9005760765550239,0.392181446937639
1632,,after_candidate_limit,,12,0,12,0,11.67,10.5,0.5,0.75,3,3,0.9004593301435406,0.395971824397635
1633,,after_candidate_limit,,1736,69,11,69,13.89,4.17,3,4.5,3,2,0.9004124401913876,0.41245803917472174
1634,,after_candidate_limit,,62,2,12,2,11.67,10.5,0.5,2,3,3,0.9004,0.3935833024889455
1635,,after_candidate_limit,,37,1,12,1,11.67,10.5,0.5,1.38,3,3,0.9003732057416268,0.3949473563183134
1636,,after_candidate_limit,,456,18,6,18,11.67,5.25,1.33,3.67,2,2,0.9003583732057416,0.392181948516981
1637,,after_candidate_limit,,431,17,6,17,11.67,5.25,1.33,2,2,2,0.9003545454545454,0.39242866521454606
1638,,after_candidate_limit,,1912,76,12,76,13.89,6.25,3,4.5,3,3,0.9003392344497607,0.4115955144254994
1639,,after_candidate_limit,,632,25,7,25,11.67,7,1.33,3.67,2,3,0.9003306220095694,0.39037668794778285
1640,,after_candidate_limit,,607,24,7,24,11.67,7,1.33,2,2,3,0.9003138755980862,0.3903324590767133
1641,,after_candidate_limit,,281,11,6,11,11.67,3.5,1.33,3.67,2,2,0.9001904306220095,0.38962828048260817
1642,,after_candidate_limit,,108,4,8,4,11.67,10.5,1.33,3.67,2,8,0.9001775119617225,0.3892940045504062
1643,,after_candidate_limit,,256,10,6,10,11.67,3.5,1.33,2,2,2,0.9001741626794258,0.38934281494512096
1644,,after_candidate_limit,,1737,69,12,69,13.89,4.17,3,4.5,3,3,0.9001349282296651,0.4080677902467027
1645,,after_candidate_limit,,360,14,10,14,11.67,5.25,0.5,0.75,3,1,0.9001138755980861,0.40974167593603833
1646,,after_candidate_limit,,83,3,8,3,11.67,10.5,1.33,2,2,8,0.9001114832535885,0.3883411706210589
1647,,after_candidate_limit,,432,17,7,17,11.67,5.25,1.33,2,2,3,0.9001062200956937,0.3876538104371831
1648,,after_candidate_limit,,457,18,7,18,11.67,5.25,1.33,3.67,2,3,0.900100956937799,0.38767702508246843
1649,,after_candidate_limit,,2088,83,13,83,13.89,8.33,3,4.5,3,8,0.9000157894736842,0.4022477973685439
1650,,after_candidate_limit,,385,15,10,15,11.67,5.25,0.5,1.38,3,1,0.9000105263157895,0.40421823340525065
1651,,after_candidate_limit,,1738,69,13,69,13.89,4.17,3,4.5,3,8,0.9000043062200956,0.4014287576419037
1652,,after_candidate_limit,,1739,69,14,69,13.89,4.17,3,4.5,3,15,0.9000043062200956,0.4014287576419037
1653,,after_candidate_limit,,1913,76,13,76,13.89,6.25,3,4.5,3,8,0.9000043062200956,0.4014287576419037
1654,,after_candidate_limit,,1914,76,14,76,13.89,6.25,3,4.5,3,15,0.9000043062200956,0.4014287576419037
1655,,after_candidate_limit,,2089,83,14,83,13.89,8.33,3,4.5,3,15,0.9000043062200956,0.4014287576419037
1656,,after_candidate_limit,,282,11,7,11,11.67,3.5,1.33,3.67,2,3,0.8999875598086124,0.38514744676717566
1657,,after_candidate_limit,,410,16,10,16,11.67,5.25,0.5,2,3,1,0.8999808612440191,0.4019731639539461
1658,,after_candidate_limit,,257,10,7,10,11.67,3.5,1.33,2,2,3,0.8999732057416268,0.3846848014967066
1659,,after_candidate_limit,,258,10,8,10,11.67,3.5,1.33,2,2,8,0.8999267942583732,0.37927119350462296
1660,,after_candidate_limit,,259,10,9,10,11.67,3.5,1.33,2,2,15,0.8999267942583732,0.37927119350462296
1661,,after_candidate_limit,,283,11,8,11,11.67,3.5,1.33,3.67,2,8,0.8999267942583732,0.37927119350462296
1662,,after_candidate_limit,,284,11,9,11,11.67,3.5,1.33,3.67,2,15,0.8999267942583732,0.37927119350462296
1663,,after_candidate_limit,,433,17,8,17,11.67,5.25,1.33,2,2,8,0.8999267942583732,0.37927119350462296
1664,,after_candidate_limit,,434,17,9,17,11.67,5.25,1.33,2,2,15,0.8999267942583732,0.37927119350462296
1665,,after_candidate_limit,,458,18,8,18,11.67,5.25,1.33,3.67,2,8,0.8999267942583732,0.37927119350462296
1666,,after_candidate_limit,,459,18,9,18,11.67,5.25,1.33,3.67,2,15,0.8999267942583732,0.37927119350462296
1667,,after_candidate_limit,,608,24,8,24,11.67,7,1.33,2,2,8,0.8999267942583732,0.37927119350462296
1668,,after_candidate_limit,,609,24,9,24,11.67,7,1.33,2,2,15,0.8999267942583732,0.37927119350462296
1669,,after_candidate_limit,,633,25,8,25,11.67,7,1.33,3.67,2,8,0.8999267942583732,0.37927119350462296
1670,,after_candidate_limit,,634,25,9,25,11.67,7,1.33,3.67,2,15,0.8999267942583732,0.37927119350462296
1671,,after_candidate_limit,,84,3,9,3,11.67,10.5,1.33,2,2,15,0.8999004784688995,0.37677952610743076
1672,,after_candidate_limit,,109,4,9,4,11.67,10.5,1.33,3.67,2,15,0.8998899521531101,0.37674943615299766
1673,,after_candidate_limit,,1563,62,13,62,13.89,12.5,3,4.5,3,8,0.8998287081339713,0.40667640326882576
1674,,after_candidate_limit,,1564,62,14,62,13.89,12.5,3,4.5,3,15,0.8997531100478469,0.40276746898867444
1675,,after_candidate_limit,,536,21,11,21,11.67,7,0.5,0.75,3,2,0.8996468899521531,0.3949443936521612
1676,,after_candidate_limit,,586,23,11,23,11.67,7,0.5,2,3,2,0.8996162679425838,0.39198615207878845
1677,,after_candidate_limit,,561,22,11,22,11.67,7,0.5,1.38,3,2,0.8996019138755981,0.3929774725862764
1678,,after_candidate_limit,,185,7,10,7,11.67,3.5,0.5,0.75,3,1,0.8995674641148326,0.3962143669732917
1679,,after_candidate_limit,,1562,62,12,62,13.89,12.5,3,4.5,3,3,0.8994583732057416,0.40199058011957417
1680,,after_candidate_limit,,210,8,10,8,11.67,3.5,0.5,1.38,3,1,0.8993913875598086,0.3904489161439981
1681,,after_candidate_limit,,235,9,10,9,11.67,3.5,0.5,2,3,1,0.8993770334928229,0.38929031618399584
1682,,after_candidate_limit,,361,14,11,14,11.67,5.25,0.5,0.75,3,2,0.8991722488038277,0.3849635423353555
1683,,after_candidate_limit,,411,16,11,16,11.67,5.25,0.5,2,3,2,0.899156937799043,0.3838531592385255
1684,,after_candidate_limit,,386,15,11,15,11.67,5.25,0.5,1.38,3,2,0.899155980861244,0.38360859336489256
1685,,after_candidate_limit,,537,21,12,21,11.67,7,0.5,0.75,3,3,0.8991263157894737,0.38295685961746045
1686,,after_candidate_limit,,587,23,12,23,11.67,7,0.5,2,3,3,0.8991148325358852,0.3822770154887805
1687,,after_candidate_limit,,562,22,12,22,11.67,7,0.5,1.38,3,3,0.8991090909090909,0.3824007809019211
1688,,after_candidate_limit,,236,9,11,9,11.67,3.5,0.5,2,3,2,0.8989602870813397,0.38060505452616716
1689,,after_candidate_limit,,186,7,11,7,11.67,3.5,0.5,0.75,3,2,0.8989559808612441,0.38083514574904337
1690,,after_candidate_limit,,2465,98,15,98,15,6.75,0.5,0.75,6,1,0.8989555023923445,0.45807849088676755
1691,,after_candidate_limit,,211,8,11,8,11.67,3.5,0.5,1.38,3,2,0.8989459330143541,0.3804388783020644
1692,,after_candidate_limit,,412,16,12,16,11.67,5.25,0.5,2,3,3,0.8989234449760766,0.37961694496310305
1693,,after_candidate_limit,,387,15,12,15,11.67,5.25,0.5,1.38,3,3,0.8989224880382776,0.379485931011367
1694,,after_candidate_limit,,2515,100,15,100,15,6.75,0.5,2,6,1,0.898922009569378,0.45324230225084927
1695,,after_candidate_limit,,362,14,12,14,11.67,5.25,0.5,0.75,3,3,0.8989215311004785,0.3795691503118223
1696,,after_candidate_limit,,2490,99,15,99,15,6.75,0.5,1.38,6,1,0.8989172248803827,0.4544287537625713
1697,,after_candidate_limit,,63,2,13,2,11.67,10.5,0.5,2,3,8,0.8989014354066985,0.38140712089444584
1698,,after_candidate_limit,,38,1,13,1,11.67,10.5,0.5,1.38,3,8,0.8988727272727273,0.3811115199617733
1699,,after_candidate_limit,,13,0,13,0,11.67,10.5,0.5,0.75,3,8,0.8988535885167465,0.3807064025084544
1700,,after_candidate_limit,,187,7,12,7,11.67,3.5,0.5,0.75,3,3,0.8987765550239234,0.3759826569720298
1701,,after_candidate_limit,,237,9,12,9,11.67,3.5,0.5,2,3,3,0.8987760765550239,0.3760948424582853
1702,,after_candidate_limit,,212,8,12,8,11.67,3.5,0.5,1.38,3,3,0.8987684210526315,0.3756574933230201
1703,,after_candidate_limit,,64,2,14,2,11.67,10.5,0.5,2,3,15,0.8987373205741627,0.36814463152924665
1704,,after_candidate_limit,,14,0,14,0,11.67,10.5,0.5,0.75,3,15,0.8987344497607656,0.3682035921136311
1705,,after_candidate_limit,,563,22,13,22,11.67,7,0.5,1.38,3,8,0.8987344497607656,0.37057485468762424
1706,,after_candidate_limit,,588,23,13,23,11.67,7,0.5,2,3,8,0.8987344497607656,0.37057485468762424
1707,,after_candidate_limit,,188,7,13,7,11.67,3.5,0.5,0.75,3,8,0.8987334928229666,0.37055514584103966
1708,,after_candidate_limit,,189,7,14,7,11.67,3.5,0.5,0.75,3,15,0.8987334928229666,0.37055514584103966
1709,,after_candidate_limit,,213,8,13,8,11.67,3.5,0.5,1.38,3,8,0.8987334928229666,0.37055514584103966
1710,,after_candidate_limit,,214,8,14,8,11.67,3.5,0.5,1.38,3,15,0.8987334928229666,0.37055514584103966
1711,,after_candidate_limit,,238,9,13,9,11.67,3.5,0.5,2,3,8,0.8987334928229666,0.37055514584103966
1712,,after_candidate_limit,,239,9,14,9,11.67,3.5,0.5,2,3,15,0.8987334928229666,0.37055514584103966
1713,,after_candidate_limit,,363,14,13,14,11.67,5.25,0.5,0.75,3,8,0.8987334928229666,0.37055514584103966
1714,,after_candidate_limit,,364,14,14,14,11.67,5.25,0.5,0.75,3,15,0.8987334928229666,0.37055514584103966
1715,,after_candidate_limit,,388,15,13,15,11.67,5.25,0.5,1.38,3,8,0.8987334928229666,0.37055514584103966
1716,,after_candidate_limit,,389,15,14,15,11.67,5.25,0.5,1.38,3,15,0.8987334928229666,0.37055514584103966
1717,,after_candidate_limit,,413,16,13,16,11.67,5.25,0.5,2,3,8,0.8987334928229666,0.37055514584103966
1718,,after_candidate_limit,,414,16,14,16,11.67,5.25,0.5,2,3,15,0.8987334928229666,0.37055514584103966
1719,,after_candidate_limit,,538,21,13,21,11.67,7,0.5,0.75,3,8,0.8987334928229666,0.37055514584103966
1720,,after_candidate_limit,,539,21,14,21,11.67,7,0.5,0.75,3,15,0.8987334928229666,0.37055514584103966
1721,,after_candidate_limit,,564,22,14,22,11.67,7,0.5,1.38,3,15,0.8987334928229666,0.37055514584103966
1722,,after_candidate_limit,,589,23,14,23,11.67,7,0.5,2,3,15,0.8987334928229666,0.37055514584103966
1723,,after_candidate_limit,,39,1,14,1,11.67,10.5,0.5,1.38,3,15,0.8987248803827751,0.36813015576945396
1724,,after_candidate_limit,,2640,105,15,105,15,9,0.5,0.75,6,1,0.8985,0.46244372675212114
1725,,after_candidate_limit,,2665,106,15,106,15,9,0.5,1.38,6,1,0.898276076555024,0.4573382213108095
1726,,after_candidate_limit,,2690,107,15,107,15,9,0.5,2,6,1,0.8982588516746411,0.4572772369605424
1727,,after_candidate_limit,,2290,91,15,91,15,4.5,0.5,0.75,6,1,0.8979401913875598,0.4383017260341488
1728,,after_candidate_limit,,2315,92,15,92,15,4.5,0.5,1.38,6,1,0.897745933014354,0.4319375057790066
1729,,after_candidate_limit,,2691,107,16,107,15,9,0.5,2,6,2,0.897744019138756,0.43700241426173697
1730,,after_candidate_limit,,2641,105,16,105,15,9,0.5,0.75,6,2,0.8977334928229666,0.43585738922765127
1731,,after_candidate_limit,,2340,93,15,93,15,4.5,0.5,2,6,1,0.897711004784689,0.4306353733387783
1732,,after_candidate_limit,,2666,106,16,106,15,9,0.5,1.38,6,2,0.8976942583732057,0.4354277842342896
1733,,after_candidate_limit,,2516,100,16,100,15,6.75,0.5,2,6,2,0.8975377990430622,0.4229347985506153
1734,,after_candidate_limit,,2491,99,16,99,15,6.75,0.5,1.38,6,2,0.897522966507177,0.42312956920429956
1735,,after_candidate_limit,,2466,98,16,98,15,6.75,0.5,0.75,6,2,0.8975114832535885,0.4238142546470999
1736,,after_candidate_limit,,2642,105,17,105,15,9,0.5,0.75,6,3,0.8973440191387559,0.42559697282002584
1737,,after_candidate_limit,,2667,106,17,106,15,9,0.5,1.38,6,3,0.8972617224880383,0.4271661914782188
1738,,after_candidate_limit,,2517,100,17,100,15,6.75,0.5,2,6,3,0.8970674641148325,0.41690822763671476
1739,,after_candidate_limit,,2467,98,17,98,15,6.75,0.5,0.75,6,3,0.8970636363636364,0.4161385225766106
1740,,after_candidate_limit,,2492,99,17,99,15,6.75,0.5,1.38,6,3,0.8970574162679426,0.41670702907825335
1741,,after_candidate_limit,,2341,93,16,93,15,4.5,0.5,2,6,2,0.8970454545454546,0.41687984656999716
1742,,after_candidate_limit,,2692,107,17,107,15,9,0.5,2,6,3,0.8970406698564594,0.4275791429801248
1743,,after_candidate_limit,,2316,92,16,92,15,4.5,0.5,1.38,6,2,0.8970248803827752,0.41669526468559737
1744,,after_candidate_limit,,2291,91,16,91,15,4.5,0.5,0.75,6,2,0.8970086124401914,0.41690106603234406
1745,,after_candidate_limit,,2342,93,17,93,15,4.5,0.5,2,6,3,0.8967703349282297,0.4122527071831102
1746,,after_candidate_limit,,2292,91,17,91,15,4.5,0.5,0.75,6,3,0.8967660287081339,0.41229935385477035
1747,,after_candidate_limit,,2317,92,17,92,15,4.5,0.5,1.38,6,3,0.8967655502392344,0.41219411071719286
1748,,after_candidate_limit,,2293,91,18,91,15,4.5,0.5,0.75,6,8,0.896611961722488,0.4045755303766356
1749,,after_candidate_limit,,2294,91,19,91,15,4.5,0.5,0.75,6,15,0.896611961722488,0.4045755303766356
1750,,after_candidate_limit,,2318,92,18,92,15,4.5,0.5,1.38,6,8,0.896611961722488,0.4045755303766356
1751,,after_candidate_limit,,2319,92,19,92,15,4.5,0.5,1.38,6,15,0.896611961722488,0.4045755303766356
1752,,after_candidate_limit,,2343,93,18,93,15,4.5,0.5,2,6,8,0.896611961722488,0.4045755303766356
1753,,after_candidate_limit,,2344,93,19,93,15,4.5,0.5,2,6,15,0.896611961722488,0.4045755303766356
1754,,after_candidate_limit,,2468,98,18,98,15,6.75,0.5,0.75,6,8,0.896611961722488,0.4045755303766356
1755,,after_candidate_limit,,2469,98,19,98,15,6.75,0.5,0.75,6,15,0.896611961722488,0.4045755303766356
1756,,after_candidate_limit,,2493,99,18,99,15,6.75,0.5,1.38,6,8,0.896611961722488,0.4045755303766356
1757,,after_candidate_limit,,2494,99,19,99,15,6.75,0.5,1.38,6,15,0.896611961722488,0.4045755303766356
1758,,after_candidate_limit,,2518,100,18,100,15,6.75,0.5,2,6,8,0.896611961722488,0.4045755303766356
1759,,after_candidate_limit,,2519,100,19,100,15,6.75,0.5,2,6,15,0.896611961722488,0.4045755303766356
1760,,after_candidate_limit,,2644,105,19,105,15,9,0.5,0.75,6,15,0.896611961722488,0.4045755303766356
1761,,after_candidate_limit,,2669,106,19,106,15,9,0.5,1.38,6,15,0.896611961722488,0.4045755303766356
1762,,after_candidate_limit,,2694,107,19,107,15,9,0.5,2,6,15,0.896611961722488,0.4045755303766356
1763,,after_candidate_limit,,2668,106,18,106,15,9,0.5,1.38,6,8,0.896566028708134,0.4041601849153216
1764,,after_candidate_limit,,2693,107,18,107,15,9,0.5,2,6,8,0.8965641148325358,0.40402639892377007
1765,,after_candidate_limit,,2643,105,18,105,15,9,0.5,0.75,6,8,0.8965425837320574,0.40445776865872013
1766,,after_candidate_limit,,130,5,5,5,11.67,10.5,2.17,3.25,2,1,0.8962066985645933,0.400125590597084
1767,,after_candidate_limit,,4175,167,0,167,9.44,8.5,3,4.5,1,1,0.895888995215311,0.4067951953263174
1768,,after_candidate_limit,,131,5,6,5,11.67,10.5,2.17,3.25,2,2,0.8949856459330143,0.40209343190981317
1769,,after_candidate_limit,,655,26,5,26,11.67,7,2.17,3.25,2,1,0.8948133971291866,0.4249719353673508
1770,,after_candidate_limit,,4000,160,0,160,9.44,5.66,3,4.5,1,1,0.8945569377990431,0.3946439579426477
1771,,after_candidate_limit,,4176,167,1,167,9.44,8.5,3,4.5,1,2,0.8943358851674641,0.39234248756175666
1772,,after_candidate_limit,,132,5,7,5,11.67,10.5,2.17,3.25,2,3,0.8940593301435407,0.389829538012286
1773,,after_candidate_limit,,3825,153,0,153,9.44,4.25,3,4.5,1,1,0.8939751196172249,0.38797715188441806
1774,,after_candidate_limit,,2119,84,19,84,15,13.5,0.5,0.75,6,15,0.8939267942583732,0.40827145154359734
1775,,after_candidate_limit,,155,6,5,6,11.67,10.5,3,4.5,2,1,0.8938507177033492,0.3995821331102653
1776,,after_candidate_limit,,480,19,5,19,11.67,5.25,2.17,3.25,2,1,0.8938488038277512,0.4014978581331377
1777,,after_candidate_limit,,4177,167,2,167,9.44,8.5,3,4.5,1,3,0.893800956937799,0.38421529581684255
1778,,after_candidate_limit,,3650,146,0,146,9.44,2.83,3,4.5,1,1,0.8937425837320574,0.38594140018188894
1779,,after_candidate_limit,,4001,160,1,160,9.44,5.66,3,4.5,1,2,0.8936856459330144,0.38166725817157443
1780,,after_candidate_limit,,810,32,10,32,12.78,11.5,1.33,3.67,3,1,0.8935665071770335,0.3707706034745193
1781,,after_candidate_limit,,785,31,10,31,12.78,11.5,1.33,2,3,1,0.8935617224880382,0.3783558856417681
1782,,after_candidate_limit,,3826,153,1,153,9.44,4.25,3,4.5,1,2,0.8935593301435407,0.3808984172264138
1783,,after_candidate_limit,,656,26,6,26,11.67,7,2.17,3.25,2,2,0.893533014354067,0.3898306379681861
1784,,after_candidate_limit,,4002,160,2,160,9.44,5.66,3,4.5,1,3,0.893455980861244,0.3787471523682224
1785,,after_candidate_limit,,3651,146,1,146,9.44,2.83,3,4.5,1,2,0.893411961722488,0.3784224941623715
1786,,after_candidate_limit,,3827,153,2,153,9.44,4.25,3,4.5,1,3,0.8933717703349282,0.37727289646224965
1787,,after_candidate_limit,,4178,167,3,167,9.44,8.5,3,4.5,1,8,0.8933181818181818,0.3722387579611564
1788,,after_candidate_limit,,305,12,5,12,11.67,3.5,2.17,3.25,2,1,0.8933177033492823,0.3896187101803538
1789,,after_candidate_limit,,3652,146,2,146,9.44,2.83,3,4.5,1,3,0.8933062200956938,0.37465480557239433
1790,,after_candidate_limit,,4003,160,3,160,9.44,5.66,3,4.5,1,8,0.8932846889952153,0.371136689328431
1791,,after_candidate_limit,,3653,146,3,146,9.44,2.83,3,4.5,1,8,0.8932837320574163,0.3711207192298921
1792,,after_candidate_limit,,3654,146,4,146,9.44,2.83,3,4.5,1,15,0.8932837320574163,0.3711207192298921
1793,,after_candidate_limit,,3828,153,3,153,9.44,4.25,3,4.5,1,8,0.8932837320574163,0.3711207192298921
1794,,after_candidate_limit,,3829,153,4,153,9.44,4.25,3,4.5,1,15,0.8932837320574163,0.3711207192298921
1795,,after_candidate_limit,,4004,160,4,160,9.44,5.66,3,4.5,1,15,0.8932837320574163,0.3711207192298921
1796,,after_candidate_limit,,4179,167,4,167,9.44,8.5,3,4.5,1,15,0.8932837320574163,0.3711207192298921
1797,,after_candidate_limit,,2169,86,19,86,15,13.5,0.5,2,6,15,0.8932397129186603,0.40683180125633334
1798,,after_candidate_limit,,2144,85,19,85,15,13.5,0.5,1.38,6,15,0.8932052631578947,0.40662138288489946
1799,,after_candidate_limit,,481,19,6,19,11.67,5.25,2.17,3.25,2,2,0.8930913875598087,0.385211671007663
1800,,after_candidate_limit,,657,26,7,26,11.67,7,2.17,3.25,2,3,0.893044019138756,0.3831559124831143
1801,,after_candidate_limit,,306,12,6,12,11.67,3.5,2.17,3.25,2,2,0.8929148325358852,0.38255027246695333
1802,,after_candidate_limit,,133,5,8,5,11.67,10.5,2.17,3.25,2,8,0.8928875598086125,0.381997006816184
1803,,after_candidate_limit,,482,19,7,19,11.67,5.25,2.17,3.25,2,3,0.8928301435406698,0.380611861513027
1804,,after_candidate_limit,,156,6,6,6,11.67,10.5,3,4.5,2,2,0.8928105263157895,0.40301965465381784
1805,,after_candidate_limit,,1335,53,10,53,12.78,7.67,1.33,3.67,3,1,0.8927492822966507,0.4249150251382138
1806,,after_candidate_limit,,307,12,7,12,11.67,3.5,2.17,3.25,2,3,0.8927033492822967,0.3779463176876876
1807,,after_candidate_limit,,680,27,5,27,11.67,7,3,4.5,2,1,0.8926985645933014,0.42561535368828235
1808,,after_candidate_limit,,1310,52,10,52,12.78,7.67,1.33,2,3,1,0.892687081339713,0.4239887848299014
1809,,after_candidate_limit,,308,12,8,12,11.67,3.5,2.17,3.25,2,8,0.8926473684210526,0.3725329128678687
1810,,after_candidate_limit,,309,12,9,12,11.67,3.5,2.17,3.25,2,15,0.8926473684210526,0.3725329128678687
1811,,after_candidate_limit,,483,19,8,19,11.67,5.25,2.17,3.25,2,8,0.8926473684210526,0.3725329128678687
1812,,after_candidate_limit,,484,19,9,19,11.67,5.25,2.17,3.25,2,15,0.8926473684210526,0.3725329128678687
1813,,after_candidate_limit,,658,26,8,26,11.67,7,2.17,3.25,2,8,0.8926473684210526,0.3725329128678687
1814,,after_candidate_limit,,659,26,9,26,11.67,7,2.17,3.25,2,15,0.8926473684210526,0.3725329128678687
1815,,after_candidate_limit,,134,5,9,5,11.67,10.5,2.17,3.25,2,15,0.8926028708133972,0.3699769325950369
1816,,after_candidate_limit,,2118,84,18,84,15,13.5,0.5,0.75,6,8,0.8920416267942584,0.40589172036805315
1817,,after_candidate_limit,,157,6,7,6,11.67,10.5,3,4.5,2,3,0.8919148325358852,0.39182966676010667
1818,,after_candidate_limit,,1160,46,10,46,12.78,5.75,1.33,3.67,3,1,0.8917904306220096,0.4028510547982401
1819,,after_candidate_limit,,1135,45,10,45,12.78,5.75,1.33,2,3,1,0.891777990430622,0.40577519609099477
1820,,after_candidate_limit,,786,31,11,31,12.78,11.5,1.33,2,3,2,0.8917014354066986,0.38775971251921265
1821,,after_candidate_limit,,505,20,5,20,11.67,5.25,3,4.5,2,1,0.8916813397129186,0.40073099764659686
1822,,after_candidate_limit,,2143,85,18,85,15,13.5,0.5,1.38,6,8,0.8914961722488038,0.4008946171591859
1823,,after_candidate_limit,,1336,53,11,53,12.78,7.67,1.33,3.67,3,2,0.891465071770335,0.39958932395909486
1824,,after_candidate_limit,,681,27,6,27,11.67,7,3,4.5,2,2,0.891422966507177,0.3904669805002896
1825,,after_candidate_limit,,1311,52,11,52,12.78,7.67,1.33,2,3,2,0.8914200956937799,0.3974393390155302
1826,,after_candidate_limit,,787,31,12,31,12.78,11.5,1.33,2,3,3,0.8913626794258374,0.3851996909983359
1827,,after_candidate_limit,,812,32,12,32,12.78,11.5,1.33,3.67,3,3,0.8913416267942583,0.3802463723301791
1828,,after_candidate_limit,,330,13,5,13,11.67,3.5,3,4.5,2,1,0.8911885167464115,0.39009117397325055
1829,,after_candidate_limit,,985,39,10,39,12.78,3.83,1.33,3.67,3,1,0.8910655502392345,0.39150595401373023
1830,,after_candidate_limit,,2168,86,18,86,15,13.5,0.5,2,6,8,0.891056937799043,0.39931847558309325
1831,,after_candidate_limit,,960,38,10,38,12.78,3.83,1.33,2,3,1,0.8910478468899522,0.39225112796574146
1832,,after_candidate_limit,,811,32,11,32,12.78,11.5,1.33,3.67,3,2,0.8909588516746412,0.3797816342513647
1833,,after_candidate_limit,,506,20,6,20,11.67,5.25,3,4.5,2,2,0.8909564593301436,0.3854954751328979
1834,,after_candidate_limit,,682,27,7,27,11.67,7,3,4.5,2,3,0.8908995215311005,0.3832418390866005
1835,,after_candidate_limit,,1161,46,11,46,12.78,5.75,1.33,3.67,3,2,0.8908583732057416,0.38692753518526196
1836,,after_candidate_limit,,1136,45,11,45,12.78,5.75,1.33,2,3,2,0.890844019138756,0.38669947493915985
1837,,after_candidate_limit,,1337,53,12,53,12.78,7.67,1.33,3.67,3,3,0.8908421052631579,0.3855722653675511
1838,,after_candidate_limit,,1312,52,12,52,12.78,7.67,1.33,2,3,3,0.8908229665071771,0.3848194863519753
1839,,after_candidate_limit,,331,13,6,13,11.67,3.5,3,4.5,2,2,0.8907846889952153,0.3828548519822296
1840,,after_candidate_limit,,158,6,8,6,11.67,10.5,3,4.5,2,8,0.890777033492823,0.38190519709509835
1841,,after_candidate_limit,,507,20,7,20,11.67,5.25,3,4.5,2,3,0.8906827751196172,0.38079865020380244
1842,,after_candidate_limit,,986,39,11,39,12.78,3.83,1.33,3.67,3,2,0.890621052631579,0.3832262920176811
1843,,after_candidate_limit,,961,38,11,38,12.78,3.83,1.33,2,3,2,0.8906105263157895,0.3831497307945722
1844,,after_candidate_limit,,788,31,13,31,12.78,11.5,1.33,2,3,8,0.8905799043062201,0.3807589059370492
1845,,after_candidate_limit,,1162,46,12,46,12.78,5.75,1.33,3.67,3,3,0.8905688995215311,0.38191114567744155
1846,,after_candidate_limit,,332,13,7,13,11.67,3.5,3,4.5,2,3,0.8905626794258373,0.3782774433381707
1847,,after_candidate_limit,,813,32,13,32,12.78,11.5,1.33,3.67,3,8,0.8905598086124402,0.3805188339400312
1848,,after_candidate_limit,,1137,45,12,45,12.78,5.75,1.33,2,3,3,0.8905574162679426,0.3818444854672886
1849,,after_candidate_limit,,333,13,8,13,11.67,3.5,3,4.5,2,8,0.8905,0.3726934197012221
1850,,after_candidate_limit,,334,13,9,13,11.67,3.5,3,4.5,2,15,0.8905,0.3726934197012221
1851,,after_candidate_limit,,508,20,8,20,11.67,5.25,3,4.5,2,8,0.8905,0.3726934197012221
1852,,after_candidate_limit,,509,20,9,20,11.67,5.25,3,4.5,2,15,0.8905,0.3726934197012221
1853,,after_candidate_limit,,683,27,8,27,11.67,7,3,4.5,2,8,0.8905,0.3726934197012221
1854,,after_candidate_limit,,684,27,9,27,11.67,7,3,4.5,2,15,0.8905,0.3726934197012221
1855,,after_candidate_limit,,159,6,9,6,11.67,10.5,3,4.5,2,15,0.8904478468899522,0.37014262846699847
1856,,after_candidate_limit,,987,39,12,39,12.78,3.83,1.33,3.67,3,3,0.8904444976076555,0.37980580579433876
1857,,after_candidate_limit,,962,38,12,38,12.78,3.83,1.33,2,3,3,0.890432057416268,0.3795558344556266
1858,,after_candidate_limit,,1338,53,13,53,12.78,7.67,1.33,3.67,3,8,0.890356937799043,0.37416691122162904
1859,,after_candidate_limit,,1313,52,13,52,12.78,7.67,1.33,2,3,8,0.890355980861244,0.37336691122162907
1860,,after_candidate_limit,,963,38,13,38,12.78,3.83,1.33,2,3,8,0.890355023923445,0.37335011961743114
1861,,after_candidate_limit,,964,38,14,38,12.78,3.83,1.33,2,3,15,0.890355023923445,0.37335011961743114
1862,,after_candidate_limit,,988,39,13,39,12.78,3.83,1.33,3.67,3,8,0.890355023923445,0.37335011961743114
1863,,after_candidate_limit,,989,39,14,39,12.78,3.83,1.33,3.67,3,15,0.890355023923445,0.37335011961743114
1864,,after_candidate_limit,,1138,45,13,45,12.78,5.75,1.33,2,3,8,0.890355023923445,0.37335011961743114
1865,,after_candidate_limit,,1139,45,14,45,12.78,5.75,1.33,2,3,15,0.890355023923445,0.37335011961743114
1866,,after_candidate_limit,,1163,46,13,46,12.78,5.75,1.33,3.67,3,8,0.890355023923445,0.37335011961743114
1867,,after_candidate_limit,,1164,46,14,46,12.78,5.75,1.33,3.67,3,15,0.890355023923445,0.37335011961743114
1868,,after_candidate_limit,,1314,52,14,52,12.78,7.67,1.33,2,3,15,0.890355023923445,0.37335011961743114
1869,,after_candidate_limit,,1339,53,14,53,12.78,7.67,1.33,3.67,3,15,0.890355023923445,0.37335011961743114
1870,,after_candidate_limit,,814,32,14,32,12.78,11.5,1.33,3.67,3,15,0.8902344497607656,0.3734228229221242
1871,,after_candidate_limit,,789,31,14,31,12.78,11.5,1.33,2,3,15,0.8902277511961723,0.3728051707765483
1872,,after_candidate_limit,,2117,84,17,84,15,13.5,0.5,0.75,6,3,0.8889459330143541,0.40111403940532797
1873,,after_candidate_limit,,2116,84,16,84,15,13.5,0.5,0.75,6,2,0.8880703349282296,0.3928411911350994
1874,,after_candidate_limit,,2142,85,17,85,15,13.5,0.5,1.38,6,3,0.8871373205741627,0.38897352001104113
1875,,after_candidate_limit,,835,33,10,33,12.78,11.5,2.17,3.25,3,1,0.886466985645933,0.36828789127639766
1876,,after_candidate_limit,,860,34,10,34,12.78,11.5,3,4.5,3,1,0.8863454545454545,0.3670772491918572
1877,,after_candidate_limit,,2115,84,15,84,15,13.5,0.5,0.75,6,1,0.8863004784688995,0.3895433414437795
1878,,after_candidate_limit,,2167,86,17,86,15,13.5,0.5,2,6,3,0.8862435406698564,0.3811231404587871
1879,,after_candidate_limit,,1360,54,10,54,12.78,7.67,2.17,3.25,3,1,0.8856392344497608,0.4201511578454216
1880,,after_candidate_limit,,1385,55,10,55,12.78,7.67,3,4.5,3,1,0.8856133971291866,0.42055719787075396
1881,,after_candidate_limit,,2141,85,16,85,15,13.5,0.5,1.38,6,2,0.8850119617224881,0.3807453186422364
1882,,after_candidate_limit,,1185,47,10,47,12.78,5.75,2.17,3.25,3,1,0.8847732057416268,0.40096633179154895
1883,,after_candidate_limit,,1210,48,10,48,12.78,5.75,3,4.5,3,1,0.8847674641148325,0.4009759283847023
1884,,after_candidate_limit,,1386,55,11,55,12.78,7.67,3,4.5,3,2,0.8844583732057416,0.39961648174586767
1885,,after_candidate_limit,,1361,54,11,54,12.78,7.67,2.17,3.25,3,2,0.884445933014354,0.39717707249772655
1886,,after_candidate_limit,,837,33,12,33,12.78,11.5,2.17,3.25,3,3,0.8843071770334928,0.37865323608030876
1887,,after_candidate_limit,,862,34,12,34,12.78,11.5,3,4.5,3,3,0.8842095693779904,0.37761786005995307
1888,,after_candidate_limit,,836,33,11,33,12.78,11.5,2.17,3.25,3,2,0.8840631578947369,0.3781095995177994
1889,,after_candidate_limit,,1010,40,10,40,12.78,3.83,2.17,3.25,3,1,0.8840502392344498,0.39000526672424923
1890,,after_candidate_limit,,1035,41,10,41,12.78,3.83,3,4.5,3,1,0.8840205741626794,0.3907689897029183
1891,,after_candidate_limit,,1362,54,12,54,12.78,7.67,2.17,3.25,3,3,0.8838488038277512,0.3842350514704581
1892,,after_candidate_limit,,1186,47,11,47,12.78,5.75,2.17,3.25,3,2,0.8838468899521531,0.38541764872175105
1893,,after_candidate_limit,,1211,48,11,48,12.78,5.75,3,4.5,3,2,0.883834928229665,0.38668720384065264
1894,,after_candidate_limit,,1387,55,12,55,12.78,7.67,3,4.5,3,3,0.8838229665071771,0.3851305233388984
1895,,after_candidate_limit,,861,34,11,34,12.78,11.5,3,4.5,3,2,0.8837732057416268,0.37321182310714046
1896,,after_candidate_limit,,2166,86,16,86,15,13.5,0.5,2,6,2,0.8836942583732057,0.3726830288655657
1897,,after_candidate_limit,,1011,40,11,40,12.78,3.83,2.17,3.25,3,2,0.8836133971291866,0.38188258949012727
1898,,after_candidate_limit,,1036,41,11,41,12.78,3.83,3,4.5,3,2,0.8835794258373205,0.3827160949861264
1899,,after_candidate_limit,,1187,47,12,47,12.78,5.75,2.17,3.25,3,3,0.8835622009569378,0.3805610743217778
1900,,after_candidate_limit,,838,33,13,33,12.78,11.5,2.17,3.25,3,8,0.8835483253588516,0.37886210423741246
1901,,after_candidate_limit,,1212,48,12,48,12.78,5.75,3,4.5,3,3,0.8835373205741627,0.3814274736477815
1902,,after_candidate_limit,,863,34,13,34,12.78,11.5,3,4.5,3,8,0.8834861244019139,0.3799511831211669
1903,,after_candidate_limit,,1012,40,12,40,12.78,3.83,2.17,3.25,3,3,0.8834339712918661,0.37827334643978583
1904,,after_candidate_limit,,1037,41,12,41,12.78,3.83,3,4.5,3,3,0.8834095693779904,0.37929534291632516
1905,,after_candidate_limit,,1363,54,13,54,12.78,7.67,2.17,3.25,3,8,0.8833531100478469,0.3728409384895843
1906,,after_candidate_limit,,1013,40,13,40,12.78,3.83,2.17,3.25,3,8,0.8833483253588517,0.3720005829019391
1907,,after_candidate_limit,,1014,40,14,40,12.78,3.83,2.17,3.25,3,15,0.8833483253588517,0.3720005829019391
1908,,after_candidate_limit,,1188,47,13,47,12.78,5.75,2.17,3.25,3,8,0.8833483253588517,0.3720005829019391
1909,,after_candidate_limit,,1189,47,14,47,12.78,5.75,2.17,3.25,3,15,0.8833483253588517,0.3720005829019391
1910,,after_candidate_limit,,1364,54,14,54,12.78,7.67,2.17,3.25,3,15,0.8833483253588517,0.3720005829019391
1911,,after_candidate_limit,,1388,55,13,55,12.78,7.67,3,4.5,3,8,0.8833239234449761,0.37372947255286054
1912,,after_candidate_limit,,1038,41,13,41,12.78,3.83,3,4.5,3,8,0.8833191387559809,0.37288981602533816
1913,,after_candidate_limit,,1039,41,14,41,12.78,3.83,3,4.5,3,15,0.8833191387559809,0.37288981602533816
1914,,after_candidate_limit,,1213,48,13,48,12.78,5.75,3,4.5,3,8,0.8833191387559809,0.37288981602533816
1915,,after_candidate_limit,,1214,48,14,48,12.78,5.75,3,4.5,3,15,0.8833191387559809,0.37288981602533816
1916,,after_candidate_limit,,1389,55,14,55,12.78,7.67,3,4.5,3,15,0.8833191387559809,0.37288981602533816
1917,,after_candidate_limit,,839,33,14,33,12.78,11.5,2.17,3.25,3,15,0.883223923444976,0.37198772321550544
1918,,after_candidate_limit,,864,34,14,34,12.78,11.5,3,4.5,3,15,0.8832004784688995,0.37339772830717805
1919,,after_candidate_limit,,4035,161,10,161,9.44,8.5,0.5,0.75,3,1,0.882577990430622,0.3601066437129858
1920,,after_candidate_limit,,2140,85,15,85,15,13.5,0.5,1.38,6,1,0.8825392344497608,0.36761168082398127
1921,,after_candidate_limit,,4060,162,10,162,9.44,8.5,0.5,1.38,3,1,0.882312918660287,0.35072854731074826
1922,,after_candidate_limit,,4085,163,10,163,9.44,8.5,0.5,2,3,1,0.8820421052631578,0.3484275854659864
1923,,after_candidate_limit,,2615,104,15,104,15,6.75,3,4.5,6,1,0.8810306220095694,0.4232387986043083
1924,,after_candidate_limit,,4036,161,11,161,9.44,8.5,0.5,0.75,3,2,0.8809004784688995,0.3325243335829962
1925,,after_candidate_limit,,2790,111,15,111,15,9,3,4.5,6,1,0.8808995215311005,0.4253522626772361
1926,,after_candidate_limit,,4061,162,11,162,9.44,8.5,0.5,1.38,3,2,0.8807397129186603,0.3289186843434361
1927,,after_candidate_limit,,4086,163,11,163,9.44,8.5,0.5,2,3,2,0.8807263157894737,0.32857262042431884
1928,,after_candidate_limit,,3860,154,10,154,9.44,5.66,0.5,0.75,3,1,0.8804612440191387,0.3410508758946856
1929,,after_candidate_limit,,3885,155,10,155,9.44,5.66,0.5,1.38,3,1,0.8803971291866028,0.3349462719182748
1930,,after_candidate_limit,,3910,156,10,156,9.44,5.66,0.5,2,3,1,0.8803894736842105,0.3301040949144817
1931,,after_candidate_limit,,2791,111,16,111,15,9,3,4.5,6,2,0.8803052631578947,0.40977785903704733
1932,,after_candidate_limit,,4087,163,12,163,9.44,8.5,0.5,2,3,3,0.8801234449760765,0.32052769465345077
1933,,after_candidate_limit,,4037,161,12,161,9.44,8.5,0.5,0.75,3,3,0.8801023923444976,0.3189500407018098
1934,,after_candidate_limit,,4062,162,12,162,9.44,8.5,0.5,1.38,3,3,0.8800842105263158,0.32036559845464363
1935,,after_candidate_limit,,3685,147,10,147,9.44,4.25,0.5,0.75,3,1,0.8800488038277512,0.331181877581995
1936,,after_candidate_limit,,3710,148,10,148,9.44,4.25,0.5,1.38,3,1,0.8799636363636364,0.3243965157840591
1937,,after_candidate_limit,,3735,149,10,149,9.44,4.25,0.5,2,3,1,0.8799636363636364,0.32399597925841
1938,,after_candidate_limit,,3510,140,10,140,9.44,2.83,0.5,0.75,3,1,0.8798229665071771,0.3232323241558878
1939,,after_candidate_limit,,1940,77,15,77,13.89,8.33,0.5,0.75,6,1,0.8798133971291866,0.4231181989776584
1940,,after_candidate_limit,,2440,97,15,97,15,4.5,3,4.5,6,1,0.8797875598086125,0.3996579280760175
1941,,after_candidate_limit,,3861,154,11,154,9.44,5.66,0.5,0.75,3,2,0.8797837320574162,0.3222685892998661
1942,,after_candidate_limit,,1965,78,15,78,13.89,8.33,0.5,1.38,6,1,0.8797665071770335,0.4182428091970901
1943,,after_candidate_limit,,3911,156,11,156,9.44,5.66,0.5,2,3,2,0.8797626794258373,0.3193739504044322
1944,,after_candidate_limit,,3535,141,10,141,9.44,2.83,0.5,1.38,3,1,0.8797569377990431,0.32048871434543846
1945,,after_candidate_limit,,3886,155,11,155,9.44,5.66,0.5,1.38,3,2,0.879755023923445,0.31928970529351003
1946,,after_candidate_limit,,2616,104,16,104,15,6.75,3,4.5,6,2,0.8797507177033492,0.3953716532269999
1947,,after_candidate_limit,,3560,142,10,142,9.44,2.83,0.5,2,3,1,0.8797224880382775,0.32052044155612425
1948,,after_candidate_limit,,2792,111,17,111,15,9,3,4.5,6,3,0.8796851674641148,0.4015763887738361
1949,,after_candidate_limit,,3736,149,11,149,9.44,4.25,0.5,2,3,2,0.8796287081339713,0.31659390404481286
1950,,after_candidate_limit,,3686,147,11,147,9.44,4.25,0.5,0.75,3,2,0.8796248803827751,0.3165542043654187
1951,,after_candidate_limit,,3711,148,11,148,9.44,4.25,0.5,1.38,3,2,0.879622009569378,0.31657513667716225
1952,,after_candidate_limit,,3912,156,12,156,9.44,5.66,0.5,2,3,3,0.8796,0.3159308214018645
1953,,after_candidate_limit,,3887,155,12,155,9.44,5.66,0.5,1.38,3,3,0.8795942583732057,0.31573505740151303
1954,,after_candidate_limit,,3862,154,12,154,9.44,5.66,0.5,0.75,3,3,0.8795856459330144,0.3154791895789097
1955,,after_candidate_limit,,3511,140,11,140,9.44,2.83,0.5,0.75,3,2,0.8795569377990431,0.3147901227230461
1956,,after_candidate_limit,,3536,141,11,141,9.44,2.83,0.5,1.38,3,2,0.8795468899521531,0.3145864422139671
1957,,after_candidate_limit,,3561,142,11,142,9.44,2.83,0.5,2,3,2,0.879545933014354,0.3145452065782763
1958,,after_candidate_limit,,3737,149,12,149,9.44,4.25,0.5,2,3,3,0.8795401913875598,0.31418354148225325
1959,,after_candidate_limit,,3712,148,12,148,9.44,4.25,0.5,1.38,3,3,0.8795363636363637,0.3140861559723996
1960,,after_candidate_limit,,3687,147,12,147,9.44,4.25,0.5,0.75,3,3,0.8795330143540669,0.31386441252090497
1961,,after_candidate_limit,,1990,79,15,79,13.89,8.33,0.5,2,6,1,0.8795224880382775,0.4152589875896565
1962,,after_candidate_limit,,4038,161,13,161,9.44,8.5,0.5,0.75,3,8,0.8795196172248804,0.31055119188403757
1963,,after_candidate_limit,,4088,163,13,163,9.44,8.5,0.5,2,3,8,0.8795177033492823,0.3108070283041264
1964,,after_candidate_limit,,4063,162,13,162,9.44,8.5,0.5,1.38,3,8,0.8795157894736843,0.3103013047211239
1965,,after_candidate_limit,,3512,140,12,140,9.44,2.83,0.5,0.75,3,3,0.8795124401913875,0.3126820176227455
1966,,after_candidate_limit,,3537,141,12,141,9.44,2.83,0.5,1.38,3,3,0.8795105263157895,0.31236880957271546
1967,,after_candidate_limit,,3562,142,12,142,9.44,2.83,0.5,2,3,3,0.8795095693779904,0.31250480547645326
1968,,after_candidate_limit,,4039,161,14,161,9.44,8.5,0.5,0.75,3,15,0.8795038277511962,0.3094620495960349
1969,,after_candidate_limit,,3513,140,13,140,9.44,2.83,0.5,0.75,3,8,0.8795028708133972,0.30945132162668626
1970,,after_candidate_limit,,3514,140,14,140,9.44,2.83,0.5,0.75,3,15,0.8795028708133972,0.30945132162668626
1971,,after_candidate_limit,,3538,141,13,141,9.44,2.83,0.5,1.38,3,8,0.8795028708133972,0.30945132162668626
1972,,after_candidate_limit,,3539,141,14,141,9.44,2.83,0.5,1.38,3,15,0.8795028708133972,0.30945132162668626
1973,,after_candidate_limit,,3563,142,13,142,9.44,2.83,0.5,2,3,8,0.8795028708133972,0.30945132162668626
1974,,after_candidate_limit,,3564,142,14,142,9.44,2.83,0.5,2,3,15,0.8795028708133972,0.30945132162668626
1975,,after_candidate_limit,,3688,147,13,147,9.44,4.25,0.5,0.75,3,8,0.8795028708133972,0.30945132162668626
1976,,after_candidate_limit,,3689,147,14,147,9.44,4.25,0.5,0.75,3,15,0.8795028708133972,0.30945132162668626
1977,,after_candidate_limit,,3713,148,13,148,9.44,4.25,0.5,1.38,3,8,0.8795028708133972,0.30945132162668626
1978,,after_candidate_limit,,3714,148,14,148,9.44,4.25,0.5,1.38,3,15,0.8795028708133972,0.30945132162668626
1979,,after_candidate_limit,,3738,149,13,149,9.44,4.25,0.5,2,3,8,0.8795028708133972,0.30945132162668626
1980,,after_candidate_limit,,3739,149,14,149,9.44,4.25,0.5,2,3,15,0.8795028708133972,0.30945132162668626
1981,,after_candidate_limit,,3863,154,13,154,9.44,5.66,0.5,0.75,3,8,0.8795028708133972,0.30945132162668626
1982,,after_candidate_limit,,3864,154,14,154,9.44,5.66,0.5,0.75,3,15,0.8795028708133972,0.30945132162668626
1983,,after_candidate_limit,,3888,155,13,155,9.44,5.66,0.5,1.38,3,8,0.8795028708133972,0.30945132162668626
1984,,after_candidate_limit,,3889,155,14,155,9.44,5.66,0.5,1.38,3,15,0.8795028708133972,0.30945132162668626
1985,,after_candidate_limit,,3913,156,13,156,9.44,5.66,0.5,2,3,8,0.8795028708133972,0.30945132162668626
1986,,after_candidate_limit,,3914,156,14,156,9.44,5.66,0.5,2,3,15,0.8795028708133972,0.30945132162668626
1987,,after_candidate_limit,,4064,162,14,162,9.44,8.5,0.5,1.38,3,15,0.8795028708133972,0.30945132162668626
1988,,after_candidate_limit,,4089,163,14,163,9.44,8.5,0.5,2,3,15,0.8795028708133972,0.30945132162668626
1989,,after_candidate_limit,,2441,97,16,97,15,4.5,3,4.5,6,2,0.8793540669856459,0.391270139716613
1990,,after_candidate_limit,,2617,104,17,104,15,6.75,3,4.5,6,3,0.8793373205741627,0.3903415301462063
1991,,after_candidate_limit,,1765,70,15,70,13.89,6.25,0.5,0.75,6,1,0.8792028708133971,0.4141824947155109
1992,,after_candidate_limit,,1790,71,15,71,13.89,6.25,0.5,1.38,6,1,0.8790842105263158,0.40620884673110635
1993,,after_candidate_limit,,1815,72,15,72,13.89,6.25,0.5,2,6,1,0.8790784688995216,0.4039551504559324
1994,,after_candidate_limit,,2442,97,17,97,15,4.5,3,4.5,6,3,0.8790708133971292,0.38672289778492486
1995,,after_candidate_limit,,1941,77,16,77,13.89,8.33,0.5,0.75,6,2,0.8789617224880383,0.40154102889594934
1996,,after_candidate_limit,,2443,97,18,97,15,4.5,3,4.5,6,8,0.8789507177033493,0.3801219215333149
1997,,after_candidate_limit,,2444,97,19,97,15,4.5,3,4.5,6,15,0.8789507177033493,0.3801219215333149
1998,,after_candidate_limit,,2618,104,18,104,15,6.75,3,4.5,6,8,0.8789507177033493,0.3801219215333149
1999,,after_candidate_limit,,2619,104,19,104,15,6.75,3,4.5,6,15,0.8789507177033493,0.3801219215333149
2000,,after_candidate_limit,,2794,111,19,111,15,9,3,4.5,6,15,0.8789507177033493,0.3801219215333149
2001,,after_candidate_limit,,1966,78,16,78,13.89,8.33,0.5,1.38,6,2,0.8789349282296651,0.39906575488222085
2002,,after_candidate_limit,,1991,79,16,79,13.89,8.33,0.5,2,6,2,0.8789301435406699,0.39809730332078297
2003,,after_candidate_limit,,2793,111,18,111,15,9,3,4.5,6,8,0.8788942583732058,0.37964980392408665
2004,,after_candidate_limit,,1590,63,15,63,13.89,4.17,0.5,0.75,6,1,0.8784669856459331,0.399022097612141
2005,,after_candidate_limit,,1992,79,17,79,13.89,8.33,0.5,2,6,3,0.8782641148325359,0.38702467481563707
2006,,after_candidate_limit,,1615,64,15,64,13.89,4.17,0.5,1.38,6,1,0.8782602870813397,0.3921300791498635
2007,,after_candidate_limit,,1766,70,16,70,13.89,6.25,0.5,0.75,6,2,0.8782468899521532,0.38663905632725837
2008,,after_candidate_limit,,1942,77,17,77,13.89,8.33,0.5,0.75,6,3,0.8782430622009569,0.38834791453525114
2009,,after_candidate_limit,,1967,78,17,78,13.89,8.33,0.5,1.38,6,3,0.8782277511961722,0.38636201084776023
2010,,after_candidate_limit,,1640,65,15,65,13.89,4.17,0.5,2,6,1,0.8782172248803828,0.39031216026233617
2011,,after_candidate_limit,,2165,86,15,86,15,13.5,0.5,2,6,1,0.8782114832535886,0.35890740993134645
2012,,after_candidate_limit,,1816,72,16,72,13.89,6.25,0.5,2,6,2,0.8782,0.3844588713401498
2013,,after_candidate_limit,,1791,71,16,71,13.89,6.25,0.5,1.38,6,2,0.8781866028708134,0.38472384709142365
2014,,after_candidate_limit,,1641,65,16,65,13.89,4.17,0.5,2,6,2,0.8778866028708134,0.37992969102093443
2015,,after_candidate_limit,,1616,64,16,64,13.89,4.17,0.5,1.38,6,2,0.8778698564593301,0.37969961062930596
2016,,after_candidate_limit,,1767,70,17,70,13.89,6.25,0.5,0.75,6,3,0.8778655502392344,0.37998702240403215
2017,,after_candidate_limit,,1591,63,16,63,13.89,4.17,0.5,0.75,6,2,0.8778631578947368,0.37982573542603554
2018,,after_candidate_limit,,1817,72,17,72,13.89,6.25,0.5,2,6,3,0.8778593301435407,0.3796400844866571
2019,,after_candidate_limit,,1792,71,17,71,13.89,6.25,0.5,1.38,6,3,0.8778535885167464,0.3795559092719092
2020,,after_candidate_limit,,1642,65,17,65,13.89,4.17,0.5,2,6,3,0.877700956937799,0.3766719339344176
2021,,after_candidate_limit,,1617,64,17,64,13.89,4.17,0.5,1.38,6,3,0.8776899521531101,0.3766445859003593
2022,,after_candidate_limit,,1592,63,17,63,13.89,4.17,0.5,0.75,6,3,0.8776736842105263,0.3761356183687741
2023,,after_candidate_limit,,1993,79,18,79,13.89,8.33,0.5,2,6,8,0.8775732057416268,0.3701629319916715
2024,,after_candidate_limit,,1968,78,18,78,13.89,8.33,0.5,1.38,6,8,0.8775698564593302,0.37003219533977433
2025,,after_candidate_limit,,1943,77,18,77,13.89,8.33,0.5,0.75,6,8,0.8775684210526316,0.36961485063595995
2026,,after_candidate_limit,,1593,63,18,63,13.89,4.17,0.5,0.75,6,8,0.8775569377990431,0.36890612957913416
2027,,after_candidate_limit,,1594,63,19,63,13.89,4.17,0.5,0.75,6,15,0.8775569377990431,0.36890612957913416
2028,,after_candidate_limit,,1618,64,18,64,13.89,4.17,0.5,1.38,6,8,0.8775569377990431,0.36890612957913416
2029,,after_candidate_limit,,1619,64,19,64,13.89,4.17,0.5,1.38,6,15,0.8775569377990431,0.36890612957913416
2030,,after_candidate_limit,,1643,65,18,65,13.89,4.17,0.5,2,6,8,0.8775569377990431,0.36890612957913416
2031,,after_candidate_limit,,1644,65,19,65,13.89,4.17,0.5,2,6,15,0.8775569377990431,0.36890612957913416
2032,,after_candidate_limit,,1768,70,18,70,13.89,6.25,0.5,0.75,6,8,0.8775569377990431,0.36890612957913416
2033,,after_candidate_limit,,1769,70,19,70,13.89,6.25,0.5,0.75,6,15,0.8775569377990431,0.36890612957913416
2034,,after_candidate_limit,,1793,71,18,71,13.89,6.25,0.5,1.38,6,8,0.8775569377990431,0.36890612957913416
2035,,after_candidate_limit,,1794,71,19,71,13.89,6.25,0.5,1.38,6,15,0.8775569377990431,0.36890612957913416
2036,,after_candidate_limit,,1818,72,18,72,13.89,6.25,0.5,2,6,8,0.8775569377990431,0.36890612957913416
2037,,after_candidate_limit,,1819,72,19,72,13.89,6.25,0.5,2,6,15,0.8775569377990431,0.36890612957913416
2038,,after_candidate_limit,,1944,77,19,77,13.89,8.33,0.5,0.75,6,15,0.8775569377990431,0.36890612957913416
2039,,after_candidate_limit,,1969,78,19,78,13.89,8.33,0.5,1.38,6,15,0.8775569377990431,0.36890612957913416
2040,,after_candidate_limit,,1994,79,19,79,13.89,8.33,0.5,2,6,15,0.8775569377990431,0.36890612957913416
2041,,after_candidate_limit,,1415,56,15,56,13.89,12.5,0.5,0.75,6,1,0.8771416267942583,0.37506380615282
2042,,after_candidate_limit,,1419,56,19,56,13.89,12.5,0.5,0.75,6,15,0.8770578947368421,0.3719227397192277
2043,,after_candidate_limit,,2590,103,15,103,15,6.75,2.17,3.25,6,1,0.8770349282296651,0.42195287364384887
2044,,after_candidate_limit,,1444,57,19,57,13.89,12.5,0.5,1.38,6,15,0.8770162679425837,0.37100645506260893
2045,,after_candidate_limit,,1469,58,19,58,13.89,12.5,0.5,2,6,15,0.8770028708133971,0.3711877172618716
2046,,after_candidate_limit,,2765,110,15,110,15,9,2.17,3.25,6,1,0.8768622009569378,0.42313808784463625
2047,,after_candidate_limit,,2269,90,19,90,15,13.5,3,4.5,6,15,0.8765598086124402,0.3826115122097025
2048,,after_candidate_limit,,2766,110,16,110,15,9,2.17,3.25,6,2,0.8763540669856459,0.40933232683948995
2049,,after_candidate_limit,,2565,102,15,102,15,6.75,1.33,3.67,6,1,0.8760736842105263,0.4220278773059955
2050,,after_candidate_limit,,2540,101,15,101,15,6.75,1.33,2,6,1,0.8760382775119617,0.42203383021546675
2051,,after_candidate_limit,,2740,109,15,109,15,9,1.33,3.67,6,1,0.8758976076555024,0.4216329027005765
2052,,after_candidate_limit,,2415,96,15,96,15,4.5,2.17,3.25,6,1,0.8758401913875599,0.3994975597796683
2053,,after_candidate_limit,,2715,108,15,108,15,9,1.33,2,6,1,0.8758354066985646,0.42322235536588465
2054,,after_candidate_limit,,1417,56,17,56,13.89,12.5,0.5,0.75,6,3,0.8758296650717703,0.3749586957853694
2055,,after_candidate_limit,,2591,103,16,103,15,6.75,2.17,3.25,6,2,0.8758148325358852,0.39450713997284914
2056,,after_candidate_limit,,1418,56,18,56,13.89,12.5,0.5,0.75,6,8,0.8757205741626795,0.3741988362265413
2057,,after_candidate_limit,,2767,110,17,110,15,9,2.17,3.25,6,3,0.8756832535885167,0.39972929553137176
2058,,after_candidate_limit,,1416,56,16,56,13.89,12.5,0.5,0.75,6,2,0.8754086124401914,0.3750798432900266
2059,,after_candidate_limit,,2416,96,16,96,15,4.5,2.17,3.25,6,2,0.8753933014354067,0.3897997659685447
2060,,after_candidate_limit,,2592,103,17,103,15,6.75,2.17,3.25,6,3,0.8753923444976076,0.38930430889317613
2061,,after_candidate_limit,,2741,109,16,109,15,9,1.33,3.67,6,2,0.8753492822966508,0.4090136933590086
2062,,after_candidate_limit,,2716,108,16,108,15,9,1.33,2,6,2,0.8752832535885168,0.4075390051362835
2063,,after_candidate_limit,,2417,96,17,96,15,4.5,2.17,3.25,6,3,0.875123923444976,0.38557885279947196
2064,,after_candidate_limit,,1443,57,18,57,13.89,12.5,0.5,1.38,6,8,0.8751157894736842,0.3719161383748186
2065,,after_candidate_limit,,2593,103,18,103,15,6.75,2.17,3.25,6,8,0.8749933014354067,0.37884535270234854
2066,,after_candidate_limit,,2418,96,18,96,15,4.5,2.17,3.25,6,8,0.8749923444976077,0.37884106322027455
2067,,after_candidate_limit,,2419,96,19,96,15,4.5,2.17,3.25,6,15,0.8749923444976077,0.37884106322027455
2068,,after_candidate_limit,,2594,103,19,103,15,6.75,2.17,3.25,6,15,0.8749923444976077,0.37884106322027455
2069,,after_candidate_limit,,2769,110,19,110,15,9,2.17,3.25,6,15,0.8749923444976077,0.37884106322027455
2070,,after_candidate_limit,,2768,110,18,110,15,9,2.17,3.25,6,8,0.8749473684210526,0.37826813524330094
2071,,after_candidate_limit,,2365,94,15,94,15,4.5,1.33,2,6,1,0.874900956937799,0.4016630805402582
2072,,after_candidate_limit,,2390,95,15,95,15,4.5,1.33,3.67,6,1,0.8748354066985646,0.39835724108149834
2073,,after_candidate_limit,,2541,101,16,101,15,6.75,1.33,2,6,2,0.8748306220095694,0.39516046193431614
2074,,after_candidate_limit,,2566,102,16,102,15,6.75,1.33,3.67,6,2,0.8748210526315789,0.39369923384904476
2075,,after_candidate_limit,,1468,58,18,58,13.89,12.5,0.5,2,6,8,0.8748028708133971,0.3706018701868171
2076,,after_candidate_limit,,1442,57,17,57,13.89,12.5,0.5,1.38,6,3,0.8747980861244019,0.3743719442179096
2077,,after_candidate_limit,,2742,109,17,109,15,9,1.33,3.67,6,3,0.8746942583732057,0.3999189396163432
2078,,after_candidate_limit,,2717,108,17,108,15,9,1.33,2,6,3,0.8746363636363637,0.3991099947683025
2079,,after_candidate_limit,,1440,57,15,57,13.89,12.5,0.5,1.38,6,1,0.8745186602870814,0.3607801773539975
2080,,after_candidate_limit,,2567,102,17,102,15,6.75,1.33,3.67,6,3,0.8744196172248804,0.388990612932031
2081,,after_candidate_limit,,2391,95,16,95,15,4.5,1.33,3.67,6,2,0.8744100478468899,0.38947223981652784
2082,,after_candidate_limit,,2542,101,17,101,15,6.75,1.33,2,6,3,0.8744043062200957,0.38949407504493705
2083,,after_candidate_limit,,2366,94,16,94,15,4.5,1.33,2,6,2,0.874388995215311,0.3892013187488546
2084,,after_candidate_limit,,1467,58,17,58,13.89,12.5,0.5,2,6,3,0.8742526315789474,0.3707898572392279
2085,,after_candidate_limit,,2268,90,18,90,15,13.5,3,4.5,6,8,0.8742334928229665,0.36580864210786473
2086,,after_candidate_limit,,2392,95,17,95,15,4.5,1.33,3.67,6,3,0.8741526315789474,0.3852408649969301
2087,,after_candidate_limit,,2367,94,17,94,15,4.5,1.33,2,6,3,0.8741401913875598,0.3850355222905666
2088,,after_candidate_limit,,2744,109,19,109,15,9,1.33,3.67,6,15,0.874,0.37816175608974306
2089,,after_candidate_limit,,2368,94,18,94,15,4.5,1.33,2,6,8,0.873999043062201,0.37815956035979204
2090,,after_candidate_limit,,2369,94,19,94,15,4.5,1.33,2,6,15,0.873999043062201,0.37815956035979204
2091,,after_candidate_limit,,2393,95,18,95,15,4.5,1.33,3.67,6,8,0.873999043062201,0.37815956035979204
2092,,after_candidate_limit,,2394,95,19,95,15,4.5,1.33,3.67,6,15,0.873999043062201,0.37815956035979204
2093,,after_candidate_limit,,2543,101,18,101,15,6.75,1.33,2,6,8,0.873999043062201,0.37815956035979204
2094,,after_candidate_limit,,2544,101,19,101,15,6.75,1.33,2,6,15,0.873999043062201,0.37815956035979204
2095,,after_candidate_limit,,2568,102,18,102,15,6.75,1.33,3.67,6,8,0.873999043062201,0.37815956035979204
2096,,after_candidate_limit,,2569,102,19,102,15,6.75,1.33,3.67,6,15,0.873999043062201,0.37815956035979204
2097,,after_candidate_limit,,2719,108,19,108,15,9,1.33,2,6,15,0.873999043062201,0.37815956035979204
2098,,after_candidate_limit,,1441,57,16,57,13.89,12.5,0.5,1.38,6,2,0.8739665071770335,0.3670865695356539
2099,,after_candidate_limit,,2718,108,18,108,15,9,1.33,2,6,8,0.8739598086124402,0.3776954867632376
2100,,after_candidate_limit,,2743,109,18,109,15,9,1.33,3.67,6,8,0.873955980861244,0.3776058043979471
2101,,after_candidate_limit,,1890,75,15,75,13.89,6.25,2.17,3.25,6,1,0.8729043062200957,0.3794765079089524
2102,,after_candidate_limit,,2065,82,15,82,13.89,8.33,2.17,3.25,6,1,0.8728181818181818,0.3915558220598153
2103,,after_candidate_limit,,1465,58,15,58,13.89,12.5,0.5,2,6,1,0.8727961722488038,0.35071705836896777
2104,,after_candidate_limit,,1466,58,16,58,13.89,12.5,0.5,2,6,2,0.8727732057416268,0.36050008050399673
2105,,after_candidate_limit,,2066,82,16,82,13.89,8.33,2.17,3.25,6,2,0.8727177033492823,0.374002210114601
2106,,after_candidate_limit,,1290,51,15,51,12.78,7.67,0.5,2,6,1,0.8726425837320574,0.3855539736320409
2107,,after_candidate_limit,,1265,50,15,50,12.78,7.67,0.5,1.38,6,1,0.8725947368421053,0.38534120142350264
2108,,after_candidate_limit,,1240,49,15,49,12.78,7.67,0.5,0.75,6,1,0.8725344497607656,0.3907588411623344
2109,,after_candidate_limit,,2244,89,19,89,15,13.5,2.17,3.25,6,15,0.8725301435406698,0.3806206653528162
2110,,after_candidate_limit,,2067,82,17,82,13.89,8.33,2.17,3.25,6,3,0.8722373205741627,0.36469817661451553
2111,,after_candidate_limit,,1891,75,16,75,13.89,6.25,2.17,3.25,6,2,0.8721272727272728,0.36240733287366733
2112,,after_candidate_limit,,1715,68,15,68,13.89,4.17,2.17,3.25,6,1,0.8720124401913876,0.3638966870786697
2113,,after_candidate_limit,,1716,68,16,68,13.89,4.17,2.17,3.25,6,2,0.8718674641148325,0.3582945171663877
2114,,after_candidate_limit,,1892,75,17,75,13.89,6.25,2.17,3.25,6,3,0.871834928229665,0.35790600915849596
2115,,after_candidate_limit,,715,28,15,28,12.78,11.5,0.5,0.75,6,1,0.8717933014354067,0.3565631525505837
2116,,after_candidate_limit,,2267,90,17,90,15,13.5,3,4.5,6,3,0.8717732057416268,0.3535230364999316
2117,,after_candidate_limit,,1065,42,15,42,12.78,5.75,0.5,0.75,6,1,0.8717688995215311,0.37385574764142226
2118,,after_candidate_limit,,1717,68,17,68,13.89,4.17,2.17,3.25,6,3,0.8717114832535885,0.35527112001431826
2119,,after_candidate_limit,,1241,49,16,49,12.78,7.67,0.5,0.75,6,2,0.8716942583732057,0.3622358388984092
2120,,after_candidate_limit,,1291,51,16,51,12.78,7.67,0.5,2,6,2,0.8716837320574162,0.36043626906653986
2121,,after_candidate_limit,,1090,43,15,43,12.78,5.75,0.5,1.38,6,1,0.8716741626794259,0.3683277128617085
2122,,after_candidate_limit,,1115,44,15,44,12.78,5.75,0.5,2,6,1,0.8716693779904306,0.3657199565307807
2123,,after_candidate_limit,,1266,50,16,50,12.78,7.67,0.5,1.38,6,2,0.8716674641148325,0.36075850428241113
2124,,after_candidate_limit,,2068,82,18,82,13.89,8.33,2.17,3.25,6,8,0.8716296650717703,0.34934298453384166
2125,,after_candidate_limit,,1718,68,18,68,13.89,4.17,2.17,3.25,6,8,0.8716114832535885,0.34808147026437464
2126,,after_candidate_limit,,1719,68,19,68,13.89,4.17,2.17,3.25,6,15,0.8716114832535885,0.34808147026437464
2127,,after_candidate_limit,,1893,75,18,75,13.89,6.25,2.17,3.25,6,8,0.8716114832535885,0.34808147026437464
2128,,after_candidate_limit,,1894,75,19,75,13.89,6.25,2.17,3.25,6,15,0.8716114832535885,0.34808147026437464
2129,,after_candidate_limit,,2069,82,19,82,13.89,8.33,2.17,3.25,6,15,0.8716114832535885,0.34808147026437464
2130,,after_candidate_limit,,717,28,17,28,12.78,11.5,0.5,0.75,6,3,0.871611004784689,0.37066547711873826
2131,,after_candidate_limit,,2219,88,19,88,15,13.5,1.33,3.67,6,15,0.8714995215311004,0.3803616336987889
2132,,after_candidate_limit,,2194,87,19,87,15,13.5,1.33,2,6,15,0.8714382775119617,0.3787290514742031
2133,,after_candidate_limit,,1292,51,17,51,12.78,7.67,0.5,2,6,3,0.8712521531100479,0.35062001753033495
2134,,after_candidate_limit,,2015,80,15,80,13.89,8.33,1.33,2,6,1,0.8712440191387559,0.39304395763815647
2135,,after_candidate_limit,,1242,49,17,49,12.78,7.67,0.5,0.75,6,3,0.8712416267942584,0.35189673561561247
2136,,after_candidate_limit,,1267,50,17,50,12.78,7.67,0.5,1.38,6,3,0.8712368421052632,0.3501809740483128
2137,,after_candidate_limit,,1066,42,16,42,12.78,5.75,0.5,0.75,6,2,0.8712043062200957,0.3518941673483595
2138,,after_candidate_limit,,890,35,15,35,12.78,3.83,0.5,0.75,6,1,0.8712004784688995,0.35936523486270544
2139,,after_candidate_limit,,1544,61,19,61,13.89,12.5,2.17,3.25,6,15,0.8711856459330144,0.3496013672752228
2140,,after_candidate_limit,,1091,43,16,43,12.78,5.75,0.5,1.38,6,2,0.8711832535885168,0.35085829516394684
2141,,after_candidate_limit,,1116,44,16,44,12.78,5.75,0.5,2,6,2,0.8711822966507177,0.35069809611148633
2142,,after_candidate_limit,,915,36,15,36,12.78,3.83,0.5,1.38,6,1,0.871033971291866,0.35424379144320484
2143,,after_candidate_limit,,742,29,17,29,12.78,11.5,0.5,1.38,6,3,0.8710205741626794,0.36305719157890687
2144,,after_candidate_limit,,940,37,15,37,12.78,3.83,0.5,2,6,1,0.8710052631578947,0.35284815336144654
2145,,after_candidate_limit,,1117,44,17,44,12.78,5.75,0.5,2,6,3,0.87098995215311,0.3462784802458423
2146,,after_candidate_limit,,1092,43,17,43,12.78,5.75,0.5,1.38,6,3,0.8709832535885167,0.3463225908309752
2147,,after_candidate_limit,,941,37,16,37,12.78,3.83,0.5,2,6,2,0.8709827751196172,0.3466712994124971
2148,,after_candidate_limit,,891,35,16,35,12.78,3.83,0.5,0.75,6,2,0.8709751196172248,0.34684489827186715
2149,,after_candidate_limit,,916,36,16,36,12.78,3.83,0.5,1.38,6,2,0.8709746411483253,0.3466735284058983
2150,,after_candidate_limit,,1067,42,17,42,12.78,5.75,0.5,0.75,6,3,0.8709636363636364,0.34622331771756565
2151,,after_candidate_limit,,1865,74,15,74,13.89,6.25,1.33,3.67,6,1,0.8709502392344498,0.3798309456926126
2152,,after_candidate_limit,,1840,73,15,73,13.89,6.25,1.33,2,6,1,0.8708602870813397,0.3824387899113519
2153,,after_candidate_limit,,2040,81,15,81,13.89,8.33,1.33,3.67,6,1,0.8708468899521531,0.3911221626263386
2154,,after_candidate_limit,,942,37,17,37,12.78,3.83,0.5,2,6,3,0.8708325358851675,0.3428456470572243
2155,,after_candidate_limit,,892,35,17,35,12.78,3.83,0.5,0.75,6,3,0.8708248803827752,0.34255634738362906
2156,,after_candidate_limit,,917,36,17,36,12.78,3.83,0.5,1.38,6,3,0.8708177033492823,0.3424117864347645
2157,,after_candidate_limit,,716,28,16,28,12.78,11.5,0.5,0.75,6,2,0.8708157894736842,0.36521020793866754
2158,,after_candidate_limit,,767,30,17,30,12.78,11.5,0.5,2,6,3,0.8708071770334929,0.3604282370547344
2159,,after_candidate_limit,,2041,81,16,81,13.89,8.33,1.33,3.67,6,2,0.8707818181818182,0.3754358234624391
2160,,after_candidate_limit,,1243,49,18,49,12.78,7.67,0.5,0.75,6,8,0.8707732057416268,0.33748577885813413
2161,,after_candidate_limit,,1268,50,18,50,12.78,7.67,0.5,1.38,6,8,0.8707727272727273,0.33657802909156087
2162,,after_candidate_limit,,1293,51,18,51,12.78,7.67,0.5,2,6,8,0.8707727272727273,0.33657802909156087
2163,,after_candidate_limit,,2016,80,16,80,13.89,8.33,1.33,2,6,2,0.8707712918660288,0.37557273893634835
2164,,after_candidate_limit,,893,35,18,35,12.78,3.83,0.5,0.75,6,8,0.870767942583732,0.33649775441365465
2165,,after_candidate_limit,,894,35,19,35,12.78,3.83,0.5,0.75,6,15,0.870767942583732,0.33649775441365465
2166,,after_candidate_limit,,918,36,18,36,12.78,3.83,0.5,1.38,6,8,0.870767942583732,0.33649775441365465
2167,,after_candidate_limit,,919,36,19,36,12.78,3.83,0.5,1.38,6,15,0.870767942583732,0.33649775441365465
2168,,after_candidate_limit,,943,37,18,37,12.78,3.83,0.5,2,6,8,0.870767942583732,0.33649775441365465
2169,,after_candidate_limit,,944,37,19,37,12.78,3.83,0.5,2,6,15,0.870767942583732,0.33649775441365465
2170,,after_candidate_limit,,1068,42,18,42,12.78,5.75,0.5,0.75,6,8,0.870767942583732,0.33649775441365465
2171,,after_candidate_limit,,1069,42,19,42,12.78,5.75,0.5,0.75,6,15,0.870767942583732,0.33649775441365465
2172,,after_candidate_limit,,1093,43,18,43,12.78,5.75,0.5,1.38,6,8,0.870767942583732,0.33649775441365465
2173,,after_candidate_limit,,1094,43,19,43,12.78,5.75,0.5,1.38,6,15,0.870767942583732,0.33649775441365465
2174,,after_candidate_limit,,1118,44,18,44,12.78,5.75,0.5,2,6,8,0.870767942583732,0.33649775441365465
2175,,after_candidate_limit,,1119,44,19,44,12.78,5.75,0.5,2,6,15,0.870767942583732,0.33649775441365465
2176,,after_candidate_limit,,1244,49,19,49,12.78,7.67,0.5,0.75,6,15,0.870767942583732,0.33649775441365465
2177,,after_candidate_limit,,1269,50,19,50,12.78,7.67,0.5,1.38,6,15,0.870767942583732,0.33649775441365465
2178,,after_candidate_limit,,1294,51,19,51,12.78,7.67,0.5,2,6,15,0.870767942583732,0.33649775441365465
2179,,after_candidate_limit,,2243,89,18,89,15,13.5,2.17,3.25,6,8,0.8704688995215311,0.3680878626914694
2180,,after_candidate_limit,,718,28,18,28,12.78,11.5,0.5,0.75,6,8,0.8704531100478469,0.3434552372085186
2181,,after_candidate_limit,,719,28,19,28,12.78,11.5,0.5,0.75,6,15,0.8704531100478469,0.3362589092634469
2182,,after_candidate_limit,,743,29,18,29,12.78,11.5,0.5,1.38,6,8,0.8703287081339713,0.34169794740090675
2183,,after_candidate_limit,,768,30,18,30,12.78,11.5,0.5,2,6,8,0.8702875598086124,0.34126565607969955
2184,,after_candidate_limit,,2042,81,17,81,13.89,8.33,1.33,3.67,6,3,0.8702851674641149,0.3646324793648461
2185,,after_candidate_limit,,769,30,19,30,12.78,11.5,0.5,2,6,15,0.8702837320574163,0.33587225151936545
2186,,after_candidate_limit,,744,29,19,29,12.78,11.5,0.5,1.38,6,15,0.870266028708134,0.335622195508939
2187,,after_candidate_limit,,2017,80,17,80,13.89,8.33,1.33,2,6,3,0.8702497607655503,0.36499331202477336
2188,,after_candidate_limit,,1866,74,16,74,13.89,6.25,1.33,3.67,6,2,0.8701846889952153,0.3629396123234787
2189,,after_candidate_limit,,1841,73,16,73,13.89,6.25,1.33,2,6,2,0.8701684210526316,0.3631006170499598
2190,,after_candidate_limit,,1665,66,15,66,13.89,4.17,1.33,2,6,1,0.8700602870813398,0.3671580362916084
2191,,after_candidate_limit,,1690,67,15,67,13.89,4.17,1.33,3.67,6,1,0.8700516746411483,0.36479957137860747
2192,,after_candidate_limit,,2193,87,18,87,15,13.5,1.33,2,6,8,0.8699866028708134,0.37075021914400874
2193,,after_candidate_limit,,741,29,16,29,12.78,11.5,0.5,1.38,6,2,0.8699401913875598,0.35458099541853555
2194,,after_candidate_limit,,1691,67,16,67,13.89,4.17,1.33,3.67,6,2,0.8699287081339713,0.3586851346449353
2195,,after_candidate_limit,,1666,66,16,66,13.89,4.17,1.33,2,6,2,0.8699124401913876,0.35872082729303173
2196,,after_candidate_limit,,1867,74,17,74,13.89,6.25,1.33,3.67,6,3,0.8698952153110048,0.3585109414075404
2197,,after_candidate_limit,,1842,73,17,73,13.89,6.25,1.33,2,6,3,0.869890909090909,0.3584354617616926
2198,,after_candidate_limit,,1692,67,17,67,13.89,4.17,1.33,3.67,6,3,0.869766028708134,0.35564312313160357
2199,,after_candidate_limit,,1667,66,17,66,13.89,4.17,1.33,2,6,3,0.8697555023923444,0.35540489831431427
2200,,after_candidate_limit,,766,30,16,30,12.78,11.5,0.5,2,6,2,0.8697172248803827,0.3524035181640206
2201,,after_candidate_limit,,2043,81,18,81,13.89,8.33,1.33,3.67,6,8,0.869677990430622,0.3494097538890465
2202,,after_candidate_limit,,2018,80,18,80,13.89,8.33,1.33,2,6,8,0.8696708133971291,0.34953307144439716
2203,,after_candidate_limit,,1668,66,18,66,13.89,4.17,1.33,2,6,8,0.8696602870813397,0.34828968186075854
2204,,after_candidate_limit,,1669,66,19,66,13.89,4.17,1.33,2,6,15,0.8696602870813397,0.34828968186075854
2205,,after_candidate_limit,,1693,67,18,67,13.89,4.17,1.33,3.67,6,8,0.8696602870813397,0.34828968186075854
2206,,after_candidate_limit,,1694,67,19,67,13.89,4.17,1.33,3.67,6,15,0.8696602870813397,0.34828968186075854
2207,,after_candidate_limit,,1843,73,18,73,13.89,6.25,1.33,2,6,8,0.8696602870813397,0.34828968186075854
2208,,after_candidate_limit,,1844,73,19,73,13.89,6.25,1.33,2,6,15,0.8696602870813397,0.34828968186075854
2209,,after_candidate_limit,,1868,74,18,74,13.89,6.25,1.33,3.67,6,8,0.8696602870813397,0.34828968186075854
2210,,after_candidate_limit,,1869,74,19,74,13.89,6.25,1.33,3.67,6,15,0.8696602870813397,0.34828968186075854
2211,,after_candidate_limit,,2019,80,19,80,13.89,8.33,1.33,2,6,15,0.8696602870813397,0.34828968186075854
2212,,after_candidate_limit,,2044,81,19,81,13.89,8.33,1.33,3.67,6,15,0.8696602870813397,0.34828968186075854
2213,,after_candidate_limit,,2218,88,18,88,15,13.5,1.33,3.67,6,8,0.8695148325358851,0.36856995979845614
2214,,after_candidate_limit,,1543,61,18,61,13.89,12.5,2.17,3.25,6,8,0.8694086124401914,0.35115812431612964
2215,,after_candidate_limit,,740,29,15,29,12.78,11.5,0.5,1.38,6,1,0.869331100478469,0.34047537312194665
2216,,after_candidate_limit,,1494,59,19,59,13.89,12.5,1.33,2,6,15,0.86928995215311,0.3504877997190826
2217,,after_candidate_limit,,2671,106,21,106,15,9,0.5,1.38,20,2,0.8692712918660287,0.3350599399172647
2218,,after_candidate_limit,,2646,105,21,105,15,9,0.5,0.75,20,2,0.8692473684210527,0.34015731455488346
2219,,after_candidate_limit,,2696,107,21,107,15,9,0.5,2,20,2,0.8692234449760765,0.3343022446055787
2220,,after_candidate_limit,,1519,60,19,60,13.89,12.5,1.33,3.67,6,15,0.8692028708133971,0.3497218250792642
2221,,after_candidate_limit,,135,5,10,5,11.67,10.5,2.17,3.25,3,1,0.8689818181818182,0.35677799702878743
2222,,after_candidate_limit,,1542,61,17,61,13.89,12.5,2.17,3.25,6,3,0.8689454545454546,0.3477671003854054
2223,,after_candidate_limit,,2672,106,22,106,15,9,0.5,1.38,20,3,0.8688602870813397,0.32816082767316834
2224,,after_candidate_limit,,2647,105,22,105,15,9,0.5,0.75,20,3,0.8688315789473684,0.32847184508024496
2225,,after_candidate_limit,,2471,98,21,98,15,6.75,0.5,0.75,20,2,0.8687980861244019,0.32453636508119466
2226,,after_candidate_limit,,2496,99,21,99,15,6.75,0.5,1.38,20,2,0.8687904306220096,0.32387192725267555
2227,,after_candidate_limit,,2521,100,21,100,15,6.75,0.5,2,20,2,0.8687894736842106,0.3227660673069551
2228,,after_candidate_limit,,2697,107,22,107,15,9,0.5,2,20,3,0.868754066985646,0.32965391697255353
2229,,after_candidate_limit,,1540,61,15,61,13.89,12.5,2.17,3.25,6,1,0.8687177033492823,0.3272985622329267
2230,,after_candidate_limit,,2242,89,17,89,15,13.5,2.17,3.25,6,3,0.8686047846889953,0.3515253600362168
2231,,after_candidate_limit,,2472,98,22,98,15,6.75,0.5,0.75,20,3,0.8685641148325359,0.3189004101331546
2232,,after_candidate_limit,,2522,100,22,100,15,6.75,0.5,2,20,3,0.8685564593301436,0.31829093033780287
2233,,after_candidate_limit,,2497,99,22,99,15,6.75,0.5,1.38,20,3,0.8685497607655502,0.31795810815179215
2234,,after_candidate_limit,,2296,91,21,91,15,4.5,0.5,0.75,20,2,0.868500956937799,0.31778885493449327
2235,,after_candidate_limit,,2346,93,21,93,15,4.5,0.5,2,20,2,0.8685,0.3172080188865527
2236,,after_candidate_limit,,2321,92,21,92,15,4.5,0.5,1.38,20,2,0.8684942583732057,0.3172386808903317
2237,,after_candidate_limit,,2192,87,17,87,15,13.5,1.33,2,6,3,0.8684822966507177,0.360885612186775
2238,,after_candidate_limit,,2347,93,22,93,15,4.5,0.5,2,20,3,0.8684066985645933,0.3144508987013822
2239,,after_candidate_limit,,2322,92,22,92,15,4.5,0.5,1.38,20,3,0.8684028708133972,0.3144130527212836
2240,,after_candidate_limit,,2297,91,22,91,15,4.5,0.5,0.75,20,3,0.868399043062201,0.3144791319118404
2241,,after_candidate_limit,,2698,107,23,107,15,9,0.5,2,20,8,0.8683296650717703,0.30822983597746745
2242,,after_candidate_limit,,2673,106,23,106,15,9,0.5,1.38,20,8,0.8683234449760766,0.308269146490889
2243,,after_candidate_limit,,2648,105,23,105,15,9,0.5,0.75,20,8,0.8683133971291866,0.30838192494678296
2244,,after_candidate_limit,,2473,98,23,98,15,6.75,0.5,0.75,20,8,0.8682956937799043,0.3065783320176175
2245,,after_candidate_limit,,2498,99,23,99,15,6.75,0.5,1.38,20,8,0.8682947368421052,0.30650951481331645
2246,,after_candidate_limit,,2523,100,23,100,15,6.75,0.5,2,20,8,0.8682947368421052,0.30650951481331645
2247,,after_candidate_limit,,2298,91,23,91,15,4.5,0.5,0.75,20,8,0.8682937799043062,0.30648420678800836
2248,,after_candidate_limit,,2299,91,24,91,15,4.5,0.5,0.75,20,15,0.8682937799043062,0.30648420678800836
2249,,after_candidate_limit,,2323,92,23,92,15,4.5,0.5,1.38,20,8,0.8682937799043062,0.30648420678800836
2250,,after_candidate_limit,,2324,92,24,92,15,4.5,0.5,1.38,20,15,0.8682937799043062,0.30648420678800836
2251,,after_candidate_limit,,2348,93,23,93,15,4.5,0.5,2,20,8,0.8682937799043062,0.30648420678800836
2252,,after_candidate_limit,,2349,93,24,93,15,4.5,0.5,2,20,15,0.8682937799043062,0.30648420678800836
2253,,after_candidate_limit,,2474,98,24,98,15,6.75,0.5,0.75,20,15,0.8682937799043062,0.30648420678800836
2254,,after_candidate_limit,,2499,99,24,99,15,6.75,0.5,1.38,20,15,0.8682937799043062,0.30648420678800836
2255,,after_candidate_limit,,2524,100,24,100,15,6.75,0.5,2,20,15,0.8682937799043062,0.30648420678800836
2256,,after_candidate_limit,,2649,105,24,105,15,9,0.5,0.75,20,15,0.8682937799043062,0.30648420678800836
2257,,after_candidate_limit,,2674,106,24,106,15,9,0.5,1.38,20,15,0.8682937799043062,0.30648420678800836
2258,,after_candidate_limit,,2699,107,24,107,15,9,0.5,2,20,15,0.8682937799043062,0.30648420678800836
2259,,after_candidate_limit,,85,3,10,3,11.67,10.5,1.33,2,3,1,0.8682392344497608,0.362736608880626
2260,,after_candidate_limit,,110,4,10,4,11.67,10.5,1.33,3.67,3,1,0.8682162679425838,0.3566229164808438
2261,,after_candidate_limit,,136,5,11,5,11.67,10.5,2.17,3.25,3,2,0.8681502392344498,0.3594674124367903
2262,,after_candidate_limit,,2266,90,16,90,15,13.5,3,4.5,6,2,0.8680497607655503,0.33866034884445306
2263,,after_candidate_limit,,1541,61,16,61,13.89,12.5,2.17,3.25,6,2,0.8679358851674641,0.33773963760194303
2264,,after_candidate_limit,,1492,59,17,59,13.89,12.5,1.33,2,6,3,0.8678612440191388,0.3519835144162978
2265,,after_candidate_limit,,1493,59,18,59,13.89,12.5,1.33,2,6,8,0.867733014354067,0.3528033855818584
2266,,after_candidate_limit,,86,3,11,3,11.67,10.5,1.33,2,3,2,0.8675732057416268,0.36797305978322253
2267,,after_candidate_limit,,3330,133,5,133,5,4.5,0.5,0.75,2,1,0.8675301435406698,0.2418478503348018
2268,,after_candidate_limit,,660,26,10,26,11.67,7,2.17,3.25,3,1,0.8675244019138756,0.3785061499002201
2269,,after_candidate_limit,,3355,134,5,134,5,4.5,0.5,1.38,2,1,0.8674956937799043,0.2390841983646684
2270,,after_candidate_limit,,2217,88,17,88,15,13.5,1.33,3.67,6,3,0.8674909090909091,0.35323807682691066
2271,,after_candidate_limit,,3380,135,5,135,5,4.5,0.5,2,2,1,0.8674909090909091,0.23345093959113275
2272,,after_candidate_limit,,3155,126,5,126,5,3,0.5,0.75,2,1,0.8673952153110048,0.23193292232748522
2273,,after_candidate_limit,,3180,127,5,127,5,3,0.5,1.38,2,1,0.8673645933014354,0.2310465394066483
2274,,after_candidate_limit,,2980,119,5,119,5,2.25,0.5,0.75,2,1,0.8673598086124402,0.23130361534689545
2275,,after_candidate_limit,,111,4,11,4,11.67,10.5,1.33,3.67,3,2,0.8673578947368421,0.36255647745397146
2276,,after_candidate_limit,,4105,164,5,164,9.44,8.5,1.33,2,2,1,0.8673569377990431,0.3537275479838822
2277,,after_candidate_limit,,3205,128,5,128,5,3,0.5,2,2,1,0.8673531100478469,0.23073247309390058
2278,,after_candidate_limit,,137,5,12,5,11.67,10.5,2.17,3.25,3,3,0.8673473684210526,0.3481772672326028
2279,,after_candidate_limit,,2805,112,5,112,5,1.5,0.5,0.75,2,1,0.8673387559808613,0.23095104061824143
2280,,after_candidate_limit,,3005,120,5,120,5,2.25,0.5,1.38,2,1,0.8673339712918661,0.2305433304711835
2281,,after_candidate_limit,,3030,121,5,121,5,2.25,0.5,2,2,1,0.8673301435406698,0.2303015567473791
2282,,after_candidate_limit,,4130,165,5,165,9.44,8.5,1.33,3.67,2,1,0.8673253588516746,0.3525483089074665
2283,,after_candidate_limit,,2830,113,5,113,5,1.5,0.5,1.38,2,1,0.8673090909090909,0.22981376268200152
2284,,after_candidate_limit,,2855,114,5,114,5,1.5,0.5,2,2,1,0.8672985645933015,0.22949393717041153
2285,,after_candidate_limit,,1518,60,18,60,13.89,12.5,1.33,3.67,6,8,0.8672928229665072,0.35076074894369236
2286,,after_candidate_limit,,3331,133,6,133,5,4.5,0.5,0.75,2,2,0.8672832535885168,0.23038322091154184
2287,,after_candidate_limit,,3381,135,6,135,5,4.5,0.5,2,2,2,0.8672794258373205,0.2300998629426229
2288,,after_candidate_limit,,3356,134,6,134,5,4.5,0.5,1.38,2,2,0.8672775119617225,0.22998936987101626
2289,,after_candidate_limit,,3156,126,6,126,5,3,0.5,0.75,2,2,0.8672564593301435,0.2297307780055594
2290,,after_candidate_limit,,3181,127,6,127,5,3,0.5,1.38,2,2,0.867245933014354,0.22933846309409756
2291,,after_candidate_limit,,3206,128,6,128,5,3,0.5,2,2,2,0.867245933014354,0.2292873177284213
2292,,after_candidate_limit,,3357,134,7,134,5,4.5,0.5,1.38,2,3,0.867245933014354,0.22959965734180593
2293,,after_candidate_limit,,3382,135,7,135,5,4.5,0.5,2,2,3,0.8672440191387559,0.2293552128973615
2294,,after_candidate_limit,,2981,119,6,119,5,2.25,0.5,0.75,2,2,0.8672392344497608,0.2288511515622525
2295,,after_candidate_limit,,3332,133,7,133,5,4.5,0.5,0.75,2,3,0.8672392344497608,0.22911727491515105
2296,,after_candidate_limit,,3006,120,6,120,5,2.25,0.5,1.38,2,2,0.8672296650717704,0.22834436726953472
2297,,after_candidate_limit,,3031,121,6,121,5,2.25,0.5,2,2,2,0.8672287081339712,0.22825096710245035
2298,,after_candidate_limit,,2806,112,6,112,5,1.5,0.5,0.75,2,2,0.8672277511961722,0.22820869475491484
2299,,after_candidate_limit,,3157,126,7,126,5,3,0.5,0.75,2,3,0.8672258373205741,0.22813782838404845
2300,,after_candidate_limit,,3182,127,7,127,5,3,0.5,1.38,2,3,0.8672239234449761,0.22803277787899795
2301,,after_candidate_limit,,3207,128,7,128,5,3,0.5,2,2,3,0.867222966507177,0.22799641424263434
2302,,after_candidate_limit,,2831,113,6,113,5,1.5,0.5,1.38,2,2,0.8672210526315789,0.2278574127036328
2303,,after_candidate_limit,,2856,114,6,114,5,1.5,0.5,2,2,2,0.8672210526315789,0.2278574127036328
2304,,after_candidate_limit,,2807,112,7,112,5,1.5,0.5,0.75,2,3,0.8672200956937799,0.2278488950951152
2305,,after_candidate_limit,,2808,112,8,112,5,1.5,0.5,0.75,2,8,0.8672200956937799,0.2278488950951152
2306,,after_candidate_limit,,2809,112,9,112,5,1.5,0.5,0.75,2,15,0.8672200956937799,0.2278488950951152
2307,,after_candidate_limit,,2832,113,7,113,5,1.5,0.5,1.38,2,3,0.8672200956937799,0.2278488950951152
2308,,after_candidate_limit,,2833,113,8,113,5,1.5,0.5,1.38,2,8,0.8672200956937799,0.2278488950951152
2309,,after_candidate_limit,,2834,113,9,113,5,1.5,0.5,1.38,2,15,0.8672200956937799,0.2278488950951152
2310,,after_candidate_limit,,2857,114,7,114,5,1.5,0.5,2,2,3,0.8672200956937799,0.2278488950951152
2311,,after_candidate_limit,,2858,114,8,114,5,1.5,0.5,2,2,8,0.8672200956937799,0.2278488950951152
2312,,after_candidate_limit,,2859,114,9,114,5,1.5,0.5,2,2,15,0.8672200956937799,0.2278488950951152
2313,,after_candidate_limit,,2982,119,7,119,5,2.25,0.5,0.75,2,3,0.8672200956937799,0.2278488950951152
2314,,after_candidate_limit,,2983,119,8,119,5,2.25,0.5,0.75,2,8,0.8672200956937799,0.2278488950951152
2315,,after_candidate_limit,,2984,119,9,119,5,2.25,0.5,0.75,2,15,0.8672200956937799,0.2278488950951152
2316,,after_candidate_limit,,3007,120,7,120,5,2.25,0.5,1.38,2,3,0.8672200956937799,0.2278488950951152
2317,,after_candidate_limit,,3008,120,8,120,5,2.25,0.5,1.38,2,8,0.8672200956937799,0.2278488950951152
2318,,after_candidate_limit,,3009,120,9,120,5,2.25,0.5,1.38,2,15,0.8672200956937799,0.2278488950951152
2319,,after_candidate_limit,,3032,121,7,121,5,2.25,0.5,2,2,3,0.8672200956937799,0.2278488950951152
2320,,after_candidate_limit,,3033,121,8,121,5,2.25,0.5,2,2,8,0.8672200956937799,0.2278488950951152
2321,,after_candidate_limit,,3034,121,9,121,5,2.25,0.5,2,2,15,0.8672200956937799,0.2278488950951152
2322,,after_candidate_limit,,3158,126,8,126,5,3,0.5,0.75,2,8,0.8672200956937799,0.2278488950951152
2323,,after_candidate_limit,,3159,126,9,126,5,3,0.5,0.75,2,15,0.8672200956937799,0.2278488950951152
2324,,after_candidate_limit,,3183,127,8,127,5,3,0.5,1.38,2,8,0.8672200956937799,0.2278488950951152
2325,,after_candidate_limit,,3184,127,9,127,5,3,0.5,1.38,2,15,0.8672200956937799,0.2278488950951152
2326,,after_candidate_limit,,3208,128,8,128,5,3,0.5,2,2,8,0.8672200956937799,0.2278488950951152
2327,,after_candidate_limit,,3209,128,9,128,5,3,0.5,2,2,15,0.8672200956937799,0.2278488950951152
2328,,after_candidate_limit,,3333,133,8,133,5,4.5,0.5,0.75,2,8,0.8672200956937799,0.2278488950951152
2329,,after_candidate_limit,,3334,133,9,133,5,4.5,0.5,0.75,2,15,0.8672200956937799,0.2278488950951152
2330,,after_candidate_limit,,3358,134,8,134,5,4.5,0.5,1.38,2,8,0.8672200956937799,0.2278488950951152
2331,,after_candidate_limit,,3359,134,9,134,5,4.5,0.5,1.38,2,15,0.8672200956937799,0.2278488950951152
2332,,after_candidate_limit,,3383,135,8,135,5,4.5,0.5,2,2,8,0.8672200956937799,0.2278488950951152
2333,,after_candidate_limit,,3384,135,9,135,5,4.5,0.5,2,2,15,0.8672200956937799,0.2278488950951152
2334,,after_candidate_limit,,1517,60,17,60,13.89,12.5,1.33,3.67,6,3,0.867023923444976,0.34936342145415905
2335,,after_candidate_limit,,1515,60,15,60,13.89,12.5,1.33,3.67,6,1,0.8670186602870813,0.32561929694269975
2336,,after_candidate_limit,,2191,87,16,87,15,13.5,1.33,2,6,2,0.8670028708133971,0.3532823855741442
2337,,after_candidate_limit,,1491,59,16,59,13.89,12.5,1.33,2,6,2,0.8668861244019139,0.3481787434634155
2338,,after_candidate_limit,,635,25,10,25,11.67,7,1.33,3.67,3,1,0.8668851674641148,0.38239182795658055
2339,,after_candidate_limit,,610,24,10,24,11.67,7,1.33,2,3,1,0.8668200956937799,0.3803019859090307
2340,,after_candidate_limit,,112,4,12,4,11.67,10.5,1.33,3.67,3,3,0.8666736842105263,0.35124838916473217
2341,,after_candidate_limit,,1490,59,15,59,13.89,12.5,1.33,2,6,1,0.8666334928229665,0.33371333857730195
2342,,after_candidate_limit,,87,3,12,3,11.67,10.5,1.33,2,3,3,0.8666076555023924,0.3518807581908067
2343,,after_candidate_limit,,2645,105,20,105,15,9,0.5,0.75,20,1,0.8665751196172249,0.3481564626492139
2344,,after_candidate_limit,,485,19,10,19,11.67,5.25,2.17,3.25,3,1,0.8665406698564593,0.3567909531819337
2345,,after_candidate_limit,,2520,100,20,100,15,6.75,0.5,2,20,1,0.8663818181818181,0.3458376242825017
2346,,after_candidate_limit,,661,26,11,26,11.67,7,2.17,3.25,3,2,0.8662803827751197,0.34654145013635784
2347,,after_candidate_limit,,2495,99,20,99,15,6.75,0.5,1.38,20,1,0.8662794258373205,0.345148141003703
2348,,after_candidate_limit,,2470,98,20,98,15,6.75,0.5,0.75,20,1,0.8662334928229665,0.34635101510271304
2349,,after_candidate_limit,,310,12,10,12,11.67,3.5,2.17,3.25,3,1,0.8660980861244019,0.3463454651623645
2350,,after_candidate_limit,,1516,60,16,60,13.89,12.5,1.33,3.67,6,2,0.8660880382775119,0.3411237067309822
2351,,after_candidate_limit,,2670,106,20,106,15,9,0.5,1.38,20,1,0.866065071770335,0.34190552319164724
2352,,after_candidate_limit,,486,19,11,19,11.67,5.25,2.17,3.25,3,2,0.865911004784689,0.34143626989349407
2353,,after_candidate_limit,,662,26,12,26,11.67,7,2.17,3.25,3,3,0.8658822966507177,0.3390572046227049
2354,,after_candidate_limit,,435,17,10,17,11.67,5.25,1.33,2,3,1,0.8658488038277512,0.359694607011462
2355,,after_candidate_limit,,138,5,13,5,11.67,10.5,2.17,3.25,3,8,0.8658296650717703,0.33772775319237
2356,,after_candidate_limit,,460,18,10,18,11.67,5.25,1.33,3.67,3,1,0.8658287081339713,0.35871209253703124
2357,,after_candidate_limit,,765,30,15,30,12.78,11.5,0.5,2,6,1,0.8658014354066985,0.33361318120730765
2358,,after_candidate_limit,,4131,165,6,165,9.44,8.5,1.33,3.67,2,2,0.8657665071770335,0.3281451833082427
2359,,after_candidate_limit,,311,12,11,12,11.67,3.5,2.17,3.25,3,2,0.8657583732057417,0.33830015400299795
2360,,after_candidate_limit,,487,19,12,19,11.67,5.25,2.17,3.25,3,3,0.8657411483253589,0.33756747652447794
2361,,after_candidate_limit,,4106,164,6,164,9.44,8.5,1.33,2,2,2,0.8657387559808613,0.3281801188111204
2362,,after_candidate_limit,,312,12,12,12,11.67,3.5,2.17,3.25,3,3,0.8656459330143541,0.33534994444475846
2363,,after_candidate_limit,,3955,158,5,158,9.44,5.66,1.33,3.67,2,1,0.8656401913875598,0.3297251722977299
2364,,after_candidate_limit,,2241,89,16,89,15,13.5,2.17,3.25,6,2,0.8656392344497608,0.34305924232770374
2365,,after_candidate_limit,,139,5,14,5,11.67,10.5,2.17,3.25,3,15,0.8656282296650718,0.3278545489524188
2366,,after_candidate_limit,,636,25,11,25,11.67,7,1.33,3.67,3,2,0.8656133971291866,0.3492626586311545
2367,,after_candidate_limit,,3930,157,5,157,9.44,5.66,1.33,2,2,1,0.8656124401913876,0.33110482164864197
2368,,after_candidate_limit,,2295,91,20,91,15,4.5,0.5,0.75,20,1,0.8656076555023924,0.3288839222240969
2369,,after_candidate_limit,,611,24,11,24,11.67,7,1.33,2,3,2,0.8656038277511962,0.35056892418634594
2370,,after_candidate_limit,,313,12,13,12,11.67,3.5,2.17,3.25,3,8,0.8655937799043062,0.3301273691682551
2371,,after_candidate_limit,,314,12,14,12,11.67,3.5,2.17,3.25,3,15,0.8655937799043062,0.3301273691682551
2372,,after_candidate_limit,,488,19,13,19,11.67,5.25,2.17,3.25,3,8,0.8655937799043062,0.3301273691682551
2373,,after_candidate_limit,,489,19,14,19,11.67,5.25,2.17,3.25,3,15,0.8655937799043062,0.3301273691682551
2374,,after_candidate_limit,,663,26,13,26,11.67,7,2.17,3.25,3,8,0.8655937799043062,0.3301273691682551
2375,,after_candidate_limit,,664,26,14,26,11.67,7,2.17,3.25,3,15,0.8655937799043062,0.3301273691682551
2376,,after_candidate_limit,,2320,92,20,92,15,4.5,0.5,1.38,20,1,0.8655205741626795,0.32292396146821606
2377,,after_candidate_limit,,2345,93,20,93,15,4.5,0.5,2,20,1,0.865511961722488,0.32211277980563463
2378,,after_candidate_limit,,285,11,10,11,11.67,3.5,1.33,3.67,3,1,0.8654186602870814,0.34893429983275864
2379,,after_candidate_limit,,260,10,10,10,11.67,3.5,1.33,2,3,1,0.8654028708133972,0.3492697334249349
2380,,after_candidate_limit,,2123,84,23,84,15,13.5,0.5,0.75,20,8,0.8653081339712919,0.31150710485590943
2381,,after_candidate_limit,,4107,164,7,164,9.44,8.5,1.33,2,2,3,0.8652631578947368,0.3183794986962348
2382,,after_candidate_limit,,4132,165,7,165,9.44,8.5,1.33,3.67,2,3,0.8652612440191387,0.31788153524829293
2383,,after_candidate_limit,,3780,151,5,151,9.44,4.25,1.33,3.67,2,1,0.8652602870813397,0.3230964593181677
2384,,after_candidate_limit,,461,18,11,18,11.67,5.25,1.33,3.67,3,2,0.8652555023923445,0.3444445227520992
2385,,after_candidate_limit,,436,17,11,17,11.67,5.25,1.33,2,3,2,0.8652516746411483,0.34418058060436235
2386,,after_candidate_limit,,3755,150,5,150,9.44,4.25,1.33,2,2,1,0.865244976076555,0.32348522751246545
2387,,after_candidate_limit,,637,25,12,25,11.67,7,1.33,3.67,3,3,0.865221052631579,0.3420561551194941
2388,,after_candidate_limit,,612,24,12,24,11.67,7,1.33,2,3,3,0.8652162679425838,0.3424499276267144
2389,,after_candidate_limit,,2124,84,24,84,15,13.5,0.5,0.75,20,15,0.8651674641148326,0.31889544715037194
2390,,after_candidate_limit,,113,4,13,4,11.67,10.5,1.33,3.67,3,8,0.8651645933014354,0.340611088505333
2391,,after_candidate_limit,,88,3,13,3,11.67,10.5,1.33,2,3,8,0.8651033492822966,0.33978339788579376
2392,,after_candidate_limit,,286,11,11,11,11.67,3.5,1.33,3.67,3,2,0.8651028708133971,0.34136862420206254
2393,,after_candidate_limit,,261,10,11,10,11.67,3.5,1.33,2,3,2,0.8650971291866029,0.34128417211097056
2394,,after_candidate_limit,,437,17,12,17,11.67,5.25,1.33,2,3,3,0.8650755980861244,0.34050851548826294
2395,,after_candidate_limit,,462,18,12,18,11.67,5.25,1.33,3.67,3,3,0.8650732057416268,0.34045691806532824
2396,,after_candidate_limit,,2570,102,20,102,15,6.75,1.33,3.67,20,1,0.8650521531100478,0.334679638669964
2397,,after_candidate_limit,,3605,144,5,144,9.44,2.83,1.33,3.67,2,1,0.8650315789473684,0.31961097655099807
2398,,after_candidate_limit,,3580,143,5,143,9.44,2.83,1.33,2,2,1,0.8650296650717704,0.3202040499771286
2399,,after_candidate_limit,,2149,85,24,85,15,13.5,0.5,1.38,20,15,0.8650248803827751,0.3136281520665129
2400,,after_candidate_limit,,3956,158,6,158,9.44,5.66,1.33,3.67,2,2,0.8650114832535886,0.3179917000995194
2401,,after_candidate_limit,,3931,157,6,157,9.44,5.66,1.33,2,2,2,0.8650047846889952,0.31787345732029987
2402,,after_candidate_limit,,287,11,12,11,11.67,3.5,1.33,3.67,3,3,0.8649751196172248,0.3381341204491672
2403,,after_candidate_limit,,114,4,14,4,11.67,10.5,1.33,3.67,3,15,0.8649727272727272,0.3306621533667891
2404,,after_candidate_limit,,262,10,12,10,11.67,3.5,1.33,2,3,3,0.8649684210526316,0.33784759919081025
2405,,after_candidate_limit,,89,3,14,3,11.67,10.5,1.33,2,3,15,0.8649583732057416,0.3306530576421604
2406,,after_candidate_limit,,263,10,13,10,11.67,3.5,1.33,2,3,8,0.864923923444976,0.3328295644088008
2407,,after_candidate_limit,,264,10,14,10,11.67,3.5,1.33,2,3,15,0.864923923444976,0.3328295644088008
2408,,after_candidate_limit,,288,11,13,11,11.67,3.5,1.33,3.67,3,8,0.864923923444976,0.3328295644088008
2409,,after_candidate_limit,,289,11,14,11,11.67,3.5,1.33,3.67,3,15,0.864923923444976,0.3328295644088008
2410,,after_candidate_limit,,438,17,13,17,11.67,5.25,1.33,2,3,8,0.864923923444976,0.3328295644088008
2411,,after_candidate_limit,,439,17,14,17,11.67,5.25,1.33,2,3,15,0.864923923444976,0.3328295644088008
2412,,after_candidate_limit,,463,18,13,18,11.67,5.25,1.33,3.67,3,8,0.864923923444976,0.3328295644088008
2413,,after_candidate_limit,,464,18,14,18,11.67,5.25,1.33,3.67,3,15,0.864923923444976,0.3328295644088008
2414,,after_candidate_limit,,613,24,13,24,11.67,7,1.33,2,3,8,0.864923923444976,0.3328295644088008
2415,,after_candidate_limit,,614,24,14,24,11.67,7,1.33,2,3,15,0.864923923444976,0.3328295644088008
2416,,after_candidate_limit,,638,25,13,25,11.67,7,1.33,3.67,3,8,0.864923923444976,0.3328295644088008
2417,,after_candidate_limit,,639,25,14,25,11.67,7,1.33,3.67,3,15,0.864923923444976,0.3328295644088008
2418,,after_candidate_limit,,3781,151,6,151,9.44,4.25,1.33,3.67,2,2,0.8649133971291866,0.3167710875425219
2419,,after_candidate_limit,,3756,150,6,150,9.44,4.25,1.33,2,2,2,0.8648976076555024,0.31649697246080716
2420,,after_candidate_limit,,2174,86,24,86,15,13.5,0.5,2,20,15,0.8648688995215311,0.31375717289920774
2421,,after_candidate_limit,,3957,158,7,158,9.44,5.66,1.33,3.67,2,3,0.8648612440191388,0.3153704787912994
2422,,after_candidate_limit,,3932,157,7,157,9.44,5.66,1.33,2,2,3,0.8648602870813397,0.3152972180540143
2423,,after_candidate_limit,,3606,144,6,144,9.44,2.83,1.33,3.67,2,2,0.8648224880382775,0.31425978181895275
2424,,after_candidate_limit,,3581,143,6,143,9.44,2.83,1.33,2,2,2,0.8648205741626794,0.3142784230650391
2425,,after_candidate_limit,,3782,151,7,151,9.44,4.25,1.33,3.67,2,3,0.8648181818181818,0.31392583077194386
2426,,after_candidate_limit,,3757,150,7,150,9.44,4.25,1.33,2,2,3,0.8648114832535885,0.3136531598261012
2427,,after_candidate_limit,,4133,165,8,165,9.44,8.5,1.33,3.67,2,8,0.8647956937799043,0.310366460080844
2428,,after_candidate_limit,,4108,164,8,164,9.44,8.5,1.33,2,2,8,0.8647846889952153,0.31018690081912376
2429,,after_candidate_limit,,3607,144,7,144,9.44,2.83,1.33,3.67,2,3,0.864777990430622,0.31170801666056
2430,,after_candidate_limit,,3582,143,7,143,9.44,2.83,1.33,2,2,3,0.8647751196172249,0.3114391553769161
2431,,after_candidate_limit,,2545,101,20,101,15,6.75,1.33,2,20,1,0.8647727272727272,0.33468497441998374
2432,,after_candidate_limit,,3958,158,8,158,9.44,5.66,1.33,3.67,2,8,0.8647688995215311,0.30892458022245206
2433,,after_candidate_limit,,4134,165,9,165,9.44,8.5,1.33,3.67,2,15,0.8647688995215311,0.30889522317351487
2434,,after_candidate_limit,,3583,143,8,143,9.44,2.83,1.33,2,2,8,0.864767942583732,0.30889103724551287
2435,,after_candidate_limit,,3584,143,9,143,9.44,2.83,1.33,2,2,15,0.864767942583732,0.30889103724551287
2436,,after_candidate_limit,,3608,144,8,144,9.44,2.83,1.33,3.67,2,8,0.864767942583732,0.30889103724551287
2437,,after_candidate_limit,,3609,144,9,144,9.44,2.83,1.33,3.67,2,15,0.864767942583732,0.30889103724551287
2438,,after_candidate_limit,,3758,150,8,150,9.44,4.25,1.33,2,2,8,0.864767942583732,0.30889103724551287
2439,,after_candidate_limit,,3759,150,9,150,9.44,4.25,1.33,2,2,15,0.864767942583732,0.30889103724551287
2440,,after_candidate_limit,,3783,151,8,151,9.44,4.25,1.33,3.67,2,8,0.864767942583732,0.30889103724551287
2441,,after_candidate_limit,,3784,151,9,151,9.44,4.25,1.33,3.67,2,15,0.864767942583732,0.30889103724551287
2442,,after_candidate_limit,,3933,157,8,157,9.44,5.66,1.33,2,2,8,0.864767942583732,0.30889103724551287
2443,,after_candidate_limit,,3934,157,9,157,9.44,5.66,1.33,2,2,15,0.864767942583732,0.30889103724551287
2444,,after_candidate_limit,,3959,158,9,158,9.44,5.66,1.33,3.67,2,15,0.864767942583732,0.30889103724551287
2445,,after_candidate_limit,,4109,164,9,164,9.44,8.5,1.33,2,2,15,0.864767942583732,0.30889103724551287
2446,,after_candidate_limit,,2721,108,21,108,15,9,1.33,2,20,2,0.8645717703349283,0.3231652035361592
2447,,after_candidate_limit,,2216,88,16,88,15,13.5,1.33,3.67,6,2,0.864331100478469,0.3434019634347159
2448,,after_candidate_limit,,2190,87,15,87,15,13.5,1.33,2,6,1,0.8642727272727273,0.3374118899528687
2449,,after_candidate_limit,,2546,101,21,101,15,6.75,1.33,2,20,2,0.8639894736842105,0.3141303218221197
2450,,after_candidate_limit,,2571,102,21,102,15,6.75,1.33,3.67,20,2,0.8639894736842105,0.31261080736391567
2451,,after_candidate_limit,,2395,95,20,95,15,4.5,1.33,3.67,20,1,0.8639755980861245,0.3120890309961816
2452,,after_candidate_limit,,2370,94,20,94,15,4.5,1.33,2,20,1,0.8639631578947369,0.31356506354768404
2453,,after_candidate_limit,,2722,108,22,108,15,9,1.33,2,20,3,0.8639425837320575,0.3196131305466908
2454,,after_candidate_limit,,2396,95,21,95,15,4.5,1.33,3.67,20,2,0.8637803827751196,0.30804653299793133
2455,,after_candidate_limit,,2371,94,21,94,15,4.5,1.33,2,20,2,0.8637775119617225,0.3079890218139414
2456,,after_candidate_limit,,2547,101,22,101,15,6.75,1.33,2,20,3,0.8637755980861244,0.3089576560686243
2457,,after_candidate_limit,,2572,102,22,102,15,6.75,1.33,3.67,20,3,0.8637755980861244,0.3084573443044045
2458,,after_candidate_limit,,2071,82,21,82,13.89,8.33,2.17,3.25,20,2,0.8637492822966507,0.3135067112455895
2459,,after_candidate_limit,,2397,95,22,95,15,4.5,1.33,3.67,20,3,0.8636559808612441,0.30545658459630265
2460,,after_candidate_limit,,2372,94,22,94,15,4.5,1.33,2,20,3,0.863643062200957,0.3052496359518126
2461,,after_candidate_limit,,2723,108,23,108,15,9,1.33,2,20,8,0.8635842105263158,0.29960029534617855
2462,,after_candidate_limit,,2748,109,23,109,15,9,1.33,3.67,20,8,0.8635803827751196,0.2994166203878214
2463,,after_candidate_limit,,2749,109,24,109,15,9,1.33,3.67,20,15,0.8635521531100478,0.2979287650307998
2464,,after_candidate_limit,,2548,101,23,101,15,6.75,1.33,2,20,8,0.8635511961722488,0.2979462929150066
2465,,after_candidate_limit,,2573,102,23,102,15,6.75,1.33,3.67,20,8,0.8635511961722488,0.2979462929150066
2466,,after_candidate_limit,,2724,108,24,108,15,9,1.33,2,20,15,0.8635511961722488,0.29792309254236865
2467,,after_candidate_limit,,2373,94,23,94,15,4.5,1.33,2,20,8,0.8635502392344497,0.2979173467368067
2468,,after_candidate_limit,,2374,94,24,94,15,4.5,1.33,2,20,15,0.8635502392344497,0.2979173467368067
2469,,after_candidate_limit,,2398,95,23,95,15,4.5,1.33,3.67,20,8,0.8635502392344497,0.2979173467368067
2470,,after_candidate_limit,,2399,95,24,95,15,4.5,1.33,3.67,20,15,0.8635502392344497,0.2979173467368067
2471,,after_candidate_limit,,2549,101,24,101,15,6.75,1.33,2,20,15,0.8635502392344497,0.2979173467368067
2472,,after_candidate_limit,,2574,102,24,102,15,6.75,1.33,3.67,20,15,0.8635502392344497,0.2979173467368067
2473,,after_candidate_limit,,2072,82,22,82,13.89,8.33,2.17,3.25,20,3,0.8632703349282297,0.3065395176596416
2474,,after_candidate_limit,,1896,75,21,75,13.89,6.25,2.17,3.25,20,2,0.8630583732057416,0.3029957088382926
2475,,after_candidate_limit,,1721,68,21,68,13.89,4.17,2.17,3.25,20,2,0.8629459330143541,0.3007481831491332
2476,,after_candidate_limit,,1897,75,22,75,13.89,6.25,2.17,3.25,20,3,0.862932057416268,0.30030087513326575
2477,,after_candidate_limit,,1722,68,22,68,13.89,4.17,2.17,3.25,20,3,0.8628454545454546,0.29869232467010165
2478,,after_candidate_limit,,2073,82,23,82,13.89,8.33,2.17,3.25,20,8,0.8627976076555024,0.2936124140257367
2479,,after_candidate_limit,,2695,107,20,107,15,9,0.5,2,20,1,0.8627846889952153,0.3380300995985291
2480,,after_candidate_limit,,1898,75,23,75,13.89,6.25,2.17,3.25,20,8,0.8627708133971291,0.2910663266420796
2481,,after_candidate_limit,,1723,68,23,68,13.89,4.17,2.17,3.25,20,8,0.8627698564593301,0.29102574693193467
2482,,after_candidate_limit,,1724,68,24,68,13.89,4.17,2.17,3.25,20,15,0.8627698564593301,0.29102574693193467
2483,,after_candidate_limit,,1899,75,24,75,13.89,6.25,2.17,3.25,20,15,0.8627698564593301,0.29102574693193467
2484,,after_candidate_limit,,2074,82,24,82,13.89,8.33,2.17,3.25,20,15,0.8627698564593301,0.29102574693193467
2485,,after_candidate_limit,,2148,85,23,85,15,13.5,0.5,1.38,20,8,0.8624095693779904,0.30214018293081135
2486,,after_candidate_limit,,160,6,10,6,11.67,10.5,3,4.5,3,1,0.8622617224880382,0.3543607106117066
2487,,after_candidate_limit,,2173,86,23,86,15,13.5,0.5,2,20,8,0.8620248803827751,0.2999960176159717
2488,,after_candidate_limit,,2122,84,22,84,15,13.5,0.5,0.75,20,3,0.8617698564593301,0.2852852281167848
2489,,after_candidate_limit,,1395,55,20,55,12.78,7.67,3,4.5,20,1,0.8617425837320574,0.3298866524817778
2490,,after_candidate_limit,,2746,109,21,109,15,9,1.33,3.67,20,2,0.8613684210526316,0.32263430496506873
2491,,after_candidate_limit,,161,6,11,6,11.67,10.5,3,4.5,3,2,0.8613105263157895,0.35731969021572624
2492,,after_candidate_limit,,2265,90,15,90,15,13.5,3,4.5,6,1,0.8609913875598086,0.3192641707591784
2493,,after_candidate_limit,,2240,89,15,89,15,13.5,2.17,3.25,6,1,0.8609617224880383,0.3259871325947461
2494,,after_candidate_limit,,1895,75,20,75,13.89,6.25,2.17,3.25,20,1,0.8608904306220095,0.31157229954270915
2495,,after_candidate_limit,,685,27,10,27,11.67,7,3,4.5,3,1,0.8608138755980861,0.37944178185453714
2496,,after_candidate_limit,,2224,88,24,88,15,13.5,1.33,3.67,20,15,0.8606909090909091,0.3057605556842464
2497,,after_candidate_limit,,2199,87,24,87,15,13.5,1.33,2,20,15,0.8606583732057417,0.30574831985427897
2498,,after_candidate_limit,,2747,109,22,109,15,9,1.33,3.67,20,3,0.8606574162679426,0.3191719077144821
2499,,after_candidate_limit,,873,34,23,34,12.78,11.5,3,4.5,20,8,0.8606277511961723,0.3111595387320528
2500,,after_candidate_limit,,162,6,12,6,11.67,10.5,3,4.5,3,3,0.8605956937799043,0.3471366872704305
2501,,after_candidate_limit,,1548,61,23,61,13.89,12.5,2.17,3.25,20,8,0.8605267942583732,0.29112503461479006
2502,,after_candidate_limit,,1220,48,20,48,12.78,5.75,3,4.5,20,1,0.8603976076555024,0.3183847874321079
2503,,after_candidate_limit,,2147,85,22,85,15,13.5,0.5,1.38,20,3,0.8601483253588517,0.2738376378257768
2504,,after_candidate_limit,,1720,68,20,68,13.89,4.17,2.17,3.25,20,1,0.8601392344497608,0.30275474416595854
2505,,after_candidate_limit,,1549,61,24,61,13.89,12.5,2.17,3.25,20,15,0.8601133971291866,0.2958535142007863
2506,,after_candidate_limit,,1396,55,21,55,12.78,7.67,3,4.5,20,2,0.8601009569377991,0.320417640034566
2507,,after_candidate_limit,,1045,41,20,41,12.78,3.83,3,4.5,20,1,0.86001004784689,0.315731885859656
2508,,after_candidate_limit,,1397,55,22,55,12.78,7.67,3,4.5,20,3,0.8599473684210527,0.3150902502283641
2509,,after_candidate_limit,,2172,86,22,86,15,13.5,0.5,2,20,3,0.8599038277511962,0.26944632684295755
2510,,after_candidate_limit,,874,34,24,34,12.78,11.5,3,4.5,20,15,0.8598272727272728,0.3066565915197358
2511,,after_candidate_limit,,510,20,10,20,11.67,5.25,3,4.5,3,1,0.8598014354066985,0.35632781185090323
2512,,after_candidate_limit,,1221,48,21,48,12.78,5.75,3,4.5,20,2,0.8597803827751196,0.31396241026689065
2513,,after_candidate_limit,,1222,48,22,48,12.78,5.75,3,4.5,20,3,0.8596966507177034,0.31200386210292896
2514,,after_candidate_limit,,1046,41,21,41,12.78,3.83,3,4.5,20,2,0.8596870813397129,0.311883642309731
2515,,after_candidate_limit,,1047,41,22,41,12.78,3.83,3,4.5,20,3,0.8596502392344497,0.3111428903003315
2516,,after_candidate_limit,,1398,55,23,55,12.78,7.67,3,4.5,20,8,0.8596392344497608,0.3088985258901522
2517,,after_candidate_limit,,1920,76,20,76,13.89,6.25,3,4.5,20,1,0.8596392344497608,0.3099000833548398
2518,,after_candidate_limit,,1048,41,23,41,12.78,3.83,3,4.5,20,8,0.8596334928229665,0.30641738587149964
2519,,after_candidate_limit,,1049,41,24,41,12.78,3.83,3,4.5,20,15,0.8596334928229665,0.30641738587149964
2520,,after_candidate_limit,,1223,48,23,48,12.78,5.75,3,4.5,20,8,0.8596334928229665,0.30641738587149964
2521,,after_candidate_limit,,1224,48,24,48,12.78,5.75,3,4.5,20,15,0.8596334928229665,0.30641738587149964
2522,,after_candidate_limit,,1399,55,24,55,12.78,7.67,3,4.5,20,15,0.8596334928229665,0.30641738587149964
2523,,after_candidate_limit,,2096,83,21,83,13.89,8.33,3,4.5,20,2,0.8596129186602871,0.313049316336988
2524,,after_candidate_limit,,686,27,11,27,11.67,7,3,4.5,3,2,0.8595535885167465,0.3456831457469924
2525,,after_candidate_limit,,771,30,21,30,12.78,11.5,0.5,2,20,2,0.8593971291866028,0.3019011158722008
2526,,after_candidate_limit,,335,13,10,13,11.67,3.5,3,4.5,3,1,0.8593454545454545,0.34536774014446253
2527,,after_candidate_limit,,2121,84,21,84,15,13.5,0.5,0.75,20,2,0.859266028708134,0.28173432546939603
2528,,after_candidate_limit,,1573,62,23,62,13.89,12.5,3,4.5,20,8,0.859244019138756,0.2900538357440708
2529,,after_candidate_limit,,511,20,11,20,11.67,5.25,3,4.5,3,2,0.8591966507177033,0.34083469518177295
2530,,after_candidate_limit,,687,27,12,27,11.67,7,3,4.5,3,3,0.8591612440191387,0.3383092281228634
2531,,after_candidate_limit,,163,6,13,6,11.67,10.5,3,4.5,3,8,0.8591133971291866,0.33768657106241157
2532,,after_candidate_limit,,2215,88,15,88,15,13.5,1.33,3.67,6,1,0.8591043062200957,0.32729035927631234
2533,,after_candidate_limit,,1574,62,24,62,13.89,12.5,3,4.5,20,15,0.8591,0.29594973086833853
2534,,after_candidate_limit,,1295,51,20,51,12.78,7.67,0.5,2,20,1,0.8590751196172248,0.31096467272446116
2535,,after_candidate_limit,,1745,69,20,69,13.89,4.17,3,4.5,20,1,0.8590698564593301,0.3030828502001581
2536,,after_candidate_limit,,2097,83,22,83,13.89,8.33,3,4.5,20,3,0.8590679425837321,0.30665416992949024
2537,,after_candidate_limit,,1270,50,20,50,12.78,7.67,0.5,1.38,20,1,0.859055980861244,0.30977491847718597
2538,,after_candidate_limit,,336,13,11,13,11.67,3.5,3,4.5,3,2,0.8590449760765551,0.33785318128852476
2539,,after_candidate_limit,,512,20,12,20,11.67,5.25,3,4.5,3,3,0.8590162679425837,0.33696139871254766
2540,,after_candidate_limit,,337,13,12,13,11.67,3.5,3,4.5,3,3,0.8589287081339713,0.33506076437496835
2541,,after_candidate_limit,,872,34,22,34,12.78,11.5,3,4.5,20,3,0.8589028708133971,0.33509597840337946
2542,,after_candidate_limit,,164,6,14,6,11.67,10.5,3,4.5,3,15,0.8589014354066986,0.3271011636378356
2543,,after_candidate_limit,,688,27,13,27,11.67,7,3,4.5,3,8,0.8588698564593301,0.32938855712137993
2544,,after_candidate_limit,,338,13,13,13,11.67,3.5,3,4.5,3,8,0.8588688995215311,0.32938206716154056
2545,,after_candidate_limit,,339,13,14,13,11.67,3.5,3,4.5,3,15,0.8588688995215311,0.32938206716154056
2546,,after_candidate_limit,,513,20,13,20,11.67,5.25,3,4.5,3,8,0.8588688995215311,0.32938206716154056
2547,,after_candidate_limit,,514,20,14,20,11.67,5.25,3,4.5,3,15,0.8588688995215311,0.32938206716154056
2548,,after_candidate_limit,,689,27,14,27,11.67,7,3,4.5,3,15,0.8588688995215311,0.32938206716154056
2549,,after_candidate_limit,,1245,49,20,49,12.78,7.67,0.5,0.75,20,1,0.8588502392344498,0.3083660368382236
2550,,after_candidate_limit,,1921,76,21,76,13.89,6.25,3,4.5,20,2,0.8588392344497607,0.30251252206822343
2551,,after_candidate_limit,,746,29,21,29,12.78,11.5,0.5,1.38,20,2,0.8588277511961723,0.30236693252492586
2552,,after_candidate_limit,,1746,69,21,69,13.89,4.17,3,4.5,20,2,0.8586894736842106,0.2997204811898487
2553,,after_candidate_limit,,1922,76,22,76,13.89,6.25,3,4.5,20,3,0.8586555023923444,0.29928953365605393
2554,,after_candidate_limit,,2745,109,20,109,15,9,1.33,3.67,20,1,0.8586043062200956,0.32295239481835186
2555,,after_candidate_limit,,1747,69,22,69,13.89,4.17,3,4.5,20,3,0.8585928229665072,0.29768382889703965
2556,,after_candidate_limit,,2098,83,23,83,13.89,8.33,3,4.5,20,8,0.8585516746411483,0.2925964893295712
2557,,after_candidate_limit,,1748,69,23,69,13.89,4.17,3,4.5,20,8,0.858521052631579,0.29002891379483137
2558,,after_candidate_limit,,1749,69,24,69,13.89,4.17,3,4.5,20,15,0.858521052631579,0.29002891379483137
2559,,after_candidate_limit,,1923,76,23,76,13.89,6.25,3,4.5,20,8,0.858521052631579,0.29002891379483137
2560,,after_candidate_limit,,1924,76,24,76,13.89,6.25,3,4.5,20,15,0.858521052631579,0.29002891379483137
2561,,after_candidate_limit,,2099,83,24,83,13.89,8.33,3,4.5,20,15,0.858521052631579,0.29002891379483137
2562,,after_candidate_limit,,720,28,20,28,12.78,11.5,0.5,0.75,20,1,0.858511004784689,0.31224691080562217
2563,,after_candidate_limit,,2720,108,20,108,15,9,1.33,2,20,1,0.8584942583732057,0.32554534102800975
2564,,after_candidate_limit,,2198,87,23,87,15,13.5,1.33,2,20,8,0.8583052631578947,0.30348051964661993
2565,,after_candidate_limit,,2070,82,20,82,13.89,8.33,2.17,3.25,20,1,0.8582478468899521,0.3185013344941095
2566,,after_candidate_limit,,4045,161,20,161,9.44,8.5,0.5,0.75,20,1,0.8582392344497608,0.4134742631206662
2567,,after_candidate_limit,,721,28,21,28,12.78,11.5,0.5,0.75,20,2,0.8582153110047847,0.30522163791777795
2568,,after_candidate_limit,,1070,42,20,42,12.78,5.75,0.5,0.75,20,1,0.8581923444976076,0.30797670723072523
2569,,after_candidate_limit,,723,28,23,28,12.78,11.5,0.5,0.75,20,8,0.8581526315789474,0.30180141031291385
2570,,after_candidate_limit,,1296,51,21,51,12.78,7.67,0.5,2,20,2,0.8581301435406699,0.30446384797326753
2571,,after_candidate_limit,,1095,43,20,43,12.78,5.75,0.5,1.38,20,1,0.8581287081339712,0.30054504341584964
2572,,after_candidate_limit,,773,30,23,30,12.78,11.5,0.5,2,20,8,0.8581200956937799,0.29560424684352327
2573,,after_candidate_limit,,1120,44,20,44,12.78,5.75,0.5,2,20,1,0.8581191387559809,0.29888501945029233
2574,,after_candidate_limit,,1271,50,21,50,12.78,7.67,0.5,1.38,20,2,0.858111004784689,0.30253147867609603
2575,,after_candidate_limit,,748,29,23,29,12.78,11.5,0.5,1.38,20,8,0.8581095693779904,0.29683888090755955
2576,,after_candidate_limit,,1246,49,21,49,12.78,7.67,0.5,0.75,20,2,0.8580593301435406,0.3008304663085949
2577,,after_candidate_limit,,4070,162,20,162,9.44,8.5,0.5,1.38,20,1,0.8580574162679426,0.4081894051746357
2578,,after_candidate_limit,,1547,61,22,61,13.89,12.5,2.17,3.25,20,3,0.8580215311004785,0.29128635532873476
2579,,after_candidate_limit,,895,35,20,35,12.78,3.83,0.5,0.75,20,1,0.8578435406698565,0.298254116859512
2580,,after_candidate_limit,,920,36,20,36,12.78,3.83,0.5,1.38,20,1,0.8578081339712919,0.2936550544311807
2581,,after_candidate_limit,,945,37,20,37,12.78,3.83,0.5,2,20,1,0.8578071770334929,0.2931793405872509
2582,,after_candidate_limit,,1096,43,21,43,12.78,5.75,0.5,1.38,20,2,0.8577047846889952,0.2928324406821402
2583,,after_candidate_limit,,1121,44,21,44,12.78,5.75,0.5,2,20,2,0.8577028708133971,0.29254609520543945
2584,,after_candidate_limit,,1071,42,21,42,12.78,5.75,0.5,0.75,20,2,0.8576708133971291,0.29457605416014676
2585,,after_candidate_limit,,1297,51,22,51,12.78,7.67,0.5,2,20,3,0.8576674641148325,0.29313925637872684
2586,,after_candidate_limit,,1915,76,15,76,13.89,6.25,3,4.5,6,1,0.8576454545454546,0.3762370505223185
2587,,after_candidate_limit,,1247,49,22,49,12.78,7.67,0.5,0.75,20,3,0.8576167464114832,0.29347876818562896
2588,,after_candidate_limit,,1272,50,22,50,12.78,7.67,0.5,1.38,20,3,0.8576167464114832,0.29243193713207694
2589,,after_candidate_limit,,946,37,21,37,12.78,3.83,0.5,2,20,2,0.8575488038277512,0.2898422583885029
2590,,after_candidate_limit,,921,36,21,36,12.78,3.83,0.5,1.38,20,2,0.8575406698564594,0.2897499091000054
2591,,after_candidate_limit,,896,35,21,35,12.78,3.83,0.5,0.75,20,2,0.8575397129186603,0.2906057581543833
2592,,after_candidate_limit,,2090,83,15,83,13.89,8.33,3,4.5,6,1,0.8575258373205742,0.39036257714061323
2593,,after_candidate_limit,,1122,44,22,44,12.78,5.75,0.5,2,20,3,0.8574928229665072,0.2900504334344401
2594,,after_candidate_limit,,1097,43,22,43,12.78,5.75,0.5,1.38,20,3,0.857488038277512,0.29012279076317904
2595,,after_candidate_limit,,871,34,21,34,12.78,11.5,3,4.5,20,2,0.8574822966507177,0.34487328173870413
2596,,after_candidate_limit,,1072,42,22,42,12.78,5.75,0.5,0.75,20,3,0.8574641148325359,0.2902563145564407
2597,,after_candidate_limit,,724,28,24,28,12.78,11.5,0.5,0.75,20,15,0.8574358851674642,0.2844029960628431
2598,,after_candidate_limit,,947,37,22,37,12.78,3.83,0.5,2,20,3,0.8574272727272727,0.2886089859334587
2599,,after_candidate_limit,,897,35,22,35,12.78,3.83,0.5,0.75,20,3,0.8574258373205742,0.28861542659911954
2600,,after_candidate_limit,,922,36,22,36,12.78,3.83,0.5,1.38,20,3,0.8574253588516746,0.2885583856009021
2601,,after_candidate_limit,,2091,83,16,83,13.89,8.33,3,4.5,6,2,0.857411961722488,0.37217123534706653
2602,,after_candidate_limit,,1248,49,23,49,12.78,7.67,0.5,0.75,20,8,0.8573961722488038,0.28630776998888074
2603,,after_candidate_limit,,1273,50,23,50,12.78,7.67,0.5,1.38,20,8,0.8573952153110048,0.28595062713173786
2604,,after_candidate_limit,,1298,51,23,51,12.78,7.67,0.5,2,20,8,0.8573952153110048,0.285968767721307
2605,,after_candidate_limit,,1123,44,23,44,12.78,5.75,0.5,2,20,8,0.8573885167464115,0.2834220424931302
2606,,after_candidate_limit,,898,35,23,35,12.78,3.83,0.5,0.75,20,8,0.8573875598086125,0.2833622723781877
2607,,after_candidate_limit,,899,35,24,35,12.78,3.83,0.5,0.75,20,15,0.8573875598086125,0.2833622723781877
2608,,after_candidate_limit,,923,36,23,36,12.78,3.83,0.5,1.38,20,8,0.8573875598086125,0.2833622723781877
2609,,after_candidate_limit,,924,36,24,36,12.78,3.83,0.5,1.38,20,15,0.8573875598086125,0.2833622723781877
2610,,after_candidate_limit,,948,37,23,37,12.78,3.83,0.5,2,20,8,0.8573875598086125,0.2833622723781877
2611,,after_candidate_limit,,949,37,24,37,12.78,3.83,0.5,2,20,15,0.8573875598086125,0.2833622723781877
2612,,after_candidate_limit,,1073,42,23,42,12.78,5.75,0.5,0.75,20,8,0.8573875598086125,0.2833622723781877
2613,,after_candidate_limit,,1074,42,24,42,12.78,5.75,0.5,0.75,20,15,0.8573875598086125,0.2833622723781877
2614,,after_candidate_limit,,1098,43,23,43,12.78,5.75,0.5,1.38,20,8,0.8573875598086125,0.2833622723781877
2615,,after_candidate_limit,,1099,43,24,43,12.78,5.75,0.5,1.38,20,15,0.8573875598086125,0.2833622723781877
2616,,after_candidate_limit,,1124,44,24,44,12.78,5.75,0.5,2,20,15,0.8573875598086125,0.2833622723781877
2617,,after_candidate_limit,,1249,49,24,49,12.78,7.67,0.5,0.75,20,15,0.8573875598086125,0.2833622723781877
2618,,after_candidate_limit,,1274,50,24,50,12.78,7.67,0.5,1.38,20,15,0.8573875598086125,0.2833622723781877
2619,,after_candidate_limit,,1299,51,24,51,12.78,7.67,0.5,2,20,15,0.8573875598086125,0.2833622723781877
2620,,after_candidate_limit,,749,29,24,29,12.78,11.5,0.5,1.38,20,15,0.8573488038277512,0.28173007787670534
2621,,after_candidate_limit,,774,30,24,30,12.78,11.5,0.5,2,20,15,0.8572827751196173,0.2811320308799815
2622,,after_candidate_limit,,4096,163,21,163,9.44,8.5,0.5,2,20,2,0.8570875598086124,0.3956171449819444
2623,,after_candidate_limit,,2095,83,20,83,13.89,8.33,3,4.5,20,1,0.8570842105263158,0.3201651329499027
2624,,after_candidate_limit,,4071,162,21,162,9.44,8.5,0.5,1.38,20,2,0.857078947368421,0.39566506980908195
2625,,after_candidate_limit,,4046,161,21,161,9.44,8.5,0.5,0.75,20,2,0.8570014354066986,0.39517170688270287
2626,,after_candidate_limit,,2092,83,17,83,13.89,8.33,3,4.5,6,3,0.8569842105263158,0.36372268085176096
2627,,after_candidate_limit,,1916,76,16,76,13.89,6.25,3,4.5,6,2,0.8568626794258373,0.36067924213536284
2628,,after_candidate_limit,,3870,154,20,154,9.44,5.66,0.5,0.75,20,1,0.8568617224880383,0.40198133504139116
2629,,after_candidate_limit,,1740,69,15,69,13.89,4.17,3,4.5,6,1,0.8567913875598087,0.3620024983892078
2630,,after_candidate_limit,,772,30,22,30,12.78,11.5,0.5,2,20,3,0.8566870813397129,0.29606823312771824
2631,,after_candidate_limit,,722,28,22,28,12.78,11.5,0.5,0.75,20,3,0.8566837320574162,0.30417403251838915
2632,,after_candidate_limit,,3895,155,20,155,9.44,5.66,0.5,1.38,20,1,0.8566827751196172,0.40024282817477047
2633,,after_candidate_limit,,3920,156,20,156,9.44,5.66,0.5,2,20,1,0.8566358851674641,0.3997053388641165
2634,,after_candidate_limit,,1741,69,16,69,13.89,4.17,3,4.5,6,2,0.8566057416267943,0.35679515510740967
2635,,after_candidate_limit,,1917,76,17,76,13.89,6.25,3,4.5,6,3,0.8565684210526315,0.35623072178554327
2636,,after_candidate_limit,,3695,147,20,147,9.44,4.25,0.5,0.75,20,1,0.8565535885167465,0.39666801214794545
2637,,after_candidate_limit,,1742,69,17,69,13.89,4.17,3,4.5,6,3,0.8564497607655502,0.3537292296551237
2638,,after_candidate_limit,,3720,148,20,148,9.44,4.25,0.5,1.38,20,1,0.856444019138756,0.3955478180986639
2639,,after_candidate_limit,,3745,149,20,149,9.44,4.25,0.5,2,20,1,0.8564382775119618,0.3954208584359633
2640,,after_candidate_limit,,4072,162,22,162,9.44,8.5,0.5,1.38,20,3,0.8564014354066986,0.3887991908360703
2641,,after_candidate_limit,,747,29,22,29,12.78,11.5,0.5,1.38,20,3,0.8563961722488038,0.29519031132212314
2642,,after_candidate_limit,,4097,163,22,163,9.44,8.5,0.5,2,20,3,0.8563947368421052,0.3898086952042701
2643,,after_candidate_limit,,2093,83,18,83,13.89,8.33,3,4.5,6,8,0.8563688995215311,0.34760686291337745
2644,,after_candidate_limit,,1743,69,18,69,13.89,4.17,3,4.5,6,8,0.8563516746411484,0.3465948333692106
2645,,after_candidate_limit,,1744,69,19,69,13.89,4.17,3,4.5,6,15,0.8563516746411484,0.3465948333692106
2646,,after_candidate_limit,,1918,76,18,76,13.89,6.25,3,4.5,6,8,0.8563516746411484,0.3465948333692106
2647,,after_candidate_limit,,1919,76,19,76,13.89,6.25,3,4.5,6,15,0.8563516746411484,0.3465948333692106
2648,,after_candidate_limit,,2094,83,19,83,13.89,8.33,3,4.5,6,15,0.8563516746411484,0.3465948333692106
2649,,after_candidate_limit,,3520,140,20,140,9.44,2.83,0.5,0.75,20,1,0.8562861244019139,0.39306072166636447
2650,,after_candidate_limit,,4047,161,22,161,9.44,8.5,0.5,0.75,20,3,0.8562818181818181,0.3885009207002066
2651,,after_candidate_limit,,3871,154,21,154,9.44,5.66,0.5,0.75,20,2,0.8562583732057416,0.3926012696685081
2652,,after_candidate_limit,,3921,156,21,156,9.44,5.66,0.5,2,20,2,0.856245933014354,0.39246864504246887
2653,,after_candidate_limit,,3896,155,21,155,9.44,5.66,0.5,1.38,20,2,0.856244976076555,0.39249285795537864
2654,,after_candidate_limit,,3545,141,20,141,9.44,2.83,0.5,1.38,20,1,0.8561751196172249,0.39227163948536214
2655,,after_candidate_limit,,2223,88,23,88,15,13.5,1.33,3.67,20,8,0.8561722488038277,0.29739154465697076
2656,,after_candidate_limit,,3570,142,20,142,9.44,2.83,0.5,2,20,1,0.8560947368421052,0.3919709710686685
2657,,after_candidate_limit,,3746,149,21,149,9.44,4.25,0.5,2,20,2,0.8559894736842105,0.3897436858323028
2658,,after_candidate_limit,,3696,147,21,147,9.44,4.25,0.5,0.75,20,2,0.8559846889952153,0.3896991662756666
2659,,after_candidate_limit,,3721,148,21,148,9.44,4.25,0.5,1.38,20,2,0.8559822966507177,0.38969991420922223
2660,,after_candidate_limit,,1569,62,19,62,13.89,12.5,3,4.5,6,15,0.8558004784688995,0.34766686325752233
2661,,after_candidate_limit,,3521,140,21,140,9.44,2.83,0.5,0.75,20,2,0.8557708133971292,0.3873411301266302
2662,,after_candidate_limit,,3546,141,21,141,9.44,2.83,0.5,1.38,20,2,0.8557459330143541,0.3871866624684593
2663,,after_candidate_limit,,3571,142,21,142,9.44,2.83,0.5,2,20,2,0.8557401913875599,0.38715079291652305
2664,,after_candidate_limit,,3922,156,22,156,9.44,5.66,0.5,2,20,3,0.8556995215311005,0.3868857965860683
2665,,after_candidate_limit,,3897,155,22,155,9.44,5.66,0.5,1.38,20,3,0.8556947368421053,0.3869176740429813
2666,,after_candidate_limit,,3872,154,22,154,9.44,5.66,0.5,0.75,20,3,0.8556799043062201,0.3867958749093589
2667,,after_candidate_limit,,3747,149,22,149,9.44,4.25,0.5,2,20,3,0.8556492822966507,0.3862592790476301
2668,,after_candidate_limit,,3722,148,22,148,9.44,4.25,0.5,1.38,20,3,0.8556473684210526,0.38624649962661894
2669,,after_candidate_limit,,3697,147,22,147,9.44,4.25,0.5,0.75,20,3,0.8556459330143541,0.38619530038153116
2670,,after_candidate_limit,,3547,141,22,141,9.44,2.83,0.5,1.38,20,3,0.8556224880382776,0.3858288326997514
2671,,after_candidate_limit,,4048,161,23,161,9.44,8.5,0.5,0.75,20,8,0.8556224880382776,0.38216531145407395
2672,,after_candidate_limit,,3572,142,22,142,9.44,2.83,0.5,2,20,3,0.855622009569378,0.385822113941975
2673,,after_candidate_limit,,3522,140,22,140,9.44,2.83,0.5,0.75,20,3,0.8556215311004784,0.3858257895802318
2674,,after_candidate_limit,,4073,162,23,162,9.44,8.5,0.5,1.38,20,8,0.8556215311004784,0.3820359324510107
2675,,after_candidate_limit,,4098,163,23,163,9.44,8.5,0.5,2,20,8,0.8556215311004784,0.38363593245101074
2676,,after_candidate_limit,,3523,140,23,140,9.44,2.83,0.5,0.75,20,8,0.8556157894736842,0.3854187295177019
2677,,after_candidate_limit,,3524,140,24,140,9.44,2.83,0.5,0.75,20,15,0.8556157894736842,0.3854187295177019
2678,,after_candidate_limit,,3548,141,23,141,9.44,2.83,0.5,1.38,20,8,0.8556157894736842,0.3854187295177019
2679,,after_candidate_limit,,3549,141,24,141,9.44,2.83,0.5,1.38,20,15,0.8556157894736842,0.3854187295177019
2680,,after_candidate_limit,,3573,142,23,142,9.44,2.83,0.5,2,20,8,0.8556157894736842,0.3854187295177019
2681,,after_candidate_limit,,3574,142,24,142,9.44,2.83,0.5,2,20,15,0.8556157894736842,0.3854187295177019
2682,,after_candidate_limit,,3698,147,23,147,9.44,4.25,0.5,0.75,20,8,0.8556157894736842,0.3854187295177019
2683,,after_candidate_limit,,3699,147,24,147,9.44,4.25,0.5,0.75,20,15,0.8556157894736842,0.3854187295177019
2684,,after_candidate_limit,,3723,148,23,148,9.44,4.25,0.5,1.38,20,8,0.8556157894736842,0.3854187295177019
2685,,after_candidate_limit,,3724,148,24,148,9.44,4.25,0.5,1.38,20,15,0.8556157894736842,0.3854187295177019
2686,,after_candidate_limit,,3748,149,23,149,9.44,4.25,0.5,2,20,8,0.8556157894736842,0.3854187295177019
2687,,after_candidate_limit,,3749,149,24,149,9.44,4.25,0.5,2,20,15,0.8556157894736842,0.3854187295177019
2688,,after_candidate_limit,,3873,154,23,154,9.44,5.66,0.5,0.75,20,8,0.8556157894736842,0.3854187295177019
2689,,after_candidate_limit,,3874,154,24,154,9.44,5.66,0.5,0.75,20,15,0.8556157894736842,0.3854187295177019
2690,,after_candidate_limit,,3898,155,23,155,9.44,5.66,0.5,1.38,20,8,0.8556157894736842,0.3854187295177019
2691,,after_candidate_limit,,3899,155,24,155,9.44,5.66,0.5,1.38,20,15,0.8556157894736842,0.3854187295177019
2692,,after_candidate_limit,,3923,156,23,156,9.44,5.66,0.5,2,20,8,0.8556157894736842,0.3854187295177019
2693,,after_candidate_limit,,3924,156,24,156,9.44,5.66,0.5,2,20,15,0.8556157894736842,0.3854187295177019
2694,,after_candidate_limit,,4049,161,24,161,9.44,8.5,0.5,0.75,20,15,0.8556157894736842,0.3854187295177019
2695,,after_candidate_limit,,4074,162,24,162,9.44,8.5,0.5,1.38,20,15,0.8556157894736842,0.3854187295177019
2696,,after_candidate_limit,,4099,163,24,163,9.44,8.5,0.5,2,20,15,0.8556157894736842,0.3854187295177019
2697,,after_candidate_limit,,4095,163,20,163,9.44,8.5,0.5,2,20,1,0.8549555023923445,0.40668951549869664
2698,,after_candidate_limit,,2796,111,21,111,15,9,3,4.5,20,2,0.8542143540669856,0.32257079178268
2699,,after_candidate_limit,,1568,62,18,62,13.89,12.5,3,4.5,6,8,0.8540598086124402,0.3488376699836151
2700,,after_candidate_limit,,2621,104,21,104,15,6.75,3,4.5,20,2,0.8539679425837321,0.30990176211959
2701,,after_candidate_limit,,2622,104,22,104,15,6.75,3,4.5,20,3,0.853777990430622,0.3061248934941351
2702,,after_candidate_limit,,2446,97,21,97,15,4.5,3,4.5,20,2,0.8537712918660287,0.3060122648729124
2703,,after_candidate_limit,,2797,111,22,111,15,9,3,4.5,20,3,0.8537325358851675,0.31854625744171194
2704,,after_candidate_limit,,2447,97,22,97,15,4.5,3,4.5,20,3,0.8536612440191388,0.30328007673720087
2705,,after_candidate_limit,,1945,77,20,77,13.89,8.33,0.5,0.75,20,1,0.8536602870813397,0.32830102295963104
2706,,after_candidate_limit,,1970,78,20,78,13.89,8.33,0.5,1.38,20,1,0.8536358851674641,0.3254218763931641
2707,,after_candidate_limit,,1995,79,20,79,13.89,8.33,0.5,2,20,1,0.8536062200956938,0.3245392887007819
2708,,after_candidate_limit,,2798,111,23,111,15,9,3,4.5,20,8,0.8535909090909091,0.29757119010002536
2709,,after_candidate_limit,,2799,111,24,111,15,9,3,4.5,20,15,0.8535555023923445,0.295694232686237
2710,,after_candidate_limit,,2448,97,23,97,15,4.5,3,4.5,20,8,0.8535545454545455,0.29568868288602984
2711,,after_candidate_limit,,2449,97,24,97,15,4.5,3,4.5,20,15,0.8535545454545455,0.29568868288602984
2712,,after_candidate_limit,,2623,104,23,104,15,6.75,3,4.5,20,8,0.8535545454545455,0.29568868288602984
2713,,after_candidate_limit,,2624,104,24,104,15,6.75,3,4.5,20,15,0.8535545454545455,0.29568868288602984
2714,,after_candidate_limit,,2274,90,24,90,15,13.5,3,4.5,20,15,0.8532933014354067,0.3077091662987609
2715,,after_candidate_limit,,1565,62,15,62,13.89,12.5,3,4.5,6,1,0.8531555023923445,0.32088025805793824
2716,,after_candidate_limit,,1567,62,17,62,13.89,12.5,3,4.5,6,3,0.8530722488038277,0.3408721303071388
2717,,after_candidate_limit,,1820,72,20,72,13.89,6.25,0.5,2,20,1,0.8527937799043063,0.3181700367125478
2718,,after_candidate_limit,,1770,70,20,70,13.89,6.25,0.5,0.75,20,1,0.8527727272727272,0.3258580184004588
2719,,after_candidate_limit,,1795,71,20,71,13.89,6.25,0.5,1.38,20,1,0.8527363636363636,0.32058537460606296
2720,,after_candidate_limit,,1946,77,21,77,13.89,8.33,0.5,0.75,20,2,0.8526622009569378,0.3191821222531084
2721,,after_candidate_limit,,1971,78,21,78,13.89,8.33,0.5,1.38,20,2,0.8526521531100478,0.31606995539423083
2722,,after_candidate_limit,,1996,79,21,79,13.89,8.33,0.5,2,20,2,0.8526406698564594,0.3155193113705681
2723,,after_candidate_limit,,1566,62,16,62,13.89,12.5,3,4.5,6,2,0.8526033492822966,0.3322703431572239
2724,,after_candidate_limit,,4155,166,5,166,9.44,8.5,2.17,3.25,2,1,0.8525894736842106,0.34609308448173803
2725,,after_candidate_limit,,2222,88,22,88,15,13.5,1.33,3.67,20,3,0.85252009569378,0.271778779280924
2726,,after_candidate_limit,,1546,61,21,61,13.89,12.5,2.17,3.25,20,2,0.8524641148325359,0.29394992396670894
2727,,after_candidate_limit,,1422,56,22,56,13.89,12.5,0.5,0.75,20,3,0.8523138755980861,0.2996642988415267
2728,,after_candidate_limit,,2197,87,22,87,15,13.5,1.33,2,20,3,0.8522081339712919,0.27301067342321705
2729,,after_candidate_limit,,1595,63,20,63,13.89,4.17,0.5,0.75,20,1,0.8521688995215311,0.31279269219254924
2730,,after_candidate_limit,,1620,64,20,64,13.89,4.17,0.5,1.38,20,1,0.8521114832535885,0.30676663568256207
2731,,after_candidate_limit,,1645,65,20,65,13.89,4.17,0.5,2,20,1,0.8521076555023923,0.3061717347910106
2732,,after_candidate_limit,,1997,79,22,79,13.89,8.33,0.5,2,20,3,0.8520784688995215,0.3070322929098824
2733,,after_candidate_limit,,1972,78,22,78,13.89,8.33,0.5,1.38,20,3,0.8520468899521532,0.3066683610165004
2734,,after_candidate_limit,,1947,77,22,77,13.89,8.33,0.5,0.75,20,3,0.8520392344497608,0.30755323170297394
2735,,after_candidate_limit,,1771,70,21,70,13.89,6.25,0.5,0.75,20,2,0.8520167464114833,0.30962438757833327
2736,,after_candidate_limit,,1796,71,21,71,13.89,6.25,0.5,1.38,20,2,0.8519655502392345,0.30581648434174113
2737,,after_candidate_limit,,1821,72,21,72,13.89,6.25,0.5,2,20,2,0.8519578947368421,0.3044276290687242
2738,,after_candidate_limit,,2620,104,20,104,15,6.75,3,4.5,20,1,0.8518665071770335,0.3323010958030617
2739,,after_candidate_limit,,1646,65,21,65,13.89,4.17,0.5,2,20,2,0.851833971291866,0.3007340389653338
2740,,after_candidate_limit,,1596,63,21,63,13.89,4.17,0.5,0.75,20,2,0.8518277511961723,0.3017171176633976
2741,,after_candidate_limit,,1621,64,21,64,13.89,4.17,0.5,1.38,20,2,0.851822009569378,0.30076780456591745
2742,,after_candidate_limit,,1772,70,22,70,13.89,6.25,0.5,0.75,20,3,0.8518114832535885,0.30170243674793135
2743,,after_candidate_limit,,1822,72,22,72,13.89,6.25,0.5,2,20,3,0.8518023923444976,0.3004699205338775
2744,,after_candidate_limit,,1797,71,22,71,13.89,6.25,0.5,1.38,20,3,0.8518004784688995,0.3006185307105722
2745,,after_candidate_limit,,1647,65,22,65,13.89,4.17,0.5,2,20,3,0.8517354066985646,0.29843819729573506
2746,,after_candidate_limit,,1622,64,22,64,13.89,4.17,0.5,1.38,20,3,0.851733014354067,0.29853212468477686
2747,,after_candidate_limit,,1597,63,22,63,13.89,4.17,0.5,0.75,20,3,0.8517287081339713,0.29829419593197926
2748,,after_candidate_limit,,1998,79,23,79,13.89,8.33,0.5,2,20,8,0.8516918660287082,0.29387617135043953
2749,,after_candidate_limit,,1948,77,23,77,13.89,8.33,0.5,0.75,20,8,0.8516913875598087,0.2939968385974389
2750,,after_candidate_limit,,1973,78,23,78,13.89,8.33,0.5,1.38,20,8,0.85168995215311,0.29384483015658946
2751,,after_candidate_limit,,1773,70,23,70,13.89,6.25,0.5,0.75,20,8,0.8516617224880383,0.29156358927638404
2752,,after_candidate_limit,,1798,71,23,71,13.89,6.25,0.5,1.38,20,8,0.8516612440191388,0.29156358927638404
2753,,after_candidate_limit,,1823,72,23,72,13.89,6.25,0.5,2,20,8,0.8516612440191388,0.29156358927638404
2754,,after_candidate_limit,,1598,63,23,63,13.89,4.17,0.5,0.75,20,8,0.8516602870813397,0.2915272256400204
2755,,after_candidate_limit,,1599,63,24,63,13.89,4.17,0.5,0.75,20,15,0.8516602870813397,0.2915272256400204
2756,,after_candidate_limit,,1623,64,23,64,13.89,4.17,0.5,1.38,20,8,0.8516602870813397,0.2915272256400204
2757,,after_candidate_limit,,1624,64,24,64,13.89,4.17,0.5,1.38,20,15,0.8516602870813397,0.2915272256400204
2758,,after_candidate_limit,,1648,65,23,65,13.89,4.17,0.5,2,20,8,0.8516602870813397,0.2915272256400204
2759,,after_candidate_limit,,1649,65,24,65,13.89,4.17,0.5,2,20,15,0.8516602870813397,0.2915272256400204
2760,,after_candidate_limit,,1774,70,24,70,13.89,6.25,0.5,0.75,20,15,0.8516602870813397,0.2915272256400204
2761,,after_candidate_limit,,1799,71,24,71,13.89,6.25,0.5,1.38,20,15,0.8516602870813397,0.2915272256400204
2762,,after_candidate_limit,,1824,72,24,72,13.89,6.25,0.5,2,20,15,0.8516602870813397,0.2915272256400204
2763,,after_candidate_limit,,1949,77,24,77,13.89,8.33,0.5,0.75,20,15,0.8516602870813397,0.2915272256400204
2764,,after_candidate_limit,,1974,78,24,78,13.89,8.33,0.5,1.38,20,15,0.8516602870813397,0.2915272256400204
2765,,after_candidate_limit,,1999,79,24,79,13.89,8.33,0.5,2,20,15,0.8516602870813397,0.2915272256400204
2766,,after_candidate_limit,,1572,62,22,62,13.89,12.5,3,4.5,20,3,0.8514574162679426,0.2879665255692034
2767,,after_candidate_limit,,2146,85,21,85,15,13.5,0.5,1.38,20,2,0.8513502392344497,0.26980802555168143
2768,,after_candidate_limit,,2120,84,20,84,15,13.5,0.5,0.75,20,1,0.8511062200956938,0.2717636585067434
2769,,after_candidate_limit,,4156,166,6,166,9.44,8.5,2.17,3.25,2,2,0.8510153110047847,0.3213339681155012
2770,,after_candidate_limit,,3980,159,5,159,9.44,5.66,2.17,3.25,2,1,0.8509301435406699,0.32025940308982825
2771,,after_candidate_limit,,2445,97,20,97,15,4.5,3,4.5,20,1,0.8509162679425837,0.30836359829585497
2772,,after_candidate_limit,,2171,86,21,86,15,13.5,0.5,2,20,2,0.8508535885167464,0.2625426656672146
2773,,after_candidate_limit,,3805,152,5,152,9.44,4.25,2.17,3.25,2,1,0.8505483253588517,0.31297666818872183
2774,,after_candidate_limit,,4157,166,7,166,9.44,8.5,2.17,3.25,2,3,0.8505435406698565,0.30806405553557403
2775,,after_candidate_limit,,3630,145,5,145,9.44,2.83,2.17,3.25,2,1,0.8503186602870814,0.3100832230810223
2776,,after_candidate_limit,,3981,159,6,159,9.44,5.66,2.17,3.25,2,2,0.8502985645933014,0.3073554666027988
2777,,after_candidate_limit,,3806,152,6,152,9.44,4.25,2.17,3.25,2,2,0.8502014354066986,0.30637066301870886
2778,,after_candidate_limit,,3982,159,7,159,9.44,5.66,2.17,3.25,2,3,0.8501435406698564,0.3044652511804121
2779,,after_candidate_limit,,1390,55,15,55,12.78,7.67,3,4.5,6,1,0.8501282296650717,0.34893979438977324
2780,,after_candidate_limit,,3631,145,6,145,9.44,2.83,2.17,3.25,2,2,0.8501095693779904,0.3034515166694449
2781,,after_candidate_limit,,3807,152,7,152,9.44,4.25,2.17,3.25,2,3,0.8500947368421052,0.30275992931735995
2782,,after_candidate_limit,,4158,166,8,166,9.44,8.5,2.17,3.25,2,8,0.8500722488038277,0.2992570158287129
2783,,after_candidate_limit,,3632,145,7,145,9.44,2.83,2.17,3.25,2,3,0.8500564593301435,0.30063326223874565
2784,,after_candidate_limit,,3633,145,8,145,9.44,2.83,2.17,3.25,2,8,0.8500473684210527,0.2976671699059986
2785,,after_candidate_limit,,3634,145,9,145,9.44,2.83,2.17,3.25,2,15,0.8500473684210527,0.2976671699059986
2786,,after_candidate_limit,,3808,152,8,152,9.44,4.25,2.17,3.25,2,8,0.8500473684210527,0.2976671699059986
2787,,after_candidate_limit,,3809,152,9,152,9.44,4.25,2.17,3.25,2,15,0.8500473684210527,0.2976671699059986
2788,,after_candidate_limit,,3983,159,8,159,9.44,5.66,2.17,3.25,2,8,0.8500473684210527,0.2976671699059986
2789,,after_candidate_limit,,3984,159,9,159,9.44,5.66,2.17,3.25,2,15,0.8500473684210527,0.2976671699059986
2790,,after_candidate_limit,,4159,166,9,166,9.44,8.5,2.17,3.25,2,15,0.8500473684210527,0.2976671699059986
2791,,after_candidate_limit,,2595,103,20,103,15,6.75,2.17,3.25,20,1,0.8500191387559809,0.33055544638587453
2792,,after_candidate_limit,,1423,56,23,56,13.89,12.5,0.5,0.75,20,8,0.8494392344497608,0.3000201548484463
2793,,after_candidate_limit,,867,34,17,34,12.78,11.5,3,4.5,6,3,0.849433971291866,0.32568626745473245
2794,,after_candidate_limit,,1340,53,15,53,12.78,7.67,1.33,3.67,6,1,0.8493751196172249,0.3506504027041527
2795,,after_candidate_limit,,1391,55,16,55,12.78,7.67,3,4.5,6,2,0.8493593301435407,0.32814978535256495
2796,,after_candidate_limit,,2771,110,21,110,15,9,2.17,3.25,20,2,0.8493444976076555,0.32000301816364635
2797,,after_candidate_limit,,1315,52,15,52,12.78,7.67,1.33,2,6,1,0.8493272727272727,0.3509096137119675
2798,,after_candidate_limit,,1424,56,24,56,13.89,12.5,0.5,0.75,20,15,0.8492712918660287,0.30063455082108914
2799,,after_candidate_limit,,1215,48,15,48,12.78,5.75,3,4.5,6,1,0.8492454545454545,0.3259988324374686
2800,,after_candidate_limit,,15,0,15,0,11.67,10.5,0.5,0.75,6,1,0.8492411483253588,0.33760026845496943
2801,,after_candidate_limit,,4180,167,5,167,9.44,8.5,3,4.5,2,1,0.849155980861244,0.34088758762175414
2802,,after_candidate_limit,,1448,57,23,57,13.89,12.5,0.5,1.38,20,8,0.8491545454545455,0.2968508160623711
2803,,after_candidate_limit,,1473,58,23,58,13.89,12.5,0.5,2,20,8,0.8490655502392345,0.2953009889866805
2804,,after_candidate_limit,,1421,56,21,56,13.89,12.5,0.5,0.75,20,2,0.849056937799043,0.29215239037353957
2805,,after_candidate_limit,,792,31,17,31,12.78,11.5,1.33,2,6,3,0.8490545454545455,0.33077196034715217
2806,,after_candidate_limit,,1392,55,17,55,12.78,7.67,3,4.5,6,3,0.8489775119617224,0.3168440950727707
2807,,after_candidate_limit,,2596,103,21,103,15,6.75,2.17,3.25,20,2,0.8489416267942583,0.30804205001783874
2808,,after_candidate_limit,,817,32,17,32,12.78,11.5,1.33,3.67,6,3,0.8489263157894736,0.3257519154836947
2809,,after_candidate_limit,,1216,48,16,48,12.78,5.75,3,4.5,6,2,0.8489172248803828,0.31692545252753784
2810,,after_candidate_limit,,1449,57,24,57,13.89,12.5,0.5,1.38,20,15,0.8488918660287081,0.2947089436529021
2811,,after_candidate_limit,,2020,80,20,80,13.89,8.33,1.33,2,20,1,0.8488861244019139,0.31559452053088527
2812,,after_candidate_limit,,2420,96,20,96,15,4.5,2.17,3.25,20,1,0.8488851674641148,0.3070839469151891
2813,,after_candidate_limit,,1474,58,24,58,13.89,12.5,0.5,2,20,15,0.8488746411483253,0.29425641916330386
2814,,after_candidate_limit,,1041,41,16,41,12.78,3.83,3,4.5,6,2,0.8487641148325359,0.313297050602645
2815,,after_candidate_limit,,1217,48,17,48,12.78,5.75,3,4.5,6,3,0.848756937799043,0.31264409563114187
2816,,after_candidate_limit,,2597,103,22,103,15,6.75,2.17,3.25,20,3,0.8487550239234449,0.30381601735886066
2817,,after_candidate_limit,,1040,41,15,41,12.78,3.83,3,4.5,6,1,0.8487511961722488,0.3171040599786667
2818,,after_candidate_limit,,2421,96,21,96,15,4.5,2.17,3.25,20,2,0.8487382775119617,0.3035398945396818
2819,,after_candidate_limit,,2772,110,22,110,15,9,2.17,3.25,20,3,0.8487287081339713,0.31566475862901333
2820,,after_candidate_limit,,1042,41,17,41,12.78,3.83,3,4.5,6,3,0.8486655502392344,0.31042441360099376
2821,,after_candidate_limit,,2422,96,22,96,15,4.5,2.17,3.25,20,3,0.8486373205741626,0.3008132193743487
2822,,after_candidate_limit,,2249,89,24,89,15,13.5,2.17,3.25,20,15,0.8486224880382776,0.30481768450813596
2823,,after_candidate_limit,,1393,55,18,55,12.78,7.67,3,4.5,6,8,0.8486043062200956,0.30521714867152877
2824,,after_candidate_limit,,1043,41,18,41,12.78,3.83,3,4.5,6,8,0.8486014354066985,0.3043668586554853
2825,,after_candidate_limit,,1044,41,19,41,12.78,3.83,3,4.5,6,15,0.8486014354066985,0.3043668586554853
2826,,after_candidate_limit,,1218,48,18,48,12.78,5.75,3,4.5,6,8,0.8486014354066985,0.3043668586554853
2827,,after_candidate_limit,,1219,48,19,48,12.78,5.75,3,4.5,6,15,0.8486014354066985,0.3043668586554853
2828,,after_candidate_limit,,1394,55,19,55,12.78,7.67,3,4.5,6,15,0.8486014354066985,0.3043668586554853
2829,,after_candidate_limit,,1341,53,16,53,12.78,7.67,1.33,3.67,6,2,0.8485645933014354,0.3295355660075741
2830,,after_candidate_limit,,1345,53,20,53,12.78,7.67,1.33,3.67,20,1,0.8485373205741626,0.32011620775291155
2831,,after_candidate_limit,,1320,52,20,52,12.78,7.67,1.33,2,20,1,0.84852009569378,0.3190101597390281
2832,,after_candidate_limit,,1316,52,16,52,12.78,7.67,1.33,2,6,2,0.848511004784689,0.3268309575183137
2833,,after_candidate_limit,,2773,110,23,110,15,9,2.17,3.25,20,8,0.8485071770334929,0.2948307572676526
2834,,after_candidate_limit,,2774,110,24,110,15,9,2.17,3.25,20,15,0.8484732057416268,0.2931593746443014
2835,,after_candidate_limit,,2423,96,23,96,15,4.5,2.17,3.25,20,8,0.8484722488038278,0.29315385143188166
2836,,after_candidate_limit,,2424,96,24,96,15,4.5,2.17,3.25,20,15,0.8484722488038278,0.29315385143188166
2837,,after_candidate_limit,,2598,103,23,103,15,6.75,2.17,3.25,20,8,0.8484722488038278,0.29315385143188166
2838,,after_candidate_limit,,2599,103,24,103,15,6.75,2.17,3.25,20,15,0.8484722488038278,0.29315385143188166
2839,,after_candidate_limit,,1140,45,15,45,12.78,5.75,1.33,2,6,1,0.8484545454545455,0.3309176577810214
2840,,after_candidate_limit,,1165,46,15,46,12.78,5.75,1.33,3.67,6,1,0.8484488038277512,0.32794653272618335
2841,,after_candidate_limit,,868,34,18,34,12.78,11.5,3,4.5,6,8,0.848434928229665,0.30809283498154155
2842,,after_candidate_limit,,866,34,16,34,12.78,11.5,3,4.5,6,2,0.8483990430622009,0.32372456018131707
2843,,after_candidate_limit,,869,34,19,34,12.78,11.5,3,4.5,6,15,0.8483947368421053,0.304530876153494
2844,,after_candidate_limit,,2795,111,20,111,15,9,3,4.5,20,1,0.8482732057416268,0.3237083427681242
2845,,after_candidate_limit,,865,34,15,34,12.78,11.5,3,4.5,6,1,0.848199043062201,0.31235212257233175
2846,,after_candidate_limit,,1342,53,17,53,12.78,7.67,1.33,3.67,6,3,0.8481799043062201,0.3185672540299836
2847,,after_candidate_limit,,1317,52,17,52,12.78,7.67,1.33,2,6,3,0.8481645933014355,0.31843330445296386
2848,,after_candidate_limit,,1870,74,20,74,13.89,6.25,1.33,3.67,20,1,0.8481492822966508,0.3065086814475901
2849,,after_candidate_limit,,1166,46,16,46,12.78,5.75,1.33,3.67,6,2,0.8481339712918661,0.3180748001987389
2850,,after_candidate_limit,,1141,45,16,45,12.78,5.75,1.33,2,6,2,0.8481282296650717,0.3180554824308876
2851,,after_candidate_limit,,2046,81,21,81,13.89,8.33,1.33,3.67,20,2,0.8479966507177034,0.3072702271979106
2852,,after_candidate_limit,,1845,73,20,73,13.89,6.25,1.33,2,20,1,0.8479909090909091,0.30965554672937806
2853,,after_candidate_limit,,991,39,16,39,12.78,3.83,1.33,3.67,6,2,0.8479712918660287,0.31449061734203076
2854,,after_candidate_limit,,2021,80,21,80,13.89,8.33,1.33,2,20,2,0.8479698564593301,0.30721140436894745
2855,,after_candidate_limit,,966,38,16,38,12.78,3.83,1.33,2,6,2,0.8479617224880382,0.3143452408701567
2856,,after_candidate_limit,,1142,45,17,45,12.78,5.75,1.33,2,6,3,0.8479583732057416,0.3138022755780205
2857,,after_candidate_limit,,1167,46,17,46,12.78,5.75,1.33,3.67,6,3,0.8479583732057416,0.31365937040873537
2858,,after_candidate_limit,,16,0,16,0,11.67,10.5,0.5,0.75,6,2,0.8479454545454546,0.33664422867262717
2859,,after_candidate_limit,,990,39,15,39,12.78,3.83,1.33,3.67,6,1,0.8479181818181818,0.3179524153207317
2860,,after_candidate_limit,,965,38,15,38,12.78,3.83,1.33,2,6,1,0.847911004784689,0.31950015575157
2861,,after_candidate_limit,,992,39,17,39,12.78,3.83,1.33,3.67,6,3,0.8478507177033493,0.3109538746128284
2862,,after_candidate_limit,,967,38,17,38,12.78,3.83,1.33,2,6,3,0.8478411483253588,0.31068246818189416
2863,,after_candidate_limit,,1343,53,18,53,12.78,7.67,1.33,3.67,6,8,0.8478,0.30585855087700103
2864,,after_candidate_limit,,1318,52,18,52,12.78,7.67,1.33,2,6,8,0.8477980861244019,0.3050500430235978
2865,,after_candidate_limit,,968,38,18,38,12.78,3.83,1.33,2,6,8,0.8477942583732058,0.30499782839593087
2866,,after_candidate_limit,,969,38,19,38,12.78,3.83,1.33,2,6,15,0.8477942583732058,0.30499782839593087
2867,,after_candidate_limit,,993,39,18,39,12.78,3.83,1.33,3.67,6,8,0.8477942583732058,0.30499782839593087
2868,,after_candidate_limit,,994,39,19,39,12.78,3.83,1.33,3.67,6,15,0.8477942583732058,0.30499782839593087
2869,,after_candidate_limit,,1143,45,18,45,12.78,5.75,1.33,2,6,8,0.8477942583732058,0.30499782839593087
2870,,after_candidate_limit,,1144,45,19,45,12.78,5.75,1.33,2,6,15,0.8477942583732058,0.30499782839593087
2871,,after_candidate_limit,,1168,46,18,46,12.78,5.75,1.33,3.67,6,8,0.8477942583732058,0.30499782839593087
2872,,after_candidate_limit,,1169,46,19,46,12.78,5.75,1.33,3.67,6,15,0.8477942583732058,0.30499782839593087
2873,,after_candidate_limit,,1319,52,19,52,12.78,7.67,1.33,2,6,15,0.8477942583732058,0.30499782839593087
2874,,after_candidate_limit,,1344,53,19,53,12.78,7.67,1.33,3.67,6,15,0.8477942583732058,0.30499782839593087
2875,,after_candidate_limit,,66,2,16,2,11.67,10.5,0.5,2,6,2,0.8477933014354067,0.33177414549422524
2876,,after_candidate_limit,,1447,57,22,57,13.89,12.5,0.5,1.38,20,3,0.8477708133971292,0.2878398038973692
2877,,after_candidate_limit,,41,1,16,1,11.67,10.5,0.5,1.38,6,2,0.8477598086124402,0.33412844581208295
2878,,after_candidate_limit,,793,31,18,31,12.78,11.5,1.33,2,6,8,0.8477167464114832,0.3097339638935911
2879,,after_candidate_limit,,818,32,18,32,12.78,11.5,1.33,3.67,6,8,0.847667942583732,0.309693447087504
2880,,after_candidate_limit,,819,32,19,32,12.78,11.5,1.33,3.67,6,15,0.8475894736842106,0.3043329677751844
2881,,after_candidate_limit,,1370,54,20,54,12.78,7.67,2.17,3.25,20,1,0.8475894736842106,0.3175902795582745
2882,,after_candidate_limit,,794,31,19,31,12.78,11.5,1.33,2,6,15,0.8475808612440191,0.3046131185755224
2883,,after_candidate_limit,,4181,167,6,167,9.44,8.5,3,4.5,2,2,0.8475186602870813,0.3167642481521732
2884,,after_candidate_limit,,1670,66,20,66,13.89,4.17,1.33,2,20,1,0.8475066985645933,0.29852767102310485
2885,,after_candidate_limit,,1695,67,20,67,13.89,4.17,1.33,3.67,20,1,0.8475028708133971,0.2972496953961425
2886,,after_candidate_limit,,4005,160,5,160,9.44,5.66,3,4.5,2,1,0.8474708133971292,0.3165515748060455
2887,,after_candidate_limit,,2047,81,22,81,13.89,8.33,1.33,3.67,20,3,0.8473626794258373,0.3002269296982195
2888,,after_candidate_limit,,2022,80,22,80,13.89,8.33,1.33,2,20,3,0.8472952153110048,0.3008659579739942
2889,,after_candidate_limit,,590,23,15,23,11.67,7,0.5,2,6,1,0.8472507177033493,0.3439306024486469
2890,,after_candidate_limit,,565,22,15,22,11.67,7,0.5,1.38,6,1,0.847221052631579,0.34255664851403383
2891,,after_candidate_limit,,1846,73,21,73,13.89,6.25,1.33,2,20,2,0.8471866028708134,0.29677264706534895
2892,,after_candidate_limit,,4040,161,15,161,9.44,8.5,0.5,0.75,6,1,0.8471866028708134,0.2822182364106122
2893,,after_candidate_limit,,1871,74,21,74,13.89,6.25,1.33,3.67,20,2,0.8471760765550239,0.2943881054559967
2894,,after_candidate_limit,,1170,46,20,46,12.78,5.75,1.33,3.67,20,1,0.8471282296650717,0.31025283869371106
2895,,after_candidate_limit,,1145,45,20,45,12.78,5.75,1.33,2,20,1,0.8471263157894737,0.31295916123562806
2896,,after_candidate_limit,,3830,153,5,153,9.44,4.25,3,4.5,2,1,0.8471162679425838,0.3101104729643589
2897,,after_candidate_limit,,4182,167,7,167,9.44,8.5,3,4.5,2,3,0.8470736842105263,0.30373040537437296
2898,,after_candidate_limit,,1696,67,21,67,13.89,4.17,1.33,3.67,20,2,0.8470655502392345,0.29299097335233204
2899,,after_candidate_limit,,1671,66,21,66,13.89,4.17,1.33,2,20,2,0.847056937799043,0.2928851226372184
2900,,after_candidate_limit,,1472,58,22,58,13.89,12.5,0.5,2,20,3,0.8470535885167464,0.28388929111994865
2901,,after_candidate_limit,,1346,53,21,53,12.78,7.67,1.33,3.67,20,2,0.8470277511961722,0.3118259266534808
2902,,after_candidate_limit,,4065,162,15,162,9.44,8.5,0.5,1.38,6,1,0.8470191387559809,0.2805206865997528
2903,,after_candidate_limit,,1321,52,21,52,12.78,7.67,1.33,2,20,2,0.8470043062200957,0.31119094975670686
2904,,after_candidate_limit,,1872,74,22,74,13.89,6.25,1.33,3.67,20,3,0.8470038277511962,0.29275880288208445
2905,,after_candidate_limit,,1847,73,22,73,13.89,6.25,1.33,2,20,3,0.8469980861244019,0.29267420626949886
2906,,after_candidate_limit,,540,21,15,21,11.67,7,0.5,0.75,6,1,0.8469875598086124,0.3437372619878434
2907,,after_candidate_limit,,17,0,17,0,11.67,10.5,0.5,0.75,6,3,0.846933971291866,0.3340169722875689
2908,,after_candidate_limit,,1697,67,22,67,13.89,4.17,1.33,3.67,20,3,0.8469258373205741,0.29095641024860525
2909,,after_candidate_limit,,1672,66,22,66,13.89,4.17,1.33,2,20,3,0.846922009569378,0.2907301367596902
2910,,after_candidate_limit,,2048,81,23,81,13.89,8.33,1.33,3.67,20,8,0.8468928229665071,0.2864859511276202
2911,,after_candidate_limit,,2023,80,23,80,13.89,8.33,1.33,2,20,8,0.8468880382775119,0.28508297335075566
2912,,after_candidate_limit,,3655,146,5,146,9.44,2.83,3,4.5,2,1,0.8468822966507177,0.30716545547583984
2913,,after_candidate_limit,,1848,73,23,73,13.89,6.25,1.33,2,20,8,0.8468650717703349,0.284018114100213
2914,,after_candidate_limit,,1873,74,23,74,13.89,6.25,1.33,3.67,20,8,0.8468650717703349,0.284018114100213
2915,,after_candidate_limit,,1673,66,23,66,13.89,4.17,1.33,2,20,8,0.8468641148325359,0.28397583080211575
2916,,after_candidate_limit,,1674,66,24,66,13.89,4.17,1.33,2,20,15,0.8468641148325359,0.28397583080211575
2917,,after_candidate_limit,,1698,67,23,67,13.89,4.17,1.33,3.67,20,8,0.8468641148325359,0.28397583080211575
2918,,after_candidate_limit,,1699,67,24,67,13.89,4.17,1.33,3.67,20,15,0.8468641148325359,0.28397583080211575
2919,,after_candidate_limit,,1849,73,24,73,13.89,6.25,1.33,2,20,15,0.8468641148325359,0.28397583080211575
2920,,after_candidate_limit,,1874,74,24,74,13.89,6.25,1.33,3.67,20,15,0.8468641148325359,0.28397583080211575
2921,,after_candidate_limit,,2024,80,24,80,13.89,8.33,1.33,2,20,15,0.8468641148325359,0.28397583080211575
2922,,after_candidate_limit,,2049,81,24,81,13.89,8.33,1.33,3.67,20,15,0.8468641148325359,0.28397583080211575
2923,,after_candidate_limit,,4006,160,6,160,9.44,5.66,3,4.5,2,2,0.8468555023923445,0.30442155888525013
2924,,after_candidate_limit,,995,39,20,39,12.78,3.83,1.33,3.67,20,1,0.8468497607655502,0.30829197521485924
2925,,after_candidate_limit,,970,38,20,38,12.78,3.83,1.33,2,20,1,0.846844019138756,0.30731714477314054
2926,,after_candidate_limit,,1347,53,22,53,12.78,7.67,1.33,3.67,20,3,0.8468301435406699,0.3075585221290543
2927,,after_candidate_limit,,1322,52,22,52,12.78,7.67,1.33,2,20,3,0.8468186602870813,0.307208474194409
2928,,after_candidate_limit,,3831,153,6,153,9.44,4.25,3,4.5,2,2,0.8467526315789474,0.3033029284140794
2929,,after_candidate_limit,,22,0,22,0,11.67,10.5,0.5,0.75,20,3,0.8467411483253589,0.3013390107929723
2930,,after_candidate_limit,,67,2,17,2,11.67,10.5,0.5,2,6,3,0.8467148325358852,0.32863857590362183
2931,,after_candidate_limit,,4007,160,7,160,9.44,5.66,3,4.5,2,3,0.8466942583732058,0.3013287280116878
2932,,after_candidate_limit,,1171,46,21,46,12.78,5.75,1.33,3.67,20,2,0.8466775119617225,0.305365746844498
2933,,after_candidate_limit,,1146,45,21,45,12.78,5.75,1.33,2,20,2,0.8466698564593301,0.3057114835785447
2934,,after_candidate_limit,,3656,146,6,146,9.44,2.83,3,4.5,2,2,0.846657894736842,0.3003476979906279
2935,,after_candidate_limit,,3832,153,7,153,9.44,4.25,3,4.5,2,3,0.8466425837320574,0.29961781789180786
2936,,after_candidate_limit,,4183,167,8,167,9.44,8.5,3,4.5,2,8,0.8466248803827752,0.29606742097242267
2937,,after_candidate_limit,,2770,110,20,110,15,9,2.17,3.25,20,1,0.8466172248803828,0.3223931628558885
2938,,after_candidate_limit,,42,1,17,1,11.67,10.5,0.5,1.38,6,3,0.8466143540669856,0.3305322655381475
2939,,after_candidate_limit,,3657,146,7,146,9.44,2.83,3,4.5,2,3,0.8466033492822966,0.2974802187595907
2940,,after_candidate_limit,,3658,146,8,146,9.44,2.83,3,4.5,2,8,0.8465952153110048,0.29445492607404
2941,,after_candidate_limit,,3659,146,9,146,9.44,2.83,3,4.5,2,15,0.8465952153110048,0.29445492607404
2942,,after_candidate_limit,,3833,153,8,153,9.44,4.25,3,4.5,2,8,0.8465952153110048,0.29445492607404
2943,,after_candidate_limit,,3834,153,9,153,9.44,4.25,3,4.5,2,15,0.8465952153110048,0.29445492607404
2944,,after_candidate_limit,,4008,160,8,160,9.44,5.66,3,4.5,2,8,0.8465952153110048,0.29445492607404
2945,,after_candidate_limit,,4009,160,9,160,9.44,5.66,3,4.5,2,15,0.8465952153110048,0.29445492607404
2946,,after_candidate_limit,,4184,167,9,167,9.44,8.5,3,4.5,2,15,0.8465952153110048,0.29445492607404
2947,,after_candidate_limit,,1172,46,22,46,12.78,5.75,1.33,3.67,20,3,0.8465933014354067,0.30472677510121154
2948,,after_candidate_limit,,1147,45,22,45,12.78,5.75,1.33,2,20,3,0.8465928229665072,0.3050075741423121
2949,,after_candidate_limit,,996,39,21,39,12.78,3.83,1.33,3.67,20,2,0.8465746411483254,0.30445057789314506
2950,,after_candidate_limit,,971,38,21,38,12.78,3.83,1.33,2,20,2,0.8465741626794259,0.30434480519679397
2951,,after_candidate_limit,,997,39,22,39,12.78,3.83,1.33,3.67,20,3,0.8465444976076555,0.30378767254672545
2952,,after_candidate_limit,,972,38,22,38,12.78,3.83,1.33,2,20,3,0.8465435406698565,0.30375515222152216
2953,,after_candidate_limit,,1323,52,23,52,12.78,7.67,1.33,2,20,8,0.8465306220095694,0.30196411982187327
2954,,after_candidate_limit,,1348,53,23,53,12.78,7.67,1.33,3.67,20,8,0.8465306220095694,0.30196411982187327
2955,,after_candidate_limit,,1195,47,20,47,12.78,5.75,2.17,3.25,20,1,0.8465301435406699,0.3083538593910476
2956,,after_candidate_limit,,973,38,23,38,12.78,3.83,1.33,2,20,8,0.8465258373205742,0.29922499894275245
2957,,after_candidate_limit,,974,38,24,38,12.78,3.83,1.33,2,20,15,0.8465258373205742,0.29922499894275245
2958,,after_candidate_limit,,998,39,23,39,12.78,3.83,1.33,3.67,20,8,0.8465258373205742,0.29922499894275245
2959,,after_candidate_limit,,999,39,24,39,12.78,3.83,1.33,3.67,20,15,0.8465258373205742,0.29922499894275245
2960,,after_candidate_limit,,1148,45,23,45,12.78,5.75,1.33,2,20,8,0.8465258373205742,0.29922499894275245
2961,,after_candidate_limit,,1149,45,24,45,12.78,5.75,1.33,2,20,15,0.8465258373205742,0.29922499894275245
2962,,after_candidate_limit,,1173,46,23,46,12.78,5.75,1.33,3.67,20,8,0.8465258373205742,0.29922499894275245
2963,,after_candidate_limit,,1174,46,24,46,12.78,5.75,1.33,3.67,20,15,0.8465258373205742,0.29922499894275245
2964,,after_candidate_limit,,1324,52,24,52,12.78,7.67,1.33,2,20,15,0.8465258373205742,0.29922499894275245
2965,,after_candidate_limit,,1349,53,24,53,12.78,7.67,1.33,3.67,20,15,0.8465258373205742,0.29922499894275245
2966,,after_candidate_limit,,791,31,16,31,12.78,11.5,1.33,2,6,2,0.8465167464114832,0.32838042384650534
2967,,after_candidate_limit,,541,21,16,21,11.67,7,0.5,0.75,6,2,0.8464057416267943,0.3221087210671134
2968,,after_candidate_limit,,566,22,16,22,11.67,7,0.5,1.38,6,2,0.8463990430622009,0.32172018319404594
2969,,after_candidate_limit,,591,23,16,23,11.67,7,0.5,2,6,2,0.8463990430622009,0.3214624633779759
2970,,after_candidate_limit,,365,14,15,14,11.67,5.25,0.5,0.75,6,1,0.8463578947368421,0.33120353181762274
2971,,after_candidate_limit,,1371,54,21,54,12.78,7.67,2.17,3.25,20,2,0.846355980861244,0.31132863405236083
2972,,after_candidate_limit,,816,32,16,32,12.78,11.5,1.33,3.67,6,2,0.846334928229665,0.32549877628337004
2973,,after_candidate_limit,,390,15,15,15,11.67,5.25,0.5,1.38,6,1,0.8462813397129186,0.32477432939480966
2974,,after_candidate_limit,,415,16,15,16,11.67,5.25,0.5,2,6,1,0.8462765550239234,0.3231204087679521
2975,,after_candidate_limit,,1020,40,20,40,12.78,3.83,2.17,3.25,20,1,0.8462234449760766,0.3061170526820518
2976,,after_candidate_limit,,1372,54,22,54,12.78,7.67,2.17,3.25,20,3,0.846188995215311,0.30515980807160736
2977,,after_candidate_limit,,4041,161,16,161,9.44,8.5,0.5,0.75,6,2,0.846178947368421,0.27316766254896196
2978,,after_candidate_limit,,542,21,17,21,11.67,7,0.5,0.75,6,3,0.8461215311004785,0.31632452261826827
2979,,after_candidate_limit,,4091,163,16,163,9.44,8.5,0.5,2,6,2,0.846111961722488,0.2713764733332097
2980,,after_candidate_limit,,592,23,17,23,11.67,7,0.5,2,6,3,0.8461043062200957,0.3129439341755317
2981,,after_candidate_limit,,567,22,17,22,11.67,7,0.5,1.38,6,3,0.8460956937799043,0.3138674508367384
2982,,after_candidate_limit,,416,16,16,16,11.67,5.25,0.5,2,6,2,0.84608995215311,0.3140661688313544
2983,,after_candidate_limit,,4066,162,16,162,9.44,8.5,0.5,1.38,6,2,0.846088038277512,0.27131818385862233
2984,,after_candidate_limit,,366,14,16,14,11.67,5.25,0.5,0.75,6,2,0.8460870813397129,0.31543452157598306
2985,,after_candidate_limit,,391,15,16,15,11.67,5.25,0.5,1.38,6,2,0.8460746411483253,0.31401843263449714
2986,,after_candidate_limit,,1196,47,21,47,12.78,5.75,2.17,3.25,20,2,0.8460382775119617,0.30466817094422
2987,,after_candidate_limit,,71,2,21,2,11.67,10.5,0.5,2,20,2,0.8460172248803828,0.3123533490147554
2988,,after_candidate_limit,,190,7,15,7,11.67,3.5,0.5,0.75,6,1,0.8459933014354067,0.3205766234125805
2989,,after_candidate_limit,,241,9,16,9,11.67,3.5,0.5,2,6,2,0.8459708133971292,0.3111068581527541
2990,,after_candidate_limit,,1021,40,21,40,12.78,3.83,2.17,3.25,20,2,0.8459693779904306,0.30315117972140937
2991,,after_candidate_limit,,417,16,17,16,11.67,5.25,0.5,2,6,3,0.8459684210526316,0.3103525198110052
2992,,after_candidate_limit,,191,7,16,7,11.67,3.5,0.5,0.75,6,2,0.8459645933014354,0.3111681770548337
2993,,after_candidate_limit,,392,15,17,15,11.67,5.25,0.5,1.38,6,3,0.8459645933014354,0.3103373811365481
2994,,after_candidate_limit,,216,8,16,8,11.67,3.5,0.5,1.38,6,2,0.8459588516746411,0.3109921727294117
2995,,after_candidate_limit,,367,14,17,14,11.67,5.25,0.5,0.75,6,3,0.845955980861244,0.3105654605571363
2996,,after_candidate_limit,,1197,47,22,47,12.78,5.75,2.17,3.25,20,3,0.8459325358851675,0.30312717511763543
2997,,after_candidate_limit,,69,2,19,2,11.67,10.5,0.5,2,6,15,0.8458947368421053,0.3008183595040588
2998,,after_candidate_limit,,242,9,17,9,11.67,3.5,0.5,2,6,3,0.8458933014354068,0.3079044607127789
2999,,after_candidate_limit,,19,0,19,0,11.67,10.5,0.5,0.75,6,15,0.8458928229665071,0.3009044137837723
3000,,after_candidate_limit,,217,8,17,8,11.67,3.5,0.5,1.38,6,3,0.8458885167464115,0.30756699207466176
3001,,after_candidate_limit,,192,7,17,7,11.67,3.5,0.5,0.75,6,3,0.8458880382775119,0.30750760218918494
3002,,after_candidate_limit,,215,8,15,8,11.67,3.5,0.5,1.38,6,1,0.8458880382775119,0.3160624383677711
3003,,after_candidate_limit,,240,9,15,9,11.67,3.5,0.5,2,6,1,0.8458832535885168,0.31523791380732663
3004,,after_candidate_limit,,44,1,19,1,11.67,10.5,0.5,1.38,6,15,0.8458822966507177,0.3007750689601626
3005,,after_candidate_limit,,1022,40,22,40,12.78,3.83,2.17,3.25,20,3,0.8458775119617225,0.3022688264644844
3006,,after_candidate_limit,,543,21,18,21,11.67,7,0.5,0.75,6,8,0.8458598086124401,0.30267974675159715
3007,,after_candidate_limit,,568,22,18,22,11.67,7,0.5,1.38,6,8,0.8458598086124401,0.30267974675159715
3008,,after_candidate_limit,,593,23,18,23,11.67,7,0.5,2,6,8,0.8458598086124401,0.30267974675159715
3009,,after_candidate_limit,,193,7,18,7,11.67,3.5,0.5,0.75,6,8,0.8458588516746411,0.30264465903229887
3010,,after_candidate_limit,,194,7,19,7,11.67,3.5,0.5,0.75,6,15,0.8458588516746411,0.30264465903229887
3011,,after_candidate_limit,,218,8,18,8,11.67,3.5,0.5,1.38,6,8,0.8458588516746411,0.30264465903229887
3012,,after_candidate_limit,,219,8,19,8,11.67,3.5,0.5,1.38,6,15,0.8458588516746411,0.30264465903229887
3013,,after_candidate_limit,,243,9,18,9,11.67,3.5,0.5,2,6,8,0.8458588516746411,0.30264465903229887
3014,,after_candidate_limit,,244,9,19,9,11.67,3.5,0.5,2,6,15,0.8458588516746411,0.30264465903229887
3015,,after_candidate_limit,,368,14,18,14,11.67,5.25,0.5,0.75,6,8,0.8458588516746411,0.30264465903229887
3016,,after_candidate_limit,,369,14,19,14,11.67,5.25,0.5,0.75,6,15,0.8458588516746411,0.30264465903229887
3017,,after_candidate_limit,,393,15,18,15,11.67,5.25,0.5,1.38,6,8,0.8458588516746411,0.30264465903229887
3018,,after_candidate_limit,,394,15,19,15,11.67,5.25,0.5,1.38,6,15,0.8458588516746411,0.30264465903229887
3019,,after_candidate_limit,,418,16,18,16,11.67,5.25,0.5,2,6,8,0.8458588516746411,0.30264465903229887
3020,,after_candidate_limit,,419,16,19,16,11.67,5.25,0.5,2,6,15,0.8458588516746411,0.30264465903229887
3021,,after_candidate_limit,,544,21,19,21,11.67,7,0.5,0.75,6,15,0.8458588516746411,0.30264465903229887
3022,,after_candidate_limit,,569,22,19,22,11.67,7,0.5,1.38,6,15,0.8458588516746411,0.30264465903229887
3023,,after_candidate_limit,,594,23,19,23,11.67,7,0.5,2,6,15,0.8458588516746411,0.30264465903229887
3024,,after_candidate_limit,,1373,54,23,54,12.78,7.67,2.17,3.25,20,8,0.845855023923445,0.29978017060831896
3025,,after_candidate_limit,,1023,40,23,40,12.78,3.83,2.17,3.25,20,8,0.8458511961722488,0.29740320683135524
3026,,after_candidate_limit,,1024,40,24,40,12.78,3.83,2.17,3.25,20,15,0.8458511961722488,0.29740320683135524
3027,,after_candidate_limit,,1198,47,23,47,12.78,5.75,2.17,3.25,20,8,0.8458511961722488,0.29740320683135524
3028,,after_candidate_limit,,1199,47,24,47,12.78,5.75,2.17,3.25,20,15,0.8458511961722488,0.29740320683135524
3029,,after_candidate_limit,,1374,54,24,54,12.78,7.67,2.17,3.25,20,15,0.8458511961722488,0.29740320683135524
3030,,after_candidate_limit,,3915,156,15,156,9.44,5.66,0.5,2,6,1,0.8458416267942583,0.27211602596239987
3031,,after_candidate_limit,,3865,154,15,154,9.44,5.66,0.5,0.75,6,1,0.8458373205741627,0.27840731483954295
3032,,after_candidate_limit,,18,0,18,0,11.67,10.5,0.5,0.75,6,8,0.8458287081339713,0.31091808144059385
3033,,after_candidate_limit,,3890,155,15,155,9.44,5.66,0.5,1.38,6,1,0.8458224880382775,0.2746658430438466
3034,,after_candidate_limit,,68,2,18,2,11.67,10.5,0.5,2,6,8,0.8457358851674641,0.3117153415997138
3035,,after_candidate_limit,,43,1,18,1,11.67,10.5,0.5,1.38,6,8,0.8456765550239235,0.31110183879629605
3036,,after_candidate_limit,,4092,163,17,163,9.44,8.5,0.5,2,6,3,0.8456741626794259,0.2662130799742042
3037,,after_candidate_limit,,4042,161,17,161,9.44,8.5,0.5,0.75,6,3,0.8456645933014354,0.26752537446525276
3038,,after_candidate_limit,,4067,162,17,162,9.44,8.5,0.5,1.38,6,3,0.8456511961722488,0.26622250750818716
3039,,after_candidate_limit,,46,1,21,1,11.67,10.5,0.5,1.38,20,2,0.845643062200957,0.31010012605618154
3040,,after_candidate_limit,,546,21,21,21,11.67,7,0.5,0.75,20,2,0.8455928229665072,0.30649099831028936
3041,,after_candidate_limit,,571,22,21,22,11.67,7,0.5,1.38,20,2,0.845567942583732,0.3081307400832035
3042,,after_candidate_limit,,596,23,21,23,11.67,7,0.5,2,20,2,0.8455535885167464,0.3084487276647566
3043,,after_candidate_limit,,2045,81,20,81,13.89,8.33,1.33,3.67,20,1,0.8455196172248803,0.3134718306658646
3044,,after_candidate_limit,,3866,154,16,154,9.44,5.66,0.5,0.75,6,2,0.8454406698564594,0.2650359000355975
3045,,after_candidate_limit,,3916,156,16,156,9.44,5.66,0.5,2,6,2,0.8454406698564594,0.2630140368043033
3046,,after_candidate_limit,,3891,155,16,155,9.44,5.66,0.5,1.38,6,2,0.8454387559808613,0.2632270081045683
3047,,after_candidate_limit,,3740,149,15,149,9.44,4.25,0.5,2,6,1,0.8454239234449761,0.2635443801768231
3048,,after_candidate_limit,,3690,147,15,147,9.44,4.25,0.5,0.75,6,1,0.8454148325358851,0.2699885372607206
3049,,after_candidate_limit,,3715,148,15,148,9.44,4.25,0.5,1.38,6,1,0.8453866028708134,0.26449291428876215
3050,,after_candidate_limit,,3741,149,16,149,9.44,4.25,0.5,2,6,2,0.8453822966507177,0.26248361082700566
3051,,after_candidate_limit,,3716,148,16,148,9.44,4.25,0.5,1.38,6,2,0.8453794258373206,0.2625259418951085
3052,,after_candidate_limit,,3867,154,17,154,9.44,5.66,0.5,0.75,6,3,0.8453755980861244,0.2619818238767462
3053,,after_candidate_limit,,3691,147,16,147,9.44,4.25,0.5,0.75,6,2,0.8453746411483254,0.2615176733765201
3054,,after_candidate_limit,,3917,156,17,156,9.44,5.66,0.5,2,6,3,0.8453727272727273,0.2609484105611027
3055,,after_candidate_limit,,3892,155,17,155,9.44,5.66,0.5,1.38,6,3,0.8453717703349283,0.26092876143829563
3056,,after_candidate_limit,,23,0,23,0,11.67,10.5,0.5,0.75,20,8,0.8453655502392344,0.2973367097639318
3057,,after_candidate_limit,,3516,140,16,140,9.44,2.83,0.5,0.75,6,2,0.8453574162679426,0.26192115570198365
3058,,after_candidate_limit,,3692,147,17,147,9.44,4.25,0.5,0.75,6,3,0.8453574162679426,0.26175371277375514
3059,,after_candidate_limit,,3742,149,17,149,9.44,4.25,0.5,2,6,3,0.8453574162679426,0.2617992424988307
3060,,after_candidate_limit,,3717,148,17,148,9.44,4.25,0.5,1.38,6,3,0.8453555023923445,0.2616992424988307
3061,,after_candidate_limit,,3541,141,16,141,9.44,2.83,0.5,1.38,6,2,0.8453535885167464,0.2617712352788842
3062,,after_candidate_limit,,4043,161,18,161,9.44,8.5,0.5,0.75,6,8,0.8453535885167464,0.25905445080079675
3063,,after_candidate_limit,,3566,142,16,142,9.44,2.83,0.5,2,6,2,0.8453516746411484,0.26176173878844966
3064,,after_candidate_limit,,4093,163,18,163,9.44,8.5,0.5,2,6,8,0.8453488038277512,0.2595083392261689
3065,,after_candidate_limit,,3517,140,17,140,9.44,2.83,0.5,0.75,6,3,0.8453468899521531,0.2607222871804964
3066,,after_candidate_limit,,4068,162,18,162,9.44,8.5,0.5,1.38,6,8,0.8453468899521531,0.2593912723352212
3067,,after_candidate_limit,,3567,142,17,142,9.44,2.83,0.5,2,6,3,0.845345933014354,0.2607929547026263
3068,,after_candidate_limit,,3542,141,17,141,9.44,2.83,0.5,1.38,6,3,0.845344976076555,0.26060856169030033
3069,,after_candidate_limit,,3868,154,18,154,9.44,5.66,0.5,0.75,6,8,0.8453306220095694,0.2555890266137099
3070,,after_candidate_limit,,3893,155,18,155,9.44,5.66,0.5,1.38,6,8,0.8453306220095694,0.2555890266137099
3071,,after_candidate_limit,,3918,156,18,156,9.44,5.66,0.5,2,6,8,0.8453306220095694,0.2555890266137099
3072,,after_candidate_limit,,4094,163,19,163,9.44,8.5,0.5,2,6,15,0.8453306220095694,0.2555890266137099
3073,,after_candidate_limit,,3518,140,18,140,9.44,2.83,0.5,0.75,6,8,0.8453296650717703,0.2555093164687824
3074,,after_candidate_limit,,3519,140,19,140,9.44,2.83,0.5,0.75,6,15,0.8453296650717703,0.2555093164687824
3075,,after_candidate_limit,,3543,141,18,141,9.44,2.83,0.5,1.38,6,8,0.8453296650717703,0.2555093164687824
3076,,after_candidate_limit,,3544,141,19,141,9.44,2.83,0.5,1.38,6,15,0.8453296650717703,0.2555093164687824
3077,,after_candidate_limit,,3568,142,18,142,9.44,2.83,0.5,2,6,8,0.8453296650717703,0.2555093164687824
3078,,after_candidate_limit,,3569,142,19,142,9.44,2.83,0.5,2,6,15,0.8453296650717703,0.2555093164687824
3079,,after_candidate_limit,,3693,147,18,147,9.44,4.25,0.5,0.75,6,8,0.8453296650717703,0.2555093164687824
3080,,after_candidate_limit,,3694,147,19,147,9.44,4.25,0.5,0.75,6,15,0.8453296650717703,0.2555093164687824
3081,,after_candidate_limit,,3718,148,18,148,9.44,4.25,0.5,1.38,6,8,0.8453296650717703,0.2555093164687824
3082,,after_candidate_limit,,3719,148,19,148,9.44,4.25,0.5,1.38,6,15,0.8453296650717703,0.2555093164687824
3083,,after_candidate_limit,,3743,149,18,149,9.44,4.25,0.5,2,6,8,0.8453296650717703,0.2555093164687824
3084,,after_candidate_limit,,3744,149,19,149,9.44,4.25,0.5,2,6,15,0.8453296650717703,0.2555093164687824
3085,,after_candidate_limit,,3869,154,19,154,9.44,5.66,0.5,0.75,6,15,0.8453296650717703,0.2555093164687824
3086,,after_candidate_limit,,3894,155,19,155,9.44,5.66,0.5,1.38,6,15,0.8453296650717703,0.2555093164687824
3087,,after_candidate_limit,,3919,156,19,156,9.44,5.66,0.5,2,6,15,0.8453296650717703,0.2555093164687824
3088,,after_candidate_limit,,4044,161,19,161,9.44,8.5,0.5,0.75,6,15,0.8453296650717703,0.2555093164687824
3089,,after_candidate_limit,,4069,162,19,162,9.44,8.5,0.5,1.38,6,15,0.8453296650717703,0.2555093164687824
3090,,after_candidate_limit,,73,2,23,2,11.67,10.5,0.5,2,20,8,0.8453263157894737,0.2993514457386899
3091,,after_candidate_limit,,597,23,22,23,11.67,7,0.5,2,20,3,0.8453239234449761,0.3037333595242594
3092,,after_candidate_limit,,3515,140,15,140,9.44,2.83,0.5,0.75,6,1,0.8453234449760766,0.2642297759825867
3093,,after_candidate_limit,,371,14,21,14,11.67,5.25,0.5,0.75,20,2,0.845322009569378,0.3045949986783145
3094,,after_candidate_limit,,547,21,22,21,11.67,7,0.5,0.75,20,3,0.8453191387559809,0.3037591578455921
3095,,after_candidate_limit,,396,15,21,15,11.67,5.25,0.5,1.38,20,2,0.8453177033492822,0.30475669448594284
3096,,after_candidate_limit,,421,16,21,16,11.67,5.25,0.5,2,20,2,0.8453177033492822,0.30464709583809985
3097,,after_candidate_limit,,48,1,23,1,11.67,10.5,0.5,1.38,20,8,0.8453148325358851,0.2979792016478836
3098,,after_candidate_limit,,572,22,22,22,11.67,7,0.5,1.38,20,3,0.8453138755980861,0.30326285305478407
3099,,after_candidate_limit,,40,1,15,1,11.67,10.5,0.5,1.38,6,1,0.8453023923444976,0.3301732247190001
3100,,after_candidate_limit,,372,14,22,14,11.67,5.25,0.5,0.75,20,3,0.8453014354066986,0.304462541505855
3101,,after_candidate_limit,,246,9,21,9,11.67,3.5,0.5,2,20,2,0.8452976076555024,0.30401756736170815
3102,,after_candidate_limit,,397,15,22,15,11.67,5.25,0.5,1.38,20,3,0.8452976076555024,0.30471248688500635
3103,,after_candidate_limit,,422,16,22,16,11.67,5.25,0.5,2,20,3,0.8452966507177033,0.3045948398261828
3104,,after_candidate_limit,,222,8,22,8,11.67,3.5,0.5,1.38,20,3,0.8452899521531101,0.3038227169169056
3105,,after_candidate_limit,,247,9,22,9,11.67,3.5,0.5,2,20,3,0.845288995215311,0.30381801146038584
3106,,after_candidate_limit,,197,7,22,7,11.67,3.5,0.5,0.75,20,3,0.8452885167464115,0.3037274788216675
3107,,after_candidate_limit,,221,8,21,8,11.67,3.5,0.5,1.38,20,2,0.8452875598086125,0.30389258161103494
3108,,after_candidate_limit,,196,7,21,7,11.67,3.5,0.5,0.75,20,2,0.8452870813397129,0.3045083273139625
3109,,after_candidate_limit,,3540,141,15,141,9.44,2.83,0.5,1.38,6,1,0.8452851674641149,0.26285779388744485
3110,,after_candidate_limit,,21,0,21,0,11.67,10.5,0.5,0.75,20,2,0.8452846889952154,0.3092139377020471
3111,,after_candidate_limit,,548,21,23,21,11.67,7,0.5,0.75,20,8,0.8452799043062201,0.3010983336018016
3112,,after_candidate_limit,,573,22,23,22,11.67,7,0.5,1.38,20,8,0.8452784688995215,0.2991650002684682
3113,,after_candidate_limit,,598,23,23,23,11.67,7,0.5,2,20,8,0.8452784688995215,0.2991650002684682
3114,,after_candidate_limit,,74,2,24,2,11.67,10.5,0.5,2,20,15,0.845277990430622,0.30048045265508977
3115,,after_candidate_limit,,198,7,23,7,11.67,3.5,0.5,0.75,20,8,0.8452775119617225,0.2990852901235407
3116,,after_candidate_limit,,199,7,24,7,11.67,3.5,0.5,0.75,20,15,0.8452775119617225,0.2990852901235407
3117,,after_candidate_limit,,223,8,23,8,11.67,3.5,0.5,1.38,20,8,0.8452775119617225,0.2990852901235407
3118,,after_candidate_limit,,224,8,24,8,11.67,3.5,0.5,1.38,20,15,0.8452775119617225,0.2990852901235407
3119,,after_candidate_limit,,248,9,23,9,11.67,3.5,0.5,2,20,8,0.8452775119617225,0.2990852901235407
3120,,after_candidate_limit,,249,9,24,9,11.67,3.5,0.5,2,20,15,0.8452775119617225,0.2990852901235407
3121,,after_candidate_limit,,373,14,23,14,11.67,5.25,0.5,0.75,20,8,0.8452775119617225,0.2990852901235407
3122,,after_candidate_limit,,374,14,24,14,11.67,5.25,0.5,0.75,20,15,0.8452775119617225,0.2990852901235407
3123,,after_candidate_limit,,398,15,23,15,11.67,5.25,0.5,1.38,20,8,0.8452775119617225,0.2990852901235407
3124,,after_candidate_limit,,399,15,24,15,11.67,5.25,0.5,1.38,20,15,0.8452775119617225,0.2990852901235407
3125,,after_candidate_limit,,423,16,23,16,11.67,5.25,0.5,2,20,8,0.8452775119617225,0.2990852901235407
3126,,after_candidate_limit,,424,16,24,16,11.67,5.25,0.5,2,20,15,0.8452775119617225,0.2990852901235407
3127,,after_candidate_limit,,549,21,24,21,11.67,7,0.5,0.75,20,15,0.8452775119617225,0.2990852901235407
3128,,after_candidate_limit,,574,22,24,22,11.67,7,0.5,1.38,20,15,0.8452775119617225,0.2990852901235407
3129,,after_candidate_limit,,599,23,24,23,11.67,7,0.5,2,20,15,0.8452775119617225,0.2990852901235407
3130,,after_candidate_limit,,24,0,24,0,11.67,10.5,0.5,0.75,20,15,0.845277033492823,0.30004123403552113
3131,,after_candidate_limit,,49,1,24,1,11.67,10.5,0.5,1.38,20,15,0.8452741626794258,0.2994359586262248
3132,,after_candidate_limit,,3565,142,15,142,9.44,2.83,0.5,2,6,1,0.8452708133971292,0.26290577065596893
3133,,after_candidate_limit,,65,2,15,2,11.67,10.5,0.5,2,6,1,0.8452569377990431,0.32820560968647655
3134,,after_candidate_limit,,1523,60,23,60,13.89,12.5,1.33,3.67,20,8,0.8446473684210526,0.286390077941176
3135,,after_candidate_limit,,1498,59,23,59,13.89,12.5,1.33,2,20,8,0.844644976076555,0.28859372598894395
3136,,after_candidate_limit,,2145,85,20,85,15,13.5,0.5,1.38,20,1,0.8443052631578948,0.2634383565806966
3137,,after_candidate_limit,,823,32,23,32,12.78,11.5,1.33,3.67,20,8,0.8442277511961722,0.2997149175248995
3138,,after_candidate_limit,,1499,59,24,59,13.89,12.5,1.33,2,20,15,0.8441684210526316,0.2914621363618942
3139,,after_candidate_limit,,1524,60,24,60,13.89,12.5,1.33,3.67,20,15,0.8441684210526316,0.28903182341408296
3140,,after_candidate_limit,,798,31,23,31,12.78,11.5,1.33,2,20,8,0.8440578947368421,0.30046524527755375
3141,,after_candidate_limit,,2170,86,20,86,15,13.5,0.5,2,20,1,0.8440210526315789,0.25903860376693616
3142,,after_candidate_limit,,2196,87,21,87,15,13.5,1.33,2,20,2,0.8439755980861244,0.2662641717087239
3143,,after_candidate_limit,,72,2,22,2,11.67,10.5,0.5,2,20,3,0.8438861244019139,0.299811625020618
3144,,after_candidate_limit,,4090,163,15,163,9.44,8.5,0.5,2,6,1,0.8438267942583733,0.2783098363120058
3145,,after_candidate_limit,,47,1,22,1,11.67,10.5,0.5,1.38,20,3,0.8435665071770335,0.2986195141671966
3146,,after_candidate_limit,,848,33,23,33,12.78,11.5,2.17,3.25,20,8,0.8435425837320574,0.2995557599956516
3147,,after_candidate_limit,,824,32,24,32,12.78,11.5,1.33,3.67,20,15,0.8434253588516747,0.29612035830312705
3148,,after_candidate_limit,,799,31,24,31,12.78,11.5,1.33,2,20,15,0.8432760765550239,0.29554730076619223
3149,,after_candidate_limit,,595,23,20,23,11.67,7,0.5,2,20,1,0.8432511961722488,0.3144138099815703
3150,,after_candidate_limit,,570,22,20,22,11.67,7,0.5,1.38,20,1,0.8432167464114833,0.31335608165636913
3151,,after_candidate_limit,,545,21,20,21,11.67,7,0.5,0.75,20,1,0.843045933014354,0.3112857608732177
3152,,after_candidate_limit,,815,32,15,32,12.78,11.5,1.33,3.67,6,1,0.8429277511961722,0.3115241986844225
3153,,after_candidate_limit,,849,33,24,33,12.78,11.5,2.17,3.25,20,15,0.8427684210526316,0.29518672616467767
3154,,after_candidate_limit,,790,31,15,31,12.78,11.5,1.33,2,6,1,0.8427291866028708,0.3187720539091028
3155,,after_candidate_limit,,2273,90,23,90,15,13.5,3,4.5,20,8,0.8426397129186602,0.2979739987491054
3156,,after_candidate_limit,,1446,57,21,57,13.89,12.5,0.5,1.38,20,2,0.8425717703349282,0.28231194139612853
3157,,after_candidate_limit,,370,14,20,14,11.67,5.25,0.5,0.75,20,1,0.8423444976076555,0.3093380025200287
3158,,after_candidate_limit,,395,15,20,15,11.67,5.25,0.5,1.38,20,1,0.8423086124401914,0.3064243925329383
3159,,after_candidate_limit,,420,16,20,16,11.67,5.25,0.5,2,20,1,0.842301913875598,0.30389763184797197
3160,,after_candidate_limit,,245,9,20,9,11.67,3.5,0.5,2,20,1,0.8422330143540669,0.3035077499268476
3161,,after_candidate_limit,,220,8,20,8,11.67,3.5,0.5,1.38,20,1,0.8422014354066986,0.3039660611538543
3162,,after_candidate_limit,,195,7,20,7,11.67,3.5,0.5,0.75,20,1,0.8421933014354067,0.3056089485607092
3163,,after_candidate_limit,,847,33,22,33,12.78,11.5,2.17,3.25,20,3,0.8420325358851675,0.3232963768638806
3164,,after_candidate_limit,,846,33,21,33,12.78,11.5,2.17,3.25,20,2,0.8417492822966507,0.33842639596428753
3165,,after_candidate_limit,,745,29,20,29,12.78,11.5,0.5,1.38,20,1,0.8417377990430622,0.30150946922970684
3166,,after_candidate_limit,,1571,62,21,62,13.89,12.5,3,4.5,20,2,0.8415296650717703,0.2840273028517185
3167,,after_candidate_limit,,1522,60,22,60,13.89,12.5,1.33,3.67,20,3,0.8414909090909091,0.28675866669091854
3168,,after_candidate_limit,,695,27,20,27,11.67,7,3,4.5,20,1,0.8414789473684211,0.3447616488107931
3169,,after_candidate_limit,,20,0,20,0,11.67,10.5,0.5,0.75,20,1,0.8413181818181819,0.3266450494099583
3170,,after_candidate_limit,,2221,88,21,88,15,13.5,1.33,3.67,20,2,0.841165071770335,0.2659985273221333
3171,,after_candidate_limit,,2248,89,23,89,15,13.5,2.17,3.25,20,8,0.8407937799043063,0.2968842326713677
3172,,after_candidate_limit,,520,20,20,20,11.67,5.25,3,4.5,20,1,0.8403846889952153,0.3329374354094046
3173,,after_candidate_limit,,1365,54,15,54,12.78,7.67,2.17,3.25,6,1,0.8400052631578947,0.3465908240389003
3174,,after_candidate_limit,,696,27,21,27,11.67,7,3,4.5,20,2,0.8400004784688995,0.33439022799602663
3175,,after_candidate_limit,,1497,59,22,59,13.89,12.5,1.33,2,20,3,0.8399574162679426,0.2857215672741858
3176,,after_candidate_limit,,870,34,20,34,12.78,11.5,3,4.5,20,1,0.8398698564593301,0.3602751910890402
3177,,after_candidate_limit,,822,32,22,32,12.78,11.5,1.33,3.67,20,3,0.8398248803827751,0.32479216650633974
3178,,after_candidate_limit,,345,13,20,13,11.67,3.5,3,4.5,20,1,0.8398244019138756,0.3281211421321637
3179,,after_candidate_limit,,521,20,21,20,11.67,5.25,3,4.5,20,2,0.8397511961722488,0.3266171069810344
3180,,after_candidate_limit,,346,13,21,13,11.67,3.5,3,4.5,20,2,0.8395645933014354,0.3254974763167519
3181,,after_candidate_limit,,697,27,22,27,11.67,7,3,4.5,20,3,0.8395516746411483,0.3251183433432661
3182,,after_candidate_limit,,522,20,22,20,11.67,5.25,3,4.5,20,3,0.8395468899521531,0.3252706368781162
3183,,after_candidate_limit,,347,13,22,13,11.67,3.5,3,4.5,20,3,0.8394727272727273,0.3245835139349769
3184,,after_candidate_limit,,174,6,24,6,11.67,10.5,3,4.5,20,15,0.8394631578947368,0.32713812789875035
3185,,after_candidate_limit,,842,33,17,33,12.78,11.5,2.17,3.25,6,3,0.8394555023923445,0.32375693169749786
3186,,after_candidate_limit,,348,13,23,13,11.67,3.5,3,4.5,20,8,0.8394526315789473,0.3209368746487209
3187,,after_candidate_limit,,349,13,24,13,11.67,3.5,3,4.5,20,15,0.8394526315789473,0.3209368746487209
3188,,after_candidate_limit,,523,20,23,20,11.67,5.25,3,4.5,20,8,0.8394526315789473,0.3209368746487209
3189,,after_candidate_limit,,524,20,24,20,11.67,5.25,3,4.5,20,15,0.8394526315789473,0.3209368746487209
3190,,after_candidate_limit,,698,27,23,27,11.67,7,3,4.5,20,8,0.8394526315789473,0.3209368746487209
3191,,after_candidate_limit,,699,27,24,27,11.67,7,3,4.5,20,15,0.8394526315789473,0.3209368746487209
3192,,after_candidate_limit,,173,6,23,6,11.67,10.5,3,4.5,20,8,0.8394397129186603,0.3282857096262916
3193,,after_candidate_limit,,45,1,20,1,11.67,10.5,0.5,1.38,20,1,0.8394162679425837,0.327118119602626
3194,,after_candidate_limit,,841,33,16,33,12.78,11.5,2.17,3.25,6,2,0.8393057416267943,0.32547476499902867
3195,,after_candidate_limit,,1366,54,16,54,12.78,7.67,2.17,3.25,6,2,0.8392660287081339,0.3253323534699335
3196,,after_candidate_limit,,70,2,20,2,11.67,10.5,0.5,2,20,1,0.8392239234449761,0.32722667221218543
3197,,after_candidate_limit,,1190,47,15,47,12.78,5.75,2.17,3.25,6,1,0.8391526315789474,0.32461229827220556
3198,,after_candidate_limit,,1367,54,17,54,12.78,7.67,2.17,3.25,6,3,0.8388947368421052,0.31462703305521383
3199,,after_candidate_limit,,1191,47,16,47,12.78,5.75,2.17,3.25,6,2,0.8388344497607656,0.31440385750299576
3200,,after_candidate_limit,,797,31,22,31,12.78,11.5,1.33,2,20,3,0.8387971291866029,0.31779642710283595
3201,,after_candidate_limit,,1016,40,16,40,12.78,3.83,2.17,3.25,6,2,0.8386918660287082,0.3111678608920263
3202,,after_candidate_limit,,1192,47,17,47,12.78,5.75,2.17,3.25,6,3,0.8386846889952153,0.31055038340939844
3203,,after_candidate_limit,,1015,40,15,40,12.78,3.83,2.17,3.25,6,1,0.8386535885167464,0.31495582162221386
3204,,after_candidate_limit,,172,6,22,6,11.67,10.5,3,4.5,20,3,0.8385937799043062,0.34908098758224826
3205,,after_candidate_limit,,1017,40,17,40,12.78,3.83,2.17,3.25,6,3,0.8385856459330143,0.308046511902853
3206,,after_candidate_limit,,4110,164,10,164,9.44,8.5,1.33,2,3,1,0.8385755980861244,0.29136829538595516
3207,,after_candidate_limit,,1368,54,18,54,12.78,7.67,2.17,3.25,6,8,0.8385301435406699,0.302938216680072
3208,,after_candidate_limit,,1018,40,18,40,12.78,3.83,2.17,3.25,6,8,0.8385272727272727,0.30210551336321995
3209,,after_candidate_limit,,1019,40,19,40,12.78,3.83,2.17,3.25,6,15,0.8385272727272727,0.30210551336321995
3210,,after_candidate_limit,,1193,47,18,47,12.78,5.75,2.17,3.25,6,8,0.8385272727272727,0.30210551336321995
3211,,after_candidate_limit,,1194,47,19,47,12.78,5.75,2.17,3.25,6,15,0.8385272727272727,0.30210551336321995
3212,,after_candidate_limit,,1369,54,19,54,12.78,7.67,2.17,3.25,6,15,0.8385272727272727,0.30210551336321995
3213,,after_candidate_limit,,4135,165,10,165,9.44,8.5,1.33,3.67,3,1,0.838521052631579,0.29004624568452514
3214,,after_candidate_limit,,843,33,18,33,12.78,11.5,2.17,3.25,6,8,0.8383617224880383,0.3047713720689492
3215,,after_candidate_limit,,844,33,19,33,12.78,11.5,2.17,3.25,6,15,0.8383177033492824,0.3019668482897163
3216,,after_candidate_limit,,796,31,21,31,12.78,11.5,1.33,2,20,2,0.8381358851674641,0.33125009121222054
3217,,after_candidate_limit,,147,5,22,5,11.67,10.5,2.17,3.25,20,3,0.8379114832535886,0.3645491970728805
3218,,after_candidate_limit,,146,5,21,5,11.67,10.5,2.17,3.25,20,2,0.8376320574162679,0.3840300015089407
3219,,after_candidate_limit,,4136,165,11,165,9.44,8.5,1.33,3.67,3,2,0.8374827751196172,0.2768809591288808
3220,,after_candidate_limit,,4111,164,11,164,9.44,8.5,1.33,2,3,2,0.8374789473684211,0.2786725783061986
3221,,after_candidate_limit,,821,32,21,32,12.78,11.5,1.33,3.67,20,2,0.8372799043062201,0.3441448194674514
3222,,after_candidate_limit,,3960,158,10,158,9.44,5.66,1.33,3.67,3,1,0.8372090909090909,0.2719193038826907
3223,,after_candidate_limit,,3935,157,10,157,9.44,5.66,1.33,2,3,1,0.8371851674641149,0.27351594689121833
3224,,after_candidate_limit,,4137,165,12,165,9.44,8.5,1.33,3.67,3,3,0.8370464114832535,0.2658923748424901
3225,,after_candidate_limit,,4112,164,12,164,9.44,8.5,1.33,2,3,3,0.8370062200956938,0.2656467021965351
3226,,after_candidate_limit,,3785,151,10,151,9.44,4.25,1.33,3.67,3,1,0.8368961722488039,0.26740665421663595
3227,,after_candidate_limit,,3760,150,10,150,9.44,4.25,1.33,2,3,1,0.8368741626794258,0.26719474281406314
3228,,after_candidate_limit,,3961,158,11,158,9.44,5.66,1.33,3.67,3,2,0.8367593301435406,0.2633841399486727
3229,,after_candidate_limit,,3936,157,11,157,9.44,5.66,1.33,2,3,2,0.8367526315789474,0.26313493481968575
3230,,after_candidate_limit,,1420,56,20,56,13.89,12.5,0.5,0.75,20,1,0.8367444976076555,0.286170952755096
3231,,after_candidate_limit,,3585,143,10,143,9.44,2.83,1.33,2,3,1,0.8367210526315789,0.2657900792252157
3232,,after_candidate_limit,,3610,144,10,144,9.44,2.83,1.33,3.67,3,1,0.8367119617224881,0.26480954871179746
3233,,after_candidate_limit,,3786,151,11,151,9.44,4.25,1.33,3.67,3,2,0.8366966507177034,0.2621551414288675
3234,,after_candidate_limit,,3761,150,11,150,9.44,4.25,1.33,2,3,2,0.8366837320574163,0.2618323681934139
3235,,after_candidate_limit,,3962,158,12,158,9.44,5.66,1.33,3.67,3,3,0.8366741626794258,0.2614809263219751
3236,,after_candidate_limit,,3937,157,12,157,9.44,5.66,1.33,2,3,3,0.8366703349282296,0.26131861404311213
3237,,after_candidate_limit,,3787,151,12,151,9.44,4.25,1.33,3.67,3,3,0.8366363636363636,0.25982650274314345
3238,,after_candidate_limit,,3762,150,12,150,9.44,4.25,1.33,2,3,3,0.8366325358851675,0.25966689865980713
3239,,after_candidate_limit,,3611,144,11,144,9.44,2.83,1.33,3.67,3,2,0.8366296650717704,0.2599103213195709
3240,,after_candidate_limit,,3586,143,11,143,9.44,2.83,1.33,2,3,2,0.8366267942583732,0.2597319156100738
3241,,after_candidate_limit,,4138,165,13,165,9.44,8.5,1.33,3.67,3,8,0.8366224880382775,0.25729656270266305
3242,,after_candidate_limit,,4113,164,13,164,9.44,8.5,1.33,2,3,8,0.8366162679425837,0.25665834715421193
3243,,after_candidate_limit,,3612,144,12,144,9.44,2.83,1.33,3.67,3,3,0.8366124401913876,0.25857643608860975
3244,,after_candidate_limit,,3587,143,12,143,9.44,2.83,1.33,2,3,3,0.8366114832535885,0.2582900312653628
3245,,after_candidate_limit,,4139,165,14,165,9.44,8.5,1.33,3.67,3,15,0.8366047846889952,0.256356326717967
3246,,after_candidate_limit,,3588,143,13,143,9.44,2.83,1.33,2,3,8,0.8366038277511961,0.25634910826213125
3247,,after_candidate_limit,,3589,143,14,143,9.44,2.83,1.33,2,3,15,0.8366038277511961,0.25634910826213125
3248,,after_candidate_limit,,3613,144,13,144,9.44,2.83,1.33,3.67,3,8,0.8366038277511961,0.25634910826213125
3249,,after_candidate_limit,,3614,144,14,144,9.44,2.83,1.33,3.67,3,15,0.8366038277511961,0.25634910826213125
3250,,after_candidate_limit,,3763,150,13,150,9.44,4.25,1.33,2,3,8,0.8366038277511961,0.25634910826213125
3251,,after_candidate_limit,,3764,150,14,150,9.44,4.25,1.33,2,3,15,0.8366038277511961,0.25634910826213125
3252,,after_candidate_limit,,3788,151,13,151,9.44,4.25,1.33,3.67,3,8,0.8366038277511961,0.25634910826213125
3253,,after_candidate_limit,,3789,151,14,151,9.44,4.25,1.33,3.67,3,15,0.8366038277511961,0.25634910826213125
3254,,after_candidate_limit,,3938,157,13,157,9.44,5.66,1.33,2,3,8,0.8366038277511961,0.25634910826213125
3255,,after_candidate_limit,,3939,157,14,157,9.44,5.66,1.33,2,3,15,0.8366038277511961,0.25634910826213125
3256,,after_candidate_limit,,3963,158,13,158,9.44,5.66,1.33,3.67,3,8,0.8366038277511961,0.25634910826213125
3257,,after_candidate_limit,,3964,158,14,158,9.44,5.66,1.33,3.67,3,15,0.8366038277511961,0.25634910826213125
3258,,after_candidate_limit,,4114,164,14,164,9.44,8.5,1.33,2,3,15,0.8366038277511961,0.25634910826213125
3259,,after_candidate_limit,,2272,90,22,90,15,13.5,3,4.5,20,3,0.836268899521531,0.26457603832944043
3260,,after_candidate_limit,,840,33,15,33,12.78,11.5,2.17,3.25,6,1,0.8358688995215311,0.31484865840008003
3261,,after_candidate_limit,,1471,58,21,58,13.89,12.5,0.5,2,20,2,0.8358224880382775,0.2759681737328672
3262,,after_candidate_limit,,671,26,21,26,11.67,7,2.17,3.25,20,2,0.8344296650717703,0.33756018576642743
3263,,after_candidate_limit,,171,6,21,6,11.67,10.5,3,4.5,20,2,0.8344090909090909,0.37628383044118274
3264,,after_candidate_limit,,496,19,21,19,11.67,5.25,2.17,3.25,20,2,0.8342248803827751,0.32976504046854693
3265,,after_candidate_limit,,672,26,22,26,11.67,7,2.17,3.25,20,3,0.8342057416267943,0.33025691738637936
3266,,after_candidate_limit,,497,19,22,19,11.67,5.25,2.17,3.25,20,3,0.8341822966507177,0.32932235487517636
3267,,after_candidate_limit,,148,5,23,5,11.67,10.5,2.17,3.25,20,8,0.8341143540669856,0.3309337013334444
3268,,after_candidate_limit,,149,5,24,5,11.67,10.5,2.17,3.25,20,15,0.8341095693779904,0.33229564992514365
3269,,after_candidate_limit,,321,12,21,12,11.67,3.5,2.17,3.25,20,2,0.8341019138755981,0.3290116518215267
3270,,after_candidate_limit,,323,12,23,12,11.67,3.5,2.17,3.25,20,8,0.8341,0.3247082269471191
3271,,after_candidate_limit,,324,12,24,12,11.67,3.5,2.17,3.25,20,15,0.8341,0.3247082269471191
3272,,after_candidate_limit,,498,19,23,19,11.67,5.25,2.17,3.25,20,8,0.8341,0.3247082269471191
3273,,after_candidate_limit,,499,19,24,19,11.67,5.25,2.17,3.25,20,15,0.8341,0.3247082269471191
3274,,after_candidate_limit,,673,26,23,26,11.67,7,2.17,3.25,20,8,0.8341,0.3247082269471191
3275,,after_candidate_limit,,674,26,24,26,11.67,7,2.17,3.25,20,15,0.8341,0.3247082269471191
3276,,after_candidate_limit,,322,12,22,12,11.67,3.5,2.17,3.25,20,3,0.8340918660287081,0.3285538633751578
3277,,after_candidate_limit,,770,30,20,30,12.78,11.5,0.5,2,20,1,0.8338937799043062,0.30170809110203656
3278,,after_candidate_limit,,170,6,20,6,11.67,10.5,3,4.5,20,1,0.8333473684210526,0.3975479000540863
3279,,after_candidate_limit,,670,26,20,26,11.67,7,2.17,3.25,20,1,0.8332315789473684,0.3481599364804431
3280,,after_candidate_limit,,2247,89,22,89,15,13.5,2.17,3.25,20,3,0.8322746411483254,0.2646100774294732
3281,,after_candidate_limit,,495,19,20,19,11.67,5.25,2.17,3.25,20,1,0.8318933014354067,0.3343444993475249
3282,,after_candidate_limit,,320,12,20,12,11.67,3.5,2.17,3.25,20,1,0.8313985645933014,0.32972566957961735
3283,,after_candidate_limit,,2246,89,21,89,15,13.5,2.17,3.25,20,2,0.8296143540669857,0.2627022880016
3284,,after_candidate_limit,,141,5,16,5,11.67,10.5,2.17,3.25,6,2,0.828955980861244,0.29814295582371814
3285,,after_candidate_limit,,1496,59,21,59,13.89,12.5,1.33,2,20,2,0.8286861244019139,0.2839500625146693
3286,,after_candidate_limit,,145,5,20,5,11.67,10.5,2.17,3.25,20,1,0.8284043062200956,0.39976101836297817
3287,,after_candidate_limit,,142,5,17,5,11.67,10.5,2.17,3.25,6,3,0.8280794258373205,0.2917774912743017
3288,,after_candidate_limit,,665,26,15,26,11.67,7,2.17,3.25,6,1,0.8277703349282297,0.2981015568910336
3289,,after_candidate_limit,,1521,60,21,60,13.89,12.5,1.33,3.67,20,2,0.8277224880382775,0.2844553213893929
3290,,after_candidate_limit,,2195,87,20,87,15,13.5,1.33,2,20,1,0.8272459330143541,0.2699284048130239
3291,,after_candidate_limit,,666,26,16,26,11.67,7,2.17,3.25,6,2,0.8271885167464115,0.28138341160891894
3292,,after_candidate_limit,,491,19,16,19,11.67,5.25,2.17,3.25,6,2,0.8269942583732057,0.27559366865624924
3293,,after_candidate_limit,,490,19,15,19,11.67,5.25,2.17,3.25,6,1,0.8269928229665072,0.28115354508770213
3294,,after_candidate_limit,,667,26,17,26,11.67,7,2.17,3.25,6,3,0.8269799043062201,0.27391423115862584
3295,,after_candidate_limit,,143,5,18,5,11.67,10.5,2.17,3.25,6,8,0.826955980861244,0.2739005056029315
3296,,after_candidate_limit,,795,31,20,31,12.78,11.5,1.33,2,20,1,0.8269425837320574,0.3432897214560198
3297,,after_candidate_limit,,316,12,16,12,11.67,3.5,2.17,3.25,6,2,0.8269153110047847,0.2733124642049476
3298,,after_candidate_limit,,492,19,17,19,11.67,5.25,2.17,3.25,6,3,0.8269028708133971,0.27250646179313454
3299,,after_candidate_limit,,144,5,19,5,11.67,10.5,2.17,3.25,6,15,0.8268765550239234,0.26461080320856895
3300,,after_candidate_limit,,317,12,17,12,11.67,3.5,2.17,3.25,6,3,0.826856937799043,0.27079386451873233
3301,,after_candidate_limit,,668,26,18,26,11.67,7,2.17,3.25,6,8,0.826833014354067,0.2664437128725637
3302,,after_candidate_limit,,318,12,18,12,11.67,3.5,2.17,3.25,6,8,0.826832057416268,0.2664030098198347
3303,,after_candidate_limit,,319,12,19,12,11.67,3.5,2.17,3.25,6,15,0.826832057416268,0.2664030098198347
3304,,after_candidate_limit,,493,19,18,19,11.67,5.25,2.17,3.25,6,8,0.826832057416268,0.2664030098198347
3305,,after_candidate_limit,,494,19,19,19,11.67,5.25,2.17,3.25,6,15,0.826832057416268,0.2664030098198347
3306,,after_candidate_limit,,669,26,19,26,11.67,7,2.17,3.25,6,15,0.826832057416268,0.2664030098198347
3307,,after_candidate_limit,,315,12,15,12,11.67,3.5,2.17,3.25,6,1,0.8267602870813398,0.2767832315948483
3308,,after_candidate_limit,,140,5,15,5,11.67,10.5,2.17,3.25,6,1,0.8259760765550239,0.29691887905803777
3309,,after_candidate_limit,,116,4,16,4,11.67,10.5,1.33,3.67,6,2,0.8257846889952153,0.30102020623208486
3310,,after_candidate_limit,,2271,90,21,90,15,13.5,3,4.5,20,2,0.8255296650717703,0.2619885565420044
3311,,after_candidate_limit,,845,33,20,33,12.78,11.5,2.17,3.25,20,1,0.8254334928229665,0.3580586671657007
3312,,after_candidate_limit,,115,4,15,4,11.67,10.5,1.33,3.67,6,1,0.8253511961722488,0.2993218903892715
3313,,after_candidate_limit,,91,3,16,3,11.67,10.5,1.33,2,6,2,0.8253368421052631,0.3050285180935936
3314,,after_candidate_limit,,90,3,15,3,11.67,10.5,1.33,2,6,1,0.8252344497607655,0.30592587020255924
3315,,after_candidate_limit,,117,4,17,4,11.67,10.5,1.33,3.67,6,3,0.8245655502392345,0.29448888874367446
3316,,after_candidate_limit,,1545,61,20,61,13.89,12.5,2.17,3.25,20,1,0.8244421052631579,0.29513918231309577
3317,,after_candidate_limit,,92,3,17,3,11.67,10.5,1.33,2,6,3,0.824400956937799,0.29568302504966126
3318,,after_candidate_limit,,640,25,15,25,11.67,7,1.33,3.67,6,1,0.8242406698564594,0.30009524469337
3319,,after_candidate_limit,,615,24,15,24,11.67,7,1.33,2,6,1,0.8242196172248804,0.3000229334852367
3320,,after_candidate_limit,,166,6,16,6,11.67,10.5,3,4.5,6,2,0.8236138755980861,0.2949629999749137
3321,,after_candidate_limit,,641,25,16,25,11.67,7,1.33,3.67,6,2,0.8235799043062201,0.28358179924175897
3322,,after_candidate_limit,,616,24,16,24,11.67,7,1.33,2,6,2,0.8235607655502393,0.28316623338361296
3323,,after_candidate_limit,,440,17,15,17,11.67,5.25,1.33,2,6,1,0.8234129186602871,0.2830147968594582
3324,,after_candidate_limit,,465,18,15,18,11.67,5.25,1.33,3.67,6,1,0.8233995215311005,0.2825277878514852
3325,,after_candidate_limit,,165,6,15,6,11.67,10.5,3,4.5,6,1,0.8233990430622009,0.29131703781993934
3326,,after_candidate_limit,,642,25,17,25,11.67,7,1.33,3.67,6,3,0.8233703349282296,0.27545135170593327
3327,,after_candidate_limit,,617,24,17,24,11.67,7,1.33,2,6,3,0.8233693779904306,0.276347171655509
3328,,after_candidate_limit,,466,18,16,18,11.67,5.25,1.33,3.67,6,2,0.8233655502392344,0.27700201033707583
3329,,after_candidate_limit,,441,17,16,17,11.67,5.25,1.33,2,6,2,0.8233626794258373,0.276416647579548
3330,,after_candidate_limit,,118,4,18,4,11.67,10.5,1.33,3.67,6,8,0.8233397129186603,0.2761240679103765
3331,,after_candidate_limit,,442,17,17,17,11.67,5.25,1.33,2,6,3,0.8232803827751196,0.27380323204465834
3332,,after_candidate_limit,,291,11,16,11,11.67,3.5,1.33,3.67,6,2,0.8232799043062201,0.27475971386970005
3333,,after_candidate_limit,,467,18,17,18,11.67,5.25,1.33,3.67,6,3,0.823277990430622,0.27370260844235617
3334,,after_candidate_limit,,266,10,16,10,11.67,3.5,1.33,2,6,2,0.8232732057416268,0.27454998393824764
3335,,after_candidate_limit,,93,3,18,3,11.67,10.5,1.33,2,6,8,0.8232688995215312,0.2749618930717178
3336,,after_candidate_limit,,119,4,19,4,11.67,10.5,1.33,3.67,6,15,0.8232650717703349,0.2660872920391477
3337,,after_candidate_limit,,94,3,19,3,11.67,10.5,1.33,2,6,15,0.8232468899521531,0.26605998418024795
3338,,after_candidate_limit,,292,11,17,11,11.67,3.5,1.33,3.67,6,3,0.8232358851674642,0.2721069489457748
3339,,after_candidate_limit,,267,10,17,10,11.67,3.5,1.33,2,6,3,0.8232291866028708,0.27169342595035867
3340,,after_candidate_limit,,618,24,18,24,11.67,7,1.33,2,6,8,0.823211004784689,0.2678813853920658
3341,,after_candidate_limit,,643,25,18,25,11.67,7,1.33,3.67,6,8,0.823211004784689,0.2678813853920658
3342,,after_candidate_limit,,268,10,18,10,11.67,3.5,1.33,2,6,8,0.82321004784689,0.26784080568192087
3343,,after_candidate_limit,,269,10,19,10,11.67,3.5,1.33,2,6,15,0.82321004784689,0.26784080568192087
3344,,after_candidate_limit,,293,11,18,11,11.67,3.5,1.33,3.67,6,8,0.82321004784689,0.26784080568192087
3345,,after_candidate_limit,,294,11,19,11,11.67,3.5,1.33,3.67,6,15,0.82321004784689,0.26784080568192087
3346,,after_candidate_limit,,443,17,18,17,11.67,5.25,1.33,2,6,8,0.82321004784689,0.26784080568192087
3347,,after_candidate_limit,,444,17,19,17,11.67,5.25,1.33,2,6,15,0.82321004784689,0.26784080568192087
3348,,after_candidate_limit,,468,18,18,18,11.67,5.25,1.33,3.67,6,8,0.82321004784689,0.26784080568192087
3349,,after_candidate_limit,,469,18,19,18,11.67,5.25,1.33,3.67,6,15,0.82321004784689,0.26784080568192087
3350,,after_candidate_limit,,619,24,19,24,11.67,7,1.33,2,6,15,0.82321004784689,0.26784080568192087
3351,,after_candidate_limit,,644,25,19,25,11.67,7,1.33,3.67,6,15,0.82321004784689,0.26784080568192087
3352,,after_candidate_limit,,290,11,15,11,11.67,3.5,1.33,3.67,6,1,0.8231507177033492,0.2777513207871843
3353,,after_candidate_limit,,265,10,15,10,11.67,3.5,1.33,2,6,1,0.8231468899521531,0.27790743462741385
3354,,after_candidate_limit,,167,6,17,6,11.67,10.5,3,4.5,6,3,0.8227066985645933,0.2893795810060654
3355,,after_candidate_limit,,3385,135,10,135,5,4.5,0.5,2,3,1,0.8226478468899522,0.21338890449076192
3356,,after_candidate_limit,,3335,133,10,133,5,4.5,0.5,0.75,3,1,0.8226363636363636,0.21641454334505406
3357,,after_candidate_limit,,3360,134,10,134,5,4.5,0.5,1.38,3,1,0.8226325358851675,0.21289646523922126
3358,,after_candidate_limit,,690,27,15,27,11.67,7,3,4.5,6,1,0.8225822966507177,0.2975883050083926
3359,,after_candidate_limit,,3160,126,10,126,5,3,0.5,0.75,3,1,0.8225741626794258,0.21113590118403905
3360,,after_candidate_limit,,3185,127,10,127,5,3,0.5,1.38,3,1,0.822556937799043,0.21073746461475576
3361,,after_candidate_limit,,2985,119,10,119,5,2.25,0.5,0.75,3,1,0.8225550239234449,0.21061537365947
3362,,after_candidate_limit,,3210,128,10,128,5,3,0.5,2,3,1,0.8225492822966507,0.21063884850067058
3363,,after_candidate_limit,,2810,112,10,112,5,1.5,0.5,0.75,3,1,0.8225464114832536,0.20959916733707312
3364,,after_candidate_limit,,3010,120,10,120,5,2.25,0.5,1.38,3,1,0.8225435406698565,0.20963244093104003
3365,,after_candidate_limit,,3035,121,10,121,5,2.25,0.5,2,3,1,0.8225397129186602,0.20927186287288113
3366,,after_candidate_limit,,2835,113,10,113,5,1.5,0.5,1.38,3,1,0.822533014354067,0.2084802762328855
3367,,after_candidate_limit,,2860,114,10,114,5,1.5,0.5,2,3,1,0.8225291866028708,0.2080378662262925
3368,,after_candidate_limit,,3386,135,11,135,5,4.5,0.5,2,3,2,0.8225263157894737,0.21085559827200145
3369,,after_candidate_limit,,3361,134,11,134,5,4.5,0.5,1.38,3,2,0.8225253588516747,0.21064412789460318
3370,,after_candidate_limit,,3336,133,11,133,5,4.5,0.5,0.75,3,2,0.8225224880382775,0.2104134535488085
3371,,after_candidate_limit,,3387,135,12,135,5,4.5,0.5,2,3,3,0.8225062200956937,0.2085772054071572
3372,,after_candidate_limit,,3362,134,12,134,5,4.5,0.5,1.38,3,3,0.8225052631578947,0.20848831651826832
3373,,after_candidate_limit,,3161,126,11,126,5,3,0.5,0.75,3,2,0.8225043062200957,0.20806733271851777
3374,,after_candidate_limit,,3186,127,11,127,5,3,0.5,1.38,3,2,0.8225033492822966,0.2080062074336411
3375,,after_candidate_limit,,3211,128,11,128,5,3,0.5,2,3,2,0.8225033492822966,0.20833260114171417
3376,,after_candidate_limit,,3337,133,12,133,5,4.5,0.5,0.75,3,3,0.8225033492822966,0.2078291337225694
3377,,after_candidate_limit,,2812,112,12,112,5,1.5,0.5,0.75,3,3,0.8225004784688995,0.207654983184935
3378,,after_candidate_limit,,2813,112,13,112,5,1.5,0.5,0.75,3,8,0.8225004784688995,0.207654983184935
3379,,after_candidate_limit,,2814,112,14,112,5,1.5,0.5,0.75,3,15,0.8225004784688995,0.207654983184935
3380,,after_candidate_limit,,2837,113,12,113,5,1.5,0.5,1.38,3,3,0.8225004784688995,0.207654983184935
3381,,after_candidate_limit,,2838,113,13,113,5,1.5,0.5,1.38,3,8,0.8225004784688995,0.207654983184935
3382,,after_candidate_limit,,2839,113,14,113,5,1.5,0.5,1.38,3,15,0.8225004784688995,0.207654983184935
3383,,after_candidate_limit,,2862,114,12,114,5,1.5,0.5,2,3,3,0.8225004784688995,0.207654983184935
3384,,after_candidate_limit,,2863,114,13,114,5,1.5,0.5,2,3,8,0.8225004784688995,0.207654983184935
3385,,after_candidate_limit,,2864,114,14,114,5,1.5,0.5,2,3,15,0.8225004784688995,0.207654983184935
3386,,after_candidate_limit,,2986,119,11,119,5,2.25,0.5,0.75,3,2,0.8225004784688995,0.20775110450228954
3387,,after_candidate_limit,,2987,119,12,119,5,2.25,0.5,0.75,3,3,0.8225004784688995,0.207654983184935
3388,,after_candidate_limit,,2988,119,13,119,5,2.25,0.5,0.75,3,8,0.8225004784688995,0.207654983184935
3389,,after_candidate_limit,,2989,119,14,119,5,2.25,0.5,0.75,3,15,0.8225004784688995,0.207654983184935
3390,,after_candidate_limit,,3012,120,12,120,5,2.25,0.5,1.38,3,3,0.8225004784688995,0.207654983184935
3391,,after_candidate_limit,,3013,120,13,120,5,2.25,0.5,1.38,3,8,0.8225004784688995,0.207654983184935
3392,,after_candidate_limit,,3014,120,14,120,5,2.25,0.5,1.38,3,15,0.8225004784688995,0.207654983184935
3393,,after_candidate_limit,,3037,121,12,121,5,2.25,0.5,2,3,3,0.8225004784688995,0.207654983184935
3394,,after_candidate_limit,,3038,121,13,121,5,2.25,0.5,2,3,8,0.8225004784688995,0.207654983184935
3395,,after_candidate_limit,,3039,121,14,121,5,2.25,0.5,2,3,15,0.8225004784688995,0.207654983184935
3396,,after_candidate_limit,,3162,126,12,126,5,3,0.5,0.75,3,3,0.8225004784688995,0.207654983184935
3397,,after_candidate_limit,,3163,126,13,126,5,3,0.5,0.75,3,8,0.8225004784688995,0.207654983184935
3398,,after_candidate_limit,,3164,126,14,126,5,3,0.5,0.75,3,15,0.8225004784688995,0.207654983184935
3399,,after_candidate_limit,,3187,127,12,127,5,3,0.5,1.38,3,3,0.8225004784688995,0.207654983184935
3400,,after_candidate_limit,,3188,127,13,127,5,3,0.5,1.38,3,8,0.8225004784688995,0.207654983184935
3401,,after_candidate_limit,,3189,127,14,127,5,3,0.5,1.38,3,15,0.8225004784688995,0.207654983184935
3402,,after_candidate_limit,,3212,128,12,128,5,3,0.5,2,3,3,0.8225004784688995,0.207654983184935
3403,,after_candidate_limit,,3213,128,13,128,5,3,0.5,2,3,8,0.8225004784688995,0.207654983184935
3404,,after_candidate_limit,,3214,128,14,128,5,3,0.5,2,3,15,0.8225004784688995,0.207654983184935
3405,,after_candidate_limit,,3338,133,13,133,5,4.5,0.5,0.75,3,8,0.8225004784688995,0.207654983184935
3406,,after_candidate_limit,,3339,133,14,133,5,4.5,0.5,0.75,3,15,0.8225004784688995,0.207654983184935
3407,,after_candidate_limit,,3363,134,13,134,5,4.5,0.5,1.38,3,8,0.8225004784688995,0.207654983184935
3408,,after_candidate_limit,,3364,134,14,134,5,4.5,0.5,1.38,3,15,0.8225004784688995,0.207654983184935
3409,,after_candidate_limit,,3388,135,13,135,5,4.5,0.5,2,3,8,0.8225004784688995,0.207654983184935
3410,,after_candidate_limit,,3389,135,14,135,5,4.5,0.5,2,3,15,0.8225004784688995,0.207654983184935
3411,,after_candidate_limit,,2836,113,11,113,5,1.5,0.5,1.38,3,2,0.8224995215311005,0.20757879270874452
3412,,after_candidate_limit,,2861,114,11,114,5,1.5,0.5,2,3,2,0.8224995215311005,0.20757879270874452
3413,,after_candidate_limit,,2811,112,11,112,5,1.5,0.5,0.75,3,2,0.8224985645933014,0.20756965507310773
3414,,after_candidate_limit,,3011,120,11,120,5,2.25,0.5,1.38,3,2,0.8224966507177034,0.2074441648770293
3415,,after_candidate_limit,,3036,121,11,121,5,2.25,0.5,2,3,2,0.8224966507177034,0.2074441648770293
3416,,after_candidate_limit,,691,27,16,27,11.67,7,3,4.5,6,2,0.821855023923445,0.2792723172569912
3417,,after_candidate_limit,,515,20,15,20,11.67,5.25,3,4.5,6,1,0.8217167464114833,0.27991144134826024
3418,,after_candidate_limit,,516,20,16,20,11.67,5.25,3,4.5,6,2,0.8216684210526316,0.2740991171746971
3419,,after_candidate_limit,,168,6,18,6,11.67,10.5,3,4.5,6,8,0.821655980861244,0.27321154642752543
3420,,after_candidate_limit,,692,27,17,27,11.67,7,3,4.5,6,3,0.821655023923445,0.2719098452508471
3421,,after_candidate_limit,,341,13,16,13,11.67,3.5,3,4.5,6,2,0.8215827751196172,0.2718262432353877
3422,,after_candidate_limit,,517,20,17,20,11.67,5.25,3,4.5,6,3,0.8215799043062201,0.2710304754503898
3423,,after_candidate_limit,,169,6,19,6,11.67,10.5,3,4.5,6,15,0.8215488038277512,0.26356014522885607
3424,,after_candidate_limit,,342,13,17,13,11.67,3.5,3,4.5,6,3,0.8215311004784689,0.26937385773618466
3425,,after_candidate_limit,,693,27,18,27,11.67,7,3,4.5,6,8,0.8215043062200957,0.2648903853169885
3426,,after_candidate_limit,,343,13,18,13,11.67,3.5,3,4.5,6,8,0.8215033492822966,0.26485137822478994
3427,,after_candidate_limit,,344,13,19,13,11.67,3.5,3,4.5,6,15,0.8215033492822966,0.26485137822478994
3428,,after_candidate_limit,,518,20,18,20,11.67,5.25,3,4.5,6,8,0.8215033492822966,0.26485137822478994
3429,,after_candidate_limit,,519,20,19,20,11.67,5.25,3,4.5,6,15,0.8215033492822966,0.26485137822478994
3430,,after_candidate_limit,,694,27,19,27,11.67,7,3,4.5,6,15,0.8215033492822966,0.26485137822478994
3431,,after_candidate_limit,,340,13,15,13,11.67,3.5,3,4.5,6,1,0.8214507177033493,0.2756227712868189
3432,,after_candidate_limit,,4160,166,10,166,9.44,8.5,2.17,3.25,3,1,0.8213287081339713,0.27784696480269855
3433,,after_candidate_limit,,1570,62,20,62,13.89,12.5,3,4.5,20,1,0.8209684210526316,0.2875674647688715
3434,,after_candidate_limit,,4161,166,11,166,9.44,8.5,2.17,3.25,3,2,0.8203985645933014,0.26396571264299645
3435,,after_candidate_limit,,3985,159,10,159,9.44,5.66,2.17,3.25,3,1,0.8201382775119618,0.25995066175045606
3436,,after_candidate_limit,,4162,166,12,166,9.44,8.5,2.17,3.25,3,3,0.8199717703349282,0.2541342639931833
3437,,after_candidate_limit,,3810,152,10,152,9.44,4.25,2.17,3.25,3,1,0.8198368421052632,0.2539960721276522
3438,,after_candidate_limit,,3986,159,11,159,9.44,5.66,2.17,3.25,3,2,0.8197086124401914,0.25017484120020145
3439,,after_candidate_limit,,3635,145,10,145,9.44,2.83,2.17,3.25,3,1,0.8196755980861244,0.2508785737947056
3440,,after_candidate_limit,,4122,164,22,164,9.44,8.5,1.33,2,20,3,0.8196507177033493,0.3587963956292865
3441,,after_candidate_limit,,3811,152,11,152,9.44,4.25,2.17,3.25,3,2,0.8196325358851675,0.24869905114282595
3442,,after_candidate_limit,,3987,159,12,159,9.44,5.66,2.17,3.25,3,3,0.8196148325358852,0.2481284088753745
3443,,after_candidate_limit,,3812,152,12,152,9.44,4.25,2.17,3.25,3,3,0.8195866028708134,0.24694378322754126
3444,,after_candidate_limit,,3636,145,11,145,9.44,2.83,2.17,3.25,3,2,0.8195837320574163,0.24717447396603767
3445,,after_candidate_limit,,4163,166,13,166,9.44,8.5,2.17,3.25,3,8,0.8195794258373206,0.2444675546613024
3446,,after_candidate_limit,,3637,145,12,145,9.44,2.83,2.17,3.25,3,3,0.8195674641148325,0.24574662706121195
3447,,after_candidate_limit,,3638,145,13,145,9.44,2.83,2.17,3.25,3,8,0.8195588516746412,0.24336077057851332
3448,,after_candidate_limit,,3639,145,14,145,9.44,2.83,2.17,3.25,3,15,0.8195588516746412,0.24336077057851332
3449,,after_candidate_limit,,3813,152,13,152,9.44,4.25,2.17,3.25,3,8,0.8195588516746412,0.24336077057851332
3450,,after_candidate_limit,,3814,152,14,152,9.44,4.25,2.17,3.25,3,15,0.8195588516746412,0.24336077057851332
3451,,after_candidate_limit,,3988,159,13,159,9.44,5.66,2.17,3.25,3,8,0.8195588516746412,0.24336077057851332
3452,,after_candidate_limit,,3989,159,14,159,9.44,5.66,2.17,3.25,3,15,0.8195588516746412,0.24336077057851332
3453,,after_candidate_limit,,4164,166,14,166,9.44,8.5,2.17,3.25,3,15,0.8195588516746412,0.24336077057851332
3454,,after_candidate_limit,,4147,165,22,165,9.44,8.5,1.33,3.67,20,3,0.8195224880382775,0.3567467912708046
3455,,after_candidate_limit,,4121,164,21,164,9.44,8.5,1.33,2,20,2,0.8193535885167464,0.3548342152953412
3456,,after_candidate_limit,,3945,157,20,157,9.44,5.66,1.33,2,20,1,0.8192425837320574,0.3626983215325998
3457,,after_candidate_limit,,3970,158,20,158,9.44,5.66,1.33,3.67,20,1,0.8192,0.3620883450565744
3458,,after_candidate_limit,,3946,157,21,157,9.44,5.66,1.33,2,20,2,0.8187703349282297,0.35354791213164255
3459,,after_candidate_limit,,3971,158,21,158,9.44,5.66,1.33,3.67,20,2,0.8187612440191387,0.3534779824019239
3460,,after_candidate_limit,,4146,165,21,165,9.44,8.5,1.33,3.67,20,2,0.8186401913875598,0.35493009929775765
3461,,after_candidate_limit,,3795,151,20,151,9.44,4.25,1.33,3.67,20,1,0.8186244019138756,0.3515915680952351
3462,,after_candidate_limit,,3770,150,20,150,9.44,4.25,1.33,2,20,1,0.8186086124401913,0.35169641859446177
3463,,after_candidate_limit,,3796,151,21,151,9.44,4.25,1.33,3.67,20,2,0.8185784688995216,0.3499462816118483
3464,,after_candidate_limit,,3771,150,21,150,9.44,4.25,1.33,2,20,2,0.8185765550239235,0.3499300729689984
3465,,after_candidate_limit,,3621,144,21,144,9.44,2.83,1.33,3.67,20,2,0.8185306220095694,0.34988711904448944
3466,,after_candidate_limit,,3596,143,21,143,9.44,2.83,1.33,2,20,2,0.8185277511961723,0.3498816715941327
3467,,after_candidate_limit,,3595,143,20,143,9.44,2.83,1.33,2,20,1,0.8185191387559808,0.350794244137627
3468,,after_candidate_limit,,3620,144,20,144,9.44,2.83,1.33,3.67,20,1,0.8184971291866029,0.35060613454619965
3469,,after_candidate_limit,,3947,157,22,157,9.44,5.66,1.33,2,20,3,0.8184411483253589,0.3490116191868302
3470,,after_candidate_limit,,3972,158,22,158,9.44,5.66,1.33,3.67,20,3,0.8184387559808612,0.3487705287106842
3471,,after_candidate_limit,,3772,150,22,150,9.44,4.25,1.33,2,20,3,0.8183875598086124,0.34816169344869174
3472,,after_candidate_limit,,3797,151,22,151,9.44,4.25,1.33,3.67,20,3,0.8183875598086124,0.34816169344869174
3473,,after_candidate_limit,,820,32,20,32,12.78,11.5,1.33,3.67,20,1,0.8182909090909091,0.3554591007713562
3474,,after_candidate_limit,,4148,165,23,165,9.44,8.5,1.33,3.67,20,8,0.8182062200956938,0.3484599356738361
3475,,after_candidate_limit,,3597,143,22,143,9.44,2.83,1.33,2,20,3,0.8182052631578948,0.34533729614561226
3476,,after_candidate_limit,,3622,144,22,144,9.44,2.83,1.33,3.67,20,3,0.8182052631578948,0.34533729614561226
3477,,after_candidate_limit,,4123,164,23,164,9.44,8.5,1.33,2,20,8,0.8182043062200957,0.34578733494123537
3478,,after_candidate_limit,,3598,143,23,143,9.44,2.83,1.33,2,20,8,0.8182023923444977,0.3450606682745687
3479,,after_candidate_limit,,3599,143,24,143,9.44,2.83,1.33,2,20,15,0.8182023923444977,0.3450606682745687
3480,,after_candidate_limit,,3623,144,23,144,9.44,2.83,1.33,3.67,20,8,0.8182023923444977,0.3450606682745687
3481,,after_candidate_limit,,3624,144,24,144,9.44,2.83,1.33,3.67,20,15,0.8182023923444977,0.3450606682745687
3482,,after_candidate_limit,,3773,150,23,150,9.44,4.25,1.33,2,20,8,0.8182023923444977,0.3450606682745687
3483,,after_candidate_limit,,3774,150,24,150,9.44,4.25,1.33,2,20,15,0.8182023923444977,0.3450606682745687
3484,,after_candidate_limit,,3798,151,23,151,9.44,4.25,1.33,3.67,20,8,0.8182023923444977,0.3450606682745687
3485,,after_candidate_limit,,3799,151,24,151,9.44,4.25,1.33,3.67,20,15,0.8182023923444977,0.3450606682745687
3486,,after_candidate_limit,,3948,157,23,157,9.44,5.66,1.33,2,20,8,0.8182023923444977,0.3450606682745687
3487,,after_candidate_limit,,3949,157,24,157,9.44,5.66,1.33,2,20,15,0.8182023923444977,0.3450606682745687
3488,,after_candidate_limit,,3973,158,23,158,9.44,5.66,1.33,3.67,20,8,0.8182023923444977,0.3450606682745687
3489,,after_candidate_limit,,3974,158,24,158,9.44,5.66,1.33,3.67,20,15,0.8182023923444977,0.3450606682745687
3490,,after_candidate_limit,,4124,164,24,164,9.44,8.5,1.33,2,20,15,0.8182023923444977,0.3450606682745687
3491,,after_candidate_limit,,4141,165,16,165,9.44,8.5,1.33,3.67,6,2,0.8182023923444977,0.24956262967021214
3492,,after_candidate_limit,,4149,165,24,165,9.44,8.5,1.33,3.67,20,15,0.8182023923444977,0.3450606682745687
3493,,after_candidate_limit,,3965,158,15,158,9.44,5.66,1.33,3.67,6,1,0.8181751196172249,0.25107920504399256
3494,,after_candidate_limit,,4116,164,16,164,9.44,8.5,1.33,2,6,2,0.8181684210526315,0.24985363923486326
3495,,after_candidate_limit,,3940,157,15,157,9.44,5.66,1.33,2,6,1,0.8181473684210526,0.25359673494477203
3496,,after_candidate_limit,,4142,165,17,165,9.44,8.5,1.33,3.67,6,3,0.8178377990430622,0.24553596307221998
3497,,after_candidate_limit,,4117,164,17,164,9.44,8.5,1.33,2,6,3,0.8178224880382775,0.24725507810642766
3498,,after_candidate_limit,,3790,151,15,151,9.44,4.25,1.33,3.67,6,1,0.8177693779904306,0.24990297096283398
3499,,after_candidate_limit,,3765,150,15,150,9.44,4.25,1.33,2,6,1,0.8177368421052632,0.24967806648454474
3500,,after_candidate_limit,,96,3,21,3,11.67,10.5,1.33,2,20,2,0.8177344497607656,0.36426467454769745
3501,,after_candidate_limit,,3941,157,16,157,9.44,5.66,1.33,2,6,2,0.8177009569377991,0.24809262352022277
3502,,after_candidate_limit,,3966,158,16,158,9.44,5.66,1.33,3.67,6,2,0.817699043062201,0.24808645155565678
3503,,after_candidate_limit,,3791,151,16,151,9.44,4.25,1.33,3.67,6,2,0.8176904306220095,0.24900595921558183
3504,,after_candidate_limit,,3766,150,16,150,9.44,4.25,1.33,2,6,2,0.8176866028708134,0.24882954044359745
3505,,after_candidate_limit,,3942,157,17,157,9.44,5.66,1.33,2,6,3,0.8176827751196172,0.24917936213306674
3506,,after_candidate_limit,,3967,158,17,158,9.44,5.66,1.33,3.67,6,3,0.8176799043062201,0.24871675642753777
3507,,after_candidate_limit,,3591,143,16,143,9.44,2.83,1.33,2,6,2,0.817676076555024,0.24841711819774392
3508,,after_candidate_limit,,3616,144,16,144,9.44,2.83,1.33,3.67,6,2,0.817676076555024,0.24858485869694513
3509,,after_candidate_limit,,3792,151,17,151,9.44,4.25,1.33,3.67,6,3,0.8176751196172248,0.2485877858613798
3510,,after_candidate_limit,,3767,150,17,150,9.44,4.25,1.33,2,6,3,0.8176741626794258,0.24857631906730432
3511,,after_candidate_limit,,3590,143,15,143,9.44,2.83,1.33,2,6,1,0.817666985645933,0.24892319331012427
3512,,after_candidate_limit,,4118,164,18,164,9.44,8.5,1.33,2,6,8,0.8176655502392345,0.24549767595309024
3513,,after_candidate_limit,,4143,165,18,165,9.44,8.5,1.33,3.67,6,8,0.8176655502392345,0.24491845517386945
3514,,after_candidate_limit,,3592,143,17,143,9.44,2.83,1.33,2,6,3,0.8176645933014354,0.24730074713181371
3515,,after_candidate_limit,,3617,144,17,144,9.44,2.83,1.33,3.67,6,3,0.8176645933014354,0.24730074713181371
3516,,after_candidate_limit,,3593,143,18,143,9.44,2.83,1.33,2,6,8,0.817655023923445,0.24345996883857152
3517,,after_candidate_limit,,3594,143,19,143,9.44,2.83,1.33,2,6,15,0.817655023923445,0.24345996883857152
3518,,after_candidate_limit,,3618,144,18,144,9.44,2.83,1.33,3.67,6,8,0.817655023923445,0.24345996883857152
3519,,after_candidate_limit,,3619,144,19,144,9.44,2.83,1.33,3.67,6,15,0.817655023923445,0.24345996883857152
3520,,after_candidate_limit,,3768,150,18,150,9.44,4.25,1.33,2,6,8,0.817655023923445,0.24345996883857152
3521,,after_candidate_limit,,3769,150,19,150,9.44,4.25,1.33,2,6,15,0.817655023923445,0.24345996883857152
3522,,after_candidate_limit,,3793,151,18,151,9.44,4.25,1.33,3.67,6,8,0.817655023923445,0.24345996883857152
3523,,after_candidate_limit,,3794,151,19,151,9.44,4.25,1.33,3.67,6,15,0.817655023923445,0.24345996883857152
3524,,after_candidate_limit,,3943,157,18,157,9.44,5.66,1.33,2,6,8,0.817655023923445,0.24345996883857152
3525,,after_candidate_limit,,3944,157,19,157,9.44,5.66,1.33,2,6,15,0.817655023923445,0.24345996883857152
3526,,after_candidate_limit,,3968,158,18,158,9.44,5.66,1.33,3.67,6,8,0.817655023923445,0.24345996883857152
3527,,after_candidate_limit,,3969,158,19,158,9.44,5.66,1.33,3.67,6,15,0.817655023923445,0.24345996883857152
3528,,after_candidate_limit,,4119,164,19,164,9.44,8.5,1.33,2,6,15,0.817655023923445,0.24345996883857152
3529,,after_candidate_limit,,4144,165,19,165,9.44,8.5,1.33,3.67,6,15,0.817655023923445,0.24345996883857152
3530,,after_candidate_limit,,3615,144,15,144,9.44,2.83,1.33,3.67,6,1,0.8176545454545454,0.2489428170156692
3531,,after_candidate_limit,,122,4,22,4,11.67,10.5,1.33,3.67,20,3,0.8175392344497607,0.34531174864103065
3532,,after_candidate_limit,,121,4,21,4,11.67,10.5,1.33,3.67,20,2,0.8173186602870813,0.3751072596960329
3533,,after_candidate_limit,,97,3,22,3,11.67,10.5,1.33,2,20,3,0.8170090909090909,0.34416370216857967
3534,,after_candidate_limit,,621,24,21,24,11.67,7,1.33,2,20,2,0.8167626794258374,0.32614283652226883
3535,,after_candidate_limit,,646,25,21,25,11.67,7,1.33,3.67,20,2,0.8167502392344498,0.3242456853851844
3536,,after_candidate_limit,,471,18,21,18,11.67,5.25,1.33,3.67,20,2,0.8165578947368421,0.31693463403164135
3537,,after_candidate_limit,,446,17,21,17,11.67,5.25,1.33,2,20,2,0.8165511961722488,0.316576659194376
3538,,after_candidate_limit,,622,24,22,24,11.67,7,1.33,2,20,3,0.8165397129186602,0.31928441302720295
3539,,after_candidate_limit,,647,25,22,25,11.67,7,1.33,3.67,20,3,0.8165368421052631,0.3175389623079991
3540,,after_candidate_limit,,472,18,22,18,11.67,5.25,1.33,3.67,20,3,0.8165263157894737,0.3164041174952414
3541,,after_candidate_limit,,447,17,22,17,11.67,5.25,1.33,2,20,3,0.8165215311004784,0.31642103797974597
3542,,after_candidate_limit,,124,4,24,4,11.67,10.5,1.33,3.67,20,15,0.8164995215311005,0.3210891592202888
3543,,after_candidate_limit,,99,3,24,3,11.67,10.5,1.33,2,20,15,0.8164928229665072,0.3192216944035137
3544,,after_candidate_limit,,272,10,22,10,11.67,3.5,1.33,2,20,3,0.8164923444976077,0.31601929583061156
3545,,after_candidate_limit,,297,11,22,11,11.67,3.5,1.33,3.67,20,3,0.8164904306220095,0.31600917390744615
3546,,after_candidate_limit,,273,10,23,10,11.67,3.5,1.33,2,20,8,0.8164851674641148,0.31246162630697494
3547,,after_candidate_limit,,274,10,24,10,11.67,3.5,1.33,2,20,15,0.8164851674641148,0.31246162630697494
3548,,after_candidate_limit,,298,11,23,11,11.67,3.5,1.33,3.67,20,8,0.8164851674641148,0.31246162630697494
3549,,after_candidate_limit,,299,11,24,11,11.67,3.5,1.33,3.67,20,15,0.8164851674641148,0.31246162630697494
3550,,after_candidate_limit,,448,17,23,17,11.67,5.25,1.33,2,20,8,0.8164851674641148,0.31246162630697494
3551,,after_candidate_limit,,449,17,24,17,11.67,5.25,1.33,2,20,15,0.8164851674641148,0.31246162630697494
3552,,after_candidate_limit,,473,18,23,18,11.67,5.25,1.33,3.67,20,8,0.8164851674641148,0.31246162630697494
3553,,after_candidate_limit,,474,18,24,18,11.67,5.25,1.33,3.67,20,15,0.8164851674641148,0.31246162630697494
3554,,after_candidate_limit,,623,24,23,24,11.67,7,1.33,2,20,8,0.8164851674641148,0.31246162630697494
3555,,after_candidate_limit,,624,24,24,24,11.67,7,1.33,2,20,15,0.8164851674641148,0.31246162630697494
3556,,after_candidate_limit,,648,25,23,25,11.67,7,1.33,3.67,20,8,0.8164851674641148,0.31246162630697494
3557,,after_candidate_limit,,649,25,24,25,11.67,7,1.33,3.67,20,15,0.8164851674641148,0.31246162630697494
3558,,after_candidate_limit,,271,10,21,10,11.67,3.5,1.33,2,20,2,0.816477033492823,0.3162577492443192
3559,,after_candidate_limit,,296,11,21,11,11.67,3.5,1.33,3.67,20,2,0.816477033492823,0.31631102379777926
3560,,after_candidate_limit,,4140,165,15,165,9.44,8.5,1.33,3.67,6,1,0.8163622009569378,0.25292257407366464
3561,,after_candidate_limit,,4115,164,15,164,9.44,8.5,1.33,2,6,1,0.8163153110047847,0.253894720962188
3562,,after_candidate_limit,,645,25,20,25,11.67,7,1.33,3.67,20,1,0.8156617224880383,0.335834393506454
3563,,after_candidate_limit,,620,24,20,24,11.67,7,1.33,2,20,1,0.8155971291866029,0.335844480926704
3564,,after_candidate_limit,,2220,88,20,88,15,13.5,1.33,3.67,20,1,0.8147540669856459,0.2669342627870441
3565,,after_candidate_limit,,470,18,20,18,11.67,5.25,1.33,3.67,20,1,0.8142483253588517,0.32299106306360087
3566,,after_candidate_limit,,445,17,20,17,11.67,5.25,1.33,2,20,1,0.8142397129186603,0.32416211096151487
3567,,after_candidate_limit,,270,10,20,10,11.67,3.5,1.33,2,20,1,0.8137770334928229,0.31835217245075503
3568,,after_candidate_limit,,295,11,20,11,11.67,3.5,1.33,3.67,20,1,0.8137684210526316,0.31830767481175437
3569,,after_candidate_limit,,123,4,23,4,11.67,10.5,1.33,3.67,20,8,0.8132971291866029,0.31753384605378493
3570,,after_candidate_limit,,98,3,23,3,11.67,10.5,1.33,2,20,8,0.8132818181818182,0.31821647991927926
3571,,after_candidate_limit,,4120,164,20,164,9.44,8.5,1.33,2,20,1,0.8117406698564593,0.3636089529395483
3572,,after_candidate_limit,,4145,165,20,165,9.44,8.5,1.33,3.67,20,1,0.8114698564593301,0.3701147976064173
3573,,after_candidate_limit,,4185,167,10,167,9.44,8.5,3,4.5,3,1,0.8114244019138755,0.26968747102966933
3574,,after_candidate_limit,,1520,60,20,60,13.89,12.5,1.33,3.67,20,1,0.8105952153110048,0.2898723796901137
3575,,after_candidate_limit,,4186,167,11,167,9.44,8.5,3,4.5,3,2,0.8105717703349282,0.2539270852935939
3576,,after_candidate_limit,,1495,59,20,59,13.89,12.5,1.33,2,20,1,0.8103703349282296,0.29162043300391327
3577,,after_candidate_limit,,4010,160,10,160,9.44,5.66,3,4.5,3,1,0.8103229665071771,0.25146059142514515
3578,,after_candidate_limit,,4187,167,12,167,9.44,8.5,3,4.5,3,3,0.8101602870813397,0.2455759644779594
3579,,after_candidate_limit,,2245,89,20,89,15,13.5,2.17,3.25,20,1,0.8100650717703349,0.2651394290065751
3580,,after_candidate_limit,,3835,153,10,153,9.44,4.25,3,4.5,3,1,0.8100301435406698,0.2487970675359588
3581,,after_candidate_limit,,4011,160,11,160,9.44,5.66,3,4.5,3,2,0.8098942583732057,0.24354632714030247
3582,,after_candidate_limit,,3660,146,10,146,9.44,2.83,3,4.5,3,1,0.8098674641148326,0.24617333836998034
3583,,after_candidate_limit,,3836,153,11,153,9.44,4.25,3,4.5,3,2,0.8098315789473685,0.24241303112087212
3584,,after_candidate_limit,,4012,160,12,160,9.44,5.66,3,4.5,3,3,0.8098148325358852,0.2418539648127941
3585,,after_candidate_limit,,3837,153,12,153,9.44,4.25,3,4.5,3,3,0.8097923444976076,0.24099431773665056
3586,,after_candidate_limit,,4188,167,13,167,9.44,8.5,3,4.5,3,8,0.8097870813397129,0.2387621388505075
3587,,after_candidate_limit,,3661,146,11,146,9.44,2.83,3,4.5,3,2,0.8097846889952153,0.2410220679559952
3588,,after_candidate_limit,,3662,146,12,146,9.44,2.83,3,4.5,3,3,0.8097693779904306,0.2395820367821513
3589,,after_candidate_limit,,3663,146,13,146,9.44,2.83,3,4.5,3,8,0.8097617224880382,0.2375328206469662
3590,,after_candidate_limit,,3664,146,14,146,9.44,2.83,3,4.5,3,15,0.8097617224880382,0.2375328206469662
3591,,after_candidate_limit,,3838,153,13,153,9.44,4.25,3,4.5,3,8,0.8097617224880382,0.2375328206469662
3592,,after_candidate_limit,,3839,153,14,153,9.44,4.25,3,4.5,3,15,0.8097617224880382,0.2375328206469662
3593,,after_candidate_limit,,4013,160,13,160,9.44,5.66,3,4.5,3,8,0.8097617224880382,0.2375328206469662
3594,,after_candidate_limit,,4014,160,14,160,9.44,5.66,3,4.5,3,15,0.8097617224880382,0.2375328206469662
3595,,after_candidate_limit,,4189,167,14,167,9.44,8.5,3,4.5,3,15,0.8097617224880382,0.2375328206469662
3596,,after_candidate_limit,,1445,57,20,57,13.89,12.5,0.5,1.38,20,1,0.8090330143540669,0.2728146456586765
3597,,after_candidate_limit,,95,3,20,3,11.67,10.5,1.33,2,20,1,0.8081464114832536,0.37756117890438395
3598,,after_candidate_limit,,1470,58,20,58,13.89,12.5,0.5,2,20,1,0.806711004784689,0.27026235871856724
3599,,after_candidate_limit,,120,4,20,4,11.67,10.5,1.33,3.67,20,1,0.8060473684210526,0.3899176299964397
3600,,after_candidate_limit,,3400,136,0,136,5,4.5,1.33,2,1,1,0.8025062200956938,0.19829185177795403
3601,,after_candidate_limit,,3425,137,0,137,5,4.5,1.33,3.67,1,1,0.8024966507177034,0.19853651232597788
3602,,after_candidate_limit,,2875,115,0,115,5,1.5,1.33,2,1,1,0.8024191387559808,0.2004894925923615
3603,,after_candidate_limit,,3250,130,0,130,5,3,1.33,3.67,1,1,0.8024186602870813,0.19917935644498216
3604,,after_candidate_limit,,2900,116,0,116,5,1.5,1.33,3.67,1,1,0.8024162679425837,0.20035492624621806
3605,,after_candidate_limit,,3225,129,0,129,5,3,1.33,2,1,1,0.8024153110047847,0.19919308589868448
3606,,after_candidate_limit,,3050,122,0,122,5,2.25,1.33,2,1,1,0.8024105263157895,0.20040593510899582
3607,,after_candidate_limit,,3426,137,1,137,5,4.5,1.33,3.67,1,2,0.8023851674641148,0.19781434796332145
3608,,after_candidate_limit,,3401,136,1,136,5,4.5,1.33,2,1,2,0.8023751196172249,0.19778334899221425
3609,,after_candidate_limit,,3075,123,0,123,5,2.25,1.33,3.67,1,1,0.8023722488038277,0.20018002327286502
3610,,after_candidate_limit,,3251,130,1,130,5,3,1.33,3.67,1,2,0.8023411483253589,0.19741607799012398
3611,,after_candidate_limit,,3226,129,1,129,5,3,1.33,2,1,2,0.8023392344497607,0.19738080754415102
3612,,after_candidate_limit,,3402,136,2,136,5,4.5,1.33,2,1,3,0.8023315789473684,0.19736388231793664
3613,,after_candidate_limit,,3427,137,2,137,5,4.5,1.33,3.67,1,3,0.8023306220095694,0.19734437877183733
3614,,after_candidate_limit,,3051,122,1,122,5,2.25,1.33,2,1,2,0.8023191387559808,0.19702730659938342
3615,,after_candidate_limit,,3076,123,1,123,5,2.25,1.33,3.67,1,2,0.8023172248803828,0.1969955814531846
3616,,after_candidate_limit,,3252,130,2,130,5,3,1.33,3.67,1,3,0.8023172248803828,0.19701757166079595
3617,,after_candidate_limit,,2901,116,1,116,5,1.5,1.33,3.67,1,2,0.8023162679425837,0.1968087030987942
3618,,after_candidate_limit,,2876,115,1,115,5,1.5,1.33,2,1,2,0.8023153110047847,0.19680338159103364
3619,,after_candidate_limit,,3227,129,2,129,5,3,1.33,2,1,3,0.8023153110047847,0.19691214141852356
3620,,after_candidate_limit,,3052,122,2,122,5,2.25,1.33,2,1,3,0.8023057416267942,0.19587357982344025
3621,,after_candidate_limit,,3077,123,2,123,5,2.25,1.33,3.67,1,3,0.8023057416267942,0.19587357982344025
3622,,after_candidate_limit,,2877,115,2,115,5,1.5,1.33,2,1,3,0.8023038277511961,0.19519118417915712
3623,,after_candidate_limit,,2878,115,3,115,5,1.5,1.33,2,1,8,0.8023038277511961,0.19519118417915712
3624,,after_candidate_limit,,2879,115,4,115,5,1.5,1.33,2,1,15,0.8023038277511961,0.19519118417915712
3625,,after_candidate_limit,,2902,116,2,116,5,1.5,1.33,3.67,1,3,0.8023038277511961,0.19519118417915712
3626,,after_candidate_limit,,2903,116,3,116,5,1.5,1.33,3.67,1,8,0.8023038277511961,0.19519118417915712
3627,,after_candidate_limit,,2904,116,4,116,5,1.5,1.33,3.67,1,15,0.8023038277511961,0.19519118417915712
3628,,after_candidate_limit,,3053,122,3,122,5,2.25,1.33,2,1,8,0.8023038277511961,0.19519118417915712
3629,,after_candidate_limit,,3054,122,4,122,5,2.25,1.33,2,1,15,0.8023038277511961,0.19519118417915712
3630,,after_candidate_limit,,3078,123,3,123,5,2.25,1.33,3.67,1,8,0.8023038277511961,0.19519118417915712
3631,,after_candidate_limit,,3079,123,4,123,5,2.25,1.33,3.67,1,15,0.8023038277511961,0.19519118417915712
3632,,after_candidate_limit,,3228,129,3,129,5,3,1.33,2,1,8,0.8023038277511961,0.19519118417915712
3633,,after_candidate_limit,,3229,129,4,129,5,3,1.33,2,1,15,0.8023038277511961,0.19519118417915712
3634,,after_candidate_limit,,3253,130,3,130,5,3,1.33,3.67,1,8,0.8023038277511961,0.19519118417915712
3635,,after_candidate_limit,,3254,130,4,130,5,3,1.33,3.67,1,15,0.8023038277511961,0.19519118417915712
3636,,after_candidate_limit,,3403,136,3,136,5,4.5,1.33,2,1,8,0.8023038277511961,0.19519118417915712
3637,,after_candidate_limit,,3404,136,4,136,5,4.5,1.33,2,1,15,0.8023038277511961,0.19519118417915712
3638,,after_candidate_limit,,3428,137,3,137,5,4.5,1.33,3.67,1,8,0.8023038277511961,0.19519118417915712
3639,,after_candidate_limit,,3429,137,4,137,5,4.5,1.33,3.67,1,15,0.8023038277511961,0.19519118417915712
3640,,after_candidate_limit,,2270,90,20,90,15,13.5,3,4.5,20,1,0.7985224880382775,0.2598553746476968
3641,,after_candidate_limit,,4191,167,16,167,9.44,8.5,3,4.5,6,2,0.790466985645933,0.2338727071851144
3642,,after_candidate_limit,,4015,160,15,160,9.44,5.66,3,4.5,6,1,0.790356937799043,0.24116427787231293
3643,,after_candidate_limit,,3840,153,15,153,9.44,4.25,3,4.5,6,1,0.7902267942583732,0.23948250941701993
3644,,after_candidate_limit,,4192,167,17,167,9.44,8.5,3,4.5,6,3,0.7901363636363636,0.23199041996634545
3645,,after_candidate_limit,,4016,160,16,160,9.44,5.66,3,4.5,6,2,0.7900473684210526,0.23754259246958986
3646,,after_candidate_limit,,3841,153,16,153,9.44,4.25,3,4.5,6,2,0.7900382775119618,0.2383260909099288
3647,,after_candidate_limit,,4017,160,17,160,9.44,5.66,3,4.5,6,3,0.7900234449760766,0.23797312533609494
3648,,after_candidate_limit,,3842,153,17,153,9.44,4.25,3,4.5,6,3,0.7900157894736842,0.23769289899645074
3649,,after_candidate_limit,,3666,146,16,146,9.44,2.83,3,4.5,6,2,0.7900153110047847,0.2376729327053047
3650,,after_candidate_limit,,3667,146,17,146,9.44,2.83,3,4.5,6,3,0.7900081339712919,0.23658050321969998
3651,,after_candidate_limit,,4193,167,18,167,9.44,8.5,3,4.5,6,8,0.7900052631578948,0.2333988553593636
3652,,after_candidate_limit,,3665,146,15,146,9.44,2.83,3,4.5,6,1,0.7899990430622009,0.23831548132059582
3653,,after_candidate_limit,,4018,160,18,160,9.44,5.66,3,4.5,6,8,0.7899985645933014,0.23088649722569402
3654,,after_candidate_limit,,3668,146,18,146,9.44,2.83,3,4.5,6,8,0.7899976076555024,0.23079826193157638
3655,,after_candidate_limit,,3669,146,19,146,9.44,2.83,3,4.5,6,15,0.7899976076555024,0.23079826193157638
3656,,after_candidate_limit,,3843,153,18,153,9.44,4.25,3,4.5,6,8,0.7899976076555024,0.23079826193157638
3657,,after_candidate_limit,,3844,153,19,153,9.44,4.25,3,4.5,6,15,0.7899976076555024,0.23079826193157638
3658,,after_candidate_limit,,4019,160,19,160,9.44,5.66,3,4.5,6,15,0.7899976076555024,0.23079826193157638
3659,,after_candidate_limit,,4194,167,19,167,9.44,8.5,3,4.5,6,15,0.7899976076555024,0.23079826193157638
3660,,after_candidate_limit,,4190,167,15,167,9.44,8.5,3,4.5,6,1,0.7884421052631579,0.23731608450862063
3661,,after_candidate_limit,,4020,160,20,160,9.44,5.66,3,4.5,20,1,0.7824263157894736,0.3419988907180824
3662,,after_candidate_limit,,4196,167,21,167,9.44,8.5,3,4.5,20,2,0.7823880382775119,0.34399047188104964
3663,,after_candidate_limit,,3845,153,20,153,9.44,4.25,3,4.5,20,1,0.7821325358851675,0.33817383646556987
3664,,after_candidate_limit,,4197,167,22,167,9.44,8.5,3,4.5,20,3,0.7819598086124402,0.33758728149837564
3665,,after_candidate_limit,,3670,146,20,146,9.44,2.83,3,4.5,20,1,0.7819373205741627,0.3374344693788225
3666,,after_candidate_limit,,4021,160,21,160,9.44,5.66,3,4.5,20,2,0.7818751196172249,0.3374455961360727
3667,,after_candidate_limit,,3846,153,21,153,9.44,4.25,3,4.5,20,2,0.7817014354066986,0.33500548467331925
3668,,after_candidate_limit,,4022,160,22,160,9.44,5.66,3,4.5,20,3,0.7815497607655503,0.3338410956122735
3669,,after_candidate_limit,,3847,153,22,153,9.44,4.25,3,4.5,20,3,0.7815344497607656,0.3336177928881049
3670,,after_candidate_limit,,3671,146,21,146,9.44,2.83,3,4.5,20,2,0.7815196172248804,0.33343907386254124
3671,,after_candidate_limit,,4198,167,23,167,9.44,8.5,3,4.5,20,8,0.7813272727272728,0.3304567912237287
3672,,after_candidate_limit,,3672,146,22,146,9.44,2.83,3,4.5,20,3,0.7813258373205741,0.3302534705588279
3673,,after_candidate_limit,,3673,146,23,146,9.44,2.83,3,4.5,20,8,0.781323923444976,0.33011134601670333
3674,,after_candidate_limit,,3674,146,24,146,9.44,2.83,3,4.5,20,15,0.781323923444976,0.33011134601670333
3675,,after_candidate_limit,,3848,153,23,153,9.44,4.25,3,4.5,20,8,0.781323923444976,0.33011134601670333
3676,,after_candidate_limit,,3849,153,24,153,9.44,4.25,3,4.5,20,15,0.781323923444976,0.33011134601670333
3677,,after_candidate_limit,,4023,160,23,160,9.44,5.66,3,4.5,20,8,0.781323923444976,0.33011134601670333
3678,,after_candidate_limit,,4024,160,24,160,9.44,5.66,3,4.5,20,15,0.781323923444976,0.33011134601670333
3679,,after_candidate_limit,,4199,167,24,167,9.44,8.5,3,4.5,20,15,0.781323923444976,0.33011134601670333
3680,,after_candidate_limit,,4195,167,20,167,9.44,8.5,3,4.5,20,1,0.7776444976076555,0.3534946888045858
3681,,after_candidate_limit,,4166,166,16,166,9.44,8.5,2.17,3.25,6,2,0.7722516746411483,0.2264060606346615
3682,,after_candidate_limit,,3990,159,15,159,9.44,5.66,2.17,3.25,6,1,0.772100956937799,0.23164968733656413
3683,,after_candidate_limit,,4167,166,17,166,9.44,8.5,2.17,3.25,6,3,0.7718794258373206,0.22556543264958784
3684,,after_candidate_limit,,3815,152,15,152,9.44,4.25,2.17,3.25,6,1,0.7718755980861244,0.2288697210012181
3685,,after_candidate_limit,,3991,159,16,159,9.44,5.66,2.17,3.25,6,2,0.7717708133971292,0.22769087802286003
3686,,after_candidate_limit,,3816,152,16,152,9.44,4.25,2.17,3.25,6,2,0.7717660287081339,0.22801041534366218
3687,,after_candidate_limit,,3992,159,17,159,9.44,5.66,2.17,3.25,6,3,0.7717468899521531,0.2276800880134287
3688,,after_candidate_limit,,3817,152,17,152,9.44,4.25,2.17,3.25,6,3,0.771745933014354,0.2276023340829084
3689,,after_candidate_limit,,3641,145,16,145,9.44,2.83,2.17,3.25,6,2,0.7717430622009569,0.22756845133788225
3690,,after_candidate_limit,,4168,166,18,166,9.44,8.5,2.17,3.25,6,8,0.7717344497607656,0.22291216970425096
3691,,after_candidate_limit,,3642,145,17,145,9.44,2.83,2.17,3.25,6,3,0.7717325358851674,0.22586193524837275
3692,,after_candidate_limit,,3640,145,15,145,9.44,2.83,2.17,3.25,6,1,0.7717253588516746,0.22801325276086434
3693,,after_candidate_limit,,3643,145,18,145,9.44,2.83,2.17,3.25,6,8,0.771722009569378,0.22011805102801793
3694,,after_candidate_limit,,3644,145,19,145,9.44,2.83,2.17,3.25,6,15,0.771722009569378,0.22011805102801793
3695,,after_candidate_limit,,3818,152,18,152,9.44,4.25,2.17,3.25,6,8,0.771722009569378,0.22011805102801793
3696,,after_candidate_limit,,3819,152,19,152,9.44,4.25,2.17,3.25,6,15,0.771722009569378,0.22011805102801793
3697,,after_candidate_limit,,3993,159,18,159,9.44,5.66,2.17,3.25,6,8,0.771722009569378,0.22011805102801793
3698,,after_candidate_limit,,3994,159,19,159,9.44,5.66,2.17,3.25,6,15,0.771722009569378,0.22011805102801793
3699,,after_candidate_limit,,4169,166,19,166,9.44,8.5,2.17,3.25,6,15,0.771722009569378,0.22011805102801793
3700,,after_candidate_limit,,4165,166,15,166,9.44,8.5,2.17,3.25,6,1,0.7704272727272727,0.2297000457510164
3701,,after_candidate_limit,,3996,159,21,159,9.44,5.66,2.17,3.25,20,2,0.7640531100478469,0.33111446260429744
3702,,after_candidate_limit,,4172,166,22,166,9.44,8.5,2.17,3.25,20,3,0.7638923444976077,0.32968156467000215
3703,,after_candidate_limit,,3821,152,21,152,9.44,4.25,2.17,3.25,20,2,0.7638722488038278,0.32822122154549
3704,,after_candidate_limit,,3997,159,22,159,9.44,5.66,2.17,3.25,20,3,0.7638014354066985,0.3270287617321657
3705,,after_candidate_limit,,3822,152,22,152,9.44,4.25,2.17,3.25,20,3,0.7636971291866028,0.32583234477796946
3706,,after_candidate_limit,,3646,145,21,145,9.44,2.83,2.17,3.25,20,2,0.7636186602870814,0.32524289884245866
3707,,after_candidate_limit,,4173,166,23,166,9.44,8.5,2.17,3.25,20,8,0.7634636363636363,0.32207904322918407
3708,,after_candidate_limit,,3647,145,22,145,9.44,2.83,2.17,3.25,20,3,0.7633770334928229,0.32092113123846905
3709,,after_candidate_limit,,3648,145,23,145,9.44,2.83,2.17,3.25,20,8,0.7633688995215311,0.32019664621227417
3710,,after_candidate_limit,,3649,145,24,145,9.44,2.83,2.17,3.25,20,15,0.7633688995215311,0.32019664621227417
3711,,after_candidate_limit,,3823,152,23,152,9.44,4.25,2.17,3.25,20,8,0.7633688995215311,0.32019664621227417
3712,,after_candidate_limit,,3824,152,24,152,9.44,4.25,2.17,3.25,20,15,0.7633688995215311,0.32019664621227417
3713,,after_candidate_limit,,3998,159,23,159,9.44,5.66,2.17,3.25,20,8,0.7633688995215311,0.32019664621227417
3714,,after_candidate_limit,,3999,159,24,159,9.44,5.66,2.17,3.25,20,15,0.7633688995215311,0.32019664621227417
3715,,after_candidate_limit,,4174,166,24,166,9.44,8.5,2.17,3.25,20,15,0.7633688995215311,0.32019664621227417
3716,,after_candidate_limit,,3995,159,20,159,9.44,5.66,2.17,3.25,20,1,0.7619846889952153,0.3384740116697895
3717,,after_candidate_limit,,3820,152,20,152,9.44,4.25,2.17,3.25,20,1,0.7615339712918661,0.3318821114808399
3718,,after_candidate_limit,,3645,145,20,145,9.44,2.83,2.17,3.25,20,1,0.7614100478468899,0.3309917642542769
3719,,after_candidate_limit,,4171,166,21,166,9.44,8.5,2.17,3.25,20,2,0.7611712918660287,0.3343181985773146
3720,,after_candidate_limit,,4170,166,20,166,9.44,8.5,2.17,3.25,20,1,0.7528722488038277,0.35293061559916805
3721,,after_candidate_limit,,3390,135,15,135,5,4.5,0.5,2,6,1,0.7484267942583732,0.26138755259272595
3722,,after_candidate_limit,,3340,133,15,133,5,4.5,0.5,0.75,6,1,0.7484,0.2613947596535433
3723,,after_candidate_limit,,3365,134,15,134,5,4.5,0.5,1.38,6,1,0.7483392344497608,0.2607033183105408
3724,,after_candidate_limit,,3165,126,15,126,5,3,0.5,0.75,6,1,0.7480454545454546,0.2579612100860889
3725,,after_candidate_limit,,3215,128,15,128,5,3,0.5,2,6,1,0.7479966507177034,0.25745457062210025
3726,,after_candidate_limit,,3190,127,15,127,5,3,0.5,1.38,6,1,0.7479875598086124,0.2574382099794813
3727,,after_candidate_limit,,2990,119,15,119,5,2.25,0.5,0.75,6,1,0.7479837320574163,0.25715618102077364
3728,,after_candidate_limit,,2815,112,15,112,5,1.5,0.5,0.75,6,1,0.7479521531100478,0.2568726555421741
3729,,after_candidate_limit,,3015,120,15,120,5,2.25,0.5,1.38,6,1,0.7479411483253589,0.25674597974212987
3730,,after_candidate_limit,,3040,121,15,121,5,2.25,0.5,2,6,1,0.7479296650717704,0.2566751448213881
3731,,after_candidate_limit,,2840,113,15,113,5,1.5,0.5,1.38,6,1,0.747888995215311,0.2562308512886315
3732,,after_candidate_limit,,2865,114,15,114,5,1.5,0.5,2,6,1,0.7478784688995215,0.2561760516646578
3733,,after_candidate_limit,,3341,133,16,133,5,4.5,0.5,0.75,6,2,0.7477947368421053,0.2562020567225468
3734,,after_candidate_limit,,3366,134,16,134,5,4.5,0.5,1.38,6,2,0.7477885167464114,0.25611762163633167
3735,,after_candidate_limit,,3391,135,16,135,5,4.5,0.5,2,6,2,0.7477875598086124,0.2560823204570337
3736,,after_candidate_limit,,3216,128,16,128,5,3,0.5,2,6,2,0.7477732057416268,0.2554029380418797
3737,,after_candidate_limit,,3166,126,16,126,5,3,0.5,0.75,6,2,0.7477712918660288,0.25522551592029336
3738,,after_candidate_limit,,3392,135,17,135,5,4.5,0.5,2,6,3,0.7477708133971291,0.2554063749120517
3739,,after_candidate_limit,,3191,127,16,127,5,3,0.5,1.38,6,2,0.7477703349282296,0.2552155952853727
3740,,after_candidate_limit,,2991,119,16,119,5,2.25,0.5,0.75,6,2,0.7477693779904306,0.25521079776409206
3741,,after_candidate_limit,,3367,134,17,134,5,4.5,0.5,1.38,6,3,0.7477688995215311,0.25522383522951203
3742,,after_candidate_limit,,2841,113,16,113,5,1.5,0.5,1.38,6,2,0.7477684210526315,0.2550810682456926
3743,,after_candidate_limit,,2866,114,16,114,5,1.5,0.5,2,6,2,0.7477684210526315,0.2550810682456926
3744,,after_candidate_limit,,2818,112,18,112,5,1.5,0.5,0.75,6,8,0.747767942583732,0.255097615997858
3745,,after_candidate_limit,,2819,112,19,112,5,1.5,0.5,0.75,6,15,0.747767942583732,0.255097615997858
3746,,after_candidate_limit,,2843,113,18,113,5,1.5,0.5,1.38,6,8,0.747767942583732,0.255097615997858
3747,,after_candidate_limit,,2844,113,19,113,5,1.5,0.5,1.38,6,15,0.747767942583732,0.255097615997858
3748,,after_candidate_limit,,2868,114,18,114,5,1.5,0.5,2,6,8,0.747767942583732,0.255097615997858
3749,,after_candidate_limit,,2869,114,19,114,5,1.5,0.5,2,6,15,0.747767942583732,0.255097615997858
3750,,after_candidate_limit,,2993,119,18,119,5,2.25,0.5,0.75,6,8,0.747767942583732,0.255097615997858
3751,,after_candidate_limit,,2994,119,19,119,5,2.25,0.5,0.75,6,15,0.747767942583732,0.255097615997858
3752,,after_candidate_limit,,3018,120,18,120,5,2.25,0.5,1.38,6,8,0.747767942583732,0.255097615997858
3753,,after_candidate_limit,,3019,120,19,120,5,2.25,0.5,1.38,6,15,0.747767942583732,0.255097615997858
3754,,after_candidate_limit,,3043,121,18,121,5,2.25,0.5,2,6,8,0.747767942583732,0.255097615997858
3755,,after_candidate_limit,,3044,121,19,121,5,2.25,0.5,2,6,15,0.747767942583732,0.255097615997858
3756,,after_candidate_limit,,3168,126,18,126,5,3,0.5,0.75,6,8,0.747767942583732,0.255097615997858
3757,,after_candidate_limit,,3169,126,19,126,5,3,0.5,0.75,6,15,0.747767942583732,0.255097615997858
3758,,after_candidate_limit,,3193,127,18,127,5,3,0.5,1.38,6,8,0.747767942583732,0.255097615997858
3759,,after_candidate_limit,,3194,127,19,127,5,3,0.5,1.38,6,15,0.747767942583732,0.255097615997858
3760,,after_candidate_limit,,3218,128,18,128,5,3,0.5,2,6,8,0.747767942583732,0.255097615997858
3761,,after_candidate_limit,,3219,128,19,128,5,3,0.5,2,6,15,0.747767942583732,0.255097615997858
3762,,after_candidate_limit,,3342,133,17,133,5,4.5,0.5,0.75,6,3,0.747767942583732,0.255108376292314
3763,,after_candidate_limit,,3343,133,18,133,5,4.5,0.5,0.75,6,8,0.747767942583732,0.255097615997858
3764,,after_candidate_limit,,3344,133,19,133,5,4.5,0.5,0.75,6,15,0.747767942583732,0.255097615997858
3765,,after_candidate_limit,,3368,134,18,134,5,4.5,0.5,1.38,6,8,0.747767942583732,0.255097615997858
3766,,after_candidate_limit,,3369,134,19,134,5,4.5,0.5,1.38,6,15,0.747767942583732,0.255097615997858
3767,,after_candidate_limit,,3393,135,18,135,5,4.5,0.5,2,6,8,0.747767942583732,0.255097615997858
3768,,after_candidate_limit,,3394,135,19,135,5,4.5,0.5,2,6,15,0.747767942583732,0.255097615997858
3769,,after_candidate_limit,,2816,112,16,112,5,1.5,0.5,0.75,6,2,0.7477674641148325,0.2550663533196476
3770,,after_candidate_limit,,2992,119,17,119,5,2.25,0.5,0.75,6,3,0.7477674641148325,0.2550793907850676
3771,,after_candidate_limit,,3016,120,16,120,5,2.25,0.5,1.38,6,2,0.7477674641148325,0.25505807973994543
3772,,after_candidate_limit,,3017,120,17,120,5,2.25,0.5,1.38,6,3,0.7477674641148325,0.2550793907850676
3773,,after_candidate_limit,,3041,121,16,121,5,2.25,0.5,2,6,2,0.7477674641148325,0.25505807973994543
3774,,after_candidate_limit,,3042,121,17,121,5,2.25,0.5,2,6,3,0.7477674641148325,0.2550793907850676
3775,,after_candidate_limit,,3167,126,17,126,5,3,0.5,0.75,6,3,0.7477674641148325,0.2550793907850676
3776,,after_candidate_limit,,3192,127,17,127,5,3,0.5,1.38,6,3,0.7477674641148325,0.2550793907850676
3777,,after_candidate_limit,,3217,128,17,128,5,3,0.5,2,6,3,0.7477674641148325,0.2550793907850676
3778,,after_candidate_limit,,2817,112,17,112,5,1.5,0.5,0.75,6,3,0.747766985645933,0.255071160971403
3779,,after_candidate_limit,,2842,113,17,113,5,1.5,0.5,1.38,6,3,0.747766985645933,0.255071160971403
3780,,after_candidate_limit,,2867,114,17,114,5,1.5,0.5,2,6,3,0.747766985645933,0.255071160971403
3781,,after_candidate_limit,,3345,133,20,133,5,4.5,0.5,0.75,20,1,0.7459913875598086,0.3596337839157097
3782,,after_candidate_limit,,3370,134,20,134,5,4.5,0.5,1.38,20,1,0.7458263157894737,0.3551015097585911
3783,,after_candidate_limit,,3395,135,20,135,5,4.5,0.5,2,20,1,0.7457846889952153,0.35310630856035996
3784,,after_candidate_limit,,3170,126,20,126,5,3,0.5,0.75,20,1,0.7454014354066986,0.3509940353111231
3785,,after_candidate_limit,,3220,128,20,128,5,3,0.5,2,20,1,0.7452909090909091,0.34452361308325724
3786,,after_candidate_limit,,3195,127,20,127,5,3,0.5,1.38,20,1,0.7452502392344498,0.3448597463799599
3787,,after_candidate_limit,,2995,119,20,119,5,2.25,0.5,0.75,20,1,0.7452478468899522,0.34719272366400483
3788,,after_candidate_limit,,2820,112,20,112,5,1.5,0.5,0.75,20,1,0.7451631578947369,0.34472293657077063
3789,,after_candidate_limit,,3020,120,20,120,5,2.25,0.5,1.38,20,1,0.7451473684210527,0.3435932801713616
3790,,after_candidate_limit,,3045,121,20,121,5,2.25,0.5,2,20,1,0.7451397129186603,0.3432987749314319
3791,,after_candidate_limit,,2845,113,20,113,5,1.5,0.5,1.38,20,1,0.7450272727272728,0.3419342494064166
3792,,after_candidate_limit,,2870,114,20,114,5,1.5,0.5,2,20,1,0.7449449760765551,0.3408234793263672
3793,,after_candidate_limit,,3396,135,21,135,5,4.5,0.5,2,20,2,0.7448028708133971,0.3379816608356345
3794,,after_candidate_limit,,3346,133,21,133,5,4.5,0.5,0.75,20,2,0.7447976076555024,0.3390880465280782
3795,,after_candidate_limit,,3371,134,21,134,5,4.5,0.5,1.38,20,2,0.7447947368421053,0.33788146602858643
3796,,after_candidate_limit,,3221,128,21,128,5,3,0.5,2,20,2,0.7447167464114832,0.33694749747843955
3797,,after_candidate_limit,,3196,127,21,127,5,3,0.5,1.38,20,2,0.7447148325358852,0.33696275133354453
3798,,after_candidate_limit,,3171,126,21,126,5,3,0.5,0.75,20,2,0.7447114832535885,0.33692946290811987
3799,,after_candidate_limit,,2996,119,21,119,5,2.25,0.5,0.75,20,2,0.7446952153110048,0.33667286368231447
3800,,after_candidate_limit,,3397,135,22,135,5,4.5,0.5,2,20,3,0.7446947368421053,0.33614158230035684
3801,,after_candidate_limit,,3347,133,22,133,5,4.5,0.5,0.75,20,3,0.7446913875598086,0.3360906498035147
3802,,after_candidate_limit,,3372,134,22,134,5,4.5,0.5,1.38,20,3,0.7446913875598086,0.3360906498035147
3803,,after_candidate_limit,,3021,120,21,120,5,2.25,0.5,1.38,20,2,0.744634928229665,0.33598643285499863
3804,,after_candidate_limit,,2821,112,21,112,5,1.5,0.5,0.75,20,2,0.7446315789473684,0.3358674072425235
3805,,after_candidate_limit,,3172,126,22,126,5,3,0.5,0.75,20,3,0.7446234449760766,0.3354571459743469
3806,,after_candidate_limit,,3197,127,22,127,5,3,0.5,1.38,20,3,0.744600956937799,0.33510400562813847
3807,,after_candidate_limit,,3222,128,22,128,5,3,0.5,2,20,3,0.744600956937799,0.3350750288055364
3808,,after_candidate_limit,,3046,121,21,121,5,2.25,0.5,2,20,2,0.7445583732057416,0.3353036380464507
3809,,after_candidate_limit,,2997,119,22,119,5,2.25,0.5,0.75,20,3,0.7444239234449761,0.33205405530859483
3810,,after_candidate_limit,,2846,113,21,113,5,1.5,0.5,1.38,20,2,0.7444186602870814,0.3320629070506538
3811,,after_candidate_limit,,2871,114,21,114,5,1.5,0.5,2,20,2,0.7444167464114833,0.3317887367764835
3812,,after_candidate_limit,,2822,112,22,112,5,1.5,0.5,0.75,20,3,0.7444133971291866,0.3317666078082124
3813,,after_candidate_limit,,3022,120,22,120,5,2.25,0.5,1.38,20,3,0.744412918660287,0.3317556064084469
3814,,after_candidate_limit,,3047,121,22,121,5,2.25,0.5,2,20,3,0.7444114832535885,0.3316413206941612
3815,,after_candidate_limit,,2847,113,22,113,5,1.5,0.5,1.38,20,3,0.7444105263157895,0.33143952748113203
3816,,after_candidate_limit,,2872,114,22,114,5,1.5,0.5,2,20,3,0.7444100478468899,0.33140759714731494
3817,,after_candidate_limit,,2823,112,23,112,5,1.5,0.5,0.75,20,8,0.7444095693779904,0.3310266447663625
3818,,after_candidate_limit,,2824,112,24,112,5,1.5,0.5,0.75,20,15,0.7444095693779904,0.3310266447663625
3819,,after_candidate_limit,,2848,113,23,113,5,1.5,0.5,1.38,20,8,0.7444095693779904,0.3310266447663625
3820,,after_candidate_limit,,2849,113,24,113,5,1.5,0.5,1.38,20,15,0.7444095693779904,0.3310266447663625
3821,,after_candidate_limit,,2873,114,23,114,5,1.5,0.5,2,20,8,0.7444095693779904,0.3310266447663625
3822,,after_candidate_limit,,2874,114,24,114,5,1.5,0.5,2,20,15,0.7444095693779904,0.3310266447663625
3823,,after_candidate_limit,,2998,119,23,119,5,2.25,0.5,0.75,20,8,0.7444095693779904,0.3310266447663625
3824,,after_candidate_limit,,2999,119,24,119,5,2.25,0.5,0.75,20,15,0.7444095693779904,0.3310266447663625
3825,,after_candidate_limit,,3023,120,23,120,5,2.25,0.5,1.38,20,8,0.7444095693779904,0.3310266447663625
3826,,after_candidate_limit,,3024,120,24,120,5,2.25,0.5,1.38,20,15,0.7444095693779904,0.3310266447663625
3827,,after_candidate_limit,,3048,121,23,121,5,2.25,0.5,2,20,8,0.7444095693779904,0.3310266447663625
3828,,after_candidate_limit,,3049,121,24,121,5,2.25,0.5,2,20,15,0.7444095693779904,0.3310266447663625
3829,,after_candidate_limit,,3173,126,23,126,5,3,0.5,0.75,20,8,0.7444095693779904,0.3310266447663625
3830,,after_candidate_limit,,3174,126,24,126,5,3,0.5,0.75,20,15,0.7444095693779904,0.3310266447663625
3831,,after_candidate_limit,,3198,127,23,127,5,3,0.5,1.38,20,8,0.7444095693779904,0.3310266447663625
3832,,after_candidate_limit,,3199,127,24,127,5,3,0.5,1.38,20,15,0.7444095693779904,0.3310266447663625
3833,,after_candidate_limit,,3223,128,23,128,5,3,0.5,2,20,8,0.7444095693779904,0.3310266447663625
3834,,after_candidate_limit,,3224,128,24,128,5,3,0.5,2,20,15,0.7444095693779904,0.3310266447663625
3835,,after_candidate_limit,,3348,133,23,133,5,4.5,0.5,0.75,20,8,0.7444095693779904,0.3310266447663625
3836,,after_candidate_limit,,3349,133,24,133,5,4.5,0.5,0.75,20,15,0.7444095693779904,0.3310266447663625
3837,,after_candidate_limit,,3373,134,23,134,5,4.5,0.5,1.38,20,8,0.7444095693779904,0.3310266447663625
3838,,after_candidate_limit,,3374,134,24,134,5,4.5,0.5,1.38,20,15,0.7444095693779904,0.3310266447663625
3839,,after_candidate_limit,,3398,135,23,135,5,4.5,0.5,2,20,8,0.7444095693779904,0.3310266447663625
3840,,after_candidate_limit,,3399,135,24,135,5,4.5,0.5,2,20,15,0.7444095693779904,0.3310266447663625
3841,,after_candidate_limit,,3450,138,0,138,5,4.5,2.17,3.25,1,1,0.7145961722488038,0.16969563675588112
3842,,after_candidate_limit,,2925,117,0,117,5,1.5,2.17,3.25,1,1,0.7145129186602871,0.17052630026215315
3843,,after_candidate_limit,,3275,131,0,131,5,3,2.17,3.25,1,1,0.7145076555023924,0.1695416783691795
3844,,after_candidate_limit,,3100,124,0,124,5,2.25,2.17,3.25,1,1,0.7144727272727273,0.17041026465448111
3845,,after_candidate_limit,,3451,138,1,138,5,4.5,2.17,3.25,1,2,0.7144722488038278,0.16827994270959512
3846,,after_candidate_limit,,3276,131,1,131,5,3,2.17,3.25,1,2,0.7144301435406698,0.1677309048420571
3847,,after_candidate_limit,,3452,138,2,138,5,4.5,2.17,3.25,1,3,0.7144229665071771,0.16763364041529993
3848,,after_candidate_limit,,3101,124,1,124,5,2.25,2.17,3.25,1,2,0.7144148325358851,0.16734228731568945
3849,,after_candidate_limit,,3277,131,2,131,5,3,2.17,3.25,1,3,0.7144057416267943,0.16717622109885139
3850,,after_candidate_limit,,2926,117,1,117,5,1.5,2.17,3.25,1,2,0.7144052631578948,0.16701528917064412
3851,,after_candidate_limit,,3102,124,2,124,5,2.25,2.17,3.25,1,3,0.7143961722488038,0.16630580935657263
3852,,after_candidate_limit,,2927,117,2,117,5,1.5,2.17,3.25,1,3,0.7143952153110048,0.16563914268990593
3853,,after_candidate_limit,,2928,117,3,117,5,1.5,2.17,3.25,1,8,0.7143952153110048,0.16563914268990593
3854,,after_candidate_limit,,2929,117,4,117,5,1.5,2.17,3.25,1,15,0.7143952153110048,0.16563914268990593
3855,,after_candidate_limit,,3103,124,3,124,5,2.25,2.17,3.25,1,8,0.7143952153110048,0.16563914268990593
3856,,after_candidate_limit,,3104,124,4,124,5,2.25,2.17,3.25,1,15,0.7143952153110048,0.16563914268990593
3857,,after_candidate_limit,,3278,131,3,131,5,3,2.17,3.25,1,8,0.7143952153110048,0.16563914268990593
3858,,after_candidate_limit,,3279,131,4,131,5,3,2.17,3.25,1,15,0.7143952153110048,0.16563914268990593
3859,,after_candidate_limit,,3453,138,3,138,5,4.5,2.17,3.25,1,8,0.7143952153110048,0.16563914268990593
3860,,after_candidate_limit,,3454,138,4,138,5,4.5,2.17,3.25,1,15,0.7143952153110048,0.16563914268990593
3861,,after_candidate_limit,,3430,137,5,137,5,4.5,1.33,3.67,2,1,0.7007827751196172,0.13276779237125033
3862,,after_candidate_limit,,3405,136,5,136,5,4.5,1.33,2,2,1,0.7007760765550239,0.13268955337605043
3863,,after_candidate_limit,,3055,122,5,122,5,2.25,1.33,2,2,1,0.700732057416268,0.13239473803171553
3864,,after_candidate_limit,,3255,130,5,130,5,3,1.33,3.67,2,1,0.7007301435406699,0.13229392579312263
3865,,after_candidate_limit,,2905,116,5,116,5,1.5,1.33,3.67,2,1,0.7007282296650718,0.13242547823209913
3866,,after_candidate_limit,,3230,129,5,129,5,3,1.33,2,2,1,0.7007282296650718,0.13225398412373088
3867,,after_candidate_limit,,2880,115,5,115,5,1.5,1.33,2,2,1,0.7007272727272728,0.13241428125633672
3868,,after_candidate_limit,,3080,123,5,123,5,2.25,1.33,3.67,2,1,0.7007205741626794,0.13219040025523254
3869,,after_candidate_limit,,3406,136,6,136,5,4.5,1.33,2,2,2,0.7007148325358852,0.1325289752722782
3870,,after_candidate_limit,,3431,137,6,137,5,4.5,1.33,3.67,2,2,0.7007148325358852,0.1325289752722782
3871,,after_candidate_limit,,3407,136,7,136,5,4.5,1.33,2,2,3,0.70071004784689,0.1325914090312419
3872,,after_candidate_limit,,3432,137,7,137,5,4.5,1.33,3.67,2,3,0.70071004784689,0.1325914090312419
3873,,after_candidate_limit,,3256,130,6,130,5,3,1.33,3.67,2,2,0.7007081339712918,0.13230259002355496
3874,,after_candidate_limit,,3231,129,6,129,5,3,1.33,2,2,2,0.7007071770334928,0.1322914090312419
3875,,after_candidate_limit,,3232,129,7,129,5,3,1.33,2,2,3,0.7007062200956938,0.13223585347568634
3876,,after_candidate_limit,,3257,130,7,130,5,3,1.33,3.67,2,3,0.7007062200956938,0.13223585347568634
3877,,after_candidate_limit,,2882,115,7,115,5,1.5,1.33,2,2,3,0.7007052631578947,0.1321914090312419
3878,,after_candidate_limit,,2883,115,8,115,5,1.5,1.33,2,2,8,0.7007052631578947,0.1321914090312419
3879,,after_candidate_limit,,2884,115,9,115,5,1.5,1.33,2,2,15,0.7007052631578947,0.1321914090312419
3880,,after_candidate_limit,,2907,116,7,116,5,1.5,1.33,3.67,2,3,0.7007052631578947,0.1321914090312419
3881,,after_candidate_limit,,2908,116,8,116,5,1.5,1.33,3.67,2,8,0.7007052631578947,0.1321914090312419
3882,,after_candidate_limit,,2909,116,9,116,5,1.5,1.33,3.67,2,15,0.7007052631578947,0.1321914090312419
3883,,after_candidate_limit,,3057,122,7,122,5,2.25,1.33,2,2,3,0.7007052631578947,0.1321914090312419
3884,,after_candidate_limit,,3058,122,8,122,5,2.25,1.33,2,2,8,0.7007052631578947,0.1321914090312419
3885,,after_candidate_limit,,3059,122,9,122,5,2.25,1.33,2,2,15,0.7007052631578947,0.1321914090312419
3886,,after_candidate_limit,,3082,123,7,123,5,2.25,1.33,3.67,2,3,0.7007052631578947,0.1321914090312419
3887,,after_candidate_limit,,3083,123,8,123,5,2.25,1.33,3.67,2,8,0.7007052631578947,0.1321914090312419
3888,,after_candidate_limit,,3084,123,9,123,5,2.25,1.33,3.67,2,15,0.7007052631578947,0.1321914090312419
3889,,after_candidate_limit,,3233,129,8,129,5,3,1.33,2,2,8,0.7007052631578947,0.1321914090312419
3890,,after_candidate_limit,,3234,129,9,129,5,3,1.33,2,2,15,0.7007052631578947,0.1321914090312419
3891,,after_candidate_limit,,3258,130,8,130,5,3,1.33,3.67,2,8,0.7007052631578947,0.1321914090312419
3892,,after_candidate_limit,,3259,130,9,130,5,3,1.33,3.67,2,15,0.7007052631578947,0.1321914090312419
3893,,after_candidate_limit,,3408,136,8,136,5,4.5,1.33,2,2,8,0.7007052631578947,0.1321914090312419
3894,,after_candidate_limit,,3409,136,9,136,5,4.5,1.33,2,2,15,0.7007052631578947,0.1321914090312419
3895,,after_candidate_limit,,3433,137,8,137,5,4.5,1.33,3.67,2,8,0.7007052631578947,0.1321914090312419
3896,,after_candidate_limit,,3434,137,9,137,5,4.5,1.33,3.67,2,15,0.7007052631578947,0.1321914090312419
3897,,after_candidate_limit,,2881,115,6,115,5,1.5,1.33,2,2,2,0.7007043062200957,0.13215504539487827
3898,,after_candidate_limit,,2906,116,6,116,5,1.5,1.33,3.67,2,2,0.7007043062200957,0.13215504539487827
3899,,after_candidate_limit,,3056,122,6,122,5,2.25,1.33,2,2,2,0.7007043062200957,0.13215504539487827
3900,,after_candidate_limit,,3081,123,6,123,5,2.25,1.33,3.67,2,2,0.7007043062200957,0.13215504539487827
3901,,after_candidate_limit,,3475,139,0,139,5,4.5,3,4.5,1,1,0.6485885167464115,0.15628545223779333
3902,,after_candidate_limit,,2950,118,0,118,5,1.5,3,4.5,1,1,0.6485148325358852,0.15739032976483075
3903,,after_candidate_limit,,3300,132,0,132,5,3,3,4.5,1,1,0.6484961722488038,0.1563357668690419
3904,,after_candidate_limit,,3476,139,1,139,5,4.5,3,4.5,1,2,0.6484674641148326,0.15516639446883154
3905,,after_candidate_limit,,3125,125,0,125,5,2.25,3,4.5,1,1,0.6484588516746411,0.15603166222455522
3906,,after_candidate_limit,,3301,132,1,132,5,3,3,4.5,1,2,0.6484358851674641,0.1547659211839866
3907,,after_candidate_limit,,3477,139,2,139,5,4.5,3,4.5,1,3,0.6484315789473685,0.1547062782712294
3908,,after_candidate_limit,,3126,125,1,125,5,2.25,3,4.5,1,2,0.6484138755980862,0.1541786087371861
3909,,after_candidate_limit,,2951,118,1,118,5,1.5,3,4.5,1,2,0.648411961722488,0.15397941160964415
3910,,after_candidate_limit,,3302,132,2,132,5,3,3,4.5,1,3,0.6484114832535885,0.15413840431605497
3911,,after_candidate_limit,,3127,125,2,125,5,2.25,3,4.5,1,3,0.648399043062201,0.1531667087269041
3912,,after_candidate_limit,,2953,118,3,118,5,1.5,3,4.5,1,8,0.6483980861244019,0.15250192669067764
3913,,after_candidate_limit,,2954,118,4,118,5,1.5,3,4.5,1,15,0.6483980861244019,0.15250192669067764
3914,,after_candidate_limit,,3128,125,3,125,5,2.25,3,4.5,1,8,0.6483980861244019,0.15250192669067764
3915,,after_candidate_limit,,3129,125,4,125,5,2.25,3,4.5,1,15,0.6483980861244019,0.15250192669067764
3916,,after_candidate_limit,,3303,132,3,132,5,3,3,4.5,1,8,0.6483980861244019,0.15250192669067764
3917,,after_candidate_limit,,3304,132,4,132,5,3,3,4.5,1,15,0.6483980861244019,0.15250192669067764
3918,,after_candidate_limit,,3478,139,3,139,5,4.5,3,4.5,1,8,0.6483980861244019,0.15250192669067764
3919,,after_candidate_limit,,3479,139,4,139,5,4.5,3,4.5,1,15,0.6483980861244019,0.15250192669067764
3920,,after_candidate_limit,,2952,118,2,118,5,1.5,3,4.5,1,3,0.6483971291866029,0.1524831031612659
3921,,after_candidate_limit,,3435,137,10,137,5,4.5,1.33,3.67,3,1,0.644323923444976,0.11949947454425922
3922,,after_candidate_limit,,3410,136,10,136,5,4.5,1.33,2,3,1,0.6443200956937799,0.11947792034101659
3923,,after_candidate_limit,,2910,116,10,116,5,1.5,1.33,3.67,3,1,0.644299043062201,0.11920270139001689
3924,,after_candidate_limit,,2885,115,10,115,5,1.5,1.33,2,3,1,0.6442980861244019,0.11916014156511144
3925,,after_candidate_limit,,3060,122,10,122,5,2.25,1.33,2,3,1,0.6442971291866029,0.11917179685449986
3926,,after_candidate_limit,,3260,130,10,130,5,3,1.33,3.67,3,1,0.6442971291866029,0.11914278843470219
3927,,after_candidate_limit,,3235,129,10,129,5,3,1.33,2,3,1,0.6442952153110048,0.1191296124932523
3928,,after_candidate_limit,,3085,123,10,123,5,2.25,1.33,3.67,3,1,0.6442904306220095,0.1190699940883555
3929,,after_candidate_limit,,3436,137,11,137,5,4.5,1.33,3.67,3,2,0.6442875598086124,0.11923533088628518
3930,,after_candidate_limit,,3411,136,11,136,5,4.5,1.33,2,3,2,0.6442866028708134,0.11917977533072963
3931,,after_candidate_limit,,2886,115,11,115,5,1.5,1.33,2,3,2,0.6442846889952153,0.11916130817327943
3932,,after_candidate_limit,,2887,115,12,115,5,1.5,1.33,2,3,3,0.6442846889952153,0.11916130817327943
3933,,after_candidate_limit,,2888,115,13,115,5,1.5,1.33,2,3,8,0.6442846889952153,0.11916130817327943
3934,,after_candidate_limit,,2889,115,14,115,5,1.5,1.33,2,3,15,0.6442846889952153,0.11916130817327943
3935,,after_candidate_limit,,2911,116,11,116,5,1.5,1.33,3.67,3,2,0.6442846889952153,0.11916130817327943
3936,,after_candidate_limit,,2912,116,12,116,5,1.5,1.33,3.67,3,3,0.6442846889952153,0.11916130817327943
3937,,after_candidate_limit,,2913,116,13,116,5,1.5,1.33,3.67,3,8,0.6442846889952153,0.11916130817327943
3938,,after_candidate_limit,,2914,116,14,116,5,1.5,1.33,3.67,3,15,0.6442846889952153,0.11916130817327943
3939,,after_candidate_limit,,3061,122,11,122,5,2.25,1.33,2,3,2,0.6442846889952153,0.11916130817327943
3940,,after_candidate_limit,,3062,122,12,122,5,2.25,1.33,2,3,3,0.6442846889952153,0.11916130817327943
3941,,after_candidate_limit,,3063,122,13,122,5,2.25,1.33,2,3,8,0.6442846889952153,0.11916130817327943
3942,,after_candidate_limit,,3064,122,14,122,5,2.25,1.33,2,3,15,0.6442846889952153,0.11916130817327943
3943,,after_candidate_limit,,3086,123,11,123,5,2.25,1.33,3.67,3,2,0.6442846889952153,0.11916130817327943
3944,,after_candidate_limit,,3087,123,12,123,5,2.25,1.33,3.67,3,3,0.6442846889952153,0.11916130817327943
3945,,after_candidate_limit,,3088,123,13,123,5,2.25,1.33,3.67,3,8,0.6442846889952153,0.11916130817327943
3946,,after_candidate_limit,,3089,123,14,123,5,2.25,1.33,3.67,3,15,0.6442846889952153,0.11916130817327943
3947,,after_candidate_limit,,3236,129,11,129,5,3,1.33,2,3,2,0.6442846889952153,0.11916130817327943
3948,,after_candidate_limit,,3237,129,12,129,5,3,1.33,2,3,3,0.6442846889952153,0.11916130817327943
3949,,after_candidate_limit,,3238,129,13,129,5,3,1.33,2,3,8,0.6442846889952153,0.11916130817327943
3950,,after_candidate_limit,,3239,129,14,129,5,3,1.33,2,3,15,0.6442846889952153,0.11916130817327943
3951,,after_candidate_limit,,3261,130,11,130,5,3,1.33,3.67,3,2,0.6442846889952153,0.11916130817327943
3952,,after_candidate_limit,,3262,130,12,130,5,3,1.33,3.67,3,3,0.6442846889952153,0.11916130817327943
3953,,after_candidate_limit,,3263,130,13,130,5,3,1.33,3.67,3,8,0.6442846889952153,0.11916130817327943
3954,,after_candidate_limit,,3264,130,14,130,5,3,1.33,3.67,3,15,0.6442846889952153,0.11916130817327943
3955,,after_candidate_limit,,3412,136,12,136,5,4.5,1.33,2,3,3,0.6442846889952153,0.11916130817327943
3956,,after_candidate_limit,,3413,136,13,136,5,4.5,1.33,2,3,8,0.6442846889952153,0.11916130817327943
3957,,after_candidate_limit,,3414,136,14,136,5,4.5,1.33,2,3,15,0.6442846889952153,0.11916130817327943
3958,,after_candidate_limit,,3437,137,12,137,5,4.5,1.33,3.67,3,3,0.6442846889952153,0.11916130817327943
3959,,after_candidate_limit,,3438,137,13,137,5,4.5,1.33,3.67,3,8,0.6442846889952153,0.11916130817327943
3960,,after_candidate_limit,,3439,137,14,137,5,4.5,1.33,3.67,3,15,0.6442846889952153,0.11916130817327943
3961,,after_candidate_limit,,3455,138,5,138,5,4.5,2.17,3.25,2,1,0.6373478468899522,0.11338500710369485
3962,,after_candidate_limit,,2930,117,5,117,5,1.5,2.17,3.25,2,1,0.6373076555023923,0.11314015680210437
3963,,after_candidate_limit,,3280,131,5,131,5,3,2.17,3.25,2,1,0.6373057416267942,0.11288518674714543
3964,,after_candidate_limit,,3456,138,6,138,5,4.5,2.17,3.25,2,2,0.6372933014354067,0.11334109943378894
3965,,after_candidate_limit,,3105,124,5,124,5,2.25,2.17,3.25,2,1,0.6372913875598086,0.11274094605010844
3966,,after_candidate_limit,,3457,138,7,138,5,4.5,2.17,3.25,2,3,0.6372894736842105,0.11328076553853075
3967,,after_candidate_limit,,3281,131,6,131,5,3,2.17,3.25,2,2,0.6372885167464115,0.11307189854345687
3968,,after_candidate_limit,,3106,124,6,124,5,2.25,2.17,3.25,2,2,0.6372856459330144,0.1129004699720283
3969,,after_candidate_limit,,3282,131,7,131,5,3,2.17,3.25,2,3,0.6372856459330144,0.1129252099829752
3970,,after_candidate_limit,,2932,117,7,117,5,1.5,2.17,3.25,2,3,0.6372846889952153,0.11288076553853076
3971,,after_candidate_limit,,2933,117,8,117,5,1.5,2.17,3.25,2,8,0.6372846889952153,0.11288076553853076
3972,,after_candidate_limit,,2934,117,9,117,5,1.5,2.17,3.25,2,15,0.6372846889952153,0.11288076553853076
3973,,after_candidate_limit,,3107,124,7,124,5,2.25,2.17,3.25,2,3,0.6372846889952153,0.11288076553853076
3974,,after_candidate_limit,,3108,124,8,124,5,2.25,2.17,3.25,2,8,0.6372846889952153,0.11288076553853076
3975,,after_candidate_limit,,3109,124,9,124,5,2.25,2.17,3.25,2,15,0.6372846889952153,0.11288076553853076
3976,,after_candidate_limit,,3283,131,8,131,5,3,2.17,3.25,2,8,0.6372846889952153,0.11288076553853076
3977,,after_candidate_limit,,3284,131,9,131,5,3,2.17,3.25,2,15,0.6372846889952153,0.11288076553853076
3978,,after_candidate_limit,,3458,138,8,138,5,4.5,2.17,3.25,2,8,0.6372846889952153,0.11288076553853076
3979,,after_candidate_limit,,3459,138,9,138,5,4.5,2.17,3.25,2,15,0.6372846889952153,0.11288076553853076
3980,,after_candidate_limit,,2931,117,6,117,5,1.5,2.17,3.25,2,2,0.6372837320574163,0.11284440190216712
3981,,after_candidate_limit,,3420,136,20,136,5,4.5,1.33,2,20,1,0.624332057416268,0.21730773659326164
3982,,after_candidate_limit,,3445,137,20,137,5,4.5,1.33,3.67,20,1,0.6242483253588517,0.213721307592243
3983,,after_candidate_limit,,3270,130,20,130,5,3,1.33,3.67,20,1,0.6242358851674641,0.21400775218443235
3984,,after_candidate_limit,,3245,129,20,129,5,3,1.33,2,20,1,0.624233014354067,0.21399092383240348
3985,,after_candidate_limit,,3070,122,20,122,5,2.25,1.33,2,20,1,0.6241444976076556,0.21372474916974848
3986,,after_candidate_limit,,3095,123,20,123,5,2.25,1.33,3.67,20,1,0.6241377990430622,0.21367602936207414
3987,,after_candidate_limit,,2895,115,20,115,5,1.5,1.33,2,20,1,0.6240545454545454,0.21247780684048578
3988,,after_candidate_limit,,3446,137,21,137,5,4.5,1.33,3.67,20,2,0.6240411483253588,0.21168210046430813
3989,,after_candidate_limit,,3421,136,21,136,5,4.5,1.33,2,20,2,0.6240401913875598,0.21174065609505544
3990,,after_candidate_limit,,2920,116,20,116,5,1.5,1.33,3.67,20,1,0.6240129186602871,0.21147597664572482
3991,,after_candidate_limit,,3447,137,22,137,5,4.5,1.33,3.67,20,3,0.623944019138756,0.21130356322037364
3992,,after_candidate_limit,,3422,136,22,136,5,4.5,1.33,2,20,3,0.6239387559808612,0.2112830892879835
3993,,after_candidate_limit,,3246,129,21,129,5,3,1.33,2,20,2,0.6239282296650718,0.21132266475084494
3994,,after_candidate_limit,,3271,130,21,130,5,3,1.33,3.67,20,2,0.6239215311004784,0.21120185377071815
3995,,after_candidate_limit,,3272,130,22,130,5,3,1.33,3.67,20,3,0.6238162679425837,0.20942461591916223
3996,,after_candidate_limit,,3071,122,21,122,5,2.25,1.33,2,20,2,0.6238129186602871,0.20979372779702588
3997,,after_candidate_limit,,3096,123,21,123,5,2.25,1.33,3.67,20,2,0.6238004784688995,0.20926165720582468
3998,,after_candidate_limit,,3247,129,22,129,5,3,1.33,2,20,3,0.623743062200957,0.2094779991718237
3999,,after_candidate_limit,,2896,115,21,115,5,1.5,1.33,2,20,2,0.6236325358851674,0.20634554746632638
4000,,after_candidate_limit,,2921,116,21,116,5,1.5,1.33,3.67,20,2,0.6236301435406698,0.20616837593995646
4001,,after_candidate_limit,,3072,122,22,122,5,2.25,1.33,2,20,3,0.6236224880382775,0.20601261476824073
4002,,after_candidate_limit,,3097,123,22,123,5,2.25,1.33,3.67,20,3,0.6236167464114832,0.20597093420726093
4003,,after_candidate_limit,,2897,115,22,115,5,1.5,1.33,2,20,3,0.6235464114832536,0.2045946358945056
4004,,after_candidate_limit,,2922,116,22,116,5,1.5,1.33,3.67,20,3,0.6235464114832536,0.2045946358945056
4005,,after_candidate_limit,,2898,115,23,115,5,1.5,1.33,2,20,8,0.6235330143540669,0.2035951174173714
4006,,after_candidate_limit,,2899,115,24,115,5,1.5,1.33,2,20,15,0.6235330143540669,0.2035951174173714
4007,,after_candidate_limit,,2923,116,23,116,5,1.5,1.33,3.67,20,8,0.6235330143540669,0.2035951174173714
4008,,after_candidate_limit,,2924,116,24,116,5,1.5,1.33,3.67,20,15,0.6235330143540669,0.2035951174173714
4009,,after_candidate_limit,,3073,122,23,122,5,2.25,1.33,2,20,8,0.6235330143540669,0.2035951174173714
4010,,after_candidate_limit,,3074,122,24,122,5,2.25,1.33,2,20,15,0.6235330143540669,0.2035951174173714
4011,,after_candidate_limit,,3098,123,23,123,5,2.25,1.33,3.67,20,8,0.6235330143540669,0.2035951174173714
4012,,after_candidate_limit,,3099,123,24,123,5,2.25,1.33,3.67,20,15,0.6235330143540669,0.2035951174173714
4013,,after_candidate_limit,,3248,129,23,129,5,3,1.33,2,20,8,0.6235330143540669,0.2035951174173714
4014,,after_candidate_limit,,3249,129,24,129,5,3,1.33,2,20,15,0.6235330143540669,0.2035951174173714
4015,,after_candidate_limit,,3273,130,23,130,5,3,1.33,3.67,20,8,0.6235330143540669,0.2035951174173714
4016,,after_candidate_limit,,3274,130,24,130,5,3,1.33,3.67,20,15,0.6235330143540669,0.2035951174173714
4017,,after_candidate_limit,,3423,136,23,136,5,4.5,1.33,2,20,8,0.6235330143540669,0.2035951174173714
4018,,after_candidate_limit,,3424,136,24,136,5,4.5,1.33,2,20,15,0.6235330143540669,0.2035951174173714
4019,,after_candidate_limit,,3448,137,23,137,5,4.5,1.33,3.67,20,8,0.6235330143540669,0.2035951174173714
4020,,after_candidate_limit,,3449,137,24,137,5,4.5,1.33,3.67,20,15,0.6235330143540669,0.2035951174173714
4021,,after_candidate_limit,,3440,137,15,137,5,4.5,1.33,3.67,6,1,0.6218248803827752,0.17400671314006855
4022,,after_candidate_limit,,3415,136,15,136,5,4.5,1.33,2,6,1,0.6217459330143541,0.1750608692662205
4023,,after_candidate_limit,,3265,130,15,130,5,3,1.33,3.67,6,1,0.6216143540669856,0.17320263768892707
4024,,after_candidate_limit,,3065,122,15,122,5,2.25,1.33,2,6,1,0.6216124401913875,0.17316658313627292
4025,,after_candidate_limit,,3240,129,15,129,5,3,1.33,2,6,1,0.6216105263157895,0.1731455003801669
4026,,after_candidate_limit,,2915,116,15,116,5,1.5,1.33,3.67,6,1,0.6216071770334928,0.17319317673351042
4027,,after_candidate_limit,,2890,115,15,115,5,1.5,1.33,2,6,1,0.6216066985645933,0.17312254395467336
4028,,after_candidate_limit,,3090,123,15,123,5,2.25,1.33,3.67,6,1,0.6216066985645933,0.17310768703187335
4029,,after_candidate_limit,,3416,136,16,136,5,4.5,1.33,2,6,2,0.6214717703349282,0.171776887451925
4030,,after_candidate_limit,,3441,137,16,137,5,4.5,1.33,3.67,6,2,0.6214602870813397,0.1716222455232977
4031,,after_candidate_limit,,3091,123,16,123,5,2.25,1.33,3.67,6,2,0.6214583732057416,0.17160044915428652
4032,,after_candidate_limit,,3241,129,16,129,5,3,1.33,2,6,2,0.6214578947368421,0.17160044915428652
4033,,after_candidate_limit,,3266,130,16,130,5,3,1.33,3.67,6,2,0.6214578947368421,0.17160044915428652
4034,,after_candidate_limit,,3066,122,16,122,5,2.25,1.33,2,6,2,0.6214564593301436,0.1715808333756061
4035,,after_candidate_limit,,2891,115,16,115,5,1.5,1.33,2,6,2,0.6214555023923445,0.1715675815917121
4036,,after_candidate_limit,,2916,116,16,116,5,1.5,1.33,3.67,6,2,0.6214555023923445,0.1715675815917121
4037,,after_candidate_limit,,2892,115,17,115,5,1.5,1.33,2,6,3,0.6214535885167464,0.17154513640491914
4038,,after_candidate_limit,,2893,115,18,115,5,1.5,1.33,2,6,8,0.6214535885167464,0.17154513640491914
4039,,after_candidate_limit,,2894,115,19,115,5,1.5,1.33,2,6,15,0.6214535885167464,0.17154513640491914
4040,,after_candidate_limit,,2917,116,17,116,5,1.5,1.33,3.67,6,3,0.6214535885167464,0.17154513640491914
4041,,after_candidate_limit,,2918,116,18,116,5,1.5,1.33,3.67,6,8,0.6214535885167464,0.17154513640491914
4042,,after_candidate_limit,,2919,116,19,116,5,1.5,1.33,3.67,6,15,0.6214535885167464,0.17154513640491914
4043,,after_candidate_limit,,3067,122,17,122,5,2.25,1.33,2,6,3,0.6214535885167464,0.17154513640491914
4044,,after_candidate_limit,,3068,122,18,122,5,2.25,1.33,2,6,8,0.6214535885167464,0.17154513640491914
4045,,after_candidate_limit,,3069,122,19,122,5,2.25,1.33,2,6,15,0.6214535885167464,0.17154513640491914
4046,,after_candidate_limit,,3092,123,17,123,5,2.25,1.33,3.67,6,3,0.6214535885167464,0.17154513640491914
4047,,after_candidate_limit,,3093,123,18,123,5,2.25,1.33,3.67,6,8,0.6214535885167464,0.17154513640491914
4048,,after_candidate_limit,,3094,123,19,123,5,2.25,1.33,3.67,6,15,0.6214535885167464,0.17154513640491914
4049,,after_candidate_limit,,3242,129,17,129,5,3,1.33,2,6,3,0.6214535885167464,0.17154513640491914
4050,,after_candidate_limit,,3243,129,18,129,5,3,1.33,2,6,8,0.6214535885167464,0.17154513640491914
4051,,after_candidate_limit,,3244,129,19,129,5,3,1.33,2,6,15,0.6214535885167464,0.17154513640491914
4052,,after_candidate_limit,,3267,130,17,130,5,3,1.33,3.67,6,3,0.6214535885167464,0.17154513640491914
4053,,after_candidate_limit,,3268,130,18,130,5,3,1.33,3.67,6,8,0.6214535885167464,0.17154513640491914
4054,,after_candidate_limit,,3269,130,19,130,5,3,1.33,3.67,6,15,0.6214535885167464,0.17154513640491914
4055,,after_candidate_limit,,3418,136,18,136,5,4.5,1.33,2,6,8,0.6214535885167464,0.17154513640491914
4056,,after_candidate_limit,,3419,136,19,136,5,4.5,1.33,2,6,15,0.6214535885167464,0.17154513640491914
4057,,after_candidate_limit,,3443,137,18,137,5,4.5,1.33,3.67,6,8,0.6214535885167464,0.17154513640491914
4058,,after_candidate_limit,,3444,137,19,137,5,4.5,1.33,3.67,6,15,0.6214535885167464,0.17154513640491914
4059,,after_candidate_limit,,3417,136,17,136,5,4.5,1.33,2,6,3,0.6214531100478469,0.17154513640491914
4060,,after_candidate_limit,,3442,137,17,137,5,4.5,1.33,3.67,6,3,0.6214531100478469,0.17154513640491914
4061,,after_candidate_limit,,3480,139,5,139,5,4.5,3,4.5,2,1,0.6116708133971291,0.10699400499045973
4062,,after_candidate_limit,,2955,118,5,118,5,1.5,3,4.5,2,1,0.6116478468899521,0.1070046608095703
4063,,after_candidate_limit,,3305,132,5,132,5,3,3,4.5,2,1,0.6116411483253589,0.10663517520192008
4064,,after_candidate_limit,,3481,139,6,139,5,4.5,3,4.5,2,2,0.6116315789473684,0.10716369278825338
4065,,after_candidate_limit,,3482,139,7,139,5,4.5,3,4.5,2,3,0.6116277511961723,0.1071305928389826
4066,,after_candidate_limit,,3130,125,5,125,5,2.25,3,4.5,2,1,0.6116267942583732,0.10645763553269916
4067,,after_candidate_limit,,3306,132,6,132,5,3,3,4.5,2,2,0.6116258373205742,0.10690202141041118
4068,,after_candidate_limit,,3307,132,7,132,5,3,3,4.5,2,3,0.6116239234449761,0.10677503728342705
4069,,after_candidate_limit,,2957,118,7,118,5,1.5,3,4.5,2,3,0.6116229665071771,0.1067305928389826
4070,,after_candidate_limit,,2958,118,8,118,5,1.5,3,4.5,2,8,0.6116229665071771,0.1067305928389826
4071,,after_candidate_limit,,2959,118,9,118,5,1.5,3,4.5,2,15,0.6116229665071771,0.1067305928389826
4072,,after_candidate_limit,,3131,125,6,125,5,2.25,3,4.5,2,2,0.6116229665071771,0.1067305928389826
4073,,after_candidate_limit,,3132,125,7,125,5,2.25,3,4.5,2,3,0.6116229665071771,0.1067305928389826
4074,,after_candidate_limit,,3133,125,8,125,5,2.25,3,4.5,2,8,0.6116229665071771,0.1067305928389826
4075,,after_candidate_limit,,3134,125,9,125,5,2.25,3,4.5,2,15,0.6116229665071771,0.1067305928389826
4076,,after_candidate_limit,,3308,132,8,132,5,3,3,4.5,2,8,0.6116229665071771,0.1067305928389826
4077,,after_candidate_limit,,3309,132,9,132,5,3,3,4.5,2,15,0.6116229665071771,0.1067305928389826
4078,,after_candidate_limit,,3483,139,8,139,5,4.5,3,4.5,2,8,0.6116229665071771,0.1067305928389826
4079,,after_candidate_limit,,3484,139,9,139,5,4.5,3,4.5,2,15,0.6116229665071771,0.1067305928389826
4080,,after_candidate_limit,,2956,118,6,118,5,1.5,3,4.5,2,2,0.611622009569378,0.10669422920261896
4081,,after_candidate_limit,,3460,138,10,138,5,4.5,2.17,3.25,3,1,0.6115358851674642,0.10696332439343464
4082,,after_candidate_limit,,3285,131,10,131,5,3,2.17,3.25,3,1,0.611511961722488,0.10670668179131178
4083,,after_candidate_limit,,2935,117,10,117,5,1.5,2.17,3.25,3,1,0.6115086124401914,0.10680159771949498
4084,,after_candidate_limit,,3110,124,10,124,5,2.25,2.17,3.25,3,1,0.6115052631578948,0.10665965222364532
4085,,after_candidate_limit,,3461,138,11,138,5,4.5,2.17,3.25,3,2,0.6115014354066985,0.10686588823072164
4086,,after_candidate_limit,,2936,117,11,117,5,1.5,2.17,3.25,3,2,0.6114995215311004,0.10683606366931814
4087,,after_candidate_limit,,2937,117,12,117,5,1.5,2.17,3.25,3,3,0.6114995215311004,0.10683606366931814
4088,,after_candidate_limit,,2938,117,13,117,5,1.5,2.17,3.25,3,8,0.6114995215311004,0.10683606366931814
4089,,after_candidate_limit,,2939,117,14,117,5,1.5,2.17,3.25,3,15,0.6114995215311004,0.10683606366931814
4090,,after_candidate_limit,,3112,124,12,124,5,2.25,2.17,3.25,3,3,0.6114995215311004,0.10683606366931814
4091,,after_candidate_limit,,3113,124,13,124,5,2.25,2.17,3.25,3,8,0.6114995215311004,0.10683606366931814
4092,,after_candidate_limit,,3114,124,14,124,5,2.25,2.17,3.25,3,15,0.6114995215311004,0.10683606366931814
4093,,after_candidate_limit,,3287,131,12,131,5,3,2.17,3.25,3,3,0.6114995215311004,0.10683606366931814
4094,,after_candidate_limit,,3288,131,13,131,5,3,2.17,3.25,3,8,0.6114995215311004,0.10683606366931814
4095,,after_candidate_limit,,3289,131,14,131,5,3,2.17,3.25,3,15,0.6114995215311004,0.10683606366931814
4096,,after_candidate_limit,,3462,138,12,138,5,4.5,2.17,3.25,3,3,0.6114995215311004,0.10683606366931814
4097,,after_candidate_limit,,3463,138,13,138,5,4.5,2.17,3.25,3,8,0.6114995215311004,0.10683606366931814
4098,,after_candidate_limit,,3464,138,14,138,5,4.5,2.17,3.25,3,15,0.6114995215311004,0.10683606366931814
4099,,after_candidate_limit,,3111,124,11,124,5,2.25,2.17,3.25,3,2,0.6114985645933014,0.10678050811376258
4100,,after_candidate_limit,,3286,131,11,131,5,3,2.17,3.25,3,2,0.6114985645933014,0.10678050811376258
4101,,after_candidate_limit,,3485,139,10,139,5,4.5,3,4.5,3,1,0.6073387559808613,0.1050937456585388
4102,,after_candidate_limit,,2960,118,10,118,5,1.5,3,4.5,3,1,0.6073244019138756,0.10515439165140975
4103,,after_candidate_limit,,3310,132,10,132,5,3,3,4.5,3,1,0.6073215311004785,0.1048822624846777
4104,,after_candidate_limit,,3135,125,10,125,5,2.25,3,4.5,3,1,0.607312918660287,0.10479475203125894
4105,,after_candidate_limit,,3137,125,12,125,5,2.25,3,4.5,3,3,0.6073086124401914,0.10501487369151397
4106,,after_candidate_limit,,3312,132,12,132,5,3,3,4.5,3,3,0.6073086124401914,0.10501487369151397
4107,,after_candidate_limit,,3486,139,11,139,5,4.5,3,4.5,3,2,0.6073086124401914,0.10496739894403921
4108,,after_candidate_limit,,3487,139,12,139,5,4.5,3,4.5,3,3,0.6073086124401914,0.10501487369151397
4109,,after_candidate_limit,,2961,118,11,118,5,1.5,3,4.5,3,2,0.6073076555023923,0.10495931813595841
4110,,after_candidate_limit,,2962,118,12,118,5,1.5,3,4.5,3,3,0.6073076555023923,0.10500648208312235
4111,,after_candidate_limit,,2963,118,13,118,5,1.5,3,4.5,3,8,0.6073076555023923,0.10500648208312235
4112,,after_candidate_limit,,2964,118,14,118,5,1.5,3,4.5,3,15,0.6073076555023923,0.10500648208312235
4113,,after_candidate_limit,,3136,125,11,125,5,2.25,3,4.5,3,2,0.6073076555023923,0.10495931813595841
4114,,after_candidate_limit,,3138,125,13,125,5,2.25,3,4.5,3,8,0.6073076555023923,0.10500648208312235
4115,,after_candidate_limit,,3139,125,14,125,5,2.25,3,4.5,3,15,0.6073076555023923,0.10500648208312235
4116,,after_candidate_limit,,3311,132,11,132,5,3,3,4.5,3,2,0.6073076555023923,0.10495931813595841
4117,,after_candidate_limit,,3313,132,13,132,5,3,3,4.5,3,8,0.6073076555023923,0.10500648208312235
4118,,after_candidate_limit,,3314,132,14,132,5,3,3,4.5,3,15,0.6073076555023923,0.10500648208312235
4119,,after_candidate_limit,,3488,139,13,139,5,4.5,3,4.5,3,8,0.6073076555023923,0.10500648208312235
4120,,after_candidate_limit,,3489,139,14,139,5,4.5,3,4.5,3,15,0.6073076555023923,0.10500648208312235
4121,,after_candidate_limit,,3465,138,15,138,5,4.5,2.17,3.25,6,1,0.6048545454545454,0.16368091264397167
4122,,after_candidate_limit,,3290,131,15,131,5,3,2.17,3.25,6,1,0.6045124401913876,0.16112949834847373
4123,,after_candidate_limit,,3115,124,15,124,5,2.25,2.17,3.25,6,1,0.6044985645933014,0.1610629974612147
4124,,after_candidate_limit,,2940,117,15,117,5,1.5,2.17,3.25,6,1,0.6044387559808613,0.16050846712576355
4125,,after_candidate_limit,,3470,138,20,138,5,4.5,2.17,3.25,20,1,0.6043296650717703,0.19708938994302008
4126,,after_candidate_limit,,3466,138,16,138,5,4.5,2.17,3.25,6,2,0.6043186602870814,0.15890352231876315
4127,,after_candidate_limit,,3116,124,16,124,5,2.25,2.17,3.25,6,2,0.6043133971291866,0.15882081212453603
4128,,after_candidate_limit,,3291,131,16,131,5,3,2.17,3.25,6,2,0.6043133971291866,0.15882081212453603
4129,,after_candidate_limit,,2941,117,16,117,5,1.5,2.17,3.25,6,2,0.6043129186602871,0.1588143201236086
4130,,after_candidate_limit,,2942,117,17,117,5,1.5,2.17,3.25,6,3,0.6043105263157895,0.15873813834627534
4131,,after_candidate_limit,,2943,117,18,117,5,1.5,2.17,3.25,6,8,0.6043105263157895,0.15873813834627534
4132,,after_candidate_limit,,2944,117,19,117,5,1.5,2.17,3.25,6,15,0.6043105263157895,0.15873813834627534
4133,,after_candidate_limit,,3117,124,17,124,5,2.25,2.17,3.25,6,3,0.6043105263157895,0.15873813834627534
4134,,after_candidate_limit,,3118,124,18,124,5,2.25,2.17,3.25,6,8,0.6043105263157895,0.15873813834627534
4135,,after_candidate_limit,,3119,124,19,124,5,2.25,2.17,3.25,6,15,0.6043105263157895,0.15873813834627534
4136,,after_candidate_limit,,3292,131,17,131,5,3,2.17,3.25,6,3,0.6043105263157895,0.15873813834627534
4137,,after_candidate_limit,,3293,131,18,131,5,3,2.17,3.25,6,8,0.6043105263157895,0.15873813834627534
4138,,after_candidate_limit,,3294,131,19,131,5,3,2.17,3.25,6,15,0.6043105263157895,0.15873813834627534
4139,,after_candidate_limit,,3467,138,17,138,5,4.5,2.17,3.25,6,3,0.6043105263157895,0.15873813834627534
4140,,after_candidate_limit,,3468,138,18,138,5,4.5,2.17,3.25,6,8,0.6043105263157895,0.15873813834627534
4141,,after_candidate_limit,,3469,138,19,138,5,4.5,2.17,3.25,6,15,0.6043105263157895,0.15873813834627534
4142,,after_candidate_limit,,3295,131,20,131,5,3,2.17,3.25,20,1,0.6041846889952153,0.1946353214943449
4143,,after_candidate_limit,,3120,124,20,124,5,2.25,2.17,3.25,20,1,0.6040827751196173,0.19339627681322832
4144,,after_candidate_limit,,3471,138,21,138,5,4.5,2.17,3.25,20,2,0.6039363636363636,0.1901002689829372
4145,,after_candidate_limit,,2945,117,20,117,5,1.5,2.17,3.25,20,1,0.603932057416268,0.19079020212884257
4146,,after_candidate_limit,,3296,131,21,131,5,3,2.17,3.25,20,2,0.6037311004784689,0.18783760803753086
4147,,after_candidate_limit,,3472,138,22,138,5,4.5,2.17,3.25,20,3,0.6037306220095694,0.18771033349192334
4148,,after_candidate_limit,,3121,124,21,124,5,2.25,2.17,3.25,20,2,0.6037071770334929,0.187336142780093
4149,,after_candidate_limit,,3297,131,22,131,5,3,2.17,3.25,20,3,0.6037057416267942,0.1871541427890031
4150,,after_candidate_limit,,2946,117,21,117,5,1.5,2.17,3.25,20,2,0.6036296650717703,0.18592509608052038
4151,,after_candidate_limit,,3122,124,22,124,5,2.25,2.17,3.25,20,3,0.6035952153110048,0.18549481214168165
4152,,after_candidate_limit,,2947,117,22,117,5,1.5,2.17,3.25,20,3,0.6035435406698565,0.18379347441665836
4153,,after_candidate_limit,,2948,117,23,117,5,1.5,2.17,3.25,20,8,0.6035411483253589,0.18336985881657217
4154,,after_candidate_limit,,2949,117,24,117,5,1.5,2.17,3.25,20,15,0.6035411483253589,0.18336985881657217
4155,,after_candidate_limit,,3123,124,23,124,5,2.25,2.17,3.25,20,8,0.6035411483253589,0.18336985881657217
4156,,after_candidate_limit,,3124,124,24,124,5,2.25,2.17,3.25,20,15,0.6035411483253589,0.18336985881657217
4157,,after_candidate_limit,,3298,131,23,131,5,3,2.17,3.25,20,8,0.6035411483253589,0.18336985881657217
4158,,after_candidate_limit,,3299,131,24,131,5,3,2.17,3.25,20,15,0.6035411483253589,0.18336985881657217
4159,,after_candidate_limit,,3473,138,23,138,5,4.5,2.17,3.25,20,8,0.6035411483253589,0.18336985881657217
4160,,after_candidate_limit,,3474,138,24,138,5,4.5,2.17,3.25,20,15,0.6035411483253589,0.18336985881657217
4161,,after_candidate_limit,,3490,139,15,139,5,4.5,3,4.5,6,1,0.5931712918660287,0.1485725370447636
4162,,after_candidate_limit,,3315,132,15,132,5,3,3,4.5,6,1,0.5930822966507177,0.14742580419661436
4163,,after_candidate_limit,,2965,118,15,118,5,1.5,3,4.5,6,1,0.593065071770335,0.1474269823379501
4164,,after_candidate_limit,,3140,125,15,125,5,2.25,3,4.5,6,1,0.5930531100478469,0.14713878830308247
4165,,after_candidate_limit,,3491,139,16,139,5,4.5,3,4.5,6,2,0.5930052631578947,0.14646308201918526
4166,,after_candidate_limit,,2966,118,16,118,5,1.5,3,4.5,6,2,0.5930019138755981,0.14654104014700475
4167,,after_candidate_limit,,3141,125,16,125,5,2.25,3,4.5,6,2,0.5930019138755981,0.14649245257638327
4168,,after_candidate_limit,,3316,132,16,132,5,3,3,4.5,6,2,0.5930014354066986,0.14649245257638327
4169,,after_candidate_limit,,3492,139,17,139,5,4.5,3,4.5,6,3,0.5929995215311005,0.14645450033061908
4170,,after_candidate_limit,,2967,118,17,118,5,1.5,3,4.5,6,3,0.5929985645933015,0.1464489917857377
4171,,after_candidate_limit,,2968,118,18,118,5,1.5,3,4.5,6,8,0.5929985645933015,0.1464489917857377
4172,,after_candidate_limit,,2969,118,19,118,5,1.5,3,4.5,6,15,0.5929985645933015,0.1464489917857377
4173,,after_candidate_limit,,3142,125,17,125,5,2.25,3,4.5,6,3,0.5929985645933015,0.1464489917857377
4174,,after_candidate_limit,,3143,125,18,125,5,2.25,3,4.5,6,8,0.5929985645933015,0.1464489917857377
4175,,after_candidate_limit,,3144,125,19,125,5,2.25,3,4.5,6,15,0.5929985645933015,0.1464489917857377
4176,,after_candidate_limit,,3317,132,17,132,5,3,3,4.5,6,3,0.5929985645933015,0.1464489917857377
4177,,after_candidate_limit,,3318,132,18,132,5,3,3,4.5,6,8,0.5929985645933015,0.1464489917857377
4178,,after_candidate_limit,,3319,132,19,132,5,3,3,4.5,6,15,0.5929985645933015,0.1464489917857377
4179,,after_candidate_limit,,3493,139,18,139,5,4.5,3,4.5,6,8,0.5929985645933015,0.1464489917857377
4180,,after_candidate_limit,,3494,139,19,139,5,4.5,3,4.5,6,15,0.5929985645933015,0.1464489917857377
4181,,after_candidate_limit,,3495,139,20,139,5,4.5,3,4.5,20,1,0.5925937799043062,0.17551198892475312
4182,,after_candidate_limit,,3320,132,20,132,5,3,3,4.5,20,1,0.592567942583732,0.1753079953407072
4183,,after_candidate_limit,,3496,139,21,139,5,4.5,3,4.5,20,2,0.5924004784688995,0.17350017759132463
4184,,after_candidate_limit,,3145,125,20,125,5,2.25,3,4.5,20,1,0.5923464114832536,0.17459883053073277
4185,,after_candidate_limit,,2970,118,20,118,5,1.5,3,4.5,20,1,0.5922741626794258,0.17336219842206574
4186,,after_candidate_limit,,3321,132,21,132,5,3,3,4.5,20,2,0.5922736842105263,0.17312914417305475
4187,,after_candidate_limit,,3497,139,22,139,5,4.5,3,4.5,20,3,0.5922071770334928,0.17317277664830047
4188,,after_candidate_limit,,3322,132,22,132,5,3,3,4.5,20,3,0.5921181818181818,0.17210317668804212
4189,,after_candidate_limit,,3146,125,21,125,5,2.25,3,4.5,20,2,0.5921157894736843,0.171929015722271
4190,,after_candidate_limit,,2971,118,21,118,5,1.5,3,4.5,20,2,0.5920373205741627,0.17079786940420333
4191,,after_candidate_limit,,3147,125,22,125,5,2.25,3,4.5,20,3,0.5920315789473685,0.17059750923451983
4192,,after_candidate_limit,,2972,118,22,118,5,1.5,3,4.5,20,3,0.5920287081339712,0.17042770203022986
4193,,after_candidate_limit,,2973,118,23,118,5,1.5,3,4.5,20,8,0.5920282296650717,0.17031103536356318
4194,,after_candidate_limit,,2974,118,24,118,5,1.5,3,4.5,20,15,0.5920282296650717,0.17031103536356318
4195,,after_candidate_limit,,3148,125,23,125,5,2.25,3,4.5,20,8,0.5920282296650717,0.17031103536356318
4196,,after_candidate_limit,,3149,125,24,125,5,2.25,3,4.5,20,15,0.5920282296650717,0.17031103536356318
4197,,after_candidate_limit,,3323,132,23,132,5,3,3,4.5,20,8,0.5920282296650717,0.17031103536356318
4198,,after_candidate_limit,,3324,132,24,132,5,3,3,4.5,20,15,0.5920282296650717,0.17031103536356318
4199,,after_candidate_limit,,3498,139,23,139,5,4.5,3,4.5,20,8,0.5920282296650717,0.17031103536356318
4200,,after_candidate_limit,,3499,139,24,139,5,4.5,3,4.5,20,15,0.5920282296650717,0.17031103536356318
