endpoint_id,score_focal_hla__logmeanexp,score_focal_hla__logsumexp,score_focal_hla__max,score_focal_hla__mean,score_focal_hla__median,score_focal_hla__top_frac_mean_frac0p01,score_focal_hla__top_frac_mean_frac0p02,score_focal_hla__top_frac_mean_frac0p05,score_focal_hla__top_k_logsumexp_k10,score_focal_hla__top_k_logsumexp_k2,score_focal_hla__top_k_mean_k2,score_focal_hla__top_k_mean_k3,score_full_hla__logmeanexp,score_full_hla__logsumexp,score_full_hla__max,score_full_hla__mean,score_full_hla__median,score_full_hla__top_frac_mean_frac0p01,score_full_hla__top_frac_mean_frac0p02,score_full_hla__top_frac_mean_frac0p05,score_full_hla__top_k_logsumexp_k10,score_full_hla__top_k_logsumexp_k2,score_full_hla__top_k_mean_k2,score_full_hla__top_k_mean_k3,score_full_q_mono_pn__logmeanexp,score_full_q_mono_pn__logsumexp,score_full_q_mono_pn__max,score_full_q_mono_pn__mean,score_full_q_mono_pn__median,score_full_q_mono_pn__top_frac_mean_frac0p01,score_full_q_mono_pn__top_frac_mean_frac0p02,score_full_q_mono_pn__top_frac_mean_frac0p05,score_full_q_mono_pn__top_k_logsumexp_k10,score_full_q_mono_pn__top_k_logsumexp_k2,score_full_q_mono_pn__top_k_mean_k2,score_full_q_mono_pn__top_k_mean_k3,score_mono_q_full_pn__logmeanexp,score_mono_q_full_pn__logsumexp,score_mono_q_full_pn__max,score_mono_q_full_pn__mean,score_mono_q_full_pn__median,score_mono_q_full_pn__top_frac_mean_frac0p01,score_mono_q_full_pn__top_frac_mean_frac0p02,score_mono_q_full_pn__top_frac_mean_frac0p05,score_mono_q_full_pn__top_k_logsumexp_k10,score_mono_q_full_pn__top_k_logsumexp_k2,score_mono_q_full_pn__top_k_mean_k2,score_mono_q_full_pn__top_k_mean_k3,score_old_monoallelic__logmeanexp,score_old_monoallelic__logsumexp,score_old_monoallelic__max,score_old_monoallelic__mean,score_old_monoallelic__median,score_old_monoallelic__top_frac_mean_frac0p01,score_old_monoallelic__top_frac_mean_frac0p02,score_old_monoallelic__top_frac_mean_frac0p05,score_old_monoallelic__top_k_logsumexp_k10,score_old_monoallelic__top_k_logsumexp_k2,score_old_monoallelic__top_k_mean_k2,score_old_monoallelic__top_k_mean_k3
pdac.02526ff00ce7913d5e46a73b1908fcba417a725286f686d34ef7616a43d6bf70,-4.1886144,-0.094269775,-0.6712624,-20.788527,-27.631021,-0.6712624,-1.2443702,-1.6984799,-0.11216285,-0.39527038,-1.2443702,-1.6984799,-4.0028462,0.09149816,-0.6702521,-20.520334,-27.631021,-0.6702521,-1.2432071,-1.5861982,0.052451354,-0.39418638,-1.2432071,-1.5861982,-4.101663,-0.0073187165,-0.67123234,-20.587637,-27.631021,-0.67123234,-1.2443452,-1.6984532,-0.046457794,-0.39524275,-1.2443452,-1.6984532,-2.9794376,1.114907,-0.20845987,-20.043283,-27.631021,-0.20845987,-0.51213527,-0.7263909,1.0114362,0.22642954,-0.51213527,-0.7263909,-3.1500587,0.944286,-0.20642473,-20.182373,-27.631021,-0.20642473,-0.51067865,-0.8028634,0.88205534,0.2280568,-0.51067865,-0.8028634
pdac.043d435fab18ab0663607571cded83fa3fedb7f18cf08337ccfd992e13a908d5,-4.0647173,1.094338,-0.69327545,-21.80471,-27.631021,-0.82607013,-0.99380636,-1.3508679,0.9803673,-0.12413153,-0.82607013,-0.93637687,-3.9963555,1.1626997,-0.6892839,-21.396257,-27.631021,-0.8199338,-0.99089825,-1.3284183,1.0018597,-0.11827607,-0.8199338,-0.932486,-3.895842,1.2632132,-0.6395137,-21.463503,-27.631021,-0.765098,-0.89904857,-1.2324347,1.0864604,-0.06408573,-0.765098,-0.8130513,-3.050792,2.1082633,-0.25053203,-20.889814,-27.631021,-0.2862224,-0.3130311,-0.5238603,1.7605159,0.40756154,-0.2862224,-0.29917577,-3.0436504,2.1154048,-0.20255354,-21.03148,-27.631021,-0.25856322,-0.2908504,-0.47873467,1.8079561,0.43615168,-0.25856322,-0.27946636
pdac.04bb5719ad19c5e17e37f696df2388a57067fd69f7ac215cc3837be95302abf5,-4.457367,-0.8738478,-1.0567502,-23.068192,-27.631021,-1.0567502,-1.0567502,-2.4418159,-0.8738478,-0.99598086,-2.4418159,-2.9517393,-4.1353464,-0.55182725,-1.0501915,-22.986073,-27.631021,-1.0501915,-1.0501915,-1.4251173,-0.55182725,-0.6632728,-1.4251173,-2.1452157,-4.349269,-0.7657498,-1.1382662,-23.006165,-27.631021,-1.1382662,-1.1382662,-1.8126147,-0.7657498,-0.90748924,-1.8126147,-2.3999803,-3.0310955,0.5524234,-0.2926341,-22.685198,-27.631021,-0.2926341,-0.2926341,-0.46243757,0.5524234,0.24505745,-0.46243757,-0.7243369,-3.2995768,0.28394216,-0.34389395,-22.71986,-27.631021,-0.34389395,-0.34389395,-0.7887558,0.28394216,0.00024116017,-0.7887558,-1.1500899
pdac.054d7893a10c38a5509acb681e77504fe3009c307ddfb869c976c200a0c3b793,-4.349483,-0.478282,-1.6080143,-22.619314,-27.631021,-1.6080143,-1.6080143,-2.0053208,-0.478282,-0.9364412,-1.6298263,-2.0053208,-4.340774,-0.46957305,-1.5868717,-22.618946,-27.631021,-1.5868717,-1.5868717,-1.9968908,-0.46957305,-0.9235942,-1.6172012,-1.9968908,-4.528187,-0.65698564,-1.6084297,-22.663101,-27.631021,-1.6084297,-1.6084297,-2.118766,-0.65698564,-1.086166,-1.7969856,-2.118766,-3.1365242,0.7346768,-0.5222616,-22.320408,-27.631021,-0.5222616,-0.5222616,-0.8006416,0.7346768,0.14761135,-0.54581314,-0.8006416,-3.2355902,0.6356109,-0.54985946,-22.355246,-27.631021,-0.54985946,-0.54985946,-0.8729681,0.6356109,0.07851196,-0.61687934,-0.8729681
pdac.076594af48300bc1dde37a255ef0df93fd3839702e75c13a6bfcf8ca8b082cee,-3.8681588,-0.46696132,-0.6198911,-23.62917,-27.631021,-0.6198911,-0.6198911,-1.8242686,-0.46696132,-0.5337802,-1.8242686,-2.3641522,-3.8675168,-0.46631938,-0.62009656,-23.621696,-27.631021,-0.62009656,-0.62009656,-1.8270738,-0.46631938,-0.53441364,-1.8270738,-2.365841,-4.193646,-0.7924486,-0.9275504,-23.663229,-27.631021,-0.9275504,-0.9275504,-2.1461158,-0.7924486,-0.8437505,-2.1461158,-2.9247146,-3.277061,0.12413646,-0.20924522,-23.431784,-27.631021,-0.20924522,-0.20924522,-0.9960538,0.12413646,-0.02086373,-0.9960538,-1.3822359,-3.4398844,-0.03868688,-0.32389057,-23.462006,-27.631021,-0.32389057,-0.32389057,-1.1130302,-0.03868688,-0.13630798,-1.1130302,-1.7413294
pdac.096519334e5a25772e08825ec3231dd0dcd769334fc61db3df846c9ea00863c0,-4.2061334,-0.3349322,-0.9838262,-21.075294,-27.631021,-0.9838262,-0.9838262,-1.9276088,-0.33764812,-0.7650293,-1.6879356,-1.9276088,-4.094797,-0.2235959,-0.9841074,-20.783777,-27.631021,-0.9841074,-0.9841074,-1.8093119,-0.23789169,-0.7019328,-1.5445206,-1.8093119,-4.4282403,-0.5570392,-1.800863,-20.934755,-27.631021,-1.800863,-1.800863,-2.0364683,-0.56708705,-1.198978,-1.8967116,-2.0364683,-2.938888,0.93231297,-0.25275427,-20.29304,-27.631021,-0.25275427,-0.25275427,-0.71555334,0.90143925,0.18825884,-0.54779595,-0.71555334,-3.2363572,0.6348439,-0.837827,-20.496681,-27.631021,-0.837827,-0.837827,-0.9283129,0.6189034,-0.20241599,-0.89733255,-0.9283129
pdac.0adeb4ed1da7f796ec306c6d29a44f1211598d012a8de5d546d57b0e4e1753ff,-5.749237,-3.2643304,-3.5464191,-20.779623,-27.631021,-3.5464191,-3.5464191,-3.5464191,-3.2643304,-3.2902865,-4.16205,-5.0849743,-5.485478,-3.0005713,-3.3567955,-20.131514,-27.631021,-3.3567955,-3.3567955,-3.3567955,-3.0005713,-3.1101005,-3.9936557,-4.475791,-5.173283,-2.6883764,-3.0360603,-20.342793,-27.631021,-3.0360603,-3.0360603,-3.0360603,-2.6883764,-2.7584536,-3.6058292,-4.199745,-4.116185,-1.6312784,-2.1011903,-19.552956,-27.631021,-2.1011903,-2.1011903,-2.1011903,-1.6312784,-1.8322362,-2.6890528,-3.0286577,-3.9108815,-1.4259748,-1.7804148,-19.900904,-27.631021,-1.7804148,-1.7804148,-1.7804148,-1.4259748,-1.4781675,-2.301206,-3.0067794
pdac.133402df608bd3b31be59fe1dc9a322c75e0fbf5a35342361c09d838c830c494,-4.043264,-0.17206265,-0.46820092,-22.77694,-27.631021,-0.46820092,-0.46820092,-2.0337782,-0.17206265,-0.28181773,-1.2608569,-2.0337782,-4.0306015,-0.15940028,-0.46902007,-22.720451,-27.631021,-0.46902007,-0.46902007,-2.034058,-0.15940028,-0.28249583,-1.2612615,-2.034058,-4.051668,-0.18046694,-0.49351993,-22.722748,-27.631021,-0.49351993,-0.49351993,-2.0445225,-0.18046694,-0.3044371,-1.2782897,-2.0445225,-3.220759,0.6504422,-0.1679186,-22.367968,-27.631021,-0.1679186,-0.1679186,-0.8107647,0.6504422,0.19618307,-0.5792954,-0.8107647,-3.2978687,0.5733323,-0.30429554,-22.377054,-27.631021,-0.30429554,-0.30429554,-0.9013804,0.5733323,0.103427805,-0.6474894,-0.9013804
pdac.162eb74d1e59c2ab6abf238bf941550d55ba74aad47a1c403208edc49640549d,-4.5700574,-0.38040257,-1.3602686,-22.944597,-27.631021,-1.3602686,-1.3925542,-2.1158547,-0.3828793,-0.6988859,-1.3925542,-1.6414062,-4.437157,-0.2475021,-1.2937685,-22.726625,-27.631021,-1.2937685,-1.3189704,-1.8523798,-0.25783563,-0.62550575,-1.3189704,-1.5870559,-4.3532186,-0.1635635,-0.9582013,-22.767233,-27.631021,-0.9582013,-1.348588,-1.7568537,-0.17007579,-0.5811002,-1.348588,-1.6022809,-3.3745804,0.8150745,-0.41088358,-22.36798,-27.631021,-0.41088358,-0.5407982,-0.75066906,0.78854996,0.16076428,-0.5407982,-0.66066617,-3.2652102,0.92444474,-0.33748984,-22.441133,-27.631021,-0.33748984,-0.4125479,-0.6020492,0.911373,0.2834135,-0.4125479,-0.4686921
pdac.165f0d5575dd788688c3dde762f3c6e7afc7e28ac6a26dbb1c6d6e4e49d9554c,-6.9870496,-3.8089957,-4.4379697,-23.991455,-27.631021,-4.4379697,-4.4379697,-4.834159,-3.8089957,-4.0645,-4.834159,-5.008827,-5.8212633,-2.6432095,-3.0804656,-23.773817,-27.631021,-3.0804656,-3.0804656,-3.6313424,-2.6432095,-2.793568,-3.6313424,-4.1087,-6.0162354,-2.8381815,-3.6568244,-23.803371,-27.631021,-3.6568244,-3.6568244,-3.742699,-2.8381815,-3.045869,-3.742699,-4.0472326,-4.383982,-1.2059284,-1.6259415,-23.528746,-27.631021,-1.6259415,-1.6259415,-2.2414804,-1.2059284,-1.3697673,-2.2414804,-2.7270977,-5.025692,-1.8476382,-2.693888,-23.632095,-27.631021,-2.693888,-2.693888,-2.7892106,-1.8476382,-2.091527,-2.7892106,-3.029913
pdac.16b3a359acc4b22f8ac570af8c3a5a3e81433f48ad36edf8a2d815ae14220757,-3.8724256,-0.6943716,-1.2217075,-21.918396,-27.631021,-1.2217075,-1.2217075,-1.4238763,-0.6943716,-0.7104307,-1.4238763,-2.8280153,-3.788078,-0.6100243,-1.1749526,-21.73503,-27.631021,-1.1749526,-1.1749526,-1.3694372,-0.6100243,-0.6574959,-1.3694372,-2.303508,-3.6576788,-0.47962502,-1.0908622,-21.686636,-27.631021,-1.0908622,-1.0908622,-1.2298565,-0.47962502,-0.5270805,-1.2298565,-2.2006266,-2.9397795,0.23827428,-0.48193818,-21.356094,-27.631021,-0.48193818,-0.48193818,-0.6136024,0.23827428,0.08818761,-0.6136024,-1.1511298,-2.9078605,0.2701933,-0.42550737,-21.392153,-27.631021,-0.42550737,-0.42550737,-0.5225592,0.2701933,0.17529011,-0.5225592,-1.24536
pdac.16fadfdf13061705e17cb1fb1d8e2e1576e0471d8214c843256e1eacb22aa3e7,-3.3622494,-0.65419906,-1.3107154,-16.938599,-27.631021,-1.3107154,-1.3107154,-1.3107154,-0.65419906,-0.73814934,-1.4395761,-2.1106687,-3.3185928,-0.61054254,-1.3104209,-16.5403,-27.631021,-1.3104209,-1.3104209,-1.3104209,-0.61054254,-0.73554426,-1.4366355,-2.1084952,-3.289916,-0.5818657,-1.3093594,-16.524347,-27.631021,-1.3093594,-1.3093594,-1.3093594,-0.5818657,-0.718803,-1.4178206,-2.0957468,-1.9799595,0.7280908,-0.25365967,-15.713711,-27.631021,-0.25365967,-0.25365967,-0.25365967,0.7280908,0.36339054,-0.33289224,-0.5283675,-2.051875,0.656175,-0.23612036,-15.783951,-27.631021,-0.23612036,-0.23612036,-0.23612036,0.656175,0.38985872,-0.30570772,-0.7431991
pdac.179c3f1125e6ba3067c76ec44c01077987962c1f0b6f0133051e91de89f49e54,-5.67327,-1.9356004,-2.7552922,-21.934872,-27.631021,-2.7552922,-2.7552922,-3.3659782,-1.9359478,-2.1309745,-2.8266666,-3.3659782,-5.1133037,-1.3756338,-2.1572378,-21.642807,-27.631021,-2.1572378,-2.1572378,-2.781555,-1.3876765,-1.6443338,-2.3573766,-2.781555,-4.682193,-0.9445232,-1.7363185,-21.625786,-27.631021,-1.7363185,-1.7363185,-2.365491,-0.9461562,-1.1418048,-1.840354,-2.365491,-3.7510908,-0.013421152,-0.9558612,-21.173168,-27.631021,-0.9558612,-0.9558612,-1.5618025,-0.034098513,-0.45567408,-1.1719995,-1.5618025,-3.6298375,0.10783214,-0.7996158,-21.231281,-27.631021,-0.7996158,-0.7996158,-1.4584157,0.10379076,-0.17937788,-0.87539345,-1.4584157
pdac.1877b0dee8892e81420c2e70e1550de39bf7e7d193b2659b6ef6720582dc9358,-6.6877933,-4.896034,-5.409476,-20.290329,-27.631021,-5.409476,-5.409476,-5.409476,-4.896034,-4.896034,-5.608944,-12.949636,-4.9927626,-3.2010033,-3.6918855,-19.727325,-27.631021,-3.6918855,-3.6918855,-3.6918855,-3.2010033,-3.2010033,-3.9199305,-11.823627,-5.0857534,-3.293994,-3.830464,-19.754593,-27.631021,-3.830464,-3.830464,-3.830464,-3.293994,-3.293994,-4.0017376,-11.878165,-3.1565855,-1.364826,-1.8065773,-19.120876,-27.631021,-1.8065773,-1.8065773,-1.8065773,-1.364826,-1.364826,-2.1005847,-10.61073,-3.5493054,-1.7575461,-1.9431982,-19.333351,-27.631021,-1.9431982,-1.9431982,-1.9431982,-1.7575461,-1.7575461,-2.7380075,-11.035679
pdac.18f154bb8e180df9f3fc17ae67f2f9a724414d2dbe4ad1494929bfc852ea2f35,-5.756077,-2.1725576,-3.3928719,-18.93472,-27.631021,-3.3928719,-3.3928719,-3.394113,-2.1816626,-2.7009652,-3.394113,-3.4651797,-4.661095,-1.077576,-2.2952368,-18.273535,-27.631021,-2.2952368,-2.2952368,-2.4355075,-1.0968009,-1.7325546,-2.4355075,-2.5564306,-4.3031716,-0.7196525,-1.9695957,-18.257591,-27.631021,-1.9695957,-1.9695957,-2.0020425,-0.73360425,-1.308369,-2.0020425,-2.0882843,-3.0960178,0.48750117,-0.9872123,-17.430298,-27.631021,-0.9872123,-0.9872123,-1.0385268,0.4497893,-0.34406352,-1.0385268,-1.0727874,-2.9450908,0.6384281,-0.36539343,-17.555782,-27.631021,-0.36539343,-0.36539343,-0.674394,0.6179616,0.065752946,-0.674394,-0.89699364
pdac.1b2d057748c599042dde851bc1745b117a462d66f81a402feffb7064c7bd60e4,-4.8427153,-1.1050454,-1.3287904,-23.891905,-27.631021,-1.3287904,-1.3287904,-3.1113489,-1.1050454,-1.1572074,-2.1666253,-3.1113489,-4.774805,-1.0371354,-1.3288004,-23.742004,-27.631021,-1.3288004,-1.3288004,-2.7497938,-1.0371354,-1.1572157,-2.1666303,-2.7497938,-4.7668686,-1.029199,-1.3287904,-23.760311,-27.631021,-1.3287904,-1.3287904,-2.7175026,-1.029199,-1.1572074,-2.1666253,-2.7175026,-3.6153603,0.122309364,-0.5181388,-23.469397,-27.631021,-0.5181388,-0.5181388,-1.2754887,0.122309364,-0.21616395,-1.0394524,-1.2754887,-3.6448274,0.092842296,-0.5181288,-23.5219,-27.631021,-0.5181288,-0.5181288,-1.261277,0.092842296,-0.20487039,-1.0181348,-1.261277
pdac.24aa0f27dfd195b62cb9bd876a0ee6262827a6c15627cc0d0f1d50eeafa6b720,-4.0557866,-0.31811702,-1.2439082,-19.308104,-27.631021,-1.2439082,-1.2439082,-1.7627909,-0.31947833,-0.6312834,-1.3279586,-1.7627909,-3.8715687,-0.13389902,-1.1052356,-18.849741,-27.631021,-1.1052356,-1.1052356,-1.6125536,-0.14410111,-0.47410542,-1.1693035,-1.6125536,-3.7833526,-0.045682844,-1.0498965,-18.913105,-27.631021,-1.0498965,-1.0498965,-1.5594639,-0.051590826,-0.41872156,-1.1139166,-1.5594639,-2.8250723,0.91259754,-0.27404132,-18.229778,-27.631021,-0.27404132,-0.27404132,-0.63586164,0.87926,0.4062068,-0.28702468,-0.63586164,-2.7788866,0.95878315,-0.21861206,-18.401766,-27.631021,-0.21861206,-0.21861206,-0.5841347,0.9499402,0.45952928,-0.23373221,-0.5841347
pdac.24b8a24aeb6d98af506b0b12920242812f5e79e30cef5d068a2e661522a95a82,-4.0976195,-0.10863538,-0.38502222,-23.265432,-27.631021,-0.38502222,-1.349154,-1.9300085,-0.10863538,-0.24926792,-1.349154,-1.9300085,-3.8854365,0.103547625,-0.38537428,-23.125284,-27.631021,-0.38537428,-0.91855884,-1.602185,0.103547625,-0.08953341,-0.91855884,-1.602185,-3.8368816,0.15210244,-0.40640008,-23.112234,-27.631021,-0.40640008,-0.9259464,-1.3440812,0.15210244,-0.103502706,-0.9259464,-1.3440812,-3.048984,0.93999994,-0.111215696,-22.865181,-27.631021,-0.111215696,-0.28262615,-0.55992204,0.93999994,0.4251404,-0.28262615,-0.55992204,-3.0887804,0.9002037,-0.117442705,-22.876732,-27.631021,-0.117442705,-0.34991974,-0.56901926,0.9002037,0.3700103,-0.34991974,-0.56901926
pdac.252fdced64e6d5e8a785fec6915a1f7f4e351d2ed5a577b461e61293c9b860d4,-7.019521,-3.8414674,-4.2906513,-21.00439,-27.631021,-4.2906513,-4.2906513,-4.7618904,-3.8414674,-3.9615915,-4.7618904,-5.50608,-6.7061944,-3.5281405,-4.2906513,-20.544958,-27.631021,-4.2906513,-4.2906513,-4.73969,-3.5281405,-3.948941,-4.73969,-4.9251432,-6.6469884,-3.4689345,-4.2906513,-20.55339,-27.631021,-4.2906513,-4.2906513,-4.73969,-3.4689345,-3.948941,-4.73969,-4.9946384,-5.1245227,-1.9464688,-2.934656,-19.928556,-27.631021,-2.934656,-2.934656,-3.2530947,-1.9464688,-2.51008,-3.2530947,-3.4356315,-5.207426,-2.0293722,-2.934656,-20.074226,-27.631021,-2.934656,-2.934656,-3.2852218,-2.0293722,-2.5318453,-3.2852218,-3.4570496
pdac.25fe299b43a8fa1e9497003ed61b13fd6b904ac756a00dcaf6057b080e9be611,-4.551368,-0.36171344,-1.0943097,-22.071285,-27.631021,-1.0943097,-1.74091,-2.2630332,-0.3761246,-0.8518412,-1.74091,-2.0254447,-4.466135,-0.2764802,-1.2423325,-21.971664,-27.631021,-1.2423325,-1.7327448,-2.084812,-0.29496437,-0.9238775,-1.7327448,-1.9438642,-4.6827188,-0.49306393,-2.009133,-22.000977,-27.631021,-2.009133,-2.073945,-2.2040808,-0.51092273,-1.378699,-2.073945,-2.0970738,-2.9821446,1.2075102,-0.46573958,-21.496517,-27.631021,-0.46573958,-0.4938439,-0.72501963,1.1688561,0.19969814,-0.4938439,-0.6148263,-3.0810604,1.1085945,-0.46673864,-21.53244,-27.631021,-0.46673864,-0.6669884,-0.8212289,1.0706651,0.0460762,-0.6669884,-0.73905927
pdac.264e8c1796c30faf450dc04c448542ca27b0cc5994c170153ac8efaa0dd4a1b3,-4.824133,-1.0864633,-2.0944831,-19.678558,-27.631021,-2.0944831,-2.0944831,-2.5040715,-1.1017125,-1.5378299,-2.2417874,-2.5040715,-4.389069,-0.6513993,-1.8292735,-19.380352,-27.631021,-1.8292735,-1.8292735,-2.0552866,-0.67948693,-1.2847065,-1.9908509,-2.0552866,-4.478409,-0.7407393,-1.9362295,-19.374065,-27.631021,-1.9362295,-1.9362295,-2.1579475,-0.7743147,-1.3777064,-2.0813463,-2.1579475,-2.6638865,1.073783,-0.4117117,-18.67925,-27.631021,-0.4117117,-0.4117117,-0.475361,1.0364738,0.24128821,-0.4526987,-0.475361,-2.7013009,1.0363688,-0.41189167,-18.730453,-27.631021,-0.41189167,-0.41189167,-0.48667496,1.00279,0.23861256,-0.45548448,-0.48667496
pdac.27218b74e0934e6bd6389ac32eddc7ab85327bec201a814848adff3ab20f9d2e,-7.4919915,-4.3139377,-5.551342,-22.413717,-27.631021,-5.551342,-5.551342,-5.646042,-4.3139377,-4.9484177,-5.646042,-5.7389345,-6.547374,-3.3693197,-4.5297074,-22.06533,-27.631021,-4.5297074,-4.5297074,-4.7396317,-3.3693197,-4.02461,-4.7396317,-4.8707304,-6.5686436,-3.3905897,-4.5701723,-22.115196,-27.631021,-4.5701723,-4.5701723,-4.7311077,-3.3905897,-4.025066,-4.7311077,-4.8517194,-4.9614973,-1.7834435,-3.1672487,-21.637756,-27.631021,-3.1672487,-3.1672487,-3.2396564,-1.7834435,-2.54389,-3.2396564,-3.302951,-5.320332,-2.1422782,-3.4548202,-21.76595,-27.631021,-3.4548202,-3.4548202,-3.5433033,-2.1422782,-2.8462465,-3.5433033,-3.6209211
pdac.27594feac8648de107f3b0293e666c14cb397843a878c10e4c146b7e13b6744a,-3.4960785,0.78058755,-0.38265753,-20.669529,-27.631021,-0.38265753,-0.3989331,-0.8643224,0.76463825,0.2943465,-0.3989331,-0.6076404,-3.436439,0.8402271,-0.38274828,-20.436804,-27.631021,-0.38274828,-0.39873862,-0.85005724,0.817872,0.2945364,-0.39873862,-0.58758813,-3.4774253,0.79924077,-0.42399997,-20.507034,-27.631021,-0.42399997,-0.46255562,-0.8893426,0.7795304,0.23133464,-0.46255562,-0.6228535,-2.6143465,1.6623198,-0.112349615,-19.870964,-27.631021,-0.112349615,-0.12228462,-0.27598444,1.5519817,0.5709119,-0.12228462,-0.16676751,-2.663424,1.6132421,-0.13735232,-19.97188,-27.631021,-0.13735232,-0.14390779,-0.281506,1.5284364,0.54926085,-0.14390779,-0.17394699
pdac.28277ae2e765ae3538834d762c6272db8cc700507f73665fb09e959c7d5b286f,-3.4989715,1.6249924,-0.52234423,-21.915058,-27.631021,-0.5803592,-0.6234392,-0.898427,1.384873,0.114469916,-0.5803592,-0.601961,-3.422974,1.7009898,-0.52233434,-21.725489,-27.631021,-0.58013415,-0.6231715,-0.85937554,1.4330143,0.11468248,-0.58013415,-0.601811,-3.3594036,1.7645603,-0.52234423,-21.785145,-27.631021,-0.5804997,-0.62335694,-0.8350934,1.4535797,0.11433755,-0.5804997,-0.6020547,-2.6156764,2.5082874,-0.14310041,-21.370777,-27.631021,-0.1505499,-0.16619992,-0.22648558,2.064927,0.542625,-0.1505499,-0.15362172,-2.6332667,2.4906971,-0.14327075,-21.472383,-27.631021,-0.1504651,-0.1658672,-0.24171783,2.0275574,0.542708,-0.1504651,-0.15326151
pdac.284a3118a874b2474687541b6ffb63774185c6df1ae0431a0356d23309a008a1,-5.3582764,-0.85846645,-1.825498,-22.61036,-27.631021,-1.825498,-2.1174364,-2.9371738,-0.91951656,-1.3822671,-2.1174364,-2.370326,-5.2428026,-0.7429927,-1.8224022,-22.520395,-27.631021,-1.8224022,-2.1098685,-2.8656328,-0.8273585,-1.3759596,-2.1098685,-2.288067,-5.1897364,-0.68992645,-1.6750171,-22.522945,-27.631021,-1.6750171,-2.0208225,-2.8422353,-0.766469,-1.2690396,-2.0208225,-2.2443955,-3.6977158,0.80209386,-0.66901255,-22.123945,-27.631021,-0.66901255,-0.68787444,-1.3113768,0.6825999,0.0054506483,-0.68787444,-0.7945576,-3.6891897,0.81062,-0.56415033,-22.1395,-27.631021,-0.56415033,-0.629411,-1.283213,0.71012366,0.06586414,-0.629411,-0.7430179
pdac.29978afff8304eaf78b47215c5d4907181ea739e4584f201b0348a015532d0ce,-4.525379,-0.33572432,-0.8527224,-21.638931,-27.631021,-0.8527224,-1.5471338,-2.301168,-0.34690252,-0.63008404,-1.5471338,-1.87702,-4.396016,-0.20636132,-0.85296094,-21.37068,-27.631021,-0.85296094,-1.5157065,-2.177434,-0.23256594,-0.6173574,-1.5157065,-1.7577046,-4.3317046,-0.14204991,-0.8597154,-21.347631,-27.631021,-0.8597154,-1.5118958,-2.0821989,-0.16397715,-0.6196392,-1.5118958,-1.7575837,-3.3919551,0.79769963,-0.2940766,-20.93527,-27.631021,-0.2940766,-0.64859235,-1.1343745,0.7361057,0.106121704,-0.64859235,-0.7801342,-3.4342036,0.7554511,-0.29806116,-21.015404,-27.631021,-0.29806116,-0.6723333,-1.0950443,0.7145583,0.08927708,-0.6723333,-0.8020586
pdac.2b00228b3f8af8181973e9be2f224d7d14327dbdb7486c2e0411e7b2c9856d49,-9.378939,-8.280326,-8.280326,-21.18079,-27.631021,-8.280326,-8.280326,-8.280326,-8.280326,-8.280326,-17.955673,-21.18079,-9.373566,-8.274953,-8.274953,-21.178999,-27.631021,-8.274953,-8.274953,-8.274953,-8.274953,-8.274953,-17.952988,-21.178999,-8.068471,-6.9698586,-6.9698586,-20.743967,-27.631021,-6.9698586,-6.9698586,-6.9698586,-6.9698586,-6.9698586,-17.30044,-20.743967,-7.9931135,-6.894501,-6.894501,-20.718847,-27.631021,-6.894501,-6.894501,-6.894501,-6.894501,-6.894501,-17.262762,-20.718847,-7.4751196,-6.3765073,-6.3765073,-20.546183,-27.631021,-6.3765073,-6.3765073,-6.3765073,-6.3765073,-6.3765073,-17.003765,-20.546183
pdac.2b0fee8a3e2a842875a3e6099a4f4d477dae44637ea10d12c3f49c9cb02359ee,-10.532543,-9.433931,-9.433931,-21.565325,-27.631021,-9.433931,-9.433931,-9.433931,-9.433931,-9.433931,-18.532476,-21.565325,-10.077412,-8.978799,-8.978799,-21.413614,-27.631021,-8.978799,-8.978799,-8.978799,-8.978799,-8.978799,-18.30491,-21.413614,-9.166931,-8.068318,-8.068318,-21.11012,-27.631021,-8.068318,-8.068318,-8.068318,-8.068318,-8.068318,-17.84967,-21.11012,-8.699465,-7.600852,-7.600852,-20.954298,-27.631021,-7.600852,-7.600852,-7.600852,-7.600852,-7.600852,-17.615936,-20.954298,-8.557219,-7.4586067,-7.4586067,-20.906883,-27.631021,-7.4586067,-7.4586067,-7.4586067,-7.4586067,-7.4586067,-17.544815,-20.906883
pdac.2bf67023059af2135fe4444e0b8b96e4daaeae0fb51f4a562a5553fa731620d9,-4.3958673,-1.2178134,-1.3156998,-22.270445,-27.631021,-1.3156998,-1.3156998,-2.7093415,-1.2178134,-1.2559336,-2.7093415,-3.479815,-4.386177,-1.2081234,-1.3157299,-21.931707,-27.631021,-1.3157299,-1.3157299,-2.7093716,-1.2081234,-1.2559637,-2.7093716,-3.4798617,-4.398161,-1.220107,-1.3198732,-22.06308,-27.631021,-1.3198732,-1.3198732,-2.713515,-1.220107,-1.260107,-2.713515,-3.487752,-3.4699597,-0.291906,-0.5175685,-21.499287,-27.631021,-0.5175685,-0.5175685,-1.6384078,-0.291906,-0.41656554,-1.6384078,-2.3083093,-3.5230792,-0.3450252,-0.5182395,-21.672539,-27.631021,-0.5182395,-0.5182395,-1.6390787,-0.3450252,-0.4172365,-1.6390787,-2.3088806
pdac.2cb400fd9d05db31218d6842dedaaa234ee697db84bb6c7346fdcd8c3ab9cd16,-7.3366575,-5.544898,-6.529682,-17.142513,-17.246113,-6.529682,-6.529682,-6.529682,-5.544898,-5.857043,-6.5504045,-6.654004,-5.3637247,-3.5719652,-4.23665,-16.327679,-17.022524,-4.23665,-4.23665,-4.23665,-3.5719652,-3.6320393,-4.3294897,-5.024336,-5.5922194,-3.8004599,-4.618392,-16.277405,-16.371937,-4.618392,-4.618392,-4.618392,-3.8004599,-4.114042,-4.8292584,-4.9237895,-3.2009063,-1.4091467,-1.7875967,-15.34529,-16.16625,-1.7875967,-1.7875967,-1.7875967,-1.4091467,-1.4470221,-2.2385993,-3.0595593,-3.8795269,-2.0877674,-2.5391252,-15.503238,-15.713547,-2.5391252,-2.5391252,-2.5391252,-2.0877674,-2.2876496,-3.165144,-3.3754532
pdac.2cd9a0b70388149c46c546a2b3afd02692abe686a0665015ba2048df7f005ff6,-4.870533,-1.1328632,-2.2229128,-21.655851,-27.631021,-2.2229128,-2.2229128,-2.510481,-1.133529,-1.6088221,-2.3053646,-2.510481,-4.423587,-0.6859174,-1.7700006,-21.494572,-27.631021,-1.7700006,-1.7700006,-2.043724,-0.68876386,-1.1262333,-1.8206632,-2.043724,-4.416174,-0.6785041,-1.7686771,-21.494516,-27.631021,-1.7686771,-1.7686771,-2.045905,-0.68132484,-1.1263297,-1.8208365,-2.045905,-2.7962823,0.94138736,-0.27612448,-20.985989,-27.631021,-0.27612448,-0.27612448,-0.52034956,0.9340028,0.38275534,-0.31099987,-0.52034956,-2.809219,0.92845094,-0.2740398,-21.002726,-27.631021,-0.2740398,-0.2740398,-0.5195457,0.92251265,0.38288704,-0.31094083,-0.5195457
pdac.2cfce31fc34bc6a765b001019c497ae8419584c5d2295f9ecc36aec225088139,-5.0067835,-1.1355827,-1.961357,-23.706232,-27.631021,-1.961357,-1.961357,-2.476093,-1.1355827,-1.4364864,-2.146715,-2.476093,-4.9542856,-1.0830845,-1.8786836,-23.680628,-27.631021,-1.8786836,-1.8786836,-2.4437804,-1.0830845,-1.3812649,-2.0983465,-2.4437804,-4.8283896,-0.9571886,-1.6583252,-23.67212,-27.631021,-1.6583252,-1.6583252,-2.3630393,-0.9571886,-1.2340058,-1.9771343,-2.3630393,-3.853922,0.017279211,-0.9422593,-23.46943,-27.631021,-0.9422593,-0.9422593,-1.3336679,0.017279211,-0.36648163,-1.0674441,-1.3336679,-3.7612898,0.10991117,-0.7480825,-23.471628,-27.631021,-0.7480825,-0.7480825,-1.2613336,0.10991117,-0.24388564,-0.95914257,-1.2613336
pdac.2d00147f7452ccd89699c8813ba9bd94f9014312b530b0bbe405335134bbc46f,-8.0682,-5.8709755,-6.8364496,-20.751513,-27.631021,-6.8364496,-6.8364496,-6.8364496,-5.8709755,-6.1434884,-6.8366356,-6.9924936,-7.917424,-5.7201996,-6.6015334,-20.705908,-27.631021,-6.6015334,-6.6015334,-6.6015334,-5.7201996,-5.9650493,-6.6598988,-6.8556786,-6.7699633,-4.5727386,-5.49598,-20.317442,-27.631021,-5.49598,-5.49598,-5.49598,-4.5727386,-4.8591175,-5.5539436,-5.69028,-6.5654736,-4.368249,-5.230091,-20.25554,-27.631021,-5.230091,-5.230091,-5.230091,-4.368249,-4.613325,-5.3096323,-5.5045786,-6.0940666,-3.8968418,-4.8675137,-20.092579,-27.631021,-4.8675137,-4.8675137,-4.8675137,-3.8968418,-4.176343,-4.8694925,-5.015691
pdac.2d0635a5cfa725ae5d5bfd02a599c657321a8febbdd5f67423d573c25a33e737,-6.5876813,-5.489069,-5.489069,-20.25037,-27.631021,-5.489069,-5.489069,-5.489069,-5.489069,-5.489069,-16.560045,-20.25037,-6.304654,-5.206042,-5.206042,-20.156029,-27.631021,-5.206042,-5.206042,-5.206042,-5.206042,-5.206042,-16.418531,-20.156029,-5.1715965,-4.072984,-4.072984,-19.778343,-27.631021,-4.072984,-4.072984,-4.072984,-4.072984,-4.072984,-15.852003,-19.778343,-4.6550026,-3.55639,-3.55639,-19.606144,-27.631021,-3.55639,-3.55639,-3.55639,-3.55639,-3.55639,-15.593706,-19.606144,-3.936666,-2.8380537,-2.8380537,-19.3667,-27.631021,-2.8380537,-2.8380537,-2.8380537,-2.8380537,-2.8380537,-15.234537,-19.3667
pdac.2d87f214b025fbfe9711d8c0dbc826947a556e64500e9d60481f37fb917bfe46,-6.1718955,-2.1829114,-3.10564,-23.659815,-27.631021,-3.10564,-3.3206391,-3.5147748,-2.1829114,-2.6045554,-3.3206391,-3.5147748,-5.931838,-1.942854,-3.0623837,-23.471708,-27.631021,-3.0623837,-3.0839314,-3.3569064,-1.942854,-2.390552,-3.0839314,-3.3569064,-5.953675,-1.9646907,-3.0621238,-23.504742,-27.631021,-3.0621238,-3.0838768,-3.3603587,-1.9646907,-2.3904932,-3.0838768,-3.3603587,-4.1892548,-0.20027074,-0.9165173,-23.15002,-27.631021,-0.9165173,-1.3791523,-1.7629611,-0.20027074,-0.5826024,-1.3791523,-1.7629611,-4.236967,-0.24798281,-0.9160173,-23.24088,-27.631021,-0.9160173,-1.3856214,-1.767692,-0.24798281,-0.5860395,-1.3856214,-1.767692
pdac.2dea592d1612fe5af93000c94be57258e2efcc3c418115abd075714be05dfc3b,-7.7715254,-5.979766,-6.1265087,-20.770319,-27.631021,-6.1265087,-6.1265087,-6.1265087,-5.979766,-5.979766,-7.0489116,-13.909615,-7.0334573,-5.241698,-5.782704,-20.403524,-27.631021,-5.782704,-5.782704,-5.782704,-5.241698,-5.241698,-5.9485316,-13.176028,-6.9889245,-5.197165,-5.669908,-20.394573,-27.631021,-5.669908,-5.669908,-5.669908,-5.197165,-5.197165,-5.9216766,-13.158125,-4.8614044,-3.0696447,-3.543111,-19.685322,-27.631021,-3.543111,-3.543111,-3.543111,-3.0696447,-3.0696447,-3.79392,-11.73962,-4.993585,-3.2018256,-3.8298001,-19.719763,-27.631021,-3.8298001,-3.8298001,-3.8298001,-3.2018256,-3.2018256,-3.8972454,-11.808504
pdac.2ee3b0baf6e555d94c6f7f463efc407dabc56079963a49ea26b2796ea77f8e60,-4.426029,-0.23637415,-1.4617828,-20.902231,-27.631021,-1.4617828,-1.5270687,-2.0217657,-0.26699468,-0.83179194,-1.5270687,-1.5969536,-4.3393745,-0.14971955,-1.4762548,-20.573391,-27.631021,-1.4762548,-1.527298,-1.8596663,-0.20201355,-0.8328486,-1.527298,-1.5971063,-4.340783,-0.15112808,-1.4681115,-20.65767,-27.631021,-1.4681115,-1.5201635,-1.872227,-0.19436093,-0.8256623,-1.5201635,-1.5923735,-2.9890099,1.200645,-0.46166933,-20.011051,-27.631021,-0.46166933,-0.46508273,-0.561342,1.0839672,0.22807027,-0.46508273,-0.49244934,-3.0494418,1.1402131,-0.4559474,-20.141953,-27.631021,-0.4559474,-0.45801315,-0.60475516,1.0621189,0.23513617,-0.45801315,-0.5503369
pdac.2fdfa0fc51b8a91512ef15c7bd83f62590f6efe65e55e8941597c634358e83c9,-4.281657,0.07505183,-0.9835949,-20.808153,-27.631021,-0.9835949,-1.0134175,-1.5522455,0.06751907,-0.31982562,-1.0134175,-1.2301731,-4.193327,0.16338219,-1.0148349,-20.404829,-27.631021,-1.0148349,-1.0693947,-1.4825536,0.13560542,-0.37475988,-1.0693947,-1.2770014,-3.9897413,0.3669678,-0.9834795,-20.415869,-27.631021,-0.9834795,-1.0133749,-1.3811014,0.34715882,-0.31978095,-1.0133749,-1.2301025,-3.0364094,1.3202995,-0.24864419,-19.804813,-27.631021,-0.24864419,-0.2664736,-0.33858353,1.2506143,0.42683253,-0.2664736,-0.31349903,-2.9122832,1.4444258,-0.19758336,-19.917074,-27.631021,-0.19758336,-0.19867946,-0.28040758,1.3986611,0.49446833,-0.19867946,-0.2520346
pdac.310d82f869702400acfd47fcca966f5c19ab4dc93279952e53216439736bf2e7,-3.5776424,0.61201245,-0.6015304,-22.84825,-27.631021,-0.6015304,-0.7286689,-1.0930675,0.6069674,-0.027461322,-0.7286689,-0.8151609,-3.5816405,0.6080143,-0.6004222,-22.835268,-27.631021,-0.6004222,-0.72847855,-1.0933391,0.60107446,-0.027154442,-0.72847855,-0.81528425,-3.7073872,0.48226768,-0.62930113,-22.852005,-27.631021,-0.62930113,-0.822556,-1.2134712,0.47444054,-0.11085018,-0.822556,-0.9602499,-2.8375032,1.3521516,-0.18838666,-22.588303,-27.631021,-0.18838666,-0.25875786,-0.39868653,1.3343722,0.43686333,-0.25875786,-0.29016018,-2.9193056,1.2703493,-0.19545792,-22.599043,-27.631021,-0.19545792,-0.27682248,-0.48874438,1.2511481,0.41963115,-0.27682248,-0.39808878
pdac.32445f80521cd448ead111e8863dc2ecc3c88bad87b6bce1d3c03b582dd31a48,-6.8078394,-4.3229327,-5.0069494,-22.093864,-27.631021,-5.0069494,-5.0069494,-5.0069494,-4.3229327,-4.588709,-5.3345995,-5.482393,-6.5641127,-4.079206,-4.978443,-22.032784,-27.631021,-4.978443,-4.978443,-4.978443,-4.079206,-4.2863994,-4.9795475,-5.23807,-6.5445223,-4.0596156,-4.955833,-22.027864,-27.631021,-4.955833,-4.955833,-4.955833,-4.0596156,-4.266931,-4.9600873,-5.218391,-4.8403635,-2.3554566,-3.2572281,-21.601366,-27.631021,-3.2572281,-3.2572281,-3.2572281,-2.3554566,-2.5651438,-3.2582915,-3.512397,-4.8613596,-2.3764532,-3.233455,-21.605057,-27.631021,-3.233455,-3.233455,-3.233455,-2.3764532,-2.5962532,-3.2910585,-3.527165
pdac.331ab281b6c4b9562371d4b77a7fe077dff6095d6adb87be723532e00f3dcfc0,-4.271472,-0.8702746,-1.0025806,-22.260832,-27.631021,-1.0025806,-1.0025806,-2.5668123,-0.8702746,-0.9597271,-2.5668123,-3.1612751,-4.2376366,-0.8364389,-1.0011324,-22.148281,-27.631021,-1.0011324,-1.0011324,-2.5100398,-0.8364389,-0.9533828,-2.5100398,-3.0507495,-4.2944293,-0.8932319,-1.0598106,-22.179827,-27.631021,-1.0598106,-1.0598106,-2.5425272,-0.8932319,-1.0095567,-2.5425272,-3.0969846,-3.1189291,0.28226823,-0.31627354,-21.752598,-27.631021,-0.31627354,-0.31627354,-0.74405116,0.28226823,0.03793136,-0.74405116,-1.1496242,-3.1405454,0.26065212,-0.33431798,-21.80127,-27.631021,-0.33431798,-0.33431798,-0.75416636,0.26065212,0.024643345,-0.75416636,-1.1562475
pdac.33d55d513560d3a4d2a0a2e33473316271877656187181cdba6e09f652728359,-4.1054077,0.32540873,-0.62798154,-22.190357,-27.631021,-0.62798154,-0.8083231,-1.76756,0.30209303,-0.09900176,-0.8083231,-1.0795798,-3.879768,0.5510487,-0.6276128,-21.937815,-27.631021,-0.6276128,-0.80745465,-1.4433998,0.509138,-0.09822235,-0.80745465,-1.0004228,-3.8638396,0.566977,-0.61094147,-21.977608,-27.631021,-0.61094147,-0.79958874,-1.4137934,0.53386027,-0.08875221,-0.79958874,-0.971442,-2.7328224,1.6979944,-0.20543468,-21.524162,-27.631021,-0.20543468,-0.22091234,-0.44290018,1.6140958,0.47235462,-0.22091234,-0.26251686,-2.7624416,1.668375,-0.16225404,-21.593044,-27.631021,-0.16225404,-0.17343768,-0.41579354,1.6046826,0.51977205,-0.17343768,-0.22935
pdac.34aa8ed455f3e5e68ade18e0bc6051d56e9de8fbe213a5592331f3daf21928ba,-4.391262,-1.5008904,-1.5154005,-23.824951,-27.631021,-1.5154005,-1.5154005,-1.5154005,-1.5008904,-1.508105,-3.9738286,-4.794597,-4.388231,-1.4978589,-1.5152423,-23.8047,-27.631021,-1.5152423,-1.5152423,-1.5152423,-1.4978589,-1.5063841,-3.8762307,-4.6731014,-4.3986816,-1.50831,-1.5412421,-23.737167,-27.631021,-1.5412421,-1.5412421,-1.5412421,-1.50831,-1.5245044,-3.582099,-4.2678914,-3.4823651,-0.5919934,-0.6322277,-23.56301,-27.631021,-0.6322277,-0.6322277,-0.6322277,-0.5919934,-0.6116534,-2.5689306,-3.2229457,-3.459424,-0.56905216,-0.63526064,-23.50671,-27.631021,-0.63526064,-0.63526064,-0.63526064,-0.56905216,-0.6013158,-2.3182592,-2.8851578
pdac.3554937c5dfbc16653dea671320f9deeb86e506fa11f7bda14865426783a748f,-6.4139495,-3.9290428,-4.438945,-23.799656,-27.631021,-4.438945,-4.438945,-4.438945,-3.9290428,-3.9290428,-4.6428328,-12.305562,-6.4137487,-3.928842,-4.438524,-23.799633,-27.631021,-4.438524,-4.438524,-4.438524,-3.928842,-3.928842,-4.6426873,-12.305466,-6.413294,-3.928387,-4.4375734,-23.799578,-27.631021,-4.4375734,-4.4375734,-4.4375734,-3.928387,-3.928387,-4.6423573,-12.305245,-4.688979,-2.2040722,-2.7062023,-23.512497,-27.631021,-2.7062023,-2.7062023,-2.7062023,-2.2040722,-2.2040722,-2.919876,-11.156924,-4.6883864,-2.2034798,-2.7051716,-23.512419,-27.631021,-2.7051716,-2.7051716,-2.7051716,-2.2034798,-2.2034798,-2.9194007,-11.156608
pdac.3668add4253b2a2f4df4b2d1fefa5056d10dc7780c4d5659c6dbdd7256d3969c,-4.8414803,-1.1038105,-1.6624656,-23.634577,-27.631021,-1.6624656,-1.6624656,-2.7113085,-1.1038105,-1.3615888,-2.1858892,-2.7113085,-4.7881365,-1.0504669,-1.6460409,-23.622534,-27.631021,-1.6460409,-1.6460409,-2.6259837,-1.0504669,-1.3172166,-2.1177,-2.6259837,-4.7242537,-0.9865841,-1.5224308,-23.620026,-27.631021,-1.5224308,-1.5224308,-2.6035724,-0.9865841,-1.2341517,-2.070544,-2.6035724,-3.7193549,0.018314825,-0.7758765,-23.413643,-27.631021,-0.7758765,-0.7758765,-1.501752,0.018314825,-0.34780192,-1.0892749,-1.501752,-3.681162,0.056507647,-0.6656069,-23.412584,-27.631021,-0.6656069,-0.6656069,-1.4933966,0.056507647,-0.28854585,-1.0560572,-1.4933966
pdac.3976a8b759ba47b2d8345696006198343a079dac7efb2bffb40ab065a5e620f1,-3.916696,0.27295873,-0.75629926,-22.682571,-27.631021,-0.75629926,-0.86115783,-1.4846661,0.26538533,-0.16252303,-0.86115783,-1.0209894,-3.7921646,0.39749035,-0.7568966,-22.503725,-27.631021,-0.7568966,-0.8614615,-1.3044838,0.38851622,-0.16285737,-0.8614615,-1.0214093,-3.8876288,0.30202612,-0.95633024,-22.550648,-27.631021,-0.95633024,-0.9620551,-1.4328634,0.29457727,-0.26889148,-0.9620551,-1.1341984,-2.8717902,1.3178647,-0.24168186,-22.199753,-27.631021,-0.24168186,-0.29083586,-0.3925721,1.2921927,0.40351892,-0.29083586,-0.34093618,-3.0261993,1.1634555,-0.33953947,-22.277424,-27.631021,-0.33953947,-0.34997243,-0.5651697,1.1464901,0.34322917,-0.34997243,-0.46024278
pdac.3bbd0b74289860bebb43c2b42c04fa31c6b6e4c38cbab706ee0586adc016b241,-5.1577806,-0.59343255,-1.8466988,-23.368244,-27.631021,-1.8466988,-1.892854,-2.625186,-0.6256967,-1.1986421,-1.892854,-1.9227926,-5.0249953,-0.46064702,-1.8468751,-23.280088,-27.631021,-1.8468751,-1.8610433,-2.4222653,-0.51152134,-1.1677958,-1.8610433,-1.887032,-5.0798297,-0.51548153,-1.8759221,-23.266384,-27.631021,-1.8759221,-1.9106615,-2.463992,-0.57685786,-1.2169111,-1.9106615,-1.9960625,-3.687602,0.8767463,-0.6521767,-22.964445,-27.631021,-0.6521767,-0.76456475,-1.0225992,0.7949163,-0.06511526,-0.76456475,-0.8118993,-3.761903,0.8024451,-0.6528569,-22.968313,-27.631021,-0.6528569,-0.7795975,-1.1380616,0.7156207,-0.07844013,-0.7795975,-0.9585508
pdac.3c62a68d3f1f71c7908d2f4630f5373ad9da4bfeb192be7fde348d2214ee360a,-3.8681588,-0.46696132,-0.6198911,-23.62917,-27.631021,-0.6198911,-0.6198911,-1.8242686,-0.46696132,-0.5337802,-1.8242686,-2.3641522,-3.8675168,-0.46631938,-0.62009656,-23.621696,-27.631021,-0.62009656,-0.62009656,-1.8270738,-0.46631938,-0.53441364,-1.8270738,-2.365841,-4.193646,-0.7924486,-0.9275504,-23.663229,-27.631021,-0.9275504,-0.9275504,-2.1461158,-0.7924486,-0.8437505,-2.1461158,-2.9247146,-3.277061,0.12413646,-0.20924522,-23.431784,-27.631021,-0.20924522,-0.20924522,-0.9960538,0.12413646,-0.02086373,-0.9960538,-1.3822359,-3.4398844,-0.03868688,-0.32389057,-23.462006,-27.631021,-0.32389057,-0.32389057,-1.1130302,-0.03868688,-0.13630798,-1.1130302,-1.7413294
pdac.3cdeec0df917b416e1d817be1681c380e4d34a4ec8035cf79530f5e81daa658c,-3.660009,0.3289752,-0.9909004,-23.038195,-27.631021,-0.9909004,-1.065695,-1.1084137,0.3289752,-0.36975342,-1.065695,-1.1084137,-3.641334,0.3476501,-1.0264723,-23.032318,-27.631021,-1.0264723,-1.0351878,-1.0880655,0.3476501,-0.3420027,-1.0351878,-1.0880655,-3.6735554,0.3154288,-1.0135876,-23.036753,-27.631021,-1.0135876,-1.0991371,-1.133389,0.3154288,-0.402335,-1.0991371,-1.133389,-2.7146263,1.2743578,-0.32653457,-22.796726,-27.631021,-0.32653457,-0.35072953,-0.3714606,1.2743578,0.34271032,-0.35072953,-0.3714606,-2.7159355,1.2730486,-0.32731584,-22.79728,-27.631021,-0.32731584,-0.34890622,-0.3741397,1.2730486,0.34447402,-0.34890622,-0.3741397
pdac.3d10b14dc2dfbc2e6372e46b2cf781170d5eeefa945175e6d257bae958452428,-5.910721,-2.173051,-3.0622153,-21.58823,-27.631021,-3.0622153,-3.0622153,-3.5520568,-2.1747565,-2.4808557,-3.181047,-3.5520568,-5.5010056,-1.7633358,-2.8598967,-21.236399,-27.631021,-2.8598967,-2.8598967,-3.1671484,-1.7707243,-2.2628593,-2.961121,-3.1671484,-5.389089,-1.6514193,-2.5368423,-21.256092,-27.631021,-2.5368423,-2.5368423,-3.0594,-1.6564277,-2.0722692,-2.7995288,-3.0594,-3.9217272,-0.18405747,-1.3072091,-20.744078,-27.631021,-1.3072091,-1.3072091,-1.6804062,-0.19513379,-0.83055294,-1.5538006,-1.6804062,-3.8805075,-0.14283776,-0.98412466,-20.85426,-27.631021,-0.98412466,-0.98412466,-1.5725647,-0.14724118,-0.61793476,-1.3920883,-1.5725647
pdac.3de8ef8ae466b90caf01d389fbebbd24c9b94a9d5627bdc47ebc3e2444c687bb,-4.9626536,-1.0914525,-1.5154005,-23.792912,-27.631021,-1.5154005,-1.5154005,-2.7638798,-1.0914525,-1.1960453,-2.0041645,-2.7638798,-4.790578,-0.91937697,-1.5152423,-23.764345,-27.631021,-1.5152423,-1.5152423,-2.5844393,-0.91937697,-1.0180112,-1.7351445,-2.5844393,-4.797703,-0.9265015,-1.5412421,-23.740086,-27.631021,-1.5412421,-1.5412421,-2.6019912,-0.9265015,-1.0339193,-1.7483648,-2.6019912,-3.4945626,0.37663832,-0.37375054,-23.496313,-27.631021,-0.37375054,-0.37375054,-1.0666534,0.37663832,0.19848621,-0.5029891,-1.0666534,-3.48554,0.385661,-0.3737607,-23.47528,-27.631021,-0.3737607,-0.3737607,-1.0656562,0.385661,0.19716004,-0.50451064,-1.0656562
pdac.3e7b60594d00801da9b1525467fd57aff6458bc5a93eaf7a53cfec0c4381ab16,-4.2988915,0.38323957,-1.2184191,-21.716991,-27.631021,-1.3445979,-1.4424497,-1.7181814,0.26090574,-0.64351124,-1.3445979,-1.4424497,-4.319738,0.3623936,-1.2294749,-21.696842,-27.631021,-1.35829,-1.4522215,-1.7568898,0.22470768,-0.65686893,-1.35829,-1.4522215,-4.4739923,0.20813893,-1.3472708,-21.7209,-27.631021,-1.4759464,-1.5471079,-1.971195,0.059653196,-0.77454334,-1.4759464,-1.5471079,-2.997089,1.6850423,-0.36431673,-21.270756,-27.631021,-0.44477898,-0.5083592,-0.66950375,1.4185411,0.25160182,-0.44477898,-0.5083592,-3.0449824,1.6371489,-0.4052654,-21.276003,-27.631021,-0.53988934,-0.598632,-0.7289319,1.3638947,0.1622924,-0.53988934,-0.598632
pdac.3eba81df173d3a47cd9abb1d4cb966d26b1156f09ed6d0f2c047928a8c3b58a5,-3.9562726,0.4004365,-1.0795103,-22.758688,-27.631021,-1.0795103,-1.0977051,-1.2499834,0.38617665,-0.40439242,-1.0977051,-1.1315234,-3.8839178,0.47279125,-1.0770562,-22.665775,-27.631021,-1.0770562,-1.0954313,-1.215771,0.44984403,-0.4021153,-1.0954313,-1.1292825,-3.811203,0.54550606,-1.0766462,-22.643145,-27.631021,-1.0766462,-1.0802838,-1.117417,0.5193885,-0.38712996,-1.0802838,-1.0913212,-2.9709516,1.3857574,-0.39133197,-22.387156,-27.631021,-0.39133197,-0.39914876,-0.4766172,1.334404,0.29402897,-0.39914876,-0.41292676,-2.9595604,1.3971485,-0.30808175,-22.399466,-27.631021,-0.30808175,-0.34949183,-0.38615775,1.3482747,0.3445125,-0.34949183,-0.36848307
pdac.418d86644254cb8e9ead39f23fbccba1e47a792738737260c5e3b8f43bb70e3a,-6.375918,-4.5841584,-4.5841584,-23.789877,-27.631021,-4.5841584,-4.5841584,-4.5841584,-4.5841584,-4.5841584,-16.10759,-19.948734,-6.116642,-4.3248825,-4.3248825,-23.746666,-27.631021,-4.3248825,-4.3248825,-4.3248825,-4.3248825,-4.3248825,-15.977952,-19.862309,-5.5289664,-3.737207,-3.737207,-23.64872,-27.631021,-3.737207,-3.737207,-3.737207,-3.737207,-3.737207,-15.684114,-19.666416,-4.799466,-3.0077066,-3.0077066,-23.527136,-27.631021,-3.0077066,-3.0077066,-3.0077066,-3.0077066,-3.0077066,-15.319365,-19.42325,-4.614482,-2.8227222,-2.8227222,-23.496305,-27.631021,-2.8227222,-2.8227222,-2.8227222,-2.8227222,-2.8227222,-15.2268715,-19.361588
pdac.41948ef81b29c2e9a1e1dbec45cbd0fd716d2f677c0d5c019aa7bee7454f0154,-3.8288112,-0.9384394,-1.1109189,-23.501253,-27.631021,-1.1109189,-1.1109189,-1.1109189,-0.9384394,-0.9684798,-2.049307,-2.852416,-3.7401984,-0.8498265,-1.0123624,-23.493061,-27.631021,-1.0123624,-1.0123624,-1.0123624,-0.8498265,-0.877542,-1.9801848,-2.8032615,-3.4629953,-0.5726235,-0.7003598,-23.47128,-27.631021,-0.7003598,-0.7003598,-0.7003598,-0.5726235,-0.5939736,-1.7938671,-2.6725705,-3.1023467,-0.21197484,-0.54124635,-23.322483,-27.631021,-0.54124635,-0.54124635,-0.54124635,-0.21197484,-0.26975253,-1.1237463,-1.7797898,-2.9622478,-0.071876004,-0.36833656,-23.308598,-27.631021,-0.36833656,-0.36833656,-0.36833656,-0.071876004,-0.12286281,-1.0079961,-1.6964805
pdac.42ae4444df49d21f04e742a64847a457668b4c54a598fd5380099d724bd9099f,-3.8228827,-0.0852129,-0.22317903,-23.300081,-27.631021,-0.22317903,-0.22317903,-2.361492,-0.0852129,-0.11403688,-1.3031975,-2.361492,-3.7656682,-0.027998526,-0.22320929,-23.120394,-27.631021,-0.22320929,-0.22320929,-1.8711424,-0.027998526,-0.11406924,-1.3032379,-1.8711424,-3.8539584,-0.11628867,-0.28537667,-23.163952,-27.631021,-0.28537667,-0.28537667,-2.1384468,-0.11628867,-0.17723982,-1.3702776,-2.1384468,-3.1595988,0.5780708,-0.06541105,-22.845772,-27.631021,-0.06541105,-0.06541105,-0.7321922,0.5780708,0.29779562,-0.4782557,-0.7321922,-3.373931,0.36373872,-0.08584618,-22.92036,-27.631021,-0.08584618,-0.08584618,-1.134757,0.36373872,0.18117571,-0.6778185,-1.134757
pdac.43eff9c9b94de17893f4e9038606c566e5f7049fbd2440cc0b343e3c5f39d5b1,-3.985471,0.20418382,-0.69079655,-23.347858,-27.631021,-0.69079655,-0.7162659,-1.6176878,0.20163377,-0.022794455,-0.7162659,-1.173407,-3.9805555,0.2090992,-0.69140047,-23.316837,-27.631021,-0.69140047,-0.7168759,-1.6154822,0.20498928,-0.023404267,-0.7168759,-1.1702129,-4.068433,0.12122178,-0.809101,-23.323702,-27.631021,-0.809101,-0.8263562,-1.6725008,0.11694024,-0.13306013,-0.8263562,-1.2464911,-3.310583,0.87907165,-0.32410234,-23.080704,-27.631021,-0.32410234,-0.33446968,-0.7685679,0.86426,0.35873124,-0.33446968,-0.488436,-3.5130582,0.6765967,-0.67703414,-23.107174,-27.631021,-0.67703414,-0.67890763,-0.9442533,0.6631644,0.014241332,-0.67890763,-0.72318023
pdac.459de03dc16cea8d8e740014fa1d9fa7d74ec3328ea780fe31024a19251687c8,-6.2901206,-2.4189196,-3.6641016,-22.040085,-27.631021,-3.6641016,-3.6641016,-4.0853333,-2.463602,-3.1635532,-3.879781,-4.0853333,-5.7736006,-1.9023997,-3.1603963,-21.90484,-27.631021,-3.1603963,-3.1603963,-3.6350224,-1.9468777,-2.6852405,-3.4089687,-3.6350224,-5.7426386,-1.8714374,-3.160032,-21.895983,-27.631021,-3.160032,-3.160032,-3.5649312,-1.9143234,-2.6728375,-3.3928442,-3.5649312,-4.057335,-0.18613398,-1.5707253,-21.476461,-27.631021,-1.5707253,-1.5707253,-1.8454453,-0.23152682,-0.91064966,-1.6043625,-1.8454453,-4.1589518,-0.2877506,-1.615187,-21.493773,-27.631021,-1.615187,-1.615187,-2.0008063,-0.33747303,-1.0641891,-1.7691405,-2.0008063
pdac.45a67f8d9f62cd8c87a5bfb2af784ad7413e95ddc5904210d4728dd04d24b1ae,-3.660996,0.43334875,-0.7531856,-22.766605,-27.631021,-0.7531856,-0.8556167,-1.0959167,0.42821828,-0.15723258,-0.8556167,-1.0959167,-3.6297693,0.46457526,-0.7527017,-22.737225,-27.631021,-0.7527017,-0.8551578,-1.0963117,0.45957667,-0.15677114,-0.8551578,-1.0963117,-3.6804466,0.41389787,-0.79663336,-22.7484,-27.631021,-0.79663336,-0.8987558,-1.1721114,0.40935937,-0.20040315,-0.8987558,-1.1721114,-2.697029,1.3973154,-0.26816928,-22.461733,-27.631021,-0.26816928,-0.3131958,-0.3797847,1.3852698,0.38096473,-0.3131958,-0.3797847,-2.7181468,1.3761978,-0.27987996,-22.465925,-27.631021,-0.27987996,-0.3246586,-0.4097956,1.3645333,0.3694908,-0.3246586,-0.4097956
pdac.471cea0afadf40ad9bb08c51cfe53b579b763fb4891b0bcde837c05b30b236dd,-3.4478688,0.9088402,-0.43766263,-20.304815,-27.631021,-0.43766263,-0.50914717,-0.83800197,0.84997046,0.18655287,-0.50914717,-0.690043,-3.4901762,0.86653274,-0.4399445,-20.311697,-27.631021,-0.4399445,-0.5239268,-0.8475505,0.8090021,0.17274275,-0.5239268,-0.7002242,-3.5055532,0.85115576,-0.69882697,-20.21933,-27.631021,-0.69882697,-0.7986265,-0.8957036,0.7723049,-0.10050757,-0.7986265,-0.84477115,-2.8340669,1.522642,-0.1531047,-19.881021,-27.631021,-0.1531047,-0.19065806,-0.46780664,1.3610886,0.5031941,-0.19065806,-0.35259593,-2.8042755,1.5524335,-0.4361661,-19.80565,-27.631021,-0.4361661,-0.46280456,-0.56085914,1.3397763,0.2306974,-0.46280456,-0.48796484
pdac.479edba51883161758b5e95658d4281ad002742540d55683297c796f743e26c8,-3.9810302,0.3756787,-0.57002586,-23.64255,-27.631021,-0.57002586,-0.89400876,-1.222485,0.3685746,-0.14927232,-0.89400876,-1.0123259,-3.9753153,0.3813936,-0.569946,-23.632406,-27.631021,-0.569946,-0.8882749,-1.219566,0.37367815,-0.14529437,-0.8882749,-1.0085866,-3.8393297,0.5173793,-0.5745041,-23.603624,-27.631021,-0.5745041,-0.67729753,-1.1173353,0.5090892,0.021123618,-0.67729753,-0.86952907,-3.247818,1.108891,-0.17582692,-23.416231,-27.631021,-0.17582692,-0.32944897,-0.548442,1.0906942,0.37545198,-0.32944897,-0.4480934,-3.1381416,1.2185674,-0.175036,-23.398563,-27.631021,-0.175036,-0.29787695,-0.45898256,1.2015296,0.40279627,-0.29787695,-0.3592981
pdac.48657f7ed006811c6e16d49df92f38505bea87ac8a995cdf4d0f86940b73e607,-6.3800507,-2.6423807,-3.5893426,-23.535343,-27.631021,-3.5893426,-3.5893426,-3.995988,-2.6423807,-3.055884,-3.7642498,-3.995988,-6.3400254,-2.6023557,-3.589403,-23.381435,-27.631021,-3.589403,-3.589403,-3.9963002,-2.6023557,-3.0559192,-3.76428,-3.9963002,-6.410081,-2.6724112,-3.676882,-23.407042,-27.631021,-3.676882,-3.676882,-4.0555434,-2.6724112,-3.1063247,-3.8080497,-4.0555434,-4.8899517,-1.1522821,-2.277795,-23.03637,-27.631021,-2.277795,-2.277795,-2.6595557,-1.1522821,-1.731987,-2.437896,-2.6595557,-4.953824,-1.2161545,-2.2991612,-23.075436,-27.631021,-2.2991612,-2.2991612,-2.673732,-1.2161545,-1.7443061,-2.448574,-2.673732
pdac.49275a01f654d604b98c9fddc28055353c4f11a4e9090bfad336178de048fc41,-4.355427,-0.4842256,-0.89833724,-22.285582,-27.631021,-0.89833724,-0.89833724,-2.2146385,-0.48445615,-0.75080097,-1.8178403,-2.2146385,-4.232092,-0.36089075,-0.88834393,-22.158516,-27.631021,-0.88834393,-0.88834393,-2.1180186,-0.36358282,-0.7048701,-1.689616,-2.1180186,-4.273114,-0.40191314,-0.94995487,-22.171392,-27.631021,-0.94995487,-0.94995487,-2.1482835,-0.403756,-0.7584269,-1.7276697,-2.1482835,-3.061831,0.8093701,-0.312774,-21.788717,-27.631021,-0.312774,-0.312774,-0.75056267,0.7983647,0.12960553,-0.6059022,-0.75056267,-3.107548,0.7636531,-0.33681986,-21.820366,-27.631021,-0.33681986,-0.33681986,-0.79085934,0.75868547,0.08724991,-0.65599006,-0.79085934
pdac.49585ebe453874d6da5b9be7acbb07caaca4c72bb87e5e9b2e0b05d376cbe2ed,-4.7562084,-0.8850074,-1.4959112,-23.40575,-27.631021,-1.4959112,-1.4959112,-2.3211985,-0.8850074,-1.0468025,-1.7796843,-2.3211985,-4.6613135,-0.7901125,-1.4983448,-23.20259,-27.631021,-1.4983448,-1.4983448,-2.2957337,-0.7901125,-1.0483587,-1.7809062,-2.2957337,-4.429158,-0.5579573,-0.9713123,-23.242348,-27.631021,-0.9713123,-0.9713123,-2.190655,-0.5579573,-0.707579,-1.5703392,-2.190655,-3.5483928,0.32280824,-0.99914455,-22.905378,-27.631021,-0.99914455,-0.99914455,-1.0346433,0.32280824,-0.31592524,-1.0091221,-1.0346433,-3.677046,0.19415504,-0.6515459,-22.969782,-27.631021,-0.6515459,-0.6515459,-1.2672603,0.19415504,-0.13275188,-0.84437686,-1.2672603
pdac.4990f32d2d919910e0463579eaf33dc77ff0a2ea5ea4b4e454618ec0cb785e7f,-4.2834415,-0.4122403,-1.2324752,-23.04608,-27.631021,-1.2324752,-1.2324752,-1.9405,-0.4122403,-0.8578803,-1.6268616,-1.9405,-4.0867376,-0.21553648,-1.2324852,-23.000725,-27.631021,-1.2324852,-1.2324852,-1.6876031,-0.21553648,-0.78663594,-1.5207756,-1.6876031,-4.048025,-0.17682427,-1.2324752,-22.989197,-27.631021,-1.2324752,-1.2324752,-1.6362897,-0.17682427,-0.7284964,-1.4438106,-1.6362897,-3.030521,0.84068024,-0.47286567,-22.76547,-27.631021,-0.47286567,-0.47286567,-0.7041683,0.84068024,0.12513338,-0.573021,-0.7041683,-3.004829,0.8663722,-0.47285566,-22.756231,-27.631021,-0.47285566,-0.47285566,-0.69719684,0.8663722,0.13459727,-0.5625687,-0.69719684
pdac.4ab88e85d7f918ff3c77ef690cc8c4d7b578202fa3c16a746474beb998aab158,-3.9880245,-2.196265,-2.196265,-23.391895,-27.631021,-2.196265,-2.196265,-2.196265,-2.196265,-2.196265,-14.913643,-19.15277,-3.9880245,-2.196265,-2.196265,-23.391895,-27.631021,-2.196265,-2.196265,-2.196265,-2.196265,-2.196265,-14.913643,-19.15277,-3.9880745,-2.196315,-2.196315,-23.391903,-27.631021,-2.196315,-2.196315,-2.196315,-2.196315,-2.196315,-14.913669,-19.152786,-2.8746562,-1.0828967,-1.0828967,-23.206333,-27.631021,-1.0828967,-1.0828967,-1.0828967,-1.0828967,-1.0828967,-14.356959,-18.781647,-2.8746762,-1.0829167,-1.0829167,-23.206337,-27.631021,-1.0829167,-1.0829167,-1.0829167,-1.0829167,-1.0829167,-14.356969,-18.781652
pdac.4d9526f57bd7be35701d1a18f29f084b52b3c72faad65d9ce9f712e92653543a,-4.5437474,-1.1425499,-1.4236459,-22.140413,-27.631021,-1.4236459,-1.4236459,-2.4986706,-1.1425499,-1.3134664,-2.4986706,-2.9312873,-4.419234,-1.0180362,-1.406775,-22.067232,-27.631021,-1.406775,-1.406775,-2.3294196,-1.0180362,-1.2600982,-2.3294196,-2.744178,-4.322665,-0.92146754,-1.4109464,-22.038311,-27.631021,-1.4109464,-1.4109464,-1.9948943,-0.92146754,-1.1401404,-1.9948943,-2.521178,-3.2637303,0.1374672,-0.42408383,-21.743414,-27.631021,-0.42408383,-0.42408383,-1.1491483,0.1374672,-0.21338537,-1.1491483,-1.4307405,-3.2660904,0.13510706,-0.42769447,-21.74247,-27.631021,-0.42769447,-0.42769447,-1.0284258,0.13510706,-0.1647504,-1.0284258,-1.4403318
pdac.4dd4666a58df40ae7a743bd9ec85002262e1b8804545d20e5969b19454cd2efd,-4.5962586,-1.1950611,-2.3532214,-23.54667,-27.631021,-2.3532214,-2.3532214,-2.360487,-1.1950611,-1.6673136,-2.360487,-2.453486,-4.3681455,-0.9669481,-1.9022053,-23.522053,-27.631021,-1.9022053,-1.9022053,-2.1280851,-0.9669481,-1.4096411,-2.1280851,-2.207933,-4.3574896,-0.95629233,-1.7780268,-23.527288,-27.631021,-1.7780268,-1.7780268,-2.1019504,-0.95629233,-1.3572326,-2.1019504,-2.2139208,-3.200372,0.20082541,-0.7642223,-23.308195,-27.631021,-0.7642223,-0.7642223,-0.9920912,0.20082541,-0.2732035,-0.9920912,-1.0695192,-3.2168794,0.18431808,-0.78646225,-23.311134,-27.631021,-0.78646225,-0.78646225,-1.009824,0.18431808,-0.29193628,-1.009824,-1.0856965
pdac.4dd73a8d75764a36b173839b707185f604f161503af59c67eb33341369899650,-5.279578,-1.1852335,-2.2520607,-21.289104,-27.631021,-2.2520607,-2.4092526,-2.7431443,-1.227771,-1.7038013,-2.4092526,-2.7431443,-4.955429,-0.8610847,-1.9107757,-21.042427,-27.631021,-1.9107757,-2.2127006,-2.533253,-0.9531776,-1.4746501,-2.2127006,-2.533253,-4.9407125,-0.84636766,-1.924696,-21.06506,-27.631021,-1.924696,-2.2197208,-2.4439895,-0.9274748,-1.4836708,-2.2197208,-2.4439895,-3.4719095,0.62243515,-0.68848604,-20.575706,-27.631021,-0.68848604,-0.8875382,-1.0180103,0.49353328,-0.17470957,-0.8875382,-1.0180103,-3.6291146,0.46522987,-0.6977391,-20.65977,-27.631021,-0.6977391,-0.89212966,-1.1902264,0.35719576,-0.18020645,-0.89212966,-1.1902264
pdac.4dfd81c4d5df501d5c3897828dc6b0238432993e2e59b6569d4a130242692041,-5.2770915,-1.6935725,-2.4488122,-22.13533,-27.631021,-2.4488122,-2.4488122,-2.7191548,-1.6935725,-1.9899018,-2.7191548,-2.9760587,-4.902325,-1.3188063,-2.3075213,-21.834595,-27.631021,-2.3075213,-2.3075213,-2.3887658,-1.3188063,-1.692322,-2.3887658,-2.7012491,-4.486945,-0.90342593,-1.6810263,-21.864824,-27.631021,-1.6810263,-1.6810263,-1.8643787,-0.90342593,-1.1545157,-1.8643787,-2.348656,-3.444452,0.1390669,-1.1594795,-21.396814,-27.631021,-1.1594795,-1.1594795,-1.1847565,0.1390669,-0.49128985,-1.1847565,-1.2976838,-3.2890067,0.29451227,-0.67628527,-21.485228,-27.631021,-0.67628527,-0.67628527,-0.8220178,0.29451227,-0.118289,-0.8220178,-1.1242661
pdac.4f823c9155bff962b7542406f6c9f979ee2d43f8de293734896416181896532d,-7.4543896,-4.969483,-5.0704074,-24.057795,-27.631021,-5.0704074,-5.0704074,-5.0704074,-4.969483,-4.969483,-6.191655,-13.338111,-7.270066,-4.785159,-5.007551,-23.97628,-27.631021,-5.007551,-5.007551,-5.007551,-4.785159,-4.785159,-5.7025795,-13.01206,-7.2288055,-4.743899,-4.9607725,-23.970818,-27.631021,-4.9607725,-4.9607725,-4.9607725,-4.743899,-4.743899,-5.669794,-12.990204,-5.3137817,-2.8288748,-3.291081,-23.618677,-27.631021,-3.291081,-3.291081,-3.291081,-2.8288748,-2.8288748,-3.5569587,-11.581646,-5.2773933,-2.792487,-3.2445421,-23.613226,-27.631021,-3.2445421,-3.2445421,-3.2445421,-2.792487,-2.792487,-3.5242534,-11.559843
pdac.5084844def6c367e7d245d3b2ea118a148628af2c3b494634f40f28ded641b41,-4.6063066,-0.41665167,-1.6323422,-20.436758,-27.631021,-1.6323422,-1.7643318,-2.290502,-0.4615827,-1.0624993,-1.7643318,-2.0403957,-3.9327686,0.25688633,-0.8751878,-20.086521,-27.631021,-0.8751878,-1.0689452,-1.6393623,0.19919935,-0.35714334,-1.0689452,-1.4415131,-3.8123732,0.37728173,-0.82531214,-20.109882,-27.631021,-0.82531214,-0.95060325,-1.5054095,0.3300717,-0.24962759,-0.95060325,-1.286942,-2.800064,1.3895906,-0.36912328,-19.572744,-27.631021,-0.36912328,-0.41853738,-0.6617935,1.2633507,0.27583018,-0.41853738,-0.55961263,-2.8527546,1.3369001,-0.49066943,-19.654953,-27.631021,-0.49066943,-0.49338153,-0.6216682,1.2478279,0.19976933,-0.49338153,-0.5500492
pdac.5232fc4ce7c13d293a6955864090fbae72a06a164b2003279803b54ee01d9b58,-4.171842,-0.18285811,-1.1079961,-22.48772,-27.631021,-1.1079961,-1.179743,-1.4098588,-0.18496577,-0.48402426,-1.179743,-1.4098588,-4.1563616,-0.16737752,-1.1079762,-22.397102,-27.631021,-1.1079762,-1.1799403,-1.409827,-0.176957,-0.48420596,-1.1799403,-1.409827,-4.2011924,-0.21220848,-1.1351613,-22.415926,-27.631021,-1.1351613,-1.2284439,-1.4514391,-0.21954376,-0.53095216,-1.2284439,-1.4514391,-3.1204357,0.86854845,-0.30642226,-22.05369,-27.631021,-0.30642226,-0.33638656,-0.44866705,0.85220826,0.3572095,-0.33638656,-0.44866705,-3.149489,0.8394951,-0.31412816,-22.084724,-27.631021,-0.31412816,-0.35874826,-0.46633047,0.8283271,0.33539408,-0.35874826,-0.46633047
pdac.53a7bda44e9cd1a870dfac8596d6b671e14876f2eaa36cb5a3c5a2a83e5e8f96,-4.473442,-0.48445785,-1.1468163,-20.329525,-27.631021,-1.1468163,-1.837115,-2.178785,-0.5266203,-0.9225308,-1.837115,-2.178785,-4.2347236,-0.24573952,-1.0271959,-20.189669,-27.631021,-1.0271959,-1.7492299,-2.021408,-0.30285832,-0.81534314,-1.7492299,-2.021408,-4.23485,-0.245866,-1.0054866,-20.184244,-27.631021,-1.0054866,-1.7363555,-2.0090823,-0.30585688,-0.79698324,-1.7363555,-2.0090823,-2.9054513,1.0835329,-0.2572102,-19.680794,-27.631021,-0.2572102,-0.5669385,-0.7303342,1.0064404,0.17342664,-0.5669385,-0.7303342,-2.9589996,1.0299844,-0.23549084,-19.699091,-27.631021,-0.23549084,-0.5520285,-0.7189944,0.95400214,0.19040182,-0.5520285,-0.7189944
pdac.549b2eee8430b59a2d261826e5c9fe8d140da5eb55eae71567b26de9466c6e69,-4.7196655,-1.8292938,-2.7567174,-20.023148,-27.631021,-2.7567174,-2.7567174,-2.7567174,-1.8292938,-2.274876,-2.9964998,-3.1581683,-4.6696134,-1.7792417,-2.748513,-19.924505,-27.631021,-2.748513,-2.748513,-2.748513,-1.7792417,-2.2586277,-2.9778438,-3.1166387,-4.0622797,-1.1719079,-1.9942635,-19.744171,-27.631021,-1.9942635,-1.9942635,-1.9942635,-1.1719079,-1.6075242,-2.3694687,-2.5603487,-3.3635898,-0.47321793,-1.4146626,-19.448751,-27.631021,-1.4146626,-1.4146626,-1.4146626,-0.47321793,-0.9421998,-1.6668032,-1.8233511,-2.9456053,-0.05523341,-0.7732466,-19.375723,-27.631021,-0.7732466,-0.7732466,-0.7732466,-0.05523341,-0.44454545,-1.2451255,-1.4508129
pdac.55824e9856f635c19bd7ef8aa2c09db3dfb55071807bfe701d3d79fc923b2cbd,-3.9925265,-0.25485677,-1.1571835,-22.557772,-27.631021,-1.1571835,-1.1571835,-1.5655671,-0.25485677,-0.7036338,-1.4348431,-1.5655671,-3.7683978,-0.03072812,-1.1465478,-22.446096,-27.631021,-1.1465478,-1.1465478,-1.430918,-0.03072812,-0.59281474,-1.2972791,-1.430918,-3.6715178,0.066151895,-0.9211496,-22.443436,-27.631021,-0.9211496,-0.9211496,-1.3354895,0.066151895,-0.46830526,-1.1997769,-1.3354895,-2.8289557,0.9087141,-0.44709545,-22.14575,-27.631021,-0.44709545,-0.44709545,-0.5628679,0.9087141,0.23328829,-0.4599414,-0.5628679,-2.833799,0.9038709,-0.25679085,-22.170265,-27.631021,-0.25679085,-0.25679085,-0.49185854,0.9038709,0.29700983,-0.4074427,-0.49185854
pdac.55e20eba027d218581d6d6565db5d43eb449d169ff91a54b334405982b3fe486,-4.4104986,-1.0093011,-1.1758581,-20.976433,-27.631021,-1.1758581,-1.1758581,-2.4072242,-1.0093011,-1.0940921,-2.4072242,-3.0563717,-4.2729096,-0.8717121,-1.177037,-20.64296,-27.631021,-1.177037,-1.177037,-2.2011328,-0.8717121,-1.0557331,-2.2011328,-2.6502802,-4.363871,-0.96267384,-1.2504612,-20.722511,-27.631021,-1.2504612,-1.2504612,-2.321548,-0.96267384,-1.1394572,-2.321548,-2.7279034,-2.923877,0.47732052,-0.3288762,-20.036476,-27.631021,-0.3288762,-0.3288762,-0.6780169,0.47732052,0.074880406,-0.6780169,-1.0944173,-3.0938132,0.30738416,-0.35430422,-20.16271,-27.631021,-0.35430422,-0.35430422,-0.9337863,0.30738416,-0.0813721,-0.9337863,-1.2617486
pdac.58352b27f6462865bc5f04fb36bb20cdd83580d37505ab7ff4c4eb21ac1bd991,-3.2454581,-1.4536986,-1.4536986,-23.268135,-27.631021,-1.4536986,-1.4536986,-1.4536986,-1.4536986,-1.4536986,-14.54236,-18.905247,-3.244937,-1.4531773,-1.4531773,-23.268047,-27.631021,-1.4531773,-1.4531773,-1.4531773,-1.4531773,-1.4531773,-14.542099,-18.905073,-3.243165,-1.4514056,-1.4514056,-23.267752,-27.631021,-1.4514056,-1.4514056,-1.4514056,-1.4514056,-1.4514056,-14.541214,-18.904484,-2.387858,-0.59609836,-0.59609836,-23.1252,-27.631021,-0.59609836,-0.59609836,-0.59609836,-0.59609836,-0.59609836,-14.11356,-18.61938,-2.386006,-0.5942467,-0.5942467,-23.124893,-27.631021,-0.5942467,-0.5942467,-0.5942467,-0.5942467,-0.5942467,-14.112634,-18.618763
pdac.593b826cde836b139d7e3d92f3abebfd6c59eb038e1a52830901051ad0fe2af7,-3.640169,-0.05665002,-1.28756,-20.250996,-27.631021,-1.28756,-1.28756,-1.4053633,-0.057578012,-0.7052933,-1.4053633,-1.461282,-3.681023,-0.0975038,-1.2876315,-20.303015,-27.631021,-1.2876315,-1.2876315,-1.3939779,-0.09855522,-0.6951865,-1.3939779,-1.4538598,-3.843699,-0.26018,-1.5155458,-20.304268,-27.631021,-1.5155458,-1.5155458,-1.6121763,-0.2616212,-0.9143676,-1.6121763,-1.6451914,-2.5699036,1.0136154,-0.5000973,-19.823355,-27.631021,-0.5000973,-0.5000973,-0.50565434,1.0082575,0.18750829,-0.50565434,-0.5770829,-2.7183142,0.8652048,-0.56146425,-19.830196,-27.631021,-0.56146425,-0.56146425,-0.6027068,0.85798,0.09129059,-0.6027068,-0.7784716
pdac.5a7001d71ced3a00d0de43f5a15c3bad82832a822f40c893a1996dfae37df414,-4.8061304,-0.9349294,-1.2014732,-23.714079,-27.631021,-1.2014732,-1.2014732,-2.8133411,-0.9349294,-1.1042314,-2.342243,-2.8133411,-4.7978306,-0.92662966,-1.2020155,-23.703953,-27.631021,-1.2020155,-1.2020155,-2.804937,-0.92662966,-1.1025556,-2.3309448,-2.804937,-4.9090357,-1.0378348,-1.4258478,-23.69978,-27.631021,-1.4258478,-1.4258478,-2.7214913,-1.0378348,-1.2357082,-2.2075584,-2.7214913,-3.7833455,0.08785547,-0.3740375,-23.464201,-27.631021,-0.3740375,-0.3740375,-1.6706611,0.08785547,-0.22597158,-1.2916132,-1.6706611,-3.7932997,0.077901304,-0.47400832,-23.458385,-27.631021,-0.47400832,-0.47400832,-1.5663319,0.077901304,-0.23836747,-1.1366651,-1.5663319
pdac.5c98f9f84cbff4e1c58a35026e27086b03d0d54844b47969239971081a10df93,-4.1643176,0.19239122,-1.0818106,-21.207472,-27.631021,-1.0818106,-1.2243505,-1.6044433,0.15615219,-0.5210787,-1.2243505,-1.4578359,-3.955536,0.40117314,-1.0769504,-20.96597,-27.631021,-1.0769504,-1.2184308,-1.4181767,0.35400835,-0.5153084,-1.2184308,-1.269252,-4.011728,0.34498137,-1.1167929,-21.049093,-27.631021,-1.1167929,-1.2103353,-1.4131916,0.29975083,-0.5128194,-1.2103353,-1.2650855,-2.719085,1.637624,-0.24800487,-20.491001,-27.631021,-0.24800487,-0.296476,-0.3756925,1.5543641,0.39784545,-0.296476,-0.33015153,-2.857989,1.4987199,-0.25974047,-20.61517,-27.631021,-0.25974047,-0.30043,-0.4018495,1.4192079,0.39354476,-0.30043,-0.36771816
pdac.5d15b8d201f34ad546b6b7ef4230fd3323350b7d8eaaacd885b4c3a84bf4e7e3,-3.8397777,-0.10210798,-0.77203053,-22.08335,-27.631021,-0.77203053,-0.77203053,-1.4206166,-0.10210798,-0.25599992,-0.9682821,-1.4206166,-4.0591874,-0.32151777,-1.1698722,-22.049734,-27.631021,-1.1698722,-1.1698722,-1.5902892,-0.32151777,-0.528903,-1.2234868,-1.5902892,-4.025651,-0.28798142,-0.7785704,-22.100529,-27.631021,-0.7785704,-0.7785704,-1.643185,-0.28798142,-0.47776675,-1.3021346,-1.643185,-3.3554852,0.3821845,-0.69959193,-21.733685,-27.631021,-0.69959193,-0.69959193,-0.88333464,0.3821845,-0.03693261,-0.73055923,-0.88333464,-3.3830936,0.35457602,-0.25989515,-21.817139,-27.631021,-0.25989515,-0.25989515,-1.0149548,0.35457602,0.07016512,-0.7293526,-1.0149548
pdac.60f5f5551d9d39cc37a37a624f54543d6a54c53d50c19a9f8a862fd95fbb706c,-3.900955,-0.029753964,-1.0584866,-22.622683,-27.631021,-1.0584866,-1.0584866,-1.3914839,-0.029753964,-0.44709533,-1.1438844,-1.3914839,-3.8965383,-0.025337277,-1.058314,-22.610645,-27.631021,-1.058314,-1.058314,-1.3898075,-0.025337277,-0.44481447,-1.1414101,-1.3898075,-3.949714,-0.078512974,-1.0771085,-22.666002,-27.631021,-1.0771085,-1.0771085,-1.4122663,-0.078512974,-0.46874213,-1.1658189,-1.4122663,-2.9914498,0.8797511,-0.41563705,-22.319437,-27.631021,-0.41563705,-0.41563705,-0.59976363,0.8797511,0.24015747,-0.4537145,-0.59976363,-3.0363247,0.8348763,-0.41401145,-22.348415,-27.631021,-0.41401145,-0.41401145,-0.599445,0.8348763,0.23982657,-0.45412493,-0.599445
pdac.617ea03b5bf371b581602e2d791b0b0b5536e8d2ce5b12227d8f6efcc5f7ec6d,-6.1198616,-2.5363424,-3.11419,-22.661747,-27.631021,-3.11419,-3.11419,-3.8180678,-2.5363424,-2.895302,-3.8180678,-4.2181444,-5.659541,-2.076022,-2.9015646,-22.56118,-27.631021,-2.9015646,-2.9015646,-3.0586977,-2.076022,-2.3532557,-3.0586977,-3.6247497,-5.6579485,-2.0744295,-2.8994024,-22.556297,-27.631021,-2.8994024,-2.8994024,-3.062502,-2.0744295,-2.3561125,-3.062502,-3.62598,-3.836118,-0.252599,-1.0135789,-22.176304,-27.631021,-1.0135789,-1.0135789,-1.1981027,-0.252599,-0.48802677,-1.1981027,-1.7986851,-3.8847065,-0.3011875,-1.1102926,-22.190765,-27.631021,-1.1102926,-1.1102926,-1.2453034,-0.3011875,-0.54306984,-1.2453034,-1.8287997
pdac.628078fab006255a2eb163aa7420ae7325bbae59cee9b886484e043b34075265,-3.9831295,0.37357962,-0.7700346,-20.171688,-27.631021,-0.7700346,-1.2683572,-1.707835,0.24791385,-0.45586956,-1.2683572,-1.5555502,-3.841864,0.5148449,-0.772695,-19.960821,-27.631021,-0.772695,-1.2548211,-1.590627,0.35769603,-0.4496929,-1.2548211,-1.424927,-3.83348,0.5232291,-0.77941245,-20.013302,-27.631021,-0.77941245,-1.256059,-1.5948591,0.36568835,-0.4533734,-1.256059,-1.4287847,-2.5274723,1.8292367,-0.2059555,-19.423594,-27.631021,-0.2059555,-0.24390839,-0.4161223,1.6212854,0.44995883,-0.24390839,-0.35031527,-2.5298874,1.8268216,-0.20503111,-19.5011,-27.631021,-0.20503111,-0.24622291,-0.4164437,1.6333337,0.4477724,-0.24622291,-0.35027096
pdac.66d475772f20b9b96304dcd65c028a16ff42e098544a7a2b857325e6a4008fcf,-4.714917,-1.3137195,-1.4359283,-23.02899,-27.631021,-1.4359283,-1.4359283,-2.9639707,-1.3137195,-1.389931,-2.9639707,-3.542547,-4.534763,-1.1335655,-1.2639294,-22.97092,-27.631021,-1.2639294,-1.2639294,-2.8673322,-1.1335655,-1.2242417,-2.8673322,-3.4207866,-4.4071245,-1.0059271,-1.139233,-22.937464,-27.631021,-1.139233,-1.139233,-2.771139,-1.0059271,-1.1017038,-2.771139,-3.3375874,-3.553862,-0.15266462,-0.44025394,-22.656452,-27.631021,-0.44025394,-0.44025394,-1.6376511,-0.15266462,-0.35298377,-1.6376511,-2.106414,-3.4548585,-0.053661015,-0.33407167,-22.638815,-27.631021,-0.33407167,-0.33407167,-1.5314864,-0.053661015,-0.24680445,-1.5314864,-2.0105717
pdac.67cce11af8007e7c91f4dd0201f62e5b74dcc6d39dbc4060b4dec5dbe7109996,-3.9002612,0.08872283,-1.199984,-20.75347,-27.631021,-1.199984,-1.2472169,-1.3057482,0.080813535,-0.5529547,-1.2472169,-1.3057482,-3.8496377,0.13934629,-1.2171837,-20.548746,-27.631021,-1.2171837,-1.259717,-1.2868849,0.10907754,-0.5656656,-1.259717,-1.2868849,-3.859358,0.129626,-1.2180021,-20.595118,-27.631021,-1.2180021,-1.2569654,-1.2787846,0.10486059,-0.5630594,-1.2569654,-1.2787846,-2.7167926,1.2721915,-0.33459672,-20.075611,-27.631021,-0.33459672,-0.37066787,-0.40537375,1.204207,0.32312974,-0.37066787,-0.40537375,-2.7717886,1.2171954,-0.3298386,-20.155981,-27.631021,-0.3298386,-0.3580888,-0.39278877,1.165786,0.33545735,-0.3580888,-0.39278877
pdac.687f0e0f02f5f116c821004bdcddce39d0726dd1493b5eb44e906c976f042ddb,-5.1851764,-1.783979,-2.231921,-23.060854,-27.631021,-2.231921,-2.231921,-2.6307082,-1.783979,-1.8600676,-2.6307082,-3.503254,-4.736807,-1.3356096,-1.772276,-22.97325,-27.631021,-1.772276,-1.772276,-2.1807537,-1.3356096,-1.4064013,-2.1807537,-3.1622202,-4.509127,-1.1079296,-1.5629965,-22.931477,-27.631021,-1.5629965,-1.5629965,-1.9458272,-1.1079296,-1.1811234,-1.9458272,-2.8236802,-3.5268788,-0.1256813,-0.7183149,-22.667658,-27.631021,-0.7183149,-0.7183149,-0.9695877,-0.1256813,-0.2451982,-0.9695877,-1.7518572,-3.4135153,-0.01231797,-0.6196583,-22.6558,-27.631021,-0.6196583,-0.6196583,-0.8495774,-0.01231797,-0.1302285,-0.8495774,-1.5509014
pdac.6bf798d089e25c1c39905be4ea8006b203d1a66e81b9807d937055e1889ef799,-4.900772,-0.91178775,-1.4682125,-22.887419,-27.631021,-1.4682125,-1.983453,-2.5949388,-0.91746116,-1.1630576,-1.983453,-2.5949388,-4.8816357,-0.8926516,-1.4628377,-22.869469,-27.631021,-1.4628377,-1.9850924,-2.5943906,-0.89842194,-1.161353,-1.9850924,-2.5943906,-4.9591885,-0.9702044,-1.5407697,-22.90344,-27.631021,-1.5407697,-2.029272,-2.6624262,-0.97291225,-1.2212715,-2.029272,-2.6624262,-3.4724228,0.5165613,-0.36537075,-22.51486,-27.631021,-0.36537075,-0.6953917,-1.0415305,0.5064307,0.051251657,-0.6953917,-1.0415305,-3.5230703,0.4659138,-0.38708237,-22.528421,-27.631021,-0.38708237,-0.7014531,-1.1772366,0.4543364,0.04031544,-0.7014531,-1.1772366
pdac.6c465b08b9004a70ad76f6f42997675cd04f754890a810a7c2529292992a8c79,-5.4228354,-1.1461694,-1.3365923,-23.840181,-27.631021,-1.3365923,-2.8378289,-3.7296476,-1.1464077,-1.2881222,-2.8378289,-3.3429718,-5.1507516,-0.87408555,-1.3364664,-23.554316,-27.631021,-1.3364664,-2.129572,-2.794214,-0.8802306,-1.150236,-2.129572,-2.4356894,-5.0525064,-0.7758405,-1.2901368,-23.6208,-27.631021,-1.2901368,-1.8748581,-2.641958,-0.77744585,-1.0196975,-1.8748581,-2.2721298,-3.9171734,0.35949284,-0.5498088,-23.246485,-27.631021,-0.5498088,-0.82019997,-1.3164834,0.34301654,-0.090934016,-0.82019997,-1.0312047,-3.9398136,0.33685255,-0.50416934,-23.378633,-27.631021,-0.50416934,-0.6453422,-1.4375103,0.33444336,0.057736967,-0.6453422,-1.0744859
pdac.6d6ec37c242b1be988d63aad2b4f40d3d53cfccdcfbbd4d7012bd08806bc5313,-5.5836926,-1.0193444,-2.0651164,-22.175436,-27.631021,-2.0651164,-2.4074287,-2.9259307,-1.0623547,-1.6568024,-2.4074287,-2.542442,-5.271713,-0.7073644,-1.7531394,-22.008236,-27.631021,-1.7531394,-2.1501055,-2.6484272,-0.7780625,-1.3801535,-2.1501055,-2.3271475,-5.2816167,-0.7172684,-1.7382156,-22.012047,-27.631021,-1.7382156,-2.1756601,-2.6705031,-0.78826463,-1.3897383,-2.1756601,-2.3350341,-3.5155423,1.048806,-0.3218953,-21.445044,-27.631021,-0.3218953,-0.53643787,-0.9506187,0.91345096,0.17954917,-0.53643787,-0.73145485,-3.5351706,1.0291778,-0.30029196,-21.456356,-27.631021,-0.30029196,-0.53137046,-0.96296877,0.8975928,0.18824108,-0.53137046,-0.7536585
pdac.6e76f9649d713a23e4d01b62f28d8d7fcae67a0307e985d629de0b29484b4a6d,-3.885841,0.30381387,-0.6021646,-23.783281,-27.631021,-0.6021646,-0.7179245,-1.2848694,0.30371594,-0.01809206,-0.7179245,-0.9925694,-3.8803577,0.30929703,-0.6022046,-23.686218,-27.631021,-0.6022046,-0.71796954,-1.285027,0.30881435,-0.018136512,-0.71796954,-0.9926127,-3.8815973,0.30805746,-0.6025348,-23.696072,-27.631021,-0.6025348,-0.71874547,-1.28549,0.30753082,-0.018860944,-0.71874547,-0.99324673,-3.213684,0.9759706,-0.18590508,-23.495043,-27.631021,-0.18590508,-0.23344263,-0.54614365,0.9749781,0.46083403,-0.23344263,-0.3716647,-3.223508,0.9661469,-0.1858751,-23.545174,-27.631021,-0.1858751,-0.23355275,-0.5460837,0.9654319,0.46073058,-0.23355275,-0.3717348
pdac.6e84941a947a64ac84085495dc6bdc385cbd40ffc58360fd3eed4d88aafe9880,-5.6688423,-1.9311726,-2.484521,-23.268263,-27.631021,-2.484521,-2.484521,-3.4750614,-1.9311726,-2.2175376,-3.0765755,-3.4750614,-5.1683254,-1.4306557,-1.8222125,-23.21694,-27.631021,-1.8222125,-1.8222125,-3.1304727,-1.4306557,-1.6161807,-2.5596828,-3.1304727,-5.0962086,-1.3585387,-1.7790383,-23.208559,-27.631021,-1.7790383,-1.7790383,-3.0333042,-1.3585387,-1.5308763,-2.412552,-3.0333042,-3.8731167,-0.13544694,-0.6697651,-22.926956,-27.631021,-0.6697651,-0.6697651,-1.775846,-0.13544694,-0.3777498,-1.2104605,-1.775846,-3.8740358,-0.13636619,-0.73362327,-22.924437,-27.631021,-0.73362327,-0.73362327,-1.7428052,-0.13636619,-0.37913698,-1.1609293,-1.7428052
pdac.6fcf37b8eff45f51157e2214f44c0afd6515e413dda16679d8413b5257ac2405,-6.1412754,-2.4036057,-2.9694345,-22.853746,-27.631021,-2.9694345,-2.9694345,-4.1107717,-2.4036057,-2.7523787,-3.67799,-4.1107717,-5.2304573,-1.4927878,-2.3319683,-22.62426,-27.631021,-2.3319683,-2.3319683,-3.0664494,-1.4927878,-1.9755627,-2.7560663,-3.0664494,-4.921148,-1.1834782,-1.7500427,-22.609812,-27.631021,-1.7500427,-1.7500427,-2.8020754,-1.1834782,-1.5341506,-2.4615874,-2.8020754,-3.5391834,0.19848624,-0.86931854,-22.271671,-27.631021,-0.86931854,-0.86931854,-1.1623224,0.19848624,-0.28074363,-0.98000395,-1.1623224,-3.4228177,0.31485206,-0.36051187,-22.32154,-27.631021,-0.36051187,-0.36051187,-1.1323032,0.31485206,0.041000687,-0.7130379,-1.1323032
pdac.6ffa99a65c84b1088ff2565a370cd6278dcb2c0e69a37221af1192790b3b5e66,-3.886079,-0.30256018,-1.237435,-20.058222,-27.631021,-1.237435,-1.237435,-1.3382907,-0.3027164,-0.6400662,-1.3382907,-1.7132657,-3.3235905,0.25992852,-0.77776015,-19.651167,-27.631021,-0.77776015,-0.77776015,-0.97890633,0.2587265,-0.26566422,-0.97890633,-1.065136,-3.3544345,0.22908449,-0.8144314,-19.650051,-27.631021,-0.8144314,-0.8144314,-1.0260082,0.228039,-0.3106437,-1.0260082,-1.1280625,-2.4238524,1.1596667,-0.25112313,-19.07498,-27.631021,-0.25112313,-0.25112313,-0.36059248,1.1480235,0.33853456,-0.36059248,-0.46300933,-2.6371737,0.9463452,-0.469787,-19.162033,-27.631021,-0.469787,-0.469787,-0.46979934,0.94098824,0.22334784,-0.46979934,-0.7557494
pdac.72bbd452ed7f204187777dcf8fb150e53c7dbeae32e3699475d01f179b1114c8,-3.6390338,0.09863591,-0.8476692,-20.467377,-27.631021,-0.8476692,-0.8476692,-1.3257109,0.096535325,-0.22996481,-0.9261917,-1.3257109,-3.6353965,0.102273144,-0.8565862,-20.29676,-27.631021,-0.8565862,-0.8565862,-1.3274072,0.09763096,-0.23475829,-0.93064535,-1.3274072,-3.643832,0.09383772,-0.8691243,-20.355865,-27.631021,-0.8691243,-0.8691243,-1.3361949,0.09038506,-0.2429838,-0.9385382,-1.3361949,-2.5080667,1.229603,-0.2218686,-19.735363,-27.631021,-0.2218686,-0.2218686,-0.34847894,1.2102815,0.40417525,-0.29138634,-0.34847894,-2.5243251,1.2133446,-0.2181816,-19.816854,-27.631021,-0.2181816,-0.2181816,-0.35387975,1.1988794,0.40310994,-0.29282013,-0.35387975
pdac.7345f8c7dc89854f3307344fc405d68108735641c81a8b6c4b68224d5602cb78,-4.1910605,0.308749,-0.52218056,-21.947498,-27.631021,-0.52218056,-0.86212695,-1.7947984,0.28941402,-0.11227777,-0.86212695,-1.1253836,-4.146727,0.35308272,-0.52220064,-21.733576,-27.631021,-0.52220064,-0.8499508,-1.715341,0.31730604,-0.104028426,-0.8499508,-1.1071129,-4.142299,0.35751045,-0.5232454,-21.75135,-27.631021,-0.5232454,-0.85305905,-1.7280804,0.31843302,-0.10648167,-0.85305905,-1.10833,-3.2297344,1.2700754,-0.15827121,-21.279757,-27.631021,-0.15827121,-0.24542326,-0.72860867,1.1640025,0.45151687,-0.24542326,-0.3321456,-3.2651346,1.2346752,-0.16181886,-21.3365,-27.631021,-0.16181886,-0.25173157,-0.79305214,1.1426737,0.44545233,-0.25173157,-0.33572933
pdac.7356028f0d7a06a6c912febf441abd04c023f419cc19cbd54f4daa1b1d24ef7f,-4.901296,-0.6246301,-1.6151006,-22.161861,-27.631021,-1.6151006,-1.7512262,-2.3750644,-0.6359474,-1.0488424,-1.7512262,-1.927454,-4.4815183,-0.20485191,-1.0791959,-21.848978,-27.631021,-1.0791959,-1.4532831,-1.9263878,-0.23836575,-0.6917388,-1.4532831,-1.5979793,-4.372141,-0.09547489,-0.9499517,-21.878464,-27.631021,-0.9499517,-1.3136057,-1.8290931,-0.12384492,-0.55574435,-1.3136057,-1.5049378,-3.3952112,0.8814548,-0.47338414,-21.43866,-27.631021,-0.47338414,-0.6657403,-0.930692,0.8105714,0.04579434,-0.6657403,-0.7329129,-3.5383239,0.73834234,-0.5780093,-21.546644,-27.631021,-0.5780093,-0.7228087,-1.0228374,0.6909655,-0.01921456,-0.7228087,-0.77432925
pdac.74ce69bff8d17cc0f8829ce52e37dcc0058275a8061ee8356ac353797b201b56,-5.8351727,-1.8461884,-2.4850097,-22.706745,-27.631021,-2.4850097,-3.1135354,-3.4047418,-1.8536494,-2.2346466,-3.1135354,-3.4047418,-4.801543,-0.812559,-1.6718345,-22.451973,-27.631021,-1.6718345,-1.9880476,-2.2859848,-0.822392,-1.2457167,-1.9880476,-2.2859848,-4.91073,-0.92174566,-2.1238532,-22.441761,-27.631021,-2.1238532,-2.3045707,-2.406927,-0.93137914,-1.5951821,-2.3045707,-2.406927,-3.48502,0.5039641,-0.78424156,-22.110544,-27.631021,-0.78424156,-0.85815245,-0.97869164,0.4883433,-0.16227634,-0.85815245,-0.97869164,-3.72637,0.26261407,-0.7089283,-22.187338,-27.631021,-0.7089283,-0.88479304,-1.2198694,0.2525798,-0.17626074,-0.88479304,-1.2198694
pdac.74ee47496d69f4081390f7a0ab460b408539fbabf9e8e21db50a98726add0316,-4.0760775,0.28063157,-1.2845532,-22.191124,-27.631021,-1.2845532,-1.2885506,-1.3285928,0.2746607,-0.5953954,-1.2885506,-1.2933722,-4.00772,0.3489888,-1.2710772,-21.882473,-27.631021,-1.2710772,-1.2777711,-1.3244164,0.32694694,-0.5846015,-1.2777711,-1.2879883,-3.9425902,0.41411874,-1.0023272,-22.00745,-27.631021,-1.0023272,-1.1465778,-1.2496766,0.40125385,-0.44306237,-1.1465778,-1.2068043,-2.9471545,1.4095544,-0.39439154,-21.47434,-27.631021,-0.39439154,-0.44785947,-0.5044012,1.3452799,0.24671644,-0.44785947,-0.46981075,-2.9506893,1.4060197,-0.24351071,-21.648746,-27.631021,-0.24351071,-0.31925917,-0.42667508,1.374893,0.3767542,-0.31925917,-0.3861318
pdac.759fcac6f2c2d5a3e85fcd0328fa00057d9febcba896204d2b2e4949b4d2a15a,-4.3782887,-0.64061886,-2.1273913,-18.784857,-27.631021,-2.1273913,-2.1273913,-2.3077526,-0.6900731,-1.4977599,-2.1930618,-2.3077526,-4.129511,-0.39184096,-2.0297437,-18.55781,-27.631021,-2.0297437,-2.0297437,-2.1738923,-0.45209125,-1.4331539,-2.131466,-2.1738923,-4.162635,-0.42496535,-1.98671,-18.599562,-27.631021,-1.98671,-1.98671,-2.1958628,-0.48126492,-1.4106519,-2.1115744,-2.1958628,-2.5852942,1.1523756,-0.39392766,-17.923964,-27.631021,-0.39392766,-0.39392766,-0.6837388,1.0822082,0.13981566,-0.5684909,-0.6837388,-2.6428852,1.0947846,-0.39459902,-18.000608,-27.631021,-0.39459902,-0.39459902,-0.6683259,1.0364208,0.1574611,-0.5472998,-0.6683259
pdac.75bcb181b4f2a515c0758cf202f05fb24e8c7d1f95d47a9a2b4cab0e2f6b7a5f,-4.9992414,-1.598044,-1.8123407,-20.482412,-27.631021,-1.8123407,-1.8123407,-2.820333,-1.598044,-1.6873049,-2.820333,-3.460762,-4.410103,-1.0089055,-1.706442,-19.884422,-27.631021,-1.706442,-1.706442,-2.1891403,-1.0089055,-1.3837557,-2.1891403,-2.4645433,-4.394196,-0.9929987,-1.4650356,-19.994894,-27.631021,-1.4650356,-1.4650356,-2.2752872,-0.9929987,-1.2845497,-2.2752872,-2.5843992,-2.9180675,0.48312992,-0.6888815,-19.226871,-27.631021,-0.6888815,-0.6888815,-0.82312226,0.48312992,-0.1209917,-0.82312226,-0.9727846,-3.1641698,0.23702767,-0.44987318,-19.431484,-27.631021,-0.44987318,-0.44987318,-1.0690175,0.23702767,-0.19532411,-1.0690175,-1.3297045
pdac.76192c33dd02ab0443ce972d2712a7936c7529777bf0465f6c4f128bd2161c56,-3.3646433,-0.18658957,-0.7268035,-23.362926,-27.631021,-0.7268035,-0.7268035,-1.2331051,-0.18658957,-0.41691574,-1.2331051,-1.4635344,-3.363237,-0.18518306,-0.7258268,-23.362629,-27.631021,-0.7258268,-0.7258268,-1.2312031,-0.18518306,-0.41544554,-1.2312031,-1.461947,-3.335454,-0.15740022,-0.69719976,-23.358368,-27.631021,-0.69719976,-0.69719976,-1.2046143,-0.15740022,-0.38790467,-1.2046143,-1.4340854,-2.6292472,0.5488066,-0.25495055,-23.205618,-27.631021,-0.25495055,-0.25495055,-0.5169975,0.5488066,0.21009809,-0.5169975,-0.6464721,-2.6040473,0.5740065,-0.22856207,-23.20172,-27.631021,-0.22856207,-0.22856207,-0.49267742,0.5740065,0.2349501,-0.49267742,-0.62085897
pdac.7d8096443b0bafc320360b1ed49a6c092a08feeefdfbb48cb9e4584a6b58714b,-8.548927,-4.454582,-5.5408754,-22.325933,-27.631021,-5.5408754,-5.553608,-6.063772,-4.4726515,-4.8603797,-5.553608,-6.063772,-7.175453,-3.0811086,-4.2334414,-21.763699,-27.631021,-4.2334414,-4.2918987,-4.645661,-3.1304123,-3.5970442,-4.2918987,-4.645661,-7.006333,-2.9119883,-3.887236,-21.791609,-27.631021,-3.887236,-4.0548887,-4.5413113,-2.9398808,-3.347753,-4.0548887,-4.5413113,-5.575924,-1.4815793,-2.8908856,-21.199518,-27.631021,-2.8908856,-2.9645567,-3.3031275,-1.5684334,-2.2686982,-2.9645567,-3.3031275,-6.06552,-1.9711751,-3.0609944,-21.415941,-27.631021,-3.0609944,-3.4157624,-3.7398696,-2.0228283,-2.6609623,-3.4157624,-3.7398696
pdac.7decabff6d7a54fbce2bff7f23aa2082d11fd459ab6f9f8438295e5fbabfdcc7,-4.3072577,-0.7237385,-1.4521341,-21.006855,-27.631021,-1.4521341,-1.4521341,-2.0096529,-0.7237385,-1.1685331,-2.0096529,-2.3042088,-4.3023176,-0.7187987,-1.5061827,-21.013748,-27.631021,-1.5061827,-1.5061827,-1.969884,-0.7187987,-1.1728727,-1.969884,-2.1953778,-4.6029334,-1.0194144,-2.1328115,-21.062723,-27.631021,-2.1328115,-2.1328115,-2.2409108,-1.0194144,-1.5419322,-2.2409108,-2.5121703,-2.650682,0.9328371,-0.2538675,-20.496738,-27.631021,-0.2538675,-0.2538675,-0.35109264,0.9328371,0.3467735,-0.35109264,-0.5299161,-2.7112434,0.8722756,-0.36240128,-20.50371,-27.631021,-0.36240128,-0.36240128,-0.43822473,0.8722756,0.2577943,-0.43822473,-0.61681265
pdac.7e98124ff495d361ad2b5b9af84ea85dc598461970a55f139ef311f86f44bfb0,-4.1927404,-0.6092215,-1.7039956,-21.283262,-27.631021,-1.7039956,-1.7039956,-1.8721116,-0.6092215,-1.164899,-1.8721116,-1.9427708,-4.0084014,-0.42488247,-1.63391,-21.061256,-27.631021,-1.63391,-1.63391,-1.713418,-0.42488247,-1.0171133,-1.713418,-1.8063192,-3.993954,-0.41043493,-1.5946019,-21.084442,-27.631021,-1.5946019,-1.5946019,-1.6874976,-0.41043493,-0.99004185,-1.6874976,-1.7841212,-2.8434422,0.7400767,-0.6732238,-20.659403,-27.631021,-0.6732238,-0.6732238,-0.7149298,0.7400767,-0.020913195,-0.7149298,-0.77419186,-2.9016101,0.6819089,-0.6357383,-20.74894,-27.631021,-0.6357383,-0.6357383,-0.70893157,0.6819089,-0.013108174,-0.70893157,-0.7654085
pdac.7ed030aadbe23cd6c44869f54cd5b85bf65f77878311998d59c25cd032ca7b4e,-5.4127226,-1.318378,-2.411287,-21.273787,-27.631021,-2.411287,-2.5833826,-2.9827976,-1.3844218,-1.8754995,-2.5833826,-2.9827976,-5.0647564,-0.97041196,-2.0383658,-21.0978,-27.631021,-2.0383658,-2.224862,-2.696442,-1.04444,-1.5144244,-2.224862,-2.696442,-5.074592,-0.98024756,-2.0381858,-21.084429,-27.631021,-2.0381858,-2.3717647,-2.7948039,-1.0637645,-1.6239823,-2.3717647,-2.7948039,-3.5087588,0.58558583,-0.9660098,-20.5829,-27.631021,-0.9660098,-1.113133,-1.1761205,0.4904619,-0.409202,-1.113133,-1.1761205,-3.4829855,0.61135906,-1.0422093,-20.59762,-27.631021,-1.0422093,-1.1727428,-1.2296882,0.52422005,-0.47110024,-1.1727428,-1.2296882
pdac.7f3cb82cc41988c2d6d360645ed0e881a2e7a9c51a68490a2efd760524245365,-6.702217,-4.2173104,-4.2753425,-22.617645,-27.631021,-4.2753425,-4.2753425,-4.2753425,-4.2173104,-4.2181096,-5.6912785,-7.5775185,-5.459229,-2.9743223,-3.0155177,-22.328514,-27.631021,-3.0155177,-3.0155177,-3.0155177,-2.9743223,-2.9751751,-4.610572,-6.420995,-4.921275,-2.4363685,-2.4708054,-22.246231,-27.631021,-2.4708054,-2.4708054,-2.4708054,-2.4363685,-2.4369054,-4.1544747,-6.0918603,-3.6316729,-1.1467661,-1.1877459,-21.906616,-27.631021,-1.1877459,-1.1877459,-1.1877459,-1.1467661,-1.147325,-2.7818105,-4.733398,-3.350286,-0.8653792,-0.894682,-21.946476,-27.631021,-0.894682,-0.894682,-0.894682,-0.8653792,-0.86558247,-2.655906,-4.892838
pdac.7f77e76b4c9dd103e33b16b120a64a1d0a446df39a12c6294057161bd3f02f65,-3.8297405,0.2646042,-1.0293783,-22.556484,-27.631021,-1.0293783,-1.1133218,-1.2122774,0.26337197,-0.41665548,-1.1133218,-1.2122774,-3.8221881,0.2721565,-1.0279199,-22.450731,-27.631021,-1.0279199,-1.1126561,-1.2149999,0.26604187,-0.41592306,-1.1126561,-1.2149999,-3.8262498,0.26809487,-1.0352291,-22.46886,-27.631021,-1.0352291,-1.1176631,-1.2162701,0.2634412,-0.4211221,-1.1176631,-1.2162701,-2.8897333,1.2046113,-0.27914247,-22.12343,-27.631021,-0.27914247,-0.36899412,-0.39918706,1.1851329,0.32818428,-0.36899412,-0.39918706,-2.8949776,1.1993672,-0.27677938,-22.158123,-27.631021,-0.27677938,-0.36408615,-0.39565423,1.1876274,0.33286744,-0.36408615,-0.39565423
pdac.83f2d92c94ce21a352b38b1cd7edecbda12dc0cdd890f7b6321a9769a6feedc3,-3.320608,0.869047,-0.39539123,-20.362204,-27.631021,-0.39539123,-0.66820633,-0.99882036,0.82142603,0.06170224,-0.66820633,-0.80908936,-3.3027034,0.8869515,-0.39539123,-20.244602,-27.631021,-0.39539123,-0.6694449,-0.96799225,0.8327434,0.06079411,-0.6694449,-0.8117593,-3.392126,0.79752886,-0.3954112,-20.279932,-27.631021,-0.3954112,-0.7318392,-1.0882951,0.74396145,0.01686348,-0.7318392,-0.9677131,-2.4166362,1.7730186,-0.11334552,-19.787985,-27.631021,-0.11334552,-0.22480002,-0.30846572,1.6158206,0.4745454,-0.22480002,-0.27094758,-2.4633458,1.7263091,-0.11334552,-19.82951,-27.631021,-0.11334552,-0.2393525,-0.3488915,1.5855159,0.46171263,-0.2393525,-0.2841283
pdac.85c36a035e609f8eded25542b8441ecb28fcb348513ca2142e33662af200ec81,-5.1321697,-1.548651,-2.5078034,-22.434525,-27.631021,-2.5078034,-2.5078034,-2.7358408,-1.548651,-2.0169153,-2.7358408,-2.991887,-4.6259413,-1.0424225,-1.8002678,-22.362553,-27.631021,-1.8002678,-1.8002678,-2.1699634,-1.0424225,-1.4099809,-2.1699634,-2.4158986,-4.334227,-0.7507082,-1.4955504,-22.324665,-27.631021,-1.4955504,-1.4955504,-1.8013746,-0.7507082,-1.0621744,-1.8013746,-2.0833418,-3.5366828,0.04683605,-0.957122,-22.080439,-27.631021,-0.957122,-0.957122,-1.1117418,0.04683605,-0.40668827,-1.1117418,-1.3185856,-3.5728788,0.0106401695,-1.0395732,-22.087397,-27.631021,-1.0395732,-1.0395732,-1.1524014,0.0106401695,-0.45290262,-1.1524014,-1.3406459
pdac.8b5b183554faeba4aef48db5d679d93b7a445cfb34a3d1e24be04f9b066b18d8,-4.144091,-0.9660372,-1.5685376,-19.883404,-27.631021,-1.5685376,-1.5685376,-1.8045795,-0.9660372,-1.0838293,-1.8045795,-2.571405,-4.1107635,-0.9327099,-1.5742073,-19.815514,-27.631021,-1.5742073,-1.5742073,-1.8103418,-0.9327099,-1.0895702,-1.8103418,-2.513717,-4.281638,-1.103584,-1.784103,-19.823229,-27.631021,-1.784103,-1.784103,-2.0210855,-1.103584,-1.3001169,-2.0210855,-2.6480153,-2.732058,0.4459958,-0.65239096,-19.164288,-27.631021,-0.65239096,-0.65239096,-0.81972885,0.4459958,-0.11264557,-0.81972885,-0.9942373,-2.747721,0.43033284,-0.6997602,-19.158978,-27.631021,-0.6997602,-0.6997602,-0.8672255,0.43033284,-0.16012108,-0.8672255,-1.0187727
pdac.8b60c481a94047662b09a4928c1846b5f9aef06fe283100469ee59e43e308d08,-7.4026403,-5.610881,-6.0122967,-20.542337,-27.631021,-6.0122967,-6.0122967,-6.0122967,-5.610881,-5.610881,-6.3649693,-13.453653,-7.136577,-5.3448176,-5.641817,-20.478262,-27.631021,-5.641817,-5.641817,-5.641817,-5.3448176,-5.3448176,-6.1727433,-13.325502,-6.3684773,-4.576718,-5.186545,-20.178566,-27.631021,-5.186545,-5.186545,-5.186545,-4.576718,-4.576718,-5.2736545,-12.72611,-5.6582274,-3.866468,-4.2656655,-19.961248,-27.631021,-4.2656655,-4.2656655,-4.2656655,-3.866468,-3.866468,-4.6217003,-12.291473,-5.2072735,-3.415514,-4.104213,-19.790237,-27.631021,-4.104213,-4.104213,-4.104213,-3.415514,-3.415514,-4.108671,-11.949454
pdac.8c2d9eb467d3d49b9aae337c018c7bff2c169ad58e9dcaf7ad138b3a1d37c2e1,-3.9260378,0.35062847,-1.0864283,-22.039974,-27.631021,-1.0864283,-1.1175172,-1.4274186,0.33789226,-0.42388692,-1.1175172,-1.2355411,-3.8892806,0.38738552,-1.0408986,-21.947737,-27.631021,-1.0408986,-1.094768,-1.4083984,0.36462906,-0.4001706,-1.094768,-1.2202578,-4.007022,0.2696442,-1.078849,-21.96587,-27.631021,-1.078849,-1.2917964,-1.5237818,0.24557915,-0.5761453,-1.2917964,-1.3693665,-2.9468784,1.3297876,-0.3802298,-21.625708,-27.631021,-0.3802298,-0.41214675,-0.59194267,1.2792231,0.28150967,-0.41214675,-0.47722387,-3.0020514,1.2746149,-0.39856428,-21.657524,-27.631021,-0.39856428,-0.50545657,-0.63970053,1.2315347,0.19339275,-0.50545657,-0.54212457
pdac.8d845c0381f88a6563e8bd9344b5463731fc016524b852184cf194cc2dcdf367,-4.918486,-2.7212615,-3.2888052,-19.792854,-27.631021,-3.2888052,-3.2888052,-3.2888052,-2.7212615,-2.7991233,-3.5183988,-4.11652,-4.8241525,-2.6269279,-3.1402972,-19.77218,-27.631021,-3.1402972,-3.1402972,-3.1402972,-2.6269279,-2.6989257,-3.4348366,-4.0545006,-3.673809,-1.4765844,-2.058804,-19.375399,-27.631021,-2.058804,-2.058804,-2.058804,-1.4765844,-1.5559884,-2.2716098,-2.8641503,-3.8739285,-1.676704,-2.2573626,-19.421173,-27.631021,-2.2573626,-2.2573626,-2.2573626,-1.676704,-1.7799519,-2.5029597,-3.0014753,-3.117323,-0.9200984,-1.5983852,-19.155027,-27.631021,-1.5983852,-1.5983852,-1.5983852,-0.9200984,-1.036238,-1.7392778,-2.2030416
pdac.8db3399404d961555464c95439b25c8b76cbe04671182579e245aaaaad66b3bc,-4.6162043,-1.215007,-1.4292024,-23.047949,-27.631021,-1.4292024,-1.4292024,-2.4025905,-1.215007,-1.2957792,-2.4025905,-3.0325074,-4.5648627,-1.1636653,-1.4304821,-22.916151,-27.631021,-1.4304821,-1.4304821,-2.3112233,-1.1636653,-1.2719496,-2.3112233,-2.9733918,-4.585436,-1.1842383,-1.4501737,-22.931355,-27.631021,-1.4501737,-1.4501737,-2.316404,-1.1842383,-1.2873335,-2.316404,-2.982057,-3.4215944,-0.020396873,-0.58562785,-22.582798,-27.631021,-0.58562785,-0.58562785,-1.1025733,-0.020396873,-0.28136852,-1.1025733,-1.4800023,-3.4682028,-0.06700533,-0.58198833,-22.616962,-27.631021,-0.58198833,-0.58198833,-1.0963533,-0.06700533,-0.27637252,-1.0963533,-1.6269063
pdac.8dff71c8dfb3212d798bff5e81eeac66a5535b0aa6877ae0e3785e61b562f0a9,-6.962243,-2.9732592,-3.7818837,-22.290344,-27.631021,-3.7818837,-4.211276,-4.4384933,-2.9805245,-3.428641,-4.211276,-4.4384933,-6.110733,-2.1217492,-3.2315798,-21.92984,-27.631021,-3.2315798,-3.3642993,-3.7647474,-2.1471663,-2.6623707,-3.3642993,-3.7647474,-6.2299986,-2.2410147,-3.3817525,-21.954464,-27.631021,-3.3817525,-3.473254,-3.8132505,-2.2638135,-2.7759264,-3.473254,-3.8132505,-4.540206,-0.5512217,-1.8551812,-21.464884,-27.631021,-1.8551812,-1.8930949,-2.2151928,-0.5964913,-1.1992291,-1.8930949,-2.2151928,-4.806867,-0.8178832,-1.7442104,-21.58352,-27.631021,-1.7442104,-2.1833358,-2.3859787,-0.84313375,-1.3967211,-2.1833358,-2.3859787
pdac.90a1713192200a1dcd25fd01f7a5218b22e1b68a4e7c99292bdb285992bc3c88,-4.908831,-0.81448656,-1.6004827,-22.75499,-27.631021,-1.6004827,-1.6467624,-2.1647267,-0.8157492,-0.9525447,-1.6467624,-2.1647267,-4.7906218,-0.696277,-1.496518,-22.511606,-27.631021,-1.496518,-1.5484376,-2.0702724,-0.70064163,-0.8539432,-1.5484376,-2.0702724,-4.2908664,-0.19652165,-1.023123,-22.4302,-27.631021,-1.023123,-1.0676353,-1.5845667,-0.2006074,-0.37349784,-1.0676353,-1.5845667,-3.8555129,0.23883185,-0.74464583,-22.129711,-27.631021,-0.74464583,-0.76886106,-1.0669063,0.22941603,-0.075420715,-0.76886106,-1.0669063,-3.4238942,0.6704504,-0.31995547,-22.164717,-27.631021,-0.31995547,-0.33700186,-0.63029695,0.6662286,0.35629058,-0.33700186,-0.63029695
pdac.911bb1043c8e68010d9dffdcc0f5f61ac56898060ed868256da258864f853a48,-5.816981,-3.3320742,-3.5536091,-20.262087,-27.631021,-3.5536091,-3.5536091,-3.5536091,-3.3320742,-3.4286225,-4.5618114,-5.0719767,-5.7673464,-3.28244,-3.5330706,-20.226389,-27.631021,-3.5330706,-3.5330706,-3.5330706,-3.28244,-3.388581,-4.463788,-4.948338,-4.7252746,-2.240368,-2.474092,-19.891436,-27.631021,-2.474092,-2.474092,-2.474092,-2.240368,-2.3403335,-3.446139,-3.9447284,-4.5710654,-2.0861588,-2.3892288,-19.789347,-27.631021,-2.3892288,-2.3892288,-2.3892288,-2.0861588,-2.2138581,-3.2151723,-3.660434,-3.8645854,-1.3796788,-1.6734201,-19.560246,-27.631021,-1.6734201,-1.6734201,-1.6734201,-1.3796788,-1.503524,-2.516629,-2.9680686
pdac.91e2b3043c84478e106f3ebeb3fb9679cd4699f0b51038406d63b2ef6eb5e7f3,-6.8952875,-3.717234,-4.456543,-23.155622,-27.631021,-4.456543,-4.456543,-4.5384564,-3.717234,-3.841958,-4.5384564,-5.1099977,-5.862892,-2.684838,-3.841167,-22.783104,-27.631021,-3.841167,-3.841167,-3.979668,-2.684838,-3.27696,-3.979668,-4.111991,-6.1209917,-2.9429379,-3.9355211,-22.860044,-27.631021,-3.9355211,-3.9355211,-4.020521,-2.9429379,-3.3237658,-4.020521,-4.359864,-3.80475,-0.626696,-1.58985,-22.391869,-27.631021,-1.58985,-1.58985,-1.6648419,-0.626696,-0.96888536,-1.6648419,-2.0011122,-4.5078387,-1.3297848,-2.2310634,-22.549309,-27.631021,-2.2310634,-2.2310634,-2.3312654,-1.3297848,-1.6331065,-2.3312654,-2.6687517
pdac.923920cfd303f026516e61bbddd01eb7d39d6b7287bdb70e6537755e5055d8b2,-3.3579905,0.91867566,-0.7511088,-20.980944,-27.631021,-0.7511088,-0.7727947,-0.9544467,0.8699895,-0.07941242,-0.7727947,-0.8563513,-3.323938,0.9527284,-0.7575179,-20.835659,-27.631021,-0.7575179,-0.7807346,-0.9585135,0.8717241,-0.087317936,-0.7807346,-0.861756,-3.392173,0.8844931,-0.94160706,-20.833963,-27.631021,-0.94160706,-0.96336544,-1.0560882,0.79739475,-0.2699816,-0.96336544,-0.98757154,-2.2629488,2.0137174,-0.18283454,-20.381905,-27.631021,-0.18283454,-0.21388547,-0.26615098,1.8123544,0.47974372,-0.21388547,-0.23378542,-2.3099434,1.9667227,-0.25332552,-20.395592,-27.631021,-0.25332552,-0.262888,-0.30019045,1.7915791,0.43030488,-0.262888,-0.27940583
pdac.93759db95862e494cbb230910d31eded7d8aced273af00a1584a54a90c50685e,-7.8589425,-6.067183,-6.067183,-24.037048,-27.631021,-6.067183,-6.067183,-6.067183,-6.067183,-6.067183,-16.849102,-20.443075,-7.327893,-5.5361333,-5.5361333,-23.94854,-27.631021,-5.5361333,-5.5361333,-5.5361333,-5.5361333,-5.5361333,-16.583578,-20.266058,-6.605712,-4.8139524,-4.8139524,-23.828176,-27.631021,-4.8139524,-4.8139524,-4.8139524,-4.8139524,-4.8139524,-16.222486,-20.025331,-5.9934154,-4.201656,-4.201656,-23.726128,-27.631021,-4.201656,-4.201656,-4.201656,-4.201656,-4.201656,-15.916339,-19.821234,-6.0973716,-4.305612,-4.305612,-23.743454,-27.631021,-4.305612,-4.305612,-4.305612,-4.305612,-4.305612,-15.968317,-19.855885
pdac.98bee05530f247f34f74f2f374b644573e1194759f603dfa167946c42584bc7d,-3.7165828,0.71423393,-0.3611483,-20.306995,-27.631021,-0.3611483,-0.77105725,-1.3438166,0.6239973,0.003850232,-0.77105725,-1.0158056,-3.671436,0.7593806,-0.36264443,-20.273882,-27.631021,-0.36264443,-0.7747075,-1.3343878,0.66005385,0.0010385818,-0.7747075,-1.0186584,-3.8028321,0.6279845,-0.7031477,-20.28527,-27.631021,-0.7031477,-0.94343257,-1.4832425,0.5151445,-0.22169055,-0.94343257,-1.1360509,-2.4777005,1.9531162,-0.122693926,-19.685526,-27.631021,-0.122693926,-0.20146552,-0.34842038,1.7106576,0.49478093,-0.20146552,-0.24005713,-2.5144372,1.9163796,-0.20818198,-19.693548,-27.631021,-0.20818198,-0.25964856,-0.38110188,1.6643984,0.43482244,-0.25964856,-0.2946669
pdac.991e2e08ce3a9b754930fead1abe83576a5ada57e5222082c9981182a0a71ee9,-4.8334007,-1.2498819,-1.4791272,-20.78551,-27.631021,-1.4791272,-1.4791272,-2.5962648,-1.2501037,-1.3774105,-2.5962648,-3.044173,-4.599497,-1.015978,-1.4661027,-20.118845,-27.631021,-1.4661027,-1.4661027,-2.2100966,-1.0196171,-1.2624873,-2.2100966,-2.6344218,-4.3132534,-0.7297342,-1.2197123,-20.24979,-27.631021,-1.2197123,-1.2197123,-1.9836988,-0.7313086,-1.023344,-1.9836988,-2.2736757,-3.36298,0.220539,-0.7120368,-19.504131,-27.631021,-0.7120368,-0.7120368,-0.9456849,0.21310776,-0.22548679,-0.9456849,-1.2646706,-3.3520463,0.2314727,-0.52419645,-19.821638,-27.631021,-0.52419645,-0.52419645,-0.8457259,0.22960782,-0.10175493,-0.8457259,-1.1362283
pdac.9b37ec58c54544ec51547c037e145283ccd3c1b78b088bc44f5a05e92d001b3c,-5.275078,-1.6915591,-2.567308,-21.38676,-27.631021,-2.567308,-2.567308,-2.828309,-1.6915591,-2.101481,-2.828309,-3.1369715,-5.0693398,-1.4858205,-2.5458922,-21.122774,-27.631021,-2.5458922,-2.5458922,-2.8176713,-1.4858205,-2.088038,-2.8176713,-3.1023228,-5.1670346,-1.5835158,-2.5458024,-21.202255,-27.631021,-2.5458024,-2.5458024,-2.8175564,-1.5835158,-2.0879297,-2.8175564,-3.100304,-3.4142556,0.16926333,-1.1137908,-20.639975,-27.631021,-1.1137908,-1.1137908,-1.2286777,0.16926333,-0.52894557,-1.2286777,-1.415058,-3.722638,-0.13911891,-1.1135406,-20.759459,-27.631021,-1.1135406,-1.1135406,-1.4505796,-0.13911891,-0.70167863,-1.4505796,-1.7486265
pdac.9d779dab9c3d5329c48d17596346d7b80a46905fcbec7c9b0c8d12a872cf258c,-5.2396584,-2.0616045,-2.3054216,-23.736635,-27.631021,-2.3054216,-2.3054216,-3.1763453,-2.0616045,-2.1439862,-3.1763453,-3.7842937,-5.2119036,-2.0338497,-2.2683084,-23.750402,-27.631021,-2.2683084,-2.2683084,-3.1312408,-2.0338497,-2.104474,-3.1312408,-3.7541978,-4.8107185,-1.6326649,-1.8462578,-23.698662,-27.631021,-1.8462578,-1.8462578,-2.7190325,-1.6326649,-1.6853735,-2.7190325,-3.4812932,-4.128163,-0.9501092,-1.2760696,-23.524788,-27.631021,-1.2760696,-1.2760696,-1.9776266,-0.9501092,-1.0562674,-1.9776266,-2.5279295,-3.7816691,-0.6036154,-0.90653515,-23.47713,-27.631021,-0.90653515,-0.90653515,-1.6176385,-0.6036154,-0.6904716,-1.6176385,-2.2877371
pdac.9e7bcbfac09cc4a8030215ea00229e011d0da56747f8944c551b3b6ded533d9c,-4.3975124,-0.30316797,-1.6208057,-18.824888,-27.631021,-1.6208057,-1.8787817,-2.1402824,-0.4221696,-1.1527214,-1.8787817,-2.1402824,-4.0935645,0.0007800258,-1.5678588,-18.590189,-27.631021,-1.5678588,-1.6444843,-1.7888533,-0.11498029,-0.9484042,-1.6444843,-1.7888533,-4.071137,0.023207635,-1.4860221,-18.607038,-27.631021,-1.4860221,-1.6044469,-1.7548068,-0.08363641,-0.90430385,-1.6044469,-1.7548068,-2.482282,1.6120627,-0.25865158,-17.858831,-27.631021,-0.25865158,-0.3889926,-0.44197378,1.4541981,0.31262502,-0.3889926,-0.44197378,-2.4880285,1.6063162,-0.27163678,-17.892857,-27.631021,-0.27163678,-0.3689081,-0.4029182,1.4721925,0.32896248,-0.3689081,-0.4029182
pdac.9f6a4401a133c568cdcb87425a73497fdf4871e3a9b30b12aedc3fe16fa6a719,-7.2815313,-3.2925472,-4.4613805,-23.002424,-27.631021,-4.4613805,-4.5253077,-4.7336726,-3.3004565,-3.8301184,-4.5253077,-4.7336726,-6.2756996,-2.2867157,-3.4761827,-22.682013,-27.631021,-3.4761827,-3.7782598,-3.8882132,-2.3092306,-3.040165,-3.7782598,-3.8882132,-6.3490415,-2.3600574,-3.64084,-22.738987,-27.631021,-3.64084,-3.7055404,-3.835344,-2.3732934,-3.0103016,-3.7055404,-3.835344,-4.744435,-0.7554508,-2.2466145,-22.292631,-27.631021,-2.2466145,-2.3437734,-2.4325097,-0.78797513,-1.6459136,-2.3437734,-2.4325097,-5.100721,-1.1117368,-2.530045,-22.433256,-27.631021,-2.530045,-2.5441327,-2.5753577,-1.1241077,-1.8508862,-2.5441327,-2.5753577
pdac.9fc83182c7fbb8cc05f6223f13f9d796b226424fc11d6a2566c3759dfe8cf0c7,-7.3979087,-4.219855,-4.5903807,-24.076391,-27.631021,-4.5903807,-4.5903807,-5.1357946,-4.219855,-4.300747,-5.1357946,-5.8888793,-6.675372,-3.4973183,-4.331264,-23.903824,-27.631021,-4.331264,-4.331264,-4.4628525,-3.4973183,-3.7610726,-4.4628525,-4.6719565,-6.8262587,-3.6482046,-4.337591,-23.915798,-27.631021,-4.337591,-4.337591,-4.5453825,-3.6482046,-3.8308003,-4.5453825,-5.052554,-5.33447,-2.1564162,-2.9338515,-23.684296,-27.631021,-2.9338515,-2.9338515,-3.0769987,-2.1564162,-2.3736408,-3.0769987,-3.3681452,-5.928423,-2.750369,-3.3626413,-23.781563,-27.631021,-3.3626413,-3.3626413,-3.6222534,-2.750369,-2.895779,-3.6222534,-4.2055364
pdac.a0a13af13aa7cd043a97dadb65c95e6423bd1961454a7366cde580229e04d9bc,-4.1285987,-0.034253888,-0.6196375,-22.451536,-27.631021,-0.6196375,-1.3519421,-1.8345535,-0.04692761,-0.4116739,-1.3519421,-1.8345535,-4.0938077,0.0005368288,-0.6230088,-22.3914,-27.631021,-0.6230088,-1.3540387,-1.7703649,-0.02733707,-0.41456607,-1.3540387,-1.7703649,-4.099686,-0.0053415177,-0.63742346,-22.395014,-27.631021,-0.63742346,-1.3607503,-1.76701,-0.032262336,-0.4260638,-1.3607503,-1.76701,-3.1237483,0.9705963,-0.19025967,-22.087383,-27.631021,-0.19025967,-0.5782326,-0.8412313,0.9252851,0.18836045,-0.5782326,-0.8412313,-3.1301026,0.96424204,-0.188679,-22.102854,-27.631021,-0.188679,-0.57662594,-0.8388838,0.92380226,0.18995751,-0.57662594,-0.8388838
pdac.a14316713fea58c6f6f29a7157afdf38282b24e17dfb013e28575b00a905c15b,-7.135415,-4.6505084,-5.139215,-23.920862,-27.631021,-5.139215,-5.139215,-5.139215,-4.6505084,-4.6505084,-5.370069,-12.790386,-6.8941126,-4.409206,-4.7738442,-23.889908,-27.631021,-4.7738442,-4.7738442,-4.7738442,-4.409206,-4.409206,-5.1843424,-12.666569,-6.890275,-4.4053683,-4.7677627,-23.88951,-27.631021,-4.7677627,-4.7677627,-4.7677627,-4.4053683,-4.4053683,-5.1819425,-12.6649685,-5.1730165,-2.68811,-3.0570219,-23.602612,-27.631021,-3.0570219,-3.0570219,-3.0570219,-2.68811,-2.68811,-3.4605608,-11.517381,-5.1781197,-2.6932127,-3.0643868,-23.60323,-27.631021,-3.0643868,-3.0643868,-3.0643868,-2.6932127,-2.6932127,-3.4642682,-11.519853
pdac.a17efe7f2920d31824cc1af3a053044fefb91756d6a839a89e07a3957e4a666c,-5.576267,-1.8385969,-2.68974,-21.739262,-27.631021,-2.68974,-2.68974,-3.2681413,-1.8444147,-2.2450962,-2.9797077,-3.2681413,-4.936386,-1.1987162,-2.0596461,-21.6119,-27.631021,-2.0596461,-2.0596461,-2.7098403,-1.2031045,-1.4604224,-2.158442,-2.7098403,-4.886287,-1.1486175,-2.0252688,-21.599306,-27.631021,-2.0252688,-2.0252688,-2.6172462,-1.1528,-1.4265548,-2.1246302,-2.6172462,-3.1952786,0.54239094,-0.38796914,-21.127474,-27.631021,-0.38796914,-0.38796914,-1.0702041,0.5322043,0.27430823,-0.41933063,-1.0702041,-3.1726818,0.5649878,-0.35415232,-21.127361,-27.631021,-0.35415232,-0.35415232,-1.0272528,0.55579126,0.2940283,-0.40017766,-1.0272528
pdac.a246c4c707c88164a196925eb8410260849a3d92ad6560171cb6e023a971b696,-4.3265924,-0.74307364,-1.7484994,-21.26779,-27.631021,-1.7484994,-1.7484994,-1.933148,-0.74307364,-1.2230493,-1.933148,-2.0839345,-4.2697763,-0.6862573,-1.7631001,-21.040735,-27.631021,-1.7631001,-1.7631001,-1.94761,-0.6862573,-1.2375365,-1.94761,-2.072466,-4.3287706,-0.74525166,-1.7963979,-21.089386,-27.631021,-1.7963979,-1.7963979,-1.9812193,-0.74525166,-1.271089,-1.9812193,-2.1062672,-2.8019032,0.78161573,-0.5657502,-20.55072,-27.631021,-0.5657502,-0.5657502,-0.69223154,0.78161573,0.008893149,-0.69223154,-0.74049956,-2.9270458,0.6564733,-0.56710064,-20.643478,-27.631021,-0.56710064,-0.56710064,-0.69383276,0.6564733,0.0073235347,-0.69383276,-0.7658479
pdac.a29c1816c7ba572fc8b9df90475e753c641a7a82cfa4af2c7bd8cd0ffe5748dc,-4.675703,-0.93803316,-1.8577671,-21.2635,-27.631021,-1.8577671,-1.8577671,-2.3078704,-0.9384935,-1.4352447,-2.1791792,-2.3078704,-4.3705482,-0.6328783,-1.8608245,-20.867401,-27.631021,-1.8608245,-1.8608245,-2.309349,-0.6416702,-1.4371352,-2.1805453,-2.309349,-4.7757316,-1.038062,-2.522389,-21.024141,-27.631021,-2.522389,-2.522389,-2.676043,-1.0426561,-1.9338591,-2.633125,-2.676043,-2.7834167,0.95425284,-0.6361922,-20.317467,-27.631021,-0.6361922,-0.6361922,-0.8641657,0.9341306,-0.07927629,-0.7831888,-0.8641657,-3.1950867,0.54258305,-1.02132,-20.536726,-27.631021,-1.02132,-1.02132,-1.0618243,0.5349989,-0.35466528,-1.048173,-1.0618243
pdac.a3a867a0238a1ad0b98a0812fff4fb9a190afea7539d8f309377822431aba464,-5.2646422,-1.0749873,-2.4906032,-21.798407,-27.631021,-2.4906032,-2.558846,-2.861548,-1.1347706,-1.8633721,-2.558846,-2.7292562,-5.0354395,-0.84578454,-2.2628865,-21.671955,-27.631021,-2.2628865,-2.2983294,-2.573575,-0.90877074,-1.6045542,-2.2983294,-2.4079158,-5.038759,-0.84910446,-2.2619698,-21.701998,-27.631021,-2.2619698,-2.299839,-2.5708053,-0.90703684,-1.605975,-2.299839,-2.4090927,-3.4158726,0.7737824,-0.46131706,-21.242298,-27.631021,-0.46131706,-0.47421622,-1.0461714,0.6905012,0.21901415,-0.47421622,-0.7929383,-3.4387128,0.75094205,-0.47050154,-21.290693,-27.631021,-0.47050154,-0.48464888,-1.0537599,0.68377745,0.20859836,-0.48464888,-0.80001026
pdac.a5137d68fba08ee49a4db878ef9b1f1f70bc6b35c0444c9da2bbbbe61696ef6b,-3.9192817,0.27037308,-1.0514516,-23.222696,-27.631021,-1.0514516,-1.1369367,-1.3575206,0.26631308,-0.44014007,-1.1369367,-1.1817039,-3.900406,0.28924882,-1.0449904,-23.200188,-27.631021,-1.0449904,-1.1134181,-1.345453,0.2828497,-0.4179316,-1.1134181,-1.1660417,-3.958869,0.23078585,-1.0700736,-23.24438,-27.631021,-1.0700736,-1.1588712,-1.378165,0.22724733,-0.46178666,-1.1588712,-1.2030705,-3.0155673,1.1740875,-0.40934852,-22.971796,-27.631021,-0.40934852,-0.4326702,-0.5630916,1.1612593,0.2607489,-0.4326702,-0.45390233,-3.068028,1.1216267,-0.41401145,-23.006418,-27.631021,-0.41401145,-0.45412493,-0.5747946,1.1127102,0.23982657,-0.45412493,-0.46969783
pdac.a5cb1ff31c34ce319fbdeedc56cbfc9d58f6361554c25b31dc1538db0ca5ae39,-5.4799604,-2.3019063,-2.394059,-23.89021,-27.631021,-2.394059,-2.394059,-3.8371897,-2.3019063,-2.339775,-3.8371897,-4.4921646,-5.4517164,-2.2736623,-2.393959,-23.822027,-27.631021,-2.393959,-2.393959,-3.8381882,-2.2736623,-2.339791,-3.8381882,-4.459757,-5.465088,-2.287034,-2.397311,-23.838009,-27.631021,-2.397311,-2.397311,-3.8417153,-2.287034,-2.3431613,-3.8417153,-4.46953,-4.2582345,-1.0801806,-1.2459402,-23.586939,-27.631021,-1.2459402,-1.2459402,-2.5760655,-1.0801806,-1.1783464,-2.5760655,-3.0473742,-4.284518,-1.106464,-1.24552,-23.634838,-27.631021,-1.24552,-1.24552,-2.5747771,-1.106464,-1.1778126,-2.5747771,-3.044444
pdac.a69c3f93765ae9933011d8b968223255ccc235b1ec0403ad42c04f5b5aab4b78,-4.802262,-1.624208,-1.7503015,-20.724922,-27.631021,-1.7503015,-1.7503015,-2.886661,-1.624208,-1.6522391,-2.886661,-3.848916,-4.5777698,-1.3997158,-1.622208,-20.098532,-27.631021,-1.622208,-1.622208,-2.5965376,-1.3997158,-1.4890199,-2.5965376,-3.338812,-4.5886784,-1.4106247,-1.5976455,-20.284954,-27.631021,-1.5976455,-1.5976455,-2.5667021,-1.4106247,-1.4631362,-2.5667021,-3.5077775,-3.3243206,-0.14626662,-0.5439832,-19.440615,-27.631021,-0.5439832,-0.5439832,-1.4034045,-0.14626662,-0.37908462,-1.4034045,-1.9066222,-3.443718,-0.26566398,-0.5190506,-19.747318,-27.631021,-0.5190506,-0.5190506,-1.4451982,-0.26566398,-0.37332672,-1.4451982,-2.1832519
pdac.a6aa70a9f1ee7e710020b22ff6460a55427f75a10e95ae78a6663495f2cd3999,-4.105073,0.17159307,-1.2362506,-22.982513,-27.631021,-1.2362506,-1.2615758,-1.4041946,0.15973777,-0.56810796,-1.2615758,-1.3186946,-4.122596,0.15407036,-1.2363898,-22.988914,-27.631021,-1.2363898,-1.2629457,-1.4053432,0.1413094,-0.56944585,-1.2629457,-1.3196979,-4.419491,-0.14282477,-1.4051517,-23.015001,-27.631021,-1.4051517,-1.5521414,-1.7841847,-0.15915306,-0.84822994,-1.5521414,-1.6828957,-3.11708,1.1595862,-0.37672883,-22.720474,-27.631021,-0.37672883,-0.41643634,-0.48730606,1.1383376,0.27749896,-0.41643634,-0.45921025,-3.3497057,0.9269604,-0.5248118,-22.75042,-27.631021,-0.5248118,-0.63328624,-0.7684003,0.9030967,0.06573276,-0.63328624,-0.7084979
pdac.ab9f564273f2f93170628f7b5fdf9f4da9e9a0419b18e9d3f6ccb9464de28698,-5.288759,-2.1107054,-3.111436,-22.707836,-27.631021,-3.111436,-3.111436,-3.2262886,-2.1107054,-2.5265603,-3.2262886,-3.3959885,-5.089724,-1.9116702,-3.0469742,-22.660982,-27.631021,-3.0469742,-3.0469742,-3.0923913,-1.9116702,-2.3982131,-3.0923913,-3.1768413,-5.0459213,-1.8678677,-3.0283706,-22.648212,-27.631021,-3.0283706,-3.0283706,-3.0821233,-1.8678677,-2.3875322,-3.0821233,-3.1681392,-3.68399,-0.505936,-1.5348793,-22.371058,-27.631021,-1.5348793,-1.5348793,-1.6435652,-0.505936,-0.94452333,-1.6435652,-1.7778869,-3.6901581,-0.5121042,-1.5948797,-22.370132,-27.631021,-1.5948797,-1.5948797,-1.6655662,-0.5121042,-0.9699228,-1.6655662,-1.7906972
pdac.ac0b600e97047712247f15ccc32a821fdb6fbf47f7ed78a950b575b1d034fff6,-4.9192543,-0.8249097,-1.5884684,-22.756397,-27.631021,-1.5884684,-1.9030344,-2.3152127,-0.8316898,-1.1612064,-1.9030344,-2.3152127,-4.625191,-0.53084666,-1.5812035,-22.59471,-27.631021,-1.5812035,-1.6416351,-1.832956,-0.5411557,-0.946663,-1.6416351,-1.832956,-4.7197504,-0.6254059,-1.5089923,-22.65055,-27.631021,-1.5089923,-1.6601951,-2.0404704,-0.6323622,-0.95566005,-1.6601951,-2.0404704,-3.4742098,0.6201347,-0.6937082,-22.238276,-27.631021,-0.6937082,-0.7097509,-0.7852238,0.5883288,-0.016475061,-0.7097509,-0.7852238,-3.6653616,0.42898288,-0.68305176,-22.304998,-27.631021,-0.68305176,-0.94422114,-1.0566988,0.40859434,-0.21735007,-0.94422114,-1.0566988
pdac.acc368f2b8da7821695ca21bc0520dfce8982f1635cd772cb76c8c2656a5482e,-6.517769,-4.7260094,-4.7260094,-23.813519,-27.631021,-4.7260094,-4.7260094,-4.7260094,-4.7260094,-4.7260094,-16.178516,-19.996017,-6.511058,-4.7192984,-4.7192984,-23.8124,-27.631021,-4.7192984,-4.7192984,-4.7192984,-4.7192984,-4.7192984,-16.17516,-19.99378,-6.5342383,-4.742479,-4.742479,-23.816265,-27.631021,-4.742479,-4.742479,-4.742479,-4.742479,-4.742479,-16.18675,-20.001507,-4.7866364,-2.994877,-2.994877,-23.524998,-27.631021,-2.994877,-2.994877,-2.994877,-2.994877,-2.994877,-15.312949,-19.418974,-4.80029,-3.0085304,-3.0085304,-23.527273,-27.631021,-3.0085304,-3.0085304,-3.0085304,-3.0085304,-3.0085304,-15.319776,-19.423525
pdac.adbd88f43cb0fee096ce4a08d2cd48e61c5e39a47df55f30b673f76015289313,-3.856097,-0.11842733,-0.95034283,-22.937239,-27.631021,-0.95034283,-0.95034283,-1.4966645,-0.11842733,-0.5758654,-1.3449172,-1.4966645,-3.8204021,-0.082732424,-0.9385876,-22.89142,-27.631021,-0.9385876,-0.9385876,-1.5408902,-0.082732424,-0.58063066,-1.3601031,-1.5408902,-3.8801394,-0.14246972,-0.9150743,-22.908478,-27.631021,-0.9150743,-0.9150743,-1.6884826,-0.14246972,-0.54233104,-1.31243,-1.6884826,-2.7154994,1.0221702,-0.26337457,-22.635853,-27.631021,-0.26337457,-0.26337457,-0.5603019,1.0221702,0.25058472,-0.4621992,-0.5603019,-2.793852,0.9438176,-0.22979213,-22.649263,-27.631021,-0.22979213,-0.22979213,-0.6165471,0.9438176,0.30390516,-0.40441105,-0.6165471
pdac.af5ccfa4bae153fdf7bc12e4ad887d506696f371ecd7a5b252bdbe6445b4428e,-4.1096807,0.32113588,-1.5321833,-18.663437,-27.631021,-1.5321833,-1.6760194,-1.85668,0.1183712,-0.9725633,-1.6760194,-1.7335614,-3.974059,0.45675752,-1.5500646,-18.576454,-27.631021,-1.5500646,-1.6944802,-1.8030708,0.2493387,-0.99094105,-1.6944802,-1.7443129,-4.128202,0.3026146,-1.7295458,-18.614082,-27.631021,-1.7295458,-1.818737,-1.9598166,0.07949897,-1.1216176,-1.818737,-1.8951238,-2.3587623,2.0720544,-0.23855405,-17.890844,-27.631021,-0.23855405,-0.2682766,-0.32133874,1.7509388,0.42531222,-0.2682766,-0.2876864,-2.422942,2.0078747,-0.30437592,-17.913675,-27.631021,-0.30437592,-0.30794168,-0.45040724,1.6824684,0.38521186,-0.30794168,-0.36107966
pdac.af7de7b5f7162b3ee417281e38954eb440b4e18c94c233d4fa6b8dff9ebd26c6,-4.0091357,0.26753062,-0.37289742,-21.967613,-27.631021,-0.37289742,-0.7714072,-1.59026,0.2500493,-0.0008718002,-0.7714072,-1.249016,-3.7669234,0.50974274,-0.37162417,-21.662846,-27.631021,-0.37162417,-0.7708508,-1.2358295,0.4830417,-0.00004372452,-0.7708508,-1.0279477,-3.7931879,0.4834784,-0.337725,-21.749554,-27.631021,-0.337725,-0.77219,-1.2731713,0.4594723,0.012509322,-0.77219,-1.0777602,-2.759196,1.5174701,-0.12768956,-21.231733,-27.631021,-0.12768956,-0.28349152,-0.46446016,1.4318397,0.42174402,-0.28349152,-0.40046513,-2.9487753,1.327891,-0.09377042,-21.371367,-27.631021,-0.09377042,-0.2689543,-0.57759815,1.2759067,0.43945974,-0.2689543,-0.39074364
pdac.af91bab1042745b4226304a0d49b9dbd0c9f69a92fc17cd5c3d3bf18893f1c7f,-3.741318,-0.15779907,-0.75509334,-22.871826,-27.631021,-0.75509334,-0.75509334,-1.2608165,-0.15779907,-0.44489715,-1.2608165,-1.488811,-3.6922898,-0.10877076,-0.7377647,-22.832378,-27.631021,-0.7377647,-0.7377647,-1.2408447,-0.10877076,-0.42615598,-1.2408447,-1.4695866,-3.6527147,-0.06919582,-0.72548956,-22.821203,-27.631021,-0.72548956,-0.72548956,-1.2323257,-0.06919582,-0.41588652,-1.2323257,-1.459362,-2.8400104,0.7435085,-0.23859864,-22.580908,-27.631021,-0.23859864,-0.23859864,-0.49892783,0.7435085,0.22772902,-0.49892783,-0.62883496,-2.8164706,0.76704836,-0.22856207,-22.581179,-27.631021,-0.22856207,-0.22856207,-0.49267742,0.76704836,0.2349501,-0.49267742,-0.62085897
pdac.afa32c9f16c89a335394c4d54af505c137df1b720fed4019dd7b4003991be170,-3.4682105,-0.5778387,-1.0371915,-23.460407,-27.631021,-1.0371915,-1.0371915,-1.0371915,-0.5778387,-0.587914,-1.3207312,-2.6073346,-3.458206,-0.56783414,-1.0277578,-23.45583,-27.631021,-1.0277578,-1.0277578,-1.0277578,-0.56783414,-0.5784657,-1.3112774,-2.5798757,-3.558819,-0.6684473,-1.1293622,-23.466991,-27.631021,-1.1293622,-1.1293622,-1.1293622,-0.6684473,-0.680244,-1.413122,-2.6468396,-2.5716703,0.31870157,-0.28317195,-23.259708,-27.631021,-0.28317195,-0.28317195,-0.28317195,0.31870157,0.29403695,-0.40672335,-1.4031459,-2.6148112,0.2755607,-0.32732037,-23.264452,-27.631021,-0.32732037,-0.32732037,-0.32732037,0.2755607,0.24970736,-0.45107836,-1.4316034
pdac.b02ae258e9051c1a4101afdbe3ddcb046343c84eea8c51e13b967e71f0804779,-4.2021494,-0.4644796,-0.9072463,-20.834534,-27.631021,-0.9072463,-0.9072463,-1.863313,-0.4659703,-0.6495242,-1.5193696,-1.863313,-4.0694194,-0.3317496,-0.9073468,-20.451584,-27.631021,-0.9073468,-0.9073468,-1.8583797,-0.34028226,-0.6459409,-1.511413,-1.8583797,-4.1626916,-0.42502192,-0.9130167,-20.587162,-27.631021,-0.9130167,-0.9130167,-1.8615723,-0.42950088,-0.65000737,-1.513607,-1.8615723,-2.8862312,0.85143846,-0.30688554,-19.904037,-27.631021,-0.30688554,-0.30688554,-0.52037656,0.82574236,0.27405044,-0.4261976,-0.52037656,-3.179674,0.55799586,-0.3062849,-20.099989,-27.631021,-0.3062849,-0.3062849,-0.79489213,0.54794514,0.20639427,-0.50670373,-0.79489213
pdac.b1fae19137385bd05af392ad249d9a33d92e5bdaacc8b24cc9fedc7915263116,-4.122479,-0.25127777,-1.4952465,-20.931442,-27.631021,-1.4952465,-1.4952465,-1.7353513,-0.25644204,-0.89989567,-1.5983484,-1.7353513,-3.8529916,0.018209526,-1.1831603,-20.670166,-27.631021,-1.1831603,-1.1831603,-1.5281947,0.005398162,-0.69897515,-1.4198835,-1.5281947,-3.784341,0.08686003,-1.075347,-20.72242,-27.631021,-1.075347,-1.075347,-1.4235133,0.07801211,-0.5659012,-1.2798061,-1.4235133,-2.8033438,1.0678574,-0.4893851,-20.217623,-27.631021,-0.4893851,-0.4893851,-0.67103875,1.0395777,0.086768195,-0.61414087,-0.67103875,-2.840234,1.030967,-0.4310224,-20.314392,-27.631021,-0.4310224,-0.4310224,-0.59998226,1.0114418,0.18530987,-0.5110349,-0.59998226
pdac.b32fb0a808898fb03ab000950bbf62d5c75680d3f42624b985293e75fb9e9460,-5.204765,-1.1104201,-2.1611023,-22.340694,-27.631021,-2.1611023,-2.2948487,-2.4597347,-1.1311557,-1.592784,-2.2948487,-2.4597347,-4.9849296,-0.8905851,-2.1362066,-22.209646,-27.631021,-2.1362066,-2.169166,-2.3377478,-0.9206528,-1.4754758,-2.169166,-2.3377478,-5.0212646,-0.9269198,-2.1406636,-22.229689,-27.631021,-2.1406636,-2.1578045,-2.3253028,-0.9542582,-1.4645106,-2.1578045,-2.3253028,-3.3993247,0.69501996,-0.8338417,-21.788008,-27.631021,-0.8338417,-0.8613925,-0.90138036,0.65097797,-0.16786584,-0.8613925,-0.90138036,-3.5288203,0.5655244,-0.84070677,-21.81772,-27.631021,-0.84070677,-0.85381943,-0.95616305,0.5223689,-0.16058628,-0.85381943,-0.95616305
pdac.b3c6da0097d17f97c15e0998990a8f04105360c1253639903137bbc1c8102f3a,-3.9270477,0.26260716,-1.1162822,-21.864178,-27.631021,-1.1162822,-1.1845427,-1.3927232,0.24856272,-0.48906752,-1.1845427,-1.213453,-3.8260005,0.3636543,-1.109583,-21.754862,-27.631021,-1.109583,-1.1608098,-1.3804861,0.3370265,-0.46635106,-1.1608098,-1.1976414,-3.875083,0.31457192,-1.1349043,-21.797115,-27.631021,-1.1349043,-1.2064772,-1.4133677,0.28991225,-0.5107708,-1.2064772,-1.2348195,-2.6994874,1.4901674,-0.40911043,-21.38593,-27.631021,-0.40911043,-0.43245593,-0.50341535,1.4194281,0.26096374,-0.43245593,-0.4537528,-2.7637105,1.4259442,-0.41401145,-21.427013,-27.631021,-0.41401145,-0.45412493,-0.53278273,1.3677396,0.23982657,-0.45412493,-0.46969783
pdac.b3fb202bd41a2a434757f96a74bb3f8a403a099f99c7e0ad7abe4b0d9e10874b,-6.291418,-3.401046,-3.5043323,-23.32279,-27.631021,-3.5043323,-3.5043323,-3.5043323,-3.401046,-3.4034746,-4.6259284,-6.2274046,-6.2128053,-3.3224335,-3.5043824,-23.018244,-27.631021,-3.5043824,-3.5043824,-3.5043824,-3.3224335,-3.3691669,-4.47064,-5.117845,-6.2582273,-3.3678553,-3.5137327,-23.086407,-27.631021,-3.5137327,-3.5137327,-3.5137327,-3.3678553,-3.377262,-4.4750504,-5.6716146,-4.627928,-1.7375561,-2.1891735,-22.58221,-27.631021,-2.1891735,-2.1891735,-2.1891735,-1.7375561,-1.77554,-2.5235934,-3.3616896,-4.6629715,-1.7725995,-2.1906755,-22.729462,-27.631021,-2.1906755,-2.1906755,-2.1906755,-1.7725995,-1.7763294,-2.524044,-4.1688986
pdac.b4d16d1f96487e4d67a9ac27db066e606ae99dc56b7847c6f55c417158b767e5,-4.635554,-0.27884462,-1.2005363,-21.779137,-27.631021,-1.2005363,-1.4681246,-2.1899438,-0.32226387,-0.739595,-1.4681246,-1.8936749,-4.5365195,-0.1798107,-1.2004364,-21.605684,-27.631021,-1.2004364,-1.4681149,-2.0499473,-0.25343603,-0.7395617,-1.4681149,-1.818608,-4.550076,-0.19336697,-1.2013288,-21.650532,-27.631021,-1.2013288,-1.4689271,-2.0496523,-0.25298008,-0.7403949,-1.4689271,-1.8179574,-3.3396237,1.0170853,-0.45287305,-21.194712,-27.631021,-0.45287305,-0.61111397,-0.95951104,0.87799585,0.094501406,-0.61111397,-0.77163535,-3.394641,0.9620682,-0.4545582,-21.274662,-27.631021,-0.4545582,-0.6127189,-0.9599608,0.85996664,0.0928839,-0.6127189,-0.7725887
pdac.b5b002fb222ce76efc9ae1ba79920fb9ab40eaee03bdafecd65ab4b1527e9040,-5.977728,-4.1859684,-4.1859684,-23.723513,-27.631021,-4.1859684,-4.1859684,-4.1859684,-4.1859684,-4.1859684,-15.908495,-19.816004,-5.9731393,-4.18138,-4.18138,-23.722748,-27.631021,-4.18138,-4.18138,-4.18138,-4.18138,-4.18138,-15.9062,-19.814474,-5.9726486,-4.180889,-4.180889,-23.722666,-27.631021,-4.180889,-4.180889,-4.180889,-4.180889,-4.180889,-15.905955,-19.81431,-4.137251,-2.3454914,-2.3454914,-23.416767,-27.631021,-2.3454914,-2.3454914,-2.3454914,-2.3454914,-2.3454914,-14.988256,-19.20251,-4.13649,-2.3447306,-2.3447306,-23.41664,-27.631021,-2.3447306,-2.3447306,-2.3447306,-2.3447306,-2.3447306,-14.987876,-19.202257
pdac.b672e5bc3f0b20ae3f8db87646a0fcc5a8e9e9d1fcbe86ebd8154729a88b9e87,-3.952807,0.32385927,-1.4192444,-19.106867,-27.631021,-1.4192444,-1.4941764,-1.7477112,0.16656625,-0.79822445,-1.4941764,-1.5896534,-3.8556285,0.42103755,-1.4200693,-18.985186,-27.631021,-1.4200693,-1.4918044,-1.7132314,0.21942925,-0.7960865,-1.4918044,-1.555035,-3.9746513,0.3020149,-1.7316074,-19.019909,-27.631021,-1.7316074,-1.7399249,-1.8903865,0.09673243,-1.046743,-1.7399249,-1.7764714,-2.3167272,1.9599391,-0.2379873,-18.346933,-27.631021,-0.2379873,-0.34728625,-0.43009615,1.704221,0.3518222,-0.34728625,-0.38954395,-2.3699462,1.9067199,-0.25102806,-18.379585,-27.631021,-0.25102806,-0.36615175,-0.45978394,1.6609224,0.33360755,-0.36615175,-0.42852437
pdac.b6bd86ca77c61362ef3cca9a8020184b4ccf01b37ade4fa49a0b4f37377b4107,-5.5629435,-2.6725714,-2.709202,-23.026552,-27.631021,-2.709202,-2.709202,-2.709202,-2.6725714,-2.6787431,-4.4472566,-5.5668063,-5.2568655,-2.3664935,-2.5619142,-22.533339,-27.631021,-2.5619142,-2.5619142,-2.5619142,-2.3664935,-2.4305706,-3.5436883,-4.305938,-4.9412193,-2.0508473,-2.1536283,-22.68193,-27.631021,-2.1536283,-2.1536283,-2.1536283,-2.0508473,-2.0661418,-3.3497329,-4.3545475,-3.4062562,-0.5158844,-0.87919277,-22.064247,-27.631021,-0.87919277,-0.87919277,-0.87919277,-0.5158844,-0.610672,-1.4679749,-2.0737581,-3.2056267,-0.3152549,-0.4692494,-22.28895,-27.631021,-0.4692494,-0.4692494,-0.4692494,-0.3152549,-0.32551825,-1.4027917,-2.651263
pdac.b91507ca1d44be225b381eca8bad64d5f2441a8aeb98b417baa4cd7cdbb4e264,-3.587251,0.1504188,-0.89393735,-21.634794,-27.631021,-0.89393735,-0.89393735,-1.1299171,0.15039255,-0.22295667,-0.91635513,-1.1299171,-3.5693269,0.16834281,-0.8944906,-21.3367,-27.631021,-0.8944906,-0.8944906,-1.1338487,0.16574323,-0.22469437,-0.91812074,-1.1338487,-3.6045058,0.13316403,-0.92083716,-21.44393,-27.631021,-0.92083716,-0.92083716,-1.1519489,0.13282725,-0.2452533,-0.9385575,-1.1519489,-2.5044942,1.2331755,-0.16662396,-20.877691,-27.631021,-0.16662396,-0.16662396,-0.2271151,1.2293423,0.49433827,-0.19934411,-0.2271151,-2.6376047,1.1000651,-0.16123812,-21.027159,-27.631021,-0.16123812,-0.16123812,-0.22316058,1.0976732,0.4971154,-0.19665897,-0.22316058
pdac.ba60c23f496aa520c9369e56e9ad7cb89a2e49b5c54f64bdead27a9837e97cfd,-3.1161096,0.62156004,-0.5016774,-22.395844,-27.631021,-0.5016774,-0.5016774,-0.701454,0.62156004,0.05434291,-0.6497233,-0.701454,-3.1465855,0.5910841,-0.5047309,-22.344036,-27.631021,-0.5047309,-0.5047309,-0.7390692,0.5910841,0.045520633,-0.6595659,-0.7390692,-3.1375625,0.60010713,-0.54538864,-22.33702,-27.631021,-0.54538864,-0.54538864,-0.7209777,0.60010713,0.06518089,-0.63168526,-0.7209777,-2.5274951,1.2101746,-0.21016577,-22.082594,-27.631021,-0.21016577,-0.21016577,-0.3081363,1.2101746,0.4494049,-0.24432561,-0.3081363,-2.6113038,1.126366,-0.29432517,-22.103102,-27.631021,-0.29432517,-0.29432517,-0.40032056,1.126366,0.32756805,-0.3683138,-0.40032056
pdac.ba8e52946924dd9f0a204fd8c0e33373a68b4539e7d7b44891fcbff40a7e4a3a,-4.4015055,-0.41252145,-0.83825564,-22.99722,-27.631021,-0.83825564,-1.6374177,-2.0579112,-0.41271773,-0.6540732,-1.6374177,-2.0579112,-4.3868947,-0.3979106,-0.8373918,-22.855444,-27.631021,-0.8373918,-1.6359173,-2.0566568,-0.40088126,-0.65299505,-1.6359173,-2.0566568,-4.4065623,-0.4175784,-0.85108745,-22.88244,-27.631021,-0.85108745,-1.655592,-2.0744922,-0.41948006,-0.6686944,-1.655592,-2.0744922,-3.3549721,0.63401204,-0.20691243,-22.507286,-27.631021,-0.20691243,-0.6217242,-0.8752665,0.62209964,0.15509768,-0.6217242,-0.8752665,-3.3822045,0.6067796,-0.20708773,-22.557745,-27.631021,-0.20708773,-0.6239127,-0.8768873,0.602838,0.1537012,-0.6239127,-0.8768873
pdac.bd3f626a0324142f7410ac61040fa11810275741e5f315a2429d05a5ec43ff9a,-6.8128815,-2.5362153,-3.4055908,-22.980661,-27.631021,-3.4055908,-3.638847,-4.4105587,-2.559072,-2.9187388,-3.638847,-4.0538244,-5.7840405,-1.5073743,-2.3080087,-22.675531,-27.631021,-2.3080087,-2.7166388,-3.4684937,-1.5510391,-1.9422274,-2.7166388,-3.1001852,-5.7309775,-1.4543113,-2.0519931,-22.679396,-27.631021,-2.0519931,-2.958969,-3.569499,-1.4934821,-1.9009829,-2.958969,-3.3639352,-4.296185,-0.019519046,-1.2374325,-22.264404,-27.631021,-1.2374325,-1.5811988,-1.8902861,-0.10078144,-0.8300924,-1.5811988,-1.7750291,-4.3919806,-0.115314364,-1.3111165,-22.354412,-27.631021,-1.3111165,-1.4967614,-1.8410257,-0.16614315,-0.7864803,-1.4967614,-1.6206367
pdac.c206d4ea5e4ccc525df2bff4ba1b2bcf0874a4ed02da44d0e66bd2690ba2f3c1,-4.0611672,-1.1707953,-1.4845161,-19.729254,-27.631021,-1.4845161,-1.4845161,-1.4845161,-1.1707953,-1.3117808,-2.3187084,-2.928564,-4.05422,-1.1638484,-1.4796338,-19.72371,-27.631021,-1.4796338,-1.4796338,-1.4796338,-1.1638484,-1.3067375,-2.3133187,-2.9162023,-3.582222,-0.69185007,-1.018442,-19.571436,-27.631021,-1.018442,-1.018442,-1.018442,-0.69185007,-0.82932585,-1.8031149,-2.4300876,-3.0649507,-0.17457898,-0.6362066,-19.305653,-27.631021,-0.6362066,-0.6362066,-0.6362066,-0.17457898,-0.38656446,-1.2663617,-1.7715213,-2.6525135,0.23785833,-0.2342683,-19.173529,-27.631021,-0.2342683,-0.2342683,-0.2342683,0.23785833,0.03368066,-0.8242656,-1.3504388
pdac.c28de01257779876214d850cf0ebefb6c14a3ab1d8b22324495698213f55db92,-5.353585,-1.7700658,-2.0641246,-24.00359,-27.631021,-2.0641246,-2.0641246,-2.6779552,-1.7700658,-1.8071773,-2.6779552,-3.5329006,-5.3173423,-1.7338233,-2.0639944,-23.841673,-27.631021,-2.0639944,-2.0639944,-2.677865,-1.7338233,-1.8070652,-2.677865,-3.53254,-5.3245544,-1.7410353,-2.0639846,-23.84694,-27.631021,-2.0639846,-2.0639846,-2.6772447,-1.7410353,-1.8067787,-2.6772447,-3.5320065,-4.1023283,-0.5188095,-0.99682343,-23.547281,-27.631021,-0.99682343,-0.99682343,-1.5014226,-0.5188095,-0.6860272,-1.5014226,-2.036334,-4.146601,-0.5630823,-0.9967235,-23.587183,-27.631021,-0.9967235,-0.9967235,-1.5007222,-0.5630823,-0.68560636,-1.5007222,-2.1943572
pdac.c3e2c24d1a42abf24343c0fb786088f8514a0b6bbc90b5c9c191d488955e2ff9,-4.9751773,-0.98619306,-1.891801,-22.538668,-27.631021,-1.891801,-2.003933,-2.5319757,-0.9913273,-1.304512,-2.003933,-2.5319757,-4.858849,-0.8698648,-1.8917712,-22.433378,-27.631021,-1.8917712,-2.0039897,-2.4013216,-0.88280386,-1.3045592,-2.0039897,-2.4013216,-4.920892,-0.9319078,-1.9318335,-22.437841,-27.631021,-1.9318335,-2.1862557,-2.4207866,-0.9455634,-1.4610864,-2.1862557,-2.4207866,-3.5140266,0.47495738,-0.8735246,-22.069145,-27.631021,-0.8735246,-0.9573753,-1.0059371,0.44884697,-0.26071677,-0.9573753,-1.0059371,-3.5332534,0.45573077,-0.8835008,-22.083267,-27.631021,-0.8835008,-0.977071,-1.0231571,0.431794,-0.2795525,-0.977071,-1.0231571
pdac.c447d0704d341a7bb73e37da84c3da7a211065d2ab984a1e82006a4f1ecea07b,-6.2740636,-1.9973975,-2.9851372,-21.979008,-27.631021,-2.9851372,-3.4508476,-4.007441,-2.044466,-2.6529646,-3.4508476,-3.8115733,-4.7418795,-0.46521345,-1.1775235,-21.604542,-27.631021,-1.1775235,-1.6441288,-2.291333,-0.5115695,-0.8458563,-1.6441288,-1.9930599,-5.1820893,-0.9054231,-1.8236778,-21.639038,-27.631021,-1.8236778,-2.2949002,-2.8181086,-0.9680557,-1.4946086,-2.2949002,-2.6227708,-3.444501,0.83216524,-0.42900935,-21.11267,-27.631021,-0.42900935,-0.5929752,-0.92668325,0.74066734,0.11355459,-0.5929752,-0.73733896,-4.1964817,0.08018422,-1.2461827,-21.251667,-27.631021,-1.2461827,-1.4768202,-1.9995544,-0.049120005,-0.7573088,-1.4768202,-1.75402
pdac.c54e781f8f4f0a183c65a6ac8acda3a9db8aab4e996e337d681b0eaadf4e17f8,-7.006194,-4.5212874,-5.089365,-23.896416,-27.631021,-5.089365,-5.089365,-5.089365,-4.5212874,-4.5212874,-5.223389,-12.6926,-6.9187474,-4.4338408,-4.942461,-23.883844,-27.631021,-4.942461,-4.942461,-4.942461,-4.4338408,-4.4338408,-5.147955,-12.64231,-6.784032,-4.299125,-4.941006,-23.858128,-27.631021,-4.941006,-4.941006,-4.941006,-4.299125,-4.299125,-4.9936576,-12.539446,-5.20283,-2.7179232,-3.2275293,-23.597816,-27.631021,-3.2275293,-3.2275293,-3.2275293,-2.7179232,-2.7179232,-3.4317877,-11.498199,-5.063242,-2.578335,-3.2232997,-23.571302,-27.631021,-3.2232997,-3.2232997,-3.2232997,-2.578335,-2.578335,-3.272702,-11.392141
pdac.c6ad4a9e7b3ecb72197aaaa950d604a1dba0f8f3058dc31ba62c16242efaed2a,-5.972836,-3.4879293,-3.5310557,-22.299536,-27.631021,-3.5310557,-3.5310557,-3.5310557,-3.4879293,-3.49414,-5.1713576,-6.305078,-4.8042507,-2.3193443,-2.416359,-21.92214,-27.631021,-2.416359,-2.416359,-2.416359,-2.3193443,-2.3271,-3.601986,-4.7954984,-4.559613,-2.0747063,-2.1503754,-21.902672,-27.631021,-2.1503754,-2.1503754,-2.1503754,-2.0747063,-2.0805154,-3.4634392,-4.717619,-2.9972184,-0.5123117,-0.72154707,-21.44505,-27.631021,-0.72154707,-0.72154707,-0.72154707,-0.5123117,-0.5177388,-1.4650178,-2.8871346,-2.9003882,-0.41548166,-0.5497393,-21.524025,-27.631021,-0.5497393,-0.5497393,-0.5497393,-0.41548166,-0.4176461,-1.5284764,-3.2030363
pdac.c75ad7b1858550227b107fd55bda1f2da1068ee58b30ea83d4bc34252db8ef95,-3.3898816,-0.4995099,-0.5875039,-24.068731,-27.631021,-0.5875039,-0.5875039,-0.5875039,-0.4995099,-0.49951032,-1.7805898,-6.2572756,-3.3898625,-0.49949062,-0.58749384,-23.888542,-27.631021,-0.58749384,-0.58749384,-0.58749384,-0.49949062,-0.49950108,-1.7805848,-5.176142,-3.3893757,-0.49900398,-0.5869836,-23.924816,-27.631021,-0.5869836,-0.5869836,-0.5869836,-0.49900398,-0.4990094,-1.7801846,-5.3937874,-2.8787315,0.011640271,-0.18189697,-23.653572,-27.631021,-0.18189697,-0.18189697,-0.18189697,0.01164027,0.011557742,-0.9541097,-3.7663298,-2.8778954,0.012476385,-0.18096659,-23.71929,-27.631021,-0.18096659,-0.18096659,-0.18096659,0.012476385,0.012451163,-0.9532845,-4.1606293
pdac.ce33d1fe5f894a7e78479a178311391738280d30da5a1ab7ba60f0bcd80ce99e,-8.161826,-5.6769195,-6.059762,-24.099363,-27.631021,-6.059762,-6.059762,-6.059762,-5.6769195,-5.6769195,-6.4410677,-13.504385,-7.5160985,-5.031192,-5.5260806,-23.984015,-27.631021,-5.5260806,-5.5260806,-5.5260806,-5.031192,-5.031192,-5.7489777,-13.042992,-7.683738,-5.1988316,-5.8365808,-24.008118,-27.631021,-5.8365808,-5.8365808,-5.8365808,-5.1988316,-5.1988316,-5.893604,-13.13941,-5.792227,-3.3073204,-3.971117,-23.692669,-27.631021,-3.971117,-3.971117,-3.971117,-3.3073204,-3.3073204,-4.000911,-11.877615,-6.065616,-3.5807095,-3.9490864,-23.751432,-27.631021,-3.9490864,-3.9490864,-3.9490864,-3.5807095,-3.5807095,-4.3534927,-12.112669
pdac.ce4af8f1a2aa7960447bd3c4fea4740dd58a1c46f627a1dd7ff3ca731adce1ed,-5.3478465,-1.3588624,-2.214962,-22.540165,-27.631021,-2.214962,-2.7698665,-2.981308,-1.3757701,-1.9300674,-2.7698665,-2.981308,-5.333809,-1.3448249,-2.2052698,-22.475163,-27.631021,-2.2052698,-2.7650254,-2.9782507,-1.3694179,-1.9227717,-2.7650254,-2.9782507,-5.377527,-1.3885434,-2.2544804,-22.510115,-27.631021,-2.2544804,-2.7907376,-2.995649,-1.4020939,-1.9602096,-2.7907376,-2.995649,-3.9017243,0.087259814,-0.8819371,-22.125113,-27.631021,-0.8819371,-1.3215232,-1.5598563,0.046504825,-0.5347182,-1.3215232,-1.5598563,-3.9454565,0.043527685,-0.91317004,-22.160906,-27.631021,-0.91317004,-1.3369344,-1.5701239,0.019091612,-0.5565644,-1.3369344,-1.5701239
pdac.ce8673feaac156cf0af0decc0ac8787e47e5274ff65f0ba0cf24ee6ba1e35c26,-3.832949,0.6668609,-0.48574257,-22.16804,-27.631021,-0.48574257,-0.66817963,-1.2465967,0.6313779,0.041517712,-0.66817963,-0.92500687,-3.7601092,0.7397006,-0.49240085,-22.037777,-27.631021,-0.49240085,-0.67614913,-1.244888,0.6909844,0.0337856,-0.67614913,-0.925701,-3.7827973,0.71701247,-0.4976499,-22.052462,-27.631021,-0.4976499,-0.6803013,-1.3044566,0.67060155,0.029434731,-0.6803013,-0.9694528,-2.7052984,1.7945113,-0.14514229,-21.658676,-27.631021,-0.14514229,-0.22196144,-0.3808503,1.6964743,0.47413343,-0.22196144,-0.27770293,-2.751605,1.7482046,-0.14091654,-21.69584,-27.631021,-0.14091654,-0.2165404,-0.41245964,1.6555228,0.47946355,-0.2165404,-0.29760706
pdac.cff00c9edd6ff1b643a16b911fb842482216fda37ba00d5570ccff36c77f9b5b,-5.2039003,-2.0258465,-2.8856668,-23.809053,-27.631021,-2.8856668,-2.8856668,-2.9206896,-2.0258465,-2.2269292,-2.9206896,-3.1914139,-5.181617,-2.0035632,-2.8850539,-23.66651,-27.631021,-2.8850539,-2.8850539,-2.9203176,-2.0035632,-2.226549,-2.9203176,-3.1910245,-5.2153044,-2.0372505,-2.9045837,-23.753815,-27.631021,-2.9045837,-2.9045837,-2.9339955,-2.0372505,-2.2404158,-2.9339955,-3.2050445,-3.88818,-0.7101262,-1.6087437,-23.445967,-27.631021,-1.6087437,-1.6087437,-1.6469574,-0.7101262,-0.9530803,-1.6469574,-1.8859266,-3.9284117,-0.75035787,-1.6225173,-23.567595,-27.631021,-1.6225173,-1.6225173,-1.6651716,-0.75035787,-0.971115,-1.6651716,-1.9023428
pdac.d07def8a4fa0912c958313a7cb3be7da9b8cd74cce87bb85ba511eb47c22cc0b,-4.666359,-0.6773751,-1.2315838,-21.865164,-27.631021,-1.2315838,-1.543556,-2.2324378,-0.68332714,-0.802515,-1.543556,-2.2324378,-4.5807576,-0.5917737,-1.2371196,-21.667536,-27.631021,-1.2371196,-1.5439993,-2.2615366,-0.60969687,-0.80448556,-1.5439993,-2.2615366,-4.187167,-0.19818288,-0.5528582,-21.676414,-27.631021,-0.5528582,-1.1956339,-2.068843,-0.20890622,-0.3087377,-1.1956339,-2.068843,-3.7354407,0.25354347,-0.84462315,-21.266674,-27.631021,-0.84462315,-0.9145031,-1.398083,0.20829676,-0.21891633,-0.9145031,-1.398083,-3.6629486,0.32603544,-0.501374,-21.32615,-27.631021,-0.501374,-0.66672385,-1.2368078,0.28759098,0.040031802,-0.66672385,-1.2368078
pdac.d135322dce63dd6f859f4d3e1a489615974ba3a0b9bc68143b707a09577cdab8,-5.3995514,-1.6618814,-2.096864,-23.357145,-27.631021,-2.096864,-2.096864,-3.2690136,-1.6618814,-1.8715087,-2.7845063,-3.2690136,-5.08032,-1.3426503,-1.7624615,-23.219028,-27.631021,-1.7624615,-1.7624615,-3.0162048,-1.3426503,-1.5980232,-2.6233985,-3.0162048,-4.8515577,-1.113888,-1.4724654,-23.202778,-27.631021,-1.4724654,-1.4724654,-2.8697731,-1.113888,-1.3465185,-2.4765956,-2.8697731,-3.8849916,-0.14732198,-0.8907905,-22.89851,-27.631021,-0.8907905,-0.8907905,-1.6416881,-0.14732198,-0.57264596,-1.3817723,-1.6416881,-3.7735324,-0.0358626,-0.6876501,-22.9119,-27.631021,-0.6876501,-0.6876501,-1.5446315,-0.0358626,-0.4189587,-1.27607,-1.5446315
pdac.d16043fb89bf4128316d8ad14f39a3778220c240ddc07762a8670b0fa8e7f9d7,-5.1780987,-1.3068978,-1.8624613,-22.800459,-27.631021,-1.8624613,-1.8624613,-3.0170746,-1.3068978,-1.58215,-2.4266748,-3.0170746,-5.0225067,-1.1513059,-1.8628695,-22.755463,-27.631021,-1.8628695,-1.8628695,-2.6211932,-1.1513059,-1.5825557,-2.4270778,-2.6211932,-5.178351,-1.30715,-2.1023734,-22.77393,-27.631021,-2.1023734,-2.1023734,-2.7825558,-1.30715,-1.7647561,-2.5585177,-2.7825558,-3.489317,0.3818841,-0.8611291,-22.404366,-27.631021,-0.8611291,-0.8611291,-1.120405,0.3818841,-0.18235739,-0.8756094,-1.120405,-3.5461626,0.32503837,-0.94950753,-22.412027,-27.631021,-0.94950753,-0.94950753,-1.1778169,0.32503837,-0.25727534,-0.95042294,-1.1778169
pdac.d3f24b198fa2a34dd906f2b53d2fc8ad517a8a3e3530812d26325a7df6ddd559,-7.6720743,-4.0885553,-4.841534,-23.543488,-27.631021,-4.841534,-4.841534,-5.261879,-4.0885553,-4.482872,-5.261879,-5.540184,-6.179364,-2.5958452,-2.992254,-23.283285,-27.631021,-2.992254,-2.992254,-3.8585644,-2.5958452,-2.8294377,-3.8585644,-4.367424,-6.3683786,-2.7848594,-3.4470437,-23.268608,-27.631021,-3.4470437,-3.4470437,-4.0755653,-2.7848594,-3.1966789,-4.0755653,-4.4034176,-4.389599,-0.8060796,-1.4328791,-22.904379,-27.631021,-1.4328791,-1.4328791,-1.8547046,-0.8060796,-1.0751086,-1.8547046,-2.4296575,-4.918493,-1.3349739,-2.3773108,-22.959743,-27.631021,-2.3773108,-2.3773108,-2.5141962,-1.3349739,-1.8117093,-2.5141962,-2.8799505
pdac.d493eb2bf0244500b9f846c4f95ed269b7803481862af70f23187888ddf36720,-5.1763983,-1.592879,-2.5541341,-21.99832,-27.631021,-2.5541341,-2.5541341,-2.5819414,-1.592879,-1.8884076,-2.5819414,-2.8882225,-4.788773,-1.2052541,-2.3644328,-21.771975,-27.631021,-2.3644328,-2.3644328,-2.433648,-1.2052541,-1.7381074,-2.433648,-2.485076,-4.439271,-0.85575217,-1.6377401,-21.773943,-27.631021,-1.6377401,-1.6377401,-2.0002606,-0.85575217,-1.2427937,-2.0002606,-2.1595526,-3.3049102,0.27860892,-0.7799597,-21.379953,-27.631021,-0.7799597,-0.7799597,-0.8476738,0.27860892,-0.15223578,-0.8476738,-1.0706785,-3.1874347,0.39608422,-0.5685156,-21.439276,-27.631021,-0.5685156,-0.5685156,-0.72945184,0.39608422,-0.023409938,-0.72945184,-0.8675881
pdac.d66b216c56e88016d492434f911f75ca8231ae5e2f72647acb0ce719e6bbc705,-4.1035724,-0.36590248,-0.49761036,-20.62856,-27.631021,-0.49761036,-0.49761036,-2.8777995,-0.3666964,-0.38592142,-1.5654471,-2.8777995,-3.8834655,-0.1457959,-0.4976404,-20.051056,-27.631021,-0.4976404,-0.4976404,-1.7358539,-0.15119486,-0.3100126,-1.2866478,-1.7358539,-4.0203815,-0.2827116,-0.5036078,-20.154066,-27.631021,-0.5036078,-0.5036078,-2.0785625,-0.28840214,-0.39192742,-1.5714849,-2.0785625,-2.892017,0.84565276,-0.14955303,-19.429527,-27.631021,-0.14955303,-0.14955303,-0.6099213,0.8293377,0.4354027,-0.26431525,-0.6099213,-3.3849928,0.35267687,-0.15039475,-19.682356,-27.631021,-0.15039475,-0.15039475,-1.1824269,0.33841914,0.12452275,-0.72573394,-1.1824269
pdac.d9550f7e7926057cc500e95785984b456fbc8f1eba5db3b2178f722fc47aefd5,-6.4164877,-2.8329685,-2.9823523,-24.030767,-27.631021,-2.9823523,-2.9823523,-4.2807465,-2.8329685,-2.9104853,-4.2807465,-4.949609,-5.6483326,-2.0648139,-2.3038464,-23.867184,-27.631021,-2.3038464,-2.3038464,-3.2769277,-2.0648139,-2.1703465,-3.2769277,-3.8416789,-5.385683,-1.8021642,-1.9686189,-23.832008,-27.631021,-1.9686189,-1.9686189,-3.3350523,-1.8021642,-1.9056134,-3.3350523,-3.8892038,-4.5774593,-0.99394023,-1.3564861,-23.626822,-27.631021,-1.3564861,-1.3564861,-2.1404362,-0.99394023,-1.1671207,-2.1404362,-2.6286411,-4.689672,-1.106153,-1.3572371,-23.67071,-27.631021,-1.3572371,-1.3572371,-2.481072,-1.106153,-1.256808,-2.481072,-2.958861
pdac.d9bf059fcc5f0531aea48cf896707caf102132bd1170155bb0fc068033bd4b83,-6.9137974,-5.122038,-5.122038,-23.879524,-27.631021,-5.122038,-5.122038,-5.122038,-5.122038,-5.122038,-16.37653,-20.128027,-6.9138174,-5.122058,-5.122058,-23.879528,-27.631021,-5.122058,-5.122058,-5.122058,-5.122058,-5.122058,-16.37654,-20.128033,-6.9137974,-5.122038,-5.122038,-23.879524,-27.631021,-5.122038,-5.122038,-5.122038,-5.122038,-5.122038,-16.37653,-20.128027,-5.5399427,-3.7481835,-3.7481835,-23.650549,-27.631021,-3.7481835,-3.7481835,-3.7481835,-3.7481835,-3.7481835,-15.689603,-19.670076,-5.539733,-3.7479732,-3.7479732,-23.650513,-27.631021,-3.7479732,-3.7479732,-3.7479732,-3.7479732,-3.7479732,-15.689497,-19.670006
pdac.da3d5f2ad8e138add91b10ff3f6c4da34cc406cfa6b8c1aabb4155fadfd42ed0,-3.9974103,-0.00842611,-0.9952618,-21.009138,-27.631021,-0.9952618,-1.203357,-1.3104293,-0.0162332,-0.48871243,-1.203357,-1.3104293,-3.9531245,0.03585965,-0.99500775,-20.681276,-27.631021,-0.99500775,-1.2385828,-1.3436831,0.015156392,-0.51606,-1.2385828,-1.3436831,-3.9885988,0.000385268,-1.0601168,-20.809881,-27.631021,-1.0601168,-1.2366453,-1.3221524,-0.016863728,-0.52799726,-1.2366453,-1.3221524,-2.8555574,1.1334268,-0.36670512,-20.202164,-27.631021,-0.36670512,-0.4039929,-0.5036912,1.0896877,0.2898493,-0.4039929,-0.5036912,-3.005207,0.98377717,-0.39364022,-20.36357,-27.631021,-0.39364022,-0.4273556,-0.47591925,0.95656204,0.26635984,-0.4273556,-0.47591925
pdac.dc35a17afb2a6800fc091e70888a215ca57f20743bc2613afb9c972651be3697,-6.0502872,-2.8722334,-3.537368,-22.25823,-27.631021,-3.537368,-3.537368,-3.7938757,-2.8722334,-3.0681849,-3.7938757,-4.210484,-5.915168,-2.7371137,-3.450102,-21.983814,-27.631021,-3.450102,-3.450102,-3.7503982,-2.7371137,-3.012824,-3.7503982,-4.181509,-5.4097295,-2.2316756,-2.6089268,-22.01921,-27.631021,-2.6089268,-2.6089268,-3.3321736,-2.2316756,-2.3975368,-3.3321736,-3.8054821,-4.533098,-1.3550445,-2.2759728,-21.592672,-27.631021,-2.2759728,-2.2759728,-2.4932692,-1.3550445,-1.7766967,-2.4932692,-2.7666285,-4.474921,-1.2968671,-1.878055,-21.733608,-27.631021,-1.878055,-1.878055,-2.293849,-1.2968671,-1.516641,-2.293849,-2.752973
pdac.dc690b750a880e149d84342fdd98d74403f5291f884527e304f67572a61c267c,-4.1013923,-0.5178732,-0.935754,-21.4097,-27.631021,-0.935754,-0.935754,-1.344493,-0.5178732,-0.5700394,-1.344493,-2.4361343,-4.0306983,-0.44717926,-0.93567336,-21.13071,-27.631021,-0.93567336,-0.93567336,-1.3435898,-0.44717926,-0.5694545,-1.3435898,-2.1194377,-3.9989393,-0.41542038,-0.9294336,-21.10529,-27.631021,-0.9294336,-0.9294336,-1.3384447,-0.41542038,-0.5638856,-1.3384447,-1.9533337,-3.0336683,0.54985064,-0.33061978,-20.65973,-27.631021,-0.33061978,-0.33061978,-0.55730414,0.54985064,0.16131887,-0.55730414,-0.91755205,-3.0647929,0.51872617,-0.3239889,-20.70546,-27.631021,-0.3239889,-0.3239889,-0.55176306,0.51872617,0.16710338,-0.55176306,-0.83150685
pdac.dd03b1c5c91672dca6dc0fbe71d8cc0ab14b32ddea9e9eb62c43e45be738eccc,-10.435608,-7.950701,-8.135668,-24.514603,-27.631021,-8.135668,-8.135668,-8.135668,-7.950701,-7.950701,-8.932503,-15.165342,-7.9171443,-5.4322376,-5.6044497,-24.099234,-27.631021,-5.6044497,-5.6044497,-5.6044497,-5.4322376,-5.4322376,-6.4402933,-13.50387,-8.848198,-6.3632913,-6.812133,-24.208565,-27.631021,-6.812133,-6.812133,-6.812133,-6.3632913,-6.3632913,-7.0962753,-13.941191,-6.2253065,-3.7404,-4.226983,-23.769283,-27.631021,-4.226983,-4.226983,-4.226983,-3.7404,-3.7404,-4.4605885,-12.184066,-7.367999,-4.8830924,-5.189045,-23.976313,-27.631021,-5.189045,-5.189045,-5.189045,-4.8830924,-4.8830924,-5.70277,-13.012188
pdac.df7486a2985c1e9c2c3adb3a09915384cf2087e92c968096d2c1a5c34f18751a,-7.9515605,-6.159801,-6.159801,-24.052485,-27.631021,-6.159801,-6.159801,-6.159801,-6.159801,-6.159801,-16.89541,-20.473948,-7.114032,-5.3222723,-5.3222723,-23.912897,-27.631021,-5.3222723,-5.3222723,-5.3222723,-5.3222723,-5.3222723,-16.476646,-20.19477,-7.1202626,-5.328503,-5.328503,-23.913935,-27.631021,-5.328503,-5.328503,-5.328503,-5.328503,-5.328503,-16.479763,-20.196848,-5.7391768,-3.9474175,-3.9474175,-23.683754,-27.631021,-3.9474175,-3.9474175,-3.9474175,-3.9474175,-3.9474175,-15.78922,-19.736486,-6.1095166,-4.317757,-4.317757,-23.745478,-27.631021,-4.317757,-4.317757,-4.317757,-4.317757,-4.317757,-15.974389,-19.859934
pdac.e1a8ef1efe9d201a3821665de4a10536dbf1a07c8b9756e6ca290f9e49c95dcb,-5.6295624,-1.5352178,-2.8132539,-21.094326,-27.631021,-2.8132539,-2.8595898,-2.9178011,-1.567398,-2.1653695,-2.8595898,-2.9178011,-5.536339,-1.441994,-2.9473557,-20.85623,-27.631021,-2.9473557,-2.9520912,-2.9582138,-1.5322452,-2.2589328,-2.9520912,-2.9582138,-5.525717,-1.431372,-2.8579552,-20.8813,-27.631021,-2.8579552,-2.8875723,-2.9918005,-1.5154738,-2.1939864,-2.8875723,-2.9918005,-3.8628511,0.23149359,-1.3960693,-20.262728,-27.631021,-1.3960693,-1.4200791,-1.5035511,0.07318356,-0.72664374,-1.4200791,-1.5035511,-3.8740373,0.22030728,-1.2705939,-20.31977,-27.631021,-1.2705939,-1.3304212,-1.553303,0.089888,-0.6354855,-1.3304212,-1.553303
pdac.e22972426e6e08a29a809de493b2a00616d68940c3d032a5a558a4d939dd10e1,-2.6842265,0.2061452,-0.6413281,-21.996944,-27.631021,-0.6413281,-0.6413281,-0.6413281,0.2061452,0.046440866,-0.6467209,-1.0043291,-2.6851962,0.20517561,-0.6465259,-21.971512,-27.631021,-0.6465259,-0.6465259,-0.6465259,0.20517561,0.043736577,-0.6494148,-1.0055302,-2.6840942,0.20627762,-0.6414781,-21.971775,-27.631021,-0.6414781,-0.6414781,-0.6414781,0.20627762,0.0463008,-0.64686084,-1.0062878,-2.1427693,0.7476025,-0.20611636,-21.78141,-27.631021,-0.20611636,-0.20611636,-0.20611636,0.7476025,0.4866196,-0.20652768,-0.39089027,-2.142283,0.7480888,-0.2018012,-21.78934,-27.631021,-0.2018012,-0.2018012,-0.2018012,0.7480888,0.4892606,-0.20388876,-0.38979253
pdac.e3c12099e70e0f07c44070fc60fda300f9b6a171f1b722c386294e3b1e7b97d3,-5.7224975,-3.5252728,-4.5390797,-18.011236,-27.631021,-4.5390797,-4.5390797,-4.5390797,-3.5252728,-3.9021685,-4.5969915,-4.627399,-4.80033,-2.6031053,-2.9322639,-17.550098,-27.631021,-2.9322639,-2.9322639,-2.9322639,-2.6031053,-2.7475572,-3.7298694,-4.0388484,-4.2646627,-2.0674381,-2.5070128,-17.310154,-27.631021,-2.5070128,-2.5070128,-2.5070128,-2.0674381,-2.254498,-3.1306992,-3.3742814,-2.9842818,-0.78705716,-1.1143615,-16.673325,-27.631021,-1.1143615,-1.1143615,-1.1143615,-0.78705716,-0.9174731,-1.8768911,-2.2506967,-2.657949,-0.46072435,-0.91056854,-16.567158,-27.631021,-0.91056854,-0.91056854,-0.91056854,-0.46072435,-0.63325405,-1.4809402,-1.7668958
pdac.e4d000de5abf9bfcd37d145940d8c54670c34302c4487341bae0d37d14e5486f,-4.976573,-1.3930538,-2.288713,-22.66594,-27.631021,-2.288713,-2.288713,-2.4312367,-1.3930538,-1.7279671,-2.4312367,-2.746139,-4.9432087,-1.3596895,-2.2893841,-22.470493,-27.631021,-2.2893841,-2.2893841,-2.431372,-1.3596895,-1.7281781,-2.431372,-2.7378576,-4.951665,-1.3681458,-2.288713,-22.516165,-27.631021,-2.288713,-2.288713,-2.4317029,-1.3681458,-1.7283672,-2.4317029,-2.7362914,-3.69855,-0.11503106,-1.1504936,-22.12382,-27.631021,-1.1504936,-1.1504936,-1.2663767,-0.11503106,-0.5665301,-1.2663767,-1.5297676,-3.7360146,-0.15249556,-1.1495824,-22.213816,-27.631021,-1.1495824,-1.1495824,-1.2661266,-0.15249556,-0.5662034,-1.2661266,-1.5272669
pdac.e61b2b795cd8eba323a9363d4c2bd65ec631062a037177c994de6572ae4b6f9f,-4.0121975,0.4876123,-0.9319105,-20.522184,-27.631021,-0.9319105,-1.0304592,-1.422801,0.41870648,-0.33246392,-1.0304592,-1.2015833,-3.8096485,0.69016135,-0.97185063,-20.255972,-27.631021,-0.97185063,-1.0608654,-1.3516839,0.5912112,-0.36376163,-1.0608654,-1.0969738,-3.7498384,0.7499713,-0.9021977,-20.268442,-27.631021,-0.9021977,-1.0002663,-1.3018332,0.657999,-0.30231816,-1.0002663,-1.0429341,-2.6600559,1.8397539,-0.22038181,-19.75171,-27.631021,-0.22038181,-0.23498192,-0.3631973,1.6710746,0.45827183,-0.23498192,-0.27397984,-2.7151186,1.7846911,-0.14900576,-19.826178,-27.631021,-0.14900576,-0.16394147,-0.31642324,1.645452,0.52931726,-0.16394147,-0.22271691
pdac.e6b495321913d2573fee998f31f81b02a69fcc3e79da6708de20004883ad9a1b,-5.5656023,-1.694401,-2.6440635,-23.855034,-27.631021,-2.6440635,-2.6440635,-3.0087922,-1.694401,-1.9663125,-2.6595802,-3.0087922,-5.511937,-1.640736,-2.6440635,-23.757242,-27.631021,-2.6440635,-2.6440635,-3.008388,-1.640736,-1.9660178,-2.6592808,-3.008388,-5.516774,-1.6455731,-2.6442335,-23.76378,-27.631021,-2.6442335,-2.6442335,-3.0087898,-1.6455731,-1.9663581,-2.6596236,-3.0087898,-4.1800365,-0.30883548,-1.447334,-23.498224,-27.631021,-1.447334,-1.447334,-1.7643559,-0.30883548,-0.7629948,-1.4561812,-1.7643559,-4.22305,-0.35184908,-1.447394,-23.524029,-27.631021,-1.447394,-1.447394,-1.7586176,-0.35184908,-0.759915,-1.4530783,-1.7586176
pdac.e6fd271ab8523635b21be60b25fb7f56a2a2728579ca21676101f0bc65a8b775,-3.9997554,-0.010771303,-1.1121098,-22.150803,-27.631021,-1.1121098,-1.1650548,-1.1833435,-0.01247454,-0.4705067,-1.1650548,-1.1833435,-3.998626,-0.00964187,-1.1444564,-22.003891,-27.631021,-1.1444564,-1.1811816,-1.2057614,-0.01758316,-0.48736015,-1.1811816,-1.2057614,-3.9807067,0.008277375,-1.1148831,-22.02909,-27.631021,-1.1148831,-1.167371,-1.1856446,0.0025982773,-0.47284698,-1.167371,-1.1856446,-3.0944567,0.89452744,-0.40661532,-21.628786,-27.631021,-0.40661532,-0.4261569,-0.44549504,0.87535614,0.2671812,-0.4261569,-0.44549504,-3.0973547,0.8916294,-0.41107878,-21.695858,-27.631021,-0.41107878,-0.4143197,-0.42755437,0.88340044,0.27883276,-0.4143197,-0.42755437
pdac.e7a233b798c7efd42dd7f54c7cb7026d3e3ea41046c28198886f0e189d3b25c4,-4.4455533,-0.35120854,-2.0071573,-21.627066,-27.631021,-2.0071573,-2.19906,-2.281345,-0.41450608,-1.4876115,-2.19906,-2.281345,-4.360932,-0.2665873,-1.9369954,-21.59247,-27.631021,-1.9369954,-2.1317735,-2.2082949,-0.32897964,-1.4197757,-2.1317735,-2.2082949,-4.4093122,-0.31496763,-1.9533787,-21.614248,-27.631021,-1.9533787,-2.1422005,-2.2175107,-0.3716873,-1.4313313,-2.1422005,-2.2175107,-2.750468,1.3438766,-0.4857674,-21.175991,-27.631021,-0.4857674,-0.5670003,-0.6417525,1.2777718,0.12944262,-0.5670003,-0.6417525,-2.7692432,1.3251013,-0.49575868,-21.192926,-27.631021,-0.49575868,-0.5695359,-0.6499958,1.2645752,0.12633033,-0.5695359,-0.6499958
pdac.e8f6120b0b65af2517f111e409e9ec1a0b3f1aeb97b317c77465e2a91ef661d1,-6.7287617,-3.145243,-4.1410966,-23.882433,-27.631021,-4.1410966,-4.1410966,-4.3519316,-3.145243,-3.6367214,-4.3519316,-4.643207,-6.7209406,-3.1374216,-4.141012,-23.881084,-27.631021,-4.141012,-4.141012,-4.339057,-3.1374216,-3.6264257,-4.339057,-4.634574,-6.610752,-3.0272334,-4.0897584,-23.849583,-27.631021,-4.0897584,-4.0897584,-4.301135,-3.0272334,-3.5858123,-4.301135,-4.609347,-5.3603306,-1.7768116,-2.7990177,-23.6529,-27.631021,-2.7990177,-2.7990177,-2.9888716,-1.7768116,-2.2778094,-2.9888716,-3.2764065,-5.2828865,-1.6993678,-2.7473338,-23.631407,-27.631021,-2.7473338,-2.7473338,-2.9505148,-1.6993678,-2.236867,-2.9505148,-3.2518203
pdac.eb2248a931423489394138ce70e229754dbbf2322bf119b64cc8ae6bc6301c65,-3.1054554,0.9888893,-0.4165336,-20.40325,-27.631021,-0.4165336,-0.43752804,-0.4514581,0.9851848,0.2558395,-0.43752804,-0.4514581,-3.0840015,1.010343,-0.4165336,-20.084623,-27.631021,-0.4165336,-0.43760437,-0.45154953,0.99273396,0.25576478,-0.43760437,-0.45154953,-3.1837282,0.91061634,-0.41920918,-20.189592,-27.631021,-0.41920918,-0.533314,-0.57856345,0.8996758,0.16632907,-0.533314,-0.57856345,-2.3684862,1.7258584,-0.12118181,-19.529188,-27.631021,-0.12118181,-0.12542382,-0.1322608,1.6640091,0.56773233,-0.12542382,-0.1322608,-2.5101194,1.5842252,-0.12131191,-19.678612,-27.631021,-0.12131191,-0.1641286,-0.18903074,1.5416176,0.52993494,-0.1641286,-0.18903074
pdac.eb27fc2d9028d2e035a9dadd2bcff41e6e90baaa2447f0b6b19aa13ffe1f951c,-3.8334293,0.90276915,-0.9517355,-21.782022,-27.631021,-0.9997503,-1.028797,-1.1984005,0.83978534,-0.30545086,-0.9997503,-1.028797,-3.8481932,0.8880052,-0.9899745,-21.75507,-27.631021,-1.0068495,-1.0422037,-1.2318931,0.8145654,-0.31355998,-1.0068495,-1.0422037,-3.9710994,0.7650989,-1.0206543,-21.769417,-27.631021,-1.0592752,-1.1428686,-1.353185,0.6831599,-0.3653823,-1.0592752,-1.1428686,-2.8944297,1.8417689,-0.27394876,-21.404709,-27.631021,-0.297602,-0.30843484,-0.38757044,1.6890544,0.39582488,-0.297602,-0.30843484,-3.0461984,1.6899999,-0.2683129,-21.426462,-27.631021,-0.28170276,-0.31440708,-0.5621707,1.522414,0.41153404,-0.28170276,-0.31440708
pdac.eda097e9f6f834386c5e83cefd01ac29433509097c03873a36e752799bd8edde,-4.062568,-0.47904918,-1.2868567,-22.31009,-27.631021,-1.2868567,-1.2868567,-1.4568546,-0.47904918,-0.7493268,-1.4568546,-1.7594222,-4.022322,-0.4388032,-1.2967128,-22.242884,-27.631021,-1.2967128,-1.2967128,-1.4801049,-0.4388032,-0.7702349,-1.4801049,-1.7749257,-4.0650096,-0.48149073,-1.3521411,-22.249681,-27.631021,-1.3521411,-1.3521411,-1.5315506,-0.48149073,-0.8223952,-1.5315506,-1.8094666,-2.752468,0.83105075,-0.3440643,-21.888058,-27.631021,-0.3440643,-0.3440643,-0.38917905,0.83105075,0.30498546,-0.38917905,-0.6238754,-2.7906926,0.7928264,-0.3704177,-21.89644,-27.631021,-0.3704177,-0.3704177,-0.3958547,0.7928264,0.29761595,-0.3958547,-0.67203206
pdac.f089fccc3d2e31f34b24dd18e9551e78e1f50d6641f838aafb1b92cd905eaacc,-4.964945,-1.5637476,-1.9560062,-21.183643,-27.631021,-1.9560062,-1.9560062,-2.8645566,-1.5637476,-1.8054366,-2.8645566,-3.2853465,-4.7920203,-1.390823,-1.9560465,-20.659908,-27.631021,-1.9560465,-1.9560465,-2.7119877,-1.390823,-1.7567904,-2.7119877,-3.072462,-4.965137,-1.5639396,-1.9661055,-20.91699,-27.631021,-1.9661055,-1.9661055,-3.0515704,-1.5639396,-1.8580842,-3.0515704,-3.4183824,-3.376705,0.024492474,-0.9155151,-20.163559,-27.631021,-0.9155151,-0.9155151,-1.062887,0.024492474,-0.3589196,-1.062887,-1.532259,-3.7945042,-0.39330682,-0.9196882,-20.510092,-27.631021,-0.9196882,-0.9196882,-1.8434256,-0.39330682,-0.77330935,-1.8434256,-2.1582327
pdac.f28815e377d0eb15a1022335198ceac51f31fef59a2022153138fa6decc62624,-4.4789567,-0.12224773,-1.4386613,-22.856739,-27.631021,-1.4386613,-1.5670767,-1.8084614,-0.14846341,-0.8657068,-1.5670767,-1.6322081,-4.3320985,0.024610525,-1.4248048,-22.767637,-27.631021,-1.4248048,-1.555963,-1.7279935,-0.003676739,-0.8542392,-1.555963,-1.6240472,-4.3708887,-0.014179942,-1.5477558,-22.748732,-27.631021,-1.5477558,-1.6591979,-1.7622482,-0.044252142,-0.9598539,-1.6591979,-1.7205601,-2.9840603,1.3726487,-0.38918588,-22.418362,-27.631021,-0.38918588,-0.46183467,-0.5458624,1.3194088,0.23394912,-0.46183467,-0.48677617,-3.0485888,1.3081203,-0.45974037,-22.425728,-27.631021,-0.45974037,-0.4974389,-0.58676004,1.25909,0.19641867,-0.4974389,-0.54307246
pdac.f2a81374fd89cfcff764e48d51336e38d66f044f15a0d5c726248be86272a44d,-3.1730332,0.8159508,-0.8305313,-20.094687,-27.631021,-0.8305313,-0.87928903,-0.9659961,0.8046352,-0.18495369,-0.87928903,-0.9659961,-3.1337337,0.85525024,-0.9148213,-20.041937,-27.631021,-0.9148213,-0.93624556,-0.9762652,0.84481,-0.24286893,-0.93624556,-0.9762652,-2.9750438,1.0139405,-0.68049294,-19.997524,-27.631021,-0.68049294,-0.72389805,-0.77239317,1.0033876,-0.029809166,-0.72389805,-0.77239317,-2.359521,1.6294631,-0.40837947,-19.54684,-27.631021,-0.40837947,-0.43343103,-0.45975697,1.587175,0.2600299,-0.43343103,-0.45975697,-2.2945979,1.6943862,-0.32071683,-19.518002,-27.631021,-0.32071683,-0.350209,-0.3704763,1.6494528,0.343373,-0.350209,-0.3704763
pdac.f37807e1bdcb2bfe9c119c3b10a217c3259d8b823bfa338e2a974da6b2ffbe76,-5.324207,-1.4530057,-2.076934,-22.45616,-27.631021,-2.076934,-2.076934,-3.05039,-1.4543464,-1.8607869,-2.7878222,-3.05039,-5.113125,-1.2419238,-2.0695412,-22.307041,-27.631021,-2.0695412,-2.0695412,-2.8597538,-1.2473136,-1.7839468,-2.623036,-2.8597538,-5.2224,-1.3511993,-2.0733306,-22.33348,-27.631021,-2.0733306,-2.0733306,-2.9689505,-1.3566931,-1.8232237,-2.7024348,-2.9689505,-3.5773733,0.29382768,-0.7773739,-21.907898,-27.631021,-0.7773739,-0.7773739,-1.361114,0.28542018,-0.41549698,-1.192405,-1.361114,-3.7211359,0.1500652,-0.7833874,-21.968225,-27.631021,-0.7833874,-0.7833874,-1.4417048,0.146326,-0.4476455,-1.2428119,-1.4417048
pdac.f407814d0bd99642dc9d232ad3cc9ba47c4e21d191a0acf3c44532d9a4b0f27e,-6.5876813,-5.489069,-5.489069,-20.25037,-27.631021,-5.489069,-5.489069,-5.489069,-5.489069,-5.489069,-16.560045,-20.25037,-6.304654,-5.206042,-5.206042,-20.156029,-27.631021,-5.206042,-5.206042,-5.206042,-5.206042,-5.206042,-16.418531,-20.156029,-5.1715965,-4.072984,-4.072984,-19.778343,-27.631021,-4.072984,-4.072984,-4.072984,-4.072984,-4.072984,-15.852003,-19.778343,-4.6550026,-3.55639,-3.55639,-19.606144,-27.631021,-3.55639,-3.55639,-3.55639,-3.55639,-3.55639,-15.593706,-19.606144,-3.936666,-2.8380537,-2.8380537,-19.3667,-27.631021,-2.8380537,-2.8380537,-2.8380537,-2.8380537,-2.8380537,-15.234537,-19.3667
pdac.f41b8fcb9716b0ba38ac3a6959c5bc6b164a44ed637f46ded65a9fb345fcc56a,-3.9493482,-2.1575887,-2.1575887,-23.385448,-27.631021,-2.1575887,-2.1575887,-2.1575887,-2.1575887,-2.1575887,-14.894305,-19.139877,-3.9494183,-2.1576588,-2.1576588,-23.385462,-27.631021,-2.1576588,-2.1576588,-2.1576588,-2.1576588,-2.1576588,-14.8943405,-19.1399,-3.9509308,-2.1591713,-2.1591713,-23.385714,-27.631021,-2.1591713,-2.1591713,-2.1591713,-2.1591713,-2.1591713,-14.895097,-19.140406,-2.8576567,-1.0658972,-1.0658972,-23.2035,-27.631021,-1.0658972,-1.0658972,-1.0658972,-1.0658972,-1.0658972,-14.348459,-18.77598,-2.8573265,-1.065567,-1.065567,-23.203445,-27.631021,-1.065567,-1.065567,-1.065567,-1.065567,-1.065567,-14.348294,-18.77587
pdac.f43600c8796c1683b9a667221e038469f1fbd6bd09f37e9ea12298ba524c35c1,-4.2943945,-0.30541015,-1.6655717,-20.20684,-27.631021,-1.6655717,-1.8518088,-1.921424,-0.31809387,-1.1414188,-1.8518088,-1.921424,-4.17018,-0.18119562,-1.6594548,-19.85463,-27.631021,-1.6594548,-1.8465167,-1.9128119,-0.2169525,-1.1359745,-1.8465167,-1.9128119,-4.2134995,-0.22451532,-1.6655002,-19.922379,-27.631021,-1.6655002,-1.860112,-1.9510257,-0.25691107,-1.1481463,-1.860112,-1.9510257,-2.6891348,1.2998493,-0.3896423,-19.22203,-27.631021,-0.3896423,-0.5161433,-0.56287724,1.2330537,0.18498383,-0.5161433,-0.56287724,-2.773528,1.2154561,-0.41243383,-19.346296,-27.631021,-0.41243383,-0.53071785,-0.59254754,1.1734517,0.16940865,-0.53071785,-0.59254754
pdac.f55afb342ae8420a4a07a38816d2c4f9ae862ce833b89e408724c627fb01ed06,-4.879277,-0.8902932,-1.9694088,-22.789354,-27.631021,-1.9694088,-2.1552808,-2.439165,-0.8990098,-1.444958,-2.1552808,-2.439165,-4.85365,-0.8646659,-1.9656535,-22.783213,-27.631021,-1.9656535,-2.1512094,-2.428197,-0.8731563,-1.4409447,-2.1512094,-2.428197,-4.8757725,-0.8867885,-2.0550983,-22.789127,-27.631021,-2.0550983,-2.198516,-2.4163163,-0.8954693,-1.4951195,-2.198516,-2.4163163,-3.3758886,0.6130956,-0.7120242,-22.452532,-27.631021,-0.7120242,-0.835207,-1.0459629,0.6015592,-0.13449189,-0.835207,-1.0459629,-3.3679788,0.62100536,-0.7289423,-22.453531,-27.631021,-0.7289423,-0.848791,-1.011919,0.60955405,-0.14847906,-0.848791,-1.011919
pdac.f56fd5a95ae7c735d77d7a929ba0e49c868c70dffc357627d41fdf28a28443d2,-5.172045,-1.0777005,-2.1779265,-22.098948,-27.631021,-2.1779265,-2.3847237,-2.6679358,-1.0831827,-1.6703447,-2.3847237,-2.6679358,-4.8497267,-0.7553819,-1.9167044,-21.822798,-27.631021,-1.9167044,-2.1273065,-2.3650856,-0.7832424,-1.4121448,-2.1273065,-2.3650856,-4.7545023,-0.66015744,-1.913125,-21.826607,-27.631021,-1.913125,-2.0941627,-2.1689186,-0.67962945,-1.384717,-2.0941627,-2.1689186,-3.4587505,0.63559407,-0.89456385,-21.390697,-27.631021,-0.89456385,-1.0414212,-1.1807474,0.58506423,-0.33752903,-1.0414212,-1.1807474,-3.5345254,0.5598193,-0.9188977,-21.453493,-27.631021,-0.9188977,-1.0584558,-1.1651107,0.52567637,-0.35560182,-1.0584558,-1.1651107
pdac.f5a83d7ecadb6a105b74c89c772cdb7185b475edc9182c5c3d842e0f56c89307,-5.1740384,-2.2836666,-2.5503743,-20.386707,-27.631021,-2.5503743,-2.5503743,-2.5503743,-2.2836666,-2.3667471,-3.3511896,-3.9682236,-5.1382856,-2.2479138,-2.5419276,-20.12906,-27.631021,-2.5419276,-2.5419276,-2.5419276,-2.2479138,-2.3620415,-3.3539977,-3.9649935,-5.273024,-2.3826523,-2.747861,-20.144014,-27.631021,-2.747861,-2.747861,-2.747861,-2.3826523,-2.528574,-3.4507248,-4.024684,-3.4009526,-0.5105807,-0.9027956,-19.490053,-27.631021,-0.9027956,-0.9027956,-0.9027956,-0.5105807,-0.64469504,-1.5140864,-2.1453714,-3.4639115,-0.57353985,-0.9791542,-19.564966,-27.631021,-0.9791542,-0.9791542,-0.9791542,-0.57353985,-0.699537,-1.5447888,-2.1610389
pdac.f5c1f8a61833c45cbdd46a2df6920d935ae0039b89e13874cf59a4a7a20e72b4,-3.8652656,0.12371861,-0.58359575,-18.905886,-27.631021,-0.58359575,-0.79719526,-1.3674024,0.103549264,-0.081407085,-0.79719526,-1.3674024,-3.7759643,0.21301986,-0.5845122,-18.54308,-27.631021,-0.5845122,-0.79454625,-1.3662646,0.16419977,-0.079502225,-0.79454625,-1.3662646,-3.8363657,0.15261833,-0.66699004,-18.621656,-27.631021,-0.66699004,-0.832142,-1.4194152,0.11014232,-0.12541875,-0.832142,-1.4194152,-2.6242676,1.3647166,-0.15093562,-17.8397,-27.631021,-0.15093562,-0.2447699,-0.28356698,1.2697618,0.45277327,-0.2447699,-0.28356698,-2.7315674,1.2574167,-0.17589773,-17.98577,-27.631021,-0.17589773,-0.25722408,-0.28944093,1.1905499,0.43922645,-0.25722408,-0.28944093
pdac.f68c16f57e645e8ec5711863c8e286fd34414eb6d87ba4009433fc7fd22332ea,-6.6614146,-4.176508,-4.2292004,-23.973785,-27.631021,-4.2292004,-4.2292004,-4.2292004,-4.176508,-4.176508,-5.6876097,-13.002081,-6.4143376,-3.929431,-4.189737,-23.825218,-27.631021,-4.189737,-4.189737,-4.189737,-3.929431,-3.929431,-4.796199,-12.407806,-6.4051113,-3.9202049,-4.061868,-23.859715,-27.631021,-4.061868,-4.061868,-4.061868,-3.9202049,-3.9202049,-5.0031853,-12.545797,-5.056328,-2.5714214,-2.8374853,-23.597769,-27.631021,-2.8374853,-2.8374853,-2.8374853,-2.5714214,-2.5714214,-3.431505,-11.498011,-5.1274586,-2.6425517,-2.715554,-23.69349,-27.631021,-2.715554,-2.715554,-2.715554,-2.6425517,-2.6425517,-4.005824,-11.88089
pdac.f6b819e790f1722d0683e39a3ac31eed8138244daf21fdf7ca1b0edb8413d47c,-4.3058653,-0.7223464,-0.9910993,-21.537546,-27.631021,-0.9910993,-0.9910993,-1.7052151,-0.7223464,-0.77620363,-1.7052151,-2.7030435,-4.2221746,-0.6386555,-0.9748622,-21.263048,-27.631021,-0.9748622,-0.9748622,-1.6546965,-0.6386555,-0.7463365,-1.6546965,-2.4210114,-4.159506,-0.5759867,-0.9614227,-21.260218,-27.631021,-0.9614227,-0.9614227,-1.6003487,-0.5759867,-0.71562946,-1.6003487,-2.2470846,-3.313396,0.27012295,-0.35076213,-20.834146,-27.631021,-0.35076213,-0.35076213,-0.78223264,0.27012295,0.0012455059,-0.78223264,-1.2483534,-3.28245,0.30106896,-0.3373126,-20.939377,-27.631021,-0.3373126,-0.3373126,-0.7376856,0.30106896,0.03355681,-0.7376856,-1.2017742
pdac.f8dab22f8a6a319667f34c5633dbb6f21f1bca3ee3b9d1dc41c02e15883a1304,-8.055719,-4.877665,-5.969407,-22.44235,-27.631021,-5.969407,-5.969407,-6.2371683,-4.877665,-5.5085936,-6.2371683,-6.393504,-6.837252,-3.6591983,-4.526187,-22.157196,-27.631021,-4.526187,-4.526187,-4.813157,-3.6591983,-4.0793867,-4.813157,-5.0624385,-6.857522,-3.679468,-4.7145834,-22.131157,-27.631021,-4.7145834,-4.7145834,-5.0977073,-3.679468,-4.332896,-5.0977073,-5.238688,-5.3441973,-2.1661432,-3.2099922,-21.754925,-27.631021,-3.2099922,-3.2099922,-3.479433,-2.1661432,-2.7504177,-3.479433,-3.5898633,-5.827791,-2.6497374,-4.0481005,-21.868023,-27.631021,-4.0481005,-4.0481005,-4.114375,-2.6497374,-3.4190335,-4.114375,-4.138241
pdac.fa7111c7b218e6369599768f23b82925bd59f45e3bdebcee8586a90f0a5cedfa,-5.729257,-2.3280597,-3.0487962,-23.14352,-27.631021,-3.0487962,-3.0487962,-3.3964427,-2.3280597,-2.6440458,-3.3964427,-3.650371,-5.620817,-2.2196198,-2.8583436,-23.041637,-27.631021,-2.8583436,-2.8583436,-3.3441808,-2.2196198,-2.5373847,-3.3441808,-3.6138623,-5.529089,-2.1278918,-2.8524542,-22.997639,-27.631021,-2.8524542,-2.8524542,-3.2997408,-2.1278918,-2.5097287,-3.2997408,-3.5836189,-4.00423,-0.6030324,-1.3502195,-22.680607,-27.631021,-1.3502195,-1.3502195,-1.7692004,-0.6030324,-0.9907346,-1.7692004,-2.0051177,-3.9548645,-0.55366695,-1.3444399,-22.67233,-27.631021,-1.3444399,-1.3444399,-1.7233756,-0.55366695,-0.96008736,-1.7233756,-1.9761312
pdac.fb706443d0925189d861db1fb67032cb65de54172d0e056ea7b6059bf1204b51,-11.212413,-9.420653,-9.420653,-24.59596,-27.631021,-9.420653,-9.420653,-9.420653,-9.420653,-9.420653,-18.525837,-21.560898,-7.9975123,-6.205753,-6.205753,-24.060143,-27.631021,-6.205753,-6.205753,-6.205753,-6.205753,-6.205753,-16.918386,-20.489265,-9.538584,-7.746824,-7.746824,-24.316988,-27.631021,-7.746824,-7.746824,-7.746824,-7.746824,-7.746824,-17.688923,-21.002956,-6.024453,-4.2326937,-4.2326937,-23.7313,-27.631021,-4.2326937,-4.2326937,-4.2326937,-4.2326937,-4.2326937,-15.931858,-19.83158,-8.320797,-6.5290375,-6.5290375,-24.114025,-27.631021,-6.5290375,-6.5290375,-6.5290375,-6.5290375,-6.5290375,-17.080029,-20.597027
pdac.ff439a7975b25343a8501e8a83fc48c9524b6e0b57b9d68381bbcfb48a201743,-5.7338247,-4.6352124,-4.6352124,-19.965752,-27.631021,-4.6352124,-4.6352124,-4.6352124,-4.6352124,-4.6352124,-16.133118,-19.965752,-5.4419217,-4.3433094,-4.3433094,-19.86845,-27.631021,-4.3433094,-4.3433094,-4.3433094,-4.3433094,-4.3433094,-15.987165,-19.86845,-4.9116516,-3.8130395,-3.8130395,-19.691694,-27.631021,-3.8130395,-3.8130395,-3.8130395,-3.8130395,-3.8130395,-15.722031,-19.691694,-3.77301,-2.6743977,-2.6743977,-19.312147,-27.631021,-2.6743977,-2.6743977,-2.6743977,-2.6743977,-2.6743977,-15.15271,-19.312147,-3.407949,-2.3093367,-2.3093367,-19.19046,-27.631021,-2.3093367,-2.3093367,-2.3093367,-2.3093367,-2.3093367,-14.970179,-19.19046
