assay_left,assay_right,pair_minimum,clears_zero
A0A192B1T2_9HIV1_Haddox_2018,A4GRB6_PSEAI_Chen_2020,0.020084465688095632,True
A0A192B1T2_9HIV1_Haddox_2018,A4_HUMAN_Seuma_2022,0.024070958307531032,True
A0A192B1T2_9HIV1_Haddox_2018,AICDA_HUMAN_Gajula_2014_3cycles,0.024070958307531032,True
A0A192B1T2_9HIV1_Haddox_2018,BRCA1_HUMAN_Findlay_2018,0.024070958307531032,True
A0A192B1T2_9HIV1_Haddox_2018,BRCA2_HUMAN_Erwood_2022_HEK293T,-0.12704028530203204,False
A0A192B1T2_9HIV1_Haddox_2018,CAPSD_AAV2S_Sinai_2021,0.0069608746637830066,True
A0A192B1T2_9HIV1_Haddox_2018,CAR11_HUMAN_Meitlis_2020_gof,-0.09483251067092624,False
A0A192B1T2_9HIV1_Haddox_2018,CAR11_HUMAN_Meitlis_2020_lof,-0.0509401964411198,False
A0A192B1T2_9HIV1_Haddox_2018,CCDB_ECOLI_Tripathi_2016,0.024070958307531032,True
A0A192B1T2_9HIV1_Haddox_2018,CD19_HUMAN_Klesmith_2019_FMC_singles,0.024070958307531032,True
A0A192B1T2_9HIV1_Haddox_2018,CSN4_MOUSE_Tsuboyama_2023_1UFM,0.024070958307531032,True
A0A192B1T2_9HIV1_Haddox_2018,D7PM05_CLYGR_Somermeyer_2022,-0.004469442154613867,False
A0A192B1T2_9HIV1_Haddox_2018,DLG4_RAT_McLaughlin_2012,0.024070958307531032,True
A0A192B1T2_9HIV1_Haddox_2018,DYR_ECOLI_Nguyen_2023,0.01531291922042688,True
A0A192B1T2_9HIV1_Haddox_2018,DYR_ECOLI_Thompson_2019,0.007860167693435338,True
A0A192B1T2_9HIV1_Haddox_2018,ENVZ_ECOLI_Ghose_2023,0.024070958307531032,True
A0A192B1T2_9HIV1_Haddox_2018,ENV_HV1B9_DuenasDecamp_2016,-0.07048351724524926,False
A0A192B1T2_9HIV1_Haddox_2018,F7YBW8_MESOW_Ding_2023,0.024070958307531032,True
A0A192B1T2_9HIV1_Haddox_2018,GAL4_YEAST_Kitzman_2015,-0.005179948652351052,False
A0A192B1T2_9HIV1_Haddox_2018,GFP_AEQVI_Sarkisyan_2016,0.0012953465460080506,True
A0A192B1T2_9HIV1_Haddox_2018,GRB2_HUMAN_Faure_2021,0.011202214933601073,True
A0A192B1T2_9HIV1_Haddox_2018,HECD1_HUMAN_Tsuboyama_2023_3DKM,0.014517525543064264,True
A0A192B1T2_9HIV1_Haddox_2018,HIS7_YEAST_Pokusaeva_2019,-0.09952001011738165,False
A0A192B1T2_9HIV1_Haddox_2018,HSP82_YEAST_Flynn_2019,0.024070958307531032,True
A0A192B1T2_9HIV1_Haddox_2018,HSP82_YEAST_Mishra_2016,0.014022580563947784,True
A0A192B1T2_9HIV1_Haddox_2018,HXK4_HUMAN_Gersing_2023_abundance,0.02305634324976119,True
A0A192B1T2_9HIV1_Haddox_2018,IF1_ECOLI_Kelsic_2016,0.024070958307531032,True
A0A192B1T2_9HIV1_Haddox_2018,ILF3_HUMAN_Tsuboyama_2023_2L33,0.024070958307531032,True
A0A192B1T2_9HIV1_Haddox_2018,KCNE1_HUMAN_Muhammad_2023_expression,-0.020900580318274242,False
A0A192B1T2_9HIV1_Haddox_2018,KKA2_KLEPN_Melnikov_2014,0.024070958307531032,True
A0A192B1T2_9HIV1_Haddox_2018,MAFG_MOUSE_Tsuboyama_2023_1K1V,0.024070958307531032,True
A0A192B1T2_9HIV1_Haddox_2018,MET_HUMAN_Estevam_2023,0.01773107677348995,True
A0A192B1T2_9HIV1_Haddox_2018,MSH2_HUMAN_Jia_2020,0.024070958307531032,True
A0A192B1T2_9HIV1_Haddox_2018,MTH3_HAEAE_RockahShmuel_2015,-0.001023730145879087,False
A0A192B1T2_9HIV1_Haddox_2018,MYO3_YEAST_Tsuboyama_2023_2BTT,-0.023467919647210567,False
A0A192B1T2_9HIV1_Haddox_2018,NKX31_HUMAN_Tsuboyama_2023_2L9R,-0.07571609270442448,False
A0A192B1T2_9HIV1_Haddox_2018,NPC1_HUMAN_Erwood_2022_HEK293T,0.024070958307531032,True
A0A192B1T2_9HIV1_Haddox_2018,NPC1_HUMAN_Erwood_2022_RPE1,0.024070958307531032,True
A0A192B1T2_9HIV1_Haddox_2018,NUD15_HUMAN_Suiter_2020,0.024070958307531032,True
A0A192B1T2_9HIV1_Haddox_2018,NUSG_MYCTU_Tsuboyama_2023_2MI6,0.024070958307531032,True
A0A192B1T2_9HIV1_Haddox_2018,OBSCN_HUMAN_Tsuboyama_2023_1V1C,-0.0033959658445636975,False
A0A192B1T2_9HIV1_Haddox_2018,OTU7A_HUMAN_Tsuboyama_2023_2L2D,-0.0266773014365026,False
A0A192B1T2_9HIV1_Haddox_2018,OXDA_RHOTO_Vanella_2023_activity,0.005227546986514842,True
A0A192B1T2_9HIV1_Haddox_2018,OXDA_RHOTO_Vanella_2023_expression,0.00796019444407814,True
A0A192B1T2_9HIV1_Haddox_2018,P53_HUMAN_Giacomelli_2018_Null_Etoposide,0.024070958307531032,True
A0A192B1T2_9HIV1_Haddox_2018,P53_HUMAN_Giacomelli_2018_WT_Nutlin,0.024070958307531032,True
A0A192B1T2_9HIV1_Haddox_2018,P53_HUMAN_Kotler_2018,0.024070958307531032,True
A0A192B1T2_9HIV1_Haddox_2018,P84126_THETH_Chan_2017,0.024070958307531032,True
A0A192B1T2_9HIV1_Haddox_2018,PABP_YEAST_Melamed_2013,0.018486335491943784,True
A0A192B1T2_9HIV1_Haddox_2018,PKN1_HUMAN_Tsuboyama_2023_1URF,0.024070958307531032,True
A0A192B1T2_9HIV1_Haddox_2018,POLG_HCVJF_Qi_2014,-0.010025980889439401,False
A0A192B1T2_9HIV1_Haddox_2018,POLG_PESV_Tsuboyama_2023_2MXD,0.018346886745346326,True
A0A192B1T2_9HIV1_Haddox_2018,PPARG_HUMAN_Majithia_2016,0.008776375571205142,True
A0A192B1T2_9HIV1_Haddox_2018,PRKN_HUMAN_Clausen_2023,0.024070958307531032,True
A0A192B1T2_9HIV1_Haddox_2018,PSAE_PICP2_Tsuboyama_2023_1PSE,0.024070958307531032,True
A0A192B1T2_9HIV1_Haddox_2018,PTEN_HUMAN_Mighell_2018,0.024070958307531032,True
A0A192B1T2_9HIV1_Haddox_2018,Q2N0S5_9HIV1_Haddox_2018,0.024070958307531032,True
A0A192B1T2_9HIV1_Haddox_2018,Q59976_STRSQ_Romero_2015,0.024070958307531032,True
A0A192B1T2_9HIV1_Haddox_2018,Q8WTC7_9CNID_Somermeyer_2022,-0.019572119832117818,False
A0A192B1T2_9HIV1_Haddox_2018,R1AB_SARS2_Flynn_2022,-0.0075986752862133855,False
A0A192B1T2_9HIV1_Haddox_2018,RASH_HUMAN_Bandaru_2017,0.024070958307531032,True
A0A192B1T2_9HIV1_Haddox_2018,RDRP_I33A0_Li_2023,0.003514334267489913,True
A0A192B1T2_9HIV1_Haddox_2018,RL20_AQUAE_Tsuboyama_2023_1GYZ,0.017519272222309812,True
A0A192B1T2_9HIV1_Haddox_2018,RL40A_YEAST_Mavor_2016,0.024070958307531032,True
A0A192B1T2_9HIV1_Haddox_2018,RL40A_YEAST_Roscoe_2013,0.024070958307531032,True
A0A192B1T2_9HIV1_Haddox_2018,RL40A_YEAST_Roscoe_2014,0.024070958307531032,True
A0A192B1T2_9HIV1_Haddox_2018,RPC1_LAMBD_Li_2019_high-expression,0.024070958307531032,True
A0A192B1T2_9HIV1_Haddox_2018,S22A1_HUMAN_Yee_2023_abundance,0.024070958307531032,True
A0A192B1T2_9HIV1_Haddox_2018,S22A1_HUMAN_Yee_2023_activity,0.024070958307531032,True
A0A192B1T2_9HIV1_Haddox_2018,SDA_BACSU_Tsuboyama_2023_1PV0,0.024070958307531032,True
A0A192B1T2_9HIV1_Haddox_2018,SPG1_STRSG_Olson_2014,-0.06566832500227271,False
A0A192B1T2_9HIV1_Haddox_2018,SPIKE_SARS2_Starr_2020_binding,0.014721480759890188,True
A0A192B1T2_9HIV1_Haddox_2018,SPIKE_SARS2_Starr_2020_expression,0.02075682685721225,True
A0A192B1T2_9HIV1_Haddox_2018,SRC_HUMAN_Ahler_2019,0.024070958307531032,True
A0A192B1T2_9HIV1_Haddox_2018,SUMO1_HUMAN_Weile_2017,0.024070958307531032,True
A0A192B1T2_9HIV1_Haddox_2018,SYUA_HUMAN_Newberry_2020,0.01512065541748564,True
A0A192B1T2_9HIV1_Haddox_2018,TAT_HV1BR_Fernandes_2016,0.024070958307531032,True
A0A192B1T2_9HIV1_Haddox_2018,TCRG1_MOUSE_Tsuboyama_2023_1E0L,0.024070958307531032,True
A0A192B1T2_9HIV1_Haddox_2018,THO1_YEAST_Tsuboyama_2023_2WQG,0.019932273345639406,True
A0A192B1T2_9HIV1_Haddox_2018,TPK1_HUMAN_Weile_2017,0.024070958307531032,True
A0A192B1T2_9HIV1_Haddox_2018,TPMT_HUMAN_Matreyek_2018,0.024070958307531032,True
A0A192B1T2_9HIV1_Haddox_2018,TPOR_HUMAN_Bridgford_2020,0.01087314141520801,True
A0A192B1T2_9HIV1_Haddox_2018,TRPC_SACS2_Chan_2017,0.024070958307531032,True
A0A192B1T2_9HIV1_Haddox_2018,TRPC_THEMA_Chan_2017,0.015271992825909075,True
A0A192B1T2_9HIV1_Haddox_2018,UBE4B_HUMAN_Tsuboyama_2023_3L1X,0.0003558058306327716,True
A0A192B1T2_9HIV1_Haddox_2018,UBE4B_MOUSE_Starita_2013,0.01930784920605988,True
A0A192B1T2_9HIV1_Haddox_2018,VILI_CHICK_Tsuboyama_2023_1YU5,0.009977139589917694,True
A0A192B1T2_9HIV1_Haddox_2018,VKOR1_HUMAN_Chiasson_2020_activity,0.024070958307531032,True
A0A192B1T2_9HIV1_Haddox_2018,VRPI_BPT7_Tsuboyama_2023_2WNM,0.013306701291895706,True
A0A192B1T2_9HIV1_Haddox_2018,YNZC_BACSU_Tsuboyama_2023_2JVD,0.024070958307531032,True
A4GRB6_PSEAI_Chen_2020,A4_HUMAN_Seuma_2022,0.020084465688095632,True
A4GRB6_PSEAI_Chen_2020,AICDA_HUMAN_Gajula_2014_3cycles,0.020084465688095632,True
A4GRB6_PSEAI_Chen_2020,BRCA1_HUMAN_Findlay_2018,0.020084465688095632,True
A4GRB6_PSEAI_Chen_2020,BRCA2_HUMAN_Erwood_2022_HEK293T,-0.12704028530203204,False
A4GRB6_PSEAI_Chen_2020,CAPSD_AAV2S_Sinai_2021,0.0069608746637830066,True
A4GRB6_PSEAI_Chen_2020,CAR11_HUMAN_Meitlis_2020_gof,-0.09483251067092624,False
A4GRB6_PSEAI_Chen_2020,CAR11_HUMAN_Meitlis_2020_lof,-0.0509401964411198,False
A4GRB6_PSEAI_Chen_2020,CCDB_ECOLI_Tripathi_2016,0.020084465688095632,True
A4GRB6_PSEAI_Chen_2020,CD19_HUMAN_Klesmith_2019_FMC_singles,0.020084465688095632,True
A4GRB6_PSEAI_Chen_2020,CSN4_MOUSE_Tsuboyama_2023_1UFM,0.020084465688095632,True
A4GRB6_PSEAI_Chen_2020,D7PM05_CLYGR_Somermeyer_2022,-0.004469442154613867,False
A4GRB6_PSEAI_Chen_2020,DLG4_RAT_McLaughlin_2012,0.020084465688095632,True
A4GRB6_PSEAI_Chen_2020,DYR_ECOLI_Nguyen_2023,0.01531291922042688,True
A4GRB6_PSEAI_Chen_2020,DYR_ECOLI_Thompson_2019,0.007860167693435338,True
A4GRB6_PSEAI_Chen_2020,ENVZ_ECOLI_Ghose_2023,0.020084465688095632,True
A4GRB6_PSEAI_Chen_2020,ENV_HV1B9_DuenasDecamp_2016,-0.07048351724524926,False
A4GRB6_PSEAI_Chen_2020,F7YBW8_MESOW_Ding_2023,0.020084465688095632,True
A4GRB6_PSEAI_Chen_2020,GAL4_YEAST_Kitzman_2015,-0.005179948652351052,False
A4GRB6_PSEAI_Chen_2020,GFP_AEQVI_Sarkisyan_2016,0.0012953465460080506,True
A4GRB6_PSEAI_Chen_2020,GRB2_HUMAN_Faure_2021,0.011202214933601073,True
A4GRB6_PSEAI_Chen_2020,HECD1_HUMAN_Tsuboyama_2023_3DKM,0.014517525543064264,True
A4GRB6_PSEAI_Chen_2020,HIS7_YEAST_Pokusaeva_2019,-0.09952001011738165,False
A4GRB6_PSEAI_Chen_2020,HSP82_YEAST_Flynn_2019,0.020084465688095632,True
A4GRB6_PSEAI_Chen_2020,HSP82_YEAST_Mishra_2016,0.014022580563947784,True
A4GRB6_PSEAI_Chen_2020,HXK4_HUMAN_Gersing_2023_abundance,0.020084465688095632,True
A4GRB6_PSEAI_Chen_2020,IF1_ECOLI_Kelsic_2016,0.020084465688095632,True
A4GRB6_PSEAI_Chen_2020,ILF3_HUMAN_Tsuboyama_2023_2L33,0.020084465688095632,True
A4GRB6_PSEAI_Chen_2020,KCNE1_HUMAN_Muhammad_2023_expression,-0.020900580318274242,False
A4GRB6_PSEAI_Chen_2020,KKA2_KLEPN_Melnikov_2014,0.020084465688095632,True
A4GRB6_PSEAI_Chen_2020,MAFG_MOUSE_Tsuboyama_2023_1K1V,0.020084465688095632,True
A4GRB6_PSEAI_Chen_2020,MET_HUMAN_Estevam_2023,0.01773107677348995,True
A4GRB6_PSEAI_Chen_2020,MSH2_HUMAN_Jia_2020,0.020084465688095632,True
A4GRB6_PSEAI_Chen_2020,MTH3_HAEAE_RockahShmuel_2015,-0.001023730145879087,False
A4GRB6_PSEAI_Chen_2020,MYO3_YEAST_Tsuboyama_2023_2BTT,-0.023467919647210567,False
A4GRB6_PSEAI_Chen_2020,NKX31_HUMAN_Tsuboyama_2023_2L9R,-0.07571609270442448,False
A4GRB6_PSEAI_Chen_2020,NPC1_HUMAN_Erwood_2022_HEK293T,0.020084465688095632,True
A4GRB6_PSEAI_Chen_2020,NPC1_HUMAN_Erwood_2022_RPE1,0.020084465688095632,True
A4GRB6_PSEAI_Chen_2020,NUD15_HUMAN_Suiter_2020,0.020084465688095632,True
A4GRB6_PSEAI_Chen_2020,NUSG_MYCTU_Tsuboyama_2023_2MI6,0.020084465688095632,True
A4GRB6_PSEAI_Chen_2020,OBSCN_HUMAN_Tsuboyama_2023_1V1C,-0.0033959658445636975,False
A4GRB6_PSEAI_Chen_2020,OTU7A_HUMAN_Tsuboyama_2023_2L2D,-0.0266773014365026,False
A4GRB6_PSEAI_Chen_2020,OXDA_RHOTO_Vanella_2023_activity,0.005227546986514842,True
A4GRB6_PSEAI_Chen_2020,OXDA_RHOTO_Vanella_2023_expression,0.00796019444407814,True
A4GRB6_PSEAI_Chen_2020,P53_HUMAN_Giacomelli_2018_Null_Etoposide,0.020084465688095632,True
A4GRB6_PSEAI_Chen_2020,P53_HUMAN_Giacomelli_2018_WT_Nutlin,0.020084465688095632,True
A4GRB6_PSEAI_Chen_2020,P53_HUMAN_Kotler_2018,0.020084465688095632,True
A4GRB6_PSEAI_Chen_2020,P84126_THETH_Chan_2017,0.020084465688095632,True
A4GRB6_PSEAI_Chen_2020,PABP_YEAST_Melamed_2013,0.018486335491943784,True
A4GRB6_PSEAI_Chen_2020,PKN1_HUMAN_Tsuboyama_2023_1URF,0.020084465688095632,True
A4GRB6_PSEAI_Chen_2020,POLG_HCVJF_Qi_2014,-0.010025980889439401,False
A4GRB6_PSEAI_Chen_2020,POLG_PESV_Tsuboyama_2023_2MXD,0.018346886745346326,True
A4GRB6_PSEAI_Chen_2020,PPARG_HUMAN_Majithia_2016,0.008776375571205142,True
A4GRB6_PSEAI_Chen_2020,PRKN_HUMAN_Clausen_2023,0.020084465688095632,True
A4GRB6_PSEAI_Chen_2020,PSAE_PICP2_Tsuboyama_2023_1PSE,0.020084465688095632,True
A4GRB6_PSEAI_Chen_2020,PTEN_HUMAN_Mighell_2018,0.020084465688095632,True
A4GRB6_PSEAI_Chen_2020,Q2N0S5_9HIV1_Haddox_2018,0.020084465688095632,True
A4GRB6_PSEAI_Chen_2020,Q59976_STRSQ_Romero_2015,0.020084465688095632,True
A4GRB6_PSEAI_Chen_2020,Q8WTC7_9CNID_Somermeyer_2022,-0.019572119832117818,False
A4GRB6_PSEAI_Chen_2020,R1AB_SARS2_Flynn_2022,-0.0075986752862133855,False
A4GRB6_PSEAI_Chen_2020,RASH_HUMAN_Bandaru_2017,0.020084465688095632,True
A4GRB6_PSEAI_Chen_2020,RDRP_I33A0_Li_2023,0.003514334267489913,True
A4GRB6_PSEAI_Chen_2020,RL20_AQUAE_Tsuboyama_2023_1GYZ,0.017519272222309812,True
A4GRB6_PSEAI_Chen_2020,RL40A_YEAST_Mavor_2016,0.020084465688095632,True
A4GRB6_PSEAI_Chen_2020,RL40A_YEAST_Roscoe_2013,0.020084465688095632,True
A4GRB6_PSEAI_Chen_2020,RL40A_YEAST_Roscoe_2014,0.020084465688095632,True
A4GRB6_PSEAI_Chen_2020,RPC1_LAMBD_Li_2019_high-expression,0.020084465688095632,True
A4GRB6_PSEAI_Chen_2020,S22A1_HUMAN_Yee_2023_abundance,0.020084465688095632,True
A4GRB6_PSEAI_Chen_2020,S22A1_HUMAN_Yee_2023_activity,0.020084465688095632,True
A4GRB6_PSEAI_Chen_2020,SDA_BACSU_Tsuboyama_2023_1PV0,0.020084465688095632,True
A4GRB6_PSEAI_Chen_2020,SPG1_STRSG_Olson_2014,-0.06566832500227271,False
A4GRB6_PSEAI_Chen_2020,SPIKE_SARS2_Starr_2020_binding,0.014721480759890188,True
A4GRB6_PSEAI_Chen_2020,SPIKE_SARS2_Starr_2020_expression,0.020084465688095632,True
A4GRB6_PSEAI_Chen_2020,SRC_HUMAN_Ahler_2019,0.020084465688095632,True
A4GRB6_PSEAI_Chen_2020,SUMO1_HUMAN_Weile_2017,0.020084465688095632,True
A4GRB6_PSEAI_Chen_2020,SYUA_HUMAN_Newberry_2020,0.01512065541748564,True
A4GRB6_PSEAI_Chen_2020,TAT_HV1BR_Fernandes_2016,0.020084465688095632,True
A4GRB6_PSEAI_Chen_2020,TCRG1_MOUSE_Tsuboyama_2023_1E0L,0.020084465688095632,True
A4GRB6_PSEAI_Chen_2020,THO1_YEAST_Tsuboyama_2023_2WQG,0.019932273345639406,True
A4GRB6_PSEAI_Chen_2020,TPK1_HUMAN_Weile_2017,0.020084465688095632,True
A4GRB6_PSEAI_Chen_2020,TPMT_HUMAN_Matreyek_2018,0.020084465688095632,True
A4GRB6_PSEAI_Chen_2020,TPOR_HUMAN_Bridgford_2020,0.01087314141520801,True
A4GRB6_PSEAI_Chen_2020,TRPC_SACS2_Chan_2017,0.020084465688095632,True
A4GRB6_PSEAI_Chen_2020,TRPC_THEMA_Chan_2017,0.015271992825909075,True
A4GRB6_PSEAI_Chen_2020,UBE4B_HUMAN_Tsuboyama_2023_3L1X,0.0003558058306327716,True
A4GRB6_PSEAI_Chen_2020,UBE4B_MOUSE_Starita_2013,0.01930784920605988,True
A4GRB6_PSEAI_Chen_2020,VILI_CHICK_Tsuboyama_2023_1YU5,0.009977139589917694,True
A4GRB6_PSEAI_Chen_2020,VKOR1_HUMAN_Chiasson_2020_activity,0.020084465688095632,True
A4GRB6_PSEAI_Chen_2020,VRPI_BPT7_Tsuboyama_2023_2WNM,0.013306701291895706,True
A4GRB6_PSEAI_Chen_2020,YNZC_BACSU_Tsuboyama_2023_2JVD,0.020084465688095632,True
A4_HUMAN_Seuma_2022,AICDA_HUMAN_Gajula_2014_3cycles,0.06175276853054357,True
A4_HUMAN_Seuma_2022,BRCA1_HUMAN_Findlay_2018,0.038667994928394456,True
A4_HUMAN_Seuma_2022,BRCA2_HUMAN_Erwood_2022_HEK293T,-0.12704028530203204,False
A4_HUMAN_Seuma_2022,CAPSD_AAV2S_Sinai_2021,0.0069608746637830066,True
A4_HUMAN_Seuma_2022,CAR11_HUMAN_Meitlis_2020_gof,-0.09483251067092624,False
A4_HUMAN_Seuma_2022,CAR11_HUMAN_Meitlis_2020_lof,-0.0509401964411198,False
A4_HUMAN_Seuma_2022,CCDB_ECOLI_Tripathi_2016,0.06175276853054357,True
A4_HUMAN_Seuma_2022,CD19_HUMAN_Klesmith_2019_FMC_singles,0.029204460039747138,True
A4_HUMAN_Seuma_2022,CSN4_MOUSE_Tsuboyama_2023_1UFM,0.042000242214283334,True
A4_HUMAN_Seuma_2022,D7PM05_CLYGR_Somermeyer_2022,-0.004469442154613867,False
A4_HUMAN_Seuma_2022,DLG4_RAT_McLaughlin_2012,0.03395335456756188,True
A4_HUMAN_Seuma_2022,DYR_ECOLI_Nguyen_2023,0.01531291922042688,True
A4_HUMAN_Seuma_2022,DYR_ECOLI_Thompson_2019,0.007860167693435338,True
A4_HUMAN_Seuma_2022,ENVZ_ECOLI_Ghose_2023,0.03419211506647457,True
A4_HUMAN_Seuma_2022,ENV_HV1B9_DuenasDecamp_2016,-0.07048351724524926,False
A4_HUMAN_Seuma_2022,F7YBW8_MESOW_Ding_2023,0.06175276853054357,True
A4_HUMAN_Seuma_2022,GAL4_YEAST_Kitzman_2015,-0.005179948652351052,False
A4_HUMAN_Seuma_2022,GFP_AEQVI_Sarkisyan_2016,0.0012953465460080506,True
A4_HUMAN_Seuma_2022,GRB2_HUMAN_Faure_2021,0.011202214933601073,True
A4_HUMAN_Seuma_2022,HECD1_HUMAN_Tsuboyama_2023_3DKM,0.014517525543064264,True
A4_HUMAN_Seuma_2022,HIS7_YEAST_Pokusaeva_2019,-0.09952001011738165,False
A4_HUMAN_Seuma_2022,HSP82_YEAST_Flynn_2019,0.03781830554687304,True
A4_HUMAN_Seuma_2022,HSP82_YEAST_Mishra_2016,0.014022580563947784,True
A4_HUMAN_Seuma_2022,HXK4_HUMAN_Gersing_2023_abundance,0.02305634324976119,True
A4_HUMAN_Seuma_2022,IF1_ECOLI_Kelsic_2016,0.04710544074562151,True
A4_HUMAN_Seuma_2022,ILF3_HUMAN_Tsuboyama_2023_2L33,0.025139413949090694,True
A4_HUMAN_Seuma_2022,KCNE1_HUMAN_Muhammad_2023_expression,-0.020900580318274242,False
A4_HUMAN_Seuma_2022,KKA2_KLEPN_Melnikov_2014,0.028816794918210542,True
A4_HUMAN_Seuma_2022,MAFG_MOUSE_Tsuboyama_2023_1K1V,0.06175276853054357,True
A4_HUMAN_Seuma_2022,MET_HUMAN_Estevam_2023,0.01773107677348995,True
A4_HUMAN_Seuma_2022,MSH2_HUMAN_Jia_2020,0.04337554529492649,True
A4_HUMAN_Seuma_2022,MTH3_HAEAE_RockahShmuel_2015,-0.001023730145879087,False
A4_HUMAN_Seuma_2022,MYO3_YEAST_Tsuboyama_2023_2BTT,-0.023467919647210567,False
A4_HUMAN_Seuma_2022,NKX31_HUMAN_Tsuboyama_2023_2L9R,-0.07571609270442448,False
A4_HUMAN_Seuma_2022,NPC1_HUMAN_Erwood_2022_HEK293T,0.06175276853054357,True
A4_HUMAN_Seuma_2022,NPC1_HUMAN_Erwood_2022_RPE1,0.06175276853054357,True
A4_HUMAN_Seuma_2022,NUD15_HUMAN_Suiter_2020,0.03927475735016772,True
A4_HUMAN_Seuma_2022,NUSG_MYCTU_Tsuboyama_2023_2MI6,0.05410787399543371,True
A4_HUMAN_Seuma_2022,OBSCN_HUMAN_Tsuboyama_2023_1V1C,-0.0033959658445636975,False
A4_HUMAN_Seuma_2022,OTU7A_HUMAN_Tsuboyama_2023_2L2D,-0.0266773014365026,False
A4_HUMAN_Seuma_2022,OXDA_RHOTO_Vanella_2023_activity,0.005227546986514842,True
A4_HUMAN_Seuma_2022,OXDA_RHOTO_Vanella_2023_expression,0.00796019444407814,True
A4_HUMAN_Seuma_2022,P53_HUMAN_Giacomelli_2018_Null_Etoposide,0.05271030811842725,True
A4_HUMAN_Seuma_2022,P53_HUMAN_Giacomelli_2018_WT_Nutlin,0.04778369575570296,True
A4_HUMAN_Seuma_2022,P53_HUMAN_Kotler_2018,0.06175276853054357,True
A4_HUMAN_Seuma_2022,P84126_THETH_Chan_2017,0.060888066126786544,True
A4_HUMAN_Seuma_2022,PABP_YEAST_Melamed_2013,0.018486335491943784,True
A4_HUMAN_Seuma_2022,PKN1_HUMAN_Tsuboyama_2023_1URF,0.06175276853054357,True
A4_HUMAN_Seuma_2022,POLG_HCVJF_Qi_2014,-0.010025980889439401,False
A4_HUMAN_Seuma_2022,POLG_PESV_Tsuboyama_2023_2MXD,0.018346886745346326,True
A4_HUMAN_Seuma_2022,PPARG_HUMAN_Majithia_2016,0.008776375571205142,True
A4_HUMAN_Seuma_2022,PRKN_HUMAN_Clausen_2023,0.028096447301574345,True
A4_HUMAN_Seuma_2022,PSAE_PICP2_Tsuboyama_2023_1PSE,0.060262613177218816,True
A4_HUMAN_Seuma_2022,PTEN_HUMAN_Mighell_2018,0.03349919595280593,True
A4_HUMAN_Seuma_2022,Q2N0S5_9HIV1_Haddox_2018,0.029464627283543043,True
A4_HUMAN_Seuma_2022,Q59976_STRSQ_Romero_2015,0.02635203568092126,True
A4_HUMAN_Seuma_2022,Q8WTC7_9CNID_Somermeyer_2022,-0.019572119832117818,False
A4_HUMAN_Seuma_2022,R1AB_SARS2_Flynn_2022,-0.0075986752862133855,False
A4_HUMAN_Seuma_2022,RASH_HUMAN_Bandaru_2017,0.06175276853054357,True
A4_HUMAN_Seuma_2022,RDRP_I33A0_Li_2023,0.003514334267489913,True
A4_HUMAN_Seuma_2022,RL20_AQUAE_Tsuboyama_2023_1GYZ,0.017519272222309812,True
A4_HUMAN_Seuma_2022,RL40A_YEAST_Mavor_2016,0.04773831522373409,True
A4_HUMAN_Seuma_2022,RL40A_YEAST_Roscoe_2013,0.06175276853054357,True
A4_HUMAN_Seuma_2022,RL40A_YEAST_Roscoe_2014,0.029476173152517826,True
A4_HUMAN_Seuma_2022,RPC1_LAMBD_Li_2019_high-expression,0.05659744389386523,True
A4_HUMAN_Seuma_2022,S22A1_HUMAN_Yee_2023_abundance,0.0466790176092704,True
A4_HUMAN_Seuma_2022,S22A1_HUMAN_Yee_2023_activity,0.06175276853054357,True
A4_HUMAN_Seuma_2022,SDA_BACSU_Tsuboyama_2023_1PV0,0.060218957473155754,True
A4_HUMAN_Seuma_2022,SPG1_STRSG_Olson_2014,-0.06566832500227271,False
A4_HUMAN_Seuma_2022,SPIKE_SARS2_Starr_2020_binding,0.014721480759890188,True
A4_HUMAN_Seuma_2022,SPIKE_SARS2_Starr_2020_expression,0.02075682685721225,True
A4_HUMAN_Seuma_2022,SRC_HUMAN_Ahler_2019,0.041573387285900765,True
A4_HUMAN_Seuma_2022,SUMO1_HUMAN_Weile_2017,0.06175276853054357,True
A4_HUMAN_Seuma_2022,SYUA_HUMAN_Newberry_2020,0.01512065541748564,True
A4_HUMAN_Seuma_2022,TAT_HV1BR_Fernandes_2016,0.0457503772570933,True
A4_HUMAN_Seuma_2022,TCRG1_MOUSE_Tsuboyama_2023_1E0L,0.047358305255345456,True
A4_HUMAN_Seuma_2022,THO1_YEAST_Tsuboyama_2023_2WQG,0.019932273345639406,True
A4_HUMAN_Seuma_2022,TPK1_HUMAN_Weile_2017,0.05205085756175826,True
A4_HUMAN_Seuma_2022,TPMT_HUMAN_Matreyek_2018,0.05038210874737192,True
A4_HUMAN_Seuma_2022,TPOR_HUMAN_Bridgford_2020,0.01087314141520801,True
A4_HUMAN_Seuma_2022,TRPC_SACS2_Chan_2017,0.043914939700933964,True
A4_HUMAN_Seuma_2022,TRPC_THEMA_Chan_2017,0.015271992825909075,True
A4_HUMAN_Seuma_2022,UBE4B_HUMAN_Tsuboyama_2023_3L1X,0.0003558058306327716,True
A4_HUMAN_Seuma_2022,UBE4B_MOUSE_Starita_2013,0.01930784920605988,True
A4_HUMAN_Seuma_2022,VILI_CHICK_Tsuboyama_2023_1YU5,0.009977139589917694,True
A4_HUMAN_Seuma_2022,VKOR1_HUMAN_Chiasson_2020_activity,0.03832018258908576,True
A4_HUMAN_Seuma_2022,VRPI_BPT7_Tsuboyama_2023_2WNM,0.013306701291895706,True
A4_HUMAN_Seuma_2022,YNZC_BACSU_Tsuboyama_2023_2JVD,0.03350535605674709,True
AICDA_HUMAN_Gajula_2014_3cycles,BRCA1_HUMAN_Findlay_2018,0.038667994928394456,True
AICDA_HUMAN_Gajula_2014_3cycles,BRCA2_HUMAN_Erwood_2022_HEK293T,-0.12704028530203204,False
AICDA_HUMAN_Gajula_2014_3cycles,CAPSD_AAV2S_Sinai_2021,0.0069608746637830066,True
AICDA_HUMAN_Gajula_2014_3cycles,CAR11_HUMAN_Meitlis_2020_gof,-0.09483251067092624,False
AICDA_HUMAN_Gajula_2014_3cycles,CAR11_HUMAN_Meitlis_2020_lof,-0.0509401964411198,False
AICDA_HUMAN_Gajula_2014_3cycles,CCDB_ECOLI_Tripathi_2016,0.06824207221117168,True
AICDA_HUMAN_Gajula_2014_3cycles,CD19_HUMAN_Klesmith_2019_FMC_singles,0.029204460039747138,True
AICDA_HUMAN_Gajula_2014_3cycles,CSN4_MOUSE_Tsuboyama_2023_1UFM,0.042000242214283334,True
AICDA_HUMAN_Gajula_2014_3cycles,D7PM05_CLYGR_Somermeyer_2022,-0.004469442154613867,False
AICDA_HUMAN_Gajula_2014_3cycles,DLG4_RAT_McLaughlin_2012,0.03395335456756188,True
AICDA_HUMAN_Gajula_2014_3cycles,DYR_ECOLI_Nguyen_2023,0.01531291922042688,True
AICDA_HUMAN_Gajula_2014_3cycles,DYR_ECOLI_Thompson_2019,0.007860167693435338,True
AICDA_HUMAN_Gajula_2014_3cycles,ENVZ_ECOLI_Ghose_2023,0.03419211506647457,True
AICDA_HUMAN_Gajula_2014_3cycles,ENV_HV1B9_DuenasDecamp_2016,-0.07048351724524926,False
AICDA_HUMAN_Gajula_2014_3cycles,F7YBW8_MESOW_Ding_2023,0.06824207221117168,True
AICDA_HUMAN_Gajula_2014_3cycles,GAL4_YEAST_Kitzman_2015,-0.005179948652351052,False
AICDA_HUMAN_Gajula_2014_3cycles,GFP_AEQVI_Sarkisyan_2016,0.0012953465460080506,True
AICDA_HUMAN_Gajula_2014_3cycles,GRB2_HUMAN_Faure_2021,0.011202214933601073,True
AICDA_HUMAN_Gajula_2014_3cycles,HECD1_HUMAN_Tsuboyama_2023_3DKM,0.014517525543064264,True
AICDA_HUMAN_Gajula_2014_3cycles,HIS7_YEAST_Pokusaeva_2019,-0.09952001011738165,False
AICDA_HUMAN_Gajula_2014_3cycles,HSP82_YEAST_Flynn_2019,0.03781830554687304,True
AICDA_HUMAN_Gajula_2014_3cycles,HSP82_YEAST_Mishra_2016,0.014022580563947784,True
AICDA_HUMAN_Gajula_2014_3cycles,HXK4_HUMAN_Gersing_2023_abundance,0.02305634324976119,True
AICDA_HUMAN_Gajula_2014_3cycles,IF1_ECOLI_Kelsic_2016,0.04710544074562151,True
AICDA_HUMAN_Gajula_2014_3cycles,ILF3_HUMAN_Tsuboyama_2023_2L33,0.025139413949090694,True
AICDA_HUMAN_Gajula_2014_3cycles,KCNE1_HUMAN_Muhammad_2023_expression,-0.020900580318274242,False
AICDA_HUMAN_Gajula_2014_3cycles,KKA2_KLEPN_Melnikov_2014,0.028816794918210542,True
AICDA_HUMAN_Gajula_2014_3cycles,MAFG_MOUSE_Tsuboyama_2023_1K1V,0.06824207221117168,True
AICDA_HUMAN_Gajula_2014_3cycles,MET_HUMAN_Estevam_2023,0.01773107677348995,True
AICDA_HUMAN_Gajula_2014_3cycles,MSH2_HUMAN_Jia_2020,0.04337554529492649,True
AICDA_HUMAN_Gajula_2014_3cycles,MTH3_HAEAE_RockahShmuel_2015,-0.001023730145879087,False
AICDA_HUMAN_Gajula_2014_3cycles,MYO3_YEAST_Tsuboyama_2023_2BTT,-0.023467919647210567,False
AICDA_HUMAN_Gajula_2014_3cycles,NKX31_HUMAN_Tsuboyama_2023_2L9R,-0.07571609270442448,False
AICDA_HUMAN_Gajula_2014_3cycles,NPC1_HUMAN_Erwood_2022_HEK293T,0.06824207221117168,True
AICDA_HUMAN_Gajula_2014_3cycles,NPC1_HUMAN_Erwood_2022_RPE1,0.06558134890576736,True
AICDA_HUMAN_Gajula_2014_3cycles,NUD15_HUMAN_Suiter_2020,0.03927475735016772,True
AICDA_HUMAN_Gajula_2014_3cycles,NUSG_MYCTU_Tsuboyama_2023_2MI6,0.05410787399543371,True
AICDA_HUMAN_Gajula_2014_3cycles,OBSCN_HUMAN_Tsuboyama_2023_1V1C,-0.0033959658445636975,False
AICDA_HUMAN_Gajula_2014_3cycles,OTU7A_HUMAN_Tsuboyama_2023_2L2D,-0.0266773014365026,False
AICDA_HUMAN_Gajula_2014_3cycles,OXDA_RHOTO_Vanella_2023_activity,0.005227546986514842,True
AICDA_HUMAN_Gajula_2014_3cycles,OXDA_RHOTO_Vanella_2023_expression,0.00796019444407814,True
AICDA_HUMAN_Gajula_2014_3cycles,P53_HUMAN_Giacomelli_2018_Null_Etoposide,0.05271030811842725,True
AICDA_HUMAN_Gajula_2014_3cycles,P53_HUMAN_Giacomelli_2018_WT_Nutlin,0.04778369575570296,True
AICDA_HUMAN_Gajula_2014_3cycles,P53_HUMAN_Kotler_2018,0.06824207221117168,True
AICDA_HUMAN_Gajula_2014_3cycles,P84126_THETH_Chan_2017,0.060888066126786544,True
AICDA_HUMAN_Gajula_2014_3cycles,PABP_YEAST_Melamed_2013,0.018486335491943784,True
AICDA_HUMAN_Gajula_2014_3cycles,PKN1_HUMAN_Tsuboyama_2023_1URF,0.06824207221117168,True
AICDA_HUMAN_Gajula_2014_3cycles,POLG_HCVJF_Qi_2014,-0.010025980889439401,False
AICDA_HUMAN_Gajula_2014_3cycles,POLG_PESV_Tsuboyama_2023_2MXD,0.018346886745346326,True
AICDA_HUMAN_Gajula_2014_3cycles,PPARG_HUMAN_Majithia_2016,0.008776375571205142,True
AICDA_HUMAN_Gajula_2014_3cycles,PRKN_HUMAN_Clausen_2023,0.028096447301574345,True
AICDA_HUMAN_Gajula_2014_3cycles,PSAE_PICP2_Tsuboyama_2023_1PSE,0.060262613177218816,True
AICDA_HUMAN_Gajula_2014_3cycles,PTEN_HUMAN_Mighell_2018,0.03349919595280593,True
AICDA_HUMAN_Gajula_2014_3cycles,Q2N0S5_9HIV1_Haddox_2018,0.029464627283543043,True
AICDA_HUMAN_Gajula_2014_3cycles,Q59976_STRSQ_Romero_2015,0.02635203568092126,True
AICDA_HUMAN_Gajula_2014_3cycles,Q8WTC7_9CNID_Somermeyer_2022,-0.019572119832117818,False
AICDA_HUMAN_Gajula_2014_3cycles,R1AB_SARS2_Flynn_2022,-0.0075986752862133855,False
AICDA_HUMAN_Gajula_2014_3cycles,RASH_HUMAN_Bandaru_2017,0.06824207221117168,True
AICDA_HUMAN_Gajula_2014_3cycles,RDRP_I33A0_Li_2023,0.003514334267489913,True
AICDA_HUMAN_Gajula_2014_3cycles,RL20_AQUAE_Tsuboyama_2023_1GYZ,0.017519272222309812,True
AICDA_HUMAN_Gajula_2014_3cycles,RL40A_YEAST_Mavor_2016,0.04773831522373409,True
AICDA_HUMAN_Gajula_2014_3cycles,RL40A_YEAST_Roscoe_2013,0.06824207221117168,True
AICDA_HUMAN_Gajula_2014_3cycles,RL40A_YEAST_Roscoe_2014,0.029476173152517826,True
AICDA_HUMAN_Gajula_2014_3cycles,RPC1_LAMBD_Li_2019_high-expression,0.05659744389386523,True
AICDA_HUMAN_Gajula_2014_3cycles,S22A1_HUMAN_Yee_2023_abundance,0.0466790176092704,True
AICDA_HUMAN_Gajula_2014_3cycles,S22A1_HUMAN_Yee_2023_activity,0.0621517734908017,True
AICDA_HUMAN_Gajula_2014_3cycles,SDA_BACSU_Tsuboyama_2023_1PV0,0.060218957473155754,True
AICDA_HUMAN_Gajula_2014_3cycles,SPG1_STRSG_Olson_2014,-0.06566832500227271,False
AICDA_HUMAN_Gajula_2014_3cycles,SPIKE_SARS2_Starr_2020_binding,0.014721480759890188,True
AICDA_HUMAN_Gajula_2014_3cycles,SPIKE_SARS2_Starr_2020_expression,0.02075682685721225,True
AICDA_HUMAN_Gajula_2014_3cycles,SRC_HUMAN_Ahler_2019,0.041573387285900765,True
AICDA_HUMAN_Gajula_2014_3cycles,SUMO1_HUMAN_Weile_2017,0.06824207221117168,True
AICDA_HUMAN_Gajula_2014_3cycles,SYUA_HUMAN_Newberry_2020,0.01512065541748564,True
AICDA_HUMAN_Gajula_2014_3cycles,TAT_HV1BR_Fernandes_2016,0.0457503772570933,True
AICDA_HUMAN_Gajula_2014_3cycles,TCRG1_MOUSE_Tsuboyama_2023_1E0L,0.047358305255345456,True
AICDA_HUMAN_Gajula_2014_3cycles,THO1_YEAST_Tsuboyama_2023_2WQG,0.019932273345639406,True
AICDA_HUMAN_Gajula_2014_3cycles,TPK1_HUMAN_Weile_2017,0.05205085756175826,True
AICDA_HUMAN_Gajula_2014_3cycles,TPMT_HUMAN_Matreyek_2018,0.05038210874737192,True
AICDA_HUMAN_Gajula_2014_3cycles,TPOR_HUMAN_Bridgford_2020,0.01087314141520801,True
AICDA_HUMAN_Gajula_2014_3cycles,TRPC_SACS2_Chan_2017,0.043914939700933964,True
AICDA_HUMAN_Gajula_2014_3cycles,TRPC_THEMA_Chan_2017,0.015271992825909075,True
AICDA_HUMAN_Gajula_2014_3cycles,UBE4B_HUMAN_Tsuboyama_2023_3L1X,0.0003558058306327716,True
AICDA_HUMAN_Gajula_2014_3cycles,UBE4B_MOUSE_Starita_2013,0.01930784920605988,True
AICDA_HUMAN_Gajula_2014_3cycles,VILI_CHICK_Tsuboyama_2023_1YU5,0.009977139589917694,True
AICDA_HUMAN_Gajula_2014_3cycles,VKOR1_HUMAN_Chiasson_2020_activity,0.03832018258908576,True
AICDA_HUMAN_Gajula_2014_3cycles,VRPI_BPT7_Tsuboyama_2023_2WNM,0.013306701291895706,True
AICDA_HUMAN_Gajula_2014_3cycles,YNZC_BACSU_Tsuboyama_2023_2JVD,0.03350535605674709,True
BRCA1_HUMAN_Findlay_2018,BRCA2_HUMAN_Erwood_2022_HEK293T,-0.12704028530203204,False
BRCA1_HUMAN_Findlay_2018,CAPSD_AAV2S_Sinai_2021,0.0069608746637830066,True
BRCA1_HUMAN_Findlay_2018,CAR11_HUMAN_Meitlis_2020_gof,-0.09483251067092624,False
BRCA1_HUMAN_Findlay_2018,CAR11_HUMAN_Meitlis_2020_lof,-0.0509401964411198,False
BRCA1_HUMAN_Findlay_2018,CCDB_ECOLI_Tripathi_2016,0.038667994928394456,True
BRCA1_HUMAN_Findlay_2018,CD19_HUMAN_Klesmith_2019_FMC_singles,0.029204460039747138,True
BRCA1_HUMAN_Findlay_2018,CSN4_MOUSE_Tsuboyama_2023_1UFM,0.038667994928394456,True
BRCA1_HUMAN_Findlay_2018,D7PM05_CLYGR_Somermeyer_2022,-0.004469442154613867,False
BRCA1_HUMAN_Findlay_2018,DLG4_RAT_McLaughlin_2012,0.03395335456756188,True
BRCA1_HUMAN_Findlay_2018,DYR_ECOLI_Nguyen_2023,0.01531291922042688,True
BRCA1_HUMAN_Findlay_2018,DYR_ECOLI_Thompson_2019,0.007860167693435338,True
BRCA1_HUMAN_Findlay_2018,ENVZ_ECOLI_Ghose_2023,0.03419211506647457,True
BRCA1_HUMAN_Findlay_2018,ENV_HV1B9_DuenasDecamp_2016,-0.07048351724524926,False
BRCA1_HUMAN_Findlay_2018,F7YBW8_MESOW_Ding_2023,0.038667994928394456,True
BRCA1_HUMAN_Findlay_2018,GAL4_YEAST_Kitzman_2015,-0.005179948652351052,False
BRCA1_HUMAN_Findlay_2018,GFP_AEQVI_Sarkisyan_2016,0.0012953465460080506,True
BRCA1_HUMAN_Findlay_2018,GRB2_HUMAN_Faure_2021,0.011202214933601073,True
BRCA1_HUMAN_Findlay_2018,HECD1_HUMAN_Tsuboyama_2023_3DKM,0.014517525543064264,True
BRCA1_HUMAN_Findlay_2018,HIS7_YEAST_Pokusaeva_2019,-0.09952001011738165,False
BRCA1_HUMAN_Findlay_2018,HSP82_YEAST_Flynn_2019,0.03781830554687304,True
BRCA1_HUMAN_Findlay_2018,HSP82_YEAST_Mishra_2016,0.014022580563947784,True
BRCA1_HUMAN_Findlay_2018,HXK4_HUMAN_Gersing_2023_abundance,0.02305634324976119,True
BRCA1_HUMAN_Findlay_2018,IF1_ECOLI_Kelsic_2016,0.038667994928394456,True
BRCA1_HUMAN_Findlay_2018,ILF3_HUMAN_Tsuboyama_2023_2L33,0.025139413949090694,True
BRCA1_HUMAN_Findlay_2018,KCNE1_HUMAN_Muhammad_2023_expression,-0.020900580318274242,False
BRCA1_HUMAN_Findlay_2018,KKA2_KLEPN_Melnikov_2014,0.028816794918210542,True
BRCA1_HUMAN_Findlay_2018,MAFG_MOUSE_Tsuboyama_2023_1K1V,0.038667994928394456,True
BRCA1_HUMAN_Findlay_2018,MET_HUMAN_Estevam_2023,0.01773107677348995,True
BRCA1_HUMAN_Findlay_2018,MSH2_HUMAN_Jia_2020,0.038667994928394456,True
BRCA1_HUMAN_Findlay_2018,MTH3_HAEAE_RockahShmuel_2015,-0.001023730145879087,False
BRCA1_HUMAN_Findlay_2018,MYO3_YEAST_Tsuboyama_2023_2BTT,-0.023467919647210567,False
BRCA1_HUMAN_Findlay_2018,NKX31_HUMAN_Tsuboyama_2023_2L9R,-0.07571609270442448,False
BRCA1_HUMAN_Findlay_2018,NPC1_HUMAN_Erwood_2022_HEK293T,0.038667994928394456,True
BRCA1_HUMAN_Findlay_2018,NPC1_HUMAN_Erwood_2022_RPE1,0.038667994928394456,True
BRCA1_HUMAN_Findlay_2018,NUD15_HUMAN_Suiter_2020,0.038667994928394456,True
BRCA1_HUMAN_Findlay_2018,NUSG_MYCTU_Tsuboyama_2023_2MI6,0.038667994928394456,True
BRCA1_HUMAN_Findlay_2018,OBSCN_HUMAN_Tsuboyama_2023_1V1C,-0.0033959658445636975,False
BRCA1_HUMAN_Findlay_2018,OTU7A_HUMAN_Tsuboyama_2023_2L2D,-0.0266773014365026,False
BRCA1_HUMAN_Findlay_2018,OXDA_RHOTO_Vanella_2023_activity,0.005227546986514842,True
BRCA1_HUMAN_Findlay_2018,OXDA_RHOTO_Vanella_2023_expression,0.00796019444407814,True
BRCA1_HUMAN_Findlay_2018,P53_HUMAN_Giacomelli_2018_Null_Etoposide,0.038667994928394456,True
BRCA1_HUMAN_Findlay_2018,P53_HUMAN_Giacomelli_2018_WT_Nutlin,0.038667994928394456,True
BRCA1_HUMAN_Findlay_2018,P53_HUMAN_Kotler_2018,0.038667994928394456,True
BRCA1_HUMAN_Findlay_2018,P84126_THETH_Chan_2017,0.038667994928394456,True
BRCA1_HUMAN_Findlay_2018,PABP_YEAST_Melamed_2013,0.018486335491943784,True
BRCA1_HUMAN_Findlay_2018,PKN1_HUMAN_Tsuboyama_2023_1URF,0.038667994928394456,True
BRCA1_HUMAN_Findlay_2018,POLG_HCVJF_Qi_2014,-0.010025980889439401,False
BRCA1_HUMAN_Findlay_2018,POLG_PESV_Tsuboyama_2023_2MXD,0.018346886745346326,True
BRCA1_HUMAN_Findlay_2018,PPARG_HUMAN_Majithia_2016,0.008776375571205142,True
BRCA1_HUMAN_Findlay_2018,PRKN_HUMAN_Clausen_2023,0.028096447301574345,True
BRCA1_HUMAN_Findlay_2018,PSAE_PICP2_Tsuboyama_2023_1PSE,0.038667994928394456,True
BRCA1_HUMAN_Findlay_2018,PTEN_HUMAN_Mighell_2018,0.03349919595280593,True
BRCA1_HUMAN_Findlay_2018,Q2N0S5_9HIV1_Haddox_2018,0.029464627283543043,True
BRCA1_HUMAN_Findlay_2018,Q59976_STRSQ_Romero_2015,0.02635203568092126,True
BRCA1_HUMAN_Findlay_2018,Q8WTC7_9CNID_Somermeyer_2022,-0.019572119832117818,False
BRCA1_HUMAN_Findlay_2018,R1AB_SARS2_Flynn_2022,-0.0075986752862133855,False
BRCA1_HUMAN_Findlay_2018,RASH_HUMAN_Bandaru_2017,0.038667994928394456,True
BRCA1_HUMAN_Findlay_2018,RDRP_I33A0_Li_2023,0.003514334267489913,True
BRCA1_HUMAN_Findlay_2018,RL20_AQUAE_Tsuboyama_2023_1GYZ,0.017519272222309812,True
BRCA1_HUMAN_Findlay_2018,RL40A_YEAST_Mavor_2016,0.038667994928394456,True
BRCA1_HUMAN_Findlay_2018,RL40A_YEAST_Roscoe_2013,0.038667994928394456,True
BRCA1_HUMAN_Findlay_2018,RL40A_YEAST_Roscoe_2014,0.029476173152517826,True
BRCA1_HUMAN_Findlay_2018,RPC1_LAMBD_Li_2019_high-expression,0.038667994928394456,True
BRCA1_HUMAN_Findlay_2018,S22A1_HUMAN_Yee_2023_abundance,0.038667994928394456,True
BRCA1_HUMAN_Findlay_2018,S22A1_HUMAN_Yee_2023_activity,0.038667994928394456,True
BRCA1_HUMAN_Findlay_2018,SDA_BACSU_Tsuboyama_2023_1PV0,0.038667994928394456,True
BRCA1_HUMAN_Findlay_2018,SPG1_STRSG_Olson_2014,-0.06566832500227271,False
BRCA1_HUMAN_Findlay_2018,SPIKE_SARS2_Starr_2020_binding,0.014721480759890188,True
BRCA1_HUMAN_Findlay_2018,SPIKE_SARS2_Starr_2020_expression,0.02075682685721225,True
BRCA1_HUMAN_Findlay_2018,SRC_HUMAN_Ahler_2019,0.038667994928394456,True
BRCA1_HUMAN_Findlay_2018,SUMO1_HUMAN_Weile_2017,0.038667994928394456,True
BRCA1_HUMAN_Findlay_2018,SYUA_HUMAN_Newberry_2020,0.01512065541748564,True
BRCA1_HUMAN_Findlay_2018,TAT_HV1BR_Fernandes_2016,0.038667994928394456,True
BRCA1_HUMAN_Findlay_2018,TCRG1_MOUSE_Tsuboyama_2023_1E0L,0.038667994928394456,True
BRCA1_HUMAN_Findlay_2018,THO1_YEAST_Tsuboyama_2023_2WQG,0.019932273345639406,True
BRCA1_HUMAN_Findlay_2018,TPK1_HUMAN_Weile_2017,0.038667994928394456,True
BRCA1_HUMAN_Findlay_2018,TPMT_HUMAN_Matreyek_2018,0.038667994928394456,True
BRCA1_HUMAN_Findlay_2018,TPOR_HUMAN_Bridgford_2020,0.01087314141520801,True
BRCA1_HUMAN_Findlay_2018,TRPC_SACS2_Chan_2017,0.038667994928394456,True
BRCA1_HUMAN_Findlay_2018,TRPC_THEMA_Chan_2017,0.015271992825909075,True
BRCA1_HUMAN_Findlay_2018,UBE4B_HUMAN_Tsuboyama_2023_3L1X,0.0003558058306327716,True
BRCA1_HUMAN_Findlay_2018,UBE4B_MOUSE_Starita_2013,0.01930784920605988,True
BRCA1_HUMAN_Findlay_2018,VILI_CHICK_Tsuboyama_2023_1YU5,0.009977139589917694,True
BRCA1_HUMAN_Findlay_2018,VKOR1_HUMAN_Chiasson_2020_activity,0.03832018258908576,True
BRCA1_HUMAN_Findlay_2018,VRPI_BPT7_Tsuboyama_2023_2WNM,0.013306701291895706,True
BRCA1_HUMAN_Findlay_2018,YNZC_BACSU_Tsuboyama_2023_2JVD,0.03350535605674709,True
BRCA2_HUMAN_Erwood_2022_HEK293T,CAPSD_AAV2S_Sinai_2021,-0.12704028530203204,False
BRCA2_HUMAN_Erwood_2022_HEK293T,CAR11_HUMAN_Meitlis_2020_gof,-0.12704028530203204,False
BRCA2_HUMAN_Erwood_2022_HEK293T,CAR11_HUMAN_Meitlis_2020_lof,-0.12704028530203204,False
BRCA2_HUMAN_Erwood_2022_HEK293T,CCDB_ECOLI_Tripathi_2016,-0.12704028530203204,False
BRCA2_HUMAN_Erwood_2022_HEK293T,CD19_HUMAN_Klesmith_2019_FMC_singles,-0.12704028530203204,False
BRCA2_HUMAN_Erwood_2022_HEK293T,CSN4_MOUSE_Tsuboyama_2023_1UFM,-0.12704028530203204,False
BRCA2_HUMAN_Erwood_2022_HEK293T,D7PM05_CLYGR_Somermeyer_2022,-0.12704028530203204,False
BRCA2_HUMAN_Erwood_2022_HEK293T,DLG4_RAT_McLaughlin_2012,-0.12704028530203204,False
BRCA2_HUMAN_Erwood_2022_HEK293T,DYR_ECOLI_Nguyen_2023,-0.12704028530203204,False
BRCA2_HUMAN_Erwood_2022_HEK293T,DYR_ECOLI_Thompson_2019,-0.12704028530203204,False
BRCA2_HUMAN_Erwood_2022_HEK293T,ENVZ_ECOLI_Ghose_2023,-0.12704028530203204,False
BRCA2_HUMAN_Erwood_2022_HEK293T,ENV_HV1B9_DuenasDecamp_2016,-0.12704028530203204,False
BRCA2_HUMAN_Erwood_2022_HEK293T,F7YBW8_MESOW_Ding_2023,-0.12704028530203204,False
BRCA2_HUMAN_Erwood_2022_HEK293T,GAL4_YEAST_Kitzman_2015,-0.12704028530203204,False
BRCA2_HUMAN_Erwood_2022_HEK293T,GFP_AEQVI_Sarkisyan_2016,-0.12704028530203204,False
BRCA2_HUMAN_Erwood_2022_HEK293T,GRB2_HUMAN_Faure_2021,-0.12704028530203204,False
BRCA2_HUMAN_Erwood_2022_HEK293T,HECD1_HUMAN_Tsuboyama_2023_3DKM,-0.12704028530203204,False
BRCA2_HUMAN_Erwood_2022_HEK293T,HIS7_YEAST_Pokusaeva_2019,-0.12704028530203204,False
BRCA2_HUMAN_Erwood_2022_HEK293T,HSP82_YEAST_Flynn_2019,-0.12704028530203204,False
BRCA2_HUMAN_Erwood_2022_HEK293T,HSP82_YEAST_Mishra_2016,-0.12704028530203204,False
BRCA2_HUMAN_Erwood_2022_HEK293T,HXK4_HUMAN_Gersing_2023_abundance,-0.12704028530203204,False
BRCA2_HUMAN_Erwood_2022_HEK293T,IF1_ECOLI_Kelsic_2016,-0.12704028530203204,False
BRCA2_HUMAN_Erwood_2022_HEK293T,ILF3_HUMAN_Tsuboyama_2023_2L33,-0.12704028530203204,False
BRCA2_HUMAN_Erwood_2022_HEK293T,KCNE1_HUMAN_Muhammad_2023_expression,-0.12704028530203204,False
BRCA2_HUMAN_Erwood_2022_HEK293T,KKA2_KLEPN_Melnikov_2014,-0.12704028530203204,False
BRCA2_HUMAN_Erwood_2022_HEK293T,MAFG_MOUSE_Tsuboyama_2023_1K1V,-0.12704028530203204,False
BRCA2_HUMAN_Erwood_2022_HEK293T,MET_HUMAN_Estevam_2023,-0.12704028530203204,False
BRCA2_HUMAN_Erwood_2022_HEK293T,MSH2_HUMAN_Jia_2020,-0.12704028530203204,False
BRCA2_HUMAN_Erwood_2022_HEK293T,MTH3_HAEAE_RockahShmuel_2015,-0.12704028530203204,False
BRCA2_HUMAN_Erwood_2022_HEK293T,MYO3_YEAST_Tsuboyama_2023_2BTT,-0.12704028530203204,False
BRCA2_HUMAN_Erwood_2022_HEK293T,NKX31_HUMAN_Tsuboyama_2023_2L9R,-0.12704028530203204,False
BRCA2_HUMAN_Erwood_2022_HEK293T,NPC1_HUMAN_Erwood_2022_HEK293T,-0.12704028530203204,False
BRCA2_HUMAN_Erwood_2022_HEK293T,NPC1_HUMAN_Erwood_2022_RPE1,-0.12704028530203204,False
BRCA2_HUMAN_Erwood_2022_HEK293T,NUD15_HUMAN_Suiter_2020,-0.12704028530203204,False
BRCA2_HUMAN_Erwood_2022_HEK293T,NUSG_MYCTU_Tsuboyama_2023_2MI6,-0.12704028530203204,False
BRCA2_HUMAN_Erwood_2022_HEK293T,OBSCN_HUMAN_Tsuboyama_2023_1V1C,-0.12704028530203204,False
BRCA2_HUMAN_Erwood_2022_HEK293T,OTU7A_HUMAN_Tsuboyama_2023_2L2D,-0.12704028530203204,False
BRCA2_HUMAN_Erwood_2022_HEK293T,OXDA_RHOTO_Vanella_2023_activity,-0.12704028530203204,False
BRCA2_HUMAN_Erwood_2022_HEK293T,OXDA_RHOTO_Vanella_2023_expression,-0.12704028530203204,False
BRCA2_HUMAN_Erwood_2022_HEK293T,P53_HUMAN_Giacomelli_2018_Null_Etoposide,-0.12704028530203204,False
BRCA2_HUMAN_Erwood_2022_HEK293T,P53_HUMAN_Giacomelli_2018_WT_Nutlin,-0.12704028530203204,False
BRCA2_HUMAN_Erwood_2022_HEK293T,P53_HUMAN_Kotler_2018,-0.12704028530203204,False
BRCA2_HUMAN_Erwood_2022_HEK293T,P84126_THETH_Chan_2017,-0.12704028530203204,False
BRCA2_HUMAN_Erwood_2022_HEK293T,PABP_YEAST_Melamed_2013,-0.12704028530203204,False
BRCA2_HUMAN_Erwood_2022_HEK293T,PKN1_HUMAN_Tsuboyama_2023_1URF,-0.12704028530203204,False
BRCA2_HUMAN_Erwood_2022_HEK293T,POLG_HCVJF_Qi_2014,-0.12704028530203204,False
BRCA2_HUMAN_Erwood_2022_HEK293T,POLG_PESV_Tsuboyama_2023_2MXD,-0.12704028530203204,False
BRCA2_HUMAN_Erwood_2022_HEK293T,PPARG_HUMAN_Majithia_2016,-0.12704028530203204,False
BRCA2_HUMAN_Erwood_2022_HEK293T,PRKN_HUMAN_Clausen_2023,-0.12704028530203204,False
BRCA2_HUMAN_Erwood_2022_HEK293T,PSAE_PICP2_Tsuboyama_2023_1PSE,-0.12704028530203204,False
BRCA2_HUMAN_Erwood_2022_HEK293T,PTEN_HUMAN_Mighell_2018,-0.12704028530203204,False
BRCA2_HUMAN_Erwood_2022_HEK293T,Q2N0S5_9HIV1_Haddox_2018,-0.12704028530203204,False
BRCA2_HUMAN_Erwood_2022_HEK293T,Q59976_STRSQ_Romero_2015,-0.12704028530203204,False
BRCA2_HUMAN_Erwood_2022_HEK293T,Q8WTC7_9CNID_Somermeyer_2022,-0.12704028530203204,False
BRCA2_HUMAN_Erwood_2022_HEK293T,R1AB_SARS2_Flynn_2022,-0.12704028530203204,False
BRCA2_HUMAN_Erwood_2022_HEK293T,RASH_HUMAN_Bandaru_2017,-0.12704028530203204,False
BRCA2_HUMAN_Erwood_2022_HEK293T,RDRP_I33A0_Li_2023,-0.12704028530203204,False
BRCA2_HUMAN_Erwood_2022_HEK293T,RL20_AQUAE_Tsuboyama_2023_1GYZ,-0.12704028530203204,False
BRCA2_HUMAN_Erwood_2022_HEK293T,RL40A_YEAST_Mavor_2016,-0.12704028530203204,False
BRCA2_HUMAN_Erwood_2022_HEK293T,RL40A_YEAST_Roscoe_2013,-0.12704028530203204,False
BRCA2_HUMAN_Erwood_2022_HEK293T,RL40A_YEAST_Roscoe_2014,-0.12704028530203204,False
BRCA2_HUMAN_Erwood_2022_HEK293T,RPC1_LAMBD_Li_2019_high-expression,-0.12704028530203204,False
BRCA2_HUMAN_Erwood_2022_HEK293T,S22A1_HUMAN_Yee_2023_abundance,-0.12704028530203204,False
BRCA2_HUMAN_Erwood_2022_HEK293T,S22A1_HUMAN_Yee_2023_activity,-0.12704028530203204,False
BRCA2_HUMAN_Erwood_2022_HEK293T,SDA_BACSU_Tsuboyama_2023_1PV0,-0.12704028530203204,False
BRCA2_HUMAN_Erwood_2022_HEK293T,SPG1_STRSG_Olson_2014,-0.12704028530203204,False
BRCA2_HUMAN_Erwood_2022_HEK293T,SPIKE_SARS2_Starr_2020_binding,-0.12704028530203204,False
BRCA2_HUMAN_Erwood_2022_HEK293T,SPIKE_SARS2_Starr_2020_expression,-0.12704028530203204,False
BRCA2_HUMAN_Erwood_2022_HEK293T,SRC_HUMAN_Ahler_2019,-0.12704028530203204,False
BRCA2_HUMAN_Erwood_2022_HEK293T,SUMO1_HUMAN_Weile_2017,-0.12704028530203204,False
BRCA2_HUMAN_Erwood_2022_HEK293T,SYUA_HUMAN_Newberry_2020,-0.12704028530203204,False
BRCA2_HUMAN_Erwood_2022_HEK293T,TAT_HV1BR_Fernandes_2016,-0.12704028530203204,False
BRCA2_HUMAN_Erwood_2022_HEK293T,TCRG1_MOUSE_Tsuboyama_2023_1E0L,-0.12704028530203204,False
BRCA2_HUMAN_Erwood_2022_HEK293T,THO1_YEAST_Tsuboyama_2023_2WQG,-0.12704028530203204,False
BRCA2_HUMAN_Erwood_2022_HEK293T,TPK1_HUMAN_Weile_2017,-0.12704028530203204,False
BRCA2_HUMAN_Erwood_2022_HEK293T,TPMT_HUMAN_Matreyek_2018,-0.12704028530203204,False
BRCA2_HUMAN_Erwood_2022_HEK293T,TPOR_HUMAN_Bridgford_2020,-0.12704028530203204,False
BRCA2_HUMAN_Erwood_2022_HEK293T,TRPC_SACS2_Chan_2017,-0.12704028530203204,False
BRCA2_HUMAN_Erwood_2022_HEK293T,TRPC_THEMA_Chan_2017,-0.12704028530203204,False
BRCA2_HUMAN_Erwood_2022_HEK293T,UBE4B_HUMAN_Tsuboyama_2023_3L1X,-0.12704028530203204,False
BRCA2_HUMAN_Erwood_2022_HEK293T,UBE4B_MOUSE_Starita_2013,-0.12704028530203204,False
BRCA2_HUMAN_Erwood_2022_HEK293T,VILI_CHICK_Tsuboyama_2023_1YU5,-0.12704028530203204,False
BRCA2_HUMAN_Erwood_2022_HEK293T,VKOR1_HUMAN_Chiasson_2020_activity,-0.12704028530203204,False
BRCA2_HUMAN_Erwood_2022_HEK293T,VRPI_BPT7_Tsuboyama_2023_2WNM,-0.12704028530203204,False
BRCA2_HUMAN_Erwood_2022_HEK293T,YNZC_BACSU_Tsuboyama_2023_2JVD,-0.12704028530203204,False
CAPSD_AAV2S_Sinai_2021,CAR11_HUMAN_Meitlis_2020_gof,-0.09483251067092624,False
CAPSD_AAV2S_Sinai_2021,CAR11_HUMAN_Meitlis_2020_lof,-0.0509401964411198,False
CAPSD_AAV2S_Sinai_2021,CCDB_ECOLI_Tripathi_2016,0.0069608746637830066,True
CAPSD_AAV2S_Sinai_2021,CD19_HUMAN_Klesmith_2019_FMC_singles,0.0069608746637830066,True
CAPSD_AAV2S_Sinai_2021,CSN4_MOUSE_Tsuboyama_2023_1UFM,0.0069608746637830066,True
CAPSD_AAV2S_Sinai_2021,D7PM05_CLYGR_Somermeyer_2022,-0.004469442154613867,False
CAPSD_AAV2S_Sinai_2021,DLG4_RAT_McLaughlin_2012,0.0069608746637830066,True
CAPSD_AAV2S_Sinai_2021,DYR_ECOLI_Nguyen_2023,0.0069608746637830066,True
CAPSD_AAV2S_Sinai_2021,DYR_ECOLI_Thompson_2019,0.0069608746637830066,True
CAPSD_AAV2S_Sinai_2021,ENVZ_ECOLI_Ghose_2023,0.0069608746637830066,True
CAPSD_AAV2S_Sinai_2021,ENV_HV1B9_DuenasDecamp_2016,-0.07048351724524926,False
CAPSD_AAV2S_Sinai_2021,F7YBW8_MESOW_Ding_2023,0.0069608746637830066,True
CAPSD_AAV2S_Sinai_2021,GAL4_YEAST_Kitzman_2015,-0.005179948652351052,False
CAPSD_AAV2S_Sinai_2021,GFP_AEQVI_Sarkisyan_2016,0.0012953465460080506,True
CAPSD_AAV2S_Sinai_2021,GRB2_HUMAN_Faure_2021,0.0069608746637830066,True
CAPSD_AAV2S_Sinai_2021,HECD1_HUMAN_Tsuboyama_2023_3DKM,0.0069608746637830066,True
CAPSD_AAV2S_Sinai_2021,HIS7_YEAST_Pokusaeva_2019,-0.09952001011738165,False
CAPSD_AAV2S_Sinai_2021,HSP82_YEAST_Flynn_2019,0.0069608746637830066,True
CAPSD_AAV2S_Sinai_2021,HSP82_YEAST_Mishra_2016,0.0069608746637830066,True
CAPSD_AAV2S_Sinai_2021,HXK4_HUMAN_Gersing_2023_abundance,0.0069608746637830066,True
CAPSD_AAV2S_Sinai_2021,IF1_ECOLI_Kelsic_2016,0.0069608746637830066,True
CAPSD_AAV2S_Sinai_2021,ILF3_HUMAN_Tsuboyama_2023_2L33,0.0069608746637830066,True
CAPSD_AAV2S_Sinai_2021,KCNE1_HUMAN_Muhammad_2023_expression,-0.020900580318274242,False
CAPSD_AAV2S_Sinai_2021,KKA2_KLEPN_Melnikov_2014,0.0069608746637830066,True
CAPSD_AAV2S_Sinai_2021,MAFG_MOUSE_Tsuboyama_2023_1K1V,0.0069608746637830066,True
CAPSD_AAV2S_Sinai_2021,MET_HUMAN_Estevam_2023,0.0069608746637830066,True
CAPSD_AAV2S_Sinai_2021,MSH2_HUMAN_Jia_2020,0.0069608746637830066,True
CAPSD_AAV2S_Sinai_2021,MTH3_HAEAE_RockahShmuel_2015,-0.001023730145879087,False
CAPSD_AAV2S_Sinai_2021,MYO3_YEAST_Tsuboyama_2023_2BTT,-0.023467919647210567,False
CAPSD_AAV2S_Sinai_2021,NKX31_HUMAN_Tsuboyama_2023_2L9R,-0.07571609270442448,False
CAPSD_AAV2S_Sinai_2021,NPC1_HUMAN_Erwood_2022_HEK293T,0.0069608746637830066,True
CAPSD_AAV2S_Sinai_2021,NPC1_HUMAN_Erwood_2022_RPE1,0.0069608746637830066,True
CAPSD_AAV2S_Sinai_2021,NUD15_HUMAN_Suiter_2020,0.0069608746637830066,True
CAPSD_AAV2S_Sinai_2021,NUSG_MYCTU_Tsuboyama_2023_2MI6,0.0069608746637830066,True
CAPSD_AAV2S_Sinai_2021,OBSCN_HUMAN_Tsuboyama_2023_1V1C,-0.0033959658445636975,False
CAPSD_AAV2S_Sinai_2021,OTU7A_HUMAN_Tsuboyama_2023_2L2D,-0.0266773014365026,False
CAPSD_AAV2S_Sinai_2021,OXDA_RHOTO_Vanella_2023_activity,0.005227546986514842,True
CAPSD_AAV2S_Sinai_2021,OXDA_RHOTO_Vanella_2023_expression,0.0069608746637830066,True
CAPSD_AAV2S_Sinai_2021,P53_HUMAN_Giacomelli_2018_Null_Etoposide,0.0069608746637830066,True
CAPSD_AAV2S_Sinai_2021,P53_HUMAN_Giacomelli_2018_WT_Nutlin,0.0069608746637830066,True
CAPSD_AAV2S_Sinai_2021,P53_HUMAN_Kotler_2018,0.0069608746637830066,True
CAPSD_AAV2S_Sinai_2021,P84126_THETH_Chan_2017,0.0069608746637830066,True
CAPSD_AAV2S_Sinai_2021,PABP_YEAST_Melamed_2013,0.0069608746637830066,True
CAPSD_AAV2S_Sinai_2021,PKN1_HUMAN_Tsuboyama_2023_1URF,0.0069608746637830066,True
CAPSD_AAV2S_Sinai_2021,POLG_HCVJF_Qi_2014,-0.010025980889439401,False
CAPSD_AAV2S_Sinai_2021,POLG_PESV_Tsuboyama_2023_2MXD,0.0069608746637830066,True
CAPSD_AAV2S_Sinai_2021,PPARG_HUMAN_Majithia_2016,0.0069608746637830066,True
CAPSD_AAV2S_Sinai_2021,PRKN_HUMAN_Clausen_2023,0.0069608746637830066,True
CAPSD_AAV2S_Sinai_2021,PSAE_PICP2_Tsuboyama_2023_1PSE,0.0069608746637830066,True
CAPSD_AAV2S_Sinai_2021,PTEN_HUMAN_Mighell_2018,0.0069608746637830066,True
CAPSD_AAV2S_Sinai_2021,Q2N0S5_9HIV1_Haddox_2018,0.0069608746637830066,True
CAPSD_AAV2S_Sinai_2021,Q59976_STRSQ_Romero_2015,0.0069608746637830066,True
CAPSD_AAV2S_Sinai_2021,Q8WTC7_9CNID_Somermeyer_2022,-0.019572119832117818,False
CAPSD_AAV2S_Sinai_2021,R1AB_SARS2_Flynn_2022,-0.0075986752862133855,False
CAPSD_AAV2S_Sinai_2021,RASH_HUMAN_Bandaru_2017,0.0069608746637830066,True
CAPSD_AAV2S_Sinai_2021,RDRP_I33A0_Li_2023,0.003514334267489913,True
CAPSD_AAV2S_Sinai_2021,RL20_AQUAE_Tsuboyama_2023_1GYZ,0.0069608746637830066,True
CAPSD_AAV2S_Sinai_2021,RL40A_YEAST_Mavor_2016,0.0069608746637830066,True
CAPSD_AAV2S_Sinai_2021,RL40A_YEAST_Roscoe_2013,0.0069608746637830066,True
CAPSD_AAV2S_Sinai_2021,RL40A_YEAST_Roscoe_2014,0.0069608746637830066,True
CAPSD_AAV2S_Sinai_2021,RPC1_LAMBD_Li_2019_high-expression,0.0069608746637830066,True
CAPSD_AAV2S_Sinai_2021,S22A1_HUMAN_Yee_2023_abundance,0.0069608746637830066,True
CAPSD_AAV2S_Sinai_2021,S22A1_HUMAN_Yee_2023_activity,0.0069608746637830066,True
CAPSD_AAV2S_Sinai_2021,SDA_BACSU_Tsuboyama_2023_1PV0,0.0069608746637830066,True
CAPSD_AAV2S_Sinai_2021,SPG1_STRSG_Olson_2014,-0.06566832500227271,False
CAPSD_AAV2S_Sinai_2021,SPIKE_SARS2_Starr_2020_binding,0.0069608746637830066,True
CAPSD_AAV2S_Sinai_2021,SPIKE_SARS2_Starr_2020_expression,0.0069608746637830066,True
CAPSD_AAV2S_Sinai_2021,SRC_HUMAN_Ahler_2019,0.0069608746637830066,True
CAPSD_AAV2S_Sinai_2021,SUMO1_HUMAN_Weile_2017,0.0069608746637830066,True
CAPSD_AAV2S_Sinai_2021,SYUA_HUMAN_Newberry_2020,0.0069608746637830066,True
CAPSD_AAV2S_Sinai_2021,TAT_HV1BR_Fernandes_2016,0.0069608746637830066,True
CAPSD_AAV2S_Sinai_2021,TCRG1_MOUSE_Tsuboyama_2023_1E0L,0.0069608746637830066,True
CAPSD_AAV2S_Sinai_2021,THO1_YEAST_Tsuboyama_2023_2WQG,0.0069608746637830066,True
CAPSD_AAV2S_Sinai_2021,TPK1_HUMAN_Weile_2017,0.0069608746637830066,True
CAPSD_AAV2S_Sinai_2021,TPMT_HUMAN_Matreyek_2018,0.0069608746637830066,True
CAPSD_AAV2S_Sinai_2021,TPOR_HUMAN_Bridgford_2020,0.0069608746637830066,True
CAPSD_AAV2S_Sinai_2021,TRPC_SACS2_Chan_2017,0.0069608746637830066,True
CAPSD_AAV2S_Sinai_2021,TRPC_THEMA_Chan_2017,0.0069608746637830066,True
CAPSD_AAV2S_Sinai_2021,UBE4B_HUMAN_Tsuboyama_2023_3L1X,0.0003558058306327716,True
CAPSD_AAV2S_Sinai_2021,UBE4B_MOUSE_Starita_2013,0.0069608746637830066,True
CAPSD_AAV2S_Sinai_2021,VILI_CHICK_Tsuboyama_2023_1YU5,0.0069608746637830066,True
CAPSD_AAV2S_Sinai_2021,VKOR1_HUMAN_Chiasson_2020_activity,0.0069608746637830066,True
CAPSD_AAV2S_Sinai_2021,VRPI_BPT7_Tsuboyama_2023_2WNM,0.0069608746637830066,True
CAPSD_AAV2S_Sinai_2021,YNZC_BACSU_Tsuboyama_2023_2JVD,0.0069608746637830066,True
CAR11_HUMAN_Meitlis_2020_gof,CAR11_HUMAN_Meitlis_2020_lof,-0.09483251067092624,False
CAR11_HUMAN_Meitlis_2020_gof,CCDB_ECOLI_Tripathi_2016,-0.09483251067092624,False
CAR11_HUMAN_Meitlis_2020_gof,CD19_HUMAN_Klesmith_2019_FMC_singles,-0.09483251067092624,False
CAR11_HUMAN_Meitlis_2020_gof,CSN4_MOUSE_Tsuboyama_2023_1UFM,-0.09483251067092624,False
CAR11_HUMAN_Meitlis_2020_gof,D7PM05_CLYGR_Somermeyer_2022,-0.09483251067092624,False
CAR11_HUMAN_Meitlis_2020_gof,DLG4_RAT_McLaughlin_2012,-0.09483251067092624,False
CAR11_HUMAN_Meitlis_2020_gof,DYR_ECOLI_Nguyen_2023,-0.09483251067092624,False
CAR11_HUMAN_Meitlis_2020_gof,DYR_ECOLI_Thompson_2019,-0.09483251067092624,False
CAR11_HUMAN_Meitlis_2020_gof,ENVZ_ECOLI_Ghose_2023,-0.09483251067092624,False
CAR11_HUMAN_Meitlis_2020_gof,ENV_HV1B9_DuenasDecamp_2016,-0.09483251067092624,False
CAR11_HUMAN_Meitlis_2020_gof,F7YBW8_MESOW_Ding_2023,-0.09483251067092624,False
CAR11_HUMAN_Meitlis_2020_gof,GAL4_YEAST_Kitzman_2015,-0.09483251067092624,False
CAR11_HUMAN_Meitlis_2020_gof,GFP_AEQVI_Sarkisyan_2016,-0.09483251067092624,False
CAR11_HUMAN_Meitlis_2020_gof,GRB2_HUMAN_Faure_2021,-0.09483251067092624,False
CAR11_HUMAN_Meitlis_2020_gof,HECD1_HUMAN_Tsuboyama_2023_3DKM,-0.09483251067092624,False
CAR11_HUMAN_Meitlis_2020_gof,HIS7_YEAST_Pokusaeva_2019,-0.09952001011738165,False
CAR11_HUMAN_Meitlis_2020_gof,HSP82_YEAST_Flynn_2019,-0.09483251067092624,False
CAR11_HUMAN_Meitlis_2020_gof,HSP82_YEAST_Mishra_2016,-0.09483251067092624,False
CAR11_HUMAN_Meitlis_2020_gof,HXK4_HUMAN_Gersing_2023_abundance,-0.09483251067092624,False
CAR11_HUMAN_Meitlis_2020_gof,IF1_ECOLI_Kelsic_2016,-0.09483251067092624,False
CAR11_HUMAN_Meitlis_2020_gof,ILF3_HUMAN_Tsuboyama_2023_2L33,-0.09483251067092624,False
CAR11_HUMAN_Meitlis_2020_gof,KCNE1_HUMAN_Muhammad_2023_expression,-0.09483251067092624,False
CAR11_HUMAN_Meitlis_2020_gof,KKA2_KLEPN_Melnikov_2014,-0.09483251067092624,False
CAR11_HUMAN_Meitlis_2020_gof,MAFG_MOUSE_Tsuboyama_2023_1K1V,-0.09483251067092624,False
CAR11_HUMAN_Meitlis_2020_gof,MET_HUMAN_Estevam_2023,-0.09483251067092624,False
CAR11_HUMAN_Meitlis_2020_gof,MSH2_HUMAN_Jia_2020,-0.09483251067092624,False
CAR11_HUMAN_Meitlis_2020_gof,MTH3_HAEAE_RockahShmuel_2015,-0.09483251067092624,False
CAR11_HUMAN_Meitlis_2020_gof,MYO3_YEAST_Tsuboyama_2023_2BTT,-0.09483251067092624,False
CAR11_HUMAN_Meitlis_2020_gof,NKX31_HUMAN_Tsuboyama_2023_2L9R,-0.09483251067092624,False
CAR11_HUMAN_Meitlis_2020_gof,NPC1_HUMAN_Erwood_2022_HEK293T,-0.09483251067092624,False
CAR11_HUMAN_Meitlis_2020_gof,NPC1_HUMAN_Erwood_2022_RPE1,-0.09483251067092624,False
CAR11_HUMAN_Meitlis_2020_gof,NUD15_HUMAN_Suiter_2020,-0.09483251067092624,False
CAR11_HUMAN_Meitlis_2020_gof,NUSG_MYCTU_Tsuboyama_2023_2MI6,-0.09483251067092624,False
CAR11_HUMAN_Meitlis_2020_gof,OBSCN_HUMAN_Tsuboyama_2023_1V1C,-0.09483251067092624,False
CAR11_HUMAN_Meitlis_2020_gof,OTU7A_HUMAN_Tsuboyama_2023_2L2D,-0.09483251067092624,False
CAR11_HUMAN_Meitlis_2020_gof,OXDA_RHOTO_Vanella_2023_activity,-0.09483251067092624,False
CAR11_HUMAN_Meitlis_2020_gof,OXDA_RHOTO_Vanella_2023_expression,-0.09483251067092624,False
CAR11_HUMAN_Meitlis_2020_gof,P53_HUMAN_Giacomelli_2018_Null_Etoposide,-0.09483251067092624,False
CAR11_HUMAN_Meitlis_2020_gof,P53_HUMAN_Giacomelli_2018_WT_Nutlin,-0.09483251067092624,False
CAR11_HUMAN_Meitlis_2020_gof,P53_HUMAN_Kotler_2018,-0.09483251067092624,False
CAR11_HUMAN_Meitlis_2020_gof,P84126_THETH_Chan_2017,-0.09483251067092624,False
CAR11_HUMAN_Meitlis_2020_gof,PABP_YEAST_Melamed_2013,-0.09483251067092624,False
CAR11_HUMAN_Meitlis_2020_gof,PKN1_HUMAN_Tsuboyama_2023_1URF,-0.09483251067092624,False
CAR11_HUMAN_Meitlis_2020_gof,POLG_HCVJF_Qi_2014,-0.09483251067092624,False
CAR11_HUMAN_Meitlis_2020_gof,POLG_PESV_Tsuboyama_2023_2MXD,-0.09483251067092624,False
CAR11_HUMAN_Meitlis_2020_gof,PPARG_HUMAN_Majithia_2016,-0.09483251067092624,False
CAR11_HUMAN_Meitlis_2020_gof,PRKN_HUMAN_Clausen_2023,-0.09483251067092624,False
CAR11_HUMAN_Meitlis_2020_gof,PSAE_PICP2_Tsuboyama_2023_1PSE,-0.09483251067092624,False
CAR11_HUMAN_Meitlis_2020_gof,PTEN_HUMAN_Mighell_2018,-0.09483251067092624,False
CAR11_HUMAN_Meitlis_2020_gof,Q2N0S5_9HIV1_Haddox_2018,-0.09483251067092624,False
CAR11_HUMAN_Meitlis_2020_gof,Q59976_STRSQ_Romero_2015,-0.09483251067092624,False
CAR11_HUMAN_Meitlis_2020_gof,Q8WTC7_9CNID_Somermeyer_2022,-0.09483251067092624,False
CAR11_HUMAN_Meitlis_2020_gof,R1AB_SARS2_Flynn_2022,-0.09483251067092624,False
CAR11_HUMAN_Meitlis_2020_gof,RASH_HUMAN_Bandaru_2017,-0.09483251067092624,False
CAR11_HUMAN_Meitlis_2020_gof,RDRP_I33A0_Li_2023,-0.09483251067092624,False
CAR11_HUMAN_Meitlis_2020_gof,RL20_AQUAE_Tsuboyama_2023_1GYZ,-0.09483251067092624,False
CAR11_HUMAN_Meitlis_2020_gof,RL40A_YEAST_Mavor_2016,-0.09483251067092624,False
CAR11_HUMAN_Meitlis_2020_gof,RL40A_YEAST_Roscoe_2013,-0.09483251067092624,False
CAR11_HUMAN_Meitlis_2020_gof,RL40A_YEAST_Roscoe_2014,-0.09483251067092624,False
CAR11_HUMAN_Meitlis_2020_gof,RPC1_LAMBD_Li_2019_high-expression,-0.09483251067092624,False
CAR11_HUMAN_Meitlis_2020_gof,S22A1_HUMAN_Yee_2023_abundance,-0.09483251067092624,False
CAR11_HUMAN_Meitlis_2020_gof,S22A1_HUMAN_Yee_2023_activity,-0.09483251067092624,False
CAR11_HUMAN_Meitlis_2020_gof,SDA_BACSU_Tsuboyama_2023_1PV0,-0.09483251067092624,False
CAR11_HUMAN_Meitlis_2020_gof,SPG1_STRSG_Olson_2014,-0.09483251067092624,False
CAR11_HUMAN_Meitlis_2020_gof,SPIKE_SARS2_Starr_2020_binding,-0.09483251067092624,False
CAR11_HUMAN_Meitlis_2020_gof,SPIKE_SARS2_Starr_2020_expression,-0.09483251067092624,False
CAR11_HUMAN_Meitlis_2020_gof,SRC_HUMAN_Ahler_2019,-0.09483251067092624,False
CAR11_HUMAN_Meitlis_2020_gof,SUMO1_HUMAN_Weile_2017,-0.09483251067092624,False
CAR11_HUMAN_Meitlis_2020_gof,SYUA_HUMAN_Newberry_2020,-0.09483251067092624,False
CAR11_HUMAN_Meitlis_2020_gof,TAT_HV1BR_Fernandes_2016,-0.09483251067092624,False
CAR11_HUMAN_Meitlis_2020_gof,TCRG1_MOUSE_Tsuboyama_2023_1E0L,-0.09483251067092624,False
CAR11_HUMAN_Meitlis_2020_gof,THO1_YEAST_Tsuboyama_2023_2WQG,-0.09483251067092624,False
CAR11_HUMAN_Meitlis_2020_gof,TPK1_HUMAN_Weile_2017,-0.09483251067092624,False
CAR11_HUMAN_Meitlis_2020_gof,TPMT_HUMAN_Matreyek_2018,-0.09483251067092624,False
CAR11_HUMAN_Meitlis_2020_gof,TPOR_HUMAN_Bridgford_2020,-0.09483251067092624,False
CAR11_HUMAN_Meitlis_2020_gof,TRPC_SACS2_Chan_2017,-0.09483251067092624,False
CAR11_HUMAN_Meitlis_2020_gof,TRPC_THEMA_Chan_2017,-0.09483251067092624,False
CAR11_HUMAN_Meitlis_2020_gof,UBE4B_HUMAN_Tsuboyama_2023_3L1X,-0.09483251067092624,False
CAR11_HUMAN_Meitlis_2020_gof,UBE4B_MOUSE_Starita_2013,-0.09483251067092624,False
CAR11_HUMAN_Meitlis_2020_gof,VILI_CHICK_Tsuboyama_2023_1YU5,-0.09483251067092624,False
CAR11_HUMAN_Meitlis_2020_gof,VKOR1_HUMAN_Chiasson_2020_activity,-0.09483251067092624,False
CAR11_HUMAN_Meitlis_2020_gof,VRPI_BPT7_Tsuboyama_2023_2WNM,-0.09483251067092624,False
CAR11_HUMAN_Meitlis_2020_gof,YNZC_BACSU_Tsuboyama_2023_2JVD,-0.09483251067092624,False
CAR11_HUMAN_Meitlis_2020_lof,CCDB_ECOLI_Tripathi_2016,-0.0509401964411198,False
CAR11_HUMAN_Meitlis_2020_lof,CD19_HUMAN_Klesmith_2019_FMC_singles,-0.0509401964411198,False
CAR11_HUMAN_Meitlis_2020_lof,CSN4_MOUSE_Tsuboyama_2023_1UFM,-0.0509401964411198,False
CAR11_HUMAN_Meitlis_2020_lof,D7PM05_CLYGR_Somermeyer_2022,-0.0509401964411198,False
CAR11_HUMAN_Meitlis_2020_lof,DLG4_RAT_McLaughlin_2012,-0.0509401964411198,False
CAR11_HUMAN_Meitlis_2020_lof,DYR_ECOLI_Nguyen_2023,-0.0509401964411198,False
CAR11_HUMAN_Meitlis_2020_lof,DYR_ECOLI_Thompson_2019,-0.0509401964411198,False
CAR11_HUMAN_Meitlis_2020_lof,ENVZ_ECOLI_Ghose_2023,-0.0509401964411198,False
CAR11_HUMAN_Meitlis_2020_lof,ENV_HV1B9_DuenasDecamp_2016,-0.07048351724524926,False
CAR11_HUMAN_Meitlis_2020_lof,F7YBW8_MESOW_Ding_2023,-0.0509401964411198,False
CAR11_HUMAN_Meitlis_2020_lof,GAL4_YEAST_Kitzman_2015,-0.0509401964411198,False
CAR11_HUMAN_Meitlis_2020_lof,GFP_AEQVI_Sarkisyan_2016,-0.0509401964411198,False
CAR11_HUMAN_Meitlis_2020_lof,GRB2_HUMAN_Faure_2021,-0.0509401964411198,False
CAR11_HUMAN_Meitlis_2020_lof,HECD1_HUMAN_Tsuboyama_2023_3DKM,-0.0509401964411198,False
CAR11_HUMAN_Meitlis_2020_lof,HIS7_YEAST_Pokusaeva_2019,-0.09952001011738165,False
CAR11_HUMAN_Meitlis_2020_lof,HSP82_YEAST_Flynn_2019,-0.0509401964411198,False
CAR11_HUMAN_Meitlis_2020_lof,HSP82_YEAST_Mishra_2016,-0.0509401964411198,False
CAR11_HUMAN_Meitlis_2020_lof,HXK4_HUMAN_Gersing_2023_abundance,-0.0509401964411198,False
CAR11_HUMAN_Meitlis_2020_lof,IF1_ECOLI_Kelsic_2016,-0.0509401964411198,False
CAR11_HUMAN_Meitlis_2020_lof,ILF3_HUMAN_Tsuboyama_2023_2L33,-0.0509401964411198,False
CAR11_HUMAN_Meitlis_2020_lof,KCNE1_HUMAN_Muhammad_2023_expression,-0.0509401964411198,False
CAR11_HUMAN_Meitlis_2020_lof,KKA2_KLEPN_Melnikov_2014,-0.0509401964411198,False
CAR11_HUMAN_Meitlis_2020_lof,MAFG_MOUSE_Tsuboyama_2023_1K1V,-0.0509401964411198,False
CAR11_HUMAN_Meitlis_2020_lof,MET_HUMAN_Estevam_2023,-0.0509401964411198,False
CAR11_HUMAN_Meitlis_2020_lof,MSH2_HUMAN_Jia_2020,-0.0509401964411198,False
CAR11_HUMAN_Meitlis_2020_lof,MTH3_HAEAE_RockahShmuel_2015,-0.0509401964411198,False
CAR11_HUMAN_Meitlis_2020_lof,MYO3_YEAST_Tsuboyama_2023_2BTT,-0.0509401964411198,False
CAR11_HUMAN_Meitlis_2020_lof,NKX31_HUMAN_Tsuboyama_2023_2L9R,-0.07571609270442448,False
CAR11_HUMAN_Meitlis_2020_lof,NPC1_HUMAN_Erwood_2022_HEK293T,-0.0509401964411198,False
CAR11_HUMAN_Meitlis_2020_lof,NPC1_HUMAN_Erwood_2022_RPE1,-0.0509401964411198,False
CAR11_HUMAN_Meitlis_2020_lof,NUD15_HUMAN_Suiter_2020,-0.0509401964411198,False
CAR11_HUMAN_Meitlis_2020_lof,NUSG_MYCTU_Tsuboyama_2023_2MI6,-0.0509401964411198,False
CAR11_HUMAN_Meitlis_2020_lof,OBSCN_HUMAN_Tsuboyama_2023_1V1C,-0.0509401964411198,False
CAR11_HUMAN_Meitlis_2020_lof,OTU7A_HUMAN_Tsuboyama_2023_2L2D,-0.0509401964411198,False
CAR11_HUMAN_Meitlis_2020_lof,OXDA_RHOTO_Vanella_2023_activity,-0.0509401964411198,False
CAR11_HUMAN_Meitlis_2020_lof,OXDA_RHOTO_Vanella_2023_expression,-0.0509401964411198,False
CAR11_HUMAN_Meitlis_2020_lof,P53_HUMAN_Giacomelli_2018_Null_Etoposide,-0.0509401964411198,False
CAR11_HUMAN_Meitlis_2020_lof,P53_HUMAN_Giacomelli_2018_WT_Nutlin,-0.0509401964411198,False
CAR11_HUMAN_Meitlis_2020_lof,P53_HUMAN_Kotler_2018,-0.0509401964411198,False
CAR11_HUMAN_Meitlis_2020_lof,P84126_THETH_Chan_2017,-0.0509401964411198,False
CAR11_HUMAN_Meitlis_2020_lof,PABP_YEAST_Melamed_2013,-0.0509401964411198,False
CAR11_HUMAN_Meitlis_2020_lof,PKN1_HUMAN_Tsuboyama_2023_1URF,-0.0509401964411198,False
CAR11_HUMAN_Meitlis_2020_lof,POLG_HCVJF_Qi_2014,-0.0509401964411198,False
CAR11_HUMAN_Meitlis_2020_lof,POLG_PESV_Tsuboyama_2023_2MXD,-0.0509401964411198,False
CAR11_HUMAN_Meitlis_2020_lof,PPARG_HUMAN_Majithia_2016,-0.0509401964411198,False
CAR11_HUMAN_Meitlis_2020_lof,PRKN_HUMAN_Clausen_2023,-0.0509401964411198,False
CAR11_HUMAN_Meitlis_2020_lof,PSAE_PICP2_Tsuboyama_2023_1PSE,-0.0509401964411198,False
CAR11_HUMAN_Meitlis_2020_lof,PTEN_HUMAN_Mighell_2018,-0.0509401964411198,False
CAR11_HUMAN_Meitlis_2020_lof,Q2N0S5_9HIV1_Haddox_2018,-0.0509401964411198,False
CAR11_HUMAN_Meitlis_2020_lof,Q59976_STRSQ_Romero_2015,-0.0509401964411198,False
CAR11_HUMAN_Meitlis_2020_lof,Q8WTC7_9CNID_Somermeyer_2022,-0.0509401964411198,False
CAR11_HUMAN_Meitlis_2020_lof,R1AB_SARS2_Flynn_2022,-0.0509401964411198,False
CAR11_HUMAN_Meitlis_2020_lof,RASH_HUMAN_Bandaru_2017,-0.0509401964411198,False
CAR11_HUMAN_Meitlis_2020_lof,RDRP_I33A0_Li_2023,-0.0509401964411198,False
CAR11_HUMAN_Meitlis_2020_lof,RL20_AQUAE_Tsuboyama_2023_1GYZ,-0.0509401964411198,False
CAR11_HUMAN_Meitlis_2020_lof,RL40A_YEAST_Mavor_2016,-0.0509401964411198,False
CAR11_HUMAN_Meitlis_2020_lof,RL40A_YEAST_Roscoe_2013,-0.0509401964411198,False
CAR11_HUMAN_Meitlis_2020_lof,RL40A_YEAST_Roscoe_2014,-0.0509401964411198,False
CAR11_HUMAN_Meitlis_2020_lof,RPC1_LAMBD_Li_2019_high-expression,-0.0509401964411198,False
CAR11_HUMAN_Meitlis_2020_lof,S22A1_HUMAN_Yee_2023_abundance,-0.0509401964411198,False
CAR11_HUMAN_Meitlis_2020_lof,S22A1_HUMAN_Yee_2023_activity,-0.0509401964411198,False
CAR11_HUMAN_Meitlis_2020_lof,SDA_BACSU_Tsuboyama_2023_1PV0,-0.0509401964411198,False
CAR11_HUMAN_Meitlis_2020_lof,SPG1_STRSG_Olson_2014,-0.06566832500227271,False
CAR11_HUMAN_Meitlis_2020_lof,SPIKE_SARS2_Starr_2020_binding,-0.0509401964411198,False
CAR11_HUMAN_Meitlis_2020_lof,SPIKE_SARS2_Starr_2020_expression,-0.0509401964411198,False
CAR11_HUMAN_Meitlis_2020_lof,SRC_HUMAN_Ahler_2019,-0.0509401964411198,False
CAR11_HUMAN_Meitlis_2020_lof,SUMO1_HUMAN_Weile_2017,-0.0509401964411198,False
CAR11_HUMAN_Meitlis_2020_lof,SYUA_HUMAN_Newberry_2020,-0.0509401964411198,False
CAR11_HUMAN_Meitlis_2020_lof,TAT_HV1BR_Fernandes_2016,-0.0509401964411198,False
CAR11_HUMAN_Meitlis_2020_lof,TCRG1_MOUSE_Tsuboyama_2023_1E0L,-0.0509401964411198,False
CAR11_HUMAN_Meitlis_2020_lof,THO1_YEAST_Tsuboyama_2023_2WQG,-0.0509401964411198,False
CAR11_HUMAN_Meitlis_2020_lof,TPK1_HUMAN_Weile_2017,-0.0509401964411198,False
CAR11_HUMAN_Meitlis_2020_lof,TPMT_HUMAN_Matreyek_2018,-0.0509401964411198,False
CAR11_HUMAN_Meitlis_2020_lof,TPOR_HUMAN_Bridgford_2020,-0.0509401964411198,False
CAR11_HUMAN_Meitlis_2020_lof,TRPC_SACS2_Chan_2017,-0.0509401964411198,False
CAR11_HUMAN_Meitlis_2020_lof,TRPC_THEMA_Chan_2017,-0.0509401964411198,False
CAR11_HUMAN_Meitlis_2020_lof,UBE4B_HUMAN_Tsuboyama_2023_3L1X,-0.0509401964411198,False
CAR11_HUMAN_Meitlis_2020_lof,UBE4B_MOUSE_Starita_2013,-0.0509401964411198,False
CAR11_HUMAN_Meitlis_2020_lof,VILI_CHICK_Tsuboyama_2023_1YU5,-0.0509401964411198,False
CAR11_HUMAN_Meitlis_2020_lof,VKOR1_HUMAN_Chiasson_2020_activity,-0.0509401964411198,False
CAR11_HUMAN_Meitlis_2020_lof,VRPI_BPT7_Tsuboyama_2023_2WNM,-0.0509401964411198,False
CAR11_HUMAN_Meitlis_2020_lof,YNZC_BACSU_Tsuboyama_2023_2JVD,-0.0509401964411198,False
CCDB_ECOLI_Tripathi_2016,CD19_HUMAN_Klesmith_2019_FMC_singles,0.029204460039747138,True
CCDB_ECOLI_Tripathi_2016,CSN4_MOUSE_Tsuboyama_2023_1UFM,0.042000242214283334,True
CCDB_ECOLI_Tripathi_2016,D7PM05_CLYGR_Somermeyer_2022,-0.004469442154613867,False
CCDB_ECOLI_Tripathi_2016,DLG4_RAT_McLaughlin_2012,0.03395335456756188,True
CCDB_ECOLI_Tripathi_2016,DYR_ECOLI_Nguyen_2023,0.01531291922042688,True
CCDB_ECOLI_Tripathi_2016,DYR_ECOLI_Thompson_2019,0.007860167693435338,True
CCDB_ECOLI_Tripathi_2016,ENVZ_ECOLI_Ghose_2023,0.03419211506647457,True
CCDB_ECOLI_Tripathi_2016,ENV_HV1B9_DuenasDecamp_2016,-0.07048351724524926,False
CCDB_ECOLI_Tripathi_2016,F7YBW8_MESOW_Ding_2023,0.10770939727148243,True
CCDB_ECOLI_Tripathi_2016,GAL4_YEAST_Kitzman_2015,-0.005179948652351052,False
CCDB_ECOLI_Tripathi_2016,GFP_AEQVI_Sarkisyan_2016,0.0012953465460080506,True
CCDB_ECOLI_Tripathi_2016,GRB2_HUMAN_Faure_2021,0.011202214933601073,True
CCDB_ECOLI_Tripathi_2016,HECD1_HUMAN_Tsuboyama_2023_3DKM,0.014517525543064264,True
CCDB_ECOLI_Tripathi_2016,HIS7_YEAST_Pokusaeva_2019,-0.09952001011738165,False
CCDB_ECOLI_Tripathi_2016,HSP82_YEAST_Flynn_2019,0.03781830554687304,True
CCDB_ECOLI_Tripathi_2016,HSP82_YEAST_Mishra_2016,0.014022580563947784,True
CCDB_ECOLI_Tripathi_2016,HXK4_HUMAN_Gersing_2023_abundance,0.02305634324976119,True
CCDB_ECOLI_Tripathi_2016,IF1_ECOLI_Kelsic_2016,0.04710544074562151,True
CCDB_ECOLI_Tripathi_2016,ILF3_HUMAN_Tsuboyama_2023_2L33,0.025139413949090694,True
CCDB_ECOLI_Tripathi_2016,KCNE1_HUMAN_Muhammad_2023_expression,-0.020900580318274242,False
CCDB_ECOLI_Tripathi_2016,KKA2_KLEPN_Melnikov_2014,0.028816794918210542,True
CCDB_ECOLI_Tripathi_2016,MAFG_MOUSE_Tsuboyama_2023_1K1V,0.07737722711337258,True
CCDB_ECOLI_Tripathi_2016,MET_HUMAN_Estevam_2023,0.01773107677348995,True
CCDB_ECOLI_Tripathi_2016,MSH2_HUMAN_Jia_2020,0.04337554529492649,True
CCDB_ECOLI_Tripathi_2016,MTH3_HAEAE_RockahShmuel_2015,-0.001023730145879087,False
CCDB_ECOLI_Tripathi_2016,MYO3_YEAST_Tsuboyama_2023_2BTT,-0.023467919647210567,False
CCDB_ECOLI_Tripathi_2016,NKX31_HUMAN_Tsuboyama_2023_2L9R,-0.07571609270442448,False
CCDB_ECOLI_Tripathi_2016,NPC1_HUMAN_Erwood_2022_HEK293T,0.0862315921918313,True
CCDB_ECOLI_Tripathi_2016,NPC1_HUMAN_Erwood_2022_RPE1,0.06558134890576736,True
CCDB_ECOLI_Tripathi_2016,NUD15_HUMAN_Suiter_2020,0.03927475735016772,True
CCDB_ECOLI_Tripathi_2016,NUSG_MYCTU_Tsuboyama_2023_2MI6,0.05410787399543371,True
CCDB_ECOLI_Tripathi_2016,OBSCN_HUMAN_Tsuboyama_2023_1V1C,-0.0033959658445636975,False
CCDB_ECOLI_Tripathi_2016,OTU7A_HUMAN_Tsuboyama_2023_2L2D,-0.0266773014365026,False
CCDB_ECOLI_Tripathi_2016,OXDA_RHOTO_Vanella_2023_activity,0.005227546986514842,True
CCDB_ECOLI_Tripathi_2016,OXDA_RHOTO_Vanella_2023_expression,0.00796019444407814,True
CCDB_ECOLI_Tripathi_2016,P53_HUMAN_Giacomelli_2018_Null_Etoposide,0.05271030811842725,True
CCDB_ECOLI_Tripathi_2016,P53_HUMAN_Giacomelli_2018_WT_Nutlin,0.04778369575570296,True
CCDB_ECOLI_Tripathi_2016,P53_HUMAN_Kotler_2018,0.08136508251629704,True
CCDB_ECOLI_Tripathi_2016,P84126_THETH_Chan_2017,0.060888066126786544,True
CCDB_ECOLI_Tripathi_2016,PABP_YEAST_Melamed_2013,0.018486335491943784,True
CCDB_ECOLI_Tripathi_2016,PKN1_HUMAN_Tsuboyama_2023_1URF,0.0834174631809762,True
CCDB_ECOLI_Tripathi_2016,POLG_HCVJF_Qi_2014,-0.010025980889439401,False
CCDB_ECOLI_Tripathi_2016,POLG_PESV_Tsuboyama_2023_2MXD,0.018346886745346326,True
CCDB_ECOLI_Tripathi_2016,PPARG_HUMAN_Majithia_2016,0.008776375571205142,True
CCDB_ECOLI_Tripathi_2016,PRKN_HUMAN_Clausen_2023,0.028096447301574345,True
CCDB_ECOLI_Tripathi_2016,PSAE_PICP2_Tsuboyama_2023_1PSE,0.060262613177218816,True
CCDB_ECOLI_Tripathi_2016,PTEN_HUMAN_Mighell_2018,0.03349919595280593,True
CCDB_ECOLI_Tripathi_2016,Q2N0S5_9HIV1_Haddox_2018,0.029464627283543043,True
CCDB_ECOLI_Tripathi_2016,Q59976_STRSQ_Romero_2015,0.02635203568092126,True
CCDB_ECOLI_Tripathi_2016,Q8WTC7_9CNID_Somermeyer_2022,-0.019572119832117818,False
CCDB_ECOLI_Tripathi_2016,R1AB_SARS2_Flynn_2022,-0.0075986752862133855,False
CCDB_ECOLI_Tripathi_2016,RASH_HUMAN_Bandaru_2017,0.07562368206822945,True
CCDB_ECOLI_Tripathi_2016,RDRP_I33A0_Li_2023,0.003514334267489913,True
CCDB_ECOLI_Tripathi_2016,RL20_AQUAE_Tsuboyama_2023_1GYZ,0.017519272222309812,True
CCDB_ECOLI_Tripathi_2016,RL40A_YEAST_Mavor_2016,0.04773831522373409,True
CCDB_ECOLI_Tripathi_2016,RL40A_YEAST_Roscoe_2013,0.07400147819007868,True
CCDB_ECOLI_Tripathi_2016,RL40A_YEAST_Roscoe_2014,0.029476173152517826,True
CCDB_ECOLI_Tripathi_2016,RPC1_LAMBD_Li_2019_high-expression,0.05659744389386523,True
CCDB_ECOLI_Tripathi_2016,S22A1_HUMAN_Yee_2023_abundance,0.0466790176092704,True
CCDB_ECOLI_Tripathi_2016,S22A1_HUMAN_Yee_2023_activity,0.0621517734908017,True
CCDB_ECOLI_Tripathi_2016,SDA_BACSU_Tsuboyama_2023_1PV0,0.060218957473155754,True
CCDB_ECOLI_Tripathi_2016,SPG1_STRSG_Olson_2014,-0.06566832500227271,False
CCDB_ECOLI_Tripathi_2016,SPIKE_SARS2_Starr_2020_binding,0.014721480759890188,True
CCDB_ECOLI_Tripathi_2016,SPIKE_SARS2_Starr_2020_expression,0.02075682685721225,True
CCDB_ECOLI_Tripathi_2016,SRC_HUMAN_Ahler_2019,0.041573387285900765,True
CCDB_ECOLI_Tripathi_2016,SUMO1_HUMAN_Weile_2017,0.07283661346208614,True
CCDB_ECOLI_Tripathi_2016,SYUA_HUMAN_Newberry_2020,0.01512065541748564,True
CCDB_ECOLI_Tripathi_2016,TAT_HV1BR_Fernandes_2016,0.0457503772570933,True
CCDB_ECOLI_Tripathi_2016,TCRG1_MOUSE_Tsuboyama_2023_1E0L,0.047358305255345456,True
CCDB_ECOLI_Tripathi_2016,THO1_YEAST_Tsuboyama_2023_2WQG,0.019932273345639406,True
CCDB_ECOLI_Tripathi_2016,TPK1_HUMAN_Weile_2017,0.05205085756175826,True
CCDB_ECOLI_Tripathi_2016,TPMT_HUMAN_Matreyek_2018,0.05038210874737192,True
CCDB_ECOLI_Tripathi_2016,TPOR_HUMAN_Bridgford_2020,0.01087314141520801,True
CCDB_ECOLI_Tripathi_2016,TRPC_SACS2_Chan_2017,0.043914939700933964,True
CCDB_ECOLI_Tripathi_2016,TRPC_THEMA_Chan_2017,0.015271992825909075,True
CCDB_ECOLI_Tripathi_2016,UBE4B_HUMAN_Tsuboyama_2023_3L1X,0.0003558058306327716,True
CCDB_ECOLI_Tripathi_2016,UBE4B_MOUSE_Starita_2013,0.01930784920605988,True
CCDB_ECOLI_Tripathi_2016,VILI_CHICK_Tsuboyama_2023_1YU5,0.009977139589917694,True
CCDB_ECOLI_Tripathi_2016,VKOR1_HUMAN_Chiasson_2020_activity,0.03832018258908576,True
CCDB_ECOLI_Tripathi_2016,VRPI_BPT7_Tsuboyama_2023_2WNM,0.013306701291895706,True
CCDB_ECOLI_Tripathi_2016,YNZC_BACSU_Tsuboyama_2023_2JVD,0.03350535605674709,True
CD19_HUMAN_Klesmith_2019_FMC_singles,CSN4_MOUSE_Tsuboyama_2023_1UFM,0.029204460039747138,True
CD19_HUMAN_Klesmith_2019_FMC_singles,D7PM05_CLYGR_Somermeyer_2022,-0.004469442154613867,False
CD19_HUMAN_Klesmith_2019_FMC_singles,DLG4_RAT_McLaughlin_2012,0.029204460039747138,True
CD19_HUMAN_Klesmith_2019_FMC_singles,DYR_ECOLI_Nguyen_2023,0.01531291922042688,True
CD19_HUMAN_Klesmith_2019_FMC_singles,DYR_ECOLI_Thompson_2019,0.007860167693435338,True
CD19_HUMAN_Klesmith_2019_FMC_singles,ENVZ_ECOLI_Ghose_2023,0.029204460039747138,True
CD19_HUMAN_Klesmith_2019_FMC_singles,ENV_HV1B9_DuenasDecamp_2016,-0.07048351724524926,False
CD19_HUMAN_Klesmith_2019_FMC_singles,F7YBW8_MESOW_Ding_2023,0.029204460039747138,True
CD19_HUMAN_Klesmith_2019_FMC_singles,GAL4_YEAST_Kitzman_2015,-0.005179948652351052,False
CD19_HUMAN_Klesmith_2019_FMC_singles,GFP_AEQVI_Sarkisyan_2016,0.0012953465460080506,True
CD19_HUMAN_Klesmith_2019_FMC_singles,GRB2_HUMAN_Faure_2021,0.011202214933601073,True
CD19_HUMAN_Klesmith_2019_FMC_singles,HECD1_HUMAN_Tsuboyama_2023_3DKM,0.014517525543064264,True
CD19_HUMAN_Klesmith_2019_FMC_singles,HIS7_YEAST_Pokusaeva_2019,-0.09952001011738165,False
CD19_HUMAN_Klesmith_2019_FMC_singles,HSP82_YEAST_Flynn_2019,0.029204460039747138,True
CD19_HUMAN_Klesmith_2019_FMC_singles,HSP82_YEAST_Mishra_2016,0.014022580563947784,True
CD19_HUMAN_Klesmith_2019_FMC_singles,HXK4_HUMAN_Gersing_2023_abundance,0.02305634324976119,True
CD19_HUMAN_Klesmith_2019_FMC_singles,IF1_ECOLI_Kelsic_2016,0.029204460039747138,True
CD19_HUMAN_Klesmith_2019_FMC_singles,ILF3_HUMAN_Tsuboyama_2023_2L33,0.025139413949090694,True
CD19_HUMAN_Klesmith_2019_FMC_singles,KCNE1_HUMAN_Muhammad_2023_expression,-0.020900580318274242,False
CD19_HUMAN_Klesmith_2019_FMC_singles,KKA2_KLEPN_Melnikov_2014,0.028816794918210542,True
CD19_HUMAN_Klesmith_2019_FMC_singles,MAFG_MOUSE_Tsuboyama_2023_1K1V,0.029204460039747138,True
CD19_HUMAN_Klesmith_2019_FMC_singles,MET_HUMAN_Estevam_2023,0.01773107677348995,True
CD19_HUMAN_Klesmith_2019_FMC_singles,MSH2_HUMAN_Jia_2020,0.029204460039747138,True
CD19_HUMAN_Klesmith_2019_FMC_singles,MTH3_HAEAE_RockahShmuel_2015,-0.001023730145879087,False
CD19_HUMAN_Klesmith_2019_FMC_singles,MYO3_YEAST_Tsuboyama_2023_2BTT,-0.023467919647210567,False
CD19_HUMAN_Klesmith_2019_FMC_singles,NKX31_HUMAN_Tsuboyama_2023_2L9R,-0.07571609270442448,False
CD19_HUMAN_Klesmith_2019_FMC_singles,NPC1_HUMAN_Erwood_2022_HEK293T,0.029204460039747138,True
CD19_HUMAN_Klesmith_2019_FMC_singles,NPC1_HUMAN_Erwood_2022_RPE1,0.029204460039747138,True
CD19_HUMAN_Klesmith_2019_FMC_singles,NUD15_HUMAN_Suiter_2020,0.029204460039747138,True
CD19_HUMAN_Klesmith_2019_FMC_singles,NUSG_MYCTU_Tsuboyama_2023_2MI6,0.029204460039747138,True
CD19_HUMAN_Klesmith_2019_FMC_singles,OBSCN_HUMAN_Tsuboyama_2023_1V1C,-0.0033959658445636975,False
CD19_HUMAN_Klesmith_2019_FMC_singles,OTU7A_HUMAN_Tsuboyama_2023_2L2D,-0.0266773014365026,False
CD19_HUMAN_Klesmith_2019_FMC_singles,OXDA_RHOTO_Vanella_2023_activity,0.005227546986514842,True
CD19_HUMAN_Klesmith_2019_FMC_singles,OXDA_RHOTO_Vanella_2023_expression,0.00796019444407814,True
CD19_HUMAN_Klesmith_2019_FMC_singles,P53_HUMAN_Giacomelli_2018_Null_Etoposide,0.029204460039747138,True
CD19_HUMAN_Klesmith_2019_FMC_singles,P53_HUMAN_Giacomelli_2018_WT_Nutlin,0.029204460039747138,True
CD19_HUMAN_Klesmith_2019_FMC_singles,P53_HUMAN_Kotler_2018,0.029204460039747138,True
CD19_HUMAN_Klesmith_2019_FMC_singles,P84126_THETH_Chan_2017,0.029204460039747138,True
CD19_HUMAN_Klesmith_2019_FMC_singles,PABP_YEAST_Melamed_2013,0.018486335491943784,True
CD19_HUMAN_Klesmith_2019_FMC_singles,PKN1_HUMAN_Tsuboyama_2023_1URF,0.029204460039747138,True
CD19_HUMAN_Klesmith_2019_FMC_singles,POLG_HCVJF_Qi_2014,-0.010025980889439401,False
CD19_HUMAN_Klesmith_2019_FMC_singles,POLG_PESV_Tsuboyama_2023_2MXD,0.018346886745346326,True
CD19_HUMAN_Klesmith_2019_FMC_singles,PPARG_HUMAN_Majithia_2016,0.008776375571205142,True
CD19_HUMAN_Klesmith_2019_FMC_singles,PRKN_HUMAN_Clausen_2023,0.028096447301574345,True
CD19_HUMAN_Klesmith_2019_FMC_singles,PSAE_PICP2_Tsuboyama_2023_1PSE,0.029204460039747138,True
CD19_HUMAN_Klesmith_2019_FMC_singles,PTEN_HUMAN_Mighell_2018,0.029204460039747138,True
CD19_HUMAN_Klesmith_2019_FMC_singles,Q2N0S5_9HIV1_Haddox_2018,0.029204460039747138,True
CD19_HUMAN_Klesmith_2019_FMC_singles,Q59976_STRSQ_Romero_2015,0.02635203568092126,True
CD19_HUMAN_Klesmith_2019_FMC_singles,Q8WTC7_9CNID_Somermeyer_2022,-0.019572119832117818,False
CD19_HUMAN_Klesmith_2019_FMC_singles,R1AB_SARS2_Flynn_2022,-0.0075986752862133855,False
CD19_HUMAN_Klesmith_2019_FMC_singles,RASH_HUMAN_Bandaru_2017,0.029204460039747138,True
CD19_HUMAN_Klesmith_2019_FMC_singles,RDRP_I33A0_Li_2023,0.003514334267489913,True
CD19_HUMAN_Klesmith_2019_FMC_singles,RL20_AQUAE_Tsuboyama_2023_1GYZ,0.017519272222309812,True
CD19_HUMAN_Klesmith_2019_FMC_singles,RL40A_YEAST_Mavor_2016,0.029204460039747138,True
CD19_HUMAN_Klesmith_2019_FMC_singles,RL40A_YEAST_Roscoe_2013,0.029204460039747138,True
CD19_HUMAN_Klesmith_2019_FMC_singles,RL40A_YEAST_Roscoe_2014,0.029204460039747138,True
CD19_HUMAN_Klesmith_2019_FMC_singles,RPC1_LAMBD_Li_2019_high-expression,0.029204460039747138,True
CD19_HUMAN_Klesmith_2019_FMC_singles,S22A1_HUMAN_Yee_2023_abundance,0.029204460039747138,True
CD19_HUMAN_Klesmith_2019_FMC_singles,S22A1_HUMAN_Yee_2023_activity,0.029204460039747138,True
CD19_HUMAN_Klesmith_2019_FMC_singles,SDA_BACSU_Tsuboyama_2023_1PV0,0.029204460039747138,True
CD19_HUMAN_Klesmith_2019_FMC_singles,SPG1_STRSG_Olson_2014,-0.06566832500227271,False
CD19_HUMAN_Klesmith_2019_FMC_singles,SPIKE_SARS2_Starr_2020_binding,0.014721480759890188,True
CD19_HUMAN_Klesmith_2019_FMC_singles,SPIKE_SARS2_Starr_2020_expression,0.02075682685721225,True
CD19_HUMAN_Klesmith_2019_FMC_singles,SRC_HUMAN_Ahler_2019,0.029204460039747138,True
CD19_HUMAN_Klesmith_2019_FMC_singles,SUMO1_HUMAN_Weile_2017,0.029204460039747138,True
CD19_HUMAN_Klesmith_2019_FMC_singles,SYUA_HUMAN_Newberry_2020,0.01512065541748564,True
CD19_HUMAN_Klesmith_2019_FMC_singles,TAT_HV1BR_Fernandes_2016,0.029204460039747138,True
CD19_HUMAN_Klesmith_2019_FMC_singles,TCRG1_MOUSE_Tsuboyama_2023_1E0L,0.029204460039747138,True
CD19_HUMAN_Klesmith_2019_FMC_singles,THO1_YEAST_Tsuboyama_2023_2WQG,0.019932273345639406,True
CD19_HUMAN_Klesmith_2019_FMC_singles,TPK1_HUMAN_Weile_2017,0.029204460039747138,True
CD19_HUMAN_Klesmith_2019_FMC_singles,TPMT_HUMAN_Matreyek_2018,0.029204460039747138,True
CD19_HUMAN_Klesmith_2019_FMC_singles,TPOR_HUMAN_Bridgford_2020,0.01087314141520801,True
CD19_HUMAN_Klesmith_2019_FMC_singles,TRPC_SACS2_Chan_2017,0.029204460039747138,True
CD19_HUMAN_Klesmith_2019_FMC_singles,TRPC_THEMA_Chan_2017,0.015271992825909075,True
CD19_HUMAN_Klesmith_2019_FMC_singles,UBE4B_HUMAN_Tsuboyama_2023_3L1X,0.0003558058306327716,True
CD19_HUMAN_Klesmith_2019_FMC_singles,UBE4B_MOUSE_Starita_2013,0.01930784920605988,True
CD19_HUMAN_Klesmith_2019_FMC_singles,VILI_CHICK_Tsuboyama_2023_1YU5,0.009977139589917694,True
CD19_HUMAN_Klesmith_2019_FMC_singles,VKOR1_HUMAN_Chiasson_2020_activity,0.029204460039747138,True
CD19_HUMAN_Klesmith_2019_FMC_singles,VRPI_BPT7_Tsuboyama_2023_2WNM,0.013306701291895706,True
CD19_HUMAN_Klesmith_2019_FMC_singles,YNZC_BACSU_Tsuboyama_2023_2JVD,0.029204460039747138,True
CSN4_MOUSE_Tsuboyama_2023_1UFM,D7PM05_CLYGR_Somermeyer_2022,-0.004469442154613867,False
CSN4_MOUSE_Tsuboyama_2023_1UFM,DLG4_RAT_McLaughlin_2012,0.03395335456756188,True
CSN4_MOUSE_Tsuboyama_2023_1UFM,DYR_ECOLI_Nguyen_2023,0.01531291922042688,True
CSN4_MOUSE_Tsuboyama_2023_1UFM,DYR_ECOLI_Thompson_2019,0.007860167693435338,True
CSN4_MOUSE_Tsuboyama_2023_1UFM,ENVZ_ECOLI_Ghose_2023,0.03419211506647457,True
CSN4_MOUSE_Tsuboyama_2023_1UFM,ENV_HV1B9_DuenasDecamp_2016,-0.07048351724524926,False
CSN4_MOUSE_Tsuboyama_2023_1UFM,F7YBW8_MESOW_Ding_2023,0.042000242214283334,True
CSN4_MOUSE_Tsuboyama_2023_1UFM,GAL4_YEAST_Kitzman_2015,-0.005179948652351052,False
CSN4_MOUSE_Tsuboyama_2023_1UFM,GFP_AEQVI_Sarkisyan_2016,0.0012953465460080506,True
CSN4_MOUSE_Tsuboyama_2023_1UFM,GRB2_HUMAN_Faure_2021,0.011202214933601073,True
CSN4_MOUSE_Tsuboyama_2023_1UFM,HECD1_HUMAN_Tsuboyama_2023_3DKM,0.014517525543064264,True
CSN4_MOUSE_Tsuboyama_2023_1UFM,HIS7_YEAST_Pokusaeva_2019,-0.09952001011738165,False
CSN4_MOUSE_Tsuboyama_2023_1UFM,HSP82_YEAST_Flynn_2019,0.03781830554687304,True
CSN4_MOUSE_Tsuboyama_2023_1UFM,HSP82_YEAST_Mishra_2016,0.014022580563947784,True
CSN4_MOUSE_Tsuboyama_2023_1UFM,HXK4_HUMAN_Gersing_2023_abundance,0.02305634324976119,True
CSN4_MOUSE_Tsuboyama_2023_1UFM,IF1_ECOLI_Kelsic_2016,0.042000242214283334,True
CSN4_MOUSE_Tsuboyama_2023_1UFM,ILF3_HUMAN_Tsuboyama_2023_2L33,0.025139413949090694,True
CSN4_MOUSE_Tsuboyama_2023_1UFM,KCNE1_HUMAN_Muhammad_2023_expression,-0.020900580318274242,False
CSN4_MOUSE_Tsuboyama_2023_1UFM,KKA2_KLEPN_Melnikov_2014,0.028816794918210542,True
CSN4_MOUSE_Tsuboyama_2023_1UFM,MAFG_MOUSE_Tsuboyama_2023_1K1V,0.042000242214283334,True
CSN4_MOUSE_Tsuboyama_2023_1UFM,MET_HUMAN_Estevam_2023,0.01773107677348995,True
CSN4_MOUSE_Tsuboyama_2023_1UFM,MSH2_HUMAN_Jia_2020,0.042000242214283334,True
CSN4_MOUSE_Tsuboyama_2023_1UFM,MTH3_HAEAE_RockahShmuel_2015,-0.001023730145879087,False
CSN4_MOUSE_Tsuboyama_2023_1UFM,MYO3_YEAST_Tsuboyama_2023_2BTT,-0.023467919647210567,False
CSN4_MOUSE_Tsuboyama_2023_1UFM,NKX31_HUMAN_Tsuboyama_2023_2L9R,-0.07571609270442448,False
CSN4_MOUSE_Tsuboyama_2023_1UFM,NPC1_HUMAN_Erwood_2022_HEK293T,0.042000242214283334,True
CSN4_MOUSE_Tsuboyama_2023_1UFM,NPC1_HUMAN_Erwood_2022_RPE1,0.042000242214283334,True
CSN4_MOUSE_Tsuboyama_2023_1UFM,NUD15_HUMAN_Suiter_2020,0.03927475735016772,True
CSN4_MOUSE_Tsuboyama_2023_1UFM,NUSG_MYCTU_Tsuboyama_2023_2MI6,0.042000242214283334,True
CSN4_MOUSE_Tsuboyama_2023_1UFM,OBSCN_HUMAN_Tsuboyama_2023_1V1C,-0.0033959658445636975,False
CSN4_MOUSE_Tsuboyama_2023_1UFM,OTU7A_HUMAN_Tsuboyama_2023_2L2D,-0.0266773014365026,False
CSN4_MOUSE_Tsuboyama_2023_1UFM,OXDA_RHOTO_Vanella_2023_activity,0.005227546986514842,True
CSN4_MOUSE_Tsuboyama_2023_1UFM,OXDA_RHOTO_Vanella_2023_expression,0.00796019444407814,True
CSN4_MOUSE_Tsuboyama_2023_1UFM,P53_HUMAN_Giacomelli_2018_Null_Etoposide,0.042000242214283334,True
CSN4_MOUSE_Tsuboyama_2023_1UFM,P53_HUMAN_Giacomelli_2018_WT_Nutlin,0.042000242214283334,True
CSN4_MOUSE_Tsuboyama_2023_1UFM,P53_HUMAN_Kotler_2018,0.042000242214283334,True
CSN4_MOUSE_Tsuboyama_2023_1UFM,P84126_THETH_Chan_2017,0.042000242214283334,True
CSN4_MOUSE_Tsuboyama_2023_1UFM,PABP_YEAST_Melamed_2013,0.018486335491943784,True
CSN4_MOUSE_Tsuboyama_2023_1UFM,PKN1_HUMAN_Tsuboyama_2023_1URF,0.042000242214283334,True
CSN4_MOUSE_Tsuboyama_2023_1UFM,POLG_HCVJF_Qi_2014,-0.010025980889439401,False
CSN4_MOUSE_Tsuboyama_2023_1UFM,POLG_PESV_Tsuboyama_2023_2MXD,0.018346886745346326,True
CSN4_MOUSE_Tsuboyama_2023_1UFM,PPARG_HUMAN_Majithia_2016,0.008776375571205142,True
CSN4_MOUSE_Tsuboyama_2023_1UFM,PRKN_HUMAN_Clausen_2023,0.028096447301574345,True
CSN4_MOUSE_Tsuboyama_2023_1UFM,PSAE_PICP2_Tsuboyama_2023_1PSE,0.042000242214283334,True
CSN4_MOUSE_Tsuboyama_2023_1UFM,PTEN_HUMAN_Mighell_2018,0.03349919595280593,True
CSN4_MOUSE_Tsuboyama_2023_1UFM,Q2N0S5_9HIV1_Haddox_2018,0.029464627283543043,True
CSN4_MOUSE_Tsuboyama_2023_1UFM,Q59976_STRSQ_Romero_2015,0.02635203568092126,True
CSN4_MOUSE_Tsuboyama_2023_1UFM,Q8WTC7_9CNID_Somermeyer_2022,-0.019572119832117818,False
CSN4_MOUSE_Tsuboyama_2023_1UFM,R1AB_SARS2_Flynn_2022,-0.0075986752862133855,False
CSN4_MOUSE_Tsuboyama_2023_1UFM,RASH_HUMAN_Bandaru_2017,0.042000242214283334,True
CSN4_MOUSE_Tsuboyama_2023_1UFM,RDRP_I33A0_Li_2023,0.003514334267489913,True
CSN4_MOUSE_Tsuboyama_2023_1UFM,RL20_AQUAE_Tsuboyama_2023_1GYZ,0.017519272222309812,True
CSN4_MOUSE_Tsuboyama_2023_1UFM,RL40A_YEAST_Mavor_2016,0.042000242214283334,True
CSN4_MOUSE_Tsuboyama_2023_1UFM,RL40A_YEAST_Roscoe_2013,0.042000242214283334,True
CSN4_MOUSE_Tsuboyama_2023_1UFM,RL40A_YEAST_Roscoe_2014,0.029476173152517826,True
CSN4_MOUSE_Tsuboyama_2023_1UFM,RPC1_LAMBD_Li_2019_high-expression,0.042000242214283334,True
CSN4_MOUSE_Tsuboyama_2023_1UFM,S22A1_HUMAN_Yee_2023_abundance,0.042000242214283334,True
CSN4_MOUSE_Tsuboyama_2023_1UFM,S22A1_HUMAN_Yee_2023_activity,0.042000242214283334,True
CSN4_MOUSE_Tsuboyama_2023_1UFM,SDA_BACSU_Tsuboyama_2023_1PV0,0.042000242214283334,True
CSN4_MOUSE_Tsuboyama_2023_1UFM,SPG1_STRSG_Olson_2014,-0.06566832500227271,False
CSN4_MOUSE_Tsuboyama_2023_1UFM,SPIKE_SARS2_Starr_2020_binding,0.014721480759890188,True
CSN4_MOUSE_Tsuboyama_2023_1UFM,SPIKE_SARS2_Starr_2020_expression,0.02075682685721225,True
CSN4_MOUSE_Tsuboyama_2023_1UFM,SRC_HUMAN_Ahler_2019,0.041573387285900765,True
CSN4_MOUSE_Tsuboyama_2023_1UFM,SUMO1_HUMAN_Weile_2017,0.042000242214283334,True
CSN4_MOUSE_Tsuboyama_2023_1UFM,SYUA_HUMAN_Newberry_2020,0.01512065541748564,True
CSN4_MOUSE_Tsuboyama_2023_1UFM,TAT_HV1BR_Fernandes_2016,0.042000242214283334,True
CSN4_MOUSE_Tsuboyama_2023_1UFM,TCRG1_MOUSE_Tsuboyama_2023_1E0L,0.042000242214283334,True
CSN4_MOUSE_Tsuboyama_2023_1UFM,THO1_YEAST_Tsuboyama_2023_2WQG,0.019932273345639406,True
CSN4_MOUSE_Tsuboyama_2023_1UFM,TPK1_HUMAN_Weile_2017,0.042000242214283334,True
CSN4_MOUSE_Tsuboyama_2023_1UFM,TPMT_HUMAN_Matreyek_2018,0.042000242214283334,True
CSN4_MOUSE_Tsuboyama_2023_1UFM,TPOR_HUMAN_Bridgford_2020,0.01087314141520801,True
CSN4_MOUSE_Tsuboyama_2023_1UFM,TRPC_SACS2_Chan_2017,0.042000242214283334,True
CSN4_MOUSE_Tsuboyama_2023_1UFM,TRPC_THEMA_Chan_2017,0.015271992825909075,True
CSN4_MOUSE_Tsuboyama_2023_1UFM,UBE4B_HUMAN_Tsuboyama_2023_3L1X,0.0003558058306327716,True
CSN4_MOUSE_Tsuboyama_2023_1UFM,UBE4B_MOUSE_Starita_2013,0.01930784920605988,True
CSN4_MOUSE_Tsuboyama_2023_1UFM,VILI_CHICK_Tsuboyama_2023_1YU5,0.009977139589917694,True
CSN4_MOUSE_Tsuboyama_2023_1UFM,VKOR1_HUMAN_Chiasson_2020_activity,0.03832018258908576,True
CSN4_MOUSE_Tsuboyama_2023_1UFM,VRPI_BPT7_Tsuboyama_2023_2WNM,0.013306701291895706,True
CSN4_MOUSE_Tsuboyama_2023_1UFM,YNZC_BACSU_Tsuboyama_2023_2JVD,0.03350535605674709,True
D7PM05_CLYGR_Somermeyer_2022,DLG4_RAT_McLaughlin_2012,-0.004469442154613867,False
D7PM05_CLYGR_Somermeyer_2022,DYR_ECOLI_Nguyen_2023,-0.004469442154613867,False
D7PM05_CLYGR_Somermeyer_2022,DYR_ECOLI_Thompson_2019,-0.004469442154613867,False
D7PM05_CLYGR_Somermeyer_2022,ENVZ_ECOLI_Ghose_2023,-0.004469442154613867,False
D7PM05_CLYGR_Somermeyer_2022,ENV_HV1B9_DuenasDecamp_2016,-0.07048351724524926,False
D7PM05_CLYGR_Somermeyer_2022,F7YBW8_MESOW_Ding_2023,-0.004469442154613867,False
D7PM05_CLYGR_Somermeyer_2022,GAL4_YEAST_Kitzman_2015,-0.005179948652351052,False
D7PM05_CLYGR_Somermeyer_2022,GFP_AEQVI_Sarkisyan_2016,-0.004469442154613867,False
D7PM05_CLYGR_Somermeyer_2022,GRB2_HUMAN_Faure_2021,-0.004469442154613867,False
D7PM05_CLYGR_Somermeyer_2022,HECD1_HUMAN_Tsuboyama_2023_3DKM,-0.004469442154613867,False
D7PM05_CLYGR_Somermeyer_2022,HIS7_YEAST_Pokusaeva_2019,-0.09952001011738165,False
D7PM05_CLYGR_Somermeyer_2022,HSP82_YEAST_Flynn_2019,-0.004469442154613867,False
D7PM05_CLYGR_Somermeyer_2022,HSP82_YEAST_Mishra_2016,-0.004469442154613867,False
D7PM05_CLYGR_Somermeyer_2022,HXK4_HUMAN_Gersing_2023_abundance,-0.004469442154613867,False
D7PM05_CLYGR_Somermeyer_2022,IF1_ECOLI_Kelsic_2016,-0.004469442154613867,False
D7PM05_CLYGR_Somermeyer_2022,ILF3_HUMAN_Tsuboyama_2023_2L33,-0.004469442154613867,False
D7PM05_CLYGR_Somermeyer_2022,KCNE1_HUMAN_Muhammad_2023_expression,-0.020900580318274242,False
D7PM05_CLYGR_Somermeyer_2022,KKA2_KLEPN_Melnikov_2014,-0.004469442154613867,False
D7PM05_CLYGR_Somermeyer_2022,MAFG_MOUSE_Tsuboyama_2023_1K1V,-0.004469442154613867,False
D7PM05_CLYGR_Somermeyer_2022,MET_HUMAN_Estevam_2023,-0.004469442154613867,False
D7PM05_CLYGR_Somermeyer_2022,MSH2_HUMAN_Jia_2020,-0.004469442154613867,False
D7PM05_CLYGR_Somermeyer_2022,MTH3_HAEAE_RockahShmuel_2015,-0.004469442154613867,False
D7PM05_CLYGR_Somermeyer_2022,MYO3_YEAST_Tsuboyama_2023_2BTT,-0.023467919647210567,False
D7PM05_CLYGR_Somermeyer_2022,NKX31_HUMAN_Tsuboyama_2023_2L9R,-0.07571609270442448,False
D7PM05_CLYGR_Somermeyer_2022,NPC1_HUMAN_Erwood_2022_HEK293T,-0.004469442154613867,False
D7PM05_CLYGR_Somermeyer_2022,NPC1_HUMAN_Erwood_2022_RPE1,-0.004469442154613867,False
D7PM05_CLYGR_Somermeyer_2022,NUD15_HUMAN_Suiter_2020,-0.004469442154613867,False
D7PM05_CLYGR_Somermeyer_2022,NUSG_MYCTU_Tsuboyama_2023_2MI6,-0.004469442154613867,False
D7PM05_CLYGR_Somermeyer_2022,OBSCN_HUMAN_Tsuboyama_2023_1V1C,-0.004469442154613867,False
D7PM05_CLYGR_Somermeyer_2022,OTU7A_HUMAN_Tsuboyama_2023_2L2D,-0.0266773014365026,False
D7PM05_CLYGR_Somermeyer_2022,OXDA_RHOTO_Vanella_2023_activity,-0.004469442154613867,False
D7PM05_CLYGR_Somermeyer_2022,OXDA_RHOTO_Vanella_2023_expression,-0.004469442154613867,False
D7PM05_CLYGR_Somermeyer_2022,P53_HUMAN_Giacomelli_2018_Null_Etoposide,-0.004469442154613867,False
D7PM05_CLYGR_Somermeyer_2022,P53_HUMAN_Giacomelli_2018_WT_Nutlin,-0.004469442154613867,False
D7PM05_CLYGR_Somermeyer_2022,P53_HUMAN_Kotler_2018,-0.004469442154613867,False
D7PM05_CLYGR_Somermeyer_2022,P84126_THETH_Chan_2017,-0.004469442154613867,False
D7PM05_CLYGR_Somermeyer_2022,PABP_YEAST_Melamed_2013,-0.004469442154613867,False
D7PM05_CLYGR_Somermeyer_2022,PKN1_HUMAN_Tsuboyama_2023_1URF,-0.004469442154613867,False
D7PM05_CLYGR_Somermeyer_2022,POLG_HCVJF_Qi_2014,-0.010025980889439401,False
D7PM05_CLYGR_Somermeyer_2022,POLG_PESV_Tsuboyama_2023_2MXD,-0.004469442154613867,False
D7PM05_CLYGR_Somermeyer_2022,PPARG_HUMAN_Majithia_2016,-0.004469442154613867,False
D7PM05_CLYGR_Somermeyer_2022,PRKN_HUMAN_Clausen_2023,-0.004469442154613867,False
D7PM05_CLYGR_Somermeyer_2022,PSAE_PICP2_Tsuboyama_2023_1PSE,-0.004469442154613867,False
D7PM05_CLYGR_Somermeyer_2022,PTEN_HUMAN_Mighell_2018,-0.004469442154613867,False
D7PM05_CLYGR_Somermeyer_2022,Q2N0S5_9HIV1_Haddox_2018,-0.004469442154613867,False
D7PM05_CLYGR_Somermeyer_2022,Q59976_STRSQ_Romero_2015,-0.004469442154613867,False
D7PM05_CLYGR_Somermeyer_2022,Q8WTC7_9CNID_Somermeyer_2022,-0.019572119832117818,False
D7PM05_CLYGR_Somermeyer_2022,R1AB_SARS2_Flynn_2022,-0.0075986752862133855,False
D7PM05_CLYGR_Somermeyer_2022,RASH_HUMAN_Bandaru_2017,-0.004469442154613867,False
D7PM05_CLYGR_Somermeyer_2022,RDRP_I33A0_Li_2023,-0.004469442154613867,False
D7PM05_CLYGR_Somermeyer_2022,RL20_AQUAE_Tsuboyama_2023_1GYZ,-0.004469442154613867,False
D7PM05_CLYGR_Somermeyer_2022,RL40A_YEAST_Mavor_2016,-0.004469442154613867,False
D7PM05_CLYGR_Somermeyer_2022,RL40A_YEAST_Roscoe_2013,-0.004469442154613867,False
D7PM05_CLYGR_Somermeyer_2022,RL40A_YEAST_Roscoe_2014,-0.004469442154613867,False
D7PM05_CLYGR_Somermeyer_2022,RPC1_LAMBD_Li_2019_high-expression,-0.004469442154613867,False
D7PM05_CLYGR_Somermeyer_2022,S22A1_HUMAN_Yee_2023_abundance,-0.004469442154613867,False
D7PM05_CLYGR_Somermeyer_2022,S22A1_HUMAN_Yee_2023_activity,-0.004469442154613867,False
D7PM05_CLYGR_Somermeyer_2022,SDA_BACSU_Tsuboyama_2023_1PV0,-0.004469442154613867,False
D7PM05_CLYGR_Somermeyer_2022,SPG1_STRSG_Olson_2014,-0.06566832500227271,False
D7PM05_CLYGR_Somermeyer_2022,SPIKE_SARS2_Starr_2020_binding,-0.004469442154613867,False
D7PM05_CLYGR_Somermeyer_2022,SPIKE_SARS2_Starr_2020_expression,-0.004469442154613867,False
D7PM05_CLYGR_Somermeyer_2022,SRC_HUMAN_Ahler_2019,-0.004469442154613867,False
D7PM05_CLYGR_Somermeyer_2022,SUMO1_HUMAN_Weile_2017,-0.004469442154613867,False
D7PM05_CLYGR_Somermeyer_2022,SYUA_HUMAN_Newberry_2020,-0.004469442154613867,False
D7PM05_CLYGR_Somermeyer_2022,TAT_HV1BR_Fernandes_2016,-0.004469442154613867,False
D7PM05_CLYGR_Somermeyer_2022,TCRG1_MOUSE_Tsuboyama_2023_1E0L,-0.004469442154613867,False
D7PM05_CLYGR_Somermeyer_2022,THO1_YEAST_Tsuboyama_2023_2WQG,-0.004469442154613867,False
D7PM05_CLYGR_Somermeyer_2022,TPK1_HUMAN_Weile_2017,-0.004469442154613867,False
D7PM05_CLYGR_Somermeyer_2022,TPMT_HUMAN_Matreyek_2018,-0.004469442154613867,False
D7PM05_CLYGR_Somermeyer_2022,TPOR_HUMAN_Bridgford_2020,-0.004469442154613867,False
D7PM05_CLYGR_Somermeyer_2022,TRPC_SACS2_Chan_2017,-0.004469442154613867,False
D7PM05_CLYGR_Somermeyer_2022,TRPC_THEMA_Chan_2017,-0.004469442154613867,False
D7PM05_CLYGR_Somermeyer_2022,UBE4B_HUMAN_Tsuboyama_2023_3L1X,-0.004469442154613867,False
D7PM05_CLYGR_Somermeyer_2022,UBE4B_MOUSE_Starita_2013,-0.004469442154613867,False
D7PM05_CLYGR_Somermeyer_2022,VILI_CHICK_Tsuboyama_2023_1YU5,-0.004469442154613867,False
D7PM05_CLYGR_Somermeyer_2022,VKOR1_HUMAN_Chiasson_2020_activity,-0.004469442154613867,False
D7PM05_CLYGR_Somermeyer_2022,VRPI_BPT7_Tsuboyama_2023_2WNM,-0.004469442154613867,False
D7PM05_CLYGR_Somermeyer_2022,YNZC_BACSU_Tsuboyama_2023_2JVD,-0.004469442154613867,False
DLG4_RAT_McLaughlin_2012,DYR_ECOLI_Nguyen_2023,0.01531291922042688,True
DLG4_RAT_McLaughlin_2012,DYR_ECOLI_Thompson_2019,0.007860167693435338,True
DLG4_RAT_McLaughlin_2012,ENVZ_ECOLI_Ghose_2023,0.03395335456756188,True
DLG4_RAT_McLaughlin_2012,ENV_HV1B9_DuenasDecamp_2016,-0.07048351724524926,False
DLG4_RAT_McLaughlin_2012,F7YBW8_MESOW_Ding_2023,0.03395335456756188,True
DLG4_RAT_McLaughlin_2012,GAL4_YEAST_Kitzman_2015,-0.005179948652351052,False
DLG4_RAT_McLaughlin_2012,GFP_AEQVI_Sarkisyan_2016,0.0012953465460080506,True
DLG4_RAT_McLaughlin_2012,GRB2_HUMAN_Faure_2021,0.011202214933601073,True
DLG4_RAT_McLaughlin_2012,HECD1_HUMAN_Tsuboyama_2023_3DKM,0.014517525543064264,True
DLG4_RAT_McLaughlin_2012,HIS7_YEAST_Pokusaeva_2019,-0.09952001011738165,False
DLG4_RAT_McLaughlin_2012,HSP82_YEAST_Flynn_2019,0.03395335456756188,True
DLG4_RAT_McLaughlin_2012,HSP82_YEAST_Mishra_2016,0.014022580563947784,True
DLG4_RAT_McLaughlin_2012,HXK4_HUMAN_Gersing_2023_abundance,0.02305634324976119,True
DLG4_RAT_McLaughlin_2012,IF1_ECOLI_Kelsic_2016,0.03395335456756188,True
DLG4_RAT_McLaughlin_2012,ILF3_HUMAN_Tsuboyama_2023_2L33,0.025139413949090694,True
DLG4_RAT_McLaughlin_2012,KCNE1_HUMAN_Muhammad_2023_expression,-0.020900580318274242,False
DLG4_RAT_McLaughlin_2012,KKA2_KLEPN_Melnikov_2014,0.028816794918210542,True
DLG4_RAT_McLaughlin_2012,MAFG_MOUSE_Tsuboyama_2023_1K1V,0.03395335456756188,True
DLG4_RAT_McLaughlin_2012,MET_HUMAN_Estevam_2023,0.01773107677348995,True
DLG4_RAT_McLaughlin_2012,MSH2_HUMAN_Jia_2020,0.03395335456756188,True
DLG4_RAT_McLaughlin_2012,MTH3_HAEAE_RockahShmuel_2015,-0.001023730145879087,False
DLG4_RAT_McLaughlin_2012,MYO3_YEAST_Tsuboyama_2023_2BTT,-0.023467919647210567,False
DLG4_RAT_McLaughlin_2012,NKX31_HUMAN_Tsuboyama_2023_2L9R,-0.07571609270442448,False
DLG4_RAT_McLaughlin_2012,NPC1_HUMAN_Erwood_2022_HEK293T,0.03395335456756188,True
DLG4_RAT_McLaughlin_2012,NPC1_HUMAN_Erwood_2022_RPE1,0.03395335456756188,True
DLG4_RAT_McLaughlin_2012,NUD15_HUMAN_Suiter_2020,0.03395335456756188,True
DLG4_RAT_McLaughlin_2012,NUSG_MYCTU_Tsuboyama_2023_2MI6,0.03395335456756188,True
DLG4_RAT_McLaughlin_2012,OBSCN_HUMAN_Tsuboyama_2023_1V1C,-0.0033959658445636975,False
DLG4_RAT_McLaughlin_2012,OTU7A_HUMAN_Tsuboyama_2023_2L2D,-0.0266773014365026,False
DLG4_RAT_McLaughlin_2012,OXDA_RHOTO_Vanella_2023_activity,0.005227546986514842,True
DLG4_RAT_McLaughlin_2012,OXDA_RHOTO_Vanella_2023_expression,0.00796019444407814,True
DLG4_RAT_McLaughlin_2012,P53_HUMAN_Giacomelli_2018_Null_Etoposide,0.03395335456756188,True
DLG4_RAT_McLaughlin_2012,P53_HUMAN_Giacomelli_2018_WT_Nutlin,0.03395335456756188,True
DLG4_RAT_McLaughlin_2012,P53_HUMAN_Kotler_2018,0.03395335456756188,True
DLG4_RAT_McLaughlin_2012,P84126_THETH_Chan_2017,0.03395335456756188,True
DLG4_RAT_McLaughlin_2012,PABP_YEAST_Melamed_2013,0.018486335491943784,True
DLG4_RAT_McLaughlin_2012,PKN1_HUMAN_Tsuboyama_2023_1URF,0.03395335456756188,True
DLG4_RAT_McLaughlin_2012,POLG_HCVJF_Qi_2014,-0.010025980889439401,False
DLG4_RAT_McLaughlin_2012,POLG_PESV_Tsuboyama_2023_2MXD,0.018346886745346326,True
DLG4_RAT_McLaughlin_2012,PPARG_HUMAN_Majithia_2016,0.008776375571205142,True
DLG4_RAT_McLaughlin_2012,PRKN_HUMAN_Clausen_2023,0.028096447301574345,True
DLG4_RAT_McLaughlin_2012,PSAE_PICP2_Tsuboyama_2023_1PSE,0.03395335456756188,True
DLG4_RAT_McLaughlin_2012,PTEN_HUMAN_Mighell_2018,0.03349919595280593,True
DLG4_RAT_McLaughlin_2012,Q2N0S5_9HIV1_Haddox_2018,0.029464627283543043,True
DLG4_RAT_McLaughlin_2012,Q59976_STRSQ_Romero_2015,0.02635203568092126,True
DLG4_RAT_McLaughlin_2012,Q8WTC7_9CNID_Somermeyer_2022,-0.019572119832117818,False
DLG4_RAT_McLaughlin_2012,R1AB_SARS2_Flynn_2022,-0.0075986752862133855,False
DLG4_RAT_McLaughlin_2012,RASH_HUMAN_Bandaru_2017,0.03395335456756188,True
DLG4_RAT_McLaughlin_2012,RDRP_I33A0_Li_2023,0.003514334267489913,True
DLG4_RAT_McLaughlin_2012,RL20_AQUAE_Tsuboyama_2023_1GYZ,0.017519272222309812,True
DLG4_RAT_McLaughlin_2012,RL40A_YEAST_Mavor_2016,0.03395335456756188,True
DLG4_RAT_McLaughlin_2012,RL40A_YEAST_Roscoe_2013,0.03395335456756188,True
DLG4_RAT_McLaughlin_2012,RL40A_YEAST_Roscoe_2014,0.029476173152517826,True
DLG4_RAT_McLaughlin_2012,RPC1_LAMBD_Li_2019_high-expression,0.03395335456756188,True
DLG4_RAT_McLaughlin_2012,S22A1_HUMAN_Yee_2023_abundance,0.03395335456756188,True
DLG4_RAT_McLaughlin_2012,S22A1_HUMAN_Yee_2023_activity,0.03395335456756188,True
DLG4_RAT_McLaughlin_2012,SDA_BACSU_Tsuboyama_2023_1PV0,0.03395335456756188,True
DLG4_RAT_McLaughlin_2012,SPG1_STRSG_Olson_2014,-0.06566832500227271,False
DLG4_RAT_McLaughlin_2012,SPIKE_SARS2_Starr_2020_binding,0.014721480759890188,True
DLG4_RAT_McLaughlin_2012,SPIKE_SARS2_Starr_2020_expression,0.02075682685721225,True
DLG4_RAT_McLaughlin_2012,SRC_HUMAN_Ahler_2019,0.03395335456756188,True
DLG4_RAT_McLaughlin_2012,SUMO1_HUMAN_Weile_2017,0.03395335456756188,True
DLG4_RAT_McLaughlin_2012,SYUA_HUMAN_Newberry_2020,0.01512065541748564,True
DLG4_RAT_McLaughlin_2012,TAT_HV1BR_Fernandes_2016,0.03395335456756188,True
DLG4_RAT_McLaughlin_2012,TCRG1_MOUSE_Tsuboyama_2023_1E0L,0.03395335456756188,True
DLG4_RAT_McLaughlin_2012,THO1_YEAST_Tsuboyama_2023_2WQG,0.019932273345639406,True
DLG4_RAT_McLaughlin_2012,TPK1_HUMAN_Weile_2017,0.03395335456756188,True
DLG4_RAT_McLaughlin_2012,TPMT_HUMAN_Matreyek_2018,0.03395335456756188,True
DLG4_RAT_McLaughlin_2012,TPOR_HUMAN_Bridgford_2020,0.01087314141520801,True
DLG4_RAT_McLaughlin_2012,TRPC_SACS2_Chan_2017,0.03395335456756188,True
DLG4_RAT_McLaughlin_2012,TRPC_THEMA_Chan_2017,0.015271992825909075,True
DLG4_RAT_McLaughlin_2012,UBE4B_HUMAN_Tsuboyama_2023_3L1X,0.0003558058306327716,True
DLG4_RAT_McLaughlin_2012,UBE4B_MOUSE_Starita_2013,0.01930784920605988,True
DLG4_RAT_McLaughlin_2012,VILI_CHICK_Tsuboyama_2023_1YU5,0.009977139589917694,True
DLG4_RAT_McLaughlin_2012,VKOR1_HUMAN_Chiasson_2020_activity,0.03395335456756188,True
DLG4_RAT_McLaughlin_2012,VRPI_BPT7_Tsuboyama_2023_2WNM,0.013306701291895706,True
DLG4_RAT_McLaughlin_2012,YNZC_BACSU_Tsuboyama_2023_2JVD,0.03350535605674709,True
DYR_ECOLI_Nguyen_2023,DYR_ECOLI_Thompson_2019,0.007860167693435338,True
DYR_ECOLI_Nguyen_2023,ENVZ_ECOLI_Ghose_2023,0.01531291922042688,True
DYR_ECOLI_Nguyen_2023,ENV_HV1B9_DuenasDecamp_2016,-0.07048351724524926,False
DYR_ECOLI_Nguyen_2023,F7YBW8_MESOW_Ding_2023,0.01531291922042688,True
DYR_ECOLI_Nguyen_2023,GAL4_YEAST_Kitzman_2015,-0.005179948652351052,False
DYR_ECOLI_Nguyen_2023,GFP_AEQVI_Sarkisyan_2016,0.0012953465460080506,True
DYR_ECOLI_Nguyen_2023,GRB2_HUMAN_Faure_2021,0.011202214933601073,True
DYR_ECOLI_Nguyen_2023,HECD1_HUMAN_Tsuboyama_2023_3DKM,0.014517525543064264,True
DYR_ECOLI_Nguyen_2023,HIS7_YEAST_Pokusaeva_2019,-0.09952001011738165,False
DYR_ECOLI_Nguyen_2023,HSP82_YEAST_Flynn_2019,0.01531291922042688,True
DYR_ECOLI_Nguyen_2023,HSP82_YEAST_Mishra_2016,0.014022580563947784,True
DYR_ECOLI_Nguyen_2023,HXK4_HUMAN_Gersing_2023_abundance,0.01531291922042688,True
DYR_ECOLI_Nguyen_2023,IF1_ECOLI_Kelsic_2016,0.01531291922042688,True
DYR_ECOLI_Nguyen_2023,ILF3_HUMAN_Tsuboyama_2023_2L33,0.01531291922042688,True
DYR_ECOLI_Nguyen_2023,KCNE1_HUMAN_Muhammad_2023_expression,-0.020900580318274242,False
DYR_ECOLI_Nguyen_2023,KKA2_KLEPN_Melnikov_2014,0.01531291922042688,True
DYR_ECOLI_Nguyen_2023,MAFG_MOUSE_Tsuboyama_2023_1K1V,0.01531291922042688,True
DYR_ECOLI_Nguyen_2023,MET_HUMAN_Estevam_2023,0.01531291922042688,True
DYR_ECOLI_Nguyen_2023,MSH2_HUMAN_Jia_2020,0.01531291922042688,True
DYR_ECOLI_Nguyen_2023,MTH3_HAEAE_RockahShmuel_2015,-0.001023730145879087,False
DYR_ECOLI_Nguyen_2023,MYO3_YEAST_Tsuboyama_2023_2BTT,-0.023467919647210567,False
DYR_ECOLI_Nguyen_2023,NKX31_HUMAN_Tsuboyama_2023_2L9R,-0.07571609270442448,False
DYR_ECOLI_Nguyen_2023,NPC1_HUMAN_Erwood_2022_HEK293T,0.01531291922042688,True
DYR_ECOLI_Nguyen_2023,NPC1_HUMAN_Erwood_2022_RPE1,0.01531291922042688,True
DYR_ECOLI_Nguyen_2023,NUD15_HUMAN_Suiter_2020,0.01531291922042688,True
DYR_ECOLI_Nguyen_2023,NUSG_MYCTU_Tsuboyama_2023_2MI6,0.01531291922042688,True
DYR_ECOLI_Nguyen_2023,OBSCN_HUMAN_Tsuboyama_2023_1V1C,-0.0033959658445636975,False
DYR_ECOLI_Nguyen_2023,OTU7A_HUMAN_Tsuboyama_2023_2L2D,-0.0266773014365026,False
DYR_ECOLI_Nguyen_2023,OXDA_RHOTO_Vanella_2023_activity,0.005227546986514842,True
DYR_ECOLI_Nguyen_2023,OXDA_RHOTO_Vanella_2023_expression,0.00796019444407814,True
DYR_ECOLI_Nguyen_2023,P53_HUMAN_Giacomelli_2018_Null_Etoposide,0.01531291922042688,True
DYR_ECOLI_Nguyen_2023,P53_HUMAN_Giacomelli_2018_WT_Nutlin,0.01531291922042688,True
DYR_ECOLI_Nguyen_2023,P53_HUMAN_Kotler_2018,0.01531291922042688,True
DYR_ECOLI_Nguyen_2023,P84126_THETH_Chan_2017,0.01531291922042688,True
DYR_ECOLI_Nguyen_2023,PABP_YEAST_Melamed_2013,0.01531291922042688,True
DYR_ECOLI_Nguyen_2023,PKN1_HUMAN_Tsuboyama_2023_1URF,0.01531291922042688,True
DYR_ECOLI_Nguyen_2023,POLG_HCVJF_Qi_2014,-0.010025980889439401,False
DYR_ECOLI_Nguyen_2023,POLG_PESV_Tsuboyama_2023_2MXD,0.01531291922042688,True
DYR_ECOLI_Nguyen_2023,PPARG_HUMAN_Majithia_2016,0.008776375571205142,True
DYR_ECOLI_Nguyen_2023,PRKN_HUMAN_Clausen_2023,0.01531291922042688,True
DYR_ECOLI_Nguyen_2023,PSAE_PICP2_Tsuboyama_2023_1PSE,0.01531291922042688,True
DYR_ECOLI_Nguyen_2023,PTEN_HUMAN_Mighell_2018,0.01531291922042688,True
DYR_ECOLI_Nguyen_2023,Q2N0S5_9HIV1_Haddox_2018,0.01531291922042688,True
DYR_ECOLI_Nguyen_2023,Q59976_STRSQ_Romero_2015,0.01531291922042688,True
DYR_ECOLI_Nguyen_2023,Q8WTC7_9CNID_Somermeyer_2022,-0.019572119832117818,False
DYR_ECOLI_Nguyen_2023,R1AB_SARS2_Flynn_2022,-0.0075986752862133855,False
DYR_ECOLI_Nguyen_2023,RASH_HUMAN_Bandaru_2017,0.01531291922042688,True
DYR_ECOLI_Nguyen_2023,RDRP_I33A0_Li_2023,0.003514334267489913,True
DYR_ECOLI_Nguyen_2023,RL20_AQUAE_Tsuboyama_2023_1GYZ,0.01531291922042688,True
DYR_ECOLI_Nguyen_2023,RL40A_YEAST_Mavor_2016,0.01531291922042688,True
DYR_ECOLI_Nguyen_2023,RL40A_YEAST_Roscoe_2013,0.01531291922042688,True
DYR_ECOLI_Nguyen_2023,RL40A_YEAST_Roscoe_2014,0.01531291922042688,True
DYR_ECOLI_Nguyen_2023,RPC1_LAMBD_Li_2019_high-expression,0.01531291922042688,True
DYR_ECOLI_Nguyen_2023,S22A1_HUMAN_Yee_2023_abundance,0.01531291922042688,True
DYR_ECOLI_Nguyen_2023,S22A1_HUMAN_Yee_2023_activity,0.01531291922042688,True
DYR_ECOLI_Nguyen_2023,SDA_BACSU_Tsuboyama_2023_1PV0,0.01531291922042688,True
DYR_ECOLI_Nguyen_2023,SPG1_STRSG_Olson_2014,-0.06566832500227271,False
DYR_ECOLI_Nguyen_2023,SPIKE_SARS2_Starr_2020_binding,0.014721480759890188,True
DYR_ECOLI_Nguyen_2023,SPIKE_SARS2_Starr_2020_expression,0.01531291922042688,True
DYR_ECOLI_Nguyen_2023,SRC_HUMAN_Ahler_2019,0.01531291922042688,True
DYR_ECOLI_Nguyen_2023,SUMO1_HUMAN_Weile_2017,0.01531291922042688,True
DYR_ECOLI_Nguyen_2023,SYUA_HUMAN_Newberry_2020,0.01512065541748564,True
DYR_ECOLI_Nguyen_2023,TAT_HV1BR_Fernandes_2016,0.01531291922042688,True
DYR_ECOLI_Nguyen_2023,TCRG1_MOUSE_Tsuboyama_2023_1E0L,0.01531291922042688,True
DYR_ECOLI_Nguyen_2023,THO1_YEAST_Tsuboyama_2023_2WQG,0.01531291922042688,True
DYR_ECOLI_Nguyen_2023,TPK1_HUMAN_Weile_2017,0.01531291922042688,True
DYR_ECOLI_Nguyen_2023,TPMT_HUMAN_Matreyek_2018,0.01531291922042688,True
DYR_ECOLI_Nguyen_2023,TPOR_HUMAN_Bridgford_2020,0.01087314141520801,True
DYR_ECOLI_Nguyen_2023,TRPC_SACS2_Chan_2017,0.01531291922042688,True
DYR_ECOLI_Nguyen_2023,TRPC_THEMA_Chan_2017,0.015271992825909075,True
DYR_ECOLI_Nguyen_2023,UBE4B_HUMAN_Tsuboyama_2023_3L1X,0.0003558058306327716,True
DYR_ECOLI_Nguyen_2023,UBE4B_MOUSE_Starita_2013,0.01531291922042688,True
DYR_ECOLI_Nguyen_2023,VILI_CHICK_Tsuboyama_2023_1YU5,0.009977139589917694,True
DYR_ECOLI_Nguyen_2023,VKOR1_HUMAN_Chiasson_2020_activity,0.01531291922042688,True
DYR_ECOLI_Nguyen_2023,VRPI_BPT7_Tsuboyama_2023_2WNM,0.013306701291895706,True
DYR_ECOLI_Nguyen_2023,YNZC_BACSU_Tsuboyama_2023_2JVD,0.01531291922042688,True
DYR_ECOLI_Thompson_2019,ENVZ_ECOLI_Ghose_2023,0.007860167693435338,True
DYR_ECOLI_Thompson_2019,ENV_HV1B9_DuenasDecamp_2016,-0.07048351724524926,False
DYR_ECOLI_Thompson_2019,F7YBW8_MESOW_Ding_2023,0.007860167693435338,True
DYR_ECOLI_Thompson_2019,GAL4_YEAST_Kitzman_2015,-0.005179948652351052,False
DYR_ECOLI_Thompson_2019,GFP_AEQVI_Sarkisyan_2016,0.0012953465460080506,True
DYR_ECOLI_Thompson_2019,GRB2_HUMAN_Faure_2021,0.007860167693435338,True
DYR_ECOLI_Thompson_2019,HECD1_HUMAN_Tsuboyama_2023_3DKM,0.007860167693435338,True
DYR_ECOLI_Thompson_2019,HIS7_YEAST_Pokusaeva_2019,-0.09952001011738165,False
DYR_ECOLI_Thompson_2019,HSP82_YEAST_Flynn_2019,0.007860167693435338,True
DYR_ECOLI_Thompson_2019,HSP82_YEAST_Mishra_2016,0.007860167693435338,True
DYR_ECOLI_Thompson_2019,HXK4_HUMAN_Gersing_2023_abundance,0.007860167693435338,True
DYR_ECOLI_Thompson_2019,IF1_ECOLI_Kelsic_2016,0.007860167693435338,True
DYR_ECOLI_Thompson_2019,ILF3_HUMAN_Tsuboyama_2023_2L33,0.007860167693435338,True
DYR_ECOLI_Thompson_2019,KCNE1_HUMAN_Muhammad_2023_expression,-0.020900580318274242,False
DYR_ECOLI_Thompson_2019,KKA2_KLEPN_Melnikov_2014,0.007860167693435338,True
DYR_ECOLI_Thompson_2019,MAFG_MOUSE_Tsuboyama_2023_1K1V,0.007860167693435338,True
DYR_ECOLI_Thompson_2019,MET_HUMAN_Estevam_2023,0.007860167693435338,True
DYR_ECOLI_Thompson_2019,MSH2_HUMAN_Jia_2020,0.007860167693435338,True
DYR_ECOLI_Thompson_2019,MTH3_HAEAE_RockahShmuel_2015,-0.001023730145879087,False
DYR_ECOLI_Thompson_2019,MYO3_YEAST_Tsuboyama_2023_2BTT,-0.023467919647210567,False
DYR_ECOLI_Thompson_2019,NKX31_HUMAN_Tsuboyama_2023_2L9R,-0.07571609270442448,False
DYR_ECOLI_Thompson_2019,NPC1_HUMAN_Erwood_2022_HEK293T,0.007860167693435338,True
DYR_ECOLI_Thompson_2019,NPC1_HUMAN_Erwood_2022_RPE1,0.007860167693435338,True
DYR_ECOLI_Thompson_2019,NUD15_HUMAN_Suiter_2020,0.007860167693435338,True
DYR_ECOLI_Thompson_2019,NUSG_MYCTU_Tsuboyama_2023_2MI6,0.007860167693435338,True
DYR_ECOLI_Thompson_2019,OBSCN_HUMAN_Tsuboyama_2023_1V1C,-0.0033959658445636975,False
DYR_ECOLI_Thompson_2019,OTU7A_HUMAN_Tsuboyama_2023_2L2D,-0.0266773014365026,False
DYR_ECOLI_Thompson_2019,OXDA_RHOTO_Vanella_2023_activity,0.005227546986514842,True
DYR_ECOLI_Thompson_2019,OXDA_RHOTO_Vanella_2023_expression,0.007860167693435338,True
DYR_ECOLI_Thompson_2019,P53_HUMAN_Giacomelli_2018_Null_Etoposide,0.007860167693435338,True
DYR_ECOLI_Thompson_2019,P53_HUMAN_Giacomelli_2018_WT_Nutlin,0.007860167693435338,True
DYR_ECOLI_Thompson_2019,P53_HUMAN_Kotler_2018,0.007860167693435338,True
DYR_ECOLI_Thompson_2019,P84126_THETH_Chan_2017,0.007860167693435338,True
DYR_ECOLI_Thompson_2019,PABP_YEAST_Melamed_2013,0.007860167693435338,True
DYR_ECOLI_Thompson_2019,PKN1_HUMAN_Tsuboyama_2023_1URF,0.007860167693435338,True
DYR_ECOLI_Thompson_2019,POLG_HCVJF_Qi_2014,-0.010025980889439401,False
DYR_ECOLI_Thompson_2019,POLG_PESV_Tsuboyama_2023_2MXD,0.007860167693435338,True
DYR_ECOLI_Thompson_2019,PPARG_HUMAN_Majithia_2016,0.007860167693435338,True
DYR_ECOLI_Thompson_2019,PRKN_HUMAN_Clausen_2023,0.007860167693435338,True
DYR_ECOLI_Thompson_2019,PSAE_PICP2_Tsuboyama_2023_1PSE,0.007860167693435338,True
DYR_ECOLI_Thompson_2019,PTEN_HUMAN_Mighell_2018,0.007860167693435338,True
DYR_ECOLI_Thompson_2019,Q2N0S5_9HIV1_Haddox_2018,0.007860167693435338,True
DYR_ECOLI_Thompson_2019,Q59976_STRSQ_Romero_2015,0.007860167693435338,True
DYR_ECOLI_Thompson_2019,Q8WTC7_9CNID_Somermeyer_2022,-0.019572119832117818,False
DYR_ECOLI_Thompson_2019,R1AB_SARS2_Flynn_2022,-0.0075986752862133855,False
DYR_ECOLI_Thompson_2019,RASH_HUMAN_Bandaru_2017,0.007860167693435338,True
DYR_ECOLI_Thompson_2019,RDRP_I33A0_Li_2023,0.003514334267489913,True
DYR_ECOLI_Thompson_2019,RL20_AQUAE_Tsuboyama_2023_1GYZ,0.007860167693435338,True
DYR_ECOLI_Thompson_2019,RL40A_YEAST_Mavor_2016,0.007860167693435338,True
DYR_ECOLI_Thompson_2019,RL40A_YEAST_Roscoe_2013,0.007860167693435338,True
DYR_ECOLI_Thompson_2019,RL40A_YEAST_Roscoe_2014,0.007860167693435338,True
DYR_ECOLI_Thompson_2019,RPC1_LAMBD_Li_2019_high-expression,0.007860167693435338,True
DYR_ECOLI_Thompson_2019,S22A1_HUMAN_Yee_2023_abundance,0.007860167693435338,True
DYR_ECOLI_Thompson_2019,S22A1_HUMAN_Yee_2023_activity,0.007860167693435338,True
DYR_ECOLI_Thompson_2019,SDA_BACSU_Tsuboyama_2023_1PV0,0.007860167693435338,True
DYR_ECOLI_Thompson_2019,SPG1_STRSG_Olson_2014,-0.06566832500227271,False
DYR_ECOLI_Thompson_2019,SPIKE_SARS2_Starr_2020_binding,0.007860167693435338,True
DYR_ECOLI_Thompson_2019,SPIKE_SARS2_Starr_2020_expression,0.007860167693435338,True
DYR_ECOLI_Thompson_2019,SRC_HUMAN_Ahler_2019,0.007860167693435338,True
DYR_ECOLI_Thompson_2019,SUMO1_HUMAN_Weile_2017,0.007860167693435338,True
DYR_ECOLI_Thompson_2019,SYUA_HUMAN_Newberry_2020,0.007860167693435338,True
DYR_ECOLI_Thompson_2019,TAT_HV1BR_Fernandes_2016,0.007860167693435338,True
DYR_ECOLI_Thompson_2019,TCRG1_MOUSE_Tsuboyama_2023_1E0L,0.007860167693435338,True
DYR_ECOLI_Thompson_2019,THO1_YEAST_Tsuboyama_2023_2WQG,0.007860167693435338,True
DYR_ECOLI_Thompson_2019,TPK1_HUMAN_Weile_2017,0.007860167693435338,True
DYR_ECOLI_Thompson_2019,TPMT_HUMAN_Matreyek_2018,0.007860167693435338,True
DYR_ECOLI_Thompson_2019,TPOR_HUMAN_Bridgford_2020,0.007860167693435338,True
DYR_ECOLI_Thompson_2019,TRPC_SACS2_Chan_2017,0.007860167693435338,True
DYR_ECOLI_Thompson_2019,TRPC_THEMA_Chan_2017,0.007860167693435338,True
DYR_ECOLI_Thompson_2019,UBE4B_HUMAN_Tsuboyama_2023_3L1X,0.0003558058306327716,True
DYR_ECOLI_Thompson_2019,UBE4B_MOUSE_Starita_2013,0.007860167693435338,True
DYR_ECOLI_Thompson_2019,VILI_CHICK_Tsuboyama_2023_1YU5,0.007860167693435338,True
DYR_ECOLI_Thompson_2019,VKOR1_HUMAN_Chiasson_2020_activity,0.007860167693435338,True
DYR_ECOLI_Thompson_2019,VRPI_BPT7_Tsuboyama_2023_2WNM,0.007860167693435338,True
DYR_ECOLI_Thompson_2019,YNZC_BACSU_Tsuboyama_2023_2JVD,0.007860167693435338,True
ENVZ_ECOLI_Ghose_2023,ENV_HV1B9_DuenasDecamp_2016,-0.07048351724524926,False
ENVZ_ECOLI_Ghose_2023,F7YBW8_MESOW_Ding_2023,0.03419211506647457,True
ENVZ_ECOLI_Ghose_2023,GAL4_YEAST_Kitzman_2015,-0.005179948652351052,False
ENVZ_ECOLI_Ghose_2023,GFP_AEQVI_Sarkisyan_2016,0.0012953465460080506,True
ENVZ_ECOLI_Ghose_2023,GRB2_HUMAN_Faure_2021,0.011202214933601073,True
ENVZ_ECOLI_Ghose_2023,HECD1_HUMAN_Tsuboyama_2023_3DKM,0.014517525543064264,True
ENVZ_ECOLI_Ghose_2023,HIS7_YEAST_Pokusaeva_2019,-0.09952001011738165,False
ENVZ_ECOLI_Ghose_2023,HSP82_YEAST_Flynn_2019,0.03419211506647457,True
ENVZ_ECOLI_Ghose_2023,HSP82_YEAST_Mishra_2016,0.014022580563947784,True
ENVZ_ECOLI_Ghose_2023,HXK4_HUMAN_Gersing_2023_abundance,0.02305634324976119,True
ENVZ_ECOLI_Ghose_2023,IF1_ECOLI_Kelsic_2016,0.03419211506647457,True
ENVZ_ECOLI_Ghose_2023,ILF3_HUMAN_Tsuboyama_2023_2L33,0.025139413949090694,True
ENVZ_ECOLI_Ghose_2023,KCNE1_HUMAN_Muhammad_2023_expression,-0.020900580318274242,False
ENVZ_ECOLI_Ghose_2023,KKA2_KLEPN_Melnikov_2014,0.028816794918210542,True
ENVZ_ECOLI_Ghose_2023,MAFG_MOUSE_Tsuboyama_2023_1K1V,0.03419211506647457,True
ENVZ_ECOLI_Ghose_2023,MET_HUMAN_Estevam_2023,0.01773107677348995,True
ENVZ_ECOLI_Ghose_2023,MSH2_HUMAN_Jia_2020,0.03419211506647457,True
ENVZ_ECOLI_Ghose_2023,MTH3_HAEAE_RockahShmuel_2015,-0.001023730145879087,False
ENVZ_ECOLI_Ghose_2023,MYO3_YEAST_Tsuboyama_2023_2BTT,-0.023467919647210567,False
ENVZ_ECOLI_Ghose_2023,NKX31_HUMAN_Tsuboyama_2023_2L9R,-0.07571609270442448,False
ENVZ_ECOLI_Ghose_2023,NPC1_HUMAN_Erwood_2022_HEK293T,0.03419211506647457,True
ENVZ_ECOLI_Ghose_2023,NPC1_HUMAN_Erwood_2022_RPE1,0.03419211506647457,True
ENVZ_ECOLI_Ghose_2023,NUD15_HUMAN_Suiter_2020,0.03419211506647457,True
ENVZ_ECOLI_Ghose_2023,NUSG_MYCTU_Tsuboyama_2023_2MI6,0.03419211506647457,True
ENVZ_ECOLI_Ghose_2023,OBSCN_HUMAN_Tsuboyama_2023_1V1C,-0.0033959658445636975,False
ENVZ_ECOLI_Ghose_2023,OTU7A_HUMAN_Tsuboyama_2023_2L2D,-0.0266773014365026,False
ENVZ_ECOLI_Ghose_2023,OXDA_RHOTO_Vanella_2023_activity,0.005227546986514842,True
ENVZ_ECOLI_Ghose_2023,OXDA_RHOTO_Vanella_2023_expression,0.00796019444407814,True
ENVZ_ECOLI_Ghose_2023,P53_HUMAN_Giacomelli_2018_Null_Etoposide,0.03419211506647457,True
ENVZ_ECOLI_Ghose_2023,P53_HUMAN_Giacomelli_2018_WT_Nutlin,0.03419211506647457,True
ENVZ_ECOLI_Ghose_2023,P53_HUMAN_Kotler_2018,0.03419211506647457,True
ENVZ_ECOLI_Ghose_2023,P84126_THETH_Chan_2017,0.03419211506647457,True
ENVZ_ECOLI_Ghose_2023,PABP_YEAST_Melamed_2013,0.018486335491943784,True
ENVZ_ECOLI_Ghose_2023,PKN1_HUMAN_Tsuboyama_2023_1URF,0.03419211506647457,True
ENVZ_ECOLI_Ghose_2023,POLG_HCVJF_Qi_2014,-0.010025980889439401,False
ENVZ_ECOLI_Ghose_2023,POLG_PESV_Tsuboyama_2023_2MXD,0.018346886745346326,True
ENVZ_ECOLI_Ghose_2023,PPARG_HUMAN_Majithia_2016,0.008776375571205142,True
ENVZ_ECOLI_Ghose_2023,PRKN_HUMAN_Clausen_2023,0.028096447301574345,True
ENVZ_ECOLI_Ghose_2023,PSAE_PICP2_Tsuboyama_2023_1PSE,0.03419211506647457,True
ENVZ_ECOLI_Ghose_2023,PTEN_HUMAN_Mighell_2018,0.03349919595280593,True
ENVZ_ECOLI_Ghose_2023,Q2N0S5_9HIV1_Haddox_2018,0.029464627283543043,True
ENVZ_ECOLI_Ghose_2023,Q59976_STRSQ_Romero_2015,0.02635203568092126,True
ENVZ_ECOLI_Ghose_2023,Q8WTC7_9CNID_Somermeyer_2022,-0.019572119832117818,False
ENVZ_ECOLI_Ghose_2023,R1AB_SARS2_Flynn_2022,-0.0075986752862133855,False
ENVZ_ECOLI_Ghose_2023,RASH_HUMAN_Bandaru_2017,0.03419211506647457,True
ENVZ_ECOLI_Ghose_2023,RDRP_I33A0_Li_2023,0.003514334267489913,True
ENVZ_ECOLI_Ghose_2023,RL20_AQUAE_Tsuboyama_2023_1GYZ,0.017519272222309812,True
ENVZ_ECOLI_Ghose_2023,RL40A_YEAST_Mavor_2016,0.03419211506647457,True
ENVZ_ECOLI_Ghose_2023,RL40A_YEAST_Roscoe_2013,0.03419211506647457,True
ENVZ_ECOLI_Ghose_2023,RL40A_YEAST_Roscoe_2014,0.029476173152517826,True
ENVZ_ECOLI_Ghose_2023,RPC1_LAMBD_Li_2019_high-expression,0.03419211506647457,True
ENVZ_ECOLI_Ghose_2023,S22A1_HUMAN_Yee_2023_abundance,0.03419211506647457,True
ENVZ_ECOLI_Ghose_2023,S22A1_HUMAN_Yee_2023_activity,0.03419211506647457,True
ENVZ_ECOLI_Ghose_2023,SDA_BACSU_Tsuboyama_2023_1PV0,0.03419211506647457,True
ENVZ_ECOLI_Ghose_2023,SPG1_STRSG_Olson_2014,-0.06566832500227271,False
ENVZ_ECOLI_Ghose_2023,SPIKE_SARS2_Starr_2020_binding,0.014721480759890188,True
ENVZ_ECOLI_Ghose_2023,SPIKE_SARS2_Starr_2020_expression,0.02075682685721225,True
ENVZ_ECOLI_Ghose_2023,SRC_HUMAN_Ahler_2019,0.03419211506647457,True
ENVZ_ECOLI_Ghose_2023,SUMO1_HUMAN_Weile_2017,0.03419211506647457,True
ENVZ_ECOLI_Ghose_2023,SYUA_HUMAN_Newberry_2020,0.01512065541748564,True
ENVZ_ECOLI_Ghose_2023,TAT_HV1BR_Fernandes_2016,0.03419211506647457,True
ENVZ_ECOLI_Ghose_2023,TCRG1_MOUSE_Tsuboyama_2023_1E0L,0.03419211506647457,True
ENVZ_ECOLI_Ghose_2023,THO1_YEAST_Tsuboyama_2023_2WQG,0.019932273345639406,True
ENVZ_ECOLI_Ghose_2023,TPK1_HUMAN_Weile_2017,0.03419211506647457,True
ENVZ_ECOLI_Ghose_2023,TPMT_HUMAN_Matreyek_2018,0.03419211506647457,True
ENVZ_ECOLI_Ghose_2023,TPOR_HUMAN_Bridgford_2020,0.01087314141520801,True
ENVZ_ECOLI_Ghose_2023,TRPC_SACS2_Chan_2017,0.03419211506647457,True
ENVZ_ECOLI_Ghose_2023,TRPC_THEMA_Chan_2017,0.015271992825909075,True
ENVZ_ECOLI_Ghose_2023,UBE4B_HUMAN_Tsuboyama_2023_3L1X,0.0003558058306327716,True
ENVZ_ECOLI_Ghose_2023,UBE4B_MOUSE_Starita_2013,0.01930784920605988,True
ENVZ_ECOLI_Ghose_2023,VILI_CHICK_Tsuboyama_2023_1YU5,0.009977139589917694,True
ENVZ_ECOLI_Ghose_2023,VKOR1_HUMAN_Chiasson_2020_activity,0.03419211506647457,True
ENVZ_ECOLI_Ghose_2023,VRPI_BPT7_Tsuboyama_2023_2WNM,0.013306701291895706,True
ENVZ_ECOLI_Ghose_2023,YNZC_BACSU_Tsuboyama_2023_2JVD,0.03350535605674709,True
ENV_HV1B9_DuenasDecamp_2016,F7YBW8_MESOW_Ding_2023,-0.07048351724524926,False
ENV_HV1B9_DuenasDecamp_2016,GAL4_YEAST_Kitzman_2015,-0.07048351724524926,False
ENV_HV1B9_DuenasDecamp_2016,GFP_AEQVI_Sarkisyan_2016,-0.07048351724524926,False
ENV_HV1B9_DuenasDecamp_2016,GRB2_HUMAN_Faure_2021,-0.07048351724524926,False
ENV_HV1B9_DuenasDecamp_2016,HECD1_HUMAN_Tsuboyama_2023_3DKM,-0.07048351724524926,False
ENV_HV1B9_DuenasDecamp_2016,HIS7_YEAST_Pokusaeva_2019,-0.09952001011738165,False
ENV_HV1B9_DuenasDecamp_2016,HSP82_YEAST_Flynn_2019,-0.07048351724524926,False
ENV_HV1B9_DuenasDecamp_2016,HSP82_YEAST_Mishra_2016,-0.07048351724524926,False
ENV_HV1B9_DuenasDecamp_2016,HXK4_HUMAN_Gersing_2023_abundance,-0.07048351724524926,False
ENV_HV1B9_DuenasDecamp_2016,IF1_ECOLI_Kelsic_2016,-0.07048351724524926,False
ENV_HV1B9_DuenasDecamp_2016,ILF3_HUMAN_Tsuboyama_2023_2L33,-0.07048351724524926,False
ENV_HV1B9_DuenasDecamp_2016,KCNE1_HUMAN_Muhammad_2023_expression,-0.07048351724524926,False
ENV_HV1B9_DuenasDecamp_2016,KKA2_KLEPN_Melnikov_2014,-0.07048351724524926,False
ENV_HV1B9_DuenasDecamp_2016,MAFG_MOUSE_Tsuboyama_2023_1K1V,-0.07048351724524926,False
ENV_HV1B9_DuenasDecamp_2016,MET_HUMAN_Estevam_2023,-0.07048351724524926,False
ENV_HV1B9_DuenasDecamp_2016,MSH2_HUMAN_Jia_2020,-0.07048351724524926,False
ENV_HV1B9_DuenasDecamp_2016,MTH3_HAEAE_RockahShmuel_2015,-0.07048351724524926,False
ENV_HV1B9_DuenasDecamp_2016,MYO3_YEAST_Tsuboyama_2023_2BTT,-0.07048351724524926,False
ENV_HV1B9_DuenasDecamp_2016,NKX31_HUMAN_Tsuboyama_2023_2L9R,-0.07571609270442448,False
ENV_HV1B9_DuenasDecamp_2016,NPC1_HUMAN_Erwood_2022_HEK293T,-0.07048351724524926,False
ENV_HV1B9_DuenasDecamp_2016,NPC1_HUMAN_Erwood_2022_RPE1,-0.07048351724524926,False
ENV_HV1B9_DuenasDecamp_2016,NUD15_HUMAN_Suiter_2020,-0.07048351724524926,False
ENV_HV1B9_DuenasDecamp_2016,NUSG_MYCTU_Tsuboyama_2023_2MI6,-0.07048351724524926,False
ENV_HV1B9_DuenasDecamp_2016,OBSCN_HUMAN_Tsuboyama_2023_1V1C,-0.07048351724524926,False
ENV_HV1B9_DuenasDecamp_2016,OTU7A_HUMAN_Tsuboyama_2023_2L2D,-0.07048351724524926,False
ENV_HV1B9_DuenasDecamp_2016,OXDA_RHOTO_Vanella_2023_activity,-0.07048351724524926,False
ENV_HV1B9_DuenasDecamp_2016,OXDA_RHOTO_Vanella_2023_expression,-0.07048351724524926,False
ENV_HV1B9_DuenasDecamp_2016,P53_HUMAN_Giacomelli_2018_Null_Etoposide,-0.07048351724524926,False
ENV_HV1B9_DuenasDecamp_2016,P53_HUMAN_Giacomelli_2018_WT_Nutlin,-0.07048351724524926,False
ENV_HV1B9_DuenasDecamp_2016,P53_HUMAN_Kotler_2018,-0.07048351724524926,False
ENV_HV1B9_DuenasDecamp_2016,P84126_THETH_Chan_2017,-0.07048351724524926,False
ENV_HV1B9_DuenasDecamp_2016,PABP_YEAST_Melamed_2013,-0.07048351724524926,False
ENV_HV1B9_DuenasDecamp_2016,PKN1_HUMAN_Tsuboyama_2023_1URF,-0.07048351724524926,False
ENV_HV1B9_DuenasDecamp_2016,POLG_HCVJF_Qi_2014,-0.07048351724524926,False
ENV_HV1B9_DuenasDecamp_2016,POLG_PESV_Tsuboyama_2023_2MXD,-0.07048351724524926,False
ENV_HV1B9_DuenasDecamp_2016,PPARG_HUMAN_Majithia_2016,-0.07048351724524926,False
ENV_HV1B9_DuenasDecamp_2016,PRKN_HUMAN_Clausen_2023,-0.07048351724524926,False
ENV_HV1B9_DuenasDecamp_2016,PSAE_PICP2_Tsuboyama_2023_1PSE,-0.07048351724524926,False
ENV_HV1B9_DuenasDecamp_2016,PTEN_HUMAN_Mighell_2018,-0.07048351724524926,False
ENV_HV1B9_DuenasDecamp_2016,Q2N0S5_9HIV1_Haddox_2018,-0.07048351724524926,False
ENV_HV1B9_DuenasDecamp_2016,Q59976_STRSQ_Romero_2015,-0.07048351724524926,False
ENV_HV1B9_DuenasDecamp_2016,Q8WTC7_9CNID_Somermeyer_2022,-0.07048351724524926,False
ENV_HV1B9_DuenasDecamp_2016,R1AB_SARS2_Flynn_2022,-0.07048351724524926,False
ENV_HV1B9_DuenasDecamp_2016,RASH_HUMAN_Bandaru_2017,-0.07048351724524926,False
ENV_HV1B9_DuenasDecamp_2016,RDRP_I33A0_Li_2023,-0.07048351724524926,False
ENV_HV1B9_DuenasDecamp_2016,RL20_AQUAE_Tsuboyama_2023_1GYZ,-0.07048351724524926,False
ENV_HV1B9_DuenasDecamp_2016,RL40A_YEAST_Mavor_2016,-0.07048351724524926,False
ENV_HV1B9_DuenasDecamp_2016,RL40A_YEAST_Roscoe_2013,-0.07048351724524926,False
ENV_HV1B9_DuenasDecamp_2016,RL40A_YEAST_Roscoe_2014,-0.07048351724524926,False
ENV_HV1B9_DuenasDecamp_2016,RPC1_LAMBD_Li_2019_high-expression,-0.07048351724524926,False
ENV_HV1B9_DuenasDecamp_2016,S22A1_HUMAN_Yee_2023_abundance,-0.07048351724524926,False
ENV_HV1B9_DuenasDecamp_2016,S22A1_HUMAN_Yee_2023_activity,-0.07048351724524926,False
ENV_HV1B9_DuenasDecamp_2016,SDA_BACSU_Tsuboyama_2023_1PV0,-0.07048351724524926,False
ENV_HV1B9_DuenasDecamp_2016,SPG1_STRSG_Olson_2014,-0.07048351724524926,False
ENV_HV1B9_DuenasDecamp_2016,SPIKE_SARS2_Starr_2020_binding,-0.07048351724524926,False
ENV_HV1B9_DuenasDecamp_2016,SPIKE_SARS2_Starr_2020_expression,-0.07048351724524926,False
ENV_HV1B9_DuenasDecamp_2016,SRC_HUMAN_Ahler_2019,-0.07048351724524926,False
ENV_HV1B9_DuenasDecamp_2016,SUMO1_HUMAN_Weile_2017,-0.07048351724524926,False
ENV_HV1B9_DuenasDecamp_2016,SYUA_HUMAN_Newberry_2020,-0.07048351724524926,False
ENV_HV1B9_DuenasDecamp_2016,TAT_HV1BR_Fernandes_2016,-0.07048351724524926,False
ENV_HV1B9_DuenasDecamp_2016,TCRG1_MOUSE_Tsuboyama_2023_1E0L,-0.07048351724524926,False
ENV_HV1B9_DuenasDecamp_2016,THO1_YEAST_Tsuboyama_2023_2WQG,-0.07048351724524926,False
ENV_HV1B9_DuenasDecamp_2016,TPK1_HUMAN_Weile_2017,-0.07048351724524926,False
ENV_HV1B9_DuenasDecamp_2016,TPMT_HUMAN_Matreyek_2018,-0.07048351724524926,False
ENV_HV1B9_DuenasDecamp_2016,TPOR_HUMAN_Bridgford_2020,-0.07048351724524926,False
ENV_HV1B9_DuenasDecamp_2016,TRPC_SACS2_Chan_2017,-0.07048351724524926,False
ENV_HV1B9_DuenasDecamp_2016,TRPC_THEMA_Chan_2017,-0.07048351724524926,False
ENV_HV1B9_DuenasDecamp_2016,UBE4B_HUMAN_Tsuboyama_2023_3L1X,-0.07048351724524926,False
ENV_HV1B9_DuenasDecamp_2016,UBE4B_MOUSE_Starita_2013,-0.07048351724524926,False
ENV_HV1B9_DuenasDecamp_2016,VILI_CHICK_Tsuboyama_2023_1YU5,-0.07048351724524926,False
ENV_HV1B9_DuenasDecamp_2016,VKOR1_HUMAN_Chiasson_2020_activity,-0.07048351724524926,False
ENV_HV1B9_DuenasDecamp_2016,VRPI_BPT7_Tsuboyama_2023_2WNM,-0.07048351724524926,False
ENV_HV1B9_DuenasDecamp_2016,YNZC_BACSU_Tsuboyama_2023_2JVD,-0.07048351724524926,False
F7YBW8_MESOW_Ding_2023,GAL4_YEAST_Kitzman_2015,-0.005179948652351052,False
F7YBW8_MESOW_Ding_2023,GFP_AEQVI_Sarkisyan_2016,0.0012953465460080506,True
F7YBW8_MESOW_Ding_2023,GRB2_HUMAN_Faure_2021,0.011202214933601073,True
F7YBW8_MESOW_Ding_2023,HECD1_HUMAN_Tsuboyama_2023_3DKM,0.014517525543064264,True
F7YBW8_MESOW_Ding_2023,HIS7_YEAST_Pokusaeva_2019,-0.09952001011738165,False
F7YBW8_MESOW_Ding_2023,HSP82_YEAST_Flynn_2019,0.03781830554687304,True
F7YBW8_MESOW_Ding_2023,HSP82_YEAST_Mishra_2016,0.014022580563947784,True
F7YBW8_MESOW_Ding_2023,HXK4_HUMAN_Gersing_2023_abundance,0.02305634324976119,True
F7YBW8_MESOW_Ding_2023,IF1_ECOLI_Kelsic_2016,0.04710544074562151,True
F7YBW8_MESOW_Ding_2023,ILF3_HUMAN_Tsuboyama_2023_2L33,0.025139413949090694,True
F7YBW8_MESOW_Ding_2023,KCNE1_HUMAN_Muhammad_2023_expression,-0.020900580318274242,False
F7YBW8_MESOW_Ding_2023,KKA2_KLEPN_Melnikov_2014,0.028816794918210542,True
F7YBW8_MESOW_Ding_2023,MAFG_MOUSE_Tsuboyama_2023_1K1V,0.07737722711337258,True
F7YBW8_MESOW_Ding_2023,MET_HUMAN_Estevam_2023,0.01773107677348995,True
F7YBW8_MESOW_Ding_2023,MSH2_HUMAN_Jia_2020,0.04337554529492649,True
F7YBW8_MESOW_Ding_2023,MTH3_HAEAE_RockahShmuel_2015,-0.001023730145879087,False
F7YBW8_MESOW_Ding_2023,MYO3_YEAST_Tsuboyama_2023_2BTT,-0.023467919647210567,False
F7YBW8_MESOW_Ding_2023,NKX31_HUMAN_Tsuboyama_2023_2L9R,-0.07571609270442448,False
F7YBW8_MESOW_Ding_2023,NPC1_HUMAN_Erwood_2022_HEK293T,0.0862315921918313,True
F7YBW8_MESOW_Ding_2023,NPC1_HUMAN_Erwood_2022_RPE1,0.06558134890576736,True
F7YBW8_MESOW_Ding_2023,NUD15_HUMAN_Suiter_2020,0.03927475735016772,True
F7YBW8_MESOW_Ding_2023,NUSG_MYCTU_Tsuboyama_2023_2MI6,0.05410787399543371,True
F7YBW8_MESOW_Ding_2023,OBSCN_HUMAN_Tsuboyama_2023_1V1C,-0.0033959658445636975,False
F7YBW8_MESOW_Ding_2023,OTU7A_HUMAN_Tsuboyama_2023_2L2D,-0.0266773014365026,False
F7YBW8_MESOW_Ding_2023,OXDA_RHOTO_Vanella_2023_activity,0.005227546986514842,True
F7YBW8_MESOW_Ding_2023,OXDA_RHOTO_Vanella_2023_expression,0.00796019444407814,True
F7YBW8_MESOW_Ding_2023,P53_HUMAN_Giacomelli_2018_Null_Etoposide,0.05271030811842725,True
F7YBW8_MESOW_Ding_2023,P53_HUMAN_Giacomelli_2018_WT_Nutlin,0.04778369575570296,True
F7YBW8_MESOW_Ding_2023,P53_HUMAN_Kotler_2018,0.08136508251629704,True
F7YBW8_MESOW_Ding_2023,P84126_THETH_Chan_2017,0.060888066126786544,True
F7YBW8_MESOW_Ding_2023,PABP_YEAST_Melamed_2013,0.018486335491943784,True
F7YBW8_MESOW_Ding_2023,PKN1_HUMAN_Tsuboyama_2023_1URF,0.0834174631809762,True
F7YBW8_MESOW_Ding_2023,POLG_HCVJF_Qi_2014,-0.010025980889439401,False
F7YBW8_MESOW_Ding_2023,POLG_PESV_Tsuboyama_2023_2MXD,0.018346886745346326,True
F7YBW8_MESOW_Ding_2023,PPARG_HUMAN_Majithia_2016,0.008776375571205142,True
F7YBW8_MESOW_Ding_2023,PRKN_HUMAN_Clausen_2023,0.028096447301574345,True
F7YBW8_MESOW_Ding_2023,PSAE_PICP2_Tsuboyama_2023_1PSE,0.060262613177218816,True
F7YBW8_MESOW_Ding_2023,PTEN_HUMAN_Mighell_2018,0.03349919595280593,True
F7YBW8_MESOW_Ding_2023,Q2N0S5_9HIV1_Haddox_2018,0.029464627283543043,True
F7YBW8_MESOW_Ding_2023,Q59976_STRSQ_Romero_2015,0.02635203568092126,True
F7YBW8_MESOW_Ding_2023,Q8WTC7_9CNID_Somermeyer_2022,-0.019572119832117818,False
F7YBW8_MESOW_Ding_2023,R1AB_SARS2_Flynn_2022,-0.0075986752862133855,False
F7YBW8_MESOW_Ding_2023,RASH_HUMAN_Bandaru_2017,0.07562368206822945,True
F7YBW8_MESOW_Ding_2023,RDRP_I33A0_Li_2023,0.003514334267489913,True
F7YBW8_MESOW_Ding_2023,RL20_AQUAE_Tsuboyama_2023_1GYZ,0.017519272222309812,True
F7YBW8_MESOW_Ding_2023,RL40A_YEAST_Mavor_2016,0.04773831522373409,True
F7YBW8_MESOW_Ding_2023,RL40A_YEAST_Roscoe_2013,0.07400147819007868,True
F7YBW8_MESOW_Ding_2023,RL40A_YEAST_Roscoe_2014,0.029476173152517826,True
F7YBW8_MESOW_Ding_2023,RPC1_LAMBD_Li_2019_high-expression,0.05659744389386523,True
F7YBW8_MESOW_Ding_2023,S22A1_HUMAN_Yee_2023_abundance,0.0466790176092704,True
F7YBW8_MESOW_Ding_2023,S22A1_HUMAN_Yee_2023_activity,0.0621517734908017,True
F7YBW8_MESOW_Ding_2023,SDA_BACSU_Tsuboyama_2023_1PV0,0.060218957473155754,True
F7YBW8_MESOW_Ding_2023,SPG1_STRSG_Olson_2014,-0.06566832500227271,False
F7YBW8_MESOW_Ding_2023,SPIKE_SARS2_Starr_2020_binding,0.014721480759890188,True
F7YBW8_MESOW_Ding_2023,SPIKE_SARS2_Starr_2020_expression,0.02075682685721225,True
F7YBW8_MESOW_Ding_2023,SRC_HUMAN_Ahler_2019,0.041573387285900765,True
F7YBW8_MESOW_Ding_2023,SUMO1_HUMAN_Weile_2017,0.07283661346208614,True
F7YBW8_MESOW_Ding_2023,SYUA_HUMAN_Newberry_2020,0.01512065541748564,True
F7YBW8_MESOW_Ding_2023,TAT_HV1BR_Fernandes_2016,0.0457503772570933,True
F7YBW8_MESOW_Ding_2023,TCRG1_MOUSE_Tsuboyama_2023_1E0L,0.047358305255345456,True
F7YBW8_MESOW_Ding_2023,THO1_YEAST_Tsuboyama_2023_2WQG,0.019932273345639406,True
F7YBW8_MESOW_Ding_2023,TPK1_HUMAN_Weile_2017,0.05205085756175826,True
F7YBW8_MESOW_Ding_2023,TPMT_HUMAN_Matreyek_2018,0.05038210874737192,True
F7YBW8_MESOW_Ding_2023,TPOR_HUMAN_Bridgford_2020,0.01087314141520801,True
F7YBW8_MESOW_Ding_2023,TRPC_SACS2_Chan_2017,0.043914939700933964,True
F7YBW8_MESOW_Ding_2023,TRPC_THEMA_Chan_2017,0.015271992825909075,True
F7YBW8_MESOW_Ding_2023,UBE4B_HUMAN_Tsuboyama_2023_3L1X,0.0003558058306327716,True
F7YBW8_MESOW_Ding_2023,UBE4B_MOUSE_Starita_2013,0.01930784920605988,True
F7YBW8_MESOW_Ding_2023,VILI_CHICK_Tsuboyama_2023_1YU5,0.009977139589917694,True
F7YBW8_MESOW_Ding_2023,VKOR1_HUMAN_Chiasson_2020_activity,0.03832018258908576,True
F7YBW8_MESOW_Ding_2023,VRPI_BPT7_Tsuboyama_2023_2WNM,0.013306701291895706,True
F7YBW8_MESOW_Ding_2023,YNZC_BACSU_Tsuboyama_2023_2JVD,0.03350535605674709,True
GAL4_YEAST_Kitzman_2015,GFP_AEQVI_Sarkisyan_2016,-0.005179948652351052,False
GAL4_YEAST_Kitzman_2015,GRB2_HUMAN_Faure_2021,-0.005179948652351052,False
GAL4_YEAST_Kitzman_2015,HECD1_HUMAN_Tsuboyama_2023_3DKM,-0.005179948652351052,False
GAL4_YEAST_Kitzman_2015,HIS7_YEAST_Pokusaeva_2019,-0.09952001011738165,False
GAL4_YEAST_Kitzman_2015,HSP82_YEAST_Flynn_2019,-0.005179948652351052,False
GAL4_YEAST_Kitzman_2015,HSP82_YEAST_Mishra_2016,-0.005179948652351052,False
GAL4_YEAST_Kitzman_2015,HXK4_HUMAN_Gersing_2023_abundance,-0.005179948652351052,False
GAL4_YEAST_Kitzman_2015,IF1_ECOLI_Kelsic_2016,-0.005179948652351052,False
GAL4_YEAST_Kitzman_2015,ILF3_HUMAN_Tsuboyama_2023_2L33,-0.005179948652351052,False
GAL4_YEAST_Kitzman_2015,KCNE1_HUMAN_Muhammad_2023_expression,-0.020900580318274242,False
GAL4_YEAST_Kitzman_2015,KKA2_KLEPN_Melnikov_2014,-0.005179948652351052,False
GAL4_YEAST_Kitzman_2015,MAFG_MOUSE_Tsuboyama_2023_1K1V,-0.005179948652351052,False
GAL4_YEAST_Kitzman_2015,MET_HUMAN_Estevam_2023,-0.005179948652351052,False
GAL4_YEAST_Kitzman_2015,MSH2_HUMAN_Jia_2020,-0.005179948652351052,False
GAL4_YEAST_Kitzman_2015,MTH3_HAEAE_RockahShmuel_2015,-0.005179948652351052,False
GAL4_YEAST_Kitzman_2015,MYO3_YEAST_Tsuboyama_2023_2BTT,-0.023467919647210567,False
GAL4_YEAST_Kitzman_2015,NKX31_HUMAN_Tsuboyama_2023_2L9R,-0.07571609270442448,False
GAL4_YEAST_Kitzman_2015,NPC1_HUMAN_Erwood_2022_HEK293T,-0.005179948652351052,False
GAL4_YEAST_Kitzman_2015,NPC1_HUMAN_Erwood_2022_RPE1,-0.005179948652351052,False
GAL4_YEAST_Kitzman_2015,NUD15_HUMAN_Suiter_2020,-0.005179948652351052,False
GAL4_YEAST_Kitzman_2015,NUSG_MYCTU_Tsuboyama_2023_2MI6,-0.005179948652351052,False
GAL4_YEAST_Kitzman_2015,OBSCN_HUMAN_Tsuboyama_2023_1V1C,-0.005179948652351052,False
GAL4_YEAST_Kitzman_2015,OTU7A_HUMAN_Tsuboyama_2023_2L2D,-0.0266773014365026,False
GAL4_YEAST_Kitzman_2015,OXDA_RHOTO_Vanella_2023_activity,-0.005179948652351052,False
GAL4_YEAST_Kitzman_2015,OXDA_RHOTO_Vanella_2023_expression,-0.005179948652351052,False
GAL4_YEAST_Kitzman_2015,P53_HUMAN_Giacomelli_2018_Null_Etoposide,-0.005179948652351052,False
GAL4_YEAST_Kitzman_2015,P53_HUMAN_Giacomelli_2018_WT_Nutlin,-0.005179948652351052,False
GAL4_YEAST_Kitzman_2015,P53_HUMAN_Kotler_2018,-0.005179948652351052,False
GAL4_YEAST_Kitzman_2015,P84126_THETH_Chan_2017,-0.005179948652351052,False
GAL4_YEAST_Kitzman_2015,PABP_YEAST_Melamed_2013,-0.005179948652351052,False
GAL4_YEAST_Kitzman_2015,PKN1_HUMAN_Tsuboyama_2023_1URF,-0.005179948652351052,False
GAL4_YEAST_Kitzman_2015,POLG_HCVJF_Qi_2014,-0.010025980889439401,False
GAL4_YEAST_Kitzman_2015,POLG_PESV_Tsuboyama_2023_2MXD,-0.005179948652351052,False
GAL4_YEAST_Kitzman_2015,PPARG_HUMAN_Majithia_2016,-0.005179948652351052,False
GAL4_YEAST_Kitzman_2015,PRKN_HUMAN_Clausen_2023,-0.005179948652351052,False
GAL4_YEAST_Kitzman_2015,PSAE_PICP2_Tsuboyama_2023_1PSE,-0.005179948652351052,False
GAL4_YEAST_Kitzman_2015,PTEN_HUMAN_Mighell_2018,-0.005179948652351052,False
GAL4_YEAST_Kitzman_2015,Q2N0S5_9HIV1_Haddox_2018,-0.005179948652351052,False
GAL4_YEAST_Kitzman_2015,Q59976_STRSQ_Romero_2015,-0.005179948652351052,False
GAL4_YEAST_Kitzman_2015,Q8WTC7_9CNID_Somermeyer_2022,-0.019572119832117818,False
GAL4_YEAST_Kitzman_2015,R1AB_SARS2_Flynn_2022,-0.0075986752862133855,False
GAL4_YEAST_Kitzman_2015,RASH_HUMAN_Bandaru_2017,-0.005179948652351052,False
GAL4_YEAST_Kitzman_2015,RDRP_I33A0_Li_2023,-0.005179948652351052,False
GAL4_YEAST_Kitzman_2015,RL20_AQUAE_Tsuboyama_2023_1GYZ,-0.005179948652351052,False
GAL4_YEAST_Kitzman_2015,RL40A_YEAST_Mavor_2016,-0.005179948652351052,False
GAL4_YEAST_Kitzman_2015,RL40A_YEAST_Roscoe_2013,-0.005179948652351052,False
GAL4_YEAST_Kitzman_2015,RL40A_YEAST_Roscoe_2014,-0.005179948652351052,False
GAL4_YEAST_Kitzman_2015,RPC1_LAMBD_Li_2019_high-expression,-0.005179948652351052,False
GAL4_YEAST_Kitzman_2015,S22A1_HUMAN_Yee_2023_abundance,-0.005179948652351052,False
GAL4_YEAST_Kitzman_2015,S22A1_HUMAN_Yee_2023_activity,-0.005179948652351052,False
GAL4_YEAST_Kitzman_2015,SDA_BACSU_Tsuboyama_2023_1PV0,-0.005179948652351052,False
GAL4_YEAST_Kitzman_2015,SPG1_STRSG_Olson_2014,-0.06566832500227271,False
GAL4_YEAST_Kitzman_2015,SPIKE_SARS2_Starr_2020_binding,-0.005179948652351052,False
GAL4_YEAST_Kitzman_2015,SPIKE_SARS2_Starr_2020_expression,-0.005179948652351052,False
GAL4_YEAST_Kitzman_2015,SRC_HUMAN_Ahler_2019,-0.005179948652351052,False
GAL4_YEAST_Kitzman_2015,SUMO1_HUMAN_Weile_2017,-0.005179948652351052,False
GAL4_YEAST_Kitzman_2015,SYUA_HUMAN_Newberry_2020,-0.005179948652351052,False
GAL4_YEAST_Kitzman_2015,TAT_HV1BR_Fernandes_2016,-0.005179948652351052,False
GAL4_YEAST_Kitzman_2015,TCRG1_MOUSE_Tsuboyama_2023_1E0L,-0.005179948652351052,False
GAL4_YEAST_Kitzman_2015,THO1_YEAST_Tsuboyama_2023_2WQG,-0.005179948652351052,False
GAL4_YEAST_Kitzman_2015,TPK1_HUMAN_Weile_2017,-0.005179948652351052,False
GAL4_YEAST_Kitzman_2015,TPMT_HUMAN_Matreyek_2018,-0.005179948652351052,False
GAL4_YEAST_Kitzman_2015,TPOR_HUMAN_Bridgford_2020,-0.005179948652351052,False
GAL4_YEAST_Kitzman_2015,TRPC_SACS2_Chan_2017,-0.005179948652351052,False
GAL4_YEAST_Kitzman_2015,TRPC_THEMA_Chan_2017,-0.005179948652351052,False
GAL4_YEAST_Kitzman_2015,UBE4B_HUMAN_Tsuboyama_2023_3L1X,-0.005179948652351052,False
GAL4_YEAST_Kitzman_2015,UBE4B_MOUSE_Starita_2013,-0.005179948652351052,False
GAL4_YEAST_Kitzman_2015,VILI_CHICK_Tsuboyama_2023_1YU5,-0.005179948652351052,False
GAL4_YEAST_Kitzman_2015,VKOR1_HUMAN_Chiasson_2020_activity,-0.005179948652351052,False
GAL4_YEAST_Kitzman_2015,VRPI_BPT7_Tsuboyama_2023_2WNM,-0.005179948652351052,False
GAL4_YEAST_Kitzman_2015,YNZC_BACSU_Tsuboyama_2023_2JVD,-0.005179948652351052,False
GFP_AEQVI_Sarkisyan_2016,GRB2_HUMAN_Faure_2021,0.0012953465460080506,True
GFP_AEQVI_Sarkisyan_2016,HECD1_HUMAN_Tsuboyama_2023_3DKM,0.0012953465460080506,True
GFP_AEQVI_Sarkisyan_2016,HIS7_YEAST_Pokusaeva_2019,-0.09952001011738165,False
GFP_AEQVI_Sarkisyan_2016,HSP82_YEAST_Flynn_2019,0.0012953465460080506,True
GFP_AEQVI_Sarkisyan_2016,HSP82_YEAST_Mishra_2016,0.0012953465460080506,True
GFP_AEQVI_Sarkisyan_2016,HXK4_HUMAN_Gersing_2023_abundance,0.0012953465460080506,True
GFP_AEQVI_Sarkisyan_2016,IF1_ECOLI_Kelsic_2016,0.0012953465460080506,True
GFP_AEQVI_Sarkisyan_2016,ILF3_HUMAN_Tsuboyama_2023_2L33,0.0012953465460080506,True
GFP_AEQVI_Sarkisyan_2016,KCNE1_HUMAN_Muhammad_2023_expression,-0.020900580318274242,False
GFP_AEQVI_Sarkisyan_2016,KKA2_KLEPN_Melnikov_2014,0.0012953465460080506,True
GFP_AEQVI_Sarkisyan_2016,MAFG_MOUSE_Tsuboyama_2023_1K1V,0.0012953465460080506,True
GFP_AEQVI_Sarkisyan_2016,MET_HUMAN_Estevam_2023,0.0012953465460080506,True
GFP_AEQVI_Sarkisyan_2016,MSH2_HUMAN_Jia_2020,0.0012953465460080506,True
GFP_AEQVI_Sarkisyan_2016,MTH3_HAEAE_RockahShmuel_2015,-0.001023730145879087,False
GFP_AEQVI_Sarkisyan_2016,MYO3_YEAST_Tsuboyama_2023_2BTT,-0.023467919647210567,False
GFP_AEQVI_Sarkisyan_2016,NKX31_HUMAN_Tsuboyama_2023_2L9R,-0.07571609270442448,False
GFP_AEQVI_Sarkisyan_2016,NPC1_HUMAN_Erwood_2022_HEK293T,0.0012953465460080506,True
GFP_AEQVI_Sarkisyan_2016,NPC1_HUMAN_Erwood_2022_RPE1,0.0012953465460080506,True
GFP_AEQVI_Sarkisyan_2016,NUD15_HUMAN_Suiter_2020,0.0012953465460080506,True
GFP_AEQVI_Sarkisyan_2016,NUSG_MYCTU_Tsuboyama_2023_2MI6,0.0012953465460080506,True
GFP_AEQVI_Sarkisyan_2016,OBSCN_HUMAN_Tsuboyama_2023_1V1C,-0.0033959658445636975,False
GFP_AEQVI_Sarkisyan_2016,OTU7A_HUMAN_Tsuboyama_2023_2L2D,-0.0266773014365026,False
GFP_AEQVI_Sarkisyan_2016,OXDA_RHOTO_Vanella_2023_activity,0.0012953465460080506,True
GFP_AEQVI_Sarkisyan_2016,OXDA_RHOTO_Vanella_2023_expression,0.0012953465460080506,True
GFP_AEQVI_Sarkisyan_2016,P53_HUMAN_Giacomelli_2018_Null_Etoposide,0.0012953465460080506,True
GFP_AEQVI_Sarkisyan_2016,P53_HUMAN_Giacomelli_2018_WT_Nutlin,0.0012953465460080506,True
GFP_AEQVI_Sarkisyan_2016,P53_HUMAN_Kotler_2018,0.0012953465460080506,True
GFP_AEQVI_Sarkisyan_2016,P84126_THETH_Chan_2017,0.0012953465460080506,True
GFP_AEQVI_Sarkisyan_2016,PABP_YEAST_Melamed_2013,0.0012953465460080506,True
GFP_AEQVI_Sarkisyan_2016,PKN1_HUMAN_Tsuboyama_2023_1URF,0.0012953465460080506,True
GFP_AEQVI_Sarkisyan_2016,POLG_HCVJF_Qi_2014,-0.010025980889439401,False
GFP_AEQVI_Sarkisyan_2016,POLG_PESV_Tsuboyama_2023_2MXD,0.0012953465460080506,True
GFP_AEQVI_Sarkisyan_2016,PPARG_HUMAN_Majithia_2016,0.0012953465460080506,True
GFP_AEQVI_Sarkisyan_2016,PRKN_HUMAN_Clausen_2023,0.0012953465460080506,True
GFP_AEQVI_Sarkisyan_2016,PSAE_PICP2_Tsuboyama_2023_1PSE,0.0012953465460080506,True
GFP_AEQVI_Sarkisyan_2016,PTEN_HUMAN_Mighell_2018,0.0012953465460080506,True
GFP_AEQVI_Sarkisyan_2016,Q2N0S5_9HIV1_Haddox_2018,0.0012953465460080506,True
GFP_AEQVI_Sarkisyan_2016,Q59976_STRSQ_Romero_2015,0.0012953465460080506,True
GFP_AEQVI_Sarkisyan_2016,Q8WTC7_9CNID_Somermeyer_2022,-0.019572119832117818,False
GFP_AEQVI_Sarkisyan_2016,R1AB_SARS2_Flynn_2022,-0.0075986752862133855,False
GFP_AEQVI_Sarkisyan_2016,RASH_HUMAN_Bandaru_2017,0.0012953465460080506,True
GFP_AEQVI_Sarkisyan_2016,RDRP_I33A0_Li_2023,0.0012953465460080506,True
GFP_AEQVI_Sarkisyan_2016,RL20_AQUAE_Tsuboyama_2023_1GYZ,0.0012953465460080506,True
GFP_AEQVI_Sarkisyan_2016,RL40A_YEAST_Mavor_2016,0.0012953465460080506,True
GFP_AEQVI_Sarkisyan_2016,RL40A_YEAST_Roscoe_2013,0.0012953465460080506,True
GFP_AEQVI_Sarkisyan_2016,RL40A_YEAST_Roscoe_2014,0.0012953465460080506,True
GFP_AEQVI_Sarkisyan_2016,RPC1_LAMBD_Li_2019_high-expression,0.0012953465460080506,True
GFP_AEQVI_Sarkisyan_2016,S22A1_HUMAN_Yee_2023_abundance,0.0012953465460080506,True
GFP_AEQVI_Sarkisyan_2016,S22A1_HUMAN_Yee_2023_activity,0.0012953465460080506,True
GFP_AEQVI_Sarkisyan_2016,SDA_BACSU_Tsuboyama_2023_1PV0,0.0012953465460080506,True
GFP_AEQVI_Sarkisyan_2016,SPG1_STRSG_Olson_2014,-0.06566832500227271,False
GFP_AEQVI_Sarkisyan_2016,SPIKE_SARS2_Starr_2020_binding,0.0012953465460080506,True
GFP_AEQVI_Sarkisyan_2016,SPIKE_SARS2_Starr_2020_expression,0.0012953465460080506,True
GFP_AEQVI_Sarkisyan_2016,SRC_HUMAN_Ahler_2019,0.0012953465460080506,True
GFP_AEQVI_Sarkisyan_2016,SUMO1_HUMAN_Weile_2017,0.0012953465460080506,True
GFP_AEQVI_Sarkisyan_2016,SYUA_HUMAN_Newberry_2020,0.0012953465460080506,True
GFP_AEQVI_Sarkisyan_2016,TAT_HV1BR_Fernandes_2016,0.0012953465460080506,True
GFP_AEQVI_Sarkisyan_2016,TCRG1_MOUSE_Tsuboyama_2023_1E0L,0.0012953465460080506,True
GFP_AEQVI_Sarkisyan_2016,THO1_YEAST_Tsuboyama_2023_2WQG,0.0012953465460080506,True
GFP_AEQVI_Sarkisyan_2016,TPK1_HUMAN_Weile_2017,0.0012953465460080506,True
GFP_AEQVI_Sarkisyan_2016,TPMT_HUMAN_Matreyek_2018,0.0012953465460080506,True
GFP_AEQVI_Sarkisyan_2016,TPOR_HUMAN_Bridgford_2020,0.0012953465460080506,True
GFP_AEQVI_Sarkisyan_2016,TRPC_SACS2_Chan_2017,0.0012953465460080506,True
GFP_AEQVI_Sarkisyan_2016,TRPC_THEMA_Chan_2017,0.0012953465460080506,True
GFP_AEQVI_Sarkisyan_2016,UBE4B_HUMAN_Tsuboyama_2023_3L1X,0.0003558058306327716,True
GFP_AEQVI_Sarkisyan_2016,UBE4B_MOUSE_Starita_2013,0.0012953465460080506,True
GFP_AEQVI_Sarkisyan_2016,VILI_CHICK_Tsuboyama_2023_1YU5,0.0012953465460080506,True
GFP_AEQVI_Sarkisyan_2016,VKOR1_HUMAN_Chiasson_2020_activity,0.0012953465460080506,True
GFP_AEQVI_Sarkisyan_2016,VRPI_BPT7_Tsuboyama_2023_2WNM,0.0012953465460080506,True
GFP_AEQVI_Sarkisyan_2016,YNZC_BACSU_Tsuboyama_2023_2JVD,0.0012953465460080506,True
GRB2_HUMAN_Faure_2021,HECD1_HUMAN_Tsuboyama_2023_3DKM,0.011202214933601073,True
GRB2_HUMAN_Faure_2021,HIS7_YEAST_Pokusaeva_2019,-0.09952001011738165,False
GRB2_HUMAN_Faure_2021,HSP82_YEAST_Flynn_2019,0.011202214933601073,True
GRB2_HUMAN_Faure_2021,HSP82_YEAST_Mishra_2016,0.011202214933601073,True
GRB2_HUMAN_Faure_2021,HXK4_HUMAN_Gersing_2023_abundance,0.011202214933601073,True
GRB2_HUMAN_Faure_2021,IF1_ECOLI_Kelsic_2016,0.011202214933601073,True
GRB2_HUMAN_Faure_2021,ILF3_HUMAN_Tsuboyama_2023_2L33,0.011202214933601073,True
GRB2_HUMAN_Faure_2021,KCNE1_HUMAN_Muhammad_2023_expression,-0.020900580318274242,False
GRB2_HUMAN_Faure_2021,KKA2_KLEPN_Melnikov_2014,0.011202214933601073,True
GRB2_HUMAN_Faure_2021,MAFG_MOUSE_Tsuboyama_2023_1K1V,0.011202214933601073,True
GRB2_HUMAN_Faure_2021,MET_HUMAN_Estevam_2023,0.011202214933601073,True
GRB2_HUMAN_Faure_2021,MSH2_HUMAN_Jia_2020,0.011202214933601073,True
GRB2_HUMAN_Faure_2021,MTH3_HAEAE_RockahShmuel_2015,-0.001023730145879087,False
GRB2_HUMAN_Faure_2021,MYO3_YEAST_Tsuboyama_2023_2BTT,-0.023467919647210567,False
GRB2_HUMAN_Faure_2021,NKX31_HUMAN_Tsuboyama_2023_2L9R,-0.07571609270442448,False
GRB2_HUMAN_Faure_2021,NPC1_HUMAN_Erwood_2022_HEK293T,0.011202214933601073,True
GRB2_HUMAN_Faure_2021,NPC1_HUMAN_Erwood_2022_RPE1,0.011202214933601073,True
GRB2_HUMAN_Faure_2021,NUD15_HUMAN_Suiter_2020,0.011202214933601073,True
GRB2_HUMAN_Faure_2021,NUSG_MYCTU_Tsuboyama_2023_2MI6,0.011202214933601073,True
GRB2_HUMAN_Faure_2021,OBSCN_HUMAN_Tsuboyama_2023_1V1C,-0.0033959658445636975,False
GRB2_HUMAN_Faure_2021,OTU7A_HUMAN_Tsuboyama_2023_2L2D,-0.0266773014365026,False
GRB2_HUMAN_Faure_2021,OXDA_RHOTO_Vanella_2023_activity,0.005227546986514842,True
GRB2_HUMAN_Faure_2021,OXDA_RHOTO_Vanella_2023_expression,0.00796019444407814,True
GRB2_HUMAN_Faure_2021,P53_HUMAN_Giacomelli_2018_Null_Etoposide,0.011202214933601073,True
GRB2_HUMAN_Faure_2021,P53_HUMAN_Giacomelli_2018_WT_Nutlin,0.011202214933601073,True
GRB2_HUMAN_Faure_2021,P53_HUMAN_Kotler_2018,0.011202214933601073,True
GRB2_HUMAN_Faure_2021,P84126_THETH_Chan_2017,0.011202214933601073,True
GRB2_HUMAN_Faure_2021,PABP_YEAST_Melamed_2013,0.011202214933601073,True
GRB2_HUMAN_Faure_2021,PKN1_HUMAN_Tsuboyama_2023_1URF,0.011202214933601073,True
GRB2_HUMAN_Faure_2021,POLG_HCVJF_Qi_2014,-0.010025980889439401,False
GRB2_HUMAN_Faure_2021,POLG_PESV_Tsuboyama_2023_2MXD,0.011202214933601073,True
GRB2_HUMAN_Faure_2021,PPARG_HUMAN_Majithia_2016,0.008776375571205142,True
GRB2_HUMAN_Faure_2021,PRKN_HUMAN_Clausen_2023,0.011202214933601073,True
GRB2_HUMAN_Faure_2021,PSAE_PICP2_Tsuboyama_2023_1PSE,0.011202214933601073,True
GRB2_HUMAN_Faure_2021,PTEN_HUMAN_Mighell_2018,0.011202214933601073,True
GRB2_HUMAN_Faure_2021,Q2N0S5_9HIV1_Haddox_2018,0.011202214933601073,True
GRB2_HUMAN_Faure_2021,Q59976_STRSQ_Romero_2015,0.011202214933601073,True
GRB2_HUMAN_Faure_2021,Q8WTC7_9CNID_Somermeyer_2022,-0.019572119832117818,False
GRB2_HUMAN_Faure_2021,R1AB_SARS2_Flynn_2022,-0.0075986752862133855,False
GRB2_HUMAN_Faure_2021,RASH_HUMAN_Bandaru_2017,0.011202214933601073,True
GRB2_HUMAN_Faure_2021,RDRP_I33A0_Li_2023,0.003514334267489913,True
GRB2_HUMAN_Faure_2021,RL20_AQUAE_Tsuboyama_2023_1GYZ,0.011202214933601073,True
GRB2_HUMAN_Faure_2021,RL40A_YEAST_Mavor_2016,0.011202214933601073,True
GRB2_HUMAN_Faure_2021,RL40A_YEAST_Roscoe_2013,0.011202214933601073,True
GRB2_HUMAN_Faure_2021,RL40A_YEAST_Roscoe_2014,0.011202214933601073,True
GRB2_HUMAN_Faure_2021,RPC1_LAMBD_Li_2019_high-expression,0.011202214933601073,True
GRB2_HUMAN_Faure_2021,S22A1_HUMAN_Yee_2023_abundance,0.011202214933601073,True
GRB2_HUMAN_Faure_2021,S22A1_HUMAN_Yee_2023_activity,0.011202214933601073,True
GRB2_HUMAN_Faure_2021,SDA_BACSU_Tsuboyama_2023_1PV0,0.011202214933601073,True
GRB2_HUMAN_Faure_2021,SPG1_STRSG_Olson_2014,-0.06566832500227271,False
GRB2_HUMAN_Faure_2021,SPIKE_SARS2_Starr_2020_binding,0.011202214933601073,True
GRB2_HUMAN_Faure_2021,SPIKE_SARS2_Starr_2020_expression,0.011202214933601073,True
GRB2_HUMAN_Faure_2021,SRC_HUMAN_Ahler_2019,0.011202214933601073,True
GRB2_HUMAN_Faure_2021,SUMO1_HUMAN_Weile_2017,0.011202214933601073,True
GRB2_HUMAN_Faure_2021,SYUA_HUMAN_Newberry_2020,0.011202214933601073,True
GRB2_HUMAN_Faure_2021,TAT_HV1BR_Fernandes_2016,0.011202214933601073,True
GRB2_HUMAN_Faure_2021,TCRG1_MOUSE_Tsuboyama_2023_1E0L,0.011202214933601073,True
GRB2_HUMAN_Faure_2021,THO1_YEAST_Tsuboyama_2023_2WQG,0.011202214933601073,True
GRB2_HUMAN_Faure_2021,TPK1_HUMAN_Weile_2017,0.011202214933601073,True
GRB2_HUMAN_Faure_2021,TPMT_HUMAN_Matreyek_2018,0.011202214933601073,True
GRB2_HUMAN_Faure_2021,TPOR_HUMAN_Bridgford_2020,0.01087314141520801,True
GRB2_HUMAN_Faure_2021,TRPC_SACS2_Chan_2017,0.011202214933601073,True
GRB2_HUMAN_Faure_2021,TRPC_THEMA_Chan_2017,0.011202214933601073,True
GRB2_HUMAN_Faure_2021,UBE4B_HUMAN_Tsuboyama_2023_3L1X,0.0003558058306327716,True
GRB2_HUMAN_Faure_2021,UBE4B_MOUSE_Starita_2013,0.011202214933601073,True
GRB2_HUMAN_Faure_2021,VILI_CHICK_Tsuboyama_2023_1YU5,0.009977139589917694,True
GRB2_HUMAN_Faure_2021,VKOR1_HUMAN_Chiasson_2020_activity,0.011202214933601073,True
GRB2_HUMAN_Faure_2021,VRPI_BPT7_Tsuboyama_2023_2WNM,0.011202214933601073,True
GRB2_HUMAN_Faure_2021,YNZC_BACSU_Tsuboyama_2023_2JVD,0.011202214933601073,True
HECD1_HUMAN_Tsuboyama_2023_3DKM,HIS7_YEAST_Pokusaeva_2019,-0.09952001011738165,False
HECD1_HUMAN_Tsuboyama_2023_3DKM,HSP82_YEAST_Flynn_2019,0.014517525543064264,True
HECD1_HUMAN_Tsuboyama_2023_3DKM,HSP82_YEAST_Mishra_2016,0.014022580563947784,True
HECD1_HUMAN_Tsuboyama_2023_3DKM,HXK4_HUMAN_Gersing_2023_abundance,0.014517525543064264,True
HECD1_HUMAN_Tsuboyama_2023_3DKM,IF1_ECOLI_Kelsic_2016,0.014517525543064264,True
HECD1_HUMAN_Tsuboyama_2023_3DKM,ILF3_HUMAN_Tsuboyama_2023_2L33,0.014517525543064264,True
HECD1_HUMAN_Tsuboyama_2023_3DKM,KCNE1_HUMAN_Muhammad_2023_expression,-0.020900580318274242,False
HECD1_HUMAN_Tsuboyama_2023_3DKM,KKA2_KLEPN_Melnikov_2014,0.014517525543064264,True
HECD1_HUMAN_Tsuboyama_2023_3DKM,MAFG_MOUSE_Tsuboyama_2023_1K1V,0.014517525543064264,True
HECD1_HUMAN_Tsuboyama_2023_3DKM,MET_HUMAN_Estevam_2023,0.014517525543064264,True
HECD1_HUMAN_Tsuboyama_2023_3DKM,MSH2_HUMAN_Jia_2020,0.014517525543064264,True
HECD1_HUMAN_Tsuboyama_2023_3DKM,MTH3_HAEAE_RockahShmuel_2015,-0.001023730145879087,False
HECD1_HUMAN_Tsuboyama_2023_3DKM,MYO3_YEAST_Tsuboyama_2023_2BTT,-0.023467919647210567,False
HECD1_HUMAN_Tsuboyama_2023_3DKM,NKX31_HUMAN_Tsuboyama_2023_2L9R,-0.07571609270442448,False
HECD1_HUMAN_Tsuboyama_2023_3DKM,NPC1_HUMAN_Erwood_2022_HEK293T,0.014517525543064264,True
HECD1_HUMAN_Tsuboyama_2023_3DKM,NPC1_HUMAN_Erwood_2022_RPE1,0.014517525543064264,True
HECD1_HUMAN_Tsuboyama_2023_3DKM,NUD15_HUMAN_Suiter_2020,0.014517525543064264,True
HECD1_HUMAN_Tsuboyama_2023_3DKM,NUSG_MYCTU_Tsuboyama_2023_2MI6,0.014517525543064264,True
HECD1_HUMAN_Tsuboyama_2023_3DKM,OBSCN_HUMAN_Tsuboyama_2023_1V1C,-0.0033959658445636975,False
HECD1_HUMAN_Tsuboyama_2023_3DKM,OTU7A_HUMAN_Tsuboyama_2023_2L2D,-0.0266773014365026,False
HECD1_HUMAN_Tsuboyama_2023_3DKM,OXDA_RHOTO_Vanella_2023_activity,0.005227546986514842,True
HECD1_HUMAN_Tsuboyama_2023_3DKM,OXDA_RHOTO_Vanella_2023_expression,0.00796019444407814,True
HECD1_HUMAN_Tsuboyama_2023_3DKM,P53_HUMAN_Giacomelli_2018_Null_Etoposide,0.014517525543064264,True
HECD1_HUMAN_Tsuboyama_2023_3DKM,P53_HUMAN_Giacomelli_2018_WT_Nutlin,0.014517525543064264,True
HECD1_HUMAN_Tsuboyama_2023_3DKM,P53_HUMAN_Kotler_2018,0.014517525543064264,True
HECD1_HUMAN_Tsuboyama_2023_3DKM,P84126_THETH_Chan_2017,0.014517525543064264,True
HECD1_HUMAN_Tsuboyama_2023_3DKM,PABP_YEAST_Melamed_2013,0.014517525543064264,True
HECD1_HUMAN_Tsuboyama_2023_3DKM,PKN1_HUMAN_Tsuboyama_2023_1URF,0.014517525543064264,True
HECD1_HUMAN_Tsuboyama_2023_3DKM,POLG_HCVJF_Qi_2014,-0.010025980889439401,False
HECD1_HUMAN_Tsuboyama_2023_3DKM,POLG_PESV_Tsuboyama_2023_2MXD,0.014517525543064264,True
HECD1_HUMAN_Tsuboyama_2023_3DKM,PPARG_HUMAN_Majithia_2016,0.008776375571205142,True
HECD1_HUMAN_Tsuboyama_2023_3DKM,PRKN_HUMAN_Clausen_2023,0.014517525543064264,True
HECD1_HUMAN_Tsuboyama_2023_3DKM,PSAE_PICP2_Tsuboyama_2023_1PSE,0.014517525543064264,True
HECD1_HUMAN_Tsuboyama_2023_3DKM,PTEN_HUMAN_Mighell_2018,0.014517525543064264,True
HECD1_HUMAN_Tsuboyama_2023_3DKM,Q2N0S5_9HIV1_Haddox_2018,0.014517525543064264,True
HECD1_HUMAN_Tsuboyama_2023_3DKM,Q59976_STRSQ_Romero_2015,0.014517525543064264,True
HECD1_HUMAN_Tsuboyama_2023_3DKM,Q8WTC7_9CNID_Somermeyer_2022,-0.019572119832117818,False
HECD1_HUMAN_Tsuboyama_2023_3DKM,R1AB_SARS2_Flynn_2022,-0.0075986752862133855,False
HECD1_HUMAN_Tsuboyama_2023_3DKM,RASH_HUMAN_Bandaru_2017,0.014517525543064264,True
HECD1_HUMAN_Tsuboyama_2023_3DKM,RDRP_I33A0_Li_2023,0.003514334267489913,True
HECD1_HUMAN_Tsuboyama_2023_3DKM,RL20_AQUAE_Tsuboyama_2023_1GYZ,0.014517525543064264,True
HECD1_HUMAN_Tsuboyama_2023_3DKM,RL40A_YEAST_Mavor_2016,0.014517525543064264,True
HECD1_HUMAN_Tsuboyama_2023_3DKM,RL40A_YEAST_Roscoe_2013,0.014517525543064264,True
HECD1_HUMAN_Tsuboyama_2023_3DKM,RL40A_YEAST_Roscoe_2014,0.014517525543064264,True
HECD1_HUMAN_Tsuboyama_2023_3DKM,RPC1_LAMBD_Li_2019_high-expression,0.014517525543064264,True
HECD1_HUMAN_Tsuboyama_2023_3DKM,S22A1_HUMAN_Yee_2023_abundance,0.014517525543064264,True
HECD1_HUMAN_Tsuboyama_2023_3DKM,S22A1_HUMAN_Yee_2023_activity,0.014517525543064264,True
HECD1_HUMAN_Tsuboyama_2023_3DKM,SDA_BACSU_Tsuboyama_2023_1PV0,0.014517525543064264,True
HECD1_HUMAN_Tsuboyama_2023_3DKM,SPG1_STRSG_Olson_2014,-0.06566832500227271,False
HECD1_HUMAN_Tsuboyama_2023_3DKM,SPIKE_SARS2_Starr_2020_binding,0.014517525543064264,True
HECD1_HUMAN_Tsuboyama_2023_3DKM,SPIKE_SARS2_Starr_2020_expression,0.014517525543064264,True
HECD1_HUMAN_Tsuboyama_2023_3DKM,SRC_HUMAN_Ahler_2019,0.014517525543064264,True
HECD1_HUMAN_Tsuboyama_2023_3DKM,SUMO1_HUMAN_Weile_2017,0.014517525543064264,True
HECD1_HUMAN_Tsuboyama_2023_3DKM,SYUA_HUMAN_Newberry_2020,0.014517525543064264,True
HECD1_HUMAN_Tsuboyama_2023_3DKM,TAT_HV1BR_Fernandes_2016,0.014517525543064264,True
HECD1_HUMAN_Tsuboyama_2023_3DKM,TCRG1_MOUSE_Tsuboyama_2023_1E0L,0.014517525543064264,True
HECD1_HUMAN_Tsuboyama_2023_3DKM,THO1_YEAST_Tsuboyama_2023_2WQG,0.014517525543064264,True
HECD1_HUMAN_Tsuboyama_2023_3DKM,TPK1_HUMAN_Weile_2017,0.014517525543064264,True
HECD1_HUMAN_Tsuboyama_2023_3DKM,TPMT_HUMAN_Matreyek_2018,0.014517525543064264,True
HECD1_HUMAN_Tsuboyama_2023_3DKM,TPOR_HUMAN_Bridgford_2020,0.01087314141520801,True
HECD1_HUMAN_Tsuboyama_2023_3DKM,TRPC_SACS2_Chan_2017,0.014517525543064264,True
HECD1_HUMAN_Tsuboyama_2023_3DKM,TRPC_THEMA_Chan_2017,0.014517525543064264,True
HECD1_HUMAN_Tsuboyama_2023_3DKM,UBE4B_HUMAN_Tsuboyama_2023_3L1X,0.0003558058306327716,True
HECD1_HUMAN_Tsuboyama_2023_3DKM,UBE4B_MOUSE_Starita_2013,0.014517525543064264,True
HECD1_HUMAN_Tsuboyama_2023_3DKM,VILI_CHICK_Tsuboyama_2023_1YU5,0.009977139589917694,True
HECD1_HUMAN_Tsuboyama_2023_3DKM,VKOR1_HUMAN_Chiasson_2020_activity,0.014517525543064264,True
HECD1_HUMAN_Tsuboyama_2023_3DKM,VRPI_BPT7_Tsuboyama_2023_2WNM,0.013306701291895706,True
HECD1_HUMAN_Tsuboyama_2023_3DKM,YNZC_BACSU_Tsuboyama_2023_2JVD,0.014517525543064264,True
HIS7_YEAST_Pokusaeva_2019,HSP82_YEAST_Flynn_2019,-0.09952001011738165,False
HIS7_YEAST_Pokusaeva_2019,HSP82_YEAST_Mishra_2016,-0.09952001011738165,False
HIS7_YEAST_Pokusaeva_2019,HXK4_HUMAN_Gersing_2023_abundance,-0.09952001011738165,False
HIS7_YEAST_Pokusaeva_2019,IF1_ECOLI_Kelsic_2016,-0.09952001011738165,False
HIS7_YEAST_Pokusaeva_2019,ILF3_HUMAN_Tsuboyama_2023_2L33,-0.09952001011738165,False
HIS7_YEAST_Pokusaeva_2019,KCNE1_HUMAN_Muhammad_2023_expression,-0.09952001011738165,False
HIS7_YEAST_Pokusaeva_2019,KKA2_KLEPN_Melnikov_2014,-0.09952001011738165,False
HIS7_YEAST_Pokusaeva_2019,MAFG_MOUSE_Tsuboyama_2023_1K1V,-0.09952001011738165,False
HIS7_YEAST_Pokusaeva_2019,MET_HUMAN_Estevam_2023,-0.09952001011738165,False
HIS7_YEAST_Pokusaeva_2019,MSH2_HUMAN_Jia_2020,-0.09952001011738165,False
HIS7_YEAST_Pokusaeva_2019,MTH3_HAEAE_RockahShmuel_2015,-0.09952001011738165,False
HIS7_YEAST_Pokusaeva_2019,MYO3_YEAST_Tsuboyama_2023_2BTT,-0.09952001011738165,False
HIS7_YEAST_Pokusaeva_2019,NKX31_HUMAN_Tsuboyama_2023_2L9R,-0.09952001011738165,False
HIS7_YEAST_Pokusaeva_2019,NPC1_HUMAN_Erwood_2022_HEK293T,-0.09952001011738165,False
HIS7_YEAST_Pokusaeva_2019,NPC1_HUMAN_Erwood_2022_RPE1,-0.09952001011738165,False
HIS7_YEAST_Pokusaeva_2019,NUD15_HUMAN_Suiter_2020,-0.09952001011738165,False
HIS7_YEAST_Pokusaeva_2019,NUSG_MYCTU_Tsuboyama_2023_2MI6,-0.09952001011738165,False
HIS7_YEAST_Pokusaeva_2019,OBSCN_HUMAN_Tsuboyama_2023_1V1C,-0.09952001011738165,False
HIS7_YEAST_Pokusaeva_2019,OTU7A_HUMAN_Tsuboyama_2023_2L2D,-0.09952001011738165,False
HIS7_YEAST_Pokusaeva_2019,OXDA_RHOTO_Vanella_2023_activity,-0.09952001011738165,False
HIS7_YEAST_Pokusaeva_2019,OXDA_RHOTO_Vanella_2023_expression,-0.09952001011738165,False
HIS7_YEAST_Pokusaeva_2019,P53_HUMAN_Giacomelli_2018_Null_Etoposide,-0.09952001011738165,False
HIS7_YEAST_Pokusaeva_2019,P53_HUMAN_Giacomelli_2018_WT_Nutlin,-0.09952001011738165,False
HIS7_YEAST_Pokusaeva_2019,P53_HUMAN_Kotler_2018,-0.09952001011738165,False
HIS7_YEAST_Pokusaeva_2019,P84126_THETH_Chan_2017,-0.09952001011738165,False
HIS7_YEAST_Pokusaeva_2019,PABP_YEAST_Melamed_2013,-0.09952001011738165,False
HIS7_YEAST_Pokusaeva_2019,PKN1_HUMAN_Tsuboyama_2023_1URF,-0.09952001011738165,False
HIS7_YEAST_Pokusaeva_2019,POLG_HCVJF_Qi_2014,-0.09952001011738165,False
HIS7_YEAST_Pokusaeva_2019,POLG_PESV_Tsuboyama_2023_2MXD,-0.09952001011738165,False
HIS7_YEAST_Pokusaeva_2019,PPARG_HUMAN_Majithia_2016,-0.09952001011738165,False
HIS7_YEAST_Pokusaeva_2019,PRKN_HUMAN_Clausen_2023,-0.09952001011738165,False
HIS7_YEAST_Pokusaeva_2019,PSAE_PICP2_Tsuboyama_2023_1PSE,-0.09952001011738165,False
HIS7_YEAST_Pokusaeva_2019,PTEN_HUMAN_Mighell_2018,-0.09952001011738165,False
HIS7_YEAST_Pokusaeva_2019,Q2N0S5_9HIV1_Haddox_2018,-0.09952001011738165,False
HIS7_YEAST_Pokusaeva_2019,Q59976_STRSQ_Romero_2015,-0.09952001011738165,False
HIS7_YEAST_Pokusaeva_2019,Q8WTC7_9CNID_Somermeyer_2022,-0.09952001011738165,False
HIS7_YEAST_Pokusaeva_2019,R1AB_SARS2_Flynn_2022,-0.09952001011738165,False
HIS7_YEAST_Pokusaeva_2019,RASH_HUMAN_Bandaru_2017,-0.09952001011738165,False
HIS7_YEAST_Pokusaeva_2019,RDRP_I33A0_Li_2023,-0.09952001011738165,False
HIS7_YEAST_Pokusaeva_2019,RL20_AQUAE_Tsuboyama_2023_1GYZ,-0.09952001011738165,False
HIS7_YEAST_Pokusaeva_2019,RL40A_YEAST_Mavor_2016,-0.09952001011738165,False
HIS7_YEAST_Pokusaeva_2019,RL40A_YEAST_Roscoe_2013,-0.09952001011738165,False
HIS7_YEAST_Pokusaeva_2019,RL40A_YEAST_Roscoe_2014,-0.09952001011738165,False
HIS7_YEAST_Pokusaeva_2019,RPC1_LAMBD_Li_2019_high-expression,-0.09952001011738165,False
HIS7_YEAST_Pokusaeva_2019,S22A1_HUMAN_Yee_2023_abundance,-0.09952001011738165,False
HIS7_YEAST_Pokusaeva_2019,S22A1_HUMAN_Yee_2023_activity,-0.09952001011738165,False
HIS7_YEAST_Pokusaeva_2019,SDA_BACSU_Tsuboyama_2023_1PV0,-0.09952001011738165,False
HIS7_YEAST_Pokusaeva_2019,SPG1_STRSG_Olson_2014,-0.09952001011738165,False
HIS7_YEAST_Pokusaeva_2019,SPIKE_SARS2_Starr_2020_binding,-0.09952001011738165,False
HIS7_YEAST_Pokusaeva_2019,SPIKE_SARS2_Starr_2020_expression,-0.09952001011738165,False
HIS7_YEAST_Pokusaeva_2019,SRC_HUMAN_Ahler_2019,-0.09952001011738165,False
HIS7_YEAST_Pokusaeva_2019,SUMO1_HUMAN_Weile_2017,-0.09952001011738165,False
HIS7_YEAST_Pokusaeva_2019,SYUA_HUMAN_Newberry_2020,-0.09952001011738165,False
HIS7_YEAST_Pokusaeva_2019,TAT_HV1BR_Fernandes_2016,-0.09952001011738165,False
HIS7_YEAST_Pokusaeva_2019,TCRG1_MOUSE_Tsuboyama_2023_1E0L,-0.09952001011738165,False
HIS7_YEAST_Pokusaeva_2019,THO1_YEAST_Tsuboyama_2023_2WQG,-0.09952001011738165,False
HIS7_YEAST_Pokusaeva_2019,TPK1_HUMAN_Weile_2017,-0.09952001011738165,False
HIS7_YEAST_Pokusaeva_2019,TPMT_HUMAN_Matreyek_2018,-0.09952001011738165,False
HIS7_YEAST_Pokusaeva_2019,TPOR_HUMAN_Bridgford_2020,-0.09952001011738165,False
HIS7_YEAST_Pokusaeva_2019,TRPC_SACS2_Chan_2017,-0.09952001011738165,False
HIS7_YEAST_Pokusaeva_2019,TRPC_THEMA_Chan_2017,-0.09952001011738165,False
HIS7_YEAST_Pokusaeva_2019,UBE4B_HUMAN_Tsuboyama_2023_3L1X,-0.09952001011738165,False
HIS7_YEAST_Pokusaeva_2019,UBE4B_MOUSE_Starita_2013,-0.09952001011738165,False
HIS7_YEAST_Pokusaeva_2019,VILI_CHICK_Tsuboyama_2023_1YU5,-0.09952001011738165,False
HIS7_YEAST_Pokusaeva_2019,VKOR1_HUMAN_Chiasson_2020_activity,-0.09952001011738165,False
HIS7_YEAST_Pokusaeva_2019,VRPI_BPT7_Tsuboyama_2023_2WNM,-0.09952001011738165,False
HIS7_YEAST_Pokusaeva_2019,YNZC_BACSU_Tsuboyama_2023_2JVD,-0.09952001011738165,False
HSP82_YEAST_Flynn_2019,HSP82_YEAST_Mishra_2016,0.014022580563947784,True
HSP82_YEAST_Flynn_2019,HXK4_HUMAN_Gersing_2023_abundance,0.02305634324976119,True
HSP82_YEAST_Flynn_2019,IF1_ECOLI_Kelsic_2016,0.03781830554687304,True
HSP82_YEAST_Flynn_2019,ILF3_HUMAN_Tsuboyama_2023_2L33,0.025139413949090694,True
HSP82_YEAST_Flynn_2019,KCNE1_HUMAN_Muhammad_2023_expression,-0.020900580318274242,False
HSP82_YEAST_Flynn_2019,KKA2_KLEPN_Melnikov_2014,0.028816794918210542,True
HSP82_YEAST_Flynn_2019,MAFG_MOUSE_Tsuboyama_2023_1K1V,0.03781830554687304,True
HSP82_YEAST_Flynn_2019,MET_HUMAN_Estevam_2023,0.01773107677348995,True
HSP82_YEAST_Flynn_2019,MSH2_HUMAN_Jia_2020,0.03781830554687304,True
HSP82_YEAST_Flynn_2019,MTH3_HAEAE_RockahShmuel_2015,-0.001023730145879087,False
HSP82_YEAST_Flynn_2019,MYO3_YEAST_Tsuboyama_2023_2BTT,-0.023467919647210567,False
HSP82_YEAST_Flynn_2019,NKX31_HUMAN_Tsuboyama_2023_2L9R,-0.07571609270442448,False
HSP82_YEAST_Flynn_2019,NPC1_HUMAN_Erwood_2022_HEK293T,0.03781830554687304,True
HSP82_YEAST_Flynn_2019,NPC1_HUMAN_Erwood_2022_RPE1,0.03781830554687304,True
HSP82_YEAST_Flynn_2019,NUD15_HUMAN_Suiter_2020,0.03781830554687304,True
HSP82_YEAST_Flynn_2019,NUSG_MYCTU_Tsuboyama_2023_2MI6,0.03781830554687304,True
HSP82_YEAST_Flynn_2019,OBSCN_HUMAN_Tsuboyama_2023_1V1C,-0.0033959658445636975,False
HSP82_YEAST_Flynn_2019,OTU7A_HUMAN_Tsuboyama_2023_2L2D,-0.0266773014365026,False
HSP82_YEAST_Flynn_2019,OXDA_RHOTO_Vanella_2023_activity,0.005227546986514842,True
HSP82_YEAST_Flynn_2019,OXDA_RHOTO_Vanella_2023_expression,0.00796019444407814,True
HSP82_YEAST_Flynn_2019,P53_HUMAN_Giacomelli_2018_Null_Etoposide,0.03781830554687304,True
HSP82_YEAST_Flynn_2019,P53_HUMAN_Giacomelli_2018_WT_Nutlin,0.03781830554687304,True
HSP82_YEAST_Flynn_2019,P53_HUMAN_Kotler_2018,0.03781830554687304,True
HSP82_YEAST_Flynn_2019,P84126_THETH_Chan_2017,0.03781830554687304,True
HSP82_YEAST_Flynn_2019,PABP_YEAST_Melamed_2013,0.018486335491943784,True
HSP82_YEAST_Flynn_2019,PKN1_HUMAN_Tsuboyama_2023_1URF,0.03781830554687304,True
HSP82_YEAST_Flynn_2019,POLG_HCVJF_Qi_2014,-0.010025980889439401,False
HSP82_YEAST_Flynn_2019,POLG_PESV_Tsuboyama_2023_2MXD,0.018346886745346326,True
HSP82_YEAST_Flynn_2019,PPARG_HUMAN_Majithia_2016,0.008776375571205142,True
HSP82_YEAST_Flynn_2019,PRKN_HUMAN_Clausen_2023,0.028096447301574345,True
HSP82_YEAST_Flynn_2019,PSAE_PICP2_Tsuboyama_2023_1PSE,0.03781830554687304,True
HSP82_YEAST_Flynn_2019,PTEN_HUMAN_Mighell_2018,0.03349919595280593,True
HSP82_YEAST_Flynn_2019,Q2N0S5_9HIV1_Haddox_2018,0.029464627283543043,True
HSP82_YEAST_Flynn_2019,Q59976_STRSQ_Romero_2015,0.02635203568092126,True
HSP82_YEAST_Flynn_2019,Q8WTC7_9CNID_Somermeyer_2022,-0.019572119832117818,False
HSP82_YEAST_Flynn_2019,R1AB_SARS2_Flynn_2022,-0.0075986752862133855,False
HSP82_YEAST_Flynn_2019,RASH_HUMAN_Bandaru_2017,0.03781830554687304,True
HSP82_YEAST_Flynn_2019,RDRP_I33A0_Li_2023,0.003514334267489913,True
HSP82_YEAST_Flynn_2019,RL20_AQUAE_Tsuboyama_2023_1GYZ,0.017519272222309812,True
HSP82_YEAST_Flynn_2019,RL40A_YEAST_Mavor_2016,0.03781830554687304,True
HSP82_YEAST_Flynn_2019,RL40A_YEAST_Roscoe_2013,0.03781830554687304,True
HSP82_YEAST_Flynn_2019,RL40A_YEAST_Roscoe_2014,0.029476173152517826,True
HSP82_YEAST_Flynn_2019,RPC1_LAMBD_Li_2019_high-expression,0.03781830554687304,True
HSP82_YEAST_Flynn_2019,S22A1_HUMAN_Yee_2023_abundance,0.03781830554687304,True
HSP82_YEAST_Flynn_2019,S22A1_HUMAN_Yee_2023_activity,0.03781830554687304,True
HSP82_YEAST_Flynn_2019,SDA_BACSU_Tsuboyama_2023_1PV0,0.03781830554687304,True
HSP82_YEAST_Flynn_2019,SPG1_STRSG_Olson_2014,-0.06566832500227271,False
HSP82_YEAST_Flynn_2019,SPIKE_SARS2_Starr_2020_binding,0.014721480759890188,True
HSP82_YEAST_Flynn_2019,SPIKE_SARS2_Starr_2020_expression,0.02075682685721225,True
HSP82_YEAST_Flynn_2019,SRC_HUMAN_Ahler_2019,0.03781830554687304,True
HSP82_YEAST_Flynn_2019,SUMO1_HUMAN_Weile_2017,0.03781830554687304,True
HSP82_YEAST_Flynn_2019,SYUA_HUMAN_Newberry_2020,0.01512065541748564,True
HSP82_YEAST_Flynn_2019,TAT_HV1BR_Fernandes_2016,0.03781830554687304,True
HSP82_YEAST_Flynn_2019,TCRG1_MOUSE_Tsuboyama_2023_1E0L,0.03781830554687304,True
HSP82_YEAST_Flynn_2019,THO1_YEAST_Tsuboyama_2023_2WQG,0.019932273345639406,True
HSP82_YEAST_Flynn_2019,TPK1_HUMAN_Weile_2017,0.03781830554687304,True
HSP82_YEAST_Flynn_2019,TPMT_HUMAN_Matreyek_2018,0.03781830554687304,True
HSP82_YEAST_Flynn_2019,TPOR_HUMAN_Bridgford_2020,0.01087314141520801,True
HSP82_YEAST_Flynn_2019,TRPC_SACS2_Chan_2017,0.03781830554687304,True
HSP82_YEAST_Flynn_2019,TRPC_THEMA_Chan_2017,0.015271992825909075,True
HSP82_YEAST_Flynn_2019,UBE4B_HUMAN_Tsuboyama_2023_3L1X,0.0003558058306327716,True
HSP82_YEAST_Flynn_2019,UBE4B_MOUSE_Starita_2013,0.01930784920605988,True
HSP82_YEAST_Flynn_2019,VILI_CHICK_Tsuboyama_2023_1YU5,0.009977139589917694,True
HSP82_YEAST_Flynn_2019,VKOR1_HUMAN_Chiasson_2020_activity,0.03781830554687304,True
HSP82_YEAST_Flynn_2019,VRPI_BPT7_Tsuboyama_2023_2WNM,0.013306701291895706,True
HSP82_YEAST_Flynn_2019,YNZC_BACSU_Tsuboyama_2023_2JVD,0.03350535605674709,True
HSP82_YEAST_Mishra_2016,HXK4_HUMAN_Gersing_2023_abundance,0.014022580563947784,True
HSP82_YEAST_Mishra_2016,IF1_ECOLI_Kelsic_2016,0.014022580563947784,True
HSP82_YEAST_Mishra_2016,ILF3_HUMAN_Tsuboyama_2023_2L33,0.014022580563947784,True
HSP82_YEAST_Mishra_2016,KCNE1_HUMAN_Muhammad_2023_expression,-0.020900580318274242,False
HSP82_YEAST_Mishra_2016,KKA2_KLEPN_Melnikov_2014,0.014022580563947784,True
HSP82_YEAST_Mishra_2016,MAFG_MOUSE_Tsuboyama_2023_1K1V,0.014022580563947784,True
HSP82_YEAST_Mishra_2016,MET_HUMAN_Estevam_2023,0.014022580563947784,True
HSP82_YEAST_Mishra_2016,MSH2_HUMAN_Jia_2020,0.014022580563947784,True
HSP82_YEAST_Mishra_2016,MTH3_HAEAE_RockahShmuel_2015,-0.001023730145879087,False
HSP82_YEAST_Mishra_2016,MYO3_YEAST_Tsuboyama_2023_2BTT,-0.023467919647210567,False
HSP82_YEAST_Mishra_2016,NKX31_HUMAN_Tsuboyama_2023_2L9R,-0.07571609270442448,False
HSP82_YEAST_Mishra_2016,NPC1_HUMAN_Erwood_2022_HEK293T,0.014022580563947784,True
HSP82_YEAST_Mishra_2016,NPC1_HUMAN_Erwood_2022_RPE1,0.014022580563947784,True
HSP82_YEAST_Mishra_2016,NUD15_HUMAN_Suiter_2020,0.014022580563947784,True
HSP82_YEAST_Mishra_2016,NUSG_MYCTU_Tsuboyama_2023_2MI6,0.014022580563947784,True
HSP82_YEAST_Mishra_2016,OBSCN_HUMAN_Tsuboyama_2023_1V1C,-0.0033959658445636975,False
HSP82_YEAST_Mishra_2016,OTU7A_HUMAN_Tsuboyama_2023_2L2D,-0.0266773014365026,False
HSP82_YEAST_Mishra_2016,OXDA_RHOTO_Vanella_2023_activity,0.005227546986514842,True
HSP82_YEAST_Mishra_2016,OXDA_RHOTO_Vanella_2023_expression,0.00796019444407814,True
HSP82_YEAST_Mishra_2016,P53_HUMAN_Giacomelli_2018_Null_Etoposide,0.014022580563947784,True
HSP82_YEAST_Mishra_2016,P53_HUMAN_Giacomelli_2018_WT_Nutlin,0.014022580563947784,True
HSP82_YEAST_Mishra_2016,P53_HUMAN_Kotler_2018,0.014022580563947784,True
HSP82_YEAST_Mishra_2016,P84126_THETH_Chan_2017,0.014022580563947784,True
HSP82_YEAST_Mishra_2016,PABP_YEAST_Melamed_2013,0.014022580563947784,True
HSP82_YEAST_Mishra_2016,PKN1_HUMAN_Tsuboyama_2023_1URF,0.014022580563947784,True
HSP82_YEAST_Mishra_2016,POLG_HCVJF_Qi_2014,-0.010025980889439401,False
HSP82_YEAST_Mishra_2016,POLG_PESV_Tsuboyama_2023_2MXD,0.014022580563947784,True
HSP82_YEAST_Mishra_2016,PPARG_HUMAN_Majithia_2016,0.008776375571205142,True
HSP82_YEAST_Mishra_2016,PRKN_HUMAN_Clausen_2023,0.014022580563947784,True
HSP82_YEAST_Mishra_2016,PSAE_PICP2_Tsuboyama_2023_1PSE,0.014022580563947784,True
HSP82_YEAST_Mishra_2016,PTEN_HUMAN_Mighell_2018,0.014022580563947784,True
HSP82_YEAST_Mishra_2016,Q2N0S5_9HIV1_Haddox_2018,0.014022580563947784,True
HSP82_YEAST_Mishra_2016,Q59976_STRSQ_Romero_2015,0.014022580563947784,True
HSP82_YEAST_Mishra_2016,Q8WTC7_9CNID_Somermeyer_2022,-0.019572119832117818,False
HSP82_YEAST_Mishra_2016,R1AB_SARS2_Flynn_2022,-0.0075986752862133855,False
HSP82_YEAST_Mishra_2016,RASH_HUMAN_Bandaru_2017,0.014022580563947784,True
HSP82_YEAST_Mishra_2016,RDRP_I33A0_Li_2023,0.003514334267489913,True
HSP82_YEAST_Mishra_2016,RL20_AQUAE_Tsuboyama_2023_1GYZ,0.014022580563947784,True
HSP82_YEAST_Mishra_2016,RL40A_YEAST_Mavor_2016,0.014022580563947784,True
HSP82_YEAST_Mishra_2016,RL40A_YEAST_Roscoe_2013,0.014022580563947784,True
HSP82_YEAST_Mishra_2016,RL40A_YEAST_Roscoe_2014,0.014022580563947784,True
HSP82_YEAST_Mishra_2016,RPC1_LAMBD_Li_2019_high-expression,0.014022580563947784,True
HSP82_YEAST_Mishra_2016,S22A1_HUMAN_Yee_2023_abundance,0.014022580563947784,True
HSP82_YEAST_Mishra_2016,S22A1_HUMAN_Yee_2023_activity,0.014022580563947784,True
HSP82_YEAST_Mishra_2016,SDA_BACSU_Tsuboyama_2023_1PV0,0.014022580563947784,True
HSP82_YEAST_Mishra_2016,SPG1_STRSG_Olson_2014,-0.06566832500227271,False
HSP82_YEAST_Mishra_2016,SPIKE_SARS2_Starr_2020_binding,0.014022580563947784,True
HSP82_YEAST_Mishra_2016,SPIKE_SARS2_Starr_2020_expression,0.014022580563947784,True
HSP82_YEAST_Mishra_2016,SRC_HUMAN_Ahler_2019,0.014022580563947784,True
HSP82_YEAST_Mishra_2016,SUMO1_HUMAN_Weile_2017,0.014022580563947784,True
HSP82_YEAST_Mishra_2016,SYUA_HUMAN_Newberry_2020,0.014022580563947784,True
HSP82_YEAST_Mishra_2016,TAT_HV1BR_Fernandes_2016,0.014022580563947784,True
HSP82_YEAST_Mishra_2016,TCRG1_MOUSE_Tsuboyama_2023_1E0L,0.014022580563947784,True
HSP82_YEAST_Mishra_2016,THO1_YEAST_Tsuboyama_2023_2WQG,0.014022580563947784,True
HSP82_YEAST_Mishra_2016,TPK1_HUMAN_Weile_2017,0.014022580563947784,True
HSP82_YEAST_Mishra_2016,TPMT_HUMAN_Matreyek_2018,0.014022580563947784,True
HSP82_YEAST_Mishra_2016,TPOR_HUMAN_Bridgford_2020,0.01087314141520801,True
HSP82_YEAST_Mishra_2016,TRPC_SACS2_Chan_2017,0.014022580563947784,True
HSP82_YEAST_Mishra_2016,TRPC_THEMA_Chan_2017,0.014022580563947784,True
HSP82_YEAST_Mishra_2016,UBE4B_HUMAN_Tsuboyama_2023_3L1X,0.0003558058306327716,True
HSP82_YEAST_Mishra_2016,UBE4B_MOUSE_Starita_2013,0.014022580563947784,True
HSP82_YEAST_Mishra_2016,VILI_CHICK_Tsuboyama_2023_1YU5,0.009977139589917694,True
HSP82_YEAST_Mishra_2016,VKOR1_HUMAN_Chiasson_2020_activity,0.014022580563947784,True
HSP82_YEAST_Mishra_2016,VRPI_BPT7_Tsuboyama_2023_2WNM,0.013306701291895706,True
HSP82_YEAST_Mishra_2016,YNZC_BACSU_Tsuboyama_2023_2JVD,0.014022580563947784,True
HXK4_HUMAN_Gersing_2023_abundance,IF1_ECOLI_Kelsic_2016,0.02305634324976119,True
HXK4_HUMAN_Gersing_2023_abundance,ILF3_HUMAN_Tsuboyama_2023_2L33,0.02305634324976119,True
HXK4_HUMAN_Gersing_2023_abundance,KCNE1_HUMAN_Muhammad_2023_expression,-0.020900580318274242,False
HXK4_HUMAN_Gersing_2023_abundance,KKA2_KLEPN_Melnikov_2014,0.02305634324976119,True
HXK4_HUMAN_Gersing_2023_abundance,MAFG_MOUSE_Tsuboyama_2023_1K1V,0.02305634324976119,True
HXK4_HUMAN_Gersing_2023_abundance,MET_HUMAN_Estevam_2023,0.01773107677348995,True
HXK4_HUMAN_Gersing_2023_abundance,MSH2_HUMAN_Jia_2020,0.02305634324976119,True
HXK4_HUMAN_Gersing_2023_abundance,MTH3_HAEAE_RockahShmuel_2015,-0.001023730145879087,False
HXK4_HUMAN_Gersing_2023_abundance,MYO3_YEAST_Tsuboyama_2023_2BTT,-0.023467919647210567,False
HXK4_HUMAN_Gersing_2023_abundance,NKX31_HUMAN_Tsuboyama_2023_2L9R,-0.07571609270442448,False
HXK4_HUMAN_Gersing_2023_abundance,NPC1_HUMAN_Erwood_2022_HEK293T,0.02305634324976119,True
HXK4_HUMAN_Gersing_2023_abundance,NPC1_HUMAN_Erwood_2022_RPE1,0.02305634324976119,True
HXK4_HUMAN_Gersing_2023_abundance,NUD15_HUMAN_Suiter_2020,0.02305634324976119,True
HXK4_HUMAN_Gersing_2023_abundance,NUSG_MYCTU_Tsuboyama_2023_2MI6,0.02305634324976119,True
HXK4_HUMAN_Gersing_2023_abundance,OBSCN_HUMAN_Tsuboyama_2023_1V1C,-0.0033959658445636975,False
HXK4_HUMAN_Gersing_2023_abundance,OTU7A_HUMAN_Tsuboyama_2023_2L2D,-0.0266773014365026,False
HXK4_HUMAN_Gersing_2023_abundance,OXDA_RHOTO_Vanella_2023_activity,0.005227546986514842,True
HXK4_HUMAN_Gersing_2023_abundance,OXDA_RHOTO_Vanella_2023_expression,0.00796019444407814,True
HXK4_HUMAN_Gersing_2023_abundance,P53_HUMAN_Giacomelli_2018_Null_Etoposide,0.02305634324976119,True
HXK4_HUMAN_Gersing_2023_abundance,P53_HUMAN_Giacomelli_2018_WT_Nutlin,0.02305634324976119,True
HXK4_HUMAN_Gersing_2023_abundance,P53_HUMAN_Kotler_2018,0.02305634324976119,True
HXK4_HUMAN_Gersing_2023_abundance,P84126_THETH_Chan_2017,0.02305634324976119,True
HXK4_HUMAN_Gersing_2023_abundance,PABP_YEAST_Melamed_2013,0.018486335491943784,True
HXK4_HUMAN_Gersing_2023_abundance,PKN1_HUMAN_Tsuboyama_2023_1URF,0.02305634324976119,True
HXK4_HUMAN_Gersing_2023_abundance,POLG_HCVJF_Qi_2014,-0.010025980889439401,False
HXK4_HUMAN_Gersing_2023_abundance,POLG_PESV_Tsuboyama_2023_2MXD,0.018346886745346326,True
HXK4_HUMAN_Gersing_2023_abundance,PPARG_HUMAN_Majithia_2016,0.008776375571205142,True
HXK4_HUMAN_Gersing_2023_abundance,PRKN_HUMAN_Clausen_2023,0.02305634324976119,True
HXK4_HUMAN_Gersing_2023_abundance,PSAE_PICP2_Tsuboyama_2023_1PSE,0.02305634324976119,True
HXK4_HUMAN_Gersing_2023_abundance,PTEN_HUMAN_Mighell_2018,0.02305634324976119,True
HXK4_HUMAN_Gersing_2023_abundance,Q2N0S5_9HIV1_Haddox_2018,0.02305634324976119,True
HXK4_HUMAN_Gersing_2023_abundance,Q59976_STRSQ_Romero_2015,0.02305634324976119,True
HXK4_HUMAN_Gersing_2023_abundance,Q8WTC7_9CNID_Somermeyer_2022,-0.019572119832117818,False
HXK4_HUMAN_Gersing_2023_abundance,R1AB_SARS2_Flynn_2022,-0.0075986752862133855,False
HXK4_HUMAN_Gersing_2023_abundance,RASH_HUMAN_Bandaru_2017,0.02305634324976119,True
HXK4_HUMAN_Gersing_2023_abundance,RDRP_I33A0_Li_2023,0.003514334267489913,True
HXK4_HUMAN_Gersing_2023_abundance,RL20_AQUAE_Tsuboyama_2023_1GYZ,0.017519272222309812,True
HXK4_HUMAN_Gersing_2023_abundance,RL40A_YEAST_Mavor_2016,0.02305634324976119,True
HXK4_HUMAN_Gersing_2023_abundance,RL40A_YEAST_Roscoe_2013,0.02305634324976119,True
HXK4_HUMAN_Gersing_2023_abundance,RL40A_YEAST_Roscoe_2014,0.02305634324976119,True
HXK4_HUMAN_Gersing_2023_abundance,RPC1_LAMBD_Li_2019_high-expression,0.02305634324976119,True
HXK4_HUMAN_Gersing_2023_abundance,S22A1_HUMAN_Yee_2023_abundance,0.02305634324976119,True
HXK4_HUMAN_Gersing_2023_abundance,S22A1_HUMAN_Yee_2023_activity,0.02305634324976119,True
HXK4_HUMAN_Gersing_2023_abundance,SDA_BACSU_Tsuboyama_2023_1PV0,0.02305634324976119,True
HXK4_HUMAN_Gersing_2023_abundance,SPG1_STRSG_Olson_2014,-0.06566832500227271,False
HXK4_HUMAN_Gersing_2023_abundance,SPIKE_SARS2_Starr_2020_binding,0.014721480759890188,True
HXK4_HUMAN_Gersing_2023_abundance,SPIKE_SARS2_Starr_2020_expression,0.02075682685721225,True
HXK4_HUMAN_Gersing_2023_abundance,SRC_HUMAN_Ahler_2019,0.02305634324976119,True
HXK4_HUMAN_Gersing_2023_abundance,SUMO1_HUMAN_Weile_2017,0.02305634324976119,True
HXK4_HUMAN_Gersing_2023_abundance,SYUA_HUMAN_Newberry_2020,0.01512065541748564,True
HXK4_HUMAN_Gersing_2023_abundance,TAT_HV1BR_Fernandes_2016,0.02305634324976119,True
HXK4_HUMAN_Gersing_2023_abundance,TCRG1_MOUSE_Tsuboyama_2023_1E0L,0.02305634324976119,True
HXK4_HUMAN_Gersing_2023_abundance,THO1_YEAST_Tsuboyama_2023_2WQG,0.019932273345639406,True
HXK4_HUMAN_Gersing_2023_abundance,TPK1_HUMAN_Weile_2017,0.02305634324976119,True
HXK4_HUMAN_Gersing_2023_abundance,TPMT_HUMAN_Matreyek_2018,0.02305634324976119,True
HXK4_HUMAN_Gersing_2023_abundance,TPOR_HUMAN_Bridgford_2020,0.01087314141520801,True
HXK4_HUMAN_Gersing_2023_abundance,TRPC_SACS2_Chan_2017,0.02305634324976119,True
HXK4_HUMAN_Gersing_2023_abundance,TRPC_THEMA_Chan_2017,0.015271992825909075,True
HXK4_HUMAN_Gersing_2023_abundance,UBE4B_HUMAN_Tsuboyama_2023_3L1X,0.0003558058306327716,True
HXK4_HUMAN_Gersing_2023_abundance,UBE4B_MOUSE_Starita_2013,0.01930784920605988,True
HXK4_HUMAN_Gersing_2023_abundance,VILI_CHICK_Tsuboyama_2023_1YU5,0.009977139589917694,True
HXK4_HUMAN_Gersing_2023_abundance,VKOR1_HUMAN_Chiasson_2020_activity,0.02305634324976119,True
HXK4_HUMAN_Gersing_2023_abundance,VRPI_BPT7_Tsuboyama_2023_2WNM,0.013306701291895706,True
HXK4_HUMAN_Gersing_2023_abundance,YNZC_BACSU_Tsuboyama_2023_2JVD,0.02305634324976119,True
IF1_ECOLI_Kelsic_2016,ILF3_HUMAN_Tsuboyama_2023_2L33,0.025139413949090694,True
IF1_ECOLI_Kelsic_2016,KCNE1_HUMAN_Muhammad_2023_expression,-0.020900580318274242,False
IF1_ECOLI_Kelsic_2016,KKA2_KLEPN_Melnikov_2014,0.028816794918210542,True
IF1_ECOLI_Kelsic_2016,MAFG_MOUSE_Tsuboyama_2023_1K1V,0.04710544074562151,True
IF1_ECOLI_Kelsic_2016,MET_HUMAN_Estevam_2023,0.01773107677348995,True
IF1_ECOLI_Kelsic_2016,MSH2_HUMAN_Jia_2020,0.04337554529492649,True
IF1_ECOLI_Kelsic_2016,MTH3_HAEAE_RockahShmuel_2015,-0.001023730145879087,False
IF1_ECOLI_Kelsic_2016,MYO3_YEAST_Tsuboyama_2023_2BTT,-0.023467919647210567,False
IF1_ECOLI_Kelsic_2016,NKX31_HUMAN_Tsuboyama_2023_2L9R,-0.07571609270442448,False
IF1_ECOLI_Kelsic_2016,NPC1_HUMAN_Erwood_2022_HEK293T,0.04710544074562151,True
IF1_ECOLI_Kelsic_2016,NPC1_HUMAN_Erwood_2022_RPE1,0.04710544074562151,True
IF1_ECOLI_Kelsic_2016,NUD15_HUMAN_Suiter_2020,0.03927475735016772,True
IF1_ECOLI_Kelsic_2016,NUSG_MYCTU_Tsuboyama_2023_2MI6,0.04710544074562151,True
IF1_ECOLI_Kelsic_2016,OBSCN_HUMAN_Tsuboyama_2023_1V1C,-0.0033959658445636975,False
IF1_ECOLI_Kelsic_2016,OTU7A_HUMAN_Tsuboyama_2023_2L2D,-0.0266773014365026,False
IF1_ECOLI_Kelsic_2016,OXDA_RHOTO_Vanella_2023_activity,0.005227546986514842,True
IF1_ECOLI_Kelsic_2016,OXDA_RHOTO_Vanella_2023_expression,0.00796019444407814,True
IF1_ECOLI_Kelsic_2016,P53_HUMAN_Giacomelli_2018_Null_Etoposide,0.04710544074562151,True
IF1_ECOLI_Kelsic_2016,P53_HUMAN_Giacomelli_2018_WT_Nutlin,0.04710544074562151,True
IF1_ECOLI_Kelsic_2016,P53_HUMAN_Kotler_2018,0.04710544074562151,True
IF1_ECOLI_Kelsic_2016,P84126_THETH_Chan_2017,0.04710544074562151,True
IF1_ECOLI_Kelsic_2016,PABP_YEAST_Melamed_2013,0.018486335491943784,True
IF1_ECOLI_Kelsic_2016,PKN1_HUMAN_Tsuboyama_2023_1URF,0.04710544074562151,True
IF1_ECOLI_Kelsic_2016,POLG_HCVJF_Qi_2014,-0.010025980889439401,False
IF1_ECOLI_Kelsic_2016,POLG_PESV_Tsuboyama_2023_2MXD,0.018346886745346326,True
IF1_ECOLI_Kelsic_2016,PPARG_HUMAN_Majithia_2016,0.008776375571205142,True
IF1_ECOLI_Kelsic_2016,PRKN_HUMAN_Clausen_2023,0.028096447301574345,True
IF1_ECOLI_Kelsic_2016,PSAE_PICP2_Tsuboyama_2023_1PSE,0.04710544074562151,True
IF1_ECOLI_Kelsic_2016,PTEN_HUMAN_Mighell_2018,0.03349919595280593,True
IF1_ECOLI_Kelsic_2016,Q2N0S5_9HIV1_Haddox_2018,0.029464627283543043,True
IF1_ECOLI_Kelsic_2016,Q59976_STRSQ_Romero_2015,0.02635203568092126,True
IF1_ECOLI_Kelsic_2016,Q8WTC7_9CNID_Somermeyer_2022,-0.019572119832117818,False
IF1_ECOLI_Kelsic_2016,R1AB_SARS2_Flynn_2022,-0.0075986752862133855,False
IF1_ECOLI_Kelsic_2016,RASH_HUMAN_Bandaru_2017,0.04710544074562151,True
IF1_ECOLI_Kelsic_2016,RDRP_I33A0_Li_2023,0.003514334267489913,True
IF1_ECOLI_Kelsic_2016,RL20_AQUAE_Tsuboyama_2023_1GYZ,0.017519272222309812,True
IF1_ECOLI_Kelsic_2016,RL40A_YEAST_Mavor_2016,0.04710544074562151,True
IF1_ECOLI_Kelsic_2016,RL40A_YEAST_Roscoe_2013,0.04710544074562151,True
IF1_ECOLI_Kelsic_2016,RL40A_YEAST_Roscoe_2014,0.029476173152517826,True
IF1_ECOLI_Kelsic_2016,RPC1_LAMBD_Li_2019_high-expression,0.04710544074562151,True
IF1_ECOLI_Kelsic_2016,S22A1_HUMAN_Yee_2023_abundance,0.0466790176092704,True
IF1_ECOLI_Kelsic_2016,S22A1_HUMAN_Yee_2023_activity,0.04710544074562151,True
IF1_ECOLI_Kelsic_2016,SDA_BACSU_Tsuboyama_2023_1PV0,0.04710544074562151,True
IF1_ECOLI_Kelsic_2016,SPG1_STRSG_Olson_2014,-0.06566832500227271,False
IF1_ECOLI_Kelsic_2016,SPIKE_SARS2_Starr_2020_binding,0.014721480759890188,True
IF1_ECOLI_Kelsic_2016,SPIKE_SARS2_Starr_2020_expression,0.02075682685721225,True
IF1_ECOLI_Kelsic_2016,SRC_HUMAN_Ahler_2019,0.041573387285900765,True
IF1_ECOLI_Kelsic_2016,SUMO1_HUMAN_Weile_2017,0.04710544074562151,True
IF1_ECOLI_Kelsic_2016,SYUA_HUMAN_Newberry_2020,0.01512065541748564,True
IF1_ECOLI_Kelsic_2016,TAT_HV1BR_Fernandes_2016,0.0457503772570933,True
IF1_ECOLI_Kelsic_2016,TCRG1_MOUSE_Tsuboyama_2023_1E0L,0.04710544074562151,True
IF1_ECOLI_Kelsic_2016,THO1_YEAST_Tsuboyama_2023_2WQG,0.019932273345639406,True
IF1_ECOLI_Kelsic_2016,TPK1_HUMAN_Weile_2017,0.04710544074562151,True
IF1_ECOLI_Kelsic_2016,TPMT_HUMAN_Matreyek_2018,0.04710544074562151,True
IF1_ECOLI_Kelsic_2016,TPOR_HUMAN_Bridgford_2020,0.01087314141520801,True
IF1_ECOLI_Kelsic_2016,TRPC_SACS2_Chan_2017,0.043914939700933964,True
IF1_ECOLI_Kelsic_2016,TRPC_THEMA_Chan_2017,0.015271992825909075,True
IF1_ECOLI_Kelsic_2016,UBE4B_HUMAN_Tsuboyama_2023_3L1X,0.0003558058306327716,True
IF1_ECOLI_Kelsic_2016,UBE4B_MOUSE_Starita_2013,0.01930784920605988,True
IF1_ECOLI_Kelsic_2016,VILI_CHICK_Tsuboyama_2023_1YU5,0.009977139589917694,True
IF1_ECOLI_Kelsic_2016,VKOR1_HUMAN_Chiasson_2020_activity,0.03832018258908576,True
IF1_ECOLI_Kelsic_2016,VRPI_BPT7_Tsuboyama_2023_2WNM,0.013306701291895706,True
IF1_ECOLI_Kelsic_2016,YNZC_BACSU_Tsuboyama_2023_2JVD,0.03350535605674709,True
ILF3_HUMAN_Tsuboyama_2023_2L33,KCNE1_HUMAN_Muhammad_2023_expression,-0.020900580318274242,False
ILF3_HUMAN_Tsuboyama_2023_2L33,KKA2_KLEPN_Melnikov_2014,0.025139413949090694,True
ILF3_HUMAN_Tsuboyama_2023_2L33,MAFG_MOUSE_Tsuboyama_2023_1K1V,0.025139413949090694,True
ILF3_HUMAN_Tsuboyama_2023_2L33,MET_HUMAN_Estevam_2023,0.01773107677348995,True
ILF3_HUMAN_Tsuboyama_2023_2L33,MSH2_HUMAN_Jia_2020,0.025139413949090694,True
ILF3_HUMAN_Tsuboyama_2023_2L33,MTH3_HAEAE_RockahShmuel_2015,-0.001023730145879087,False
ILF3_HUMAN_Tsuboyama_2023_2L33,MYO3_YEAST_Tsuboyama_2023_2BTT,-0.023467919647210567,False
ILF3_HUMAN_Tsuboyama_2023_2L33,NKX31_HUMAN_Tsuboyama_2023_2L9R,-0.07571609270442448,False
ILF3_HUMAN_Tsuboyama_2023_2L33,NPC1_HUMAN_Erwood_2022_HEK293T,0.025139413949090694,True
ILF3_HUMAN_Tsuboyama_2023_2L33,NPC1_HUMAN_Erwood_2022_RPE1,0.025139413949090694,True
ILF3_HUMAN_Tsuboyama_2023_2L33,NUD15_HUMAN_Suiter_2020,0.025139413949090694,True
ILF3_HUMAN_Tsuboyama_2023_2L33,NUSG_MYCTU_Tsuboyama_2023_2MI6,0.025139413949090694,True
ILF3_HUMAN_Tsuboyama_2023_2L33,OBSCN_HUMAN_Tsuboyama_2023_1V1C,-0.0033959658445636975,False
ILF3_HUMAN_Tsuboyama_2023_2L33,OTU7A_HUMAN_Tsuboyama_2023_2L2D,-0.0266773014365026,False
ILF3_HUMAN_Tsuboyama_2023_2L33,OXDA_RHOTO_Vanella_2023_activity,0.005227546986514842,True
ILF3_HUMAN_Tsuboyama_2023_2L33,OXDA_RHOTO_Vanella_2023_expression,0.00796019444407814,True
ILF3_HUMAN_Tsuboyama_2023_2L33,P53_HUMAN_Giacomelli_2018_Null_Etoposide,0.025139413949090694,True
ILF3_HUMAN_Tsuboyama_2023_2L33,P53_HUMAN_Giacomelli_2018_WT_Nutlin,0.025139413949090694,True
ILF3_HUMAN_Tsuboyama_2023_2L33,P53_HUMAN_Kotler_2018,0.025139413949090694,True
ILF3_HUMAN_Tsuboyama_2023_2L33,P84126_THETH_Chan_2017,0.025139413949090694,True
ILF3_HUMAN_Tsuboyama_2023_2L33,PABP_YEAST_Melamed_2013,0.018486335491943784,True
ILF3_HUMAN_Tsuboyama_2023_2L33,PKN1_HUMAN_Tsuboyama_2023_1URF,0.025139413949090694,True
ILF3_HUMAN_Tsuboyama_2023_2L33,POLG_HCVJF_Qi_2014,-0.010025980889439401,False
ILF3_HUMAN_Tsuboyama_2023_2L33,POLG_PESV_Tsuboyama_2023_2MXD,0.018346886745346326,True
ILF3_HUMAN_Tsuboyama_2023_2L33,PPARG_HUMAN_Majithia_2016,0.008776375571205142,True
ILF3_HUMAN_Tsuboyama_2023_2L33,PRKN_HUMAN_Clausen_2023,0.025139413949090694,True
ILF3_HUMAN_Tsuboyama_2023_2L33,PSAE_PICP2_Tsuboyama_2023_1PSE,0.025139413949090694,True
ILF3_HUMAN_Tsuboyama_2023_2L33,PTEN_HUMAN_Mighell_2018,0.025139413949090694,True
ILF3_HUMAN_Tsuboyama_2023_2L33,Q2N0S5_9HIV1_Haddox_2018,0.025139413949090694,True
ILF3_HUMAN_Tsuboyama_2023_2L33,Q59976_STRSQ_Romero_2015,0.025139413949090694,True
ILF3_HUMAN_Tsuboyama_2023_2L33,Q8WTC7_9CNID_Somermeyer_2022,-0.019572119832117818,False
ILF3_HUMAN_Tsuboyama_2023_2L33,R1AB_SARS2_Flynn_2022,-0.0075986752862133855,False
ILF3_HUMAN_Tsuboyama_2023_2L33,RASH_HUMAN_Bandaru_2017,0.025139413949090694,True
ILF3_HUMAN_Tsuboyama_2023_2L33,RDRP_I33A0_Li_2023,0.003514334267489913,True
ILF3_HUMAN_Tsuboyama_2023_2L33,RL20_AQUAE_Tsuboyama_2023_1GYZ,0.017519272222309812,True
ILF3_HUMAN_Tsuboyama_2023_2L33,RL40A_YEAST_Mavor_2016,0.025139413949090694,True
ILF3_HUMAN_Tsuboyama_2023_2L33,RL40A_YEAST_Roscoe_2013,0.025139413949090694,True
ILF3_HUMAN_Tsuboyama_2023_2L33,RL40A_YEAST_Roscoe_2014,0.025139413949090694,True
ILF3_HUMAN_Tsuboyama_2023_2L33,RPC1_LAMBD_Li_2019_high-expression,0.025139413949090694,True
ILF3_HUMAN_Tsuboyama_2023_2L33,S22A1_HUMAN_Yee_2023_abundance,0.025139413949090694,True
ILF3_HUMAN_Tsuboyama_2023_2L33,S22A1_HUMAN_Yee_2023_activity,0.025139413949090694,True
ILF3_HUMAN_Tsuboyama_2023_2L33,SDA_BACSU_Tsuboyama_2023_1PV0,0.025139413949090694,True
ILF3_HUMAN_Tsuboyama_2023_2L33,SPG1_STRSG_Olson_2014,-0.06566832500227271,False
ILF3_HUMAN_Tsuboyama_2023_2L33,SPIKE_SARS2_Starr_2020_binding,0.014721480759890188,True
ILF3_HUMAN_Tsuboyama_2023_2L33,SPIKE_SARS2_Starr_2020_expression,0.02075682685721225,True
ILF3_HUMAN_Tsuboyama_2023_2L33,SRC_HUMAN_Ahler_2019,0.025139413949090694,True
ILF3_HUMAN_Tsuboyama_2023_2L33,SUMO1_HUMAN_Weile_2017,0.025139413949090694,True
ILF3_HUMAN_Tsuboyama_2023_2L33,SYUA_HUMAN_Newberry_2020,0.01512065541748564,True
ILF3_HUMAN_Tsuboyama_2023_2L33,TAT_HV1BR_Fernandes_2016,0.025139413949090694,True
ILF3_HUMAN_Tsuboyama_2023_2L33,TCRG1_MOUSE_Tsuboyama_2023_1E0L,0.025139413949090694,True
ILF3_HUMAN_Tsuboyama_2023_2L33,THO1_YEAST_Tsuboyama_2023_2WQG,0.019932273345639406,True
ILF3_HUMAN_Tsuboyama_2023_2L33,TPK1_HUMAN_Weile_2017,0.025139413949090694,True
ILF3_HUMAN_Tsuboyama_2023_2L33,TPMT_HUMAN_Matreyek_2018,0.025139413949090694,True
ILF3_HUMAN_Tsuboyama_2023_2L33,TPOR_HUMAN_Bridgford_2020,0.01087314141520801,True
ILF3_HUMAN_Tsuboyama_2023_2L33,TRPC_SACS2_Chan_2017,0.025139413949090694,True
ILF3_HUMAN_Tsuboyama_2023_2L33,TRPC_THEMA_Chan_2017,0.015271992825909075,True
ILF3_HUMAN_Tsuboyama_2023_2L33,UBE4B_HUMAN_Tsuboyama_2023_3L1X,0.0003558058306327716,True
ILF3_HUMAN_Tsuboyama_2023_2L33,UBE4B_MOUSE_Starita_2013,0.01930784920605988,True
ILF3_HUMAN_Tsuboyama_2023_2L33,VILI_CHICK_Tsuboyama_2023_1YU5,0.009977139589917694,True
ILF3_HUMAN_Tsuboyama_2023_2L33,VKOR1_HUMAN_Chiasson_2020_activity,0.025139413949090694,True
ILF3_HUMAN_Tsuboyama_2023_2L33,VRPI_BPT7_Tsuboyama_2023_2WNM,0.013306701291895706,True
ILF3_HUMAN_Tsuboyama_2023_2L33,YNZC_BACSU_Tsuboyama_2023_2JVD,0.025139413949090694,True
KCNE1_HUMAN_Muhammad_2023_expression,KKA2_KLEPN_Melnikov_2014,-0.020900580318274242,False
KCNE1_HUMAN_Muhammad_2023_expression,MAFG_MOUSE_Tsuboyama_2023_1K1V,-0.020900580318274242,False
KCNE1_HUMAN_Muhammad_2023_expression,MET_HUMAN_Estevam_2023,-0.020900580318274242,False
KCNE1_HUMAN_Muhammad_2023_expression,MSH2_HUMAN_Jia_2020,-0.020900580318274242,False
KCNE1_HUMAN_Muhammad_2023_expression,MTH3_HAEAE_RockahShmuel_2015,-0.020900580318274242,False
KCNE1_HUMAN_Muhammad_2023_expression,MYO3_YEAST_Tsuboyama_2023_2BTT,-0.023467919647210567,False
KCNE1_HUMAN_Muhammad_2023_expression,NKX31_HUMAN_Tsuboyama_2023_2L9R,-0.07571609270442448,False
KCNE1_HUMAN_Muhammad_2023_expression,NPC1_HUMAN_Erwood_2022_HEK293T,-0.020900580318274242,False
KCNE1_HUMAN_Muhammad_2023_expression,NPC1_HUMAN_Erwood_2022_RPE1,-0.020900580318274242,False
KCNE1_HUMAN_Muhammad_2023_expression,NUD15_HUMAN_Suiter_2020,-0.020900580318274242,False
KCNE1_HUMAN_Muhammad_2023_expression,NUSG_MYCTU_Tsuboyama_2023_2MI6,-0.020900580318274242,False
KCNE1_HUMAN_Muhammad_2023_expression,OBSCN_HUMAN_Tsuboyama_2023_1V1C,-0.020900580318274242,False
KCNE1_HUMAN_Muhammad_2023_expression,OTU7A_HUMAN_Tsuboyama_2023_2L2D,-0.0266773014365026,False
KCNE1_HUMAN_Muhammad_2023_expression,OXDA_RHOTO_Vanella_2023_activity,-0.020900580318274242,False
KCNE1_HUMAN_Muhammad_2023_expression,OXDA_RHOTO_Vanella_2023_expression,-0.020900580318274242,False
KCNE1_HUMAN_Muhammad_2023_expression,P53_HUMAN_Giacomelli_2018_Null_Etoposide,-0.020900580318274242,False
KCNE1_HUMAN_Muhammad_2023_expression,P53_HUMAN_Giacomelli_2018_WT_Nutlin,-0.020900580318274242,False
KCNE1_HUMAN_Muhammad_2023_expression,P53_HUMAN_Kotler_2018,-0.020900580318274242,False
KCNE1_HUMAN_Muhammad_2023_expression,P84126_THETH_Chan_2017,-0.020900580318274242,False
KCNE1_HUMAN_Muhammad_2023_expression,PABP_YEAST_Melamed_2013,-0.020900580318274242,False
KCNE1_HUMAN_Muhammad_2023_expression,PKN1_HUMAN_Tsuboyama_2023_1URF,-0.020900580318274242,False
KCNE1_HUMAN_Muhammad_2023_expression,POLG_HCVJF_Qi_2014,-0.020900580318274242,False
KCNE1_HUMAN_Muhammad_2023_expression,POLG_PESV_Tsuboyama_2023_2MXD,-0.020900580318274242,False
KCNE1_HUMAN_Muhammad_2023_expression,PPARG_HUMAN_Majithia_2016,-0.020900580318274242,False
KCNE1_HUMAN_Muhammad_2023_expression,PRKN_HUMAN_Clausen_2023,-0.020900580318274242,False
KCNE1_HUMAN_Muhammad_2023_expression,PSAE_PICP2_Tsuboyama_2023_1PSE,-0.020900580318274242,False
KCNE1_HUMAN_Muhammad_2023_expression,PTEN_HUMAN_Mighell_2018,-0.020900580318274242,False
KCNE1_HUMAN_Muhammad_2023_expression,Q2N0S5_9HIV1_Haddox_2018,-0.020900580318274242,False
KCNE1_HUMAN_Muhammad_2023_expression,Q59976_STRSQ_Romero_2015,-0.020900580318274242,False
KCNE1_HUMAN_Muhammad_2023_expression,Q8WTC7_9CNID_Somermeyer_2022,-0.020900580318274242,False
KCNE1_HUMAN_Muhammad_2023_expression,R1AB_SARS2_Flynn_2022,-0.020900580318274242,False
KCNE1_HUMAN_Muhammad_2023_expression,RASH_HUMAN_Bandaru_2017,-0.020900580318274242,False
KCNE1_HUMAN_Muhammad_2023_expression,RDRP_I33A0_Li_2023,-0.020900580318274242,False
KCNE1_HUMAN_Muhammad_2023_expression,RL20_AQUAE_Tsuboyama_2023_1GYZ,-0.020900580318274242,False
KCNE1_HUMAN_Muhammad_2023_expression,RL40A_YEAST_Mavor_2016,-0.020900580318274242,False
KCNE1_HUMAN_Muhammad_2023_expression,RL40A_YEAST_Roscoe_2013,-0.020900580318274242,False
KCNE1_HUMAN_Muhammad_2023_expression,RL40A_YEAST_Roscoe_2014,-0.020900580318274242,False
KCNE1_HUMAN_Muhammad_2023_expression,RPC1_LAMBD_Li_2019_high-expression,-0.020900580318274242,False
KCNE1_HUMAN_Muhammad_2023_expression,S22A1_HUMAN_Yee_2023_abundance,-0.020900580318274242,False
KCNE1_HUMAN_Muhammad_2023_expression,S22A1_HUMAN_Yee_2023_activity,-0.020900580318274242,False
KCNE1_HUMAN_Muhammad_2023_expression,SDA_BACSU_Tsuboyama_2023_1PV0,-0.020900580318274242,False
KCNE1_HUMAN_Muhammad_2023_expression,SPG1_STRSG_Olson_2014,-0.06566832500227271,False
KCNE1_HUMAN_Muhammad_2023_expression,SPIKE_SARS2_Starr_2020_binding,-0.020900580318274242,False
KCNE1_HUMAN_Muhammad_2023_expression,SPIKE_SARS2_Starr_2020_expression,-0.020900580318274242,False
KCNE1_HUMAN_Muhammad_2023_expression,SRC_HUMAN_Ahler_2019,-0.020900580318274242,False
KCNE1_HUMAN_Muhammad_2023_expression,SUMO1_HUMAN_Weile_2017,-0.020900580318274242,False
KCNE1_HUMAN_Muhammad_2023_expression,SYUA_HUMAN_Newberry_2020,-0.020900580318274242,False
KCNE1_HUMAN_Muhammad_2023_expression,TAT_HV1BR_Fernandes_2016,-0.020900580318274242,False
KCNE1_HUMAN_Muhammad_2023_expression,TCRG1_MOUSE_Tsuboyama_2023_1E0L,-0.020900580318274242,False
KCNE1_HUMAN_Muhammad_2023_expression,THO1_YEAST_Tsuboyama_2023_2WQG,-0.020900580318274242,False
KCNE1_HUMAN_Muhammad_2023_expression,TPK1_HUMAN_Weile_2017,-0.020900580318274242,False
KCNE1_HUMAN_Muhammad_2023_expression,TPMT_HUMAN_Matreyek_2018,-0.020900580318274242,False
KCNE1_HUMAN_Muhammad_2023_expression,TPOR_HUMAN_Bridgford_2020,-0.020900580318274242,False
KCNE1_HUMAN_Muhammad_2023_expression,TRPC_SACS2_Chan_2017,-0.020900580318274242,False
KCNE1_HUMAN_Muhammad_2023_expression,TRPC_THEMA_Chan_2017,-0.020900580318274242,False
KCNE1_HUMAN_Muhammad_2023_expression,UBE4B_HUMAN_Tsuboyama_2023_3L1X,-0.020900580318274242,False
KCNE1_HUMAN_Muhammad_2023_expression,UBE4B_MOUSE_Starita_2013,-0.020900580318274242,False
KCNE1_HUMAN_Muhammad_2023_expression,VILI_CHICK_Tsuboyama_2023_1YU5,-0.020900580318274242,False
KCNE1_HUMAN_Muhammad_2023_expression,VKOR1_HUMAN_Chiasson_2020_activity,-0.020900580318274242,False
KCNE1_HUMAN_Muhammad_2023_expression,VRPI_BPT7_Tsuboyama_2023_2WNM,-0.020900580318274242,False
KCNE1_HUMAN_Muhammad_2023_expression,YNZC_BACSU_Tsuboyama_2023_2JVD,-0.020900580318274242,False
KKA2_KLEPN_Melnikov_2014,MAFG_MOUSE_Tsuboyama_2023_1K1V,0.028816794918210542,True
KKA2_KLEPN_Melnikov_2014,MET_HUMAN_Estevam_2023,0.01773107677348995,True
KKA2_KLEPN_Melnikov_2014,MSH2_HUMAN_Jia_2020,0.028816794918210542,True
KKA2_KLEPN_Melnikov_2014,MTH3_HAEAE_RockahShmuel_2015,-0.001023730145879087,False
KKA2_KLEPN_Melnikov_2014,MYO3_YEAST_Tsuboyama_2023_2BTT,-0.023467919647210567,False
KKA2_KLEPN_Melnikov_2014,NKX31_HUMAN_Tsuboyama_2023_2L9R,-0.07571609270442448,False
KKA2_KLEPN_Melnikov_2014,NPC1_HUMAN_Erwood_2022_HEK293T,0.028816794918210542,True
KKA2_KLEPN_Melnikov_2014,NPC1_HUMAN_Erwood_2022_RPE1,0.028816794918210542,True
KKA2_KLEPN_Melnikov_2014,NUD15_HUMAN_Suiter_2020,0.028816794918210542,True
KKA2_KLEPN_Melnikov_2014,NUSG_MYCTU_Tsuboyama_2023_2MI6,0.028816794918210542,True
KKA2_KLEPN_Melnikov_2014,OBSCN_HUMAN_Tsuboyama_2023_1V1C,-0.0033959658445636975,False
KKA2_KLEPN_Melnikov_2014,OTU7A_HUMAN_Tsuboyama_2023_2L2D,-0.0266773014365026,False
KKA2_KLEPN_Melnikov_2014,OXDA_RHOTO_Vanella_2023_activity,0.005227546986514842,True
KKA2_KLEPN_Melnikov_2014,OXDA_RHOTO_Vanella_2023_expression,0.00796019444407814,True
KKA2_KLEPN_Melnikov_2014,P53_HUMAN_Giacomelli_2018_Null_Etoposide,0.028816794918210542,True
KKA2_KLEPN_Melnikov_2014,P53_HUMAN_Giacomelli_2018_WT_Nutlin,0.028816794918210542,True
KKA2_KLEPN_Melnikov_2014,P53_HUMAN_Kotler_2018,0.028816794918210542,True
KKA2_KLEPN_Melnikov_2014,P84126_THETH_Chan_2017,0.028816794918210542,True
KKA2_KLEPN_Melnikov_2014,PABP_YEAST_Melamed_2013,0.018486335491943784,True
KKA2_KLEPN_Melnikov_2014,PKN1_HUMAN_Tsuboyama_2023_1URF,0.028816794918210542,True
KKA2_KLEPN_Melnikov_2014,POLG_HCVJF_Qi_2014,-0.010025980889439401,False
KKA2_KLEPN_Melnikov_2014,POLG_PESV_Tsuboyama_2023_2MXD,0.018346886745346326,True
KKA2_KLEPN_Melnikov_2014,PPARG_HUMAN_Majithia_2016,0.008776375571205142,True
KKA2_KLEPN_Melnikov_2014,PRKN_HUMAN_Clausen_2023,0.028096447301574345,True
KKA2_KLEPN_Melnikov_2014,PSAE_PICP2_Tsuboyama_2023_1PSE,0.028816794918210542,True
KKA2_KLEPN_Melnikov_2014,PTEN_HUMAN_Mighell_2018,0.028816794918210542,True
KKA2_KLEPN_Melnikov_2014,Q2N0S5_9HIV1_Haddox_2018,0.028816794918210542,True
KKA2_KLEPN_Melnikov_2014,Q59976_STRSQ_Romero_2015,0.02635203568092126,True
KKA2_KLEPN_Melnikov_2014,Q8WTC7_9CNID_Somermeyer_2022,-0.019572119832117818,False
KKA2_KLEPN_Melnikov_2014,R1AB_SARS2_Flynn_2022,-0.0075986752862133855,False
KKA2_KLEPN_Melnikov_2014,RASH_HUMAN_Bandaru_2017,0.028816794918210542,True
KKA2_KLEPN_Melnikov_2014,RDRP_I33A0_Li_2023,0.003514334267489913,True
KKA2_KLEPN_Melnikov_2014,RL20_AQUAE_Tsuboyama_2023_1GYZ,0.017519272222309812,True
KKA2_KLEPN_Melnikov_2014,RL40A_YEAST_Mavor_2016,0.028816794918210542,True
KKA2_KLEPN_Melnikov_2014,RL40A_YEAST_Roscoe_2013,0.028816794918210542,True
KKA2_KLEPN_Melnikov_2014,RL40A_YEAST_Roscoe_2014,0.028816794918210542,True
KKA2_KLEPN_Melnikov_2014,RPC1_LAMBD_Li_2019_high-expression,0.028816794918210542,True
KKA2_KLEPN_Melnikov_2014,S22A1_HUMAN_Yee_2023_abundance,0.028816794918210542,True
KKA2_KLEPN_Melnikov_2014,S22A1_HUMAN_Yee_2023_activity,0.028816794918210542,True
KKA2_KLEPN_Melnikov_2014,SDA_BACSU_Tsuboyama_2023_1PV0,0.028816794918210542,True
KKA2_KLEPN_Melnikov_2014,SPG1_STRSG_Olson_2014,-0.06566832500227271,False
KKA2_KLEPN_Melnikov_2014,SPIKE_SARS2_Starr_2020_binding,0.014721480759890188,True
KKA2_KLEPN_Melnikov_2014,SPIKE_SARS2_Starr_2020_expression,0.02075682685721225,True
KKA2_KLEPN_Melnikov_2014,SRC_HUMAN_Ahler_2019,0.028816794918210542,True
KKA2_KLEPN_Melnikov_2014,SUMO1_HUMAN_Weile_2017,0.028816794918210542,True
KKA2_KLEPN_Melnikov_2014,SYUA_HUMAN_Newberry_2020,0.01512065541748564,True
KKA2_KLEPN_Melnikov_2014,TAT_HV1BR_Fernandes_2016,0.028816794918210542,True
KKA2_KLEPN_Melnikov_2014,TCRG1_MOUSE_Tsuboyama_2023_1E0L,0.028816794918210542,True
KKA2_KLEPN_Melnikov_2014,THO1_YEAST_Tsuboyama_2023_2WQG,0.019932273345639406,True
KKA2_KLEPN_Melnikov_2014,TPK1_HUMAN_Weile_2017,0.028816794918210542,True
KKA2_KLEPN_Melnikov_2014,TPMT_HUMAN_Matreyek_2018,0.028816794918210542,True
KKA2_KLEPN_Melnikov_2014,TPOR_HUMAN_Bridgford_2020,0.01087314141520801,True
KKA2_KLEPN_Melnikov_2014,TRPC_SACS2_Chan_2017,0.028816794918210542,True
KKA2_KLEPN_Melnikov_2014,TRPC_THEMA_Chan_2017,0.015271992825909075,True
KKA2_KLEPN_Melnikov_2014,UBE4B_HUMAN_Tsuboyama_2023_3L1X,0.0003558058306327716,True
KKA2_KLEPN_Melnikov_2014,UBE4B_MOUSE_Starita_2013,0.01930784920605988,True
KKA2_KLEPN_Melnikov_2014,VILI_CHICK_Tsuboyama_2023_1YU5,0.009977139589917694,True
KKA2_KLEPN_Melnikov_2014,VKOR1_HUMAN_Chiasson_2020_activity,0.028816794918210542,True
KKA2_KLEPN_Melnikov_2014,VRPI_BPT7_Tsuboyama_2023_2WNM,0.013306701291895706,True
KKA2_KLEPN_Melnikov_2014,YNZC_BACSU_Tsuboyama_2023_2JVD,0.028816794918210542,True
MAFG_MOUSE_Tsuboyama_2023_1K1V,MET_HUMAN_Estevam_2023,0.01773107677348995,True
MAFG_MOUSE_Tsuboyama_2023_1K1V,MSH2_HUMAN_Jia_2020,0.04337554529492649,True
MAFG_MOUSE_Tsuboyama_2023_1K1V,MTH3_HAEAE_RockahShmuel_2015,-0.001023730145879087,False
MAFG_MOUSE_Tsuboyama_2023_1K1V,MYO3_YEAST_Tsuboyama_2023_2BTT,-0.023467919647210567,False
MAFG_MOUSE_Tsuboyama_2023_1K1V,NKX31_HUMAN_Tsuboyama_2023_2L9R,-0.07571609270442448,False
MAFG_MOUSE_Tsuboyama_2023_1K1V,NPC1_HUMAN_Erwood_2022_HEK293T,0.07737722711337258,True
MAFG_MOUSE_Tsuboyama_2023_1K1V,NPC1_HUMAN_Erwood_2022_RPE1,0.06558134890576736,True
MAFG_MOUSE_Tsuboyama_2023_1K1V,NUD15_HUMAN_Suiter_2020,0.03927475735016772,True
MAFG_MOUSE_Tsuboyama_2023_1K1V,NUSG_MYCTU_Tsuboyama_2023_2MI6,0.05410787399543371,True
MAFG_MOUSE_Tsuboyama_2023_1K1V,OBSCN_HUMAN_Tsuboyama_2023_1V1C,-0.0033959658445636975,False
MAFG_MOUSE_Tsuboyama_2023_1K1V,OTU7A_HUMAN_Tsuboyama_2023_2L2D,-0.0266773014365026,False
MAFG_MOUSE_Tsuboyama_2023_1K1V,OXDA_RHOTO_Vanella_2023_activity,0.005227546986514842,True
MAFG_MOUSE_Tsuboyama_2023_1K1V,OXDA_RHOTO_Vanella_2023_expression,0.00796019444407814,True
MAFG_MOUSE_Tsuboyama_2023_1K1V,P53_HUMAN_Giacomelli_2018_Null_Etoposide,0.05271030811842725,True
MAFG_MOUSE_Tsuboyama_2023_1K1V,P53_HUMAN_Giacomelli_2018_WT_Nutlin,0.04778369575570296,True
MAFG_MOUSE_Tsuboyama_2023_1K1V,P53_HUMAN_Kotler_2018,0.07737722711337258,True
MAFG_MOUSE_Tsuboyama_2023_1K1V,P84126_THETH_Chan_2017,0.060888066126786544,True
MAFG_MOUSE_Tsuboyama_2023_1K1V,PABP_YEAST_Melamed_2013,0.018486335491943784,True
MAFG_MOUSE_Tsuboyama_2023_1K1V,PKN1_HUMAN_Tsuboyama_2023_1URF,0.07737722711337258,True
MAFG_MOUSE_Tsuboyama_2023_1K1V,POLG_HCVJF_Qi_2014,-0.010025980889439401,False
MAFG_MOUSE_Tsuboyama_2023_1K1V,POLG_PESV_Tsuboyama_2023_2MXD,0.018346886745346326,True
MAFG_MOUSE_Tsuboyama_2023_1K1V,PPARG_HUMAN_Majithia_2016,0.008776375571205142,True
MAFG_MOUSE_Tsuboyama_2023_1K1V,PRKN_HUMAN_Clausen_2023,0.028096447301574345,True
MAFG_MOUSE_Tsuboyama_2023_1K1V,PSAE_PICP2_Tsuboyama_2023_1PSE,0.060262613177218816,True
MAFG_MOUSE_Tsuboyama_2023_1K1V,PTEN_HUMAN_Mighell_2018,0.03349919595280593,True
MAFG_MOUSE_Tsuboyama_2023_1K1V,Q2N0S5_9HIV1_Haddox_2018,0.029464627283543043,True
MAFG_MOUSE_Tsuboyama_2023_1K1V,Q59976_STRSQ_Romero_2015,0.02635203568092126,True
MAFG_MOUSE_Tsuboyama_2023_1K1V,Q8WTC7_9CNID_Somermeyer_2022,-0.019572119832117818,False
MAFG_MOUSE_Tsuboyama_2023_1K1V,R1AB_SARS2_Flynn_2022,-0.0075986752862133855,False
MAFG_MOUSE_Tsuboyama_2023_1K1V,RASH_HUMAN_Bandaru_2017,0.07562368206822945,True
MAFG_MOUSE_Tsuboyama_2023_1K1V,RDRP_I33A0_Li_2023,0.003514334267489913,True
MAFG_MOUSE_Tsuboyama_2023_1K1V,RL20_AQUAE_Tsuboyama_2023_1GYZ,0.017519272222309812,True
MAFG_MOUSE_Tsuboyama_2023_1K1V,RL40A_YEAST_Mavor_2016,0.04773831522373409,True
MAFG_MOUSE_Tsuboyama_2023_1K1V,RL40A_YEAST_Roscoe_2013,0.07400147819007868,True
MAFG_MOUSE_Tsuboyama_2023_1K1V,RL40A_YEAST_Roscoe_2014,0.029476173152517826,True
MAFG_MOUSE_Tsuboyama_2023_1K1V,RPC1_LAMBD_Li_2019_high-expression,0.05659744389386523,True
MAFG_MOUSE_Tsuboyama_2023_1K1V,S22A1_HUMAN_Yee_2023_abundance,0.0466790176092704,True
MAFG_MOUSE_Tsuboyama_2023_1K1V,S22A1_HUMAN_Yee_2023_activity,0.0621517734908017,True
MAFG_MOUSE_Tsuboyama_2023_1K1V,SDA_BACSU_Tsuboyama_2023_1PV0,0.060218957473155754,True
MAFG_MOUSE_Tsuboyama_2023_1K1V,SPG1_STRSG_Olson_2014,-0.06566832500227271,False
MAFG_MOUSE_Tsuboyama_2023_1K1V,SPIKE_SARS2_Starr_2020_binding,0.014721480759890188,True
MAFG_MOUSE_Tsuboyama_2023_1K1V,SPIKE_SARS2_Starr_2020_expression,0.02075682685721225,True
MAFG_MOUSE_Tsuboyama_2023_1K1V,SRC_HUMAN_Ahler_2019,0.041573387285900765,True
MAFG_MOUSE_Tsuboyama_2023_1K1V,SUMO1_HUMAN_Weile_2017,0.07283661346208614,True
MAFG_MOUSE_Tsuboyama_2023_1K1V,SYUA_HUMAN_Newberry_2020,0.01512065541748564,True
MAFG_MOUSE_Tsuboyama_2023_1K1V,TAT_HV1BR_Fernandes_2016,0.0457503772570933,True
MAFG_MOUSE_Tsuboyama_2023_1K1V,TCRG1_MOUSE_Tsuboyama_2023_1E0L,0.047358305255345456,True
MAFG_MOUSE_Tsuboyama_2023_1K1V,THO1_YEAST_Tsuboyama_2023_2WQG,0.019932273345639406,True
MAFG_MOUSE_Tsuboyama_2023_1K1V,TPK1_HUMAN_Weile_2017,0.05205085756175826,True
MAFG_MOUSE_Tsuboyama_2023_1K1V,TPMT_HUMAN_Matreyek_2018,0.05038210874737192,True
MAFG_MOUSE_Tsuboyama_2023_1K1V,TPOR_HUMAN_Bridgford_2020,0.01087314141520801,True
MAFG_MOUSE_Tsuboyama_2023_1K1V,TRPC_SACS2_Chan_2017,0.043914939700933964,True
MAFG_MOUSE_Tsuboyama_2023_1K1V,TRPC_THEMA_Chan_2017,0.015271992825909075,True
MAFG_MOUSE_Tsuboyama_2023_1K1V,UBE4B_HUMAN_Tsuboyama_2023_3L1X,0.0003558058306327716,True
MAFG_MOUSE_Tsuboyama_2023_1K1V,UBE4B_MOUSE_Starita_2013,0.01930784920605988,True
MAFG_MOUSE_Tsuboyama_2023_1K1V,VILI_CHICK_Tsuboyama_2023_1YU5,0.009977139589917694,True
MAFG_MOUSE_Tsuboyama_2023_1K1V,VKOR1_HUMAN_Chiasson_2020_activity,0.03832018258908576,True
MAFG_MOUSE_Tsuboyama_2023_1K1V,VRPI_BPT7_Tsuboyama_2023_2WNM,0.013306701291895706,True
MAFG_MOUSE_Tsuboyama_2023_1K1V,YNZC_BACSU_Tsuboyama_2023_2JVD,0.03350535605674709,True
MET_HUMAN_Estevam_2023,MSH2_HUMAN_Jia_2020,0.01773107677348995,True
MET_HUMAN_Estevam_2023,MTH3_HAEAE_RockahShmuel_2015,-0.001023730145879087,False
MET_HUMAN_Estevam_2023,MYO3_YEAST_Tsuboyama_2023_2BTT,-0.023467919647210567,False
MET_HUMAN_Estevam_2023,NKX31_HUMAN_Tsuboyama_2023_2L9R,-0.07571609270442448,False
MET_HUMAN_Estevam_2023,NPC1_HUMAN_Erwood_2022_HEK293T,0.01773107677348995,True
MET_HUMAN_Estevam_2023,NPC1_HUMAN_Erwood_2022_RPE1,0.01773107677348995,True
MET_HUMAN_Estevam_2023,NUD15_HUMAN_Suiter_2020,0.01773107677348995,True
MET_HUMAN_Estevam_2023,NUSG_MYCTU_Tsuboyama_2023_2MI6,0.01773107677348995,True
MET_HUMAN_Estevam_2023,OBSCN_HUMAN_Tsuboyama_2023_1V1C,-0.0033959658445636975,False
MET_HUMAN_Estevam_2023,OTU7A_HUMAN_Tsuboyama_2023_2L2D,-0.0266773014365026,False
MET_HUMAN_Estevam_2023,OXDA_RHOTO_Vanella_2023_activity,0.005227546986514842,True
MET_HUMAN_Estevam_2023,OXDA_RHOTO_Vanella_2023_expression,0.00796019444407814,True
MET_HUMAN_Estevam_2023,P53_HUMAN_Giacomelli_2018_Null_Etoposide,0.01773107677348995,True
MET_HUMAN_Estevam_2023,P53_HUMAN_Giacomelli_2018_WT_Nutlin,0.01773107677348995,True
MET_HUMAN_Estevam_2023,P53_HUMAN_Kotler_2018,0.01773107677348995,True
MET_HUMAN_Estevam_2023,P84126_THETH_Chan_2017,0.01773107677348995,True
MET_HUMAN_Estevam_2023,PABP_YEAST_Melamed_2013,0.01773107677348995,True
MET_HUMAN_Estevam_2023,PKN1_HUMAN_Tsuboyama_2023_1URF,0.01773107677348995,True
MET_HUMAN_Estevam_2023,POLG_HCVJF_Qi_2014,-0.010025980889439401,False
MET_HUMAN_Estevam_2023,POLG_PESV_Tsuboyama_2023_2MXD,0.01773107677348995,True
MET_HUMAN_Estevam_2023,PPARG_HUMAN_Majithia_2016,0.008776375571205142,True
MET_HUMAN_Estevam_2023,PRKN_HUMAN_Clausen_2023,0.01773107677348995,True
MET_HUMAN_Estevam_2023,PSAE_PICP2_Tsuboyama_2023_1PSE,0.01773107677348995,True
MET_HUMAN_Estevam_2023,PTEN_HUMAN_Mighell_2018,0.01773107677348995,True
MET_HUMAN_Estevam_2023,Q2N0S5_9HIV1_Haddox_2018,0.01773107677348995,True
MET_HUMAN_Estevam_2023,Q59976_STRSQ_Romero_2015,0.01773107677348995,True
MET_HUMAN_Estevam_2023,Q8WTC7_9CNID_Somermeyer_2022,-0.019572119832117818,False
MET_HUMAN_Estevam_2023,R1AB_SARS2_Flynn_2022,-0.0075986752862133855,False
MET_HUMAN_Estevam_2023,RASH_HUMAN_Bandaru_2017,0.01773107677348995,True
MET_HUMAN_Estevam_2023,RDRP_I33A0_Li_2023,0.003514334267489913,True
MET_HUMAN_Estevam_2023,RL20_AQUAE_Tsuboyama_2023_1GYZ,0.017519272222309812,True
MET_HUMAN_Estevam_2023,RL40A_YEAST_Mavor_2016,0.01773107677348995,True
MET_HUMAN_Estevam_2023,RL40A_YEAST_Roscoe_2013,0.01773107677348995,True
MET_HUMAN_Estevam_2023,RL40A_YEAST_Roscoe_2014,0.01773107677348995,True
MET_HUMAN_Estevam_2023,RPC1_LAMBD_Li_2019_high-expression,0.01773107677348995,True
MET_HUMAN_Estevam_2023,S22A1_HUMAN_Yee_2023_abundance,0.01773107677348995,True
MET_HUMAN_Estevam_2023,S22A1_HUMAN_Yee_2023_activity,0.01773107677348995,True
MET_HUMAN_Estevam_2023,SDA_BACSU_Tsuboyama_2023_1PV0,0.01773107677348995,True
MET_HUMAN_Estevam_2023,SPG1_STRSG_Olson_2014,-0.06566832500227271,False
MET_HUMAN_Estevam_2023,SPIKE_SARS2_Starr_2020_binding,0.014721480759890188,True
MET_HUMAN_Estevam_2023,SPIKE_SARS2_Starr_2020_expression,0.01773107677348995,True
MET_HUMAN_Estevam_2023,SRC_HUMAN_Ahler_2019,0.01773107677348995,True
MET_HUMAN_Estevam_2023,SUMO1_HUMAN_Weile_2017,0.01773107677348995,True
MET_HUMAN_Estevam_2023,SYUA_HUMAN_Newberry_2020,0.01512065541748564,True
MET_HUMAN_Estevam_2023,TAT_HV1BR_Fernandes_2016,0.01773107677348995,True
MET_HUMAN_Estevam_2023,TCRG1_MOUSE_Tsuboyama_2023_1E0L,0.01773107677348995,True
MET_HUMAN_Estevam_2023,THO1_YEAST_Tsuboyama_2023_2WQG,0.01773107677348995,True
MET_HUMAN_Estevam_2023,TPK1_HUMAN_Weile_2017,0.01773107677348995,True
MET_HUMAN_Estevam_2023,TPMT_HUMAN_Matreyek_2018,0.01773107677348995,True
MET_HUMAN_Estevam_2023,TPOR_HUMAN_Bridgford_2020,0.01087314141520801,True
MET_HUMAN_Estevam_2023,TRPC_SACS2_Chan_2017,0.01773107677348995,True
MET_HUMAN_Estevam_2023,TRPC_THEMA_Chan_2017,0.015271992825909075,True
MET_HUMAN_Estevam_2023,UBE4B_HUMAN_Tsuboyama_2023_3L1X,0.0003558058306327716,True
MET_HUMAN_Estevam_2023,UBE4B_MOUSE_Starita_2013,0.01773107677348995,True
MET_HUMAN_Estevam_2023,VILI_CHICK_Tsuboyama_2023_1YU5,0.009977139589917694,True
MET_HUMAN_Estevam_2023,VKOR1_HUMAN_Chiasson_2020_activity,0.01773107677348995,True
MET_HUMAN_Estevam_2023,VRPI_BPT7_Tsuboyama_2023_2WNM,0.013306701291895706,True
MET_HUMAN_Estevam_2023,YNZC_BACSU_Tsuboyama_2023_2JVD,0.01773107677348995,True
MSH2_HUMAN_Jia_2020,MTH3_HAEAE_RockahShmuel_2015,-0.001023730145879087,False
MSH2_HUMAN_Jia_2020,MYO3_YEAST_Tsuboyama_2023_2BTT,-0.023467919647210567,False
MSH2_HUMAN_Jia_2020,NKX31_HUMAN_Tsuboyama_2023_2L9R,-0.07571609270442448,False
MSH2_HUMAN_Jia_2020,NPC1_HUMAN_Erwood_2022_HEK293T,0.04337554529492649,True
MSH2_HUMAN_Jia_2020,NPC1_HUMAN_Erwood_2022_RPE1,0.04337554529492649,True
MSH2_HUMAN_Jia_2020,NUD15_HUMAN_Suiter_2020,0.03927475735016772,True
MSH2_HUMAN_Jia_2020,NUSG_MYCTU_Tsuboyama_2023_2MI6,0.04337554529492649,True
MSH2_HUMAN_Jia_2020,OBSCN_HUMAN_Tsuboyama_2023_1V1C,-0.0033959658445636975,False
MSH2_HUMAN_Jia_2020,OTU7A_HUMAN_Tsuboyama_2023_2L2D,-0.0266773014365026,False
MSH2_HUMAN_Jia_2020,OXDA_RHOTO_Vanella_2023_activity,0.005227546986514842,True
MSH2_HUMAN_Jia_2020,OXDA_RHOTO_Vanella_2023_expression,0.00796019444407814,True
MSH2_HUMAN_Jia_2020,P53_HUMAN_Giacomelli_2018_Null_Etoposide,0.04337554529492649,True
MSH2_HUMAN_Jia_2020,P53_HUMAN_Giacomelli_2018_WT_Nutlin,0.04337554529492649,True
MSH2_HUMAN_Jia_2020,P53_HUMAN_Kotler_2018,0.04337554529492649,True
MSH2_HUMAN_Jia_2020,P84126_THETH_Chan_2017,0.04337554529492649,True
MSH2_HUMAN_Jia_2020,PABP_YEAST_Melamed_2013,0.018486335491943784,True
MSH2_HUMAN_Jia_2020,PKN1_HUMAN_Tsuboyama_2023_1URF,0.04337554529492649,True
MSH2_HUMAN_Jia_2020,POLG_HCVJF_Qi_2014,-0.010025980889439401,False
MSH2_HUMAN_Jia_2020,POLG_PESV_Tsuboyama_2023_2MXD,0.018346886745346326,True
MSH2_HUMAN_Jia_2020,PPARG_HUMAN_Majithia_2016,0.008776375571205142,True
MSH2_HUMAN_Jia_2020,PRKN_HUMAN_Clausen_2023,0.028096447301574345,True
MSH2_HUMAN_Jia_2020,PSAE_PICP2_Tsuboyama_2023_1PSE,0.04337554529492649,True
MSH2_HUMAN_Jia_2020,PTEN_HUMAN_Mighell_2018,0.03349919595280593,True
MSH2_HUMAN_Jia_2020,Q2N0S5_9HIV1_Haddox_2018,0.029464627283543043,True
MSH2_HUMAN_Jia_2020,Q59976_STRSQ_Romero_2015,0.02635203568092126,True
MSH2_HUMAN_Jia_2020,Q8WTC7_9CNID_Somermeyer_2022,-0.019572119832117818,False
MSH2_HUMAN_Jia_2020,R1AB_SARS2_Flynn_2022,-0.0075986752862133855,False
MSH2_HUMAN_Jia_2020,RASH_HUMAN_Bandaru_2017,0.04337554529492649,True
MSH2_HUMAN_Jia_2020,RDRP_I33A0_Li_2023,0.003514334267489913,True
MSH2_HUMAN_Jia_2020,RL20_AQUAE_Tsuboyama_2023_1GYZ,0.017519272222309812,True
MSH2_HUMAN_Jia_2020,RL40A_YEAST_Mavor_2016,0.04337554529492649,True
MSH2_HUMAN_Jia_2020,RL40A_YEAST_Roscoe_2013,0.04337554529492649,True
MSH2_HUMAN_Jia_2020,RL40A_YEAST_Roscoe_2014,0.029476173152517826,True
MSH2_HUMAN_Jia_2020,RPC1_LAMBD_Li_2019_high-expression,0.04337554529492649,True
MSH2_HUMAN_Jia_2020,S22A1_HUMAN_Yee_2023_abundance,0.04337554529492649,True
MSH2_HUMAN_Jia_2020,S22A1_HUMAN_Yee_2023_activity,0.04337554529492649,True
MSH2_HUMAN_Jia_2020,SDA_BACSU_Tsuboyama_2023_1PV0,0.04337554529492649,True
MSH2_HUMAN_Jia_2020,SPG1_STRSG_Olson_2014,-0.06566832500227271,False
MSH2_HUMAN_Jia_2020,SPIKE_SARS2_Starr_2020_binding,0.014721480759890188,True
MSH2_HUMAN_Jia_2020,SPIKE_SARS2_Starr_2020_expression,0.02075682685721225,True
MSH2_HUMAN_Jia_2020,SRC_HUMAN_Ahler_2019,0.041573387285900765,True
MSH2_HUMAN_Jia_2020,SUMO1_HUMAN_Weile_2017,0.04337554529492649,True
MSH2_HUMAN_Jia_2020,SYUA_HUMAN_Newberry_2020,0.01512065541748564,True
MSH2_HUMAN_Jia_2020,TAT_HV1BR_Fernandes_2016,0.04337554529492649,True
MSH2_HUMAN_Jia_2020,TCRG1_MOUSE_Tsuboyama_2023_1E0L,0.04337554529492649,True
MSH2_HUMAN_Jia_2020,THO1_YEAST_Tsuboyama_2023_2WQG,0.019932273345639406,True
MSH2_HUMAN_Jia_2020,TPK1_HUMAN_Weile_2017,0.04337554529492649,True
MSH2_HUMAN_Jia_2020,TPMT_HUMAN_Matreyek_2018,0.04337554529492649,True
MSH2_HUMAN_Jia_2020,TPOR_HUMAN_Bridgford_2020,0.01087314141520801,True
MSH2_HUMAN_Jia_2020,TRPC_SACS2_Chan_2017,0.04337554529492649,True
MSH2_HUMAN_Jia_2020,TRPC_THEMA_Chan_2017,0.015271992825909075,True
MSH2_HUMAN_Jia_2020,UBE4B_HUMAN_Tsuboyama_2023_3L1X,0.0003558058306327716,True
MSH2_HUMAN_Jia_2020,UBE4B_MOUSE_Starita_2013,0.01930784920605988,True
MSH2_HUMAN_Jia_2020,VILI_CHICK_Tsuboyama_2023_1YU5,0.009977139589917694,True
MSH2_HUMAN_Jia_2020,VKOR1_HUMAN_Chiasson_2020_activity,0.03832018258908576,True
MSH2_HUMAN_Jia_2020,VRPI_BPT7_Tsuboyama_2023_2WNM,0.013306701291895706,True
MSH2_HUMAN_Jia_2020,YNZC_BACSU_Tsuboyama_2023_2JVD,0.03350535605674709,True
MTH3_HAEAE_RockahShmuel_2015,MYO3_YEAST_Tsuboyama_2023_2BTT,-0.023467919647210567,False
MTH3_HAEAE_RockahShmuel_2015,NKX31_HUMAN_Tsuboyama_2023_2L9R,-0.07571609270442448,False
MTH3_HAEAE_RockahShmuel_2015,NPC1_HUMAN_Erwood_2022_HEK293T,-0.001023730145879087,False
MTH3_HAEAE_RockahShmuel_2015,NPC1_HUMAN_Erwood_2022_RPE1,-0.001023730145879087,False
MTH3_HAEAE_RockahShmuel_2015,NUD15_HUMAN_Suiter_2020,-0.001023730145879087,False
MTH3_HAEAE_RockahShmuel_2015,NUSG_MYCTU_Tsuboyama_2023_2MI6,-0.001023730145879087,False
MTH3_HAEAE_RockahShmuel_2015,OBSCN_HUMAN_Tsuboyama_2023_1V1C,-0.0033959658445636975,False
MTH3_HAEAE_RockahShmuel_2015,OTU7A_HUMAN_Tsuboyama_2023_2L2D,-0.0266773014365026,False
MTH3_HAEAE_RockahShmuel_2015,OXDA_RHOTO_Vanella_2023_activity,-0.001023730145879087,False
MTH3_HAEAE_RockahShmuel_2015,OXDA_RHOTO_Vanella_2023_expression,-0.001023730145879087,False
MTH3_HAEAE_RockahShmuel_2015,P53_HUMAN_Giacomelli_2018_Null_Etoposide,-0.001023730145879087,False
MTH3_HAEAE_RockahShmuel_2015,P53_HUMAN_Giacomelli_2018_WT_Nutlin,-0.001023730145879087,False
MTH3_HAEAE_RockahShmuel_2015,P53_HUMAN_Kotler_2018,-0.001023730145879087,False
MTH3_HAEAE_RockahShmuel_2015,P84126_THETH_Chan_2017,-0.001023730145879087,False
MTH3_HAEAE_RockahShmuel_2015,PABP_YEAST_Melamed_2013,-0.001023730145879087,False
MTH3_HAEAE_RockahShmuel_2015,PKN1_HUMAN_Tsuboyama_2023_1URF,-0.001023730145879087,False
MTH3_HAEAE_RockahShmuel_2015,POLG_HCVJF_Qi_2014,-0.010025980889439401,False
MTH3_HAEAE_RockahShmuel_2015,POLG_PESV_Tsuboyama_2023_2MXD,-0.001023730145879087,False
MTH3_HAEAE_RockahShmuel_2015,PPARG_HUMAN_Majithia_2016,-0.001023730145879087,False
MTH3_HAEAE_RockahShmuel_2015,PRKN_HUMAN_Clausen_2023,-0.001023730145879087,False
MTH3_HAEAE_RockahShmuel_2015,PSAE_PICP2_Tsuboyama_2023_1PSE,-0.001023730145879087,False
MTH3_HAEAE_RockahShmuel_2015,PTEN_HUMAN_Mighell_2018,-0.001023730145879087,False
MTH3_HAEAE_RockahShmuel_2015,Q2N0S5_9HIV1_Haddox_2018,-0.001023730145879087,False
MTH3_HAEAE_RockahShmuel_2015,Q59976_STRSQ_Romero_2015,-0.001023730145879087,False
MTH3_HAEAE_RockahShmuel_2015,Q8WTC7_9CNID_Somermeyer_2022,-0.019572119832117818,False
MTH3_HAEAE_RockahShmuel_2015,R1AB_SARS2_Flynn_2022,-0.0075986752862133855,False
MTH3_HAEAE_RockahShmuel_2015,RASH_HUMAN_Bandaru_2017,-0.001023730145879087,False
MTH3_HAEAE_RockahShmuel_2015,RDRP_I33A0_Li_2023,-0.001023730145879087,False
MTH3_HAEAE_RockahShmuel_2015,RL20_AQUAE_Tsuboyama_2023_1GYZ,-0.001023730145879087,False
MTH3_HAEAE_RockahShmuel_2015,RL40A_YEAST_Mavor_2016,-0.001023730145879087,False
MTH3_HAEAE_RockahShmuel_2015,RL40A_YEAST_Roscoe_2013,-0.001023730145879087,False
MTH3_HAEAE_RockahShmuel_2015,RL40A_YEAST_Roscoe_2014,-0.001023730145879087,False
MTH3_HAEAE_RockahShmuel_2015,RPC1_LAMBD_Li_2019_high-expression,-0.001023730145879087,False
MTH3_HAEAE_RockahShmuel_2015,S22A1_HUMAN_Yee_2023_abundance,-0.001023730145879087,False
MTH3_HAEAE_RockahShmuel_2015,S22A1_HUMAN_Yee_2023_activity,-0.001023730145879087,False
MTH3_HAEAE_RockahShmuel_2015,SDA_BACSU_Tsuboyama_2023_1PV0,-0.001023730145879087,False
MTH3_HAEAE_RockahShmuel_2015,SPG1_STRSG_Olson_2014,-0.06566832500227271,False
MTH3_HAEAE_RockahShmuel_2015,SPIKE_SARS2_Starr_2020_binding,-0.001023730145879087,False
MTH3_HAEAE_RockahShmuel_2015,SPIKE_SARS2_Starr_2020_expression,-0.001023730145879087,False
MTH3_HAEAE_RockahShmuel_2015,SRC_HUMAN_Ahler_2019,-0.001023730145879087,False
MTH3_HAEAE_RockahShmuel_2015,SUMO1_HUMAN_Weile_2017,-0.001023730145879087,False
MTH3_HAEAE_RockahShmuel_2015,SYUA_HUMAN_Newberry_2020,-0.001023730145879087,False
MTH3_HAEAE_RockahShmuel_2015,TAT_HV1BR_Fernandes_2016,-0.001023730145879087,False
MTH3_HAEAE_RockahShmuel_2015,TCRG1_MOUSE_Tsuboyama_2023_1E0L,-0.001023730145879087,False
MTH3_HAEAE_RockahShmuel_2015,THO1_YEAST_Tsuboyama_2023_2WQG,-0.001023730145879087,False
MTH3_HAEAE_RockahShmuel_2015,TPK1_HUMAN_Weile_2017,-0.001023730145879087,False
MTH3_HAEAE_RockahShmuel_2015,TPMT_HUMAN_Matreyek_2018,-0.001023730145879087,False
MTH3_HAEAE_RockahShmuel_2015,TPOR_HUMAN_Bridgford_2020,-0.001023730145879087,False
MTH3_HAEAE_RockahShmuel_2015,TRPC_SACS2_Chan_2017,-0.001023730145879087,False
MTH3_HAEAE_RockahShmuel_2015,TRPC_THEMA_Chan_2017,-0.001023730145879087,False
MTH3_HAEAE_RockahShmuel_2015,UBE4B_HUMAN_Tsuboyama_2023_3L1X,-0.001023730145879087,False
MTH3_HAEAE_RockahShmuel_2015,UBE4B_MOUSE_Starita_2013,-0.001023730145879087,False
MTH3_HAEAE_RockahShmuel_2015,VILI_CHICK_Tsuboyama_2023_1YU5,-0.001023730145879087,False
MTH3_HAEAE_RockahShmuel_2015,VKOR1_HUMAN_Chiasson_2020_activity,-0.001023730145879087,False
MTH3_HAEAE_RockahShmuel_2015,VRPI_BPT7_Tsuboyama_2023_2WNM,-0.001023730145879087,False
MTH3_HAEAE_RockahShmuel_2015,YNZC_BACSU_Tsuboyama_2023_2JVD,-0.001023730145879087,False
MYO3_YEAST_Tsuboyama_2023_2BTT,NKX31_HUMAN_Tsuboyama_2023_2L9R,-0.07571609270442448,False
MYO3_YEAST_Tsuboyama_2023_2BTT,NPC1_HUMAN_Erwood_2022_HEK293T,-0.023467919647210567,False
MYO3_YEAST_Tsuboyama_2023_2BTT,NPC1_HUMAN_Erwood_2022_RPE1,-0.023467919647210567,False
MYO3_YEAST_Tsuboyama_2023_2BTT,NUD15_HUMAN_Suiter_2020,-0.023467919647210567,False
MYO3_YEAST_Tsuboyama_2023_2BTT,NUSG_MYCTU_Tsuboyama_2023_2MI6,-0.023467919647210567,False
MYO3_YEAST_Tsuboyama_2023_2BTT,OBSCN_HUMAN_Tsuboyama_2023_1V1C,-0.023467919647210567,False
MYO3_YEAST_Tsuboyama_2023_2BTT,OTU7A_HUMAN_Tsuboyama_2023_2L2D,-0.0266773014365026,False
MYO3_YEAST_Tsuboyama_2023_2BTT,OXDA_RHOTO_Vanella_2023_activity,-0.023467919647210567,False
MYO3_YEAST_Tsuboyama_2023_2BTT,OXDA_RHOTO_Vanella_2023_expression,-0.023467919647210567,False
MYO3_YEAST_Tsuboyama_2023_2BTT,P53_HUMAN_Giacomelli_2018_Null_Etoposide,-0.023467919647210567,False
MYO3_YEAST_Tsuboyama_2023_2BTT,P53_HUMAN_Giacomelli_2018_WT_Nutlin,-0.023467919647210567,False
MYO3_YEAST_Tsuboyama_2023_2BTT,P53_HUMAN_Kotler_2018,-0.023467919647210567,False
MYO3_YEAST_Tsuboyama_2023_2BTT,P84126_THETH_Chan_2017,-0.023467919647210567,False
MYO3_YEAST_Tsuboyama_2023_2BTT,PABP_YEAST_Melamed_2013,-0.023467919647210567,False
MYO3_YEAST_Tsuboyama_2023_2BTT,PKN1_HUMAN_Tsuboyama_2023_1URF,-0.023467919647210567,False
MYO3_YEAST_Tsuboyama_2023_2BTT,POLG_HCVJF_Qi_2014,-0.023467919647210567,False
MYO3_YEAST_Tsuboyama_2023_2BTT,POLG_PESV_Tsuboyama_2023_2MXD,-0.023467919647210567,False
MYO3_YEAST_Tsuboyama_2023_2BTT,PPARG_HUMAN_Majithia_2016,-0.023467919647210567,False
MYO3_YEAST_Tsuboyama_2023_2BTT,PRKN_HUMAN_Clausen_2023,-0.023467919647210567,False
MYO3_YEAST_Tsuboyama_2023_2BTT,PSAE_PICP2_Tsuboyama_2023_1PSE,-0.023467919647210567,False
MYO3_YEAST_Tsuboyama_2023_2BTT,PTEN_HUMAN_Mighell_2018,-0.023467919647210567,False
MYO3_YEAST_Tsuboyama_2023_2BTT,Q2N0S5_9HIV1_Haddox_2018,-0.023467919647210567,False
MYO3_YEAST_Tsuboyama_2023_2BTT,Q59976_STRSQ_Romero_2015,-0.023467919647210567,False
MYO3_YEAST_Tsuboyama_2023_2BTT,Q8WTC7_9CNID_Somermeyer_2022,-0.023467919647210567,False
MYO3_YEAST_Tsuboyama_2023_2BTT,R1AB_SARS2_Flynn_2022,-0.023467919647210567,False
MYO3_YEAST_Tsuboyama_2023_2BTT,RASH_HUMAN_Bandaru_2017,-0.023467919647210567,False
MYO3_YEAST_Tsuboyama_2023_2BTT,RDRP_I33A0_Li_2023,-0.023467919647210567,False
MYO3_YEAST_Tsuboyama_2023_2BTT,RL20_AQUAE_Tsuboyama_2023_1GYZ,-0.023467919647210567,False
MYO3_YEAST_Tsuboyama_2023_2BTT,RL40A_YEAST_Mavor_2016,-0.023467919647210567,False
MYO3_YEAST_Tsuboyama_2023_2BTT,RL40A_YEAST_Roscoe_2013,-0.023467919647210567,False
MYO3_YEAST_Tsuboyama_2023_2BTT,RL40A_YEAST_Roscoe_2014,-0.023467919647210567,False
MYO3_YEAST_Tsuboyama_2023_2BTT,RPC1_LAMBD_Li_2019_high-expression,-0.023467919647210567,False
MYO3_YEAST_Tsuboyama_2023_2BTT,S22A1_HUMAN_Yee_2023_abundance,-0.023467919647210567,False
MYO3_YEAST_Tsuboyama_2023_2BTT,S22A1_HUMAN_Yee_2023_activity,-0.023467919647210567,False
MYO3_YEAST_Tsuboyama_2023_2BTT,SDA_BACSU_Tsuboyama_2023_1PV0,-0.023467919647210567,False
MYO3_YEAST_Tsuboyama_2023_2BTT,SPG1_STRSG_Olson_2014,-0.06566832500227271,False
MYO3_YEAST_Tsuboyama_2023_2BTT,SPIKE_SARS2_Starr_2020_binding,-0.023467919647210567,False
MYO3_YEAST_Tsuboyama_2023_2BTT,SPIKE_SARS2_Starr_2020_expression,-0.023467919647210567,False
MYO3_YEAST_Tsuboyama_2023_2BTT,SRC_HUMAN_Ahler_2019,-0.023467919647210567,False
MYO3_YEAST_Tsuboyama_2023_2BTT,SUMO1_HUMAN_Weile_2017,-0.023467919647210567,False
MYO3_YEAST_Tsuboyama_2023_2BTT,SYUA_HUMAN_Newberry_2020,-0.023467919647210567,False
MYO3_YEAST_Tsuboyama_2023_2BTT,TAT_HV1BR_Fernandes_2016,-0.023467919647210567,False
MYO3_YEAST_Tsuboyama_2023_2BTT,TCRG1_MOUSE_Tsuboyama_2023_1E0L,-0.023467919647210567,False
MYO3_YEAST_Tsuboyama_2023_2BTT,THO1_YEAST_Tsuboyama_2023_2WQG,-0.023467919647210567,False
MYO3_YEAST_Tsuboyama_2023_2BTT,TPK1_HUMAN_Weile_2017,-0.023467919647210567,False
MYO3_YEAST_Tsuboyama_2023_2BTT,TPMT_HUMAN_Matreyek_2018,-0.023467919647210567,False
MYO3_YEAST_Tsuboyama_2023_2BTT,TPOR_HUMAN_Bridgford_2020,-0.023467919647210567,False
MYO3_YEAST_Tsuboyama_2023_2BTT,TRPC_SACS2_Chan_2017,-0.023467919647210567,False
MYO3_YEAST_Tsuboyama_2023_2BTT,TRPC_THEMA_Chan_2017,-0.023467919647210567,False
MYO3_YEAST_Tsuboyama_2023_2BTT,UBE4B_HUMAN_Tsuboyama_2023_3L1X,-0.023467919647210567,False
MYO3_YEAST_Tsuboyama_2023_2BTT,UBE4B_MOUSE_Starita_2013,-0.023467919647210567,False
MYO3_YEAST_Tsuboyama_2023_2BTT,VILI_CHICK_Tsuboyama_2023_1YU5,-0.023467919647210567,False
MYO3_YEAST_Tsuboyama_2023_2BTT,VKOR1_HUMAN_Chiasson_2020_activity,-0.023467919647210567,False
MYO3_YEAST_Tsuboyama_2023_2BTT,VRPI_BPT7_Tsuboyama_2023_2WNM,-0.023467919647210567,False
MYO3_YEAST_Tsuboyama_2023_2BTT,YNZC_BACSU_Tsuboyama_2023_2JVD,-0.023467919647210567,False
NKX31_HUMAN_Tsuboyama_2023_2L9R,NPC1_HUMAN_Erwood_2022_HEK293T,-0.07571609270442448,False
NKX31_HUMAN_Tsuboyama_2023_2L9R,NPC1_HUMAN_Erwood_2022_RPE1,-0.07571609270442448,False
NKX31_HUMAN_Tsuboyama_2023_2L9R,NUD15_HUMAN_Suiter_2020,-0.07571609270442448,False
NKX31_HUMAN_Tsuboyama_2023_2L9R,NUSG_MYCTU_Tsuboyama_2023_2MI6,-0.07571609270442448,False
NKX31_HUMAN_Tsuboyama_2023_2L9R,OBSCN_HUMAN_Tsuboyama_2023_1V1C,-0.07571609270442448,False
NKX31_HUMAN_Tsuboyama_2023_2L9R,OTU7A_HUMAN_Tsuboyama_2023_2L2D,-0.07571609270442448,False
NKX31_HUMAN_Tsuboyama_2023_2L9R,OXDA_RHOTO_Vanella_2023_activity,-0.07571609270442448,False
NKX31_HUMAN_Tsuboyama_2023_2L9R,OXDA_RHOTO_Vanella_2023_expression,-0.07571609270442448,False
NKX31_HUMAN_Tsuboyama_2023_2L9R,P53_HUMAN_Giacomelli_2018_Null_Etoposide,-0.07571609270442448,False
NKX31_HUMAN_Tsuboyama_2023_2L9R,P53_HUMAN_Giacomelli_2018_WT_Nutlin,-0.07571609270442448,False
NKX31_HUMAN_Tsuboyama_2023_2L9R,P53_HUMAN_Kotler_2018,-0.07571609270442448,False
NKX31_HUMAN_Tsuboyama_2023_2L9R,P84126_THETH_Chan_2017,-0.07571609270442448,False
NKX31_HUMAN_Tsuboyama_2023_2L9R,PABP_YEAST_Melamed_2013,-0.07571609270442448,False
NKX31_HUMAN_Tsuboyama_2023_2L9R,PKN1_HUMAN_Tsuboyama_2023_1URF,-0.07571609270442448,False
NKX31_HUMAN_Tsuboyama_2023_2L9R,POLG_HCVJF_Qi_2014,-0.07571609270442448,False
NKX31_HUMAN_Tsuboyama_2023_2L9R,POLG_PESV_Tsuboyama_2023_2MXD,-0.07571609270442448,False
NKX31_HUMAN_Tsuboyama_2023_2L9R,PPARG_HUMAN_Majithia_2016,-0.07571609270442448,False
NKX31_HUMAN_Tsuboyama_2023_2L9R,PRKN_HUMAN_Clausen_2023,-0.07571609270442448,False
NKX31_HUMAN_Tsuboyama_2023_2L9R,PSAE_PICP2_Tsuboyama_2023_1PSE,-0.07571609270442448,False
NKX31_HUMAN_Tsuboyama_2023_2L9R,PTEN_HUMAN_Mighell_2018,-0.07571609270442448,False
NKX31_HUMAN_Tsuboyama_2023_2L9R,Q2N0S5_9HIV1_Haddox_2018,-0.07571609270442448,False
NKX31_HUMAN_Tsuboyama_2023_2L9R,Q59976_STRSQ_Romero_2015,-0.07571609270442448,False
NKX31_HUMAN_Tsuboyama_2023_2L9R,Q8WTC7_9CNID_Somermeyer_2022,-0.07571609270442448,False
NKX31_HUMAN_Tsuboyama_2023_2L9R,R1AB_SARS2_Flynn_2022,-0.07571609270442448,False
NKX31_HUMAN_Tsuboyama_2023_2L9R,RASH_HUMAN_Bandaru_2017,-0.07571609270442448,False
NKX31_HUMAN_Tsuboyama_2023_2L9R,RDRP_I33A0_Li_2023,-0.07571609270442448,False
NKX31_HUMAN_Tsuboyama_2023_2L9R,RL20_AQUAE_Tsuboyama_2023_1GYZ,-0.07571609270442448,False
NKX31_HUMAN_Tsuboyama_2023_2L9R,RL40A_YEAST_Mavor_2016,-0.07571609270442448,False
NKX31_HUMAN_Tsuboyama_2023_2L9R,RL40A_YEAST_Roscoe_2013,-0.07571609270442448,False
NKX31_HUMAN_Tsuboyama_2023_2L9R,RL40A_YEAST_Roscoe_2014,-0.07571609270442448,False
NKX31_HUMAN_Tsuboyama_2023_2L9R,RPC1_LAMBD_Li_2019_high-expression,-0.07571609270442448,False
NKX31_HUMAN_Tsuboyama_2023_2L9R,S22A1_HUMAN_Yee_2023_abundance,-0.07571609270442448,False
NKX31_HUMAN_Tsuboyama_2023_2L9R,S22A1_HUMAN_Yee_2023_activity,-0.07571609270442448,False
NKX31_HUMAN_Tsuboyama_2023_2L9R,SDA_BACSU_Tsuboyama_2023_1PV0,-0.07571609270442448,False
NKX31_HUMAN_Tsuboyama_2023_2L9R,SPG1_STRSG_Olson_2014,-0.07571609270442448,False
NKX31_HUMAN_Tsuboyama_2023_2L9R,SPIKE_SARS2_Starr_2020_binding,-0.07571609270442448,False
NKX31_HUMAN_Tsuboyama_2023_2L9R,SPIKE_SARS2_Starr_2020_expression,-0.07571609270442448,False
NKX31_HUMAN_Tsuboyama_2023_2L9R,SRC_HUMAN_Ahler_2019,-0.07571609270442448,False
NKX31_HUMAN_Tsuboyama_2023_2L9R,SUMO1_HUMAN_Weile_2017,-0.07571609270442448,False
NKX31_HUMAN_Tsuboyama_2023_2L9R,SYUA_HUMAN_Newberry_2020,-0.07571609270442448,False
NKX31_HUMAN_Tsuboyama_2023_2L9R,TAT_HV1BR_Fernandes_2016,-0.07571609270442448,False
NKX31_HUMAN_Tsuboyama_2023_2L9R,TCRG1_MOUSE_Tsuboyama_2023_1E0L,-0.07571609270442448,False
NKX31_HUMAN_Tsuboyama_2023_2L9R,THO1_YEAST_Tsuboyama_2023_2WQG,-0.07571609270442448,False
NKX31_HUMAN_Tsuboyama_2023_2L9R,TPK1_HUMAN_Weile_2017,-0.07571609270442448,False
NKX31_HUMAN_Tsuboyama_2023_2L9R,TPMT_HUMAN_Matreyek_2018,-0.07571609270442448,False
NKX31_HUMAN_Tsuboyama_2023_2L9R,TPOR_HUMAN_Bridgford_2020,-0.07571609270442448,False
NKX31_HUMAN_Tsuboyama_2023_2L9R,TRPC_SACS2_Chan_2017,-0.07571609270442448,False
NKX31_HUMAN_Tsuboyama_2023_2L9R,TRPC_THEMA_Chan_2017,-0.07571609270442448,False
NKX31_HUMAN_Tsuboyama_2023_2L9R,UBE4B_HUMAN_Tsuboyama_2023_3L1X,-0.07571609270442448,False
NKX31_HUMAN_Tsuboyama_2023_2L9R,UBE4B_MOUSE_Starita_2013,-0.07571609270442448,False
NKX31_HUMAN_Tsuboyama_2023_2L9R,VILI_CHICK_Tsuboyama_2023_1YU5,-0.07571609270442448,False
NKX31_HUMAN_Tsuboyama_2023_2L9R,VKOR1_HUMAN_Chiasson_2020_activity,-0.07571609270442448,False
NKX31_HUMAN_Tsuboyama_2023_2L9R,VRPI_BPT7_Tsuboyama_2023_2WNM,-0.07571609270442448,False
NKX31_HUMAN_Tsuboyama_2023_2L9R,YNZC_BACSU_Tsuboyama_2023_2JVD,-0.07571609270442448,False
NPC1_HUMAN_Erwood_2022_HEK293T,NPC1_HUMAN_Erwood_2022_RPE1,0.06558134890576736,True
NPC1_HUMAN_Erwood_2022_HEK293T,NUD15_HUMAN_Suiter_2020,0.03927475735016772,True
NPC1_HUMAN_Erwood_2022_HEK293T,NUSG_MYCTU_Tsuboyama_2023_2MI6,0.05410787399543371,True
NPC1_HUMAN_Erwood_2022_HEK293T,OBSCN_HUMAN_Tsuboyama_2023_1V1C,-0.0033959658445636975,False
NPC1_HUMAN_Erwood_2022_HEK293T,OTU7A_HUMAN_Tsuboyama_2023_2L2D,-0.0266773014365026,False
NPC1_HUMAN_Erwood_2022_HEK293T,OXDA_RHOTO_Vanella_2023_activity,0.005227546986514842,True
NPC1_HUMAN_Erwood_2022_HEK293T,OXDA_RHOTO_Vanella_2023_expression,0.00796019444407814,True
NPC1_HUMAN_Erwood_2022_HEK293T,P53_HUMAN_Giacomelli_2018_Null_Etoposide,0.05271030811842725,True
NPC1_HUMAN_Erwood_2022_HEK293T,P53_HUMAN_Giacomelli_2018_WT_Nutlin,0.04778369575570296,True
NPC1_HUMAN_Erwood_2022_HEK293T,P53_HUMAN_Kotler_2018,0.08136508251629704,True
NPC1_HUMAN_Erwood_2022_HEK293T,P84126_THETH_Chan_2017,0.060888066126786544,True
NPC1_HUMAN_Erwood_2022_HEK293T,PABP_YEAST_Melamed_2013,0.018486335491943784,True
NPC1_HUMAN_Erwood_2022_HEK293T,PKN1_HUMAN_Tsuboyama_2023_1URF,0.0834174631809762,True
NPC1_HUMAN_Erwood_2022_HEK293T,POLG_HCVJF_Qi_2014,-0.010025980889439401,False
NPC1_HUMAN_Erwood_2022_HEK293T,POLG_PESV_Tsuboyama_2023_2MXD,0.018346886745346326,True
NPC1_HUMAN_Erwood_2022_HEK293T,PPARG_HUMAN_Majithia_2016,0.008776375571205142,True
NPC1_HUMAN_Erwood_2022_HEK293T,PRKN_HUMAN_Clausen_2023,0.028096447301574345,True
NPC1_HUMAN_Erwood_2022_HEK293T,PSAE_PICP2_Tsuboyama_2023_1PSE,0.060262613177218816,True
NPC1_HUMAN_Erwood_2022_HEK293T,PTEN_HUMAN_Mighell_2018,0.03349919595280593,True
NPC1_HUMAN_Erwood_2022_HEK293T,Q2N0S5_9HIV1_Haddox_2018,0.029464627283543043,True
NPC1_HUMAN_Erwood_2022_HEK293T,Q59976_STRSQ_Romero_2015,0.02635203568092126,True
NPC1_HUMAN_Erwood_2022_HEK293T,Q8WTC7_9CNID_Somermeyer_2022,-0.019572119832117818,False
NPC1_HUMAN_Erwood_2022_HEK293T,R1AB_SARS2_Flynn_2022,-0.0075986752862133855,False
NPC1_HUMAN_Erwood_2022_HEK293T,RASH_HUMAN_Bandaru_2017,0.07562368206822945,True
NPC1_HUMAN_Erwood_2022_HEK293T,RDRP_I33A0_Li_2023,0.003514334267489913,True
NPC1_HUMAN_Erwood_2022_HEK293T,RL20_AQUAE_Tsuboyama_2023_1GYZ,0.017519272222309812,True
NPC1_HUMAN_Erwood_2022_HEK293T,RL40A_YEAST_Mavor_2016,0.04773831522373409,True
NPC1_HUMAN_Erwood_2022_HEK293T,RL40A_YEAST_Roscoe_2013,0.07400147819007868,True
NPC1_HUMAN_Erwood_2022_HEK293T,RL40A_YEAST_Roscoe_2014,0.029476173152517826,True
NPC1_HUMAN_Erwood_2022_HEK293T,RPC1_LAMBD_Li_2019_high-expression,0.05659744389386523,True
NPC1_HUMAN_Erwood_2022_HEK293T,S22A1_HUMAN_Yee_2023_abundance,0.0466790176092704,True
NPC1_HUMAN_Erwood_2022_HEK293T,S22A1_HUMAN_Yee_2023_activity,0.0621517734908017,True
NPC1_HUMAN_Erwood_2022_HEK293T,SDA_BACSU_Tsuboyama_2023_1PV0,0.060218957473155754,True
NPC1_HUMAN_Erwood_2022_HEK293T,SPG1_STRSG_Olson_2014,-0.06566832500227271,False
NPC1_HUMAN_Erwood_2022_HEK293T,SPIKE_SARS2_Starr_2020_binding,0.014721480759890188,True
NPC1_HUMAN_Erwood_2022_HEK293T,SPIKE_SARS2_Starr_2020_expression,0.02075682685721225,True
NPC1_HUMAN_Erwood_2022_HEK293T,SRC_HUMAN_Ahler_2019,0.041573387285900765,True
NPC1_HUMAN_Erwood_2022_HEK293T,SUMO1_HUMAN_Weile_2017,0.07283661346208614,True
NPC1_HUMAN_Erwood_2022_HEK293T,SYUA_HUMAN_Newberry_2020,0.01512065541748564,True
NPC1_HUMAN_Erwood_2022_HEK293T,TAT_HV1BR_Fernandes_2016,0.0457503772570933,True
NPC1_HUMAN_Erwood_2022_HEK293T,TCRG1_MOUSE_Tsuboyama_2023_1E0L,0.047358305255345456,True
NPC1_HUMAN_Erwood_2022_HEK293T,THO1_YEAST_Tsuboyama_2023_2WQG,0.019932273345639406,True
NPC1_HUMAN_Erwood_2022_HEK293T,TPK1_HUMAN_Weile_2017,0.05205085756175826,True
NPC1_HUMAN_Erwood_2022_HEK293T,TPMT_HUMAN_Matreyek_2018,0.05038210874737192,True
NPC1_HUMAN_Erwood_2022_HEK293T,TPOR_HUMAN_Bridgford_2020,0.01087314141520801,True
NPC1_HUMAN_Erwood_2022_HEK293T,TRPC_SACS2_Chan_2017,0.043914939700933964,True
NPC1_HUMAN_Erwood_2022_HEK293T,TRPC_THEMA_Chan_2017,0.015271992825909075,True
NPC1_HUMAN_Erwood_2022_HEK293T,UBE4B_HUMAN_Tsuboyama_2023_3L1X,0.0003558058306327716,True
NPC1_HUMAN_Erwood_2022_HEK293T,UBE4B_MOUSE_Starita_2013,0.01930784920605988,True
NPC1_HUMAN_Erwood_2022_HEK293T,VILI_CHICK_Tsuboyama_2023_1YU5,0.009977139589917694,True
NPC1_HUMAN_Erwood_2022_HEK293T,VKOR1_HUMAN_Chiasson_2020_activity,0.03832018258908576,True
NPC1_HUMAN_Erwood_2022_HEK293T,VRPI_BPT7_Tsuboyama_2023_2WNM,0.013306701291895706,True
NPC1_HUMAN_Erwood_2022_HEK293T,YNZC_BACSU_Tsuboyama_2023_2JVD,0.03350535605674709,True
NPC1_HUMAN_Erwood_2022_RPE1,NUD15_HUMAN_Suiter_2020,0.03927475735016772,True
NPC1_HUMAN_Erwood_2022_RPE1,NUSG_MYCTU_Tsuboyama_2023_2MI6,0.05410787399543371,True
NPC1_HUMAN_Erwood_2022_RPE1,OBSCN_HUMAN_Tsuboyama_2023_1V1C,-0.0033959658445636975,False
NPC1_HUMAN_Erwood_2022_RPE1,OTU7A_HUMAN_Tsuboyama_2023_2L2D,-0.0266773014365026,False
NPC1_HUMAN_Erwood_2022_RPE1,OXDA_RHOTO_Vanella_2023_activity,0.005227546986514842,True
NPC1_HUMAN_Erwood_2022_RPE1,OXDA_RHOTO_Vanella_2023_expression,0.00796019444407814,True
NPC1_HUMAN_Erwood_2022_RPE1,P53_HUMAN_Giacomelli_2018_Null_Etoposide,0.05271030811842725,True
NPC1_HUMAN_Erwood_2022_RPE1,P53_HUMAN_Giacomelli_2018_WT_Nutlin,0.04778369575570296,True
NPC1_HUMAN_Erwood_2022_RPE1,P53_HUMAN_Kotler_2018,0.06558134890576736,True
NPC1_HUMAN_Erwood_2022_RPE1,P84126_THETH_Chan_2017,0.060888066126786544,True
NPC1_HUMAN_Erwood_2022_RPE1,PABP_YEAST_Melamed_2013,0.018486335491943784,True
NPC1_HUMAN_Erwood_2022_RPE1,PKN1_HUMAN_Tsuboyama_2023_1URF,0.06558134890576736,True
NPC1_HUMAN_Erwood_2022_RPE1,POLG_HCVJF_Qi_2014,-0.010025980889439401,False
NPC1_HUMAN_Erwood_2022_RPE1,POLG_PESV_Tsuboyama_2023_2MXD,0.018346886745346326,True
NPC1_HUMAN_Erwood_2022_RPE1,PPARG_HUMAN_Majithia_2016,0.008776375571205142,True
NPC1_HUMAN_Erwood_2022_RPE1,PRKN_HUMAN_Clausen_2023,0.028096447301574345,True
NPC1_HUMAN_Erwood_2022_RPE1,PSAE_PICP2_Tsuboyama_2023_1PSE,0.060262613177218816,True
NPC1_HUMAN_Erwood_2022_RPE1,PTEN_HUMAN_Mighell_2018,0.03349919595280593,True
NPC1_HUMAN_Erwood_2022_RPE1,Q2N0S5_9HIV1_Haddox_2018,0.029464627283543043,True
NPC1_HUMAN_Erwood_2022_RPE1,Q59976_STRSQ_Romero_2015,0.02635203568092126,True
NPC1_HUMAN_Erwood_2022_RPE1,Q8WTC7_9CNID_Somermeyer_2022,-0.019572119832117818,False
NPC1_HUMAN_Erwood_2022_RPE1,R1AB_SARS2_Flynn_2022,-0.0075986752862133855,False
NPC1_HUMAN_Erwood_2022_RPE1,RASH_HUMAN_Bandaru_2017,0.06558134890576736,True
NPC1_HUMAN_Erwood_2022_RPE1,RDRP_I33A0_Li_2023,0.003514334267489913,True
NPC1_HUMAN_Erwood_2022_RPE1,RL20_AQUAE_Tsuboyama_2023_1GYZ,0.017519272222309812,True
NPC1_HUMAN_Erwood_2022_RPE1,RL40A_YEAST_Mavor_2016,0.04773831522373409,True
NPC1_HUMAN_Erwood_2022_RPE1,RL40A_YEAST_Roscoe_2013,0.06558134890576736,True
NPC1_HUMAN_Erwood_2022_RPE1,RL40A_YEAST_Roscoe_2014,0.029476173152517826,True
NPC1_HUMAN_Erwood_2022_RPE1,RPC1_LAMBD_Li_2019_high-expression,0.05659744389386523,True
NPC1_HUMAN_Erwood_2022_RPE1,S22A1_HUMAN_Yee_2023_abundance,0.0466790176092704,True
NPC1_HUMAN_Erwood_2022_RPE1,S22A1_HUMAN_Yee_2023_activity,0.0621517734908017,True
NPC1_HUMAN_Erwood_2022_RPE1,SDA_BACSU_Tsuboyama_2023_1PV0,0.060218957473155754,True
NPC1_HUMAN_Erwood_2022_RPE1,SPG1_STRSG_Olson_2014,-0.06566832500227271,False
NPC1_HUMAN_Erwood_2022_RPE1,SPIKE_SARS2_Starr_2020_binding,0.014721480759890188,True
NPC1_HUMAN_Erwood_2022_RPE1,SPIKE_SARS2_Starr_2020_expression,0.02075682685721225,True
NPC1_HUMAN_Erwood_2022_RPE1,SRC_HUMAN_Ahler_2019,0.041573387285900765,True
NPC1_HUMAN_Erwood_2022_RPE1,SUMO1_HUMAN_Weile_2017,0.06558134890576736,True
NPC1_HUMAN_Erwood_2022_RPE1,SYUA_HUMAN_Newberry_2020,0.01512065541748564,True
NPC1_HUMAN_Erwood_2022_RPE1,TAT_HV1BR_Fernandes_2016,0.0457503772570933,True
NPC1_HUMAN_Erwood_2022_RPE1,TCRG1_MOUSE_Tsuboyama_2023_1E0L,0.047358305255345456,True
NPC1_HUMAN_Erwood_2022_RPE1,THO1_YEAST_Tsuboyama_2023_2WQG,0.019932273345639406,True
NPC1_HUMAN_Erwood_2022_RPE1,TPK1_HUMAN_Weile_2017,0.05205085756175826,True
NPC1_HUMAN_Erwood_2022_RPE1,TPMT_HUMAN_Matreyek_2018,0.05038210874737192,True
NPC1_HUMAN_Erwood_2022_RPE1,TPOR_HUMAN_Bridgford_2020,0.01087314141520801,True
NPC1_HUMAN_Erwood_2022_RPE1,TRPC_SACS2_Chan_2017,0.043914939700933964,True
NPC1_HUMAN_Erwood_2022_RPE1,TRPC_THEMA_Chan_2017,0.015271992825909075,True
NPC1_HUMAN_Erwood_2022_RPE1,UBE4B_HUMAN_Tsuboyama_2023_3L1X,0.0003558058306327716,True
NPC1_HUMAN_Erwood_2022_RPE1,UBE4B_MOUSE_Starita_2013,0.01930784920605988,True
NPC1_HUMAN_Erwood_2022_RPE1,VILI_CHICK_Tsuboyama_2023_1YU5,0.009977139589917694,True
NPC1_HUMAN_Erwood_2022_RPE1,VKOR1_HUMAN_Chiasson_2020_activity,0.03832018258908576,True
NPC1_HUMAN_Erwood_2022_RPE1,VRPI_BPT7_Tsuboyama_2023_2WNM,0.013306701291895706,True
NPC1_HUMAN_Erwood_2022_RPE1,YNZC_BACSU_Tsuboyama_2023_2JVD,0.03350535605674709,True
NUD15_HUMAN_Suiter_2020,NUSG_MYCTU_Tsuboyama_2023_2MI6,0.03927475735016772,True
NUD15_HUMAN_Suiter_2020,OBSCN_HUMAN_Tsuboyama_2023_1V1C,-0.0033959658445636975,False
NUD15_HUMAN_Suiter_2020,OTU7A_HUMAN_Tsuboyama_2023_2L2D,-0.0266773014365026,False
NUD15_HUMAN_Suiter_2020,OXDA_RHOTO_Vanella_2023_activity,0.005227546986514842,True
NUD15_HUMAN_Suiter_2020,OXDA_RHOTO_Vanella_2023_expression,0.00796019444407814,True
NUD15_HUMAN_Suiter_2020,P53_HUMAN_Giacomelli_2018_Null_Etoposide,0.03927475735016772,True
NUD15_HUMAN_Suiter_2020,P53_HUMAN_Giacomelli_2018_WT_Nutlin,0.03927475735016772,True
NUD15_HUMAN_Suiter_2020,P53_HUMAN_Kotler_2018,0.03927475735016772,True
NUD15_HUMAN_Suiter_2020,P84126_THETH_Chan_2017,0.03927475735016772,True
NUD15_HUMAN_Suiter_2020,PABP_YEAST_Melamed_2013,0.018486335491943784,True
NUD15_HUMAN_Suiter_2020,PKN1_HUMAN_Tsuboyama_2023_1URF,0.03927475735016772,True
NUD15_HUMAN_Suiter_2020,POLG_HCVJF_Qi_2014,-0.010025980889439401,False
NUD15_HUMAN_Suiter_2020,POLG_PESV_Tsuboyama_2023_2MXD,0.018346886745346326,True
NUD15_HUMAN_Suiter_2020,PPARG_HUMAN_Majithia_2016,0.008776375571205142,True
NUD15_HUMAN_Suiter_2020,PRKN_HUMAN_Clausen_2023,0.028096447301574345,True
NUD15_HUMAN_Suiter_2020,PSAE_PICP2_Tsuboyama_2023_1PSE,0.03927475735016772,True
NUD15_HUMAN_Suiter_2020,PTEN_HUMAN_Mighell_2018,0.03349919595280593,True
NUD15_HUMAN_Suiter_2020,Q2N0S5_9HIV1_Haddox_2018,0.029464627283543043,True
NUD15_HUMAN_Suiter_2020,Q59976_STRSQ_Romero_2015,0.02635203568092126,True
NUD15_HUMAN_Suiter_2020,Q8WTC7_9CNID_Somermeyer_2022,-0.019572119832117818,False
NUD15_HUMAN_Suiter_2020,R1AB_SARS2_Flynn_2022,-0.0075986752862133855,False
NUD15_HUMAN_Suiter_2020,RASH_HUMAN_Bandaru_2017,0.03927475735016772,True
NUD15_HUMAN_Suiter_2020,RDRP_I33A0_Li_2023,0.003514334267489913,True
NUD15_HUMAN_Suiter_2020,RL20_AQUAE_Tsuboyama_2023_1GYZ,0.017519272222309812,True
NUD15_HUMAN_Suiter_2020,RL40A_YEAST_Mavor_2016,0.03927475735016772,True
NUD15_HUMAN_Suiter_2020,RL40A_YEAST_Roscoe_2013,0.03927475735016772,True
NUD15_HUMAN_Suiter_2020,RL40A_YEAST_Roscoe_2014,0.029476173152517826,True
NUD15_HUMAN_Suiter_2020,RPC1_LAMBD_Li_2019_high-expression,0.03927475735016772,True
NUD15_HUMAN_Suiter_2020,S22A1_HUMAN_Yee_2023_abundance,0.03927475735016772,True
NUD15_HUMAN_Suiter_2020,S22A1_HUMAN_Yee_2023_activity,0.03927475735016772,True
NUD15_HUMAN_Suiter_2020,SDA_BACSU_Tsuboyama_2023_1PV0,0.03927475735016772,True
NUD15_HUMAN_Suiter_2020,SPG1_STRSG_Olson_2014,-0.06566832500227271,False
NUD15_HUMAN_Suiter_2020,SPIKE_SARS2_Starr_2020_binding,0.014721480759890188,True
NUD15_HUMAN_Suiter_2020,SPIKE_SARS2_Starr_2020_expression,0.02075682685721225,True
NUD15_HUMAN_Suiter_2020,SRC_HUMAN_Ahler_2019,0.03927475735016772,True
NUD15_HUMAN_Suiter_2020,SUMO1_HUMAN_Weile_2017,0.03927475735016772,True
NUD15_HUMAN_Suiter_2020,SYUA_HUMAN_Newberry_2020,0.01512065541748564,True
NUD15_HUMAN_Suiter_2020,TAT_HV1BR_Fernandes_2016,0.03927475735016772,True
NUD15_HUMAN_Suiter_2020,TCRG1_MOUSE_Tsuboyama_2023_1E0L,0.03927475735016772,True
NUD15_HUMAN_Suiter_2020,THO1_YEAST_Tsuboyama_2023_2WQG,0.019932273345639406,True
NUD15_HUMAN_Suiter_2020,TPK1_HUMAN_Weile_2017,0.03927475735016772,True
NUD15_HUMAN_Suiter_2020,TPMT_HUMAN_Matreyek_2018,0.03927475735016772,True
NUD15_HUMAN_Suiter_2020,TPOR_HUMAN_Bridgford_2020,0.01087314141520801,True
NUD15_HUMAN_Suiter_2020,TRPC_SACS2_Chan_2017,0.03927475735016772,True
NUD15_HUMAN_Suiter_2020,TRPC_THEMA_Chan_2017,0.015271992825909075,True
NUD15_HUMAN_Suiter_2020,UBE4B_HUMAN_Tsuboyama_2023_3L1X,0.0003558058306327716,True
NUD15_HUMAN_Suiter_2020,UBE4B_MOUSE_Starita_2013,0.01930784920605988,True
NUD15_HUMAN_Suiter_2020,VILI_CHICK_Tsuboyama_2023_1YU5,0.009977139589917694,True
NUD15_HUMAN_Suiter_2020,VKOR1_HUMAN_Chiasson_2020_activity,0.03832018258908576,True
NUD15_HUMAN_Suiter_2020,VRPI_BPT7_Tsuboyama_2023_2WNM,0.013306701291895706,True
NUD15_HUMAN_Suiter_2020,YNZC_BACSU_Tsuboyama_2023_2JVD,0.03350535605674709,True
NUSG_MYCTU_Tsuboyama_2023_2MI6,OBSCN_HUMAN_Tsuboyama_2023_1V1C,-0.0033959658445636975,False
NUSG_MYCTU_Tsuboyama_2023_2MI6,OTU7A_HUMAN_Tsuboyama_2023_2L2D,-0.0266773014365026,False
NUSG_MYCTU_Tsuboyama_2023_2MI6,OXDA_RHOTO_Vanella_2023_activity,0.005227546986514842,True
NUSG_MYCTU_Tsuboyama_2023_2MI6,OXDA_RHOTO_Vanella_2023_expression,0.00796019444407814,True
NUSG_MYCTU_Tsuboyama_2023_2MI6,P53_HUMAN_Giacomelli_2018_Null_Etoposide,0.05271030811842725,True
NUSG_MYCTU_Tsuboyama_2023_2MI6,P53_HUMAN_Giacomelli_2018_WT_Nutlin,0.04778369575570296,True
NUSG_MYCTU_Tsuboyama_2023_2MI6,P53_HUMAN_Kotler_2018,0.05410787399543371,True
NUSG_MYCTU_Tsuboyama_2023_2MI6,P84126_THETH_Chan_2017,0.05410787399543371,True
NUSG_MYCTU_Tsuboyama_2023_2MI6,PABP_YEAST_Melamed_2013,0.018486335491943784,True
NUSG_MYCTU_Tsuboyama_2023_2MI6,PKN1_HUMAN_Tsuboyama_2023_1URF,0.05410787399543371,True
NUSG_MYCTU_Tsuboyama_2023_2MI6,POLG_HCVJF_Qi_2014,-0.010025980889439401,False
NUSG_MYCTU_Tsuboyama_2023_2MI6,POLG_PESV_Tsuboyama_2023_2MXD,0.018346886745346326,True
NUSG_MYCTU_Tsuboyama_2023_2MI6,PPARG_HUMAN_Majithia_2016,0.008776375571205142,True
NUSG_MYCTU_Tsuboyama_2023_2MI6,PRKN_HUMAN_Clausen_2023,0.028096447301574345,True
NUSG_MYCTU_Tsuboyama_2023_2MI6,PSAE_PICP2_Tsuboyama_2023_1PSE,0.05410787399543371,True
NUSG_MYCTU_Tsuboyama_2023_2MI6,PTEN_HUMAN_Mighell_2018,0.03349919595280593,True
NUSG_MYCTU_Tsuboyama_2023_2MI6,Q2N0S5_9HIV1_Haddox_2018,0.029464627283543043,True
NUSG_MYCTU_Tsuboyama_2023_2MI6,Q59976_STRSQ_Romero_2015,0.02635203568092126,True
NUSG_MYCTU_Tsuboyama_2023_2MI6,Q8WTC7_9CNID_Somermeyer_2022,-0.019572119832117818,False
NUSG_MYCTU_Tsuboyama_2023_2MI6,R1AB_SARS2_Flynn_2022,-0.0075986752862133855,False
NUSG_MYCTU_Tsuboyama_2023_2MI6,RASH_HUMAN_Bandaru_2017,0.05410787399543371,True
NUSG_MYCTU_Tsuboyama_2023_2MI6,RDRP_I33A0_Li_2023,0.003514334267489913,True
NUSG_MYCTU_Tsuboyama_2023_2MI6,RL20_AQUAE_Tsuboyama_2023_1GYZ,0.017519272222309812,True
NUSG_MYCTU_Tsuboyama_2023_2MI6,RL40A_YEAST_Mavor_2016,0.04773831522373409,True
NUSG_MYCTU_Tsuboyama_2023_2MI6,RL40A_YEAST_Roscoe_2013,0.05410787399543371,True
NUSG_MYCTU_Tsuboyama_2023_2MI6,RL40A_YEAST_Roscoe_2014,0.029476173152517826,True
NUSG_MYCTU_Tsuboyama_2023_2MI6,RPC1_LAMBD_Li_2019_high-expression,0.05410787399543371,True
NUSG_MYCTU_Tsuboyama_2023_2MI6,S22A1_HUMAN_Yee_2023_abundance,0.0466790176092704,True
NUSG_MYCTU_Tsuboyama_2023_2MI6,S22A1_HUMAN_Yee_2023_activity,0.05410787399543371,True
NUSG_MYCTU_Tsuboyama_2023_2MI6,SDA_BACSU_Tsuboyama_2023_1PV0,0.05410787399543371,True
NUSG_MYCTU_Tsuboyama_2023_2MI6,SPG1_STRSG_Olson_2014,-0.06566832500227271,False
NUSG_MYCTU_Tsuboyama_2023_2MI6,SPIKE_SARS2_Starr_2020_binding,0.014721480759890188,True
NUSG_MYCTU_Tsuboyama_2023_2MI6,SPIKE_SARS2_Starr_2020_expression,0.02075682685721225,True
NUSG_MYCTU_Tsuboyama_2023_2MI6,SRC_HUMAN_Ahler_2019,0.041573387285900765,True
NUSG_MYCTU_Tsuboyama_2023_2MI6,SUMO1_HUMAN_Weile_2017,0.05410787399543371,True
NUSG_MYCTU_Tsuboyama_2023_2MI6,SYUA_HUMAN_Newberry_2020,0.01512065541748564,True
NUSG_MYCTU_Tsuboyama_2023_2MI6,TAT_HV1BR_Fernandes_2016,0.0457503772570933,True
NUSG_MYCTU_Tsuboyama_2023_2MI6,TCRG1_MOUSE_Tsuboyama_2023_1E0L,0.047358305255345456,True
NUSG_MYCTU_Tsuboyama_2023_2MI6,THO1_YEAST_Tsuboyama_2023_2WQG,0.019932273345639406,True
NUSG_MYCTU_Tsuboyama_2023_2MI6,TPK1_HUMAN_Weile_2017,0.05205085756175826,True
NUSG_MYCTU_Tsuboyama_2023_2MI6,TPMT_HUMAN_Matreyek_2018,0.05038210874737192,True
NUSG_MYCTU_Tsuboyama_2023_2MI6,TPOR_HUMAN_Bridgford_2020,0.01087314141520801,True
NUSG_MYCTU_Tsuboyama_2023_2MI6,TRPC_SACS2_Chan_2017,0.043914939700933964,True
NUSG_MYCTU_Tsuboyama_2023_2MI6,TRPC_THEMA_Chan_2017,0.015271992825909075,True
NUSG_MYCTU_Tsuboyama_2023_2MI6,UBE4B_HUMAN_Tsuboyama_2023_3L1X,0.0003558058306327716,True
NUSG_MYCTU_Tsuboyama_2023_2MI6,UBE4B_MOUSE_Starita_2013,0.01930784920605988,True
NUSG_MYCTU_Tsuboyama_2023_2MI6,VILI_CHICK_Tsuboyama_2023_1YU5,0.009977139589917694,True
NUSG_MYCTU_Tsuboyama_2023_2MI6,VKOR1_HUMAN_Chiasson_2020_activity,0.03832018258908576,True
NUSG_MYCTU_Tsuboyama_2023_2MI6,VRPI_BPT7_Tsuboyama_2023_2WNM,0.013306701291895706,True
NUSG_MYCTU_Tsuboyama_2023_2MI6,YNZC_BACSU_Tsuboyama_2023_2JVD,0.03350535605674709,True
OBSCN_HUMAN_Tsuboyama_2023_1V1C,OTU7A_HUMAN_Tsuboyama_2023_2L2D,-0.0266773014365026,False
OBSCN_HUMAN_Tsuboyama_2023_1V1C,OXDA_RHOTO_Vanella_2023_activity,-0.0033959658445636975,False
OBSCN_HUMAN_Tsuboyama_2023_1V1C,OXDA_RHOTO_Vanella_2023_expression,-0.0033959658445636975,False
OBSCN_HUMAN_Tsuboyama_2023_1V1C,P53_HUMAN_Giacomelli_2018_Null_Etoposide,-0.0033959658445636975,False
OBSCN_HUMAN_Tsuboyama_2023_1V1C,P53_HUMAN_Giacomelli_2018_WT_Nutlin,-0.0033959658445636975,False
OBSCN_HUMAN_Tsuboyama_2023_1V1C,P53_HUMAN_Kotler_2018,-0.0033959658445636975,False
OBSCN_HUMAN_Tsuboyama_2023_1V1C,P84126_THETH_Chan_2017,-0.0033959658445636975,False
OBSCN_HUMAN_Tsuboyama_2023_1V1C,PABP_YEAST_Melamed_2013,-0.0033959658445636975,False
OBSCN_HUMAN_Tsuboyama_2023_1V1C,PKN1_HUMAN_Tsuboyama_2023_1URF,-0.0033959658445636975,False
OBSCN_HUMAN_Tsuboyama_2023_1V1C,POLG_HCVJF_Qi_2014,-0.010025980889439401,False
OBSCN_HUMAN_Tsuboyama_2023_1V1C,POLG_PESV_Tsuboyama_2023_2MXD,-0.0033959658445636975,False
OBSCN_HUMAN_Tsuboyama_2023_1V1C,PPARG_HUMAN_Majithia_2016,-0.0033959658445636975,False
OBSCN_HUMAN_Tsuboyama_2023_1V1C,PRKN_HUMAN_Clausen_2023,-0.0033959658445636975,False
OBSCN_HUMAN_Tsuboyama_2023_1V1C,PSAE_PICP2_Tsuboyama_2023_1PSE,-0.0033959658445636975,False
OBSCN_HUMAN_Tsuboyama_2023_1V1C,PTEN_HUMAN_Mighell_2018,-0.0033959658445636975,False
OBSCN_HUMAN_Tsuboyama_2023_1V1C,Q2N0S5_9HIV1_Haddox_2018,-0.0033959658445636975,False
OBSCN_HUMAN_Tsuboyama_2023_1V1C,Q59976_STRSQ_Romero_2015,-0.0033959658445636975,False
OBSCN_HUMAN_Tsuboyama_2023_1V1C,Q8WTC7_9CNID_Somermeyer_2022,-0.019572119832117818,False
OBSCN_HUMAN_Tsuboyama_2023_1V1C,R1AB_SARS2_Flynn_2022,-0.0075986752862133855,False
OBSCN_HUMAN_Tsuboyama_2023_1V1C,RASH_HUMAN_Bandaru_2017,-0.0033959658445636975,False
OBSCN_HUMAN_Tsuboyama_2023_1V1C,RDRP_I33A0_Li_2023,-0.0033959658445636975,False
OBSCN_HUMAN_Tsuboyama_2023_1V1C,RL20_AQUAE_Tsuboyama_2023_1GYZ,-0.0033959658445636975,False
OBSCN_HUMAN_Tsuboyama_2023_1V1C,RL40A_YEAST_Mavor_2016,-0.0033959658445636975,False
OBSCN_HUMAN_Tsuboyama_2023_1V1C,RL40A_YEAST_Roscoe_2013,-0.0033959658445636975,False
OBSCN_HUMAN_Tsuboyama_2023_1V1C,RL40A_YEAST_Roscoe_2014,-0.0033959658445636975,False
OBSCN_HUMAN_Tsuboyama_2023_1V1C,RPC1_LAMBD_Li_2019_high-expression,-0.0033959658445636975,False
OBSCN_HUMAN_Tsuboyama_2023_1V1C,S22A1_HUMAN_Yee_2023_abundance,-0.0033959658445636975,False
OBSCN_HUMAN_Tsuboyama_2023_1V1C,S22A1_HUMAN_Yee_2023_activity,-0.0033959658445636975,False
OBSCN_HUMAN_Tsuboyama_2023_1V1C,SDA_BACSU_Tsuboyama_2023_1PV0,-0.0033959658445636975,False
OBSCN_HUMAN_Tsuboyama_2023_1V1C,SPG1_STRSG_Olson_2014,-0.06566832500227271,False
OBSCN_HUMAN_Tsuboyama_2023_1V1C,SPIKE_SARS2_Starr_2020_binding,-0.0033959658445636975,False
OBSCN_HUMAN_Tsuboyama_2023_1V1C,SPIKE_SARS2_Starr_2020_expression,-0.0033959658445636975,False
OBSCN_HUMAN_Tsuboyama_2023_1V1C,SRC_HUMAN_Ahler_2019,-0.0033959658445636975,False
OBSCN_HUMAN_Tsuboyama_2023_1V1C,SUMO1_HUMAN_Weile_2017,-0.0033959658445636975,False
OBSCN_HUMAN_Tsuboyama_2023_1V1C,SYUA_HUMAN_Newberry_2020,-0.0033959658445636975,False
OBSCN_HUMAN_Tsuboyama_2023_1V1C,TAT_HV1BR_Fernandes_2016,-0.0033959658445636975,False
OBSCN_HUMAN_Tsuboyama_2023_1V1C,TCRG1_MOUSE_Tsuboyama_2023_1E0L,-0.0033959658445636975,False
OBSCN_HUMAN_Tsuboyama_2023_1V1C,THO1_YEAST_Tsuboyama_2023_2WQG,-0.0033959658445636975,False
OBSCN_HUMAN_Tsuboyama_2023_1V1C,TPK1_HUMAN_Weile_2017,-0.0033959658445636975,False
OBSCN_HUMAN_Tsuboyama_2023_1V1C,TPMT_HUMAN_Matreyek_2018,-0.0033959658445636975,False
OBSCN_HUMAN_Tsuboyama_2023_1V1C,TPOR_HUMAN_Bridgford_2020,-0.0033959658445636975,False
OBSCN_HUMAN_Tsuboyama_2023_1V1C,TRPC_SACS2_Chan_2017,-0.0033959658445636975,False
OBSCN_HUMAN_Tsuboyama_2023_1V1C,TRPC_THEMA_Chan_2017,-0.0033959658445636975,False
OBSCN_HUMAN_Tsuboyama_2023_1V1C,UBE4B_HUMAN_Tsuboyama_2023_3L1X,-0.0033959658445636975,False
OBSCN_HUMAN_Tsuboyama_2023_1V1C,UBE4B_MOUSE_Starita_2013,-0.0033959658445636975,False
OBSCN_HUMAN_Tsuboyama_2023_1V1C,VILI_CHICK_Tsuboyama_2023_1YU5,-0.0033959658445636975,False
OBSCN_HUMAN_Tsuboyama_2023_1V1C,VKOR1_HUMAN_Chiasson_2020_activity,-0.0033959658445636975,False
OBSCN_HUMAN_Tsuboyama_2023_1V1C,VRPI_BPT7_Tsuboyama_2023_2WNM,-0.0033959658445636975,False
OBSCN_HUMAN_Tsuboyama_2023_1V1C,YNZC_BACSU_Tsuboyama_2023_2JVD,-0.0033959658445636975,False
OTU7A_HUMAN_Tsuboyama_2023_2L2D,OXDA_RHOTO_Vanella_2023_activity,-0.0266773014365026,False
OTU7A_HUMAN_Tsuboyama_2023_2L2D,OXDA_RHOTO_Vanella_2023_expression,-0.0266773014365026,False
OTU7A_HUMAN_Tsuboyama_2023_2L2D,P53_HUMAN_Giacomelli_2018_Null_Etoposide,-0.0266773014365026,False
OTU7A_HUMAN_Tsuboyama_2023_2L2D,P53_HUMAN_Giacomelli_2018_WT_Nutlin,-0.0266773014365026,False
OTU7A_HUMAN_Tsuboyama_2023_2L2D,P53_HUMAN_Kotler_2018,-0.0266773014365026,False
OTU7A_HUMAN_Tsuboyama_2023_2L2D,P84126_THETH_Chan_2017,-0.0266773014365026,False
OTU7A_HUMAN_Tsuboyama_2023_2L2D,PABP_YEAST_Melamed_2013,-0.0266773014365026,False
OTU7A_HUMAN_Tsuboyama_2023_2L2D,PKN1_HUMAN_Tsuboyama_2023_1URF,-0.0266773014365026,False
OTU7A_HUMAN_Tsuboyama_2023_2L2D,POLG_HCVJF_Qi_2014,-0.0266773014365026,False
OTU7A_HUMAN_Tsuboyama_2023_2L2D,POLG_PESV_Tsuboyama_2023_2MXD,-0.0266773014365026,False
OTU7A_HUMAN_Tsuboyama_2023_2L2D,PPARG_HUMAN_Majithia_2016,-0.0266773014365026,False
OTU7A_HUMAN_Tsuboyama_2023_2L2D,PRKN_HUMAN_Clausen_2023,-0.0266773014365026,False
OTU7A_HUMAN_Tsuboyama_2023_2L2D,PSAE_PICP2_Tsuboyama_2023_1PSE,-0.0266773014365026,False
OTU7A_HUMAN_Tsuboyama_2023_2L2D,PTEN_HUMAN_Mighell_2018,-0.0266773014365026,False
OTU7A_HUMAN_Tsuboyama_2023_2L2D,Q2N0S5_9HIV1_Haddox_2018,-0.0266773014365026,False
OTU7A_HUMAN_Tsuboyama_2023_2L2D,Q59976_STRSQ_Romero_2015,-0.0266773014365026,False
OTU7A_HUMAN_Tsuboyama_2023_2L2D,Q8WTC7_9CNID_Somermeyer_2022,-0.0266773014365026,False
OTU7A_HUMAN_Tsuboyama_2023_2L2D,R1AB_SARS2_Flynn_2022,-0.0266773014365026,False
OTU7A_HUMAN_Tsuboyama_2023_2L2D,RASH_HUMAN_Bandaru_2017,-0.0266773014365026,False
OTU7A_HUMAN_Tsuboyama_2023_2L2D,RDRP_I33A0_Li_2023,-0.0266773014365026,False
OTU7A_HUMAN_Tsuboyama_2023_2L2D,RL20_AQUAE_Tsuboyama_2023_1GYZ,-0.0266773014365026,False
OTU7A_HUMAN_Tsuboyama_2023_2L2D,RL40A_YEAST_Mavor_2016,-0.0266773014365026,False
OTU7A_HUMAN_Tsuboyama_2023_2L2D,RL40A_YEAST_Roscoe_2013,-0.0266773014365026,False
OTU7A_HUMAN_Tsuboyama_2023_2L2D,RL40A_YEAST_Roscoe_2014,-0.0266773014365026,False
OTU7A_HUMAN_Tsuboyama_2023_2L2D,RPC1_LAMBD_Li_2019_high-expression,-0.0266773014365026,False
OTU7A_HUMAN_Tsuboyama_2023_2L2D,S22A1_HUMAN_Yee_2023_abundance,-0.0266773014365026,False
OTU7A_HUMAN_Tsuboyama_2023_2L2D,S22A1_HUMAN_Yee_2023_activity,-0.0266773014365026,False
OTU7A_HUMAN_Tsuboyama_2023_2L2D,SDA_BACSU_Tsuboyama_2023_1PV0,-0.0266773014365026,False
OTU7A_HUMAN_Tsuboyama_2023_2L2D,SPG1_STRSG_Olson_2014,-0.06566832500227271,False
OTU7A_HUMAN_Tsuboyama_2023_2L2D,SPIKE_SARS2_Starr_2020_binding,-0.0266773014365026,False
OTU7A_HUMAN_Tsuboyama_2023_2L2D,SPIKE_SARS2_Starr_2020_expression,-0.0266773014365026,False
OTU7A_HUMAN_Tsuboyama_2023_2L2D,SRC_HUMAN_Ahler_2019,-0.0266773014365026,False
OTU7A_HUMAN_Tsuboyama_2023_2L2D,SUMO1_HUMAN_Weile_2017,-0.0266773014365026,False
OTU7A_HUMAN_Tsuboyama_2023_2L2D,SYUA_HUMAN_Newberry_2020,-0.0266773014365026,False
OTU7A_HUMAN_Tsuboyama_2023_2L2D,TAT_HV1BR_Fernandes_2016,-0.0266773014365026,False
OTU7A_HUMAN_Tsuboyama_2023_2L2D,TCRG1_MOUSE_Tsuboyama_2023_1E0L,-0.0266773014365026,False
OTU7A_HUMAN_Tsuboyama_2023_2L2D,THO1_YEAST_Tsuboyama_2023_2WQG,-0.0266773014365026,False
OTU7A_HUMAN_Tsuboyama_2023_2L2D,TPK1_HUMAN_Weile_2017,-0.0266773014365026,False
OTU7A_HUMAN_Tsuboyama_2023_2L2D,TPMT_HUMAN_Matreyek_2018,-0.0266773014365026,False
OTU7A_HUMAN_Tsuboyama_2023_2L2D,TPOR_HUMAN_Bridgford_2020,-0.0266773014365026,False
OTU7A_HUMAN_Tsuboyama_2023_2L2D,TRPC_SACS2_Chan_2017,-0.0266773014365026,False
OTU7A_HUMAN_Tsuboyama_2023_2L2D,TRPC_THEMA_Chan_2017,-0.0266773014365026,False
OTU7A_HUMAN_Tsuboyama_2023_2L2D,UBE4B_HUMAN_Tsuboyama_2023_3L1X,-0.0266773014365026,False
OTU7A_HUMAN_Tsuboyama_2023_2L2D,UBE4B_MOUSE_Starita_2013,-0.0266773014365026,False
OTU7A_HUMAN_Tsuboyama_2023_2L2D,VILI_CHICK_Tsuboyama_2023_1YU5,-0.0266773014365026,False
OTU7A_HUMAN_Tsuboyama_2023_2L2D,VKOR1_HUMAN_Chiasson_2020_activity,-0.0266773014365026,False
OTU7A_HUMAN_Tsuboyama_2023_2L2D,VRPI_BPT7_Tsuboyama_2023_2WNM,-0.0266773014365026,False
OTU7A_HUMAN_Tsuboyama_2023_2L2D,YNZC_BACSU_Tsuboyama_2023_2JVD,-0.0266773014365026,False
OXDA_RHOTO_Vanella_2023_activity,OXDA_RHOTO_Vanella_2023_expression,0.005227546986514842,True
OXDA_RHOTO_Vanella_2023_activity,P53_HUMAN_Giacomelli_2018_Null_Etoposide,0.005227546986514842,True
OXDA_RHOTO_Vanella_2023_activity,P53_HUMAN_Giacomelli_2018_WT_Nutlin,0.005227546986514842,True
OXDA_RHOTO_Vanella_2023_activity,P53_HUMAN_Kotler_2018,0.005227546986514842,True
OXDA_RHOTO_Vanella_2023_activity,P84126_THETH_Chan_2017,0.005227546986514842,True
OXDA_RHOTO_Vanella_2023_activity,PABP_YEAST_Melamed_2013,0.005227546986514842,True
OXDA_RHOTO_Vanella_2023_activity,PKN1_HUMAN_Tsuboyama_2023_1URF,0.005227546986514842,True
OXDA_RHOTO_Vanella_2023_activity,POLG_HCVJF_Qi_2014,-0.010025980889439401,False
OXDA_RHOTO_Vanella_2023_activity,POLG_PESV_Tsuboyama_2023_2MXD,0.005227546986514842,True
OXDA_RHOTO_Vanella_2023_activity,PPARG_HUMAN_Majithia_2016,0.005227546986514842,True
OXDA_RHOTO_Vanella_2023_activity,PRKN_HUMAN_Clausen_2023,0.005227546986514842,True
OXDA_RHOTO_Vanella_2023_activity,PSAE_PICP2_Tsuboyama_2023_1PSE,0.005227546986514842,True
OXDA_RHOTO_Vanella_2023_activity,PTEN_HUMAN_Mighell_2018,0.005227546986514842,True
OXDA_RHOTO_Vanella_2023_activity,Q2N0S5_9HIV1_Haddox_2018,0.005227546986514842,True
OXDA_RHOTO_Vanella_2023_activity,Q59976_STRSQ_Romero_2015,0.005227546986514842,True
OXDA_RHOTO_Vanella_2023_activity,Q8WTC7_9CNID_Somermeyer_2022,-0.019572119832117818,False
OXDA_RHOTO_Vanella_2023_activity,R1AB_SARS2_Flynn_2022,-0.0075986752862133855,False
OXDA_RHOTO_Vanella_2023_activity,RASH_HUMAN_Bandaru_2017,0.005227546986514842,True
OXDA_RHOTO_Vanella_2023_activity,RDRP_I33A0_Li_2023,0.003514334267489913,True
OXDA_RHOTO_Vanella_2023_activity,RL20_AQUAE_Tsuboyama_2023_1GYZ,0.005227546986514842,True
OXDA_RHOTO_Vanella_2023_activity,RL40A_YEAST_Mavor_2016,0.005227546986514842,True
OXDA_RHOTO_Vanella_2023_activity,RL40A_YEAST_Roscoe_2013,0.005227546986514842,True
OXDA_RHOTO_Vanella_2023_activity,RL40A_YEAST_Roscoe_2014,0.005227546986514842,True
OXDA_RHOTO_Vanella_2023_activity,RPC1_LAMBD_Li_2019_high-expression,0.005227546986514842,True
OXDA_RHOTO_Vanella_2023_activity,S22A1_HUMAN_Yee_2023_abundance,0.005227546986514842,True
OXDA_RHOTO_Vanella_2023_activity,S22A1_HUMAN_Yee_2023_activity,0.005227546986514842,True
OXDA_RHOTO_Vanella_2023_activity,SDA_BACSU_Tsuboyama_2023_1PV0,0.005227546986514842,True
OXDA_RHOTO_Vanella_2023_activity,SPG1_STRSG_Olson_2014,-0.06566832500227271,False
OXDA_RHOTO_Vanella_2023_activity,SPIKE_SARS2_Starr_2020_binding,0.005227546986514842,True
OXDA_RHOTO_Vanella_2023_activity,SPIKE_SARS2_Starr_2020_expression,0.005227546986514842,True
OXDA_RHOTO_Vanella_2023_activity,SRC_HUMAN_Ahler_2019,0.005227546986514842,True
OXDA_RHOTO_Vanella_2023_activity,SUMO1_HUMAN_Weile_2017,0.005227546986514842,True
OXDA_RHOTO_Vanella_2023_activity,SYUA_HUMAN_Newberry_2020,0.005227546986514842,True
OXDA_RHOTO_Vanella_2023_activity,TAT_HV1BR_Fernandes_2016,0.005227546986514842,True
OXDA_RHOTO_Vanella_2023_activity,TCRG1_MOUSE_Tsuboyama_2023_1E0L,0.005227546986514842,True
OXDA_RHOTO_Vanella_2023_activity,THO1_YEAST_Tsuboyama_2023_2WQG,0.005227546986514842,True
OXDA_RHOTO_Vanella_2023_activity,TPK1_HUMAN_Weile_2017,0.005227546986514842,True
OXDA_RHOTO_Vanella_2023_activity,TPMT_HUMAN_Matreyek_2018,0.005227546986514842,True
OXDA_RHOTO_Vanella_2023_activity,TPOR_HUMAN_Bridgford_2020,0.005227546986514842,True
OXDA_RHOTO_Vanella_2023_activity,TRPC_SACS2_Chan_2017,0.005227546986514842,True
OXDA_RHOTO_Vanella_2023_activity,TRPC_THEMA_Chan_2017,0.005227546986514842,True
OXDA_RHOTO_Vanella_2023_activity,UBE4B_HUMAN_Tsuboyama_2023_3L1X,0.0003558058306327716,True
OXDA_RHOTO_Vanella_2023_activity,UBE4B_MOUSE_Starita_2013,0.005227546986514842,True
OXDA_RHOTO_Vanella_2023_activity,VILI_CHICK_Tsuboyama_2023_1YU5,0.005227546986514842,True
OXDA_RHOTO_Vanella_2023_activity,VKOR1_HUMAN_Chiasson_2020_activity,0.005227546986514842,True
OXDA_RHOTO_Vanella_2023_activity,VRPI_BPT7_Tsuboyama_2023_2WNM,0.005227546986514842,True
OXDA_RHOTO_Vanella_2023_activity,YNZC_BACSU_Tsuboyama_2023_2JVD,0.005227546986514842,True
OXDA_RHOTO_Vanella_2023_expression,P53_HUMAN_Giacomelli_2018_Null_Etoposide,0.00796019444407814,True
OXDA_RHOTO_Vanella_2023_expression,P53_HUMAN_Giacomelli_2018_WT_Nutlin,0.00796019444407814,True
OXDA_RHOTO_Vanella_2023_expression,P53_HUMAN_Kotler_2018,0.00796019444407814,True
OXDA_RHOTO_Vanella_2023_expression,P84126_THETH_Chan_2017,0.00796019444407814,True
OXDA_RHOTO_Vanella_2023_expression,PABP_YEAST_Melamed_2013,0.00796019444407814,True
OXDA_RHOTO_Vanella_2023_expression,PKN1_HUMAN_Tsuboyama_2023_1URF,0.00796019444407814,True
OXDA_RHOTO_Vanella_2023_expression,POLG_HCVJF_Qi_2014,-0.010025980889439401,False
OXDA_RHOTO_Vanella_2023_expression,POLG_PESV_Tsuboyama_2023_2MXD,0.00796019444407814,True
OXDA_RHOTO_Vanella_2023_expression,PPARG_HUMAN_Majithia_2016,0.00796019444407814,True
OXDA_RHOTO_Vanella_2023_expression,PRKN_HUMAN_Clausen_2023,0.00796019444407814,True
OXDA_RHOTO_Vanella_2023_expression,PSAE_PICP2_Tsuboyama_2023_1PSE,0.00796019444407814,True
OXDA_RHOTO_Vanella_2023_expression,PTEN_HUMAN_Mighell_2018,0.00796019444407814,True
OXDA_RHOTO_Vanella_2023_expression,Q2N0S5_9HIV1_Haddox_2018,0.00796019444407814,True
OXDA_RHOTO_Vanella_2023_expression,Q59976_STRSQ_Romero_2015,0.00796019444407814,True
OXDA_RHOTO_Vanella_2023_expression,Q8WTC7_9CNID_Somermeyer_2022,-0.019572119832117818,False
OXDA_RHOTO_Vanella_2023_expression,R1AB_SARS2_Flynn_2022,-0.0075986752862133855,False
OXDA_RHOTO_Vanella_2023_expression,RASH_HUMAN_Bandaru_2017,0.00796019444407814,True
OXDA_RHOTO_Vanella_2023_expression,RDRP_I33A0_Li_2023,0.003514334267489913,True
OXDA_RHOTO_Vanella_2023_expression,RL20_AQUAE_Tsuboyama_2023_1GYZ,0.00796019444407814,True
OXDA_RHOTO_Vanella_2023_expression,RL40A_YEAST_Mavor_2016,0.00796019444407814,True
OXDA_RHOTO_Vanella_2023_expression,RL40A_YEAST_Roscoe_2013,0.00796019444407814,True
OXDA_RHOTO_Vanella_2023_expression,RL40A_YEAST_Roscoe_2014,0.00796019444407814,True
OXDA_RHOTO_Vanella_2023_expression,RPC1_LAMBD_Li_2019_high-expression,0.00796019444407814,True
OXDA_RHOTO_Vanella_2023_expression,S22A1_HUMAN_Yee_2023_abundance,0.00796019444407814,True
OXDA_RHOTO_Vanella_2023_expression,S22A1_HUMAN_Yee_2023_activity,0.00796019444407814,True
OXDA_RHOTO_Vanella_2023_expression,SDA_BACSU_Tsuboyama_2023_1PV0,0.00796019444407814,True
OXDA_RHOTO_Vanella_2023_expression,SPG1_STRSG_Olson_2014,-0.06566832500227271,False
OXDA_RHOTO_Vanella_2023_expression,SPIKE_SARS2_Starr_2020_binding,0.00796019444407814,True
OXDA_RHOTO_Vanella_2023_expression,SPIKE_SARS2_Starr_2020_expression,0.00796019444407814,True
OXDA_RHOTO_Vanella_2023_expression,SRC_HUMAN_Ahler_2019,0.00796019444407814,True
OXDA_RHOTO_Vanella_2023_expression,SUMO1_HUMAN_Weile_2017,0.00796019444407814,True
OXDA_RHOTO_Vanella_2023_expression,SYUA_HUMAN_Newberry_2020,0.00796019444407814,True
OXDA_RHOTO_Vanella_2023_expression,TAT_HV1BR_Fernandes_2016,0.00796019444407814,True
OXDA_RHOTO_Vanella_2023_expression,TCRG1_MOUSE_Tsuboyama_2023_1E0L,0.00796019444407814,True
OXDA_RHOTO_Vanella_2023_expression,THO1_YEAST_Tsuboyama_2023_2WQG,0.00796019444407814,True
OXDA_RHOTO_Vanella_2023_expression,TPK1_HUMAN_Weile_2017,0.00796019444407814,True
OXDA_RHOTO_Vanella_2023_expression,TPMT_HUMAN_Matreyek_2018,0.00796019444407814,True
OXDA_RHOTO_Vanella_2023_expression,TPOR_HUMAN_Bridgford_2020,0.00796019444407814,True
OXDA_RHOTO_Vanella_2023_expression,TRPC_SACS2_Chan_2017,0.00796019444407814,True
OXDA_RHOTO_Vanella_2023_expression,TRPC_THEMA_Chan_2017,0.00796019444407814,True
OXDA_RHOTO_Vanella_2023_expression,UBE4B_HUMAN_Tsuboyama_2023_3L1X,0.0003558058306327716,True
OXDA_RHOTO_Vanella_2023_expression,UBE4B_MOUSE_Starita_2013,0.00796019444407814,True
OXDA_RHOTO_Vanella_2023_expression,VILI_CHICK_Tsuboyama_2023_1YU5,0.00796019444407814,True
OXDA_RHOTO_Vanella_2023_expression,VKOR1_HUMAN_Chiasson_2020_activity,0.00796019444407814,True
OXDA_RHOTO_Vanella_2023_expression,VRPI_BPT7_Tsuboyama_2023_2WNM,0.00796019444407814,True
OXDA_RHOTO_Vanella_2023_expression,YNZC_BACSU_Tsuboyama_2023_2JVD,0.00796019444407814,True
P53_HUMAN_Giacomelli_2018_Null_Etoposide,P53_HUMAN_Giacomelli_2018_WT_Nutlin,0.04778369575570296,True
P53_HUMAN_Giacomelli_2018_Null_Etoposide,P53_HUMAN_Kotler_2018,0.05271030811842725,True
P53_HUMAN_Giacomelli_2018_Null_Etoposide,P84126_THETH_Chan_2017,0.05271030811842725,True
P53_HUMAN_Giacomelli_2018_Null_Etoposide,PABP_YEAST_Melamed_2013,0.018486335491943784,True
P53_HUMAN_Giacomelli_2018_Null_Etoposide,PKN1_HUMAN_Tsuboyama_2023_1URF,0.05271030811842725,True
P53_HUMAN_Giacomelli_2018_Null_Etoposide,POLG_HCVJF_Qi_2014,-0.010025980889439401,False
P53_HUMAN_Giacomelli_2018_Null_Etoposide,POLG_PESV_Tsuboyama_2023_2MXD,0.018346886745346326,True
P53_HUMAN_Giacomelli_2018_Null_Etoposide,PPARG_HUMAN_Majithia_2016,0.008776375571205142,True
P53_HUMAN_Giacomelli_2018_Null_Etoposide,PRKN_HUMAN_Clausen_2023,0.028096447301574345,True
P53_HUMAN_Giacomelli_2018_Null_Etoposide,PSAE_PICP2_Tsuboyama_2023_1PSE,0.05271030811842725,True
P53_HUMAN_Giacomelli_2018_Null_Etoposide,PTEN_HUMAN_Mighell_2018,0.03349919595280593,True
P53_HUMAN_Giacomelli_2018_Null_Etoposide,Q2N0S5_9HIV1_Haddox_2018,0.029464627283543043,True
P53_HUMAN_Giacomelli_2018_Null_Etoposide,Q59976_STRSQ_Romero_2015,0.02635203568092126,True
P53_HUMAN_Giacomelli_2018_Null_Etoposide,Q8WTC7_9CNID_Somermeyer_2022,-0.019572119832117818,False
P53_HUMAN_Giacomelli_2018_Null_Etoposide,R1AB_SARS2_Flynn_2022,-0.0075986752862133855,False
P53_HUMAN_Giacomelli_2018_Null_Etoposide,RASH_HUMAN_Bandaru_2017,0.05271030811842725,True
P53_HUMAN_Giacomelli_2018_Null_Etoposide,RDRP_I33A0_Li_2023,0.003514334267489913,True
P53_HUMAN_Giacomelli_2018_Null_Etoposide,RL20_AQUAE_Tsuboyama_2023_1GYZ,0.017519272222309812,True
P53_HUMAN_Giacomelli_2018_Null_Etoposide,RL40A_YEAST_Mavor_2016,0.04773831522373409,True
P53_HUMAN_Giacomelli_2018_Null_Etoposide,RL40A_YEAST_Roscoe_2013,0.05271030811842725,True
P53_HUMAN_Giacomelli_2018_Null_Etoposide,RL40A_YEAST_Roscoe_2014,0.029476173152517826,True
P53_HUMAN_Giacomelli_2018_Null_Etoposide,RPC1_LAMBD_Li_2019_high-expression,0.05271030811842725,True
P53_HUMAN_Giacomelli_2018_Null_Etoposide,S22A1_HUMAN_Yee_2023_abundance,0.0466790176092704,True
P53_HUMAN_Giacomelli_2018_Null_Etoposide,S22A1_HUMAN_Yee_2023_activity,0.05271030811842725,True
P53_HUMAN_Giacomelli_2018_Null_Etoposide,SDA_BACSU_Tsuboyama_2023_1PV0,0.05271030811842725,True
P53_HUMAN_Giacomelli_2018_Null_Etoposide,SPG1_STRSG_Olson_2014,-0.06566832500227271,False
P53_HUMAN_Giacomelli_2018_Null_Etoposide,SPIKE_SARS2_Starr_2020_binding,0.014721480759890188,True
P53_HUMAN_Giacomelli_2018_Null_Etoposide,SPIKE_SARS2_Starr_2020_expression,0.02075682685721225,True
P53_HUMAN_Giacomelli_2018_Null_Etoposide,SRC_HUMAN_Ahler_2019,0.041573387285900765,True
P53_HUMAN_Giacomelli_2018_Null_Etoposide,SUMO1_HUMAN_Weile_2017,0.05271030811842725,True
P53_HUMAN_Giacomelli_2018_Null_Etoposide,SYUA_HUMAN_Newberry_2020,0.01512065541748564,True
P53_HUMAN_Giacomelli_2018_Null_Etoposide,TAT_HV1BR_Fernandes_2016,0.0457503772570933,True
P53_HUMAN_Giacomelli_2018_Null_Etoposide,TCRG1_MOUSE_Tsuboyama_2023_1E0L,0.047358305255345456,True
P53_HUMAN_Giacomelli_2018_Null_Etoposide,THO1_YEAST_Tsuboyama_2023_2WQG,0.019932273345639406,True
P53_HUMAN_Giacomelli_2018_Null_Etoposide,TPK1_HUMAN_Weile_2017,0.05205085756175826,True
P53_HUMAN_Giacomelli_2018_Null_Etoposide,TPMT_HUMAN_Matreyek_2018,0.05038210874737192,True
P53_HUMAN_Giacomelli_2018_Null_Etoposide,TPOR_HUMAN_Bridgford_2020,0.01087314141520801,True
P53_HUMAN_Giacomelli_2018_Null_Etoposide,TRPC_SACS2_Chan_2017,0.043914939700933964,True
P53_HUMAN_Giacomelli_2018_Null_Etoposide,TRPC_THEMA_Chan_2017,0.015271992825909075,True
P53_HUMAN_Giacomelli_2018_Null_Etoposide,UBE4B_HUMAN_Tsuboyama_2023_3L1X,0.0003558058306327716,True
P53_HUMAN_Giacomelli_2018_Null_Etoposide,UBE4B_MOUSE_Starita_2013,0.01930784920605988,True
P53_HUMAN_Giacomelli_2018_Null_Etoposide,VILI_CHICK_Tsuboyama_2023_1YU5,0.009977139589917694,True
P53_HUMAN_Giacomelli_2018_Null_Etoposide,VKOR1_HUMAN_Chiasson_2020_activity,0.03832018258908576,True
P53_HUMAN_Giacomelli_2018_Null_Etoposide,VRPI_BPT7_Tsuboyama_2023_2WNM,0.013306701291895706,True
P53_HUMAN_Giacomelli_2018_Null_Etoposide,YNZC_BACSU_Tsuboyama_2023_2JVD,0.03350535605674709,True
P53_HUMAN_Giacomelli_2018_WT_Nutlin,P53_HUMAN_Kotler_2018,0.04778369575570296,True
P53_HUMAN_Giacomelli_2018_WT_Nutlin,P84126_THETH_Chan_2017,0.04778369575570296,True
P53_HUMAN_Giacomelli_2018_WT_Nutlin,PABP_YEAST_Melamed_2013,0.018486335491943784,True
P53_HUMAN_Giacomelli_2018_WT_Nutlin,PKN1_HUMAN_Tsuboyama_2023_1URF,0.04778369575570296,True
P53_HUMAN_Giacomelli_2018_WT_Nutlin,POLG_HCVJF_Qi_2014,-0.010025980889439401,False
P53_HUMAN_Giacomelli_2018_WT_Nutlin,POLG_PESV_Tsuboyama_2023_2MXD,0.018346886745346326,True
P53_HUMAN_Giacomelli_2018_WT_Nutlin,PPARG_HUMAN_Majithia_2016,0.008776375571205142,True
P53_HUMAN_Giacomelli_2018_WT_Nutlin,PRKN_HUMAN_Clausen_2023,0.028096447301574345,True
P53_HUMAN_Giacomelli_2018_WT_Nutlin,PSAE_PICP2_Tsuboyama_2023_1PSE,0.04778369575570296,True
P53_HUMAN_Giacomelli_2018_WT_Nutlin,PTEN_HUMAN_Mighell_2018,0.03349919595280593,True
P53_HUMAN_Giacomelli_2018_WT_Nutlin,Q2N0S5_9HIV1_Haddox_2018,0.029464627283543043,True
P53_HUMAN_Giacomelli_2018_WT_Nutlin,Q59976_STRSQ_Romero_2015,0.02635203568092126,True
P53_HUMAN_Giacomelli_2018_WT_Nutlin,Q8WTC7_9CNID_Somermeyer_2022,-0.019572119832117818,False
P53_HUMAN_Giacomelli_2018_WT_Nutlin,R1AB_SARS2_Flynn_2022,-0.0075986752862133855,False
P53_HUMAN_Giacomelli_2018_WT_Nutlin,RASH_HUMAN_Bandaru_2017,0.04778369575570296,True
P53_HUMAN_Giacomelli_2018_WT_Nutlin,RDRP_I33A0_Li_2023,0.003514334267489913,True
P53_HUMAN_Giacomelli_2018_WT_Nutlin,RL20_AQUAE_Tsuboyama_2023_1GYZ,0.017519272222309812,True
P53_HUMAN_Giacomelli_2018_WT_Nutlin,RL40A_YEAST_Mavor_2016,0.04773831522373409,True
P53_HUMAN_Giacomelli_2018_WT_Nutlin,RL40A_YEAST_Roscoe_2013,0.04778369575570296,True
P53_HUMAN_Giacomelli_2018_WT_Nutlin,RL40A_YEAST_Roscoe_2014,0.029476173152517826,True
P53_HUMAN_Giacomelli_2018_WT_Nutlin,RPC1_LAMBD_Li_2019_high-expression,0.04778369575570296,True
P53_HUMAN_Giacomelli_2018_WT_Nutlin,S22A1_HUMAN_Yee_2023_abundance,0.0466790176092704,True
P53_HUMAN_Giacomelli_2018_WT_Nutlin,S22A1_HUMAN_Yee_2023_activity,0.04778369575570296,True
P53_HUMAN_Giacomelli_2018_WT_Nutlin,SDA_BACSU_Tsuboyama_2023_1PV0,0.04778369575570296,True
P53_HUMAN_Giacomelli_2018_WT_Nutlin,SPG1_STRSG_Olson_2014,-0.06566832500227271,False
P53_HUMAN_Giacomelli_2018_WT_Nutlin,SPIKE_SARS2_Starr_2020_binding,0.014721480759890188,True
P53_HUMAN_Giacomelli_2018_WT_Nutlin,SPIKE_SARS2_Starr_2020_expression,0.02075682685721225,True
P53_HUMAN_Giacomelli_2018_WT_Nutlin,SRC_HUMAN_Ahler_2019,0.041573387285900765,True
P53_HUMAN_Giacomelli_2018_WT_Nutlin,SUMO1_HUMAN_Weile_2017,0.04778369575570296,True
P53_HUMAN_Giacomelli_2018_WT_Nutlin,SYUA_HUMAN_Newberry_2020,0.01512065541748564,True
P53_HUMAN_Giacomelli_2018_WT_Nutlin,TAT_HV1BR_Fernandes_2016,0.0457503772570933,True
P53_HUMAN_Giacomelli_2018_WT_Nutlin,TCRG1_MOUSE_Tsuboyama_2023_1E0L,0.047358305255345456,True
P53_HUMAN_Giacomelli_2018_WT_Nutlin,THO1_YEAST_Tsuboyama_2023_2WQG,0.019932273345639406,True
P53_HUMAN_Giacomelli_2018_WT_Nutlin,TPK1_HUMAN_Weile_2017,0.04778369575570296,True
P53_HUMAN_Giacomelli_2018_WT_Nutlin,TPMT_HUMAN_Matreyek_2018,0.04778369575570296,True
P53_HUMAN_Giacomelli_2018_WT_Nutlin,TPOR_HUMAN_Bridgford_2020,0.01087314141520801,True
P53_HUMAN_Giacomelli_2018_WT_Nutlin,TRPC_SACS2_Chan_2017,0.043914939700933964,True
P53_HUMAN_Giacomelli_2018_WT_Nutlin,TRPC_THEMA_Chan_2017,0.015271992825909075,True
P53_HUMAN_Giacomelli_2018_WT_Nutlin,UBE4B_HUMAN_Tsuboyama_2023_3L1X,0.0003558058306327716,True
P53_HUMAN_Giacomelli_2018_WT_Nutlin,UBE4B_MOUSE_Starita_2013,0.01930784920605988,True
P53_HUMAN_Giacomelli_2018_WT_Nutlin,VILI_CHICK_Tsuboyama_2023_1YU5,0.009977139589917694,True
P53_HUMAN_Giacomelli_2018_WT_Nutlin,VKOR1_HUMAN_Chiasson_2020_activity,0.03832018258908576,True
P53_HUMAN_Giacomelli_2018_WT_Nutlin,VRPI_BPT7_Tsuboyama_2023_2WNM,0.013306701291895706,True
P53_HUMAN_Giacomelli_2018_WT_Nutlin,YNZC_BACSU_Tsuboyama_2023_2JVD,0.03350535605674709,True
P53_HUMAN_Kotler_2018,P84126_THETH_Chan_2017,0.060888066126786544,True
P53_HUMAN_Kotler_2018,PABP_YEAST_Melamed_2013,0.018486335491943784,True
P53_HUMAN_Kotler_2018,PKN1_HUMAN_Tsuboyama_2023_1URF,0.08136508251629704,True
P53_HUMAN_Kotler_2018,POLG_HCVJF_Qi_2014,-0.010025980889439401,False
P53_HUMAN_Kotler_2018,POLG_PESV_Tsuboyama_2023_2MXD,0.018346886745346326,True
P53_HUMAN_Kotler_2018,PPARG_HUMAN_Majithia_2016,0.008776375571205142,True
P53_HUMAN_Kotler_2018,PRKN_HUMAN_Clausen_2023,0.028096447301574345,True
P53_HUMAN_Kotler_2018,PSAE_PICP2_Tsuboyama_2023_1PSE,0.060262613177218816,True
P53_HUMAN_Kotler_2018,PTEN_HUMAN_Mighell_2018,0.03349919595280593,True
P53_HUMAN_Kotler_2018,Q2N0S5_9HIV1_Haddox_2018,0.029464627283543043,True
P53_HUMAN_Kotler_2018,Q59976_STRSQ_Romero_2015,0.02635203568092126,True
P53_HUMAN_Kotler_2018,Q8WTC7_9CNID_Somermeyer_2022,-0.019572119832117818,False
P53_HUMAN_Kotler_2018,R1AB_SARS2_Flynn_2022,-0.0075986752862133855,False
P53_HUMAN_Kotler_2018,RASH_HUMAN_Bandaru_2017,0.07562368206822945,True
P53_HUMAN_Kotler_2018,RDRP_I33A0_Li_2023,0.003514334267489913,True
P53_HUMAN_Kotler_2018,RL20_AQUAE_Tsuboyama_2023_1GYZ,0.017519272222309812,True
P53_HUMAN_Kotler_2018,RL40A_YEAST_Mavor_2016,0.04773831522373409,True
P53_HUMAN_Kotler_2018,RL40A_YEAST_Roscoe_2013,0.07400147819007868,True
P53_HUMAN_Kotler_2018,RL40A_YEAST_Roscoe_2014,0.029476173152517826,True
P53_HUMAN_Kotler_2018,RPC1_LAMBD_Li_2019_high-expression,0.05659744389386523,True
P53_HUMAN_Kotler_2018,S22A1_HUMAN_Yee_2023_abundance,0.0466790176092704,True
P53_HUMAN_Kotler_2018,S22A1_HUMAN_Yee_2023_activity,0.0621517734908017,True
P53_HUMAN_Kotler_2018,SDA_BACSU_Tsuboyama_2023_1PV0,0.060218957473155754,True
P53_HUMAN_Kotler_2018,SPG1_STRSG_Olson_2014,-0.06566832500227271,False
P53_HUMAN_Kotler_2018,SPIKE_SARS2_Starr_2020_binding,0.014721480759890188,True
P53_HUMAN_Kotler_2018,SPIKE_SARS2_Starr_2020_expression,0.02075682685721225,True
P53_HUMAN_Kotler_2018,SRC_HUMAN_Ahler_2019,0.041573387285900765,True
P53_HUMAN_Kotler_2018,SUMO1_HUMAN_Weile_2017,0.07283661346208614,True
P53_HUMAN_Kotler_2018,SYUA_HUMAN_Newberry_2020,0.01512065541748564,True
P53_HUMAN_Kotler_2018,TAT_HV1BR_Fernandes_2016,0.0457503772570933,True
P53_HUMAN_Kotler_2018,TCRG1_MOUSE_Tsuboyama_2023_1E0L,0.047358305255345456,True
P53_HUMAN_Kotler_2018,THO1_YEAST_Tsuboyama_2023_2WQG,0.019932273345639406,True
P53_HUMAN_Kotler_2018,TPK1_HUMAN_Weile_2017,0.05205085756175826,True
P53_HUMAN_Kotler_2018,TPMT_HUMAN_Matreyek_2018,0.05038210874737192,True
P53_HUMAN_Kotler_2018,TPOR_HUMAN_Bridgford_2020,0.01087314141520801,True
P53_HUMAN_Kotler_2018,TRPC_SACS2_Chan_2017,0.043914939700933964,True
P53_HUMAN_Kotler_2018,TRPC_THEMA_Chan_2017,0.015271992825909075,True
P53_HUMAN_Kotler_2018,UBE4B_HUMAN_Tsuboyama_2023_3L1X,0.0003558058306327716,True
P53_HUMAN_Kotler_2018,UBE4B_MOUSE_Starita_2013,0.01930784920605988,True
P53_HUMAN_Kotler_2018,VILI_CHICK_Tsuboyama_2023_1YU5,0.009977139589917694,True
P53_HUMAN_Kotler_2018,VKOR1_HUMAN_Chiasson_2020_activity,0.03832018258908576,True
P53_HUMAN_Kotler_2018,VRPI_BPT7_Tsuboyama_2023_2WNM,0.013306701291895706,True
P53_HUMAN_Kotler_2018,YNZC_BACSU_Tsuboyama_2023_2JVD,0.03350535605674709,True
P84126_THETH_Chan_2017,PABP_YEAST_Melamed_2013,0.018486335491943784,True
P84126_THETH_Chan_2017,PKN1_HUMAN_Tsuboyama_2023_1URF,0.060888066126786544,True
P84126_THETH_Chan_2017,POLG_HCVJF_Qi_2014,-0.010025980889439401,False
P84126_THETH_Chan_2017,POLG_PESV_Tsuboyama_2023_2MXD,0.018346886745346326,True
P84126_THETH_Chan_2017,PPARG_HUMAN_Majithia_2016,0.008776375571205142,True
P84126_THETH_Chan_2017,PRKN_HUMAN_Clausen_2023,0.028096447301574345,True
P84126_THETH_Chan_2017,PSAE_PICP2_Tsuboyama_2023_1PSE,0.060262613177218816,True
P84126_THETH_Chan_2017,PTEN_HUMAN_Mighell_2018,0.03349919595280593,True
P84126_THETH_Chan_2017,Q2N0S5_9HIV1_Haddox_2018,0.029464627283543043,True
P84126_THETH_Chan_2017,Q59976_STRSQ_Romero_2015,0.02635203568092126,True
P84126_THETH_Chan_2017,Q8WTC7_9CNID_Somermeyer_2022,-0.019572119832117818,False
P84126_THETH_Chan_2017,R1AB_SARS2_Flynn_2022,-0.0075986752862133855,False
P84126_THETH_Chan_2017,RASH_HUMAN_Bandaru_2017,0.060888066126786544,True
P84126_THETH_Chan_2017,RDRP_I33A0_Li_2023,0.003514334267489913,True
P84126_THETH_Chan_2017,RL20_AQUAE_Tsuboyama_2023_1GYZ,0.017519272222309812,True
P84126_THETH_Chan_2017,RL40A_YEAST_Mavor_2016,0.04773831522373409,True
P84126_THETH_Chan_2017,RL40A_YEAST_Roscoe_2013,0.060888066126786544,True
P84126_THETH_Chan_2017,RL40A_YEAST_Roscoe_2014,0.029476173152517826,True
P84126_THETH_Chan_2017,RPC1_LAMBD_Li_2019_high-expression,0.05659744389386523,True
P84126_THETH_Chan_2017,S22A1_HUMAN_Yee_2023_abundance,0.0466790176092704,True
P84126_THETH_Chan_2017,S22A1_HUMAN_Yee_2023_activity,0.060888066126786544,True
P84126_THETH_Chan_2017,SDA_BACSU_Tsuboyama_2023_1PV0,0.060218957473155754,True
P84126_THETH_Chan_2017,SPG1_STRSG_Olson_2014,-0.06566832500227271,False
P84126_THETH_Chan_2017,SPIKE_SARS2_Starr_2020_binding,0.014721480759890188,True
P84126_THETH_Chan_2017,SPIKE_SARS2_Starr_2020_expression,0.02075682685721225,True
P84126_THETH_Chan_2017,SRC_HUMAN_Ahler_2019,0.041573387285900765,True
P84126_THETH_Chan_2017,SUMO1_HUMAN_Weile_2017,0.060888066126786544,True
P84126_THETH_Chan_2017,SYUA_HUMAN_Newberry_2020,0.01512065541748564,True
P84126_THETH_Chan_2017,TAT_HV1BR_Fernandes_2016,0.0457503772570933,True
P84126_THETH_Chan_2017,TCRG1_MOUSE_Tsuboyama_2023_1E0L,0.047358305255345456,True
P84126_THETH_Chan_2017,THO1_YEAST_Tsuboyama_2023_2WQG,0.019932273345639406,True
P84126_THETH_Chan_2017,TPK1_HUMAN_Weile_2017,0.05205085756175826,True
P84126_THETH_Chan_2017,TPMT_HUMAN_Matreyek_2018,0.05038210874737192,True
P84126_THETH_Chan_2017,TPOR_HUMAN_Bridgford_2020,0.01087314141520801,True
P84126_THETH_Chan_2017,TRPC_SACS2_Chan_2017,0.043914939700933964,True
P84126_THETH_Chan_2017,TRPC_THEMA_Chan_2017,0.015271992825909075,True
P84126_THETH_Chan_2017,UBE4B_HUMAN_Tsuboyama_2023_3L1X,0.0003558058306327716,True
P84126_THETH_Chan_2017,UBE4B_MOUSE_Starita_2013,0.01930784920605988,True
P84126_THETH_Chan_2017,VILI_CHICK_Tsuboyama_2023_1YU5,0.009977139589917694,True
P84126_THETH_Chan_2017,VKOR1_HUMAN_Chiasson_2020_activity,0.03832018258908576,True
P84126_THETH_Chan_2017,VRPI_BPT7_Tsuboyama_2023_2WNM,0.013306701291895706,True
P84126_THETH_Chan_2017,YNZC_BACSU_Tsuboyama_2023_2JVD,0.03350535605674709,True
PABP_YEAST_Melamed_2013,PKN1_HUMAN_Tsuboyama_2023_1URF,0.018486335491943784,True
PABP_YEAST_Melamed_2013,POLG_HCVJF_Qi_2014,-0.010025980889439401,False
PABP_YEAST_Melamed_2013,POLG_PESV_Tsuboyama_2023_2MXD,0.018346886745346326,True
PABP_YEAST_Melamed_2013,PPARG_HUMAN_Majithia_2016,0.008776375571205142,True
PABP_YEAST_Melamed_2013,PRKN_HUMAN_Clausen_2023,0.018486335491943784,True
PABP_YEAST_Melamed_2013,PSAE_PICP2_Tsuboyama_2023_1PSE,0.018486335491943784,True
PABP_YEAST_Melamed_2013,PTEN_HUMAN_Mighell_2018,0.018486335491943784,True
PABP_YEAST_Melamed_2013,Q2N0S5_9HIV1_Haddox_2018,0.018486335491943784,True
PABP_YEAST_Melamed_2013,Q59976_STRSQ_Romero_2015,0.018486335491943784,True
PABP_YEAST_Melamed_2013,Q8WTC7_9CNID_Somermeyer_2022,-0.019572119832117818,False
PABP_YEAST_Melamed_2013,R1AB_SARS2_Flynn_2022,-0.0075986752862133855,False
PABP_YEAST_Melamed_2013,RASH_HUMAN_Bandaru_2017,0.018486335491943784,True
PABP_YEAST_Melamed_2013,RDRP_I33A0_Li_2023,0.003514334267489913,True
PABP_YEAST_Melamed_2013,RL20_AQUAE_Tsuboyama_2023_1GYZ,0.017519272222309812,True
PABP_YEAST_Melamed_2013,RL40A_YEAST_Mavor_2016,0.018486335491943784,True
PABP_YEAST_Melamed_2013,RL40A_YEAST_Roscoe_2013,0.018486335491943784,True
PABP_YEAST_Melamed_2013,RL40A_YEAST_Roscoe_2014,0.018486335491943784,True
PABP_YEAST_Melamed_2013,RPC1_LAMBD_Li_2019_high-expression,0.018486335491943784,True
PABP_YEAST_Melamed_2013,S22A1_HUMAN_Yee_2023_abundance,0.018486335491943784,True
PABP_YEAST_Melamed_2013,S22A1_HUMAN_Yee_2023_activity,0.018486335491943784,True
PABP_YEAST_Melamed_2013,SDA_BACSU_Tsuboyama_2023_1PV0,0.018486335491943784,True
PABP_YEAST_Melamed_2013,SPG1_STRSG_Olson_2014,-0.06566832500227271,False
PABP_YEAST_Melamed_2013,SPIKE_SARS2_Starr_2020_binding,0.014721480759890188,True
PABP_YEAST_Melamed_2013,SPIKE_SARS2_Starr_2020_expression,0.018486335491943784,True
PABP_YEAST_Melamed_2013,SRC_HUMAN_Ahler_2019,0.018486335491943784,True
PABP_YEAST_Melamed_2013,SUMO1_HUMAN_Weile_2017,0.018486335491943784,True
PABP_YEAST_Melamed_2013,SYUA_HUMAN_Newberry_2020,0.01512065541748564,True
PABP_YEAST_Melamed_2013,TAT_HV1BR_Fernandes_2016,0.018486335491943784,True
PABP_YEAST_Melamed_2013,TCRG1_MOUSE_Tsuboyama_2023_1E0L,0.018486335491943784,True
PABP_YEAST_Melamed_2013,THO1_YEAST_Tsuboyama_2023_2WQG,0.018486335491943784,True
PABP_YEAST_Melamed_2013,TPK1_HUMAN_Weile_2017,0.018486335491943784,True
PABP_YEAST_Melamed_2013,TPMT_HUMAN_Matreyek_2018,0.018486335491943784,True
PABP_YEAST_Melamed_2013,TPOR_HUMAN_Bridgford_2020,0.01087314141520801,True
PABP_YEAST_Melamed_2013,TRPC_SACS2_Chan_2017,0.018486335491943784,True
PABP_YEAST_Melamed_2013,TRPC_THEMA_Chan_2017,0.015271992825909075,True
PABP_YEAST_Melamed_2013,UBE4B_HUMAN_Tsuboyama_2023_3L1X,0.0003558058306327716,True
PABP_YEAST_Melamed_2013,UBE4B_MOUSE_Starita_2013,0.018486335491943784,True
PABP_YEAST_Melamed_2013,VILI_CHICK_Tsuboyama_2023_1YU5,0.009977139589917694,True
PABP_YEAST_Melamed_2013,VKOR1_HUMAN_Chiasson_2020_activity,0.018486335491943784,True
PABP_YEAST_Melamed_2013,VRPI_BPT7_Tsuboyama_2023_2WNM,0.013306701291895706,True
PABP_YEAST_Melamed_2013,YNZC_BACSU_Tsuboyama_2023_2JVD,0.018486335491943784,True
PKN1_HUMAN_Tsuboyama_2023_1URF,POLG_HCVJF_Qi_2014,-0.010025980889439401,False
PKN1_HUMAN_Tsuboyama_2023_1URF,POLG_PESV_Tsuboyama_2023_2MXD,0.018346886745346326,True
PKN1_HUMAN_Tsuboyama_2023_1URF,PPARG_HUMAN_Majithia_2016,0.008776375571205142,True
PKN1_HUMAN_Tsuboyama_2023_1URF,PRKN_HUMAN_Clausen_2023,0.028096447301574345,True
PKN1_HUMAN_Tsuboyama_2023_1URF,PSAE_PICP2_Tsuboyama_2023_1PSE,0.060262613177218816,True
PKN1_HUMAN_Tsuboyama_2023_1URF,PTEN_HUMAN_Mighell_2018,0.03349919595280593,True
PKN1_HUMAN_Tsuboyama_2023_1URF,Q2N0S5_9HIV1_Haddox_2018,0.029464627283543043,True
PKN1_HUMAN_Tsuboyama_2023_1URF,Q59976_STRSQ_Romero_2015,0.02635203568092126,True
PKN1_HUMAN_Tsuboyama_2023_1URF,Q8WTC7_9CNID_Somermeyer_2022,-0.019572119832117818,False
PKN1_HUMAN_Tsuboyama_2023_1URF,R1AB_SARS2_Flynn_2022,-0.0075986752862133855,False
PKN1_HUMAN_Tsuboyama_2023_1URF,RASH_HUMAN_Bandaru_2017,0.07562368206822945,True
PKN1_HUMAN_Tsuboyama_2023_1URF,RDRP_I33A0_Li_2023,0.003514334267489913,True
PKN1_HUMAN_Tsuboyama_2023_1URF,RL20_AQUAE_Tsuboyama_2023_1GYZ,0.017519272222309812,True
PKN1_HUMAN_Tsuboyama_2023_1URF,RL40A_YEAST_Mavor_2016,0.04773831522373409,True
PKN1_HUMAN_Tsuboyama_2023_1URF,RL40A_YEAST_Roscoe_2013,0.07400147819007868,True
PKN1_HUMAN_Tsuboyama_2023_1URF,RL40A_YEAST_Roscoe_2014,0.029476173152517826,True
PKN1_HUMAN_Tsuboyama_2023_1URF,RPC1_LAMBD_Li_2019_high-expression,0.05659744389386523,True
PKN1_HUMAN_Tsuboyama_2023_1URF,S22A1_HUMAN_Yee_2023_abundance,0.0466790176092704,True
PKN1_HUMAN_Tsuboyama_2023_1URF,S22A1_HUMAN_Yee_2023_activity,0.0621517734908017,True
PKN1_HUMAN_Tsuboyama_2023_1URF,SDA_BACSU_Tsuboyama_2023_1PV0,0.060218957473155754,True
PKN1_HUMAN_Tsuboyama_2023_1URF,SPG1_STRSG_Olson_2014,-0.06566832500227271,False
PKN1_HUMAN_Tsuboyama_2023_1URF,SPIKE_SARS2_Starr_2020_binding,0.014721480759890188,True
PKN1_HUMAN_Tsuboyama_2023_1URF,SPIKE_SARS2_Starr_2020_expression,0.02075682685721225,True
PKN1_HUMAN_Tsuboyama_2023_1URF,SRC_HUMAN_Ahler_2019,0.041573387285900765,True
PKN1_HUMAN_Tsuboyama_2023_1URF,SUMO1_HUMAN_Weile_2017,0.07283661346208614,True
PKN1_HUMAN_Tsuboyama_2023_1URF,SYUA_HUMAN_Newberry_2020,0.01512065541748564,True
PKN1_HUMAN_Tsuboyama_2023_1URF,TAT_HV1BR_Fernandes_2016,0.0457503772570933,True
PKN1_HUMAN_Tsuboyama_2023_1URF,TCRG1_MOUSE_Tsuboyama_2023_1E0L,0.047358305255345456,True
PKN1_HUMAN_Tsuboyama_2023_1URF,THO1_YEAST_Tsuboyama_2023_2WQG,0.019932273345639406,True
PKN1_HUMAN_Tsuboyama_2023_1URF,TPK1_HUMAN_Weile_2017,0.05205085756175826,True
PKN1_HUMAN_Tsuboyama_2023_1URF,TPMT_HUMAN_Matreyek_2018,0.05038210874737192,True
PKN1_HUMAN_Tsuboyama_2023_1URF,TPOR_HUMAN_Bridgford_2020,0.01087314141520801,True
PKN1_HUMAN_Tsuboyama_2023_1URF,TRPC_SACS2_Chan_2017,0.043914939700933964,True
PKN1_HUMAN_Tsuboyama_2023_1URF,TRPC_THEMA_Chan_2017,0.015271992825909075,True
PKN1_HUMAN_Tsuboyama_2023_1URF,UBE4B_HUMAN_Tsuboyama_2023_3L1X,0.0003558058306327716,True
PKN1_HUMAN_Tsuboyama_2023_1URF,UBE4B_MOUSE_Starita_2013,0.01930784920605988,True
PKN1_HUMAN_Tsuboyama_2023_1URF,VILI_CHICK_Tsuboyama_2023_1YU5,0.009977139589917694,True
PKN1_HUMAN_Tsuboyama_2023_1URF,VKOR1_HUMAN_Chiasson_2020_activity,0.03832018258908576,True
PKN1_HUMAN_Tsuboyama_2023_1URF,VRPI_BPT7_Tsuboyama_2023_2WNM,0.013306701291895706,True
PKN1_HUMAN_Tsuboyama_2023_1URF,YNZC_BACSU_Tsuboyama_2023_2JVD,0.03350535605674709,True
POLG_HCVJF_Qi_2014,POLG_PESV_Tsuboyama_2023_2MXD,-0.010025980889439401,False
POLG_HCVJF_Qi_2014,PPARG_HUMAN_Majithia_2016,-0.010025980889439401,False
POLG_HCVJF_Qi_2014,PRKN_HUMAN_Clausen_2023,-0.010025980889439401,False
POLG_HCVJF_Qi_2014,PSAE_PICP2_Tsuboyama_2023_1PSE,-0.010025980889439401,False
POLG_HCVJF_Qi_2014,PTEN_HUMAN_Mighell_2018,-0.010025980889439401,False
POLG_HCVJF_Qi_2014,Q2N0S5_9HIV1_Haddox_2018,-0.010025980889439401,False
POLG_HCVJF_Qi_2014,Q59976_STRSQ_Romero_2015,-0.010025980889439401,False
POLG_HCVJF_Qi_2014,Q8WTC7_9CNID_Somermeyer_2022,-0.019572119832117818,False
POLG_HCVJF_Qi_2014,R1AB_SARS2_Flynn_2022,-0.010025980889439401,False
POLG_HCVJF_Qi_2014,RASH_HUMAN_Bandaru_2017,-0.010025980889439401,False
POLG_HCVJF_Qi_2014,RDRP_I33A0_Li_2023,-0.010025980889439401,False
POLG_HCVJF_Qi_2014,RL20_AQUAE_Tsuboyama_2023_1GYZ,-0.010025980889439401,False
POLG_HCVJF_Qi_2014,RL40A_YEAST_Mavor_2016,-0.010025980889439401,False
POLG_HCVJF_Qi_2014,RL40A_YEAST_Roscoe_2013,-0.010025980889439401,False
POLG_HCVJF_Qi_2014,RL40A_YEAST_Roscoe_2014,-0.010025980889439401,False
POLG_HCVJF_Qi_2014,RPC1_LAMBD_Li_2019_high-expression,-0.010025980889439401,False
POLG_HCVJF_Qi_2014,S22A1_HUMAN_Yee_2023_abundance,-0.010025980889439401,False
POLG_HCVJF_Qi_2014,S22A1_HUMAN_Yee_2023_activity,-0.010025980889439401,False
POLG_HCVJF_Qi_2014,SDA_BACSU_Tsuboyama_2023_1PV0,-0.010025980889439401,False
POLG_HCVJF_Qi_2014,SPG1_STRSG_Olson_2014,-0.06566832500227271,False
POLG_HCVJF_Qi_2014,SPIKE_SARS2_Starr_2020_binding,-0.010025980889439401,False
POLG_HCVJF_Qi_2014,SPIKE_SARS2_Starr_2020_expression,-0.010025980889439401,False
POLG_HCVJF_Qi_2014,SRC_HUMAN_Ahler_2019,-0.010025980889439401,False
POLG_HCVJF_Qi_2014,SUMO1_HUMAN_Weile_2017,-0.010025980889439401,False
POLG_HCVJF_Qi_2014,SYUA_HUMAN_Newberry_2020,-0.010025980889439401,False
POLG_HCVJF_Qi_2014,TAT_HV1BR_Fernandes_2016,-0.010025980889439401,False
POLG_HCVJF_Qi_2014,TCRG1_MOUSE_Tsuboyama_2023_1E0L,-0.010025980889439401,False
POLG_HCVJF_Qi_2014,THO1_YEAST_Tsuboyama_2023_2WQG,-0.010025980889439401,False
POLG_HCVJF_Qi_2014,TPK1_HUMAN_Weile_2017,-0.010025980889439401,False
POLG_HCVJF_Qi_2014,TPMT_HUMAN_Matreyek_2018,-0.010025980889439401,False
POLG_HCVJF_Qi_2014,TPOR_HUMAN_Bridgford_2020,-0.010025980889439401,False
POLG_HCVJF_Qi_2014,TRPC_SACS2_Chan_2017,-0.010025980889439401,False
POLG_HCVJF_Qi_2014,TRPC_THEMA_Chan_2017,-0.010025980889439401,False
POLG_HCVJF_Qi_2014,UBE4B_HUMAN_Tsuboyama_2023_3L1X,-0.010025980889439401,False
POLG_HCVJF_Qi_2014,UBE4B_MOUSE_Starita_2013,-0.010025980889439401,False
POLG_HCVJF_Qi_2014,VILI_CHICK_Tsuboyama_2023_1YU5,-0.010025980889439401,False
POLG_HCVJF_Qi_2014,VKOR1_HUMAN_Chiasson_2020_activity,-0.010025980889439401,False
POLG_HCVJF_Qi_2014,VRPI_BPT7_Tsuboyama_2023_2WNM,-0.010025980889439401,False
POLG_HCVJF_Qi_2014,YNZC_BACSU_Tsuboyama_2023_2JVD,-0.010025980889439401,False
POLG_PESV_Tsuboyama_2023_2MXD,PPARG_HUMAN_Majithia_2016,0.008776375571205142,True
POLG_PESV_Tsuboyama_2023_2MXD,PRKN_HUMAN_Clausen_2023,0.018346886745346326,True
POLG_PESV_Tsuboyama_2023_2MXD,PSAE_PICP2_Tsuboyama_2023_1PSE,0.018346886745346326,True
POLG_PESV_Tsuboyama_2023_2MXD,PTEN_HUMAN_Mighell_2018,0.018346886745346326,True
POLG_PESV_Tsuboyama_2023_2MXD,Q2N0S5_9HIV1_Haddox_2018,0.018346886745346326,True
POLG_PESV_Tsuboyama_2023_2MXD,Q59976_STRSQ_Romero_2015,0.018346886745346326,True
POLG_PESV_Tsuboyama_2023_2MXD,Q8WTC7_9CNID_Somermeyer_2022,-0.019572119832117818,False
POLG_PESV_Tsuboyama_2023_2MXD,R1AB_SARS2_Flynn_2022,-0.0075986752862133855,False
POLG_PESV_Tsuboyama_2023_2MXD,RASH_HUMAN_Bandaru_2017,0.018346886745346326,True
POLG_PESV_Tsuboyama_2023_2MXD,RDRP_I33A0_Li_2023,0.003514334267489913,True
POLG_PESV_Tsuboyama_2023_2MXD,RL20_AQUAE_Tsuboyama_2023_1GYZ,0.017519272222309812,True
POLG_PESV_Tsuboyama_2023_2MXD,RL40A_YEAST_Mavor_2016,0.018346886745346326,True
POLG_PESV_Tsuboyama_2023_2MXD,RL40A_YEAST_Roscoe_2013,0.018346886745346326,True
POLG_PESV_Tsuboyama_2023_2MXD,RL40A_YEAST_Roscoe_2014,0.018346886745346326,True
POLG_PESV_Tsuboyama_2023_2MXD,RPC1_LAMBD_Li_2019_high-expression,0.018346886745346326,True
POLG_PESV_Tsuboyama_2023_2MXD,S22A1_HUMAN_Yee_2023_abundance,0.018346886745346326,True
POLG_PESV_Tsuboyama_2023_2MXD,S22A1_HUMAN_Yee_2023_activity,0.018346886745346326,True
POLG_PESV_Tsuboyama_2023_2MXD,SDA_BACSU_Tsuboyama_2023_1PV0,0.018346886745346326,True
POLG_PESV_Tsuboyama_2023_2MXD,SPG1_STRSG_Olson_2014,-0.06566832500227271,False
POLG_PESV_Tsuboyama_2023_2MXD,SPIKE_SARS2_Starr_2020_binding,0.014721480759890188,True
POLG_PESV_Tsuboyama_2023_2MXD,SPIKE_SARS2_Starr_2020_expression,0.018346886745346326,True
POLG_PESV_Tsuboyama_2023_2MXD,SRC_HUMAN_Ahler_2019,0.018346886745346326,True
POLG_PESV_Tsuboyama_2023_2MXD,SUMO1_HUMAN_Weile_2017,0.018346886745346326,True
POLG_PESV_Tsuboyama_2023_2MXD,SYUA_HUMAN_Newberry_2020,0.01512065541748564,True
POLG_PESV_Tsuboyama_2023_2MXD,TAT_HV1BR_Fernandes_2016,0.018346886745346326,True
POLG_PESV_Tsuboyama_2023_2MXD,TCRG1_MOUSE_Tsuboyama_2023_1E0L,0.018346886745346326,True
POLG_PESV_Tsuboyama_2023_2MXD,THO1_YEAST_Tsuboyama_2023_2WQG,0.018346886745346326,True
POLG_PESV_Tsuboyama_2023_2MXD,TPK1_HUMAN_Weile_2017,0.018346886745346326,True
POLG_PESV_Tsuboyama_2023_2MXD,TPMT_HUMAN_Matreyek_2018,0.018346886745346326,True
POLG_PESV_Tsuboyama_2023_2MXD,TPOR_HUMAN_Bridgford_2020,0.01087314141520801,True
POLG_PESV_Tsuboyama_2023_2MXD,TRPC_SACS2_Chan_2017,0.018346886745346326,True
POLG_PESV_Tsuboyama_2023_2MXD,TRPC_THEMA_Chan_2017,0.015271992825909075,True
POLG_PESV_Tsuboyama_2023_2MXD,UBE4B_HUMAN_Tsuboyama_2023_3L1X,0.0003558058306327716,True
POLG_PESV_Tsuboyama_2023_2MXD,UBE4B_MOUSE_Starita_2013,0.018346886745346326,True
POLG_PESV_Tsuboyama_2023_2MXD,VILI_CHICK_Tsuboyama_2023_1YU5,0.009977139589917694,True
POLG_PESV_Tsuboyama_2023_2MXD,VKOR1_HUMAN_Chiasson_2020_activity,0.018346886745346326,True
POLG_PESV_Tsuboyama_2023_2MXD,VRPI_BPT7_Tsuboyama_2023_2WNM,0.013306701291895706,True
POLG_PESV_Tsuboyama_2023_2MXD,YNZC_BACSU_Tsuboyama_2023_2JVD,0.018346886745346326,True
PPARG_HUMAN_Majithia_2016,PRKN_HUMAN_Clausen_2023,0.008776375571205142,True
PPARG_HUMAN_Majithia_2016,PSAE_PICP2_Tsuboyama_2023_1PSE,0.008776375571205142,True
PPARG_HUMAN_Majithia_2016,PTEN_HUMAN_Mighell_2018,0.008776375571205142,True
PPARG_HUMAN_Majithia_2016,Q2N0S5_9HIV1_Haddox_2018,0.008776375571205142,True
PPARG_HUMAN_Majithia_2016,Q59976_STRSQ_Romero_2015,0.008776375571205142,True
PPARG_HUMAN_Majithia_2016,Q8WTC7_9CNID_Somermeyer_2022,-0.019572119832117818,False
PPARG_HUMAN_Majithia_2016,R1AB_SARS2_Flynn_2022,-0.0075986752862133855,False
PPARG_HUMAN_Majithia_2016,RASH_HUMAN_Bandaru_2017,0.008776375571205142,True
PPARG_HUMAN_Majithia_2016,RDRP_I33A0_Li_2023,0.003514334267489913,True
PPARG_HUMAN_Majithia_2016,RL20_AQUAE_Tsuboyama_2023_1GYZ,0.008776375571205142,True
PPARG_HUMAN_Majithia_2016,RL40A_YEAST_Mavor_2016,0.008776375571205142,True
PPARG_HUMAN_Majithia_2016,RL40A_YEAST_Roscoe_2013,0.008776375571205142,True
PPARG_HUMAN_Majithia_2016,RL40A_YEAST_Roscoe_2014,0.008776375571205142,True
PPARG_HUMAN_Majithia_2016,RPC1_LAMBD_Li_2019_high-expression,0.008776375571205142,True
PPARG_HUMAN_Majithia_2016,S22A1_HUMAN_Yee_2023_abundance,0.008776375571205142,True
PPARG_HUMAN_Majithia_2016,S22A1_HUMAN_Yee_2023_activity,0.008776375571205142,True
PPARG_HUMAN_Majithia_2016,SDA_BACSU_Tsuboyama_2023_1PV0,0.008776375571205142,True
PPARG_HUMAN_Majithia_2016,SPG1_STRSG_Olson_2014,-0.06566832500227271,False
PPARG_HUMAN_Majithia_2016,SPIKE_SARS2_Starr_2020_binding,0.008776375571205142,True
PPARG_HUMAN_Majithia_2016,SPIKE_SARS2_Starr_2020_expression,0.008776375571205142,True
PPARG_HUMAN_Majithia_2016,SRC_HUMAN_Ahler_2019,0.008776375571205142,True
PPARG_HUMAN_Majithia_2016,SUMO1_HUMAN_Weile_2017,0.008776375571205142,True
PPARG_HUMAN_Majithia_2016,SYUA_HUMAN_Newberry_2020,0.008776375571205142,True
PPARG_HUMAN_Majithia_2016,TAT_HV1BR_Fernandes_2016,0.008776375571205142,True
PPARG_HUMAN_Majithia_2016,TCRG1_MOUSE_Tsuboyama_2023_1E0L,0.008776375571205142,True
PPARG_HUMAN_Majithia_2016,THO1_YEAST_Tsuboyama_2023_2WQG,0.008776375571205142,True
PPARG_HUMAN_Majithia_2016,TPK1_HUMAN_Weile_2017,0.008776375571205142,True
PPARG_HUMAN_Majithia_2016,TPMT_HUMAN_Matreyek_2018,0.008776375571205142,True
PPARG_HUMAN_Majithia_2016,TPOR_HUMAN_Bridgford_2020,0.008776375571205142,True
PPARG_HUMAN_Majithia_2016,TRPC_SACS2_Chan_2017,0.008776375571205142,True
PPARG_HUMAN_Majithia_2016,TRPC_THEMA_Chan_2017,0.008776375571205142,True
PPARG_HUMAN_Majithia_2016,UBE4B_HUMAN_Tsuboyama_2023_3L1X,0.0003558058306327716,True
PPARG_HUMAN_Majithia_2016,UBE4B_MOUSE_Starita_2013,0.008776375571205142,True
PPARG_HUMAN_Majithia_2016,VILI_CHICK_Tsuboyama_2023_1YU5,0.008776375571205142,True
PPARG_HUMAN_Majithia_2016,VKOR1_HUMAN_Chiasson_2020_activity,0.008776375571205142,True
PPARG_HUMAN_Majithia_2016,VRPI_BPT7_Tsuboyama_2023_2WNM,0.008776375571205142,True
PPARG_HUMAN_Majithia_2016,YNZC_BACSU_Tsuboyama_2023_2JVD,0.008776375571205142,True
PRKN_HUMAN_Clausen_2023,PSAE_PICP2_Tsuboyama_2023_1PSE,0.028096447301574345,True
PRKN_HUMAN_Clausen_2023,PTEN_HUMAN_Mighell_2018,0.028096447301574345,True
PRKN_HUMAN_Clausen_2023,Q2N0S5_9HIV1_Haddox_2018,0.028096447301574345,True
PRKN_HUMAN_Clausen_2023,Q59976_STRSQ_Romero_2015,0.02635203568092126,True
PRKN_HUMAN_Clausen_2023,Q8WTC7_9CNID_Somermeyer_2022,-0.019572119832117818,False
PRKN_HUMAN_Clausen_2023,R1AB_SARS2_Flynn_2022,-0.0075986752862133855,False
PRKN_HUMAN_Clausen_2023,RASH_HUMAN_Bandaru_2017,0.028096447301574345,True
PRKN_HUMAN_Clausen_2023,RDRP_I33A0_Li_2023,0.003514334267489913,True
PRKN_HUMAN_Clausen_2023,RL20_AQUAE_Tsuboyama_2023_1GYZ,0.017519272222309812,True
PRKN_HUMAN_Clausen_2023,RL40A_YEAST_Mavor_2016,0.028096447301574345,True
PRKN_HUMAN_Clausen_2023,RL40A_YEAST_Roscoe_2013,0.028096447301574345,True
PRKN_HUMAN_Clausen_2023,RL40A_YEAST_Roscoe_2014,0.028096447301574345,True
PRKN_HUMAN_Clausen_2023,RPC1_LAMBD_Li_2019_high-expression,0.028096447301574345,True
PRKN_HUMAN_Clausen_2023,S22A1_HUMAN_Yee_2023_abundance,0.028096447301574345,True
PRKN_HUMAN_Clausen_2023,S22A1_HUMAN_Yee_2023_activity,0.028096447301574345,True
PRKN_HUMAN_Clausen_2023,SDA_BACSU_Tsuboyama_2023_1PV0,0.028096447301574345,True
PRKN_HUMAN_Clausen_2023,SPG1_STRSG_Olson_2014,-0.06566832500227271,False
PRKN_HUMAN_Clausen_2023,SPIKE_SARS2_Starr_2020_binding,0.014721480759890188,True
PRKN_HUMAN_Clausen_2023,SPIKE_SARS2_Starr_2020_expression,0.02075682685721225,True
PRKN_HUMAN_Clausen_2023,SRC_HUMAN_Ahler_2019,0.028096447301574345,True
PRKN_HUMAN_Clausen_2023,SUMO1_HUMAN_Weile_2017,0.028096447301574345,True
PRKN_HUMAN_Clausen_2023,SYUA_HUMAN_Newberry_2020,0.01512065541748564,True
PRKN_HUMAN_Clausen_2023,TAT_HV1BR_Fernandes_2016,0.028096447301574345,True
PRKN_HUMAN_Clausen_2023,TCRG1_MOUSE_Tsuboyama_2023_1E0L,0.028096447301574345,True
PRKN_HUMAN_Clausen_2023,THO1_YEAST_Tsuboyama_2023_2WQG,0.019932273345639406,True
PRKN_HUMAN_Clausen_2023,TPK1_HUMAN_Weile_2017,0.028096447301574345,True
PRKN_HUMAN_Clausen_2023,TPMT_HUMAN_Matreyek_2018,0.028096447301574345,True
PRKN_HUMAN_Clausen_2023,TPOR_HUMAN_Bridgford_2020,0.01087314141520801,True
PRKN_HUMAN_Clausen_2023,TRPC_SACS2_Chan_2017,0.028096447301574345,True
PRKN_HUMAN_Clausen_2023,TRPC_THEMA_Chan_2017,0.015271992825909075,True
PRKN_HUMAN_Clausen_2023,UBE4B_HUMAN_Tsuboyama_2023_3L1X,0.0003558058306327716,True
PRKN_HUMAN_Clausen_2023,UBE4B_MOUSE_Starita_2013,0.01930784920605988,True
PRKN_HUMAN_Clausen_2023,VILI_CHICK_Tsuboyama_2023_1YU5,0.009977139589917694,True
PRKN_HUMAN_Clausen_2023,VKOR1_HUMAN_Chiasson_2020_activity,0.028096447301574345,True
PRKN_HUMAN_Clausen_2023,VRPI_BPT7_Tsuboyama_2023_2WNM,0.013306701291895706,True
PRKN_HUMAN_Clausen_2023,YNZC_BACSU_Tsuboyama_2023_2JVD,0.028096447301574345,True
PSAE_PICP2_Tsuboyama_2023_1PSE,PTEN_HUMAN_Mighell_2018,0.03349919595280593,True
PSAE_PICP2_Tsuboyama_2023_1PSE,Q2N0S5_9HIV1_Haddox_2018,0.029464627283543043,True
PSAE_PICP2_Tsuboyama_2023_1PSE,Q59976_STRSQ_Romero_2015,0.02635203568092126,True
PSAE_PICP2_Tsuboyama_2023_1PSE,Q8WTC7_9CNID_Somermeyer_2022,-0.019572119832117818,False
PSAE_PICP2_Tsuboyama_2023_1PSE,R1AB_SARS2_Flynn_2022,-0.0075986752862133855,False
PSAE_PICP2_Tsuboyama_2023_1PSE,RASH_HUMAN_Bandaru_2017,0.060262613177218816,True
PSAE_PICP2_Tsuboyama_2023_1PSE,RDRP_I33A0_Li_2023,0.003514334267489913,True
PSAE_PICP2_Tsuboyama_2023_1PSE,RL20_AQUAE_Tsuboyama_2023_1GYZ,0.017519272222309812,True
PSAE_PICP2_Tsuboyama_2023_1PSE,RL40A_YEAST_Mavor_2016,0.04773831522373409,True
PSAE_PICP2_Tsuboyama_2023_1PSE,RL40A_YEAST_Roscoe_2013,0.060262613177218816,True
PSAE_PICP2_Tsuboyama_2023_1PSE,RL40A_YEAST_Roscoe_2014,0.029476173152517826,True
PSAE_PICP2_Tsuboyama_2023_1PSE,RPC1_LAMBD_Li_2019_high-expression,0.05659744389386523,True
PSAE_PICP2_Tsuboyama_2023_1PSE,S22A1_HUMAN_Yee_2023_abundance,0.0466790176092704,True
PSAE_PICP2_Tsuboyama_2023_1PSE,S22A1_HUMAN_Yee_2023_activity,0.060262613177218816,True
PSAE_PICP2_Tsuboyama_2023_1PSE,SDA_BACSU_Tsuboyama_2023_1PV0,0.060218957473155754,True
PSAE_PICP2_Tsuboyama_2023_1PSE,SPG1_STRSG_Olson_2014,-0.06566832500227271,False
PSAE_PICP2_Tsuboyama_2023_1PSE,SPIKE_SARS2_Starr_2020_binding,0.014721480759890188,True
PSAE_PICP2_Tsuboyama_2023_1PSE,SPIKE_SARS2_Starr_2020_expression,0.02075682685721225,True
PSAE_PICP2_Tsuboyama_2023_1PSE,SRC_HUMAN_Ahler_2019,0.041573387285900765,True
PSAE_PICP2_Tsuboyama_2023_1PSE,SUMO1_HUMAN_Weile_2017,0.060262613177218816,True
PSAE_PICP2_Tsuboyama_2023_1PSE,SYUA_HUMAN_Newberry_2020,0.01512065541748564,True
PSAE_PICP2_Tsuboyama_2023_1PSE,TAT_HV1BR_Fernandes_2016,0.0457503772570933,True
PSAE_PICP2_Tsuboyama_2023_1PSE,TCRG1_MOUSE_Tsuboyama_2023_1E0L,0.047358305255345456,True
PSAE_PICP2_Tsuboyama_2023_1PSE,THO1_YEAST_Tsuboyama_2023_2WQG,0.019932273345639406,True
PSAE_PICP2_Tsuboyama_2023_1PSE,TPK1_HUMAN_Weile_2017,0.05205085756175826,True
PSAE_PICP2_Tsuboyama_2023_1PSE,TPMT_HUMAN_Matreyek_2018,0.05038210874737192,True
PSAE_PICP2_Tsuboyama_2023_1PSE,TPOR_HUMAN_Bridgford_2020,0.01087314141520801,True
PSAE_PICP2_Tsuboyama_2023_1PSE,TRPC_SACS2_Chan_2017,0.043914939700933964,True
PSAE_PICP2_Tsuboyama_2023_1PSE,TRPC_THEMA_Chan_2017,0.015271992825909075,True
PSAE_PICP2_Tsuboyama_2023_1PSE,UBE4B_HUMAN_Tsuboyama_2023_3L1X,0.0003558058306327716,True
PSAE_PICP2_Tsuboyama_2023_1PSE,UBE4B_MOUSE_Starita_2013,0.01930784920605988,True
PSAE_PICP2_Tsuboyama_2023_1PSE,VILI_CHICK_Tsuboyama_2023_1YU5,0.009977139589917694,True
PSAE_PICP2_Tsuboyama_2023_1PSE,VKOR1_HUMAN_Chiasson_2020_activity,0.03832018258908576,True
PSAE_PICP2_Tsuboyama_2023_1PSE,VRPI_BPT7_Tsuboyama_2023_2WNM,0.013306701291895706,True
PSAE_PICP2_Tsuboyama_2023_1PSE,YNZC_BACSU_Tsuboyama_2023_2JVD,0.03350535605674709,True
PTEN_HUMAN_Mighell_2018,Q2N0S5_9HIV1_Haddox_2018,0.029464627283543043,True
PTEN_HUMAN_Mighell_2018,Q59976_STRSQ_Romero_2015,0.02635203568092126,True
PTEN_HUMAN_Mighell_2018,Q8WTC7_9CNID_Somermeyer_2022,-0.019572119832117818,False
PTEN_HUMAN_Mighell_2018,R1AB_SARS2_Flynn_2022,-0.0075986752862133855,False
PTEN_HUMAN_Mighell_2018,RASH_HUMAN_Bandaru_2017,0.03349919595280593,True
PTEN_HUMAN_Mighell_2018,RDRP_I33A0_Li_2023,0.003514334267489913,True
PTEN_HUMAN_Mighell_2018,RL20_AQUAE_Tsuboyama_2023_1GYZ,0.017519272222309812,True
PTEN_HUMAN_Mighell_2018,RL40A_YEAST_Mavor_2016,0.03349919595280593,True
PTEN_HUMAN_Mighell_2018,RL40A_YEAST_Roscoe_2013,0.03349919595280593,True
PTEN_HUMAN_Mighell_2018,RL40A_YEAST_Roscoe_2014,0.029476173152517826,True
PTEN_HUMAN_Mighell_2018,RPC1_LAMBD_Li_2019_high-expression,0.03349919595280593,True
PTEN_HUMAN_Mighell_2018,S22A1_HUMAN_Yee_2023_abundance,0.03349919595280593,True
PTEN_HUMAN_Mighell_2018,S22A1_HUMAN_Yee_2023_activity,0.03349919595280593,True
PTEN_HUMAN_Mighell_2018,SDA_BACSU_Tsuboyama_2023_1PV0,0.03349919595280593,True
PTEN_HUMAN_Mighell_2018,SPG1_STRSG_Olson_2014,-0.06566832500227271,False
PTEN_HUMAN_Mighell_2018,SPIKE_SARS2_Starr_2020_binding,0.014721480759890188,True
PTEN_HUMAN_Mighell_2018,SPIKE_SARS2_Starr_2020_expression,0.02075682685721225,True
PTEN_HUMAN_Mighell_2018,SRC_HUMAN_Ahler_2019,0.03349919595280593,True
PTEN_HUMAN_Mighell_2018,SUMO1_HUMAN_Weile_2017,0.03349919595280593,True
PTEN_HUMAN_Mighell_2018,SYUA_HUMAN_Newberry_2020,0.01512065541748564,True
PTEN_HUMAN_Mighell_2018,TAT_HV1BR_Fernandes_2016,0.03349919595280593,True
PTEN_HUMAN_Mighell_2018,TCRG1_MOUSE_Tsuboyama_2023_1E0L,0.03349919595280593,True
PTEN_HUMAN_Mighell_2018,THO1_YEAST_Tsuboyama_2023_2WQG,0.019932273345639406,True
PTEN_HUMAN_Mighell_2018,TPK1_HUMAN_Weile_2017,0.03349919595280593,True
PTEN_HUMAN_Mighell_2018,TPMT_HUMAN_Matreyek_2018,0.03349919595280593,True
PTEN_HUMAN_Mighell_2018,TPOR_HUMAN_Bridgford_2020,0.01087314141520801,True
PTEN_HUMAN_Mighell_2018,TRPC_SACS2_Chan_2017,0.03349919595280593,True
PTEN_HUMAN_Mighell_2018,TRPC_THEMA_Chan_2017,0.015271992825909075,True
PTEN_HUMAN_Mighell_2018,UBE4B_HUMAN_Tsuboyama_2023_3L1X,0.0003558058306327716,True
PTEN_HUMAN_Mighell_2018,UBE4B_MOUSE_Starita_2013,0.01930784920605988,True
PTEN_HUMAN_Mighell_2018,VILI_CHICK_Tsuboyama_2023_1YU5,0.009977139589917694,True
PTEN_HUMAN_Mighell_2018,VKOR1_HUMAN_Chiasson_2020_activity,0.03349919595280593,True
PTEN_HUMAN_Mighell_2018,VRPI_BPT7_Tsuboyama_2023_2WNM,0.013306701291895706,True
PTEN_HUMAN_Mighell_2018,YNZC_BACSU_Tsuboyama_2023_2JVD,0.03349919595280593,True
Q2N0S5_9HIV1_Haddox_2018,Q59976_STRSQ_Romero_2015,0.02635203568092126,True
Q2N0S5_9HIV1_Haddox_2018,Q8WTC7_9CNID_Somermeyer_2022,-0.019572119832117818,False
Q2N0S5_9HIV1_Haddox_2018,R1AB_SARS2_Flynn_2022,-0.0075986752862133855,False
Q2N0S5_9HIV1_Haddox_2018,RASH_HUMAN_Bandaru_2017,0.029464627283543043,True
Q2N0S5_9HIV1_Haddox_2018,RDRP_I33A0_Li_2023,0.003514334267489913,True
Q2N0S5_9HIV1_Haddox_2018,RL20_AQUAE_Tsuboyama_2023_1GYZ,0.017519272222309812,True
Q2N0S5_9HIV1_Haddox_2018,RL40A_YEAST_Mavor_2016,0.029464627283543043,True
Q2N0S5_9HIV1_Haddox_2018,RL40A_YEAST_Roscoe_2013,0.029464627283543043,True
Q2N0S5_9HIV1_Haddox_2018,RL40A_YEAST_Roscoe_2014,0.029464627283543043,True
Q2N0S5_9HIV1_Haddox_2018,RPC1_LAMBD_Li_2019_high-expression,0.029464627283543043,True
Q2N0S5_9HIV1_Haddox_2018,S22A1_HUMAN_Yee_2023_abundance,0.029464627283543043,True
Q2N0S5_9HIV1_Haddox_2018,S22A1_HUMAN_Yee_2023_activity,0.029464627283543043,True
Q2N0S5_9HIV1_Haddox_2018,SDA_BACSU_Tsuboyama_2023_1PV0,0.029464627283543043,True
Q2N0S5_9HIV1_Haddox_2018,SPG1_STRSG_Olson_2014,-0.06566832500227271,False
Q2N0S5_9HIV1_Haddox_2018,SPIKE_SARS2_Starr_2020_binding,0.014721480759890188,True
Q2N0S5_9HIV1_Haddox_2018,SPIKE_SARS2_Starr_2020_expression,0.02075682685721225,True
Q2N0S5_9HIV1_Haddox_2018,SRC_HUMAN_Ahler_2019,0.029464627283543043,True
Q2N0S5_9HIV1_Haddox_2018,SUMO1_HUMAN_Weile_2017,0.029464627283543043,True
Q2N0S5_9HIV1_Haddox_2018,SYUA_HUMAN_Newberry_2020,0.01512065541748564,True
Q2N0S5_9HIV1_Haddox_2018,TAT_HV1BR_Fernandes_2016,0.029464627283543043,True
Q2N0S5_9HIV1_Haddox_2018,TCRG1_MOUSE_Tsuboyama_2023_1E0L,0.029464627283543043,True
Q2N0S5_9HIV1_Haddox_2018,THO1_YEAST_Tsuboyama_2023_2WQG,0.019932273345639406,True
Q2N0S5_9HIV1_Haddox_2018,TPK1_HUMAN_Weile_2017,0.029464627283543043,True
Q2N0S5_9HIV1_Haddox_2018,TPMT_HUMAN_Matreyek_2018,0.029464627283543043,True
Q2N0S5_9HIV1_Haddox_2018,TPOR_HUMAN_Bridgford_2020,0.01087314141520801,True
Q2N0S5_9HIV1_Haddox_2018,TRPC_SACS2_Chan_2017,0.029464627283543043,True
Q2N0S5_9HIV1_Haddox_2018,TRPC_THEMA_Chan_2017,0.015271992825909075,True
Q2N0S5_9HIV1_Haddox_2018,UBE4B_HUMAN_Tsuboyama_2023_3L1X,0.0003558058306327716,True
Q2N0S5_9HIV1_Haddox_2018,UBE4B_MOUSE_Starita_2013,0.01930784920605988,True
Q2N0S5_9HIV1_Haddox_2018,VILI_CHICK_Tsuboyama_2023_1YU5,0.009977139589917694,True
Q2N0S5_9HIV1_Haddox_2018,VKOR1_HUMAN_Chiasson_2020_activity,0.029464627283543043,True
Q2N0S5_9HIV1_Haddox_2018,VRPI_BPT7_Tsuboyama_2023_2WNM,0.013306701291895706,True
Q2N0S5_9HIV1_Haddox_2018,YNZC_BACSU_Tsuboyama_2023_2JVD,0.029464627283543043,True
Q59976_STRSQ_Romero_2015,Q8WTC7_9CNID_Somermeyer_2022,-0.019572119832117818,False
Q59976_STRSQ_Romero_2015,R1AB_SARS2_Flynn_2022,-0.0075986752862133855,False
Q59976_STRSQ_Romero_2015,RASH_HUMAN_Bandaru_2017,0.02635203568092126,True
Q59976_STRSQ_Romero_2015,RDRP_I33A0_Li_2023,0.003514334267489913,True
Q59976_STRSQ_Romero_2015,RL20_AQUAE_Tsuboyama_2023_1GYZ,0.017519272222309812,True
Q59976_STRSQ_Romero_2015,RL40A_YEAST_Mavor_2016,0.02635203568092126,True
Q59976_STRSQ_Romero_2015,RL40A_YEAST_Roscoe_2013,0.02635203568092126,True
Q59976_STRSQ_Romero_2015,RL40A_YEAST_Roscoe_2014,0.02635203568092126,True
Q59976_STRSQ_Romero_2015,RPC1_LAMBD_Li_2019_high-expression,0.02635203568092126,True
Q59976_STRSQ_Romero_2015,S22A1_HUMAN_Yee_2023_abundance,0.02635203568092126,True
Q59976_STRSQ_Romero_2015,S22A1_HUMAN_Yee_2023_activity,0.02635203568092126,True
Q59976_STRSQ_Romero_2015,SDA_BACSU_Tsuboyama_2023_1PV0,0.02635203568092126,True
Q59976_STRSQ_Romero_2015,SPG1_STRSG_Olson_2014,-0.06566832500227271,False
Q59976_STRSQ_Romero_2015,SPIKE_SARS2_Starr_2020_binding,0.014721480759890188,True
Q59976_STRSQ_Romero_2015,SPIKE_SARS2_Starr_2020_expression,0.02075682685721225,True
Q59976_STRSQ_Romero_2015,SRC_HUMAN_Ahler_2019,0.02635203568092126,True
Q59976_STRSQ_Romero_2015,SUMO1_HUMAN_Weile_2017,0.02635203568092126,True
Q59976_STRSQ_Romero_2015,SYUA_HUMAN_Newberry_2020,0.01512065541748564,True
Q59976_STRSQ_Romero_2015,TAT_HV1BR_Fernandes_2016,0.02635203568092126,True
Q59976_STRSQ_Romero_2015,TCRG1_MOUSE_Tsuboyama_2023_1E0L,0.02635203568092126,True
Q59976_STRSQ_Romero_2015,THO1_YEAST_Tsuboyama_2023_2WQG,0.019932273345639406,True
Q59976_STRSQ_Romero_2015,TPK1_HUMAN_Weile_2017,0.02635203568092126,True
Q59976_STRSQ_Romero_2015,TPMT_HUMAN_Matreyek_2018,0.02635203568092126,True
Q59976_STRSQ_Romero_2015,TPOR_HUMAN_Bridgford_2020,0.01087314141520801,True
Q59976_STRSQ_Romero_2015,TRPC_SACS2_Chan_2017,0.02635203568092126,True
Q59976_STRSQ_Romero_2015,TRPC_THEMA_Chan_2017,0.015271992825909075,True
Q59976_STRSQ_Romero_2015,UBE4B_HUMAN_Tsuboyama_2023_3L1X,0.0003558058306327716,True
Q59976_STRSQ_Romero_2015,UBE4B_MOUSE_Starita_2013,0.01930784920605988,True
Q59976_STRSQ_Romero_2015,VILI_CHICK_Tsuboyama_2023_1YU5,0.009977139589917694,True
Q59976_STRSQ_Romero_2015,VKOR1_HUMAN_Chiasson_2020_activity,0.02635203568092126,True
Q59976_STRSQ_Romero_2015,VRPI_BPT7_Tsuboyama_2023_2WNM,0.013306701291895706,True
Q59976_STRSQ_Romero_2015,YNZC_BACSU_Tsuboyama_2023_2JVD,0.02635203568092126,True
Q8WTC7_9CNID_Somermeyer_2022,R1AB_SARS2_Flynn_2022,-0.019572119832117818,False
Q8WTC7_9CNID_Somermeyer_2022,RASH_HUMAN_Bandaru_2017,-0.019572119832117818,False
Q8WTC7_9CNID_Somermeyer_2022,RDRP_I33A0_Li_2023,-0.019572119832117818,False
Q8WTC7_9CNID_Somermeyer_2022,RL20_AQUAE_Tsuboyama_2023_1GYZ,-0.019572119832117818,False
Q8WTC7_9CNID_Somermeyer_2022,RL40A_YEAST_Mavor_2016,-0.019572119832117818,False
Q8WTC7_9CNID_Somermeyer_2022,RL40A_YEAST_Roscoe_2013,-0.019572119832117818,False
Q8WTC7_9CNID_Somermeyer_2022,RL40A_YEAST_Roscoe_2014,-0.019572119832117818,False
Q8WTC7_9CNID_Somermeyer_2022,RPC1_LAMBD_Li_2019_high-expression,-0.019572119832117818,False
Q8WTC7_9CNID_Somermeyer_2022,S22A1_HUMAN_Yee_2023_abundance,-0.019572119832117818,False
Q8WTC7_9CNID_Somermeyer_2022,S22A1_HUMAN_Yee_2023_activity,-0.019572119832117818,False
Q8WTC7_9CNID_Somermeyer_2022,SDA_BACSU_Tsuboyama_2023_1PV0,-0.019572119832117818,False
Q8WTC7_9CNID_Somermeyer_2022,SPG1_STRSG_Olson_2014,-0.06566832500227271,False
Q8WTC7_9CNID_Somermeyer_2022,SPIKE_SARS2_Starr_2020_binding,-0.019572119832117818,False
Q8WTC7_9CNID_Somermeyer_2022,SPIKE_SARS2_Starr_2020_expression,-0.019572119832117818,False
Q8WTC7_9CNID_Somermeyer_2022,SRC_HUMAN_Ahler_2019,-0.019572119832117818,False
Q8WTC7_9CNID_Somermeyer_2022,SUMO1_HUMAN_Weile_2017,-0.019572119832117818,False
Q8WTC7_9CNID_Somermeyer_2022,SYUA_HUMAN_Newberry_2020,-0.019572119832117818,False
Q8WTC7_9CNID_Somermeyer_2022,TAT_HV1BR_Fernandes_2016,-0.019572119832117818,False
Q8WTC7_9CNID_Somermeyer_2022,TCRG1_MOUSE_Tsuboyama_2023_1E0L,-0.019572119832117818,False
Q8WTC7_9CNID_Somermeyer_2022,THO1_YEAST_Tsuboyama_2023_2WQG,-0.019572119832117818,False
Q8WTC7_9CNID_Somermeyer_2022,TPK1_HUMAN_Weile_2017,-0.019572119832117818,False
Q8WTC7_9CNID_Somermeyer_2022,TPMT_HUMAN_Matreyek_2018,-0.019572119832117818,False
Q8WTC7_9CNID_Somermeyer_2022,TPOR_HUMAN_Bridgford_2020,-0.019572119832117818,False
Q8WTC7_9CNID_Somermeyer_2022,TRPC_SACS2_Chan_2017,-0.019572119832117818,False
Q8WTC7_9CNID_Somermeyer_2022,TRPC_THEMA_Chan_2017,-0.019572119832117818,False
Q8WTC7_9CNID_Somermeyer_2022,UBE4B_HUMAN_Tsuboyama_2023_3L1X,-0.019572119832117818,False
Q8WTC7_9CNID_Somermeyer_2022,UBE4B_MOUSE_Starita_2013,-0.019572119832117818,False
Q8WTC7_9CNID_Somermeyer_2022,VILI_CHICK_Tsuboyama_2023_1YU5,-0.019572119832117818,False
Q8WTC7_9CNID_Somermeyer_2022,VKOR1_HUMAN_Chiasson_2020_activity,-0.019572119832117818,False
Q8WTC7_9CNID_Somermeyer_2022,VRPI_BPT7_Tsuboyama_2023_2WNM,-0.019572119832117818,False
Q8WTC7_9CNID_Somermeyer_2022,YNZC_BACSU_Tsuboyama_2023_2JVD,-0.019572119832117818,False
R1AB_SARS2_Flynn_2022,RASH_HUMAN_Bandaru_2017,-0.0075986752862133855,False
R1AB_SARS2_Flynn_2022,RDRP_I33A0_Li_2023,-0.0075986752862133855,False
R1AB_SARS2_Flynn_2022,RL20_AQUAE_Tsuboyama_2023_1GYZ,-0.0075986752862133855,False
R1AB_SARS2_Flynn_2022,RL40A_YEAST_Mavor_2016,-0.0075986752862133855,False
R1AB_SARS2_Flynn_2022,RL40A_YEAST_Roscoe_2013,-0.0075986752862133855,False
R1AB_SARS2_Flynn_2022,RL40A_YEAST_Roscoe_2014,-0.0075986752862133855,False
R1AB_SARS2_Flynn_2022,RPC1_LAMBD_Li_2019_high-expression,-0.0075986752862133855,False
R1AB_SARS2_Flynn_2022,S22A1_HUMAN_Yee_2023_abundance,-0.0075986752862133855,False
R1AB_SARS2_Flynn_2022,S22A1_HUMAN_Yee_2023_activity,-0.0075986752862133855,False
R1AB_SARS2_Flynn_2022,SDA_BACSU_Tsuboyama_2023_1PV0,-0.0075986752862133855,False
R1AB_SARS2_Flynn_2022,SPG1_STRSG_Olson_2014,-0.06566832500227271,False
R1AB_SARS2_Flynn_2022,SPIKE_SARS2_Starr_2020_binding,-0.0075986752862133855,False
R1AB_SARS2_Flynn_2022,SPIKE_SARS2_Starr_2020_expression,-0.0075986752862133855,False
R1AB_SARS2_Flynn_2022,SRC_HUMAN_Ahler_2019,-0.0075986752862133855,False
R1AB_SARS2_Flynn_2022,SUMO1_HUMAN_Weile_2017,-0.0075986752862133855,False
R1AB_SARS2_Flynn_2022,SYUA_HUMAN_Newberry_2020,-0.0075986752862133855,False
R1AB_SARS2_Flynn_2022,TAT_HV1BR_Fernandes_2016,-0.0075986752862133855,False
R1AB_SARS2_Flynn_2022,TCRG1_MOUSE_Tsuboyama_2023_1E0L,-0.0075986752862133855,False
R1AB_SARS2_Flynn_2022,THO1_YEAST_Tsuboyama_2023_2WQG,-0.0075986752862133855,False
R1AB_SARS2_Flynn_2022,TPK1_HUMAN_Weile_2017,-0.0075986752862133855,False
R1AB_SARS2_Flynn_2022,TPMT_HUMAN_Matreyek_2018,-0.0075986752862133855,False
R1AB_SARS2_Flynn_2022,TPOR_HUMAN_Bridgford_2020,-0.0075986752862133855,False
R1AB_SARS2_Flynn_2022,TRPC_SACS2_Chan_2017,-0.0075986752862133855,False
R1AB_SARS2_Flynn_2022,TRPC_THEMA_Chan_2017,-0.0075986752862133855,False
R1AB_SARS2_Flynn_2022,UBE4B_HUMAN_Tsuboyama_2023_3L1X,-0.0075986752862133855,False
R1AB_SARS2_Flynn_2022,UBE4B_MOUSE_Starita_2013,-0.0075986752862133855,False
R1AB_SARS2_Flynn_2022,VILI_CHICK_Tsuboyama_2023_1YU5,-0.0075986752862133855,False
R1AB_SARS2_Flynn_2022,VKOR1_HUMAN_Chiasson_2020_activity,-0.0075986752862133855,False
R1AB_SARS2_Flynn_2022,VRPI_BPT7_Tsuboyama_2023_2WNM,-0.0075986752862133855,False
R1AB_SARS2_Flynn_2022,YNZC_BACSU_Tsuboyama_2023_2JVD,-0.0075986752862133855,False
RASH_HUMAN_Bandaru_2017,RDRP_I33A0_Li_2023,0.003514334267489913,True
RASH_HUMAN_Bandaru_2017,RL20_AQUAE_Tsuboyama_2023_1GYZ,0.017519272222309812,True
RASH_HUMAN_Bandaru_2017,RL40A_YEAST_Mavor_2016,0.04773831522373409,True
RASH_HUMAN_Bandaru_2017,RL40A_YEAST_Roscoe_2013,0.07400147819007868,True
RASH_HUMAN_Bandaru_2017,RL40A_YEAST_Roscoe_2014,0.029476173152517826,True
RASH_HUMAN_Bandaru_2017,RPC1_LAMBD_Li_2019_high-expression,0.05659744389386523,True
RASH_HUMAN_Bandaru_2017,S22A1_HUMAN_Yee_2023_abundance,0.0466790176092704,True
RASH_HUMAN_Bandaru_2017,S22A1_HUMAN_Yee_2023_activity,0.0621517734908017,True
RASH_HUMAN_Bandaru_2017,SDA_BACSU_Tsuboyama_2023_1PV0,0.060218957473155754,True
RASH_HUMAN_Bandaru_2017,SPG1_STRSG_Olson_2014,-0.06566832500227271,False
RASH_HUMAN_Bandaru_2017,SPIKE_SARS2_Starr_2020_binding,0.014721480759890188,True
RASH_HUMAN_Bandaru_2017,SPIKE_SARS2_Starr_2020_expression,0.02075682685721225,True
RASH_HUMAN_Bandaru_2017,SRC_HUMAN_Ahler_2019,0.041573387285900765,True
RASH_HUMAN_Bandaru_2017,SUMO1_HUMAN_Weile_2017,0.07283661346208614,True
RASH_HUMAN_Bandaru_2017,SYUA_HUMAN_Newberry_2020,0.01512065541748564,True
RASH_HUMAN_Bandaru_2017,TAT_HV1BR_Fernandes_2016,0.0457503772570933,True
RASH_HUMAN_Bandaru_2017,TCRG1_MOUSE_Tsuboyama_2023_1E0L,0.047358305255345456,True
RASH_HUMAN_Bandaru_2017,THO1_YEAST_Tsuboyama_2023_2WQG,0.019932273345639406,True
RASH_HUMAN_Bandaru_2017,TPK1_HUMAN_Weile_2017,0.05205085756175826,True
RASH_HUMAN_Bandaru_2017,TPMT_HUMAN_Matreyek_2018,0.05038210874737192,True
RASH_HUMAN_Bandaru_2017,TPOR_HUMAN_Bridgford_2020,0.01087314141520801,True
RASH_HUMAN_Bandaru_2017,TRPC_SACS2_Chan_2017,0.043914939700933964,True
RASH_HUMAN_Bandaru_2017,TRPC_THEMA_Chan_2017,0.015271992825909075,True
RASH_HUMAN_Bandaru_2017,UBE4B_HUMAN_Tsuboyama_2023_3L1X,0.0003558058306327716,True
RASH_HUMAN_Bandaru_2017,UBE4B_MOUSE_Starita_2013,0.01930784920605988,True
RASH_HUMAN_Bandaru_2017,VILI_CHICK_Tsuboyama_2023_1YU5,0.009977139589917694,True
RASH_HUMAN_Bandaru_2017,VKOR1_HUMAN_Chiasson_2020_activity,0.03832018258908576,True
RASH_HUMAN_Bandaru_2017,VRPI_BPT7_Tsuboyama_2023_2WNM,0.013306701291895706,True
RASH_HUMAN_Bandaru_2017,YNZC_BACSU_Tsuboyama_2023_2JVD,0.03350535605674709,True
RDRP_I33A0_Li_2023,RL20_AQUAE_Tsuboyama_2023_1GYZ,0.003514334267489913,True
RDRP_I33A0_Li_2023,RL40A_YEAST_Mavor_2016,0.003514334267489913,True
RDRP_I33A0_Li_2023,RL40A_YEAST_Roscoe_2013,0.003514334267489913,True
RDRP_I33A0_Li_2023,RL40A_YEAST_Roscoe_2014,0.003514334267489913,True
RDRP_I33A0_Li_2023,RPC1_LAMBD_Li_2019_high-expression,0.003514334267489913,True
RDRP_I33A0_Li_2023,S22A1_HUMAN_Yee_2023_abundance,0.003514334267489913,True
RDRP_I33A0_Li_2023,S22A1_HUMAN_Yee_2023_activity,0.003514334267489913,True
RDRP_I33A0_Li_2023,SDA_BACSU_Tsuboyama_2023_1PV0,0.003514334267489913,True
RDRP_I33A0_Li_2023,SPG1_STRSG_Olson_2014,-0.06566832500227271,False
RDRP_I33A0_Li_2023,SPIKE_SARS2_Starr_2020_binding,0.003514334267489913,True
RDRP_I33A0_Li_2023,SPIKE_SARS2_Starr_2020_expression,0.003514334267489913,True
RDRP_I33A0_Li_2023,SRC_HUMAN_Ahler_2019,0.003514334267489913,True
RDRP_I33A0_Li_2023,SUMO1_HUMAN_Weile_2017,0.003514334267489913,True
RDRP_I33A0_Li_2023,SYUA_HUMAN_Newberry_2020,0.003514334267489913,True
RDRP_I33A0_Li_2023,TAT_HV1BR_Fernandes_2016,0.003514334267489913,True
RDRP_I33A0_Li_2023,TCRG1_MOUSE_Tsuboyama_2023_1E0L,0.003514334267489913,True
RDRP_I33A0_Li_2023,THO1_YEAST_Tsuboyama_2023_2WQG,0.003514334267489913,True
RDRP_I33A0_Li_2023,TPK1_HUMAN_Weile_2017,0.003514334267489913,True
RDRP_I33A0_Li_2023,TPMT_HUMAN_Matreyek_2018,0.003514334267489913,True
RDRP_I33A0_Li_2023,TPOR_HUMAN_Bridgford_2020,0.003514334267489913,True
RDRP_I33A0_Li_2023,TRPC_SACS2_Chan_2017,0.003514334267489913,True
RDRP_I33A0_Li_2023,TRPC_THEMA_Chan_2017,0.003514334267489913,True
RDRP_I33A0_Li_2023,UBE4B_HUMAN_Tsuboyama_2023_3L1X,0.0003558058306327716,True
RDRP_I33A0_Li_2023,UBE4B_MOUSE_Starita_2013,0.003514334267489913,True
RDRP_I33A0_Li_2023,VILI_CHICK_Tsuboyama_2023_1YU5,0.003514334267489913,True
RDRP_I33A0_Li_2023,VKOR1_HUMAN_Chiasson_2020_activity,0.003514334267489913,True
RDRP_I33A0_Li_2023,VRPI_BPT7_Tsuboyama_2023_2WNM,0.003514334267489913,True
RDRP_I33A0_Li_2023,YNZC_BACSU_Tsuboyama_2023_2JVD,0.003514334267489913,True
RL20_AQUAE_Tsuboyama_2023_1GYZ,RL40A_YEAST_Mavor_2016,0.017519272222309812,True
RL20_AQUAE_Tsuboyama_2023_1GYZ,RL40A_YEAST_Roscoe_2013,0.017519272222309812,True
RL20_AQUAE_Tsuboyama_2023_1GYZ,RL40A_YEAST_Roscoe_2014,0.017519272222309812,True
RL20_AQUAE_Tsuboyama_2023_1GYZ,RPC1_LAMBD_Li_2019_high-expression,0.017519272222309812,True
RL20_AQUAE_Tsuboyama_2023_1GYZ,S22A1_HUMAN_Yee_2023_abundance,0.017519272222309812,True
RL20_AQUAE_Tsuboyama_2023_1GYZ,S22A1_HUMAN_Yee_2023_activity,0.017519272222309812,True
RL20_AQUAE_Tsuboyama_2023_1GYZ,SDA_BACSU_Tsuboyama_2023_1PV0,0.017519272222309812,True
RL20_AQUAE_Tsuboyama_2023_1GYZ,SPG1_STRSG_Olson_2014,-0.06566832500227271,False
RL20_AQUAE_Tsuboyama_2023_1GYZ,SPIKE_SARS2_Starr_2020_binding,0.014721480759890188,True
RL20_AQUAE_Tsuboyama_2023_1GYZ,SPIKE_SARS2_Starr_2020_expression,0.017519272222309812,True
RL20_AQUAE_Tsuboyama_2023_1GYZ,SRC_HUMAN_Ahler_2019,0.017519272222309812,True
RL20_AQUAE_Tsuboyama_2023_1GYZ,SUMO1_HUMAN_Weile_2017,0.017519272222309812,True
RL20_AQUAE_Tsuboyama_2023_1GYZ,SYUA_HUMAN_Newberry_2020,0.01512065541748564,True
RL20_AQUAE_Tsuboyama_2023_1GYZ,TAT_HV1BR_Fernandes_2016,0.017519272222309812,True
RL20_AQUAE_Tsuboyama_2023_1GYZ,TCRG1_MOUSE_Tsuboyama_2023_1E0L,0.017519272222309812,True
RL20_AQUAE_Tsuboyama_2023_1GYZ,THO1_YEAST_Tsuboyama_2023_2WQG,0.017519272222309812,True
RL20_AQUAE_Tsuboyama_2023_1GYZ,TPK1_HUMAN_Weile_2017,0.017519272222309812,True
RL20_AQUAE_Tsuboyama_2023_1GYZ,TPMT_HUMAN_Matreyek_2018,0.017519272222309812,True
RL20_AQUAE_Tsuboyama_2023_1GYZ,TPOR_HUMAN_Bridgford_2020,0.01087314141520801,True
RL20_AQUAE_Tsuboyama_2023_1GYZ,TRPC_SACS2_Chan_2017,0.017519272222309812,True
RL20_AQUAE_Tsuboyama_2023_1GYZ,TRPC_THEMA_Chan_2017,0.015271992825909075,True
RL20_AQUAE_Tsuboyama_2023_1GYZ,UBE4B_HUMAN_Tsuboyama_2023_3L1X,0.0003558058306327716,True
RL20_AQUAE_Tsuboyama_2023_1GYZ,UBE4B_MOUSE_Starita_2013,0.017519272222309812,True
RL20_AQUAE_Tsuboyama_2023_1GYZ,VILI_CHICK_Tsuboyama_2023_1YU5,0.009977139589917694,True
RL20_AQUAE_Tsuboyama_2023_1GYZ,VKOR1_HUMAN_Chiasson_2020_activity,0.017519272222309812,True
RL20_AQUAE_Tsuboyama_2023_1GYZ,VRPI_BPT7_Tsuboyama_2023_2WNM,0.013306701291895706,True
RL20_AQUAE_Tsuboyama_2023_1GYZ,YNZC_BACSU_Tsuboyama_2023_2JVD,0.017519272222309812,True
RL40A_YEAST_Mavor_2016,RL40A_YEAST_Roscoe_2013,0.04773831522373409,True
RL40A_YEAST_Mavor_2016,RL40A_YEAST_Roscoe_2014,0.029476173152517826,True
RL40A_YEAST_Mavor_2016,RPC1_LAMBD_Li_2019_high-expression,0.04773831522373409,True
RL40A_YEAST_Mavor_2016,S22A1_HUMAN_Yee_2023_abundance,0.0466790176092704,True
RL40A_YEAST_Mavor_2016,S22A1_HUMAN_Yee_2023_activity,0.04773831522373409,True
RL40A_YEAST_Mavor_2016,SDA_BACSU_Tsuboyama_2023_1PV0,0.04773831522373409,True
RL40A_YEAST_Mavor_2016,SPG1_STRSG_Olson_2014,-0.06566832500227271,False
RL40A_YEAST_Mavor_2016,SPIKE_SARS2_Starr_2020_binding,0.014721480759890188,True
RL40A_YEAST_Mavor_2016,SPIKE_SARS2_Starr_2020_expression,0.02075682685721225,True
RL40A_YEAST_Mavor_2016,SRC_HUMAN_Ahler_2019,0.041573387285900765,True
RL40A_YEAST_Mavor_2016,SUMO1_HUMAN_Weile_2017,0.04773831522373409,True
RL40A_YEAST_Mavor_2016,SYUA_HUMAN_Newberry_2020,0.01512065541748564,True
RL40A_YEAST_Mavor_2016,TAT_HV1BR_Fernandes_2016,0.0457503772570933,True
RL40A_YEAST_Mavor_2016,TCRG1_MOUSE_Tsuboyama_2023_1E0L,0.047358305255345456,True
RL40A_YEAST_Mavor_2016,THO1_YEAST_Tsuboyama_2023_2WQG,0.019932273345639406,True
RL40A_YEAST_Mavor_2016,TPK1_HUMAN_Weile_2017,0.04773831522373409,True
RL40A_YEAST_Mavor_2016,TPMT_HUMAN_Matreyek_2018,0.04773831522373409,True
RL40A_YEAST_Mavor_2016,TPOR_HUMAN_Bridgford_2020,0.01087314141520801,True
RL40A_YEAST_Mavor_2016,TRPC_SACS2_Chan_2017,0.043914939700933964,True
RL40A_YEAST_Mavor_2016,TRPC_THEMA_Chan_2017,0.015271992825909075,True
RL40A_YEAST_Mavor_2016,UBE4B_HUMAN_Tsuboyama_2023_3L1X,0.0003558058306327716,True
RL40A_YEAST_Mavor_2016,UBE4B_MOUSE_Starita_2013,0.01930784920605988,True
RL40A_YEAST_Mavor_2016,VILI_CHICK_Tsuboyama_2023_1YU5,0.009977139589917694,True
RL40A_YEAST_Mavor_2016,VKOR1_HUMAN_Chiasson_2020_activity,0.03832018258908576,True
RL40A_YEAST_Mavor_2016,VRPI_BPT7_Tsuboyama_2023_2WNM,0.013306701291895706,True
RL40A_YEAST_Mavor_2016,YNZC_BACSU_Tsuboyama_2023_2JVD,0.03350535605674709,True
RL40A_YEAST_Roscoe_2013,RL40A_YEAST_Roscoe_2014,0.029476173152517826,True
RL40A_YEAST_Roscoe_2013,RPC1_LAMBD_Li_2019_high-expression,0.05659744389386523,True
RL40A_YEAST_Roscoe_2013,S22A1_HUMAN_Yee_2023_abundance,0.0466790176092704,True
RL40A_YEAST_Roscoe_2013,S22A1_HUMAN_Yee_2023_activity,0.0621517734908017,True
RL40A_YEAST_Roscoe_2013,SDA_BACSU_Tsuboyama_2023_1PV0,0.060218957473155754,True
RL40A_YEAST_Roscoe_2013,SPG1_STRSG_Olson_2014,-0.06566832500227271,False
RL40A_YEAST_Roscoe_2013,SPIKE_SARS2_Starr_2020_binding,0.014721480759890188,True
RL40A_YEAST_Roscoe_2013,SPIKE_SARS2_Starr_2020_expression,0.02075682685721225,True
RL40A_YEAST_Roscoe_2013,SRC_HUMAN_Ahler_2019,0.041573387285900765,True
RL40A_YEAST_Roscoe_2013,SUMO1_HUMAN_Weile_2017,0.07283661346208614,True
RL40A_YEAST_Roscoe_2013,SYUA_HUMAN_Newberry_2020,0.01512065541748564,True
RL40A_YEAST_Roscoe_2013,TAT_HV1BR_Fernandes_2016,0.0457503772570933,True
RL40A_YEAST_Roscoe_2013,TCRG1_MOUSE_Tsuboyama_2023_1E0L,0.047358305255345456,True
RL40A_YEAST_Roscoe_2013,THO1_YEAST_Tsuboyama_2023_2WQG,0.019932273345639406,True
RL40A_YEAST_Roscoe_2013,TPK1_HUMAN_Weile_2017,0.05205085756175826,True
RL40A_YEAST_Roscoe_2013,TPMT_HUMAN_Matreyek_2018,0.05038210874737192,True
RL40A_YEAST_Roscoe_2013,TPOR_HUMAN_Bridgford_2020,0.01087314141520801,True
RL40A_YEAST_Roscoe_2013,TRPC_SACS2_Chan_2017,0.043914939700933964,True
RL40A_YEAST_Roscoe_2013,TRPC_THEMA_Chan_2017,0.015271992825909075,True
RL40A_YEAST_Roscoe_2013,UBE4B_HUMAN_Tsuboyama_2023_3L1X,0.0003558058306327716,True
RL40A_YEAST_Roscoe_2013,UBE4B_MOUSE_Starita_2013,0.01930784920605988,True
RL40A_YEAST_Roscoe_2013,VILI_CHICK_Tsuboyama_2023_1YU5,0.009977139589917694,True
RL40A_YEAST_Roscoe_2013,VKOR1_HUMAN_Chiasson_2020_activity,0.03832018258908576,True
RL40A_YEAST_Roscoe_2013,VRPI_BPT7_Tsuboyama_2023_2WNM,0.013306701291895706,True
RL40A_YEAST_Roscoe_2013,YNZC_BACSU_Tsuboyama_2023_2JVD,0.03350535605674709,True
RL40A_YEAST_Roscoe_2014,RPC1_LAMBD_Li_2019_high-expression,0.029476173152517826,True
RL40A_YEAST_Roscoe_2014,S22A1_HUMAN_Yee_2023_abundance,0.029476173152517826,True
RL40A_YEAST_Roscoe_2014,S22A1_HUMAN_Yee_2023_activity,0.029476173152517826,True
RL40A_YEAST_Roscoe_2014,SDA_BACSU_Tsuboyama_2023_1PV0,0.029476173152517826,True
RL40A_YEAST_Roscoe_2014,SPG1_STRSG_Olson_2014,-0.06566832500227271,False
RL40A_YEAST_Roscoe_2014,SPIKE_SARS2_Starr_2020_binding,0.014721480759890188,True
RL40A_YEAST_Roscoe_2014,SPIKE_SARS2_Starr_2020_expression,0.02075682685721225,True
RL40A_YEAST_Roscoe_2014,SRC_HUMAN_Ahler_2019,0.029476173152517826,True
RL40A_YEAST_Roscoe_2014,SUMO1_HUMAN_Weile_2017,0.029476173152517826,True
RL40A_YEAST_Roscoe_2014,SYUA_HUMAN_Newberry_2020,0.01512065541748564,True
RL40A_YEAST_Roscoe_2014,TAT_HV1BR_Fernandes_2016,0.029476173152517826,True
RL40A_YEAST_Roscoe_2014,TCRG1_MOUSE_Tsuboyama_2023_1E0L,0.029476173152517826,True
RL40A_YEAST_Roscoe_2014,THO1_YEAST_Tsuboyama_2023_2WQG,0.019932273345639406,True
RL40A_YEAST_Roscoe_2014,TPK1_HUMAN_Weile_2017,0.029476173152517826,True
RL40A_YEAST_Roscoe_2014,TPMT_HUMAN_Matreyek_2018,0.029476173152517826,True
RL40A_YEAST_Roscoe_2014,TPOR_HUMAN_Bridgford_2020,0.01087314141520801,True
RL40A_YEAST_Roscoe_2014,TRPC_SACS2_Chan_2017,0.029476173152517826,True
RL40A_YEAST_Roscoe_2014,TRPC_THEMA_Chan_2017,0.015271992825909075,True
RL40A_YEAST_Roscoe_2014,UBE4B_HUMAN_Tsuboyama_2023_3L1X,0.0003558058306327716,True
RL40A_YEAST_Roscoe_2014,UBE4B_MOUSE_Starita_2013,0.01930784920605988,True
RL40A_YEAST_Roscoe_2014,VILI_CHICK_Tsuboyama_2023_1YU5,0.009977139589917694,True
RL40A_YEAST_Roscoe_2014,VKOR1_HUMAN_Chiasson_2020_activity,0.029476173152517826,True
RL40A_YEAST_Roscoe_2014,VRPI_BPT7_Tsuboyama_2023_2WNM,0.013306701291895706,True
RL40A_YEAST_Roscoe_2014,YNZC_BACSU_Tsuboyama_2023_2JVD,0.029476173152517826,True
RPC1_LAMBD_Li_2019_high-expression,S22A1_HUMAN_Yee_2023_abundance,0.0466790176092704,True
RPC1_LAMBD_Li_2019_high-expression,S22A1_HUMAN_Yee_2023_activity,0.05659744389386523,True
RPC1_LAMBD_Li_2019_high-expression,SDA_BACSU_Tsuboyama_2023_1PV0,0.05659744389386523,True
RPC1_LAMBD_Li_2019_high-expression,SPG1_STRSG_Olson_2014,-0.06566832500227271,False
RPC1_LAMBD_Li_2019_high-expression,SPIKE_SARS2_Starr_2020_binding,0.014721480759890188,True
RPC1_LAMBD_Li_2019_high-expression,SPIKE_SARS2_Starr_2020_expression,0.02075682685721225,True
RPC1_LAMBD_Li_2019_high-expression,SRC_HUMAN_Ahler_2019,0.041573387285900765,True
RPC1_LAMBD_Li_2019_high-expression,SUMO1_HUMAN_Weile_2017,0.05659744389386523,True
RPC1_LAMBD_Li_2019_high-expression,SYUA_HUMAN_Newberry_2020,0.01512065541748564,True
RPC1_LAMBD_Li_2019_high-expression,TAT_HV1BR_Fernandes_2016,0.0457503772570933,True
RPC1_LAMBD_Li_2019_high-expression,TCRG1_MOUSE_Tsuboyama_2023_1E0L,0.047358305255345456,True
RPC1_LAMBD_Li_2019_high-expression,THO1_YEAST_Tsuboyama_2023_2WQG,0.019932273345639406,True
RPC1_LAMBD_Li_2019_high-expression,TPK1_HUMAN_Weile_2017,0.05205085756175826,True
RPC1_LAMBD_Li_2019_high-expression,TPMT_HUMAN_Matreyek_2018,0.05038210874737192,True
RPC1_LAMBD_Li_2019_high-expression,TPOR_HUMAN_Bridgford_2020,0.01087314141520801,True
RPC1_LAMBD_Li_2019_high-expression,TRPC_SACS2_Chan_2017,0.043914939700933964,True
RPC1_LAMBD_Li_2019_high-expression,TRPC_THEMA_Chan_2017,0.015271992825909075,True
RPC1_LAMBD_Li_2019_high-expression,UBE4B_HUMAN_Tsuboyama_2023_3L1X,0.0003558058306327716,True
RPC1_LAMBD_Li_2019_high-expression,UBE4B_MOUSE_Starita_2013,0.01930784920605988,True
RPC1_LAMBD_Li_2019_high-expression,VILI_CHICK_Tsuboyama_2023_1YU5,0.009977139589917694,True
RPC1_LAMBD_Li_2019_high-expression,VKOR1_HUMAN_Chiasson_2020_activity,0.03832018258908576,True
RPC1_LAMBD_Li_2019_high-expression,VRPI_BPT7_Tsuboyama_2023_2WNM,0.013306701291895706,True
RPC1_LAMBD_Li_2019_high-expression,YNZC_BACSU_Tsuboyama_2023_2JVD,0.03350535605674709,True
S22A1_HUMAN_Yee_2023_abundance,S22A1_HUMAN_Yee_2023_activity,0.0466790176092704,True
S22A1_HUMAN_Yee_2023_abundance,SDA_BACSU_Tsuboyama_2023_1PV0,0.0466790176092704,True
S22A1_HUMAN_Yee_2023_abundance,SPG1_STRSG_Olson_2014,-0.06566832500227271,False
S22A1_HUMAN_Yee_2023_abundance,SPIKE_SARS2_Starr_2020_binding,0.014721480759890188,True
S22A1_HUMAN_Yee_2023_abundance,SPIKE_SARS2_Starr_2020_expression,0.02075682685721225,True
S22A1_HUMAN_Yee_2023_abundance,SRC_HUMAN_Ahler_2019,0.041573387285900765,True
S22A1_HUMAN_Yee_2023_abundance,SUMO1_HUMAN_Weile_2017,0.0466790176092704,True
S22A1_HUMAN_Yee_2023_abundance,SYUA_HUMAN_Newberry_2020,0.01512065541748564,True
S22A1_HUMAN_Yee_2023_abundance,TAT_HV1BR_Fernandes_2016,0.0457503772570933,True
S22A1_HUMAN_Yee_2023_abundance,TCRG1_MOUSE_Tsuboyama_2023_1E0L,0.0466790176092704,True
S22A1_HUMAN_Yee_2023_abundance,THO1_YEAST_Tsuboyama_2023_2WQG,0.019932273345639406,True
S22A1_HUMAN_Yee_2023_abundance,TPK1_HUMAN_Weile_2017,0.0466790176092704,True
S22A1_HUMAN_Yee_2023_abundance,TPMT_HUMAN_Matreyek_2018,0.0466790176092704,True
S22A1_HUMAN_Yee_2023_abundance,TPOR_HUMAN_Bridgford_2020,0.01087314141520801,True
S22A1_HUMAN_Yee_2023_abundance,TRPC_SACS2_Chan_2017,0.043914939700933964,True
S22A1_HUMAN_Yee_2023_abundance,TRPC_THEMA_Chan_2017,0.015271992825909075,True
S22A1_HUMAN_Yee_2023_abundance,UBE4B_HUMAN_Tsuboyama_2023_3L1X,0.0003558058306327716,True
S22A1_HUMAN_Yee_2023_abundance,UBE4B_MOUSE_Starita_2013,0.01930784920605988,True
S22A1_HUMAN_Yee_2023_abundance,VILI_CHICK_Tsuboyama_2023_1YU5,0.009977139589917694,True
S22A1_HUMAN_Yee_2023_abundance,VKOR1_HUMAN_Chiasson_2020_activity,0.03832018258908576,True
S22A1_HUMAN_Yee_2023_abundance,VRPI_BPT7_Tsuboyama_2023_2WNM,0.013306701291895706,True
S22A1_HUMAN_Yee_2023_abundance,YNZC_BACSU_Tsuboyama_2023_2JVD,0.03350535605674709,True
S22A1_HUMAN_Yee_2023_activity,SDA_BACSU_Tsuboyama_2023_1PV0,0.060218957473155754,True
S22A1_HUMAN_Yee_2023_activity,SPG1_STRSG_Olson_2014,-0.06566832500227271,False
S22A1_HUMAN_Yee_2023_activity,SPIKE_SARS2_Starr_2020_binding,0.014721480759890188,True
S22A1_HUMAN_Yee_2023_activity,SPIKE_SARS2_Starr_2020_expression,0.02075682685721225,True
S22A1_HUMAN_Yee_2023_activity,SRC_HUMAN_Ahler_2019,0.041573387285900765,True
S22A1_HUMAN_Yee_2023_activity,SUMO1_HUMAN_Weile_2017,0.0621517734908017,True
S22A1_HUMAN_Yee_2023_activity,SYUA_HUMAN_Newberry_2020,0.01512065541748564,True
S22A1_HUMAN_Yee_2023_activity,TAT_HV1BR_Fernandes_2016,0.0457503772570933,True
S22A1_HUMAN_Yee_2023_activity,TCRG1_MOUSE_Tsuboyama_2023_1E0L,0.047358305255345456,True
S22A1_HUMAN_Yee_2023_activity,THO1_YEAST_Tsuboyama_2023_2WQG,0.019932273345639406,True
S22A1_HUMAN_Yee_2023_activity,TPK1_HUMAN_Weile_2017,0.05205085756175826,True
S22A1_HUMAN_Yee_2023_activity,TPMT_HUMAN_Matreyek_2018,0.05038210874737192,True
S22A1_HUMAN_Yee_2023_activity,TPOR_HUMAN_Bridgford_2020,0.01087314141520801,True
S22A1_HUMAN_Yee_2023_activity,TRPC_SACS2_Chan_2017,0.043914939700933964,True
S22A1_HUMAN_Yee_2023_activity,TRPC_THEMA_Chan_2017,0.015271992825909075,True
S22A1_HUMAN_Yee_2023_activity,UBE4B_HUMAN_Tsuboyama_2023_3L1X,0.0003558058306327716,True
S22A1_HUMAN_Yee_2023_activity,UBE4B_MOUSE_Starita_2013,0.01930784920605988,True
S22A1_HUMAN_Yee_2023_activity,VILI_CHICK_Tsuboyama_2023_1YU5,0.009977139589917694,True
S22A1_HUMAN_Yee_2023_activity,VKOR1_HUMAN_Chiasson_2020_activity,0.03832018258908576,True
S22A1_HUMAN_Yee_2023_activity,VRPI_BPT7_Tsuboyama_2023_2WNM,0.013306701291895706,True
S22A1_HUMAN_Yee_2023_activity,YNZC_BACSU_Tsuboyama_2023_2JVD,0.03350535605674709,True
SDA_BACSU_Tsuboyama_2023_1PV0,SPG1_STRSG_Olson_2014,-0.06566832500227271,False
SDA_BACSU_Tsuboyama_2023_1PV0,SPIKE_SARS2_Starr_2020_binding,0.014721480759890188,True
SDA_BACSU_Tsuboyama_2023_1PV0,SPIKE_SARS2_Starr_2020_expression,0.02075682685721225,True
SDA_BACSU_Tsuboyama_2023_1PV0,SRC_HUMAN_Ahler_2019,0.041573387285900765,True
SDA_BACSU_Tsuboyama_2023_1PV0,SUMO1_HUMAN_Weile_2017,0.060218957473155754,True
SDA_BACSU_Tsuboyama_2023_1PV0,SYUA_HUMAN_Newberry_2020,0.01512065541748564,True
SDA_BACSU_Tsuboyama_2023_1PV0,TAT_HV1BR_Fernandes_2016,0.0457503772570933,True
SDA_BACSU_Tsuboyama_2023_1PV0,TCRG1_MOUSE_Tsuboyama_2023_1E0L,0.047358305255345456,True
SDA_BACSU_Tsuboyama_2023_1PV0,THO1_YEAST_Tsuboyama_2023_2WQG,0.019932273345639406,True
SDA_BACSU_Tsuboyama_2023_1PV0,TPK1_HUMAN_Weile_2017,0.05205085756175826,True
SDA_BACSU_Tsuboyama_2023_1PV0,TPMT_HUMAN_Matreyek_2018,0.05038210874737192,True
SDA_BACSU_Tsuboyama_2023_1PV0,TPOR_HUMAN_Bridgford_2020,0.01087314141520801,True
SDA_BACSU_Tsuboyama_2023_1PV0,TRPC_SACS2_Chan_2017,0.043914939700933964,True
SDA_BACSU_Tsuboyama_2023_1PV0,TRPC_THEMA_Chan_2017,0.015271992825909075,True
SDA_BACSU_Tsuboyama_2023_1PV0,UBE4B_HUMAN_Tsuboyama_2023_3L1X,0.0003558058306327716,True
SDA_BACSU_Tsuboyama_2023_1PV0,UBE4B_MOUSE_Starita_2013,0.01930784920605988,True
SDA_BACSU_Tsuboyama_2023_1PV0,VILI_CHICK_Tsuboyama_2023_1YU5,0.009977139589917694,True
SDA_BACSU_Tsuboyama_2023_1PV0,VKOR1_HUMAN_Chiasson_2020_activity,0.03832018258908576,True
SDA_BACSU_Tsuboyama_2023_1PV0,VRPI_BPT7_Tsuboyama_2023_2WNM,0.013306701291895706,True
SDA_BACSU_Tsuboyama_2023_1PV0,YNZC_BACSU_Tsuboyama_2023_2JVD,0.03350535605674709,True
SPG1_STRSG_Olson_2014,SPIKE_SARS2_Starr_2020_binding,-0.06566832500227271,False
SPG1_STRSG_Olson_2014,SPIKE_SARS2_Starr_2020_expression,-0.06566832500227271,False
SPG1_STRSG_Olson_2014,SRC_HUMAN_Ahler_2019,-0.06566832500227271,False
SPG1_STRSG_Olson_2014,SUMO1_HUMAN_Weile_2017,-0.06566832500227271,False
SPG1_STRSG_Olson_2014,SYUA_HUMAN_Newberry_2020,-0.06566832500227271,False
SPG1_STRSG_Olson_2014,TAT_HV1BR_Fernandes_2016,-0.06566832500227271,False
SPG1_STRSG_Olson_2014,TCRG1_MOUSE_Tsuboyama_2023_1E0L,-0.06566832500227271,False
SPG1_STRSG_Olson_2014,THO1_YEAST_Tsuboyama_2023_2WQG,-0.06566832500227271,False
SPG1_STRSG_Olson_2014,TPK1_HUMAN_Weile_2017,-0.06566832500227271,False
SPG1_STRSG_Olson_2014,TPMT_HUMAN_Matreyek_2018,-0.06566832500227271,False
SPG1_STRSG_Olson_2014,TPOR_HUMAN_Bridgford_2020,-0.06566832500227271,False
SPG1_STRSG_Olson_2014,TRPC_SACS2_Chan_2017,-0.06566832500227271,False
SPG1_STRSG_Olson_2014,TRPC_THEMA_Chan_2017,-0.06566832500227271,False
SPG1_STRSG_Olson_2014,UBE4B_HUMAN_Tsuboyama_2023_3L1X,-0.06566832500227271,False
SPG1_STRSG_Olson_2014,UBE4B_MOUSE_Starita_2013,-0.06566832500227271,False
SPG1_STRSG_Olson_2014,VILI_CHICK_Tsuboyama_2023_1YU5,-0.06566832500227271,False
SPG1_STRSG_Olson_2014,VKOR1_HUMAN_Chiasson_2020_activity,-0.06566832500227271,False
SPG1_STRSG_Olson_2014,VRPI_BPT7_Tsuboyama_2023_2WNM,-0.06566832500227271,False
SPG1_STRSG_Olson_2014,YNZC_BACSU_Tsuboyama_2023_2JVD,-0.06566832500227271,False
SPIKE_SARS2_Starr_2020_binding,SPIKE_SARS2_Starr_2020_expression,0.014721480759890188,True
SPIKE_SARS2_Starr_2020_binding,SRC_HUMAN_Ahler_2019,0.014721480759890188,True
SPIKE_SARS2_Starr_2020_binding,SUMO1_HUMAN_Weile_2017,0.014721480759890188,True
SPIKE_SARS2_Starr_2020_binding,SYUA_HUMAN_Newberry_2020,0.014721480759890188,True
SPIKE_SARS2_Starr_2020_binding,TAT_HV1BR_Fernandes_2016,0.014721480759890188,True
SPIKE_SARS2_Starr_2020_binding,TCRG1_MOUSE_Tsuboyama_2023_1E0L,0.014721480759890188,True
SPIKE_SARS2_Starr_2020_binding,THO1_YEAST_Tsuboyama_2023_2WQG,0.014721480759890188,True
SPIKE_SARS2_Starr_2020_binding,TPK1_HUMAN_Weile_2017,0.014721480759890188,True
SPIKE_SARS2_Starr_2020_binding,TPMT_HUMAN_Matreyek_2018,0.014721480759890188,True
SPIKE_SARS2_Starr_2020_binding,TPOR_HUMAN_Bridgford_2020,0.01087314141520801,True
SPIKE_SARS2_Starr_2020_binding,TRPC_SACS2_Chan_2017,0.014721480759890188,True
SPIKE_SARS2_Starr_2020_binding,TRPC_THEMA_Chan_2017,0.014721480759890188,True
SPIKE_SARS2_Starr_2020_binding,UBE4B_HUMAN_Tsuboyama_2023_3L1X,0.0003558058306327716,True
SPIKE_SARS2_Starr_2020_binding,UBE4B_MOUSE_Starita_2013,0.014721480759890188,True
SPIKE_SARS2_Starr_2020_binding,VILI_CHICK_Tsuboyama_2023_1YU5,0.009977139589917694,True
SPIKE_SARS2_Starr_2020_binding,VKOR1_HUMAN_Chiasson_2020_activity,0.014721480759890188,True
SPIKE_SARS2_Starr_2020_binding,VRPI_BPT7_Tsuboyama_2023_2WNM,0.013306701291895706,True
SPIKE_SARS2_Starr_2020_binding,YNZC_BACSU_Tsuboyama_2023_2JVD,0.014721480759890188,True
SPIKE_SARS2_Starr_2020_expression,SRC_HUMAN_Ahler_2019,0.02075682685721225,True
SPIKE_SARS2_Starr_2020_expression,SUMO1_HUMAN_Weile_2017,0.02075682685721225,True
SPIKE_SARS2_Starr_2020_expression,SYUA_HUMAN_Newberry_2020,0.01512065541748564,True
SPIKE_SARS2_Starr_2020_expression,TAT_HV1BR_Fernandes_2016,0.02075682685721225,True
SPIKE_SARS2_Starr_2020_expression,TCRG1_MOUSE_Tsuboyama_2023_1E0L,0.02075682685721225,True
SPIKE_SARS2_Starr_2020_expression,THO1_YEAST_Tsuboyama_2023_2WQG,0.019932273345639406,True
SPIKE_SARS2_Starr_2020_expression,TPK1_HUMAN_Weile_2017,0.02075682685721225,True
SPIKE_SARS2_Starr_2020_expression,TPMT_HUMAN_Matreyek_2018,0.02075682685721225,True
SPIKE_SARS2_Starr_2020_expression,TPOR_HUMAN_Bridgford_2020,0.01087314141520801,True
SPIKE_SARS2_Starr_2020_expression,TRPC_SACS2_Chan_2017,0.02075682685721225,True
SPIKE_SARS2_Starr_2020_expression,TRPC_THEMA_Chan_2017,0.015271992825909075,True
SPIKE_SARS2_Starr_2020_expression,UBE4B_HUMAN_Tsuboyama_2023_3L1X,0.0003558058306327716,True
SPIKE_SARS2_Starr_2020_expression,UBE4B_MOUSE_Starita_2013,0.01930784920605988,True
SPIKE_SARS2_Starr_2020_expression,VILI_CHICK_Tsuboyama_2023_1YU5,0.009977139589917694,True
SPIKE_SARS2_Starr_2020_expression,VKOR1_HUMAN_Chiasson_2020_activity,0.02075682685721225,True
SPIKE_SARS2_Starr_2020_expression,VRPI_BPT7_Tsuboyama_2023_2WNM,0.013306701291895706,True
SPIKE_SARS2_Starr_2020_expression,YNZC_BACSU_Tsuboyama_2023_2JVD,0.02075682685721225,True
SRC_HUMAN_Ahler_2019,SUMO1_HUMAN_Weile_2017,0.041573387285900765,True
SRC_HUMAN_Ahler_2019,SYUA_HUMAN_Newberry_2020,0.01512065541748564,True
SRC_HUMAN_Ahler_2019,TAT_HV1BR_Fernandes_2016,0.041573387285900765,True
SRC_HUMAN_Ahler_2019,TCRG1_MOUSE_Tsuboyama_2023_1E0L,0.041573387285900765,True
SRC_HUMAN_Ahler_2019,THO1_YEAST_Tsuboyama_2023_2WQG,0.019932273345639406,True
SRC_HUMAN_Ahler_2019,TPK1_HUMAN_Weile_2017,0.041573387285900765,True
SRC_HUMAN_Ahler_2019,TPMT_HUMAN_Matreyek_2018,0.041573387285900765,True
SRC_HUMAN_Ahler_2019,TPOR_HUMAN_Bridgford_2020,0.01087314141520801,True
SRC_HUMAN_Ahler_2019,TRPC_SACS2_Chan_2017,0.041573387285900765,True
SRC_HUMAN_Ahler_2019,TRPC_THEMA_Chan_2017,0.015271992825909075,True
SRC_HUMAN_Ahler_2019,UBE4B_HUMAN_Tsuboyama_2023_3L1X,0.0003558058306327716,True
SRC_HUMAN_Ahler_2019,UBE4B_MOUSE_Starita_2013,0.01930784920605988,True
SRC_HUMAN_Ahler_2019,VILI_CHICK_Tsuboyama_2023_1YU5,0.009977139589917694,True
SRC_HUMAN_Ahler_2019,VKOR1_HUMAN_Chiasson_2020_activity,0.03832018258908576,True
SRC_HUMAN_Ahler_2019,VRPI_BPT7_Tsuboyama_2023_2WNM,0.013306701291895706,True
SRC_HUMAN_Ahler_2019,YNZC_BACSU_Tsuboyama_2023_2JVD,0.03350535605674709,True
SUMO1_HUMAN_Weile_2017,SYUA_HUMAN_Newberry_2020,0.01512065541748564,True
SUMO1_HUMAN_Weile_2017,TAT_HV1BR_Fernandes_2016,0.0457503772570933,True
SUMO1_HUMAN_Weile_2017,TCRG1_MOUSE_Tsuboyama_2023_1E0L,0.047358305255345456,True
SUMO1_HUMAN_Weile_2017,THO1_YEAST_Tsuboyama_2023_2WQG,0.019932273345639406,True
SUMO1_HUMAN_Weile_2017,TPK1_HUMAN_Weile_2017,0.05205085756175826,True
SUMO1_HUMAN_Weile_2017,TPMT_HUMAN_Matreyek_2018,0.05038210874737192,True
SUMO1_HUMAN_Weile_2017,TPOR_HUMAN_Bridgford_2020,0.01087314141520801,True
SUMO1_HUMAN_Weile_2017,TRPC_SACS2_Chan_2017,0.043914939700933964,True
SUMO1_HUMAN_Weile_2017,TRPC_THEMA_Chan_2017,0.015271992825909075,True
SUMO1_HUMAN_Weile_2017,UBE4B_HUMAN_Tsuboyama_2023_3L1X,0.0003558058306327716,True
SUMO1_HUMAN_Weile_2017,UBE4B_MOUSE_Starita_2013,0.01930784920605988,True
SUMO1_HUMAN_Weile_2017,VILI_CHICK_Tsuboyama_2023_1YU5,0.009977139589917694,True
SUMO1_HUMAN_Weile_2017,VKOR1_HUMAN_Chiasson_2020_activity,0.03832018258908576,True
SUMO1_HUMAN_Weile_2017,VRPI_BPT7_Tsuboyama_2023_2WNM,0.013306701291895706,True
SUMO1_HUMAN_Weile_2017,YNZC_BACSU_Tsuboyama_2023_2JVD,0.03350535605674709,True
SYUA_HUMAN_Newberry_2020,TAT_HV1BR_Fernandes_2016,0.01512065541748564,True
SYUA_HUMAN_Newberry_2020,TCRG1_MOUSE_Tsuboyama_2023_1E0L,0.01512065541748564,True
SYUA_HUMAN_Newberry_2020,THO1_YEAST_Tsuboyama_2023_2WQG,0.01512065541748564,True
SYUA_HUMAN_Newberry_2020,TPK1_HUMAN_Weile_2017,0.01512065541748564,True
SYUA_HUMAN_Newberry_2020,TPMT_HUMAN_Matreyek_2018,0.01512065541748564,True
SYUA_HUMAN_Newberry_2020,TPOR_HUMAN_Bridgford_2020,0.01087314141520801,True
SYUA_HUMAN_Newberry_2020,TRPC_SACS2_Chan_2017,0.01512065541748564,True
SYUA_HUMAN_Newberry_2020,TRPC_THEMA_Chan_2017,0.01512065541748564,True
SYUA_HUMAN_Newberry_2020,UBE4B_HUMAN_Tsuboyama_2023_3L1X,0.0003558058306327716,True
SYUA_HUMAN_Newberry_2020,UBE4B_MOUSE_Starita_2013,0.01512065541748564,True
SYUA_HUMAN_Newberry_2020,VILI_CHICK_Tsuboyama_2023_1YU5,0.009977139589917694,True
SYUA_HUMAN_Newberry_2020,VKOR1_HUMAN_Chiasson_2020_activity,0.01512065541748564,True
SYUA_HUMAN_Newberry_2020,VRPI_BPT7_Tsuboyama_2023_2WNM,0.013306701291895706,True
SYUA_HUMAN_Newberry_2020,YNZC_BACSU_Tsuboyama_2023_2JVD,0.01512065541748564,True
TAT_HV1BR_Fernandes_2016,TCRG1_MOUSE_Tsuboyama_2023_1E0L,0.0457503772570933,True
TAT_HV1BR_Fernandes_2016,THO1_YEAST_Tsuboyama_2023_2WQG,0.019932273345639406,True
TAT_HV1BR_Fernandes_2016,TPK1_HUMAN_Weile_2017,0.0457503772570933,True
TAT_HV1BR_Fernandes_2016,TPMT_HUMAN_Matreyek_2018,0.0457503772570933,True
TAT_HV1BR_Fernandes_2016,TPOR_HUMAN_Bridgford_2020,0.01087314141520801,True
TAT_HV1BR_Fernandes_2016,TRPC_SACS2_Chan_2017,0.043914939700933964,True
TAT_HV1BR_Fernandes_2016,TRPC_THEMA_Chan_2017,0.015271992825909075,True
TAT_HV1BR_Fernandes_2016,UBE4B_HUMAN_Tsuboyama_2023_3L1X,0.0003558058306327716,True
TAT_HV1BR_Fernandes_2016,UBE4B_MOUSE_Starita_2013,0.01930784920605988,True
TAT_HV1BR_Fernandes_2016,VILI_CHICK_Tsuboyama_2023_1YU5,0.009977139589917694,True
TAT_HV1BR_Fernandes_2016,VKOR1_HUMAN_Chiasson_2020_activity,0.03832018258908576,True
TAT_HV1BR_Fernandes_2016,VRPI_BPT7_Tsuboyama_2023_2WNM,0.013306701291895706,True
TAT_HV1BR_Fernandes_2016,YNZC_BACSU_Tsuboyama_2023_2JVD,0.03350535605674709,True
TCRG1_MOUSE_Tsuboyama_2023_1E0L,THO1_YEAST_Tsuboyama_2023_2WQG,0.019932273345639406,True
TCRG1_MOUSE_Tsuboyama_2023_1E0L,TPK1_HUMAN_Weile_2017,0.047358305255345456,True
TCRG1_MOUSE_Tsuboyama_2023_1E0L,TPMT_HUMAN_Matreyek_2018,0.047358305255345456,True
TCRG1_MOUSE_Tsuboyama_2023_1E0L,TPOR_HUMAN_Bridgford_2020,0.01087314141520801,True
TCRG1_MOUSE_Tsuboyama_2023_1E0L,TRPC_SACS2_Chan_2017,0.043914939700933964,True
TCRG1_MOUSE_Tsuboyama_2023_1E0L,TRPC_THEMA_Chan_2017,0.015271992825909075,True
TCRG1_MOUSE_Tsuboyama_2023_1E0L,UBE4B_HUMAN_Tsuboyama_2023_3L1X,0.0003558058306327716,True
TCRG1_MOUSE_Tsuboyama_2023_1E0L,UBE4B_MOUSE_Starita_2013,0.01930784920605988,True
TCRG1_MOUSE_Tsuboyama_2023_1E0L,VILI_CHICK_Tsuboyama_2023_1YU5,0.009977139589917694,True
TCRG1_MOUSE_Tsuboyama_2023_1E0L,VKOR1_HUMAN_Chiasson_2020_activity,0.03832018258908576,True
TCRG1_MOUSE_Tsuboyama_2023_1E0L,VRPI_BPT7_Tsuboyama_2023_2WNM,0.013306701291895706,True
TCRG1_MOUSE_Tsuboyama_2023_1E0L,YNZC_BACSU_Tsuboyama_2023_2JVD,0.03350535605674709,True
THO1_YEAST_Tsuboyama_2023_2WQG,TPK1_HUMAN_Weile_2017,0.019932273345639406,True
THO1_YEAST_Tsuboyama_2023_2WQG,TPMT_HUMAN_Matreyek_2018,0.019932273345639406,True
THO1_YEAST_Tsuboyama_2023_2WQG,TPOR_HUMAN_Bridgford_2020,0.01087314141520801,True
THO1_YEAST_Tsuboyama_2023_2WQG,TRPC_SACS2_Chan_2017,0.019932273345639406,True
THO1_YEAST_Tsuboyama_2023_2WQG,TRPC_THEMA_Chan_2017,0.015271992825909075,True
THO1_YEAST_Tsuboyama_2023_2WQG,UBE4B_HUMAN_Tsuboyama_2023_3L1X,0.0003558058306327716,True
THO1_YEAST_Tsuboyama_2023_2WQG,UBE4B_MOUSE_Starita_2013,0.01930784920605988,True
THO1_YEAST_Tsuboyama_2023_2WQG,VILI_CHICK_Tsuboyama_2023_1YU5,0.009977139589917694,True
THO1_YEAST_Tsuboyama_2023_2WQG,VKOR1_HUMAN_Chiasson_2020_activity,0.019932273345639406,True
THO1_YEAST_Tsuboyama_2023_2WQG,VRPI_BPT7_Tsuboyama_2023_2WNM,0.013306701291895706,True
THO1_YEAST_Tsuboyama_2023_2WQG,YNZC_BACSU_Tsuboyama_2023_2JVD,0.019932273345639406,True
TPK1_HUMAN_Weile_2017,TPMT_HUMAN_Matreyek_2018,0.05038210874737192,True
TPK1_HUMAN_Weile_2017,TPOR_HUMAN_Bridgford_2020,0.01087314141520801,True
TPK1_HUMAN_Weile_2017,TRPC_SACS2_Chan_2017,0.043914939700933964,True
TPK1_HUMAN_Weile_2017,TRPC_THEMA_Chan_2017,0.015271992825909075,True
TPK1_HUMAN_Weile_2017,UBE4B_HUMAN_Tsuboyama_2023_3L1X,0.0003558058306327716,True
TPK1_HUMAN_Weile_2017,UBE4B_MOUSE_Starita_2013,0.01930784920605988,True
TPK1_HUMAN_Weile_2017,VILI_CHICK_Tsuboyama_2023_1YU5,0.009977139589917694,True
TPK1_HUMAN_Weile_2017,VKOR1_HUMAN_Chiasson_2020_activity,0.03832018258908576,True
TPK1_HUMAN_Weile_2017,VRPI_BPT7_Tsuboyama_2023_2WNM,0.013306701291895706,True
TPK1_HUMAN_Weile_2017,YNZC_BACSU_Tsuboyama_2023_2JVD,0.03350535605674709,True
TPMT_HUMAN_Matreyek_2018,TPOR_HUMAN_Bridgford_2020,0.01087314141520801,True
TPMT_HUMAN_Matreyek_2018,TRPC_SACS2_Chan_2017,0.043914939700933964,True
TPMT_HUMAN_Matreyek_2018,TRPC_THEMA_Chan_2017,0.015271992825909075,True
TPMT_HUMAN_Matreyek_2018,UBE4B_HUMAN_Tsuboyama_2023_3L1X,0.0003558058306327716,True
TPMT_HUMAN_Matreyek_2018,UBE4B_MOUSE_Starita_2013,0.01930784920605988,True
TPMT_HUMAN_Matreyek_2018,VILI_CHICK_Tsuboyama_2023_1YU5,0.009977139589917694,True
TPMT_HUMAN_Matreyek_2018,VKOR1_HUMAN_Chiasson_2020_activity,0.03832018258908576,True
TPMT_HUMAN_Matreyek_2018,VRPI_BPT7_Tsuboyama_2023_2WNM,0.013306701291895706,True
TPMT_HUMAN_Matreyek_2018,YNZC_BACSU_Tsuboyama_2023_2JVD,0.03350535605674709,True
TPOR_HUMAN_Bridgford_2020,TRPC_SACS2_Chan_2017,0.01087314141520801,True
TPOR_HUMAN_Bridgford_2020,TRPC_THEMA_Chan_2017,0.01087314141520801,True
TPOR_HUMAN_Bridgford_2020,UBE4B_HUMAN_Tsuboyama_2023_3L1X,0.0003558058306327716,True
TPOR_HUMAN_Bridgford_2020,UBE4B_MOUSE_Starita_2013,0.01087314141520801,True
TPOR_HUMAN_Bridgford_2020,VILI_CHICK_Tsuboyama_2023_1YU5,0.009977139589917694,True
TPOR_HUMAN_Bridgford_2020,VKOR1_HUMAN_Chiasson_2020_activity,0.01087314141520801,True
TPOR_HUMAN_Bridgford_2020,VRPI_BPT7_Tsuboyama_2023_2WNM,0.01087314141520801,True
TPOR_HUMAN_Bridgford_2020,YNZC_BACSU_Tsuboyama_2023_2JVD,0.01087314141520801,True
TRPC_SACS2_Chan_2017,TRPC_THEMA_Chan_2017,0.015271992825909075,True
TRPC_SACS2_Chan_2017,UBE4B_HUMAN_Tsuboyama_2023_3L1X,0.0003558058306327716,True
TRPC_SACS2_Chan_2017,UBE4B_MOUSE_Starita_2013,0.01930784920605988,True
TRPC_SACS2_Chan_2017,VILI_CHICK_Tsuboyama_2023_1YU5,0.009977139589917694,True
TRPC_SACS2_Chan_2017,VKOR1_HUMAN_Chiasson_2020_activity,0.03832018258908576,True
TRPC_SACS2_Chan_2017,VRPI_BPT7_Tsuboyama_2023_2WNM,0.013306701291895706,True
TRPC_SACS2_Chan_2017,YNZC_BACSU_Tsuboyama_2023_2JVD,0.03350535605674709,True
TRPC_THEMA_Chan_2017,UBE4B_HUMAN_Tsuboyama_2023_3L1X,0.0003558058306327716,True
TRPC_THEMA_Chan_2017,UBE4B_MOUSE_Starita_2013,0.015271992825909075,True
TRPC_THEMA_Chan_2017,VILI_CHICK_Tsuboyama_2023_1YU5,0.009977139589917694,True
TRPC_THEMA_Chan_2017,VKOR1_HUMAN_Chiasson_2020_activity,0.015271992825909075,True
TRPC_THEMA_Chan_2017,VRPI_BPT7_Tsuboyama_2023_2WNM,0.013306701291895706,True
TRPC_THEMA_Chan_2017,YNZC_BACSU_Tsuboyama_2023_2JVD,0.015271992825909075,True
UBE4B_HUMAN_Tsuboyama_2023_3L1X,UBE4B_MOUSE_Starita_2013,0.0003558058306327716,True
UBE4B_HUMAN_Tsuboyama_2023_3L1X,VILI_CHICK_Tsuboyama_2023_1YU5,0.0003558058306327716,True
UBE4B_HUMAN_Tsuboyama_2023_3L1X,VKOR1_HUMAN_Chiasson_2020_activity,0.0003558058306327716,True
UBE4B_HUMAN_Tsuboyama_2023_3L1X,VRPI_BPT7_Tsuboyama_2023_2WNM,0.0003558058306327716,True
UBE4B_HUMAN_Tsuboyama_2023_3L1X,YNZC_BACSU_Tsuboyama_2023_2JVD,0.0003558058306327716,True
UBE4B_MOUSE_Starita_2013,VILI_CHICK_Tsuboyama_2023_1YU5,0.009977139589917694,True
UBE4B_MOUSE_Starita_2013,VKOR1_HUMAN_Chiasson_2020_activity,0.01930784920605988,True
UBE4B_MOUSE_Starita_2013,VRPI_BPT7_Tsuboyama_2023_2WNM,0.013306701291895706,True
UBE4B_MOUSE_Starita_2013,YNZC_BACSU_Tsuboyama_2023_2JVD,0.01930784920605988,True
VILI_CHICK_Tsuboyama_2023_1YU5,VKOR1_HUMAN_Chiasson_2020_activity,0.009977139589917694,True
VILI_CHICK_Tsuboyama_2023_1YU5,VRPI_BPT7_Tsuboyama_2023_2WNM,0.009977139589917694,True
VILI_CHICK_Tsuboyama_2023_1YU5,YNZC_BACSU_Tsuboyama_2023_2JVD,0.009977139589917694,True
VKOR1_HUMAN_Chiasson_2020_activity,VRPI_BPT7_Tsuboyama_2023_2WNM,0.013306701291895706,True
VKOR1_HUMAN_Chiasson_2020_activity,YNZC_BACSU_Tsuboyama_2023_2JVD,0.03350535605674709,True
VRPI_BPT7_Tsuboyama_2023_2WNM,YNZC_BACSU_Tsuboyama_2023_2JVD,0.013306701291895706,True
